Outdoor Temperature (°C),Household Size,hour,day,month,week,lag_1,lag_24,rolling_mean_24
36.3,5,1,1,1,6,1.39,1.36,1.0441666666666667
25.7,4,1,1,1,6,1.46,1.71,0.9995833333333333
32.7,1,1,1,1,6,0.64,1.82,1.0033333333333332
0.6,3,2,1,1,6,1.91,0.42,1.0304166666666668
17.9,1,2,1,1,6,1.07,1.31,1.0316666666666665
18.0,5,3,1,1,6,1.34,0.95,1.02375
32.3,1,4,1,1,6,0.76,1.5,1.04125
5.4,1,7,1,1,6,1.92,1.53,1.0162499999999999
0.5,5,8,1,1,6,0.93,0.21,1.0429166666666667
24.7,2,8,1,1,6,0.85,0.88,1.0741666666666665
24.8,1,8,1,1,6,1.63,1.57,1.0408333333333333
24.2,1,9,1,1,6,0.77,0.29,1.0695833333333333
10.6,1,9,1,1,6,0.98,1.24,1.0941666666666667
-9.2,2,9,1,1,6,1.83,0.63,1.1191666666666666
-9.9,2,10,1,1,6,1.23,0.47,1.1116666666666666
35.2,3,10,1,1,6,0.29,1.64,1.1229166666666666
6.1,5,11,1,1,6,1.91,0.58,1.1641666666666668
21.1,2,11,1,1,6,1.57,0.91,1.2095833333333335
23.4,1,13,1,1,6,2.0,0.75,1.2029166666666666
24.1,1,13,1,1,6,0.59,1.43,1.1633333333333333
-1.0,4,14,1,1,6,0.48,0.54,1.1629166666666666
37.0,2,15,1,1,6,0.53,0.99,1.17
15.2,5,15,1,1,6,1.16,0.84,1.1558333333333333
-4.7,4,16,1,1,6,0.5,1.39,1.1479166666666665
-6.9,5,16,1,1,6,1.2,1.46,1.1241666666666665
-3.4,4,16,1,1,6,0.89,0.64,1.1420833333333333
-6.8,4,17,1,1,6,1.07,1.91,1.1008333333333333
35.7,3,17,1,1,6,0.92,1.07,1.0783333333333334
36.7,2,19,1,1,6,0.53,1.34,1.1041666666666667
-0.1,2,20,1,1,6,1.96,0.76,1.0929166666666668
39.4,1,21,1,1,6,0.49,1.92,1.0925
7.9,3,23,1,1,6,1.91,0.93,1.0641666666666667
13.4,4,0,2,1,0,0.25,0.85,1.0983333333333334
39.8,1,0,2,1,0,1.67,1.63,1.0641666666666667
-7.3,4,3,2,1,0,0.81,0.77,1.0875000000000001
35.0,4,5,2,1,0,1.33,0.98,1.0966666666666667
7.5,5,6,2,1,0,1.2,1.83,1.0533333333333332
35.2,2,6,2,1,0,0.79,1.23,1.0204166666666665
17.6,3,6,2,1,0,0.44,0.29,1.05
4.5,4,8,2,1,0,1.0,1.91,1.00375
2.6,3,8,2,1,0,0.8,1.57,0.9545833333333333
36.7,2,8,2,1,0,0.39,2.0,0.8983333333333333
3.8,3,8,2,1,0,0.65,0.59,0.945
37.2,3,9,2,1,0,1.71,0.48,0.9791666666666666
17.0,4,10,2,1,0,1.3,0.53,0.9795833333333334
-4.3,2,11,2,1,0,0.54,1.16,0.94625
32.7,4,12,2,1,0,0.36,0.5,0.985
2.5,4,12,2,1,0,1.43,1.2,0.9625
19.7,1,12,2,1,0,0.66,0.89,0.9362500000000001
8.5,2,13,2,1,0,0.26,1.07,0.9345833333333333
26.5,1,15,2,1,0,1.03,0.92,0.9529166666666667
-8.5,3,15,2,1,0,1.36,0.53,0.9816666666666668
-4.7,5,17,2,1,0,1.22,1.96,0.9637500000000001
23.5,5,18,2,1,0,1.53,0.49,1.0241666666666667
25.4,1,19,2,1,0,1.94,1.91,0.9787499999999999
36.5,5,19,2,1,0,0.82,0.25,1.0075
-8.8,2,20,2,1,0,0.94,1.67,1.0175
29.7,3,20,2,1,0,1.91,0.81,1.0495833333333333
-6.8,3,21,2,1,0,1.58,1.33,1.0666666666666667
36.0,1,21,2,1,0,1.74,1.2,1.0304166666666668
14.4,5,4,3,1,1,0.33,0.79,1.0491666666666666
15.0,4,4,3,1,1,1.24,0.44,1.09625
35.8,4,4,3,1,1,1.57,1.0,1.10875
18.8,2,5,3,1,1,1.3,0.8,1.1308333333333334
38.4,1,5,3,1,1,1.33,0.39,1.1849999999999998
12.1,3,6,3,1,1,1.69,0.65,1.2120833333333334
20.5,5,6,3,1,1,1.3,1.71,1.2091666666666667
-2.1,2,8,3,1,1,1.64,1.3,1.2004166666666667
25.5,5,8,3,1,1,1.09,0.54,1.22875
4.6,1,8,3,1,1,1.22,0.36,1.2266666666666668
0.1,5,9,3,1,1,0.31,1.43,1.2129166666666666
4.9,1,10,3,1,1,1.1,0.66,1.2550000000000001
35.0,4,11,3,1,1,1.67,0.26,1.3070833333333332
6.9,5,12,3,1,1,1.51,1.03,1.3141666666666667
6.0,5,15,3,1,1,1.2,1.36,1.3324999999999998
-1.0,3,16,3,1,1,1.8,1.22,1.3420833333333333
34.9,5,17,3,1,1,1.45,1.53,1.3129166666666665
25.7,4,17,3,1,1,0.83,1.94,1.31375
34.8,2,20,3,1,1,1.96,0.82,1.3262500000000002
-2.7,2,23,3,1,1,1.12,0.94,1.3079166666666666
25.0,5,23,3,1,1,0.5,1.91,1.2708333333333333
36.8,4,0,4,1,2,1.02,1.58,1.2429166666666667
16.6,3,0,4,1,2,0.91,1.74,1.2254166666666666
37.4,1,1,4,1,2,1.32,0.33,1.2220833333333334
9.5,1,2,4,1,2,0.25,1.24,1.2179166666666668
9.1,5,2,4,1,2,1.14,1.57,1.1879166666666667
30.6,1,6,4,1,2,0.85,1.3,1.1679166666666667
28.1,4,7,4,1,2,0.82,1.33,1.1779166666666667
35.1,3,7,4,1,2,1.57,1.69,1.1466666666666667
36.4,3,7,4,1,2,0.94,1.3,1.1041666666666667
-4.4,5,7,4,1,2,0.28,1.64,1.0933333333333333
13.9,4,8,4,1,2,1.38,1.09,1.0645833333333334
30.2,2,8,4,1,2,0.4,1.22,1.0683333333333334
20.3,3,8,4,1,2,1.31,0.31,1.0829166666666665
8.4,3,9,4,1,2,0.66,1.1,1.0745833333333334
1.3,4,9,4,1,2,0.9,1.67,1.0574999999999999
-4.1,3,9,4,1,2,1.26,1.51,1.0775000000000001
-10.0,4,10,4,1,2,1.99,1.2,1.0883333333333332
37.1,1,11,4,1,2,1.46,1.8,1.0233333333333334
-8.1,2,11,4,1,2,0.24,1.45,1.0295833333333333
33.5,5,11,4,1,2,1.6,0.83,1.0391666666666668
29.5,4,11,4,1,2,1.06,1.96,1.0170833333333333
29.3,1,12,4,1,2,1.43,1.12,0.9804166666666666
-0.6,1,13,4,1,2,0.24,0.5,0.9745833333333332
-1.4,5,13,4,1,2,0.36,1.02,0.9937499999999999
19.5,4,13,4,1,2,1.48,0.91,0.9824999999999999
-5.2,3,14,4,1,2,0.64,1.32,0.9895833333333334
4.4,5,15,4,1,2,1.49,0.25,1.0391666666666666
36.5,4,16,4,1,2,1.44,1.14,1.0654166666666667
24.1,1,17,4,1,2,1.77,0.85,1.0450000000000002
12.9,5,19,4,1,2,0.36,0.82,1.0908333333333333
19.1,4,20,4,1,2,1.92,1.57,1.0895833333333333
7.1,4,20,4,1,2,1.54,0.94,1.09125
37.9,4,0,5,1,3,0.98,0.28,1.1533333333333333
5.6,1,0,5,1,3,1.77,1.38,1.1325
33.9,3,2,5,1,3,0.88,0.4,1.145
20.1,3,2,5,1,3,0.7,1.31,1.15375
15.8,2,4,5,1,3,1.52,0.66,1.1929166666666668
26.1,4,5,5,1,3,1.6,0.9,1.18875
25.0,4,6,5,1,3,0.8,1.26,1.1804166666666667
3.7,1,7,5,1,3,1.06,1.99,1.1558333333333333
-3.3,5,9,5,1,3,1.4,1.46,1.1725
-9.3,3,9,5,1,3,1.86,0.24,1.1733333333333333
3.1,1,9,5,1,3,0.26,1.6,1.1529166666666668
29.1,5,10,5,1,3,1.11,1.06,1.14375
11.5,1,11,5,1,3,0.84,1.43,1.1066666666666667
-0.1,5,11,5,1,3,0.54,0.24,1.1354166666666667
-1.8,5,13,5,1,3,0.93,0.36,1.1608333333333334
39.0,5,13,5,1,3,0.97,1.48,1.135
-2.3,3,19,5,1,3,0.86,0.64,1.1433333333333333
-5.0,4,22,5,1,3,0.84,1.49,1.1620833333333334
39.4,2,22,5,1,3,1.94,1.44,1.1125
31.9,1,23,5,1,3,0.25,1.77,1.0966666666666667
-6.3,4,23,5,1,3,1.39,0.36,1.11625
26.8,3,2,6,1,4,0.83,1.92,1.1116666666666666
20.8,1,2,6,1,4,1.81,1.54,1.1125
21.7,4,4,6,1,4,1.56,0.98,1.1358333333333335
18.6,2,5,6,1,4,1.54,1.77,1.1145833333333333
36.6,3,6,6,1,4,1.26,0.88,1.1470833333333332
32.6,1,6,6,1,4,1.66,0.7,1.1775
-6.6,5,8,6,1,4,1.43,1.52,1.1929166666666666
-2.9,4,8,6,1,4,1.89,1.6,1.1575
8.9,3,8,6,1,4,0.75,0.8,1.2066666666666668
0.6,1,10,6,1,4,1.98,1.06,1.2304166666666665
-1.6,4,10,6,1,4,1.63,1.4,1.2091666666666667
36.5,5,10,6,1,4,0.89,1.86,1.2141666666666666
7.9,5,11,6,1,4,1.98,0.26,1.2566666666666666
36.3,4,11,6,1,4,1.28,1.11,1.2625
30.0,5,11,6,1,4,1.25,0.84,1.2449999999999999
17.0,2,12,6,1,4,0.42,0.54,1.2608333333333335
20.9,1,15,6,1,4,0.92,0.93,1.2379166666666668
21.1,4,16,6,1,4,0.38,0.97,1.2279166666666665
2.8,5,16,6,1,4,0.73,0.86,1.2175
5.9,3,18,6,1,4,0.61,0.84,1.2616666666666665
27.7,2,19,6,1,4,1.9,1.94,1.1929166666666666
8.3,2,20,6,1,4,0.29,0.25,1.26
19.6,5,22,6,1,4,1.86,1.39,1.2375
1.0,4,22,6,1,4,0.85,0.83,1.2145833333333333
22.3,4,22,6,1,4,0.28,1.81,1.19875
2.3,4,0,7,1,5,1.43,1.56,1.1733333333333333
-4.2,5,0,7,1,5,0.95,1.54,1.1245833333333333
-2.9,4,0,7,1,5,0.37,1.26,1.1291666666666667
27.7,1,1,7,1,5,1.37,1.66,1.10875
26.3,4,2,7,1,5,1.17,1.43,1.10375
11.0,3,3,7,1,5,1.31,1.89,1.0879166666666666
28.0,3,3,7,1,5,1.51,0.75,1.0825
12.9,3,4,7,1,5,0.62,1.98,1.0516666666666667
8.1,3,5,7,1,5,1.24,1.63,1.0175
17.1,5,5,7,1,5,0.81,0.89,1.01625
6.4,4,5,7,1,5,0.86,1.98,0.9495833333333333
11.4,5,5,7,1,5,0.38,1.28,0.9270833333333334
2.4,1,6,7,1,5,0.74,1.25,0.8991666666666666
28.8,5,8,7,1,5,0.58,0.42,0.9354166666666668
18.2,3,8,7,1,5,1.29,0.92,0.9274999999999999
2.5,3,8,7,1,5,0.73,0.38,0.97625
13.6,1,9,7,1,5,1.55,0.73,1.0195833333333333
10.8,4,9,7,1,5,1.77,0.61,1.0250000000000001
-2.1,1,9,7,1,5,0.74,1.9,0.9987500000000001
13.9,3,10,7,1,5,1.27,0.29,1.0195833333333333
-6.0,3,10,7,1,5,0.79,1.86,1.0120833333333332
40.0,5,11,7,1,5,1.68,0.85,1.0441666666666667
11.8,5,12,7,1,5,1.62,0.28,1.0466666666666666
14.2,1,13,7,1,5,0.34,1.43,1.0425000000000002
27.0,2,14,7,1,5,1.33,0.95,1.0675000000000001
-1.9,5,14,7,1,5,1.55,0.37,1.08125
-8.5,5,14,7,1,5,0.7,1.37,1.0875000000000001
15.3,1,15,7,1,5,1.52,1.17,1.0883333333333334
26.6,5,15,7,1,5,1.19,1.31,1.0520833333333333
30.9,5,17,7,1,5,0.44,1.51,1.0679166666666668
7.3,4,17,7,1,5,1.89,0.62,1.0529166666666667
0.7,5,18,7,1,5,0.26,1.24,1.0529166666666667
18.5,5,18,7,1,5,1.24,0.81,1.0999999999999999
30.9,1,20,7,1,5,1.94,0.86,1.1008333333333333
34.0,4,21,7,1,5,0.88,0.38,1.155
-8.1,3,21,7,1,5,1.68,0.74,1.1458333333333333
23.3,5,22,7,1,5,0.52,0.58,1.1683333333333332
14.4,3,22,7,1,5,1.12,1.29,1.1520833333333333
16.1,5,22,7,1,5,0.9,0.73,1.1400000000000001
20.2,5,22,7,1,5,0.44,1.55,1.1566666666666667
17.8,2,23,7,1,5,1.95,1.77,1.1291666666666667
-3.0,1,23,7,1,5,1.11,0.74,1.1566666666666665
4.8,5,1,8,1,6,1.4,1.27,1.115
17.1,3,3,8,1,6,0.27,0.79,1.1141666666666667
9.5,1,5,8,1,6,0.77,1.68,1.0804166666666666
-8.1,4,7,8,1,6,0.87,1.62,1.0783333333333334
31.7,5,7,8,1,6,1.57,0.34,1.1275
32.4,1,7,8,1,6,1.52,1.33,1.1066666666666667
16.4,5,8,8,1,6,0.83,1.55,1.0691666666666666
26.6,4,9,8,1,6,0.65,0.7,1.0966666666666667
17.6,5,14,8,1,6,1.36,1.52,1.1041666666666667
-3.0,5,15,8,1,6,1.7,1.19,1.1258333333333332
24.1,1,16,8,1,6,1.71,0.44,1.1312499999999999
38.8,5,16,8,1,6,0.57,1.89,1.0758333333333334
-1.3,3,16,8,1,6,0.56,0.26,1.1116666666666666
-0.6,3,18,8,1,6,1.12,1.24,1.1154166666666667
6.3,2,18,8,1,6,1.33,1.94,1.0620833333333335
1.5,2,19,8,1,6,0.66,0.88,1.0741666666666665
2.3,4,19,8,1,6,1.17,1.68,1.06625
11.0,5,19,8,1,6,1.49,0.52,1.065
-6.5,1,20,8,1,6,0.49,1.12,1.03125
11.1,5,20,8,1,6,0.31,0.9,1.0441666666666667
28.9,4,23,8,1,6,1.21,0.44,1.0708333333333333
28.8,4,0,9,1,0,1.08,1.95,1.0120833333333332
1.1,1,0,9,1,0,0.54,1.11,1.0241666666666667
36.9,2,0,9,1,0,1.4,1.4,1.0341666666666667
-0.7,2,1,9,1,0,1.64,0.27,1.0916666666666668
-3.5,2,1,9,1,0,1.65,0.77,1.1166666666666665
39.8,5,2,9,1,0,1.37,0.87,1.1341666666666668
37.1,1,2,9,1,0,1.29,1.57,1.1166666666666667
5.6,2,3,9,1,0,1.15,1.52,1.12875
-4.7,3,4,9,1,0,1.81,0.83,1.1058333333333332
21.5,2,5,9,1,0,0.28,0.65,1.14625
35.1,1,5,9,1,0,1.62,1.36,1.15625
-0.4,4,7,9,1,0,1.6,1.7,1.1083333333333332
19.5,4,8,9,1,0,0.55,1.71,1.0983333333333334
3.6,3,11,9,1,0,1.47,0.57,1.1229166666666668
26.6,1,12,9,1,0,1.16,0.56,1.125
37.4,1,14,9,1,0,0.61,1.12,1.1504166666666669
-3.7,4,16,9,1,0,1.73,1.33,1.105
21.4,3,20,9,1,0,0.24,0.66,1.1495833333333334
11.6,3,22,9,1,0,1.73,1.17,1.1125
1.3,1,23,9,1,0,0.28,1.49,1.06375
29.8,3,23,9,1,0,0.32,0.49,1.0979166666666667
35.6,1,0,10,1,1,1.31,0.31,1.1199999999999999
5.2,4,0,10,1,1,0.84,1.21,1.0783333333333334
-7.6,1,1,10,1,1,0.21,1.08,1.0916666666666666
-3.3,5,1,10,1,1,1.4,0.54,1.085
1.0,1,1,10,1,1,0.38,1.4,1.0425000000000002
12.1,5,2,10,1,1,0.38,1.64,1.0329166666666667
28.8,5,3,10,1,1,1.41,1.65,0.98375
23.9,4,3,10,1,1,0.47,1.37,1.0
9.3,2,3,10,1,1,1.76,1.29,0.9733333333333333
0.3,5,4,10,1,1,0.65,1.15,0.9758333333333334
1.0,2,4,10,1,1,1.21,1.81,0.9787500000000001
-2.0,5,8,10,1,1,1.88,0.28,0.985
7.3,1,9,10,1,1,0.43,1.62,0.9408333333333333
29.5,1,9,10,1,1,0.56,1.6,0.9033333333333333
-7.9,2,10,10,1,1,0.7,0.55,0.9108333333333333
32.1,3,11,10,1,1,0.73,1.47,0.8654166666666666
7.0,4,14,10,1,1,0.38,1.16,0.8429166666666665
34.3,4,15,10,1,1,0.62,0.61,0.8258333333333333
9.9,3,17,10,1,1,0.2,1.73,0.8083333333333332
3.5,1,18,10,1,1,1.31,0.24,0.8445833333333334
-0.6,2,19,10,1,1,1.11,1.73,0.7829166666666666
35.2,2,19,10,1,1,0.25,0.28,0.8370833333333333
15.4,5,21,10,1,1,1.58,0.32,0.8508333333333332
-9.5,5,22,10,1,1,0.65,1.31,0.8245833333333333
7.3,3,23,10,1,1,0.68,0.84,0.8591666666666667
26.2,3,23,10,1,1,1.67,0.21,0.8933333333333332
6.0,5,2,11,1,2,1.03,1.4,0.9041666666666667
-5.7,3,3,11,1,2,1.66,0.38,0.9358333333333334
31.0,3,5,11,1,2,1.14,0.38,0.9512499999999999
-5.7,4,6,11,1,2,0.75,1.41,0.9091666666666666
1.5,4,7,11,1,2,0.4,0.47,0.9108333333333333
14.0,2,9,11,1,2,0.51,1.76,0.9012500000000001
-2.7,4,10,11,1,2,1.53,0.65,0.90875
-3.0,3,11,11,1,2,0.83,1.21,0.92875
11.7,1,12,11,1,2,1.69,1.88,0.8937499999999999
17.7,5,12,11,1,2,1.04,0.43,0.95375
24.4,5,13,11,1,2,1.87,0.56,0.9825
38.2,3,14,11,1,2,1.25,0.7,1.0270833333333333
27.4,4,14,11,1,2,1.77,0.73,1.0379166666666666
3.6,1,15,11,1,2,0.99,0.38,1.0966666666666667
30.9,4,17,11,1,2,1.79,0.62,1.1375
9.3,3,18,11,1,2,1.6,0.2,1.20875
10.2,3,18,11,1,2,1.91,1.31,1.1858333333333333
8.3,5,23,11,1,2,0.76,1.11,1.2091666666666667
-2.0,2,0,12,1,3,1.67,0.25,1.2770833333333333
20.9,3,3,12,1,3,1.88,1.58,1.2775
11.7,1,5,12,1,3,1.59,0.65,1.2616666666666667
17.4,4,8,12,1,3,0.27,0.68,1.25875
37.6,1,8,12,1,3,0.61,1.67,1.2391666666666665
26.7,3,10,12,1,3,1.2,1.03,1.2075
25.5,2,10,12,1,3,0.27,1.66,1.15625
13.1,5,11,12,1,3,0.43,1.14,1.1279166666666667
33.2,5,11,12,1,3,0.46,0.75,1.14625
0.2,4,13,12,1,3,1.19,0.4,1.1804166666666667
8.5,4,13,12,1,3,1.22,0.51,1.18375
-5.0,4,17,12,1,3,0.59,1.53,1.1779166666666667
-0.7,4,17,12,1,3,1.39,0.83,1.1595833333333334
-6.1,2,18,12,1,3,0.39,1.69,1.1366666666666667
29.5,4,18,12,1,3,1.14,1.04,1.1329166666666668
38.6,2,19,12,1,3,0.95,1.87,1.0845833333333332
-1.8,5,20,12,1,3,0.71,1.25,1.0745833333333332
14.7,2,20,12,1,3,1.01,1.77,1.0520833333333333
-2.1,2,21,12,1,3,1.23,0.99,1.0620833333333335
33.6,4,22,12,1,3,1.23,1.79,1.0295833333333333
15.0,2,23,12,1,3,1.01,1.6,1.03125
33.7,4,1,13,1,4,1.64,1.91,1.0295833333333333
25.6,4,2,13,1,4,1.87,0.76,1.0316666666666665
21.2,4,4,13,1,4,0.81,1.67,1.03
4.3,1,7,13,1,4,1.63,1.88,0.9887499999999999
15.5,5,7,13,1,4,0.89,1.59,0.9849999999999999
-0.5,3,7,13,1,4,1.5,0.27,1.01875
-6.8,1,8,13,1,4,1.08,0.61,1.0433333333333332
27.6,1,8,13,1,4,1.2,1.2,1.07125
25.7,5,9,13,1,4,1.87,0.27,1.11625
-2.9,4,10,13,1,4,1.35,0.43,1.1354166666666667
12.1,1,14,13,1,4,0.89,0.46,1.1833333333333333
27.4,4,16,13,1,4,1.61,1.19,1.20875
26.2,1,16,13,1,4,1.8,1.22,1.1845833333333333
-7.9,2,17,13,1,4,0.64,0.59,1.23625
21.9,1,17,13,1,4,1.83,1.39,1.2158333333333333
39.1,3,18,13,1,4,0.9,0.39,1.2320833333333334
-7.1,1,20,13,1,4,0.78,1.14,1.2320833333333334
19.1,5,0,14,1,5,1.14,0.95,1.2370833333333333
8.2,3,0,14,1,5,1.07,0.71,1.2633333333333334
11.9,5,1,14,1,5,1.34,1.01,1.2695833333333333
13.7,3,2,14,1,5,1.16,1.23,1.2475
37.4,1,3,14,1,5,0.7,1.23,1.2270833333333333
9.0,1,3,14,1,5,0.74,1.01,1.2125000000000001
22.6,5,4,14,1,5,0.66,1.64,1.1929166666666668
-8.4,3,4,14,1,5,1.17,1.87,1.1966666666666665
-5.2,1,4,14,1,5,1.96,0.81,1.20625
21.6,1,5,14,1,5,1.04,1.63,1.2108333333333332
22.3,1,5,14,1,5,1.74,0.89,1.20875
31.3,4,6,14,1,5,0.84,1.5,1.2108333333333334
27.3,3,7,14,1,5,1.55,1.08,1.2266666666666666
28.3,1,7,14,1,5,1.46,1.2,1.2075
-8.2,2,8,14,1,5,0.74,1.87,1.1616666666666666
31.4,4,8,14,1,5,0.77,1.35,1.1300000000000001
28.6,1,8,14,1,5,0.59,0.89,1.1591666666666667
2.5,5,8,14,1,5,1.59,1.61,1.11125
-2.1,3,9,14,1,5,0.46,1.8,1.0525
19.4,4,10,14,1,5,0.39,0.64,1.0558333333333334
0.2,4,10,14,1,5,0.72,1.83,1.0358333333333334
-9.1,3,10,14,1,5,1.35,0.9,1.0816666666666668
24.7,5,11,14,1,5,2.0,0.78,1.1104166666666666
10.0,5,11,14,1,5,1.47,1.14,1.1066666666666667
26.4,4,12,14,1,5,1.05,1.07,1.1208333333333333
-1.0,3,12,14,1,5,1.41,1.34,1.145
20.8,1,12,14,1,5,1.92,1.16,1.1154166666666667
16.5,4,12,14,1,5,0.45,0.7,1.09625
-6.0,4,14,14,1,5,0.24,0.74,1.1329166666666668
-2.0,3,14,14,1,5,1.62,0.66,1.1366666666666667
32.1,3,14,14,1,5,0.75,1.17,1.1624999999999999
32.2,4,14,14,1,5,1.79,1.96,1.1141666666666667
24.8,1,15,14,1,5,0.8,1.04,1.1320833333333333
13.0,4,16,14,1,5,1.47,1.74,1.10375
11.5,1,18,14,1,5,1.06,0.84,1.11125
24.7,4,18,14,1,5,1.02,1.55,1.1083333333333332
-6.5,4,19,14,1,5,1.48,1.46,1.1058333333333334
-9.6,4,20,14,1,5,1.4,0.74,1.1170833333333332
23.9,3,20,14,1,5,1.01,0.77,1.1541666666666666
-5.8,1,20,14,1,5,1.66,0.59,1.1391666666666667
-7.7,3,23,14,1,5,0.23,1.59,1.1433333333333333
17.5,1,0,15,1,6,1.69,0.46,1.1345833333333333
11.7,3,0,15,1,6,0.25,0.39,1.1854166666666666
13.4,1,1,15,1,6,1.61,0.72,1.1966666666666665
4.9,5,3,15,1,6,0.99,1.35,1.16
38.5,4,4,15,1,6,0.47,2.0,1.14625
16.2,2,5,15,1,6,1.67,1.47,1.16625
33.9,5,6,15,1,6,1.95,1.05,1.14375
28.7,2,8,15,1,6,0.51,1.41,1.1604166666666667
-8.9,5,8,15,1,6,1.81,1.92,1.0920833333333333
-5.5,3,13,15,1,6,0.28,0.45,1.1091666666666666
15.4,2,13,15,1,6,0.86,0.24,1.1525
31.5,4,14,15,1,6,1.28,1.62,1.1420833333333333
25.7,4,14,15,1,6,1.37,0.75,1.18875
1.1,2,15,15,1,6,1.87,1.79,1.1704166666666667
29.7,2,16,15,1,6,1.35,0.8,1.1475
12.1,3,16,15,1,6,0.25,1.47,1.1054166666666667
27.5,5,16,15,1,6,0.46,1.06,1.1233333333333333
32.7,2,16,15,1,6,1.49,1.02,1.1558333333333333
31.8,4,18,15,1,6,1.8,1.48,1.1379166666666667
4.6,2,19,15,1,6,1.05,1.4,1.1304166666666666
28.9,4,19,15,1,6,1.22,1.01,1.1416666666666668
34.0,3,22,15,1,6,1.28,1.66,1.15375
25.8,1,22,15,1,6,1.95,0.23,1.19875
33.8,3,22,15,1,6,1.31,1.69,1.2
22.3,1,23,15,1,6,1.72,0.25,1.2625
22.2,5,23,15,1,6,1.75,1.61,1.24125
39.7,2,23,15,1,6,1.1,0.99,1.2537500000000001
-5.1,3,1,16,1,0,1.29,0.47,1.2979166666666666
22.9,2,1,16,1,0,1.53,1.67,1.2545833333333334
11.6,4,1,16,1,0,0.63,1.95,1.1866666666666668
33.9,1,1,16,1,0,0.32,0.51,1.24125
31.3,4,4,16,1,0,1.82,1.81,1.1775
30.8,4,7,16,1,0,0.28,0.28,1.2333333333333334
30.4,1,8,16,1,0,1.62,0.86,1.27375
-6.6,3,9,16,1,0,1.83,1.28,1.27375
19.1,3,9,16,1,0,1.28,1.37,1.2541666666666667
25.0,1,10,16,1,0,0.9,1.87,1.25125
13.2,4,11,16,1,0,1.8,1.35,1.2633333333333334
29.5,1,11,16,1,0,1.64,0.25,1.3083333333333333
38.3,2,11,16,1,0,1.33,0.46,1.37
26.0,4,11,16,1,0,1.94,1.49,1.3854166666666667
11.2,2,11,16,1,0,1.86,1.8,1.3604166666666666
37.0,2,12,16,1,0,1.2,1.05,1.3891666666666669
8.2,5,16,16,1,0,1.74,1.22,1.4045833333333333
-3.3,1,17,16,1,0,1.59,1.28,1.43
35.1,3,17,16,1,0,1.89,1.95,1.3875000000000002
27.1,1,17,16,1,0,0.93,1.31,1.3525
37.3,1,18,16,1,0,0.47,1.72,1.3545833333333333
13.5,1,21,16,1,0,1.77,1.75,1.3066666666666666
13.3,4,22,16,1,0,0.6,1.1,1.3308333333333333
21.9,3,22,16,1,0,1.68,1.29,1.3499999999999999
-1.8,5,0,17,1,1,1.75,1.53,1.2945833333333334
4.6,2,1,17,1,1,0.2,0.63,1.3133333333333332
34.9,2,2,17,1,1,1.08,0.32,1.3504166666666668
0.9,3,2,17,1,1,1.21,1.82,1.3579166666666669
7.4,1,2,17,1,1,2.0,0.28,1.4124999999999999
27.5,3,4,17,1,1,1.59,1.62,1.3820833333333333
-9.1,2,6,17,1,1,0.89,1.83,1.3499999999999999
27.0,5,7,17,1,1,1.06,1.28,1.3054166666666667
37.3,3,7,17,1,1,0.21,0.9,1.27875
13.9,2,7,17,1,1,0.26,1.8,1.2845833333333334
-8.3,3,12,17,1,1,1.94,1.64,1.265
-5.8,4,13,17,1,1,1.17,1.33,1.24875
1.2,5,14,17,1,1,0.94,1.94,1.2125000000000001
-1.6,1,15,17,1,1,1.07,1.86,1.195
16.7,5,18,17,1,1,1.44,1.2,1.1541666666666666
3.6,4,19,17,1,1,0.22,1.74,1.1624999999999999
-2.0,1,20,17,1,1,1.94,1.59,1.1166666666666667
35.6,1,20,17,1,1,0.49,1.89,1.07
13.8,4,21,17,1,1,0.77,0.93,1.05875
26.8,5,21,17,1,1,0.66,0.47,1.0762500000000002
21.6,5,22,17,1,1,0.89,1.77,1.0491666666666666
-8.8,2,0,18,1,2,1.12,0.6,1.0825
3.5,3,1,18,1,2,1.4,1.68,1.0933333333333333
31.8,3,1,18,1,2,1.94,1.75,1.06
3.2,2,2,18,1,2,0.95,0.2,1.1300000000000001
32.2,5,4,18,1,2,1.88,1.08,1.1645833333333333
26.9,1,4,18,1,2,1.91,1.21,1.1633333333333333
-6.2,3,5,18,1,2,1.18,2.0,1.09125
30.0,2,7,18,1,2,0.27,1.59,1.075
-8.3,5,8,18,1,2,1.2,0.89,1.1104166666666668
31.9,1,8,18,1,2,1.74,1.06,1.0820833333333333
10.9,4,12,18,1,2,0.38,0.21,1.1041666666666665
-7.0,5,12,18,1,2,0.74,0.26,1.1429166666666666
-2.9,3,13,18,1,2,1.19,1.94,1.1229166666666666
15.2,5,13,18,1,2,1.46,1.17,1.1495833333333334
1.1,4,13,18,1,2,1.81,0.94,1.14625
17.9,5,17,18,1,2,0.86,1.07,1.1824999999999999
-0.4,2,22,18,1,2,1.94,1.44,1.17375
0.7,5,22,18,1,2,1.23,0.22,1.1895833333333332
-2.9,4,22,18,1,2,0.6,1.94,1.1191666666666666
23.1,1,22,18,1,2,0.25,0.49,1.1383333333333334
25.0,2,2,19,1,3,0.95,0.77,1.1849999999999998
-2.1,3,3,19,1,3,1.89,0.66,1.2137499999999999
5.2,3,4,19,1,3,1.35,0.89,1.2383333333333333
-7.2,4,5,19,1,3,1.48,1.12,1.2320833333333334
19.1,2,7,19,1,3,0.97,1.4,1.2479166666666666
14.4,3,13,19,1,3,1.78,1.94,1.1979166666666667
0.7,1,14,19,1,3,0.74,0.95,1.1983333333333333
-8.2,2,16,19,1,3,0.96,1.88,1.1291666666666667
18.9,3,16,19,1,3,0.22,1.91,1.0779166666666666
19.0,3,16,19,1,3,0.68,1.18,1.0466666666666666
-5.8,4,17,19,1,3,0.43,0.27,1.0620833333333333
19.0,4,17,19,1,3,0.64,1.2,1.08625
20.3,5,19,19,1,3,1.78,1.74,1.0829166666666665
34.6,3,20,19,1,3,1.66,0.38,1.1083333333333332
4.5,1,22,19,1,3,0.99,0.74,1.095
-6.4,5,22,19,1,3,0.42,1.19,1.0745833333333332
-7.4,2,23,19,1,3,0.7,1.46,1.0829166666666665
34.3,4,23,19,1,3,1.66,1.81,1.0570833333333334
30.1,2,1,20,1,4,1.19,0.86,1.0979166666666667
-1.0,4,1,20,1,4,1.84,1.94,1.0445833333333334
-0.5,2,2,20,1,4,0.66,1.23,1.0291666666666666
-6.7,5,4,20,1,4,0.86,0.6,1.0575
-4.6,2,5,20,1,4,1.28,0.25,1.1225
24.3,1,6,20,1,4,1.81,0.95,1.1183333333333334
5.3,2,6,20,1,4,0.85,1.89,1.0645833333333334
18.9,2,7,20,1,4,0.6,1.35,1.0574999999999999
30.6,5,9,20,1,4,1.18,1.48,1.01625
37.9,4,10,20,1,4,0.49,0.97,1.0304166666666668
10.0,3,12,20,1,4,1.31,1.78,0.9895833333333334
35.8,2,13,20,1,4,0.8,0.74,1.0025000000000002
13.6,3,14,20,1,4,1.05,0.96,1.0125
13.3,2,14,20,1,4,1.2,0.22,1.0758333333333334
-5.7,5,14,20,1,4,1.74,0.68,1.1095833333333334
38.7,5,15,20,1,4,1.49,0.43,1.1345833333333333
-0.2,3,15,20,1,4,1.03,0.64,1.1270833333333334
27.3,4,16,20,1,4,0.46,1.78,1.12375
37.6,3,16,20,1,4,1.7,1.66,1.0708333333333333
6.4,3,17,20,1,4,0.39,0.99,1.075
37.7,5,18,20,1,4,1.09,0.42,1.0970833333333332
-0.0,1,18,20,1,4,0.95,0.7,1.1470833333333335
0.2,1,21,20,1,4,1.9,1.66,1.1008333333333333
4.3,1,21,20,1,4,0.55,1.19,1.1112499999999998
15.7,1,21,20,1,4,1.44,1.84,1.09625
0.8,5,22,20,1,4,1.48,0.66,1.0866666666666667
-0.3,5,22,20,1,4,0.43,0.86,1.13375
14.4,2,23,20,1,4,1.99,1.28,1.1091666666666666
19.1,5,0,21,1,5,0.69,1.81,1.0720833333333333
15.7,2,0,21,1,5,0.92,0.85,1.0554166666666667
-1.4,5,1,21,1,5,0.45,0.6,1.0758333333333334
-0.9,4,1,21,1,5,1.09,1.18,1.1016666666666668
6.7,5,4,21,1,5,1.8,0.49,1.1112499999999998
5.3,1,5,21,1,5,0.72,1.31,1.0958333333333334
-6.0,3,9,21,1,5,0.94,0.8,1.0858333333333332
20.7,3,10,21,1,5,0.56,1.05,1.1216666666666666
14.9,3,11,21,1,5,1.91,1.2,1.1533333333333333
16.9,4,13,21,1,5,1.96,1.74,1.14625
32.2,1,14,21,1,5,1.57,1.49,1.1079166666666667
21.2,5,19,21,1,5,0.57,1.03,1.1483333333333334
12.4,2,19,21,1,5,2.0,0.46,1.1425
30.4,4,1,22,1,6,0.32,1.7,1.1504166666666666
34.0,3,3,22,1,6,1.89,0.39,1.1779166666666667
36.9,2,3,22,1,6,1.05,1.09,1.1720833333333334
-6.1,5,5,22,1,6,0.95,0.95,1.2133333333333334
-0.4,4,5,22,1,6,1.94,1.9,1.155
8.3,1,5,22,1,6,0.5,0.55,1.1683333333333332
-1.1,2,5,22,1,6,0.87,1.44,1.1683333333333332
1.9,1,6,22,1,6,1.44,1.48,1.1295833333333334
33.4,5,6,22,1,6,0.55,0.43,1.1445833333333335
29.3,5,6,22,1,6,0.79,1.99,1.1341666666666665
14.9,2,7,22,1,6,1.74,0.69,1.1875
-2.5,2,8,22,1,6,1.97,0.92,1.1833333333333333
26.7,1,8,22,1,6,0.82,0.45,1.24625
28.5,2,9,22,1,6,1.96,1.09,1.2379166666666668
11.4,2,9,22,1,6,0.89,1.8,1.1720833333333334
16.4,2,9,22,1,6,0.22,0.72,1.1533333333333333
35.4,3,13,22,1,6,0.27,0.94,1.1849999999999998
13.7,5,14,22,1,6,1.7,0.56,1.2241666666666668
29.6,2,15,22,1,6,1.5,1.91,1.15375
32.3,1,17,22,1,6,0.22,1.96,1.095
7.5,5,17,22,1,6,0.55,1.57,1.1008333333333333
15.3,4,18,22,1,6,1.71,0.57,1.0975
-0.6,3,20,22,1,6,0.49,2.0,1.04375
-5.0,4,20,22,1,6,0.71,0.32,1.0666666666666667
25.3,1,21,22,1,6,0.87,1.89,1.0504166666666668
-8.3,2,22,22,1,6,1.5,1.05,1.05125
36.1,2,22,22,1,6,1.07,0.95,1.0658333333333334
24.0,5,23,22,1,6,1.3,1.94,1.0429166666666667
39.0,1,0,23,1,0,1.39,0.5,1.0591666666666668
23.0,4,0,23,1,0,0.89,0.87,1.0654166666666667
-7.8,2,1,23,1,0,1.02,1.44,1.0158333333333334
9.8,3,2,23,1,0,0.25,0.55,1.0166666666666668
18.1,2,3,23,1,0,0.57,0.79,1.0154166666666666
33.2,2,4,23,1,0,0.76,1.74,0.9729166666666668
3.1,1,5,23,1,0,0.72,1.97,0.9725
-3.1,3,5,23,1,0,1.96,0.82,0.9983333333333334
11.2,1,6,23,1,0,1.44,1.96,0.9858333333333333
9.0,5,7,23,1,0,1.66,0.89,0.9733333333333333
4.9,1,7,23,1,0,0.59,0.22,0.9820833333333333
-6.7,4,8,23,1,0,0.43,0.27,1.0145833333333334
20.0,5,10,23,1,0,1.05,1.7,0.9633333333333333
20.4,4,10,23,1,0,0.47,1.5,0.9783333333333332
-3.9,4,10,23,1,0,1.86,0.22,0.9916666666666666
18.5,3,11,23,1,0,0.54,0.55,0.995
28.8,4,11,23,1,0,0.63,1.71,0.99375
16.5,5,12,23,1,0,1.68,0.49,1.0041666666666667
16.9,3,13,23,1,0,0.74,0.71,0.99125
6.5,4,13,23,1,0,0.4,0.87,0.9941666666666666
29.7,5,14,23,1,0,0.94,1.5,0.96875
39.8,1,15,23,1,0,0.89,1.07,0.9758333333333334
35.0,2,15,23,1,0,1.24,1.3,0.9812500000000001
36.6,4,15,23,1,0,1.43,1.39,0.99125
15.1,2,16,23,1,0,1.63,0.89,0.98375
18.3,1,16,23,1,0,0.71,1.02,0.9783333333333334
-6.5,4,16,23,1,0,0.89,0.25,1.0179166666666666
16.8,5,17,23,1,0,1.2,0.57,1.0579166666666666
11.8,2,18,23,1,0,1.53,0.76,1.0875000000000001
35.4,3,19,23,1,0,1.47,0.72,1.0899999999999999
12.5,3,19,23,1,0,0.78,1.96,1.0175
-2.2,3,20,23,1,0,0.22,1.44,0.9954166666666667
14.5,5,20,23,1,0,0.91,1.66,1.0033333333333332
22.9,1,21,23,1,0,1.85,0.59,1.015
-5.9,3,21,23,1,0,0.87,0.43,1.0591666666666668
12.4,3,22,23,1,0,1.49,1.05,1.0425
5.9,3,23,23,1,0,0.65,0.47,1.0733333333333335
4.4,4,23,23,1,0,1.21,1.86,1.03125
34.7,3,0,24,1,1,0.85,0.54,1.0504166666666668
6.5,2,1,24,1,1,1.0,0.63,1.0825
22.4,3,1,24,1,1,1.4,1.68,1.0487499999999998
39.5,3,1,24,1,1,0.87,0.74,1.0666666666666667
-1.3,4,3,24,1,1,1.17,0.4,1.0895833333333333
35.0,5,4,24,1,1,0.95,0.94,1.1
20.5,5,5,24,1,1,1.19,0.89,1.1254166666666667
29.1,4,8,24,1,1,1.5,1.24,1.1433333333333333
31.5,2,8,24,1,1,1.67,1.43,1.1266666666666667
-7.4,4,8,24,1,1,1.03,1.63,1.0716666666666665
15.1,4,9,24,1,1,0.31,0.71,1.0804166666666666
21.7,1,9,24,1,1,0.92,0.89,1.1133333333333333
38.9,2,10,24,1,1,1.68,1.2,1.0829166666666665
-9.6,4,11,24,1,1,0.47,1.53,1.0804166666666666
2.8,4,11,24,1,1,1.47,1.47,1.0875
21.9,3,12,24,1,1,1.64,0.78,1.0691666666666666
32.1,5,12,24,1,1,0.34,0.22,1.1133333333333333
6.5,3,13,24,1,1,1.28,0.91,1.0904166666666666
13.5,5,15,24,1,1,0.36,1.85,1.0245833333333334
37.0,1,15,24,1,1,0.27,0.87,1.04625
13.1,3,17,24,1,1,1.39,1.49,1.0316666666666665
-9.6,1,18,24,1,1,1.14,0.65,1.0804166666666666
31.3,2,18,24,1,1,1.82,1.21,1.1029166666666665
8.2,3,20,24,1,1,1.75,0.85,1.1179166666666667
-7.0,2,21,24,1,1,1.21,1.0,1.10875
31.8,1,0,25,1,2,0.78,1.4,1.1112499999999998
8.2,2,0,25,1,2,1.46,0.87,1.1341666666666668
7.7,3,2,25,1,2,1.42,1.17,1.1495833333333334
22.0,2,2,25,1,2,1.54,0.95,1.1516666666666666
5.0,5,3,25,1,2,1.0,1.19,1.1312499999999999
12.4,3,4,25,1,2,0.7,1.5,1.1337499999999998
28.7,4,4,25,1,2,1.56,1.67,1.0775
-0.6,4,4,25,1,2,0.32,1.03,1.0975
33.1,3,6,25,1,2,1.51,0.31,1.0933333333333335
-4.6,2,6,25,1,2,0.21,0.92,1.0999999999999999
16.3,4,7,25,1,2,1.08,1.68,1.0570833333333334
21.1,5,9,25,1,2,0.65,0.47,1.1204166666666666
-3.6,5,9,25,1,2,1.99,1.47,1.0995833333333334
32.8,4,11,25,1,2,0.97,1.64,1.0533333333333335
-0.4,2,12,25,1,2,0.53,0.34,1.1183333333333334
8.1,5,13,25,1,2,1.9,1.28,1.12125
22.3,3,13,25,1,2,1.35,0.36,1.16875
-6.7,2,14,25,1,2,1.5,0.27,1.2283333333333333
37.5,1,14,25,1,2,1.7,1.39,1.2220833333333334
11.9,2,17,25,1,2,1.24,1.14,1.19625
18.7,3,18,25,1,2,0.52,1.82,1.1554166666666668
26.9,1,19,25,1,2,0.84,1.75,1.1529166666666666
14.8,1,20,25,1,2,1.69,1.21,1.15
36.8,1,21,25,1,2,1.14,0.78,1.1908333333333334
-7.6,1,22,25,1,2,1.76,1.46,1.2020833333333334
4.8,1,22,25,1,2,1.73,1.42,1.1991666666666665
6.7,2,1,26,1,3,1.35,1.54,1.1770833333333333
25.3,5,2,26,1,3,1.01,1.0,1.1595833333333332
22.6,1,4,26,1,3,0.58,0.7,1.1516666666666666
9.4,4,5,26,1,3,0.51,1.56,1.1158333333333335
8.9,2,5,26,1,3,0.7,0.32,1.1170833333333334
-6.2,1,7,26,1,3,0.35,1.51,1.0820833333333333
13.8,3,8,26,1,3,0.67,0.21,1.0991666666666666
26.3,5,8,26,1,3,0.62,1.08,1.09625
20.9,1,9,26,1,3,1.01,0.65,1.0891666666666666
29.9,4,11,26,1,3,0.48,1.99,1.05125
5.5,3,11,26,1,3,1.08,0.97,1.02375
22.5,4,12,26,1,3,0.31,0.53,1.0533333333333335
3.3,2,13,26,1,3,1.24,1.9,0.9925
28.7,3,13,26,1,3,0.44,1.35,0.9504166666666666
29.1,1,14,26,1,3,0.34,1.5,0.9033333333333333
28.9,3,15,26,1,3,0.37,1.7,0.9054166666666666
12.6,3,16,26,1,3,1.75,1.24,0.8637499999999999
21.8,5,17,26,1,3,0.24,0.52,0.8962499999999999
21.1,1,18,26,1,3,1.3,0.84,0.9195833333333333
-4.4,3,21,26,1,3,1.4,1.69,0.88375
5.6,1,21,26,1,3,0.83,1.14,0.8808333333333334
6.5,3,21,26,1,3,1.07,1.76,0.875
38.6,4,22,26,1,3,1.62,1.73,0.85
-9.7,3,22,26,1,3,1.13,1.35,0.8179166666666666
37.7,5,22,26,1,3,0.58,1.01,0.8574999999999999
2.2,4,23,26,1,3,1.96,0.58,0.8783333333333334
26.8,2,23,26,1,3,1.08,0.51,0.8887499999999999
32.5,5,23,26,1,3,0.76,0.7,0.9045833333333334
32.1,5,0,27,1,4,1.08,0.35,0.9175
11.5,4,2,27,1,4,0.66,0.67,0.9641666666666667
27.8,2,2,27,1,4,1.79,0.62,0.9991666666666666
28.1,1,3,27,1,4,1.46,1.01,0.9762500000000002
14.8,1,4,27,1,4,0.46,0.48,1.0358333333333334
9.1,4,5,27,1,4,1.91,1.08,1.0379166666666666
13.3,3,5,27,1,4,1.13,0.31,1.0895833333333333
-0.8,2,6,27,1,4,1.55,1.24,1.0533333333333332
-0.1,1,6,27,1,4,0.37,0.44,1.11
1.2,3,6,27,1,4,1.8,0.34,1.1508333333333334
2.4,1,9,27,1,4,1.32,0.37,1.21125
12.9,3,9,27,1,4,1.82,1.75,1.1645833333333333
18.5,1,9,27,1,4,0.63,0.24,1.2233333333333334
-9.5,4,9,27,1,4,1.65,1.3,1.2441666666666666
17.5,4,10,27,1,4,1.8,1.4,1.2558333333333331
4.9,5,12,27,1,4,1.68,0.83,1.2758333333333334
32.4,3,12,27,1,4,1.31,1.07,1.2991666666666666
35.1,1,13,27,1,4,1.63,1.62,1.2995833333333333
22.9,4,13,27,1,4,1.63,1.13,1.2745833333333334
13.8,2,14,27,1,4,0.53,0.58,1.3033333333333335
-7.9,1,14,27,1,4,1.27,1.96,1.2950000000000002
-8.6,3,16,27,1,4,1.76,1.08,1.26125
38.8,2,17,27,1,4,0.27,0.76,1.27625
26.3,5,17,27,1,4,1.12,1.08,1.2733333333333332
4.2,5,18,27,1,4,1.01,0.66,1.32375
-3.5,3,19,27,1,4,1.87,1.79,1.2716666666666667
7.0,1,19,27,1,4,0.54,1.46,1.2516666666666667
32.3,2,19,27,1,4,0.98,0.46,1.2479166666666666
6.0,1,20,27,1,4,0.37,1.91,1.22
7.7,3,20,27,1,4,1.24,1.13,1.2233333333333334
25.8,1,21,27,1,4,1.21,1.55,1.2220833333333334
19.7,3,21,27,1,4,1.52,0.37,1.2225
19.6,2,22,27,1,4,0.38,1.8,1.2249999999999999
9.3,1,22,27,1,4,1.86,1.32,1.1920833333333334
28.7,1,23,27,1,4,0.53,1.82,1.1520833333333333
10.6,5,23,27,1,4,0.86,0.63,1.17125
-3.1,4,23,27,1,4,1.09,1.65,1.1320833333333333
31.6,5,1,28,1,5,0.71,1.8,1.1141666666666667
34.5,3,1,28,1,5,1.37,1.68,1.0658333333333334
5.7,2,3,28,1,5,0.52,1.31,1.06625
27.7,5,3,28,1,5,1.32,1.63,1.0245833333333334
6.2,2,5,28,1,5,0.63,1.63,1.02625
23.0,4,5,28,1,5,1.67,0.53,1.0195833333333333
6.5,5,7,28,1,5,0.37,1.27,1.0495833333333333
28.8,2,7,28,1,5,1.99,1.76,1.0404166666666665
-9.5,1,9,28,1,5,1.54,0.27,1.0395833333333333
12.2,2,9,28,1,5,0.25,1.12,1.02
0.9,5,10,28,1,5,0.65,1.01,1.0370833333333334
-6.8,3,12,28,1,5,1.42,1.87,0.99625
10.8,4,12,28,1,5,0.89,0.54,1.0308333333333335
-0.3,5,12,28,1,5,1.37,0.98,1.0320833333333332
3.9,4,14,28,1,5,1.01,0.37,1.0404166666666665
18.9,3,15,28,1,5,0.57,1.24,0.9975
11.9,2,15,28,1,5,0.21,1.21,0.9695833333333334
9.1,3,16,28,1,5,0.54,1.52,0.9333333333333332
-3.2,1,18,28,1,5,0.65,0.38,0.9908333333333333
-5.5,3,18,28,1,5,1.76,1.86,0.9345833333333334
16.1,3,19,28,1,5,0.51,0.53,0.9345833333333333
35.1,2,19,28,1,5,0.53,0.86,0.9254166666666667
-8.9,2,20,28,1,5,0.64,1.09,0.9583333333333334
-7.3,1,21,28,1,5,1.88,0.71,0.9466666666666667
18.4,2,21,28,1,5,0.43,1.37,0.9004166666666666
-1.9,3,22,28,1,5,0.26,0.52,0.9379166666666666
19.9,1,22,28,1,5,1.42,1.32,0.9583333333333334
-2.7,4,22,28,1,5,1.81,0.63,0.96
0.5,1,0,29,1,6,0.67,1.67,0.9341666666666666
6.1,4,1,29,1,6,1.05,0.37,0.965
2.5,5,2,29,1,6,1.11,1.99,0.90125
31.8,4,2,29,1,6,0.46,1.54,0.9108333333333333
16.4,4,2,29,1,6,1.77,0.25,0.9541666666666667
-3.6,3,3,29,1,6,1.29,0.65,0.9899999999999999
21.1,2,3,29,1,6,1.51,1.42,1.0066666666666666
12.5,3,3,29,1,6,1.82,0.89,1.0004166666666665
19.3,2,5,29,1,6,0.74,1.37,0.9833333333333333
22.0,4,5,29,1,6,0.96,1.01,1.0204166666666667
27.7,5,5,29,1,6,1.9,0.57,1.0325
6.9,4,5,29,1,6,0.86,0.21,1.0370833333333334
10.9,1,6,29,1,6,0.32,0.54,1.0545833333333332
-8.3,3,9,29,1,6,0.96,0.65,1.0745833333333332
18.2,3,9,29,1,6,1.13,1.76,1.0466666666666666
37.1,2,10,29,1,6,1.09,0.51,1.0483333333333333
3.0,3,12,29,1,6,0.55,0.53,1.0479166666666668
37.8,3,15,29,1,6,0.52,0.64,1.04375
19.2,3,20,29,1,6,0.54,1.88,0.9804166666666667
10.3,3,21,29,1,6,0.36,0.43,1.0108333333333335
12.8,5,22,29,1,6,1.16,0.26,1.0304166666666668
-5.2,1,23,29,1,6,0.73,1.42,1.0433333333333334
25.8,3,0,30,1,0,1.73,1.81,1.0075
25.0,4,5,30,1,0,0.95,0.67,0.9979166666666668
0.9,3,5,30,1,0,0.44,1.05,1.0245833333333334
1.3,5,5,30,1,0,1.69,1.11,1.0095833333333333
23.8,5,5,30,1,0,0.75,0.46,1.0379166666666666
18.3,4,6,30,1,0,1.14,1.77,1.0470833333333334
-7.8,2,6,30,1,0,1.99,1.29,1.0454166666666664
35.6,2,6,30,1,0,1.25,1.51,1.04125
29.6,2,8,30,1,0,1.41,1.82,1.0066666666666666
1.2,5,8,30,1,0,0.99,0.74,1.04
31.9,1,9,30,1,0,1.54,0.96,1.0745833333333332
21.1,3,10,30,1,0,1.79,1.9,1.00375
23.5,4,11,30,1,0,0.2,0.86,1.04125
-2.3,4,11,30,1,0,1.76,0.32,1.0666666666666667
-5.9,3,11,30,1,0,0.93,0.96,1.0904166666666668
-9.1,2,15,30,1,0,1.53,1.13,1.0679166666666666
38.7,5,15,30,1,0,0.59,1.09,1.0999999999999999
4.6,2,16,30,1,0,1.86,0.55,1.1266666666666667
30.6,2,17,30,1,0,1.19,0.52,1.1145833333333333
28.3,1,17,30,1,0,0.23,0.54,1.1433333333333333
-8.4,1,18,30,1,0,1.23,0.36,1.1870833333333333
35.1,5,19,30,1,0,1.41,1.16,1.1729166666666666
14.0,3,21,30,1,0,0.82,0.73,1.22125
37.9,3,0,31,1,1,1.89,1.73,1.22375
-9.9,5,0,31,1,1,1.79,0.95,1.2329166666666667
14.4,3,2,31,1,1,1.17,0.44,1.25375
-8.5,5,2,31,1,1,0.94,1.69,1.2012500000000002
-2.5,2,3,31,1,1,0.43,0.75,1.1812500000000001
35.6,2,3,31,1,1,0.27,1.14,1.1895833333333334
14.6,2,4,31,1,1,1.34,1.99,1.1591666666666667
39.5,3,5,31,1,1,1.26,1.25,1.1858333333333333
5.7,4,5,31,1,1,1.89,1.41,1.1520833333333333
8.7,4,5,31,1,1,0.6,0.99,1.1254166666666665
7.3,3,8,31,1,1,0.35,1.54,1.1120833333333333
-8.1,2,8,31,1,1,1.22,1.79,1.0608333333333333
19.0,1,8,31,1,1,0.56,0.2,1.10875
1.8,4,9,31,1,1,1.35,1.76,1.0891666666666666
27.9,4,11,31,1,1,1.29,0.93,1.0708333333333333
34.5,4,11,31,1,1,0.49,1.53,1.0683333333333334
29.2,2,13,31,1,1,1.47,0.59,1.0995833333333334
31.9,3,13,31,1,1,1.34,1.86,1.04375
-5.5,4,14,31,1,1,0.52,1.19,1.0658333333333332
20.4,1,14,31,1,1,1.72,0.23,1.0712499999999998
16.5,4,14,31,1,1,0.36,1.23,1.0579166666666666
6.1,3,14,31,1,1,0.91,1.41,1.0775
-4.4,1,15,31,1,1,1.88,0.82,1.1216666666666668
10.7,5,16,31,1,1,1.88,1.89,1.0725
-9.5,1,18,31,1,1,0.71,1.79,1.0095833333333333
23.7,2,18,31,1,1,0.28,1.17,1.0179166666666666
39.5,5,21,31,1,1,1.37,0.94,1.0295833333333333
20.8,1,21,31,1,1,1.22,0.43,1.0720833333333333
38.4,2,1,1,2,2,1.45,0.27,1.0866666666666667
29.9,2,1,1,2,2,0.62,1.34,1.1129166666666668
14.9,1,2,1,2,2,1.97,1.26,1.1045833333333335
-9.8,1,2,1,2,2,1.06,1.89,1.0591666666666668
34.6,4,3,1,2,2,0.8,0.6,1.0804166666666666
-4.2,1,4,1,2,2,1.11,0.35,1.10375
37.7,3,4,1,2,2,0.91,1.22,1.0666666666666667
25.5,4,5,1,2,2,0.33,0.56,1.095
27.5,2,6,1,2,2,1.24,1.35,1.0520833333333333
12.7,2,6,1,2,2,0.32,1.29,1.0733333333333333
16.4,5,6,1,2,2,1.8,0.49,1.0891666666666666
35.7,2,6,1,2,2,0.87,1.47,1.0441666666666667
-1.9,3,8,1,2,2,0.39,1.34,1.05
-3.1,5,9,1,2,2,1.48,0.52,1.0574999999999999
37.2,5,10,1,2,2,0.7,1.72,1.0070833333333333
31.5,3,11,1,2,2,0.51,0.36,1.0341666666666667
29.7,5,12,1,2,2,1.01,0.91,1.0362500000000001
21.2,1,13,1,2,2,0.96,1.88,0.9691666666666667
14.7,4,13,1,2,2,0.27,1.88,0.9249999999999999
29.3,4,14,1,2,2,0.82,0.71,0.9212500000000001
-0.3,2,14,1,2,2,0.62,0.28,0.96625
11.1,1,14,1,2,2,1.36,1.37,0.9204166666666667
8.1,1,15,1,2,2,0.27,1.22,0.9162500000000001
0.9,1,17,1,2,2,1.12,1.45,0.8816666666666668
0.8,5,17,1,2,2,0.62,0.62,0.9208333333333334
29.3,1,18,1,2,2,1.56,1.97,0.8583333333333334
27.5,4,21,1,2,2,0.47,1.06,0.8608333333333333
13.7,2,21,1,2,2,1.12,0.8,0.8845833333333334
37.5,4,21,1,2,2,1.37,1.11,0.8629166666666667
38.6,2,22,1,2,2,0.59,0.91,0.8858333333333333
-8.7,2,23,1,2,2,1.46,0.33,0.9033333333333333
31.1,1,23,1,2,2,0.75,1.24,0.9033333333333333
16.9,5,0,2,2,3,1.24,0.32,0.9500000000000001
-1.2,3,1,2,2,3,1.44,1.8,0.9304166666666666
-1.1,4,2,2,2,3,1.33,0.87,0.9387500000000001
1.1,2,2,2,2,3,1.07,0.39,0.9666666666666667
5.7,3,5,2,2,3,1.06,1.48,0.9266666666666667
23.2,3,5,2,2,3,0.52,0.7,0.9691666666666667
-0.3,5,7,2,2,3,1.72,0.51,1.0179166666666666
25.5,3,7,2,2,3,1.68,1.01,0.9995833333333334
25.8,2,12,2,2,3,0.57,0.96,1.0379166666666666
35.3,5,12,2,2,3,1.88,0.27,1.095
19.4,3,13,2,2,3,1.64,0.82,1.13375
23.3,2,13,2,2,3,1.75,0.62,1.1279166666666667
2.8,5,13,2,2,3,0.48,1.36,1.105
18.6,3,15,2,2,3,0.81,0.27,1.1116666666666666
7.9,1,16,2,2,3,0.43,1.12,1.1008333333333333
-6.8,3,18,2,2,3,0.86,0.62,1.1375
13.1,5,18,2,2,3,1.5,1.56,1.1275
-6.5,5,19,2,2,3,1.32,0.47,1.1300000000000001
11.7,1,20,2,2,3,0.53,1.12,1.1316666666666666
29.7,4,20,2,2,3,1.16,1.37,1.0908333333333333
6.2,5,23,2,2,3,0.39,0.59,1.10625
21.5,1,0,3,2,4,0.96,1.46,1.05625
8.2,1,0,3,2,4,0.26,0.75,1.0491666666666666
9.2,4,0,3,2,4,0.58,1.24,1.0775
9.4,1,1,3,2,4,1.92,1.44,1.0712499999999998
17.4,2,1,3,2,4,1.29,1.33,1.0670833333333334
25.6,2,1,3,2,4,1.23,1.07,1.0883333333333334
11.3,2,3,3,2,4,1.58,1.06,1.0925
-1.7,2,4,3,2,4,1.16,0.52,1.0929166666666668
7.1,1,4,3,2,4,0.53,1.72,1.0516666666666665
-9.6,4,4,3,2,4,0.73,1.68,1.0633333333333332
16.3,4,6,3,2,4,1.96,0.57,1.0645833333333332
-4.4,4,6,3,2,4,0.6,1.88,1.0333333333333334
-1.0,4,6,3,2,4,1.13,1.64,1.0174999999999998
38.3,5,7,3,2,4,1.26,1.75,1.01
9.4,1,8,3,2,4,1.57,0.48,1.0241666666666667
-0.9,4,9,3,2,4,0.82,0.81,1.0433333333333332
4.1,5,10,3,2,4,1.27,0.43,1.06375
19.4,1,10,3,2,4,0.92,0.86,1.1029166666666668
36.9,1,10,3,2,4,1.8,1.5,1.0541666666666667
22.6,4,11,3,2,4,0.33,1.32,1.0345833333333334
3.9,5,12,3,2,4,0.85,0.53,1.0895833333333333
4.7,1,12,3,2,4,1.85,1.16,1.1245833333333333
10.1,3,13,3,2,4,2.0,0.39,1.1720833333333334
29.2,3,14,3,2,4,1.53,0.96,1.19625
24.2,4,14,3,2,4,1.54,0.26,1.2583333333333333
2.0,4,14,3,2,4,1.75,0.58,1.29375
25.0,4,14,3,2,4,1.43,1.92,1.2283333333333333
18.7,1,16,3,2,4,0.35,1.29,1.18625
11.5,3,18,3,2,4,0.28,1.23,1.15875
17.9,1,18,3,2,4,0.57,1.58,1.1620833333333331
33.6,2,19,3,2,4,1.66,1.16,1.1670833333333333
20.8,4,19,3,2,4,1.28,0.53,1.1679166666666667
26.2,4,19,3,2,4,0.55,0.73,1.1479166666666667
22.8,5,20,3,2,4,0.25,1.96,1.0875
11.0,1,20,3,2,4,0.51,0.6,1.1075000000000002
-3.1,4,20,3,2,4,1.08,1.13,1.0904166666666666
19.4,3,20,3,2,4,0.72,1.26,1.1
17.8,3,21,3,2,4,1.49,1.57,1.0945833333333332
22.3,3,21,3,2,4,1.44,0.82,1.0766666666666667
-5.8,2,23,3,2,4,0.39,1.27,1.0433333333333332
30.4,5,0,4,2,5,0.47,0.92,1.0708333333333333
20.7,4,0,4,2,5,1.58,1.8,1.0687499999999999
32.6,4,0,4,2,5,1.75,0.33,1.10875
0.6,1,2,4,2,5,1.29,0.85,1.1383333333333334
11.8,3,2,4,2,5,1.56,1.85,1.1333333333333335
4.9,4,2,4,2,5,1.73,2.0,1.1283333333333334
-9.5,3,4,4,2,5,1.88,1.53,1.0770833333333334
15.9,5,5,4,2,5,0.3,1.54,1.0508333333333333
4.7,4,6,4,2,5,0.91,1.75,1.0141666666666667
31.7,1,6,4,2,5,0.87,1.43,0.9950000000000001
-9.1,2,7,4,2,5,0.97,0.35,1.0191666666666668
30.3,4,9,4,2,5,0.93,0.28,1.02375
1.2,2,9,4,2,5,0.39,0.57,1.0770833333333334
4.4,1,15,4,2,5,1.85,1.66,1.0866666666666667
39.1,3,15,4,2,5,1.89,1.28,1.0908333333333333
18.3,4,17,4,2,5,1.38,0.55,1.1195833333333334
10.8,3,19,4,2,5,1.24,0.25,1.1812500000000001
14.0,3,23,4,2,5,1.73,0.51,1.1841666666666668
0.9,5,0,5,2,6,0.58,1.08,1.1666666666666667
-4.7,5,0,5,2,6,0.66,0.72,1.21875
21.3,1,1,5,2,6,1.97,1.49,1.1691666666666667
10.4,5,2,5,2,6,0.3,1.44,1.1854166666666668
22.7,1,4,5,2,6,1.83,0.39,1.19625
25.8,1,5,5,2,6,0.65,0.47,1.2483333333333333
16.6,1,6,5,2,6,1.72,1.58,1.1991666666666667
18.2,3,6,5,2,6,0.4,1.75,1.1895833333333334
36.4,2,7,5,2,6,1.52,1.29,1.1616666666666666
2.4,1,9,5,2,6,0.62,1.56,1.1545833333333333
0.9,5,9,5,2,6,1.39,1.73,1.1308333333333331
-2.9,4,10,5,2,6,1.16,1.88,1.1308333333333331
3.2,5,12,5,2,6,1.88,0.3,1.1379166666666667
20.3,1,15,5,2,6,0.47,0.91,1.1775
14.3,4,17,5,2,6,1.86,0.87,1.1504166666666666
24.2,3,17,5,2,6,0.22,0.97,1.1558333333333333
-7.5,2,19,5,2,6,1.1,0.93,1.1308333333333331
8.8,1,20,5,2,6,0.33,0.39,1.1908333333333334
37.4,5,20,5,2,6,1.83,1.85,1.1795833333333332
16.4,5,21,5,2,6,1.58,1.89,1.1116666666666666
16.8,3,21,5,2,6,0.26,1.38,1.1187500000000001
3.2,1,23,5,2,6,1.55,1.24,1.0954166666666667
-7.7,4,23,5,2,6,0.68,1.73,1.0958333333333334
-6.2,3,23,5,2,6,1.74,0.58,1.0933333333333333
4.4,1,23,5,2,6,0.52,0.66,1.0933333333333333
25.5,2,23,5,2,6,0.66,1.97,1.0329166666666667
-6.4,1,0,6,2,0,0.52,0.3,1.0687499999999999
-3.2,4,1,6,2,0,1.16,1.83,1.01
15.0,4,3,6,2,0,0.42,0.65,1.0070833333333333
28.6,4,3,6,2,0,0.58,1.72,0.9654166666666667
34.8,2,4,6,2,0,0.72,0.4,1.01
23.9,1,5,6,2,0,1.47,1.52,1.0095833333333333
6.8,3,5,6,2,0,1.51,0.62,1.0470833333333334
18.9,2,5,6,2,0,1.52,1.39,1.0370833333333334
-6.5,3,5,6,2,0,1.15,1.16,1.0574999999999999
24.8,1,5,6,2,0,1.65,1.88,1.0462500000000001
-0.5,3,6,6,2,0,1.61,0.47,1.0783333333333334
38.5,3,6,6,2,0,1.24,1.86,1.0525
38.1,5,7,6,2,0,1.24,0.22,1.0758333333333334
0.5,2,7,6,2,0,0.78,1.1,1.0783333333333334
0.8,5,8,6,2,0,1.16,0.33,1.0858333333333334
-8.9,5,9,6,2,0,0.51,1.83,1.0295833333333333
-0.0,1,13,6,2,0,0.48,1.58,0.9841666666666667
22.2,3,13,6,2,0,0.49,0.26,1.0254166666666666
-8.4,1,13,6,2,0,1.25,1.55,0.9858333333333333
18.6,5,16,6,2,0,0.6,0.68,1.0354166666666667
36.8,5,17,6,2,0,1.87,1.74,0.9754166666666667
25.3,3,19,6,2,0,0.3,0.52,1.03125
25.9,3,21,6,2,0,1.86,0.66,1.0533333333333335
9.8,1,22,6,2,0,1.19,0.52,1.0458333333333334
-4.2,4,23,6,2,0,0.34,1.16,1.0795833333333333
-9.9,5,23,6,2,0,1.97,0.42,1.1058333333333332
24.3,3,23,6,2,0,1.05,0.58,1.1379166666666667
5.5,3,0,7,2,1,1.35,0.72,1.1504166666666666
15.9,3,0,7,2,1,1.02,1.47,1.1320833333333333
21.0,4,2,7,2,1,1.03,1.51,1.1295833333333334
8.6,1,2,7,2,1,1.45,1.52,1.0895833333333333
-6.5,4,4,7,2,1,0.56,1.15,1.1216666666666668
38.5,3,6,7,2,1,1.92,1.65,1.1358333333333335
21.1,2,7,7,2,1,1.99,1.61,1.1483333333333332
16.7,1,7,7,2,1,1.91,1.24,1.1716666666666666
13.9,5,8,7,2,1,1.8,1.24,1.13125
12.5,4,10,7,2,1,0.27,0.78,1.1654166666666668
23.8,5,11,7,2,1,1.6,1.16,1.13125
11.2,4,12,7,2,1,0.34,0.51,1.1295833333333334
-6.5,3,12,7,2,1,0.47,0.48,1.1466666666666667
36.0,5,15,7,2,1,0.89,0.49,1.1525
22.7,5,15,7,2,1,0.63,1.25,1.1425
10.2,2,16,7,2,1,1.01,0.6,1.19
12.1,4,16,7,2,1,1.74,1.87,1.1625
18.0,5,17,7,2,1,1.21,0.3,1.1783333333333335
36.4,4,18,7,2,1,0.68,1.86,1.1587500000000002
31.2,3,20,7,2,1,1.39,1.19,1.1520833333333333
13.8,2,21,7,2,1,1.03,0.34,1.1533333333333333
17.4,5,22,7,2,1,0.37,1.97,1.1500000000000001
-1.3,1,23,7,2,1,1.89,1.05,1.13125
14.7,2,0,8,2,2,0.6,1.35,1.1204166666666666
25.1,1,0,8,2,2,1.09,1.02,1.1208333333333333
5.6,4,0,8,2,2,1.03,1.03,1.0875
-8.2,4,1,8,2,2,0.23,1.45,1.0658333333333332
-4.9,5,2,8,2,2,0.93,0.56,1.0770833333333334
33.8,2,2,8,2,2,0.83,1.92,1.0716666666666665
3.3,2,2,8,2,2,1.79,1.99,1.0629166666666667
-2.1,3,3,8,2,2,1.78,1.91,1.0062499999999999
-9.8,1,5,8,2,2,0.55,1.8,0.9566666666666667
36.6,3,7,8,2,2,0.61,0.27,0.96
-4.7,4,8,8,2,2,0.35,1.6,0.9395833333333332
-0.6,3,9,8,2,2,1.11,0.34,0.9829166666666667
12.2,3,10,8,2,2,1.38,0.47,1.0183333333333333
11.2,2,10,8,2,2,1.32,0.89,1.0458333333333332
12.5,1,12,8,2,2,1.55,0.63,1.03125
8.9,4,12,8,2,2,0.28,1.01,1.0558333333333334
23.3,2,14,8,2,2,1.6,1.74,1.0316666666666667
11.4,3,15,8,2,2,1.16,1.21,1.0062499999999999
-7.9,4,16,8,2,2,0.6,0.68,0.9891666666666666
28.0,3,16,8,2,2,0.27,1.39,0.9541666666666666
3.2,2,17,8,2,2,0.55,1.03,0.9212500000000001
-4.6,1,18,8,2,2,0.24,0.37,0.9166666666666666
13.3,5,19,8,2,2,0.26,1.89,0.8666666666666667
-3.3,1,20,8,2,2,0.69,0.6,0.9245833333333332
23.4,1,21,8,2,2,1.99,1.09,0.9525
38.2,3,22,8,2,2,1.76,1.03,0.9700000000000001
30.2,2,22,8,2,2,1.45,0.23,0.9816666666666668
-0.6,2,0,9,2,3,0.51,0.93,1.0245833333333334
-4.2,4,0,9,2,3,1.96,0.83,1.04125
3.3,2,1,9,2,3,1.23,1.79,1.0054166666666666
21.9,5,2,9,2,3,0.93,1.78,0.9704166666666666
6.2,4,2,9,2,3,0.94,0.55,1.0241666666666667
-2.9,5,4,9,2,3,1.84,0.61,1.0183333333333333
27.9,1,5,9,2,3,0.47,0.35,1.03875
21.8,4,6,9,2,3,0.84,1.11,1.0079166666666668
9.5,2,6,9,2,3,0.37,1.38,0.9745833333333334
23.1,2,7,9,2,3,0.58,1.32,0.98625
18.3,2,8,9,2,3,1.6,1.55,0.9333333333333335
-7.4,4,11,9,2,3,0.28,0.28,0.9983333333333334
-2.2,5,11,9,2,3,1.84,1.6,0.9695833333333334
23.2,1,12,9,2,3,0.91,1.16,0.9987499999999999
36.3,4,13,9,2,3,1.86,0.6,0.9975
-6.7,1,13,9,2,3,0.57,0.27,1.0654166666666667
8.3,5,14,9,2,3,1.9,0.55,1.0583333333333333
26.9,2,15,9,2,3,0.38,0.24,1.0866666666666667
18.3,5,15,9,2,3,0.92,0.26,1.11125
37.9,5,16,9,2,3,0.85,0.69,1.1424999999999998
-0.3,5,16,9,2,3,1.44,1.99,1.1408333333333334
24.9,2,17,9,2,3,1.95,1.76,1.1116666666666666
30.7,2,17,9,2,3,1.06,1.45,1.0620833333333333
26.5,3,17,9,2,3,0.26,0.51,1.1091666666666666
21.4,3,18,9,2,3,1.64,1.96,1.0720833333333333
-7.1,3,20,9,2,3,1.07,1.23,1.0908333333333333
13.0,2,22,9,2,3,1.68,0.93,1.1095833333333334
39.6,5,23,9,2,3,1.38,0.94,1.0829166666666665
10.8,3,0,10,2,4,0.3,1.84,1.0858333333333332
7.0,5,0,10,2,4,1.91,0.47,1.1479166666666667
12.4,4,0,10,2,4,1.96,0.84,1.1416666666666668
-5.6,3,1,10,2,4,0.69,0.37,1.1870833333333333
37.0,2,3,10,2,4,1.46,0.58,1.2258333333333333
33.1,2,5,10,2,4,1.51,1.6,1.2091666666666667
-10.0,4,6,10,2,4,1.2,0.28,1.2420833333333332
37.5,5,7,10,2,4,1.07,1.84,1.1875
5.4,3,7,10,2,4,0.53,0.91,1.19
5.5,3,7,10,2,4,0.97,1.86,1.1866666666666668
35.2,5,8,10,2,4,1.78,0.57,1.2091666666666667
26.8,5,8,10,2,4,1.11,1.9,1.1570833333333332
14.1,4,10,10,2,4,0.65,0.38,1.1837499999999999
16.6,2,10,10,2,4,1.02,0.92,1.1591666666666667
-3.3,4,11,10,2,4,0.33,0.85,1.1395833333333332
3.3,4,13,10,2,4,0.38,1.44,1.0962500000000002
20.7,4,14,10,2,4,0.4,1.95,1.0833333333333333
32.1,3,14,10,2,4,1.64,1.06,1.0808333333333333
17.3,3,14,10,2,4,1.0,0.26,1.08375
31.7,3,15,10,2,4,0.33,1.64,1.0620833333333335
11.0,2,15,10,2,4,1.12,1.07,1.0458333333333334
0.8,3,15,10,2,4,0.68,1.68,1.0337500000000002
5.0,2,16,10,2,4,1.39,1.38,0.9958333333333335
9.4,2,17,10,2,4,0.47,0.3,1.0620833333333335
37.9,5,18,10,2,4,1.89,1.91,1.0466666666666666
3.6,3,18,10,2,4,1.54,1.96,0.9933333333333333
31.9,3,20,10,2,4,0.68,0.69,0.97625
-3.2,3,20,10,2,4,0.28,1.46,0.9316666666666666
-9.9,4,21,10,2,4,0.39,1.51,0.8833333333333333
2.1,2,21,10,2,4,0.35,1.2,0.8966666666666666
27.3,5,22,10,2,4,1.52,1.07,0.9141666666666667
-1.8,4,23,10,2,4,1.49,0.53,0.9525
16.5,4,1,11,2,5,1.45,0.97,0.9416666666666668
14.1,3,4,11,2,5,0.71,1.78,0.9424999999999999
26.6,5,5,11,2,5,1.8,1.11,0.9049999999999999
18.4,3,6,11,2,5,0.21,0.65,0.9070833333333334
1.1,3,6,11,2,5,0.7,1.02,0.9087500000000001
10.2,1,7,11,2,5,1.06,0.33,0.9779166666666667
23.2,2,7,11,2,5,1.99,0.38,1.0183333333333333
3.6,4,7,11,2,5,1.35,0.4,1.0354166666666667
-4.2,3,8,11,2,5,0.81,1.64,1.0233333333333334
17.4,1,8,11,2,5,1.35,1.0,1.0483333333333333
14.8,3,11,11,2,5,1.6,0.33,1.0687499999999999
32.4,4,11,11,2,5,0.82,1.12,1.0733333333333333
-3.9,2,11,11,2,5,1.23,0.68,1.06625
-9.1,2,11,11,2,5,0.51,1.39,1.0183333333333333
34.5,1,12,11,2,5,0.24,0.47,1.0595833333333333
20.3,1,12,11,2,5,1.46,1.89,0.9920833333333333
19.4,3,12,11,2,5,0.27,1.54,0.9779166666666667
24.9,3,13,11,2,5,1.2,0.68,1.0329166666666667
-5.5,4,13,11,2,5,2.0,0.28,1.0975
32.2,5,13,11,2,5,1.83,0.39,1.10375
11.6,4,14,11,2,5,0.54,0.35,1.1679166666666667
21.9,1,14,11,2,5,1.89,1.52,1.1745833333333333
33.2,2,14,11,2,5,1.68,1.49,1.1329166666666666
26.2,3,15,11,2,5,0.49,1.45,1.1554166666666668
10.8,4,18,11,2,5,1.99,0.71,1.1533333333333333
2.6,5,19,11,2,5,0.66,1.8,1.1079166666666667
10.3,3,20,11,2,5,0.71,0.21,1.1141666666666667
10.7,5,21,11,2,5,0.36,0.7,1.1629166666666666
9.0,2,23,11,2,5,1.87,1.06,1.1708333333333332
30.9,4,1,12,2,6,1.25,1.99,1.1116666666666666
39.0,4,2,12,2,6,0.57,1.35,1.0808333333333333
8.7,3,2,12,2,6,0.61,0.81,1.0650000000000002
28.9,3,5,12,2,6,0.43,1.35,1.0308333333333333
20.6,4,5,12,2,6,0.53,1.6,1.04125
1.0,5,6,12,2,6,1.85,0.82,1.0204166666666667
1.6,2,8,12,2,6,0.32,1.23,1.0116666666666667
-0.4,5,10,12,2,6,1.02,0.51,1.0270833333333333
30.3,4,11,12,2,6,0.88,0.24,1.06
28.6,1,11,12,2,6,1.03,1.46,1.0279166666666668
29.9,5,11,12,2,6,0.69,0.27,1.04875
-0.5,2,12,12,2,6,0.77,1.2,1.0520833333333333
0.4,1,12,12,2,6,1.28,2.0,1.0033333333333334
-5.0,4,13,12,2,6,0.83,1.83,0.9945833333333333
28.6,2,15,12,2,6,1.62,0.54,1.0062499999999999
18.9,1,16,12,2,6,0.82,1.89,0.9816666666666666
18.3,1,17,12,2,6,1.3,1.68,0.9529166666666667
-4.3,1,17,12,2,6,0.99,0.49,0.9683333333333334
-9.5,5,18,12,2,6,0.86,1.99,0.9183333333333333
10.4,2,19,12,2,6,0.79,0.66,0.9333333333333332
36.8,5,19,12,2,6,1.02,0.71,0.9491666666666667
25.8,3,20,12,2,6,1.09,0.36,1.0008333333333332
11.8,4,21,12,2,6,1.6,1.87,0.9533333333333335
-9.2,4,22,12,2,6,0.73,1.25,0.93
14.9,3,22,12,2,6,0.69,0.57,0.9345833333333334
39.3,2,23,12,2,6,0.68,0.61,0.9845833333333335
15.1,5,2,13,2,0,1.81,0.43,1.0208333333333333
-4.9,5,2,13,2,0,1.3,0.53,1.0404166666666668
34.4,5,2,13,2,0,1.0,1.85,1.0125
11.4,4,3,13,2,0,1.18,0.32,1.0425
-3.6,3,3,13,2,0,1.04,1.02,1.0383333333333333
15.2,2,3,13,2,0,0.92,0.88,1.0554166666666667
-0.2,4,3,13,2,0,1.29,1.03,1.0504166666666668
-9.4,3,3,13,2,0,0.91,0.69,1.0312500000000002
12.8,3,4,13,2,0,0.23,0.77,1.0470833333333334
-4.0,5,5,13,2,0,1.15,1.28,1.0291666666666668
9.8,1,5,13,2,0,0.85,0.83,1.0429166666666667
9.0,2,6,13,2,0,1.16,1.62,1.0095833333333333
12.6,5,7,13,2,0,0.82,0.82,1.0241666666666667
30.1,3,7,13,2,0,1.17,1.3,0.9916666666666667
5.7,4,7,13,2,0,0.52,0.99,0.9716666666666667
3.9,2,9,13,2,0,0.51,0.86,0.9758333333333332
31.1,4,9,13,2,0,0.96,0.79,1.0075
5.7,2,9,13,2,0,1.55,1.02,1.0250000000000001
33.7,1,11,13,2,0,1.44,1.09,1.0266666666666666
31.9,2,12,13,2,0,1.13,1.6,0.9829166666666667
14.9,3,16,13,2,0,0.55,0.73,1.015
20.1,3,16,13,2,0,1.5,0.69,1.0229166666666667
32.1,5,16,13,2,0,0.88,0.68,1.0779166666666666
11.9,5,17,13,2,0,2.0,1.81,1.0725
-5.6,5,17,13,2,0,1.68,1.3,1.0904166666666666
16.9,4,18,13,2,0,1.73,1.0,1.0725
15.9,4,19,13,2,0,0.57,1.18,1.0820833333333333
0.6,4,20,13,2,0,1.41,1.04,1.09
35.0,5,22,13,2,0,1.23,0.92,1.0929166666666665
-0.9,3,23,13,2,0,0.99,1.29,1.0495833333333333
9.2,5,1,14,2,1,0.25,0.91,1.0770833333333332
31.8,5,1,14,2,1,1.57,0.23,1.1095833333333334
37.1,1,2,14,2,1,1.01,1.15,1.1008333333333333
15.8,2,3,14,2,1,0.94,0.85,1.0741666666666665
21.6,5,3,14,2,1,0.21,1.16,1.0395833333333333
37.4,4,4,14,2,1,0.33,0.82,1.0525
4.9,3,5,14,2,1,1.13,1.17,1.0429166666666665
-7.2,5,5,14,2,1,0.94,0.52,1.0887499999999999
3.4,4,6,14,2,1,1.62,0.51,1.0933333333333333
-9.2,4,6,14,2,1,0.62,0.96,1.0845833333333335
31.6,1,7,14,2,1,0.75,1.55,1.0533333333333335
21.1,5,7,14,2,1,0.8,1.44,1.0579166666666666
18.5,5,9,14,2,1,1.55,1.13,1.0262499999999999
3.1,4,10,14,2,1,0.37,0.55,1.02375
3.2,3,11,14,2,1,0.49,1.5,0.9699999999999999
3.1,3,12,14,2,1,0.21,0.88,0.94375
36.7,5,13,14,2,1,0.25,2.0,0.8704166666666667
3.5,3,13,14,2,1,0.24,1.68,0.83625
36.0,4,14,14,2,1,0.86,1.73,0.8016666666666666
18.6,4,14,14,2,1,0.9,0.57,0.8075
-0.2,1,15,14,2,1,0.71,1.41,0.8183333333333334
-8.5,3,15,14,2,1,1.67,1.23,0.8337499999999999
24.9,2,16,14,2,1,1.6,0.99,0.8245833333333333
26.7,3,18,14,2,1,0.77,0.25,0.8433333333333334
0.7,1,20,14,2,1,0.7,1.57,0.8241666666666667
26.0,2,21,14,2,1,1.11,1.01,0.8254166666666666
39.1,3,21,14,2,1,1.04,0.94,0.81
34.6,4,21,14,2,1,0.57,0.21,0.855
12.5,3,21,14,2,1,1.29,0.33,0.8608333333333332
27.6,4,21,14,2,1,0.47,1.13,0.8962499999999999
29.5,5,23,14,2,1,1.98,0.94,0.9183333333333334
4.7,5,23,14,2,1,1.47,1.62,0.8870833333333333
3.9,3,2,15,2,2,0.87,0.62,0.8754166666666666
13.2,1,5,15,2,2,0.34,0.75,0.8975
35.3,5,7,15,2,2,1.28,0.8,0.9133333333333332
12.0,1,8,15,2,2,1.18,1.55,0.9049999999999999
16.4,2,8,15,2,2,1.35,0.37,0.9541666666666667
16.4,1,8,15,2,2,1.55,0.49,0.9870833333333332
7.9,4,8,15,2,2,1.28,0.21,0.9870833333333334
-3.2,3,9,15,2,2,0.21,0.25,1.0595833333333333
8.8,2,10,15,2,2,1.99,0.24,1.13
15.0,5,10,15,2,2,1.93,0.86,1.1345833333333333
24.7,1,11,15,2,2,0.97,0.9,1.1141666666666667
-2.9,1,11,15,2,2,0.41,0.71,1.1612500000000001
39.4,3,13,15,2,2,1.84,1.67,1.1633333333333333
-5.3,2,13,15,2,2,1.72,1.6,1.1233333333333333
15.4,5,14,15,2,2,0.64,0.77,1.1387500000000002
10.7,5,17,15,2,2,1.14,0.7,1.1470833333333332
2.9,1,19,15,2,2,0.9,1.11,1.15
19.9,4,20,15,2,2,1.18,1.04,1.1358333333333333
-8.6,4,21,15,2,2,0.7,0.57,1.1308333333333334
28.5,5,21,15,2,2,0.45,1.29,1.1554166666666668
2.1,2,22,15,2,2,1.88,0.47,1.2145833333333333
13.7,4,22,15,2,2,1.89,1.98,1.2129166666666666
16.6,5,23,15,2,2,1.94,1.47,1.22625
3.8,4,23,15,2,2,1.79,0.87,1.27
0.8,2,1,16,2,3,1.92,0.34,1.3154166666666667
16.7,1,2,16,2,3,1.43,1.28,1.2762499999999999
-5.1,3,2,16,2,3,0.34,1.18,1.26875
36.9,5,4,16,2,3,1.0,1.35,1.2458333333333333
20.2,3,4,16,2,3,0.8,1.55,1.2029166666666666
-5.2,1,7,16,2,3,0.52,1.28,1.1604166666666667
17.1,4,8,16,2,3,0.26,0.21,1.2045833333333333
-9.3,3,8,16,2,3,1.27,1.99,1.1729166666666668
26.0,1,10,16,2,3,1.23,1.93,1.155
-4.3,4,13,16,2,3,1.5,0.97,1.1458333333333333
32.1,1,15,16,2,3,0.75,0.41,1.1595833333333332
33.5,3,15,16,2,3,0.74,1.84,1.12625
31.8,1,16,16,2,3,1.04,1.72,1.1075
5.7,5,16,16,2,3,1.27,0.64,1.1454166666666665
-6.0,3,17,16,2,3,1.55,1.14,1.1533333333333333
30.3,2,17,16,2,3,1.33,0.9,1.1475
37.1,5,18,16,2,3,0.76,1.18,1.1633333333333333
37.1,3,20,16,2,3,1.56,0.7,1.1554166666666668
-8.4,1,22,16,2,3,0.51,0.45,1.1845833333333333
30.6,2,0,17,2,4,1.15,1.88,1.1283333333333332
37.4,5,1,17,2,4,0.53,1.89,1.0758333333333334
26.7,1,1,17,2,4,0.63,1.94,1.0733333333333335
9.5,1,1,17,2,4,1.88,1.79,1.0295833333333333
9.2,3,2,17,2,4,0.74,1.92,1.0045833333333334
21.4,2,2,17,2,4,1.32,1.43,0.96875
25.9,2,3,17,2,4,0.57,0.34,0.9658333333333333
13.2,4,6,17,2,4,0.27,1.0,0.9712500000000001
29.5,5,6,17,2,4,1.13,0.8,0.9508333333333333
19.5,5,6,17,2,4,0.31,0.52,0.9808333333333333
16.4,1,6,17,2,4,1.24,0.26,1.0179166666666666
18.1,1,7,17,2,4,1.15,1.27,1.0458333333333332
2.0,5,7,17,2,4,1.94,1.23,1.0104166666666667
8.4,2,8,17,2,4,0.38,1.5,1.0262499999999999
18.2,4,8,17,2,4,1.88,0.75,1.06375
6.9,5,10,17,2,4,1.65,0.74,1.0429166666666667
38.0,3,10,17,2,4,0.24,1.04,1.0166666666666668
35.4,1,10,17,2,4,0.41,1.27,1.0458333333333334
21.5,2,11,17,2,4,1.97,1.55,1.0629166666666667
25.6,5,11,17,2,4,1.96,1.33,1.0704166666666666
5.5,4,12,17,2,4,1.51,0.76,1.115
-1.8,3,13,17,2,4,1.83,1.56,1.0945833333333332
7.1,2,13,17,2,4,1.07,0.51,1.1491666666666667
18.6,2,14,17,2,4,1.82,1.15,1.12875
19.4,4,15,17,2,4,0.66,0.53,1.1729166666666668
4.9,3,15,17,2,4,1.59,0.63,1.155
6.6,3,16,17,2,4,0.2,1.88,1.1058333333333332
24.7,3,16,17,2,4,0.7,0.74,1.1245833333333335
6.0,4,19,17,2,4,1.19,1.32,1.1483333333333332
7.2,1,20,17,2,4,1.89,0.57,1.1645833333333333
38.5,5,20,17,2,4,0.96,0.27,1.2183333333333335
31.9,1,20,17,2,4,1.56,1.13,1.2233333333333334
-1.6,4,21,17,2,4,1.25,0.31,1.22375
1.3,1,21,17,2,4,0.32,1.24,1.2170833333333333
15.6,3,22,17,2,4,1.08,1.15,1.2366666666666666
10.5,5,23,17,2,4,1.62,1.94,1.2345833333333334
32.1,3,1,18,2,5,1.89,0.38,1.2908333333333333
32.1,3,1,18,2,5,1.73,1.88,1.2804166666666668
14.7,4,2,18,2,5,1.63,1.65,1.24625
30.4,5,2,18,2,5,0.83,0.24,1.2595833333333333
31.2,5,2,18,2,5,0.56,0.41,1.31125
28.7,4,3,18,2,5,1.65,1.97,1.3083333333333333
13.6,1,4,18,2,5,1.9,1.96,1.2545833333333334
19.6,3,4,18,2,5,0.67,1.51,1.2270833333333333
8.6,3,5,18,2,5,0.85,1.83,1.1991666666666665
12.9,2,5,18,2,5,1.16,1.07,1.22125
28.9,3,7,18,2,5,1.6,1.82,1.1741666666666666
9.2,4,8,18,2,5,0.69,0.66,1.1629166666666666
34.2,3,9,18,2,5,0.39,1.59,1.14375
5.7,1,9,18,2,5,1.13,0.2,1.2095833333333332
17.7,3,12,18,2,5,1.78,0.7,1.2216666666666667
11.5,5,12,18,2,5,0.99,1.19,1.2345833333333334
13.4,1,14,18,2,5,1.5,1.89,1.225
7.5,2,14,18,2,5,1.66,0.96,1.21625
18.0,4,16,18,2,5,0.75,1.56,1.2170833333333333
19.9,5,16,18,2,5,1.58,1.25,1.2025
0.7,3,16,18,2,5,0.9,0.32,1.2433333333333334
-9.7,2,17,18,2,5,1.3,1.08,1.2233333333333334
2.4,1,19,18,2,5,0.6,1.62,1.1708333333333332
37.4,3,20,18,2,5,0.36,1.89,1.1379166666666667
38.0,2,20,18,2,5,1.1,1.73,1.0783333333333334
33.9,3,21,18,2,5,0.3,1.63,1.0425
21.5,5,22,18,2,5,0.77,0.83,1.0887499999999999
19.0,1,22,18,2,5,1.94,0.56,1.1395833333333332
-2.0,1,0,19,2,6,1.78,1.65,1.1070833333333334
22.2,5,0,19,2,6,0.87,1.9,1.09375
-9.5,1,2,19,2,6,1.58,0.67,1.1345833333333333
16.4,3,3,19,2,6,1.65,0.85,1.1691666666666667
35.5,4,3,19,2,6,1.68,1.16,1.1895833333333334
28.0,1,3,19,2,6,1.65,1.6,1.1466666666666667
14.1,2,5,19,2,6,0.57,0.69,1.1629166666666666
13.3,5,6,19,2,6,1.08,0.39,1.1816666666666669
1.9,1,8,19,2,6,0.84,1.13,1.1579166666666667
29.6,2,8,19,2,6,0.56,1.78,1.1533333333333333
-5.5,5,9,19,2,6,1.67,0.99,1.1937499999999999
-1.1,2,9,19,2,6,1.96,1.5,1.1583333333333334
-1.8,3,9,19,2,6,0.65,1.66,1.1658333333333333
25.9,5,10,19,2,6,1.84,0.75,1.1933333333333334
2.1,1,12,19,2,6,1.41,1.58,1.18875
26.6,1,12,19,2,6,1.47,0.9,1.1795833333333332
36.7,5,14,19,2,6,0.68,1.3,1.1612500000000001
3.6,2,15,19,2,6,0.86,0.6,1.1920833333333334
-8.8,3,15,19,2,6,1.34,0.36,1.2495833333333335
4.8,5,15,19,2,6,1.74,1.1,1.2541666666666667
31.0,3,15,19,2,6,1.21,0.3,1.28375
27.8,5,18,19,2,6,1.01,0.77,1.2725
-8.0,5,21,19,2,6,0.5,1.94,1.2525000000000002
36.0,2,21,19,2,6,1.46,1.78,1.2195833333333332
21.5,1,0,20,2,0,0.99,0.87,1.2604166666666667
12.5,4,0,20,2,0,1.85,1.58,1.2566666666666666
37.3,2,2,20,2,0,1.49,1.65,1.2579166666666666
-6.8,2,3,20,2,0,1.68,1.68,1.2616666666666665
24.8,5,6,20,2,0,1.77,1.65,1.2579166666666668
7.7,3,6,20,2,0,1.56,0.57,1.2895833333333333
23.2,1,6,20,2,0,1.33,1.08,1.2633333333333332
20.9,2,7,20,2,0,0.45,0.84,1.2716666666666667
6.6,4,7,20,2,0,1.04,0.56,1.2933333333333332
20.6,3,7,20,2,0,1.08,1.67,1.2820833333333335
40.0,5,7,20,2,0,1.4,1.96,1.2833333333333334
-5.0,1,9,20,2,0,1.99,0.65,1.3383333333333332
7.4,2,9,20,2,0,1.97,1.84,1.3283333333333334
22.8,1,9,20,2,0,1.6,1.41,1.3041666666666665
20.8,3,11,20,2,0,0.83,1.47,1.2866666666666666
25.0,3,11,20,2,0,1.05,0.68,1.2779166666666668
13.8,5,12,20,2,0,0.47,0.86,1.3
33.4,3,14,20,2,0,1.39,1.34,1.32375
25.7,4,16,20,2,0,1.91,1.74,1.2833333333333332
14.4,4,16,20,2,0,0.77,1.21,1.2454166666666666
24.8,5,18,20,2,0,0.3,1.01,1.26875
-7.7,2,18,20,2,0,1.57,0.5,1.3216666666666665
24.3,1,18,20,2,0,1.77,1.46,1.3045833333333332
2.0,1,20,20,2,0,1.05,0.99,1.3358333333333334
-3.7,3,21,20,2,0,1.74,1.85,1.3029166666666667
-2.9,1,22,20,2,0,1.06,1.49,1.265
29.4,3,0,21,2,1,0.58,1.68,1.2525000000000002
28.7,4,0,21,2,1,1.38,1.77,1.2612500000000002
0.1,5,1,21,2,1,1.98,1.56,1.2708333333333333
22.7,2,1,21,2,1,1.79,1.33,1.2895833333333333
8.0,4,3,21,2,1,1.78,0.45,1.35125
36.3,1,4,21,2,1,1.93,1.04,1.3325
34.3,1,4,21,2,1,0.59,1.08,1.3183333333333334
30.6,4,4,21,2,1,0.74,1.4,1.3412499999999998
16.7,2,4,21,2,1,1.95,1.99,1.3370833333333332
31.0,4,6,21,2,1,1.89,1.97,1.2833333333333334
39.3,2,7,21,2,1,0.68,1.6,1.2629166666666667
31.7,1,9,21,2,1,1.11,0.83,1.31125
17.6,1,10,21,2,1,1.99,1.05,1.3079166666666666
19.2,2,11,21,2,1,0.97,0.47,1.3245833333333332
34.1,5,11,21,2,1,0.87,1.39,1.3
37.2,4,11,21,2,1,0.8,1.91,1.2695833333333335
-7.3,4,11,21,2,1,1.18,0.77,1.2541666666666667
9.6,3,14,21,2,1,0.4,0.3,1.3225
14.1,1,14,21,2,1,1.94,1.57,1.33375
32.0,3,15,21,2,1,1.84,1.77,1.3266666666666667
30.2,5,17,21,2,1,1.6,1.05,1.3225
8.4,1,18,21,2,1,0.95,1.74,1.305
3.1,5,19,21,2,1,1.32,1.06,1.3220833333333333
15.3,2,19,21,2,1,1.47,0.58,1.3425
-1.2,5,19,21,2,1,1.07,1.38,1.325
33.7,5,20,21,2,1,0.96,1.98,1.2870833333333334
-5.8,3,22,21,2,1,1.07,1.79,1.2883333333333333
34.1,3,22,21,2,1,1.82,1.78,1.2754166666666669
7.1,3,23,21,2,1,1.47,1.93,1.2070833333333333
33.5,3,23,21,2,1,0.29,0.59,1.215
12.4,5,0,22,2,2,0.78,0.74,1.2541666666666667
18.9,3,0,22,2,2,1.68,1.95,1.24875
-8.0,3,1,22,2,2,1.82,1.89,1.2216666666666667
18.0,4,4,22,2,2,1.24,0.68,1.2483333333333333
1.3,5,5,22,2,2,1.32,1.11,1.2595833333333333
1.0,5,5,22,2,2,1.38,1.99,1.2125
20.2,3,5,22,2,2,0.86,0.97,1.2108333333333332
23.6,5,6,22,2,2,0.93,0.87,1.2545833333333334
27.8,4,6,22,2,2,1.92,0.8,1.2758333333333332
22.1,3,9,22,2,2,1.31,1.18,1.2904166666666665
24.8,1,10,22,2,2,1.53,0.4,1.3545833333333333
0.0,3,10,22,2,2,1.94,1.94,1.3404166666666668
2.8,5,11,22,2,2,1.6,1.84,1.3370833333333332
32.4,4,12,22,2,2,1.76,1.6,1.3233333333333335
29.1,1,12,22,2,2,1.27,0.95,1.3045833333333334
26.7,3,12,22,2,2,0.5,1.32,1.3275000000000001
-7.4,4,13,22,2,2,1.87,1.47,1.3325
32.6,2,13,22,2,2,1.59,1.07,1.3566666666666667
3.2,4,14,22,2,2,1.65,0.96,1.3262500000000002
-7.5,5,18,22,2,2,0.23,1.07,1.3045833333333334
25.3,1,18,22,2,2,0.55,1.82,1.2950000000000002
2.5,2,19,22,2,2,1.59,1.47,1.2545833333333334
9.0,4,21,22,2,2,0.5,0.29,1.3054166666666667
-0.4,3,23,22,2,2,1.51,0.78,1.3175
-10.0,3,1,23,2,3,1.07,1.68,1.2874999999999999
-1.3,1,1,23,2,3,0.96,1.82,1.2708333333333333
37.7,2,2,23,2,3,1.42,1.24,1.2633333333333334
2.7,3,2,23,2,3,1.06,1.32,1.2675
20.7,2,4,23,2,3,1.42,1.38,1.2379166666666668
-3.2,2,4,23,2,3,0.67,0.86,1.2475
-2.1,4,5,23,2,3,1.09,0.93,1.2837500000000002
12.7,4,6,23,2,3,1.8,1.92,1.2629166666666667
4.7,4,7,23,2,3,1.42,1.31,1.2304166666666667
33.3,3,8,23,2,3,0.53,1.53,1.18375
17.7,3,8,23,2,3,0.41,1.94,1.18125
11.3,2,9,23,2,3,1.88,1.6,1.1658333333333333
1.9,2,11,23,2,3,1.23,1.76,1.1570833333333332
4.5,4,12,23,2,3,1.55,1.27,1.1566666666666667
-0.7,2,12,23,2,3,1.26,0.5,1.1504166666666666
11.5,3,12,23,2,3,0.35,1.87,1.0841666666666667
-5.9,1,13,23,2,3,0.28,1.59,1.0833333333333333
-1.1,2,14,23,2,3,1.57,1.65,1.0725
1.6,1,17,23,2,3,1.39,0.23,1.1383333333333334
1.2,3,19,23,2,3,1.81,0.55,1.1824999999999999
35.3,4,21,23,2,3,1.61,1.59,1.16875
35.6,1,23,23,2,3,1.26,0.5,1.215
17.0,4,0,24,2,4,1.61,1.51,1.1841666666666668
-0.5,4,1,24,2,4,0.77,1.07,1.1541666666666668
38.9,5,1,24,2,4,0.35,0.96,1.1254166666666667
17.1,1,2,24,2,4,0.27,1.42,1.0783333333333334
30.9,1,3,24,2,4,0.29,1.06,1.0916666666666666
11.3,2,3,24,2,4,1.38,1.42,1.08
31.5,5,4,24,2,4,1.14,0.67,1.1058333333333332
6.4,4,4,24,2,4,1.29,1.09,1.1054166666666667
4.4,1,5,24,2,4,1.08,1.8,1.0604166666666666
-1.7,4,5,24,2,4,0.72,1.42,1.0429166666666667
2.6,1,5,24,2,4,1.0,0.53,1.1025
32.8,2,5,24,2,4,1.96,0.41,1.1420833333333333
35.7,1,6,24,2,4,1.36,1.88,1.1358333333333335
-8.6,3,6,24,2,4,1.73,1.23,1.0966666666666667
15.2,4,6,24,2,4,0.29,1.55,1.1145833333333333
6.0,3,6,24,2,4,1.98,1.26,1.1129166666666666
0.8,3,8,24,2,4,1.22,0.35,1.15375
33.6,2,9,24,2,4,1.33,0.28,1.18125
13.3,5,10,24,2,4,0.94,1.57,1.17875
29.0,2,11,24,2,4,1.51,1.39,1.14625
32.1,1,11,24,2,4,0.61,1.81,1.0845833333333335
-6.4,1,11,24,2,4,0.33,1.61,1.0574999999999999
20.4,2,11,24,2,4,0.96,1.26,1.02
31.4,3,14,24,2,4,0.36,1.61,1.0041666666666667
23.6,1,14,24,2,4,1.23,0.77,1.0470833333333334
34.7,5,17,24,2,4,1.8,0.35,1.10875
-7.9,5,20,24,2,4,1.83,0.27,1.1775
8.4,2,20,24,2,4,1.92,0.29,1.2091666666666667
14.2,4,20,24,2,4,1.05,1.38,1.17625
-9.4,5,21,24,2,4,0.59,1.14,1.1845833333333333
15.2,5,21,24,2,4,1.34,1.29,1.155
7.1,2,23,24,2,4,0.58,1.08,1.1670833333333333
-9.1,3,23,24,2,4,1.37,0.72,1.1683333333333332
17.8,1,0,25,2,5,0.75,1.0,1.1945833333333333
17.5,3,1,25,2,5,1.63,1.96,1.1666666666666667
1.1,4,1,25,2,5,1.29,1.36,1.1504166666666666
20.6,3,2,25,2,5,0.97,1.73,1.1233333333333333
25.0,4,2,25,2,5,1.08,0.29,1.12625
29.0,5,2,25,2,5,0.36,1.98,1.0916666666666666
32.9,5,2,25,2,5,1.15,1.22,1.0850000000000002
27.2,4,3,25,2,5,1.06,1.33,1.09
13.5,4,8,25,2,5,1.45,0.94,1.1066666666666667
21.1,5,8,25,2,5,1.34,1.51,1.09625
-3.3,4,9,25,2,5,1.26,0.61,1.1470833333333335
14.1,3,9,25,2,5,1.83,0.33,1.1883333333333332
17.3,2,9,25,2,5,1.32,0.96,1.1870833333333335
8.5,4,10,25,2,5,0.93,0.36,1.1879166666666665
12.3,5,13,25,2,5,0.38,1.23,1.2166666666666668
5.3,3,14,25,2,5,1.92,1.8,1.17625
-5.6,5,15,25,2,5,0.83,1.83,1.1320833333333333
38.1,2,18,25,2,5,0.77,1.92,1.0979166666666667
34.8,5,21,25,2,5,1.1,1.05,1.1079166666666667
-3.9,1,22,25,2,5,1.29,0.59,1.09375
31.9,3,22,25,2,5,0.25,1.34,1.0866666666666667
15.1,2,22,25,2,5,1.17,0.58,1.0904166666666666
35.6,1,0,26,2,6,0.67,1.37,1.0791666666666668
32.1,1,0,26,2,6,1.1,0.75,1.0745833333333334
14.1,2,3,26,2,6,0.64,1.63,1.0799999999999998
-2.1,5,4,26,2,6,1.76,1.29,1.06
16.9,5,4,26,2,6,0.81,0.97,1.0720833333333333
16.0,3,5,26,2,6,1.26,1.08,1.0991666666666666
27.0,2,6,26,2,6,1.73,0.36,1.1666666666666667
2.0,4,7,26,2,6,1.98,1.15,1.1641666666666668
-8.9,4,8,26,2,6,1.09,1.06,1.1475
36.7,1,9,26,2,6,0.66,1.45,1.1133333333333333
-0.5,3,11,26,2,6,0.63,1.34,1.0683333333333334
12.5,5,13,26,2,6,0.26,1.26,1.0483333333333336
31.7,5,13,26,2,6,0.78,1.83,1.0154166666666666
10.8,1,13,26,2,6,1.04,1.32,0.9833333333333334
2.7,2,13,26,2,6,0.55,0.93,0.9658333333333333
39.1,5,14,26,2,6,0.51,0.38,1.0250000000000001
-4.0,2,14,26,2,6,1.8,1.92,0.9641666666666667
13.1,2,15,26,2,6,0.46,0.83,0.9441666666666667
37.7,2,17,26,2,6,0.35,0.77,0.9212500000000001
-6.6,3,18,26,2,6,0.22,1.1,0.9083333333333333
19.0,2,19,26,2,6,0.79,1.29,0.9279166666666666
39.2,4,19,26,2,6,1.76,0.25,0.96875
8.7,4,20,26,2,6,1.23,1.17,0.9370833333333333
30.1,2,20,26,2,6,0.41,0.67,0.97375
38.2,2,23,26,2,6,1.55,1.1,0.9725
2.1,2,3,27,2,0,1.07,0.64,1.0033333333333332
-3.3,1,3,27,2,0,1.38,1.76,1.0008333333333332
-4.6,2,3,27,2,0,1.7,0.81,0.9774999999999999
6.1,3,4,27,2,0,0.25,1.26,0.9529166666666667
21.3,2,5,27,2,0,0.67,1.73,0.9420833333333333
37.1,3,6,27,2,0,1.47,1.98,0.8879166666666666
36.4,5,10,27,2,0,0.68,1.09,0.8516666666666667
1.6,1,11,27,2,0,0.22,0.66,0.8929166666666667
-8.9,4,11,27,2,0,1.65,0.63,0.8762500000000001
13.9,3,12,27,2,0,0.23,0.26,0.8895833333333333
39.4,1,12,27,2,0,0.58,0.78,0.8879166666666668
10.6,1,14,27,2,0,0.74,1.04,0.8716666666666666
31.4,4,15,27,2,0,0.65,0.55,0.9004166666666666
28.5,5,16,27,2,0,1.24,0.51,0.9283333333333333
12.7,2,17,27,2,0,1.18,1.8,0.9191666666666666
-4.9,4,20,27,2,0,1.58,0.46,0.9795833333333333
1.8,2,21,27,2,0,1.91,0.35,1.0054166666666668
17.0,5,22,27,2,0,0.97,0.22,1.0395833333333333
13.2,5,22,27,2,0,1.04,0.79,1.0466666666666666
4.4,4,23,27,2,0,0.96,1.76,1.0108333333333335
35.9,1,0,28,2,1,0.9,1.23,0.9891666666666667
21.1,5,2,28,2,1,0.71,0.41,0.9966666666666667
14.4,2,4,28,2,1,0.59,1.55,0.9920833333333333
14.2,5,6,28,2,1,1.44,1.07,1.0154166666666666
11.9,4,8,28,2,1,1.63,1.38,1.0170833333333333
6.0,3,8,28,2,1,1.42,1.7,0.9983333333333334
31.5,5,13,28,2,1,1.25,0.25,1.05
26.4,1,14,28,2,1,1.49,0.67,1.0487499999999998
8.9,5,14,28,2,1,0.64,1.47,1.0079166666666668
-5.9,5,15,28,2,1,0.49,0.68,1.0579166666666666
19.1,4,17,28,2,1,1.88,0.22,1.0629166666666665
4.1,3,18,28,2,1,0.34,1.65,1.0383333333333333
-6.8,3,18,28,2,1,1.06,0.23,1.07375
1.4,4,19,28,2,1,1.08,0.58,1.0916666666666668
6.2,1,20,28,2,1,1.01,0.74,1.09625
37.9,5,20,28,2,1,0.85,0.65,1.0841666666666667
12.5,3,21,28,2,1,0.36,1.24,1.0625
4.8,4,22,28,2,1,0.72,1.18,1.0275
-7.5,3,22,28,2,1,0.34,1.58,0.9983333333333334
27.4,1,0,1,3,2,0.88,1.91,0.945
-7.3,4,1,1,3,2,0.63,0.97,0.9679166666666666
12.1,4,2,1,3,2,1.52,1.04,0.9574999999999999
26.4,3,4,1,3,2,0.79,0.96,0.9929166666666666
8.2,2,4,1,3,2,1.81,0.9,1.02375
21.8,5,4,1,3,2,1.64,0.71,1.03
27.7,4,4,1,3,2,0.86,0.59,1.045
12.2,5,5,1,3,2,0.95,1.44,1.0554166666666667
19.8,3,7,1,3,2,1.69,1.63,1.015
-2.0,4,11,1,3,2,0.66,1.42,0.9908333333333333
8.9,2,11,1,3,2,0.84,1.25,0.9741666666666666
1.1,3,11,1,3,2,0.85,1.49,0.9562500000000002
32.1,1,11,1,3,2,1.06,0.64,0.9975
32.1,5,11,1,3,2,1.63,0.49,0.9929166666666666
22.4,5,12,1,3,2,0.38,1.88,0.9929166666666666
24.4,5,16,1,3,2,1.88,0.34,1.02125
14.9,2,21,1,3,2,1.02,1.06,1.0504166666666668
-3.9,2,21,1,3,2,1.76,1.08,1.07375
30.3,4,22,1,3,2,1.64,1.01,1.0599999999999998
13.1,2,0,2,3,3,0.68,0.85,1.0725
28.5,1,1,2,3,3,1.15,0.36,1.1129166666666668
11.9,2,2,2,3,3,1.33,0.72,1.1504166666666666
13.9,1,3,2,3,3,1.62,0.34,1.1975
29.7,5,3,2,3,3,1.47,0.88,1.18
-3.3,5,4,2,3,3,0.46,0.63,1.2283333333333333
32.4,3,4,2,3,3,1.79,1.52,1.18625
24.2,3,4,2,3,3,0.51,0.79,1.2141666666666666
26.8,1,11,2,3,3,1.46,1.81,1.2008333333333334
24.9,2,11,2,3,3,1.49,1.64,1.1891666666666667
-7.5,1,12,2,3,3,1.36,0.86,1.1779166666666667
-5.6,5,14,2,3,3,0.59,0.95,1.1508333333333334
2.9,2,14,2,3,3,0.3,1.69,1.1620833333333331
29.3,4,15,2,3,3,1.96,0.66,1.1975
37.0,5,16,2,3,3,1.51,0.84,1.1958333333333333
20.5,4,16,2,3,3,0.8,0.85,1.1758333333333335
7.8,4,17,2,3,3,0.37,1.06,1.1458333333333333
14.0,3,17,2,3,3,0.34,1.63,1.0879166666666666
1.2,3,18,2,3,3,0.24,0.38,1.1204166666666666
36.5,2,20,2,3,3,1.16,1.88,1.07
10.9,5,20,2,3,3,0.67,1.02,1.0929166666666665
-2.9,1,22,2,3,3,1.57,1.76,1.06625
2.5,3,22,2,3,3,1.12,1.64,1.0433333333333332
31.3,2,22,2,3,3,1.09,0.68,1.0954166666666667
29.7,4,23,2,3,3,1.93,1.15,1.1087500000000001
24.9,3,0,3,3,4,1.47,1.33,1.0729166666666667
-2.9,3,1,3,3,4,0.47,1.62,1.0845833333333332
13.3,4,1,3,3,4,1.9,1.47,1.0754166666666667
20.4,5,1,3,3,4,1.25,0.46,1.1058333333333332
0.7,5,2,3,3,4,1.19,1.79,1.0483333333333333
3.3,3,3,3,3,4,0.41,0.51,1.10375
-3.8,4,4,3,3,4,1.84,1.46,1.0670833333333334
28.4,4,5,3,3,4,0.58,1.49,1.0254166666666666
17.7,2,6,3,3,4,0.49,1.36,1.0504166666666668
8.7,3,7,3,3,4,1.96,0.59,1.0675
5.2,1,8,3,3,4,1.0,0.3,1.1308333333333331
13.6,2,9,3,3,4,1.82,1.96,1.1245833333333335
29.0,2,10,3,3,4,1.81,1.51,1.0704166666666668
7.2,3,10,3,3,4,0.21,0.8,1.0833333333333333
31.3,2,11,3,3,4,1.11,0.37,1.1341666666666665
25.9,1,11,3,3,4,1.59,0.34,1.1537499999999998
19.0,1,15,3,3,4,0.81,0.24,1.1770833333333333
-3.1,5,15,3,3,4,0.8,1.16,1.1916666666666667
8.9,4,17,3,3,4,1.51,0.67,1.1741666666666668
5.0,1,18,3,3,4,0.25,1.57,1.1858333333333333
25.0,1,20,3,3,4,1.85,1.12,1.1941666666666666
38.1,1,20,3,3,4,1.32,1.09,1.2212500000000002
38.2,2,22,3,3,4,1.74,1.93,1.2020833333333334
39.8,4,23,3,3,4,1.47,1.47,1.1841666666666666
6.8,4,23,3,3,4,1.04,0.47,1.2354166666666666
13.8,3,2,4,3,5,1.7,1.9,1.1945833333333333
30.0,2,2,4,3,5,0.92,1.25,1.1725
-6.2,5,3,4,3,5,0.72,1.19,1.145
21.2,3,5,4,3,5,0.53,0.41,1.19
38.0,1,9,4,3,5,1.49,1.84,1.1754166666666668
22.6,5,11,4,3,5,1.49,0.58,1.1841666666666668
1.4,4,11,4,3,5,0.79,0.49,1.23875
-5.6,2,11,4,3,5,1.8,1.96,1.2045833333333336
-4.9,4,12,4,3,5,1.14,1.0,1.2195833333333335
-6.8,2,12,4,3,5,1.36,1.82,1.1733333333333336
35.5,3,12,4,3,5,0.71,1.81,1.1441666666666668
7.1,1,13,4,3,5,1.11,0.21,1.2141666666666666
30.2,2,15,4,3,5,1.89,1.11,1.1958333333333333
35.5,5,15,4,3,5,0.67,1.59,1.1904166666666667
2.8,4,16,4,3,5,1.46,0.81,1.1695833333333334
7.5,1,17,4,3,5,0.31,0.8,1.1533333333333333
-6.3,3,17,4,3,5,0.41,1.51,1.1033333333333333
38.8,1,17,4,3,5,0.31,0.25,1.1616666666666666
-3.4,4,18,4,3,5,1.65,1.85,1.1108333333333333
24.0,1,18,4,3,5,0.63,1.32,1.0791666666666666
-0.6,1,19,4,3,5,0.56,1.74,1.0466666666666666
37.0,5,20,4,3,5,0.96,1.47,1.0020833333333334
-3.5,4,20,4,3,5,0.4,1.04,1.0308333333333335
30.6,2,21,4,3,5,1.73,1.7,1.0175
17.2,5,22,4,3,5,1.38,0.92,1.0475
39.4,1,23,4,3,5,1.64,0.72,1.0520833333333333
25.4,3,0,5,3,6,0.83,0.53,1.0608333333333333
-2.3,4,4,5,3,6,0.74,1.49,1.0091666666666665
33.8,1,5,5,3,6,0.25,1.49,0.9941666666666666
12.4,3,8,5,3,6,1.13,0.79,1.0420833333333333
27.6,3,9,5,3,6,1.94,1.8,1.0075
33.0,4,11,5,3,6,0.97,1.14,0.9995833333333333
3.2,2,12,5,3,6,0.95,1.36,1.0079166666666666
31.6,5,13,5,3,6,1.56,0.71,1.0591666666666666
27.4,4,13,5,3,6,1.94,1.11,1.03
10.7,3,16,5,3,6,0.41,1.89,1.02375
9.7,5,17,5,3,6,1.74,0.67,1.04
35.0,3,18,5,3,6,1.06,1.46,0.9966666666666666
14.1,5,20,5,3,6,0.42,0.31,1.06
-3.7,5,20,5,3,6,1.83,0.41,1.0516666666666665
33.9,4,21,5,3,6,0.21,0.31,1.0683333333333334
1.8,4,22,5,3,6,0.71,1.65,1.0529166666666667
35.3,2,22,5,3,6,1.28,0.63,1.0391666666666668
33.7,4,0,6,3,0,0.3,0.56,1.0475
39.8,2,1,6,3,0,0.76,0.96,1.0704166666666668
37.3,4,1,6,3,0,1.51,0.4,1.1075
11.9,2,3,6,3,0,1.29,1.73,1.09
1.2,5,4,6,3,0,1.31,1.38,1.06375
26.9,4,4,6,3,0,0.75,1.64,1.0775
-8.9,5,4,6,3,0,1.97,0.83,1.0779166666666666
12.4,4,5,6,3,0,0.84,0.74,1.10625
-4.4,2,6,6,3,0,1.42,0.25,1.1070833333333334
21.4,2,7,6,3,0,0.27,1.13,1.1045833333333333
-2.2,2,11,6,3,0,1.07,1.94,1.04125
35.4,2,11,6,3,0,0.42,0.97,1.0283333333333333
12.7,4,11,6,3,0,0.66,0.95,1.0208333333333333
11.4,4,11,6,3,0,0.77,1.56,1.01875
23.4,4,12,6,3,0,1.51,1.94,0.9812500000000001
9.0,3,13,6,3,0,1.04,0.41,1.00375
1.5,4,14,6,3,0,0.95,1.74,0.97375
24.3,1,16,6,3,0,1.02,1.06,0.96
8.8,3,17,6,3,0,0.73,0.42,1.0220833333333335
30.2,1,17,6,3,0,1.91,1.83,1.0279166666666666
17.4,4,17,6,3,0,1.97,0.21,1.0641666666666667
-4.6,4,17,6,3,0,1.08,0.71,1.0608333333333333
29.2,2,18,6,3,0,0.63,1.28,1.0529166666666667
6.1,3,18,6,3,0,1.09,0.3,1.0695833333333333
18.6,3,19,6,3,0,0.7,0.76,1.06
3.7,2,20,6,3,0,0.53,1.51,1.0566666666666666
32.6,5,21,6,3,0,1.43,1.29,1.0420833333333335
-7.3,2,21,6,3,0,0.94,1.31,1.0495833333333333
-8.4,3,21,6,3,0,1.49,0.75,1.0875000000000001
-0.2,3,21,6,3,0,1.66,1.97,1.0583333333333333
22.3,5,22,6,3,0,1.27,0.84,1.0658333333333332
22.6,3,22,6,3,0,1.02,1.42,1.0883333333333334
27.2,2,23,6,3,0,1.96,0.27,1.1125
2.8,3,23,6,3,0,0.85,1.07,1.1175
-4.6,4,0,7,3,1,1.19,0.42,1.14875
16.2,5,2,7,3,1,1.17,0.66,1.1504166666666666
-8.9,5,2,7,3,1,0.7,0.77,1.19125
11.0,3,2,7,3,1,1.75,1.51,1.1395833333333332
1.9,5,2,7,3,1,0.27,1.04,1.1079166666666667
7.7,5,4,7,3,1,0.28,0.95,1.1512499999999999
3.4,5,4,7,3,1,1.99,1.02,1.1216666666666666
1.9,1,6,7,3,1,0.31,0.73,1.1416666666666666
2.7,4,6,7,3,1,1.21,1.91,1.11
-9.7,2,6,7,3,1,1.15,1.97,1.0841666666666667
-5.4,1,7,7,3,1,1.35,1.08,1.1095833333333334
2.2,4,9,7,3,1,1.69,0.63,1.1495833333333334
-7.0,2,9,7,3,1,1.59,1.09,1.1841666666666666
27.1,3,10,7,3,1,1.92,0.7,1.21
10.5,1,11,7,3,1,1.32,0.53,1.2058333333333333
32.5,3,11,7,3,1,0.43,1.43,1.16625
12.5,1,12,7,3,1,0.48,0.94,1.19875
40.0,5,12,7,3,1,1.72,1.49,1.1558333333333333
5.4,1,13,7,3,1,0.46,1.66,1.14
-2.7,1,14,7,3,1,1.28,1.27,1.1004166666666666
4.6,2,15,7,3,1,0.32,1.02,1.1354166666666667
-4.2,4,15,7,3,1,1.86,1.96,1.1191666666666666
-5.7,2,16,7,3,1,1.57,0.85,1.09875
5.3,3,16,7,3,1,0.36,1.19,1.1170833333333334
2.2,5,16,7,3,1,1.63,1.17,1.1241666666666668
36.1,3,18,7,3,1,1.34,0.7,1.1141666666666665
19.9,4,18,7,3,1,0.46,1.75,1.0645833333333334
38.3,5,20,7,3,1,0.56,0.27,1.0804166666666666
21.2,3,20,7,3,1,0.65,0.28,1.1233333333333333
27.0,4,21,7,3,1,1.31,1.99,1.0666666666666667
38.7,3,22,7,3,1,0.63,0.31,1.0633333333333335
29.3,1,22,7,3,1,0.23,1.21,1.07875
-9.2,2,22,7,3,1,1.58,1.15,1.0804166666666666
-7.7,4,1,8,3,2,1.19,1.35,1.0758333333333334
3.8,4,1,8,3,2,1.24,1.69,1.02875
22.7,2,2,8,3,2,0.56,1.59,1.0183333333333333
20.0,2,4,8,3,2,1.34,1.92,0.9991666666666666
18.6,5,5,8,3,2,1.46,1.32,1.02
13.8,2,6,8,3,2,1.82,0.43,1.0729166666666667
22.1,4,8,8,3,2,1.7,0.48,1.1158333333333335
25.0,1,8,8,3,2,1.51,1.72,1.12125
10.1,5,8,8,3,2,1.85,0.46,1.1745833333333333
13.4,4,9,8,3,2,1.74,1.28,1.1633333333333333
-8.8,3,9,8,3,2,1.01,0.32,1.2020833333333334
-9.3,5,9,8,3,2,1.25,1.86,1.15375
22.0,5,11,8,3,2,0.7,1.57,1.1504166666666666
36.2,4,11,8,3,2,1.49,0.36,1.1516666666666666
-5.9,4,12,8,3,2,0.39,1.63,1.16125
22.2,5,14,8,3,2,1.86,1.34,1.15875
11.5,4,14,8,3,2,1.28,0.46,1.1995833333333334
0.7,4,15,8,3,2,1.44,0.56,1.1929166666666666
20.1,3,16,8,3,2,0.4,0.65,1.2325000000000002
-3.5,5,16,8,3,2,1.6,1.31,1.2291666666666667
30.4,5,18,8,3,2,1.23,0.63,1.2741666666666667
-5.6,2,20,8,3,2,1.71,0.23,1.2845833333333332
25.6,3,21,8,3,2,0.48,1.58,1.25
8.0,1,21,8,3,2,0.75,1.19,1.2820833333333332
33.9,5,21,8,3,2,1.96,1.24,1.2508333333333332
-6.3,1,0,9,3,3,0.49,0.56,1.2933333333333332
-3.1,2,0,9,3,3,1.58,1.34,1.2908333333333333
35.8,4,0,9,3,3,1.28,1.46,1.2883333333333333
31.0,4,1,9,3,3,1.4,1.82,1.2945833333333334
35.1,4,2,9,3,3,1.97,1.7,1.2558333333333331
20.4,5,3,9,3,3,0.77,1.51,1.2341666666666666
0.5,5,7,9,3,3,0.99,1.85,1.1720833333333334
-3.7,2,7,9,3,3,0.36,1.74,1.1520833333333333
2.6,4,7,9,3,3,1.26,1.01,1.1358333333333333
32.9,1,8,9,3,3,0.62,1.25,1.1120833333333333
15.8,1,9,9,3,3,0.68,0.7,1.1079166666666667
3.1,3,10,9,3,3,0.6,1.49,1.0716666666666668
38.6,1,10,9,3,3,0.62,0.39,1.075
22.0,5,10,9,3,3,0.47,1.86,1.0695833333333333
32.6,4,11,9,3,3,1.73,1.28,1.0491666666666666
35.1,4,13,9,3,3,0.79,1.44,1.02
38.5,5,14,9,3,3,0.74,0.4,1.0391666666666668
20.1,1,14,9,3,3,0.86,1.6,0.9858333333333333
37.7,1,15,9,3,3,0.32,1.23,1.0087499999999998
-0.9,5,15,9,3,3,1.78,1.71,1.00375
9.8,3,17,9,3,3,1.59,0.48,1.0354166666666667
15.5,2,18,9,3,3,1.24,0.75,1.07875
6.5,4,19,9,3,3,1.79,1.96,1.0195833333333333
13.8,1,19,9,3,3,0.54,0.49,1.0483333333333333
10.0,5,23,9,3,3,1.18,1.58,1.0358333333333334
10.5,1,23,9,3,3,1.28,1.28,1.0270833333333333
37.6,5,3,10,3,4,1.07,1.4,1.0166666666666666
10.0,1,3,10,3,4,1.15,1.97,0.9504166666666668
4.0,2,3,10,3,4,0.38,0.77,0.9787500000000001
9.8,2,3,10,3,4,1.45,0.99,0.98875
31.7,4,4,10,3,4,1.23,0.36,1.0158333333333334
-6.4,1,5,10,3,4,1.01,1.26,0.9787499999999999
16.5,3,5,10,3,4,0.37,0.62,0.9670833333333334
13.0,3,7,10,3,4,0.34,0.68,1.0004166666666667
-3.8,4,7,10,3,4,1.48,0.6,1.0270833333333333
22.0,4,7,10,3,4,1.24,0.62,1.0733333333333333
34.7,5,8,10,3,4,1.73,0.47,1.0641666666666667
-1.8,5,8,10,3,4,0.25,1.73,1.0070833333333333
1.7,1,9,10,3,4,0.36,0.79,1.0262499999999999
7.4,3,9,10,3,4,1.25,0.74,1.0279166666666666
-4.2,5,10,10,3,4,0.78,0.86,1.04375
31.0,4,11,10,3,4,1.24,0.32,1.0658333333333332
39.3,5,11,10,3,4,0.85,1.78,1.0020833333333334
4.9,2,11,10,3,4,0.25,1.59,0.9620833333333333
39.4,2,11,10,3,4,0.63,1.24,0.9204166666666667
6.9,4,12,10,3,4,0.24,1.79,0.8604166666666666
33.2,4,12,10,3,4,0.35,0.54,0.8479166666666668
-7.1,2,13,10,3,4,0.24,1.18,0.8541666666666666
32.2,3,14,10,3,4,1.33,1.28,0.8745833333333334
39.9,3,14,10,3,4,1.77,1.07,0.8650000000000001
38.8,2,17,10,3,4,0.84,1.15,0.8766666666666668
23.0,1,18,10,3,4,1.43,0.38,0.9316666666666666
35.8,3,19,10,3,4,1.7,1.45,0.9283333333333333
21.2,5,19,10,3,4,1.37,1.23,0.9112499999999999
2.4,5,19,10,3,4,0.82,1.01,0.9162500000000001
25.5,4,20,10,3,4,1.13,0.37,0.92125
25.5,4,1,11,3,5,0.49,0.34,0.9745833333333334
20.3,1,1,11,3,5,1.62,1.48,0.9370833333333333
-9.4,1,2,11,3,5,0.58,1.24,0.9516666666666668
11.0,5,2,11,3,5,1.59,1.73,0.9208333333333334
27.3,3,4,11,3,5,0.99,0.25,0.9220833333333335
16.2,5,4,11,3,5,0.28,0.36,0.9341666666666667
-2.2,2,7,11,3,5,0.65,1.25,0.94625
28.3,2,8,11,3,5,1.54,0.78,0.9620833333333333
16.4,5,8,11,3,5,1.16,1.24,0.9750000000000001
37.5,2,9,11,3,5,1.55,0.85,0.9958333333333335
-1.7,3,9,11,3,5,1.35,0.25,1.035
25.9,2,10,11,3,5,1.19,0.63,1.0754166666666667
25.8,2,10,11,3,5,1.6,0.24,1.0799999999999998
13.4,3,10,11,3,5,0.35,0.35,1.0791666666666668
13.3,5,10,11,3,5,0.33,0.24,1.1454166666666665
1.7,5,11,11,3,5,1.83,1.33,1.1283333333333334
-3.6,1,11,11,3,5,0.92,1.77,1.0804166666666668
1.8,3,11,11,3,5,0.62,0.84,1.0887499999999999
11.0,3,12,11,3,5,1.04,1.43,1.07625
-8.4,2,13,11,3,5,1.13,1.7,1.0687499999999999
2.5,1,13,11,3,5,1.52,1.37,1.0779166666666666
20.7,4,13,11,3,5,1.59,0.82,1.0954166666666667
32.7,1,13,11,3,5,1.24,1.13,1.0591666666666666
2.7,2,14,11,3,5,0.26,0.49,1.0991666666666668
32.2,1,15,11,3,5,1.45,1.62,1.0704166666666668
14.8,3,18,11,3,5,0.93,0.58,1.08375
28.7,5,19,11,3,5,0.9,1.59,1.0858333333333334
15.2,5,21,11,3,5,1.64,0.99,1.0604166666666666
37.9,4,21,11,3,5,0.38,0.28,1.0991666666666666
14.4,1,22,11,3,5,1.21,0.65,1.1233333333333333
8.4,1,22,11,3,5,1.23,1.54,1.08375
-7.4,5,23,11,3,5,0.59,1.16,1.0466666666666666
15.5,4,0,12,3,6,0.27,1.55,1.0204166666666665
-3.3,3,3,12,3,6,0.92,1.35,1.0008333333333332
-8.5,2,3,12,3,6,0.88,1.19,0.9770833333333333
4.5,4,3,12,3,6,0.62,1.6,0.9775
5.8,2,3,12,3,6,1.61,0.35,1.0008333333333335
-8.8,3,3,12,3,6,0.91,0.33,0.9975
38.8,2,4,12,3,6,0.25,1.83,0.9729166666666668
31.7,3,6,12,3,6,1.24,0.92,0.9700000000000001
3.8,2,6,12,3,6,0.85,0.62,0.9933333333333333
30.9,1,6,12,3,6,1.18,1.04,0.9991666666666666
35.1,1,6,12,3,6,1.18,1.13,1.0095833333333333
25.6,2,6,12,3,6,1.38,1.52,0.9770833333333333
30.6,3,7,12,3,6,0.74,1.59,0.9216666666666667
17.3,5,10,12,3,6,0.26,1.24,0.8791666666666665
9.5,4,11,12,3,6,0.22,0.26,0.9229166666666667
-1.2,4,12,12,3,6,1.31,1.45,0.9308333333333332
-4.2,4,12,12,3,6,1.64,0.93,0.9529166666666665
7.0,2,14,12,3,6,1.46,0.9,0.9666666666666667
20.7,1,18,12,3,6,1.23,1.64,0.9408333333333333
-8.5,3,19,12,3,6,1.02,0.38,0.9862500000000001
32.6,4,20,12,3,6,1.47,1.21,0.9970833333333333
10.0,5,20,12,3,6,1.47,1.23,1.0033333333333332
-5.3,5,21,12,3,6,1.38,0.59,1.0374999999999999
-2.4,5,21,12,3,6,1.41,0.27,1.0954166666666667
34.6,5,21,12,3,6,1.66,0.92,1.14
7.3,1,21,12,3,6,1.99,0.88,1.1154166666666667
13.7,4,22,12,3,6,0.29,0.62,1.14125
28.9,4,22,12,3,6,1.24,1.61,1.14
24.8,5,0,13,3,0,1.58,0.91,1.1779166666666665
-8.6,2,1,13,3,0,1.82,0.25,1.2483333333333333
-7.3,2,2,13,3,0,1.94,1.24,1.2691666666666668
-0.2,5,2,13,3,0,1.74,0.85,1.2966666666666666
30.6,1,3,13,3,0,1.51,1.18,1.3208333333333333
23.8,1,3,13,3,0,1.76,1.18,1.3308333333333333
31.5,2,3,13,3,0,1.42,1.38,1.3554166666666667
15.5,5,6,13,3,0,1.97,0.74,1.3991666666666667
11.5,1,6,13,3,0,1.79,0.26,1.4133333333333333
10.2,1,7,13,3,0,0.6,0.22,1.4645833333333333
25.9,2,10,13,3,0,1.45,1.31,1.4645833333333333
2.0,4,10,13,3,0,1.31,1.64,1.4520833333333334
-4.8,1,10,13,3,0,1.34,1.46,1.4666666666666668
-4.3,2,11,13,3,0,1.81,1.23,1.4433333333333331
-6.4,2,11,13,3,0,0.67,1.02,1.4145833333333335
11.7,4,12,13,3,0,0.33,1.47,1.406666666666667
37.8,1,13,13,3,0,1.28,1.47,1.4183333333333337
-1.1,2,13,13,3,0,1.75,1.38,1.4329166666666666
17.2,5,14,13,3,0,1.73,1.41,1.4341666666666668
12.9,3,14,13,3,0,1.44,1.66,1.4437499999999999
15.4,3,14,13,3,0,1.89,1.99,1.3875
7.0,4,15,13,3,0,0.64,0.29,1.4337499999999999
2.3,1,16,13,3,0,1.4,1.24,1.4420833333333334
3.3,5,18,13,3,0,1.44,1.58,1.4179166666666667
19.8,1,19,13,3,0,1.0,1.82,1.3579166666666664
39.6,1,20,13,3,0,0.38,1.94,1.2862500000000001
9.5,3,20,13,3,0,0.22,1.74,1.2308333333333332
15.4,3,21,13,3,0,0.41,1.51,1.19625
23.2,4,21,13,3,0,0.68,1.76,1.2
27.1,1,21,13,3,0,1.85,1.42,1.1895833333333334
2.0,4,23,13,3,0,1.17,1.97,1.1766666666666665
21.1,3,23,13,3,0,1.66,1.79,1.1120833333333333
6.1,2,1,14,3,1,0.24,0.6,1.1058333333333332
-6.3,3,1,14,3,1,0.45,1.45,1.0599999999999998
29.7,2,2,14,3,1,0.35,1.31,1.0416666666666667
21.4,1,5,14,3,1,0.87,1.34,1.0354166666666667
35.1,5,5,14,3,1,1.19,1.81,0.9787500000000001
0.2,3,6,14,3,1,0.45,0.67,0.9670833333333332
24.2,1,7,14,3,1,0.39,0.33,0.9720833333333334
10.3,5,9,14,3,1,0.45,1.28,0.9662499999999999
22.1,2,9,14,3,1,1.14,1.75,0.9329166666666667
35.7,5,10,14,3,1,0.95,1.73,0.9312499999999999
6.2,2,11,14,3,1,1.69,1.44,0.8841666666666667
38.9,4,12,14,3,1,0.31,1.89,0.8450000000000001
23.9,3,12,14,3,1,0.95,0.64,0.8320833333333333
8.4,5,13,14,3,1,0.33,1.4,0.8470833333333334
0.9,1,13,14,3,1,1.76,1.44,0.8316666666666667
-9.6,5,14,14,3,1,1.07,1.0,0.8508333333333334
17.1,4,17,14,3,1,1.46,0.38,0.91125
-2.1,1,17,14,3,1,1.83,0.22,0.9670833333333332
26.4,1,17,14,3,1,1.56,0.41,0.9958333333333332
39.1,2,20,14,3,1,1.1,0.68,1.0091666666666665
10.8,5,21,14,3,1,1.0,1.85,1.0054166666666668
9.0,1,21,14,3,1,1.76,1.17,1.0045833333333334
28.1,3,21,14,3,1,1.15,1.66,1.0166666666666666
32.8,5,22,14,3,1,1.95,0.24,1.0729166666666667
0.3,5,22,14,3,1,1.59,0.45,1.1270833333333334
33.7,3,23,14,3,1,1.75,0.35,1.1595833333333332
-0.4,1,0,15,3,2,1.13,0.87,1.1545833333333333
38.4,2,1,15,3,2,0.75,1.19,1.1441666666666668
-5.0,5,1,15,3,2,0.94,0.45,1.1962499999999998
0.2,3,3,15,3,2,1.7,0.39,1.2125000000000001
27.1,2,4,15,3,2,0.78,0.45,1.2249999999999999
4.7,5,5,15,3,2,0.75,1.14,1.2095833333333335
34.4,4,6,15,3,2,0.77,0.95,1.23125
8.2,3,7,15,3,2,1.47,1.69,1.2008333333333334
23.3,2,8,15,3,2,0.96,0.31,1.2279166666666665
11.8,4,8,15,3,2,0.96,0.95,1.235
16.3,3,9,15,3,2,1.12,0.33,1.2595833333333333
10.4,3,9,15,3,2,0.92,1.76,1.2125000000000001
36.7,3,9,15,3,2,0.63,1.07,1.2033333333333334
36.1,3,10,15,3,2,0.85,1.46,1.16125
24.7,4,10,15,3,2,0.45,1.83,1.1383333333333334
38.3,4,11,15,3,2,1.28,1.56,1.1170833333333334
34.5,5,12,15,3,2,1.05,1.1,1.0995833333333334
7.4,4,15,15,3,2,0.68,1.0,1.1058333333333332
39.0,3,18,15,3,2,1.15,1.76,1.0820833333333333
21.5,1,18,15,3,2,1.19,1.15,1.0941666666666665
-7.2,5,18,15,3,2,1.44,1.95,1.0425
16.2,4,18,15,3,2,0.71,1.59,1.0516666666666667
17.2,4,19,15,3,2,1.81,1.75,1.0475
22.4,5,21,15,3,2,1.65,1.13,1.0720833333333333
9.5,4,23,15,3,2,1.72,0.75,1.1020833333333333
12.1,1,0,16,3,3,1.47,0.94,1.07875
-0.9,4,2,16,3,3,0.38,1.7,1.0716666666666668
36.6,5,3,16,3,3,1.53,0.78,1.1066666666666667
37.0,5,3,16,3,3,1.62,0.75,1.0954166666666667
28.2,3,4,16,3,3,0.48,0.77,1.1158333333333335
18.9,4,5,16,3,3,1.26,1.47,1.1158333333333335
16.5,2,7,16,3,3,1.47,0.96,1.1116666666666666
35.6,4,7,16,3,3,0.86,0.96,1.0975
21.7,4,7,16,3,3,0.62,1.12,1.10375
24.8,3,8,16,3,3,1.27,0.92,1.1300000000000001
23.7,3,8,16,3,3,1.55,0.63,1.1620833333333334
24.7,3,9,16,3,3,1.4,0.85,1.1804166666666667
26.1,3,10,16,3,3,1.29,0.45,1.20625
-1.6,5,11,16,3,3,1.07,1.28,1.1925000000000001
6.7,1,11,16,3,3,0.95,1.05,1.17125
4.1,1,12,16,3,3,0.54,0.68,1.1633333333333333
3.6,3,12,16,3,3,0.49,1.15,1.1429166666666666
14.4,5,14,16,3,3,0.66,1.19,1.1191666666666666
0.7,2,14,16,3,3,0.62,1.44,1.1254166666666667
36.8,2,15,16,3,3,1.59,0.71,1.125
0.7,5,15,16,3,3,0.7,1.81,1.0995833333333334
3.3,2,19,16,3,3,1.2,1.65,1.06625
26.2,4,20,16,3,3,0.85,1.72,1.06875
10.1,3,20,16,3,3,1.78,1.47,1.0233333333333332
1.2,1,21,16,3,3,0.38,0.38,1.0891666666666666
21.4,1,21,16,3,3,1.96,1.53,1.1033333333333333
-9.1,5,21,16,3,3,1.87,1.62,1.0733333333333335
31.5,5,22,16,3,3,0.9,0.48,1.13625
21.3,3,22,16,3,3,1.99,1.26,1.1479166666666667
28.8,5,23,16,3,3,1.54,1.47,1.1329166666666668
29.8,5,23,16,3,3,1.11,0.86,1.1070833333333334
39.4,1,0,17,3,4,0.24,0.62,1.1533333333333333
-4.7,1,0,17,3,4,1.73,1.27,1.1145833333333333
25.6,4,1,17,3,4,0.34,1.55,1.1041666666666667
16.9,1,2,17,3,4,1.3,1.4,1.0783333333333334
14.1,5,2,17,3,4,0.78,1.29,1.1029166666666665
27.5,2,2,17,3,4,1.88,1.07,1.1316666666666666
39.8,2,3,17,3,4,1.76,0.95,1.10375
-1.5,2,3,17,3,4,0.28,0.54,1.1320833333333333
0.6,5,3,17,3,4,1.22,0.49,1.1495833333333334
8.6,2,3,17,3,4,0.91,0.66,1.1975
11.3,2,4,17,3,4,1.81,0.62,1.2279166666666665
-0.5,3,5,17,3,4,1.35,1.59,1.1770833333333333
24.5,2,5,17,3,4,0.37,0.7,1.1708333333333334
36.4,1,6,17,3,4,0.55,1.2,1.1858333333333333
1.0,2,8,17,3,4,1.56,0.85,1.2075
8.6,2,9,17,3,4,1.37,1.78,1.2008333333333334
31.5,2,9,17,3,4,1.62,0.38,1.2179166666666668
20.5,1,9,17,3,4,0.79,1.96,1.1933333333333334
6.4,4,10,17,3,4,1.37,1.87,1.1833333333333333
27.9,5,11,17,3,4,1.63,0.9,1.1583333333333334
15.6,3,12,17,3,4,0.3,1.99,1.1129166666666668
28.7,1,12,17,3,4,0.9,1.54,1.1195833333333332
0.6,3,13,17,3,4,1.7,1.11,1.13875
20.5,2,14,17,3,4,1.57,0.24,1.1433333333333333
25.9,4,15,17,3,4,0.35,1.73,1.1183333333333334
9.2,1,16,17,3,4,1.13,0.34,1.14375
2.7,5,16,17,3,4,0.95,1.3,1.1408333333333334
7.9,1,18,17,3,4,1.23,0.78,1.1395833333333332
24.1,4,18,17,3,4,0.75,1.88,1.1304166666666666
-9.2,2,19,17,3,4,1.66,1.76,1.1233333333333333
2.4,1,19,17,3,4,1.59,0.28,1.1204166666666666
-5.9,4,20,17,3,4,0.21,1.22,1.1170833333333334
19.5,3,23,17,3,4,1.14,0.91,1.0908333333333335
20.9,2,23,17,3,4,0.28,1.81,1.0854166666666667
34.5,1,23,17,3,4,1.68,1.35,1.0737500000000002
8.3,3,23,17,3,4,1.07,0.37,1.1241666666666668
0.5,3,1,18,3,5,1.58,0.55,1.16875
-8.5,1,3,18,3,5,1.62,1.56,1.1429166666666666
25.5,2,3,18,3,5,0.94,1.37,1.1383333333333334
-3.3,1,4,18,3,5,1.26,1.62,1.1475
7.4,3,5,18,3,5,1.84,0.79,1.1254166666666667
28.3,3,5,18,3,5,0.26,1.37,1.13625
35.9,4,6,18,3,5,1.63,1.63,1.0870833333333334
-3.5,3,6,18,3,5,0.45,0.3,1.1233333333333333
2.3,4,6,18,3,5,1.17,0.9,1.1329166666666668
-2.4,2,8,18,3,5,1.13,1.7,1.0958333333333334
-9.9,1,9,18,3,5,0.81,1.57,1.0854166666666667
-9.7,2,9,18,3,5,1.32,0.35,1.1104166666666666
35.6,3,12,18,3,5,0.95,1.13,1.0808333333333333
22.0,5,12,18,3,5,0.42,0.95,1.0791666666666668
6.2,5,13,18,3,5,0.91,1.23,1.05
39.0,5,14,18,3,5,0.53,0.75,1.0516666666666667
9.0,5,15,18,3,5,0.79,1.66,1.0641666666666667
1.3,1,15,18,3,5,1.96,1.59,1.0470833333333334
35.8,5,16,18,3,5,1.18,0.21,1.0579166666666666
7.1,3,16,18,3,5,0.47,1.14,1.025
39.1,2,17,18,3,5,0.35,0.28,1.0316666666666665
5.7,3,17,18,3,5,0.44,1.68,1.0308333333333333
10.1,4,17,18,3,5,1.66,1.07,1.0541666666666665
15.7,4,18,18,3,5,1.63,1.58,1.0591666666666668
7.6,1,18,18,3,5,1.7,1.62,1.0083333333333333
24.4,4,18,18,3,5,0.4,0.94,0.9891666666666667
1.2,3,20,18,3,5,0.48,1.26,0.9916666666666667
10.0,2,21,18,3,5,1.32,1.84,0.9466666666666667
35.8,1,23,18,3,5,0.76,0.26,0.9829166666666667
-6.9,3,23,18,3,5,1.13,1.63,0.9933333333333333
-6.4,1,23,18,3,5,1.88,0.45,1.0379166666666666
14.0,1,23,18,3,5,1.52,1.17,1.0129166666666667
1.6,3,2,19,3,6,0.57,1.13,1.0341666666666667
19.1,3,2,19,3,6,1.64,0.81,1.0250000000000001
11.4,4,2,19,3,6,0.59,1.32,1.02
34.9,4,2,19,3,6,1.2,0.95,1.04625
19.8,5,3,19,3,6,1.58,0.42,1.08375
18.7,1,5,19,3,6,1.32,0.91,1.1175
-4.9,4,6,19,3,6,1.72,0.53,1.1554166666666665
2.6,2,6,19,3,6,1.44,0.79,1.1758333333333333
-8.4,2,6,19,3,6,1.28,1.96,1.1495833333333332
23.9,5,7,19,3,6,1.33,1.18,1.1658333333333333
3.4,5,9,19,3,6,1.57,0.47,1.2025
-6.6,3,9,19,3,6,1.35,0.35,1.2270833333333335
38.2,4,10,19,3,6,0.94,0.44,1.2604166666666667
19.1,1,10,19,3,6,1.24,1.66,1.2558333333333334
4.5,1,10,19,3,6,1.55,1.63,1.22625
39.5,5,11,19,3,6,0.92,1.7,1.1754166666666666
1.5,2,12,19,3,6,0.48,0.4,1.2104166666666667
30.6,5,12,19,3,6,1.24,0.48,1.2025
14.0,2,13,19,3,6,0.29,1.32,1.1683333333333332
-1.4,4,14,19,3,6,0.5,0.76,1.1516666666666666
-8.0,3,14,19,3,6,0.36,1.13,1.1266666666666667
21.9,5,14,19,3,6,0.53,1.88,1.1133333333333333
-5.2,2,15,19,3,6,1.56,1.52,1.0720833333333333
30.2,1,15,19,3,6,0.53,0.57,1.0574999999999999
22.0,1,17,19,3,6,0.22,1.64,1.0591666666666666
24.2,5,18,19,3,6,1.68,0.59,1.09625
0.8,1,18,19,3,6,1.48,1.2,1.0791666666666666
-4.8,2,19,19,3,6,0.79,1.58,1.0233333333333334
8.9,5,20,19,3,6,0.24,1.32,1.0441666666666667
5.6,1,21,19,3,6,1.82,1.72,0.98375
6.5,2,23,19,3,6,0.27,1.44,0.9425
18.9,1,0,20,3,0,0.45,1.28,0.9208333333333334
21.5,2,0,20,3,0,0.76,1.33,0.9008333333333334
-3.4,1,0,20,3,0,0.85,1.57,0.8541666666666666
9.6,2,1,20,3,0,0.45,1.35,0.8191666666666667
1.4,1,2,20,3,0,0.51,0.94,0.8483333333333333
9.7,4,2,20,3,0,1.64,1.24,0.8220833333333334
25.7,2,4,20,3,0,0.61,1.55,0.8254166666666666
25.1,1,7,20,3,0,1.63,0.92,0.8366666666666668
32.5,2,8,20,3,0,1.19,0.48,0.8670833333333334
38.3,1,10,20,3,0,1.21,1.24,0.8883333333333333
3.8,2,10,20,3,0,1.75,0.29,0.9204166666666667
9.0,1,10,20,3,0,1.06,0.5,0.9700000000000001
24.5,4,12,20,3,0,1.69,0.36,1.01625
21.3,5,12,20,3,0,1.47,0.53,1.0487499999999998
-7.1,1,12,20,3,0,1.31,1.56,0.9941666666666666
30.6,2,12,20,3,0,0.25,0.53,1.0320833333333332
1.9,2,12,20,3,0,1.44,0.22,1.0975
30.2,3,13,20,3,0,1.79,1.68,1.105
25.6,1,13,20,3,0,1.86,1.48,1.1079166666666667
19.2,5,14,20,3,0,1.55,0.79,1.0987500000000001
-0.8,5,17,20,3,0,0.57,0.24,1.1199999999999999
-5.0,4,19,20,3,0,0.75,1.82,1.115
15.4,3,20,20,3,0,1.7,0.27,1.1183333333333334
11.1,3,20,20,3,0,0.35,0.45,1.1379166666666667
13.3,3,22,20,3,0,0.92,0.76,1.15625
28.0,2,22,20,3,0,1.2,0.85,1.1541666666666666
13.3,4,23,20,3,0,0.8,0.45,1.1570833333333335
2.2,2,1,21,3,1,0.52,0.51,1.19625
31.9,3,2,21,3,1,1.45,1.64,1.15
3.6,1,2,21,3,1,0.53,0.61,1.17625
32.4,3,3,21,3,1,1.24,1.63,1.1725
30.0,4,4,21,3,1,1.54,1.19,1.1708333333333332
14.0,3,6,21,3,1,1.15,1.21,1.1870833333333333
16.2,1,7,21,3,1,1.6,1.75,1.1458333333333333
-1.9,1,8,21,3,1,0.76,1.06,1.1166666666666667
19.5,4,8,21,3,1,0.36,1.69,1.0670833333333334
14.1,5,10,21,3,1,0.5,1.47,1.06375
39.8,5,11,21,3,1,1.39,1.31,1.0850000000000002
-2.8,5,12,21,3,1,1.82,0.25,1.1229166666666668
18.7,1,12,21,3,1,1.16,1.44,1.145
0.3,2,13,21,3,1,1.97,1.79,1.1170833333333334
17.1,2,13,21,3,1,1.12,1.86,1.0916666666666668
21.6,3,13,21,3,1,1.25,1.55,1.0879166666666666
-4.3,1,14,21,3,1,1.46,0.57,1.1225
35.1,1,16,21,3,1,1.4,0.75,1.16875
24.3,3,16,21,3,1,1.86,1.7,1.15125
4.7,4,16,21,3,1,1.28,0.35,1.1804166666666667
0.1,1,16,21,3,1,1.05,0.92,1.1725
0.8,5,17,21,3,1,0.73,1.2,1.1966666666666665
-0.3,4,17,21,3,1,1.78,0.8,1.2404166666666667
37.2,2,18,21,3,1,1.85,0.52,1.265
-1.3,4,19,21,3,1,1.11,1.45,1.27
29.5,4,19,21,3,1,1.57,0.53,1.2958333333333334
32.6,3,20,21,3,1,1.15,1.24,1.305
32.3,5,20,21,3,1,1.46,1.54,1.3116666666666668
31.8,5,21,21,3,1,1.7,1.15,1.3266666666666669
23.8,4,21,21,3,1,1.51,1.6,1.3333333333333333
26.0,5,22,21,3,1,1.76,0.76,1.3595833333333331
4.1,1,22,21,3,1,1.39,0.36,1.3579166666666664
9.6,4,0,22,3,2,0.32,0.5,1.3683333333333332
6.9,4,2,22,3,2,0.75,1.39,1.3299999999999998
-5.9,3,2,22,3,2,0.47,1.82,1.33625
-4.5,1,4,22,3,2,1.97,1.16,1.3041666666666667
26.3,1,4,22,3,2,0.39,1.97,1.305
6.0,4,5,22,3,2,1.99,1.12,1.32
12.0,5,6,22,3,2,1.48,1.25,1.285
38.1,5,7,22,3,2,0.41,1.46,1.2354166666666668
26.7,1,9,22,3,2,0.27,1.4,1.1925
13.3,2,9,22,3,2,0.37,1.86,1.1895833333333334
15.5,2,11,22,3,2,1.79,1.28,1.2004166666666667
-0.9,1,11,22,3,2,1.54,1.05,1.2116666666666667
15.7,2,11,22,3,2,1.32,0.73,1.2291666666666667
40.0,5,13,22,3,2,1.15,1.78,1.18
20.4,4,14,22,3,2,0.6,1.85,1.11625
-9.7,3,14,22,3,2,0.32,1.11,1.0870833333333334
24.7,1,14,22,3,2,0.41,1.57,1.105
35.3,1,15,22,3,2,2.0,1.15,1.0791666666666666
-5.1,1,16,22,3,2,0.53,1.46,1.065
27.9,4,16,22,3,2,1.12,1.7,1.04125
18.7,5,17,22,3,2,1.13,1.51,1.0258333333333332
-0.8,3,19,22,3,2,1.14,1.76,1.0179166666666666
-1.3,4,20,22,3,2,1.57,1.39,0.9704166666666666
16.7,5,20,22,3,2,0.25,0.32,1.0008333333333332
6.9,5,20,22,3,2,1.05,0.75,1.01
-5.1,5,21,22,3,2,0.97,0.47,1.0229166666666667
9.2,5,21,22,3,2,0.78,1.97,0.9770833333333333
24.1,5,23,22,3,2,0.87,0.39,0.97375
24.3,1,23,22,3,2,0.31,1.99,0.9508333333333333
8.7,4,0,23,3,3,1.44,1.48,0.91375
-6.7,1,0,23,3,3,0.59,0.41,0.9375
-1.0,2,0,23,3,3,0.98,0.27,0.9499999999999998
37.7,5,2,23,3,3,0.57,0.37,0.9495833333333334
4.3,3,4,23,3,3,0.36,1.79,0.8879166666666666
17.3,4,4,23,3,3,0.31,1.54,0.8808333333333334
37.6,5,4,23,3,3,1.37,1.32,0.8633333333333333
13.4,1,5,23,3,3,0.9,1.15,0.8470833333333334
7.4,3,5,23,3,3,0.76,0.6,0.8791666666666668
33.6,4,6,23,3,3,1.37,0.32,0.8804166666666666
4.2,1,6,23,3,3,0.35,0.41,0.9141666666666666
22.2,1,8,23,3,3,1.22,2.0,0.8975
36.3,2,9,23,3,3,1.6,0.53,0.9008333333333334
15.6,4,11,23,3,3,0.61,1.12,0.9145833333333333
-0.7,1,11,23,3,3,1.45,1.13,0.8937500000000002
26.3,1,11,23,3,3,0.63,1.14,0.8979166666666667
25.0,3,12,23,3,3,1.24,1.57,0.8408333333333333
-7.7,4,12,23,3,3,0.2,0.25,0.8579166666666667
-2.5,1,13,23,3,3,0.66,1.05,0.8395833333333332
5.2,5,15,23,3,3,0.61,0.97,0.8562500000000001
30.4,1,16,23,3,3,1.37,0.78,0.8879166666666668
11.7,1,17,23,3,3,1.54,0.87,0.8658333333333333
33.7,5,17,23,3,3,0.34,0.31,0.8704166666666667
14.2,5,18,23,3,3,0.42,1.44,0.82875
-2.9,2,19,23,3,3,0.44,0.59,0.84375
22.9,3,21,23,3,3,0.95,0.98,0.855
36.9,3,21,23,3,3,1.25,0.57,0.8562500000000001
36.7,3,22,23,3,3,0.6,0.36,0.8729166666666667
38.5,3,22,23,3,3,0.76,0.31,0.9058333333333334
17.4,4,23,23,3,3,1.1,1.37,0.9274999999999999
-1.5,1,0,24,3,4,1.89,0.9,0.8991666666666668
-5.8,1,0,24,3,4,0.22,0.76,0.94625
11.4,1,1,24,3,4,1.89,1.37,0.9666666666666668
11.4,3,2,24,3,4,1.86,0.35,0.9879166666666667
29.3,2,5,24,3,4,0.86,1.22,1.0058333333333334
19.0,4,5,24,3,4,1.65,1.6,1.0154166666666666
10.7,1,6,24,3,4,1.83,0.61,0.9991666666666666
34.2,5,6,24,3,4,0.22,1.45,0.9575
4.6,2,8,24,3,4,0.45,0.63,0.9729166666666665
6.5,5,8,24,3,4,1.0,1.24,0.9504166666666666
27.3,1,8,24,3,4,0.7,0.2,1.0066666666666666
13.4,1,8,24,3,4,1.55,0.66,1.0450000000000002
6.4,4,8,24,3,4,1.58,0.61,1.0858333333333334
3.6,1,10,24,3,4,1.59,1.37,1.0870833333333334
13.4,2,10,24,3,4,1.4,1.54,1.0520833333333333
11.4,4,10,24,3,4,0.7,0.34,1.1029166666666665
-5.5,2,13,24,3,4,1.56,0.42,1.1083333333333334
18.6,3,13,24,3,4,0.55,0.44,1.1354166666666667
18.5,5,13,24,3,4,1.09,0.95,1.1395833333333332
-5.0,1,13,24,3,4,1.05,1.25,1.1537499999999998
-6.3,4,14,24,3,4,1.59,0.6,1.1670833333333335
0.9,4,14,24,3,4,0.92,0.76,1.1775
20.0,5,14,24,3,4,1.01,1.1,1.1675
-3.5,5,15,24,3,4,0.86,1.89,1.1108333333333333
23.0,5,16,24,3,4,0.53,0.22,1.1195833333333334
13.4,4,16,24,3,4,0.43,1.89,1.0870833333333334
25.7,4,16,24,3,4,1.11,1.86,1.0504166666666668
28.4,5,18,24,3,4,0.98,0.86,1.03875
-8.8,5,20,24,3,4,0.58,1.65,1.0254166666666669
-8.1,5,20,24,3,4,1.33,1.83,1.0104166666666667
27.3,1,21,24,3,4,1.47,0.22,1.0508333333333335
-5.2,2,22,24,3,4,1.19,0.45,1.0450000000000002
-0.7,2,22,24,3,4,0.31,1.0,1.0158333333333334
34.2,3,22,24,3,4,0.3,0.7,1.0191666666666668
16.9,4,23,24,3,4,0.78,1.55,0.9666666666666668
7.9,3,0,25,3,5,0.29,1.58,0.9241666666666667
-9.8,5,0,25,3,5,0.56,1.59,0.9075000000000001
26.4,4,1,25,3,5,1.19,1.4,0.9250000000000002
3.3,5,1,25,3,5,1.82,0.7,0.9054166666666666
2.7,2,1,25,3,5,0.23,1.56,0.9054166666666666
15.6,4,2,25,3,5,1.56,0.55,0.8941666666666667
27.8,2,5,25,3,5,0.28,1.09,0.9254166666666667
34.5,4,5,25,3,5,1.84,1.05,0.9504166666666668
39.2,5,9,25,3,5,1.65,1.59,0.8949999999999999
36.3,5,9,25,3,5,0.26,0.92,0.8745833333333334
-2.9,5,10,25,3,5,0.43,1.01,0.8829166666666666
-7.9,1,10,25,3,5,1.21,0.86,0.9283333333333333
38.5,3,11,25,3,5,1.95,0.53,0.9641666666666667
1.6,3,13,25,3,5,1.39,0.43,0.9729166666666665
26.1,5,13,25,3,5,0.64,1.11,0.9462499999999999
19.4,5,13,25,3,5,0.47,0.98,0.9499999999999998
23.2,4,14,25,3,5,1.07,0.58,0.99375
12.8,2,15,25,3,5,1.63,1.33,1.0091666666666665
16.2,2,15,25,3,5,1.7,1.47,1.0229166666666667
2.4,1,17,25,3,5,1.8,1.19,1.0091666666666665
-3.4,5,21,25,3,5,0.86,0.31,1.0508333333333333
32.6,4,22,25,3,5,1.31,0.3,1.0712499999999998
13.2,5,22,25,3,5,0.79,0.78,1.10375
39.9,2,0,26,3,6,1.56,0.29,1.1141666666666665
14.3,4,0,26,3,6,0.54,0.56,1.1508333333333334
0.6,3,1,26,3,6,1.44,1.19,1.17875
-4.5,5,2,26,3,6,1.86,1.82,1.1779166666666667
-8.9,1,2,26,3,6,1.8,0.23,1.2295833333333335
-2.8,5,3,26,3,6,1.47,1.56,1.17625
-9.0,2,5,26,3,6,0.28,0.28,1.2008333333333334
31.4,2,6,26,3,6,0.87,1.84,1.2016666666666664
16.5,3,7,26,3,6,1.86,1.65,1.2016666666666667
31.9,2,7,26,3,6,1.65,0.26,1.2416666666666665
37.8,4,7,26,3,6,1.22,0.43,1.2929166666666665
29.1,5,8,26,3,6,1.66,1.21,1.2829166666666667
23.3,5,8,26,3,6,0.97,1.95,1.2762499999999999
30.1,4,8,26,3,6,1.79,1.39,1.24875
31.8,1,8,26,3,6,0.73,0.64,1.23375
-6.9,3,10,26,3,6,0.28,0.47,1.27375
1.0,4,10,26,3,6,1.43,1.07,1.27625
29.8,4,11,26,3,6,1.13,1.63,1.2570833333333333
31.0,3,12,26,3,6,1.17,1.7,1.25875
29.8,5,13,26,3,6,1.74,1.8,1.26375
34.8,4,14,26,3,6,1.92,0.86,1.2420833333333332
25.4,1,15,26,3,6,0.34,1.31,1.2041666666666666
8.5,1,16,26,3,6,0.4,0.79,1.2404166666666667
39.2,4,16,26,3,6,1.66,1.56,1.2316666666666667
20.8,2,16,26,3,6,1.35,0.54,1.27125
14.0,2,17,26,3,6,1.49,1.44,1.2379166666666666
38.4,1,18,26,3,6,0.64,1.86,1.2304166666666665
9.7,5,19,26,3,6,1.68,1.8,1.1991666666666665
-2.0,2,19,26,3,6,1.05,1.47,1.1854166666666666
33.3,2,20,26,3,6,1.14,0.28,1.2049999999999998
1.6,4,0,27,3,0,0.75,0.87,1.1954166666666668
3.9,1,1,27,3,0,0.64,1.86,1.175
39.3,1,2,27,3,0,1.37,1.65,1.17125
26.2,4,4,27,3,0,1.56,1.22,1.1991666666666667
19.2,4,5,27,3,0,1.89,1.66,1.21125
-2.6,2,6,27,3,0,1.95,0.97,1.1866666666666668
34.7,1,6,27,3,0,0.38,1.79,1.18375
-4.6,1,7,27,3,0,1.72,0.73,1.2325
10.4,3,8,27,3,0,1.9,0.28,1.2316666666666667
15.1,3,8,27,3,0,0.26,1.43,1.2204166666666667
11.8,5,9,27,3,0,1.16,1.13,1.2041666666666666
-7.9,3,9,27,3,0,0.74,1.17,1.1925000000000001
11.8,5,9,27,3,0,0.89,1.74,1.1791666666666667
-9.4,3,10,27,3,0,1.42,1.92,1.11375
-8.5,1,10,27,3,0,0.35,0.34,1.1470833333333335
-9.2,1,12,27,3,0,1.14,0.4,1.1970833333333333
23.9,3,12,27,3,0,1.6,1.66,1.1845833333333333
33.4,4,13,27,3,0,1.36,1.35,1.17875
-4.5,2,13,27,3,0,1.21,1.49,1.1775
-7.7,1,13,27,3,0,1.46,0.64,1.2304166666666667
33.3,1,14,27,3,0,1.91,1.68,1.1995833333333332
2.0,4,14,27,3,0,0.94,1.05,1.2375
35.4,5,14,27,3,0,1.96,1.14,1.2625
35.6,5,14,27,3,0,1.74,0.75,1.3095833333333333
-3.0,4,14,27,3,0,1.88,0.64,1.29625
6.5,4,15,27,3,0,0.32,1.37,1.2812499999999998
35.3,3,16,27,3,0,1.01,1.56,1.2420833333333332
0.5,3,16,27,3,0,0.62,1.89,1.2033333333333334
12.7,4,17,27,3,0,0.96,1.95,1.1312499999999999
12.0,2,18,27,3,0,0.22,0.38,1.1291666666666667
-1.5,3,19,27,3,0,0.33,1.72,1.0908333333333333
33.7,3,19,27,3,0,0.8,1.9,1.0816666666666668
4.7,3,19,27,3,0,1.68,0.26,1.1375
15.8,1,20,27,3,0,1.6,1.16,1.1716666666666666
33.1,5,20,27,3,0,1.98,0.74,1.1770833333333333
25.4,5,21,27,3,0,0.87,0.89,1.1641666666666666
24.2,5,23,27,3,0,0.58,1.42,1.1720833333333334
30.5,2,23,27,3,0,1.61,0.35,1.2141666666666666
26.0,1,0,28,3,1,1.36,1.14,1.2033333333333334
12.7,3,1,28,3,1,0.88,1.6,1.1895833333333334
8.8,3,2,28,3,1,1.27,1.36,1.21125
14.6,1,3,28,3,1,1.88,1.21,1.215
28.1,5,4,28,3,1,1.3,1.46,1.2041666666666666
25.6,1,4,28,3,1,1.2,1.91,1.1470833333333335
24.0,3,4,28,3,1,0.54,0.94,1.1258333333333335
10.7,1,7,28,3,1,0.43,1.96,1.0808333333333333
-4.9,4,7,28,3,1,0.88,1.74,1.0641666666666667
23.0,2,7,28,3,1,1.34,1.88,1.0333333333333334
26.6,3,7,28,3,1,1.14,0.32,1.0416666666666667
33.0,1,7,28,3,1,0.52,1.01,1.06
29.5,3,8,28,3,1,1.45,0.62,1.1120833333333333
26.0,2,8,28,3,1,1.87,0.96,1.1525
30.4,5,8,28,3,1,1.93,0.22,1.2016666666666667
35.2,3,9,28,3,1,1.4,0.33,1.1995833333333332
10.5,1,11,28,3,1,0.28,0.8,1.2008333333333334
10.6,2,14,28,3,1,0.83,1.68,1.1741666666666666
25.7,5,15,28,3,1,1.04,1.6,1.14875
30.3,3,16,28,3,1,0.99,1.98,1.1383333333333334
31.9,4,16,28,3,1,1.73,0.87,1.1395833333333332
27.3,4,16,28,3,1,0.9,0.58,1.1520833333333333
9.0,4,17,28,3,1,0.88,1.61,1.1099999999999999
-0.8,5,17,28,3,1,0.6,1.36,1.1125
11.0,3,19,28,3,1,1.42,0.88,1.145
20.1,5,21,28,3,1,1.66,1.27,1.1341666666666665
18.0,5,22,28,3,1,1.01,1.88,1.1270833333333334
12.0,5,4,29,3,2,1.71,1.3,1.1375
11.4,4,5,29,3,2,1.55,1.2,1.1633333333333333
26.5,2,5,29,3,2,1.82,0.54,1.2079166666666665
10.0,1,5,29,3,2,1.61,0.43,1.2645833333333332
19.8,4,5,29,3,2,1.79,0.88,1.2862500000000001
-0.3,3,6,29,3,2,1.4,1.34,1.2766666666666666
14.3,1,6,29,3,2,1.11,1.14,1.2575
18.2,1,6,29,3,2,0.68,0.52,1.29375
18.3,2,7,29,3,2,1.39,1.45,1.2970833333333334
7.0,2,7,29,3,2,1.53,1.87,1.2783333333333333
-9.1,1,7,29,3,2,1.42,1.93,1.2395833333333333
16.8,3,7,29,3,2,1.0,1.4,1.25375
-0.3,3,10,29,3,2,1.74,0.28,1.2679166666666666
-1.3,3,10,29,3,2,0.62,0.83,1.3029166666666667
-9.3,5,11,29,3,2,1.67,1.04,1.30875
36.9,2,11,29,3,2,1.18,0.99,1.32
6.8,4,12,29,3,2,1.26,1.73,1.265
7.8,3,14,29,3,2,0.41,0.9,1.2366666666666668
26.9,4,15,29,3,2,0.22,0.88,1.2525
29.8,4,15,29,3,2,1.26,0.6,1.2979166666666668
28.3,2,16,29,3,2,1.69,1.42,1.2787499999999998
13.2,4,17,29,3,2,0.96,1.66,1.2362499999999998
36.9,2,18,29,3,2,0.64,1.01,1.2066666666666668
-6.8,4,19,29,3,2,0.3,1.71,1.1908333333333334
5.3,3,19,29,3,2,1.33,1.55,1.13625
20.9,5,20,29,3,2,0.24,1.82,1.1424999999999998
34.0,5,20,29,3,2,1.97,1.61,1.1079166666666667
24.6,1,21,29,3,2,0.78,1.79,1.085
39.4,3,22,29,3,2,1.24,1.4,1.06375
-2.1,4,23,29,3,2,0.89,1.11,1.0733333333333333
34.3,1,1,30,3,3,1.34,0.68,1.1158333333333335
13.1,3,2,30,3,3,1.7,1.39,1.07625
19.6,4,2,30,3,3,0.44,1.53,1.0266666666666666
24.3,2,3,30,3,3,0.34,1.42,0.99125
16.4,1,3,30,3,3,0.57,1.0,0.9708333333333333
11.7,3,4,30,3,3,0.51,1.74,0.9566666666666667
21.6,4,4,30,3,3,1.4,0.62,0.9808333333333333
-8.4,3,6,30,3,3,1.2,1.67,0.9483333333333333
3.2,1,6,30,3,3,0.89,1.18,0.9362499999999999
36.5,1,6,30,3,3,0.89,1.26,0.94625
15.7,5,6,30,3,3,1.5,0.41,0.9879166666666667
30.2,1,7,30,3,3,1.41,0.22,1.0579166666666666
1.0,2,7,30,3,3,1.9,1.26,1.0362500000000001
2.8,3,11,30,3,3,0.74,1.69,1.0025
5.3,2,13,30,3,3,0.88,0.96,1.0125
34.6,4,13,30,3,3,1.2,0.64,1.0670833333333334
10.1,2,15,30,3,3,1.95,0.3,1.1187500000000001
-1.9,5,15,30,3,3,1.54,1.33,1.1045833333333333
27.8,5,15,30,3,3,0.99,0.24,1.1604166666666667
10.0,1,16,30,3,3,1.58,1.97,1.12125
29.8,5,16,30,3,3,1.03,0.78,1.1466666666666667
14.4,2,20,30,3,3,1.39,1.24,1.1416666666666668
10.8,2,20,30,3,3,1.12,0.89,1.1741666666666666
8.6,1,22,30,3,3,1.67,1.34,1.1587500000000002
35.0,5,22,30,3,3,0.97,1.7,1.1029166666666665
-2.6,2,23,30,3,3,0.36,0.44,1.1391666666666667
6.7,2,23,30,3,3,1.31,0.34,1.1416666666666668
38.4,2,23,30,3,3,0.4,0.57,1.1691666666666667
12.5,2,23,30,3,3,1.23,0.51,1.2283333333333333
29.4,4,0,31,3,4,1.93,1.4,1.2483333333333333
18.7,5,0,31,3,4,1.88,1.2,1.23
-4.6,5,1,31,3,4,0.76,0.89,1.21875
26.9,4,5,31,3,4,0.62,0.89,1.2591666666666665
27.1,3,6,31,3,4,1.86,1.5,1.2208333333333334
8.6,3,7,31,3,4,0.58,1.41,1.2220833333333332
22.5,4,8,31,3,4,1.44,1.9,1.21375
7.8,5,10,31,3,4,1.7,0.74,1.2116666666666667
18.4,4,10,31,3,4,0.69,0.88,1.25375
13.7,5,12,31,3,4,1.89,1.2,1.2679166666666666
14.6,2,12,31,3,4,1.54,1.95,1.2279166666666668
27.3,5,12,31,3,4,0.99,1.54,1.2458333333333333
6.5,1,12,31,3,4,1.97,0.99,1.2841666666666667
-5.5,1,12,31,3,4,1.91,1.58,1.2541666666666667
25.2,5,13,31,3,4,0.86,1.03,1.2245833333333334
0.1,5,13,31,3,4,0.32,1.39,1.2166666666666666
6.0,3,13,31,3,4,1.2,1.12,1.23875
-1.2,1,14,31,3,4,1.65,1.67,1.2091666666666667
14.7,4,14,31,3,4,0.96,0.97,1.2291666666666667
11.0,5,16,31,3,4,1.45,0.36,1.255
33.3,5,16,31,3,4,0.98,1.31,1.2758333333333334
30.6,3,17,31,3,4,1.81,0.4,1.3204166666666666
-6.2,5,18,31,3,4,1.47,1.23,1.3216666666666668
17.6,3,19,31,3,4,1.26,1.93,1.2566666666666666
18.1,2,21,31,3,4,0.37,1.88,1.21875
11.4,4,23,31,3,4,0.97,0.76,1.26875
25.8,4,0,1,4,5,1.96,0.62,1.2791666666666666
-0.9,2,1,1,4,5,0.87,1.86,1.2754166666666666
13.5,4,1,1,4,5,1.77,0.58,1.33125
25.1,3,3,1,4,5,1.92,1.44,1.3070833333333334
28.6,5,5,1,4,5,0.86,1.7,1.3045833333333332
28.1,5,5,1,4,5,1.64,0.69,1.3095833333333333
27.3,4,5,1,4,5,0.81,1.89,1.2570833333333333
7.6,2,6,1,4,5,0.63,1.54,1.2195833333333332
4.6,2,6,1,4,5,0.64,0.99,1.2408333333333332
-7.6,3,7,1,4,5,1.5,1.97,1.1975
38.4,5,8,1,4,5,0.93,1.91,1.1300000000000001
2.6,1,8,1,4,5,0.29,0.86,1.1525
27.7,5,9,1,4,5,1.4,0.32,1.2208333333333334
14.8,3,9,1,4,5,1.96,1.2,1.1833333333333333
2.7,4,10,1,4,5,0.3,1.65,1.1820833333333332
21.1,4,11,1,4,5,1.62,0.96,1.1854166666666668
10.4,4,13,1,4,5,1.04,1.45,1.2049999999999998
11.7,2,13,1,4,5,1.92,0.98,1.2108333333333334
-3.0,5,14,1,4,5,1.12,1.81,1.1608333333333334
25.3,5,15,1,4,5,0.61,1.47,1.1554166666666668
36.1,4,15,1,4,5,1.34,1.26,1.1729166666666666
31.2,1,15,1,4,5,1.68,0.37,1.1787500000000002
9.8,4,16,1,4,5,0.51,0.97,1.1683333333333332
14.7,5,16,1,4,5,0.72,1.96,1.0995833333333334
26.2,1,18,1,4,5,0.31,0.87,1.10875
5.6,4,18,1,4,5,1.09,1.77,1.1083333333333334
9.5,1,20,1,4,5,1.76,1.92,1.0645833333333334
-1.6,3,21,1,4,5,0.87,0.86,1.0733333333333335
2.8,4,22,1,4,5,1.07,1.64,1.0208333333333333
19.6,5,22,1,4,5,0.38,0.81,1.06875
28.1,2,23,1,4,5,1.96,0.63,1.1008333333333333
22.9,3,23,1,4,5,1.4,0.64,1.0954166666666667
23.2,2,23,1,4,5,0.51,1.5,1.0520833333333333
-8.4,2,0,2,4,6,0.46,0.93,1.05125
2.3,3,1,2,4,6,0.91,0.29,1.0683333333333334
-3.5,3,1,2,4,6,0.7,1.4,1.03375
31.9,2,5,2,4,6,0.57,1.96,0.9866666666666667
-5.3,5,5,2,4,6,0.83,0.3,0.9954166666666667
-7.3,3,7,2,4,6,0.51,1.62,0.9754166666666667
18.1,2,7,2,4,6,1.14,1.04,0.9754166666666665
15.5,1,7,2,4,6,1.04,1.92,0.9491666666666667
35.0,5,8,2,4,6,1.29,1.12,0.9183333333333333
-2.9,2,10,2,4,6,0.38,0.61,0.9208333333333334
34.7,2,10,2,4,6,0.67,1.34,0.94
1.9,4,10,2,4,6,1.8,1.68,0.9420833333333333
32.4,4,11,2,4,6,1.73,0.51,0.9754166666666667
38.9,2,12,2,4,6,1.31,0.72,1.0070833333333333
35.9,1,13,2,4,6,1.48,0.31,1.0304166666666668
17.1,3,13,2,4,6,0.87,1.09,1.0404166666666668
28.6,2,15,2,4,6,1.33,1.76,0.9870833333333334
18.8,5,16,2,4,6,0.48,0.87,1.0062499999999999
32.0,2,16,2,4,6,1.33,1.07,1.0145833333333332
28.3,1,16,2,4,6,1.27,0.38,1.0483333333333333
26.8,1,17,2,4,6,1.19,1.96,1.03
11.4,1,21,2,4,6,1.52,1.4,1.0458333333333334
36.5,5,21,2,4,6,1.78,0.51,1.0579166666666666
5.0,4,22,2,4,6,0.8,0.46,1.1133333333333335
17.1,2,23,2,4,6,1.79,0.91,1.0891666666666666
-4.3,3,0,3,4,0,0.33,0.7,1.0766666666666667
5.2,4,1,3,4,0,0.4,0.57,1.12
-3.6,2,2,3,4,0,1.61,0.83,1.1491666666666667
36.1,1,2,3,4,0,1.53,0.51,1.1966666666666668
39.2,3,2,3,4,0,1.65,1.14,1.2012500000000002
14.4,5,3,3,4,0,1.25,1.04,1.2170833333333333
30.3,5,4,3,4,0,1.42,1.29,1.22875
13.1,1,7,3,4,0,1.57,0.38,1.2725
-6.2,1,7,3,4,0,1.43,0.67,1.30125
5.4,1,8,3,4,0,1.36,1.8,1.2754166666666669
-9.8,3,10,3,4,0,1.18,1.73,1.2458333333333333
17.7,3,10,3,4,0,1.02,1.31,1.2529166666666667
21.2,2,10,3,4,0,1.48,1.48,1.2654166666666666
22.2,5,11,3,4,0,1.78,0.87,1.2383333333333335
7.6,4,11,3,4,0,0.22,1.33,1.2516666666666667
38.5,1,11,3,4,0,1.65,0.48,1.2958333333333332
10.6,2,13,3,4,0,1.54,1.33,1.2550000000000001
24.8,4,13,3,4,0,0.35,1.27,1.2433333333333334
38.0,5,13,3,4,0,0.99,1.19,1.2020833333333332
-1.9,1,14,3,4,0,0.2,1.52,1.1683333333333332
12.5,5,15,3,4,0,0.71,1.78,1.1633333333333333
18.8,4,16,3,4,0,1.66,0.8,1.1816666666666666
17.0,2,20,3,4,0,1.24,1.79,1.1175
31.0,3,21,3,4,0,0.25,0.33,1.1604166666666667
29.8,2,22,3,4,0,1.36,0.4,1.2266666666666666
-3.9,3,22,3,4,0,1.99,1.61,1.2033333333333334
-2.0,1,23,3,4,0,1.05,1.53,1.1508333333333334
39.3,1,0,4,4,1,0.27,1.65,1.10125
34.2,5,0,4,4,1,0.46,1.25,1.0799999999999998
-0.0,3,1,4,4,1,0.74,1.42,1.0358333333333334
35.9,5,1,4,4,1,0.36,1.57,1.0458333333333334
4.2,4,2,4,4,1,1.81,1.43,1.0170833333333333
-0.5,2,3,4,4,1,0.74,1.36,1.03
7.4,3,6,4,4,1,1.67,1.18,1.0425
19.4,2,7,4,4,1,1.48,1.02,1.0516666666666665
22.0,1,8,4,4,1,1.24,1.48,1.0408333333333333
23.3,1,8,4,4,1,1.22,1.78,1.0320833333333332
11.1,2,10,4,4,1,1.57,0.22,1.0545833333333332
31.7,3,10,4,4,1,0.76,1.65,1.01875
2.1,4,12,4,4,1,0.79,1.54,0.9754166666666667
-9.2,4,12,4,4,1,0.5,0.35,1.0395833333333333
14.7,3,12,4,4,1,1.89,0.99,1.0270833333333333
38.1,5,14,4,4,1,0.69,0.2,1.0808333333333333
14.9,3,16,4,4,1,1.49,0.71,1.115
27.4,4,16,4,4,1,1.53,1.66,1.0645833333333334
33.6,1,18,4,4,1,0.45,1.24,1.0687499999999999
4.6,3,18,4,4,1,1.34,0.25,1.1091666666666666
29.4,5,18,4,4,1,1.22,1.36,1.1133333333333333
19.3,1,19,4,4,1,1.46,1.99,1.10125
-4.8,2,19,4,4,1,1.7,1.05,1.1187500000000001
-4.0,1,20,4,4,1,1.47,0.27,1.1320833333333333
-7.5,5,20,4,4,1,0.59,0.46,1.1516666666666666
17.0,1,21,4,4,1,0.93,0.74,1.1720833333333334
22.3,4,22,4,4,1,1.23,0.36,1.2191666666666665
28.9,4,23,4,4,1,1.49,1.81,1.1816666666666666
9.8,2,0,5,4,2,0.91,0.74,1.1975
8.7,5,2,5,4,2,1.12,1.67,1.1737499999999998
38.4,4,2,5,4,2,1.1,1.48,1.13875
31.7,5,4,5,4,2,0.64,1.24,1.1666666666666667
38.2,3,5,5,4,2,1.91,1.22,1.1408333333333334
-4.1,2,6,5,4,2,0.6,1.57,1.1291666666666667
35.0,5,7,5,4,2,1.29,0.76,1.1445833333333333
7.4,5,7,5,4,2,1.13,0.79,1.1333333333333333
17.0,3,7,5,4,2,0.52,0.5,1.1516666666666666
35.1,4,8,5,4,2,0.94,1.89,1.1025
0.4,1,11,5,4,2,0.71,0.69,1.12375
39.1,4,12,5,4,2,1.2,1.49,1.1279166666666667
17.7,3,13,5,4,2,1.59,1.53,1.1083333333333332
16.8,4,14,5,4,2,1.06,0.45,1.1370833333333332
-3.4,4,15,5,4,2,1.14,1.34,1.1554166666666668
28.8,4,16,5,4,2,1.78,1.22,1.1320833333333333
-7.9,4,17,5,4,2,0.66,1.46,1.1241666666666668
16.3,2,19,5,4,2,1.27,1.7,1.1079166666666667
-7.4,4,19,5,4,2,1.31,1.47,1.0995833333333334
-1.6,3,22,5,4,2,1.27,0.59,1.115
36.5,5,22,5,4,2,0.96,0.93,1.1558333333333333
4.2,4,0,6,4,3,1.91,1.23,1.1829166666666666
30.7,4,0,6,4,3,1.88,1.49,1.17125
21.4,2,1,6,4,3,1.21,0.91,1.1645833333333333
13.2,5,2,6,4,3,0.75,1.12,1.1704166666666667
0.9,2,2,6,4,3,1.26,1.1,1.18625
33.5,5,4,6,4,3,1.48,0.64,1.2079166666666667
36.7,1,5,6,4,3,1.16,1.91,1.1745833333333333
34.0,1,5,6,4,3,1.11,0.6,1.1608333333333334
39.9,5,6,6,4,3,0.27,1.29,1.1733333333333333
28.0,5,6,6,4,3,1.59,1.13,1.1958333333333333
5.0,2,7,6,4,3,1.67,0.52,1.2016666666666667
11.3,4,7,6,4,3,0.66,0.94,1.2225
2.3,3,7,6,4,3,1.44,0.71,1.2025
6.5,5,10,6,4,3,0.23,1.2,1.2066666666666668
16.3,4,10,6,4,3,1.3,1.59,1.1608333333333334
-7.3,3,10,6,4,3,0.49,1.06,1.14375
12.6,3,11,6,4,3,0.65,1.14,1.1591666666666667
27.3,3,12,6,4,3,1.51,1.78,1.11
26.3,5,12,6,4,3,0.6,0.66,1.1229166666666666
1.5,5,13,6,4,3,0.97,1.27,1.10125
-7.5,5,15,6,4,3,0.75,1.31,1.055
27.6,5,16,6,4,3,0.2,1.27,1.0445833333333332
15.1,4,17,6,4,3,1.02,0.96,1.0804166666666666
18.2,5,19,6,4,3,1.82,1.91,1.05375
29.9,2,19,6,4,3,1.27,1.88,1.0245833333333334
-7.3,2,20,6,4,3,1.18,1.21,1.00125
37.0,1,20,6,4,3,0.65,0.75,0.9900000000000001
1.7,3,21,6,4,3,0.48,1.26,0.95375
-3.4,3,21,6,4,3,0.39,1.48,0.97125
23.9,4,22,6,4,3,1.9,1.16,0.94375
-8.1,5,22,6,4,3,0.5,1.11,0.9779166666666667
31.9,2,23,6,4,3,1.93,0.27,0.9816666666666666
24.0,2,1,7,4,4,0.36,1.59,0.9966666666666666
31.7,3,4,7,4,4,1.95,1.67,0.9587500000000001
-1.9,1,6,7,4,4,0.76,0.66,0.9900000000000001
39.3,2,6,7,4,4,1.41,1.44,0.9700000000000001
10.2,5,7,7,4,4,0.96,0.23,1.0358333333333334
38.9,4,8,7,4,4,1.81,1.3,1.03625
25.3,3,8,7,4,4,1.31,0.49,1.03125
9.0,3,9,7,4,4,0.37,0.65,1.08625
8.3,1,9,7,4,4,1.97,1.51,1.09625
1.1,2,12,7,4,4,1.75,0.6,1.1191666666666666
-8.3,2,13,7,4,4,1.15,0.97,1.0887499999999999
33.0,1,14,7,4,4,0.24,0.75,1.07625
0.2,1,16,7,4,4,0.45,0.2,1.1175
7.8,1,17,7,4,4,1.19,1.02,1.0883333333333334
11.7,1,19,7,4,4,0.32,1.82,1.0704166666666668
23.9,1,20,7,4,4,1.39,1.27,1.0554166666666667
-2.0,5,20,7,4,4,0.91,1.18,1.04125
16.0,5,21,7,4,4,0.84,0.65,1.0845833333333332
5.1,4,21,7,4,4,1.69,0.48,1.0916666666666666
-8.0,5,23,7,4,4,0.65,0.39,1.0925
29.3,2,23,7,4,4,0.41,1.9,1.0516666666666665
-6.3,4,0,8,4,5,0.92,0.5,1.0733333333333333
-5.6,5,0,8,4,5,1.02,1.93,1.0358333333333334
22.4,5,2,8,4,5,1.03,0.36,1.0341666666666667
20.5,1,3,8,4,5,0.32,1.95,1.02125
23.3,5,4,8,4,5,1.64,0.76,1.0725
38.4,3,4,8,4,5,1.99,1.41,1.0325
18.5,5,5,8,4,5,0.45,0.96,1.0379166666666666
21.6,5,10,8,4,5,1.09,1.81,0.9933333333333333
38.4,2,13,8,4,5,0.74,1.31,0.9750000000000001
-6.1,2,14,8,4,5,0.87,0.37,0.98875
2.9,1,15,8,4,5,0.7,1.97,0.9625
3.9,5,15,8,4,5,1.34,1.75,0.9341666666666667
19.0,2,15,8,4,5,1.07,1.15,0.9295833333333333
8.8,2,17,8,4,5,1.04,0.24,0.9970833333333333
15.2,3,21,8,4,5,1.86,0.45,1.02625
19.1,2,23,8,4,5,1.15,1.19,1.0545833333333332
1.2,3,23,8,4,5,1.87,0.32,1.09125
19.2,1,23,8,4,5,1.2,1.39,1.0866666666666667
22.7,4,0,9,4,6,1.28,0.91,1.0583333333333333
32.2,5,2,9,4,6,0.23,0.84,1.0954166666666667
14.3,4,3,9,4,6,1.73,1.69,1.0729166666666667
0.5,2,3,9,4,6,1.15,0.65,1.1195833333333332
-2.9,2,4,9,4,6,1.77,0.41,1.13
22.8,3,7,9,4,6,0.66,0.92,1.13125
-5.3,4,7,9,4,6,0.95,1.02,1.1095833333333334
19.8,3,10,9,4,6,0.5,1.03,1.1404166666666666
0.6,4,10,9,4,6,1.77,0.32,1.2016666666666667
26.1,1,11,9,4,6,1.79,1.64,1.1608333333333334
5.8,4,11,9,4,6,0.66,1.99,1.1116666666666666
14.8,1,11,9,4,6,0.81,0.45,1.12375
15.2,5,12,9,4,6,0.74,1.09,1.09
8.3,1,16,9,4,6,0.28,0.74,1.1175
-0.5,3,17,9,4,6,1.4,0.87,1.1345833333333333
4.6,3,19,9,4,6,1.28,0.7,1.125
5.3,2,19,9,4,6,0.47,1.34,1.1116666666666666
7.8,4,19,9,4,6,1.02,1.07,1.1066666666666667
-0.9,5,20,9,4,6,0.95,1.04,1.1025
35.5,2,20,9,4,6,0.94,1.86,1.0891666666666666
2.2,3,20,9,4,6,1.54,1.15,1.0716666666666665
16.1,1,21,9,4,6,0.73,1.87,1.0691666666666666
-7.6,5,21,9,4,6,1.81,1.2,1.0979166666666667
-4.0,3,22,9,4,6,1.89,1.28,1.0670833333333334
-8.3,1,23,9,4,6,0.54,0.23,1.1145833333333333
-9.0,3,23,9,4,6,1.37,1.73,1.0729166666666667
-8.4,2,0,10,4,0,0.73,1.15,1.0654166666666667
16.7,3,3,10,4,0,0.97,1.77,1.0679166666666666
-3.5,1,3,10,4,0,1.83,0.66,1.07875
-6.0,3,4,10,4,0,0.92,0.95,1.0841666666666667
26.0,3,4,10,4,0,1.08,0.5,1.0891666666666666
-8.3,5,4,10,4,0,0.62,1.77,1.0616666666666668
29.2,2,4,10,4,0,1.11,1.79,1.00375
38.0,5,4,10,4,0,0.4,0.66,1.0225
12.7,2,5,10,4,0,1.11,0.81,1.0579166666666666
31.5,1,5,10,4,0,1.66,0.74,1.0725
-3.3,4,6,10,4,0,1.09,0.28,1.0904166666666668
14.6,4,6,10,4,0,0.71,1.4,1.08125
39.6,3,6,10,4,0,1.18,1.28,1.0758333333333334
-6.8,1,6,10,4,0,1.15,0.47,1.1354166666666667
-6.4,1,6,10,4,0,1.9,1.02,1.1645833333333333
32.0,3,7,10,4,0,1.72,0.95,1.1675
21.2,3,10,10,4,0,1.02,0.94,1.1979166666666667
0.3,3,10,10,4,0,1.67,1.54,1.1433333333333333
-1.3,4,10,10,4,0,0.23,0.73,1.1216666666666668
19.5,4,11,10,4,0,0.21,1.81,1.0783333333333334
2.1,3,12,10,4,0,0.77,1.89,1.08
3.4,3,14,10,4,0,1.93,0.54,1.1050000000000002
11.9,2,14,10,4,0,1.14,1.37,1.0775
7.9,1,15,10,4,0,0.71,0.73,1.0875000000000001
30.4,4,15,10,4,0,0.97,0.97,1.0908333333333333
17.2,4,15,10,4,0,1.05,1.83,1.0687499999999999
21.5,2,17,10,4,0,1.3,0.92,1.0720833333333333
17.2,1,17,10,4,0,1.0,1.08,1.0545833333333332
-6.6,3,18,10,4,0,0.66,0.62,1.0374999999999999
5.1,1,18,10,4,0,0.21,1.11,1.0329166666666667
16.0,3,18,10,4,0,1.0,0.4,1.0283333333333333
33.0,5,20,10,4,0,0.29,1.11,1.0125
-2.1,1,20,10,4,0,0.73,1.66,1.0208333333333333
20.6,5,22,10,4,0,1.86,1.09,0.99625
4.9,2,22,10,4,0,0.5,0.71,1.0129166666666667
30.0,4,22,10,4,0,1.11,1.18,1.0445833333333334
22.5,2,23,10,4,0,1.94,1.15,1.0620833333333333
2.2,3,23,10,4,0,1.57,1.9,1.0083333333333333
17.3,4,0,11,4,1,0.61,1.72,0.9729166666666668
3.5,4,2,11,4,1,0.87,1.02,0.945
-6.9,4,2,11,4,1,0.35,1.67,0.9025
31.3,3,3,11,4,1,0.65,0.23,0.9345833333333333
2.4,1,3,11,4,1,1.0,0.21,0.9725
10.5,2,4,11,4,1,1.12,0.77,1.0233333333333332
13.1,1,5,11,4,1,1.99,1.93,0.9579166666666666
39.0,3,5,11,4,1,0.36,1.14,0.9458333333333334
10.8,3,9,11,4,1,0.85,0.71,0.9458333333333334
4.2,2,11,11,4,1,0.71,0.97,0.9591666666666666
11.4,2,12,11,4,1,1.29,1.05,0.9804166666666667
14.3,5,13,11,4,1,1.56,1.3,0.9987500000000001
35.6,5,14,11,4,1,1.74,1.0,1.0358333333333334
4.5,3,14,11,4,1,1.89,0.66,1.0250000000000001
-9.8,5,14,11,4,1,0.4,0.21,1.0445833333333334
5.6,3,16,11,4,1,0.68,1.0,1.0616666666666668
11.0,5,18,11,4,1,1.41,0.29,1.1170833333333334
20.6,2,18,11,4,1,1.62,0.73,1.1025
26.1,5,19,11,4,1,0.38,1.86,1.09375
-1.8,3,20,11,4,1,1.65,0.5,1.1366666666666667
14.0,3,20,11,4,1,1.53,1.11,1.1183333333333334
2.9,4,23,11,4,1,0.67,1.94,1.09375
-9.4,5,0,12,4,2,1.35,1.57,1.0716666666666665
36.3,3,0,12,4,2,1.04,0.61,1.0633333333333332
34.4,5,2,12,4,2,0.41,0.87,1.06625
6.0,1,4,12,4,2,0.94,0.35,1.1300000000000001
8.0,4,4,12,4,2,1.88,0.65,1.1129166666666668
28.6,4,5,12,4,2,0.24,1.0,1.1329166666666666
9.9,3,5,12,4,2,1.48,1.12,1.1591666666666667
27.3,2,5,12,4,2,1.75,1.99,1.11375
32.2,2,6,12,4,2,0.9,0.36,1.1325
37.1,2,7,12,4,2,0.81,0.85,1.1429166666666666
5.6,5,7,12,4,2,1.1,0.71,1.1258333333333332
-3.4,2,9,12,4,2,0.3,1.29,1.1054166666666667
24.5,2,9,12,4,2,0.8,1.56,1.1129166666666668
38.8,4,9,12,4,2,1.74,1.74,1.1204166666666666
23.9,1,9,12,4,2,1.92,1.89,1.0591666666666668
20.6,3,10,12,4,2,0.42,0.4,1.105
30.7,1,12,12,4,2,1.5,0.68,1.1195833333333334
10.3,4,12,12,4,2,1.03,1.41,1.1079166666666667
-0.8,4,13,12,4,2,1.13,1.62,1.1024999999999998
19.5,4,13,12,4,2,1.49,0.38,1.1104166666666666
-1.2,4,13,12,4,2,0.57,1.65,1.0520833333333333
7.9,1,13,12,4,2,0.25,1.53,1.0154166666666666
15.9,2,14,12,4,2,0.65,0.67,1.0154166666666666
0.9,5,14,12,4,2,0.67,1.35,0.9695833333333334
5.1,2,14,12,4,2,0.25,1.04,0.94625
14.8,2,15,12,4,2,0.48,0.41,1.0079166666666668
4.7,3,18,12,4,2,1.89,0.94,0.9845833333333333
16.7,2,20,12,4,2,0.38,1.88,0.9266666666666667
0.9,5,0,13,4,3,0.49,0.24,0.9991666666666665
-6.1,3,1,13,4,3,1.98,1.48,0.9975
4.4,5,2,13,4,3,1.44,1.75,0.98
27.8,1,4,13,4,3,1.33,0.9,1.0258333333333334
15.3,4,5,13,4,3,2.0,0.81,1.0275
-7.7,4,7,13,4,3,0.85,1.1,1.0041666666666667
20.8,2,9,13,4,3,0.54,0.3,1.0687499999999999
23.2,3,9,13,4,3,1.85,0.8,1.08375
16.6,3,9,13,4,3,1.16,1.74,1.04
21.7,2,9,13,4,3,0.69,1.92,0.98875
19.5,1,11,13,4,3,0.69,0.42,1.0033333333333332
-4.8,4,11,13,4,3,0.77,1.5,0.9566666666666667
27.7,1,11,13,4,3,0.38,1.03,0.9391666666666666
39.3,3,12,13,4,3,0.61,1.13,0.94125
-9.4,4,13,13,4,3,1.18,1.49,0.9420833333333333
-9.8,3,14,13,4,3,1.51,0.57,0.9712500000000001
13.4,5,15,13,4,3,1.27,0.25,1.0054166666666668
28.4,1,15,13,4,3,1.07,0.65,0.9870833333333332
30.0,5,16,13,4,3,0.21,0.67,1.0245833333333334
-5.7,2,17,13,4,3,1.57,0.25,1.0279166666666668
4.5,5,17,13,4,3,0.33,0.48,1.055
29.3,4,18,13,4,3,1.13,1.89,0.9975
9.4,2,20,13,4,3,0.51,0.38,0.9904166666666666
34.2,4,22,13,4,3,0.21,0.49,1.0070833333333333
14.9,3,22,13,4,3,0.89,1.98,1.0016666666666667
-9.7,1,23,13,4,3,1.85,1.44,1.0195833333333333
23.8,2,0,14,4,4,1.87,1.33,1.0266666666666666
-2.9,2,0,14,4,4,1.5,2.0,1.0225
9.0,5,1,14,4,4,1.9,0.85,1.0362500000000001
3.9,4,1,14,4,4,1.18,0.54,1.02625
38.4,3,3,14,4,4,0.3,1.85,0.9645833333333332
24.7,5,3,14,4,4,0.37,1.16,0.9366666666666666
36.3,3,4,14,4,4,0.49,0.69,0.9779166666666667
25.9,3,4,14,4,4,1.68,0.69,1.0050000000000001
4.3,2,5,14,4,4,1.34,0.77,1.0020833333333334
23.3,4,5,14,4,4,0.7,0.38,1.0591666666666666
10.3,5,7,14,4,4,1.75,0.61,1.1154166666666667
-4.4,2,8,14,4,4,1.96,1.18,1.11
31.4,5,8,14,4,4,1.05,1.51,1.1191666666666669
23.0,3,9,14,4,4,1.73,1.27,1.1475
10.9,3,11,14,4,4,1.95,1.07,1.1520833333333333
14.8,4,12,14,4,4,1.18,0.21,1.2020833333333334
13.5,5,16,14,4,4,1.41,1.57,1.2175
23.6,4,16,14,4,4,1.94,0.33,1.2454166666666666
11.8,1,17,14,4,4,1.0,1.13,1.2779166666666666
30.6,1,19,14,4,4,1.91,0.51,1.26875
26.4,5,21,14,4,4,0.29,0.21,1.29625
39.6,4,21,14,4,4,0.87,0.89,1.3154166666666667
3.6,1,22,14,4,4,1.35,1.85,1.2783333333333333
14.7,3,23,14,4,4,0.96,1.87,1.27
-6.5,1,0,15,4,5,1.67,1.5,1.2458333333333333
35.8,2,1,15,4,5,0.92,1.9,1.195
32.6,1,2,15,4,5,0.68,1.18,1.1579166666666667
17.4,2,2,15,4,5,0.29,0.3,1.1895833333333332
18.2,2,2,15,4,5,1.06,0.37,1.1925000000000001
10.6,4,3,15,4,5,0.44,0.49,1.2116666666666667
1.9,4,4,15,4,5,0.95,1.68,1.2195833333333332
27.6,1,4,15,4,5,1.87,1.34,1.18
3.5,2,5,15,4,5,0.39,0.7,1.2283333333333333
34.9,4,5,15,4,5,1.86,1.75,1.1758333333333333
22.1,5,6,15,4,5,0.49,1.96,1.1308333333333334
35.3,5,6,15,4,5,0.88,1.05,1.1558333333333333
37.9,4,7,15,4,5,1.65,1.73,1.1441666666666666
30.1,2,10,15,4,5,1.45,1.95,1.1375
26.3,5,10,15,4,5,1.79,1.18,1.1612500000000001
-3.7,5,10,15,4,5,1.75,1.41,1.1404166666666666
-2.0,1,12,15,4,5,0.91,1.94,1.0770833333333334
39.2,2,12,15,4,5,0.42,1.0,1.0745833333333334
39.6,2,13,15,4,5,0.94,1.91,1.0470833333333334
-1.7,4,13,15,4,5,1.25,0.29,1.0808333333333333
19.5,2,16,15,4,5,1.1,0.87,1.0941666666666667
19.8,1,18,15,4,5,1.19,1.35,1.1066666666666667
-8.7,5,20,15,4,5,1.65,0.96,1.0920833333333333
-2.7,3,22,15,4,5,0.61,1.67,1.07375
1.3,4,22,15,4,5,1.23,0.92,1.085
25.9,4,22,15,4,5,1.19,0.68,1.1300000000000001
10.8,2,23,15,4,5,1.76,0.29,1.1612500000000001
21.9,3,23,15,4,5,1.04,1.06,1.1375
0.4,1,0,16,4,6,0.49,0.44,1.145
3.6,3,1,16,4,6,0.62,0.95,1.13125
11.1,2,1,16,4,6,0.62,1.87,1.0683333333333334
11.2,5,2,16,4,6,0.36,0.39,1.125
28.3,2,2,16,4,6,1.75,1.86,1.1233333333333333
29.6,4,2,16,4,6,1.82,0.49,1.1162500000000002
3.5,3,4,16,4,6,0.32,0.88,1.1199999999999999
-4.2,3,6,16,4,6,0.97,1.65,1.0616666666666668
38.3,1,6,16,4,6,0.25,1.45,1.0562500000000001
36.7,2,7,16,4,6,1.32,1.79,0.99125
-1.1,1,7,16,4,6,0.23,1.75,0.9279166666666666
23.8,2,9,16,4,6,0.23,0.91,0.9349999999999999
27.0,4,9,16,4,6,1.08,0.42,0.9429166666666666
27.8,2,10,16,4,6,0.61,0.94,0.9858333333333333
38.4,4,13,16,4,6,1.97,1.25,1.0166666666666666
-5.7,3,14,16,4,6,1.99,1.1,1.0366666666666668
31.3,2,14,16,4,6,1.58,1.19,1.0304166666666668
3.6,2,15,16,4,6,1.04,1.65,1.0316666666666667
23.0,4,15,16,4,6,1.68,0.61,1.0625000000000002
4.5,5,16,16,4,6,1.35,1.23,1.0608333333333333
28.5,1,16,16,4,6,1.19,1.19,1.02
30.0,4,18,16,4,6,0.21,1.76,0.9745833333333334
39.7,3,19,16,4,6,0.67,1.04,0.9804166666666667
25.7,2,21,16,4,6,1.18,0.49,0.9775
24.1,4,22,16,4,6,0.42,0.62,0.9858333333333333
8.7,5,22,16,4,6,0.82,0.62,0.9691666666666666
-9.9,1,23,16,4,6,0.22,0.36,1.0283333333333333
7.6,2,23,16,4,6,1.78,1.75,0.99625
7.8,5,0,17,4,0,0.98,1.82,0.9879166666666667
5.7,2,4,17,4,0,1.62,0.32,1.05125
-9.0,4,5,17,4,0,1.84,0.97,1.0291666666666666
16.8,1,5,17,4,0,0.44,0.25,1.0454166666666667
32.4,1,5,17,4,0,0.64,1.32,1.0495833333333333
35.0,3,5,17,4,0,1.42,0.23,1.0833333333333333
12.1,3,6,17,4,0,1.04,0.23,1.09
33.2,1,7,17,4,0,0.39,1.08,1.1083333333333334
29.2,4,8,17,4,0,1.52,0.61,1.0929166666666668
-3.7,2,9,17,4,0,0.24,1.97,1.0595833333333333
0.8,3,11,17,4,0,1.17,1.99,1.0283333333333333
29.4,2,11,17,4,0,1.24,1.58,1.0366666666666666
21.1,3,11,17,4,0,1.78,1.04,1.0154166666666666
38.9,2,12,17,4,0,0.53,1.68,0.9541666666666667
32.9,3,12,17,4,0,0.21,1.35,0.9604166666666666
35.5,4,13,17,4,0,1.5,1.19,0.9741666666666667
32.0,1,14,17,4,0,1.52,0.21,0.9779166666666667
22.8,1,14,17,4,0,0.3,0.67,0.9983333333333332
-6.9,4,15,17,4,0,1.16,1.18,1.015
25.1,2,16,17,4,0,1.58,0.42,1.04875
23.3,5,17,17,4,0,1.23,0.82,1.0574999999999999
9.0,3,17,17,4,0,1.03,0.22,1.0779166666666666
16.3,4,18,17,4,0,0.71,1.78,1.0379166666666666
30.3,5,20,17,4,0,0.82,0.98,1.0562500000000001
16.1,1,20,17,4,0,1.42,1.62,1.04375
29.3,1,21,17,4,0,1.32,1.84,0.9758333333333332
-9.9,4,22,17,4,0,0.21,0.44,0.9920833333333334
-4.0,1,23,17,4,0,0.83,0.64,1.0058333333333334
0.0,3,0,18,4,1,0.97,1.42,0.9929166666666666
18.3,3,0,18,4,1,1.11,1.04,1.0008333333333332
6.2,3,0,18,4,1,1.23,0.39,1.0354166666666667
28.8,3,2,18,4,1,1.22,1.52,0.9816666666666666
17.9,2,2,18,4,1,0.23,0.24,1.0545833333333334
-9.6,2,2,18,4,1,1.99,1.17,1.0683333333333334
3.5,2,2,18,4,1,1.5,1.24,1.0791666666666668
24.1,3,3,18,4,1,1.5,1.78,1.0754166666666667
6.4,1,3,18,4,1,1.69,0.53,1.1141666666666665
10.4,4,4,18,4,1,1.46,0.21,1.1475
26.8,3,4,18,4,1,1.01,1.5,1.16
1.2,1,6,18,4,1,1.8,1.52,1.16
31.3,1,7,18,4,1,1.52,0.3,1.19375
37.5,5,8,18,4,1,1.11,1.16,1.2237500000000001
33.0,3,10,18,4,1,1.88,1.58,1.2049999999999998
19.4,2,11,18,4,1,1.13,1.23,1.2254166666666666
31.5,5,12,18,4,1,1.72,1.03,1.19875
17.4,5,13,18,4,1,0.39,0.71,1.22875
16.8,1,16,18,4,1,1.43,0.82,1.2308333333333332
21.9,1,16,18,4,1,0.87,1.42,1.2495833333333333
37.4,5,19,18,4,1,1.87,1.32,1.2175
38.1,4,22,18,4,1,0.55,0.21,1.2420833333333334
36.4,3,22,18,4,1,0.8,0.83,1.2583333333333333
-7.4,3,22,18,4,1,1.22,0.97,1.2841666666666667
32.4,2,23,18,4,1,1.59,1.11,1.2629166666666667
38.3,5,0,19,4,2,0.6,1.23,1.29375
37.3,1,1,19,4,2,1.97,1.22,1.2745833333333334
7.1,5,3,19,4,2,0.76,0.23,1.33125
27.7,4,3,19,4,2,1.59,1.99,1.3304166666666666
23.4,1,4,19,4,2,1.97,1.5,1.2825
22.0,1,7,19,4,2,0.35,1.5,1.28625
21.4,2,7,19,4,2,1.59,1.69,1.25875
17.7,1,9,19,4,2,1.03,1.46,1.2241666666666666
32.3,4,10,19,4,2,0.63,1.01,1.19875
8.8,2,11,19,4,2,0.4,1.8,1.1466666666666667
39.5,1,12,19,4,2,0.55,1.52,1.10125
4.7,3,12,19,4,2,0.43,1.11,1.1241666666666668
2.9,5,13,19,4,2,1.66,1.88,1.0695833333333333
1.2,5,13,19,4,2,0.57,1.13,1.1045833333333335
16.4,3,13,19,4,2,1.97,1.72,1.10875
39.6,1,15,19,4,2,1.82,0.39,1.1120833333333333
0.6,2,15,19,4,2,0.47,1.43,1.1212499999999999
15.6,4,16,19,4,2,1.65,0.87,1.135
13.1,3,17,19,4,2,1.2,1.87,1.0945833333333332
14.9,4,17,19,4,2,0.9,0.55,1.1312499999999999
11.6,2,17,19,4,2,1.43,0.8,1.1083333333333332
33.7,2,17,19,4,2,0.25,1.22,1.0983333333333334
9.9,3,19,19,4,2,0.98,1.59,1.1054166666666667
17.6,2,20,19,4,2,1.76,0.6,1.1133333333333333
35.9,1,21,19,4,2,0.79,1.97,1.0679166666666666
5.3,1,21,19,4,2,0.88,0.76,1.1091666666666666
-6.5,3,23,19,4,2,1.75,1.59,1.0670833333333334
34.7,5,0,20,4,3,0.58,1.97,1.04
19.6,4,1,20,4,3,1.32,0.35,1.0733333333333335
0.9,5,3,20,4,3,1.15,1.59,1.0720833333333333
0.4,5,3,20,4,3,1.56,1.03,1.0625
-0.6,4,3,20,4,3,0.8,0.63,1.1079166666666667
19.9,2,3,20,4,3,1.72,0.4,1.1224999999999998
-2.9,4,5,20,4,3,0.75,0.55,1.17125
29.4,5,7,20,4,3,1.72,0.43,1.18875
14.9,4,9,20,4,3,0.85,1.66,1.1824999999999999
38.0,3,9,20,4,3,1.51,0.57,1.1866666666666665
21.9,5,10,20,4,3,0.67,1.97,1.14625
2.3,3,14,20,4,3,1.0,1.82,1.1383333333333334
36.4,3,16,20,4,3,1.63,0.47,1.145
9.9,2,18,20,4,3,0.63,1.65,1.1241666666666665
19.0,5,18,20,4,3,1.15,1.2,1.0883333333333332
8.6,2,19,20,4,3,0.34,0.9,1.1183333333333334
-0.9,3,21,20,4,3,1.62,1.43,1.1358333333333335
-4.0,4,22,20,4,3,1.85,0.25,1.1708333333333334
28.3,2,1,21,4,4,1.09,0.98,1.1633333333333333
25.5,2,1,21,4,4,0.8,1.76,1.155
12.3,3,4,21,4,4,1.56,0.79,1.1624999999999999
26.7,1,4,21,4,4,0.97,0.88,1.1587500000000002
29.6,1,5,21,4,4,0.79,1.75,1.1641666666666668
-3.4,2,6,21,4,4,1.88,0.58,1.1629166666666666
23.7,2,8,21,4,4,0.55,1.32,1.1579166666666667
6.7,2,8,21,4,4,1.2,1.15,1.1816666666666666
10.3,4,8,21,4,4,1.72,1.56,1.1829166666666666
39.3,5,8,21,4,4,1.59,0.8,1.21875
0.7,5,9,21,4,4,1.66,1.72,1.1970833333333333
9.2,3,10,21,4,4,1.2,0.75,1.2491666666666668
0.8,1,11,21,4,4,2.0,1.72,1.26
25.5,2,12,21,4,4,1.98,0.85,1.2629166666666667
23.9,4,13,21,4,4,0.92,1.51,1.2829166666666667
-6.7,3,15,21,4,4,1.99,0.67,1.2754166666666669
37.3,3,15,21,4,4,0.49,1.0,1.27
35.1,3,16,21,4,4,0.87,1.63,1.2795833333333333
-8.1,5,16,21,4,4,1.86,0.63,1.2933333333333332
23.8,3,16,21,4,4,0.96,1.15,1.3191666666666666
-9.7,5,18,21,4,4,1.77,0.34,1.3204166666666668
23.7,2,18,21,4,4,0.37,1.62,1.2791666666666666
20.6,1,19,21,4,4,0.63,1.85,1.215
39.2,1,20,21,4,4,0.31,1.09,1.2370833333333333
23.4,3,20,21,4,4,1.62,0.8,1.26125
28.4,3,21,21,4,4,1.38,1.56,1.2666666666666666
21.6,3,22,21,4,4,1.69,0.97,1.2579166666666668
-4.5,3,22,21,4,4,0.76,0.79,1.2933333333333332
18.1,5,22,21,4,4,1.64,1.88,1.2716666666666667
-5.9,1,23,21,4,4,1.36,0.55,1.2575
20.2,4,0,22,4,5,0.21,1.2,1.2433333333333334
13.1,4,1,22,4,5,0.86,1.72,1.2320833333333334
3.3,2,1,22,4,5,1.45,1.59,1.2437500000000001
3.4,4,1,22,4,5,1.87,1.66,1.2141666666666666
5.1,4,1,22,4,5,0.95,1.2,1.1883333333333332
0.5,4,2,22,4,5,0.58,2.0,1.1195833333333334
16.3,2,2,22,4,5,0.35,1.98,1.0991666666666666
5.0,1,6,22,4,5,1.49,0.92,1.1166666666666665
37.1,5,8,22,4,5,1.34,1.99,1.0854166666666667
15.3,1,8,22,4,5,1.24,0.49,1.1016666666666666
28.8,4,10,22,4,5,0.88,0.87,1.1187500000000001
6.5,5,12,22,4,5,1.28,1.86,1.06
20.6,2,13,22,4,5,0.45,0.96,1.0929166666666668
-9.8,4,14,22,4,5,1.75,1.77,1.03
5.9,4,15,22,4,5,0.26,0.37,1.0391666666666668
-3.5,1,15,22,4,5,0.59,0.63,1.0295833333333333
26.7,5,16,22,4,5,0.4,0.31,1.0345833333333332
-2.8,3,16,22,4,5,0.43,1.62,1.0079166666666668
11.6,1,18,22,4,5,0.98,1.38,0.9904166666666666
6.3,2,19,22,4,5,0.96,1.69,1.00125
30.1,2,19,22,4,5,1.95,0.76,1.0291666666666666
17.1,1,20,22,4,5,1.43,1.64,1.0229166666666665
24.1,5,22,22,4,5,1.49,1.36,1.04375
15.0,1,23,22,4,5,1.86,0.21,1.0579166666666666
-2.6,4,0,23,4,6,0.55,0.86,1.0966666666666667
-7.7,1,0,23,4,6,1.79,1.45,1.0695833333333333
-4.9,1,1,23,4,6,0.8,1.87,1.03875
20.3,3,2,23,4,6,1.13,0.95,1.0304166666666668
-7.2,1,4,23,4,6,0.75,0.58,1.06875
38.6,5,4,23,4,6,1.5,0.35,1.1266666666666667
37.5,5,5,23,4,6,1.74,1.49,1.1016666666666668
24.7,2,5,23,4,6,0.89,1.34,1.0695833333333333
3.8,3,6,23,4,6,0.57,1.24,1.0541666666666667
38.6,4,6,23,4,6,0.87,0.88,1.0425
-1.7,4,7,23,4,6,0.6,1.28,1.0675
13.5,1,7,23,4,6,1.88,0.45,1.0825
39.6,1,8,23,4,6,0.81,1.75,1.0545833333333332
19.3,3,8,23,4,6,1.08,0.26,1.0975
28.3,4,10,23,4,6,1.29,0.59,1.1191666666666666
37.2,4,13,23,4,6,1.11,0.4,1.16875
19.9,3,14,23,4,6,1.59,0.43,1.1733333333333333
0.5,3,14,23,4,6,0.54,0.98,1.2025
23.5,3,15,23,4,6,1.68,0.96,1.2129166666666666
-3.3,4,19,23,4,6,1.21,1.95,1.2095833333333335
20.5,4,19,23,4,6,1.87,1.43,1.1741666666666666
1.2,4,20,23,4,6,0.58,1.49,1.1804166666666667
24.0,3,21,23,4,6,1.64,1.86,1.1558333333333333
-6.5,3,22,23,4,6,1.27,0.55,1.16375
3.7,3,22,23,4,6,0.74,1.79,1.1583333333333332
35.5,4,22,23,4,6,1.66,0.8,1.185
21.5,1,22,23,4,6,1.44,1.13,1.2133333333333332
15.7,4,2,24,4,0,1.81,0.75,1.2162499999999998
28.1,4,2,24,4,0,0.82,1.5,1.23375
38.9,4,3,24,4,0,1.92,1.74,1.1966666666666665
28.5,3,3,24,4,0,0.85,0.89,1.2091666666666667
32.1,4,4,24,4,0,1.19,0.57,1.23875
-9.9,1,4,24,4,0,1.28,0.87,1.2841666666666667
19.8,3,5,24,4,0,1.96,0.6,1.2775
36.2,5,5,24,4,0,0.44,1.88,1.2825
37.7,3,6,24,4,0,2.0,0.81,1.2975
38.0,5,6,24,4,0,1.17,1.08,1.3125
30.0,1,6,24,4,0,1.44,1.29,1.3108333333333333
35.0,3,8,24,4,0,1.25,1.11,1.2804166666666668
33.9,4,9,24,4,0,0.38,1.59,1.275
37.5,4,10,24,4,0,1.46,0.54,1.2874999999999999
1.0,4,10,24,4,0,0.84,1.68,1.2429166666666667
-4.7,3,12,24,4,0,0.61,1.21,1.2108333333333332
10.3,1,12,24,4,0,0.44,1.87,1.1624999999999999
9.0,2,13,24,4,0,0.71,0.58,1.2020833333333334
3.6,3,14,24,4,0,1.53,1.64,1.1958333333333333
21.2,5,14,24,4,0,1.49,1.27,1.2175
7.5,3,14,24,4,0,1.79,0.74,1.2349999999999999
-7.9,5,15,24,4,0,1.16,1.66,1.2458333333333333
36.3,4,17,24,4,0,1.92,1.44,1.2270833333333333
34.9,5,17,24,4,0,0.99,1.81,1.18
31.8,5,18,24,4,0,0.68,0.82,1.1720833333333334
-6.7,2,19,24,4,0,0.63,1.92,1.1570833333333332
-0.4,4,20,24,4,0,1.56,0.85,1.1745833333333333
-2.4,2,20,24,4,0,1.27,1.19,1.1483333333333332
0.0,5,21,24,4,0,0.56,1.28,1.12625
13.0,3,22,24,4,0,0.75,1.96,1.0979166666666667
13.1,4,22,24,4,0,1.28,0.44,1.0966666666666667
-4.2,3,22,24,4,0,0.41,2.0,1.0595833333333333
-9.0,1,23,24,4,0,1.11,1.17,1.0220833333333332
21.8,3,5,25,4,1,0.27,1.44,1.0345833333333334
24.2,5,7,25,4,1,1.74,1.25,1.0391666666666668
33.8,1,8,25,4,1,1.36,0.38,1.0591666666666666
21.6,1,9,25,4,1,0.86,1.46,1.0704166666666668
25.1,3,9,25,4,1,1.73,0.84,1.0854166666666667
17.2,2,12,25,4,1,1.2,0.61,1.0695833333333333
-3.9,1,12,25,4,1,0.23,0.44,1.0954166666666667
2.8,3,13,25,4,1,1.06,0.71,1.0804166666666666
-5.8,1,14,25,4,1,0.35,1.53,1.0566666666666666
6.3,3,14,25,4,1,0.96,1.49,1.0374999999999999
-5.3,1,14,25,4,1,1.03,1.79,0.9733333333333333
13.4,1,14,25,4,1,0.25,1.16,0.9433333333333334
9.8,3,16,25,4,1,0.44,1.92,0.90875
22.1,2,18,25,4,1,1.09,0.99,0.8908333333333335
16.2,4,19,25,4,1,0.56,0.68,0.9
23.6,3,19,25,4,1,0.9,0.63,0.9016666666666667
5.4,2,21,25,4,1,0.67,1.56,0.9191666666666666
-9.9,2,22,25,4,1,1.98,1.27,0.9220833333333333
-0.5,5,23,25,4,1,1.34,0.56,0.92625
10.1,1,0,26,4,2,0.66,0.75,0.9179166666666667
13.0,1,0,26,4,2,0.55,1.28,0.9175
-0.5,5,2,26,4,2,1.27,0.41,0.9808333333333333
11.4,3,3,26,4,2,1.93,1.11,0.9950000000000001
-0.4,5,3,26,4,2,1.45,0.27,1.0575
0.1,2,5,26,4,2,1.77,1.74,1.0
0.8,4,7,26,4,2,0.36,1.36,1.00375
36.1,4,8,26,4,2,1.45,0.86,1.0337500000000002
15.8,5,9,26,4,2,1.58,1.73,0.9825
28.4,2,10,26,4,2,0.5,1.2,0.9845833333333335
24.2,1,10,26,4,2,1.25,0.23,0.9870833333333334
22.3,4,10,26,4,2,0.29,1.06,0.9633333333333334
31.2,2,11,26,4,2,0.49,0.35,1.0004166666666667
-3.7,2,12,26,4,2,1.24,0.96,0.9945833333333334
25.1,4,12,26,4,2,0.82,1.03,0.9762500000000002
5.1,4,13,26,4,2,0.59,0.25,1.0474999999999999
23.0,2,14,26,4,2,1.96,0.44,1.0841666666666667
28.6,1,15,26,4,2,1.32,1.09,1.1079166666666667
2.7,2,15,26,4,2,1.66,0.56,1.1429166666666666
34.6,3,16,26,4,2,1.4,0.9,1.1208333333333333
31.5,1,17,26,4,2,0.37,0.67,1.1208333333333333
-5.3,1,18,26,4,2,0.67,1.98,1.0795833333333333
11.9,4,18,26,4,2,0.99,1.34,1.1025
8.4,1,19,26,4,2,1.89,0.66,1.1366666666666667
21.2,5,20,26,4,2,1.48,0.55,1.1604166666666667
33.8,3,23,26,4,2,1.12,1.27,1.1191666666666666
8.2,1,0,27,4,3,0.28,1.93,1.1195833333333334
14.0,2,1,27,4,3,1.94,1.45,1.1054166666666665
35.5,3,1,27,4,3,1.11,1.77,1.0520833333333333
20.5,4,2,27,4,3,0.49,0.36,1.10375
-1.8,3,2,27,4,3,1.6,1.45,1.0783333333333334
35.5,2,2,27,4,3,0.84,1.58,1.035
25.2,3,5,27,4,3,0.54,0.5,1.0341666666666667
27.7,1,5,27,4,3,0.48,1.25,1.0266666666666666
22.9,3,6,27,4,3,1.07,0.29,1.0454166666666667
4.6,5,7,27,4,3,0.74,0.49,1.0537500000000002
24.0,3,8,27,4,3,0.69,1.24,1.0225
12.6,5,9,27,4,3,0.49,0.82,1.0599999999999998
-4.8,5,9,27,4,3,1.72,0.59,1.05125
33.5,2,9,27,4,3,0.38,1.96,1.05
9.7,3,10,27,4,3,1.93,1.32,1.0425
12.9,3,10,27,4,3,1.14,1.66,0.9991666666666666
3.6,1,11,27,4,3,0.62,1.4,1.02125
-2.3,5,13,27,4,3,1.93,0.37,1.0204166666666667
17.2,2,14,27,4,3,0.35,0.67,1.0470833333333334
0.5,1,16,27,4,3,1.31,0.99,1.0516666666666667
1.3,2,16,27,4,3,1.1,1.89,1.0266666666666666
32.9,5,17,27,4,3,1.29,1.48,1.0425
26.3,3,17,27,4,3,1.86,1.12,1.0095833333333333
0.9,3,19,27,4,3,0.33,0.28,1.0408333333333335
36.0,2,20,27,4,3,1.03,1.94,1.02
29.6,1,21,27,4,3,1.44,1.11,1.0483333333333333
38.3,3,23,27,4,3,1.79,0.49,1.0729166666666667
13.3,4,23,27,4,3,1.08,1.6,1.0595833333333335
30.5,3,0,28,4,4,1.28,0.84,1.0391666666666668
28.1,1,0,28,4,4,0.35,0.54,1.0825
8.2,4,1,28,4,4,1.58,0.48,1.1141666666666665
-1.4,2,4,28,4,4,1.24,1.07,1.1358333333333335
7.5,5,4,28,4,4,1.59,0.74,1.1704166666666667
-3.0,2,5,28,4,4,1.57,0.69,1.1504166666666666
11.3,3,6,28,4,4,0.21,0.49,1.1795833333333332
28.5,3,6,28,4,4,1.19,1.72,1.1854166666666668
-6.8,2,6,28,4,4,1.86,0.38,1.2304166666666665
-1.9,1,7,28,4,4,1.46,1.93,1.2141666666666666
20.0,5,7,28,4,4,1.54,1.14,1.2108333333333334
36.7,2,10,28,4,4,1.06,0.62,1.2225
-4.6,5,11,28,4,4,0.9,1.93,1.2016666666666669
30.7,2,11,28,4,4,1.43,0.35,1.2670833333333333
4.8,1,11,28,4,4,1.92,1.31,1.2820833333333335
34.4,3,13,28,4,4,1.67,1.1,1.2620833333333332
11.1,3,14,28,4,4,0.62,1.29,1.2808333333333335
14.3,5,15,28,4,4,1.74,1.86,1.2454166666666666
21.0,5,16,28,4,4,1.01,0.33,1.2458333333333333
3.6,4,16,28,4,4,0.34,1.03,1.2170833333333333
34.7,2,17,28,4,4,0.34,1.44,1.2308333333333332
22.2,1,17,28,4,4,1.77,1.79,1.1795833333333334
33.0,5,17,28,4,4,0.56,1.08,1.2025
4.7,2,18,28,4,4,1.63,1.28,1.2241666666666666
24.4,2,18,28,4,4,1.8,0.35,1.24
22.0,1,19,28,4,4,0.73,1.58,1.2349999999999999
3.1,1,19,28,4,4,1.46,1.24,1.2366666666666666
-7.6,4,20,28,4,4,1.28,1.59,1.2320833333333334
1.4,2,20,28,4,4,1.48,1.57,1.2120833333333334
4.8,2,21,28,4,4,1.09,0.21,1.2562499999999999
11.9,4,22,28,4,4,1.27,1.19,1.2304166666666667
10.8,4,23,28,4,4,0.57,1.86,1.18875
5.5,4,0,29,4,5,0.86,1.46,1.1879166666666667
20.0,2,0,29,4,5,1.44,1.54,1.2049999999999998
-5.9,2,0,29,4,5,1.95,1.06,1.20625
-2.1,2,1,29,4,5,1.09,0.9,1.2254166666666666
-9.1,1,3,29,4,5,1.36,1.43,1.2141666666666666
30.1,5,4,29,4,5,1.16,1.92,1.2154166666666666
-3.9,4,4,29,4,5,1.95,1.67,1.1991666666666667
-8.6,4,5,29,4,5,1.28,0.62,1.2004166666666667
21.5,5,6,29,4,5,0.65,1.74,1.1979166666666667
39.5,5,10,29,4,5,1.68,1.01,1.2137499999999999
14.7,1,11,29,4,5,1.39,0.34,1.2529166666666667
27.6,4,11,29,4,5,1.28,0.34,1.29
37.1,3,11,29,4,5,1.23,1.77,1.22875
13.8,5,11,29,4,5,0.3,0.56,1.22625
18.6,1,12,29,4,5,0.5,1.63,1.1741666666666666
5.9,1,12,29,4,5,0.38,1.8,1.1570833333333332
6.7,1,12,29,4,5,1.39,0.73,1.1470833333333332
39.7,1,12,29,4,5,0.49,1.46,1.1279166666666667
19.2,3,13,29,4,5,1.0,1.28,1.1429166666666666
13.2,5,13,29,4,5,1.64,1.48,1.12625
16.2,5,13,29,4,5,1.08,1.09,1.1133333333333333
4.4,1,16,29,4,5,0.78,1.27,1.12625
5.4,5,16,29,4,5,1.58,0.57,1.1270833333333334
2.2,5,17,29,4,5,0.59,0.86,1.135
3.9,3,18,29,4,5,1.05,1.44,1.08625
18.4,2,18,29,4,5,0.27,1.95,1.0545833333333332
8.2,1,18,29,4,5,1.19,1.09,1.0470833333333334
-5.4,3,19,29,4,5,0.91,1.36,1.0708333333333333
23.6,4,19,29,4,5,1.93,1.16,1.0679166666666666
35.4,2,20,29,4,5,1.09,1.95,1.06875
20.6,1,21,29,4,5,1.97,1.28,1.05875
39.1,1,22,29,4,5,1.04,0.65,1.0954166666666667
-7.3,1,23,29,4,5,1.53,1.68,1.0658333333333332
10.1,2,1,30,4,6,0.97,1.39,1.04125
4.8,3,3,30,4,6,0.8,1.28,1.0145833333333334
14.4,5,4,30,4,6,0.64,1.23,0.99125
32.9,1,4,30,4,6,0.67,0.3,0.9966666666666666
31.1,5,5,30,4,6,0.43,0.5,0.98875
35.1,3,5,30,4,6,0.31,0.38,0.9870833333333334
37.0,2,5,30,4,6,0.34,1.39,0.9883333333333333
-3.7,3,6,30,4,6,1.42,0.49,1.0416666666666667
7.6,3,6,30,4,6,1.77,1.0,1.0733333333333335
14.8,5,7,30,4,6,1.76,1.64,1.0250000000000001
10.6,5,8,30,4,6,0.48,1.08,1.0162499999999999
35.7,2,8,30,4,6,0.87,0.78,0.9925
9.4,2,10,30,4,6,0.21,1.58,0.9500000000000001
26.5,3,11,30,4,6,0.56,0.59,0.9670833333333334
2.8,4,11,30,4,6,1.0,1.05,0.9395833333333332
33.2,4,12,30,4,6,0.39,0.27,0.99125
11.9,2,12,30,4,6,1.51,1.19,0.9637500000000001
-2.2,4,13,30,4,6,0.53,0.91,1.0079166666666668
29.8,1,15,30,4,6,1.97,1.93,1.0104166666666667
-2.1,3,15,30,4,6,1.99,1.09,1.0179166666666668
31.3,1,18,30,4,6,1.27,1.97,0.9704166666666666
5.0,1,18,30,4,6,0.83,1.04,0.9525
1.6,5,20,30,4,6,0.61,1.53,0.9562499999999999
11.2,2,21,30,4,6,1.62,0.97,0.9433333333333334
32.7,2,23,30,4,6,0.66,0.8,0.9529166666666667
-9.0,4,0,1,5,0,1.03,0.64,0.995
27.1,5,0,1,5,0,1.65,0.67,1.0229166666666667
10.1,3,0,1,5,0,1.34,0.43,1.0408333333333333
-0.2,3,1,1,5,0,0.86,0.31,1.1004166666666666
20.0,5,2,1,5,0,1.74,0.34,1.1495833333333334
-6.5,2,2,1,5,0,1.52,1.42,1.15625
21.4,5,2,1,5,0,1.58,1.77,1.1333333333333335
6.8,4,4,1,5,0,1.22,1.76,1.1216666666666666
-2.2,2,6,1,5,0,1.48,0.48,1.1491666666666667
23.4,2,6,1,5,0,1.14,0.87,1.1695833333333334
25.2,5,8,1,5,0,1.36,0.21,1.17625
20.3,3,8,1,5,0,0.37,0.56,1.1808333333333334
4.9,3,8,1,5,0,0.67,1.0,1.1849999999999998
15.2,1,10,1,5,0,1.1,0.39,1.18625
20.0,3,11,1,5,0,0.42,1.51,1.1370833333333332
32.7,3,11,1,5,0,0.33,0.53,1.14625
19.0,1,12,1,5,0,0.75,1.97,1.08375
-8.3,2,13,1,5,0,0.47,1.99,1.0466666666666666
26.2,3,16,1,5,0,1.1,1.27,1.0066666666666666
-2.6,1,16,1,5,0,0.31,0.83,1.0495833333333333
-2.0,5,17,1,5,0,1.86,0.61,1.0362500000000001
25.0,5,19,1,5,0,0.29,1.62,1.02
37.3,3,20,1,5,0,1.23,0.66,1.0354166666666667
14.8,3,21,1,5,0,1.03,1.03,1.0720833333333333
26.2,3,22,1,5,0,1.91,1.65,1.0654166666666667
21.8,3,23,1,5,0,1.49,1.34,1.0879166666666666
1.0,3,23,1,5,0,1.88,0.86,1.07375
2.8,4,2,2,5,1,0.52,1.74,1.03875
28.8,5,4,2,5,1,0.9,1.52,1.0345833333333332
34.5,3,6,2,5,1,1.42,1.58,0.9941666666666666
-8.9,4,6,2,5,1,0.61,1.22,0.9729166666666665
30.4,5,6,2,5,1,0.71,1.48,0.9500000000000001
3.8,4,8,2,5,1,0.93,1.14,0.9633333333333334
-0.1,4,9,2,5,1,1.46,1.36,0.9500000000000001
25.5,1,10,2,5,1,1.04,0.37,0.9583333333333334
26.9,5,10,2,5,1,0.57,0.67,0.9545833333333333
36.8,3,10,2,5,1,0.58,1.1,0.9229166666666667
37.5,4,11,2,5,1,0.34,0.42,0.9395833333333333
-8.1,5,12,2,5,1,0.82,0.33,0.9841666666666667
37.4,2,12,2,5,1,1.4,0.75,0.9616666666666668
3.9,1,12,2,5,1,0.21,0.47,1.0070833333333333
16.5,4,16,2,5,1,1.56,1.1,1.0325
-1.4,4,17,2,5,1,1.71,0.31,1.0787499999999999
16.4,5,18,2,5,1,1.42,1.86,1.0308333333333333
0.9,2,18,2,5,1,0.71,0.29,1.0995833333333334
23.7,5,19,2,5,1,1.94,1.23,1.1266666666666667
10.0,3,20,2,5,1,1.88,1.03,1.1295833333333334
23.8,5,22,2,5,1,1.1,1.91,1.0804166666666666
-6.2,1,22,2,5,1,0.73,1.49,1.0483333333333333
5.0,2,23,2,5,1,0.72,1.88,1.0029166666666667
-5.1,3,23,2,5,1,0.79,0.52,1.015
4.7,4,0,3,5,2,0.81,0.9,1.0174999999999998
24.8,1,0,3,5,2,0.96,1.42,1.03
25.4,5,0,3,5,2,1.72,0.61,1.055
9.4,4,1,3,5,2,1.21,0.71,1.0895833333333333
-7.5,3,3,3,5,2,1.54,0.93,1.1199999999999999
20.8,5,3,3,5,2,1.66,1.46,1.0716666666666665
23.7,3,6,3,5,2,0.3,1.04,1.08125
30.0,3,7,3,5,2,1.27,0.57,1.1129166666666668
20.8,5,7,3,5,2,1.33,0.58,1.135
-2.7,5,8,3,5,2,1.11,0.34,1.1629166666666666
13.8,4,8,3,5,2,1.01,0.82,1.1658333333333333
28.7,3,10,3,5,2,0.89,1.4,1.1845833333333333
1.9,3,10,3,5,2,1.85,0.21,1.1879166666666665
10.3,1,12,3,5,2,0.29,1.56,1.1358333333333335
16.6,5,12,3,5,2,0.31,1.71,1.1408333333333334
15.2,3,16,3,5,2,1.83,1.42,1.1604166666666667
23.7,4,16,3,5,2,1.89,0.71,1.185
21.9,3,16,3,5,2,1.3,1.94,1.1595833333333332
4.0,5,17,3,5,2,1.33,1.88,1.16
13.0,1,18,3,5,2,1.89,1.1,1.1533333333333333
36.8,5,18,3,5,2,0.94,0.73,1.16375
16.9,4,20,3,5,2,0.98,0.72,1.1579166666666667
39.4,1,20,3,5,2,0.58,0.79,1.1883333333333332
-1.5,4,20,3,5,2,1.52,0.81,1.2254166666666666
-6.5,4,21,3,5,2,1.7,0.96,1.2658333333333334
5.0,1,22,3,5,2,1.93,1.72,1.21625
21.1,4,23,3,5,2,0.53,1.21,1.21
-2.2,3,0,4,5,3,1.06,1.54,1.1883333333333335
-7.6,1,2,4,5,3,1.02,1.66,1.1933333333333334
10.7,5,3,4,5,3,1.78,0.3,1.2491666666666668
2.1,3,3,4,5,3,1.64,1.27,1.2770833333333333
22.4,4,3,4,5,3,1.94,1.33,1.2825
26.4,3,4,4,5,3,1.46,1.11,1.2791666666666666
27.5,1,7,4,5,3,1.03,1.01,1.2504166666666665
12.5,2,7,4,5,3,0.32,0.89,1.2583333333333335
34.6,5,8,4,5,3,1.08,1.85,1.2225
18.1,3,8,4,5,3,0.99,0.29,1.2295833333333335
0.9,5,8,4,5,3,0.46,0.31,1.2866666666666666
26.4,2,12,4,5,3,1.68,1.83,1.2829166666666667
-6.0,2,12,4,5,3,1.74,1.89,1.28125
22.5,5,13,4,5,3,1.85,1.3,1.255
11.7,2,14,4,5,3,0.67,1.33,1.2741666666666667
-8.6,5,14,4,5,3,1.79,1.89,1.2354166666666666
13.8,2,15,4,5,3,0.96,0.94,1.2404166666666667
20.2,2,16,4,5,3,1.06,0.98,1.21125
-9.4,1,16,4,5,3,0.28,0.58,1.2008333333333334
37.7,1,16,4,5,3,0.33,1.52,1.16875
-9.3,3,17,4,5,3,0.75,1.7,1.11375
21.8,3,17,4,5,3,0.38,1.93,1.05125
23.9,1,17,4,5,3,0.43,0.53,1.065
39.9,5,18,4,5,3,0.86,1.06,1.0850000000000002
-8.4,2,18,4,5,3,1.54,1.02,1.1125
-6.2,2,18,4,5,3,1.68,1.78,1.1208333333333333
0.6,4,20,4,5,3,1.98,1.64,1.1008333333333333
36.3,3,20,4,5,3,1.16,1.94,1.03875
-3.0,1,21,4,5,3,0.45,1.46,0.9879166666666667
-8.9,5,23,4,5,3,0.24,1.03,0.9704166666666666
12.3,5,23,4,5,3,0.61,0.32,1.0320833333333332
38.1,2,1,5,5,4,1.8,1.08,1.0170833333333331
29.2,5,2,5,5,4,0.72,0.99,1.0108333333333335
16.8,3,3,5,5,4,0.84,0.46,1.075
21.4,5,3,5,5,4,2.0,1.68,1.02375
3.9,5,4,5,5,4,0.45,1.74,0.9750000000000001
-8.0,3,4,5,5,4,0.57,1.85,0.9787499999999999
9.4,4,4,5,5,4,1.94,0.67,0.96875
18.3,2,4,5,5,4,0.43,1.79,0.94875
17.9,1,5,5,5,4,1.31,0.96,0.9595833333333333
31.1,2,6,5,5,4,1.22,1.06,0.9474999999999999
6.7,4,7,5,5,4,0.77,0.28,0.9591666666666668
6.6,3,8,5,5,4,0.56,0.33,0.9979166666666667
18.6,5,8,5,5,4,1.26,0.75,0.9899999999999999
23.0,3,9,5,5,4,0.56,0.38,1.03875
25.9,5,10,5,5,4,1.55,0.43,1.0641666666666667
33.2,5,11,5,5,4,1.04,0.86,1.0537500000000002
6.9,3,13,5,5,4,0.61,1.54,1.0179166666666666
32.9,2,13,5,5,4,0.68,1.68,0.9904166666666666
-10.0,5,13,5,5,4,1.02,1.98,0.9345833333333333
22.2,2,13,5,5,4,0.64,1.16,0.9633333333333333
9.9,4,14,5,5,4,1.85,0.45,0.98625
31.0,2,14,5,5,4,1.0,0.24,1.0533333333333335
-7.5,5,16,5,5,4,1.85,0.61,1.0804166666666668
21.5,1,18,5,5,4,1.26,1.8,1.03125
-5.7,5,20,5,5,4,0.62,0.72,1.0108333333333335
-4.4,5,22,5,5,4,0.23,0.84,1.0579166666666666
29.6,2,22,5,5,4,1.97,2.0,1.0333333333333332
11.9,5,23,5,5,4,1.41,0.45,1.0625
-5.1,1,0,6,5,5,1.15,0.57,1.0758333333333334
4.1,3,0,6,5,5,0.89,1.94,1.07
32.4,2,1,6,5,5,1.8,0.43,1.1016666666666668
10.6,3,3,6,5,5,1.19,1.31,1.0766666666666667
2.7,4,4,6,5,5,0.71,1.22,1.0608333333333333
24.8,4,4,6,5,5,0.84,0.77,1.0395833333333333
-0.9,1,5,6,5,5,0.26,0.56,1.0583333333333333
11.4,5,5,6,5,5,1.01,1.26,1.0179166666666666
35.9,5,8,6,5,5,0.29,0.56,1.0220833333333335
21.8,4,9,6,5,5,0.66,1.55,0.9987500000000001
18.8,2,13,6,5,5,0.99,1.04,1.0358333333333334
11.1,3,14,6,5,5,1.93,0.61,1.0858333333333332
28.4,5,14,6,5,5,1.81,0.68,1.135
2.6,2,14,6,5,5,1.86,1.02,1.1345833333333333
38.0,5,14,6,5,5,1.01,0.64,1.18625
21.8,3,16,6,5,5,1.88,1.85,1.17625
36.6,3,17,6,5,5,1.61,1.0,1.18
34.9,1,17,6,5,5,1.09,1.85,1.1641666666666668
-0.4,2,18,6,5,5,1.47,1.26,1.1775
10.2,1,18,6,5,5,1.58,0.62,1.1920833333333334
10.0,5,18,6,5,5,0.97,0.23,1.2033333333333334
3.6,5,20,6,5,5,0.5,1.97,1.1695833333333332
-9.3,1,21,6,5,5,1.16,1.41,1.145
33.3,5,21,6,5,5,0.82,1.15,1.1404166666666666
0.9,5,21,6,5,5,1.04,0.89,1.1224999999999998
13.9,4,23,6,5,5,0.46,1.8,1.0604166666666668
25.4,2,0,7,5,6,0.31,1.19,1.085
7.7,3,1,7,5,6,1.78,0.71,1.08625
8.8,4,2,7,5,6,0.74,0.84,1.0775
18.4,1,5,7,5,6,0.63,0.26,1.0820833333333335
12.1,5,6,7,5,6,0.37,1.01,1.1075
-0.5,1,7,7,5,6,1.62,0.29,1.1720833333333334
-7.3,4,8,7,5,6,1.84,0.66,1.1708333333333334
29.0,1,9,7,5,6,0.63,0.99,1.18
15.6,1,10,7,5,6,1.21,1.93,1.1429166666666666
21.0,3,11,7,5,6,1.04,1.81,1.1158333333333335
30.1,1,11,7,5,6,1.16,1.86,1.0925
9.3,2,12,7,5,6,1.3,1.01,1.07
29.8,4,13,7,5,6,0.47,1.88,1.07125
5.6,1,13,7,5,6,1.91,1.61,1.0441666666666667
30.1,2,14,7,5,6,0.96,1.09,1.0250000000000001
23.6,4,15,7,5,6,0.63,1.47,0.9845833333333333
6.5,2,15,7,5,6,0.5,1.58,0.9904166666666666
12.2,3,16,7,5,6,1.72,0.97,1.02125
0.2,2,17,7,5,6,1.71,0.5,1.0308333333333335
19.2,2,18,7,5,6,0.73,1.16,1.0579166666666666
10.9,5,18,7,5,6,1.81,0.82,1.0433333333333334
10.9,1,19,7,5,6,0.47,1.04,1.0508333333333333
14.8,1,19,7,5,6,1.22,0.46,1.09125
-5.6,1,19,7,5,6,1.43,0.31,1.1416666666666666
0.7,1,20,7,5,6,1.52,1.78,1.1433333333333333
7.5,4,22,7,5,6,1.82,0.74,1.1666666666666667
26.0,4,23,7,5,6,1.3,0.63,1.1512499999999999
-2.9,2,0,8,5,0,0.26,0.37,1.1758333333333333
16.8,1,0,8,5,0,0.96,1.62,1.16875
32.9,1,1,8,5,0,1.45,1.84,1.1045833333333333
38.7,1,3,8,5,0,0.3,0.63,1.15875
11.8,2,5,8,5,0,1.93,1.21,1.1183333333333334
22.3,5,7,8,5,0,0.24,1.04,1.1575
23.5,4,8,8,5,0,1.98,1.16,1.1233333333333333
-1.4,4,9,8,5,0,0.34,1.3,1.1120833333333333
-5.4,2,9,8,5,0,1.03,0.47,1.1570833333333332
19.4,1,9,8,5,0,1.55,1.91,1.0970833333333332
19.3,5,10,8,5,0,0.47,0.96,1.1333333333333333
2.0,5,10,8,5,0,1.83,0.63,1.1879166666666665
11.5,1,11,8,5,0,1.94,0.5,1.2304166666666667
9.4,5,12,8,5,0,1.52,1.72,1.17875
7.6,2,13,8,5,0,0.48,1.71,1.1758333333333333
27.1,5,14,8,5,0,1.64,0.73,1.18375
3.3,1,17,8,5,0,0.92,1.81,1.1754166666666668
0.1,2,18,8,5,0,1.61,0.47,1.1741666666666666
19.3,4,18,8,5,0,0.44,1.22,1.1933333333333334
17.5,1,19,8,5,0,1.68,1.43,1.1612500000000001
2.2,5,19,8,5,0,0.66,1.52,1.1241666666666668
8.5,2,22,8,5,0,0.63,1.82,1.1279166666666667
-0.3,2,0,9,5,1,1.91,1.3,1.1383333333333334
11.2,2,0,9,5,1,1.55,0.26,1.1595833333333334
19.6,5,0,9,5,1,0.77,0.96,1.155
-7.6,5,2,9,5,1,0.85,1.45,1.1070833333333334
31.7,5,2,9,5,1,0.3,0.3,1.11
34.8,4,4,9,5,1,0.37,1.93,1.0408333333333333
-4.1,5,5,9,5,1,0.27,0.24,1.0599999999999998
30.3,1,5,9,5,1,0.7,1.98,1.0562500000000001
29.0,1,6,9,5,1,1.89,0.34,1.1020833333333333
-5.4,4,6,9,5,1,1.44,1.03,1.135
33.3,3,6,9,5,1,1.82,1.55,1.1295833333333334
27.7,2,6,9,5,1,1.42,0.47,1.14
13.4,5,7,9,5,1,0.72,1.83,1.1004166666666666
6.1,5,7,9,5,1,0.88,1.94,1.0295833333333333
26.4,1,8,9,5,1,0.24,1.52,1.0433333333333332
31.6,4,9,9,5,1,1.85,0.48,1.0791666666666668
-3.5,5,9,9,5,1,1.34,1.64,1.0354166666666667
27.9,3,9,9,5,1,0.59,0.92,1.0083333333333333
4.1,5,10,9,5,1,0.27,1.61,0.9679166666666666
19.8,3,13,9,5,1,0.64,0.44,0.9849999999999999
7.5,2,16,9,5,1,0.85,1.68,0.9616666666666666
1.7,4,16,9,5,1,1.12,0.66,0.9870833333333332
23.0,3,17,9,5,1,1.27,0.63,0.9941666666666666
11.8,4,18,9,5,1,0.8,1.91,0.9279166666666666
12.7,1,18,9,5,1,0.32,1.55,0.9312499999999999
9.8,3,18,9,5,1,1.63,0.77,0.9112499999999999
29.3,1,20,9,5,1,0.29,0.85,0.9008333333333334
34.5,2,20,9,5,1,0.6,0.3,0.96
35.5,1,21,9,5,1,1.72,0.37,0.9866666666666667
27.0,1,21,9,5,1,1.01,0.27,1.0291666666666666
-0.7,2,21,9,5,1,1.29,0.7,1.0604166666666666
9.6,5,22,9,5,1,1.45,1.89,1.0566666666666666
32.2,4,23,9,5,1,1.8,1.44,1.0725
5.9,2,23,9,5,1,1.82,1.82,1.0408333333333333
19.1,3,0,10,5,2,1.06,1.42,0.9945833333333334
10.5,5,2,10,5,2,0.31,0.72,1.0291666666666668
14.6,2,3,10,5,2,1.55,0.88,1.0308333333333333
17.4,1,4,10,5,2,0.92,0.24,1.1020833333333333
25.6,4,6,10,5,2,1.95,1.85,1.0745833333333332
25.1,1,6,10,5,2,1.19,1.34,1.0420833333333333
8.9,4,7,10,5,2,0.56,0.59,1.0995833333333334
33.0,4,7,10,5,2,1.97,0.27,1.1604166666666667
13.2,4,8,10,5,2,1.73,0.64,1.1779166666666667
-0.6,4,10,10,5,2,1.06,0.85,1.1929166666666668
-5.6,2,11,10,5,2,1.21,1.12,1.2191666666666667
7.5,2,11,10,5,2,1.75,1.27,1.23875
3.4,2,12,10,5,2,1.74,0.8,1.2495833333333335
-8.3,5,13,10,5,2,1.06,0.32,1.2625
19.0,1,14,10,5,2,0.63,1.63,1.2550000000000001
7.6,1,15,10,5,2,1.45,0.29,1.2920833333333335
-2.0,2,15,10,5,2,1.18,0.6,1.3116666666666668
9.7,5,15,10,5,2,1.07,1.72,1.3037500000000002
34.8,1,16,10,5,2,1.53,1.01,1.3416666666666668
37.4,3,17,10,5,2,1.92,1.29,1.3179166666666668
20.8,2,17,10,5,2,0.72,1.45,1.3379166666666666
1.4,4,18,10,5,2,1.93,1.8,1.2929166666666667
11.9,5,18,10,5,2,0.72,1.82,1.2808333333333335
35.5,5,19,10,5,2,1.53,1.06,1.2462499999999999
9.9,1,19,10,5,2,0.23,0.31,1.2825
19.2,3,19,10,5,2,1.18,1.55,1.2670833333333333
6.2,2,20,10,5,2,1.18,0.92,1.25625
32.7,5,21,10,5,2,0.66,1.95,1.2283333333333333
4.1,3,22,10,5,2,1.28,1.19,1.2291666666666667
5.1,4,23,10,5,2,1.21,0.56,1.2683333333333333
8.1,2,1,11,5,3,1.5,1.97,1.2162499999999998
-0.0,1,2,11,5,3,0.72,1.73,1.1724999999999999
9.9,5,2,11,5,3,0.68,1.06,1.2008333333333334
13.0,3,3,11,5,3,1.74,1.21,1.2066666666666668
31.5,5,3,11,5,3,1.35,1.75,1.1995833333333332
21.4,4,5,11,5,3,1.58,1.74,1.1425
26.3,1,5,11,5,3,0.37,1.06,1.17875
36.5,1,5,11,5,3,1.93,0.63,1.2204166666666667
34.4,5,6,11,5,3,1.63,1.45,1.17625
9.0,1,6,11,5,3,0.39,1.18,1.1575
38.7,4,7,11,5,3,0.73,1.07,1.195
34.4,4,9,11,5,3,1.97,1.53,1.1675
1.7,4,12,11,5,3,0.87,1.92,1.1016666666666668
-4.2,2,15,11,5,3,0.34,0.72,1.1441666666666666
25.5,5,16,11,5,3,1.74,1.93,1.14625
-8.3,5,16,11,5,3,1.98,0.72,1.1908333333333332
39.1,4,17,11,5,3,1.79,1.53,1.1733333333333331
32.8,2,17,11,5,3,1.11,0.23,1.2325000000000002
36.9,4,18,11,5,3,1.65,1.18,1.2454166666666666
13.3,1,19,11,5,3,1.49,1.18,1.2570833333333333
18.1,2,19,11,5,3,1.46,0.66,1.2808333333333333
33.1,1,20,11,5,3,1.23,1.28,1.2750000000000001
33.9,2,20,11,5,3,1.14,1.21,1.2445833333333334
33.2,3,21,11,5,3,0.48,1.5,1.2508333333333332
38.0,4,23,11,5,3,1.65,0.72,1.2966666666666666
5.5,3,2,12,5,4,1.82,0.68,1.3320833333333335
25.4,1,3,12,5,4,1.53,1.74,1.2775
7.3,3,4,12,5,4,0.43,1.35,1.2691666666666668
27.7,5,6,12,5,4,1.15,1.58,1.28375
36.0,3,6,12,5,4,1.93,0.37,1.2866666666666666
9.4,5,6,12,5,4,0.44,1.93,1.2462499999999999
0.1,5,6,12,5,4,0.96,1.63,1.2008333333333334
-0.5,4,7,12,5,4,0.54,0.39,1.2283333333333333
12.9,4,7,12,5,4,1.05,0.73,1.2541666666666667
30.8,3,9,12,5,4,1.35,1.97,1.2504166666666665
33.2,3,10,12,5,4,1.88,0.87,1.2658333333333334
13.7,2,10,12,5,4,1.24,0.34,1.3099999999999998
27.3,5,10,12,5,4,1.4,1.74,1.315
4.5,2,11,12,5,4,1.86,1.98,1.3029166666666667
37.8,4,11,12,5,4,1.69,1.79,1.31
19.9,2,13,12,5,4,1.96,1.11,1.2795833333333333
19.6,3,14,12,5,4,0.38,1.65,1.26125
39.5,2,14,12,5,4,1.21,1.49,1.2658333333333334
1.4,5,14,12,5,4,1.6,1.46,1.2158333333333333
-2.4,2,17,12,5,4,0.26,1.23,1.1866666666666668
-1.9,1,17,12,5,4,0.53,1.14,1.2158333333333333
14.9,4,18,12,5,4,1.84,0.48,1.2441666666666666
-4.4,4,18,12,5,4,1.16,1.65,1.1970833333333333
12.4,5,19,12,5,4,0.52,1.82,1.1733333333333333
33.0,1,21,12,5,4,1.25,1.53,1.1875
5.1,1,21,12,5,4,1.87,0.43,1.2108333333333332
-5.0,4,21,12,5,4,0.99,1.15,1.2141666666666666
34.8,1,21,12,5,4,1.23,1.93,1.1891666666666667
39.9,4,23,12,5,4,1.33,0.44,1.2245833333333334
22.9,3,1,13,5,5,1.29,0.96,1.2454166666666666
19.6,3,2,13,5,5,1.46,0.54,1.2954166666666667
-5.8,1,2,13,5,5,1.74,1.05,1.3254166666666667
38.4,3,2,13,5,5,1.77,1.35,1.3150000000000002
5.8,1,2,13,5,5,1.1,1.88,1.3075
13.4,3,3,13,5,5,1.7,1.24,1.32375
4.7,1,3,13,5,5,1.63,1.4,1.3191666666666666
-4.7,2,3,13,5,5,1.29,1.86,1.2670833333333333
19.3,5,4,13,5,5,0.61,1.69,1.2625
37.7,1,4,13,5,5,1.58,1.96,1.2191666666666667
28.3,4,6,13,5,5,0.92,0.38,1.2675
34.0,1,8,13,5,5,1.54,1.21,1.2795833333333333
36.5,2,10,13,5,5,1.5,1.6,1.28875
30.1,4,11,13,5,5,1.82,0.26,1.3575
11.9,1,12,13,5,5,1.91,0.53,1.39125
31.4,1,13,13,5,5,1.34,1.84,1.3604166666666666
32.0,2,14,13,5,5,1.1,1.16,1.34375
38.4,5,15,13,5,5,0.76,0.52,1.3616666666666666
33.7,5,18,13,5,5,0.95,1.25,1.3595833333333334
-8.8,1,21,13,5,5,1.2,1.87,1.33375
-2.4,1,21,13,5,5,1.25,0.99,1.335
17.9,4,22,13,5,5,1.02,1.23,1.3104166666666666
38.7,3,22,13,5,5,0.64,1.33,1.3029166666666667
-0.6,5,22,13,5,5,1.15,1.29,1.2583333333333333
23.4,5,23,13,5,5,0.22,1.46,1.2329166666666669
24.8,2,0,14,5,6,0.85,1.74,1.1725
15.2,4,1,14,5,6,0.29,1.77,1.1183333333333334
-5.9,3,1,14,5,6,0.47,1.1,1.1295833333333334
16.7,4,2,14,5,6,1.37,1.7,1.0791666666666666
-5.3,1,4,14,5,6,0.49,1.63,1.0504166666666668
33.9,2,5,14,5,6,0.94,1.29,1.0416666666666667
16.5,1,7,14,5,6,1.08,0.61,1.0270833333333333
18.4,3,9,14,5,6,0.26,1.58,0.9954166666666667
7.9,2,11,14,5,6,0.82,0.92,0.9883333333333333
24.5,3,11,14,5,6,0.75,1.54,0.9624999999999999
15.5,3,12,14,5,6,0.92,1.5,0.9362499999999999
10.8,5,15,14,5,6,0.87,1.82,0.90625
20.4,5,16,14,5,6,1.1,1.91,0.89
25.0,2,17,14,5,6,1.52,1.34,0.9079166666666666
5.7,3,19,14,5,6,1.77,1.1,0.88
17.3,2,20,14,5,6,0.43,0.76,0.9249999999999999
32.4,3,20,14,5,6,1.84,0.95,0.9091666666666667
23.3,4,21,14,5,6,0.57,1.2,0.93125
38.5,1,21,14,5,6,1.73,1.25,0.9220833333333335
36.8,1,22,14,5,6,1.03,1.02,0.9591666666666668
-9.7,5,1,15,5,0,1.91,0.64,0.9991666666666666
-4.0,5,3,15,5,0,1.6,1.15,0.9725
34.5,3,3,15,5,0,0.51,0.22,1.0245833333333334
36.1,2,3,15,5,0,1.47,0.85,1.0199999999999998
33.6,3,4,15,5,0,0.74,0.29,1.0479166666666666
27.8,5,7,15,5,0,0.96,0.47,1.0658333333333334
22.0,2,9,15,5,0,0.9,1.37,1.0270833333333333
27.8,3,10,15,5,0,0.44,0.49,1.0804166666666666
2.9,5,10,15,5,0,1.77,0.94,1.0645833333333334
4.4,3,12,15,5,0,0.56,1.08,1.0658333333333334
15.4,3,12,15,5,0,1.11,0.26,1.1233333333333333
1.4,2,12,15,5,0,1.64,0.82,1.14125
-0.4,1,13,15,5,0,1.25,0.75,1.1566666666666665
10.3,2,18,15,5,0,1.12,0.92,1.1370833333333334
28.6,1,18,15,5,0,0.45,0.87,1.1716666666666666
26.9,5,19,15,5,0,1.7,1.1,1.1375
20.1,3,20,15,5,0,0.28,1.52,1.1266666666666667
-4.9,2,22,15,5,0,1.26,1.77,1.10625
37.8,5,23,15,5,0,1.28,0.43,1.1129166666666668
26.6,3,0,16,5,1,0.59,1.84,1.1079166666666667
-2.9,1,0,16,5,1,1.72,0.57,1.11375
15.7,2,1,16,5,1,0.71,1.73,1.0775
35.1,1,3,16,5,1,0.86,1.03,1.1154166666666667
36.0,5,4,16,5,1,1.94,1.91,1.1054166666666665
-8.3,4,5,16,5,1,1.67,1.6,1.0483333333333333
16.1,1,5,16,5,1,0.23,0.51,1.0504166666666666
3.5,1,7,16,5,1,0.56,1.47,1.0666666666666667
-2.5,1,7,16,5,1,1.86,0.74,1.11375
18.9,3,7,16,5,1,1.87,0.96,1.1041666666666667
7.2,4,8,16,5,1,0.73,0.9,1.08375
2.1,1,9,16,5,1,0.41,0.44,1.075
11.3,2,9,16,5,1,0.23,1.77,1.06375
-5.8,2,9,16,5,1,1.5,0.56,1.0979166666666667
-7.6,3,10,16,5,1,1.38,1.11,1.0954166666666667
9.2,3,11,16,5,1,1.05,1.64,1.0458333333333332
27.7,5,11,16,5,1,0.45,1.25,1.0254166666666666
9.0,3,12,16,5,1,0.76,1.12,1.0391666666666668
0.1,1,12,16,5,1,1.45,0.45,1.0487499999999998
23.9,4,12,16,5,1,0.68,1.7,0.9933333333333333
19.3,5,14,16,5,1,0.37,0.28,1.0179166666666666
28.9,2,14,16,5,1,0.87,1.26,1.0445833333333334
27.3,2,17,16,5,1,1.9,1.28,1.0241666666666667
29.1,2,18,16,5,1,0.79,0.59,1.0329166666666667
5.3,1,20,16,5,1,0.8,1.72,0.9991666666666666
0.4,3,20,16,5,1,0.91,0.71,1.0095833333333333
28.2,4,21,16,5,1,0.96,0.86,1.0029166666666667
6.6,2,22,16,5,1,0.7,1.94,0.9925
6.6,2,22,16,5,1,1.69,1.67,0.9987499999999999
4.3,5,23,16,5,1,1.82,0.23,1.0220833333333335
32.2,3,0,17,5,2,0.79,0.56,1.0104166666666667
17.0,1,3,17,5,2,0.28,1.86,1.0145833333333332
15.2,2,4,17,5,2,1.96,1.87,1.0137500000000002
3.6,4,5,17,5,2,1.85,0.73,0.9975
13.3,5,6,17,5,2,0.34,0.41,1.04
9.1,4,8,17,5,2,1.43,0.23,1.0825
28.9,2,9,17,5,2,1.25,1.5,1.04
-5.4,1,10,17,5,2,0.48,1.38,1.0575
7.2,1,11,17,5,2,1.8,1.05,1.0450000000000002
26.5,4,12,17,5,2,0.75,0.45,1.0466666666666666
37.4,3,13,17,5,2,0.49,0.76,1.02375
14.4,1,14,17,5,2,0.21,1.45,0.9925
20.6,2,14,17,5,2,0.7,0.68,1.0266666666666666
11.9,4,14,17,5,2,1.5,0.37,1.0195833333333333
-7.4,3,15,17,5,2,0.2,0.87,1.0533333333333332
37.2,3,15,17,5,2,1.68,1.9,1.02125
0.2,1,16,17,5,2,1.13,0.79,1.0695833333333333
5.9,5,16,17,5,2,1.95,0.8,1.1195833333333334
9.4,1,17,17,5,2,2.0,0.91,1.1008333333333333
39.6,4,17,17,5,2,0.46,0.96,1.1404166666666666
13.7,5,17,17,5,2,1.91,0.7,1.1525
5.0,1,19,17,5,2,0.99,1.69,1.1641666666666666
33.4,4,20,17,5,2,1.97,1.82,1.1183333333333334
-5.3,4,20,17,5,2,0.72,0.79,1.1441666666666666
17.4,4,21,17,5,2,1.41,0.28,1.2033333333333334
22.5,3,23,17,5,2,1.7,1.96,1.17375
22.9,2,2,18,5,3,1.25,1.85,1.1445833333333333
25.1,2,2,18,5,3,1.15,0.34,1.2083333333333333
8.1,1,2,18,5,3,1.87,1.43,1.1933333333333334
-6.2,5,4,18,5,3,1.07,1.25,1.215
27.2,1,7,18,5,3,1.77,0.48,1.2770833333333333
14.3,1,7,18,5,3,1.97,1.8,1.2183333333333333
0.7,3,9,18,5,3,0.39,0.75,1.2345833333333334
29.9,3,10,18,5,3,1.14,0.49,1.2245833333333334
5.3,5,10,18,5,3,0.25,0.21,1.2699999999999998
22.2,5,11,18,5,3,1.3,0.7,1.2762499999999999
37.5,3,11,18,5,3,0.85,1.5,1.2804166666666668
7.2,4,12,18,5,3,1.6,0.2,1.3066666666666666
2.4,1,12,18,5,3,0.83,1.68,1.29125
23.1,2,12,18,5,3,1.31,1.13,1.2579166666666668
-5.2,4,12,18,5,3,0.33,1.95,1.18875
-4.2,4,14,18,5,3,0.29,2.0,1.1245833333333333
-3.2,3,15,18,5,3,0.46,0.46,1.1433333333333333
21.7,5,15,18,5,3,0.91,1.91,1.1445833333333335
31.8,4,15,18,5,3,1.94,0.99,1.1537499999999998
24.3,5,16,18,5,3,1.21,1.97,1.1116666666666666
29.8,2,18,18,5,3,0.96,0.72,1.1308333333333334
30.6,2,18,18,5,3,1.18,1.41,1.1029166666666668
-6.8,3,21,18,5,3,0.74,1.7,1.1075000000000002
27.7,1,21,18,5,3,1.81,1.25,1.0899999999999999
32.4,3,21,18,5,3,0.83,1.15,1.0516666666666665
18.5,5,23,18,5,3,0.23,1.87,1.0316666666666665
39.9,4,0,19,5,4,1.39,1.07,1.01875
-7.4,5,0,19,5,4,0.76,1.77,0.9783333333333332
-0.0,2,0,19,5,4,0.8,1.97,0.92375
14.9,2,1,19,5,4,0.66,0.39,0.9816666666666666
11.6,3,1,19,5,4,1.78,1.14,0.9866666666666667
22.7,4,3,19,5,4,1.26,0.25,0.9970833333333333
31.3,4,4,19,5,4,0.5,1.3,0.9595833333333333
-3.6,4,5,19,5,4,0.4,0.85,0.9345833333333333
-5.4,4,5,19,5,4,0.25,1.6,0.8879166666666666
9.7,1,7,19,5,4,0.48,0.83,0.9316666666666666
33.5,1,8,19,5,4,1.88,1.31,0.92125
24.1,5,8,19,5,4,1.06,0.33,0.975
30.2,3,9,19,5,4,1.62,0.29,1.01625
29.2,3,9,19,5,4,1.28,0.46,1.0195833333333333
11.8,1,10,19,5,4,0.54,0.91,1.0208333333333333
-4.4,3,10,19,5,4,0.94,1.94,0.9870833333333332
16.3,2,12,19,5,4,1.13,1.21,0.9833333333333334
4.0,4,13,19,5,4,1.12,0.96,0.9570833333333333
13.2,3,13,19,5,4,0.33,1.18,0.9187500000000001
36.1,2,14,19,5,4,0.26,0.74,0.9366666666666665
11.2,3,16,19,5,4,1.17,1.81,0.91
23.8,1,17,19,5,4,1.17,0.83,0.9387500000000001
26.7,3,18,19,5,4,1.52,0.23,0.98375
27.3,5,18,19,5,4,1.31,1.39,0.9520833333333334
-8.5,4,19,19,5,4,0.63,0.76,0.9845833333333333
34.6,4,19,19,5,4,1.54,0.8,0.9833333333333333
-4.2,1,21,19,5,4,0.77,0.66,1.00625
22.9,4,23,19,5,4,1.21,1.78,0.9879166666666667
9.3,3,1,20,5,5,1.34,1.26,0.9833333333333333
14.8,2,1,20,5,5,1.15,0.5,1.03625
28.8,3,2,20,5,5,1.77,0.4,1.08625
33.2,4,4,20,5,5,1.6,0.25,1.1554166666666668
10.7,3,4,20,5,5,1.91,0.48,1.1870833333333333
-1.7,1,4,20,5,5,1.24,1.88,1.18875
18.1,3,6,20,5,5,1.92,1.06,1.1624999999999999
33.0,4,6,20,5,5,0.43,1.62,1.1508333333333334
5.3,2,7,20,5,5,1.34,1.28,1.1583333333333334
-7.8,3,7,20,5,5,1.46,0.54,1.2129166666666666
31.9,3,7,20,5,5,1.85,0.94,1.22
32.2,1,8,20,5,5,1.11,1.13,1.2416666666666667
-5.8,2,9,20,5,5,1.65,1.12,1.2049999999999998
21.3,5,10,20,5,5,0.24,0.33,1.2483333333333333
8.2,4,10,20,5,5,1.37,0.26,1.2704166666666665
4.4,2,11,20,5,5,0.79,1.17,1.2916666666666667
22.7,3,11,20,5,5,1.68,1.17,1.305
1.2,3,14,20,5,5,1.49,1.52,1.2954166666666667
0.2,5,14,20,5,5,1.29,1.31,1.2941666666666667
25.1,3,20,20,5,5,1.28,0.63,1.29625
33.8,4,20,20,5,5,0.68,1.54,1.2995833333333333
8.1,5,23,20,5,5,1.62,0.77,1.2841666666666667
22.5,2,23,20,5,5,0.4,1.21,1.2449999999999999
25.8,3,3,21,5,6,0.27,1.34,1.2229166666666667
22.0,2,4,21,5,6,0.81,1.15,1.2154166666666668
15.5,5,4,21,5,6,0.97,1.77,1.1608333333333334
-2.8,5,5,21,5,6,0.46,1.6,1.14625
17.2,1,5,21,5,6,1.25,1.91,1.145
4.8,5,5,21,5,6,1.88,1.24,1.1270833333333334
5.1,4,7,21,5,6,0.81,1.92,1.1054166666666667
19.8,4,8,21,5,6,1.4,0.43,1.1541666666666666
4.4,1,11,21,5,6,1.6,1.34,1.1425
32.8,2,11,21,5,6,1.06,1.46,1.1220833333333333
0.4,2,12,21,5,6,0.97,1.85,1.0745833333333334
38.8,5,12,21,5,6,0.71,1.11,1.08625
5.9,5,12,21,5,6,1.39,1.65,1.0691666666666666
18.0,2,13,21,5,6,1.24,0.24,1.0870833333333334
13.1,4,14,21,5,6,0.67,1.37,1.0395833333333333
8.5,4,15,21,5,6,0.23,0.79,1.07125
-2.4,4,16,21,5,6,1.55,1.68,1.0545833333333334
4.7,5,16,21,5,6,1.28,1.49,1.0033333333333334
31.5,2,17,21,5,6,0.26,1.29,0.9866666666666667
25.2,5,17,21,5,6,0.89,1.28,1.0033333333333332
6.8,4,18,21,5,6,1.68,0.68,0.985
28.9,5,20,21,5,6,0.24,1.62,0.9645833333333332
-0.7,1,21,21,5,6,1.13,0.4,0.9841666666666667
7.8,2,21,21,5,6,0.87,0.27,0.9941666666666666
12.4,1,22,21,5,6,0.51,0.81,0.9958333333333332
4.3,4,0,22,5,0,0.85,0.97,0.9824999999999999
3.9,2,2,22,5,0,0.65,0.46,1.0104166666666667
-7.8,4,2,22,5,0,1.13,1.25,0.9833333333333333
16.1,4,4,22,5,0,0.6,1.88,0.9308333333333333
13.3,2,4,22,5,0,0.62,0.81,0.9183333333333334
2.5,4,4,22,5,0,0.51,1.4,0.8995833333333333
-9.6,3,5,22,5,0,0.95,1.6,0.8575
39.9,4,6,22,5,0,0.59,1.06,0.8870833333333333
33.8,5,8,22,5,0,1.77,0.97,0.9258333333333333
10.0,5,10,22,5,0,1.9,0.71,0.96125
-2.8,4,10,22,5,0,1.56,1.39,0.9754166666666667
35.9,5,12,22,5,0,1.73,1.24,1.0045833333333334
29.5,4,14,22,5,0,1.94,0.67,0.9925
37.5,2,14,22,5,0,0.38,0.23,1.0625
1.7,4,14,22,5,0,1.91,1.55,1.0691666666666666
10.0,3,14,22,5,0,1.71,1.28,1.0445833333333334
39.5,5,16,22,5,0,0.69,0.26,1.0658333333333332
4.9,3,16,22,5,0,0.77,0.89,1.0450000000000002
-8.0,1,16,22,5,0,0.39,1.68,1.0445833333333332
26.0,5,16,22,5,0,1.67,0.24,1.0904166666666666
-8.3,3,17,22,5,0,1.34,1.13,1.0650000000000002
18.8,1,17,22,5,0,0.52,0.87,1.08125
21.5,3,19,22,5,0,1.26,0.51,1.1
2.5,5,19,22,5,0,0.96,0.85,1.0783333333333334
22.6,5,19,22,5,0,0.33,0.65,1.0650000000000002
20.7,3,21,22,5,0,0.33,1.13,1.0616666666666668
35.3,2,22,22,5,0,1.05,0.6,1.0991666666666668
31.1,4,22,22,5,0,1.5,0.62,1.125
27.2,3,23,22,5,0,1.24,0.51,1.1183333333333334
0.7,4,0,23,5,1,0.35,0.95,1.0933333333333333
2.0,4,1,23,5,1,0.35,0.59,1.1004166666666666
38.3,1,2,23,5,1,0.76,1.77,1.0425
29.6,2,2,23,5,1,0.38,1.9,1.0420833333333335
9.9,4,2,23,5,1,1.89,1.56,1.0233333333333332
4.9,1,3,23,5,1,1.11,1.73,0.9866666666666667
1.7,5,3,23,5,1,0.85,1.94,0.93125
37.4,5,5,23,5,1,0.61,0.38,0.9441666666666665
21.0,4,6,23,5,1,0.69,1.91,0.8858333333333334
15.4,4,7,23,5,1,0.51,1.71,0.8520833333333333
3.6,5,8,23,5,1,0.9,0.69,0.8483333333333333
14.0,3,8,23,5,1,0.6,0.77,0.8820833333333334
13.8,2,11,23,5,1,1.58,0.39,0.94375
0.3,5,12,23,5,1,1.87,1.67,0.8825
-7.5,3,14,23,5,1,0.2,1.34,0.8862500000000001
2.3,4,14,23,5,1,1.43,0.52,0.8999999999999999
-10.0,5,14,23,5,1,0.85,1.26,0.8683333333333333
34.8,4,15,23,5,1,0.5,0.96,0.8791666666666665
3.3,1,15,23,5,1,1.22,0.33,0.9158333333333334
38.3,5,16,23,5,1,1.21,0.33,0.9733333333333333
32.5,5,16,23,5,1,1.71,1.05,0.9508333333333332
27.8,1,17,23,5,1,0.51,1.5,0.9191666666666666
17.8,3,18,23,5,1,0.74,1.24,0.9425
39.6,3,19,23,5,1,1.8,0.35,0.94
32.6,3,19,23,5,1,0.29,0.35,0.9712500000000001
28.4,1,19,23,5,1,1.1,0.76,0.995
38.0,5,23,23,5,1,1.33,0.38,1.0029166666666667
26.5,3,23,23,5,1,0.57,1.89,0.9404166666666667
-0.5,2,0,24,5,2,0.39,1.11,0.9754166666666667
-8.5,2,0,24,5,2,1.95,0.85,0.9745833333333332
4.4,1,1,24,5,2,0.83,0.61,1.0195833333333333
10.7,3,1,24,5,2,1.69,0.69,1.0533333333333335
-5.9,1,2,24,5,2,1.5,0.51,1.055
6.7,2,3,24,5,2,0.55,0.9,1.02875
0.2,1,3,24,5,2,0.27,0.6,1.0483333333333333
5.7,2,3,24,5,2,1.07,1.58,1.0445833333333332
18.0,5,4,24,5,2,1.49,1.87,1.0033333333333334
1.1,4,4,24,5,2,0.88,0.2,1.04375
26.4,4,4,24,5,2,1.17,1.43,1.0341666666666665
1.1,4,5,24,5,2,1.2,0.85,1.0508333333333333
-6.2,4,5,24,5,2,1.25,0.5,1.0733333333333335
28.3,2,7,24,5,2,1.04,1.22,1.0695833333333333
22.4,5,8,24,5,2,1.13,1.21,1.0329166666666667
13.9,4,8,24,5,2,0.33,1.71,0.9758333333333332
-7.1,1,8,24,5,2,0.34,0.51,1.0195833333333335
37.6,4,8,24,5,2,1.56,0.74,1.0466666666666666
21.9,3,9,24,5,2,1.39,1.8,1.0204166666666665
20.7,3,10,24,5,2,1.17,0.29,1.0779166666666666
3.2,1,10,24,5,2,1.67,1.1,1.0570833333333332
26.4,3,12,24,5,2,0.6,1.33,1.02375
13.0,5,13,24,5,2,0.53,0.57,1.0729166666666667
18.5,5,15,24,5,2,1.75,0.39,1.0999999999999999
29.7,2,15,24,5,2,1.04,1.95,1.0999999999999999
2.0,2,15,24,5,2,1.95,0.83,1.1162500000000002
38.5,2,17,24,5,2,1.22,1.69,1.1283333333333334
28.4,3,18,24,5,2,1.98,1.5,1.11
-5.7,4,20,24,5,2,1.06,0.55,1.155
4.3,5,20,24,5,2,1.63,0.27,1.1695833333333334
34.6,2,20,24,5,2,0.62,1.07,1.1341666666666665
0.5,5,21,24,5,2,0.22,1.49,1.1383333333333334
2.9,2,21,24,5,2,1.59,0.88,1.1199999999999999
13.4,1,21,24,5,2,0.44,1.17,1.0945833333333332
24.3,4,21,24,5,2,0.56,1.2,1.0825
25.5,3,22,24,5,2,0.91,1.25,1.0879166666666669
-10.0,5,23,24,5,2,1.38,1.04,1.1166666666666665
-1.1,5,1,25,5,3,1.73,1.13,1.1500000000000001
10.5,3,1,25,5,3,1.93,0.33,1.2166666666666668
31.7,3,2,25,5,3,1.93,0.34,1.25
8.9,5,2,25,5,3,1.14,1.56,1.2458333333333333
17.8,3,3,25,5,3,1.46,1.39,1.2375
27.2,2,4,25,5,3,1.19,1.17,1.22
4.1,5,5,25,5,3,0.75,1.67,1.21125
-5.4,5,7,25,5,3,1.46,0.6,1.2012500000000002
24.2,2,7,25,5,3,0.36,0.53,1.2554166666666666
1.5,4,8,25,5,3,1.83,1.75,1.2408333333333335
13.0,1,11,25,5,3,1.4,1.04,1.25625
9.8,5,13,25,5,3,1.41,1.95,1.1875
8.8,5,13,25,5,3,0.3,1.22,1.1695833333333334
-6.8,3,14,25,5,3,0.79,1.98,1.1258333333333332
22.3,1,14,25,5,3,0.93,1.06,1.13625
32.1,1,16,25,5,3,1.31,1.63,1.14125
6.2,1,16,25,5,3,1.75,0.62,1.1429166666666666
1.6,1,16,25,5,3,0.66,0.22,1.1987500000000002
-3.0,4,16,25,5,3,1.56,1.59,1.1570833333333335
21.5,1,16,25,5,3,0.59,0.44,1.1995833333333332
32.0,1,17,25,5,3,1.46,0.56,1.1929166666666668
21.5,1,17,25,5,3,0.4,0.91,1.2237500000000001
-7.7,3,18,25,5,3,1.65,1.38,1.22875
11.2,4,18,25,5,3,1.5,1.73,1.1720833333333334
-0.4,4,19,25,5,3,0.37,1.93,1.10375
-8.6,3,21,25,5,3,0.29,1.93,1.0604166666666666
-3.7,3,21,25,5,3,0.89,1.14,1.0554166666666667
26.6,5,22,25,5,3,1.02,1.46,1.0583333333333333
29.1,1,22,25,5,3,1.53,1.19,1.0416666666666667
34.7,4,0,26,5,4,0.79,0.75,1.0654166666666667
-8.4,5,0,26,5,4,1.32,1.46,1.04125
-2.7,4,1,26,5,4,0.88,0.36,1.0504166666666668
29.1,5,1,26,5,4,0.58,1.83,1.04125
15.2,4,1,26,5,4,1.61,1.4,1.06375
5.2,2,3,26,5,4,1.94,1.41,1.0533333333333332
34.9,3,4,26,5,4,1.16,0.3,1.0691666666666666
11.4,3,7,26,5,4,0.68,0.79,1.0695833333333333
3.4,5,7,26,5,4,0.8,0.93,1.1129166666666668
2.6,2,8,26,5,4,1.97,1.31,1.0929166666666668
17.9,4,8,26,5,4,0.83,1.75,1.0920833333333333
-2.5,4,11,26,5,4,1.73,0.66,1.1233333333333333
32.4,4,12,26,5,4,1.41,1.56,1.1179166666666667
-8.8,5,14,26,5,4,1.43,0.59,1.1504166666666666
-4.3,1,14,26,5,4,1.37,1.46,1.1641666666666668
6.1,3,15,26,5,4,1.79,0.4,1.2183333333333333
12.4,5,17,26,5,4,1.7,1.65,1.1954166666666668
17.0,4,17,26,5,4,1.1,1.5,1.165
7.5,3,18,26,5,4,0.77,0.37,1.2058333333333333
14.2,4,18,26,5,4,1.35,0.29,1.2708333333333333
26.7,4,19,26,5,4,1.85,0.89,1.2550000000000001
0.4,3,20,26,5,4,0.51,1.02,1.2675
-8.8,2,20,26,5,4,1.32,1.53,1.2249999999999999
-8.3,4,23,26,5,4,0.51,0.79,1.2304166666666667
9.5,5,0,27,5,5,0.92,1.32,1.2420833333333332
10.6,5,0,27,5,5,1.6,0.88,1.2370833333333333
22.5,3,0,27,5,5,0.76,0.58,1.2266666666666666
1.0,2,1,27,5,5,0.33,1.61,1.2266666666666666
16.0,4,1,27,5,5,1.61,1.94,1.1554166666666668
6.4,3,2,27,5,5,0.23,1.16,1.1670833333333335
18.9,5,4,27,5,5,1.44,0.68,1.2220833333333334
5.1,5,5,27,5,5,2.0,0.8,1.2383333333333335
10.1,1,6,27,5,5,1.19,1.97,1.1904166666666667
16.4,1,7,27,5,5,0.82,0.83,1.1666666666666667
8.6,5,8,27,5,5,0.26,1.73,1.1141666666666665
35.8,3,8,27,5,5,0.47,1.41,1.1279166666666667
16.5,4,9,27,5,5,1.74,1.43,1.1320833333333333
14.6,5,13,27,5,5,1.53,1.37,1.14375
22.3,5,14,27,5,5,1.65,1.79,1.1033333333333333
17.1,4,14,27,5,5,0.82,1.7,1.0666666666666667
12.1,1,15,27,5,5,0.82,1.1,1.0458333333333332
13.6,5,15,27,5,5,0.6,0.77,1.0883333333333334
-4.6,3,16,27,5,5,1.79,1.35,1.0908333333333335
9.8,1,16,27,5,5,1.41,1.85,1.04
36.6,3,17,27,5,5,0.63,0.51,1.0404166666666665
28.3,1,17,27,5,5,0.52,1.32,1.0516666666666665
3.8,5,17,27,5,5,1.59,0.51,1.1079166666666667
22.3,3,17,27,5,5,1.86,0.92,1.1270833333333332
28.7,2,18,27,5,5,1.38,1.6,1.0725
5.8,1,20,27,5,5,0.29,0.76,1.0670833333333334
9.9,5,21,27,5,5,0.63,0.33,1.1325
9.3,3,21,27,5,5,1.9,1.61,1.1258333333333335
7.1,1,21,27,5,5,1.45,0.23,1.19375
12.2,4,22,27,5,5,1.86,1.44,1.1937499999999999
9.3,1,0,28,5,6,1.44,2.0,1.1883333333333332
36.3,4,1,28,5,6,1.87,1.19,1.2129166666666666
-9.5,3,1,28,5,6,1.78,0.82,1.1925
32.6,1,1,28,5,6,0.33,0.26,1.24875
-6.8,5,2,28,5,6,1.61,0.47,1.2925000000000002
-7.2,3,2,28,5,6,1.52,1.74,1.2375
14.3,5,4,28,5,6,0.42,1.53,1.2058333333333333
0.3,1,5,28,5,6,0.77,1.65,1.1675
30.7,2,6,28,5,6,0.73,0.82,1.1445833333333333
15.6,5,6,28,5,6,0.27,0.82,1.1720833333333334
2.2,4,7,28,5,6,1.48,0.6,1.2016666666666667
9.3,3,8,28,5,6,1.31,1.79,1.1520833333333333
0.4,2,8,28,5,6,0.6,1.41,1.1091666666666666
2.1,2,11,28,5,6,0.38,0.63,1.1158333333333335
20.4,3,11,28,5,6,0.79,0.52,1.1229166666666666
-4.7,4,13,28,5,6,0.69,1.59,1.11125
30.9,2,13,28,5,6,1.31,1.86,1.0866666666666667
-4.5,5,14,28,5,6,1.27,1.38,1.0450000000000002
14.0,3,14,28,5,6,0.38,0.29,1.0791666666666666
23.8,4,15,28,5,6,1.11,0.63,1.08
19.7,3,17,28,5,6,0.65,1.9,1.035
17.0,4,17,28,5,6,0.82,1.45,0.9995833333333334
16.6,5,18,28,5,6,0.6,1.86,0.9991666666666666
30.6,3,21,28,5,6,1.85,1.44,0.9495833333333334
20.6,3,23,28,5,6,0.25,1.87,0.8958333333333334
-6.7,4,23,28,5,6,0.58,1.78,0.8970833333333333
15.8,3,1,29,5,0,1.81,0.33,0.8958333333333334
-8.8,3,2,29,5,0,0.3,1.61,0.9025
8.3,3,2,29,5,0,1.77,1.52,0.8895833333333333
32.0,1,4,29,5,0,1.21,0.42,0.9229166666666666
25.2,1,5,29,5,0,1.22,0.77,0.9054166666666666
32.2,4,5,29,5,0,0.35,0.73,0.9329166666666667
35.9,5,6,29,5,0,1.39,0.27,0.9783333333333334
27.5,3,9,29,5,0,1.36,1.48,0.9316666666666666
-0.1,4,10,29,5,0,0.36,1.31,0.93
14.0,3,11,29,5,0,1.27,0.6,0.9475000000000001
17.5,5,12,29,5,0,1.02,0.38,0.9754166666666667
9.8,3,13,29,5,0,1.05,0.79,1.0162499999999999
7.0,5,14,29,5,0,1.77,0.69,1.01
17.1,1,14,29,5,0,0.54,1.31,0.9833333333333333
27.0,2,16,29,5,0,0.67,1.27,1.0079166666666666
21.6,3,17,29,5,0,1.86,0.38,1.0666666666666667
16.5,3,17,29,5,0,1.79,1.11,1.08625
13.6,5,18,29,5,0,1.58,0.65,1.1304166666666666
-7.5,4,18,29,5,0,1.71,0.82,1.1454166666666667
25.2,5,19,29,5,0,1.18,0.6,1.1583333333333334
18.0,2,21,29,5,0,0.91,1.85,1.1624999999999999
11.1,3,0,30,5,1,1.95,0.25,1.1775
-3.0,2,0,30,5,1,0.61,0.58,1.1945833333333333
36.0,4,0,30,5,1,0.99,1.81,1.2
23.9,2,0,30,5,1,1.94,0.3,1.2141666666666666
21.4,2,1,30,5,1,0.64,1.77,1.18875
17.2,3,1,30,5,1,1.16,1.21,1.1708333333333334
18.0,1,5,30,5,1,0.78,1.22,1.2025000000000001
3.5,5,5,30,5,1,1.98,0.35,1.2533333333333334
-4.5,5,5,30,5,1,1.57,1.39,1.2525
39.1,2,6,30,5,1,1.37,1.36,1.2395833333333333
-2.2,5,6,30,5,1,1.05,0.36,1.2454166666666666
11.3,3,7,30,5,1,0.5,1.27,1.2279166666666668
-0.7,2,7,30,5,1,0.85,1.02,1.2066666666666668
20.7,5,8,30,5,1,0.51,1.05,1.235
-3.7,5,8,30,5,1,1.73,1.77,1.2104166666666667
24.1,1,10,30,5,1,1.18,0.54,1.2179166666666668
2.5,3,10,30,5,1,0.72,0.67,1.2279166666666668
7.5,5,13,30,5,1,0.91,1.86,1.1841666666666668
-8.3,4,14,30,5,1,0.81,1.79,1.1895833333333332
5.3,2,15,30,5,1,1.92,1.58,1.1508333333333334
31.0,1,17,30,5,1,0.65,1.71,1.12125
-8.1,1,21,30,5,1,1.0,1.18,1.1391666666666667
30.9,1,21,30,5,1,1.61,0.91,1.1612500000000001
20.9,2,22,30,5,1,1.44,1.95,1.0954166666666667
28.1,5,22,30,5,1,0.37,0.61,1.0791666666666668
14.4,5,22,30,5,1,0.22,0.99,1.0533333333333335
2.0,5,23,30,5,1,0.37,1.94,0.9950000000000001
2.4,3,3,31,5,2,0.54,0.64,1.0475
10.2,3,3,31,5,2,1.9,1.16,1.0633333333333332
-8.0,3,4,31,5,2,1.54,0.78,1.0420833333333333
2.6,4,4,31,5,2,0.27,1.98,1.0158333333333334
8.7,1,8,31,5,2,1.35,1.57,1.02375
21.8,2,11,31,5,2,1.76,1.37,1.03
5.5,3,12,31,5,2,1.52,1.05,1.0079166666666668
-6.4,2,12,31,5,2,0.52,0.5,1.0504166666666668
29.8,1,12,31,5,2,1.52,0.85,1.0754166666666667
-3.6,3,12,31,5,2,1.45,0.51,1.0975000000000001
12.5,5,13,31,5,2,1.04,1.73,1.0558333333333334
32.5,5,13,31,5,2,0.73,1.18,1.0741666666666667
36.6,5,14,31,5,2,1.62,0.72,1.0633333333333332
38.2,5,14,31,5,2,0.46,0.91,1.0616666666666668
31.6,4,14,31,5,2,0.87,0.81,1.0883333333333334
31.3,3,16,31,5,2,1.45,1.92,1.04375
14.7,2,19,31,5,2,0.85,0.65,1.0670833333333334
8.9,2,19,31,5,2,1.21,1.0,1.0483333333333333
6.2,5,20,31,5,2,0.55,1.61,1.0137500000000002
16.1,2,21,31,5,2,0.78,1.44,0.9670833333333334
17.2,4,21,31,5,2,0.32,0.37,0.9970833333333334
21.8,4,22,31,5,2,1.09,0.22,1.0320833333333332
37.9,3,0,1,6,3,1.06,0.37,1.0875
13.2,4,0,1,6,3,1.7,0.54,1.0745833333333332
-3.4,1,0,1,6,3,0.23,1.9,1.0308333333333335
7.3,4,1,1,6,3,0.85,1.54,1.0270833333333333
-6.4,4,2,1,6,3,1.45,0.27,1.0458333333333334
29.4,3,3,1,6,3,0.72,1.35,1.0629166666666667
30.8,5,3,1,6,3,1.76,1.76,1.03125
11.3,4,3,1,6,3,1.0,1.52,1.04375
32.8,5,4,1,6,3,1.82,0.52,1.0579166666666666
14.5,3,4,1,6,3,0.86,1.52,1.0716666666666665
25.9,5,4,1,6,3,1.85,1.45,1.0616666666666668
-5.3,3,4,1,6,3,1.21,1.04,1.0975
10.9,2,5,1,6,3,1.9,0.73,1.0991666666666668
22.4,1,6,1,6,3,0.77,1.62,1.0962500000000002
18.5,3,6,1,6,3,1.55,0.46,1.1495833333333334
36.4,3,7,1,6,3,1.74,0.87,1.1958333333333333
11.9,5,10,1,6,3,1.98,1.45,1.1608333333333334
8.6,2,10,1,6,3,0.61,0.85,1.1520833333333333
34.8,1,10,1,6,3,0.64,1.21,1.1741666666666666
-1.9,3,11,1,6,3,1.74,0.55,1.2241666666666666
24.2,1,11,1,6,3,1.75,0.78,1.2745833333333334
38.7,2,11,1,6,3,1.99,0.32,1.3091666666666666
4.0,1,13,1,6,3,1.15,1.09,1.3425
15.8,2,14,1,6,3,1.89,1.06,1.35375
36.8,1,14,1,6,3,1.33,1.7,1.3208333333333333
6.5,1,15,1,6,3,0.91,0.23,1.3333333333333333
24.5,2,17,1,6,3,0.53,0.85,1.3666666666666665
36.1,3,19,1,6,3,1.65,1.45,1.36625
22.5,4,19,1,6,3,1.44,0.72,1.3499999999999999
16.5,1,19,1,6,3,0.33,1.76,1.35125
7.8,5,20,1,6,3,1.79,1.0,1.3291666666666666
0.8,4,20,1,6,3,0.47,1.82,1.3004166666666666
11.2,2,20,1,6,3,1.13,0.86,1.3233333333333333
-2.8,1,21,1,6,3,1.41,1.85,1.2783333333333333
20.4,3,21,1,6,3,0.77,1.21,1.3104166666666666
7.3,5,22,1,6,3,1.98,1.9,1.24125
-4.7,1,0,2,6,4,0.24,0.77,1.2295833333333333
23.6,1,1,2,6,4,0.49,1.55,1.1962499999999998
18.3,5,2,2,6,4,0.75,1.74,1.19625
33.3,2,3,2,6,4,1.74,1.98,1.1341666666666665
5.6,3,3,2,6,4,0.49,0.61,1.1191666666666666
-6.2,5,4,2,6,4,0.25,0.64,1.1154166666666667
0.6,1,4,2,6,4,0.55,1.74,1.08125
-1.5,5,4,2,6,4,0.92,1.75,1.0395833333333333
25.7,4,5,2,6,4,0.75,1.99,0.99625
8.3,5,5,2,6,4,0.95,1.15,1.0066666666666666
35.7,5,5,2,6,4,1.4,1.89,0.96
38.0,1,5,2,6,4,0.77,1.33,0.9800000000000001
-3.0,4,7,2,6,4,1.81,0.91,0.98875
25.7,2,9,2,6,4,1.12,0.53,1.0270833333333333
25.9,5,10,2,6,4,1.45,1.65,1.0279166666666668
38.1,3,10,2,6,4,1.67,1.44,1.0062499999999999
24.3,2,11,2,6,4,0.92,0.33,1.04625
29.0,4,11,2,6,4,1.29,1.79,0.9945833333333334
34.1,4,11,2,6,4,0.55,0.47,1.0391666666666668
1.8,2,11,2,6,4,1.54,1.13,1.0283333333333335
39.4,3,11,2,6,4,0.87,1.41,1.03125
-5.0,5,14,2,6,4,1.48,0.77,1.0154166666666666
9.4,4,15,2,6,4,0.39,1.98,0.9604166666666667
11.7,1,15,2,6,4,0.66,0.24,1.0125
25.9,1,15,2,6,4,1.49,0.49,1.0370833333333334
6.5,4,16,2,6,4,1.08,0.75,1.0279166666666668
24.1,3,18,2,6,4,0.53,1.74,0.9891666666666666
26.6,3,19,2,6,4,0.81,0.49,0.9883333333333333
32.4,2,20,2,6,4,0.47,0.25,1.0137500000000002
24.6,1,21,2,6,4,0.86,0.55,1.0220833333333335
4.0,2,0,3,6,5,0.75,0.92,1.0283333333333335
22.0,1,0,3,6,5,1.07,0.75,1.0333333333333334
19.6,5,4,3,6,5,0.87,0.95,1.0433333333333332
9.1,3,4,3,6,5,1.19,1.4,1.0616666666666668
19.7,5,4,3,6,5,1.84,0.77,1.0395833333333335
31.1,2,7,3,6,5,0.24,1.81,0.9787499999999999
22.3,1,8,3,6,5,0.35,1.12,0.9550000000000001
21.5,4,8,3,6,5,0.55,1.45,0.9475000000000001
16.9,2,9,3,6,5,1.27,1.67,0.9275000000000001
3.5,1,10,3,6,5,1.19,0.92,0.9454166666666667
25.8,5,12,3,6,5,1.35,1.29,0.9270833333333334
2.8,5,12,3,6,5,0.85,0.55,0.9199999999999999
33.9,1,13,3,6,5,0.38,1.54,0.88
-7.4,3,13,3,6,5,0.58,0.87,0.9125
-0.3,3,13,3,6,5,1.65,1.48,0.8916666666666667
30.6,1,15,3,6,5,0.98,0.39,0.8991666666666668
12.8,2,16,3,6,5,0.57,0.66,0.8829166666666667
-6.6,3,16,3,6,5,0.27,1.49,0.9020833333333332
-6.3,4,16,3,6,5,1.95,1.08,0.8970833333333333
34.7,3,17,3,6,5,0.96,0.53,0.93125
-7.8,3,19,3,6,5,1.35,0.81,0.9366666666666666
0.4,1,20,3,6,5,0.94,0.47,0.9424999999999999
33.6,4,22,3,6,5,0.61,0.86,0.9783333333333334
11.3,5,23,3,6,5,1.72,0.75,0.9895833333333334
12.6,3,23,3,6,5,1.02,1.07,0.9545833333333333
37.2,5,0,4,6,6,0.23,0.87,0.9800000000000001
39.8,2,4,4,6,6,1.48,1.19,0.9820833333333333
7.3,1,6,4,6,6,1.24,1.84,0.9325
14.5,5,6,4,6,6,0.65,0.24,1.0037500000000001
34.6,1,6,4,6,6,1.95,0.35,1.0475
-7.5,3,7,4,6,6,1.4,0.55,1.0541666666666667
0.3,1,9,4,6,6,0.71,1.27,1.0808333333333333
4.7,4,9,4,6,6,1.91,1.19,1.0720833333333333
22.0,2,10,4,6,6,0.98,1.35,1.0325
19.3,1,10,4,6,6,0.4,0.85,1.0379166666666666
18.8,2,10,4,6,6,0.98,0.38,1.0479166666666666
1.9,1,10,4,6,6,0.62,0.58,1.0687499999999999
-7.9,2,11,4,6,6,1.08,1.65,1.0554166666666667
10.0,4,13,4,6,6,1.33,0.98,1.0704166666666666
18.4,3,13,4,6,6,1.34,0.57,1.1275
16.3,1,16,4,6,6,1.94,0.27,1.175
18.1,1,16,4,6,6,1.41,1.95,1.11625
-5.4,4,18,4,6,6,0.54,0.96,1.1004166666666666
34.1,2,18,4,6,6,0.58,1.35,1.0825
14.2,1,20,4,6,6,0.92,0.94,1.0916666666666666
18.4,3,21,4,6,6,1.16,0.61,1.0808333333333333
-1.1,5,22,4,6,6,0.35,1.72,1.0695833333333333
26.9,5,23,4,6,6,1.45,1.02,1.0404166666666665
8.1,4,23,4,6,6,0.32,0.23,1.0629166666666665
6.9,5,1,5,6,0,0.77,1.48,1.0395833333333335
32.7,2,5,5,6,0,0.92,1.24,1.055
0.1,4,6,5,6,0,1.61,0.65,1.0641666666666667
4.5,5,6,5,6,0,0.87,1.95,1.0316666666666665
-9.4,3,6,5,6,0,1.17,1.4,1.0383333333333333
17.8,4,9,5,6,0,1.56,0.71,1.0358333333333334
35.8,5,9,5,6,0,0.65,1.91,0.9674999999999999
8.7,1,9,5,6,0,0.27,0.98,0.9866666666666667
-9.4,2,9,5,6,0,1.44,0.4,0.9987499999999999
12.4,4,10,5,6,0,0.69,0.98,1.0066666666666666
0.7,4,11,5,6,0,1.17,0.62,1.01
3.5,4,12,5,6,0,0.7,1.08,0.9841666666666667
5.5,3,13,5,6,0,0.46,1.33,1.01125
3.6,2,14,5,6,0,1.98,1.34,1.0379166666666666
-2.9,4,15,5,6,0,1.98,1.94,1.04
23.0,2,17,5,6,0,1.99,1.41,1.0591666666666668
22.3,2,17,5,6,0,1.87,0.54,1.0820833333333335
15.9,1,18,5,6,0,1.09,0.58,1.0970833333333332
-8.6,2,19,5,6,0,0.94,0.92,1.0683333333333334
23.2,3,21,5,6,0,0.23,1.16,1.0445833333333334
7.1,4,21,5,6,0,0.59,0.35,1.1033333333333333
8.7,4,21,5,6,0,1.76,1.45,1.0570833333333334
26.0,2,23,5,6,0,0.34,0.32,1.0733333333333333
-7.6,3,23,5,6,0,0.71,0.77,1.0766666666666667
35.7,2,0,6,6,1,0.85,0.92,1.1041666666666667
-9.7,5,1,6,6,1,1.58,1.61,1.1008333333333333
15.2,1,1,6,6,1,1.53,0.87,1.0983333333333334
16.3,4,2,6,6,1,0.81,1.17,1.1141666666666665
9.1,2,2,6,6,1,1.55,1.56,1.0579166666666666
29.4,3,3,6,6,1,0.21,0.65,1.11375
23.6,5,3,6,6,1,1.99,0.27,1.17
33.6,5,4,6,6,1,1.62,1.44,1.1583333333333334
20.7,2,6,6,6,1,1.16,0.69,1.1812500000000001
23.8,1,6,6,6,1,1.24,1.17,1.1866666666666665
24.1,4,6,6,6,1,1.3,0.7,1.19
31.1,3,6,6,6,1,0.78,0.46,1.2195833333333332
-8.1,4,8,6,6,1,1.17,1.98,1.1583333333333334
11.8,4,9,6,6,1,0.51,1.98,1.1479166666666667
-9.3,2,10,6,6,1,1.73,1.99,1.1441666666666668
5.5,3,11,6,6,1,1.9,1.87,1.1425
2.9,5,12,6,6,1,1.83,1.09,1.1204166666666666
6.0,3,13,6,6,1,0.56,0.94,1.1525
24.9,3,15,6,6,1,1.71,0.23,1.2237500000000001
5.0,3,15,6,6,1,1.94,0.59,1.2566666666666666
34.6,5,16,6,6,1,1.38,1.76,1.2049999999999998
19.5,1,20,6,6,1,0.52,0.34,1.2470833333333333
25.0,2,21,6,6,1,1.35,0.71,1.2612500000000002
10.0,2,21,6,6,1,1.05,0.85,1.2762499999999999
19.5,5,22,6,6,1,1.21,1.58,1.2879166666666666
0.3,1,0,7,6,2,1.86,1.53,1.2608333333333335
10.9,2,1,7,6,2,0.88,0.81,1.2816666666666665
16.9,5,1,7,6,2,1.31,1.55,1.2275
29.7,1,2,7,6,2,0.25,0.21,1.2308333333333332
9.8,2,3,7,6,2,0.29,1.99,1.2041666666666666
20.2,4,4,7,6,2,1.35,1.62,1.1875
12.2,4,6,7,6,2,1.22,1.16,1.1591666666666667
10.3,5,8,7,6,2,0.48,1.24,1.1575
22.6,4,9,7,6,2,1.2,1.3,1.1145833333333333
-0.0,1,11,7,6,2,0.27,0.78,1.1425
-0.9,3,12,7,6,2,1.45,1.17,1.1525
5.8,4,13,7,6,2,1.41,0.51,1.2091666666666667
10.8,4,14,7,6,2,1.87,1.73,1.1783333333333335
-2.8,4,14,7,6,2,0.99,1.9,1.16875
22.5,3,15,7,6,2,1.67,1.83,1.1383333333333334
29.2,4,15,7,6,2,1.1,0.56,1.1970833333333333
4.3,2,15,7,6,2,1.97,1.71,1.1904166666666667
14.2,4,16,7,6,2,1.55,1.94,1.1808333333333334
26.3,5,16,7,6,2,1.71,1.38,1.17875
-8.9,5,17,7,6,2,1.33,0.52,1.1958333333333333
16.2,5,18,7,6,2,0.93,1.35,1.1741666666666666
-6.3,4,19,7,6,2,0.83,1.05,1.1691666666666667
22.4,3,19,7,6,2,0.93,1.21,1.17125
8.7,5,19,7,6,2,1.26,1.86,1.1445833333333335
19.0,5,20,7,6,2,1.22,0.88,1.1808333333333334
22.1,5,20,7,6,2,1.75,1.31,1.1725
-7.9,4,21,7,6,2,1.11,0.25,1.2229166666666667
4.1,4,22,7,6,2,1.46,0.29,1.2254166666666666
4.9,3,22,7,6,2,0.35,1.35,1.1875
17.3,4,22,7,6,2,0.44,1.22,1.19125
27.4,5,23,7,6,2,1.31,0.48,1.2133333333333334
-7.6,3,23,7,6,2,1.01,1.2,1.1741666666666666
7.0,4,0,8,6,3,0.26,0.27,1.2395833333333333
18.5,2,1,8,6,3,1.84,1.45,1.2508333333333332
15.7,1,2,8,6,3,1.72,1.41,1.20875
-8.5,3,2,8,6,3,0.4,1.87,1.1979166666666667
-5.1,1,4,8,6,3,1.61,0.99,1.1683333333333332
13.0,2,4,8,6,3,0.28,1.67,1.13125
19.4,2,4,8,6,3,0.78,1.1,1.1070833333333334
11.2,3,5,8,6,3,0.52,1.97,1.10375
-0.2,4,5,8,6,3,1.89,1.55,1.0925
18.8,2,6,8,6,3,1.28,1.71,1.0999999999999999
-0.9,5,7,8,6,3,1.89,1.33,1.0945833333333335
-4.9,4,8,8,6,3,1.2,0.93,1.1283333333333334
-7.7,5,8,8,6,3,1.74,0.83,1.17125
21.9,2,8,8,6,3,1.86,0.93,1.185
28.3,3,9,8,6,3,1.26,1.26,1.1729166666666666
31.4,5,10,8,6,3,0.97,1.22,1.1370833333333332
12.8,3,11,8,6,3,0.36,1.75,1.1379166666666667
-6.2,3,11,8,6,3,1.77,1.11,1.1258333333333332
4.6,4,11,8,6,3,0.82,1.46,1.09625
10.0,1,11,8,6,3,0.75,0.35,1.1341666666666668
17.0,2,13,8,6,3,1.26,0.44,1.1454166666666667
15.6,2,13,8,6,3,0.71,1.31,1.1579166666666667
35.7,3,14,8,6,3,1.61,1.01,1.1325
24.8,5,15,8,6,3,0.4,0.26,1.1841666666666668
31.4,5,17,8,6,3,1.5,1.84,1.1708333333333332
27.7,1,17,8,6,3,1.52,1.72,1.1583333333333334
-7.8,5,17,8,6,3,1.42,0.4,1.1925000000000001
29.2,2,18,8,6,3,1.22,1.61,1.17125
1.3,5,19,8,6,3,1.1,0.28,1.185
6.9,4,20,8,6,3,0.61,0.78,1.1824999999999999
17.1,3,20,8,6,3,0.72,0.52,1.2391666666666665
37.8,3,20,8,6,3,1.88,1.89,1.2070833333333333
29.9,1,21,8,6,3,1.12,1.28,1.1916666666666667
39.7,5,21,8,6,3,0.91,1.89,1.17375
36.5,3,21,8,6,3,1.46,1.2,1.13875
9.0,3,21,8,6,3,0.36,1.74,1.1104166666666666
37.2,1,21,8,6,3,1.06,1.86,1.1108333333333333
8.8,5,23,8,6,3,1.87,1.26,1.0758333333333334
-9.1,2,23,8,6,3,0.42,0.97,1.0883333333333334
29.3,5,0,9,6,4,1.27,0.36,1.1270833333333334
33.0,5,0,9,6,4,1.29,1.77,1.1133333333333335
30.0,2,1,9,6,4,1.44,0.82,1.1445833333333335
33.6,5,2,9,6,4,1.57,0.75,1.14
34.8,5,2,9,6,4,0.64,1.26,1.1208333333333333
27.0,5,2,9,6,4,0.8,0.71,1.1495833333333334
19.0,1,4,9,6,4,1.4,1.61,1.1108333333333333
39.5,3,6,9,6,4,0.68,0.4,1.1500000000000001
10.3,2,6,9,6,4,1.34,1.5,1.1129166666666668
-8.3,5,6,9,6,4,0.61,1.52,1.095
23.4,3,7,9,6,4,1.09,1.42,1.0916666666666666
-8.6,1,11,9,6,4,1.34,1.22,1.0716666666666665
36.5,2,12,9,6,4,0.74,1.1,1.1029166666666665
26.5,4,12,9,6,4,1.85,0.61,1.1183333333333334
19.4,3,12,9,6,4,0.98,0.72,1.1158333333333335
29.9,1,14,9,6,4,0.66,1.88,1.0954166666666667
19.1,1,14,9,6,4,1.39,1.12,1.0708333333333333
32.7,5,16,9,6,4,0.53,0.91,1.0525
2.0,4,17,9,6,4,0.47,1.46,1.03
8.1,3,18,9,6,4,0.92,0.36,1.0279166666666668
30.5,5,18,9,6,4,0.31,1.06,1.0625
30.9,4,18,9,6,4,1.89,1.87,1.00625
5.1,1,21,9,6,4,0.52,0.42,1.06375
-8.1,3,23,9,6,4,1.8,1.27,1.0841666666666667
7.0,4,23,9,6,4,1.76,1.29,1.0529166666666667
8.7,3,0,10,6,5,0.54,1.44,1.0720833333333333
33.8,3,0,10,6,5,1.9,1.57,1.0491666666666666
-3.4,1,0,10,6,5,1.02,0.64,1.0570833333333334
12.4,3,0,10,6,5,0.83,0.8,1.05875
7.8,4,2,10,6,5,0.84,1.4,1.0599999999999998
-7.7,3,3,10,6,5,1.43,0.68,1.0633333333333332
-1.9,1,3,10,6,5,0.76,1.34,1.0758333333333334
24.1,3,6,10,6,5,1.64,0.61,1.0912499999999998
-5.3,5,7,10,6,5,0.98,1.09,1.1070833333333334
-6.0,2,10,10,6,5,1.47,1.34,1.0804166666666666
20.9,4,11,10,6,5,0.7,0.74,1.1141666666666665
25.5,1,12,10,6,5,1.55,1.85,1.0633333333333332
38.4,3,13,10,6,5,0.63,0.98,1.0504166666666668
31.7,1,13,10,6,5,0.67,0.66,1.0525
30.3,2,13,10,6,5,0.71,1.39,1.0683333333333334
20.9,2,14,10,6,5,1.77,0.53,1.0962500000000002
36.1,2,15,10,6,5,1.2,0.47,1.1383333333333334
6.6,2,15,10,6,5,1.48,0.92,1.1270833333333334
30.2,5,15,10,6,5,0.65,0.31,1.14375
-7.6,5,16,10,6,5,0.71,1.89,1.0929166666666668
34.8,5,17,10,6,5,0.67,0.52,1.0945833333333332
23.8,5,17,10,6,5,0.56,1.8,1.0354166666666667
31.2,2,17,10,6,5,0.38,1.76,1.0133333333333334
29.2,1,18,10,6,5,1.23,0.54,1.0341666666666667
3.0,4,18,10,6,5,1.04,1.9,1.0229166666666665
34.2,4,20,10,6,5,1.63,1.02,1.0320833333333332
17.7,1,21,10,6,5,1.24,0.83,1.0258333333333334
4.1,2,2,11,6,6,0.68,0.84,1.0079166666666668
-2.5,5,3,11,6,6,0.41,1.43,0.9725
24.2,3,4,11,6,6,0.58,0.76,0.9804166666666666
25.1,2,4,11,6,6,0.95,1.64,0.9308333333333333
12.7,5,5,11,6,6,0.45,0.98,0.9091666666666666
4.9,1,5,11,6,6,0.46,1.47,0.88375
5.2,5,6,11,6,6,0.86,0.7,0.9358333333333334
4.9,5,6,11,6,6,1.95,1.55,0.9454166666666666
-0.9,1,8,11,6,6,1.78,0.63,0.9375
37.5,5,8,11,6,6,0.44,0.67,0.9379166666666666
34.9,4,8,11,6,6,0.68,0.71,0.9387500000000001
6.8,5,9,11,6,6,0.73,1.77,0.9454166666666666
33.6,1,10,11,6,6,1.93,1.2,0.9112499999999999
30.4,3,10,11,6,6,0.38,1.48,0.8879166666666666
-5.8,1,11,11,6,6,0.92,0.65,0.9362499999999999
23.1,2,12,11,6,6,1.81,0.71,0.9583333333333334
35.9,1,13,11,6,6,1.24,0.67,0.9729166666666668
22.4,1,14,11,6,6,1.02,0.56,1.00375
23.8,2,14,11,6,6,1.3,0.38,1.07125
24.0,2,15,11,6,6,2.0,1.23,1.0341666666666667
27.1,4,15,11,6,6,0.34,1.04,1.0191666666666668
18.3,4,16,11,6,6,0.68,1.63,1.0220833333333335
9.9,3,16,11,6,6,1.7,1.24,1.025
31.8,1,16,11,6,6,1.31,0.68,1.01125
25.6,5,17,11,6,6,0.35,0.41,1.0170833333333333
10.3,2,18,11,6,6,0.55,0.58,1.0391666666666668
36.4,1,19,11,6,6,1.11,0.95,1.0133333333333334
12.6,5,21,11,6,6,0.33,0.45,1.0116666666666665
31.9,5,21,11,6,6,0.41,0.46,1.0320833333333335
10.8,2,22,11,6,6,0.95,0.86,1.0491666666666668
13.9,3,22,11,6,6,1.27,1.95,0.9829166666666667
-9.9,1,22,11,6,6,0.36,1.78,0.9345833333333333
17.8,2,0,12,6,0,0.62,0.44,0.9666666666666667
23.9,3,0,12,6,0,1.21,0.68,1.02125
22.1,2,3,12,6,0,1.99,0.73,1.0345833333333332
12.2,2,4,12,6,0,1.05,1.93,0.9791666666666666
-5.5,4,5,12,6,0,0.6,0.38,0.9908333333333333
19.0,2,5,12,6,0,0.66,0.92,0.9945833333333334
15.8,3,5,12,6,0,1.01,1.81,0.9779166666666668
11.3,4,6,12,6,0,1.41,1.24,0.9354166666666667
14.3,3,6,12,6,0,0.22,1.02,0.9179166666666666
28.8,5,8,12,6,0,0.6,1.3,0.8762499999999999
5.0,2,12,12,6,0,0.3,2.0,0.83875
8.4,1,12,12,6,0,1.1,0.34,0.8487499999999999
-7.8,3,13,12,6,0,0.58,0.68,0.8649999999999999
36.2,5,13,12,6,0,1.07,1.7,0.8224999999999999
-4.0,1,19,12,6,0,0.68,1.31,0.8241666666666667
35.0,4,20,12,6,0,1.35,0.35,0.8295833333333333
36.8,5,20,12,6,0,0.48,0.55,0.8562499999999998
31.9,2,22,12,6,0,1.19,1.11,0.8624999999999999
23.4,4,23,12,6,0,1.26,0.33,0.9045833333333334
11.9,1,0,13,6,1,1.34,0.41,0.9679166666666666
-4.4,3,0,13,6,1,1.93,0.95,0.9995833333333334
27.5,2,0,13,6,1,1.71,1.27,1.02375
30.9,5,1,13,6,1,1.85,0.36,1.0362500000000001
20.9,5,1,13,6,1,0.66,0.62,1.0508333333333333
5.3,3,2,13,6,1,0.97,1.21,1.05
21.4,4,2,13,6,1,1.19,1.99,0.9995833333333333
-6.6,2,2,13,6,1,0.78,1.05,1.0291666666666666
19.0,3,3,13,6,1,1.76,0.6,1.02125
3.7,3,4,13,6,1,0.41,0.66,1.0158333333333334
11.7,1,8,13,6,1,0.53,1.01,1.0495833333333333
25.9,1,9,13,6,1,1.82,1.41,1.0195833333333333
28.7,5,12,13,6,1,0.69,0.22,1.0370833333333334
1.0,2,12,13,6,1,0.64,0.6,1.0608333333333333
10.3,1,13,13,6,1,1.17,0.3,1.1195833333333334
0.9,1,13,13,6,1,1.71,1.1,1.0845833333333335
15.8,3,13,13,6,1,0.26,0.58,1.1245833333333335
15.0,4,16,13,6,1,1.54,1.07,1.16
15.5,5,16,13,6,1,1.92,0.68,1.1633333333333333
17.8,5,17,13,6,1,0.76,1.35,1.1554166666666668
24.7,3,17,13,6,1,1.16,0.48,1.2008333333333334
17.0,3,18,13,6,1,1.57,1.19,1.1812500000000001
17.4,2,20,13,6,1,0.72,1.26,1.1491666666666667
21.7,1,20,13,6,1,0.49,1.34,1.1379166666666667
14.4,5,20,13,6,1,1.07,1.93,1.0954166666666667
10.1,4,21,13,6,1,0.91,1.71,1.0683333333333334
12.6,4,21,13,6,1,1.06,1.85,1.0116666666666665
13.1,3,22,13,6,1,0.49,0.66,1.025
10.8,3,22,13,6,1,0.98,0.97,1.0429166666666665
-9.4,2,23,13,6,1,1.4,1.19,1.0654166666666665
-4.4,3,1,14,6,2,1.73,0.78,1.0825
-2.8,2,1,14,6,2,1.19,1.76,1.0920833333333333
32.3,2,2,14,6,2,1.99,0.41,1.0854166666666665
-4.7,2,2,14,6,2,0.25,0.53,1.10125
-0.8,5,2,14,6,2,0.91,1.82,1.0495833333333333
38.5,3,2,14,6,2,0.58,0.69,1.08625
-4.2,4,3,14,6,2,1.57,0.64,1.1058333333333332
-1.5,3,5,14,6,2,1.11,1.17,1.1370833333333332
22.2,5,5,14,6,2,1.92,1.71,1.0833333333333333
-9.9,1,7,14,6,2,0.42,0.26,1.0870833333333334
4.2,4,7,14,6,2,0.35,1.54,1.0366666666666666
31.0,2,7,14,6,2,0.33,1.92,0.9841666666666667
37.5,4,8,14,6,2,0.66,0.76,0.975
30.3,3,8,14,6,2,0.54,1.16,1.0091666666666665
-3.0,1,9,14,6,2,1.98,1.57,0.9966666666666666
13.3,5,10,14,6,2,1.27,0.72,1.0129166666666667
13.0,3,10,14,6,2,1.11,0.49,1.0183333333333333
10.0,2,13,14,6,2,0.62,1.07,1.0108333333333335
37.6,4,14,14,6,2,0.89,0.91,0.9933333333333333
19.4,2,14,14,6,2,0.49,1.06,1.0304166666666668
30.3,3,15,14,6,2,1.95,0.49,1.02875
-6.5,1,18,14,6,2,0.45,0.98,1.0595833333333333
-1.5,4,19,14,6,2,1.72,1.4,1.0641666666666667
10.4,2,20,14,6,2,1.51,1.73,1.0395833333333335
8.0,1,21,14,6,2,1.14,1.19,1.0729166666666667
26.3,4,21,14,6,2,1.99,1.99,1.055
36.3,5,23,14,6,2,1.56,0.25,1.0533333333333335
-2.7,2,3,15,6,3,0.21,0.91,1.0666666666666667
-1.7,5,4,15,6,3,1.23,0.58,1.0579166666666666
18.1,3,6,15,6,3,0.37,1.57,1.0683333333333334
-0.5,2,7,15,6,3,1.82,1.11,1.0866666666666667
4.4,4,7,15,6,3,1.55,1.92,1.0495833333333333
22.4,5,7,15,6,3,1.03,0.42,1.1133333333333333
22.6,3,8,15,6,3,1.95,0.35,1.1375
14.9,5,8,15,6,3,0.93,0.33,1.15375
34.1,3,9,15,6,3,0.72,0.66,1.19875
27.5,4,10,15,6,3,1.74,0.54,1.2358333333333333
5.8,3,10,15,6,3,1.43,1.98,1.2133333333333334
36.6,3,11,15,6,3,1.44,1.27,1.2379166666666668
22.7,1,12,15,6,3,1.86,1.11,1.26
17.1,1,12,15,6,3,1.64,0.62,1.2637500000000002
5.7,5,14,15,6,3,0.71,0.89,1.26
24.7,3,16,15,6,3,0.8,0.49,1.2583333333333335
33.2,4,17,15,6,3,0.45,1.95,1.2570833333333333
38.4,5,17,15,6,3,1.92,0.45,1.29125
9.8,3,19,15,6,3,1.27,1.72,1.2916666666666667
11.8,1,21,15,6,3,1.73,1.51,1.2825
17.1,2,21,15,6,3,1.29,1.14,1.2720833333333335
19.7,1,22,15,6,3,0.89,1.99,1.2708333333333333
3.0,5,0,16,6,4,1.96,1.56,1.2395833333333333
12.1,5,0,16,6,4,0.81,0.21,1.2991666666666666
21.7,3,0,16,6,4,1.64,1.23,1.3041666666666667
19.6,2,1,16,6,4,1.35,0.37,1.3054166666666667
20.6,3,1,16,6,4,0.4,1.82,1.2733333333333332
25.5,4,2,16,6,4,1.05,1.55,1.2879166666666666
13.8,3,2,16,6,4,1.9,1.03,1.26
37.2,1,3,16,6,4,0.36,1.95,1.215
7.1,4,4,16,6,4,0.87,0.93,1.25
22.3,4,4,16,6,4,1.77,0.72,1.28
29.7,1,4,16,6,4,1.44,1.74,1.2541666666666667
37.2,5,4,16,6,4,1.12,1.43,1.205
30.5,3,5,16,6,4,0.25,1.44,1.1925
0.4,2,5,16,6,4,1.14,1.86,1.1725
17.7,5,6,16,6,4,1.38,1.64,1.14375
-1.7,5,6,16,6,4,0.95,0.71,1.1320833333333333
2.6,3,7,16,6,4,0.43,0.8,1.1304166666666668
28.5,1,7,16,6,4,0.76,0.45,1.1516666666666666
15.9,3,8,16,6,4,0.96,1.92,1.1241666666666668
39.0,4,8,16,6,4,1.26,1.27,1.1404166666666666
30.8,2,8,16,6,4,1.66,1.73,1.1025
37.5,3,9,16,6,4,0.82,1.29,1.0829166666666667
-3.5,4,9,16,6,4,0.82,0.89,1.1187500000000001
18.5,1,11,16,6,4,1.75,1.96,1.0725
-7.9,4,17,16,6,4,0.85,0.81,1.0895833333333333
15.1,2,18,16,6,4,1.22,1.64,1.0608333333333333
-8.9,3,18,16,6,4,0.95,1.35,1.0208333333333333
36.2,4,20,16,6,4,0.39,0.4,1.06375
-0.6,4,22,16,6,4,1.43,1.05,1.0629166666666665
39.4,2,22,16,6,4,1.03,1.9,1.0566666666666666
29.2,3,23,16,6,4,1.75,0.36,1.0820833333333335
24.2,2,0,17,6,5,0.97,0.87,1.1004166666666666
13.4,2,1,17,6,5,1.31,1.77,1.0650000000000002
21.2,3,1,17,6,5,0.92,1.44,1.0841666666666667
36.9,5,1,17,6,5,1.9,1.12,1.0899999999999999
-3.4,2,3,17,6,5,1.26,0.25,1.1270833333333332
34.9,1,5,17,6,5,1.14,1.14,1.1145833333333333
7.4,3,6,17,6,5,0.84,1.38,1.0970833333333332
35.0,2,8,17,6,5,0.96,0.95,1.1158333333333332
-5.8,4,9,17,6,5,1.4,0.43,1.1683333333333332
15.8,1,10,17,6,5,1.69,0.76,1.1595833333333334
4.2,4,11,17,6,5,0.55,0.96,1.1670833333333335
10.7,1,15,17,6,5,1.14,1.26,1.1724999999999999
-1.7,2,15,17,6,5,1.39,1.66,1.1199999999999999
-4.4,2,15,17,6,5,0.4,0.82,1.1675
27.2,3,17,17,6,5,1.96,0.82,1.1475
6.8,3,17,17,6,5,0.34,1.75,1.1379166666666667
3.0,2,19,17,6,5,1.52,0.85,1.1624999999999999
36.4,5,19,17,6,5,1.44,1.22,1.145
2.7,5,20,17,6,5,0.8,0.95,1.1754166666666666
-6.4,3,20,17,6,5,1.68,0.39,1.1758333333333333
19.6,5,20,17,6,5,0.4,1.43,1.1641666666666666
39.6,3,20,17,6,5,1.15,1.03,1.1333333333333333
39.6,2,21,17,6,5,0.29,1.75,1.1204166666666666
9.8,5,21,17,6,5,1.44,0.97,1.1491666666666667
-6.3,1,21,17,6,5,1.66,1.31,1.1733333333333333
12.2,3,22,17,6,5,1.89,0.92,1.1637499999999998
23.2,1,0,18,6,6,0.69,1.9,1.1125
0.5,2,1,18,6,6,0.67,1.26,1.11125
20.0,4,2,18,6,6,1.23,1.14,1.0970833333333334
28.1,1,2,18,6,6,0.8,0.84,1.145
13.0,5,2,18,6,6,1.99,0.96,1.1641666666666666
35.0,1,4,18,6,6,1.42,1.4,1.1716666666666666
34.9,3,4,18,6,6,1.58,1.69,1.1529166666666666
-6.1,1,5,18,6,6,1.24,0.55,1.20875
-5.8,4,6,18,6,6,1.89,1.14,1.195
10.6,1,8,18,6,6,0.81,1.39,1.20375
1.9,5,8,18,6,6,1.6,0.4,1.2616666666666667
21.7,2,9,18,6,6,1.79,1.96,1.2470833333333333
-6.8,5,10,18,6,6,1.61,0.34,1.2995833333333333
15.5,2,11,18,6,6,1.6,1.52,1.2566666666666666
34.7,2,11,18,6,6,0.49,1.44,1.2083333333333333
6.3,5,13,18,6,6,0.28,0.8,1.2491666666666668
7.2,4,14,18,6,6,1.78,1.68,1.2245833333333334
18.6,5,16,18,6,6,1.09,0.4,1.2895833333333333
-0.1,1,17,18,6,6,1.96,1.15,1.2883333333333333
4.9,3,19,18,6,6,1.12,0.29,1.30875
-7.4,5,20,18,6,6,0.78,1.44,1.2816666666666667
29.9,4,22,18,6,6,0.79,1.66,1.2716666666666667
31.2,5,23,18,6,6,1.42,1.89,1.27
16.7,1,23,18,6,6,1.85,0.69,1.31375
3.0,5,23,18,6,6,1.74,0.67,1.3120833333333333
18.6,3,23,18,6,6,0.63,1.23,1.32625
2.4,4,1,19,6,0,1.57,0.8,1.3079166666666666
11.7,2,3,19,6,0,0.36,1.99,1.3054166666666667
0.7,4,3,19,6,0,1.93,1.42,1.2829166666666667
-4.5,4,3,19,6,0,0.88,1.58,1.2720833333333335
20.1,1,4,19,6,0,1.32,1.24,1.2375
9.7,5,4,19,6,0,0.41,1.89,1.2220833333333334
24.9,4,6,19,6,0,1.52,0.81,1.27125
15.8,3,7,19,6,0,1.99,1.6,1.2525000000000002
-8.6,3,7,19,6,0,1.15,1.79,1.2420833333333334
25.0,1,7,19,6,0,1.54,1.61,1.2275
-1.9,3,7,19,6,0,1.26,1.6,1.2258333333333333
37.9,3,8,19,6,0,1.56,0.49,1.2358333333333333
-3.5,2,8,19,6,0,0.73,0.28,1.2704166666666667
6.4,2,8,19,6,0,1.11,1.78,1.2554166666666668
17.1,3,9,19,6,0,1.42,1.09,1.2925
-8.8,2,9,19,6,0,1.98,1.96,1.2433333333333334
27.4,3,12,19,6,0,0.78,1.12,1.2541666666666667
3.4,4,12,19,6,0,1.38,0.78,1.2575
4.9,2,12,19,6,0,0.86,0.79,1.3008333333333333
-5.2,3,14,19,6,0,1.83,1.42,1.2541666666666667
-6.3,1,14,19,6,0,0.3,1.85,1.2449999999999999
30.7,5,14,19,6,0,1.63,1.74,1.2308333333333332
35.2,3,15,19,6,0,1.4,0.63,1.27375
-5.1,4,16,19,6,0,1.66,1.57,1.2833333333333334
-1.7,4,17,19,6,0,1.8,0.36,1.3429166666666665
11.6,2,19,19,6,0,1.79,1.93,1.2783333333333333
26.8,5,21,19,6,0,0.38,0.88,1.2504166666666665
16.0,3,21,19,6,0,0.21,1.32,1.2691666666666668
-8.4,3,22,19,6,0,1.77,0.41,1.30625
10.4,3,22,19,6,0,1.3,1.52,1.2825
-0.8,3,23,19,6,0,0.95,1.99,1.215
17.3,4,23,19,6,0,0.37,1.15,1.1975
3.9,1,2,20,6,1,0.73,1.54,1.1820833333333334
17.4,3,2,20,6,1,1.17,1.26,1.1541666666666666
-3.5,1,2,20,6,1,0.59,1.56,1.1370833333333332
29.9,2,2,20,6,1,1.15,0.73,1.1808333333333334
35.2,4,2,20,6,1,1.78,1.11,1.1854166666666666
3.8,4,3,20,6,1,1.22,1.42,1.1533333333333335
9.3,5,3,20,6,1,0.65,1.98,1.12875
3.7,2,4,20,6,1,1.39,0.78,1.13375
-7.7,2,4,20,6,1,0.9,1.38,1.14625
13.6,1,5,20,6,1,1.68,0.86,1.14875
0.2,5,5,20,6,1,0.92,1.83,1.0833333333333333
-8.9,1,5,20,6,1,0.26,0.3,1.0845833333333332
27.9,1,5,20,6,1,0.33,1.63,1.0775
11.0,5,6,20,6,1,1.46,1.4,1.0854166666666667
15.8,4,6,20,6,1,1.59,1.66,1.0929166666666668
37.3,4,7,20,6,1,1.84,1.8,1.08625
3.8,4,7,20,6,1,1.64,1.79,1.0783333333333334
8.4,3,7,20,6,1,1.6,0.38,1.0783333333333334
37.9,2,7,20,6,1,0.38,0.21,1.1125
37.7,3,8,20,6,1,1.03,1.77,1.06375
15.5,4,12,20,6,1,0.6,1.3,1.0329166666666667
9.0,4,13,20,6,1,0.56,0.95,1.0583333333333333
-9.9,3,13,20,6,1,1.56,0.37,1.1129166666666668
11.8,4,13,20,6,1,1.68,0.73,1.1345833333333333
17.4,2,14,20,6,1,1.25,1.17,1.15
17.0,1,14,20,6,1,1.54,0.59,1.2029166666666666
21.9,2,16,20,6,1,1.86,1.15,1.2279166666666668
26.7,2,16,20,6,1,1.75,1.78,1.1716666666666666
39.2,4,16,20,6,1,0.43,1.22,1.19875
33.8,4,18,20,6,1,1.87,0.65,1.2016666666666667
22.6,2,18,20,6,1,0.72,1.39,1.2183333333333335
-3.2,3,19,20,6,1,1.79,0.9,1.2425
39.1,2,19,20,6,1,1.48,1.68,1.21
10.0,3,19,20,6,1,0.9,0.92,1.2441666666666669
38.0,1,21,20,6,1,1.74,0.26,1.26875
35.8,1,23,20,6,1,0.85,0.33,1.3220833333333335
24.7,4,23,20,6,1,1.61,1.46,1.3170833333333334
34.9,5,0,21,6,2,1.34,1.59,1.2770833333333333
39.4,3,0,21,6,2,0.63,1.84,1.2458333333333333
31.6,4,2,21,6,2,1.09,1.64,1.2366666666666666
37.5,4,2,21,6,2,1.42,1.6,1.1829166666666666
11.2,5,2,21,6,2,0.31,0.38,1.2041666666666668
4.1,2,3,21,6,2,0.89,1.03,1.18
17.7,1,5,21,6,2,0.45,0.6,1.21125
16.1,3,5,21,6,2,1.35,0.56,1.24625
-0.1,4,7,21,6,2,1.4,1.56,1.2404166666666667
4.2,1,7,21,6,2,1.42,1.68,1.2391666666666667
24.8,2,8,21,6,2,1.65,1.25,1.2325000000000002
-3.9,4,10,21,6,2,1.09,1.54,1.2254166666666666
3.3,1,12,21,6,2,1.37,1.86,1.18875
28.3,3,12,21,6,2,0.98,1.75,1.1433333333333333
13.0,1,14,21,6,2,0.66,0.43,1.2045833333333333
22.9,3,14,21,6,2,1.9,1.87,1.2016666666666667
-3.1,3,15,21,6,2,1.8,0.72,1.1895833333333334
37.8,2,17,21,6,2,0.43,1.79,1.155
2.1,2,17,21,6,2,0.96,1.48,1.1220833333333333
34.4,5,18,21,6,2,0.69,0.9,1.165
-9.4,3,19,21,6,2,1.93,1.74,1.1054166666666665
-4.7,2,20,21,6,2,0.31,0.85,1.1408333333333334
2.2,4,21,21,6,2,1.7,1.61,1.0883333333333334
-2.9,2,21,21,6,2,0.35,1.34,1.0816666666666666
16.3,1,22,21,6,2,1.18,0.63,1.0641666666666667
-0.9,1,22,21,6,2,0.21,1.09,1.0945833333333332
10.5,3,22,21,6,2,1.82,1.42,1.0945833333333332
2.6,4,23,21,6,2,1.42,0.31,1.1416666666666666
35.4,3,23,21,6,2,1.44,0.89,1.1254166666666665
18.8,3,0,22,6,3,0.5,0.45,1.1791666666666665
24.3,4,0,22,6,3,1.74,1.35,1.1804166666666667
15.7,1,0,22,6,3,1.38,1.4,1.1633333333333333
12.2,2,1,22,6,3,0.99,1.42,1.1154166666666667
9.0,5,1,22,6,3,0.27,1.65,1.1033333333333333
-6.3,3,2,22,6,3,1.36,1.09,1.125
-4.2,5,2,22,6,3,1.61,1.37,1.1354166666666667
3.0,1,2,22,6,3,1.62,0.98,1.1554166666666668
13.5,3,3,22,6,3,1.46,0.66,1.1620833333333334
-7.7,1,3,22,6,3,0.82,1.9,1.1604166666666667
-8.0,2,4,22,6,3,1.86,1.8,1.1175
28.9,3,4,22,6,3,0.77,0.43,1.1583333333333332
-2.8,2,5,22,6,3,1.41,0.96,1.1733333333333333
2.8,3,6,22,6,3,1.32,0.69,1.1795833333333332
2.9,1,7,22,6,3,0.84,1.93,1.1129166666666668
18.5,5,8,22,6,3,0.33,0.31,1.1091666666666666
11.4,5,10,22,6,3,0.22,1.7,1.0991666666666668
10.2,3,11,22,6,3,1.46,0.35,1.1525
-6.4,4,11,22,6,3,1.63,1.18,1.165
-3.2,2,12,22,6,3,1.48,0.21,1.1954166666666666
28.5,4,13,22,6,3,0.94,1.82,1.1279166666666667
21.8,3,13,22,6,3,0.2,1.42,1.105
-6.2,3,15,22,6,3,0.87,1.44,1.09375
33.4,1,15,22,6,3,1.17,0.5,1.0999999999999999
11.0,2,15,22,6,3,0.65,1.74,1.0729166666666667
17.9,5,15,22,6,3,1.09,1.38,1.0345833333333332
28.1,1,17,22,6,3,0.46,0.99,1.0275
24.2,2,17,22,6,3,0.82,0.27,1.0925
32.2,1,18,22,6,3,1.83,1.36,1.0858333333333334
6.2,1,19,22,6,3,1.2,1.61,1.0866666666666667
12.1,3,20,22,6,3,1.63,1.62,1.0716666666666668
38.0,3,21,22,6,3,1.26,1.46,1.0479166666666666
35.0,2,22,22,6,3,0.89,0.82,1.02875
37.6,5,23,22,6,3,0.36,1.86,1.0262499999999999
32.1,2,0,23,6,4,1.8,0.77,1.0691666666666666
-2.2,2,1,23,6,4,1.8,1.41,1.04625
21.4,3,1,23,6,4,0.86,1.32,1.0650000000000002
-1.7,2,3,23,6,4,1.77,0.84,1.0745833333333332
21.1,5,4,23,6,4,1.07,0.33,1.10125
38.5,2,5,23,6,4,0.97,0.22,1.1133333333333333
9.9,3,5,23,6,4,0.51,1.46,1.0691666666666666
-6.7,5,7,23,6,4,0.4,1.63,1.0491666666666666
29.3,1,8,23,6,4,1.15,1.48,1.0129166666666667
27.2,4,9,23,6,4,0.61,0.94,1.0066666666666668
-0.5,4,10,23,6,4,0.79,0.2,1.0220833333333332
32.2,5,10,23,6,4,0.57,0.87,1.0050000000000001
39.8,1,12,23,6,4,0.46,1.17,0.965
-5.0,2,12,23,6,4,0.21,0.65,0.9891666666666667
28.9,2,13,23,6,4,1.23,1.09,1.0141666666666667
39.4,4,14,23,6,4,1.69,0.46,1.0183333333333333
29.3,3,14,23,6,4,0.56,0.82,1.0233333333333332
-7.8,1,15,23,6,4,0.94,1.83,0.9612499999999998
-6.4,5,16,23,6,4,0.34,1.2,0.9458333333333333
21.2,5,16,23,6,4,0.83,1.63,0.9512499999999999
-3.8,4,16,23,6,4,1.76,1.26,0.9145833333333333
4.2,5,16,23,6,4,0.38,0.89,0.9479166666666666
-9.2,2,17,23,6,4,1.69,0.36,1.0087499999999998
38.5,3,17,23,6,4,1.82,1.8,0.9670833333333334
17.3,1,18,23,6,4,0.8,1.8,0.9733333333333333
21.2,4,18,23,6,4,1.95,0.86,0.9520833333333334
-3.0,2,19,23,6,4,0.35,1.77,0.9041666666666667
17.4,2,19,23,6,4,0.62,1.07,0.8758333333333334
33.4,3,19,23,6,4,0.39,0.97,0.89875
-7.7,3,20,23,6,4,1.52,0.51,0.9441666666666667
-2.0,3,0,24,6,5,1.6,0.4,0.9512499999999999
31.0,2,1,24,6,5,0.57,1.15,0.965
25.6,4,3,24,6,5,1.48,0.61,1.00625
37.9,4,3,24,6,5,1.6,0.79,0.9979166666666667
33.8,4,7,24,6,5,0.59,0.57,1.0470833333333334
-3.9,5,8,24,6,5,1.75,0.46,1.0633333333333332
28.0,2,8,24,6,5,0.85,0.21,1.1233333333333333
18.5,5,8,24,6,5,1.65,1.23,1.1116666666666666
16.7,5,9,24,6,5,0.95,1.69,1.1179166666666667
21.4,1,9,24,6,5,1.84,0.56,1.1516666666666666
35.9,1,10,24,6,5,1.37,0.94,1.1941666666666666
26.5,1,11,24,6,5,1.96,0.34,1.2320833333333334
31.2,3,13,24,6,5,1.25,0.83,1.2204166666666667
30.5,4,13,24,6,5,0.55,1.76,1.1870833333333335
35.9,2,15,24,6,5,0.96,0.38,1.2466666666666666
16.4,1,17,24,6,5,1.81,1.69,1.2145833333333333
33.5,5,18,24,6,5,0.92,1.82,1.1566666666666667
24.8,4,18,24,6,5,0.43,0.8,1.1754166666666668
35.5,4,18,24,6,5,1.25,1.95,1.14375
-8.0,1,18,24,6,5,1.19,0.35,1.1583333333333334
34.9,1,20,24,6,5,0.7,0.62,1.1849999999999998
21.5,3,21,24,6,5,1.26,0.39,1.2220833333333334
12.5,1,21,24,6,5,1.28,1.52,1.2333333333333332
25.5,3,22,24,6,5,1.79,1.6,1.2441666666666666
-3.0,1,22,24,6,5,1.86,0.57,1.2541666666666667
32.4,2,23,24,6,5,0.81,1.48,1.2254166666666666
10.0,2,0,25,6,6,0.79,1.6,1.2379166666666666
25.5,2,0,25,6,6,1.9,0.59,1.2304166666666665
-2.7,2,0,25,6,6,0.41,1.75,1.1841666666666666
36.8,2,2,25,6,6,0.64,0.85,1.2270833333333335
-6.4,5,2,25,6,6,1.88,1.65,1.1916666666666667
27.0,4,2,25,6,6,0.8,0.95,1.2329166666666667
0.7,5,2,25,6,6,1.94,1.84,1.2258333333333333
2.0,4,3,25,6,6,1.67,1.37,1.2225
-9.6,2,4,25,6,6,1.29,1.96,1.1616666666666668
4.0,3,4,25,6,6,0.5,1.25,1.1233333333333333
0.8,5,6,25,6,6,0.33,0.55,1.1141666666666667
26.2,1,6,25,6,6,0.33,0.96,1.14375
5.2,2,7,25,6,6,1.67,1.81,1.1075000000000002
33.0,2,10,25,6,6,0.94,0.92,1.0779166666666666
17.8,2,11,25,6,6,0.21,0.43,1.1245833333333333
6.0,4,11,25,6,6,1.55,1.25,1.1033333333333333
18.1,5,12,25,6,6,0.74,1.19,1.0625
19.4,3,12,25,6,6,0.21,0.7,1.0941666666666665
3.5,1,13,25,6,6,1.46,1.26,1.0641666666666667
40.0,4,13,25,6,6,0.54,1.28,1.0275
37.5,1,13,25,6,6,0.4,1.79,1.0308333333333335
26.6,3,13,25,6,6,1.87,1.86,1.0116666666666667
1.6,1,15,25,6,6,1.4,0.81,1.0308333333333333
29.9,5,17,25,6,6,1.27,0.79,1.0095833333333333
4.8,5,18,25,6,6,0.28,1.9,0.94125
6.1,5,18,25,6,6,0.26,0.41,0.9420833333333333
1.0,4,19,25,6,6,0.43,0.64,0.975
36.7,3,20,25,6,6,1.43,1.88,0.9383333333333331
28.4,1,20,25,6,6,1.0,0.8,0.9754166666666667
39.3,4,20,25,6,6,1.69,1.94,0.9295833333333333
32.7,4,21,25,6,6,0.84,1.67,0.8737500000000001
6.9,1,22,25,6,6,0.33,1.29,0.87
10.6,5,1,26,6,0,1.2,0.5,0.8920833333333332
20.8,5,3,26,6,0,1.03,0.33,0.9495833333333333
-2.9,3,3,26,6,0,1.71,0.33,0.9504166666666666
33.1,1,3,26,6,0,0.35,1.67,0.9025
-7.4,5,3,26,6,0,0.52,0.94,0.8854166666666666
-0.9,4,3,26,6,0,0.53,0.21,0.9295833333333333
20.0,1,3,26,6,0,1.27,1.55,0.9366666666666666
-8.2,4,4,26,6,0,1.72,0.74,0.98
-4.0,4,4,26,6,0,1.78,0.21,0.9854166666666666
25.7,5,6,26,6,0,0.34,1.46,0.9933333333333333
32.3,3,7,26,6,0,1.65,0.54,1.04125
36.0,5,8,26,6,0,1.69,0.4,1.1041666666666667
22.4,3,8,26,6,0,1.91,1.87,1.0616666666666665
17.6,1,13,26,6,0,0.85,1.4,1.0720833333333333
14.8,5,13,26,6,0,1.65,1.27,1.0741666666666667
21.4,5,15,26,6,0,1.32,0.28,1.0779166666666666
-4.5,5,15,26,6,0,0.37,0.26,1.1
19.9,5,15,26,6,0,0.79,0.43,1.1345833333333333
6.7,3,15,26,6,0,1.26,1.43,1.0966666666666665
20.6,4,16,26,6,0,0.52,1.0,1.06375
21.0,4,17,26,6,0,0.21,1.69,1.0654166666666667
38.6,5,17,26,6,0,1.73,0.84,1.1133333333333333
7.4,1,17,26,6,0,1.99,0.33,1.1112499999999998
23.7,1,19,26,6,0,0.28,1.2,1.14375
24.5,1,19,26,6,0,1.98,1.03,1.1729166666666668
-9.6,1,19,26,6,0,1.73,1.71,1.1445833333333335
22.6,4,21,26,6,0,1.03,0.35,1.21
-5.4,4,21,26,6,0,1.92,0.52,1.2345833333333334
33.7,1,22,26,6,0,1.11,0.53,1.22875
13.1,3,22,26,6,0,0.39,1.27,1.2041666666666666
4.1,1,23,26,6,0,0.68,1.72,1.1854166666666666
20.1,3,1,27,6,1,1.27,1.78,1.1616666666666666
32.8,5,2,27,6,1,1.21,0.34,1.2195833333333332
0.8,3,3,27,6,1,1.73,1.65,1.1845833333333333
-2.7,3,3,27,6,1,0.81,1.69,1.16625
-3.9,4,4,27,6,1,1.25,1.91,1.1016666666666666
21.2,5,4,27,6,1,0.36,0.85,1.1283333333333334
25.0,3,6,27,6,1,1.49,1.65,1.13625
15.3,4,7,27,6,1,1.84,1.32,1.10125
15.0,3,7,27,6,1,0.48,0.37,1.1383333333333334
33.3,1,8,27,6,1,1.26,0.79,1.1629166666666666
12.7,1,8,27,6,1,1.38,1.26,1.1379166666666667
29.7,5,8,27,6,1,0.66,0.52,1.16
2.8,2,8,27,6,1,1.05,0.21,1.2183333333333335
39.2,2,8,27,6,1,1.61,1.73,1.1979166666666667
14.5,1,9,27,6,1,1.24,1.99,1.16875
22.6,4,9,27,6,1,1.29,0.28,1.2283333333333333
-2.5,2,9,27,6,1,1.71,1.98,1.1875
-0.7,2,11,27,6,1,1.0,1.73,1.1608333333333334
28.8,5,12,27,6,1,1.09,1.03,1.16
17.8,1,12,27,6,1,1.01,1.92,1.1191666666666666
14.3,3,13,27,6,1,0.94,1.11,1.08875
-1.6,5,14,27,6,1,0.38,0.39,1.1145833333333333
13.6,5,15,27,6,1,1.01,0.68,1.1500000000000001
23.8,3,16,27,6,1,1.53,1.27,1.1445833333333335
13.4,2,17,27,6,1,1.14,1.21,1.10375
23.6,3,17,27,6,1,0.23,1.73,1.04625
37.7,4,17,27,6,1,0.35,0.81,1.0916666666666668
21.1,1,18,27,6,1,1.9,1.25,1.0595833333333333
-9.5,5,19,27,6,1,0.48,0.36,1.0616666666666668
19.0,2,20,27,6,1,0.41,1.49,1.0791666666666666
14.7,1,0,28,6,2,1.91,1.84,1.0120833333333332
6.8,5,1,28,6,2,0.23,0.48,1.02375
6.6,5,1,28,6,2,0.76,1.26,0.9908333333333333
17.3,2,3,28,6,2,0.47,1.38,0.9958333333333332
15.5,1,4,28,6,2,1.5,0.66,1.0279166666666666
9.3,5,6,28,6,2,1.43,1.05,1.0104166666666667
35.4,1,6,28,6,2,0.63,1.61,0.9729166666666665
-5.4,5,8,28,6,2,0.71,1.24,1.0033333333333332
2.4,2,8,28,6,2,1.97,1.29,1.0137500000000002
3.0,5,9,28,6,2,1.54,1.71,1.0166666666666666
21.6,4,10,28,6,2,1.78,1.0,0.9970833333333333
15.1,1,10,28,6,2,0.53,1.09,0.9775
-5.6,1,11,28,6,2,0.62,1.01,0.9529166666666665
33.5,1,12,28,6,2,0.42,0.94,0.93125
39.2,1,12,28,6,2,0.42,0.38,0.9454166666666666
38.3,3,12,28,6,2,0.72,1.01,0.9375
32.6,4,14,28,6,2,0.82,1.53,0.9379166666666666
15.3,2,16,28,6,2,1.54,1.14,0.9170833333333333
24.2,2,16,28,6,2,0.64,0.23,0.9737499999999999
24.3,3,16,28,6,2,1.59,0.35,0.9929166666666666
-9.6,3,16,28,6,2,0.81,1.9,0.9829166666666667
29.7,1,17,28,6,2,1.66,0.48,1.0075
14.1,1,21,28,6,2,1.07,0.41,1.0137500000000002
11.0,4,21,28,6,2,0.56,1.91,1.0054166666666668
35.2,4,23,28,6,2,1.71,0.23,1.0279166666666668
13.6,2,1,29,6,3,0.77,0.76,1.0225
30.5,1,1,29,6,3,0.63,0.47,1.0816666666666668
36.0,4,2,29,6,3,1.89,1.5,1.0345833333333332
-6.0,4,3,29,6,3,0.37,1.43,0.9929166666666668
21.2,2,5,29,6,3,0.43,0.63,1.015
3.6,4,6,29,6,3,1.16,0.71,1.01
6.8,5,6,29,6,3,0.59,1.97,0.9908333333333333
29.7,1,7,29,6,3,1.51,1.54,1.01
18.5,5,7,29,6,3,2.0,1.78,0.96875
20.7,4,8,29,6,3,0.79,0.53,0.9570833333333333
-1.7,3,8,29,6,3,0.25,0.62,0.9645833333333332
1.0,1,8,29,6,3,0.8,0.42,0.9862500000000001
22.9,5,9,29,6,3,0.94,0.42,0.9841666666666667
13.0,1,10,29,6,3,0.37,0.72,1.0033333333333334
31.8,3,11,29,6,3,1.18,0.82,1.01
5.0,5,11,29,6,3,0.98,1.54,0.9666666666666668
18.2,5,12,29,6,3,0.5,0.64,1.0125
36.4,2,12,29,6,3,1.74,1.59,1.0029166666666667
18.1,5,14,29,6,3,1.36,0.81,1.0454166666666667
5.9,2,14,29,6,3,1.83,1.66,1.0408333333333333
18.4,2,15,29,6,3,1.55,1.07,1.03875
11.9,4,16,29,6,3,1.02,0.56,1.05
10.7,5,17,29,6,3,0.83,1.71,1.0133333333333334
17.8,5,19,29,6,3,0.83,0.77,1.0525
-2.2,2,20,29,6,3,1.71,0.63,1.06625
22.1,2,20,29,6,3,0.96,1.89,1.0583333333333333
38.1,1,20,29,6,3,1.7,0.37,1.1079166666666669
-3.7,3,20,29,6,3,1.56,0.43,1.1520833333333333
19.7,4,22,29,6,3,1.49,1.16,1.1145833333333335
25.0,2,22,29,6,3,0.26,0.59,1.1054166666666665
9.4,2,22,29,6,3,0.37,1.51,1.12
-1.8,5,23,29,6,3,1.86,2.0,1.1166666666666667
7.6,1,23,29,6,3,1.92,0.79,1.1475000000000002
29.1,2,23,29,6,3,1.53,0.25,1.1883333333333335
31.1,4,0,30,6,4,1.23,0.8,1.18375
-6.1,1,0,30,6,4,0.69,0.94,1.1966666666666665
19.7,2,0,30,6,4,1.25,0.37,1.2037499999999999
39.0,4,1,30,6,4,0.54,1.18,1.2033333333333334
-8.1,2,2,30,6,4,1.17,0.98,1.1724999999999999
3.3,1,2,30,6,4,0.24,0.5,1.1720833333333334
0.1,4,3,30,6,4,0.49,1.74,1.1558333333333333
38.4,2,5,30,6,4,1.35,1.36,1.11625
-2.4,1,6,30,6,4,0.41,1.83,1.0504166666666666
27.1,5,6,30,6,4,0.25,1.55,1.0320833333333335
-9.9,2,6,30,6,4,1.11,1.02,1.0516666666666665
25.1,1,6,30,6,4,1.49,0.83,1.0479166666666666
10.3,2,7,30,6,4,0.74,0.83,1.04875
35.4,3,7,30,6,4,0.85,1.71,1.0341666666666667
26.9,4,8,30,6,4,1.36,0.96,1.0475
10.1,4,9,30,6,4,1.28,1.7,1.0104166666666667
4.9,1,10,30,6,4,0.81,1.56,0.9645833333333332
32.7,3,10,30,6,4,0.46,1.49,0.9666666666666667
6.7,5,11,30,6,4,1.54,0.26,1.0041666666666667
9.9,5,11,30,6,4,1.16,0.37,1.0650000000000002
29.5,2,12,30,6,4,1.83,1.86,0.9975
15.7,1,12,30,6,4,0.24,1.92,0.9383333333333334
1.5,3,14,30,6,4,0.5,1.53,0.9025
9.8,5,14,30,6,4,0.67,1.23,0.9225
13.6,2,17,30,6,4,1.71,0.69,0.9166666666666666
38.6,3,18,30,6,4,0.55,1.25,0.88
9.2,2,18,30,6,4,0.37,0.54,0.88375
-0.7,4,19,30,6,4,0.63,1.17,0.8908333333333333
-5.6,2,20,30,6,4,1.34,0.24,0.8979166666666667
13.6,2,20,30,6,4,0.41,0.49,0.9491666666666667
22.2,1,21,30,6,4,1.72,1.35,0.9279166666666668
18.4,2,22,30,6,4,0.84,0.41,0.9387500000000001
20.5,5,22,30,6,4,0.67,0.25,0.9400000000000001
3.6,2,2,1,7,5,0.28,1.11,0.9333333333333332
0.9,3,3,1,7,5,0.95,1.49,0.9237500000000001
30.4,1,3,1,7,5,1.26,0.74,0.9062500000000001
9.1,4,5,1,7,5,0.32,0.85,0.8825
17.0,2,6,1,7,5,0.28,1.36,0.88875
-0.1,3,7,1,7,5,1.51,1.28,0.85125
26.2,3,8,1,7,5,0.38,0.81,0.8662500000000001
6.9,3,8,1,7,5,1.17,0.46,0.8937499999999999
1.8,5,8,1,7,5,1.12,1.54,0.8675
3.1,3,9,1,7,5,0.91,1.16,0.8395833333333335
-4.0,2,10,1,7,5,0.49,1.83,0.8241666666666667
25.3,2,11,1,7,5,1.46,0.24,0.8850000000000001
-8.6,4,11,1,7,5,1.7,0.5,0.8729166666666667
1.2,2,12,1,7,5,0.21,0.67,0.9175
10.6,3,13,1,7,5,1.74,1.71,0.8670833333333334
15.8,4,13,1,7,5,0.5,0.55,0.8625000000000002
1.7,2,13,1,7,5,0.44,0.37,0.92875
35.1,3,15,1,7,5,1.96,0.63,0.9608333333333334
33.6,3,15,1,7,5,1.4,1.34,0.9170833333333334
17.1,2,16,1,7,5,0.29,0.41,0.9483333333333334
11.3,3,16,1,7,5,1.16,1.72,0.9162499999999999
8.2,4,16,1,7,5,0.95,0.84,0.9162499999999999
-5.9,2,16,1,7,5,0.84,0.67,0.9554166666666667
25.6,5,16,1,7,5,1.61,0.28,0.9562499999999999
-9.7,5,17,1,7,5,0.3,0.95,0.9295833333333333
37.0,3,17,1,7,5,0.31,1.26,0.9279166666666666
32.6,1,18,1,7,5,1.22,0.32,0.945
15.2,3,19,1,7,5,0.73,0.28,0.9520833333333334
-4.8,4,20,1,7,5,0.45,1.51,0.9479166666666666
38.7,5,21,1,7,5,1.41,0.38,1.0095833333333333
28.2,3,21,1,7,5,1.86,1.17,1.0008333333333332
-5.3,5,21,1,7,5,0.96,1.12,0.9666666666666667
35.3,2,22,1,7,5,0.3,0.91,0.9891666666666667
1.4,1,23,1,7,5,1.45,0.49,0.9974999999999999
31.4,3,23,1,7,5,0.69,1.46,1.0045833333333334
33.4,5,23,1,7,5,1.63,1.7,0.96125
-8.9,4,23,1,7,5,0.66,0.21,1.0025000000000002
3.8,4,1,2,7,6,1.2,1.74,0.98625
29.9,1,2,2,7,6,1.35,0.5,1.0241666666666667
5.1,4,3,2,7,6,1.41,0.44,1.0708333333333333
31.7,2,4,2,7,6,1.56,1.96,1.03875
-5.4,5,4,2,7,6,1.19,1.4,1.0333333333333332
39.1,4,4,2,7,6,1.27,0.29,1.1004166666666666
34.8,2,5,2,7,6,1.9,1.16,1.0708333333333333
13.7,5,6,2,7,6,0.45,0.95,1.0562500000000001
-8.1,3,7,2,7,6,0.6,0.84,1.0433333333333332
-0.3,5,9,2,7,6,0.53,1.61,1.0066666666666666
2.4,5,9,2,7,6,0.73,0.3,1.075
0.4,2,9,2,7,6,1.94,0.31,1.1304166666666668
6.1,3,10,2,7,6,1.64,1.22,1.1058333333333332
1.5,5,10,2,7,6,0.63,0.73,1.1066666666666667
-8.7,2,11,2,7,6,0.75,0.45,1.16625
38.1,4,13,2,7,6,1.88,1.41,1.13
6.1,3,14,2,7,6,0.54,1.86,1.0908333333333333
17.9,3,14,2,7,6,0.92,0.96,1.0954166666666667
2.2,1,16,2,7,6,1.07,0.3,1.0962500000000002
27.7,4,18,2,7,6,0.32,1.45,1.0979166666666667
24.6,1,18,2,7,6,1.49,0.69,1.1270833333333334
-0.5,5,18,2,7,6,1.39,1.63,1.1170833333333332
17.4,2,18,2,7,6,1.39,0.66,1.1258333333333332
27.8,5,20,2,7,6,0.87,1.2,1.1316666666666666
-6.0,3,21,2,7,6,1.34,1.35,1.1004166666666666
-5.0,5,21,2,7,6,0.6,1.41,1.09
18.8,4,21,2,7,6,1.16,1.56,1.0670833333333334
8.7,2,21,2,7,6,1.01,1.19,1.0408333333333333
19.1,5,21,2,7,6,0.56,1.27,1.01875
5.1,3,23,2,7,6,0.74,1.9,1.01375
-8.5,5,0,3,7,0,1.78,0.45,1.045
26.2,5,1,3,7,0,1.2,0.6,1.07375
12.4,2,3,3,7,0,1.29,0.53,1.1345833333333333
25.0,1,4,3,7,0,1.99,0.73,1.1512499999999999
0.3,4,4,3,7,0,1.13,1.94,1.0808333333333333
17.0,1,7,3,7,0,0.25,1.64,1.0545833333333332
38.4,3,9,3,7,0,1.01,0.63,1.1079166666666667
1.2,4,10,3,7,0,1.91,0.75,1.1479166666666667
1.4,2,12,3,7,0,1.71,1.88,1.10625
6.3,3,13,3,7,0,0.88,0.54,1.1120833333333333
11.3,2,15,3,7,0,0.68,0.92,1.14375
-9.7,1,15,3,7,0,1.68,1.07,1.1766666666666665
15.4,2,17,3,7,0,1.86,0.32,1.1875
4.7,3,17,3,7,0,0.58,1.49,1.1975
16.2,4,17,3,7,0,1.73,1.39,1.2049999999999998
7.9,4,17,3,7,0,1.57,1.39,1.1870833333333333
30.2,5,18,3,7,0,0.96,0.87,1.19
17.6,3,18,3,7,0,0.94,1.34,1.1704166666666667
7.0,1,18,3,7,0,0.87,0.6,1.2258333333333333
21.4,2,20,3,7,0,1.93,1.16,1.2529166666666667
34.9,1,21,3,7,0,1.81,1.01,1.2554166666666666
32.2,2,22,3,7,0,1.07,0.56,1.2470833333333333
30.8,5,23,3,7,0,0.36,0.74,1.2725
35.7,3,0,4,7,1,1.35,1.78,1.24875
-0.6,3,0,4,7,1,1.21,1.2,1.2279166666666668
-4.1,5,2,4,7,1,0.7,1.29,1.2358333333333333
8.9,2,3,4,7,1,1.48,1.99,1.195
33.8,2,4,4,7,1,1.01,1.13,1.16875
35.3,1,4,4,7,1,0.5,0.25,1.1920833333333334
-2.1,4,4,4,7,1,0.81,1.01,1.1891666666666667
16.0,4,5,4,7,1,0.94,1.91,1.17625
0.6,1,5,4,7,1,1.6,1.71,1.1395833333333332
14.7,4,7,4,7,1,0.83,0.88,1.1770833333333333
6.2,4,7,4,7,1,1.78,0.68,1.22125
21.6,3,7,4,7,1,1.74,1.68,1.1608333333333334
30.4,4,8,4,7,1,0.23,1.86,1.1391666666666667
6.6,3,8,4,7,1,1.34,0.58,1.1970833333333333
1.5,4,10,4,7,1,1.97,1.73,1.1416666666666666
13.7,3,10,4,7,1,0.4,1.57,1.08875
2.1,5,11,4,7,1,0.3,0.96,1.1241666666666668
1.9,1,12,4,7,1,1.81,0.94,1.1508333333333334
-7.5,4,12,4,7,1,1.58,0.87,1.1570833333333332
34.1,4,13,4,7,1,1.02,1.93,1.11375
5.2,1,14,4,7,1,0.89,1.81,1.0654166666666667
27.9,3,14,4,7,1,0.65,1.07,1.1008333333333333
-6.5,3,14,4,7,1,1.92,0.36,1.1141666666666667
0.2,4,15,4,7,1,0.68,1.35,1.0983333333333334
12.6,1,15,4,7,1,0.97,1.21,1.1129166666666666
23.6,1,15,4,7,1,1.56,0.7,1.1645833333333333
34.7,2,16,4,7,1,1.94,1.48,1.14625
13.0,4,18,4,7,1,1.04,1.01,1.1620833333333334
24.7,5,18,4,7,1,1.39,0.5,1.2079166666666667
3.8,4,19,4,7,1,1.6,0.81,1.2008333333333332
16.3,1,19,4,7,1,0.64,0.94,1.20375
33.0,2,20,4,7,1,1.01,1.6,1.2025
17.3,5,20,4,7,1,1.57,0.83,1.1766666666666667
14.8,2,21,4,7,1,0.21,1.78,1.1483333333333332
11.5,4,21,4,7,1,1.1,1.74,1.09
26.1,5,22,4,7,1,0.34,0.23,1.16375
19.8,1,23,4,7,1,2.0,1.34,1.18625
-1.2,3,0,5,7,2,1.88,1.97,1.1633333333333333
2.9,2,0,5,7,2,1.42,0.4,1.1691666666666667
37.2,1,1,5,7,2,0.54,0.3,1.18625
35.4,4,3,5,7,2,0.71,1.81,1.1625
7.3,5,3,5,7,2,1.24,1.58,1.1458333333333333
27.4,2,4,5,7,2,1.18,1.02,1.1304166666666666
-6.8,1,5,5,7,2,0.65,0.89,1.175
14.7,3,11,5,7,2,1.96,0.65,1.2129166666666666
10.3,3,12,5,7,2,1.56,1.92,1.2125
2.9,1,12,5,7,2,1.91,0.68,1.2274999999999998
-2.1,5,12,5,7,2,1.04,0.97,1.2229166666666667
33.4,2,13,5,7,2,0.86,1.56,1.21375
27.0,3,14,5,7,2,1.34,1.94,1.16875
-9.3,4,15,5,7,2,0.86,1.04,1.1491666666666667
3.1,4,16,5,7,2,0.57,1.39,1.1416666666666666
34.2,4,16,5,7,2,1.21,1.6,1.1058333333333332
22.5,4,17,5,7,2,0.74,0.64,1.1154166666666667
-8.3,3,20,5,7,2,0.87,1.01,1.1275
32.2,2,20,5,7,2,1.3,1.57,1.0708333333333333
-5.7,3,23,5,7,2,0.21,0.21,1.1283333333333332
30.1,5,0,6,7,3,1.59,1.1,1.1075000000000002
30.1,1,1,6,7,3,0.6,0.34,1.1533333333333333
-1.1,3,1,6,7,3,1.44,2.0,1.1466666666666667
37.9,4,3,6,7,3,1.84,1.88,1.1266666666666667
16.5,1,3,6,7,3,1.4,1.42,1.1216666666666668
-5.6,3,4,6,7,3,1.3,0.54,1.1091666666666666
-0.5,2,4,6,7,3,0.24,0.71,1.1566666666666667
-7.9,2,5,6,7,3,1.85,1.24,1.12875
25.5,5,5,6,7,3,0.57,1.18,1.1520833333333333
14.4,4,7,6,7,3,1.74,0.65,1.1441666666666668
33.3,1,8,6,7,3,0.46,1.96,1.1270833333333332
31.8,1,8,6,7,3,1.55,1.56,1.1058333333333332
1.5,3,9,6,7,3,1.05,1.91,1.1075
13.2,5,10,6,7,3,1.95,1.04,1.1154166666666667
-8.5,4,11,6,7,3,1.23,0.86,1.1183333333333334
2.1,3,12,6,7,3,0.93,1.34,1.1025
25.5,4,12,6,7,3,0.96,0.86,1.1424999999999998
-5.1,5,12,6,7,3,1.82,0.57,1.1295833333333334
6.7,4,13,6,7,3,0.26,1.21,1.0945833333333332
-2.6,4,14,6,7,3,0.37,0.74,1.1079166666666667
-5.5,4,15,6,7,3,1.06,0.87,1.0816666666666668
-0.3,1,15,6,7,3,0.24,1.3,1.07875
36.1,3,15,6,7,3,1.23,0.21,1.0970833333333332
-9.7,3,17,6,7,3,0.65,1.59,1.1033333333333333
32.6,1,18,6,7,3,1.74,0.6,1.1345833333333333
-7.7,5,20,6,7,3,1.35,1.44,1.0970833333333334
21.4,2,22,6,7,3,0.54,1.84,1.0633333333333332
36.9,1,22,6,7,3,1.03,1.4,1.0262499999999999
2.7,1,22,6,7,3,0.51,1.3,1.05
-6.8,5,22,6,7,3,1.87,0.24,1.1020833333333333
-4.4,1,0,7,7,4,1.49,1.85,1.0887499999999999
-3.8,3,1,7,7,4,1.53,0.57,1.09375
5.2,2,4,7,7,4,0.69,1.74,1.1008333333333333
13.1,5,5,7,7,4,1.91,0.46,1.1270833333333332
7.7,5,6,7,7,4,1.09,1.55,1.08625
-6.1,2,7,7,7,4,0.57,1.05,1.10125
10.2,2,7,7,7,4,1.41,1.95,1.0425000000000002
-7.8,3,7,7,7,4,0.54,1.23,1.0629166666666667
-4.2,3,8,7,7,4,1.72,0.93,1.0329166666666667
21.8,4,10,7,7,4,0.21,0.96,1.0108333333333335
36.5,2,10,7,7,4,0.43,1.82,0.9725
21.0,2,11,7,7,4,0.9,0.26,1.0204166666666665
34.2,2,13,7,7,4,1.41,0.37,1.0670833333333334
17.2,5,13,7,7,4,1.49,1.06,1.0770833333333332
6.5,4,13,7,7,4,1.3,0.24,1.1020833333333333
3.2,1,13,7,7,4,0.84,1.23,1.0616666666666668
12.8,2,13,7,7,4,0.26,0.65,1.115
35.8,2,15,7,7,4,1.93,1.74,1.0999999999999999
39.9,3,15,7,7,4,1.38,1.35,1.0908333333333333
26.1,5,15,7,7,4,1.13,0.54,1.0820833333333333
18.1,3,15,7,7,4,0.33,1.03,1.0975
-5.1,1,17,7,7,4,1.4,0.51,1.1583333333333334
24.6,4,18,7,7,4,1.97,1.87,1.125
27.3,3,19,7,7,4,1.07,1.49,1.0887499999999999
22.1,2,20,7,7,4,0.62,1.53,1.04625
14.9,3,20,7,7,4,0.51,0.69,1.0908333333333333
29.3,1,21,7,7,4,1.76,1.91,1.0216666666666667
-9.5,2,23,7,7,4,0.25,1.09,1.0029166666666665
36.5,3,23,7,7,4,0.64,0.57,1.0337500000000002
6.0,4,1,8,7,5,1.31,1.41,0.9908333333333333
30.4,2,2,8,7,5,0.38,0.54,0.9774999999999999
11.5,4,3,8,7,5,0.22,1.72,0.9266666666666666
11.6,2,3,8,7,5,0.5,0.21,0.9795833333333333
38.5,1,4,8,7,5,1.48,0.43,1.02
-5.4,4,4,8,7,5,1.4,0.9,1.0579166666666666
36.3,5,5,8,7,5,1.81,1.41,1.0825
-2.9,5,6,8,7,5,2.0,1.49,1.0779166666666666
5.9,3,6,8,7,5,1.38,1.3,1.0933333333333335
20.7,1,7,8,7,5,1.67,0.84,1.0725
2.4,1,8,8,7,5,0.34,0.26,1.0783333333333334
19.9,5,8,8,7,5,0.4,1.93,1.0475
34.5,1,9,8,7,5,1.19,1.38,1.0041666666666667
30.7,2,12,8,7,5,0.34,1.13,1.0066666666666666
29.7,3,12,8,7,5,1.19,0.33,1.0520833333333333
13.2,1,12,8,7,5,1.42,1.4,1.0441666666666667
17.6,3,13,8,7,5,1.21,1.97,0.9795833333333333
3.8,5,13,8,7,5,0.42,1.07,1.0083333333333333
-2.6,3,14,8,7,5,1.76,0.62,1.0579166666666666
11.7,5,14,8,7,5,1.81,0.51,1.1158333333333335
2.8,2,15,8,7,5,1.9,1.76,1.1041666666666667
26.7,2,18,8,7,5,1.48,0.25,1.1320833333333333
9.4,2,20,8,7,5,0.92,0.64,1.1329166666666668
19.2,3,20,8,7,5,0.66,1.31,1.1045833333333333
13.1,1,20,8,7,5,0.63,0.38,1.12125
-9.4,2,21,8,7,5,0.78,0.22,1.1845833333333333
0.7,2,21,8,7,5,1.74,0.5,1.2375
21.5,1,22,8,7,5,1.77,1.48,1.18625
-6.8,4,23,8,7,5,0.25,1.4,1.1933333333333331
5.7,4,23,8,7,5,1.57,1.81,1.1683333333333332
1.7,2,0,9,7,6,1.21,2.0,1.1095833333333334
18.0,1,1,9,7,6,0.59,1.38,1.12375
22.8,5,2,9,7,6,1.72,1.67,1.1245833333333333
-4.9,5,2,9,7,6,1.69,0.34,1.155
-2.8,5,3,9,7,6,1.07,0.4,1.1691666666666667
27.6,4,4,9,7,6,0.74,1.19,1.1558333333333333
6.3,4,4,9,7,6,0.87,0.34,1.1766666666666665
7.3,4,4,9,7,6,0.84,1.19,1.1470833333333332
40.0,1,5,9,7,6,0.48,1.42,1.1016666666666668
39.5,1,6,9,7,6,0.33,1.21,1.0641666666666667
17.9,2,7,9,7,6,0.31,0.42,1.125
27.8,4,8,9,7,6,1.88,1.76,1.1195833333333332
-2.8,5,10,9,7,6,1.63,1.81,1.06375
11.6,5,10,9,7,6,0.47,1.9,1.0145833333333332
19.5,4,11,9,7,6,0.72,1.48,1.0145833333333334
-1.6,2,11,9,7,6,1.48,0.92,0.9908333333333333
39.1,3,11,9,7,6,0.35,0.66,0.9854166666666666
21.2,3,12,9,7,6,0.53,0.63,0.97375
28.7,5,13,9,7,6,0.35,0.78,0.9845833333333333
-1.1,2,14,9,7,6,1.04,1.74,0.93375
37.8,2,14,9,7,6,0.52,1.77,0.8895833333333334
36.7,1,15,9,7,6,0.71,0.25,0.9104166666666668
26.9,5,16,9,7,6,0.75,1.57,0.8662500000000001
11.2,2,16,9,7,6,0.51,1.21,0.8583333333333334
37.3,3,17,9,7,6,1.02,0.59,0.8825
26.9,4,17,9,7,6,1.17,1.72,0.8358333333333334
24.1,4,17,9,7,6,0.6,1.69,0.7804166666666666
33.9,5,19,9,7,6,0.36,1.07,0.8075
2.3,5,20,9,7,6,1.72,0.74,0.8491666666666667
-3.6,1,21,9,7,6,1.74,0.87,0.86375
-2.5,2,0,10,7,0,1.22,0.84,0.8858333333333334
11.8,2,1,10,7,0,1.37,0.48,0.9208333333333334
-8.4,3,1,10,7,0,1.32,0.33,0.9349999999999999
25.7,1,2,10,7,0,0.67,0.31,0.995
31.8,2,4,10,7,0,1.75,1.88,0.9620833333333333
33.2,1,5,10,7,0,1.09,1.63,0.9087500000000001
-4.7,4,6,10,7,0,0.35,0.47,0.9162499999999999
26.4,4,6,10,7,0,0.65,0.72,0.9558333333333334
-0.2,3,7,10,7,0,1.67,1.48,0.9583333333333334
37.2,3,7,10,7,0,1.54,0.35,1.0016666666666667
-3.0,5,7,10,7,0,1.39,0.53,1.0416666666666667
22.1,1,8,10,7,0,1.49,0.35,1.1066666666666667
-8.1,4,9,10,7,0,1.91,1.04,1.0941666666666667
8.1,1,12,10,7,0,0.74,0.52,1.1070833333333334
-6.9,1,12,10,7,0,0.83,0.71,1.1291666666666667
-2.3,1,12,10,7,0,1.24,0.75,1.1695833333333334
20.1,3,14,10,7,0,1.72,0.51,1.1708333333333332
33.0,1,15,10,7,0,0.54,1.02,1.14625
13.8,4,16,10,7,0,0.43,1.17,1.1675
20.5,5,16,10,7,0,1.68,0.6,1.1979166666666667
9.5,1,16,10,7,0,1.33,0.36,1.2191666666666667
-3.8,3,16,10,7,0,0.87,1.72,1.1895833333333334
-3.5,5,18,10,7,0,1.01,1.74,1.1983333333333333
6.4,3,18,10,7,0,1.95,1.22,1.1920833333333334
17.8,1,19,10,7,0,1.07,1.37,1.1866666666666668
31.3,1,21,10,7,0,1.24,1.32,1.14375
29.5,1,21,10,7,0,0.29,0.67,1.1841666666666668
-3.0,5,21,10,7,0,1.64,1.75,1.1716666666666666
-6.7,1,21,10,7,0,1.45,1.09,1.1416666666666668
-5.4,2,22,10,7,0,0.37,0.35,1.1929166666666666
28.5,4,0,11,7,1,1.58,0.65,1.2079166666666667
24.8,5,0,11,7,1,1.01,1.67,1.1849999999999998
2.8,4,1,11,7,1,1.12,1.54,1.1612500000000001
28.2,2,3,11,7,1,0.97,1.39,1.1445833333333333
29.5,2,4,11,7,1,0.99,1.49,1.1483333333333334
33.2,3,5,11,7,1,1.58,1.91,1.0991666666666668
25.2,5,6,11,7,1,0.73,0.74,1.1083333333333332
28.4,4,8,11,7,1,0.96,0.83,1.1470833333333335
8.2,2,8,11,7,1,1.76,1.24,1.1595833333333332
-6.3,4,12,11,7,1,1.54,1.72,1.12375
38.7,2,17,11,7,1,0.86,0.54,1.1345833333333333
18.0,3,18,11,7,1,0.8,0.43,1.1612500000000001
9.5,5,18,11,7,1,1.07,1.68,1.1366666666666667
29.9,5,18,11,7,1,1.09,1.33,1.1341666666666665
11.3,4,19,11,7,1,1.27,0.87,1.1537499999999998
13.2,3,19,11,7,1,1.34,1.01,1.17625
39.6,1,19,11,7,1,1.55,1.95,1.1279166666666667
38.5,4,20,11,7,1,0.79,1.07,1.16
-1.4,3,21,11,7,1,1.84,1.24,1.1375
-0.1,4,22,11,7,1,0.7,0.29,1.1845833333333333
12.7,5,22,11,7,1,1.42,1.64,1.15625
28.6,2,23,11,7,1,0.96,1.45,1.1691666666666667
14.7,3,0,12,7,2,1.76,0.37,1.22
17.6,1,0,12,7,2,1.59,1.58,1.2170833333333333
2.7,1,1,12,7,2,1.51,1.01,1.2562499999999999
16.3,3,4,12,7,2,1.95,1.12,1.25125
37.8,1,4,12,7,2,1.0,0.97,1.2295833333333333
27.3,4,4,12,7,2,0.45,0.99,1.2658333333333334
-3.5,2,6,12,7,2,1.86,1.58,1.2158333333333333
13.6,4,6,12,7,2,0.38,0.73,1.2095833333333332
-9.5,2,7,12,7,2,0.58,0.96,1.1820833333333334
34.8,3,8,12,7,2,0.3,1.76,1.1654166666666665
-0.5,4,9,12,7,2,1.36,1.54,1.1233333333333333
2.1,4,9,12,7,2,0.53,0.86,1.1004166666666666
-7.9,1,12,12,7,2,0.31,0.8,1.1004166666666666
8.4,5,13,12,7,2,0.8,1.07,1.1204166666666666
-4.7,5,14,12,7,2,1.55,1.09,1.13125
20.3,1,14,12,7,2,1.35,1.27,1.1483333333333334
27.4,5,15,12,7,2,1.68,1.34,1.1204166666666666
6.4,5,18,12,7,2,0.67,1.55,1.0745833333333332
-9.9,5,20,12,7,2,0.45,0.79,1.0850000000000002
-4.8,2,20,12,7,2,1.04,1.84,1.0754166666666667
-2.0,2,21,12,7,2,1.61,0.7,1.0920833333333333
11.2,1,21,12,7,2,1.1,1.42,1.0675000000000001
37.7,2,22,12,7,2,0.83,0.96,1.0683333333333334
2.0,3,22,12,7,2,0.98,1.76,1.0350000000000001
-4.4,1,23,12,7,2,0.96,1.59,1.0083333333333335
17.3,2,0,13,7,3,0.95,1.51,0.9900000000000001
11.8,1,1,13,7,3,1.07,1.95,0.92
19.1,5,2,13,7,3,0.27,1.0,0.9162500000000001
34.3,1,3,13,7,3,0.91,0.45,0.9691666666666667
16.2,3,4,13,7,3,1.72,1.86,0.9716666666666667
3.3,4,8,13,7,3,1.92,0.38,0.9916666666666667
-5.3,5,8,13,7,3,0.86,0.58,1.0066666666666666
-7.0,2,9,13,7,3,0.94,0.3,1.0708333333333335
19.3,4,10,13,7,3,1.84,1.36,1.0720833333333333
12.6,1,10,13,7,3,1.39,0.53,1.1208333333333333
28.3,3,11,13,7,3,1.7,0.31,1.1870833333333335
35.9,4,12,13,7,3,1.9,0.8,1.17375
-4.3,2,12,13,7,3,0.48,1.55,1.1516666666666666
29.8,2,14,13,7,3,1.02,1.35,1.1720833333333334
15.7,4,15,13,7,3,1.84,1.68,1.1304166666666666
-9.0,1,18,13,7,3,0.68,0.67,1.1633333333333333
16.2,3,18,13,7,3,1.46,0.45,1.1979166666666667
19.8,4,19,13,7,3,1.28,1.04,1.1704166666666667
4.4,5,23,13,7,3,0.38,1.61,1.1554166666666668
11.0,2,23,13,7,3,1.25,1.1,1.1675000000000002
-7.4,2,23,13,7,3,1.39,0.83,1.1583333333333334
15.6,2,0,14,7,4,0.61,0.98,1.17625
-8.1,5,1,14,7,4,1.41,0.96,1.1654166666666665
31.8,5,2,14,7,4,0.7,0.95,1.1891666666666667
-3.9,4,3,14,7,4,1.52,1.07,1.1670833333333333
11.2,2,3,14,7,4,0.54,0.27,1.2341666666666666
15.6,4,4,14,7,4,1.88,0.91,1.2049999999999998
23.9,1,4,14,7,4,0.21,1.72,1.1916666666666667
-1.3,4,4,14,7,4,1.4,1.92,1.1545833333333333
5.4,1,5,14,7,4,1.03,0.86,1.1558333333333333
39.0,5,6,14,7,4,0.89,0.94,1.14875
20.7,1,8,14,7,4,0.77,1.84,1.1512499999999999
-1.7,1,8,14,7,4,1.9,1.39,1.1633333333333333
28.4,3,10,14,7,4,1.68,1.7,1.1566666666666665
7.1,3,10,14,7,4,1.54,1.9,1.0979166666666667
36.6,1,10,14,7,4,0.49,0.48,1.1054166666666665
26.6,2,11,14,7,4,0.66,1.02,1.1224999999999998
5.3,3,12,14,7,4,1.43,1.84,1.10375
13.8,3,12,14,7,4,1.39,0.68,1.1125
-2.3,4,12,14,7,4,0.89,1.46,1.1266666666666667
-3.1,4,13,14,7,4,1.8,1.28,1.1070833333333334
9.7,4,15,14,7,4,0.81,0.38,1.1325
1.5,3,15,14,7,4,0.99,1.25,1.1004166666666666
6.6,4,16,14,7,4,0.48,1.39,1.05625
-8.0,1,16,14,7,4,0.33,0.61,1.0683333333333331
13.6,4,16,14,7,4,0.9,1.41,1.0591666666666666
22.8,4,16,14,7,4,1.19,0.7,1.0691666666666666
16.5,3,18,14,7,4,0.94,1.52,1.0329166666666667
23.3,1,18,14,7,4,0.65,0.54,1.0258333333333334
0.4,1,18,14,7,4,0.37,1.88,1.0258333333333334
12.4,1,18,14,7,4,1.88,0.21,1.0495833333333333
34.0,5,20,14,7,4,0.78,1.4,1.0025
37.1,4,1,15,7,5,0.27,1.03,0.995
16.8,4,1,15,7,5,0.85,0.89,0.9674999999999999
1.6,5,2,15,7,5,0.23,0.77,1.01875
16.9,4,2,15,7,5,2.0,1.9,0.9537499999999999
25.9,5,3,15,7,5,0.34,1.68,0.9029166666666666
14.3,1,4,15,7,5,0.46,1.54,0.9204166666666667
28.5,4,5,15,7,5,1.96,0.49,0.93375
-7.6,5,5,15,7,5,0.81,0.66,0.9566666666666667
-1.7,2,7,15,7,5,1.21,1.43,0.9358333333333334
11.8,4,8,15,7,5,0.93,1.39,0.8954166666666667
3.3,3,9,15,7,5,0.42,0.89,0.90375
12.3,3,9,15,7,5,1.09,1.8,0.8404166666666666
-0.4,5,9,15,7,5,0.28,0.81,0.8616666666666667
-0.1,5,10,15,7,5,1.32,0.99,0.86
-1.4,1,10,15,7,5,0.95,0.48,0.8591666666666665
25.0,2,11,15,7,5,0.46,0.33,0.9266666666666667
38.3,2,13,15,7,5,1.95,0.9,0.9191666666666668
12.2,2,13,15,7,5,0.72,1.19,0.9458333333333333
9.7,5,14,15,7,5,1.83,0.94,0.94375
29.0,4,14,15,7,5,0.89,0.65,0.9891666666666667
-3.0,1,18,15,7,5,1.74,0.37,1.0279166666666666
2.5,3,18,15,7,5,1.3,1.88,1.0283333333333333
38.9,3,21,15,7,5,1.89,0.78,1.015
13.3,2,22,15,7,5,0.46,0.27,1.0204166666666665
28.6,1,22,15,7,5,0.4,0.85,0.9954166666666667
18.8,1,23,15,7,5,0.25,0.23,1.0583333333333333
18.3,4,0,16,7,6,1.74,2.0,1.0458333333333334
5.6,2,2,16,7,6,1.7,0.34,1.0850000000000002
19.9,3,2,16,7,6,1.28,0.46,1.1145833333333333
-3.0,2,6,16,7,6,1.17,1.96,1.0508333333333333
6.1,2,6,16,7,6,0.43,0.81,1.0370833333333334
7.0,2,6,16,7,6,0.48,1.21,1.0079166666666668
20.0,2,7,16,7,6,0.51,0.93,0.9820833333333333
-6.2,4,8,16,7,6,0.31,0.42,1.0045833333333334
39.2,3,10,16,7,6,0.96,1.09,1.0270833333333333
7.4,2,12,16,7,6,1.63,0.28,1.0441666666666667
-3.3,5,13,16,7,6,0.69,1.32,1.03875
2.5,2,16,16,7,6,1.19,0.95,1.0479166666666666
27.3,5,16,16,7,6,1.17,0.46,1.0925
34.8,1,17,16,7,6,1.53,1.95,1.0633333333333335
27.2,4,18,16,7,6,1.25,0.72,1.0829166666666665
37.8,3,18,16,7,6,1.19,1.83,1.0450000000000002
14.4,3,20,16,7,6,0.92,0.89,1.0175
-7.3,3,0,17,7,0,0.23,1.74,1.0254166666666666
0.5,3,1,17,7,0,1.93,1.3,1.0416666666666667
2.1,1,2,17,7,0,1.69,1.89,0.9729166666666668
28.3,1,2,17,7,0,0.24,0.46,1.0020833333333334
2.4,3,5,17,7,0,1.16,0.4,1.0629166666666667
29.3,1,5,17,7,0,1.86,0.25,1.1320833333333333
13.8,1,6,17,7,0,1.91,1.74,1.0729166666666667
18.4,4,6,17,7,0,0.32,1.7,1.0658333333333332
32.1,5,7,17,7,0,1.53,1.28,1.0620833333333333
17.3,2,7,17,7,0,1.19,1.17,1.0545833333333334
15.1,4,7,17,7,0,0.99,0.43,1.0508333333333335
-1.3,5,7,17,7,0,0.34,0.48,1.0545833333333332
28.2,1,11,17,7,0,0.57,0.51,1.0516666666666665
30.0,1,12,17,7,0,0.44,0.31,1.0966666666666667
-9.1,5,13,17,7,0,1.39,0.96,1.135
-7.8,3,13,17,7,0,1.88,1.63,1.0887499999999999
-1.8,4,14,17,7,0,0.52,0.69,1.0920833333333333
-3.7,2,14,17,7,0,0.77,1.19,1.0704166666666668
-1.8,4,15,17,7,0,0.67,1.17,1.0720833333333333
22.2,3,18,17,7,0,1.21,1.53,1.0470833333333334
0.7,1,18,17,7,0,0.93,1.25,1.0424999999999998
26.9,1,19,17,7,0,1.14,1.19,1.04375
-3.1,3,21,17,7,0,1.22,0.92,1.0841666666666667
1.2,4,21,17,7,0,1.89,0.23,1.1224999999999998
-7.5,5,22,17,7,0,1.15,1.93,1.0875
33.7,3,0,18,7,1,1.09,1.69,1.08
33.2,5,1,18,7,1,1.51,0.24,1.1216666666666666
9.8,5,2,18,7,1,1.24,1.16,1.12375
34.3,2,2,18,7,1,1.21,1.86,1.1066666666666667
32.0,2,3,18,7,1,1.45,1.91,1.1066666666666667
36.6,4,4,18,7,1,1.91,0.32,1.1383333333333332
32.9,4,4,18,7,1,1.08,1.53,1.14125
19.6,5,5,18,7,1,1.6,1.19,1.1275
14.5,4,5,18,7,1,0.86,0.99,1.1283333333333334
20.8,5,5,18,7,1,1.01,0.34,1.1808333333333332
36.1,1,7,18,7,1,1.6,0.57,1.2054166666666666
5.2,3,7,18,7,1,1.16,0.44,1.2466666666666666
12.3,3,8,18,7,1,1.43,1.39,1.2141666666666666
8.8,2,8,18,7,1,0.61,1.88,1.20125
7.7,3,9,18,7,1,1.57,0.52,1.2033333333333334
8.1,1,10,18,7,1,0.57,0.77,1.2145833333333333
19.2,2,11,18,7,1,1.04,0.67,1.2620833333333332
0.9,3,12,18,7,1,1.81,1.21,1.2779166666666666
4.4,1,12,18,7,1,1.59,0.93,1.3083333333333333
12.8,5,12,18,7,1,1.66,1.14,1.3099999999999998
37.5,1,13,18,7,1,1.18,1.22,1.2883333333333333
32.8,5,13,18,7,1,0.7,1.89,1.2783333333333333
-5.8,2,14,18,7,1,1.65,1.15,1.2920833333333333
27.8,2,14,18,7,1,1.48,1.09,1.2829166666666667
16.0,5,15,18,7,1,0.87,1.51,1.2991666666666666
-10.0,4,16,18,7,1,1.9,1.24,1.2933333333333332
8.9,1,16,18,7,1,1.1,1.21,1.2891666666666666
31.1,5,17,18,7,1,1.11,1.45,1.2941666666666667
14.2,5,17,18,7,1,1.57,1.91,1.23875
28.6,2,17,18,7,1,0.58,1.08,1.2612500000000002
29.8,4,17,18,7,1,1.62,1.6,1.2716666666666667
16.2,2,18,18,7,1,1.85,0.86,1.2954166666666667
0.8,3,19,18,7,1,1.43,1.01,1.30625
22.0,5,19,18,7,1,1.27,1.6,1.3141666666666667
3.8,1,20,18,7,1,1.79,1.16,1.2883333333333333
-1.3,4,20,18,7,1,0.54,1.43,1.2550000000000001
-4.9,5,21,18,7,1,0.63,0.61,1.2625
33.0,3,22,18,7,1,0.79,1.57,1.2383333333333333
17.2,2,22,18,7,1,0.99,0.57,1.22875
-2.4,4,23,18,7,1,0.34,1.04,1.2395833333333333
-0.9,1,23,18,7,1,1.3,1.81,1.2449999999999999
20.0,4,1,19,7,2,1.94,1.59,1.2441666666666666
26.4,4,2,19,7,2,1.57,1.66,1.19625
4.6,2,5,19,7,2,0.51,1.18,1.1745833333333333
-0.9,4,6,19,7,2,0.66,0.7,1.2083333333333333
-9.3,3,7,19,7,2,1.51,1.65,1.1695833333333334
36.7,5,8,19,7,2,0.72,1.48,1.1841666666666668
14.3,5,9,19,7,2,1.83,0.87,1.2300000000000002
18.2,4,9,19,7,2,1.97,1.9,1.2291666666666667
15.1,4,10,19,7,2,1.88,1.1,1.2
17.9,2,10,19,7,2,0.4,1.11,1.21125
26.4,1,10,19,7,2,1.38,1.57,1.1958333333333335
23.3,1,11,19,7,2,1.2,0.58,1.2520833333333334
14.2,1,12,19,7,2,1.93,1.62,1.1970833333333333
5.7,1,12,19,7,2,0.3,1.85,1.1629166666666666
16.5,5,12,19,7,2,1.03,1.43,1.1270833333333334
14.1,4,13,19,7,2,0.57,1.27,1.14625
-4.7,1,13,19,7,2,1.73,1.79,1.1408333333333334
32.1,2,15,19,7,2,1.66,0.54,1.1795833333333332
1.0,3,17,19,7,2,1.47,0.63,1.1645833333333333
13.9,5,19,19,7,2,0.27,0.79,1.18375
30.3,3,19,19,7,2,1.25,0.99,1.2233333333333334
25.2,4,21,19,7,2,1.94,0.34,1.2904166666666665
15.4,5,0,20,7,3,1.95,1.3,1.3087499999999999
22.3,1,1,20,7,3,1.74,1.94,1.2508333333333332
33.2,5,2,20,7,3,0.55,1.57,1.2562499999999999
24.0,5,3,20,7,3,1.7,0.51,1.31375
38.3,5,6,20,7,3,1.89,0.66,1.3445833333333332
39.4,5,6,20,7,3,1.4,1.51,1.3141666666666667
0.5,3,8,20,7,3,0.78,0.72,1.3579166666666664
33.7,4,8,20,7,3,1.77,1.83,1.3329166666666665
29.0,2,10,20,7,3,1.23,1.97,1.2812499999999998
30.3,4,12,20,7,3,0.73,1.88,1.22125
-3.8,3,18,20,7,3,0.44,0.4,1.2691666666666668
17.5,5,19,20,7,3,1.55,1.38,1.2508333333333332
-1.4,5,19,20,7,3,0.94,1.2,1.2125
34.6,5,19,20,7,3,0.28,1.93,1.1554166666666665
-3.4,3,19,20,7,3,0.56,0.3,1.2175
39.4,5,21,20,7,3,1.79,1.03,1.21875
24.5,2,21,20,7,3,1.06,0.57,1.2395833333333333
-5.1,1,0,21,7,4,1.07,1.73,1.2474999999999998
18.3,4,1,21,7,4,1.92,1.66,1.1870833333333333
11.5,1,1,21,7,4,0.21,1.47,1.1612500000000001
25.8,2,3,21,7,4,0.85,0.27,1.1908333333333334
-5.3,3,3,21,7,4,0.98,1.25,1.1879166666666667
7.3,1,5,21,7,4,1.18,1.94,1.12625
1.3,2,5,21,7,4,0.46,1.95,1.1145833333333333
26.4,4,6,21,7,4,1.67,1.74,1.0558333333333332
33.8,3,7,21,7,4,0.33,0.55,1.09
37.9,4,8,21,7,4,1.37,1.7,1.0929166666666668
1.5,3,9,21,7,4,1.77,1.89,1.0825
37.3,1,9,21,7,4,1.64,1.4,1.0854166666666665
6.0,4,11,21,7,4,1.47,0.78,1.1129166666666668
29.7,2,12,21,7,4,1.44,1.77,1.0587499999999999
30.4,4,13,21,7,4,0.47,1.23,1.0816666666666668
23.5,4,13,21,7,4,1.78,0.73,1.06125
34.2,5,16,21,7,4,0.24,0.44,1.1129166666666668
6.2,3,16,21,7,4,1.68,1.55,1.0879166666666666
4.8,1,18,21,7,4,0.95,0.94,1.0625
-3.8,4,19,21,7,4,0.33,0.28,1.1291666666666667
-3.4,3,19,21,7,4,1.88,0.56,1.1604166666666667
-0.3,1,20,21,7,4,1.31,1.79,1.1041666666666667
30.1,2,20,21,7,4,0.44,1.06,1.1020833333333333
14.9,5,21,21,7,4,1.01,1.07,1.0799999999999998
22.7,5,21,21,7,4,0.54,1.92,1.0320833333333335
9.3,3,22,21,7,4,0.77,0.21,1.0833333333333333
7.1,2,23,21,7,4,1.44,0.85,1.0820833333333333
26.4,4,23,21,7,4,0.82,0.98,1.07625
-3.7,5,0,22,7,5,0.84,1.18,1.1016666666666666
-0.6,1,1,22,7,5,1.79,0.46,1.1595833333333332
26.7,1,4,22,7,5,1.85,1.67,1.0991666666666666
5.8,4,4,22,7,5,0.22,0.33,1.1345833333333333
18.7,2,5,22,7,5,1.18,1.37,1.09125
18.0,4,5,22,7,5,0.33,1.77,1.0358333333333334
13.7,5,7,22,7,5,0.44,1.64,0.9941666666666666
-7.2,5,7,22,7,5,0.64,1.47,0.9970833333333333
6.0,2,8,22,7,5,1.54,1.44,0.9500000000000001
28.6,2,9,22,7,5,0.31,0.47,0.9895833333333334
33.8,2,9,22,7,5,1.42,1.78,0.9874999999999999
33.8,1,10,22,7,5,1.73,0.24,1.0512499999999998
28.6,3,10,22,7,5,1.77,1.68,1.0358333333333334
21.8,1,12,22,7,5,1.31,0.95,1.0329166666666667
28.3,1,12,22,7,5,0.88,0.33,1.0658333333333334
29.7,1,13,22,7,5,1.12,1.88,1.0062499999999999
37.2,3,13,22,7,5,0.45,1.31,0.9620833333333333
19.6,5,14,22,7,5,0.25,0.44,0.9574999999999999
-7.4,3,15,22,7,5,0.33,1.01,0.9558333333333334
13.7,4,15,22,7,5,0.97,0.54,0.9858333333333333
35.7,1,15,22,7,5,1.26,0.77,1.0279166666666668
24.1,3,15,22,7,5,1.78,1.44,1.0270833333333333
12.3,4,16,22,7,5,1.42,0.82,1.0629166666666667
-2.0,1,16,22,7,5,1.68,0.84,1.0987500000000001
21.7,5,16,22,7,5,1.7,1.79,1.0745833333333332
7.2,5,17,22,7,5,1.21,1.85,1.0358333333333334
-3.0,1,18,22,7,5,0.92,0.22,1.0454166666666667
0.6,1,18,22,7,5,0.45,1.18,1.0358333333333334
8.4,1,20,22,7,5,0.95,0.33,1.0425
-5.9,1,20,22,7,5,0.49,0.44,1.0445833333333334
-7.9,3,21,22,7,5,0.49,0.64,1.0575
29.9,4,21,22,7,5,0.95,1.54,1.0266666666666666
10.0,4,23,22,7,5,0.8,0.31,1.0475
-6.0,3,23,22,7,5,0.81,1.42,1.0575
-3.5,1,0,23,7,6,1.66,1.73,1.0554166666666667
36.2,4,0,23,7,6,1.68,1.77,1.0329166666666667
-3.4,2,0,23,7,6,1.23,1.31,1.0083333333333333
23.0,2,1,23,7,6,0.72,0.88,1.02375
10.1,4,2,23,7,6,1.25,1.12,1.03125
-6.5,1,2,23,7,6,1.3,0.45,1.0799999999999998
38.5,5,2,23,7,6,1.62,0.25,1.0983333333333334
-0.4,2,4,23,7,6,0.69,0.33,1.1329166666666668
34.3,5,6,23,7,6,1.16,0.97,1.1245833333333333
35.3,3,7,23,7,6,0.77,1.26,1.0891666666666666
38.2,5,7,23,7,6,0.41,1.78,1.0391666666666668
9.0,3,7,23,7,6,0.58,1.42,1.0112500000000002
-8.3,3,11,23,7,6,0.75,1.68,1.0191666666666666
24.0,5,11,23,7,6,1.87,1.7,0.9904166666666666
32.0,1,13,23,7,6,1.01,1.21,1.02
2.8,2,14,23,7,6,1.92,0.92,1.0516666666666665
-2.8,1,14,23,7,6,1.68,0.45,1.0558333333333334
6.3,1,14,23,7,6,0.55,0.95,1.0279166666666668
11.1,1,17,23,7,6,0.28,0.49,1.0504166666666668
1.7,3,20,23,7,6,1.03,0.49,1.08875
36.6,3,21,23,7,6,1.41,0.95,1.1291666666666667
9.4,3,21,23,7,6,1.92,0.8,1.10625
-1.6,1,23,23,7,6,0.25,0.81,1.0887499999999999
30.2,5,0,24,7,0,0.39,1.66,1.0958333333333332
-7.6,2,0,24,7,0,1.83,1.68,1.0479166666666666
39.7,2,1,24,7,0,0.53,1.23,1.0220833333333332
36.1,4,1,24,7,0,0.61,0.72,1.055
33.9,3,2,24,7,0,1.51,1.25,1.0675000000000001
-6.0,4,3,24,7,0,1.55,1.3,1.0591666666666666
4.9,1,3,24,7,0,1.1,1.62,1.0641666666666667
39.7,4,4,24,7,0,1.74,0.69,1.0695833333333333
15.0,1,5,24,7,0,0.82,1.16,1.0820833333333333
21.0,1,5,24,7,0,1.46,0.77,1.0725
3.0,2,6,24,7,0,0.54,0.41,1.07
-6.3,4,6,24,7,0,0.35,0.58,1.1270833333333332
25.9,5,8,24,7,0,1.95,0.75,1.1554166666666665
-2.2,4,9,24,7,0,1.43,1.87,1.1420833333333333
8.9,4,10,24,7,0,1.55,1.01,1.1529166666666666
13.8,3,10,24,7,0,1.27,1.92,1.1116666666666666
-0.5,3,10,24,7,0,0.93,1.68,1.1108333333333333
11.8,5,11,24,7,0,1.66,0.55,1.13625
8.0,2,11,24,7,0,1.16,0.28,1.1620833333333334
39.7,4,11,24,7,0,0.9,1.03,1.1841666666666666
-3.4,3,13,24,7,0,1.56,1.41,1.1720833333333334
2.4,3,13,24,7,0,1.12,1.92,1.1170833333333332
35.8,4,13,24,7,0,0.6,0.25,1.1504166666666666
30.5,4,13,24,7,0,1.05,0.39,1.2045833333333333
2.9,5,13,24,7,0,1.69,1.83,1.1925000000000001
-7.1,4,17,24,7,0,1.54,0.53,1.2216666666666667
-3.9,3,17,24,7,0,1.23,0.61,1.215
11.1,5,17,24,7,0,0.45,1.51,1.16125
29.4,3,18,24,7,0,0.22,1.55,1.1137499999999998
-6.3,2,18,24,7,0,0.41,1.1,1.1466666666666667
21.1,5,19,24,7,0,1.89,1.74,1.10125
29.3,4,20,24,7,0,0.65,0.82,1.0841666666666665
3.2,5,21,24,7,0,0.41,1.46,1.1020833333333333
-5.6,2,21,24,7,0,1.89,0.54,1.1329166666666666
18.4,4,21,24,7,0,1.28,0.35,1.1370833333333332
14.1,2,22,24,7,0,0.45,1.95,1.0791666666666668
28.7,3,22,24,7,0,0.56,1.43,1.0416666666666667
-6.2,2,22,24,7,0,0.53,1.55,0.9862500000000001
30.0,3,23,24,7,0,0.22,1.27,0.9533333333333333
16.5,1,23,24,7,0,0.48,0.93,0.9754166666666667
22.9,1,0,25,7,1,1.46,1.66,0.9283333333333333
15.4,5,0,25,7,1,0.53,1.16,0.9258333333333333
-3.6,2,0,25,7,1,1.1,0.9,0.9404166666666667
24.0,3,1,25,7,1,1.25,1.56,0.8945833333333333
12.3,5,4,25,7,1,0.46,1.12,0.9216666666666665
3.9,2,4,25,7,1,1.77,0.6,0.9508333333333333
12.3,1,4,25,7,1,1.3,1.05,0.9783333333333334
-5.9,3,5,25,7,1,1.71,1.69,0.9575
-7.8,5,5,25,7,1,1.19,1.54,0.9045833333333334
-6.2,4,6,25,7,1,0.27,1.23,0.9070833333333334
32.6,3,6,25,7,1,1.29,0.45,0.9066666666666667
22.0,3,6,25,7,1,0.44,0.22,0.9375
10.2,3,7,25,7,1,0.96,0.41,0.9704166666666666
27.6,3,7,25,7,1,1.2,1.89,0.9229166666666666
-2.6,4,7,25,7,1,0.75,0.65,0.9095833333333333
-0.6,4,8,25,7,1,0.33,0.41,0.9308333333333335
30.2,1,10,25,7,1,0.92,1.89,0.8612500000000001
10.1,3,10,25,7,1,0.22,1.28,0.8683333333333333
-2.9,5,11,25,7,1,1.45,0.45,0.8658333333333333
19.0,3,12,25,7,1,0.39,0.56,0.92375
-9.5,5,14,25,7,1,1.95,0.53,0.9133333333333334
25.3,3,15,25,7,1,0.28,0.22,0.9416666666666665
9.9,3,15,25,7,1,0.9,0.48,0.9554166666666667
-3.4,4,17,25,7,1,0.81,1.46,0.9179166666666667
29.3,2,19,25,7,1,0.56,0.53,0.9387500000000001
23.5,2,20,25,7,1,1.03,1.1,0.9674999999999999
10.0,4,20,25,7,1,1.79,1.25,0.9954166666666665
24.8,3,21,25,7,1,1.92,0.46,1.04875
32.6,1,21,25,7,1,1.74,1.77,1.0050000000000001
17.4,2,21,25,7,1,0.72,1.3,0.9920833333333333
-3.1,5,23,25,7,1,0.99,1.71,0.9633333333333334
9.1,5,1,26,7,2,1.02,1.19,0.97625
3.8,4,2,26,7,2,1.5,0.27,1.0054166666666666
-3.9,3,3,26,7,2,0.97,1.29,0.9683333333333333
7.2,1,4,26,7,2,0.4,0.44,0.9729166666666665
13.1,3,4,26,7,2,0.55,0.96,0.9908333333333333
27.2,5,5,26,7,2,1.39,1.2,1.0141666666666664
24.9,4,5,26,7,2,1.76,0.75,1.0545833333333332
36.4,1,7,26,7,2,1.72,0.33,1.0604166666666666
15.2,5,8,26,7,2,0.47,0.92,1.1029166666666668
3.3,5,8,26,7,2,1.94,0.22,1.1725
-6.1,3,9,26,7,2,1.89,1.45,1.1641666666666666
-5.1,2,10,26,7,2,1.25,0.39,1.1941666666666666
3.0,3,14,26,7,2,1.11,1.95,1.1308333333333334
27.1,1,16,26,7,2,0.43,0.28,1.1554166666666665
22.5,2,17,26,7,2,0.87,0.9,1.15625
36.6,4,17,26,7,2,0.92,0.81,1.145
31.2,4,18,26,7,2,0.54,0.56,1.1379166666666667
34.7,5,19,26,7,2,0.39,1.03,1.1612500000000001
-8.3,2,20,26,7,2,1.59,1.79,1.1291666666666667
-1.8,3,20,26,7,2,1.02,1.92,1.1104166666666668
1.2,4,21,26,7,2,1.47,1.74,1.1154166666666667
-8.3,3,22,26,7,2,1.86,0.72,1.10625
-3.0,5,23,26,7,2,0.5,0.99,1.1120833333333333
3.7,3,23,26,7,2,1.13,1.02,1.1491666666666667
6.7,1,0,27,7,3,1.91,1.5,1.105
12.2,3,1,27,7,3,0.44,0.97,1.1454166666666665
5.7,5,1,27,7,3,1.94,0.4,1.2012500000000002
7.2,2,2,27,7,3,1.74,0.55,1.22125
35.4,5,2,27,7,3,1.03,1.39,1.1741666666666666
18.9,1,5,27,7,3,0.26,1.76,1.1666666666666667
22.1,4,5,27,7,3,1.58,1.72,1.1270833333333334
31.0,2,5,27,7,3,0.77,0.47,1.1783333333333335
-8.6,3,6,27,7,3,1.7,1.94,1.1112499999999998
10.5,4,7,27,7,3,0.33,1.89,1.08375
13.5,2,8,27,7,3,1.23,1.25,1.0454166666666667
1.0,5,9,27,7,3,0.33,1.11,1.0608333333333333
-7.2,1,10,27,7,3,1.48,0.43,1.0941666666666665
12.3,1,10,27,7,3,1.23,0.87,1.135
28.2,5,12,27,7,3,1.85,0.92,1.1745833333333333
1.8,1,13,27,7,3,1.87,0.54,1.2029166666666666
3.6,4,13,27,7,3,1.22,0.39,1.2550000000000001
19.0,5,13,27,7,3,1.64,1.59,1.25375
7.3,3,13,27,7,3,1.56,1.02,1.2433333333333334
6.8,5,14,27,7,3,0.77,1.47,1.2154166666666666
5.5,1,14,27,7,3,0.8,1.86,1.2183333333333333
35.4,2,14,27,7,3,1.93,0.5,1.2479166666666666
-8.9,3,14,27,7,3,1.21,1.13,1.27
2.1,1,15,27,7,3,1.66,1.91,1.2491666666666668
13.0,5,15,27,7,3,1.41,0.44,1.2562499999999999
5.7,2,19,27,7,3,0.61,1.94,1.2012500000000002
20.0,5,21,27,7,3,0.62,1.74,1.1470833333333332
12.9,4,22,27,7,3,0.44,1.03,1.16875
12.8,1,22,27,7,3,1.55,0.26,1.2066666666666668
5.0,2,23,27,7,3,1.17,1.58,1.2029166666666666
25.1,4,0,28,7,4,1.49,0.77,1.2395833333333333
7.5,3,1,28,7,4,1.65,1.7,1.2004166666666667
19.5,2,1,28,7,4,0.76,0.33,1.23
2.0,3,4,28,7,4,1.04,1.23,1.2604166666666667
1.3,4,4,28,7,4,1.96,0.33,1.2791666666666666
-0.4,4,4,28,7,4,0.78,1.48,1.2383333333333333
-8.8,5,5,28,7,4,0.5,1.23,1.2120833333333334
15.3,2,7,28,7,4,0.6,1.85,1.1916666666666667
34.1,5,7,28,7,4,1.36,1.87,1.1933333333333331
0.2,4,7,28,7,4,1.91,1.22,1.21875
29.8,1,8,28,7,4,1.83,1.64,1.1604166666666667
0.3,2,8,28,7,4,0.24,1.56,1.12625
8.7,4,8,28,7,4,0.74,0.77,1.1116666666666666
-1.3,3,9,28,7,4,0.42,0.8,1.1391666666666667
24.1,5,12,28,7,4,1.46,1.93,1.0929166666666668
29.5,2,13,28,7,4,0.82,1.21,1.0720833333333333
-3.0,2,13,28,7,4,0.71,1.66,1.0675
-4.9,2,14,28,7,4,1.55,1.41,1.0870833333333334
14.9,1,16,28,7,4,1.88,0.61,1.12375
33.6,5,17,28,7,4,1.49,0.62,1.1416666666666666
35.4,4,17,28,7,4,1.05,0.44,1.1820833333333334
-7.5,1,19,28,7,4,1.41,1.55,1.1995833333333332
35.0,2,19,28,7,4,1.97,1.17,1.17
39.2,3,20,28,7,4,0.46,1.49,1.1875
14.5,3,20,28,7,4,1.91,1.65,1.1929166666666668
-4.3,2,20,28,7,4,1.78,0.76,1.2425
-7.7,2,21,28,7,4,1.95,1.04,1.2625
6.5,1,0,29,7,5,1.52,1.96,1.2041666666666666
25.0,2,0,29,7,5,0.56,0.78,1.25375
11.7,2,0,29,7,5,1.97,0.5,1.3041666666666665
-10.0,1,2,29,7,5,1.71,0.6,1.2950000000000002
31.0,5,4,29,7,5,0.38,1.36,1.28375
16.8,2,6,29,7,5,1.09,1.91,1.2508333333333335
14.0,1,6,29,7,5,1.12,1.83,1.2241666666666666
-6.5,3,7,29,7,5,1.19,0.24,1.2929166666666667
27.1,1,9,29,7,5,1.89,0.74,1.2883333333333333
-0.7,3,10,29,7,5,0.63,0.42,1.3491666666666668
20.0,4,11,29,7,5,1.88,1.46,1.3675
17.7,1,12,29,7,5,1.9,0.82,1.3533333333333333
37.5,1,13,29,7,5,0.48,0.71,1.3354166666666665
23.4,2,17,29,7,5,0.28,1.55,1.3020833333333333
-0.8,3,18,29,7,5,0.75,1.88,1.2654166666666666
28.5,4,20,29,7,5,1.0,1.49,1.2158333333333333
35.1,1,20,29,7,5,0.3,1.05,1.22625
36.1,1,21,29,7,5,1.3,1.41,1.1991666666666667
35.1,5,22,29,7,5,0.76,1.97,1.1929166666666668
-3.3,5,23,29,7,5,1.82,0.46,1.2566666666666666
10.7,2,0,30,7,6,1.99,1.91,1.1945833333333333
26.9,3,1,30,7,6,0.42,1.78,1.1470833333333332
29.4,5,3,30,7,6,0.64,1.95,1.09625
-2.4,4,3,30,7,6,0.73,1.52,1.0854166666666667
21.8,5,4,30,7,6,1.26,0.56,1.08375
-0.7,4,4,30,7,6,0.52,1.97,1.0404166666666665
35.7,3,4,30,7,6,0.93,1.71,1.0025000000000002
12.1,4,5,30,7,6,0.8,0.38,1.05
14.9,5,7,30,7,6,1.52,1.09,1.05375
10.0,2,7,30,7,6,1.18,1.12,1.02625
39.4,5,9,30,7,6,0.46,1.19,1.0283333333333333
18.1,3,9,30,7,6,1.24,1.89,1.0166666666666666
24.6,2,9,30,7,6,1.61,0.63,1.0091666666666668
-8.6,5,10,30,7,6,0.45,1.88,0.9545833333333335
11.9,3,12,30,7,6,0.57,1.9,0.8920833333333333
5.7,4,16,30,7,6,0.4,0.48,0.9254166666666667
-5.2,5,17,30,7,6,1.28,0.28,0.94625
34.2,5,18,30,7,6,0.78,0.75,0.9445833333333334
28.5,2,4,31,7,0,0.71,1.0,0.9283333333333333
37.4,2,4,31,7,0,0.61,0.3,0.93125
38.3,1,4,31,7,0,0.37,1.3,0.9554166666666667
-3.6,1,7,31,7,0,1.88,0.76,0.9516666666666667
17.3,4,7,31,7,0,0.67,1.82,0.9058333333333333
1.1,2,8,31,7,0,0.72,1.99,0.8704166666666667
25.9,5,9,31,7,0,1.14,0.42,0.8745833333333333
-7.5,4,9,31,7,0,0.52,0.64,0.9083333333333333
19.4,2,10,31,7,0,1.45,0.73,0.9508333333333333
6.3,5,11,31,7,0,1.75,1.26,0.9666666666666667
-9.0,1,11,31,7,0,1.64,0.52,1.01875
17.7,4,11,31,7,0,1.77,0.93,1.0304166666666668
5.2,1,11,31,7,0,1.21,0.8,1.0104166666666667
5.6,3,11,31,7,0,0.32,1.52,0.9658333333333333
-3.4,5,12,31,7,0,0.45,1.18,0.9545833333333333
16.4,5,12,31,7,0,0.91,0.46,0.99625
-8.5,5,15,31,7,0,1.46,1.24,0.9900000000000001
36.7,3,17,31,7,0,1.09,1.61,0.9345833333333333
6.8,1,17,31,7,0,0.28,0.45,0.9974999999999999
28.7,5,19,31,7,0,1.96,0.57,0.9887499999999999
39.4,3,20,31,7,0,0.36,0.4,1.0508333333333333
19.1,1,20,31,7,0,1.89,1.28,1.01125
22.2,3,20,31,7,0,0.33,0.78,0.9908333333333333
-6.5,3,20,31,7,0,0.29,0.71,1.0029166666666667
12.9,1,21,31,7,0,1.0,0.61,1.0258333333333334
13.3,5,23,31,7,0,1.16,0.37,1.0245833333333334
0.2,2,0,1,8,1,0.34,1.88,1.01
18.6,1,0,1,8,1,1.53,0.67,0.9958333333333332
35.0,5,1,1,8,1,0.33,0.72,1.04625
3.0,4,1,1,8,1,1.93,1.14,1.0225
0.5,3,2,1,8,1,0.57,0.52,1.0841666666666667
13.5,4,4,1,8,1,2.0,1.45,1.0337500000000002
9.8,5,6,1,8,1,0.24,1.75,1.0429166666666667
1.8,5,6,1,8,1,1.97,1.64,1.0079166666666668
6.6,1,6,1,8,1,0.8,1.77,0.9729166666666668
33.0,1,8,1,8,1,0.93,1.21,0.9829166666666667
4.0,5,9,1,8,1,1.45,0.32,1.0025
2.9,4,10,1,8,1,0.79,0.45,1.0329166666666667
26.8,2,10,1,8,1,1.18,0.91,1.07
0.4,1,11,1,8,1,1.8,1.46,1.0591666666666666
6.2,1,11,1,8,1,1.2,1.09,1.0795833333333333
7.9,4,11,1,8,1,1.58,0.28,1.11125
16.8,5,12,1,8,1,1.04,1.96,1.0870833333333334
12.9,3,13,1,8,1,1.38,0.36,1.1283333333333334
39.9,3,14,1,8,1,1.35,1.89,1.105
34.8,2,15,1,8,1,1.33,0.33,1.1166666666666667
24.4,1,15,1,8,1,0.61,0.29,1.15875
-1.5,2,15,1,8,1,1.3,1.0,1.1820833333333334
3.7,3,16,1,8,1,1.56,1.16,1.155
21.3,5,18,1,8,1,0.51,0.34,1.1654166666666665
9.3,5,19,1,8,1,0.59,1.53,1.1229166666666666
22.9,1,19,1,8,1,0.51,0.33,1.13625
31.7,2,20,1,8,1,0.65,1.93,1.0725
9.5,2,23,1,8,1,0.4,0.57,1.09125
17.7,2,0,2,8,2,1.02,2.0,1.0270833333333333
33.0,3,1,2,8,2,0.46,0.24,1.0558333333333334
-7.8,3,2,2,8,2,0.93,1.97,1.0395833333333333
-8.2,2,2,2,8,2,1.58,0.8,1.0354166666666667
31.3,3,2,2,8,2,0.7,0.93,1.0433333333333332
3.3,3,2,2,8,2,1.12,1.45,1.04625
28.5,1,3,2,8,2,1.52,0.79,1.08
35.7,2,4,2,8,2,1.6,1.18,1.0416666666666667
-2.5,2,6,2,8,2,0.26,1.8,0.9779166666666668
-0.1,3,6,2,8,2,0.27,1.2,0.9816666666666668
23.1,3,6,2,8,2,1.29,1.58,0.96625
10.8,1,7,2,8,2,1.21,1.04,0.9954166666666667
19.9,2,8,2,8,2,1.74,1.38,0.9941666666666668
24.5,3,8,2,8,2,1.35,1.35,0.9579166666666667
26.7,3,9,2,8,2,0.48,1.33,0.9441666666666668
16.2,5,9,2,8,2,1.0,0.61,0.99625
-6.6,4,12,2,8,2,1.86,1.3,0.9866666666666668
14.4,1,13,2,8,2,1.07,1.56,1.0004166666666665
9.0,1,13,2,8,2,1.89,0.51,1.0495833333333333
8.5,1,14,2,8,2,1.69,0.59,1.05875
17.7,1,15,2,8,2,0.81,0.51,1.0954166666666667
30.6,4,17,2,8,2,1.39,0.65,1.1433333333333333
27.1,1,17,2,8,2,1.8,0.4,1.1441666666666668
25.9,1,17,2,8,2,0.42,1.02,1.115
20.6,4,18,2,8,2,0.32,0.46,1.1766666666666665
23.8,3,19,2,8,2,1.94,0.93,1.1841666666666666
28.6,5,19,2,8,2,1.11,1.58,1.1483333333333334
8.9,4,20,2,8,2,0.72,0.7,1.1562500000000002
40.0,5,20,2,8,2,0.89,1.12,1.1225
0.1,4,22,2,8,2,0.31,1.52,1.1395833333333334
38.2,3,22,2,8,2,1.93,1.6,1.1029166666666665
33.3,4,23,2,8,2,0.72,0.26,1.1391666666666669
6.2,3,0,3,8,3,1.13,0.27,1.1454166666666665
-6.1,2,1,3,8,3,0.42,1.29,1.1404166666666666
23.1,5,1,3,8,3,1.17,1.21,1.1066666666666667
7.8,4,1,3,8,3,0.4,1.74,1.0895833333333333
7.7,4,2,3,8,3,1.33,1.35,1.0720833333333333
-2.5,4,4,3,8,3,0.93,0.48,1.1075
-6.2,3,4,3,8,3,1.33,1.0,1.1024999999999998
4.8,3,4,3,8,3,0.88,1.86,1.1029166666666665
18.1,3,5,3,8,3,1.87,1.07,1.12625
2.5,2,6,3,8,3,1.63,1.89,1.06875
7.4,4,7,3,8,3,0.51,1.69,1.0508333333333333
3.6,4,10,3,8,3,1.26,0.81,1.0304166666666665
30.3,1,13,3,8,3,0.32,1.39,1.0520833333333333
-1.1,5,13,3,8,3,1.91,1.8,0.9904166666666666
7.8,2,13,3,8,3,0.32,0.42,1.0279166666666666
23.7,2,15,3,8,3,1.32,0.32,1.0845833333333332
4.2,1,16,3,8,3,1.68,1.94,1.015
-0.9,1,17,3,8,3,0.27,1.11,0.9862500000000001
17.9,1,19,3,8,3,0.42,0.72,1.0166666666666666
-7.7,1,19,3,8,3,1.45,0.89,0.9933333333333332
31.2,2,20,3,8,3,0.33,0.31,1.0516666666666665
20.2,2,22,3,8,3,1.71,1.93,1.0533333333333335
4.2,1,22,3,8,3,1.97,0.72,1.0345833333333334
38.8,4,22,3,8,3,0.27,1.13,1.0666666666666667
5.7,4,23,3,8,3,1.9,0.42,1.0791666666666666
-6.8,4,0,4,8,4,0.72,1.17,1.08375
14.5,4,2,4,8,4,1.28,0.4,1.1370833333333332
23.5,4,3,4,8,4,1.68,1.33,1.1404166666666666
36.7,3,4,4,8,4,1.41,0.93,1.1158333333333335
38.6,5,4,4,8,4,0.34,1.33,1.1079166666666667
1.6,5,5,4,8,4,1.14,0.88,1.1020833333333333
8.3,1,5,4,8,4,0.74,1.87,1.0929166666666668
11.7,4,6,4,8,4,1.65,1.63,1.0704166666666668
24.7,1,6,4,8,4,1.09,0.51,1.11875
24.2,1,6,4,8,4,1.67,1.26,1.1229166666666668
2.3,4,6,4,8,4,1.36,0.32,1.19125
32.1,3,8,4,8,4,1.96,1.91,1.12625
-4.9,2,10,4,8,4,0.35,0.32,1.1225
-6.8,5,10,4,8,4,0.23,1.32,1.14125
14.0,3,11,4,8,4,1.77,1.68,1.14125
23.5,1,13,4,8,4,1.68,0.27,1.1808333333333334
23.6,1,14,4,8,4,1.22,0.42,1.2204166666666667
3.3,4,14,4,8,4,1.37,1.45,1.1866666666666668
6.7,4,15,4,8,4,0.64,0.33,1.2279166666666668
5.3,3,15,4,8,4,1.32,1.71,1.1725
-5.7,1,17,4,8,4,0.38,1.97,1.1704166666666664
22.3,2,19,4,8,4,1.92,0.27,1.16875
28.3,2,19,4,8,4,0.23,1.9,1.1120833333333333
20.6,3,19,4,8,4,0.54,0.72,1.165
17.6,2,20,4,8,4,1.99,1.28,1.16375
6.9,3,20,4,8,4,1.25,1.68,1.17375
15.1,5,20,4,8,4,1.92,1.41,1.1870833333333333
6.7,1,23,4,8,4,1.73,0.34,1.2108333333333332
18.9,4,23,4,8,4,0.91,1.14,1.2270833333333333
23.6,5,23,4,8,4,1.53,0.74,1.2045833333333333
37.7,3,2,5,8,5,0.2,1.65,1.1916666666666667
8.2,2,2,5,8,5,1.34,1.09,1.2091666666666667
-5.0,2,5,5,8,5,1.51,1.67,1.1541666666666668
26.9,3,6,5,8,5,0.35,1.36,1.1733333333333336
34.3,5,8,5,8,5,1.82,1.96,1.1691666666666667
6.5,4,8,5,8,5,1.86,0.35,1.2045833333333333
0.1,2,10,5,8,5,1.2,0.23,1.2383333333333333
32.1,1,10,5,8,5,1.04,1.77,1.2233333333333334
-0.7,2,11,5,8,5,1.41,1.68,1.215
10.7,2,11,5,8,5,1.48,1.22,1.2125000000000001
19.2,3,15,5,8,5,1.16,1.37,1.1791666666666667
14.7,2,16,5,8,5,0.57,0.64,1.2129166666666666
11.3,5,16,5,8,5,1.45,1.32,1.1804166666666667
23.6,1,18,5,8,5,0.54,0.38,1.2141666666666666
36.6,4,19,5,8,5,1.19,1.92,1.15625
-3.8,5,19,5,8,5,0.53,0.23,1.1783333333333335
9.7,5,21,5,8,5,0.76,0.54,1.1904166666666667
-6.0,2,21,5,8,5,0.83,1.99,1.1895833333333334
-6.5,2,23,5,8,5,1.97,1.25,1.1533333333333333
33.5,3,23,5,8,5,0.38,1.92,1.0833333333333333
27.6,1,23,5,8,5,0.24,1.73,1.0366666666666668
-1.4,5,0,6,8,6,0.61,0.91,1.0225000000000002
37.5,2,2,6,8,6,0.57,1.53,1.0304166666666668
-6.9,3,4,6,8,6,1.72,0.2,1.0795833333333333
20.7,5,4,6,8,6,1.38,1.34,1.0491666666666666
-1.4,4,7,6,8,6,0.61,1.51,1.0066666666666666
7.5,4,7,6,8,6,0.49,0.35,1.0216666666666667
26.1,5,10,6,8,6,0.71,1.82,0.9858333333333333
38.5,4,10,6,8,6,0.96,1.86,0.9333333333333332
24.0,4,11,6,8,6,0.6,1.2,0.9145833333333333
17.5,5,12,6,8,6,0.75,1.04,0.88375
6.1,1,12,6,8,6,0.3,1.41,0.8745833333333333
19.6,2,12,6,8,6,1.19,1.48,0.8720833333333333
2.7,3,15,6,8,6,1.42,1.16,0.8516666666666666
-1.1,3,15,6,8,6,0.67,0.57,0.8933333333333332
14.1,3,16,6,8,6,1.57,1.45,0.8683333333333333
18.7,2,16,6,8,6,0.85,0.54,0.91
26.9,2,18,6,8,6,1.54,1.19,0.8695833333333334
5.4,1,18,6,8,6,0.22,0.53,0.9254166666666666
-3.2,3,19,6,8,6,1.87,0.76,0.90375
2.8,3,20,6,8,6,0.24,0.83,0.8775
29.2,3,21,6,8,6,0.2,1.97,0.8741666666666666
29.1,2,21,6,8,6,1.89,0.38,0.9195833333333333
26.6,1,21,6,8,6,1.47,0.24,0.9891666666666666
-2.2,2,22,6,8,6,1.91,0.61,1.02
14.8,1,0,7,8,0,1.35,0.57,1.0379166666666666
14.5,5,0,7,8,0,1.0,1.72,0.98375
-0.7,2,3,7,8,0,0.42,1.38,0.9683333333333334
13.9,2,5,7,8,0,1.01,0.61,0.9595833333333333
-7.8,4,8,7,8,0,0.4,0.49,1.0179166666666666
3.4,1,10,7,8,0,1.89,0.71,0.9983333333333332
23.1,5,10,7,8,0,0.24,0.96,1.0183333333333333
16.4,1,10,7,8,0,1.44,0.6,1.0479166666666666
18.9,1,11,7,8,0,1.31,0.75,1.0291666666666666
21.6,1,11,7,8,0,0.3,0.3,1.03875
34.9,3,11,7,8,0,0.53,1.19,1.0658333333333334
13.5,2,12,7,8,0,1.84,1.42,1.0645833333333334
28.3,4,12,7,8,0,1.39,0.67,1.1058333333333334
10.9,1,12,7,8,0,1.66,1.57,1.0858333333333334
4.8,1,17,7,8,0,1.09,0.85,1.1295833333333334
-6.3,4,17,7,8,0,1.9,1.54,1.1145833333333333
30.0,5,19,7,8,0,1.18,0.22,1.17875
15.2,1,19,7,8,0,1.76,1.87,1.1225
-8.6,1,22,7,8,0,0.52,0.24,1.1449999999999998
36.2,2,0,8,8,1,0.78,0.2,1.14625
4.8,5,0,8,8,1,0.23,1.89,1.0825
26.3,1,1,8,8,1,0.36,1.47,1.10125
36.3,2,3,8,8,1,1.92,1.91,1.06375
34.0,3,3,8,8,1,1.01,1.35,1.085
23.8,2,4,8,8,1,1.86,1.0,1.0687499999999999
7.4,2,7,8,8,1,0.61,0.42,1.0625
21.6,2,7,8,8,1,0.27,1.01,1.0754166666666667
36.5,5,8,8,8,1,1.32,0.4,1.0691666666666666
29.3,3,9,8,8,1,0.25,1.89,1.06375
38.4,5,10,8,8,1,1.76,0.24,1.0858333333333334
11.6,4,14,8,8,1,0.77,1.44,1.0379166666666666
5.9,4,15,8,8,1,0.29,1.31,1.0216666666666667
15.1,1,16,8,8,1,0.92,0.3,1.0504166666666668
19.7,3,17,8,8,1,0.99,0.53,1.06125
7.6,3,17,8,8,1,0.79,1.84,1.065
18.0,1,18,8,8,1,1.93,1.39,1.0616666666666668
23.2,4,18,8,8,1,1.31,1.66,1.05625
5.9,1,18,8,8,1,1.53,1.09,1.0716666666666665
1.2,2,18,8,8,1,1.46,1.9,1.0395833333333333
-0.9,2,18,8,8,1,1.13,1.18,1.0183333333333333
32.3,5,20,8,8,1,0.67,1.76,0.9641666666666667
-2.3,2,20,8,8,1,0.46,0.52,1.0095833333333333
21.1,4,21,8,8,1,1.61,0.78,1.0258333333333334
3.4,4,21,8,8,1,1.17,0.23,1.0708333333333335
25.4,3,23,8,8,1,1.31,0.36,1.12875
39.6,3,1,9,8,2,1.75,1.92,1.1320833333333333
3.4,4,2,9,8,2,2.0,1.01,1.1458333333333333
9.3,1,2,9,8,2,1.34,1.86,1.1445833333333333
-5.2,4,3,9,8,2,1.83,0.61,1.1566666666666667
3.0,4,4,9,8,2,0.9,0.27,1.2141666666666666
14.2,5,4,9,8,2,1.65,1.32,1.2066666666666668
0.0,3,5,9,8,2,1.14,0.25,1.2729166666666667
-2.9,3,5,9,8,2,1.84,1.76,1.2416666666666665
13.6,5,5,9,8,2,1.01,0.77,1.2308333333333332
2.3,1,6,9,8,2,0.51,0.29,1.2970833333333334
12.5,3,7,9,8,2,1.88,0.92,1.27375
4.2,5,9,9,8,2,0.36,0.99,1.2449999999999999
-3.1,5,10,9,8,2,0.3,0.79,1.23375
0.9,2,11,9,8,2,0.52,1.93,1.2183333333333335
-4.8,4,15,9,8,2,1.56,1.31,1.2466666666666666
-9.6,4,20,9,8,2,1.99,1.53,1.2341666666666666
-7.1,2,20,9,8,2,1.23,1.46,1.2275
4.6,2,20,9,8,2,1.3,1.13,1.2583333333333335
2.0,5,21,9,8,2,1.87,0.67,1.3099999999999998
13.0,1,22,9,8,2,1.91,0.46,1.3591666666666666
38.4,4,22,9,8,2,1.64,1.61,1.3366666666666667
15.0,4,1,10,8,3,1.07,1.17,1.3325
2.1,5,6,10,8,3,1.07,1.31,1.3054166666666667
3.3,5,7,10,8,3,0.66,1.75,1.3099999999999998
30.0,4,8,10,8,3,1.86,2.0,1.2883333333333333
-3.2,2,8,10,8,3,1.48,1.34,1.2579166666666666
-4.5,2,8,10,8,3,0.61,1.83,1.1925000000000001
-4.0,1,9,10,8,3,0.26,0.9,1.20625
-8.9,1,9,10,8,3,1.23,1.65,1.17625
2.0,1,10,10,8,3,0.93,1.14,1.1533333333333333
32.4,1,11,10,8,3,0.59,1.84,1.1170833333333332
3.0,2,11,10,8,3,0.97,1.01,1.13375
5.7,5,12,10,8,3,1.41,0.51,1.15625
25.9,5,13,10,8,3,1.05,1.88,1.0962500000000002
-9.5,5,14,10,8,3,0.44,0.36,1.1408333333333334
-7.3,3,14,10,8,3,1.43,0.3,1.2025
36.5,2,15,10,8,3,1.78,0.52,1.2333333333333334
38.9,1,20,10,8,3,1.26,1.56,1.1808333333333334
24.9,5,20,10,8,3,0.3,1.99,1.12125
-1.0,4,20,10,8,3,0.56,1.23,1.1370833333333332
39.7,5,22,10,8,3,1.61,1.3,1.1145833333333333
28.7,5,22,10,8,3,0.76,1.87,1.1008333333333333
-7.0,3,22,10,8,3,1.54,1.91,1.0670833333333334
16.8,3,0,11,8,4,1.1,1.64,1.0770833333333334
28.4,4,3,11,8,4,1.88,1.07,1.0920833333333333
23.0,4,3,11,8,4,1.43,1.07,1.0991666666666668
-2.4,2,3,11,8,4,1.24,0.66,1.0908333333333333
23.8,5,3,11,8,4,0.46,1.86,1.0641666666666667
14.8,5,4,11,8,4,1.22,1.48,1.075
4.6,1,5,11,8,4,1.74,0.61,1.1158333333333335
34.6,5,7,11,8,4,1.59,0.26,1.1754166666666668
5.8,1,7,11,8,4,1.69,1.23,1.165
-5.4,2,8,11,8,4,0.98,0.93,1.18875
24.7,5,8,11,8,4,1.5,0.59,1.2454166666666666
11.3,2,11,11,8,4,1.95,0.97,1.2558333333333334
39.0,1,13,11,8,4,1.22,1.41,1.23875
25.3,3,14,11,8,4,1.0,1.05,1.21875
5.6,3,14,11,8,4,0.57,0.44,1.2633333333333334
10.7,2,14,11,8,4,1.51,1.43,1.265
32.8,5,14,11,8,4,1.47,1.78,1.27375
2.2,4,15,11,8,4,1.99,1.26,1.29125
-1.9,4,16,11,8,4,1.68,0.3,1.2883333333333333
-8.9,1,17,11,8,4,0.23,0.56,1.31
18.2,1,19,11,8,4,1.08,1.61,1.3041666666666667
11.2,1,19,11,8,4,1.47,0.76,1.2941666666666667
8.8,5,19,11,8,4,0.52,1.54,1.3062500000000001
20.2,1,20,11,8,4,1.83,1.1,1.2833333333333334
19.5,1,22,11,8,4,0.55,1.88,1.2491666666666668
27.6,5,22,11,8,4,1.06,1.43,1.2125000000000001
-5.8,5,22,11,8,4,0.55,1.24,1.2133333333333332
28.3,4,23,11,8,4,1.26,0.46,1.2183333333333335
-8.0,2,23,11,8,4,0.58,1.22,1.2375
17.2,4,23,11,8,4,1.68,1.74,1.2054166666666666
38.7,5,1,12,8,5,0.97,1.59,1.1970833333333333
-0.7,1,2,12,8,5,1.39,1.69,1.1616666666666666
0.8,4,4,12,8,5,0.84,0.98,1.135
-1.6,2,4,12,8,5,0.34,1.5,1.1508333333333332
20.4,3,4,12,8,5,1.88,1.95,1.0954166666666667
-7.9,3,5,12,8,5,0.62,1.22,1.1183333333333334
31.6,5,6,12,8,5,1.77,1.0,1.1308333333333334
20.5,5,6,12,8,5,1.3,0.57,1.15875
36.8,4,7,12,8,5,1.24,1.51,1.1058333333333332
-3.7,1,10,12,8,5,0.24,1.47,1.0583333333333333
39.4,4,13,12,8,5,0.33,1.99,1.0329166666666667
12.2,4,16,12,8,5,1.38,1.68,1.0216666666666667
17.6,4,16,12,8,5,1.41,0.23,1.0245833333333334
14.3,4,16,12,8,5,0.3,1.08,1.05125
-8.3,5,18,12,8,5,1.72,1.47,1.0441666666666667
32.9,2,19,12,8,5,1.3,0.52,1.0958333333333334
-2.7,3,20,12,8,5,1.76,1.83,1.0625
17.9,2,22,12,8,5,1.03,0.55,1.0929166666666665
13.8,1,23,12,8,5,1.28,1.06,1.0916666666666666
27.8,5,23,12,8,5,1.03,0.55,1.0925
33.6,4,1,13,8,6,0.57,1.26,1.0591666666666668
39.9,1,3,13,8,6,0.46,0.58,1.1145833333333333
1.0,1,3,13,8,6,1.91,1.68,1.11875
32.0,5,4,13,8,6,1.78,0.97,1.13625
20.4,2,5,13,8,6,1.39,1.39,1.1320833333333333
13.4,3,6,13,8,6,1.29,0.84,1.1141666666666665
-4.7,4,7,13,8,6,0.41,0.34,1.135
-4.2,5,8,13,8,6,0.84,1.88,1.0841666666666667
20.8,3,9,13,8,6,0.66,0.62,1.1220833333333333
17.1,1,10,13,8,6,1.53,1.77,1.1145833333333333
-3.3,2,10,13,8,6,1.59,1.3,1.0879166666666666
6.5,3,11,13,8,6,0.66,1.24,1.0675000000000001
25.8,3,11,13,8,6,0.75,0.24,1.1341666666666665
6.7,1,12,13,8,6,1.84,0.33,1.1387500000000002
24.7,3,13,13,8,6,0.44,1.38,1.1229166666666666
29.5,1,14,13,8,6,1.0,1.41,1.0804166666666666
19.9,2,15,13,8,6,0.39,0.3,1.135
13.4,4,15,13,8,6,1.61,1.72,1.11875
21.7,1,18,13,8,6,1.33,1.3,1.0866666666666667
-1.4,4,18,13,8,6,0.53,1.76,1.0725
3.3,2,18,13,8,6,1.42,1.03,1.0779166666666666
3.2,3,19,13,8,6,1.16,1.28,1.0879166666666669
18.4,2,20,13,8,6,1.52,1.03,1.055
36.3,1,21,13,8,6,0.24,0.57,1.10375
15.1,5,23,13,8,6,1.74,0.46,1.1354166666666667
-3.9,3,23,13,8,6,1.22,1.91,1.0704166666666666
34.5,1,0,14,8,0,0.35,1.78,1.02
11.2,2,0,14,8,0,0.57,1.39,1.0404166666666668
38.8,1,1,14,8,0,1.88,1.29,0.9966666666666667
13.7,2,4,14,8,0,0.24,0.41,1.0337500000000002
29.8,4,4,14,8,0,1.3,0.84,1.0545833333333334
-4.7,4,6,14,8,0,1.34,0.66,1.0520833333333333
-7.4,3,6,14,8,0,0.6,1.53,1.0033333333333334
18.0,4,7,14,8,0,0.36,1.59,0.9683333333333334
33.2,4,10,14,8,0,0.75,0.66,0.9508333333333333
22.7,3,11,14,8,0,0.24,0.75,0.9375
9.4,3,12,14,8,0,0.43,1.84,0.9029166666666667
13.0,2,13,14,8,0,1.01,0.44,0.9562499999999999
36.2,1,14,14,8,0,1.72,1.0,0.9629166666666666
21.8,2,16,14,8,0,1.16,0.39,1.0199999999999998
37.1,4,19,14,8,0,1.76,1.61,0.9941666666666666
34.8,1,19,14,8,0,0.99,1.33,0.9495833333333333
5.9,1,20,14,8,0,0.26,0.53,0.9670833333333334
27.6,3,20,14,8,0,0.95,1.42,0.9774999999999999
26.1,5,22,14,8,0,1.67,1.16,0.9529166666666665
30.5,1,22,14,8,0,0.57,1.52,0.9620833333333332
11.5,1,23,14,8,0,1.74,0.24,0.9779166666666667
5.0,5,0,15,8,1,0.62,1.74,0.9662499999999999
9.5,1,1,15,8,1,1.46,1.22,0.9379166666666666
-0.7,3,1,15,8,1,0.54,0.35,0.9437500000000001
-5.2,5,2,15,8,1,0.49,0.57,0.9733333333333333
27.4,2,2,15,8,1,1.28,1.88,0.9670833333333332
-3.6,4,3,15,8,1,1.73,0.24,0.9654166666666666
29.5,4,3,15,8,1,0.2,1.3,0.9416666666666665
18.4,4,5,15,8,1,0.73,1.34,0.9433333333333334
19.5,5,6,15,8,1,1.38,0.6,0.96875
28.1,1,6,15,8,1,1.21,0.36,0.9720833333333333
34.4,4,7,15,8,1,0.44,0.75,0.9570833333333333
12.6,4,7,15,8,1,0.39,0.24,0.98375
28.9,4,8,15,8,1,0.88,0.43,1.0
18.8,2,9,15,8,1,0.82,1.01,0.9754166666666665
10.6,4,10,15,8,1,0.42,1.72,0.9716666666666667
19.7,4,12,15,8,1,1.63,1.16,0.9854166666666666
-8.7,2,12,15,8,1,1.49,1.76,0.9629166666666666
29.7,5,12,15,8,1,1.22,0.99,0.9916666666666667
32.6,1,13,15,8,1,1.68,0.26,0.9958333333333332
-0.4,5,13,15,8,1,0.36,0.95,1.02375
7.9,1,13,15,8,1,1.62,1.67,0.9829166666666667
20.6,5,14,15,8,1,0.69,0.57,1.0370833333333334
13.1,4,14,15,8,1,1.87,1.74,1.0433333333333332
11.1,5,15,15,8,1,1.89,0.62,1.0375
-7.8,1,15,15,8,1,0.48,1.46,1.0570833333333334
29.6,4,16,15,8,1,1.93,0.54,1.0458333333333334
3.0,2,16,15,8,1,0.27,0.49,1.0408333333333333
-9.7,5,18,15,8,1,0.37,1.28,1.06625
7.9,1,19,15,8,1,1.89,1.73,1.0733333333333335
38.0,1,19,15,8,1,1.9,0.2,1.1333333333333333
33.3,3,21,15,8,1,1.64,0.73,1.1191666666666666
22.9,1,21,15,8,1,0.39,1.38,1.1054166666666665
-4.9,3,22,15,8,1,1.05,1.21,1.07
3.7,1,22,15,8,1,0.36,0.44,1.0866666666666667
23.9,1,23,15,8,1,0.84,0.39,1.1233333333333333
16.1,2,0,16,8,2,1.27,0.88,1.12875
35.5,5,0,16,8,2,1.01,0.82,1.1675
15.4,2,2,16,8,2,1.75,0.42,1.215
-7.2,5,3,16,8,2,1.56,1.63,1.1720833333333334
22.9,3,3,16,8,2,0.6,1.49,1.1520833333333333
5.7,5,3,16,8,2,1.01,1.22,1.1425
-3.8,2,4,16,8,2,0.99,1.68,1.0887499999999999
-3.5,4,4,16,8,2,0.39,0.36,1.1158333333333332
27.5,5,4,16,8,2,1.01,1.62,1.115
19.1,1,4,16,8,2,1.6,0.69,1.1245833333333335
13.8,5,5,16,8,2,0.92,1.87,1.0779166666666666
33.0,4,5,16,8,2,0.75,1.89,1.0433333333333332
-1.3,2,7,16,8,2,1.06,0.48,1.0429166666666665
17.3,5,8,16,8,2,0.47,1.93,1.0191666666666666
35.9,5,9,16,8,2,1.36,0.27,1.0170833333333333
32.2,5,10,16,8,2,0.22,0.37,1.0495833333333333
-2.9,1,11,16,8,2,1.15,1.89,1.0125
14.0,3,12,16,8,2,1.0,1.9,0.9508333333333333
13.1,1,13,16,8,2,0.42,1.64,0.9554166666666668
32.9,1,13,16,8,2,1.75,0.39,0.9716666666666667
26.2,5,14,16,8,2,0.78,1.05,0.9695833333333334
0.5,5,16,16,8,2,1.0,0.36,1.0004166666666667
6.9,1,16,16,8,2,1.1,0.84,1.0158333333333334
5.3,4,18,16,8,2,1.21,1.27,0.9845833333333335
21.0,3,19,16,8,2,0.52,1.01,1.0216666666666667
9.2,2,23,16,8,2,1.9,1.75,0.9645833333333332
16.9,5,23,16,8,2,0.38,1.56,0.97625
20.7,3,0,17,8,3,1.84,0.6,1.0195833333333333
26.0,2,0,17,8,3,1.64,1.01,1.0145833333333334
26.6,3,1,17,8,3,0.89,0.99,1.0
24.3,4,4,17,8,3,0.64,0.39,1.0583333333333333
39.9,3,4,17,8,3,1.79,1.01,1.0425000000000002
-4.4,4,5,17,8,3,0.63,1.6,1.05
-0.4,5,6,17,8,3,1.78,0.92,1.0895833333333333
36.8,1,7,17,8,3,1.87,0.75,1.0829166666666665
28.8,2,7,17,8,3,0.59,1.06,1.1025
-3.1,3,7,17,8,3,1.53,0.47,1.145
25.5,3,9,17,8,3,1.49,1.36,1.1075000000000002
26.4,3,11,17,8,3,0.46,0.22,1.1233333333333333
12.7,5,11,17,8,3,0.6,1.15,1.1241666666666668
17.8,5,12,17,8,3,1.17,1.0,1.1229166666666666
1.3,3,14,17,8,3,0.97,0.42,1.1745833333333333
-9.5,2,16,17,8,3,1.66,1.75,1.1791666666666665
16.7,3,16,17,8,3,1.86,0.78,1.2183333333333335
18.4,1,16,17,8,3,1.72,1.0,1.1925000000000001
14.6,5,17,17,8,3,0.38,1.1,1.2245833333333334
22.6,5,19,17,8,3,1.87,1.21,1.24625
-4.5,1,20,17,8,3,1.73,0.52,1.28375
-4.9,3,22,17,8,3,1.42,1.9,1.2504166666666667
12.5,4,23,17,8,3,1.1,0.38,1.2933333333333334
5.7,1,23,17,8,3,1.41,1.84,1.2416666666666667
-8.9,1,23,17,8,3,0.6,1.64,1.21875
1.6,3,0,18,8,4,1.09,0.89,1.2591666666666668
26.9,3,1,18,8,4,1.86,0.64,1.29375
30.3,5,4,18,8,4,1.47,1.79,1.2554166666666668
26.0,2,4,18,8,4,0.87,0.63,1.2525
33.5,4,4,18,8,4,0.56,1.78,1.2508333333333335
29.1,5,5,18,8,4,1.74,1.87,1.25125
26.0,3,5,18,8,4,1.88,0.59,1.2920833333333335
32.2,3,5,18,8,4,1.57,1.53,1.25375
-2.6,2,6,18,8,4,0.61,1.49,1.21625
6.3,3,6,18,8,4,0.59,0.46,1.2408333333333335
38.6,1,6,18,8,4,1.05,0.6,1.2729166666666665
7.1,4,7,18,8,4,1.37,1.17,1.3020833333333333
-5.7,5,7,18,8,4,1.87,0.97,1.2775
10.8,4,8,18,8,4,0.38,1.66,1.2779166666666668
12.0,1,9,18,8,4,1.67,1.86,1.2666666666666668
-8.7,2,10,18,8,4,1.59,1.72,1.2562499999999999
5.1,4,10,18,8,4,1.47,0.38,1.2545833333333334
0.0,2,11,18,8,4,0.34,1.87,1.2554166666666666
37.9,1,11,18,8,4,1.89,1.73,1.2291666666666667
14.5,5,13,18,8,4,1.1,1.42,1.1845833333333333
36.7,3,13,18,8,4,0.35,1.1,1.21625
21.6,2,13,18,8,4,1.86,1.41,1.1679166666666667
-7.0,3,15,18,8,4,0.25,0.6,1.2183333333333335
-6.5,1,16,18,8,4,1.81,1.09,1.2066666666666666
-5.8,4,17,18,8,4,0.81,1.86,1.1495833333333334
-0.7,4,18,18,8,4,0.49,1.47,1.1387500000000002
36.8,3,19,18,8,4,1.21,0.87,1.115
-3.4,4,19,18,8,4,0.3,0.56,1.1716666666666666
18.2,2,19,18,8,4,1.92,1.74,1.135
21.8,3,19,18,8,4,0.86,1.88,1.0791666666666666
6.0,2,20,18,8,4,0.54,1.57,1.0816666666666668
25.5,3,20,18,8,4,1.63,0.61,1.0833333333333333
28.3,5,21,18,8,4,0.65,0.59,1.0766666666666667
-6.1,1,22,18,8,4,0.43,1.05,1.11375
22.4,5,22,18,8,4,1.94,1.37,1.0908333333333335
-3.3,2,0,19,8,5,0.82,1.87,1.0891666666666666
33.3,4,0,19,8,5,1.83,0.38,1.1
9.6,3,0,19,8,5,0.64,1.67,1.0533333333333335
-3.8,2,1,19,8,5,0.55,1.59,1.0441666666666667
-4.1,5,2,19,8,5,1.37,1.47,0.9916666666666667
23.7,4,2,19,8,5,0.21,0.34,1.04875
-9.9,2,2,19,8,5,1.71,1.89,1.0225
8.0,4,3,19,8,5,1.26,1.1,1.05375
-7.6,2,4,19,8,5,1.85,0.35,1.1154166666666667
13.8,2,4,19,8,5,1.83,1.86,1.1195833333333332
32.3,2,6,19,8,5,1.96,0.25,1.1529166666666666
-9.4,5,6,19,8,5,1.05,1.81,1.1516666666666666
38.0,4,8,19,8,5,1.78,0.81,1.1316666666666666
-3.7,5,9,19,8,5,0.33,0.49,1.1841666666666666
-8.9,5,9,19,8,5,1.75,1.21,1.1675
33.3,3,10,19,8,5,0.81,0.3,1.2341666666666666
12.1,3,11,19,8,5,1.9,1.92,1.1975
37.1,4,12,19,8,5,1.04,0.86,1.24
-2.4,5,13,19,8,5,1.88,0.54,1.26625
4.5,5,14,19,8,5,1.17,1.63,1.2137499999999999
30.2,5,15,19,8,5,0.37,0.65,1.26875
0.0,4,17,19,8,5,1.97,0.43,1.29
33.2,2,18,19,8,5,0.94,1.94,1.2729166666666665
21.2,5,18,19,8,5,1.53,0.82,1.3191666666666666
4.7,2,20,19,8,5,1.93,1.83,1.315
32.1,5,21,19,8,5,1.73,0.64,1.3333333333333333
33.3,4,23,19,8,5,1.08,0.55,1.3445833333333332
25.8,4,1,20,8,6,0.82,1.37,1.3341666666666667
28.9,3,2,20,8,6,1.12,0.21,1.3595833333333334
21.2,4,3,20,8,6,0.82,1.71,1.3495833333333334
19.9,4,4,20,8,6,1.47,1.26,1.344166666666667
17.7,3,5,20,8,6,1.13,1.85,1.3316666666666668
36.8,5,6,20,8,6,1.55,1.83,1.3220833333333333
-3.4,3,7,20,8,6,1.6,1.96,1.2520833333333334
6.8,5,7,20,8,6,0.28,1.05,1.2608333333333335
-1.9,4,8,20,8,6,1.26,1.78,1.25125
27.4,5,9,20,8,6,1.55,0.33,1.2591666666666668
39.0,3,10,20,8,6,0.52,1.75,1.2270833333333335
35.2,5,10,20,8,6,0.98,0.81,1.2541666666666667
11.4,2,11,20,8,6,1.46,1.9,1.24625
-3.3,5,13,20,8,6,1.71,1.04,1.2833333333333334
13.5,1,13,20,8,6,1.93,1.88,1.2383333333333333
4.6,4,14,20,8,6,0.8,1.17,1.2658333333333334
7.4,1,18,20,8,6,1.83,0.37,1.2966666666666666
-0.1,4,19,20,8,6,1.11,1.97,1.2870833333333334
34.1,3,21,20,8,6,1.74,0.94,1.3058333333333334
2.7,2,21,20,8,6,1.39,1.53,1.3150000000000002
27.6,2,21,20,8,6,1.75,1.93,1.2675
24.8,1,21,20,8,6,0.79,1.73,1.2337500000000001
9.7,1,23,20,8,6,0.92,1.08,1.2591666666666665
20.6,3,1,21,8,0,1.69,0.82,1.2604166666666667
6.1,1,2,21,8,0,0.85,1.12,1.2758333333333334
26.7,5,2,21,8,0,1.49,0.82,1.3150000000000002
9.9,4,5,21,8,0,1.76,1.47,1.3316666666666668
16.5,4,6,21,8,0,1.87,1.13,1.3245833333333332
26.5,1,9,21,8,0,0.96,1.55,1.3308333333333333
-8.3,2,10,21,8,0,1.7,1.6,1.33125
28.0,5,10,21,8,0,1.61,0.28,1.4016666666666666
32.9,4,11,21,8,0,1.97,1.26,1.4037500000000003
3.1,4,12,21,8,0,1.31,1.55,1.36125
30.5,5,12,21,8,0,0.53,0.52,1.3787500000000001
3.6,1,12,21,8,0,0.94,0.98,1.3866666666666667
21.2,5,14,21,8,0,1.17,1.46,1.3504166666666668
16.7,4,15,21,8,0,0.59,1.71,1.3091666666666668
14.6,3,15,21,8,0,0.72,1.93,1.27875
-1.8,3,16,21,8,0,1.2,0.8,1.25875
-5.2,3,16,21,8,0,0.32,1.83,1.2166666666666668
32.3,5,16,21,8,0,0.82,1.11,1.2433333333333334
18.0,1,18,21,8,0,1.75,1.74,1.2120833333333334
9.9,2,20,21,8,0,0.99,1.39,1.1775
-5.2,1,21,21,8,0,0.56,1.75,1.1479166666666667
18.7,4,21,21,8,0,1.04,0.79,1.1783333333333335
26.5,4,21,21,8,0,1.52,0.92,1.1929166666666666
14.9,1,21,21,8,0,1.27,1.69,1.1641666666666668
30.7,4,23,21,8,0,1.0,0.85,1.1758333333333333
15.1,1,23,21,8,0,1.13,1.49,1.1245833333333335
-6.5,2,0,22,8,1,0.26,1.76,1.1108333333333333
18.0,4,1,22,8,1,1.43,1.87,1.0725
35.9,3,2,22,8,1,0.95,0.96,1.0691666666666666
4.1,5,2,22,8,1,0.88,1.7,1.0762500000000002
-0.6,5,2,22,8,1,1.87,1.61,1.0504166666666666
37.4,1,4,22,8,1,0.99,1.97,1.0429166666666667
24.2,5,4,22,8,1,1.79,1.31,1.0633333333333335
23.7,4,5,22,8,1,1.8,0.53,1.08625
5.9,2,5,22,8,1,1.08,0.94,1.0958333333333332
9.2,4,5,22,8,1,1.17,1.17,1.1033333333333333
-5.4,1,7,22,8,1,1.35,0.59,1.1508333333333334
-8.5,3,8,22,8,1,1.73,0.72,1.1345833333333333
8.9,4,8,22,8,1,0.33,1.2,1.14125
11.3,2,10,22,8,1,1.36,0.32,1.1829166666666666
1.5,5,11,22,8,1,1.32,0.82,1.2158333333333333
7.3,4,11,22,8,1,1.61,1.75,1.1641666666666666
31.7,3,16,22,8,1,0.51,0.99,1.1366666666666667
29.3,3,17,22,8,1,0.33,0.56,1.1900000000000002
1.5,2,17,22,8,1,1.84,1.04,1.2016666666666667
7.6,3,19,22,8,1,1.32,1.52,1.1995833333333332
31.8,3,21,22,8,1,1.47,1.27,1.1608333333333334
29.0,5,22,22,8,1,0.34,1.0,1.1629166666666666
17.8,1,23,22,8,1,1.05,1.13,1.13375
31.5,1,23,22,8,1,0.43,0.26,1.13625
-6.9,2,23,22,8,1,0.32,1.43,1.1591666666666667
12.4,1,0,23,8,2,1.98,0.95,1.1770833333333333
12.3,4,1,23,8,2,1.38,0.88,1.1700000000000002
27.7,4,2,23,8,2,0.71,1.87,1.1491666666666667
28.7,4,3,23,8,2,1.37,0.99,1.12
31.6,2,4,23,8,2,0.29,1.79,1.0720833333333333
-1.4,1,5,23,8,2,0.64,1.8,1.0095833333333333
12.4,3,5,23,8,2,0.3,1.08,0.9841666666666667
-6.3,2,5,23,8,2,0.47,1.17,0.9625
6.3,3,6,23,8,2,0.65,1.35,0.96875
28.3,1,7,23,8,2,1.5,1.73,0.9433333333333334
39.4,2,7,23,8,2,1.12,0.33,0.9941666666666668
14.5,4,8,23,8,2,1.55,1.36,0.9729166666666665
15.4,4,11,23,8,2,0.85,1.32,0.94375
13.8,4,14,23,8,2,0.62,1.61,0.94625
0.2,1,14,23,8,2,1.67,0.51,1.0054166666666668
13.2,3,14,23,8,2,1.93,0.33,1.0333333333333334
24.4,1,16,23,8,2,1.0,1.84,0.9754166666666667
38.5,2,17,23,8,2,0.45,1.32,0.93
1.1,5,17,23,8,2,0.23,1.47,0.9091666666666667
-3.7,5,18,23,8,2,0.97,0.34,0.9562499999999999
-0.1,5,18,23,8,2,1.47,1.05,0.9704166666666666
7.8,5,18,23,8,2,1.39,0.43,1.0116666666666667
12.3,3,19,23,8,2,1.42,0.32,1.0487499999999998
26.9,1,20,23,8,2,1.21,1.98,1.0345833333333332
23.7,1,20,23,8,2,1.64,1.38,1.0275
4.2,2,0,24,8,3,1.21,0.71,1.0491666666666666
4.4,4,0,24,8,3,1.23,1.37,1.0608333333333333
-6.2,3,6,24,8,3,1.65,0.29,1.1270833333333332
35.5,3,7,24,8,3,1.88,0.64,1.1275
22.0,3,8,24,8,3,0.65,0.3,1.1629166666666666
11.2,2,8,24,8,3,1.15,0.47,1.1895833333333332
19.1,4,8,24,8,3,1.11,0.65,1.1933333333333334
3.9,1,10,24,8,3,0.74,1.5,1.1508333333333334
36.4,2,12,24,8,3,0.48,1.12,1.1870833333333333
-3.8,3,14,24,8,3,1.99,1.55,1.1520833333333333
3.5,1,14,24,8,3,0.71,0.85,1.1529166666666668
29.3,5,16,24,8,3,0.87,0.62,1.1720833333333334
31.9,3,18,24,8,3,1.08,1.67,1.1229166666666666
31.1,4,19,24,8,3,0.49,1.93,1.0887499999999999
6.3,4,20,24,8,3,1.11,1.0,1.0725
13.0,3,21,24,8,3,0.61,0.45,1.1224999999999998
-6.9,2,22,24,8,3,1.65,0.23,1.18875
25.6,1,22,24,8,3,1.82,0.97,1.23125
-0.5,2,22,24,8,3,1.99,1.47,1.2491666666666668
23.3,2,0,25,8,4,1.9,1.39,1.2175
3.2,3,0,25,8,4,0.63,1.42,1.2033333333333334
-1.5,3,3,25,8,4,1.08,1.21,1.19625
13.0,1,5,25,8,4,1.04,1.64,1.1770833333333333
24.2,3,6,25,8,4,1.18,1.21,1.1733333333333333
23.9,5,6,25,8,4,1.12,1.23,1.14125
15.6,2,7,25,8,4,0.46,1.65,1.1433333333333333
37.6,4,7,25,8,4,1.7,1.88,1.0970833333333334
34.1,2,11,25,8,4,0.77,0.65,1.1358333333333333
-1.2,3,11,25,8,4,1.58,1.15,1.14
-0.5,4,13,25,8,4,1.25,1.11,1.1416666666666668
36.9,1,15,25,8,4,1.15,0.74,1.1416666666666666
5.6,2,16,25,8,4,0.74,0.48,1.17625
23.3,1,17,25,8,4,1.31,1.99,1.1479166666666667
1.2,3,18,25,8,4,1.31,0.71,1.1779166666666667
19.7,4,18,25,8,4,1.43,0.87,1.1870833333333333
-5.3,2,18,25,8,4,1.09,1.08,1.2145833333333333
23.5,2,20,25,8,4,1.74,0.49,1.2391666666666665
39.7,4,21,25,8,4,1.08,1.11,1.2245833333333334
-8.0,2,22,25,8,4,0.76,0.61,1.2420833333333332
9.4,4,22,25,8,4,1.03,1.65,1.2404166666666667
-9.7,5,22,25,8,4,1.61,1.82,1.195
34.7,1,22,25,8,4,0.73,1.99,1.1345833333333333
26.3,2,23,25,8,4,0.54,1.9,1.0883333333333334
-5.1,2,0,26,8,5,0.79,0.63,1.09
20.5,5,2,26,8,5,0.67,1.08,1.1145833333333333
33.0,3,3,26,8,5,1.67,1.04,1.1391666666666667
12.9,1,4,26,8,5,1.63,1.18,1.1420833333333333
18.3,3,5,26,8,5,1.25,1.12,1.1566666666666665
-7.0,4,6,26,8,5,1.47,0.46,1.1758333333333333
34.4,1,6,26,8,5,0.92,1.7,1.1691666666666667
10.7,3,6,26,8,5,1.54,0.77,1.17
37.2,1,7,26,8,5,0.79,1.58,1.1541666666666668
16.1,4,8,26,8,5,1.2,1.25,1.1733333333333333
22.6,4,9,26,8,5,1.71,1.15,1.1404166666666666
14.4,1,10,26,8,5,0.36,0.74,1.1454166666666667
-2.3,5,12,26,8,5,0.86,1.31,1.1316666666666666
7.1,4,13,26,8,5,0.98,1.31,1.1016666666666668
33.2,1,14,26,8,5,0.59,1.43,1.0758333333333334
21.7,1,15,26,8,5,0.81,1.09,1.06
21.9,3,15,26,8,5,0.71,1.74,0.9970833333333334
0.6,3,15,26,8,5,0.23,1.08,0.9874999999999999
39.4,5,16,26,8,5,0.85,0.76,0.9816666666666666
35.3,4,20,26,8,5,0.62,1.03,0.9583333333333334
0.7,2,20,26,8,5,0.47,1.61,0.9058333333333334
24.7,3,21,26,8,5,0.35,0.73,0.9562500000000002
22.3,4,21,26,8,5,1.94,0.54,0.9470833333333332
19.6,3,21,26,8,5,0.32,0.79,0.9587499999999999
6.7,2,0,27,8,6,1.07,0.67,0.9579166666666667
19.9,2,0,27,8,6,0.65,1.67,0.9408333333333333
36.8,4,2,27,8,6,1.26,1.63,0.9441666666666667
3.1,4,4,27,8,6,1.71,1.25,0.935
39.5,3,5,27,8,6,1.03,1.47,0.8916666666666667
21.7,4,7,27,8,6,0.43,0.92,0.87875
24.8,1,7,27,8,6,0.61,1.54,0.8854166666666666
10.9,1,9,27,8,6,1.7,0.79,0.8666666666666667
30.8,2,9,27,8,6,0.34,1.2,0.8666666666666666
28.7,4,11,27,8,6,1.2,1.71,0.8491666666666667
18.5,5,13,27,8,6,1.29,0.36,0.8483333333333333
36.9,3,13,27,8,6,0.34,0.86,0.8262499999999999
-4.3,1,15,27,8,6,0.33,0.98,0.8483333333333333
0.6,5,15,27,8,6,1.51,0.59,0.8649999999999999
4.6,2,19,27,8,6,0.99,0.81,0.8466666666666667
35.3,3,21,27,8,6,0.37,0.71,0.8675
22.3,2,22,27,8,6,1.21,0.23,0.9266666666666666
-7.4,4,1,28,8,0,1.65,0.85,0.9270833333333334
24.6,3,1,28,8,0,0.86,0.62,0.93
-5.8,1,2,28,8,0,0.69,0.47,0.9508333333333333
33.5,3,3,28,8,0,0.97,0.35,0.9804166666666667
22.2,1,5,28,8,0,1.06,1.94,0.9191666666666668
31.6,4,7,28,8,0,0.47,0.32,0.9308333333333335
25.0,3,7,28,8,0,0.6,1.07,0.9245833333333334
28.4,5,7,28,8,0,0.92,0.65,0.96
37.6,1,8,28,8,0,1.5,1.26,0.9354166666666668
13.6,1,9,28,8,0,0.67,1.71,0.9433333333333334
23.2,5,10,28,8,0,1.9,1.03,0.9391666666666666
24.7,1,10,28,8,0,0.93,0.43,0.9391666666666666
20.7,4,11,28,8,0,0.43,0.61,0.965
22.2,5,17,28,8,0,1.23,1.7,0.93125
2.4,1,19,28,8,0,0.89,0.34,0.9320833333333334
29.9,1,20,28,8,0,0.36,1.2,0.9650000000000002
22.2,1,21,28,8,0,1.99,1.29,0.98625
21.3,4,22,28,8,0,1.8,0.34,0.9954166666666667
-1.2,4,23,28,8,0,0.56,0.33,1.0208333333333333
28.2,1,23,28,8,0,0.94,1.51,0.9679166666666666
24.5,1,23,28,8,0,0.24,0.99,0.9987500000000001
4.1,5,1,29,8,1,1.73,0.37,1.05125
1.2,2,3,29,8,1,1.63,1.21,1.0320833333333332
37.3,5,3,29,8,1,0.75,1.65,0.9841666666666667
23.6,1,4,29,8,1,0.5,0.86,0.9616666666666668
2.4,4,6,29,8,1,0.32,0.69,0.9829166666666667
31.4,3,7,29,8,1,1.2,0.97,0.9841666666666667
38.5,1,8,29,8,1,1.0,1.06,0.9795833333333333
32.1,1,8,29,8,1,0.95,0.47,1.03
-2.2,2,9,29,8,1,1.68,0.6,1.0808333333333333
4.0,1,9,29,8,1,1.82,0.92,1.1166666666666667
35.3,3,9,29,8,1,1.78,1.5,1.1254166666666667
36.9,3,9,29,8,1,1.71,0.67,1.1620833333333331
17.2,1,9,29,8,1,1.55,1.9,1.1170833333333332
9.7,1,10,29,8,1,0.82,0.93,1.0958333333333334
4.7,5,10,29,8,1,0.42,0.43,1.0870833333333334
27.6,2,10,29,8,1,0.22,1.23,1.0808333333333333
38.7,3,11,29,8,1,1.08,0.89,1.1270833333333334
7.4,3,11,29,8,1,2.0,0.36,1.1420833333333333
19.6,2,12,29,8,1,0.72,1.99,1.0775000000000001
10.4,1,12,29,8,1,0.44,1.8,1.0183333333333333
18.1,3,13,29,8,1,0.38,0.56,1.0525
21.0,5,13,29,8,1,1.38,0.94,1.05125
-0.4,5,14,29,8,1,0.91,0.24,1.0558333333333334
11.0,4,14,29,8,1,0.35,1.73,1.0504166666666666
22.0,5,14,29,8,1,1.6,1.63,1.0079166666666668
6.7,4,17,29,8,1,0.61,0.75,0.9937499999999999
24.1,3,17,29,8,1,0.41,0.5,1.01125
28.0,1,18,29,8,1,0.92,0.32,1.0279166666666666
3.2,2,19,29,8,1,0.72,1.2,0.9970833333333333
24.5,2,19,29,8,1,0.46,1.0,1.02125
6.7,1,20,29,8,1,1.58,0.95,1.0008333333333332
37.2,3,21,29,8,1,0.46,1.68,0.9454166666666667
17.7,2,21,29,8,1,0.35,1.82,0.9295833333333334
12.9,5,21,29,8,1,1.44,1.78,0.8933333333333334
-1.9,3,23,29,8,1,0.91,1.71,0.8562499999999998
34.0,4,23,29,8,1,0.82,1.55,0.85125
20.0,2,0,30,8,2,1.43,0.82,0.8358333333333334
15.8,1,0,30,8,2,0.45,0.42,0.8854166666666666
9.6,3,3,30,8,2,1.61,0.22,0.9325000000000001
8.0,3,3,30,8,2,1.35,1.08,0.9554166666666667
-3.7,3,5,30,8,2,1.63,2.0,0.8879166666666666
2.1,2,6,30,8,2,0.38,0.72,0.9154166666666667
13.8,3,7,30,8,2,1.38,0.44,0.9466666666666667
-8.5,5,8,30,8,2,1.19,0.38,0.9575
35.4,2,9,30,8,2,0.64,1.38,0.9575
39.8,4,9,30,8,2,1.38,0.91,0.9820833333333333
11.8,4,9,30,8,2,1.5,0.35,0.9787499999999999
-7.3,3,10,30,8,2,0.27,1.6,0.9345833333333333
17.6,3,11,30,8,2,0.54,0.61,0.9924999999999998
33.7,4,12,30,8,2,2.0,0.41,1.0245833333333334
26.7,1,12,30,8,2,1.18,0.92,0.9987499999999999
2.2,1,13,30,8,2,0.3,0.72,1.0275
1.8,2,15,30,8,2,1.41,0.46,1.0620833333333333
25.0,1,20,30,8,2,1.29,1.58,1.0725
20.1,3,20,30,8,2,1.83,0.46,1.0904166666666668
39.9,3,22,30,8,2,0.89,0.35,1.1095833333333334
11.0,5,22,30,8,2,0.81,1.44,1.095
4.2,4,23,30,8,2,1.09,0.91,1.1395833333333332
27.0,1,23,30,8,2,1.98,0.82,1.18375
30.6,1,1,31,8,3,1.88,1.43,1.16875
16.8,1,4,31,8,3,1.07,0.45,1.1995833333333332
11.7,4,6,31,8,3,1.19,1.61,1.20125
24.7,2,7,31,8,3,1.65,1.35,1.2095833333333332
-0.1,2,8,31,8,3,1.55,1.63,1.2070833333333333
25.5,5,8,31,8,3,1.57,0.38,1.2379166666666668
24.8,5,9,31,8,3,1.12,1.38,1.2504166666666667
19.2,4,9,31,8,3,1.68,1.19,1.2191666666666667
4.9,5,12,31,8,3,0.44,0.64,1.2341666666666666
19.1,2,12,31,8,3,1.0,1.38,1.2058333333333333
27.8,3,13,31,8,3,0.7,1.5,1.19875
36.5,5,14,31,8,3,1.33,0.27,1.25125
3.6,3,15,31,8,3,1.53,0.54,1.27125
37.8,4,15,31,8,3,1.02,2.0,1.2020833333333334
-7.8,4,15,31,8,3,0.34,1.18,1.22625
1.1,5,16,31,8,3,1.76,0.3,1.2791666666666668
1.7,2,18,31,8,3,1.57,1.41,1.2395833333333333
-7.9,1,20,31,8,3,0.46,1.29,1.2658333333333334
25.3,2,20,31,8,3,1.92,1.83,1.2191666666666667
34.2,3,20,31,8,3,0.71,0.89,1.2341666666666666
35.3,4,20,31,8,3,1.25,0.81,1.2754166666666666
15.8,1,21,31,8,3,1.8,1.09,1.2854166666666667
23.6,4,22,31,8,3,1.33,1.98,1.2154166666666668
29.4,4,1,1,9,4,0.3,1.88,1.1675000000000002
23.2,2,2,1,9,4,0.73,1.07,1.1425
2.2,2,2,1,9,4,0.47,1.19,1.1158333333333335
22.9,3,3,1,9,4,0.55,1.65,1.0570833333333334
22.6,4,3,1,9,4,0.24,1.55,1.0220833333333335
26.2,3,4,1,9,4,0.71,1.57,1.01125
17.1,1,6,1,9,4,1.31,1.12,0.9929166666666666
36.7,2,8,1,9,4,0.68,1.68,0.98875
-7.2,5,8,1,9,4,1.58,0.44,1.0508333333333333
-1.6,1,8,1,9,4,1.93,1.0,1.0629166666666665
-8.0,1,9,1,9,4,1.29,0.7,1.1058333333333332
35.3,5,10,1,9,4,1.73,1.33,1.0745833333333334
-0.1,1,11,1,9,4,0.58,1.53,1.0283333333333333
0.0,3,12,1,9,4,0.42,1.02,1.0420833333333335
-5.3,3,13,1,9,4,1.35,0.34,1.0820833333333333
28.9,1,16,1,9,4,1.3,1.76,1.0870833333333334
36.3,3,17,1,9,4,1.88,1.57,1.0399999999999998
36.0,1,17,1,9,4,0.44,0.46,1.0745833333333334
13.9,3,18,1,9,4,1.29,1.92,1.0704166666666668
5.4,1,18,1,9,4,1.82,0.71,1.1020833333333333
-4.5,4,20,1,9,4,1.47,1.25,1.0870833333333334
-5.0,3,21,1,9,4,0.89,1.8,1.0379166666666666
39.4,1,22,1,9,4,0.62,1.33,1.00125
-4.8,1,0,2,9,5,0.45,0.3,1.0345833333333332
1.8,1,1,2,9,5,1.1,0.73,1.0129166666666667
2.9,1,2,2,9,5,0.21,0.47,1.01
33.0,2,2,2,9,5,0.4,0.55,1.0129166666666667
36.3,4,5,2,9,5,0.62,0.24,1.0183333333333333
-4.1,5,5,2,9,5,0.37,0.71,1.0570833333333334
22.2,1,6,2,9,5,1.64,1.31,1.01875
29.2,5,7,2,9,5,0.39,0.68,1.0183333333333333
13.4,5,8,2,9,5,0.67,1.58,0.9824999999999999
-1.9,2,9,2,9,5,0.72,1.93,0.9187500000000001
31.6,2,10,2,9,5,0.4,1.29,0.9308333333333333
-8.7,3,10,2,9,5,1.58,1.73,0.9095833333333334
2.0,4,10,2,9,5,1.22,0.58,0.91375
9.9,2,11,2,9,5,0.68,0.42,0.9308333333333333
-0.3,4,13,2,9,5,0.83,1.35,0.9329166666666667
-6.8,4,13,2,9,5,1.4,1.3,0.93125
15.7,2,13,2,9,5,1.26,1.88,0.89125
17.3,5,14,2,9,5,0.92,0.44,0.9504166666666668
10.9,1,15,2,9,5,1.86,1.29,0.9504166666666666
31.8,1,16,2,9,5,1.29,1.82,0.91375
37.1,5,18,2,9,5,0.94,1.47,0.8758333333333334
7.5,5,18,2,9,5,0.56,0.89,0.9175
20.8,3,19,2,9,5,1.89,0.62,0.9458333333333334
8.0,1,20,2,9,5,1.3,0.45,0.9574999999999999
39.4,1,20,2,9,5,0.73,1.1,0.9679166666666666
0.5,1,20,2,9,5,1.35,0.21,0.9795833333333334
-5.3,5,21,2,9,5,0.49,0.4,1.0304166666666668
39.4,4,21,2,9,5,1.62,0.62,1.0820833333333333
14.3,4,22,2,9,5,1.86,0.37,1.1358333333333333
11.0,5,23,2,9,5,1.66,1.64,1.1470833333333332
22.4,3,23,2,9,5,1.91,0.39,1.1458333333333335
38.0,2,0,3,9,6,0.36,0.67,1.1745833333333333
-8.5,2,0,3,9,6,1.36,0.72,1.1700000000000002
16.9,2,0,3,9,6,0.61,0.4,1.22125
23.7,5,2,3,9,6,1.63,1.58,1.1991666666666667
29.3,3,3,3,9,6,1.05,1.22,1.1766666666666665
0.8,1,4,3,9,6,0.68,0.68,1.1579166666666667
26.0,1,4,3,9,6,0.23,0.83,1.19875
37.6,5,4,3,9,6,1.81,1.4,1.2025
27.2,5,4,3,9,6,1.49,1.26,1.1679166666666667
11.3,5,4,3,9,6,0.43,0.92,1.2120833333333334
24.2,1,5,3,9,6,1.98,1.86,1.19
-2.2,5,5,3,9,6,1.33,1.29,1.21625
36.3,4,5,3,9,6,1.92,0.94,1.1858333333333333
18.4,5,5,3,9,6,0.21,0.56,1.1824999999999999
-8.9,3,6,3,9,6,0.48,1.89,1.1616666666666666
15.0,5,7,3,9,6,1.39,1.3,1.14375
29.0,2,9,3,9,6,0.87,0.73,1.15625
-9.9,5,10,3,9,6,1.03,1.35,1.1183333333333334
21.1,4,10,3,9,6,0.44,0.49,1.1524999999999999
37.1,3,10,3,9,6,1.31,1.62,1.1125
-6.1,3,11,3,9,6,0.66,1.86,1.0454166666666664
-5.0,4,11,3,9,6,0.25,1.66,1.0441666666666667
28.2,3,11,3,9,6,1.63,1.91,0.9970833333333333
-8.5,1,11,3,9,6,0.78,0.36,1.0079166666666666
34.8,2,13,3,9,6,0.62,1.36,1.0199999999999998
31.7,5,14,3,9,6,1.65,0.61,1.0604166666666666
30.5,1,14,3,9,6,1.58,1.63,1.0158333333333334
-0.1,5,15,3,9,6,0.56,1.05,0.9845833333333333
-0.1,4,15,3,9,6,0.3,0.68,1.0008333333333332
-4.2,1,16,3,9,6,1.07,0.23,1.0483333333333333
4.0,4,18,3,9,6,1.37,1.81,1.0183333333333333
17.0,1,19,3,9,6,1.09,1.49,0.98875
-4.3,5,20,3,9,6,0.78,0.43,1.0041666666666667
16.9,1,20,3,9,6,0.8,1.98,0.9416666666666665
16.0,3,21,3,9,6,0.48,1.33,0.9533333333333335
31.1,3,22,3,9,6,1.61,1.92,0.8875000000000001
29.5,3,23,3,9,6,0.34,0.21,0.9183333333333334
-1.1,1,23,3,9,6,0.95,0.48,0.94625
7.8,5,23,3,9,6,1.15,1.39,0.9008333333333334
37.6,1,1,4,9,0,0.3,0.87,0.8754166666666666
12.3,1,1,4,9,0,0.26,1.03,0.8545833333333333
25.5,5,1,4,9,0,0.53,0.44,0.89
21.9,3,2,4,9,0,1.29,1.31,0.8808333333333334
23.9,4,3,4,9,0,1.09,0.66,0.9333333333333335
39.3,1,4,4,9,0,1.92,0.25,0.9900000000000001
31.6,2,6,4,9,0,1.61,1.63,0.96
-7.5,2,6,4,9,0,0.91,0.78,0.9441666666666668
24.2,5,8,4,9,0,0.4,0.62,0.9454166666666667
36.2,1,9,4,9,0,0.65,1.65,0.8895833333333333
32.5,3,9,4,9,0,0.31,1.58,0.8975
31.6,3,9,4,9,0,1.77,0.56,0.9279166666666668
7.8,5,9,4,9,0,1.29,0.3,0.9700000000000001
33.6,4,9,4,9,0,1.31,1.07,1.0054166666666668
22.5,3,10,4,9,0,1.92,1.37,1.0216666666666667
12.3,4,10,4,9,0,1.76,1.09,1.0016666666666667
-0.3,5,10,4,9,0,0.61,0.78,1.0083333333333333
13.1,1,10,4,9,0,0.94,0.8,1.0020833333333334
-9.9,1,11,4,9,0,0.65,0.48,1.0241666666666667
-1.8,3,12,4,9,0,1.01,1.61,0.9745833333333332
-5.2,5,13,4,9,0,0.42,0.34,0.9795833333333333
12.3,2,17,4,9,0,0.46,0.95,0.9533333333333333
8.8,5,17,4,9,0,0.32,1.15,0.97625
20.3,1,19,4,9,0,1.7,0.3,0.9745833333333334
19.8,3,20,4,9,0,0.26,0.26,0.985
31.7,3,20,4,9,0,0.51,0.53,1.0291666666666666
7.9,4,20,4,9,0,1.59,1.29,1.0320833333333335
-3.9,1,20,4,9,0,1.36,1.09,1.0162499999999999
35.0,5,21,4,9,0,0.71,1.92,0.965
-9.7,3,22,4,9,0,0.69,1.61,0.9795833333333334
15.7,2,23,4,9,0,1.96,0.91,0.96125
39.3,3,0,5,9,1,0.47,0.4,1.0245833333333334
23.9,5,0,5,9,1,1.92,0.65,1.07125
26.3,5,0,5,9,1,1.77,0.31,1.09125
39.0,2,0,5,9,1,0.79,1.77,1.0566666666666669
24.3,1,1,5,9,1,0.94,1.29,1.0845833333333332
-5.8,1,1,5,9,1,1.96,1.31,1.0620833333333333
12.5,3,2,5,9,1,0.77,1.92,1.0279166666666666
36.8,5,2,5,9,1,1.1,1.76,1.0062499999999999
-1.8,2,2,5,9,1,1.24,0.61,1.0525
-2.5,3,3,5,9,1,1.72,0.94,1.0891666666666666
-0.6,5,3,5,9,1,1.82,0.65,1.1154166666666667
24.7,1,4,5,9,1,1.28,1.01,1.1491666666666667
-6.6,1,4,5,9,1,1.82,0.42,1.20375
15.4,2,5,5,9,1,1.73,0.46,1.2358333333333333
-9.8,3,5,5,9,1,1.23,0.32,1.2395833333333333
37.1,2,6,5,9,1,0.41,1.7,1.2070833333333335
-7.0,4,6,5,9,1,0.92,0.26,1.23875
35.2,2,7,5,9,1,1.02,0.51,1.2395833333333333
33.0,3,8,5,9,1,0.53,1.59,1.185
3.5,2,8,5,9,1,0.28,1.36,1.15625
21.8,5,9,5,9,1,0.67,0.71,1.1362500000000002
19.4,1,10,5,9,1,0.23,0.69,1.1229166666666666
8.4,2,10,5,9,1,0.37,1.96,1.0508333333333333
9.5,4,12,5,9,1,0.23,0.47,1.0970833333333334
39.1,3,13,5,9,1,1.58,1.92,1.09625
27.7,3,13,5,9,1,1.9,1.77,1.0645833333333334
17.7,1,13,5,9,1,1.01,0.79,1.0745833333333332
15.8,3,13,5,9,1,1.03,0.94,1.10875
0.2,5,15,5,9,1,1.76,1.96,1.03875
18.5,4,17,5,9,1,0.28,0.77,1.0616666666666668
29.5,4,17,5,9,1,1.32,1.1,1.0925
-3.5,5,17,5,9,1,1.84,1.24,1.1020833333333333
27.6,3,17,5,9,1,1.47,1.72,1.0999999999999999
-2.3,3,20,5,9,1,1.67,1.82,1.07375
5.2,1,21,5,9,1,1.19,1.28,1.0520833333333333
-4.7,1,23,5,9,1,0.76,1.82,1.02625
-8.9,4,1,6,9,2,1.2,1.73,1.0058333333333334
-5.8,4,2,6,9,2,1.24,1.23,1.0133333333333334
21.4,4,3,6,9,2,1.41,0.41,1.00875
-3.2,2,4,6,9,2,0.3,0.92,1.0429166666666665
-6.3,4,9,6,9,2,1.74,1.02,1.0141666666666667
21.9,4,10,6,9,2,0.33,0.53,1.0066666666666666
-4.5,1,10,6,9,2,0.35,0.28,1.0320833333333332
-9.2,1,12,6,9,2,0.89,0.67,1.065
4.4,1,15,6,9,2,1.46,0.23,1.1129166666666666
-7.8,1,15,6,9,2,1.38,0.37,1.1583333333333334
25.8,2,17,6,9,2,1.46,0.23,1.1791666666666667
3.8,3,18,6,9,2,0.73,1.58,1.14625
35.0,2,18,6,9,2,0.79,1.9,1.1033333333333333
-1.7,5,19,6,9,2,0.87,1.01,1.0733333333333333
14.9,3,19,6,9,2,0.29,1.03,1.0962500000000002
-5.3,5,19,6,9,2,1.58,1.76,1.05
-2.5,1,21,6,9,2,0.65,0.28,1.0745833333333334
-5.6,1,0,7,9,3,0.87,1.32,1.0504166666666668
22.0,2,0,7,9,3,0.74,1.84,1.0204166666666665
19.0,4,0,7,9,3,1.12,1.47,0.9679166666666666
18.3,5,1,7,9,3,0.21,1.67,0.9145833333333333
15.5,4,1,7,9,3,0.39,1.19,0.9229166666666666
28.4,4,1,7,9,3,1.39,0.76,0.9679166666666666
30.4,2,1,7,9,3,1.84,1.2,0.9533333333333333
26.2,5,2,7,9,3,0.85,1.24,0.9220833333333333
14.1,3,3,7,9,3,0.49,1.41,0.8966666666666666
38.8,5,3,7,9,3,0.8,0.3,0.9195833333333333
39.2,1,4,7,9,3,0.85,1.74,0.9079166666666666
-2.6,4,4,7,9,3,1.46,0.33,0.9179166666666666
38.8,4,4,7,9,3,0.57,0.35,0.9591666666666668
32.0,3,5,7,9,3,1.34,0.89,0.9375
36.7,3,6,7,9,3,0.37,1.46,0.9029166666666667
32.1,1,6,7,9,3,0.63,1.38,0.8666666666666667
37.0,3,8,7,9,3,0.51,1.46,0.8654166666666666
8.7,4,10,7,9,3,1.43,0.73,0.9041666666666667
28.6,3,10,7,9,3,1.66,0.79,0.9408333333333334
-6.8,1,11,7,9,3,1.67,0.87,0.9833333333333333
-9.3,5,11,7,9,3,1.89,0.29,1.0308333333333333
11.6,1,12,7,9,3,1.43,1.58,0.9787499999999999
6.2,5,12,7,9,3,0.33,0.65,0.98875
15.3,3,15,7,9,3,0.89,0.87,0.9795833333333333
3.1,4,18,7,9,3,0.65,0.74,1.0275
14.8,5,19,7,9,3,1.89,1.12,1.0133333333333334
-1.3,1,22,7,9,3,0.78,0.21,1.025
10.4,3,22,7,9,3,0.49,0.39,1.0562500000000001
20.6,3,23,7,9,3,1.14,1.39,1.0616666666666668
30.3,1,23,7,9,3,1.52,1.84,0.99375
32.6,1,0,8,9,4,0.21,0.85,1.0029166666666667
24.1,3,0,8,9,4,1.07,0.49,1.00625
9.6,5,1,8,9,4,0.57,0.8,1.0091666666666665
36.0,4,1,8,9,4,0.87,0.85,0.9870833333333332
34.0,3,2,8,9,4,0.32,1.46,0.9649999999999999
-6.6,2,2,8,9,4,0.93,0.57,0.9500000000000001
6.7,3,4,8,9,4,0.21,1.34,0.9520833333333334
1.3,3,4,8,9,4,1.39,0.37,1.0125
23.4,3,5,8,9,4,1.82,0.63,0.9991666666666666
32.2,1,5,8,9,4,0.31,0.51,0.9891666666666666
15.3,2,5,8,9,4,0.27,1.43,0.9791666666666666
33.4,1,6,8,9,4,1.19,1.66,0.9641666666666667
-7.5,1,7,8,9,4,1.3,1.67,0.9354166666666667
27.7,4,8,8,9,4,0.98,1.89,0.8833333333333334
14.0,3,8,8,9,4,0.64,1.43,0.8595833333333335
0.3,2,9,8,9,4,0.86,0.33,0.9033333333333333
39.0,1,10,8,9,4,1.38,0.89,0.9208333333333333
20.4,3,12,8,9,4,1.31,0.65,0.9145833333333333
15.4,2,12,8,9,4,0.5,1.89,0.8629166666666667
36.2,3,12,8,9,4,0.65,0.78,0.9108333333333333
1.3,1,13,8,9,4,1.93,0.49,0.9379166666666667
4.0,2,13,8,9,4,1.14,1.14,0.9045833333333334
19.5,4,14,8,9,4,0.34,1.52,0.88375
21.1,1,14,8,9,4,1.02,0.21,0.8966666666666666
30.4,2,17,8,9,4,0.52,1.07,0.8883333333333333
-3.1,1,19,8,9,4,0.87,0.57,0.8854166666666666
-6.9,2,19,8,9,4,0.5,0.87,0.8945833333333334
39.0,2,20,8,9,4,1.09,0.32,0.91
0.5,3,20,8,9,4,0.69,0.93,0.8954166666666667
11.6,3,20,8,9,4,0.58,0.21,0.9508333333333333
8.3,2,21,8,9,4,1.54,1.39,0.9295833333333333
24.5,1,21,8,9,4,0.88,1.82,0.9325
1.7,2,21,8,9,4,1.89,0.31,0.9437500000000001
31.1,3,21,8,9,4,0.58,0.27,0.9812500000000001
27.2,3,22,8,9,4,1.17,1.19,0.9891666666666666
1.6,5,23,8,9,4,1.38,1.3,0.9658333333333333
32.3,3,0,9,9,5,0.74,0.98,0.9375
27.0,2,0,9,9,5,0.3,0.64,0.9516666666666665
35.3,2,2,9,9,5,0.98,0.86,0.9349999999999999
-8.1,2,3,9,9,5,0.46,1.38,0.8887499999999999
7.8,3,4,9,9,5,0.27,1.31,0.89
28.5,3,4,9,9,5,1.34,0.5,0.9316666666666666
6.7,2,4,9,9,5,1.5,0.65,0.9508333333333333
-2.2,2,5,9,9,5,1.11,1.93,0.9225
24.3,5,5,9,9,5,1.25,1.14,0.9170833333333333
17.5,2,5,9,9,5,1.01,0.34,0.9249999999999999
30.4,1,6,9,9,5,0.53,1.02,0.9283333333333333
8.8,2,8,9,9,5,1.1,0.52,0.96625
29.6,1,8,9,9,5,1.43,0.87,1.0125
31.4,4,9,9,9,5,1.98,0.5,1.06375
34.1,3,10,9,9,5,1.73,1.09,1.0266666666666666
-4.8,4,10,9,9,5,0.2,0.69,1.0441666666666667
27.3,5,11,9,9,5,1.11,0.58,1.0416666666666667
-7.6,4,11,9,9,5,0.52,1.54,0.9987499999999999
-5.1,1,14,9,9,5,0.51,0.88,0.9795833333333334
6.9,5,14,9,9,5,0.42,1.89,0.9608333333333334
3.8,3,14,9,9,5,1.44,0.58,0.9641666666666665
30.6,5,16,9,9,5,0.66,1.17,0.9579166666666667
23.4,1,16,9,9,5,1.02,1.38,0.9670833333333334
7.8,4,17,9,9,5,1.6,0.74,0.9512499999999999
19.6,3,18,9,9,5,0.36,0.3,0.9874999999999999
-4.5,1,20,9,9,5,1.17,0.98,0.9791666666666666
14.2,5,20,9,9,5,0.78,0.46,1.0029166666666667
9.9,5,23,9,9,5,1.03,0.27,1.075
6.7,3,0,10,9,6,2.0,1.34,1.0454166666666669
36.4,3,1,10,9,6,0.63,1.5,0.9991666666666666
22.2,3,1,10,9,6,0.39,1.11,1.0104166666666667
12.0,5,2,10,9,6,1.38,1.25,1.0287499999999998
12.4,3,2,10,9,6,1.69,1.01,1.0095833333333333
23.8,5,4,10,9,6,0.55,0.53,1.0508333333333333
26.8,5,5,10,9,6,1.52,1.1,1.03875
31.0,5,6,10,9,6,0.81,1.43,1.0216666666666667
31.0,2,9,10,9,6,1.02,1.98,0.9979166666666668
-3.9,1,10,10,9,6,1.41,1.73,0.9695833333333334
39.7,2,11,10,9,6,1.05,0.2,0.9916666666666666
23.7,5,11,10,9,6,0.73,1.11,0.9704166666666666
14.8,4,11,10,9,6,0.6,0.52,0.9695833333333334
36.9,4,11,10,9,6,0.5,0.51,0.9670833333333334
35.1,5,13,10,9,6,0.45,0.42,0.98
-5.4,1,14,10,9,6,0.73,1.44,0.9370833333333333
32.8,4,15,10,9,6,0.41,0.66,0.9641666666666667
17.7,1,15,10,9,6,1.31,1.02,0.93375
17.9,4,15,10,9,6,0.29,1.6,0.9391666666666666
11.0,5,16,10,9,6,1.73,0.36,0.9920833333333334
-7.7,3,17,10,9,6,1.63,1.17,1.0104166666666667
31.3,3,17,10,9,6,1.61,0.78,1.0045833333333334
24.1,3,18,10,9,6,0.64,1.03,1.0175
8.4,2,18,10,9,6,1.34,2.0,0.9945833333333334
19.3,3,18,10,9,6,1.45,0.63,1.0170833333333331
11.6,3,18,10,9,6,1.17,0.39,1.0479166666666668
11.3,3,21,10,9,6,1.13,1.38,1.0162499999999999
14.0,1,23,10,9,6,0.62,1.69,1.0279166666666668
-4.3,5,0,11,9,0,1.97,0.55,1.0195833333333333
24.4,5,0,11,9,0,0.35,1.52,1.0295833333333333
-3.2,1,1,11,9,0,1.76,0.81,1.0574999999999999
2.5,4,2,11,9,0,1.48,1.02,1.0870833333333334
-6.0,3,2,11,9,0,1.73,1.41,1.0616666666666665
12.5,5,3,11,9,0,0.8,1.05,1.0920833333333333
1.1,2,4,11,9,0,1.78,0.73,1.1179166666666667
39.9,2,6,11,9,0,1.35,0.6,1.1379166666666667
5.0,5,7,11,9,0,1.08,0.5,1.1633333333333333
5.6,1,7,11,9,0,1.11,0.45,1.21
23.4,5,7,11,9,0,1.57,0.73,1.2154166666666668
17.9,1,8,11,9,0,0.86,0.41,1.2229166666666667
9.0,1,8,11,9,0,0.59,1.31,1.2325000000000002
14.5,5,8,11,9,0,1.54,0.29,1.29625
0.4,4,9,11,9,0,1.82,1.73,1.2675
4.8,2,9,11,9,0,1.04,1.63,1.23375
29.9,2,10,11,9,0,0.82,1.61,1.23875
24.1,5,11,11,9,0,1.73,0.64,1.2725
11.8,2,11,11,9,0,1.45,1.34,1.26125
7.3,2,11,11,9,0,1.07,1.45,1.2325
-4.2,4,12,11,9,0,0.76,1.17,1.23625
32.7,4,12,11,9,0,1.26,1.13,1.2108333333333332
23.2,2,12,11,9,0,0.52,0.62,1.2491666666666668
32.5,3,17,11,9,0,1.54,1.97,1.2429166666666667
33.6,3,17,11,9,0,1.82,0.35,1.2695833333333335
-3.0,2,18,11,9,0,0.99,1.76,1.2541666666666667
28.8,5,21,11,9,0,1.39,1.48,1.2254166666666666
27.8,4,21,11,9,0,0.79,1.73,1.2066666666666668
4.0,5,23,11,9,0,1.28,0.8,1.1841666666666668
8.3,1,23,11,9,0,0.26,1.78,1.1625
36.7,2,23,11,9,0,1.26,1.35,1.1283333333333332
-7.6,3,23,11,9,0,0.53,1.08,1.10875
37.7,3,3,12,9,1,0.61,1.11,1.1054166666666667
-8.3,3,3,12,9,1,1.03,1.57,1.0533333333333335
39.4,1,6,12,9,1,0.32,0.86,1.0604166666666666
17.5,3,7,12,9,1,1.03,0.59,1.05875
8.8,5,8,12,9,1,0.55,1.54,1.0075
-7.7,4,10,12,9,1,0.31,1.82,0.9874999999999999
35.1,5,11,12,9,1,1.34,1.04,0.9729166666666668
-7.2,5,16,12,9,1,0.69,0.82,0.9491666666666667
7.8,5,16,12,9,1,0.25,1.73,0.9387500000000001
8.5,5,17,12,9,1,1.48,1.45,0.92125
8.1,5,17,12,9,1,1.03,1.07,0.9091666666666667
22.4,3,17,12,9,1,0.78,0.76,0.9358333333333334
17.4,3,18,12,9,1,1.4,1.26,0.90375
4.9,2,21,12,9,1,0.49,0.52,0.9116666666666666
9.0,3,22,12,9,1,0.71,1.54,0.9166666666666666
36.3,1,22,12,9,1,1.66,1.82,0.9175
-8.1,5,22,12,9,1,1.84,0.99,0.8970833333333332
22.7,5,23,12,9,1,0.5,1.39,0.8962499999999999
-0.1,2,0,13,9,2,1.37,0.79,0.8791666666666665
29.0,1,1,13,9,2,0.38,1.28,0.8866666666666667
-2.7,4,1,13,9,2,1.46,0.26,0.9341666666666667
40.0,4,1,13,9,2,1.4,1.26,0.9112499999999999
-4.0,1,1,13,9,2,0.71,0.53,0.93
5.0,5,1,13,9,2,0.98,0.61,0.9812500000000001
-8.5,2,2,13,9,2,1.84,1.03,1.0045833333333334
22.8,5,2,13,9,2,1.59,0.32,1.0091666666666665
-4.9,3,3,13,9,2,0.43,1.03,0.98375
22.8,3,4,13,9,2,0.42,0.55,1.0154166666666666
22.1,3,4,13,9,2,1.31,0.31,1.0791666666666666
30.7,5,5,13,9,2,1.84,1.34,1.0716666666666665
35.5,2,6,13,9,2,1.16,0.69,1.0908333333333333
22.7,5,6,13,9,2,1.15,0.25,1.1341666666666665
22.3,1,11,13,9,2,1.29,1.48,1.0945833333333335
16.2,2,12,13,9,2,0.53,1.03,1.0729166666666667
-4.5,2,13,13,9,2,0.51,0.78,1.0658333333333332
14.6,2,15,13,9,2,0.61,1.4,1.0741666666666667
13.6,5,17,13,9,2,1.6,0.49,1.0833333333333333
7.9,2,17,13,9,2,0.71,0.71,1.0658333333333334
7.0,5,19,13,9,2,0.29,1.66,1.0291666666666668
8.3,4,20,13,9,2,0.78,1.84,1.0345833333333334
13.6,4,21,13,9,2,1.97,0.5,1.0758333333333334
16.4,2,21,13,9,2,1.49,1.37,1.10125
-4.9,1,22,13,9,2,1.98,0.38,1.0954166666666667
17.4,4,23,13,9,2,0.24,1.46,1.0579166666666666
-1.6,4,23,13,9,2,0.56,1.4,1.025
13.4,2,0,14,9,3,0.61,0.71,1.0770833333333334
25.4,3,2,14,9,3,1.96,0.98,1.0495833333333333
10.0,3,3,14,9,3,0.32,1.84,1.0429166666666667
-8.9,1,4,14,9,3,1.68,1.59,1.0250000000000001
-8.2,1,4,14,9,3,1.16,0.43,1.0754166666666667
35.7,4,5,14,9,3,1.64,0.42,1.1075
2.0,5,6,14,9,3,1.19,1.31,1.1095833333333334
-2.2,1,6,14,9,3,1.36,1.84,1.07125
30.4,3,6,14,9,3,0.92,1.16,1.0504166666666668
-8.4,4,9,14,9,3,0.66,1.15,1.0729166666666667
36.4,1,11,14,9,3,1.69,1.29,1.0333333333333334
31.2,3,11,14,9,3,0.34,0.53,1.0487499999999998
14.7,3,11,14,9,3,0.9,0.51,1.1104166666666668
7.3,5,13,14,9,3,1.99,0.61,1.1275000000000002
38.7,5,13,14,9,3,1.02,1.6,1.1216666666666666
7.4,5,13,14,9,3,1.46,0.71,1.1575
13.9,4,17,14,9,3,1.57,0.29,1.1791666666666667
10.8,2,17,14,9,3,0.81,0.78,1.1554166666666668
-9.8,2,18,14,9,3,0.21,1.97,1.1275
26.6,3,19,14,9,3,1.3,1.49,1.10375
34.4,1,22,14,9,3,0.92,1.98,1.0541666666666667
29.3,1,23,14,9,3,0.79,0.24,1.0820833333333333
12.2,3,1,15,9,4,0.91,0.56,1.0975
26.7,3,1,15,9,4,0.93,0.61,1.1408333333333334
14.8,3,1,15,9,4,1.65,1.96,1.11625
16.2,5,2,15,9,4,1.37,0.32,1.185
-4.2,1,3,15,9,4,1.97,1.68,1.1829166666666666
18.9,3,3,15,9,4,1.63,1.16,1.1512499999999999
-4.6,2,5,15,9,4,0.4,1.64,1.1079166666666667
17.9,1,6,15,9,4,0.6,1.19,1.1291666666666667
3.4,2,7,15,9,4,1.7,1.36,1.1275
-1.1,2,9,15,9,4,1.32,0.92,1.1154166666666667
12.7,5,10,15,9,4,0.63,0.66,1.1620833333333334
10.2,3,15,15,9,4,1.78,1.69,1.1220833333333333
22.0,4,16,15,9,4,0.73,0.34,1.1458333333333333
2.1,1,16,15,9,4,0.91,0.9,1.1245833333333335
14.9,1,18,15,9,4,0.39,1.99,1.0683333333333331
26.2,2,20,15,9,4,0.64,1.02,1.0683333333333334
34.1,3,20,15,9,4,1.02,1.46,1.0783333333333334
3.1,2,20,15,9,4,1.7,1.57,1.0425
23.3,2,21,15,9,4,0.71,0.81,1.0208333333333333
27.7,2,22,15,9,4,0.29,0.21,1.0879166666666666
29.1,3,23,15,9,4,1.82,1.3,1.1033333333333333
31.4,2,0,16,9,5,1.67,0.92,1.13
31.7,3,2,16,9,5,1.56,0.79,1.13625
8.8,2,3,16,9,5,0.94,0.91,1.1454166666666665
35.0,1,3,16,9,5,1.13,0.93,1.1345833333333333
30.1,5,3,16,9,5,0.67,1.65,1.0916666666666666
27.2,3,4,16,9,5,0.62,1.37,1.0579166666666666
17.0,4,6,16,9,5,0.56,1.97,0.9854166666666666
0.7,4,6,16,9,5,0.23,1.63,0.94875
33.4,5,10,16,9,5,0.75,0.4,1.00625
32.3,2,10,16,9,5,1.78,0.6,1.025
-5.3,5,10,16,9,5,1.05,1.7,1.0341666666666667
25.0,5,13,16,9,5,1.92,1.32,1.00375
9.0,4,13,16,9,5,0.59,0.63,0.9975
23.6,4,15,16,9,5,0.48,1.78,0.9504166666666666
35.9,1,15,16,9,5,0.65,0.73,0.9937499999999999
35.6,3,16,16,9,5,1.77,0.91,1.03875
15.6,3,16,16,9,5,1.99,0.39,1.0895833333333333
28.6,3,16,16,9,5,1.61,0.64,1.1266666666666667
22.4,5,19,16,9,5,1.53,1.02,1.1345833333333333
-2.5,2,19,16,9,5,1.21,1.7,1.0729166666666667
12.3,5,19,16,9,5,0.22,0.71,1.1129166666666668
19.9,2,20,16,9,5,1.67,0.29,1.1483333333333332
22.2,3,20,16,9,5,1.14,1.82,1.1195833333333332
24.4,4,20,16,9,5,1.13,1.67,1.1308333333333334
21.7,5,20,16,9,5,1.94,1.56,1.1133333333333333
-2.7,3,21,16,9,5,1.14,0.94,1.0854166666666667
31.8,4,21,16,9,5,0.27,1.13,1.1029166666666668
28.2,5,22,16,9,5,1.55,0.67,1.125
22.1,5,23,16,9,5,1.2,0.62,1.1337499999999998
27.1,4,23,16,9,5,0.83,0.56,1.1891666666666667
26.6,1,23,16,9,5,1.89,0.23,1.2066666666666668
34.4,2,0,17,9,6,0.65,0.75,1.1941666666666666
32.3,4,0,17,9,6,0.45,1.78,1.1291666666666667
36.4,4,1,17,9,6,0.22,1.05,1.1458333333333333
16.3,5,1,17,9,6,1.45,1.92,1.1075
22.0,2,2,17,9,6,1.0,0.59,1.1416666666666666
25.4,2,2,17,9,6,1.41,0.48,1.1716666666666666
-6.6,1,2,17,9,6,1.2,0.65,1.1554166666666668
5.8,2,3,17,9,6,0.26,1.77,1.1404166666666666
35.5,4,4,17,9,6,1.41,1.99,1.0954166666666667
35.3,5,4,17,9,6,0.91,1.61,1.0666666666666667
3.6,5,4,17,9,6,0.92,1.53,1.0399999999999998
39.1,2,4,17,9,6,0.89,1.21,1.0216666666666667
18.6,2,5,17,9,6,0.77,0.22,1.0725
8.0,3,5,17,9,6,1.44,1.67,1.05125
21.5,1,6,17,9,6,1.16,1.14,1.0716666666666665
8.9,2,6,17,9,6,1.63,1.13,1.05
30.3,4,6,17,9,6,0.61,1.94,1.05125
0.8,1,6,17,9,6,1.97,1.14,1.0141666666666667
5.9,4,7,17,9,6,0.25,0.27,1.0366666666666666
33.1,2,8,17,9,6,0.81,1.55,1.0095833333333333
3.1,1,12,17,9,6,0.9,1.2,1.0045833333333334
26.7,4,16,17,9,6,1.08,0.83,0.98375
24.9,5,16,17,9,6,0.33,1.89,0.9249999999999999
25.3,2,17,17,9,6,0.48,0.65,0.92375
-4.1,2,18,17,9,6,0.62,0.45,0.98
-2.9,3,19,17,9,6,1.8,0.22,1.0333333333333334
-3.6,5,20,17,9,6,1.5,1.45,1.0441666666666667
38.1,3,20,17,9,6,1.71,1.0,1.075
14.3,4,21,17,9,6,1.74,1.41,1.0591666666666668
39.9,5,21,17,9,6,1.03,1.2,1.0741666666666667
-7.9,4,21,17,9,6,1.56,0.26,1.0829166666666665
0.2,4,21,17,9,6,0.47,1.41,1.07875
28.7,2,21,17,9,6,1.31,0.91,1.0570833333333334
39.6,5,22,17,9,6,0.39,0.92,1.0541666666666667
11.4,4,22,17,9,6,0.85,0.89,1.0679166666666666
21.5,3,22,17,9,6,1.22,0.77,1.1191666666666666
6.0,5,23,17,9,6,2.0,1.44,1.1408333333333334
3.3,4,0,18,9,0,1.96,1.16,1.1120833333333333
16.1,3,2,18,9,0,0.47,1.63,1.1104166666666668
-6.7,5,2,18,9,0,1.59,0.61,1.1066666666666667
25.0,2,4,18,9,0,0.52,1.97,1.0720833333333333
24.3,1,4,18,9,0,1.14,0.25,1.09
-0.7,3,5,18,9,0,0.68,0.81,1.1154166666666667
36.9,3,7,18,9,0,1.42,0.9,1.0875000000000001
24.5,2,8,18,9,0,0.23,1.08,1.07125
17.6,1,8,18,9,0,0.69,0.33,1.1391666666666667
12.1,1,11,18,9,0,1.96,0.48,1.1541666666666666
27.1,4,12,18,9,0,0.84,0.62,1.1783333333333335
39.7,5,13,18,9,0,1.2,1.8,1.1516666666666666
32.8,3,14,18,9,0,1.16,1.5,1.0999999999999999
13.8,4,14,18,9,0,0.26,1.71,1.0433333333333332
8.7,1,14,18,9,0,0.35,1.74,1.0362500000000001
1.2,2,15,18,9,0,1.57,1.03,1.0566666666666666
3.4,5,15,18,9,0,1.52,1.56,1.0666666666666667
12.5,4,17,18,9,0,1.8,0.47,1.0954166666666667
33.2,4,19,18,9,0,1.16,1.31,1.0916666666666666
22.5,2,20,18,9,0,1.22,0.39,1.10375
0.8,2,20,18,9,0,0.68,0.85,1.1104166666666666
8.5,1,21,18,9,0,1.01,1.22,1.1066666666666667
24.0,5,21,18,9,0,1.13,2.0,1.0495833333333333
-2.2,5,21,18,9,0,0.63,1.96,1.0304166666666668
6.1,1,21,18,9,0,1.5,0.47,1.05
20.3,4,23,18,9,0,0.94,1.59,0.9995833333333333
30.3,5,23,18,9,0,0.38,0.52,1.0433333333333332
39.6,2,0,19,9,1,1.57,1.14,1.0287499999999998
33.8,1,1,19,9,1,0.79,0.68,1.0758333333333334
30.3,1,3,19,9,1,1.81,1.42,1.0775
1.7,1,4,19,9,1,1.46,0.23,1.13875
-5.7,3,4,19,9,1,1.7,0.69,1.1762499999999998
36.6,2,4,19,9,1,1.59,1.96,1.1308333333333334
18.0,1,4,19,9,1,0.87,0.84,1.1700000000000002
24.6,3,5,19,9,1,1.78,1.2,1.12875
2.8,5,7,19,9,1,0.21,1.16,1.1308333333333331
32.9,4,7,19,9,1,1.21,0.26,1.1295833333333334
12.0,3,7,19,9,1,0.23,0.35,1.14875
10.2,1,8,19,9,1,0.81,1.57,1.1483333333333332
26.7,3,10,19,9,1,1.56,1.52,1.1054166666666665
8.5,1,11,19,9,1,0.49,1.8,1.1054166666666665
39.7,3,12,19,9,1,1.8,1.16,1.1295833333333334
17.9,2,13,19,9,1,1.74,1.22,1.0895833333333333
10.7,5,14,19,9,1,0.26,0.68,1.1116666666666666
31.3,1,14,19,9,1,1.21,1.01,1.1358333333333335
-2.8,3,14,19,9,1,1.59,1.13,1.1720833333333334
8.8,2,16,19,9,1,2.0,0.63,1.2183333333333333
4.8,5,16,19,9,1,1.74,1.5,1.2241666666666666
32.0,5,19,19,9,1,1.64,0.94,1.2225
11.5,2,19,19,9,1,0.9,0.38,1.22875
16.5,3,20,19,9,1,0.53,1.57,1.1870833333333333
38.5,2,21,19,9,1,0.57,0.79,1.2104166666666667
-5.7,1,21,19,9,1,1.35,1.81,1.1558333333333335
24.3,3,22,19,9,1,0.5,1.46,1.1745833333333333
37.1,2,0,20,9,2,1.91,1.7,1.1179166666666667
15.2,3,0,20,9,2,0.34,1.59,1.07125
6.7,4,1,20,9,2,0.47,0.87,1.0975
21.5,4,1,20,9,2,1.5,1.78,1.0366666666666666
4.6,4,4,20,9,2,0.32,0.21,1.0745833333333332
5.4,5,5,20,9,2,1.12,1.21,1.0733333333333335
18.8,4,6,20,9,2,1.18,0.23,1.1229166666666666
-4.3,1,7,20,9,2,1.42,0.81,1.1583333333333332
-0.4,3,7,20,9,2,1.66,1.56,1.1708333333333334
17.2,4,8,20,9,2,1.86,0.49,1.16875
29.2,2,10,20,9,2,0.44,1.8,1.1495833333333334
-1.0,5,10,20,9,2,1.34,1.74,1.0891666666666666
28.9,1,11,20,9,2,0.29,0.26,1.1566666666666667
22.6,1,12,20,9,2,1.88,1.21,1.1429166666666666
8.3,3,13,20,9,2,0.88,1.59,1.0991666666666666
9.4,3,15,20,9,2,0.54,2.0,1.0979166666666667
-7.2,2,16,20,9,2,1.97,1.74,1.0420833333333335
7.0,5,18,20,9,2,0.4,1.64,0.9875000000000002
-8.3,4,19,20,9,2,0.33,0.9,0.96375
17.8,2,20,20,9,2,0.33,0.53,1.0216666666666667
14.1,4,21,20,9,2,1.92,0.57,1.01
-7.7,3,21,20,9,2,0.29,1.35,0.9725
22.7,2,21,20,9,2,0.45,0.5,0.9908333333333333
10.6,4,21,20,9,2,0.94,1.91,0.9658333333333333
23.9,5,22,20,9,2,1.31,0.34,0.9883333333333333
17.2,3,23,20,9,2,0.88,0.47,1.0425
-1.1,2,23,20,9,2,1.77,1.5,0.98875
29.5,5,1,21,9,3,0.21,0.32,1.0225
25.5,5,2,21,9,3,1.13,1.12,1.0495833333333333
-7.4,4,2,21,9,3,1.77,1.18,1.0645833333333334
14.9,1,4,21,9,3,1.54,1.42,1.0520833333333333
7.5,2,4,21,9,3,1.12,1.66,0.9995833333333334
20.9,4,5,21,9,3,0.4,1.86,0.97125
1.6,2,5,21,9,3,1.18,0.44,1.0116666666666667
24.6,2,5,21,9,3,1.41,1.34,0.9825
-7.6,2,9,21,9,3,0.64,0.29,1.0037500000000001
16.9,5,10,21,9,3,0.8,1.88,1.0058333333333334
0.3,3,10,21,9,3,1.93,0.88,1.0325
2.3,5,12,21,9,3,1.52,0.54,1.0691666666666666
25.8,4,13,21,9,3,1.42,1.97,1.0320833333333332
-7.2,2,15,21,9,3,1.08,0.4,1.0404166666666665
24.0,1,16,21,9,3,0.6,0.33,1.0787499999999999
10.5,5,16,21,9,3,1.25,0.33,1.0904166666666668
6.1,4,17,21,9,3,0.61,1.92,1.065
31.8,3,17,21,9,3,1.31,0.29,1.115
5.4,3,17,21,9,3,1.49,0.45,1.15375
-0.4,4,18,21,9,3,1.38,0.94,1.14
-3.3,1,19,21,9,3,0.61,1.31,1.1541666666666666
10.7,1,20,21,9,3,1.65,0.88,1.1820833333333334
3.4,5,20,21,9,3,1.55,1.77,1.1612500000000001
33.9,2,20,21,9,3,1.27,0.21,1.2245833333333334
4.9,4,22,21,9,3,1.73,1.13,1.2475
39.3,3,22,21,9,3,1.68,1.77,1.1841666666666668
22.7,3,23,21,9,3,0.25,1.54,1.1895833333333332
16.9,4,23,21,9,3,1.67,1.12,1.1695833333333334
4.6,2,23,21,9,3,0.64,0.4,1.2095833333333335
11.1,5,0,22,9,4,1.36,1.18,1.2154166666666666
35.0,1,0,22,9,4,1.32,1.41,1.1804166666666667
37.2,2,1,22,9,4,0.57,0.64,1.20375
33.2,5,1,22,9,4,1.2,0.8,1.2149999999999999
1.2,5,2,22,9,4,1.07,1.93,1.2045833333333331
-3.6,3,3,22,9,4,1.68,1.52,1.1758333333333333
2.3,2,4,22,9,4,0.83,1.42,1.13375
22.9,3,4,22,9,4,0.41,1.08,1.11625
-2.7,4,4,22,9,4,0.66,0.6,1.1054166666666667
39.7,2,5,22,9,4,0.34,1.25,1.0991666666666668
-4.0,1,6,22,9,4,1.1,0.61,1.0966666666666665
20.7,2,7,22,9,4,0.55,1.31,1.0875
16.9,5,7,22,9,4,1.09,1.49,1.03875
17.6,2,8,22,9,4,0.32,1.38,0.9987499999999999
-1.3,4,9,22,9,4,0.42,0.61,1.0087499999999998
23.6,1,10,22,9,4,0.85,1.65,1.0129166666666667
-0.9,5,10,22,9,4,1.75,1.55,0.97625
13.1,2,11,22,9,4,0.67,1.27,0.9808333333333333
5.1,5,12,22,9,4,1.38,1.73,0.97125
0.1,5,12,22,9,4,1.5,1.68,0.9258333333333333
12.9,3,12,22,9,4,0.59,0.25,0.9679166666666666
23.0,1,13,22,9,4,1.26,1.67,0.91125
21.0,4,13,22,9,4,0.31,0.64,0.9520833333333334
0.6,4,14,22,9,4,1.62,1.36,0.9179166666666667
18.1,5,14,22,9,4,0.54,1.32,0.9187500000000001
0.8,5,15,22,9,4,1.34,0.57,0.9275000000000001
34.9,1,16,22,9,4,0.78,1.2,0.9262500000000001
-2.9,3,16,22,9,4,1.17,1.07,0.92
30.7,1,16,22,9,4,0.92,1.68,0.89
-4.9,1,17,22,9,4,0.96,0.83,0.9162500000000001
6.2,1,19,22,9,4,1.46,0.41,0.9341666666666667
19.6,5,19,22,9,4,0.84,0.66,0.9283333333333333
28.5,3,19,22,9,4,0.52,0.34,0.9674999999999999
7.9,2,19,22,9,4,1.28,1.1,0.9925
32.3,4,20,22,9,4,1.7,0.55,1.0041666666666667
8.8,5,22,22,9,4,0.83,1.09,0.9754166666666667
1.8,3,22,22,9,4,0.4,0.32,0.9920833333333334
3.1,1,23,22,9,4,0.72,0.42,1.0475
13.6,1,23,22,9,4,1.75,0.85,1.0695833333333333
15.5,2,23,22,9,4,1.38,1.75,1.0137500000000002
35.0,3,0,23,9,5,0.41,0.67,1.06375
1.0,5,0,23,9,5,1.87,1.38,1.0895833333333333
-0.2,3,0,23,9,5,2.0,1.5,1.0525
38.5,1,0,23,9,5,0.61,0.59,1.10125
14.8,5,0,23,9,5,1.76,1.26,1.0970833333333332
-1.0,3,1,23,9,5,1.16,0.31,1.1454166666666667
10.7,3,1,23,9,5,1.47,1.62,1.1041666666666667
6.0,1,2,23,9,5,0.63,0.54,1.0929166666666668
-5.5,3,3,23,9,5,0.27,1.34,1.1070833333333334
15.2,4,4,23,9,5,1.68,0.78,1.1175
-4.6,4,8,23,9,5,1.03,1.17,1.12875
30.8,3,8,23,9,5,1.44,0.92,1.15375
9.4,1,10,23,9,5,1.52,0.96,1.1329166666666666
36.8,5,11,23,9,5,0.46,1.46,1.0970833333333332
32.3,1,12,23,9,5,0.6,0.84,1.1441666666666666
30.2,1,12,23,9,5,1.97,0.52,1.1404166666666666
21.8,3,12,23,9,5,0.43,1.28,1.14
6.7,3,13,23,9,5,1.27,1.7,1.0975
1.7,5,14,23,9,5,0.68,0.83,1.1304166666666666
20.4,2,15,23,9,5,1.62,0.4,1.15625
23.2,4,15,23,9,5,1.02,0.72,1.2070833333333333
2.8,4,16,23,9,5,1.94,1.75,1.2129166666666666
27.9,2,18,23,9,5,1.89,1.38,1.1933333333333334
35.3,2,19,23,9,5,0.91,0.41,1.25125
36.3,3,19,23,9,5,1.8,1.87,1.2479166666666666
14.5,1,20,23,9,5,1.79,2.0,1.2329166666666667
10.6,5,20,23,9,5,1.64,0.61,1.2704166666666665
17.9,5,21,23,9,5,1.51,1.76,1.2729166666666667
0.9,4,22,23,9,5,1.82,1.16,1.3004166666666668
32.9,2,22,23,9,5,1.82,1.47,1.3208333333333333
28.3,2,23,23,9,5,1.96,0.63,1.31625
4.8,2,23,23,9,5,0.52,0.27,1.3429166666666665
3.1,5,0,24,9,6,0.91,1.68,1.3216666666666665
24.8,3,0,24,9,6,1.17,1.03,1.2979166666666666
35.5,1,2,24,9,6,0.46,1.44,1.2537500000000001
36.5,1,3,24,9,6,0.38,1.52,1.2625
-1.8,5,3,24,9,6,1.73,0.46,1.2766666666666666
32.2,4,6,24,9,6,0.8,0.6,1.2920833333333335
19.9,3,6,24,9,6,0.97,1.97,1.25875
19.6,4,6,24,9,6,1.17,0.43,1.2970833333333334
7.3,1,8,24,9,6,1.35,1.27,1.3266666666666669
-7.3,4,11,24,9,6,1.98,0.68,1.3641666666666667
30.1,1,11,24,9,6,1.58,1.62,1.3229166666666667
34.7,2,12,24,9,6,0.63,1.02,1.3095833333333335
15.5,2,13,24,9,6,0.7,1.94,1.27375
28.1,5,13,24,9,6,1.08,1.89,1.2783333333333333
-7.0,1,15,24,9,6,2.0,0.91,1.2525
28.5,1,16,24,9,6,0.29,1.8,1.2249999999999999
37.2,4,16,24,9,6,1.14,1.79,1.1816666666666666
28.3,5,17,24,9,6,0.75,1.64,1.1491666666666667
37.7,4,20,24,9,6,0.86,1.51,1.1129166666666668
8.9,3,21,24,9,6,0.64,1.82,1.0858333333333334
30.4,3,23,24,9,6,1.17,1.82,1.0479166666666668
4.1,4,23,24,9,6,0.91,1.96,1.0366666666666666
8.5,5,1,25,9,0,1.69,0.52,1.03875
27.9,5,2,25,9,0,0.57,0.91,1.0741666666666667
28.3,2,4,25,9,0,1.76,1.17,1.1066666666666667
-7.5,3,5,25,9,0,1.95,0.46,1.1633333333333333
21.4,5,5,25,9,0,1.82,0.38,1.2058333333333333
26.3,4,5,25,9,0,1.4,1.73,1.1795833333333334
31.4,4,7,25,9,0,1.1,0.8,1.1583333333333334
9.8,1,7,25,9,0,0.29,0.97,1.1429166666666666
35.6,5,7,25,9,0,0.6,1.17,1.14375
25.8,2,7,25,9,0,1.19,1.35,1.1158333333333332
21.8,1,8,25,9,0,0.68,1.98,1.07375
9.7,5,11,25,9,0,0.97,1.58,1.0491666666666666
-5.9,2,13,25,9,0,0.99,0.63,1.0604166666666666
11.4,4,14,25,9,0,0.9,0.7,1.08375
11.8,2,14,25,9,0,1.26,1.08,1.0691666666666666
14.5,4,15,25,9,0,0.73,2.0,1.0483333333333333
32.3,3,15,25,9,0,1.5,0.29,1.1
9.4,3,15,25,9,0,1.53,1.14,1.1104166666666666
0.4,3,16,25,9,0,1.39,0.75,1.1370833333333332
-6.9,4,17,25,9,0,1.39,0.86,1.1675
36.1,3,18,25,9,0,1.59,0.64,1.2175
24.2,1,18,25,9,0,1.84,1.17,1.1833333333333333
39.7,2,18,25,9,0,0.35,0.91,1.1991666666666665
30.1,5,18,25,9,0,1.29,1.69,1.1670833333333335
21.9,4,20,25,9,0,0.92,0.57,1.21125
-3.7,4,21,25,9,0,1.63,1.76,1.1783333333333332
4.7,4,22,25,9,0,0.97,1.95,1.17625
2.4,2,23,25,9,0,1.9,1.82,1.1116666666666666
17.6,4,1,26,9,1,0.27,1.4,1.0758333333333334
37.5,5,2,26,9,1,0.54,1.1,1.0754166666666667
-7.8,4,2,26,9,1,1.09,0.29,1.1391666666666667
16.0,1,3,26,9,1,1.82,0.6,1.1304166666666666
30.2,3,4,26,9,1,0.39,1.19,1.0958333333333334
17.0,3,4,26,9,1,0.36,0.68,1.14875
6.5,1,5,26,9,1,1.95,0.97,1.15
18.9,4,6,26,9,1,1.0,0.99,1.1833333333333333
-4.7,4,7,26,9,1,1.79,0.9,1.20625
-2.0,2,7,26,9,1,1.45,1.26,1.2249999999999999
31.8,3,7,26,9,1,1.71,0.73,1.24
30.9,5,8,26,9,1,1.09,1.5,1.1866666666666668
17.1,3,9,26,9,1,0.22,1.53,1.14375
5.6,1,10,26,9,1,0.5,1.39,1.1295833333333334
-3.0,1,10,26,9,1,1.05,1.39,1.1079166666666667
-2.9,5,10,26,9,1,0.87,1.59,1.1095833333333334
-5.4,5,12,26,9,1,1.63,1.84,1.0516666666666667
35.6,5,12,26,9,1,0.45,0.35,1.08125
25.3,2,12,26,9,1,1.06,1.29,1.1016666666666668
7.7,2,12,26,9,1,1.78,0.92,1.0870833333333334
4.8,2,14,26,9,1,0.57,1.63,1.02875
8.4,4,14,26,9,1,0.23,0.97,1.01625
26.4,4,14,26,9,1,0.67,1.9,1.0091666666666665
31.7,4,16,26,9,1,1.73,0.27,1.0754166666666667
-5.3,5,17,26,9,1,1.86,0.54,1.0654166666666667
23.9,5,17,26,9,1,0.3,1.09,1.0529166666666667
10.8,1,19,26,9,1,0.79,1.82,1.0520833333333333
38.8,2,20,26,9,1,1.8,0.39,1.1183333333333334
6.5,5,21,26,9,1,1.98,0.36,1.1558333333333333
20.5,2,0,27,9,2,1.26,1.95,1.1275000000000002
-4.1,5,0,27,9,2,1.27,1.0,1.1016666666666668
-1.3,5,0,27,9,2,0.38,1.79,1.1029166666666668
36.4,5,0,27,9,2,1.82,1.45,1.0854166666666665
22.3,1,4,27,9,2,1.03,1.71,1.08
-0.5,3,4,27,9,2,1.58,1.09,1.0975000000000001
-4.5,2,6,27,9,2,1.51,0.22,1.1312499999999999
34.2,4,7,27,9,2,1.03,0.5,1.17625
-9.3,4,10,27,9,2,1.58,1.05,1.1933333333333331
10.0,4,10,27,9,2,1.46,0.87,1.2245833333333334
22.6,2,11,27,9,2,1.62,1.63,1.1937499999999999
-6.8,5,12,27,9,2,0.89,0.45,1.255
-5.1,4,12,27,9,2,1.92,1.06,1.265
-8.0,1,13,27,9,2,1.3,1.78,1.2366666666666666
31.2,2,14,27,9,2,1.1,0.57,1.2425
5.0,5,15,27,9,2,0.71,0.23,1.2658333333333334
11.5,4,17,27,9,2,0.79,0.67,1.32
18.3,2,19,27,9,2,1.97,1.73,1.2925
34.3,4,20,27,9,2,1.07,1.86,1.2575
-4.4,1,20,27,9,2,1.02,0.3,1.3225
-9.9,1,22,27,9,2,1.86,0.79,1.36625
33.1,3,22,27,9,2,1.84,1.8,1.3379166666666666
9.5,5,23,27,9,2,1.12,1.98,1.29625
30.3,4,0,28,9,3,0.98,1.26,1.3141666666666667
9.6,2,0,28,9,3,1.69,1.27,1.2866666666666666
17.9,4,1,28,9,3,0.61,0.38,1.2975
-4.1,5,1,28,9,3,0.64,1.82,1.2595833333333333
0.3,1,2,28,9,3,0.91,1.03,1.2975
28.7,1,2,28,9,3,1.94,1.58,1.2550000000000001
-4.6,5,2,28,9,3,0.56,1.51,1.2679166666666666
-1.9,4,3,28,9,3,1.82,1.03,1.245
1.5,1,5,28,9,3,0.48,1.58,1.1916666666666667
4.2,3,5,28,9,3,0.3,1.46,1.1691666666666667
36.8,2,6,28,9,3,0.92,1.62,1.1654166666666668
39.8,2,6,28,9,3,1.53,0.89,1.2008333333333334
-5.7,2,6,28,9,3,1.74,1.92,1.1375
17.3,2,8,28,9,3,0.4,1.3,1.1454166666666667
8.7,2,9,28,9,3,1.49,1.1,1.1470833333333335
20.1,1,10,28,9,3,1.14,0.71,1.1895833333333334
-8.7,5,11,28,9,3,1.73,0.79,1.2204166666666667
19.8,5,12,28,9,3,1.53,1.97,1.16375
2.1,1,12,28,9,3,0.61,1.07,1.1770833333333333
-3.6,4,12,28,9,3,1.39,1.02,1.1825
21.6,4,14,28,9,3,1.15,1.86,1.1375
38.3,2,14,28,9,3,0.78,1.84,1.1016666666666666
3.4,3,15,28,9,3,0.98,1.12,1.0654166666666667
13.5,4,16,28,9,3,0.25,0.98,1.0991666666666666
30.2,3,18,28,9,3,1.79,1.69,1.0475
14.6,5,19,28,9,3,0.45,0.61,1.0595833333333333
-2.5,2,20,28,9,3,0.9,0.64,1.10125
28.7,3,20,28,9,3,1.64,0.91,1.12375
22.4,4,20,28,9,3,1.45,1.94,1.0908333333333333
7.3,4,22,28,9,3,1.15,0.56,1.1504166666666666
-2.7,1,23,28,9,3,1.99,1.82,1.1379166666666667
18.1,4,0,29,9,4,1.52,0.48,1.1512499999999999
-3.2,1,0,29,9,4,0.8,0.3,1.1775
14.9,5,0,29,9,4,0.93,0.92,1.175
4.8,1,1,29,9,4,0.86,1.53,1.1295833333333334
16.6,1,1,29,9,4,0.44,1.74,1.1129166666666668
2.9,5,1,29,9,4,1.34,0.4,1.1775
-4.2,2,2,29,9,4,1.95,1.49,1.1483333333333332
20.4,5,2,29,9,4,0.79,1.14,1.1833333333333333
31.5,1,3,29,9,4,1.98,1.73,1.1595833333333332
7.1,1,4,29,9,4,1.16,1.53,1.1329166666666668
-4.8,3,4,29,9,4,0.89,0.61,1.1554166666666668
38.1,2,5,29,9,4,1.15,1.39,1.11125
-7.7,3,5,29,9,4,0.33,1.15,1.0745833333333332
-6.3,4,6,29,9,4,0.27,0.78,1.0545833333333334
0.9,5,6,29,9,4,0.3,0.98,1.0245833333333334
-8.3,3,8,29,9,4,0.26,0.25,1.07125
30.3,3,8,29,9,4,1.37,1.79,1.0375
14.6,3,8,29,9,4,0.98,0.45,1.1016666666666666
32.0,5,8,29,9,4,1.99,0.9,1.1275
31.9,2,9,29,9,4,1.52,1.64,1.1275
10.3,1,11,29,9,4,1.64,1.45,1.1116666666666666
21.8,5,11,29,9,4,1.07,1.15,1.095
36.2,4,12,29,9,4,0.75,1.99,1.0508333333333333
15.8,4,12,29,9,4,0.93,1.52,1.0420833333333335
19.8,3,13,29,9,4,1.31,0.8,1.0454166666666667
10.7,1,14,29,9,4,0.88,0.93,1.0183333333333333
-9.8,1,15,29,9,4,0.28,0.86,1.0337500000000002
21.2,1,15,29,9,4,1.23,0.44,1.0475
6.3,4,16,29,9,4,0.77,1.34,1.0445833333333334
-1.4,1,18,29,9,4,1.27,1.95,1.01625
13.6,1,19,29,9,4,1.27,0.79,1.0516666666666667
-9.2,5,19,29,9,4,1.64,1.98,0.9995833333333334
14.3,2,20,29,9,4,0.73,1.16,1.03375
37.9,3,20,29,9,4,1.98,0.89,1.03875
16.8,2,20,29,9,4,1.01,1.15,1.06
11.7,2,21,29,9,4,1.66,0.33,1.06125
-1.3,1,21,29,9,4,0.36,0.27,1.0975
-6.5,2,22,29,9,4,1.14,0.3,1.1683333333333332
-7.7,1,22,29,9,4,2.0,0.26,1.1766666666666667
20.8,1,22,29,9,4,0.46,1.37,1.1720833333333334
-8.7,1,23,29,9,4,1.26,0.98,1.2049999999999998
23.5,1,0,30,9,5,1.77,1.99,1.1970833333333333
8.4,3,0,30,9,5,1.8,1.52,1.1629166666666666
13.7,4,2,30,9,5,0.7,1.64,1.1195833333333334
13.7,3,3,30,9,5,0.6,1.07,1.1300000000000001
21.6,3,3,30,9,5,1.32,0.75,1.1275000000000002
-7.4,5,4,30,9,5,0.69,0.93,1.12375
18.7,4,5,30,9,5,0.84,1.31,1.1466666666666667
26.1,5,9,30,9,5,1.86,0.88,1.1737499999999998
7.3,3,9,30,9,5,1.53,0.28,1.1820833333333332
2.2,3,10,30,9,5,0.48,1.23,1.1429166666666668
-2.3,4,10,30,9,5,0.29,0.77,1.1283333333333332
0.9,4,10,30,9,5,0.42,1.27,1.12625
7.3,5,13,30,9,5,1.22,1.27,1.1441666666666668
17.6,2,13,30,9,5,1.7,1.64,1.1229166666666666
-8.1,4,13,30,9,5,1.13,0.73,1.1320833333333333
18.8,5,14,30,9,5,0.95,1.98,1.0970833333333334
23.1,1,14,30,9,5,1.14,1.01,1.1300000000000001
1.2,4,14,30,9,5,1.8,1.66,1.07125
7.4,3,15,30,9,5,0.25,0.36,1.1395833333333334
14.8,3,16,30,9,5,2.0,1.14,1.1075
24.4,2,19,30,9,5,0.37,2.0,1.0454166666666667
23.9,1,19,30,9,5,0.51,0.46,1.0954166666666667
-7.1,1,21,30,9,5,1.66,1.26,1.0645833333333334
-6.3,5,22,30,9,5,0.52,1.77,1.0479166666666668
0.1,4,22,30,9,5,1.37,1.8,0.995
22.1,2,0,1,10,6,0.53,0.7,1.0441666666666667
7.2,2,1,1,10,6,1.88,0.6,1.07
-7.1,1,2,1,10,6,1.22,1.32,1.0254166666666666
0.9,1,2,1,10,6,0.25,0.69,1.0566666666666669
13.4,1,3,1,10,6,1.44,0.84,1.0670833333333334
18.4,3,3,1,10,6,1.09,1.86,1.0079166666666666
22.1,1,4,1,10,6,0.44,1.53,1.0154166666666666
13.0,5,4,1,10,6,1.71,0.48,1.0379166666666666
37.2,5,4,1,10,6,1.02,0.29,1.0429166666666665
14.7,2,6,1,10,6,0.41,0.42,1.05875
-9.3,1,6,1,10,6,0.8,1.22,1.0254166666666666
28.9,4,7,1,10,6,0.42,1.7,1.0025
32.3,5,8,1,10,6,1.15,1.13,1.0329166666666667
4.9,3,10,1,10,6,1.86,0.95,1.0720833333333333
-0.5,4,10,1,10,6,1.89,1.14,1.0725
13.7,1,11,1,10,6,1.15,1.8,1.0458333333333332
-7.2,5,11,1,10,6,1.16,0.25,1.1133333333333333
-2.9,5,12,1,10,6,1.87,2.0,1.07375
10.2,3,13,1,10,6,1.05,0.37,1.1354166666666667
2.8,4,13,1,10,6,1.85,0.51,1.16
32.3,3,15,1,10,6,1.1,1.66,1.115
32.3,5,17,1,10,6,0.58,0.52,1.1300000000000001
9.7,2,18,1,10,6,0.88,1.37,1.1295833333333334
25.1,1,18,1,10,6,1.36,0.53,1.165
0.0,5,19,1,10,6,1.38,1.88,1.1624999999999999
14.7,4,19,1,10,6,1.82,1.22,1.1716666666666666
14.7,1,20,1,10,6,1.44,0.25,1.175
-4.9,4,20,1,10,6,0.33,1.44,1.17125
-4.2,4,21,1,10,6,1.35,1.09,1.1629166666666666
8.7,3,1,2,10,0,0.89,0.44,1.2083333333333333
16.9,2,1,2,10,0,1.53,1.71,1.1941666666666666
18.9,1,2,2,10,0,1.37,1.02,1.1970833333333333
11.8,1,2,2,10,0,1.09,0.41,1.2245833333333334
11.5,5,4,2,10,0,1.07,0.8,1.2054166666666666
18.9,5,7,2,10,0,0.34,0.42,1.2212500000000002
-7.3,1,9,2,10,0,0.8,1.15,1.2529166666666667
28.6,5,9,2,10,0,1.91,1.86,1.2091666666666667
28.4,1,10,2,10,0,0.81,1.89,1.2045833333333333
21.8,2,11,2,10,0,1.78,1.15,1.1833333333333333
18.0,3,11,2,10,0,0.64,1.16,1.18875
29.2,3,12,2,10,0,1.29,1.87,1.1816666666666666
15.1,5,12,2,10,0,1.7,1.05,1.1808333333333334
32.9,4,14,2,10,0,1.03,1.85,1.1729166666666668
1.5,4,15,2,10,0,1.66,1.1,1.14375
15.9,1,17,2,10,0,0.4,0.58,1.1891666666666667
15.7,4,18,2,10,0,1.67,0.88,1.1733333333333333
37.8,2,19,2,10,0,0.5,1.36,1.1445833333333333
-5.5,4,19,2,10,0,0.67,1.38,1.1420833333333333
15.8,5,20,2,10,0,1.32,1.82,1.1291666666666667
35.5,4,20,2,10,0,1.51,1.44,1.0908333333333333
12.8,3,21,2,10,0,0.52,0.33,1.1266666666666667
25.2,4,22,2,10,0,1.19,1.35,1.09125
32.5,5,23,2,10,0,0.5,0.89,1.1233333333333333
32.8,3,23,2,10,0,1.66,1.53,1.0737500000000002
29.1,2,23,2,10,0,0.34,1.37,1.0791666666666668
8.5,1,23,2,10,0,1.5,1.09,1.1158333333333335
-5.3,5,0,3,10,1,1.97,1.07,1.0958333333333334
12.6,5,0,3,10,1,0.59,0.34,1.1570833333333332
19.7,4,0,3,10,1,1.81,0.8,1.1433333333333333
1.5,3,2,3,10,1,0.47,1.91,1.1104166666666666
35.5,2,2,3,10,1,1.12,0.81,1.09
9.3,3,3,3,10,1,0.32,1.78,1.03375
32.6,4,3,3,10,1,0.43,0.64,1.0695833333333333
13.5,5,5,3,10,1,1.5,1.29,1.0354166666666667
15.9,3,5,3,10,1,0.47,1.7,1.0095833333333333
12.0,3,6,3,10,1,1.08,1.03,1.0129166666666667
32.7,4,7,3,10,1,1.11,1.66,0.9941666666666666
25.8,5,7,3,10,1,1.21,0.4,0.9916666666666667
21.5,2,8,3,10,1,0.34,1.67,0.9695833333333334
28.0,2,8,3,10,1,1.14,0.5,0.9983333333333334
12.6,3,8,3,10,1,1.19,0.67,1.01875
26.0,1,9,3,10,1,1.16,1.32,1.0145833333333334
17.3,3,10,3,10,1,1.22,1.51,1.0245833333333334
15.4,1,11,3,10,1,1.75,0.52,1.0566666666666666
25.5,5,11,3,10,1,1.29,1.19,1.05
20.3,4,11,3,10,1,1.03,0.5,1.0616666666666668
28.0,1,13,3,10,1,0.78,1.66,1.0395833333333333
39.2,3,15,3,10,1,1.13,0.34,1.0954166666666667
18.0,3,16,3,10,1,1.68,1.5,1.1083333333333332
-6.9,2,18,3,10,1,1.81,1.97,1.0445833333333334
-9.7,3,18,3,10,1,0.44,0.59,1.0833333333333333
3.7,5,19,3,10,1,1.52,1.81,1.0245833333333334
33.7,2,22,3,10,1,0.4,0.47,1.07125
7.0,4,23,3,10,1,1.59,1.12,1.0333333333333334
35.5,2,23,3,10,1,0.21,0.32,1.0420833333333335
-1.7,3,23,3,10,1,0.53,0.43,1.09
8.3,4,0,4,10,2,1.58,1.5,1.0720833333333333
5.3,1,1,4,10,2,1.07,0.47,1.0675000000000001
6.7,2,2,4,10,2,0.36,1.08,1.0995833333333334
9.9,3,7,4,10,2,1.85,1.11,1.11125
39.3,3,10,4,10,2,1.39,1.21,1.0908333333333333
-3.5,3,12,4,10,2,0.72,0.34,1.1533333333333333
14.5,4,13,4,10,2,1.84,1.14,1.1445833333333333
34.0,3,13,4,10,2,0.93,1.19,1.1554166666666668
38.9,5,15,4,10,2,1.45,1.16,1.145
-5.2,2,17,4,10,2,0.91,1.22,1.1633333333333333
-5.0,1,18,4,10,2,1.66,1.75,1.16875
8.6,1,19,4,10,2,1.88,1.29,1.1566666666666667
-0.0,1,20,4,10,2,1.0,1.03,1.1554166666666668
-1.4,4,21,4,10,2,1.0,0.78,1.1958333333333333
-4.4,4,23,4,10,2,1.75,1.13,1.2191666666666665
9.2,3,23,4,10,2,1.69,1.68,1.2041666666666666
8.7,4,2,5,10,3,1.32,1.81,1.1587500000000002
-1.3,4,3,5,10,3,0.72,0.44,1.1729166666666666
28.5,2,3,5,10,3,0.78,1.52,1.1783333333333335
30.0,5,4,5,10,3,1.65,0.4,1.2420833333333334
2.7,2,5,5,10,3,1.93,1.59,1.2020833333333332
-2.8,2,6,5,10,3,0.63,0.21,1.24875
16.7,3,6,5,10,3,1.33,0.53,1.2745833333333334
16.6,1,8,5,10,3,1.15,1.58,1.2862500000000001
27.4,2,9,5,10,3,1.86,1.07,1.2808333333333335
14.4,1,10,5,10,3,0.94,0.36,1.32625
4.0,4,11,5,10,3,1.45,1.85,1.3245833333333332
29.4,2,11,5,10,3,1.81,1.39,1.3008333333333333
31.6,4,11,5,10,3,0.82,0.72,1.3154166666666667
29.4,4,12,5,10,3,1.07,1.84,1.31125
-8.6,2,12,5,10,3,1.74,0.93,1.3083333333333333
22.0,3,13,5,10,3,0.86,1.45,1.29625
-3.5,2,13,5,10,3,1.16,0.91,1.3283333333333334
-8.5,1,14,5,10,3,1.68,1.66,1.3166666666666667
10.8,3,15,5,10,3,1.38,1.88,1.2899999999999998
-4.4,5,16,5,10,3,1.24,1.0,1.3166666666666667
24.1,4,16,5,10,3,1.64,1.0,1.345
29.9,2,16,5,10,3,1.68,1.75,1.3412499999999998
3.1,4,18,5,10,3,1.66,1.69,1.29
27.0,2,19,5,10,3,0.46,1.32,1.2645833333333334
9.8,5,19,5,10,3,0.71,0.72,1.2725
25.8,4,21,5,10,3,0.91,0.78,1.2920833333333335
21.4,2,21,5,10,3,1.25,1.65,1.2641666666666664
25.3,5,21,5,10,3,0.98,1.93,1.2462499999999999
22.4,5,22,5,10,3,1.5,0.63,1.2629166666666667
20.0,1,23,5,10,3,1.03,1.33,1.24375
21.7,2,0,6,10,4,0.87,1.15,1.2575
2.4,4,2,6,10,4,1.48,1.86,1.2420833333333332
23.9,5,3,6,10,4,1.49,0.94,1.2270833333333333
31.6,2,3,6,10,4,0.58,1.45,1.2495833333333333
11.1,3,5,6,10,4,1.99,1.81,1.1854166666666666
-4.0,1,6,6,10,4,0.27,0.82,1.2058333333333333
36.5,4,7,6,10,4,1.31,1.07,1.2049999999999998
-0.6,4,7,6,10,4,1.05,1.74,1.1854166666666666
29.7,5,8,6,10,4,1.27,0.86,1.2270833333333333
37.2,2,8,6,10,4,1.86,1.16,1.2429166666666667
1.8,5,9,6,10,4,1.54,1.68,1.1920833333333334
28.5,3,11,6,10,4,0.46,1.38,1.1512499999999999
23.4,3,11,6,10,4,0.4,1.24,1.1254166666666667
15.3,3,11,6,10,4,0.62,1.64,1.1166666666666667
18.9,4,13,6,10,4,1.43,1.68,1.1216666666666668
15.1,5,13,6,10,4,1.8,1.66,1.0954166666666667
27.9,2,14,6,10,4,1.03,0.46,1.1345833333333333
4.7,4,16,6,10,4,1.4,0.71,1.17875
24.7,4,16,6,10,4,1.77,0.91,1.1979166666666667
17.3,3,16,6,10,4,1.37,1.25,1.2145833333333333
13.7,5,16,6,10,4,1.65,0.98,1.2550000000000001
36.0,3,18,6,10,4,1.95,1.5,1.2333333333333332
24.4,1,20,6,10,4,0.98,1.03,1.21375
36.3,5,20,6,10,4,0.56,0.87,1.2420833333333332
-9.7,3,23,6,10,4,1.55,1.48,1.2258333333333333
39.5,5,23,6,10,4,1.09,1.49,1.2100000000000002
7.4,1,0,7,10,5,1.11,0.58,1.2520833333333334
8.3,3,1,7,10,5,1.59,1.99,1.2166666666666666
-8.4,5,1,7,10,5,1.14,0.27,1.2583333333333335
30.6,2,5,7,10,5,1.27,1.31,1.2604166666666667
23.4,4,6,7,10,5,1.36,1.05,1.2733333333333334
33.0,3,7,7,10,5,1.36,1.27,1.235
39.8,5,8,7,10,5,0.35,1.86,1.2095833333333335
-4.8,5,8,7,10,5,1.25,1.54,1.20875
31.9,2,9,7,10,5,1.52,0.46,1.20125
9.6,4,10,7,10,5,0.28,0.4,1.19625
21.0,4,11,7,10,5,0.28,0.62,1.2441666666666666
2.9,1,11,7,10,5,1.77,1.43,1.2129166666666666
32.9,4,12,7,10,5,0.68,1.8,1.2095833333333335
14.8,3,13,7,10,5,1.72,1.03,1.1970833333333333
35.7,2,17,7,10,5,0.73,1.4,1.2
3.3,1,18,7,10,5,1.47,1.77,1.1979166666666667
1.4,3,18,7,10,5,1.72,1.37,1.21
-8.4,4,20,7,10,5,1.66,1.65,1.2137499999999999
-9.4,5,20,7,10,5,1.74,1.95,1.145
13.3,4,21,7,10,5,0.3,0.98,1.1604166666666667
31.0,2,22,7,10,5,1.35,0.56,1.1779166666666667
4.0,5,0,8,10,6,0.98,1.55,1.1612500000000001
-1.5,4,1,8,10,6,1.15,1.09,1.1808333333333334
30.2,3,1,8,10,6,1.56,1.11,1.1770833333333333
-2.3,4,2,8,10,6,1.02,1.59,1.18875
22.5,5,3,8,10,6,1.87,1.14,1.2108333333333334
18.1,4,4,8,10,6,1.67,1.27,1.2266666666666666
33.5,1,5,8,10,6,1.65,1.36,1.2083333333333333
23.5,5,5,8,10,6,0.92,1.36,1.1641666666666668
16.9,1,5,8,10,6,0.3,0.35,1.1729166666666666
4.2,3,6,8,10,6,0.56,1.25,1.1429166666666666
34.6,3,7,8,10,6,0.53,1.52,1.0908333333333333
9.8,4,7,8,10,6,0.27,0.28,1.1329166666666668
22.0,3,8,8,10,6,1.29,0.28,1.1358333333333335
-1.7,5,8,8,10,6,0.35,1.77,1.14125
-2.7,1,10,8,10,6,1.9,0.68,1.1429166666666666
-1.0,4,10,8,10,6,0.72,1.72,1.09375
37.7,4,11,8,10,6,0.54,0.73,1.14375
14.5,1,11,8,10,6,1.93,1.47,1.1258333333333332
-3.4,2,11,8,10,6,1.04,1.72,1.0883333333333334
-0.3,2,11,8,10,6,0.82,1.66,1.0483333333333333
17.4,3,11,8,10,6,0.7,1.74,0.9883333333333334
33.0,3,12,8,10,6,0.3,0.3,0.9908333333333333
30.2,4,13,8,10,6,0.36,1.35,0.9641666666666667
-5.0,2,13,8,10,6,0.71,0.98,0.94125
2.3,4,13,8,10,6,0.43,1.15,0.9179166666666667
-0.4,2,16,8,10,6,0.59,1.56,0.8766666666666668
19.8,5,16,8,10,6,0.57,1.02,0.8787499999999998
31.0,1,18,8,10,6,1.07,1.87,0.8195833333333334
-2.3,2,19,8,10,6,0.45,1.67,0.7758333333333333
39.5,1,20,8,10,6,0.62,1.65,0.7233333333333333
26.9,5,20,8,10,6,0.39,0.92,0.7637499999999999
29.4,5,21,8,10,6,1.89,0.3,0.78875
22.2,2,21,8,10,6,0.9,0.56,0.80125
3.7,2,21,8,10,6,0.86,0.53,0.8441666666666666
14.6,4,21,8,10,6,1.56,0.27,0.91375
37.2,5,21,8,10,6,1.94,1.29,0.9216666666666667
31.6,4,21,8,10,6,1.48,0.35,0.9279166666666666
27.1,2,21,8,10,6,0.5,1.9,0.8683333333333333
34.0,1,22,8,10,6,0.47,0.72,0.8858333333333334
13.4,1,23,8,10,6,1.14,0.54,0.8804166666666667
-8.9,5,23,8,10,6,0.41,1.93,0.8575
37.6,3,23,8,10,6,1.38,1.04,0.8262499999999999
-9.8,1,0,9,10,0,0.29,0.82,0.8279166666666665
-4.7,4,1,9,10,0,0.86,0.7,0.8645833333333334
16.8,5,2,9,10,0,1.58,0.3,0.8624999999999999
9.5,1,2,9,10,0,0.25,0.36,0.8920833333333333
-2.6,3,5,9,10,0,1.07,0.71,0.9074999999999999
15.1,1,6,9,10,0,1.08,0.43,0.9070833333333334
-7.5,5,7,9,10,0,0.42,0.59,0.9341666666666666
-1.0,2,7,9,10,0,1.24,0.57,0.9366666666666665
21.9,5,7,9,10,0,0.63,1.07,0.9358333333333332
22.6,1,8,9,10,0,1.05,0.45,0.9387499999999999
16.1,3,8,9,10,0,0.52,0.62,0.9358333333333334
28.4,3,8,9,10,0,0.55,0.39,0.9533333333333335
34.1,1,8,9,10,0,0.81,1.89,0.9016666666666667
22.0,3,9,9,10,0,0.65,0.9,0.8845833333333332
-0.6,1,11,9,10,0,0.49,0.86,0.9033333333333333
1.7,2,11,9,10,0,1.31,1.56,0.9025
34.8,3,12,9,10,0,1.54,1.94,0.84375
12.7,3,13,9,10,0,0.53,1.48,0.8649999999999999
26.9,1,13,9,10,0,1.99,0.5,0.9074999999999999
19.6,2,14,9,10,0,1.52,0.47,0.9345833333333333
-6.1,4,15,9,10,0,1.12,1.14,0.9554166666666667
11.9,1,17,9,10,0,1.64,0.41,0.98
37.8,3,19,9,10,0,1.0,1.38,0.9466666666666667
-2.0,3,20,9,10,0,0.58,0.29,0.9620833333333333
38.6,3,20,9,10,0,0.66,0.86,0.9554166666666667
15.0,3,21,9,10,0,0.7,1.58,0.89875
33.2,5,22,9,10,0,0.22,0.25,0.9208333333333333
21.8,3,23,9,10,0,0.78,1.07,0.8999999999999999
13.6,3,0,10,10,1,0.57,1.08,0.9229166666666667
18.1,3,0,10,10,1,1.63,0.42,0.9204166666666667
32.5,2,1,10,10,1,0.36,1.24,0.9291666666666667
13.4,3,5,10,10,1,1.45,0.63,0.9450000000000002
1.4,2,6,10,10,1,1.01,1.05,0.9116666666666667
11.3,5,7,10,10,1,0.25,0.52,0.9208333333333334
21.2,2,8,10,10,1,0.74,0.55,0.9075000000000001
9.5,5,11,10,10,1,0.23,0.81,0.9149999999999999
-7.7,5,11,10,10,1,0.99,0.65,0.9295833333333333
0.2,2,13,10,10,1,1.0,0.49,0.92
35.4,5,13,10,10,1,0.26,1.31,0.94
15.7,2,14,10,10,1,1.79,1.54,0.8954166666666666
1.1,4,15,10,10,1,0.47,0.53,0.9154166666666667
4.0,4,16,10,10,1,1.01,1.99,0.8658333333333333
30.3,2,20,10,10,1,0.8,1.52,0.82625
18.9,1,21,10,10,1,0.57,1.12,0.8008333333333333
-1.3,4,23,10,10,1,0.51,1.64,0.7916666666666666
3.6,5,2,11,10,2,1.42,1.0,0.7733333333333333
19.5,2,6,11,10,2,0.56,0.58,0.7837500000000001
35.0,1,8,11,10,2,0.83,0.66,0.8241666666666667
14.4,4,9,11,10,2,1.63,0.7,0.8395833333333335
32.7,5,9,11,10,2,1.07,0.22,0.8679166666666666
24.2,1,9,11,10,2,0.9,0.78,0.8954166666666667
19.1,2,10,11,10,2,1.44,0.57,0.9525
25.8,2,10,11,10,2,1.94,1.63,0.9658333333333333
34.5,3,11,11,10,2,1.95,0.36,0.9620833333333333
23.2,1,12,11,10,2,0.27,1.45,0.9233333333333333
0.8,4,12,11,10,2,0.52,1.01,0.8937499999999999
7.2,1,13,11,10,2,0.3,0.25,0.9624999999999999
39.2,4,15,11,10,2,1.9,0.74,1.0079166666666668
27.9,3,15,11,10,2,1.83,0.23,1.0279166666666666
30.1,5,16,11,10,2,0.71,0.99,1.0470833333333334
7.1,2,16,11,10,2,1.45,1.0,1.0766666666666667
35.1,2,17,11,10,2,1.71,0.26,1.115
9.3,2,17,11,10,2,1.18,1.79,1.0629166666666667
16.4,3,19,11,10,2,0.54,0.47,1.1170833333333334
-7.0,2,22,11,10,2,1.77,1.01,1.1225
-8.3,2,22,11,10,2,1.14,0.8,1.1170833333333332
23.0,5,23,11,10,2,0.67,0.57,1.14875
37.5,2,2,12,10,3,1.33,0.51,1.1841666666666668
1.7,2,3,12,10,3,1.36,1.42,1.14625
-1.5,2,3,12,10,3,0.51,0.56,1.1383333333333334
-6.7,4,5,12,10,3,0.37,0.83,1.1375
33.7,3,6,12,10,3,0.81,1.63,1.0999999999999999
3.8,4,6,12,10,3,0.73,1.07,1.1241666666666668
8.4,1,7,12,10,3,1.65,0.9,1.1016666666666668
37.6,2,7,12,10,3,0.36,1.44,1.095
15.7,5,9,12,10,3,1.28,1.94,1.0604166666666668
15.7,4,10,12,10,3,1.11,1.95,1.0029166666666667
-3.7,4,10,12,10,3,0.57,0.27,1.0075
33.2,4,11,12,10,3,0.38,0.52,1.0604166666666666
14.3,5,11,12,10,3,1.79,0.3,1.06625
19.2,5,12,12,10,3,0.44,1.9,1.0454166666666667
39.3,3,13,12,10,3,1.4,1.83,0.9899999999999999
12.1,3,14,12,10,3,0.5,0.71,1.0354166666666667
33.3,3,14,12,10,3,1.8,1.45,1.0066666666666666
27.4,1,15,12,10,3,0.76,1.71,0.9954166666666667
29.2,4,16,12,10,3,1.44,1.18,0.9891666666666667
-0.2,1,17,12,10,3,1.03,0.54,1.03875
26.3,4,17,12,10,3,1.73,1.77,0.9808333333333333
8.4,1,17,12,10,3,0.38,1.14,0.9604166666666666
22.3,5,17,12,10,3,0.65,0.67,0.9425
29.5,3,18,12,10,3,0.24,1.33,0.9474999999999999
22.1,3,18,12,10,3,1.45,1.36,0.945
33.3,1,18,12,10,3,1.3,0.51,0.9575
11.3,4,19,12,10,3,0.81,0.37,0.9629166666666666
20.5,3,19,12,10,3,0.5,0.81,0.9754166666666668
10.5,2,22,12,10,3,1.11,0.73,0.9829166666666667
-2.9,1,22,12,10,3,0.91,1.65,0.9408333333333333
33.1,5,22,12,10,3,0.64,0.36,0.9845833333333333
-8.0,4,22,12,10,3,1.41,1.28,1.0070833333333333
-9.4,2,23,12,10,3,1.82,1.11,1.0183333333333333
8.6,2,23,12,10,3,1.38,0.57,1.0062499999999999
2.5,5,1,13,10,4,0.28,0.38,1.00125
24.6,3,1,13,10,4,0.26,1.79,0.9720833333333334
10.4,4,2,13,10,4,1.09,0.44,0.9812500000000001
27.3,5,3,13,10,4,0.66,1.4,0.9845833333333335
9.9,5,7,13,10,4,1.48,0.5,1.0333333333333334
17.7,1,7,13,10,4,1.67,1.8,1.035
13.6,4,8,13,10,4,1.84,0.76,1.0533333333333332
17.6,2,9,13,10,4,1.2,1.44,1.0545833333333334
-0.5,4,9,13,10,4,1.47,1.03,1.02875
26.4,2,10,13,10,4,0.41,1.73,0.9770833333333333
26.1,3,10,13,10,4,0.49,0.38,0.9745833333333334
29.7,2,10,13,10,4,0.32,0.65,0.9641666666666667
10.7,2,11,13,10,4,0.4,0.24,1.0108333333333335
-3.7,4,12,13,10,4,1.36,1.45,0.965
14.5,2,12,13,10,4,0.35,1.3,0.96375
12.1,5,12,13,10,4,1.27,0.81,0.9912500000000001
28.3,1,13,13,10,4,1.47,0.5,1.0108333333333335
17.8,3,13,13,10,4,0.97,1.11,1.0041666666666667
19.4,3,18,13,10,4,0.95,0.91,1.0366666666666668
30.5,4,20,13,10,4,1.69,0.64,1.05875
-0.3,1,20,13,10,4,1.17,1.41,1.01125
18.9,1,23,13,10,4,0.27,1.82,0.97375
3.0,2,23,13,10,4,0.92,1.38,0.9470833333333334
21.5,5,23,13,10,4,0.74,0.28,0.9879166666666667
26.3,4,0,14,10,5,1.26,0.26,1.0316666666666665
0.6,2,1,14,10,5,1.31,1.09,1.0491666666666666
-4.1,2,1,14,10,5,1.51,0.66,1.05125
-9.5,5,2,14,10,5,0.71,1.48,1.0454166666666667
39.2,3,2,14,10,5,1.34,1.67,1.0054166666666668
3.2,4,3,14,10,5,0.71,1.84,0.9745833333333334
-2.6,3,7,14,10,5,1.1,1.2,0.9387500000000001
13.8,1,8,14,10,5,0.34,1.47,0.9291666666666667
39.8,5,8,14,10,5,1.24,0.41,0.9220833333333333
37.8,2,10,14,10,5,0.24,0.49,0.9108333333333333
26.7,5,10,14,10,5,0.22,0.32,0.9629166666666666
30.0,2,11,14,10,5,1.57,0.4,0.9808333333333334
-1.2,4,12,14,10,5,0.83,1.36,0.9504166666666666
-1.6,4,13,14,10,5,0.63,0.35,1.0170833333333333
-6.6,4,15,14,10,5,1.95,1.27,1.0095833333333333
-5.9,1,16,14,10,5,1.09,1.47,1.0029166666666667
19.7,3,20,14,10,5,1.31,0.97,1.0404166666666665
7.5,4,21,14,10,5,1.87,0.95,1.0683333333333334
-1.0,3,22,14,10,5,1.62,1.69,1.0695833333333333
34.5,5,22,14,10,5,1.72,1.17,1.0566666666666669
-6.6,5,23,14,10,5,0.86,0.27,1.0645833333333334
38.4,1,0,15,10,6,0.46,0.92,1.0741666666666667
19.6,3,2,15,10,6,1.15,0.74,1.1033333333333333
37.4,2,2,15,10,6,1.44,1.26,1.1058333333333332
-3.5,2,3,15,10,6,1.32,1.31,1.06375
7.7,5,4,15,10,6,0.3,1.51,1.07875
9.2,5,4,15,10,6,1.87,0.71,1.1224999999999998
31.2,1,6,15,10,6,1.76,1.34,1.1154166666666667
19.8,3,7,15,10,6,1.17,0.71,1.1383333333333334
-4.8,2,9,15,10,6,1.26,1.1,1.1725
32.7,4,10,15,10,6,1.92,0.34,1.17625
-1.0,1,10,15,10,6,0.43,1.24,1.13875
23.0,5,11,15,10,6,0.34,0.24,1.2058333333333333
6.9,5,13,15,10,6,1.85,0.22,1.2270833333333335
-7.9,2,14,15,10,6,0.73,1.57,1.1895833333333334
13.6,1,14,15,10,6,0.67,0.83,1.2054166666666666
5.4,2,16,15,10,6,1.21,0.63,1.2325000000000002
-8.4,4,16,15,10,6,1.28,1.95,1.2204166666666667
36.7,4,17,15,10,6,1.66,1.09,1.1904166666666667
18.3,5,18,15,10,6,0.37,1.31,1.1541666666666666
1.4,3,20,15,10,6,0.44,1.87,1.1095833333333334
12.9,5,21,15,10,6,0.8,1.62,1.0683333333333334
20.3,3,22,15,10,6,0.63,1.72,1.0766666666666669
11.2,3,22,15,10,6,1.92,0.86,1.12125
0.9,2,1,16,10,0,1.93,0.46,1.1495833333333334
35.0,3,1,16,10,0,1.14,1.15,1.1541666666666666
10.3,2,3,16,10,0,1.26,1.44,1.135
5.3,4,3,16,10,0,0.98,1.32,1.0995833333333334
28.4,5,4,16,10,0,0.47,0.3,1.1375
-7.2,3,4,16,10,0,1.21,1.87,1.1225
-9.4,4,5,16,10,0,1.51,1.76,1.1254166666666665
39.0,1,5,16,10,0,1.83,1.17,1.0908333333333333
23.0,4,5,16,10,0,0.34,1.26,1.10625
4.0,1,6,16,10,0,1.63,1.92,1.09375
-0.4,2,6,16,10,0,1.62,0.43,1.1579166666666667
-4.4,2,7,16,10,0,1.97,0.34,1.1666666666666667
16.5,3,7,16,10,0,0.55,1.85,1.11625
0.8,2,9,16,10,0,0.64,0.73,1.11
6.2,3,10,16,10,0,0.58,0.67,1.1079166666666667
8.1,4,10,16,10,0,0.62,1.21,1.12875
37.2,5,10,16,10,0,1.71,1.28,1.0954166666666667
33.3,5,11,16,10,0,0.48,1.66,1.0833333333333333
-0.8,4,11,16,10,0,1.37,0.37,1.12
31.0,2,11,16,10,0,1.25,0.44,1.1445833333333333
21.7,3,12,16,10,0,1.03,0.8,1.135
34.2,2,14,16,10,0,0.57,0.63,1.1329166666666668
15.4,5,15,16,10,0,0.58,1.92,1.0787499999999999
2.5,1,16,16,10,0,0.62,1.93,1.0470833333333334
26.3,5,16,16,10,0,1.17,1.14,1.0104166666666667
39.7,2,17,16,10,0,0.26,1.26,1.0025
17.6,1,18,16,10,0,1.07,0.98,0.9979166666666667
14.3,5,18,16,10,0,0.87,0.47,1.0083333333333333
-5.7,5,19,16,10,0,0.72,1.21,0.99375
-9.5,3,20,16,10,0,0.86,1.51,0.9566666666666666
10.4,3,22,16,10,0,0.62,1.83,0.9245833333333334
-8.3,2,23,16,10,0,1.06,0.34,0.9879166666666667
24.7,5,23,16,10,0,1.86,1.63,0.9400000000000001
-9.3,1,23,16,10,0,0.48,1.62,0.8904166666666667
-8.6,1,1,17,10,1,0.43,1.97,0.8495833333333334
-3.8,2,1,17,10,1,0.99,0.55,0.8525
38.1,1,2,17,10,1,0.62,0.64,0.895
2.6,2,2,17,10,1,1.66,0.58,0.9079166666666666
-8.8,5,2,17,10,1,0.89,0.62,0.9225
16.4,4,3,17,10,1,0.97,1.71,0.8654166666666666
25.5,2,4,17,10,1,0.34,0.48,0.9162499999999999
-4.9,5,4,17,10,1,1.7,1.37,0.875
-6.2,1,5,17,10,1,0.38,1.25,0.8991666666666666
9.5,1,6,17,10,1,1.83,1.03,0.8704166666666667
-1.6,3,6,17,10,1,0.34,0.57,0.9133333333333334
26.2,5,6,17,10,1,1.6,0.58,0.9258333333333333
12.4,3,7,17,10,1,0.88,0.62,0.9183333333333334
-5.0,1,8,17,10,1,0.44,1.17,0.9404166666666667
20.9,5,8,17,10,1,1.7,0.26,1.0120833333333334
3.6,1,9,17,10,1,1.98,1.07,1.01625
-5.9,4,10,17,10,1,1.17,0.87,1.0470833333333334
-6.9,2,11,17,10,1,1.61,0.72,1.0795833333333333
24.8,1,11,17,10,1,1.5,0.86,1.0683333333333331
6.8,3,14,17,10,1,0.59,0.62,1.0975
25.1,4,14,17,10,1,1.32,1.06,1.1329166666666666
22.1,4,15,17,10,1,1.91,1.86,1.0820833333333333
12.1,1,16,17,10,1,0.64,0.48,1.1204166666666666
32.4,2,17,17,10,1,1.4,0.43,1.1258333333333332
27.8,3,17,17,10,1,0.56,0.99,1.1066666666666667
24.7,4,18,17,10,1,0.53,0.62,1.1233333333333333
2.1,4,18,17,10,1,1.02,1.66,1.1016666666666666
20.2,5,18,17,10,1,1.14,0.89,1.08375
-8.4,4,18,17,10,1,0.46,0.97,1.1054166666666667
21.4,1,21,17,10,1,1.49,0.34,1.1133333333333333
26.6,3,21,17,10,1,0.53,1.7,1.0529166666666667
14.7,5,22,17,10,1,0.25,0.38,1.0824999999999998
-0.2,4,2,18,10,2,1.09,1.83,1.0583333333333333
5.7,1,5,18,10,2,1.25,0.34,1.08
0.6,5,7,18,10,2,0.86,1.6,1.0491666666666666
2.9,3,8,18,10,2,0.86,0.88,1.0954166666666667
27.2,4,11,18,10,2,1.99,0.44,1.0975
37.8,1,12,18,10,2,0.49,1.7,1.0954166666666667
-8.3,3,13,18,10,2,1.65,1.98,1.0395833333333333
22.3,5,14,18,10,2,0.64,1.17,1.0229166666666667
-0.7,2,14,18,10,2,0.77,1.61,0.9858333333333333
23.8,3,17,18,10,2,0.72,1.5,0.9733333333333333
-6.4,4,17,18,10,2,1.2,0.59,0.9683333333333334
36.0,4,17,18,10,2,0.47,1.32,0.9595833333333333
36.6,4,17,18,10,2,1.11,1.91,0.9279166666666666
17.0,4,20,18,10,2,1.15,0.64,0.9166666666666666
22.7,5,20,18,10,2,0.37,1.4,0.9141666666666667
21.2,4,21,18,10,2,1.34,0.56,0.9020833333333332
21.5,4,22,18,10,2,0.27,0.53,0.9608333333333333
19.8,4,23,18,10,2,1.94,1.02,0.9895833333333334
15.8,3,23,18,10,2,1.71,1.14,0.9562499999999999
26.3,3,23,18,10,2,0.34,0.46,0.9870833333333334
22.4,4,1,19,10,3,1.2,1.49,0.9504166666666666
15.8,5,2,19,10,3,0.61,0.53,0.9729166666666668
12.3,3,3,19,10,3,1.07,0.25,0.9970833333333333
24.0,2,4,19,10,3,0.83,1.09,0.9700000000000001
4.4,3,5,19,10,3,0.44,1.25,0.9483333333333334
0.3,3,7,19,10,3,0.73,0.86,0.9362499999999999
28.7,1,7,19,10,3,0.57,0.86,0.96875
18.3,3,8,19,10,3,1.64,1.99,0.9275000000000001
32.6,3,8,19,10,3,1.0,0.49,0.9362499999999999
17.0,2,10,19,10,3,0.7,1.65,0.9045833333333334
24.4,4,10,19,10,3,0.89,0.64,0.9204166666666667
13.5,4,10,19,10,3,1.02,0.77,0.9229166666666666
-0.2,2,11,19,10,3,0.83,0.72,0.9275000000000001
-2.3,3,12,19,10,3,0.83,1.2,0.9137500000000002
1.7,5,12,19,10,3,0.87,0.47,0.9525
6.0,1,13,19,10,3,1.4,1.11,0.9720833333333333
10.3,2,13,19,10,3,1.58,1.15,0.9620833333333333
24.0,5,15,19,10,3,0.91,0.37,0.9575
10.8,5,15,19,10,3,0.26,1.34,0.97375
4.1,5,16,19,10,3,1.73,0.27,1.04125
10.9,5,17,19,10,3,1.89,1.94,0.98
33.7,4,22,19,10,3,0.47,1.71,0.9641666666666665
30.3,2,23,19,10,3,1.33,0.34,0.9633333333333333
14.8,4,23,19,10,3,0.32,1.2,0.9241666666666667
39.1,3,1,20,10,4,0.26,0.61,0.9470833333333334
9.1,4,4,20,10,4,1.16,1.07,0.9695833333333334
33.5,5,4,20,10,4,1.61,0.83,1.00375
-3.0,3,4,20,10,4,1.65,0.44,1.0254166666666666
35.4,1,5,20,10,4,0.96,0.73,1.0487499999999998
-7.9,2,6,20,10,4,1.29,0.57,1.10375
29.6,3,7,20,10,4,1.89,1.64,1.0683333333333331
36.1,5,8,20,10,4,0.79,1.0,1.0824999999999998
3.2,1,8,20,10,4,1.34,0.7,1.1170833333333332
28.2,5,10,20,10,4,1.53,0.89,1.1295833333333334
15.0,3,11,20,10,4,1.19,1.02,1.10625
18.7,3,11,20,10,4,0.46,0.83,1.1433333333333333
4.2,4,13,20,10,4,1.72,0.83,1.1329166666666666
6.6,2,14,20,10,4,0.58,0.87,1.1170833333333332
13.0,1,15,20,10,4,0.49,1.4,1.0995833333333334
-3.2,4,16,20,10,4,0.98,1.58,1.0941666666666667
34.0,4,16,20,10,4,1.45,0.91,1.0658333333333334
16.0,5,19,20,10,4,0.23,0.26,1.0816666666666668
25.8,2,19,20,10,4,0.64,1.73,1.0825
8.0,4,20,20,10,4,1.75,1.89,1.0341666666666667
20.3,1,21,20,10,4,0.73,0.47,1.0520833333333333
34.7,3,22,20,10,4,0.9,1.33,1.0741666666666667
8.1,5,23,20,10,4,1.86,0.32,1.0933333333333335
29.0,1,0,21,10,5,0.78,0.26,1.165
-7.8,1,0,21,10,5,1.98,1.16,1.1737499999999998
-8.8,3,0,21,10,5,1.37,1.61,1.17875
18.7,4,1,21,10,5,1.73,1.65,1.1258333333333335
-2.6,3,1,21,10,5,0.38,0.96,1.1508333333333334
30.9,1,2,21,10,5,1.56,1.29,1.1400000000000001
4.4,3,2,21,10,5,1.03,1.89,1.1075000000000002
33.9,2,4,21,10,5,1.11,0.79,1.0933333333333335
19.3,1,5,21,10,5,0.45,1.34,1.1179166666666667
-5.6,5,6,21,10,5,1.93,1.53,1.0920833333333333
26.2,5,7,21,10,5,0.91,1.19,1.0904166666666668
39.4,3,7,21,10,5,1.15,0.46,1.1166666666666667
36.5,2,13,21,10,5,1.09,1.72,1.0566666666666666
5.3,3,13,21,10,5,0.28,0.58,1.0650000000000002
26.9,3,16,21,10,5,0.78,0.49,1.0866666666666667
-3.2,4,17,21,10,5,1.01,0.98,1.1133333333333333
17.2,1,17,21,10,5,1.62,1.45,1.0975
34.6,5,18,21,10,5,1.07,0.23,1.1583333333333334
22.5,3,19,21,10,5,1.69,0.64,1.19625
35.0,2,20,21,10,5,1.55,1.75,1.17125
35.8,1,21,21,10,5,1.15,0.73,1.1658333333333335
24.5,3,23,21,10,5,0.6,0.9,1.1870833333333335
18.2,4,23,21,10,5,1.41,1.86,1.1791666666666667
-4.0,1,23,21,10,5,1.67,0.78,1.1920833333333334
27.1,4,0,22,10,6,1.09,1.98,1.1645833333333333
-8.0,1,2,22,10,6,1.32,1.37,1.1266666666666667
29.8,1,2,22,10,6,0.46,1.73,1.0766666666666667
4.6,4,2,22,10,6,0.53,0.38,1.0891666666666666
8.7,4,2,22,10,6,0.68,1.56,1.0416666666666667
18.3,4,4,22,10,6,0.42,1.03,1.0570833333333332
18.5,1,4,22,10,6,1.4,1.11,1.0345833333333332
-7.5,3,4,22,10,6,0.57,0.45,1.0529166666666667
-1.2,2,5,22,10,6,0.89,1.93,1.0020833333333334
7.2,3,7,22,10,6,0.71,0.91,1.0191666666666668
22.8,4,7,22,10,6,1.32,1.15,1.0250000000000001
25.7,4,7,22,10,6,1.29,1.09,1.0433333333333332
24.8,5,8,22,10,6,1.53,0.28,1.0516666666666667
27.1,3,8,22,10,6,0.48,0.78,1.0741666666666667
0.8,3,9,22,10,6,1.32,1.01,1.06
5.1,5,9,22,10,6,0.67,1.62,1.0333333333333334
22.9,3,10,22,10,6,0.98,1.07,1.00625
18.5,4,11,22,10,6,0.42,1.69,0.9629166666666666
27.0,2,12,22,10,6,0.65,1.55,0.9166666666666666
3.3,2,13,22,10,6,0.44,1.15,0.9183333333333333
3.3,2,13,22,10,6,1.19,0.6,0.9629166666666666
35.4,2,13,22,10,6,1.67,1.41,0.9591666666666668
10.7,1,14,22,10,6,1.32,1.67,0.9133333333333334
25.1,1,15,22,10,6,0.57,1.09,0.8891666666666667
27.8,1,16,22,10,6,0.51,1.32,0.8875000000000001
33.0,3,18,22,10,6,1.28,0.46,0.8933333333333332
-7.2,2,21,22,10,6,0.6,0.53,0.9033333333333333
12.2,4,21,22,10,6,0.77,0.68,0.9424999999999999
-4.4,3,23,22,10,6,1.62,0.42,0.9758333333333334
-7.0,3,1,23,10,0,1.22,1.4,0.9829166666666668
11.2,5,2,23,10,0,1.57,0.57,1.0383333333333333
2.6,4,2,23,10,0,1.9,0.89,1.0616666666666668
35.1,2,2,23,10,0,1.45,0.71,1.0620833333333333
6.1,4,2,23,10,0,0.72,1.32,1.0379166666666666
35.1,3,3,23,10,0,0.74,1.29,1.03
-0.9,2,5,23,10,0,1.1,1.53,1.0395833333333333
12.9,3,5,23,10,0,1.76,0.48,1.0333333333333332
-4.9,1,6,23,10,0,0.33,1.32,1.0266666666666666
35.6,4,6,23,10,0,1.16,0.67,1.0758333333333334
20.7,5,7,23,10,0,1.85,0.98,1.04375
13.2,3,7,23,10,0,0.21,0.42,1.0766666666666667
-7.7,1,10,23,10,0,1.21,0.65,1.1195833333333334
-2.2,2,11,23,10,0,1.68,0.44,1.14375
24.7,1,12,23,10,0,1.02,1.19,1.14875
8.8,5,13,23,10,0,1.31,1.67,1.0933333333333333
-2.2,3,13,23,10,0,0.34,1.32,1.1033333333333333
-1.2,5,16,23,10,0,1.56,0.57,1.1354166666666667
8.9,4,19,23,10,0,1.34,0.51,1.1966666666666665
35.7,4,20,23,10,0,1.98,1.28,1.2095833333333335
31.3,4,20,23,10,0,1.59,0.6,1.205
10.6,1,21,23,10,0,0.49,0.77,1.2316666666666667
1.5,5,23,23,10,0,1.41,1.62,1.1983333333333335
24.0,4,23,23,10,0,0.82,1.22,1.20625
24.7,2,23,23,10,0,1.41,1.57,1.1912500000000001
12.4,1,23,23,10,0,1.21,1.9,1.1920833333333334
10.9,5,0,24,10,1,1.92,1.45,1.2025
3.0,3,0,24,10,1,1.7,0.72,1.2266666666666668
21.7,5,1,24,10,1,1.3,0.74,1.2216666666666667
4.5,5,2,24,10,1,0.62,1.1,1.1925000000000001
0.5,3,3,24,10,1,0.4,1.76,1.175
2.0,5,6,24,10,1,1.34,0.33,1.1720833333333334
1.0,1,6,24,10,1,0.26,1.16,1.1891666666666667
21.0,2,7,24,10,1,1.57,1.85,1.18875
27.5,1,9,24,10,1,1.84,0.21,1.2479166666666666
-2.0,4,10,24,10,1,1.63,1.21,1.2591666666666665
3.5,4,11,24,10,1,1.48,1.68,1.2249999999999999
25.6,5,11,24,10,1,0.86,1.02,1.2554166666666666
32.6,3,12,24,10,1,1.75,1.31,1.2720833333333335
4.6,2,13,24,10,1,1.71,0.34,1.3120833333333335
-3.9,2,15,24,10,1,1.3,1.56,1.2958333333333332
29.0,1,16,24,10,1,1.17,1.34,1.2529166666666665
-9.1,2,18,24,10,1,0.31,1.98,1.2433333333333332
17.5,1,20,24,10,1,1.75,1.59,1.2362499999999998
28.5,1,20,24,10,1,1.42,0.49,1.2866666666666666
-1.2,4,21,24,10,1,1.7,1.41,1.30375
36.2,5,23,24,10,1,1.82,0.82,1.3204166666666666
22.4,1,1,25,10,2,1.22,1.41,1.3045833333333332
34.4,3,1,25,10,2,1.03,1.21,1.2766666666666666
27.2,5,3,25,10,2,0.54,1.92,1.20875
3.0,4,3,25,10,2,0.29,1.7,1.1995833333333332
19.8,1,3,25,10,2,1.48,1.3,1.1691666666666667
25.1,3,4,25,10,2,0.57,0.62,1.2258333333333333
29.3,4,4,25,10,2,1.98,0.4,1.265
27.1,1,4,25,10,2,1.34,1.34,1.2179166666666668
30.0,5,5,25,10,2,0.21,0.26,1.2729166666666667
-8.2,1,5,25,10,2,1.58,1.57,1.2674999999999998
19.3,3,7,25,10,2,1.44,1.84,1.2474999999999998
17.1,3,9,25,10,2,1.36,1.63,1.2137499999999999
-4.0,1,9,25,10,2,0.82,1.48,1.2162499999999998
24.5,5,11,25,10,2,1.54,0.86,1.2116666666666667
26.8,4,12,25,10,2,0.75,1.75,1.1824999999999999
-6.9,1,14,25,10,2,1.05,1.71,1.1454166666666665
7.8,5,15,25,10,2,0.82,1.3,1.1370833333333332
-4.3,1,15,25,10,2,1.1,1.17,1.1445833333333333
2.8,1,15,25,10,2,1.35,0.31,1.1625
19.9,2,16,25,10,2,0.74,1.75,1.1575
30.1,4,17,25,10,2,1.63,1.42,1.1108333333333333
-5.0,1,19,25,10,2,0.3,1.7,1.0770833333333334
-3.9,5,20,25,10,2,0.89,1.82,1.0416666666666667
-4.4,4,21,25,10,2,0.97,1.22,1.05875
32.5,2,23,25,10,2,1.63,1.03,1.0687499999999999
11.9,2,0,26,10,3,1.27,0.54,1.1254166666666667
27.8,3,0,26,10,3,1.9,0.29,1.1904166666666667
33.6,2,0,26,10,3,1.85,1.48,1.175
-8.4,5,1,26,10,3,1.11,0.57,1.2325000000000002
-4.6,1,1,26,10,3,1.95,1.98,1.1683333333333334
8.1,3,1,26,10,3,0.44,1.34,1.1566666666666667
38.9,2,2,26,10,3,1.06,0.21,1.1583333333333334
1.4,5,4,26,10,3,0.25,1.58,1.1558333333333333
15.9,5,4,26,10,3,1.52,1.44,1.1125
38.9,2,5,26,10,3,0.4,1.36,1.0895833333333333
3.9,1,7,26,10,3,0.81,0.82,1.1208333333333333
-8.7,4,8,26,10,3,1.57,1.54,1.1170833333333332
25.5,5,8,26,10,3,1.45,0.75,1.0958333333333334
5.6,5,8,26,10,3,0.24,1.05,1.0770833333333334
19.1,4,10,26,10,3,0.6,0.82,1.0745833333333334
29.0,3,10,26,10,3,0.76,1.1,1.0758333333333334
22.8,3,11,26,10,3,1.13,1.35,1.0504166666666666
-4.7,2,11,26,10,3,0.74,0.74,1.0879166666666666
11.7,3,12,26,10,3,1.64,1.63,1.0666666666666667
16.5,3,14,26,10,3,1.12,0.3,1.0933333333333333
34.2,2,14,26,10,3,0.94,0.89,1.10125
32.3,1,14,26,10,3,1.08,0.97,1.1325
23.7,4,14,26,10,3,1.72,1.63,1.145
1.7,5,15,26,10,3,1.93,1.27,1.1175
-5.0,3,16,26,10,3,0.61,1.9,1.0820833333333333
11.0,3,16,26,10,3,1.05,1.85,1.07
35.1,3,17,26,10,3,1.56,1.11,1.0395833333333333
2.3,5,17,26,10,3,0.38,1.95,0.9929166666666666
24.8,4,18,26,10,3,0.83,0.44,1.0283333333333333
19.8,1,19,26,10,3,1.29,1.06,1.0262499999999999
15.2,2,19,26,10,3,1.01,0.25,1.0329166666666667
-1.4,5,21,26,10,3,0.41,1.52,1.0466666666666666
24.4,5,21,26,10,3,1.85,0.4,1.0895833333333333
24.7,2,22,26,10,3,1.43,0.81,1.0979166666666667
7.5,3,22,26,10,3,1.01,1.57,1.05
2.6,1,0,27,10,4,0.42,1.45,1.0520833333333333
23.3,4,3,27,10,4,1.5,0.24,1.0708333333333335
22.3,2,3,27,10,4,0.69,0.6,1.11
18.5,4,4,27,10,4,1.54,0.76,1.1433333333333333
5.9,3,5,27,10,4,1.56,1.13,1.1416666666666666
-9.3,2,5,27,10,4,1.09,0.74,1.1216666666666668
1.7,2,6,27,10,4,0.26,1.64,1.10625
-7.7,2,6,27,10,4,1.27,1.12,1.0904166666666666
4.5,3,6,27,10,4,0.74,0.94,1.0958333333333334
38.9,3,8,27,10,4,1.07,1.08,1.1025
-6.9,5,8,27,10,4,1.24,1.72,1.0608333333333333
38.0,3,9,27,10,4,0.72,1.93,1.0125
16.1,3,11,27,10,4,0.77,0.61,1.02
8.5,4,12,27,10,4,0.79,1.05,1.0454166666666667
13.3,3,14,27,10,4,1.66,1.56,0.9987499999999999
-6.6,5,18,27,10,4,0.44,0.38,1.03375
-0.9,4,19,27,10,4,1.22,0.83,1.0650000000000002
28.7,4,20,27,10,4,1.58,1.29,1.0916666666666666
35.3,5,20,27,10,4,1.93,1.01,1.0958333333333334
36.8,2,20,27,10,4,1.11,0.41,1.0970833333333334
6.5,4,22,27,10,4,0.44,1.85,1.09625
25.4,1,23,27,10,4,1.83,1.43,1.1004166666666666
37.7,1,0,28,10,5,1.53,1.01,1.07875
10.0,1,2,28,10,5,0.49,0.42,1.0975
-7.3,1,2,28,10,5,0.87,1.5,1.0679166666666666
-7.4,3,3,28,10,5,0.79,0.69,1.0770833333333332
5.0,3,3,28,10,5,0.91,1.54,1.04375
7.8,4,3,28,10,5,0.74,1.56,1.0029166666666667
34.7,5,6,28,10,5,0.58,1.09,1.0304166666666668
39.1,1,6,28,10,5,1.75,0.26,1.0870833333333334
-3.4,4,9,28,10,5,1.62,1.27,1.1020833333333333
12.6,4,9,28,10,5,1.63,0.74,1.14875
32.6,1,9,28,10,5,1.86,1.07,1.1333333333333335
0.2,2,9,28,10,5,0.7,1.24,1.1220833333333333
23.3,3,10,28,10,5,0.97,0.72,1.1199999999999999
16.8,2,10,28,10,5,0.67,0.77,1.1533333333333333
18.4,1,10,28,10,5,1.57,0.79,1.1745833333333333
39.9,1,11,28,10,5,1.3,1.66,1.1675000000000002
35.4,4,13,28,10,5,1.49,0.44,1.1979166666666667
-5.1,2,13,28,10,5,1.17,1.22,1.1958333333333335
25.0,5,14,28,10,5,1.17,1.58,1.15625
20.2,3,15,28,10,5,0.63,1.93,1.1341666666666665
0.7,3,16,28,10,5,1.4,1.11,1.1333333333333333
22.3,2,16,28,10,5,1.09,0.44,1.1904166666666667
17.0,5,17,28,10,5,1.81,1.83,1.1533333333333333
-3.7,5,17,28,10,5,0.94,1.53,1.1295833333333334
-3.1,5,17,28,10,5,0.96,0.49,1.1691666666666667
19.7,2,17,28,10,5,1.44,0.87,1.2049999999999998
7.3,3,18,28,10,5,1.73,0.79,1.185
39.1,3,18,28,10,5,0.31,0.91,1.19125
-4.8,3,18,28,10,5,1.06,0.74,1.2291666666666667
28.1,1,21,28,10,5,1.65,0.58,1.2691666666666668
26.1,3,21,28,10,5,1.54,1.75,1.2170833333333333
33.8,3,21,28,10,5,0.5,1.62,1.16125
28.7,3,22,28,10,5,0.28,1.63,1.15625
-5.8,5,22,28,10,5,1.51,1.86,1.1516666666666666
1.5,1,22,28,10,5,1.75,0.7,1.1920833333333334
11.6,2,23,28,10,5,1.67,0.97,1.1679166666666665
38.8,5,1,29,10,6,0.39,0.67,1.1920833333333334
25.6,3,1,29,10,6,1.25,1.57,1.1575
12.1,5,2,29,10,6,0.74,1.3,1.1170833333333332
16.3,3,3,29,10,6,0.33,1.49,1.08375
-1.5,1,4,29,10,6,0.69,1.17,1.0583333333333333
13.9,5,4,29,10,6,0.56,1.17,1.0708333333333333
9.5,3,5,29,10,6,1.47,0.63,1.1224999999999998
10.3,2,5,29,10,6,1.87,1.4,1.0970833333333334
1.0,4,7,29,10,6,0.79,1.09,1.1
39.9,3,7,29,10,6,1.16,1.81,1.07375
29.3,5,8,29,10,6,1.18,0.94,1.0754166666666667
-9.3,4,8,29,10,6,0.98,0.96,1.0574999999999999
-8.9,5,11,29,10,6,0.53,1.44,1.0266666666666666
4.1,5,11,29,10,6,0.7,1.73,1.02125
34.0,5,11,29,10,6,1.6,0.31,1.0170833333333333
5.5,1,11,29,10,6,0.21,1.06,1.0441666666666667
35.5,3,11,29,10,6,1.71,1.65,1.0054166666666666
11.1,5,14,29,10,6,0.72,1.54,0.9954166666666667
29.9,5,14,29,10,6,1.3,0.5,0.9895833333333334
35.7,4,14,29,10,6,0.36,0.28,0.9945833333333333
21.5,4,14,29,10,6,0.4,1.51,0.9704166666666666
-3.0,2,15,29,10,6,0.93,1.75,0.975
25.0,3,17,29,10,6,1.86,1.67,0.9224999999999999
1.6,5,18,29,10,6,0.41,0.39,0.9804166666666667
39.7,5,18,29,10,6,1.78,1.25,0.9841666666666667
17.6,2,19,29,10,6,1.34,0.74,0.9929166666666666
34.5,3,20,29,10,6,0.95,0.33,0.9912500000000001
20.2,4,20,29,10,6,0.29,0.69,0.9733333333333333
-4.6,5,20,29,10,6,0.26,0.56,1.0175
32.1,5,21,29,10,6,1.62,1.47,0.9866666666666667
10.2,1,21,29,10,6,0.73,1.87,0.9733333333333335
-7.5,3,21,29,10,6,1.55,0.79,1.0174999999999998
20.2,1,22,29,10,6,1.85,1.16,0.9883333333333333
29.2,5,22,29,10,6,0.46,1.18,0.9812500000000001
38.6,5,23,29,10,6,1.01,0.98,0.9595833333333332
1.8,2,0,30,10,0,0.46,0.53,0.9950000000000001
17.3,4,0,30,10,0,1.38,0.7,1.0429166666666667
-0.7,3,2,30,10,0,1.85,1.6,1.0254166666666666
14.3,4,4,30,10,0,1.18,0.21,1.0420833333333333
31.1,3,4,30,10,0,0.61,1.71,1.0145833333333332
30.4,2,5,30,10,0,1.05,0.72,1.0591666666666668
-4.7,3,5,30,10,0,1.79,1.3,1.0308333333333333
1.7,4,9,30,10,0,0.62,0.36,1.0458333333333334
12.9,4,10,30,10,0,0.72,0.4,1.0816666666666668
2.0,3,12,30,10,0,1.26,0.93,1.1104166666666668
1.5,3,12,30,10,0,1.62,1.86,1.0708333333333333
36.5,4,12,30,10,0,0.91,0.41,1.1179166666666667
13.7,5,12,30,10,0,1.54,1.78,1.0833333333333333
18.9,1,13,30,10,0,0.95,1.34,1.0370833333333334
33.1,5,14,30,10,0,0.23,0.95,1.0533333333333335
11.0,3,14,30,10,0,1.34,0.29,1.0833333333333333
11.2,5,14,30,10,0,1.01,0.26,1.1125
-4.3,4,15,30,10,0,0.96,1.62,1.0595833333333333
21.5,4,15,30,10,0,0.35,0.73,1.0583333333333333
2.1,1,15,30,10,0,0.7,1.55,1.0391666666666666
6.8,3,15,30,10,0,1.09,1.85,0.9854166666666667
-6.1,4,20,30,10,0,0.56,0.46,0.9958333333333332
35.8,4,20,30,10,0,0.71,1.01,0.9787499999999999
8.0,3,20,30,10,0,0.6,0.46,1.0150000000000001
5.2,3,21,30,10,0,1.33,1.38,0.9929166666666666
39.1,1,22,30,10,0,0.85,1.85,0.9525
16.2,1,23,30,10,0,0.88,1.18,0.9529166666666667
28.1,5,0,31,10,1,1.19,0.61,0.9687500000000001
20.4,4,1,31,10,1,0.99,1.05,0.9862500000000001
-2.6,2,1,31,10,1,1.47,1.79,0.9854166666666667
33.4,1,2,31,10,1,1.77,0.62,1.0091666666666668
12.6,2,2,31,10,1,1.19,0.72,1.0045833333333334
-0.5,2,3,31,10,1,0.61,1.26,1.0141666666666667
20.3,4,5,31,10,1,1.49,1.62,0.97375
15.7,3,7,31,10,1,0.65,0.91,0.9554166666666667
-7.2,1,7,31,10,1,0.47,1.54,0.9708333333333333
35.7,4,7,31,10,1,1.91,0.95,0.9733333333333333
34.0,4,7,31,10,1,1.01,0.23,0.9779166666666667
1.1,1,8,31,10,1,0.34,1.34,0.9795833333333334
0.1,5,10,31,10,1,1.38,1.01,0.9870833333333332
35.7,5,15,31,10,1,1.19,0.96,1.015
16.3,5,16,31,10,1,1.63,0.35,1.01875
36.0,5,17,31,10,1,0.44,0.7,1.0020833333333334
-3.4,1,18,31,10,1,0.3,1.09,1.0158333333333334
6.2,2,19,31,10,1,1.42,0.56,1.0125
37.9,4,20,31,10,1,0.48,0.71,1.0383333333333333
22.3,5,20,31,10,1,1.33,0.6,1.0629166666666667
1.5,2,20,31,10,1,1.19,1.33,1.0208333333333333
35.1,1,22,31,10,1,0.32,0.85,1.0366666666666666
20.0,2,22,31,10,1,1.23,0.88,1.0558333333333334
3.3,3,23,31,10,1,1.34,1.19,1.0258333333333334
30.0,1,23,31,10,1,0.47,0.99,1.055
26.2,3,23,31,10,1,1.69,1.47,1.0495833333333333
30.9,1,23,31,10,1,1.34,1.77,0.9883333333333333
21.7,4,0,1,11,2,0.3,1.19,1.0020833333333332
8.9,2,3,1,11,2,1.52,0.61,1.0395833333333333
-0.5,3,5,1,11,2,1.51,1.49,1.0362500000000001
32.8,5,5,1,11,2,1.41,0.65,1.0716666666666665
12.0,1,5,1,11,2,1.5,0.47,1.075
5.3,2,6,1,11,2,0.55,1.91,1.01875
16.2,5,7,1,11,2,0.56,1.01,1.0404166666666668
38.7,1,7,1,11,2,1.53,0.34,1.0450000000000002
-3.6,4,7,1,11,2,0.45,1.38,1.005
18.2,2,8,1,11,2,0.42,1.19,0.9666666666666668
19.3,2,8,1,11,2,0.27,1.63,0.9795833333333333
-6.9,3,11,1,11,2,1.94,0.44,0.9995833333333334
11.5,2,11,1,11,2,0.92,0.3,1.0133333333333334
34.2,5,13,1,11,2,0.63,1.42,1.0308333333333333
-10.0,4,13,1,11,2,1.84,0.48,1.0545833333333334
30.7,1,13,1,11,2,1.05,1.33,1.0533333333333335
33.6,3,13,1,11,2,1.3,1.19,1.0599999999999998
30.0,4,13,1,11,2,1.35,0.32,1.1275000000000002
-8.7,3,15,1,11,2,1.94,1.23,1.1191666666666669
33.1,4,17,1,11,2,1.03,1.34,1.0745833333333334
21.5,4,17,1,11,2,0.27,0.47,1.07
-4.4,2,18,1,11,2,0.36,1.69,1.0575
18.3,2,18,1,11,2,1.39,1.34,1.0733333333333335
24.9,3,20,1,11,2,1.72,0.3,1.1354166666666667
1.9,3,20,1,11,2,1.79,1.52,1.1108333333333333
30.1,3,21,1,11,2,0.93,1.51,1.0574999999999999
23.9,1,22,1,11,2,0.23,1.41,1.0445833333333334
15.6,4,23,1,11,2,1.1,1.5,1.0433333333333332
-0.9,3,0,2,11,3,1.47,0.55,1.1025
23.1,3,1,2,11,3,1.97,0.56,1.1566666666666667
-7.3,2,2,2,11,3,1.86,1.53,1.1279166666666667
-8.1,4,3,2,11,3,0.84,0.45,1.1820833333333334
27.0,3,3,2,11,3,1.75,0.42,1.2175
23.5,2,3,2,11,3,1.27,0.27,1.255
4.5,4,4,2,11,3,1.17,1.94,1.2329166666666667
12.3,5,6,2,11,3,1.41,0.92,1.2229166666666667
-3.1,2,7,2,11,3,0.68,0.63,1.22
11.4,3,9,2,11,3,0.56,1.84,1.2166666666666666
-2.2,2,9,2,11,3,1.76,1.05,1.2420833333333332
-4.8,1,9,2,11,3,1.66,1.3,1.20625
14.0,4,11,2,11,3,0.44,1.35,1.1754166666666668
31.4,5,13,2,11,3,0.61,1.94,1.1199999999999999
22.3,5,15,2,11,3,0.61,1.03,1.1504166666666666
10.1,3,16,2,11,3,1.76,0.27,1.1654166666666665
23.4,1,17,2,11,3,0.63,0.36,1.1833333333333333
22.0,2,19,2,11,3,0.79,1.39,1.2054166666666666
37.7,5,20,2,11,3,1.92,1.72,1.1470833333333335
34.4,2,20,2,11,3,0.32,1.79,1.0904166666666668
19.2,2,22,2,11,3,0.43,0.93,1.0962500000000002
13.9,3,23,2,11,3,1.07,0.23,1.16875
0.7,4,23,2,11,3,1.97,1.1,1.13375
2.9,1,1,3,11,4,0.26,1.47,1.1300000000000001
1.3,3,1,3,11,4,1.38,1.97,1.0904166666666666
-7.2,4,2,3,11,4,1.02,1.86,1.085
-0.5,5,10,3,11,4,1.73,0.84,1.1066666666666667
22.3,1,10,3,11,4,1.36,1.75,1.1133333333333333
33.0,3,10,3,11,4,1.91,1.27,1.10125
-6.2,1,11,3,11,4,0.98,1.17,1.0850000000000002
6.8,1,13,3,11,4,0.78,1.41,1.0875000000000001
38.2,1,13,3,11,4,1.47,0.68,1.0841666666666667
20.4,5,13,3,11,4,0.6,0.56,1.0825
4.1,3,13,3,11,4,0.52,1.76,1.07
9.3,2,16,3,11,4,1.46,1.66,1.015
11.5,3,17,3,11,4,0.34,0.44,1.0675000000000001
21.2,2,19,3,11,4,1.7,0.61,1.09
25.6,3,20,3,11,4,1.15,0.61,1.11
-2.1,1,22,3,11,4,1.09,1.76,1.0975
24.3,1,22,3,11,4,1.46,0.63,1.1383333333333334
20.8,3,3,4,11,5,1.61,0.79,1.1441666666666668
23.8,3,3,4,11,5,0.93,1.92,1.1316666666666666
17.6,4,4,4,11,5,1.62,0.32,1.1441666666666668
1.9,3,4,4,11,5,0.62,0.43,1.1566666666666665
-5.7,1,6,4,11,5,0.73,1.07,1.1516666666666666
-7.8,2,6,4,11,5,0.95,1.97,1.145
8.0,1,6,4,11,5,1.81,0.26,1.1958333333333333
2.6,2,8,4,11,5,1.48,1.38,1.1658333333333333
9.1,5,8,4,11,5,0.66,1.02,1.17125
30.4,4,9,4,11,5,1.15,1.73,1.15875
33.5,4,10,4,11,5,1.43,1.36,1.1366666666666667
-6.7,3,12,4,11,5,0.83,1.91,1.1070833333333334
23.3,1,12,4,11,5,1.2,0.98,1.1029166666666665
15.8,5,12,4,11,5,0.88,0.78,1.0916666666666666
-3.1,3,13,4,11,5,0.51,1.47,1.0716666666666665
28.8,2,13,4,11,5,0.99,0.6,1.0804166666666666
26.1,4,13,4,11,5,0.81,0.52,1.1270833333333332
-7.5,4,15,4,11,5,1.64,1.46,1.1141666666666667
37.6,2,15,4,11,5,1.15,0.34,1.1570833333333335
35.2,4,16,4,11,5,1.37,1.7,1.1083333333333332
12.7,1,17,4,11,5,0.53,1.15,1.0879166666666666
-1.4,1,17,4,11,5,0.66,1.09,1.1045833333333335
34.3,3,18,4,11,5,1.49,1.46,1.05375
18.0,4,19,4,11,5,0.24,1.61,1.0445833333333334
-7.1,4,20,4,11,5,1.39,0.93,1.05875
12.8,4,21,4,11,5,1.27,1.62,1.0179166666666666
25.9,5,22,4,11,5,0.64,0.62,1.0616666666666665
21.5,1,23,4,11,5,1.67,0.73,1.0675000000000001
-8.5,2,23,4,11,5,0.87,0.95,1.0683333333333334
16.3,1,0,5,11,6,0.97,1.81,1.0616666666666668
22.3,5,0,5,11,6,1.65,1.48,1.0504166666666668
3.2,4,0,5,11,6,1.21,0.66,1.0433333333333332
4.9,4,1,5,11,6,0.49,1.15,1.0433333333333332
15.3,2,1,5,11,6,1.15,1.43,1.0341666666666667
-0.3,2,1,5,11,6,1.21,0.83,1.01875
30.3,1,2,5,11,6,0.46,1.2,1.0304166666666668
34.3,3,3,5,11,6,1.48,0.88,1.02875
29.7,5,5,5,11,6,0.84,0.51,1.0875
-2.7,1,5,5,11,6,1.92,0.99,1.0645833333333334
-4.1,4,5,5,11,6,0.44,0.81,1.0429166666666665
24.8,1,5,5,11,6,0.29,1.64,0.9837500000000001
37.8,1,6,5,11,6,0.22,1.15,0.9691666666666666
-3.6,3,6,5,11,6,0.8,1.37,0.9674999999999999
11.1,1,6,5,11,6,1.33,0.53,0.9933333333333333
25.1,5,7,5,11,6,1.15,0.66,1.0245833333333334
33.6,5,7,5,11,6,1.41,1.49,1.0433333333333332
15.6,1,8,5,11,6,1.94,0.24,1.0725
18.4,3,8,5,11,6,0.94,1.39,1.07625
22.4,4,10,5,11,6,1.48,1.27,1.0845833333333335
20.6,4,11,5,11,6,1.47,0.64,1.1154166666666667
27.7,1,11,5,11,6,1.38,1.67,1.1079166666666667
9.2,4,12,5,11,6,1.49,0.87,1.12875
31.3,1,13,5,11,6,1.37,0.97,1.1283333333333332
-7.6,3,15,5,11,6,0.96,1.65,1.1325
18.9,2,16,5,11,6,1.75,1.21,1.11625
7.8,4,19,5,11,6,0.82,0.49,1.1404166666666666
22.2,4,20,5,11,6,1.07,1.15,1.1120833333333333
-1.8,1,20,5,11,6,0.47,1.21,1.0891666666666666
33.8,5,21,5,11,6,0.66,0.46,1.1095833333333334
-1.2,1,21,5,11,6,0.95,1.48,1.0670833333333334
-9.9,5,22,5,11,6,0.46,0.84,1.0566666666666666
25.7,3,23,5,11,6,0.59,1.92,0.9862500000000001
23.6,4,1,6,11,0,0.23,0.44,0.9766666666666667
29.1,1,2,6,11,0,0.21,0.29,0.99375
20.3,2,2,6,11,0,0.7,0.22,0.9958333333333332
4.1,1,2,6,11,0,0.27,0.8,1.0029166666666667
2.2,4,3,6,11,0,0.97,1.33,1.0179166666666666
17.9,1,3,6,11,0,1.69,1.15,1.0362500000000001
22.5,3,4,6,11,0,1.59,1.41,0.9933333333333333
28.3,5,5,6,11,0,0.38,1.94,0.94125
6.2,3,5,6,11,0,0.69,0.94,0.9712500000000001
7.0,5,5,6,11,0,1.66,1.48,0.9587500000000001
12.1,5,6,6,11,0,1.18,1.47,0.9525
20.4,1,6,6,11,0,1.32,1.38,0.9670833333333334
33.3,4,6,6,11,0,1.73,1.49,0.9383333333333334
19.8,1,8,6,11,0,0.8,1.37,0.9466666666666667
26.8,5,9,6,11,0,1.57,0.96,0.9783333333333334
7.9,2,9,6,11,0,1.72,1.75,0.9462499999999999
8.2,5,10,6,11,0,0.98,0.82,0.96
12.2,2,10,6,11,0,1.15,1.07,0.9824999999999999
35.5,1,10,6,11,0,1.61,0.47,1.0441666666666667
38.2,4,11,6,11,0,1.95,0.66,1.05125
-4.3,2,11,6,11,0,0.83,0.95,1.0429166666666667
19.9,3,12,6,11,0,0.75,0.46,1.10125
-5.8,3,12,6,11,0,1.86,0.59,1.095
11.6,4,12,6,11,0,0.44,0.23,1.1429166666666666
32.1,4,15,6,11,0,1.38,0.21,1.21125
23.0,2,15,6,11,0,1.85,0.7,1.2183333333333333
18.7,1,16,6,11,0,0.87,0.27,1.2575
36.9,4,17,6,11,0,1.21,0.97,1.2429166666666667
6.9,1,18,6,11,0,0.62,1.69,1.2154166666666666
20.4,4,19,6,11,0,1.03,1.59,1.15875
-1.6,1,19,6,11,0,0.23,0.38,1.2158333333333333
12.1,2,21,6,11,0,1.75,0.69,1.2520833333333332
9.9,2,21,6,11,0,1.56,1.66,1.2045833333333333
-5.6,4,21,6,11,0,0.52,1.18,1.1891666666666667
20.2,1,0,7,11,1,0.81,1.32,1.1879166666666665
-4.0,4,0,7,11,1,1.29,1.73,1.1279166666666667
-8.7,4,0,7,11,1,0.29,0.8,1.1454166666666667
