Outdoor Temperature (°C),Household Size,hour,day,month,week,lag_1,lag_24,rolling_mean_24
-1.2,3,0,1,1,6,0.54,1.81,0.9458333333333334
35.8,2,0,1,1,6,0.3,1.19,0.9170833333333334
21.7,2,1,1,1,6,0.5,1.98,0.8479166666666665
34.7,4,1,1,1,6,0.32,0.33,0.84125
0.1,5,1,1,1,6,0.17,0.47,0.8304166666666667
0.0,3,5,1,1,6,0.21,0.51,0.82875
10.1,4,5,1,1,6,0.47,1.06,0.80375
12.2,2,6,1,1,6,0.46,1.08,0.7687499999999999
-1.4,5,8,1,1,6,0.24,0.61,0.7554166666666667
-2.9,4,8,1,1,6,0.29,1.23,0.7191666666666667
-7.9,5,9,1,1,6,0.36,1.2,0.6750000000000002
-7.8,5,9,1,1,6,0.14,0.59,0.6649999999999999
-1.4,3,10,1,1,6,0.35,0.38,0.6683333333333333
22.4,5,10,1,1,6,0.46,1.01,0.63875
28.6,3,11,1,1,6,0.3,1.91,0.5708333333333334
-6.3,2,13,1,1,6,0.28,0.65,0.5599999999999999
-1.5,3,14,1,1,6,0.39,0.91,0.5270833333333333
4.4,2,14,1,1,6,0.12,0.41,0.5266666666666667
0.7,4,16,1,1,6,0.4,1.55,0.48208333333333325
8.3,1,17,1,1,6,0.48,0.76,0.45749999999999996
38.8,2,17,1,1,6,0.17,1.58,0.40625
23.6,5,17,1,1,6,0.35,1.73,0.3479166666666667
21.3,2,18,1,1,6,0.33,0.72,0.3233333333333333
-8.5,5,18,1,1,6,0.13,0.54,0.3129166666666667
8.6,5,21,1,1,6,0.29,0.3,0.3120833333333333
-4.0,1,21,1,1,6,0.28,0.5,0.3104166666666667
27.8,1,22,1,1,6,0.46,0.32,0.31375000000000003
-8.3,3,22,1,1,6,0.4,0.17,0.3229166666666667
13.6,3,23,1,1,6,0.39,0.21,0.3345833333333333
9.9,2,2,2,1,0,0.49,0.47,0.33
-9.9,4,3,2,1,0,0.36,0.46,0.32416666666666666
20.4,2,5,2,1,0,0.32,0.24,0.32708333333333334
28.0,2,5,2,1,0,0.31,0.29,0.32166666666666666
7.9,2,5,2,1,0,0.16,0.36,0.31583333333333335
7.6,2,5,2,1,0,0.22,0.14,0.32166666666666666
36.2,2,5,2,1,0,0.28,0.35,0.3229166666666667
25.7,3,7,2,1,0,0.38,0.46,0.32208333333333333
36.4,1,8,2,1,0,0.44,0.3,0.32458333333333333
16.2,3,8,2,1,0,0.36,0.28,0.33125
30.2,3,9,2,1,0,0.44,0.39,0.325
15.5,2,9,2,1,0,0.24,0.12,0.33749999999999997
3.5,2,9,2,1,0,0.42,0.4,0.325
20.0,5,10,2,1,0,0.1,0.48,0.3154166666666667
11.1,3,10,2,1,0,0.25,0.17,0.3283333333333333
15.2,1,11,2,1,0,0.48,0.35,0.3329166666666667
23.9,4,12,2,1,0,0.46,0.33,0.33875000000000005
33.1,1,12,2,1,0,0.47,0.13,0.3499999999999999
-2.0,3,13,2,1,0,0.4,0.29,0.35000000000000003
33.9,5,15,2,1,0,0.29,0.28,0.3579166666666667
36.8,4,16,2,1,0,0.47,0.46,0.3566666666666667
34.4,4,17,2,1,0,0.43,0.4,0.3566666666666667
16.2,5,17,2,1,0,0.4,0.39,0.3491666666666666
13.7,2,18,2,1,0,0.21,0.49,0.3333333333333333
32.4,5,19,2,1,0,0.11,0.36,0.3254166666666667
20.3,3,19,2,1,0,0.17,0.32,0.32
6.9,1,20,2,1,0,0.19,0.31,0.31166666666666665
15.4,3,21,2,1,0,0.11,0.16,0.3216666666666667
0.2,2,21,2,1,0,0.4,0.22,0.32708333333333334
5.4,5,22,2,1,0,0.35,0.28,0.32875000000000004
31.4,3,22,2,1,0,0.32,0.38,0.31958333333333333
-5.5,3,22,2,1,0,0.16,0.44,0.30875
-6.9,1,22,2,1,0,0.18,0.36,0.31083333333333335
12.6,2,0,3,1,1,0.41,0.44,0.30125
24.8,3,0,3,1,1,0.21,0.24,0.3
25.3,4,1,3,1,1,0.21,0.42,0.29458333333333336
0.1,1,2,3,1,1,0.29,0.1,0.29791666666666666
32.2,1,2,3,1,1,0.18,0.25,0.3070833333333333
39.0,5,3,3,1,1,0.47,0.48,0.3016666666666667
9.5,2,3,3,1,1,0.35,0.46,0.2925
-7.4,1,5,3,1,1,0.24,0.47,0.29083333333333333
39.2,1,6,3,1,1,0.43,0.4,0.28291666666666665
18.4,3,7,3,1,1,0.21,0.29,0.28541666666666665
30.0,3,8,3,1,1,0.35,0.47,0.28291666666666665
31.3,2,9,3,1,1,0.41,0.43,0.26916666666666667
-9.1,1,9,3,1,1,0.1,0.4,0.25875
12.2,5,9,3,1,1,0.15,0.21,0.26791666666666664
33.8,5,10,3,1,1,0.43,0.11,0.26791666666666664
38.1,2,11,3,1,1,0.11,0.17,0.2720833333333333
17.7,4,11,3,1,1,0.27,0.19,0.27
-2.3,2,11,3,1,1,0.14,0.11,0.27291666666666664
7.9,5,12,3,1,1,0.18,0.4,0.26791666666666664
-8.1,1,13,3,1,1,0.28,0.35,0.2654166666666667
32.3,3,13,3,1,1,0.29,0.32,0.26666666666666666
4.1,2,13,3,1,1,0.35,0.16,0.27291666666666664
-9.4,5,14,3,1,1,0.31,0.18,0.28583333333333333
-6.7,4,15,3,1,1,0.49,0.41,0.28624999999999995
0.7,2,16,3,1,1,0.42,0.21,0.28875
4.5,1,20,3,1,1,0.27,0.21,0.29416666666666663
-3.4,2,20,3,1,1,0.34,0.29,0.30124999999999996
23.4,3,22,3,1,1,0.46,0.18,0.29791666666666666
17.6,5,23,3,1,1,0.1,0.47,0.28541666666666665
-1.0,5,23,3,1,1,0.17,0.35,0.27666666666666667
-0.9,3,1,4,1,2,0.14,0.24,0.27791666666666665
5.4,4,3,4,1,2,0.27,0.43,0.26958333333333334
33.1,1,3,4,1,2,0.23,0.21,0.26999999999999996
21.6,3,6,4,1,2,0.22,0.35,0.27
-1.2,3,9,4,1,2,0.35,0.41,0.26458333333333334
33.8,5,10,4,1,2,0.28,0.1,0.27791666666666665
0.2,5,12,4,1,2,0.42,0.15,0.28583333333333333
18.3,1,13,4,1,2,0.34,0.43,0.27708333333333335
11.4,3,15,4,1,2,0.22,0.11,0.2920833333333333
16.0,1,16,4,1,2,0.47,0.27,0.29625
32.5,5,16,4,1,2,0.37,0.14,0.29916666666666664
37.2,4,18,4,1,2,0.21,0.18,0.30541666666666667
7.3,5,19,4,1,2,0.33,0.28,0.3129166666666667
14.7,5,19,4,1,2,0.46,0.29,0.31375
0.5,2,20,4,1,2,0.31,0.35,0.3125
-4.8,2,21,4,1,2,0.32,0.31,0.31875000000000003
31.3,3,22,4,1,2,0.46,0.49,0.3175
33.4,5,22,4,1,2,0.46,0.42,0.3104166666666667
3.8,3,22,4,1,2,0.25,0.27,0.31916666666666665
0.0,2,0,5,1,3,0.48,0.34,0.3166666666666667
6.9,1,2,5,1,3,0.28,0.46,0.3045833333333334
37.3,3,2,5,1,3,0.17,0.1,0.3195833333333334
29.7,5,3,5,1,3,0.46,0.17,0.32749999999999996
13.4,1,3,5,1,3,0.36,0.14,0.32875
18.6,1,4,5,1,3,0.17,0.27,0.3266666666666667
25.8,4,5,5,1,3,0.22,0.23,0.3279166666666667
-8.8,5,5,5,1,3,0.26,0.22,0.33625
-4.4,1,5,5,1,3,0.42,0.35,0.33958333333333335
4.5,4,5,5,1,3,0.43,0.28,0.335
-9.2,1,6,5,1,3,0.17,0.42,0.32208333333333333
20.6,4,8,5,1,3,0.11,0.34,0.3204166666666666
-4.7,3,8,5,1,3,0.3,0.22,0.31625
2.0,3,9,5,1,3,0.12,0.47,0.3129166666666667
-0.6,3,9,5,1,3,0.39,0.37,0.31125
9.8,5,11,5,1,3,0.33,0.21,0.3216666666666667
-3.9,5,12,5,1,3,0.46,0.33,0.32458333333333333
23.8,1,12,5,1,3,0.4,0.46,0.32
18.3,1,13,5,1,3,0.35,0.31,0.3116666666666667
6.7,3,13,5,1,3,0.11,0.32,0.31625
-4.3,3,13,5,1,3,0.43,0.46,0.3175
33.3,2,14,5,1,3,0.49,0.46,0.3070833333333333
26.2,3,14,5,1,3,0.21,0.25,0.3070833333333333
33.4,3,15,5,1,3,0.25,0.48,0.29791666666666666
25.2,1,15,5,1,3,0.26,0.28,0.2945833333333333
8.0,1,15,5,1,3,0.2,0.17,0.2970833333333333
4.0,4,17,5,1,3,0.23,0.46,0.28833333333333333
16.3,1,18,5,1,3,0.25,0.36,0.29125
-6.2,4,18,5,1,3,0.43,0.17,0.29291666666666666
-4.1,2,18,5,1,3,0.21,0.22,0.2970833333333333
0.5,4,18,5,1,3,0.32,0.26,0.3025
27.7,5,19,5,1,3,0.39,0.42,0.30083333333333334
17.7,4,19,5,1,3,0.38,0.43,0.29
23.1,4,19,5,1,3,0.17,0.17,0.29375
5.1,3,20,5,1,3,0.26,0.11,0.30833333333333335
32.7,1,20,5,1,3,0.46,0.3,0.3041666666666667
35.9,2,22,5,1,3,0.2,0.12,0.31
32.2,3,22,5,1,3,0.26,0.39,0.3025
-4.1,1,23,5,1,3,0.21,0.33,0.3025
35.2,1,23,5,1,3,0.33,0.46,0.29375
27.0,5,0,6,1,4,0.25,0.4,0.28250000000000003
5.1,5,0,6,1,4,0.13,0.35,0.285
17.5,3,0,6,1,4,0.41,0.11,0.29541666666666666
-3.0,5,0,6,1,4,0.36,0.43,0.28958333333333336
-6.2,5,2,6,1,4,0.29,0.49,0.27666666666666667
5.0,4,2,6,1,4,0.18,0.21,0.28583333333333333
19.4,5,3,6,1,4,0.43,0.25,0.295
14.7,2,3,6,1,4,0.47,0.26,0.3041666666666667
4.8,1,3,6,1,4,0.48,0.2,0.305
27.7,3,3,6,1,4,0.22,0.23,0.3125
29.8,3,4,6,1,4,0.41,0.25,0.32166666666666666
-1.5,5,7,6,1,4,0.47,0.43,0.3129166666666667
-7.8,4,9,6,1,4,0.22,0.21,0.31125
6.7,3,11,6,1,4,0.17,0.32,0.30416666666666664
4.5,3,12,6,1,4,0.15,0.39,0.3
29.9,2,13,6,1,4,0.29,0.38,0.29541666666666666
16.2,1,13,6,1,4,0.27,0.17,0.30125
16.5,1,13,6,1,4,0.31,0.26,0.3033333333333333
8.4,3,14,6,1,4,0.31,0.46,0.29083333333333333
39.4,4,15,6,1,4,0.16,0.2,0.29083333333333333
0.5,1,18,6,1,4,0.2,0.26,0.2975
36.3,3,18,6,1,4,0.42,0.21,0.30375
14.9,2,18,6,1,4,0.36,0.33,0.305
13.6,2,18,6,1,4,0.36,0.25,0.3095833333333333
28.7,1,19,6,1,4,0.36,0.13,0.3183333333333333
4.8,5,19,6,1,4,0.34,0.41,0.3133333333333333
18.4,5,20,6,1,4,0.29,0.36,0.30833333333333335
12.1,1,20,6,1,4,0.24,0.29,0.30875
1.9,4,21,6,1,4,0.3,0.18,0.3075
15.1,1,21,6,1,4,0.15,0.43,0.31
-4.1,3,23,6,1,4,0.49,0.47,0.3066666666666667
33.9,3,1,7,1,5,0.39,0.48,0.2995833333333333
19.9,3,3,7,1,5,0.31,0.22,0.3045833333333333
-2.6,2,4,7,1,5,0.34,0.41,0.29833333333333334
22.6,1,5,7,1,5,0.26,0.47,0.2866666666666667
20.9,1,6,7,1,5,0.19,0.22,0.28375
-0.3,2,6,7,1,5,0.15,0.17,0.28458333333333335
17.9,5,7,7,1,5,0.19,0.15,0.28750000000000003
2.9,4,7,7,1,5,0.22,0.29,0.29041666666666666
2.6,4,9,7,1,5,0.36,0.27,0.28833333333333333
-3.7,1,9,7,1,5,0.22,0.31,0.28958333333333336
32.9,2,10,7,1,5,0.34,0.31,0.29333333333333333
21.4,1,10,7,1,5,0.4,0.16,0.29791666666666666
36.1,4,12,7,1,5,0.27,0.2,0.29791666666666666
37.7,2,16,7,1,5,0.2,0.42,0.29958333333333337
19.6,3,16,7,1,5,0.46,0.36,0.30083333333333334
9.4,3,18,7,1,5,0.39,0.36,0.295
27.2,3,18,7,1,5,0.22,0.36,0.29875
13.0,4,20,7,1,5,0.45,0.34,0.28958333333333336
21.6,2,21,7,1,5,0.12,0.29,0.29583333333333334
-6.0,4,22,7,1,5,0.44,0.24,0.2975
9.9,3,0,8,1,6,0.28,0.3,0.29625
0.8,2,0,8,1,6,0.27,0.15,0.305
20.4,5,0,8,1,6,0.36,0.49,0.2941666666666667
36.8,4,1,8,1,6,0.23,0.39,0.28458333333333335
11.4,5,1,8,1,6,0.16,0.31,0.2904166666666667
-9.9,3,2,8,1,6,0.45,0.34,0.29250000000000004
22.8,4,2,8,1,6,0.39,0.26,0.2925
18.3,5,2,8,1,6,0.26,0.19,0.29208333333333336
-6.4,2,2,8,1,6,0.18,0.15,0.3020833333333333
34.7,5,3,8,1,6,0.39,0.19,0.30833333333333335
34.8,5,3,8,1,6,0.34,0.22,0.3145833333333333
9.0,3,3,8,1,6,0.37,0.36,0.3070833333333333
14.3,5,4,8,1,6,0.18,0.22,0.30624999999999997
33.1,5,4,8,1,6,0.2,0.34,0.29958333333333337
35.5,5,4,8,1,6,0.18,0.4,0.30083333333333334
11.6,2,4,8,1,6,0.43,0.27,0.30541666666666667
-6.0,4,5,8,1,6,0.38,0.2,0.30291666666666667
36.8,5,5,8,1,6,0.14,0.46,0.3020833333333333
-3.0,2,5,8,1,6,0.44,0.39,0.30625
1.9,2,5,8,1,6,0.49,0.22,0.3145833333333334
27.8,5,5,8,1,6,0.42,0.45,0.31
0.1,4,7,8,1,6,0.34,0.12,0.32375000000000004
4.4,1,7,8,1,6,0.45,0.44,0.3175
-5.7,2,8,8,1,6,0.29,0.28,0.32625
9.2,1,8,8,1,6,0.49,0.27,0.32916666666666666
26.3,1,9,8,1,6,0.34,0.36,0.32375
8.4,3,9,8,1,6,0.23,0.23,0.32666666666666666
29.5,2,10,8,1,6,0.3,0.16,0.34
-0.8,1,13,8,1,6,0.48,0.45,0.3383333333333333
-9.7,4,14,8,1,6,0.41,0.39,0.335
18.1,2,17,8,1,6,0.31,0.26,0.3441666666666667
34.5,4,20,8,1,6,0.48,0.18,0.3454166666666667
-7.3,5,20,8,1,6,0.21,0.39,0.3408333333333333
5.2,5,21,8,1,6,0.28,0.34,0.34375
9.1,3,21,8,1,6,0.41,0.37,0.34041666666666665
33.9,1,21,8,1,6,0.29,0.18,0.3466666666666667
18.4,2,22,8,1,6,0.33,0.2,0.3575
-2.7,5,23,8,1,6,0.46,0.18,0.3658333333333333
4.4,1,23,8,1,6,0.38,0.43,0.3620833333333333
-9.9,4,0,9,1,0,0.34,0.38,0.35874999999999996
30.9,2,0,9,1,0,0.3,0.14,0.3725
4.7,2,1,9,1,0,0.47,0.44,0.36333333333333334
19.8,2,1,9,1,0,0.22,0.49,0.3545833333333333
3.3,2,2,9,1,0,0.28,0.42,0.3425
-8.7,3,2,9,1,0,0.13,0.34,0.3433333333333333
3.4,2,2,9,1,0,0.36,0.45,0.33041666666666664
11.1,1,4,9,1,0,0.14,0.29,0.3345833333333333
15.0,5,4,9,1,0,0.39,0.49,0.33375
24.3,3,4,9,1,0,0.47,0.34,0.3258333333333333
4.5,4,6,9,1,0,0.15,0.23,0.33125
15.8,1,6,9,1,0,0.36,0.3,0.33791666666666664
9.1,2,7,9,1,0,0.46,0.48,0.32749999999999996
2.7,3,8,9,1,0,0.23,0.41,0.32458333333333333
-3.0,5,8,9,1,0,0.34,0.31,0.31875000000000003
13.4,3,9,9,1,0,0.17,0.48,0.31583333333333335
13.7,3,10,9,1,0,0.41,0.21,0.31416666666666665
13.8,4,11,9,1,0,0.17,0.28,0.31125
-8.7,2,12,9,1,0,0.21,0.41,0.30791666666666667
-7.5,1,14,9,1,0,0.33,0.29,0.3166666666666667
35.1,4,15,9,1,0,0.5,0.33,0.3095833333333333
18.6,5,15,9,1,0,0.16,0.46,0.30833333333333335
-1.2,2,16,9,1,0,0.43,0.38,0.31
35.5,1,16,9,1,0,0.42,0.34,0.31583333333333335
-2.1,3,17,9,1,0,0.48,0.3,0.31375
-0.6,3,17,9,1,0,0.25,0.47,0.29833333333333334
27.3,2,20,9,1,0,0.1,0.22,0.3020833333333333
2.4,3,20,9,1,0,0.31,0.28,0.29541666666666666
12.0,2,0,10,1,1,0.12,0.13,0.30083333333333334
-0.6,4,0,10,1,1,0.26,0.36,0.29666666666666663
-1.8,1,2,10,1,1,0.26,0.14,0.3075
22.4,2,3,10,1,1,0.4,0.39,0.30541666666666667
38.1,5,4,10,1,1,0.34,0.47,0.30624999999999997
-10.0,3,5,10,1,1,0.49,0.15,0.3125
30.2,1,5,10,1,1,0.3,0.36,0.3154166666666667
10.8,3,6,10,1,1,0.43,0.46,0.3016666666666667
12.2,1,9,10,1,1,0.13,0.23,0.30583333333333335
-5.5,2,9,10,1,1,0.33,0.34,0.30291666666666667
-7.1,1,10,10,1,1,0.27,0.17,0.3154166666666666
28.4,5,10,10,1,1,0.47,0.41,0.30833333333333335
-6.2,4,10,10,1,1,0.24,0.17,0.30874999999999997
1.5,4,10,10,1,1,0.18,0.21,0.31958333333333333
39.2,1,12,10,1,1,0.47,0.33,0.32666666666666666
8.6,2,13,10,1,1,0.5,0.5,0.31166666666666665
-1.8,5,16,10,1,1,0.14,0.16,0.31916666666666665
25.1,1,18,10,1,1,0.34,0.43,0.3070833333333333
24.8,2,19,10,1,1,0.14,0.42,0.29791666666666666
8.0,5,19,10,1,1,0.2,0.48,0.29333333333333333
34.8,2,20,10,1,1,0.37,0.25,0.3016666666666667
8.4,3,21,10,1,1,0.45,0.1,0.3104166666666667
-4.8,3,22,10,1,1,0.31,0.31,0.31583333333333335
-0.9,3,22,10,1,1,0.44,0.12,0.31708333333333333
7.4,2,23,10,1,1,0.15,0.26,0.31625
27.9,2,23,10,1,1,0.24,0.26,0.31
22.0,5,0,11,1,2,0.11,0.4,0.31083333333333335
17.4,4,0,11,1,2,0.42,0.34,0.31583333333333335
28.5,3,1,11,1,2,0.46,0.49,0.3
24.4,2,1,11,1,2,0.11,0.3,0.30375
5.1,4,2,11,1,2,0.39,0.43,0.29875
28.4,4,2,11,1,2,0.31,0.13,0.3104166666666666
-4.0,1,3,11,1,2,0.41,0.33,0.30083333333333334
12.0,1,3,11,1,2,0.1,0.27,0.2966666666666667
11.3,3,4,11,1,2,0.17,0.47,0.2954166666666667
5.0,3,5,11,1,2,0.44,0.24,0.2941666666666667
30.3,5,9,11,1,2,0.21,0.18,0.3004166666666667
27.8,1,12,11,1,2,0.33,0.47,0.2875
21.0,5,13,11,1,2,0.16,0.5,0.2870833333333333
4.4,5,14,11,1,2,0.49,0.14,0.28875
-5.0,1,18,11,1,2,0.18,0.34,0.29125
35.4,5,19,11,1,2,0.4,0.14,0.29791666666666666
9.3,3,19,11,1,2,0.3,0.2,0.3004166666666667
39.5,5,0,12,1,3,0.26,0.37,0.30083333333333334
15.6,2,0,12,1,3,0.38,0.45,0.28875
8.6,3,0,12,1,3,0.16,0.31,0.29124999999999995
-5.0,1,1,12,1,3,0.37,0.44,0.27958333333333335
13.2,3,1,12,1,3,0.16,0.15,0.2875
38.5,4,1,12,1,3,0.34,0.24,0.29125
-6.5,4,2,12,1,3,0.33,0.11,0.3066666666666667
15.8,4,3,12,1,3,0.48,0.42,0.29583333333333334
3.8,5,4,12,1,3,0.16,0.46,0.2920833333333333
13.5,5,5,12,1,3,0.37,0.11,0.30583333333333335
-4.3,1,5,12,1,3,0.44,0.39,0.30041666666666667
-7.6,1,8,12,1,3,0.26,0.31,0.2995833333333333
23.6,2,8,12,1,3,0.29,0.41,0.29375
-8.5,5,8,12,1,3,0.27,0.1,0.31
34.1,5,9,12,1,3,0.49,0.17,0.3145833333333333
31.2,2,12,12,1,3,0.28,0.44,0.30666666666666664
6.7,4,12,12,1,3,0.25,0.21,0.30291666666666667
5.8,1,13,12,1,3,0.12,0.33,0.29916666666666664
-4.4,3,14,12,1,3,0.24,0.16,0.3020833333333333
39.5,1,14,12,1,3,0.23,0.49,0.28583333333333333
37.8,3,14,12,1,3,0.1,0.18,0.28750000000000003
-5.0,5,14,12,1,3,0.22,0.4,0.2754166666666667
22.0,1,17,12,1,3,0.11,0.3,0.2791666666666667
25.9,5,17,12,1,3,0.39,0.26,0.2783333333333333
-2.6,1,17,12,1,3,0.24,0.38,0.28041666666666665
-0.4,4,18,12,1,3,0.43,0.16,0.29000000000000004
5.8,3,21,12,1,3,0.39,0.37,0.29083333333333333
16.8,1,0,13,1,4,0.39,0.16,0.29375
5.6,5,0,13,1,4,0.23,0.34,0.2854166666666667
28.8,1,2,13,1,4,0.14,0.33,0.27958333333333335
9.7,4,3,13,1,4,0.19,0.48,0.2704166666666667
25.4,5,4,13,1,4,0.26,0.16,0.27416666666666667
-3.9,4,4,13,1,4,0.25,0.37,0.26625000000000004
-6.7,4,5,13,1,4,0.18,0.44,0.2608333333333333
11.3,4,6,13,1,4,0.31,0.26,0.25458333333333333
-9.9,5,6,13,1,4,0.11,0.29,0.2604166666666667
7.2,1,6,13,1,4,0.43,0.27,0.26875
24.6,3,7,13,1,4,0.47,0.49,0.2570833333333334
25.0,1,7,13,1,4,0.21,0.28,0.26166666666666666
32.7,3,8,13,1,4,0.39,0.25,0.25833333333333336
35.2,2,9,13,1,4,0.17,0.12,0.27416666666666667
13.8,4,10,13,1,4,0.5,0.24,0.27208333333333334
35.3,4,10,13,1,4,0.19,0.23,0.27625000000000005
-9.4,4,10,13,1,4,0.33,0.1,0.27958333333333335
15.6,5,11,13,1,4,0.18,0.22,0.2804166666666667
10.7,3,11,13,1,4,0.24,0.11,0.2816666666666667
37.5,2,14,13,1,4,0.14,0.39,0.27416666666666667
23.4,4,15,13,1,4,0.21,0.24,0.2733333333333333
-1.0,4,15,13,1,4,0.22,0.43,0.26125000000000004
37.8,3,16,13,1,4,0.14,0.39,0.26458333333333334
20.0,4,18,13,1,4,0.47,0.39,0.26625
20.1,5,18,13,1,4,0.43,0.23,0.275
15.0,3,18,13,1,4,0.44,0.14,0.28541666666666665
7.8,3,19,13,1,4,0.39,0.19,0.2966666666666667
5.1,3,21,13,1,4,0.46,0.26,0.2966666666666667
25.7,2,22,13,1,4,0.26,0.25,0.29791666666666666
29.6,1,23,13,1,4,0.28,0.18,0.3095833333333333
13.3,5,23,13,1,4,0.46,0.31,0.30250000000000005
0.8,5,0,14,1,5,0.14,0.11,0.31625
5.0,2,0,14,1,5,0.44,0.43,0.31833333333333336
10.2,4,1,14,1,5,0.48,0.47,0.30916666666666665
15.5,1,1,14,1,5,0.25,0.21,0.3125
16.9,2,1,14,1,5,0.29,0.39,0.30583333333333335
37.7,1,2,14,1,5,0.23,0.17,0.3129166666666667
1.5,3,3,14,1,5,0.34,0.5,0.2991666666666667
28.1,4,3,14,1,5,0.17,0.19,0.31166666666666665
14.1,2,4,14,1,5,0.49,0.33,0.30541666666666667
31.2,2,4,14,1,5,0.18,0.18,0.31333333333333335
17.1,3,4,14,1,5,0.37,0.24,0.32
16.3,3,4,14,1,5,0.4,0.14,0.33125
0.4,5,5,14,1,5,0.41,0.21,0.3408333333333333
25.6,3,5,14,1,5,0.44,0.22,0.35041666666666665
14.9,1,5,14,1,5,0.45,0.14,0.3641666666666667
-3.4,1,6,14,1,5,0.47,0.47,0.35708333333333325
-3.8,2,8,14,1,5,0.3,0.43,0.34583333333333327
36.4,4,9,14,1,5,0.16,0.44,0.33625
-6.6,5,10,14,1,5,0.21,0.39,0.33125
7.0,3,10,14,1,5,0.27,0.46,0.325
21.5,3,10,14,1,5,0.31,0.26,0.3308333333333333
32.2,1,10,14,1,5,0.4,0.28,0.32375000000000004
17.6,3,11,14,1,5,0.11,0.46,0.31333333333333335
22.9,2,11,14,1,5,0.21,0.14,0.32666666666666666
2.9,4,12,14,1,5,0.46,0.44,0.3179166666666667
12.3,1,12,14,1,5,0.23,0.48,0.30624999999999997
32.1,4,12,14,1,5,0.2,0.25,0.30375
34.0,5,13,14,1,5,0.19,0.29,0.3016666666666667
19.7,5,13,14,1,5,0.24,0.23,0.29958333333333337
31.4,5,14,14,1,5,0.18,0.34,0.29
8.2,5,16,14,1,5,0.11,0.17,0.2925
10.4,3,17,14,1,5,0.23,0.49,0.28750000000000003
7.4,3,18,14,1,5,0.37,0.18,0.29125
4.1,3,18,14,1,5,0.27,0.37,0.28583333333333333
34.7,4,19,14,1,5,0.24,0.4,0.27458333333333335
35.3,4,19,14,1,5,0.13,0.41,0.2625
-3.1,2,21,14,1,5,0.12,0.44,0.26458333333333334
4.1,4,21,14,1,5,0.49,0.45,0.25166666666666665
0.2,1,23,14,1,5,0.14,0.47,0.23666666666666666
34.3,5,23,14,1,5,0.11,0.3,0.2383333333333333
10.0,5,0,15,1,6,0.34,0.16,0.23916666666666667
-1.8,5,0,15,1,6,0.18,0.21,0.23666666666666666
5.5,2,1,15,1,6,0.15,0.27,0.2404166666666667
25.2,5,1,15,1,6,0.36,0.31,0.24416666666666664
-2.6,5,3,15,1,6,0.4,0.4,0.23458333333333334
2.0,1,3,15,1,6,0.17,0.11,0.24166666666666667
35.5,1,4,15,1,6,0.28,0.21,0.23916666666666667
23.5,1,6,15,1,6,0.15,0.46,0.23958333333333334
-3.3,3,7,15,1,6,0.47,0.23,0.24416666666666664
10.1,4,8,15,1,6,0.34,0.2,0.24083333333333334
-9.2,1,8,15,1,6,0.12,0.19,0.24166666666666667
0.6,5,8,15,1,6,0.21,0.24,0.24250000000000002
37.7,4,9,15,1,6,0.26,0.18,0.2504166666666667
-2.4,5,10,15,1,6,0.37,0.11,0.2658333333333333
-3.7,1,10,15,1,6,0.48,0.23,0.26625000000000004
5.9,2,11,15,1,6,0.24,0.37,0.255
28.7,2,11,15,1,6,0.1,0.27,0.25916666666666666
13.5,2,12,15,1,6,0.37,0.24,0.2654166666666667
-2.0,5,14,15,1,6,0.39,0.13,0.27458333333333335
29.0,1,16,15,1,6,0.35,0.12,0.28291666666666665
26.2,2,16,15,1,6,0.32,0.49,0.27958333333333335
3.4,3,18,15,1,6,0.41,0.14,0.29375
-3.0,1,18,15,1,6,0.48,0.11,0.29583333333333334
10.9,1,21,15,1,6,0.16,0.34,0.29833333333333334
39.4,5,0,16,1,0,0.4,0.18,0.29833333333333334
34.8,2,0,16,1,0,0.18,0.15,0.3129166666666667
17.2,3,3,16,1,0,0.5,0.36,0.3120833333333333
12.0,5,5,16,1,0,0.34,0.4,0.3
12.2,2,5,16,1,0,0.11,0.17,0.30250000000000005
8.0,3,6,16,1,0,0.23,0.28,0.3
13.7,3,7,16,1,0,0.22,0.15,0.30041666666666667
-5.3,4,7,16,1,0,0.16,0.47,0.28625
11.0,2,8,16,1,0,0.13,0.34,0.27708333333333335
23.8,4,9,16,1,0,0.12,0.12,0.28458333333333335
6.6,2,9,16,1,0,0.3,0.21,0.28208333333333335
27.4,3,9,16,1,0,0.15,0.26,0.29124999999999995
-0.5,5,9,16,1,0,0.48,0.37,0.29541666666666666
24.4,1,10,16,1,0,0.47,0.48,0.28791666666666665
24.2,1,10,16,1,0,0.3,0.24,0.28833333333333333
7.2,1,10,16,1,0,0.25,0.1,0.30291666666666667
6.9,2,11,16,1,0,0.45,0.37,0.30083333333333334
24.0,4,15,16,1,0,0.32,0.39,0.29333333333333333
4.2,2,16,16,1,0,0.21,0.35,0.2841666666666666
24.7,1,16,16,1,0,0.13,0.32,0.27791666666666665
-2.4,2,17,16,1,0,0.17,0.41,0.27291666666666664
39.5,4,17,16,1,0,0.29,0.48,0.26416666666666666
25.6,2,19,16,1,0,0.27,0.16,0.2775
37.5,3,20,16,1,0,0.48,0.4,0.27125
21.4,1,20,16,1,0,0.25,0.18,0.2691666666666667
-5.9,2,21,16,1,0,0.13,0.5,0.265
-2.6,4,0,17,1,1,0.4,0.34,0.2558333333333333
10.8,3,1,17,1,1,0.12,0.11,0.26208333333333333
21.5,3,1,17,1,1,0.26,0.23,0.2720833333333333
18.2,4,3,17,1,1,0.47,0.22,0.27375
16.3,4,4,17,1,1,0.26,0.16,0.28625
-5.3,5,7,17,1,1,0.46,0.13,0.2916666666666667
26.4,1,7,17,1,1,0.26,0.12,0.305
10.6,5,7,17,1,1,0.44,0.3,0.30416666666666664
8.3,4,7,17,1,1,0.28,0.15,0.30875
0.7,3,9,17,1,1,0.26,0.48,0.29625
-9.5,4,9,17,1,1,0.18,0.47,0.2833333333333334
-4.0,2,10,17,1,1,0.16,0.3,0.27541666666666664
-4.3,4,10,17,1,1,0.11,0.25,0.27375
37.4,1,11,17,1,1,0.21,0.45,0.27541666666666664
18.7,1,14,17,1,1,0.49,0.32,0.27625
30.3,2,16,17,1,1,0.34,0.21,0.28375
5.8,3,17,17,1,1,0.39,0.13,0.28458333333333335
16.6,3,17,17,1,1,0.15,0.17,0.29625
36.7,1,18,17,1,1,0.45,0.29,0.29458333333333336
20.9,2,18,17,1,1,0.25,0.27,0.29583333333333334
-2.4,5,19,17,1,1,0.3,0.48,0.28833333333333333
16.2,1,20,17,1,1,0.3,0.25,0.28500000000000003
9.0,3,20,17,1,1,0.17,0.13,0.28708333333333336
26.3,3,22,17,1,1,0.18,0.4,0.2754166666666667
5.2,2,22,17,1,1,0.12,0.12,0.2816666666666667
21.6,2,22,17,1,1,0.27,0.26,0.28250000000000003
-9.5,5,22,17,1,1,0.28,0.47,0.26708333333333334
-4.1,2,23,17,1,1,0.1,0.26,0.27666666666666667
-6.9,5,0,18,1,2,0.49,0.46,0.2654166666666667
33.8,2,2,18,1,2,0.19,0.26,0.25958333333333333
32.0,3,3,18,1,2,0.12,0.44,0.24541666666666664
-1.8,5,4,18,1,2,0.1,0.28,0.24333333333333332
14.6,3,5,18,1,2,0.23,0.26,0.245
-3.3,4,5,18,1,2,0.3,0.18,0.25416666666666665
9.3,4,5,18,1,2,0.4,0.16,0.26375
6.6,3,6,18,1,2,0.39,0.11,0.26916666666666667
-3.2,1,6,18,1,2,0.24,0.21,0.27
0.7,4,7,18,1,2,0.23,0.49,0.26708333333333334
5.1,4,8,18,1,2,0.42,0.34,0.2654166666666667
2.1,3,10,18,1,2,0.3,0.39,0.25875
-5.0,3,11,18,1,2,0.23,0.15,0.26833333333333337
1.1,3,12,18,1,2,0.38,0.45,0.26
0.5,1,12,18,1,2,0.25,0.25,0.255
7.6,3,13,18,1,2,0.13,0.3,0.24916666666666668
32.4,2,14,18,1,2,0.16,0.3,0.2445833333333333
-2.0,2,15,18,1,2,0.19,0.17,0.2579166666666666
25.9,1,15,18,1,2,0.49,0.18,0.2683333333333333
37.6,2,15,18,1,2,0.43,0.12,0.2808333333333333
5.8,1,17,18,1,2,0.42,0.27,0.2804166666666667
-8.6,3,17,18,1,2,0.26,0.28,0.28958333333333336
20.8,4,18,18,1,2,0.5,0.1,0.3016666666666667
-5.3,3,20,18,1,2,0.39,0.49,0.295
-9.3,4,21,18,1,2,0.33,0.19,0.30375
31.9,4,21,18,1,2,0.4,0.12,0.30791666666666667
8.0,3,21,18,1,2,0.22,0.1,0.31708333333333333
23.6,3,21,18,1,2,0.32,0.23,0.3279166666666667
36.1,3,21,18,1,2,0.49,0.3,0.33166666666666667
8.5,1,22,18,1,2,0.39,0.4,0.3283333333333333
4.3,2,23,18,1,2,0.32,0.39,0.32625
4.4,2,0,19,1,3,0.34,0.24,0.3266666666666667
12.0,4,0,19,1,3,0.25,0.23,0.33749999999999997
18.4,4,1,19,1,3,0.49,0.42,0.33499999999999996
28.7,3,2,19,1,3,0.36,0.3,0.3279166666666667
37.5,5,3,19,1,3,0.13,0.23,0.32541666666666663
29.7,4,3,19,1,3,0.17,0.38,0.33041666666666664
26.2,5,4,19,1,3,0.5,0.25,0.3279166666666667
24.4,3,4,19,1,3,0.19,0.13,0.3416666666666666
-3.2,4,6,19,1,3,0.46,0.16,0.34541666666666665
5.4,5,7,19,1,3,0.25,0.19,0.35083333333333333
4.7,2,8,19,1,3,0.32,0.49,0.34833333333333333
10.4,4,8,19,1,3,0.43,0.43,0.3491666666666667
38.1,3,9,19,1,3,0.45,0.42,0.3458333333333334
12.6,3,9,19,1,3,0.34,0.26,0.35041666666666665
4.4,4,9,19,1,3,0.37,0.5,0.3354166666666667
-1.0,1,10,19,1,3,0.14,0.39,0.3333333333333333
2.7,1,10,19,1,3,0.34,0.33,0.33875000000000005
4.8,1,12,19,1,3,0.46,0.4,0.3408333333333333
1.6,4,13,19,1,3,0.45,0.22,0.3458333333333334
7.9,5,15,19,1,3,0.34,0.32,0.3429166666666667
19.7,4,15,19,1,3,0.25,0.49,0.3354166666666667
15.9,2,15,19,1,3,0.31,0.39,0.3283333333333333
34.3,3,16,19,1,3,0.22,0.32,0.32833333333333337
2.4,2,16,19,1,3,0.32,0.34,0.32416666666666666
7.3,3,17,19,1,3,0.24,0.25,0.32375
4.9,1,17,19,1,3,0.24,0.49,0.30875
34.4,2,18,19,1,3,0.13,0.36,0.30541666666666667
18.6,3,19,19,1,3,0.28,0.13,0.3095833333333334
-5.8,5,19,19,1,3,0.23,0.17,0.31
9.6,3,21,19,1,3,0.18,0.5,0.305
9.8,2,23,19,1,3,0.38,0.19,0.3179166666666667
28.6,4,23,19,1,3,0.5,0.46,0.30624999999999997
4.4,5,1,20,1,4,0.18,0.25,0.3145833333333333
12.9,1,2,20,1,4,0.45,0.32,0.3145833333333333
21.9,3,4,20,1,4,0.32,0.43,0.3145833333333333
9.3,2,4,20,1,4,0.43,0.45,0.31625
-0.9,5,4,20,1,4,0.49,0.34,0.31708333333333333
-4.5,2,4,20,1,4,0.36,0.37,0.31
2.3,4,4,20,1,4,0.2,0.14,0.31416666666666665
38.2,4,4,20,1,4,0.24,0.34,0.3129166666666667
-1.9,1,5,20,1,4,0.31,0.46,0.3145833333333334
15.0,2,6,20,1,4,0.5,0.45,0.3125
16.9,2,7,20,1,4,0.4,0.34,0.30875
34.6,1,8,20,1,4,0.25,0.25,0.30916666666666665
-2.7,2,10,20,1,4,0.26,0.31,0.315
6.8,2,10,20,1,4,0.45,0.22,0.31833333333333336
17.7,5,11,20,1,4,0.3,0.32,0.325
16.8,2,12,20,1,4,0.48,0.24,0.32708333333333334
36.9,4,12,20,1,4,0.29,0.24,0.32333333333333336
6.8,3,12,20,1,4,0.15,0.13,0.3358333333333334
6.0,5,14,20,1,4,0.43,0.28,0.34
-1.5,3,14,20,1,4,0.38,0.23,0.33499999999999996
24.7,3,16,20,1,4,0.11,0.18,0.34208333333333335
8.9,5,17,20,1,4,0.35,0.38,0.34
22.3,2,17,20,1,4,0.33,0.5,0.3325
26.3,1,18,20,1,4,0.32,0.18,0.33416666666666667
7.4,4,18,20,1,4,0.22,0.45,0.335
-9.9,2,18,20,1,4,0.47,0.32,0.33791666666666664
28.6,5,19,20,1,4,0.39,0.43,0.32958333333333334
24.6,2,19,20,1,4,0.23,0.49,0.3183333333333333
-2.9,2,20,20,1,4,0.22,0.36,0.31124999999999997
-7.9,4,20,20,1,4,0.19,0.2,0.3120833333333333
1.6,5,20,20,1,4,0.22,0.24,0.3125
19.4,5,20,20,1,4,0.25,0.31,0.3183333333333333
-6.7,2,20,20,1,4,0.45,0.5,0.3033333333333333
21.4,5,21,20,1,4,0.14,0.4,0.305
8.8,2,22,20,1,4,0.44,0.25,0.31083333333333335
-4.0,5,23,20,1,4,0.39,0.26,0.3045833333333333
20.4,1,23,20,1,4,0.11,0.45,0.30541666666666667
-5.8,1,23,20,1,4,0.47,0.3,0.3045833333333333
14.1,3,0,21,1,5,0.28,0.48,0.2995833333333333
12.2,4,0,21,1,5,0.36,0.29,0.29541666666666666
-5.2,2,3,21,1,5,0.19,0.15,0.3
28.3,4,5,21,1,5,0.26,0.43,0.29833333333333334
12.1,5,5,21,1,5,0.39,0.38,0.29458333333333336
24.1,1,6,21,1,5,0.29,0.11,0.2995833333333333
23.6,1,7,21,1,5,0.23,0.35,0.305
24.0,1,8,21,1,5,0.48,0.33,0.2970833333333333
31.5,5,11,21,1,5,0.14,0.32,0.30083333333333334
30.6,3,11,21,1,5,0.41,0.22,0.2975
-9.8,3,12,21,1,5,0.14,0.47,0.29041666666666666
13.6,1,12,21,1,5,0.3,0.39,0.28375
10.5,5,13,21,1,5,0.23,0.23,0.2920833333333333
19.5,4,15,21,1,5,0.43,0.22,0.30083333333333334
-3.1,3,16,21,1,5,0.43,0.19,0.3020833333333333
35.4,4,16,21,1,5,0.22,0.22,0.29875
26.0,5,17,21,1,5,0.14,0.25,0.295
10.2,2,17,21,1,5,0.16,0.45,0.28583333333333333
29.4,1,18,21,1,5,0.23,0.14,0.30041666666666667
2.6,1,18,21,1,5,0.49,0.44,0.295
0.2,4,20,21,1,5,0.31,0.39,0.29875
6.1,4,20,21,1,5,0.48,0.11,0.30624999999999997
-4.5,5,21,21,1,5,0.29,0.47,0.29250000000000004
17.2,3,21,21,1,5,0.14,0.28,0.2970833333333333
18.3,5,21,21,1,5,0.39,0.36,0.3
27.1,1,21,21,1,5,0.43,0.19,0.30375
-9.9,5,22,21,1,5,0.28,0.26,0.29958333333333337
13.1,3,23,21,1,5,0.16,0.39,0.29833333333333334
4.0,2,0,22,1,6,0.36,0.29,0.3033333333333333
24.0,2,0,22,1,6,0.41,0.23,0.30791666666666667
2.2,5,2,22,1,6,0.34,0.48,0.3075
-7.5,4,2,22,1,6,0.47,0.14,0.31625
16.4,4,2,22,1,6,0.35,0.41,0.31124999999999997
-5.0,1,7,22,1,6,0.29,0.14,0.31625
34.3,5,8,22,1,6,0.26,0.3,0.31708333333333333
38.1,4,8,22,1,6,0.32,0.23,0.32416666666666666
10.7,5,8,22,1,6,0.4,0.43,0.32125
28.0,1,8,22,1,6,0.36,0.43,0.31916666666666665
2.4,2,11,22,1,6,0.38,0.22,0.32916666666666666
10.2,1,12,22,1,6,0.46,0.14,0.3354166666666667
29.5,1,12,22,1,6,0.29,0.16,0.33625
25.7,4,14,22,1,6,0.18,0.23,0.33749999999999997
28.3,1,14,22,1,6,0.26,0.49,0.3354166666666667
29.8,3,15,22,1,6,0.44,0.31,0.33499999999999996
5.4,2,15,22,1,6,0.3,0.48,0.33
-8.3,1,16,22,1,6,0.36,0.29,0.33749999999999997
14.5,4,17,22,1,6,0.47,0.14,0.33625
18.4,4,19,22,1,6,0.11,0.39,0.32583333333333336
24.5,5,20,22,1,6,0.14,0.43,0.3229166666666667
16.0,2,20,22,1,6,0.36,0.28,0.32083333333333336
10.4,2,21,22,1,6,0.23,0.16,0.32541666666666663
20.7,4,22,22,1,6,0.27,0.36,0.32791666666666663
11.3,4,23,22,1,6,0.42,0.41,0.32416666666666666
-9.4,5,0,23,1,0,0.32,0.34,0.31666666666666665
17.1,5,1,23,1,0,0.16,0.47,0.30875
-5.0,5,1,23,1,0,0.28,0.35,0.30125
17.4,1,2,23,1,0,0.17,0.29,0.30583333333333335
37.7,4,3,23,1,0,0.4,0.26,0.3091666666666667
-5.4,2,4,23,1,0,0.34,0.32,0.30875
25.5,2,5,23,1,0,0.31,0.4,0.3125
34.1,2,6,23,1,0,0.49,0.36,0.30291666666666667
4.6,4,7,23,1,0,0.13,0.38,0.29833333333333334
17.0,3,8,23,1,0,0.27,0.46,0.2933333333333334
32.5,1,9,23,1,0,0.34,0.29,0.2933333333333334
-9.5,3,9,23,1,0,0.29,0.18,0.30375
27.0,2,11,23,1,0,0.43,0.26,0.305
13.6,5,12,23,1,0,0.29,0.44,0.2941666666666667
10.6,4,14,23,1,0,0.18,0.3,0.29291666666666666
0.6,3,16,23,1,0,0.27,0.36,0.29291666666666666
33.6,3,18,23,1,0,0.36,0.47,0.28958333333333336
5.3,5,19,23,1,0,0.39,0.11,0.30333333333333334
1.6,3,19,23,1,0,0.44,0.14,0.3033333333333333
17.3,4,22,23,1,0,0.14,0.36,0.30625
-5.8,1,3,24,1,1,0.43,0.23,0.3016666666666667
-0.8,4,4,24,1,1,0.12,0.27,0.3104166666666667
-3.9,2,4,24,1,1,0.48,0.42,0.29750000000000004
-2.0,4,4,24,1,1,0.11,0.32,0.295
-3.4,3,4,24,1,1,0.26,0.16,0.3025
6.2,2,4,24,1,1,0.34,0.28,0.29791666666666666
38.8,1,5,24,1,1,0.17,0.17,0.30916666666666665
8.0,5,6,24,1,1,0.44,0.4,0.30333333333333334
34.4,5,7,24,1,1,0.26,0.34,0.3033333333333333
17.4,2,9,24,1,1,0.34,0.31,0.30291666666666667
28.2,2,10,24,1,1,0.3,0.49,0.2925
3.0,3,10,24,1,1,0.24,0.13,0.30416666666666664
17.9,1,10,24,1,1,0.41,0.27,0.30125
3.3,5,11,24,1,1,0.2,0.34,0.2920833333333333
8.6,4,11,24,1,1,0.12,0.29,0.295
-9.1,3,13,24,1,1,0.36,0.43,0.2841666666666666
32.5,3,14,24,1,1,0.17,0.29,0.27958333333333335
2.7,2,14,24,1,1,0.18,0.18,0.2866666666666667
-7.1,4,18,24,1,1,0.35,0.27,0.27999999999999997
7.9,2,19,24,1,1,0.11,0.36,0.27625
12.9,4,19,24,1,1,0.27,0.39,0.26458333333333334
27.0,1,21,24,1,1,0.11,0.44,0.2575
23.9,4,22,24,1,1,0.27,0.14,0.26541666666666663
2.9,3,22,24,1,1,0.33,0.43,0.26375
38.2,1,0,25,1,2,0.39,0.12,0.2775
22.8,5,1,25,1,2,0.45,0.48,0.2704166666666667
21.5,2,1,25,1,2,0.31,0.11,0.2775
3.0,1,1,25,1,2,0.28,0.26,0.27625
11.6,5,2,25,1,2,0.23,0.34,0.26875
26.5,4,2,25,1,2,0.16,0.17,0.26875
35.2,1,2,25,1,2,0.17,0.44,0.2683333333333333
1.8,3,3,25,1,2,0.43,0.26,0.27458333333333335
3.4,2,7,25,1,2,0.41,0.34,0.26875
-9.8,2,9,25,1,2,0.2,0.3,0.26083333333333336
-3.5,1,9,25,1,2,0.11,0.24,0.2554166666666667
24.7,1,10,25,1,2,0.11,0.41,0.24458333333333335
-8.2,4,10,25,1,2,0.15,0.2,0.24250000000000002
5.1,1,11,25,1,2,0.15,0.12,0.25166666666666665
-0.8,2,12,25,1,2,0.34,0.36,0.24333333333333337
10.9,5,13,25,1,2,0.16,0.17,0.2516666666666667
3.2,1,13,25,1,2,0.37,0.18,0.25
32.4,2,15,25,1,2,0.14,0.35,0.25
-1.3,3,18,25,1,2,0.35,0.11,0.26125
25.2,1,21,25,1,2,0.38,0.27,0.26166666666666666
35.5,1,22,25,1,2,0.28,0.11,0.27208333333333334
13.3,3,23,25,1,2,0.36,0.27,0.27208333333333334
3.8,5,23,25,1,2,0.27,0.33,0.26958333333333334
-9.5,5,0,26,1,3,0.27,0.39,0.27291666666666664
35.1,2,0,26,1,3,0.47,0.45,0.2683333333333333
25.7,5,0,26,1,3,0.34,0.31,0.27458333333333335
22.8,1,3,26,1,3,0.46,0.28,0.27958333333333335
37.1,3,3,26,1,3,0.4,0.23,0.27708333333333335
31.9,5,4,26,1,3,0.17,0.16,0.2758333333333333
-4.8,1,4,26,1,3,0.13,0.17,0.28958333333333336
27.4,5,6,26,1,3,0.5,0.43,0.2833333333333333
9.6,5,6,26,1,3,0.28,0.41,0.2804166666666667
-9.4,4,8,26,1,3,0.34,0.2,0.28833333333333333
7.4,5,8,26,1,3,0.39,0.11,0.29375
-5.7,5,8,26,1,3,0.24,0.11,0.30875
10.6,2,8,26,1,3,0.47,0.15,0.31083333333333335
37.9,3,8,26,1,3,0.2,0.15,0.315
4.0,1,10,26,1,3,0.25,0.34,0.3133333333333333
38.1,2,10,26,1,3,0.3,0.16,0.3125
37.9,1,10,26,1,3,0.14,0.37,0.30750000000000005
24.4,5,11,26,1,3,0.25,0.14,0.32208333333333333
-2.9,2,14,26,1,3,0.49,0.35,0.31416666666666665
0.6,3,15,26,1,3,0.16,0.38,0.31333333333333335
24.7,1,15,26,1,3,0.36,0.28,0.3175
5.9,5,17,26,1,3,0.38,0.36,0.30833333333333335
14.7,4,18,26,1,3,0.14,0.27,0.30916666666666665
16.0,3,18,26,1,3,0.29,0.27,0.30916666666666665
18.1,2,19,26,1,3,0.27,0.47,0.2941666666666667
23.7,4,19,26,1,3,0.11,0.34,0.29541666666666666
38.1,3,20,26,1,3,0.37,0.46,0.29541666666666666
29.9,2,21,26,1,3,0.46,0.4,0.29833333333333334
27.6,5,21,26,1,3,0.47,0.17,0.29958333333333337
-4.2,2,0,27,1,4,0.2,0.13,0.29875
2.6,3,1,27,1,4,0.11,0.5,0.2975
-0.6,4,1,27,1,4,0.47,0.28,0.3016666666666667
-5.5,4,3,27,1,4,0.38,0.34,0.30333333333333334
-1.5,4,3,27,1,4,0.38,0.39,0.3016666666666667
24.9,4,5,27,1,4,0.35,0.24,0.3104166666666667
7.0,4,8,27,1,4,0.45,0.47,0.29833333333333334
39.6,1,8,27,1,4,0.18,0.2,0.3075
0.1,5,8,27,1,4,0.42,0.25,0.30333333333333334
22.9,1,8,27,1,4,0.15,0.3,0.29791666666666666
34.2,5,9,27,1,4,0.17,0.14,0.30624999999999997
15.5,5,9,27,1,4,0.34,0.25,0.30375
22.7,5,9,27,1,4,0.19,0.49,0.29083333333333333
30.6,5,10,27,1,4,0.18,0.16,0.29458333333333336
-5.8,1,10,27,1,4,0.25,0.36,0.2966666666666667
28.7,2,10,27,1,4,0.41,0.38,0.29125
-3.9,1,10,27,1,4,0.25,0.14,0.30374999999999996
21.0,3,11,27,1,4,0.44,0.29,0.30333333333333334
-9.6,5,11,27,1,4,0.28,0.27,0.31
25.6,4,11,27,1,4,0.43,0.11,0.31666666666666665
-9.7,1,11,27,1,4,0.27,0.37,0.31
2.6,1,14,27,1,4,0.21,0.46,0.29750000000000004
15.9,4,15,27,1,4,0.16,0.47,0.2966666666666667
-6.8,1,15,27,1,4,0.45,0.2,0.30041666666666667
38.5,2,16,27,1,4,0.29,0.11,0.3166666666666667
-7.7,4,16,27,1,4,0.5,0.47,0.3116666666666667
39.4,2,17,27,1,4,0.35,0.38,0.3095833333333333
-7.0,2,17,27,1,4,0.33,0.38,0.3104166666666666
26.6,3,17,27,1,4,0.4,0.35,0.3066666666666667
-1.6,2,17,27,1,4,0.26,0.45,0.3075
17.0,5,18,27,1,4,0.47,0.18,0.3120833333333333
15.5,1,19,27,1,4,0.29,0.42,0.3120833333333333
2.4,1,19,27,1,4,0.42,0.15,0.31625
25.5,2,20,27,1,4,0.25,0.17,0.3154166666666667
37.7,2,21,27,1,4,0.15,0.34,0.30541666666666667
20.7,1,21,27,1,4,0.1,0.19,0.31
28.8,2,22,27,1,4,0.3,0.18,0.31083333333333335
33.2,4,0,28,1,5,0.2,0.25,0.31958333333333333
10.4,2,0,28,1,5,0.46,0.41,0.31375000000000003
27.2,4,1,28,1,5,0.27,0.25,0.315
-2.1,5,1,28,1,5,0.28,0.44,0.31625000000000003
27.0,2,1,28,1,5,0.47,0.28,0.315
17.3,1,2,28,1,5,0.25,0.43,0.3125
3.4,5,2,28,1,5,0.37,0.27,0.31416666666666665
24.7,5,2,28,1,5,0.31,0.21,0.3204166666666666
0.2,1,3,28,1,5,0.36,0.16,0.33166666666666667
-2.9,2,3,28,1,5,0.43,0.45,0.32625
4.1,5,5,28,1,5,0.32,0.29,0.33
8.2,5,5,28,1,5,0.38,0.5,0.32625
13.7,3,5,28,1,5,0.41,0.35,0.325
20.4,3,7,28,1,5,0.32,0.33,0.33166666666666667
4.1,2,7,28,1,5,0.49,0.4,0.3316666666666667
-3.0,1,7,28,1,5,0.4,0.26,0.33791666666666664
22.3,1,7,28,1,5,0.41,0.47,0.33125
-0.1,1,8,28,1,5,0.31,0.29,0.33625
22.2,3,8,28,1,5,0.41,0.42,0.33791666666666664
11.7,2,8,28,1,5,0.46,0.25,0.34541666666666665
6.4,1,9,28,1,5,0.43,0.15,0.35666666666666663
28.7,1,10,28,1,5,0.42,0.1,0.35916666666666663
18.4,4,11,28,1,5,0.16,0.3,0.36083333333333334
10.0,5,12,28,1,5,0.34,0.2,0.365
3.3,1,12,28,1,5,0.3,0.46,0.35083333333333333
-5.4,5,12,28,1,5,0.12,0.27,0.35000000000000003
-7.5,3,13,28,1,5,0.25,0.28,0.3445833333333333
28.5,2,14,28,1,5,0.15,0.47,0.34125
2.9,1,14,28,1,5,0.39,0.25,0.3416666666666666
-7.8,4,15,28,1,5,0.26,0.37,0.33208333333333334
-6.6,3,16,28,1,5,0.14,0.31,0.33125
36.7,4,18,28,1,5,0.29,0.36,0.3204166666666666
36.5,4,18,28,1,5,0.1,0.43,0.30916666666666665
36.6,1,18,28,1,5,0.16,0.32,0.315
16.9,2,0,29,1,6,0.46,0.38,0.31625
33.9,5,0,29,1,6,0.41,0.41,0.30541666666666667
7.7,4,1,29,1,6,0.15,0.32,0.3045833333333334
39.4,2,2,29,1,6,0.3,0.49,0.29916666666666664
22.7,2,5,29,1,6,0.36,0.4,0.3025
14.9,5,5,29,1,6,0.48,0.41,0.29958333333333337
5.8,2,7,29,1,6,0.34,0.31,0.29124999999999995
32.0,4,8,29,1,6,0.11,0.41,0.29083333333333333
11.4,4,8,29,1,6,0.4,0.46,0.2875
13.9,2,8,29,1,6,0.38,0.43,0.28291666666666665
-6.6,1,10,29,1,6,0.32,0.42,0.27708333333333335
-1.8,1,11,29,1,6,0.28,0.16,0.29125
35.9,4,12,29,1,6,0.5,0.34,0.28125
-6.6,1,15,29,1,6,0.1,0.3,0.28
38.9,3,16,29,1,6,0.27,0.12,0.2808333333333333
21.0,4,16,29,1,6,0.14,0.25,0.27625
-0.1,4,17,29,1,6,0.14,0.15,0.2870833333333333
-0.4,2,18,29,1,6,0.41,0.39,0.29125
-5.1,2,19,29,1,6,0.49,0.26,0.29625
36.1,1,19,29,1,6,0.38,0.14,0.3025
-6.8,3,19,29,1,6,0.29,0.29,0.3
4.3,5,19,29,1,6,0.23,0.1,0.30541666666666667
24.1,1,20,29,1,6,0.23,0.16,0.3045833333333333
19.3,3,0,30,1,0,0.14,0.46,0.30583333333333335
13.7,5,1,30,1,0,0.49,0.41,0.3095833333333333
5.6,3,2,30,1,0,0.5,0.15,0.31083333333333335
30.1,5,6,30,1,0,0.18,0.3,0.30291666666666667
2.6,4,6,30,1,0,0.11,0.36,0.3016666666666667
5.1,5,11,30,1,0,0.33,0.48,0.3020833333333333
-8.3,4,11,30,1,0,0.49,0.34,0.30041666666666667
9.1,1,13,30,1,0,0.3,0.11,0.30333333333333334
0.9,1,13,30,1,0,0.18,0.4,0.3045833333333333
11.4,5,13,30,1,0,0.43,0.38,0.30583333333333335
18.9,5,14,30,1,0,0.41,0.32,0.30791666666666667
1.2,5,14,30,1,0,0.37,0.28,0.3083333333333333
-2.0,2,15,30,1,0,0.29,0.5,0.2945833333333333
18.5,2,16,30,1,0,0.17,0.1,0.3095833333333333
-9.5,1,17,30,1,0,0.46,0.27,0.30291666666666667
7.8,2,19,30,1,0,0.11,0.14,0.30666666666666664
1.5,4,22,30,1,0,0.23,0.14,0.3075
-2.7,2,22,30,1,0,0.16,0.41,0.29625
5.4,2,0,31,1,1,0.14,0.49,0.2875
27.6,2,0,31,1,1,0.28,0.38,0.27999999999999997
16.6,1,2,31,1,1,0.2,0.29,0.2783333333333333
33.4,1,3,31,1,1,0.25,0.23,0.2775
0.2,5,4,31,1,1,0.21,0.23,0.27708333333333335
37.7,4,4,31,1,1,0.22,0.14,0.2904166666666667
37.0,2,5,31,1,1,0.46,0.49,0.28250000000000003
23.3,1,5,31,1,1,0.3,0.5,0.26875
18.2,4,6,31,1,1,0.17,0.18,0.2783333333333334
24.0,5,6,31,1,1,0.41,0.11,0.28750000000000003
-9.9,5,6,31,1,1,0.33,0.33,0.2891666666666666
-3.4,2,6,31,1,1,0.37,0.49,0.27541666666666664
9.2,3,9,31,1,1,0.16,0.3,0.28125
-8.6,5,10,31,1,1,0.44,0.18,0.28125
6.0,3,10,31,1,1,0.18,0.43,0.2704166666666667
5.4,3,10,31,1,1,0.17,0.41,0.2654166666666667
33.1,5,11,31,1,1,0.29,0.37,0.26625000000000004
15.1,3,12,31,1,1,0.39,0.29,0.2708333333333333
19.3,1,15,31,1,1,0.4,0.17,0.2775
11.0,4,15,31,1,1,0.33,0.46,0.2629166666666667
38.1,4,18,31,1,1,0.11,0.11,0.27708333333333335
36.4,3,18,31,1,1,0.45,0.23,0.2816666666666667
-4.1,3,18,31,1,1,0.34,0.16,0.29291666666666666
17.2,5,19,31,1,1,0.43,0.14,0.29416666666666663
19.3,4,20,31,1,1,0.17,0.28,0.29208333333333336
39.0,4,20,31,1,1,0.23,0.2,0.30333333333333334
29.4,4,20,31,1,1,0.47,0.25,0.29833333333333334
28.9,2,0,1,2,2,0.13,0.21,0.30041666666666667
5.4,4,1,1,2,2,0.26,0.22,0.30583333333333335
25.2,4,2,1,2,2,0.35,0.46,0.30624999999999997
33.8,5,3,1,2,2,0.47,0.3,0.30541666666666667
-6.8,3,5,1,2,2,0.28,0.17,0.3145833333333333
22.2,3,5,1,2,2,0.39,0.41,0.30416666666666664
15.3,2,6,1,2,2,0.16,0.33,0.31
22.6,1,6,1,2,2,0.47,0.37,0.31125
4.6,4,6,1,2,2,0.4,0.16,0.31333333333333335
-6.8,2,7,1,2,2,0.21,0.44,0.305
24.9,2,8,1,2,2,0.24,0.18,0.31416666666666665
17.0,1,8,1,2,2,0.4,0.17,0.31583333333333335
-2.4,4,10,1,2,2,0.21,0.29,0.31583333333333335
16.3,4,13,1,2,2,0.29,0.39,0.3095833333333333
0.4,3,15,1,2,2,0.24,0.4,0.30541666666666667
5.8,1,15,1,2,2,0.3,0.33,0.30375
10.0,5,15,1,2,2,0.29,0.11,0.3070833333333333
-4.3,5,16,1,2,2,0.19,0.45,0.30291666666666667
5.0,4,17,1,2,2,0.35,0.34,0.29333333333333333
39.6,1,17,1,2,2,0.11,0.43,0.28291666666666665
23.8,2,18,1,2,2,0.18,0.17,0.29583333333333334
8.1,4,18,1,2,2,0.48,0.23,0.2945833333333333
35.6,3,18,1,2,2,0.2,0.47,0.2820833333333333
35.4,3,18,1,2,2,0.17,0.13,0.29458333333333336
-8.0,3,19,1,2,2,0.43,0.26,0.29291666666666666
14.1,5,20,1,2,2,0.22,0.35,0.29624999999999996
8.3,2,20,1,2,2,0.43,0.47,0.2970833333333333
38.2,1,21,1,2,2,0.49,0.28,0.29333333333333333
6.2,2,21,1,2,2,0.19,0.39,0.29125
39.3,2,21,1,2,2,0.34,0.16,0.2970833333333333
5.9,4,22,1,2,2,0.3,0.47,0.28750000000000003
-4.4,4,23,1,2,2,0.24,0.4,0.28041666666666665
3.2,4,23,1,2,2,0.23,0.21,0.2833333333333333
15.2,3,1,2,2,3,0.28,0.24,0.2825
0.3,3,2,2,2,3,0.22,0.4,0.2816666666666667
36.1,4,4,2,2,3,0.38,0.21,0.29333333333333333
28.7,1,7,2,2,3,0.49,0.29,0.29250000000000004
0.3,4,11,2,2,3,0.27,0.24,0.295
11.7,5,11,2,2,3,0.3,0.3,0.2941666666666667
11.6,4,11,2,2,3,0.28,0.29,0.29333333333333333
30.7,3,13,2,2,3,0.27,0.19,0.2916666666666667
-7.8,2,13,2,2,3,0.15,0.35,0.2966666666666667
23.1,2,15,2,2,3,0.47,0.11,0.30583333333333335
39.5,1,15,2,2,3,0.33,0.18,0.31583333333333335
17.3,2,16,2,2,3,0.42,0.48,0.31583333333333335
-2.2,2,16,2,2,3,0.48,0.2,0.32208333333333333
-3.9,5,17,2,2,3,0.35,0.17,0.32875000000000004
4.7,4,18,2,2,3,0.33,0.43,0.32375
33.9,4,18,2,2,3,0.31,0.22,0.32083333333333336
-2.8,4,19,2,2,3,0.15,0.43,0.3204166666666667
39.3,5,20,2,2,3,0.42,0.49,0.3179166666666667
8.8,4,21,2,2,3,0.43,0.19,0.32791666666666663
19.0,2,21,2,2,3,0.43,0.34,0.33
8.8,4,22,2,2,3,0.39,0.3,0.32625
-8.7,3,23,2,2,3,0.21,0.24,0.33208333333333334
-0.9,5,1,3,2,4,0.38,0.23,0.3383333333333334
38.9,2,2,3,2,4,0.38,0.28,0.3466666666666667
20.8,5,2,3,2,4,0.48,0.22,0.35125
12.9,1,3,3,2,4,0.33,0.38,0.3529166666666667
32.2,3,4,3,2,4,0.42,0.49,0.345
36.3,1,4,3,2,4,0.3,0.27,0.3458333333333334
20.7,5,5,3,2,4,0.29,0.3,0.3425
11.6,2,5,3,2,4,0.22,0.28,0.3475
37.6,2,7,3,2,4,0.4,0.27,0.3416666666666666
9.2,2,7,3,2,4,0.13,0.15,0.3408333333333333
10.4,5,8,3,2,4,0.13,0.47,0.33791666666666664
-6.4,2,8,3,2,4,0.4,0.33,0.32958333333333334
38.0,3,9,3,2,4,0.13,0.42,0.33
39.5,1,9,3,2,4,0.43,0.48,0.3154166666666666
-7.7,1,10,3,2,4,0.13,0.35,0.32
22.1,5,10,3,2,4,0.46,0.33,0.31375
21.1,2,11,3,2,4,0.18,0.31,0.3166666666666667
39.9,2,12,3,2,4,0.38,0.15,0.32375
15.3,4,12,3,2,4,0.32,0.42,0.3129166666666667
20.7,2,13,3,2,4,0.16,0.43,0.30416666666666664
23.2,1,14,3,2,4,0.22,0.43,0.30416666666666664
1.9,5,14,3,2,4,0.43,0.39,0.3025
20.0,5,14,3,2,4,0.35,0.21,0.30583333333333335
5.6,5,15,3,2,4,0.29,0.38,0.3025
19.8,5,16,3,2,4,0.3,0.38,0.29833333333333334
3.6,5,17,3,2,4,0.28,0.48,0.29333333333333333
25.7,5,18,3,2,4,0.36,0.33,0.29041666666666666
-9.6,4,18,3,2,4,0.26,0.42,0.2816666666666667
30.4,1,19,3,2,4,0.21,0.3,0.28833333333333333
39.6,3,19,3,2,4,0.46,0.29,0.29416666666666663
18.2,4,20,3,2,4,0.43,0.22,0.30333333333333334
13.2,4,20,3,2,4,0.44,0.4,0.30541666666666667
-0.5,5,21,3,2,4,0.45,0.13,0.32
-6.8,3,21,3,2,4,0.48,0.13,0.32458333333333333
39.4,1,23,3,2,4,0.24,0.4,0.32583333333333336
1.3,3,1,4,2,5,0.43,0.13,0.3295833333333333
29.6,2,2,4,2,5,0.22,0.43,0.3179166666666667
38.9,2,2,4,2,5,0.15,0.13,0.3183333333333333
36.5,5,2,4,2,5,0.14,0.46,0.3045833333333334
24.7,4,4,4,2,5,0.13,0.18,0.3120833333333333
14.4,4,4,4,2,5,0.36,0.38,0.3025
37.1,1,7,4,2,5,0.15,0.32,0.30333333333333334
20.8,4,7,4,2,5,0.34,0.16,0.31625
14.2,1,7,4,2,5,0.47,0.22,0.3120833333333333
6.9,3,8,4,2,5,0.12,0.43,0.3033333333333333
27.2,4,9,4,2,5,0.22,0.35,0.2970833333333333
20.9,3,9,4,2,5,0.2,0.29,0.2920833333333333
3.4,5,10,4,2,5,0.17,0.3,0.30041666666666667
38.7,5,11,4,2,5,0.5,0.28,0.3016666666666667
30.8,2,11,4,2,5,0.31,0.36,0.295
7.1,3,12,4,2,5,0.2,0.26,0.3
9.5,1,13,4,2,5,0.38,0.21,0.2970833333333333
13.2,4,13,4,2,5,0.14,0.46,0.2870833333333333
20.5,3,14,4,2,5,0.22,0.43,0.27625
19.3,4,17,4,2,5,0.17,0.44,0.2675
-2.2,3,19,4,2,5,0.23,0.45,0.2608333333333333
34.2,5,20,4,2,5,0.29,0.48,0.2554166666666667
-8.4,1,20,4,2,5,0.35,0.24,0.26
2.1,5,21,4,2,5,0.35,0.43,0.25083333333333335
34.5,3,21,4,2,5,0.21,0.22,0.2575
33.6,2,22,4,2,5,0.38,0.15,0.26791666666666664
36.6,1,22,4,2,5,0.4,0.14,0.275
12.9,1,23,4,2,5,0.31,0.13,0.27666666666666667
20.6,2,0,5,2,6,0.17,0.36,0.26916666666666667
6.1,2,2,5,2,6,0.18,0.15,0.27666666666666667
-6.1,4,3,5,2,6,0.33,0.34,0.27708333333333335
33.7,4,3,5,2,6,0.35,0.47,0.26666666666666666
0.5,1,3,5,2,6,0.22,0.12,0.27375
-8.2,4,3,5,2,6,0.29,0.22,0.26875
19.1,2,4,5,2,6,0.1,0.2,0.26833333333333337
10.6,2,4,5,2,6,0.19,0.17,0.28125
7.2,5,5,5,2,6,0.48,0.5,0.2675
34.9,4,5,5,2,6,0.17,0.31,0.27416666666666667
-0.2,4,8,5,2,6,0.47,0.2,0.2725
0.5,4,8,5,2,6,0.16,0.38,0.2733333333333333
-1.3,3,9,5,2,6,0.4,0.14,0.2758333333333333
25.0,3,9,5,2,6,0.2,0.22,0.2866666666666667
21.4,2,9,5,2,6,0.48,0.17,0.2966666666666667
38.1,1,9,5,2,6,0.41,0.23,0.2925
7.1,5,11,5,2,6,0.13,0.29,0.29791666666666666
32.2,4,11,5,2,6,0.42,0.35,0.3020833333333333
23.1,4,11,5,2,6,0.45,0.35,0.3025
24.6,5,12,5,2,6,0.36,0.21,0.3145833333333333
2.0,4,12,5,2,6,0.5,0.38,0.3104166666666667
22.7,2,15,5,2,6,0.28,0.4,0.31083333333333335
31.8,2,15,5,2,6,0.41,0.31,0.31
11.0,4,16,5,2,6,0.29,0.17,0.31166666666666665
-3.0,3,17,5,2,6,0.21,0.18,0.3216666666666667
5.2,5,21,5,2,6,0.42,0.33,0.32125
14.7,4,22,5,2,6,0.32,0.35,0.3125
-2.4,4,23,5,2,6,0.14,0.22,0.3183333333333333
32.5,2,1,6,2,0,0.36,0.29,0.32458333333333333
-6.5,3,1,6,2,0,0.44,0.1,0.325
7.2,3,2,6,2,0,0.11,0.19,0.32416666666666666
37.8,4,8,6,2,0,0.17,0.48,0.32458333333333333
21.4,1,9,6,2,0,0.49,0.17,0.3225
-9.2,3,12,6,2,0,0.12,0.47,0.3095833333333333
9.9,3,14,6,2,0,0.16,0.16,0.30833333333333335
2.7,3,14,6,2,0,0.13,0.4,0.30916666666666665
24.7,2,16,6,2,0,0.42,0.2,0.305
24.2,5,17,6,2,0,0.1,0.48,0.295
33.2,2,17,6,2,0,0.24,0.41,0.29375
-7.1,1,19,6,2,0,0.38,0.13,0.29625
16.4,1,19,6,2,0,0.19,0.42,0.29875
27.9,2,19,6,2,0,0.48,0.45,0.29250000000000004
30.3,1,20,6,2,0,0.3,0.36,0.28958333333333336
24.6,3,22,6,2,0,0.29,0.5,0.28583333333333333
17.4,2,22,6,2,0,0.41,0.28,0.2870833333333333
16.9,3,22,6,2,0,0.31,0.41,0.2841666666666667
19.4,4,23,6,2,0,0.34,0.29,0.28125
3.9,2,1,7,2,1,0.22,0.21,0.28375
-3.3,5,1,7,2,1,0.27,0.42,0.27875
9.8,3,2,7,2,1,0.3,0.32,0.27999999999999997
39.6,3,2,7,2,1,0.35,0.14,0.29166666666666663
12.5,5,5,7,2,1,0.42,0.36,0.29416666666666663
14.2,5,5,7,2,1,0.42,0.44,0.28875
29.4,2,7,7,2,1,0.31,0.11,0.3045833333333334
14.5,3,8,7,2,1,0.49,0.17,0.30416666666666664
33.0,4,10,7,2,1,0.16,0.49,0.29958333333333337
14.6,2,10,7,2,1,0.38,0.12,0.30791666666666667
-2.5,1,12,7,2,1,0.32,0.16,0.31666666666666665
37.0,2,13,7,2,1,0.37,0.13,0.31916666666666665
17.3,2,14,7,2,1,0.19,0.42,0.31666666666666665
-8.9,2,17,7,2,1,0.36,0.1,0.32166666666666666
19.4,3,17,7,2,1,0.22,0.24,0.32208333333333333
36.4,2,17,7,2,1,0.25,0.38,0.325
-0.8,3,18,7,2,1,0.45,0.19,0.3333333333333333
14.4,5,18,7,2,1,0.39,0.48,0.32583333333333336
7.1,4,18,7,2,1,0.3,0.3,0.3258333333333333
-0.3,2,20,7,2,1,0.3,0.29,0.33
25.9,2,20,7,2,1,0.39,0.41,0.32708333333333334
-9.6,1,21,7,2,1,0.34,0.31,0.33166666666666667
26.7,1,22,7,2,1,0.42,0.34,0.33499999999999996
-9.3,1,23,7,2,1,0.42,0.22,0.33208333333333334
28.3,4,0,8,2,2,0.15,0.27,0.33874999999999994
12.4,5,1,8,2,2,0.43,0.3,0.33416666666666667
8.0,2,1,8,2,2,0.19,0.35,0.33416666666666667
-8.7,4,6,8,2,2,0.35,0.42,0.32375000000000004
21.0,4,6,8,2,2,0.17,0.42,0.31916666666666665
11.0,1,11,8,2,2,0.31,0.31,0.31625
28.4,2,12,8,2,2,0.24,0.49,0.30666666666666664
31.6,1,14,8,2,2,0.26,0.16,0.31583333333333335
17.7,1,14,8,2,2,0.38,0.38,0.3075
30.1,1,16,8,2,2,0.18,0.32,0.31416666666666665
10.2,1,16,8,2,2,0.48,0.37,0.3145833333333333
36.8,3,16,8,2,2,0.38,0.19,0.32083333333333336
-8.9,2,16,8,2,2,0.34,0.36,0.31833333333333336
31.4,4,17,8,2,2,0.3,0.22,0.32208333333333333
12.4,2,18,8,2,2,0.31,0.25,0.31625
0.3,5,19,8,2,2,0.11,0.45,0.3070833333333333
25.5,5,19,8,2,2,0.23,0.39,0.30916666666666665
6.0,3,20,8,2,2,0.44,0.3,0.30416666666666664
32.6,3,20,8,2,2,0.18,0.3,0.30291666666666667
32.9,5,21,8,2,2,0.27,0.39,0.29333333333333333
24.3,2,21,8,2,2,0.16,0.34,0.29
25.2,5,23,8,2,2,0.26,0.42,0.2833333333333333
-5.4,1,23,8,2,2,0.26,0.42,0.2708333333333333
9.5,3,23,8,2,2,0.12,0.15,0.28541666666666665
33.9,1,0,9,2,3,0.5,0.43,0.2841666666666667
24.5,5,2,9,2,3,0.4,0.19,0.29625
38.2,5,3,9,2,3,0.48,0.35,0.30083333333333334
38.8,3,4,9,2,3,0.46,0.17,0.30041666666666667
19.3,3,4,9,2,3,0.16,0.31,0.29458333333333336
-0.1,4,5,9,2,3,0.17,0.24,0.2941666666666667
26.6,2,5,9,2,3,0.23,0.26,0.28958333333333336
23.9,2,6,9,2,3,0.15,0.38,0.28500000000000003
-4.7,3,6,9,2,3,0.27,0.18,0.28875
2.1,3,9,9,2,3,0.27,0.48,0.28833333333333333
11.5,5,9,9,2,3,0.47,0.38,0.29083333333333333
34.2,3,9,9,2,3,0.44,0.34,0.29333333333333333
1.0,3,10,9,2,3,0.4,0.3,0.2995833333333333
35.9,1,10,9,2,3,0.45,0.31,0.29750000000000004
23.2,4,10,9,2,3,0.26,0.11,0.3116666666666667
-5.2,4,10,9,2,3,0.45,0.23,0.3141666666666667
8.9,2,10,9,2,3,0.29,0.44,0.30791666666666667
9.0,4,11,9,2,3,0.29,0.18,0.3070833333333333
-0.1,3,12,9,2,3,0.16,0.27,0.3133333333333333
13.5,3,12,9,2,3,0.42,0.16,0.3120833333333333
35.3,1,12,9,2,3,0.13,0.26,0.3066666666666667
-3.3,5,13,9,2,3,0.13,0.26,0.31583333333333335
7.3,3,13,9,2,3,0.48,0.12,0.32208333333333333
7.3,5,14,9,2,3,0.27,0.5,0.3175
7.3,1,14,9,2,3,0.39,0.4,0.3154166666666666
23.3,4,15,9,2,3,0.35,0.48,0.30125
-0.4,2,15,9,2,3,0.14,0.46,0.29125
28.7,4,16,9,2,3,0.22,0.16,0.29
7.2,5,18,9,2,3,0.13,0.17,0.2920833333333333
-7.3,3,19,9,2,3,0.22,0.23,0.2925
23.0,4,19,9,2,3,0.24,0.15,0.3066666666666667
11.6,2,19,9,2,3,0.49,0.27,0.3033333333333333
32.8,1,20,9,2,3,0.19,0.27,0.3075
24.5,2,21,9,2,3,0.37,0.47,0.3041666666666667
22.6,5,21,9,2,3,0.39,0.44,0.29
18.6,1,21,9,2,3,0.1,0.4,0.2816666666666667
31.0,4,21,9,2,3,0.2,0.45,0.2808333333333333
1.2,3,22,9,2,3,0.43,0.26,0.2791666666666667
-0.9,1,23,9,2,3,0.22,0.45,0.27249999999999996
6.5,5,0,10,2,4,0.29,0.29,0.26875
26.2,3,0,10,2,4,0.2,0.29,0.26583333333333337
13.0,2,0,10,2,4,0.22,0.16,0.27416666666666667
-4.1,5,1,10,2,4,0.36,0.42,0.2704166666666667
-0.4,3,3,10,2,4,0.33,0.13,0.26958333333333334
9.7,4,4,10,2,4,0.11,0.13,0.2825
3.4,5,4,10,2,4,0.44,0.48,0.27708333333333335
8.3,5,5,10,2,4,0.35,0.27,0.2816666666666667
3.9,4,5,10,2,4,0.38,0.39,0.2704166666666667
0.6,3,5,10,2,4,0.12,0.35,0.26
-6.4,3,6,10,2,4,0.1,0.14,0.2604166666666667
16.1,1,8,10,2,4,0.15,0.22,0.27
21.6,3,8,10,2,4,0.45,0.13,0.27
0.3,1,11,10,2,4,0.13,0.22,0.26958333333333334
34.8,2,11,10,2,4,0.21,0.24,0.27166666666666667
1.7,2,12,10,2,4,0.29,0.49,0.26791666666666664
7.9,5,12,10,2,4,0.4,0.19,0.26666666666666666
36.5,3,13,10,2,4,0.16,0.37,0.2704166666666667
37.9,1,13,10,2,4,0.46,0.39,0.25958333333333333
-2.1,5,14,10,2,4,0.13,0.1,0.26208333333333333
1.8,1,15,10,2,4,0.16,0.2,0.25958333333333333
34.1,4,16,10,2,4,0.14,0.43,0.24708333333333335
36.5,3,16,10,2,4,0.13,0.22,0.24208333333333332
-6.9,1,17,10,2,4,0.1,0.29,0.24916666666666665
3.4,5,17,10,2,4,0.46,0.2,0.2529166666666667
31.1,4,19,10,2,4,0.29,0.22,0.26291666666666663
11.4,2,19,10,2,4,0.46,0.36,0.26666666666666666
4.6,4,20,10,2,4,0.45,0.33,0.26666666666666666
17.9,5,22,10,2,4,0.33,0.11,0.26958333333333334
-0.9,2,23,10,2,4,0.18,0.44,0.25666666666666665
18.4,1,23,10,2,4,0.13,0.35,0.25
0.9,5,0,11,2,5,0.19,0.38,0.2520833333333333
29.6,4,0,11,2,5,0.43,0.12,0.25708333333333333
11.7,2,0,11,2,5,0.24,0.1,0.2708333333333333
0.1,1,0,11,2,5,0.43,0.15,0.27291666666666664
-3.2,3,2,11,2,5,0.2,0.45,0.26208333333333333
22.9,2,2,11,2,5,0.19,0.13,0.26208333333333333
10.4,1,2,11,2,5,0.13,0.21,0.2579166666666666
30.9,1,3,11,2,5,0.11,0.29,0.25
31.4,4,5,11,2,5,0.1,0.4,0.24125
28.7,2,5,11,2,5,0.19,0.16,0.2520833333333333
-8.8,3,6,11,2,5,0.42,0.46,0.24458333333333335
-7.7,1,6,11,2,5,0.28,0.13,0.24375000000000002
9.4,1,8,11,2,5,0.11,0.16,0.24791666666666667
19.2,1,8,11,2,5,0.26,0.14,0.2520833333333334
27.4,1,10,11,2,5,0.24,0.13,0.2654166666666667
15.8,1,12,11,2,5,0.45,0.1,0.27208333333333334
8.2,2,12,11,2,5,0.26,0.46,0.2675
35.5,4,16,11,2,5,0.35,0.29,0.26375
22.0,3,17,11,2,5,0.2,0.46,0.25666666666666665
34.0,2,18,11,2,5,0.29,0.45,0.24791666666666667
27.1,4,19,11,2,5,0.24,0.33,0.25416666666666665
-6.3,1,19,11,2,5,0.48,0.18,0.25958333333333333
9.1,4,21,11,2,5,0.31,0.13,0.27
9.9,3,22,11,2,5,0.38,0.19,0.27499999999999997
29.9,2,22,11,2,5,0.31,0.43,0.26375
21.7,3,0,12,2,6,0.16,0.24,0.2608333333333333
22.4,2,0,12,2,6,0.17,0.43,0.25958333333333333
12.3,3,2,12,2,6,0.4,0.2,0.25958333333333333
28.2,1,3,12,2,6,0.2,0.19,0.26416666666666666
19.1,4,4,12,2,6,0.3,0.13,0.26499999999999996
25.0,3,4,12,2,6,0.15,0.11,0.27375
10.5,5,4,12,2,6,0.32,0.1,0.2791666666666667
14.8,3,4,12,2,6,0.23,0.19,0.2804166666666667
29.4,5,5,12,2,6,0.22,0.42,0.2758333333333333
-3.0,1,5,12,2,6,0.31,0.28,0.26916666666666667
-5.4,3,6,12,2,6,0.12,0.11,0.27166666666666667
-1.4,5,7,12,2,6,0.17,0.26,0.2654166666666667
35.8,5,7,12,2,6,0.11,0.24,0.26875
12.0,4,8,12,2,6,0.32,0.45,0.2675
-9.3,5,9,12,2,6,0.42,0.26,0.2658333333333333
37.3,2,9,12,2,6,0.22,0.35,0.26625000000000004
-8.8,1,9,12,2,6,0.36,0.2,0.26375
33.8,4,10,12,2,6,0.14,0.29,0.27208333333333334
11.9,2,11,12,2,6,0.49,0.24,0.2725
-9.8,2,11,12,2,6,0.25,0.48,0.2579166666666667
-9.7,4,11,12,2,6,0.13,0.31,0.25375
17.2,2,11,12,2,6,0.21,0.38,0.24291666666666667
-8.3,3,11,12,2,6,0.12,0.31,0.24166666666666667
36.7,4,12,12,2,6,0.28,0.16,0.24833333333333332
12.4,5,12,12,2,6,0.32,0.17,0.24625
-0.9,4,13,12,2,6,0.12,0.4,0.24791666666666665
28.1,1,14,12,2,6,0.44,0.2,0.2504166666666667
20.1,2,20,12,2,6,0.26,0.3,0.24458333333333335
36.5,5,21,12,2,6,0.16,0.15,0.24666666666666667
2.8,5,23,12,2,6,0.2,0.32,0.24291666666666667
36.1,1,1,13,2,0,0.23,0.23,0.24291666666666664
26.2,1,1,13,2,0,0.23,0.22,0.24208333333333332
16.1,3,2,13,2,0,0.2,0.31,0.23458333333333334
1.5,3,4,13,2,0,0.13,0.12,0.23750000000000002
37.1,1,10,13,2,0,0.19,0.17,0.23916666666666667
-7.2,4,12,13,2,0,0.21,0.11,0.255
29.0,3,12,13,2,0,0.49,0.32,0.2575
37.2,3,13,13,2,0,0.38,0.42,0.24708333333333332
23.2,2,14,13,2,0,0.17,0.22,0.2529166666666667
-1.3,1,14,13,2,0,0.36,0.36,0.2504166666666667
39.4,1,16,13,2,0,0.3,0.14,0.255
21.1,4,18,13,2,0,0.25,0.49,0.24583333333333332
8.6,5,19,13,2,0,0.27,0.25,0.2554166666666667
12.3,3,21,13,2,0,0.48,0.13,0.26666666666666666
-0.9,3,22,13,2,0,0.4,0.21,0.27125
0.6,3,22,13,2,0,0.32,0.12,0.27166666666666667
14.8,5,0,14,2,1,0.13,0.28,0.27166666666666667
-1.7,4,0,14,2,1,0.28,0.32,0.2758333333333333
34.0,3,1,14,2,1,0.42,0.12,0.2833333333333333
16.2,3,4,14,2,1,0.3,0.44,0.28375
9.8,3,4,14,2,1,0.45,0.26,0.2775
5.9,2,7,14,2,1,0.11,0.16,0.2791666666666666
-2.7,3,9,14,2,1,0.2,0.2,0.2779166666666667
14.4,4,10,14,2,1,0.17,0.23,0.27708333333333335
7.2,3,11,14,2,1,0.21,0.23,0.27666666666666667
4.2,4,12,14,2,1,0.22,0.2,0.27458333333333335
14.5,3,12,14,2,1,0.15,0.13,0.2854166666666667
27.5,3,12,14,2,1,0.39,0.19,0.2816666666666667
30.2,5,15,14,2,1,0.1,0.21,0.28791666666666665
9.3,4,15,14,2,1,0.36,0.49,0.2770833333333333
-8.3,3,16,14,2,1,0.23,0.38,0.2791666666666667
2.5,4,17,14,2,1,0.43,0.17,0.28458333333333335
-8.8,3,18,14,2,1,0.3,0.36,0.2770833333333333
-5.1,3,18,14,2,1,0.18,0.3,0.28041666666666665
16.3,4,18,14,2,1,0.38,0.25,0.27958333333333335
3.1,2,19,14,2,1,0.23,0.27,0.27875
-0.5,1,19,14,2,1,0.25,0.48,0.26291666666666663
4.4,4,20,14,2,1,0.1,0.4,0.25375000000000003
27.9,2,21,14,2,1,0.18,0.32,0.24791666666666667
15.4,2,23,14,2,1,0.18,0.13,0.25666666666666665
39.8,5,1,15,2,2,0.34,0.28,0.2525
5.4,5,2,15,2,2,0.18,0.42,0.25333333333333335
11.5,4,2,15,2,2,0.44,0.3,0.2541666666666667
7.5,4,7,15,2,2,0.32,0.45,0.2520833333333333
25.7,2,7,15,2,2,0.4,0.11,0.26375
17.4,4,12,15,2,2,0.39,0.2,0.27416666666666667
24.1,2,13,15,2,2,0.45,0.17,0.2725
8.7,2,13,15,2,2,0.13,0.21,0.2683333333333333
19.2,5,15,15,2,2,0.11,0.22,0.2783333333333333
15.7,1,16,15,2,2,0.46,0.15,0.2895833333333333
11.6,4,19,15,2,2,0.42,0.39,0.29291666666666666
32.2,2,19,15,2,2,0.47,0.1,0.2991666666666667
26.3,3,19,15,2,2,0.25,0.36,0.29583333333333334
37.4,2,20,15,2,2,0.28,0.23,0.3045833333333334
-3.4,3,21,15,2,2,0.44,0.43,0.29541666666666666
2.6,4,22,15,2,2,0.21,0.3,0.29333333333333333
24.0,1,23,15,2,2,0.25,0.18,0.295
16.0,2,23,15,2,2,0.22,0.38,0.2866666666666667
15.1,1,23,15,2,2,0.18,0.23,0.295
18.4,5,23,15,2,2,0.43,0.25,0.3025
37.8,1,0,16,2,3,0.43,0.1,0.31625
22.2,2,2,16,2,3,0.43,0.18,0.32375
25.8,1,3,16,2,3,0.36,0.18,0.3354166666666667
37.7,4,4,16,2,3,0.46,0.34,0.33125
18.8,3,5,16,2,3,0.24,0.18,0.32958333333333334
22.0,2,7,16,2,3,0.14,0.44,0.325
22.0,2,10,16,2,3,0.33,0.32,0.32625
17.4,4,12,16,2,3,0.35,0.4,0.325
15.7,4,12,16,2,3,0.37,0.39,0.32249999999999995
36.3,3,13,16,2,3,0.33,0.45,0.3129166666666667
19.9,1,14,16,2,3,0.22,0.13,0.32249999999999995
13.5,3,14,16,2,3,0.36,0.11,0.33749999999999997
2.0,1,15,16,2,3,0.47,0.46,0.325
7.2,3,17,16,2,3,0.16,0.42,0.31875000000000003
7.7,3,18,16,2,3,0.27,0.47,0.3129166666666667
-9.8,4,19,16,2,3,0.33,0.25,0.3233333333333333
26.5,5,21,16,2,3,0.5,0.28,0.3275
29.7,3,21,16,2,3,0.38,0.44,0.32083333333333336
23.4,4,21,16,2,3,0.28,0.21,0.32
10.6,2,21,16,2,3,0.19,0.25,0.32916666666666666
33.6,2,22,16,2,3,0.47,0.22,0.33166666666666667
27.7,2,22,16,2,3,0.28,0.18,0.3358333333333334
1.6,4,0,17,2,4,0.28,0.43,0.33875000000000005
11.5,3,0,17,2,4,0.5,0.43,0.3275
34.5,1,3,17,2,4,0.16,0.43,0.31625
-6.5,5,3,17,2,4,0.16,0.36,0.315
2.2,4,3,17,2,4,0.33,0.46,0.30291666666666667
8.6,3,5,17,2,4,0.17,0.24,0.3075
1.1,4,5,17,2,4,0.35,0.14,0.30791666666666667
5.3,1,7,17,2,4,0.15,0.33,0.29958333333333337
15.8,5,7,17,2,4,0.13,0.35,0.2916666666666667
-6.4,5,7,17,2,4,0.16,0.37,0.2808333333333333
20.7,3,8,17,2,4,0.11,0.33,0.2816666666666667
-0.2,5,9,17,2,4,0.35,0.22,0.28875
25.8,1,9,17,2,4,0.39,0.36,0.2904166666666667
30.2,1,12,17,2,4,0.4,0.47,0.28291666666666665
-2.3,5,12,17,2,4,0.29,0.16,0.2891666666666667
32.2,1,13,17,2,4,0.31,0.27,0.28208333333333335
24.2,5,15,17,2,4,0.1,0.33,0.27625
11.8,2,15,17,2,4,0.19,0.5,0.2704166666666667
-6.4,2,15,17,2,4,0.36,0.38,0.26125000000000004
39.0,1,15,17,2,4,0.16,0.28,0.26
20.8,1,15,17,2,4,0.25,0.19,0.26625000000000004
36.7,3,16,17,2,4,0.34,0.47,0.26666666666666666
3.6,4,16,17,2,4,0.48,0.28,0.2729166666666667
13.9,4,18,17,2,4,0.43,0.28,0.2754166666666667
7.5,2,19,17,2,4,0.34,0.5,0.26875
11.1,1,19,17,2,4,0.34,0.16,0.27499999999999997
23.5,5,20,17,2,4,0.31,0.16,0.28541666666666665
16.0,2,20,17,2,4,0.41,0.33,0.29
12.2,1,21,17,2,4,0.44,0.17,0.28875
35.5,2,22,17,2,4,0.14,0.35,0.28375
6.9,3,22,17,2,4,0.23,0.15,0.2866666666666667
37.5,1,0,18,2,5,0.22,0.13,0.2866666666666667
11.7,4,0,18,2,5,0.13,0.16,0.2925
4.7,3,1,18,2,5,0.3,0.11,0.3066666666666667
38.0,5,2,18,2,5,0.45,0.35,0.30083333333333334
23.0,2,6,18,2,5,0.21,0.39,0.2891666666666667
18.8,1,6,18,2,5,0.11,0.4,0.29
-1.6,3,7,18,2,5,0.42,0.29,0.29875
13.1,1,7,18,2,5,0.5,0.31,0.29916666666666664
-2.8,3,8,18,2,5,0.32,0.1,0.3025
-4.6,3,9,18,2,5,0.18,0.19,0.3120833333333333
37.0,5,11,18,2,5,0.42,0.36,0.3154166666666666
28.3,3,12,18,2,5,0.44,0.16,0.32791666666666663
3.9,1,13,18,2,5,0.46,0.25,0.33666666666666667
8.3,5,13,18,2,5,0.46,0.34,0.33666666666666667
22.6,1,14,18,2,5,0.34,0.48,0.32375000000000004
36.3,4,15,18,2,5,0.17,0.43,0.315
3.6,2,16,18,2,5,0.22,0.34,0.31583333333333335
2.3,1,16,18,2,5,0.36,0.34,0.3120833333333333
38.3,3,17,18,2,5,0.25,0.31,0.31125
-9.3,3,17,18,2,5,0.29,0.41,0.30916666666666665
20.7,2,20,18,2,5,0.36,0.44,0.30083333333333334
21.2,3,21,18,2,5,0.24,0.14,0.31333333333333335
39.3,2,22,18,2,5,0.44,0.23,0.3175
2.2,1,23,18,2,5,0.33,0.22,0.32
-7.6,4,0,19,2,6,0.28,0.13,0.31916666666666665
38.4,3,0,19,2,6,0.11,0.3,0.31125
18.5,3,1,19,2,6,0.11,0.45,0.3095833333333333
3.7,5,1,19,2,6,0.41,0.21,0.3179166666666667
21.2,1,2,19,2,6,0.41,0.11,0.33208333333333334
29.7,1,3,19,2,6,0.45,0.42,0.32916666666666666
25.7,4,3,19,2,6,0.35,0.5,0.32749999999999996
14.3,1,4,19,2,6,0.46,0.32,0.32666666666666666
22.0,3,5,19,2,6,0.3,0.18,0.3258333333333333
29.7,2,5,19,2,6,0.16,0.42,0.31375000000000003
37.9,1,8,19,2,6,0.13,0.44,0.31125
13.8,5,11,19,2,6,0.38,0.46,0.31166666666666665
13.8,3,13,19,2,6,0.47,0.46,0.3075
0.6,2,14,19,2,6,0.36,0.34,0.2995833333333333
20.5,4,16,19,2,6,0.15,0.17,0.30375
18.4,5,18,19,2,6,0.27,0.22,0.3020833333333333
15.9,1,18,19,2,6,0.18,0.36,0.305
-7.3,1,19,19,2,6,0.43,0.25,0.3020833333333333
-8.0,4,19,19,2,6,0.18,0.29,0.29791666666666666
-5.2,2,22,19,2,6,0.19,0.36,0.28833333333333333
23.8,1,0,20,2,0,0.13,0.24,0.29791666666666666
33.3,5,0,20,2,0,0.47,0.44,0.3
0.9,2,1,20,2,0,0.49,0.33,0.29041666666666666
34.0,2,2,20,2,0,0.1,0.28,0.29
11.4,4,4,20,2,0,0.27,0.11,0.2966666666666667
-4.1,1,5,20,2,0,0.27,0.11,0.2995833333333333
2.9,3,5,20,2,0,0.18,0.41,0.30333333333333334
12.8,4,5,20,2,0,0.5,0.41,0.2970833333333333
6.4,4,6,20,2,0,0.26,0.45,0.29291666666666666
0.8,3,6,20,2,0,0.35,0.35,0.28583333333333333
8.7,4,6,20,2,0,0.18,0.46,0.2783333333333334
13.2,2,7,20,2,0,0.28,0.3,0.28041666666666665
26.5,2,8,20,2,0,0.35,0.16,0.28958333333333336
37.8,5,9,20,2,0,0.38,0.13,0.29
1.7,1,10,20,2,0,0.14,0.38,0.29124999999999995
8.0,4,12,20,2,0,0.41,0.47,0.2775
6.5,2,12,20,2,0,0.14,0.36,0.26875
0.8,3,12,20,2,0,0.15,0.15,0.2725
7.9,2,13,20,2,0,0.24,0.27,0.27458333333333335
33.9,4,13,20,2,0,0.32,0.18,0.2775
31.8,1,15,20,2,0,0.25,0.43,0.27791666666666665
39.1,5,16,20,2,0,0.44,0.18,0.28458333333333335
26.9,1,19,20,2,0,0.34,0.19,0.285
37.1,5,19,20,2,0,0.2,0.13,0.29833333333333334
14.6,4,19,20,2,0,0.45,0.47,0.2970833333333333
-6.9,4,20,20,2,0,0.44,0.49,0.2966666666666667
38.6,1,21,20,2,0,0.48,0.1,0.30375
0.5,3,21,20,2,0,0.27,0.27,0.2970833333333333
31.3,2,21,20,2,0,0.11,0.27,0.29583333333333334
3.2,3,21,20,2,0,0.24,0.18,0.2970833333333333
18.8,5,21,20,2,0,0.21,0.5,0.2804166666666667
35.3,3,23,20,2,0,0.1,0.26,0.2758333333333333
-0.5,4,0,21,2,1,0.15,0.35,0.27875
36.4,2,1,21,2,1,0.42,0.18,0.28375
-9.6,5,2,21,2,1,0.3,0.28,0.2841666666666666
13.4,3,2,21,2,1,0.29,0.35,0.28583333333333333
-9.7,2,4,21,2,1,0.39,0.38,0.2754166666666667
17.5,4,5,21,2,1,0.13,0.14,0.2816666666666667
22.0,1,5,21,2,1,0.29,0.41,0.2729166666666667
39.2,5,6,21,2,1,0.2,0.14,0.2725
21.0,2,6,21,2,1,0.13,0.15,0.28458333333333335
-3.1,2,7,21,2,1,0.44,0.24,0.2916666666666667
17.6,3,7,21,2,1,0.41,0.32,0.285
-5.2,5,10,21,2,1,0.16,0.25,0.28625
26.1,1,10,21,2,1,0.28,0.44,0.2725
-0.8,3,10,21,2,1,0.11,0.34,0.26958333333333334
27.4,1,11,21,2,1,0.27,0.2,0.27791666666666665
21.8,5,12,21,2,1,0.4,0.45,0.27875
20.4,2,13,21,2,1,0.47,0.44,0.2808333333333333
-4.3,4,14,21,2,1,0.49,0.48,0.26708333333333334
-2.0,5,14,21,2,1,0.15,0.27,0.26541666666666663
-1.6,5,15,21,2,1,0.23,0.11,0.2791666666666667
3.7,2,15,21,2,1,0.44,0.24,0.2891666666666667
-4.1,4,21,21,2,1,0.48,0.21,0.2925
20.7,3,23,21,2,1,0.29,0.1,0.29708333333333337
-4.0,2,1,22,2,2,0.21,0.15,0.30916666666666665
26.9,5,4,22,2,2,0.44,0.42,0.30916666666666665
32.0,4,6,22,2,2,0.42,0.3,0.30291666666666667
-0.6,5,7,22,2,2,0.15,0.29,0.29833333333333334
0.0,3,8,22,2,2,0.18,0.39,0.29541666666666666
-2.8,5,8,22,2,2,0.32,0.13,0.30416666666666664
10.0,1,9,22,2,2,0.34,0.29,0.3045833333333333
9.0,1,9,22,2,2,0.3,0.2,0.3125
-8.7,2,9,22,2,2,0.39,0.13,0.32
19.4,3,10,22,2,2,0.31,0.44,0.30791666666666667
20.5,2,10,22,2,2,0.15,0.41,0.30041666666666667
34.7,3,10,22,2,2,0.23,0.16,0.3120833333333333
32.5,3,12,22,2,2,0.44,0.28,0.3183333333333333
27.3,2,14,22,2,2,0.43,0.11,0.32375000000000004
11.9,1,14,22,2,2,0.24,0.27,0.3333333333333333
19.5,5,14,22,2,2,0.5,0.4,0.325
20.8,5,15,22,2,2,0.2,0.47,0.32375
39.3,4,19,22,2,2,0.44,0.49,0.32333333333333336
11.7,1,19,22,2,2,0.48,0.15,0.3225
4.0,2,20,22,2,2,0.13,0.23,0.32791666666666663
25.4,4,20,22,2,2,0.36,0.44,0.3279166666666667
29.5,5,21,22,2,2,0.44,0.48,0.3208333333333333
13.8,3,21,22,2,2,0.31,0.29,0.3229166666666667
-8.0,5,22,22,2,2,0.34,0.21,0.32875
0.2,2,23,22,2,2,0.35,0.44,0.32708333333333334
-7.7,2,0,23,2,3,0.4,0.42,0.32416666666666666
-4.4,5,0,23,2,3,0.35,0.15,0.33874999999999994
-4.6,1,2,23,2,3,0.5,0.18,0.345
-9.5,5,3,23,2,3,0.33,0.32,0.3491666666666666
19.1,2,4,23,2,3,0.42,0.34,0.34791666666666665
-5.7,1,6,23,2,3,0.31,0.3,0.3504166666666666
-5.8,1,7,23,2,3,0.36,0.39,0.35208333333333336
5.6,5,7,23,2,3,0.43,0.31,0.3525
13.4,1,8,23,2,3,0.32,0.15,0.36666666666666664
26.9,4,10,23,2,3,0.49,0.23,0.37708333333333327
16.3,4,12,23,2,3,0.48,0.44,0.37833333333333335
37.6,2,12,23,2,3,0.47,0.43,0.37833333333333335
-5.3,5,13,23,2,3,0.43,0.24,0.3841666666666666
14.3,2,16,23,2,3,0.38,0.5,0.3720833333333333
8.3,2,17,23,2,3,0.21,0.2,0.37291666666666673
6.3,5,17,23,2,3,0.22,0.44,0.365
4.1,2,19,23,2,3,0.25,0.48,0.3591666666666667
10.6,2,19,23,2,3,0.34,0.13,0.36999999999999994
-2.9,1,20,23,2,3,0.39,0.36,0.3645833333333333
5.7,2,22,23,2,3,0.23,0.44,0.3654166666666667
32.0,1,22,23,2,3,0.46,0.31,0.3658333333333334
19.7,4,22,23,2,3,0.32,0.34,0.36333333333333334
26.1,3,22,23,2,3,0.28,0.35,0.3591666666666667
-2.8,4,0,24,2,4,0.25,0.4,0.36125
10.4,4,0,24,2,4,0.45,0.35,0.35333333333333333
4.7,3,1,24,2,4,0.16,0.5,0.33875000000000005
32.8,2,2,24,2,4,0.15,0.33,0.34041666666666665
35.9,5,3,24,2,4,0.37,0.42,0.33416666666666667
-8.4,1,4,24,2,4,0.27,0.31,0.33958333333333335
8.8,2,5,24,2,4,0.44,0.36,0.3429166666666667
5.1,3,5,24,2,4,0.44,0.43,0.33625
-4.5,4,5,24,2,4,0.27,0.32,0.33166666666666667
-3.6,4,6,24,2,4,0.21,0.49,0.32666666666666666
39.4,4,7,24,2,4,0.37,0.48,0.3129166666666667
2.3,5,10,24,2,4,0.15,0.47,0.3120833333333333
-1.4,4,11,24,2,4,0.45,0.43,0.3016666666666667
37.3,5,11,24,2,4,0.18,0.38,0.2916666666666667
12.2,3,12,24,2,4,0.14,0.21,0.2916666666666667
32.6,3,12,24,2,4,0.21,0.22,0.2941666666666667
7.0,1,13,24,2,4,0.28,0.25,0.29958333333333337
28.4,5,13,24,2,4,0.38,0.34,0.29458333333333336
21.4,1,14,24,2,4,0.22,0.39,0.2841666666666667
9.5,5,14,24,2,4,0.14,0.23,0.2916666666666667
-0.2,5,14,24,2,4,0.41,0.46,0.28500000000000003
37.3,4,15,24,2,4,0.3,0.32,0.2916666666666667
30.5,3,16,24,2,4,0.48,0.28,0.295
0.8,2,17,24,2,4,0.36,0.25,0.29583333333333334
-9.6,1,17,24,2,4,0.27,0.45,0.2916666666666667
9.2,4,18,24,2,4,0.35,0.16,0.30250000000000005
-1.6,2,19,24,2,4,0.42,0.15,0.30083333333333334
21.1,4,19,24,2,4,0.11,0.37,0.30583333333333335
29.5,5,21,24,2,4,0.49,0.27,0.29958333333333337
34.7,5,21,24,2,4,0.12,0.44,0.29833333333333334
22.5,4,21,24,2,4,0.41,0.44,0.28541666666666665
8.5,1,21,24,2,4,0.13,0.27,0.29416666666666663
34.0,3,23,24,2,4,0.48,0.21,0.30541666666666667
11.2,5,1,25,2,5,0.48,0.37,0.30833333333333335
35.2,4,3,25,2,5,0.44,0.15,0.31
-5.5,2,5,25,2,5,0.19,0.45,0.30041666666666667
37.0,2,5,25,2,5,0.22,0.18,0.3125
38.3,4,8,25,2,5,0.47,0.14,0.31124999999999997
20.6,1,9,25,2,5,0.11,0.21,0.32125
28.4,2,9,25,2,5,0.45,0.28,0.3279166666666667
5.5,2,9,25,2,5,0.44,0.38,0.32916666666666666
-7.8,4,11,25,2,5,0.41,0.22,0.3354166666666667
9.7,4,11,25,2,5,0.37,0.14,0.3383333333333333
-4.0,2,11,25,2,5,0.21,0.41,0.33625
32.8,3,12,25,2,5,0.36,0.3,0.33958333333333335
14.1,5,15,25,2,5,0.38,0.48,0.3345833333333333
7.5,2,15,25,2,5,0.36,0.36,0.3383333333333333
38.6,1,15,25,2,5,0.45,0.27,0.33916666666666667
-1.4,5,16,25,2,5,0.29,0.35,0.33291666666666664
38.0,4,16,25,2,5,0.2,0.42,0.32958333333333334
6.5,5,16,25,2,5,0.34,0.11,0.3325
-1.1,1,17,25,2,5,0.18,0.49,0.33
7.3,3,18,25,2,5,0.43,0.12,0.3429166666666667
15.5,1,19,25,2,5,0.43,0.41,0.3308333333333333
11.1,1,20,25,2,5,0.12,0.13,0.345
-1.1,4,20,25,2,5,0.47,0.48,0.34
1.8,5,21,25,2,5,0.36,0.48,0.33791666666666664
36.8,2,22,25,2,5,0.43,0.44,0.3279166666666667
13.0,3,22,25,2,5,0.2,0.19,0.32666666666666666
16.7,2,23,25,2,5,0.16,0.22,0.32416666666666666
11.0,3,3,26,2,6,0.16,0.47,0.315
3.5,1,3,26,2,6,0.25,0.11,0.325
34.4,2,3,26,2,6,0.35,0.45,0.32125
35.6,3,5,26,2,6,0.36,0.44,0.3145833333333333
27.1,5,5,26,2,6,0.28,0.41,0.31833333333333336
27.1,4,5,26,2,6,0.5,0.37,0.3075
39.9,5,7,26,2,6,0.11,0.21,0.3045833333333334
4.7,1,7,26,2,6,0.14,0.36,0.3025
6.7,3,8,26,2,6,0.31,0.38,0.3066666666666667
23.0,4,9,26,2,6,0.48,0.36,0.3025
2.7,2,9,26,2,6,0.26,0.45,0.295
11.5,3,10,26,2,6,0.27,0.29,0.29583333333333334
-7.8,3,10,26,2,6,0.31,0.2,0.29833333333333334
12.9,5,13,26,2,6,0.26,0.34,0.29958333333333337
-4.0,4,13,26,2,6,0.37,0.18,0.305
30.6,3,14,26,2,6,0.31,0.43,0.30624999999999997
12.3,5,15,26,2,6,0.46,0.43,0.29958333333333337
17.4,4,16,26,2,6,0.27,0.12,0.30583333333333335
6.2,2,16,26,2,6,0.27,0.47,0.2975
16.1,5,17,26,2,6,0.27,0.36,0.30291666666666667
33.2,4,18,26,2,6,0.49,0.43,0.3045833333333333
9.2,5,18,26,2,6,0.47,0.2,0.30916666666666665
5.8,2,18,26,2,6,0.31,0.16,0.3120833333333333
38.5,2,18,26,2,6,0.23,0.16,0.3179166666666667
31.3,2,18,26,2,6,0.3,0.25,0.3279166666666667
-1.1,3,19,26,2,6,0.49,0.35,0.32958333333333334
-9.5,5,20,26,2,6,0.39,0.36,0.3204166666666667
14.0,4,20,26,2,6,0.14,0.28,0.31708333333333333
-7.6,1,20,26,2,6,0.2,0.5,0.30375
18.9,4,21,26,2,6,0.18,0.11,0.30333333333333334
-9.0,1,21,26,2,6,0.1,0.14,0.3154166666666667
34.4,1,22,26,2,6,0.43,0.31,0.30916666666666665
23.6,3,22,26,2,6,0.16,0.48,0.3016666666666667
-6.9,3,22,26,2,6,0.3,0.26,0.29583333333333334
-9.0,1,23,26,2,6,0.12,0.27,0.3045833333333334
14.7,4,2,27,2,0,0.48,0.31,0.3045833333333333
11.7,3,4,27,2,0,0.31,0.26,0.3045833333333334
10.3,1,5,27,2,0,0.26,0.37,0.30833333333333335
25.9,2,7,27,2,0,0.46,0.31,0.3020833333333333
13.3,4,8,27,2,0,0.16,0.46,0.29416666666666663
8.1,3,11,27,2,0,0.27,0.27,0.28750000000000003
20.0,1,12,27,2,0,0.11,0.27,0.2904166666666667
-2.2,1,12,27,2,0,0.34,0.27,0.29041666666666666
5.9,5,14,27,2,0,0.27,0.49,0.28375
13.0,2,14,27,2,0,0.33,0.47,0.27791666666666665
11.4,3,15,27,2,0,0.33,0.31,0.28500000000000003
2.2,3,15,27,2,0,0.48,0.23,0.29333333333333333
3.6,4,16,27,2,0,0.43,0.3,0.29333333333333333
31.1,5,16,27,2,0,0.3,0.49,0.2891666666666667
39.1,5,16,27,2,0,0.39,0.39,0.27708333333333335
36.0,5,18,27,2,0,0.1,0.14,0.2866666666666667
22.2,5,21,27,2,0,0.37,0.2,0.2966666666666667
17.1,3,21,27,2,0,0.44,0.18,0.2970833333333333
-7.7,3,22,27,2,0,0.19,0.1,0.3129166666666667
-2.0,3,23,27,2,0,0.48,0.43,0.31083333333333335
36.8,5,0,28,2,1,0.38,0.16,0.32
5.8,5,1,28,2,1,0.38,0.3,0.31583333333333335
32.7,4,1,28,2,1,0.2,0.12,0.31916666666666665
-7.0,4,2,28,2,1,0.2,0.48,0.30333333333333334
18.5,5,3,28,2,1,0.1,0.31,0.31083333333333335
13.8,3,4,28,2,1,0.49,0.26,0.3145833333333333
17.7,4,5,28,2,1,0.35,0.46,0.3083333333333333
31.5,2,5,28,2,1,0.31,0.16,0.3204166666666667
-4.4,4,6,28,2,1,0.45,0.27,0.3283333333333333
-7.9,3,6,28,2,1,0.46,0.11,0.33249999999999996
6.3,2,7,28,2,1,0.21,0.34,0.33375
32.1,4,8,28,2,1,0.37,0.27,0.3275
-5.7,5,10,28,2,1,0.12,0.33,0.3275
26.2,2,11,28,2,1,0.33,0.33,0.325
0.8,2,11,28,2,1,0.27,0.48,0.3233333333333333
36.0,5,12,28,2,1,0.44,0.43,0.32416666666666666
15.3,2,15,28,2,1,0.45,0.3,0.32125
11.6,1,18,28,2,1,0.23,0.39,0.3183333333333333
28.6,4,19,28,2,1,0.32,0.1,0.32166666666666666
-0.8,3,21,28,2,1,0.18,0.37,0.3225
33.7,5,23,28,2,1,0.39,0.44,0.3225
18.5,3,0,1,3,2,0.44,0.19,0.31958333333333333
4.5,2,1,1,3,2,0.12,0.48,0.31708333333333333
20.8,1,1,1,3,2,0.42,0.38,0.31916666666666665
7.9,5,2,1,3,2,0.43,0.38,0.31083333333333335
36.5,5,2,1,3,2,0.18,0.2,0.31416666666666665
18.6,3,4,1,3,2,0.28,0.2,0.32375000000000004
-5.4,2,5,1,3,2,0.43,0.1,0.33125
18.9,3,6,1,3,2,0.28,0.49,0.3175
28.7,5,7,1,3,2,0.16,0.35,0.31083333333333335
7.4,4,7,1,3,2,0.19,0.31,0.3020833333333333
11.5,2,11,1,3,2,0.1,0.45,0.29541666666666666
14.1,4,12,1,3,2,0.29,0.46,0.28750000000000003
-3.8,5,12,1,3,2,0.27,0.21,0.28625
30.9,2,13,1,3,2,0.18,0.37,0.2816666666666667
-5.1,1,13,1,3,2,0.26,0.12,0.28375
-6.1,1,14,1,3,2,0.17,0.33,0.27708333333333335
7.7,4,14,1,3,2,0.17,0.27,0.28583333333333333
2.2,4,14,1,3,2,0.48,0.44,0.27375
17.5,1,15,1,3,2,0.15,0.45,0.26458333333333334
9.4,2,15,1,3,2,0.23,0.23,0.26583333333333337
18.3,1,16,1,3,2,0.26,0.32,0.2604166666666667
21.5,5,16,1,3,2,0.19,0.18,0.2625
-2.6,4,16,1,3,2,0.23,0.39,0.26125
11.4,4,17,1,3,2,0.36,0.44,0.25708333333333333
21.7,2,17,1,3,2,0.34,0.12,0.26666666666666666
23.7,2,17,1,3,2,0.35,0.42,0.2541666666666667
5.3,5,18,1,3,2,0.12,0.43,0.2554166666666667
18.6,5,22,1,3,2,0.46,0.18,0.25625000000000003
13.5,5,22,1,3,2,0.2,0.28,0.26458333333333334
10.5,4,23,1,3,2,0.48,0.43,0.25333333333333335
-5.8,4,23,1,3,2,0.16,0.28,0.26125
27.2,4,0,2,3,3,0.47,0.16,0.27125000000000005
16.7,5,1,2,3,3,0.4,0.19,0.28291666666666665
-9.8,5,2,2,3,3,0.47,0.1,0.2954166666666667
36.9,4,3,2,3,3,0.4,0.29,0.29208333333333336
25.1,2,3,2,3,3,0.21,0.27,0.2916666666666667
14.0,3,3,2,3,3,0.26,0.18,0.29541666666666666
13.6,4,4,2,3,3,0.27,0.26,0.30333333333333334
-4.9,3,4,2,3,3,0.45,0.17,0.31708333333333333
4.3,2,4,2,3,3,0.5,0.17,0.32541666666666663
3.5,3,7,2,3,3,0.37,0.48,0.3129166666666667
30.0,5,8,2,3,3,0.18,0.15,0.32166666666666666
8.7,5,9,2,3,3,0.36,0.23,0.32375000000000004
20.6,3,9,2,3,3,0.28,0.26,0.32541666666666663
-9.1,3,10,2,3,3,0.3,0.19,0.3325
32.0,3,10,2,3,3,0.36,0.23,0.3420833333333333
33.3,3,11,2,3,3,0.46,0.36,0.3454166666666667
22.3,1,12,2,3,3,0.44,0.34,0.35000000000000003
8.3,1,13,2,3,3,0.45,0.35,0.35625
0.5,3,14,2,3,3,0.5,0.12,0.3641666666666667
32.7,2,15,2,3,3,0.31,0.46,0.3491666666666667
5.5,1,21,2,3,3,0.1,0.2,0.3545833333333333
18.7,1,22,2,3,3,0.33,0.48,0.35083333333333333
23.7,3,23,2,3,3,0.39,0.16,0.3545833333333334
-4.2,5,0,3,3,4,0.25,0.47,0.345
3.4,2,0,3,3,4,0.24,0.4,0.3345833333333333
-7.3,1,1,3,3,4,0.15,0.47,0.3358333333333334
5.1,1,1,3,3,4,0.5,0.4,0.32875
10.7,2,1,3,3,4,0.23,0.21,0.3408333333333333
12.9,4,2,3,3,4,0.5,0.26,0.34874999999999995
-3.9,4,4,3,3,4,0.45,0.27,0.3433333333333333
1.2,3,5,3,3,4,0.14,0.45,0.34208333333333335
8.9,4,5,3,3,4,0.42,0.5,0.3279166666666667
12.1,2,6,3,3,4,0.16,0.37,0.32458333333333333
35.5,5,6,3,3,4,0.29,0.18,0.3333333333333333
9.2,2,6,3,3,4,0.39,0.36,0.32875
38.0,5,8,3,3,4,0.25,0.28,0.33749999999999997
-7.8,3,8,3,3,4,0.49,0.3,0.33875000000000005
12.5,3,8,3,3,4,0.33,0.36,0.33375
30.6,1,10,3,3,4,0.24,0.46,0.3233333333333333
36.6,1,10,3,3,4,0.21,0.44,0.3216666666666667
10.7,4,10,3,3,4,0.4,0.45,0.3145833333333333
23.9,2,10,3,3,4,0.28,0.5,0.3045833333333334
-2.2,2,13,3,3,4,0.26,0.31,0.3070833333333333
34.4,3,17,3,3,4,0.37,0.1,0.3120833333333333
0.4,1,17,3,3,4,0.22,0.33,0.31666666666666665
21.8,3,23,3,3,4,0.44,0.39,0.3120833333333333
0.6,1,0,4,3,5,0.28,0.25,0.3179166666666667
27.0,4,2,4,3,5,0.39,0.24,0.31625
-9.0,4,2,4,3,5,0.2,0.15,0.32083333333333336
0.2,2,3,4,3,5,0.26,0.5,0.3179166666666667
-7.8,3,4,4,3,5,0.43,0.23,0.32458333333333333
21.4,2,4,4,3,5,0.39,0.5,0.32
-8.5,3,4,4,3,5,0.39,0.45,0.3154166666666667
-2.2,3,5,4,3,5,0.34,0.14,0.31958333333333333
-8.8,3,6,4,3,5,0.24,0.42,0.31416666666666665
30.3,1,7,4,3,5,0.29,0.16,0.32125
14.4,1,8,4,3,5,0.33,0.29,0.315
4.8,4,10,4,3,5,0.14,0.39,0.31750000000000006
6.5,3,11,4,3,5,0.45,0.25,0.32375000000000004
-5.1,2,11,4,3,5,0.4,0.49,0.3225
-2.1,5,12,4,3,5,0.46,0.33,0.32625
3.1,5,13,4,3,5,0.42,0.24,0.33
5.6,5,15,4,3,5,0.33,0.21,0.32583333333333336
14.4,1,15,4,3,5,0.11,0.4,0.3154166666666666
35.9,4,15,4,3,5,0.15,0.28,0.32
21.4,4,16,4,3,5,0.39,0.26,0.3183333333333333
1.7,2,17,4,3,5,0.22,0.37,0.3104166666666667
10.8,3,17,4,3,5,0.18,0.22,0.30791666666666667
23.7,3,17,4,3,5,0.16,0.44,0.295
-4.0,4,18,4,3,5,0.13,0.28,0.3
11.9,3,19,4,3,5,0.4,0.39,0.29083333333333333
-8.4,3,19,4,3,5,0.17,0.2,0.29333333333333333
11.8,5,20,4,3,5,0.26,0.26,0.2916666666666667
36.7,1,20,4,3,5,0.22,0.43,0.28833333333333333
18.1,5,20,4,3,5,0.35,0.39,0.2833333333333334
32.2,2,21,4,3,5,0.27,0.39,0.2808333333333333
13.6,4,0,5,3,6,0.33,0.34,0.2870833333333333
-2.2,2,1,5,3,6,0.49,0.24,0.2883333333333334
19.9,3,2,5,3,6,0.27,0.29,0.29000000000000004
11.5,4,3,5,3,6,0.33,0.33,0.29000000000000004
13.5,5,3,5,3,6,0.33,0.14,0.2920833333333333
28.3,3,3,5,3,6,0.19,0.45,0.27916666666666673
-3.5,4,5,5,3,6,0.14,0.4,0.27958333333333335
37.8,1,5,5,3,6,0.41,0.46,0.26625000000000004
11.7,5,5,5,3,6,0.14,0.42,0.2554166666666667
5.0,1,6,5,3,6,0.16,0.33,0.255
18.9,3,6,5,3,6,0.32,0.11,0.2675
2.7,1,7,5,3,6,0.41,0.15,0.27375
0.6,1,8,5,3,6,0.3,0.39,0.27416666666666667
0.8,3,8,5,3,6,0.4,0.22,0.28458333333333335
31.6,2,9,5,3,6,0.47,0.18,0.29375
29.5,3,10,5,3,6,0.4,0.16,0.29708333333333337
33.1,3,10,5,3,6,0.24,0.13,0.3125
-4.7,3,15,5,3,6,0.5,0.4,0.30375
27.3,3,15,5,3,6,0.19,0.17,0.31625
17.8,2,16,5,3,6,0.47,0.26,0.32208333333333333
32.3,1,17,5,3,6,0.4,0.22,0.3208333333333333
11.1,2,19,5,3,6,0.19,0.35,0.31583333333333335
19.8,3,19,5,3,6,0.23,0.27,0.3195833333333334
-7.1,4,20,5,3,6,0.36,0.33,0.31
29.2,3,22,5,3,6,0.1,0.49,0.29750000000000004
24.5,4,22,5,3,6,0.19,0.27,0.2966666666666667
4.4,5,0,6,3,0,0.25,0.33,0.29624999999999996
27.5,5,0,6,3,0,0.32,0.33,0.2920833333333333
15.9,1,0,6,3,0,0.23,0.19,0.29791666666666666
23.2,1,1,6,3,0,0.33,0.14,0.30624999999999997
8.1,2,3,6,3,0,0.34,0.41,0.3020833333333333
-8.7,5,3,6,3,0,0.31,0.14,0.30541666666666667
19.9,1,4,6,3,0,0.22,0.16,0.31375
39.1,5,5,6,3,0,0.36,0.32,0.3104166666666667
35.1,2,7,6,3,0,0.24,0.41,0.31
5.7,1,8,6,3,0,0.4,0.3,0.30416666666666664
19.9,3,10,6,3,0,0.16,0.4,0.29541666666666666
17.6,5,10,6,3,0,0.19,0.47,0.29
8.6,1,11,6,3,0,0.34,0.4,0.29083333333333333
13.5,1,11,6,3,0,0.42,0.24,0.2933333333333334
8.9,2,12,6,3,0,0.3,0.5,0.2816666666666667
16.2,2,13,6,3,0,0.22,0.19,0.2791666666666667
33.6,1,13,6,3,0,0.13,0.47,0.27458333333333335
31.3,1,14,6,3,0,0.36,0.4,0.2783333333333333
-1.0,3,15,6,3,0,0.49,0.19,0.2783333333333334
3.1,2,15,6,3,0,0.19,0.23,0.2775
12.5,5,16,6,3,0,0.21,0.36,0.27625
19.7,4,16,6,3,0,0.33,0.1,0.2816666666666667
21.6,4,18,6,3,0,0.23,0.19,0.28541666666666665
13.7,3,18,6,3,0,0.28,0.25,0.28875
-4.3,4,19,6,3,0,0.33,0.32,0.2808333333333333
23.0,3,19,6,3,0,0.13,0.23,0.29
6.0,5,20,6,3,0,0.45,0.33,0.28125
4.0,1,23,6,3,0,0.12,0.34,0.2725
39.6,3,0,7,3,1,0.13,0.31,0.28
2.5,1,1,7,3,1,0.49,0.22,0.27791666666666665
37.6,3,1,7,3,1,0.17,0.36,0.2758333333333333
10.1,3,3,7,3,1,0.31,0.24,0.2833333333333333
-2.5,4,3,7,3,1,0.42,0.4,0.285
16.4,5,6,7,3,1,0.44,0.16,0.29000000000000004
0.4,2,9,7,3,1,0.28,0.19,0.2916666666666667
25.4,5,10,7,3,1,0.23,0.34,0.2866666666666667
-4.2,3,10,7,3,1,0.22,0.42,0.27416666666666667
32.0,3,12,7,3,1,0.12,0.3,0.26999999999999996
9.9,1,13,7,3,1,0.2,0.22,0.26625
30.0,1,13,7,3,1,0.13,0.13,0.2654166666666667
38.7,1,13,7,3,1,0.11,0.36,0.25958333333333333
11.5,1,14,7,3,1,0.22,0.49,0.25833333333333336
18.7,3,16,7,3,1,0.46,0.19,0.25833333333333336
22.1,1,17,7,3,1,0.19,0.21,0.26166666666666666
-6.1,4,17,7,3,1,0.29,0.33,0.26375
22.5,2,20,7,3,1,0.38,0.23,0.2729166666666667
6.4,5,20,7,3,1,0.45,0.28,0.27999999999999997
23.1,4,20,7,3,1,0.45,0.33,0.285
-7.7,4,22,7,3,1,0.45,0.13,0.2841666666666667
33.9,4,22,7,3,1,0.11,0.45,0.2791666666666667
35.2,2,22,7,3,1,0.33,0.12,0.29375
4.6,3,0,8,3,2,0.47,0.13,0.3025
12.9,5,1,8,3,2,0.34,0.49,0.2925
33.4,3,1,8,3,2,0.25,0.17,0.3033333333333333
26.6,5,2,8,3,2,0.43,0.31,0.295
26.2,3,3,8,3,2,0.11,0.42,0.29458333333333336
12.3,3,5,8,3,2,0.41,0.44,0.29624999999999996
16.1,2,5,8,3,2,0.48,0.28,0.30125
-3.2,3,7,8,3,2,0.4,0.23,0.3095833333333333
39.0,5,8,8,3,2,0.43,0.22,0.3154166666666667
-2.9,3,10,8,3,2,0.36,0.12,0.31833333333333336
23.3,4,10,8,3,2,0.19,0.2,0.325
32.9,3,11,8,3,2,0.36,0.13,0.3254166666666667
8.3,1,12,8,3,2,0.14,0.11,0.3358333333333334
8.3,5,13,8,3,2,0.36,0.22,0.3329166666666667
26.0,2,13,8,3,2,0.15,0.46,0.3333333333333333
38.3,2,14,8,3,2,0.47,0.19,0.34249999999999997
-4.9,5,18,8,3,2,0.41,0.29,0.33583333333333326
28.9,5,22,8,3,2,0.13,0.38,0.33249999999999996
20.1,5,23,8,3,2,0.3,0.45,0.31875
23.6,2,2,9,3,3,0.12,0.45,0.30791666666666667
34.8,3,2,9,3,3,0.19,0.45,0.3020833333333333
17.0,4,3,9,3,3,0.31,0.11,0.31
31.2,3,4,9,3,3,0.3,0.33,0.31166666666666665
17.1,1,5,9,3,3,0.37,0.47,0.29875
30.3,1,6,9,3,3,0.16,0.34,0.2995833333333333
17.9,4,8,9,3,3,0.36,0.25,0.3016666666666667
30.4,1,10,9,3,3,0.3,0.43,0.29458333333333336
33.4,4,10,9,3,3,0.26,0.11,0.2966666666666667
15.0,1,10,9,3,3,0.16,0.41,0.28958333333333336
29.5,5,12,9,3,3,0.24,0.48,0.28625
33.7,3,13,9,3,3,0.4,0.4,0.27541666666666664
-10.0,2,14,9,3,3,0.14,0.43,0.265
-6.2,4,15,9,3,3,0.18,0.36,0.26166666666666666
-4.9,5,16,9,3,3,0.28,0.19,0.2583333333333333
-5.5,4,16,9,3,3,0.11,0.36,0.25708333333333333
11.0,4,17,9,3,3,0.33,0.14,0.2670833333333333
35.7,4,17,9,3,3,0.38,0.36,0.2704166666666667
12.6,1,18,9,3,3,0.44,0.15,0.27499999999999997
31.2,3,18,9,3,3,0.26,0.47,0.2754166666666667
34.1,1,19,9,3,3,0.48,0.41,0.2704166666666667
1.7,4,20,9,3,3,0.29,0.13,0.2820833333333333
-9.6,2,21,9,3,3,0.41,0.3,0.27666666666666667
33.4,5,22,9,3,3,0.17,0.12,0.2816666666666667
13.8,3,0,10,3,4,0.24,0.19,0.2816666666666667
4.0,4,2,10,3,4,0.19,0.31,0.27416666666666667
30.3,1,2,10,3,4,0.13,0.3,0.26666666666666666
21.8,4,2,10,3,4,0.12,0.37,0.26375
-5.7,5,2,10,3,4,0.3,0.16,0.2704166666666667
39.8,5,4,10,3,4,0.32,0.36,0.2679166666666667
13.2,4,8,10,3,4,0.3,0.3,0.27416666666666667
23.3,2,8,10,3,4,0.45,0.26,0.27999999999999997
20.2,3,9,10,3,4,0.4,0.16,0.27999999999999997
25.2,3,10,10,3,4,0.16,0.24,0.27999999999999997
-4.5,2,10,10,3,4,0.24,0.4,0.27625
29.4,3,11,10,3,4,0.31,0.14,0.2758333333333333
-1.3,4,12,10,3,4,0.13,0.18,0.28375
37.9,5,12,10,3,4,0.37,0.28,0.28833333333333333
-5.7,4,12,10,3,4,0.39,0.11,0.30291666666666667
-5.5,3,12,10,3,4,0.46,0.33,0.31
-1.4,2,12,10,3,4,0.5,0.38,0.31375000000000003
3.5,2,13,10,3,4,0.47,0.44,0.30375
26.5,2,13,10,3,4,0.2,0.26,0.3104166666666667
9.5,1,13,10,3,4,0.42,0.48,0.3
-9.1,4,13,10,3,4,0.23,0.29,0.29875
24.0,5,13,10,3,4,0.26,0.41,0.3016666666666667
6.7,1,14,10,3,4,0.48,0.17,0.3016666666666667
14.9,2,17,10,3,4,0.17,0.24,0.30791666666666667
12.9,2,18,10,3,4,0.39,0.19,0.3045833333333333
-4.5,3,19,10,3,4,0.11,0.13,0.3129166666666667
9.1,3,19,10,3,4,0.33,0.12,0.31666666666666665
21.0,2,20,10,3,4,0.21,0.3,0.3125
38.1,4,21,10,3,4,0.2,0.32,0.31124999999999997
21.6,3,21,10,3,4,0.29,0.3,0.305
21.6,1,22,10,3,4,0.15,0.45,0.2966666666666667
23.3,4,22,10,3,4,0.25,0.4,0.2941666666666667
37.6,2,22,10,3,4,0.34,0.16,0.29375
12.3,1,22,10,3,4,0.15,0.24,0.3
1.2,4,23,10,3,4,0.39,0.31,0.29750000000000004
9.2,2,0,11,3,5,0.25,0.13,0.3116666666666667
26.0,5,0,11,3,5,0.47,0.37,0.30625
16.2,1,4,11,3,5,0.24,0.39,0.30624999999999997
0.2,1,4,11,3,5,0.39,0.46,0.29791666666666666
27.1,4,5,11,3,5,0.26,0.5,0.2816666666666667
18.7,1,5,11,3,5,0.11,0.47,0.27499999999999997
28.4,4,7,11,3,5,0.31,0.2,0.2733333333333333
38.3,1,9,11,3,5,0.16,0.42,0.26291666666666663
22.9,5,9,11,3,5,0.17,0.23,0.26208333333333333
-2.4,5,10,11,3,5,0.21,0.26,0.26416666666666666
39.9,4,11,11,3,5,0.31,0.48,0.25333333333333335
16.7,2,11,11,3,5,0.22,0.17,0.255
2.6,4,11,11,3,5,0.21,0.39,0.25125
-4.9,2,11,11,3,5,0.3,0.11,0.26166666666666666
35.1,4,11,11,3,5,0.36,0.33,0.25583333333333336
26.3,4,12,11,3,5,0.19,0.21,0.25333333333333335
-6.1,1,12,11,3,5,0.15,0.2,0.25625000000000003
-9.7,3,13,11,3,5,0.27,0.29,0.2508333333333333
20.4,3,14,11,3,5,0.16,0.15,0.25999999999999995
19.7,3,14,11,3,5,0.37,0.25,0.26291666666666663
20.4,1,16,11,3,5,0.32,0.34,0.2633333333333333
-3.2,3,16,11,3,5,0.35,0.15,0.2758333333333333
11.4,1,16,11,3,5,0.45,0.39,0.2683333333333333
19.4,5,16,11,3,5,0.21,0.25,0.26666666666666666
-2.4,5,18,11,3,5,0.21,0.47,0.25666666666666665
7.0,1,21,11,3,5,0.23,0.24,0.2575
4.5,5,21,11,3,5,0.26,0.39,0.25875
19.6,2,21,11,3,5,0.42,0.26,0.255
38.6,3,23,11,3,5,0.17,0.11,0.26791666666666664
2.1,5,23,11,3,5,0.42,0.31,0.26375
-9.0,3,0,12,3,6,0.21,0.16,0.26875
8.2,3,0,12,3,6,0.28,0.17,0.2775
-1.2,3,0,12,3,6,0.38,0.21,0.28375
14.0,4,2,12,3,6,0.36,0.31,0.27999999999999997
21.5,5,3,12,3,6,0.22,0.22,0.28541666666666665
32.6,1,3,12,3,6,0.35,0.21,0.2816666666666667
33.2,5,3,12,3,6,0.12,0.3,0.27625
1.1,3,3,12,3,6,0.17,0.36,0.27791666666666665
-0.9,3,4,12,3,6,0.4,0.19,0.2866666666666667
28.1,3,5,12,3,6,0.4,0.15,0.28708333333333336
32.6,3,5,12,3,6,0.16,0.27,0.29291666666666666
16.1,4,6,12,3,6,0.41,0.16,0.29333333333333333
37.3,2,6,12,3,6,0.17,0.37,0.295
29.9,3,6,12,3,6,0.41,0.32,0.2970833333333333
22.1,2,7,12,3,6,0.37,0.35,0.28958333333333336
-2.8,1,7,12,3,6,0.17,0.45,0.2816666666666667
16.8,2,13,12,3,6,0.26,0.21,0.2775
24.2,2,14,12,3,6,0.11,0.21,0.2841666666666667
38.0,3,15,12,3,6,0.37,0.23,0.27958333333333335
34.3,5,15,12,3,6,0.12,0.26,0.27708333333333335
-1.1,1,15,12,3,6,0.2,0.42,0.26416666666666666
-6.8,1,16,12,3,6,0.11,0.17,0.2758333333333333
24.2,4,18,12,3,6,0.45,0.42,0.2629166666666667
32.0,4,18,12,3,6,0.11,0.21,0.26958333333333334
20.5,4,18,12,3,6,0.37,0.28,0.2654166666666667
9.6,5,19,12,3,6,0.18,0.38,0.2579166666666667
-6.6,5,19,12,3,6,0.2,0.36,0.255
34.8,4,20,12,3,6,0.29,0.22,0.2529166666666667
18.5,4,20,12,3,6,0.17,0.35,0.24583333333333335
26.6,4,20,12,3,6,0.18,0.12,0.24875000000000003
4.1,4,22,12,3,6,0.19,0.17,0.26
15.5,5,23,12,3,6,0.44,0.4,0.25916666666666666
-7.3,3,23,12,3,6,0.38,0.4,0.26125
11.1,5,0,13,3,0,0.45,0.16,0.2633333333333333
14.5,4,0,13,3,0,0.21,0.41,0.26166666666666666
19.8,3,0,13,3,0,0.37,0.17,0.27458333333333335
29.5,1,0,13,3,0,0.48,0.41,0.26458333333333334
19.7,1,1,13,3,0,0.17,0.37,0.26208333333333333
15.4,1,3,13,3,0,0.31,0.17,0.26625000000000004
5.2,5,4,13,3,0,0.27,0.26,0.26583333333333337
35.5,5,6,13,3,0,0.25,0.11,0.26625000000000004
24.1,2,6,13,3,0,0.12,0.37,0.26291666666666663
-1.1,5,6,13,3,0,0.29,0.12,0.2704166666666667
19.9,4,7,13,3,0,0.3,0.2,0.27416666666666667
21.3,1,8,13,3,0,0.29,0.11,0.27875
23.2,4,8,13,3,0,0.22,0.45,0.27499999999999997
8.5,4,9,13,3,0,0.36,0.11,0.29
5.2,4,11,13,3,0,0.47,0.37,0.29375
36.1,2,11,13,3,0,0.46,0.18,0.29916666666666664
-4.1,5,12,13,3,0,0.31,0.2,0.29833333333333334
37.9,3,12,13,3,0,0.18,0.29,0.3025
8.5,1,12,13,3,0,0.39,0.17,0.3125
39.9,3,13,13,3,0,0.41,0.18,0.31124999999999997
39.1,1,13,13,3,0,0.15,0.19,0.3208333333333333
28.2,2,15,13,3,0,0.42,0.44,0.3125
33.0,2,15,13,3,0,0.24,0.38,0.3016666666666667
-7.3,1,15,13,3,0,0.12,0.45,0.29083333333333333
14.7,3,16,13,3,0,0.19,0.21,0.30291666666666667
0.5,5,17,13,3,0,0.5,0.37,0.29375
25.2,5,20,13,3,0,0.15,0.48,0.2933333333333333
30.9,3,20,13,3,0,0.47,0.17,0.3054166666666666
29.9,4,21,13,3,0,0.46,0.31,0.30333333333333334
24.4,3,22,13,3,0,0.26,0.27,0.29916666666666664
-3.8,5,23,13,3,0,0.17,0.25,0.3
29.1,3,0,14,3,1,0.27,0.12,0.3045833333333334
36.8,1,4,14,3,1,0.23,0.29,0.305
11.6,4,4,14,3,1,0.3,0.3,0.3075
25.2,4,4,14,3,1,0.36,0.29,0.31249999999999994
-1.2,1,5,14,3,1,0.41,0.22,0.3083333333333333
4.6,2,6,14,3,1,0.12,0.36,0.2995833333333333
25.6,3,7,14,3,1,0.15,0.47,0.28541666666666665
30.8,3,12,14,3,1,0.13,0.46,0.27958333333333335
10.0,5,12,14,3,1,0.32,0.31,0.285
24.0,4,14,14,3,1,0.44,0.18,0.29416666666666663
26.2,4,14,14,3,1,0.4,0.39,0.2975
11.9,2,15,14,3,1,0.47,0.41,0.2920833333333333
34.8,5,16,14,3,1,0.28,0.15,0.30041666666666667
1.5,2,16,14,3,1,0.35,0.42,0.29708333333333337
2.2,4,18,14,3,1,0.34,0.24,0.29458333333333336
39.3,1,19,14,3,1,0.18,0.12,0.29583333333333334
9.6,2,22,14,3,1,0.15,0.19,0.3075
-2.0,1,22,14,3,1,0.47,0.5,0.29416666666666663
36.6,1,22,14,3,1,0.18,0.15,0.30041666666666667
29.2,3,1,15,3,2,0.3,0.47,0.3016666666666667
21.3,2,3,15,3,2,0.5,0.46,0.3016666666666667
12.3,5,4,15,3,2,0.46,0.26,0.30875
12.5,5,4,15,3,2,0.43,0.17,0.30791666666666667
33.9,1,4,15,3,2,0.15,0.27,0.31708333333333333
2.1,3,5,15,3,2,0.49,0.23,0.32208333333333333
15.6,1,5,15,3,2,0.35,0.3,0.32625
34.3,4,5,15,3,2,0.4,0.36,0.31708333333333333
-9.2,1,9,15,3,2,0.14,0.41,0.31
-5.3,2,11,15,3,2,0.24,0.12,0.32083333333333336
16.3,5,11,15,3,2,0.38,0.15,0.33
-1.3,5,11,15,3,2,0.37,0.13,0.3433333333333333
21.7,2,12,15,3,2,0.45,0.32,0.33708333333333335
31.0,2,12,15,3,2,0.17,0.44,0.32625
-3.4,1,14,15,3,2,0.18,0.4,0.3225
20.3,2,15,15,3,2,0.31,0.47,0.31333333333333335
11.9,1,17,15,3,2,0.25,0.28,0.3070833333333333
33.3,5,18,15,3,2,0.13,0.35,0.30875
31.1,3,20,15,3,2,0.39,0.34,0.31375000000000003
8.3,3,20,15,3,2,0.46,0.18,0.3120833333333333
32.7,5,22,15,3,2,0.14,0.15,0.32583333333333336
25.7,2,23,15,3,2,0.48,0.47,0.3258333333333333
32.3,2,23,15,3,2,0.47,0.18,0.3325
29.5,4,2,16,3,3,0.34,0.3,0.33916666666666667
11.3,2,3,16,3,3,0.46,0.5,0.3279166666666667
-6.4,2,4,16,3,3,0.23,0.46,0.32375000000000004
-1.8,5,5,16,3,3,0.36,0.43,0.3233333333333333
26.8,5,5,16,3,3,0.42,0.15,0.32416666666666666
13.9,1,6,16,3,3,0.17,0.49,0.3129166666666667
14.2,5,6,16,3,3,0.22,0.35,0.3045833333333334
16.5,4,6,16,3,3,0.15,0.4,0.30541666666666667
31.7,2,7,16,3,3,0.42,0.14,0.31833333333333336
32.5,4,9,16,3,3,0.45,0.24,0.3283333333333333
-1.7,2,9,16,3,3,0.48,0.38,0.33
8.6,5,10,16,3,3,0.42,0.37,0.32916666666666666
19.3,1,10,16,3,3,0.35,0.45,0.31666666666666665
28.6,5,10,16,3,3,0.15,0.17,0.3283333333333333
39.7,4,10,16,3,3,0.45,0.18,0.33166666666666667
-2.3,3,11,16,3,3,0.26,0.31,0.32416666666666666
20.3,1,15,16,3,3,0.13,0.25,0.33375
19.4,2,16,16,3,3,0.48,0.13,0.33749999999999997
2.6,4,17,16,3,3,0.22,0.39,0.3354166666666667
-2.0,5,18,16,3,3,0.34,0.46,0.32708333333333334
-7.0,5,18,16,3,3,0.26,0.14,0.33375
15.6,3,18,16,3,3,0.3,0.48,0.3325
26.7,3,19,16,3,3,0.45,0.47,0.32458333333333333
-1.2,3,19,16,3,3,0.28,0.34,0.3283333333333333
39.9,2,20,16,3,3,0.43,0.46,0.3295833333333333
-1.5,2,21,16,3,3,0.49,0.23,0.33083333333333337
33.8,1,22,16,3,3,0.26,0.36,0.32875
0.8,2,0,17,3,4,0.31,0.42,0.31625
-3.9,4,0,17,3,4,0.12,0.17,0.32458333333333333
6.4,5,1,17,3,4,0.37,0.22,0.32666666666666666
-6.2,3,3,17,3,4,0.27,0.15,0.33249999999999996
8.7,2,3,17,3,4,0.29,0.42,0.32083333333333336
15.6,2,3,17,3,4,0.14,0.45,0.31708333333333333
17.4,3,3,17,3,4,0.36,0.48,0.3016666666666667
37.3,5,4,17,3,4,0.11,0.42,0.29791666666666666
25.9,1,4,17,3,4,0.33,0.35,0.29333333333333333
8.6,2,4,17,3,4,0.24,0.15,0.29958333333333337
-9.7,1,5,17,3,4,0.3,0.45,0.29916666666666664
20.9,4,7,17,3,4,0.44,0.26,0.30916666666666665
30.7,1,8,17,3,4,0.5,0.13,0.3095833333333334
-7.3,3,8,17,3,4,0.14,0.48,0.3025
-2.0,3,9,17,3,4,0.31,0.22,0.30791666666666667
3.3,2,9,17,3,4,0.35,0.34,0.30041666666666667
1.3,3,11,17,3,4,0.16,0.26,0.30583333333333335
39.2,1,12,17,3,4,0.39,0.3,0.3133333333333333
-1.9,1,13,17,3,4,0.48,0.45,0.3033333333333333
10.6,3,14,17,3,4,0.21,0.28,0.3116666666666667
31.8,2,15,17,3,4,0.48,0.43,0.3125
-8.5,5,15,17,3,4,0.45,0.49,0.30041666666666667
18.3,2,18,17,3,4,0.2,0.26,0.29416666666666663
13.7,5,21,17,3,4,0.11,0.31,0.29083333333333333
7.2,3,22,17,3,4,0.23,0.12,0.2916666666666667
30.0,4,22,17,3,4,0.14,0.37,0.29
3.1,4,0,18,3,5,0.33,0.27,0.29125
23.9,3,0,18,3,5,0.3,0.29,0.2904166666666667
17.9,1,1,18,3,5,0.27,0.14,0.30375
13.4,3,2,18,3,5,0.46,0.36,0.29333333333333333
29.4,1,2,18,3,5,0.11,0.11,0.29291666666666666
21.3,2,3,18,3,5,0.1,0.33,0.2995833333333333
35.2,3,6,18,3,5,0.49,0.24,0.30916666666666665
-8.5,5,7,18,3,5,0.47,0.3,0.31
33.0,4,8,18,3,5,0.32,0.44,0.29833333333333334
35.3,4,8,18,3,5,0.16,0.5,0.28708333333333336
7.1,3,8,18,3,5,0.23,0.14,0.29541666666666666
-0.9,3,10,18,3,5,0.34,0.31,0.2991666666666667
27.2,3,11,18,3,5,0.4,0.35,0.30083333333333334
23.4,3,12,18,3,5,0.39,0.16,0.30875
31.9,4,13,18,3,5,0.35,0.39,0.3125
37.2,5,14,18,3,5,0.48,0.48,0.30291666666666667
38.7,5,15,18,3,5,0.25,0.21,0.30291666666666667
-4.3,3,15,18,3,5,0.21,0.48,0.2875
37.6,4,15,18,3,5,0.11,0.45,0.2733333333333333
10.3,4,16,18,3,5,0.11,0.2,0.2733333333333334
9.2,1,17,18,3,5,0.2,0.11,0.2775
13.4,2,18,18,3,5,0.21,0.23,0.28875
21.3,4,19,18,3,5,0.5,0.14,0.29875
-8.7,1,20,18,3,5,0.38,0.33,0.3045833333333333
23.4,3,21,18,3,5,0.47,0.3,0.3020833333333333
17.1,3,21,18,3,5,0.24,0.27,0.2970833333333333
21.1,2,22,18,3,5,0.15,0.46,0.2870833333333333
-6.6,4,22,18,3,5,0.22,0.11,0.29083333333333333
37.6,5,22,18,3,5,0.2,0.1,0.30666666666666664
5.4,5,23,18,3,5,0.48,0.49,0.29333333333333333
14.8,2,23,18,3,5,0.17,0.47,0.2808333333333333
19.4,2,23,18,3,5,0.17,0.32,0.27458333333333335
-2.9,4,0,19,3,6,0.17,0.16,0.2791666666666667
3.0,3,1,19,3,6,0.27,0.23,0.29
9.2,4,1,19,3,6,0.49,0.34,0.29333333333333333
-2.9,3,4,19,3,6,0.42,0.4,0.29416666666666663
33.2,5,4,19,3,6,0.42,0.39,0.2970833333333333
16.9,4,4,19,3,6,0.46,0.35,0.2891666666666667
21.5,1,5,19,3,6,0.16,0.48,0.28833333333333333
4.7,5,6,19,3,6,0.46,0.25,0.28791666666666665
23.8,3,6,19,3,6,0.24,0.21,0.28458333333333335
24.6,5,7,19,3,6,0.13,0.11,0.29375
-4.0,1,8,19,3,6,0.33,0.11,0.30541666666666667
37.5,3,8,19,3,6,0.39,0.2,0.315
-4.1,1,10,19,3,6,0.43,0.21,0.3116666666666667
12.7,1,10,19,3,6,0.13,0.5,0.30875
10.1,4,10,19,3,6,0.43,0.38,0.3070833333333333
29.1,5,13,19,3,6,0.34,0.47,0.3070833333333333
9.1,5,14,19,3,6,0.47,0.24,0.3175
32.2,1,14,19,3,6,0.49,0.15,0.32583333333333336
9.3,4,14,19,3,6,0.35,0.22,0.3279166666666667
2.5,3,15,19,3,6,0.27,0.2,0.33125
37.3,2,15,19,3,6,0.28,0.48,0.31916666666666665
19.7,5,15,19,3,6,0.19,0.17,0.31916666666666665
23.5,5,15,19,3,6,0.17,0.17,0.32875000000000004
3.3,5,16,19,3,6,0.4,0.17,0.34
22.0,3,17,19,3,6,0.44,0.27,0.34
33.1,2,17,19,3,6,0.27,0.49,0.32875
17.8,5,18,19,3,6,0.22,0.42,0.31625
29.6,4,18,19,3,6,0.12,0.42,0.3075
13.9,4,19,19,3,6,0.21,0.46,0.3045833333333334
12.1,2,21,19,3,6,0.39,0.16,0.31
-3.6,3,0,20,3,0,0.29,0.46,0.30541666666666667
5.4,5,1,20,3,0,0.35,0.24,0.3083333333333333
28.2,3,1,20,3,0,0.31,0.13,0.31958333333333333
38.9,3,1,20,3,0,0.4,0.33,0.3233333333333333
38.7,1,1,20,3,0,0.42,0.39,0.3254166666666667
21.6,3,2,20,3,0,0.44,0.43,0.32416666666666666
12.9,1,2,20,3,0,0.4,0.13,0.3383333333333333
2.4,2,3,20,3,0,0.47,0.43,0.34041666666666665
2.8,4,3,20,3,0,0.48,0.34,0.3329166666666667
10.2,1,5,20,3,0,0.16,0.47,0.32125
34.0,3,6,20,3,0,0.19,0.49,0.30875
19.3,2,7,20,3,0,0.19,0.35,0.3125
15.8,3,7,20,3,0,0.44,0.27,0.31708333333333333
1.4,1,8,20,3,0,0.38,0.28,0.31375
21.2,1,8,20,3,0,0.2,0.19,0.31958333333333333
38.2,1,10,20,3,0,0.33,0.17,0.33166666666666667
14.6,4,11,20,3,0,0.46,0.4,0.33499999999999996
-2.0,3,12,20,3,0,0.48,0.44,0.32916666666666666
39.6,1,14,20,3,0,0.3,0.27,0.32208333333333333
8.4,2,14,20,3,0,0.1,0.22,0.31875000000000003
15.1,5,14,20,3,0,0.14,0.12,0.33
26.5,1,16,20,3,0,0.39,0.21,0.33083333333333337
31.2,2,17,20,3,0,0.23,0.39,0.3295833333333333
14.8,2,20,20,3,0,0.36,0.29,0.33166666666666667
2.9,5,20,20,3,0,0.34,0.35,0.33125
34.3,1,20,20,3,0,0.34,0.31,0.33125
0.4,4,21,20,3,0,0.31,0.4,0.33041666666666664
-3.1,2,22,20,3,0,0.38,0.42,0.32375000000000004
28.0,2,22,20,3,0,0.26,0.44,0.32249999999999995
12.4,3,22,20,3,0,0.41,0.4,0.3145833333333333
31.4,5,23,20,3,0,0.21,0.47,0.3045833333333334
6.1,2,0,21,3,1,0.23,0.48,0.29958333333333337
31.4,2,1,21,3,1,0.36,0.16,0.30875
35.4,1,2,21,3,1,0.38,0.19,0.3175
29.0,3,3,21,3,1,0.4,0.19,0.31958333333333333
17.5,1,3,21,3,1,0.24,0.44,0.31708333333333333
30.6,5,3,21,3,1,0.38,0.38,0.3179166666666667
37.0,2,4,21,3,1,0.4,0.2,0.3254166666666667
33.1,5,5,21,3,1,0.38,0.33,0.31958333333333333
38.9,2,5,21,3,1,0.19,0.46,0.31125
12.9,5,6,21,3,1,0.26,0.48,0.29958333333333337
-2.1,5,6,21,3,1,0.2,0.3,0.29291666666666666
3.3,4,7,21,3,1,0.14,0.1,0.30666666666666664
1.7,3,9,21,3,1,0.43,0.14,0.30875
19.8,2,9,21,3,1,0.19,0.39,0.305
29.5,3,9,21,3,1,0.3,0.23,0.31083333333333335
34.8,4,10,21,3,1,0.37,0.36,0.30541666666666667
37.6,2,10,21,3,1,0.23,0.34,0.305
37.2,4,11,21,3,1,0.33,0.34,0.3016666666666667
33.0,3,14,21,3,1,0.26,0.31,0.30041666666666667
1.3,3,18,21,3,1,0.28,0.38,0.30375
26.4,1,19,21,3,1,0.46,0.26,0.2975
5.3,5,20,21,3,1,0.11,0.41,0.29833333333333334
12.9,2,21,21,3,1,0.43,0.21,0.29750000000000004
24.0,1,23,21,3,1,0.19,0.23,0.2941666666666667
5.3,4,1,22,3,2,0.15,0.36,0.29624999999999996
13.1,2,1,22,3,2,0.41,0.38,0.285
33.2,2,2,22,3,2,0.11,0.4,0.28833333333333333
27.5,3,2,22,3,2,0.48,0.24,0.28375
27.4,2,2,22,3,2,0.13,0.38,0.2725
22.7,4,2,22,3,2,0.11,0.4,0.2704166666666667
1.5,5,3,22,3,2,0.35,0.38,0.26833333333333337
-9.5,4,4,22,3,2,0.33,0.19,0.27166666666666667
20.3,2,4,22,3,2,0.27,0.26,0.27416666666666667
28.4,3,5,22,3,2,0.32,0.2,0.27416666666666667
0.4,3,6,22,3,2,0.2,0.14,0.27291666666666664
29.7,3,6,22,3,2,0.11,0.43,0.26416666666666666
-2.5,3,6,22,3,2,0.22,0.19,0.26708333333333334
16.3,2,6,22,3,2,0.26,0.3,0.26166666666666666
10.3,4,7,22,3,2,0.17,0.37,0.25333333333333335
11.4,2,7,22,3,2,0.17,0.23,0.25583333333333336
13.8,5,7,22,3,2,0.29,0.33,0.24958333333333335
13.6,1,8,22,3,2,0.18,0.26,0.24666666666666667
-9.2,2,9,22,3,2,0.19,0.28,0.24083333333333334
10.5,4,9,22,3,2,0.14,0.46,0.24000000000000002
-4.8,4,10,22,3,2,0.44,0.11,0.2404166666666667
18.2,3,10,22,3,2,0.12,0.43,0.22958333333333336
18.9,1,10,22,3,2,0.17,0.19,0.23750000000000002
27.0,2,12,22,3,2,0.38,0.15,0.24208333333333332
33.7,4,13,22,3,2,0.26,0.41,0.2325
-0.6,2,14,22,3,2,0.18,0.11,0.24416666666666667
-9.0,4,16,22,3,2,0.39,0.48,0.22833333333333336
10.5,3,17,22,3,2,0.1,0.13,0.24166666666666667
18.0,3,20,22,3,2,0.45,0.11,0.2529166666666667
12.7,4,20,22,3,2,0.38,0.35,0.2579166666666666
24.3,3,20,22,3,2,0.47,0.33,0.2633333333333333
-0.9,5,21,22,3,2,0.46,0.27,0.26458333333333334
15.3,2,21,22,3,2,0.3,0.32,0.25875
33.1,5,21,22,3,2,0.18,0.2,0.2658333333333333
2.7,5,21,22,3,2,0.37,0.11,0.2804166666666667
13.9,4,22,22,3,2,0.46,0.22,0.28583333333333333
-3.9,3,22,22,3,2,0.35,0.26,0.2791666666666667
34.2,1,23,22,3,2,0.1,0.17,0.27791666666666665
25.2,3,0,23,3,3,0.14,0.17,0.29125
9.0,1,1,23,3,3,0.49,0.29,0.285
-4.7,1,5,23,3,3,0.14,0.18,0.29
27.5,2,5,23,3,3,0.3,0.19,0.29083333333333333
39.0,2,6,23,3,3,0.21,0.14,0.2970833333333333
1.5,5,7,23,3,3,0.29,0.44,0.29541666666666666
23.1,3,8,23,3,3,0.4,0.12,0.2975
-2.3,1,8,23,3,3,0.17,0.17,0.30374999999999996
-1.8,5,9,23,3,3,0.32,0.38,0.29333333333333333
-5.6,4,10,23,3,3,0.13,0.26,0.29875
37.8,3,11,23,3,3,0.39,0.18,0.3120833333333333
37.7,1,11,23,3,3,0.5,0.39,0.3033333333333333
-8.0,2,11,23,3,3,0.18,0.1,0.30791666666666667
4.3,2,13,23,3,3,0.21,0.45,0.30291666666666667
-0.7,1,15,23,3,3,0.33,0.38,0.29875
28.5,1,15,23,3,3,0.28,0.47,0.28875
11.8,5,15,23,3,3,0.23,0.46,0.28208333333333335
-2.1,2,16,23,3,3,0.3,0.3,0.2775
34.1,3,18,23,3,3,0.19,0.18,0.28125
10.9,2,19,23,3,3,0.27,0.37,0.27416666666666667
12.5,5,20,23,3,3,0.2,0.46,0.26791666666666664
-1.6,1,21,23,3,3,0.31,0.35,0.26166666666666666
8.6,5,23,23,3,3,0.2,0.1,0.2770833333333333
25.3,1,0,24,3,4,0.47,0.14,0.28750000000000003
9.3,2,1,24,3,4,0.39,0.49,0.27541666666666664
25.6,2,2,24,3,4,0.2,0.14,0.28791666666666665
36.7,1,2,24,3,4,0.44,0.3,0.2841666666666667
-6.1,5,2,24,3,4,0.21,0.21,0.2804166666666667
17.7,3,4,24,3,4,0.12,0.29,0.2775
8.9,1,4,24,3,4,0.22,0.4,0.26791666666666664
37.5,1,5,24,3,4,0.17,0.17,0.27541666666666664
-2.0,3,5,24,3,4,0.35,0.32,0.28291666666666665
6.5,5,6,24,3,4,0.5,0.13,0.2966666666666667
35.0,5,7,24,3,4,0.46,0.39,0.2970833333333333
4.6,4,7,24,3,4,0.4,0.5,0.2891666666666667
-6.4,1,11,24,3,4,0.31,0.18,0.2966666666666667
17.9,4,12,24,3,4,0.36,0.21,0.3016666666666667
4.8,3,12,24,3,4,0.33,0.33,0.2941666666666667
27.0,3,13,24,3,4,0.15,0.28,0.29791666666666666
3.0,5,13,24,3,4,0.37,0.23,0.3025
-5.7,5,13,24,3,4,0.34,0.3,0.30583333333333335
35.9,3,14,24,3,4,0.38,0.19,0.30791666666666667
26.1,5,15,24,3,4,0.24,0.27,0.30375
13.5,4,16,24,3,4,0.17,0.2,0.30416666666666664
38.0,5,16,24,3,4,0.21,0.31,0.29958333333333337
28.1,2,17,24,3,4,0.2,0.2,0.29791666666666666
-4.8,4,18,24,3,4,0.16,0.47,0.28875
-1.5,2,18,24,3,4,0.25,0.39,0.2891666666666666
10.9,3,19,24,3,4,0.4,0.2,0.29750000000000004
14.8,4,20,24,3,4,0.4,0.44,0.2920833333333333
37.1,4,20,24,3,4,0.31,0.21,0.28833333333333333
12.3,2,21,24,3,4,0.12,0.12,0.29541666666666666
17.7,2,22,24,3,4,0.29,0.22,0.29625
36.8,1,0,25,3,5,0.24,0.17,0.3045833333333334
36.9,3,1,25,3,5,0.37,0.35,0.3004166666666667
30.5,4,4,25,3,5,0.25,0.5,0.29583333333333334
15.5,1,4,25,3,5,0.39,0.46,0.28583333333333333
3.2,4,6,25,3,5,0.22,0.4,0.28375
0.8,2,7,25,3,5,0.35,0.31,0.2791666666666666
13.8,1,8,25,3,5,0.2,0.36,0.2841666666666667
-5.0,2,9,25,3,5,0.48,0.33,0.29083333333333333
2.3,3,10,25,3,5,0.49,0.15,0.29
12.1,5,11,25,3,5,0.13,0.37,0.28875
36.9,3,11,25,3,5,0.34,0.34,0.2841666666666667
3.1,2,12,25,3,5,0.23,0.38,0.27291666666666664
13.6,5,13,25,3,5,0.11,0.24,0.2733333333333333
23.7,1,14,25,3,5,0.25,0.17,0.28541666666666665
6.5,1,14,25,3,5,0.46,0.21,0.29
-3.6,3,15,25,3,5,0.32,0.2,0.30166666666666664
35.0,1,18,25,3,5,0.48,0.16,0.30791666666666667
8.1,4,20,25,3,5,0.31,0.25,0.3095833333333334
23.5,3,21,25,3,5,0.29,0.4,0.3129166666666667
27.3,4,23,25,3,5,0.48,0.4,0.30375
-5.6,2,1,26,3,6,0.18,0.31,0.31124999999999997
19.0,4,2,26,3,6,0.49,0.12,0.3125
4.7,1,2,26,3,6,0.15,0.29,0.32
-5.9,1,3,26,3,6,0.47,0.24,0.32541666666666663
16.5,3,3,26,3,6,0.37,0.37,0.3154166666666666
-8.2,4,3,26,3,6,0.13,0.25,0.325
0.6,5,4,26,3,6,0.48,0.39,0.3175
17.2,1,5,26,3,6,0.21,0.22,0.32666666666666666
-3.4,3,7,26,3,6,0.44,0.35,0.3183333333333333
0.9,2,7,26,3,6,0.15,0.2,0.32333333333333336
31.8,1,7,26,3,6,0.32,0.48,0.3095833333333333
36.1,3,7,26,3,6,0.15,0.49,0.29416666666666663
26.6,1,9,26,3,6,0.12,0.13,0.3016666666666667
29.1,2,10,26,3,6,0.31,0.34,0.30791666666666667
-7.6,1,11,26,3,6,0.49,0.23,0.3154166666666666
-9.8,3,11,26,3,6,0.41,0.11,0.3279166666666667
15.6,4,12,26,3,6,0.41,0.25,0.32541666666666663
36.1,4,12,26,3,6,0.19,0.46,0.32458333333333333
-9.8,2,13,26,3,6,0.44,0.32,0.32375
3.5,2,17,26,3,6,0.3,0.48,0.32416666666666666
0.4,4,17,26,3,6,0.49,0.31,0.3233333333333333
4.8,1,18,26,3,6,0.29,0.29,0.32375
13.1,2,19,26,3,6,0.3,0.48,0.3116666666666667
1.8,1,19,26,3,6,0.19,0.18,0.32
9.9,2,22,26,3,6,0.38,0.49,0.31
17.3,5,22,26,3,6,0.25,0.15,0.31916666666666665
34.6,2,22,26,3,6,0.37,0.47,0.30541666666666667
-5.0,4,23,26,3,6,0.14,0.37,0.30583333333333335
8.8,3,0,27,3,0,0.38,0.13,0.3066666666666667
19.2,2,2,27,3,0,0.15,0.48,0.2925
9.4,5,3,27,3,0,0.14,0.21,0.28875
35.5,5,4,27,3,0,0.12,0.44,0.29
16.3,3,4,27,3,0,0.47,0.15,0.29375
16.7,2,7,27,3,0,0.24,0.32,0.2870833333333333
33.6,4,7,27,3,0,0.16,0.15,0.2870833333333333
2.5,4,7,27,3,0,0.15,0.12,0.28750000000000003
-7.5,1,8,27,3,0,0.13,0.31,0.29041666666666666
6.9,5,9,27,3,0,0.38,0.49,0.285
19.1,2,9,27,3,0,0.36,0.41,0.28541666666666665
12.1,3,9,27,3,0,0.42,0.41,0.28458333333333335
8.6,2,9,27,3,0,0.39,0.19,0.29250000000000004
36.0,5,9,27,3,0,0.38,0.44,0.29291666666666666
0.7,3,11,27,3,0,0.45,0.3,0.2866666666666667
11.5,5,13,27,3,0,0.15,0.49,0.2816666666666667
-2.6,4,16,27,3,0,0.37,0.29,0.27666666666666667
-3.5,1,16,27,3,0,0.17,0.3,0.27416666666666667
26.2,5,18,27,3,0,0.24,0.19,0.27625
4.7,3,18,27,3,0,0.24,0.38,0.27499999999999997
7.3,4,19,27,3,0,0.35,0.25,0.2775
4.6,1,19,27,3,0,0.31,0.37,0.27125
35.2,1,21,27,3,0,0.22,0.14,0.2783333333333333
0.6,3,23,27,3,0,0.31,0.38,0.27791666666666665
22.7,1,23,27,3,0,0.37,0.15,0.28791666666666665
7.3,4,23,27,3,0,0.39,0.14,0.2975
30.1,1,0,28,3,1,0.37,0.12,0.3020833333333333
10.6,4,2,28,3,1,0.23,0.47,0.29125
31.3,1,2,28,3,1,0.21,0.24,0.30041666666666667
1.9,2,4,28,3,1,0.46,0.16,0.30124999999999996
17.1,2,4,28,3,1,0.18,0.15,0.3116666666666667
13.4,1,6,28,3,1,0.4,0.13,0.31708333333333333
28.4,3,7,28,3,1,0.26,0.38,0.3183333333333333
32.9,1,8,28,3,1,0.41,0.36,0.31916666666666665
28.2,5,9,28,3,1,0.38,0.42,0.31958333333333333
27.9,3,10,28,3,1,0.43,0.39,0.31958333333333333
30.6,1,10,28,3,1,0.39,0.38,0.32375
-0.1,4,12,28,3,1,0.48,0.45,0.3229166666666667
32.4,3,13,28,3,1,0.43,0.15,0.32958333333333334
11.1,4,14,28,3,1,0.31,0.37,0.32583333333333336
21.0,2,14,28,3,1,0.28,0.17,0.3233333333333333
20.5,2,14,28,3,1,0.11,0.24,0.3225
9.3,2,15,28,3,1,0.22,0.24,0.31666666666666665
31.6,5,17,28,3,1,0.1,0.35,0.31333333333333335
19.0,5,17,28,3,1,0.27,0.31,0.3125
17.4,2,18,28,3,1,0.29,0.22,0.3125
6.2,1,18,28,3,1,0.22,0.31,0.31916666666666665
12.8,1,19,28,3,1,0.47,0.37,0.3154166666666667
11.1,3,20,28,3,1,0.28,0.39,0.31
26.3,2,20,28,3,1,0.26,0.37,0.3016666666666667
6.5,2,23,28,3,1,0.17,0.23,0.30875
19.6,2,23,28,3,1,0.4,0.21,0.31375000000000003
20.3,3,2,29,3,2,0.33,0.46,0.3104166666666667
28.8,1,2,29,3,2,0.38,0.18,0.32
9.0,5,5,29,3,2,0.41,0.4,0.3183333333333333
1.8,3,5,29,3,2,0.36,0.26,0.315
9.9,3,6,29,3,2,0.18,0.41,0.31583333333333335
8.7,1,6,29,3,2,0.43,0.38,0.30833333333333335
20.4,4,6,29,3,2,0.2,0.43,0.29583333333333334
15.8,2,6,29,3,2,0.13,0.39,0.29125
12.5,1,7,29,3,2,0.28,0.48,0.28583333333333333
6.2,4,8,29,3,2,0.35,0.43,0.2733333333333333
6.2,5,8,29,3,2,0.13,0.31,0.27458333333333335
29.0,3,8,29,3,2,0.34,0.28,0.27999999999999997
3.0,3,8,29,3,2,0.41,0.11,0.28125000000000006
-4.0,4,11,29,3,2,0.14,0.22,0.2820833333333333
25.1,3,11,29,3,2,0.24,0.1,0.29791666666666666
31.3,1,12,29,3,2,0.48,0.27,0.29791666666666666
8.7,3,12,29,3,2,0.27,0.29,0.30541666666666667
36.6,1,13,29,3,2,0.47,0.22,0.30833333333333335
39.8,5,13,29,3,2,0.29,0.47,0.30041666666666667
2.2,2,13,29,3,2,0.28,0.28,0.29833333333333334
18.3,1,14,29,3,2,0.23,0.26,0.29583333333333334
30.8,2,14,29,3,2,0.2,0.17,0.30791666666666667
29.5,4,14,29,3,2,0.46,0.4,0.3083333333333333
23.7,2,15,29,3,2,0.41,0.33,0.3095833333333333
4.4,1,15,29,3,2,0.36,0.38,0.30083333333333334
4.3,4,16,29,3,2,0.17,0.41,0.29875
24.3,3,17,29,3,2,0.36,0.36,0.30041666666666667
33.8,2,19,29,3,2,0.4,0.18,0.3129166666666667
21.3,5,19,29,3,2,0.48,0.43,0.30333333333333334
18.4,5,19,29,3,2,0.2,0.2,0.3083333333333333
35.9,2,21,29,3,2,0.32,0.13,0.3070833333333333
5.3,3,21,29,3,2,0.1,0.28,0.315
-8.1,4,21,29,3,2,0.47,0.35,0.3045833333333333
14.9,2,22,29,3,2,0.1,0.13,0.3116666666666667
0.9,5,22,29,3,2,0.3,0.34,0.30875
5.8,1,23,29,3,2,0.27,0.41,0.30791666666666667
22.1,2,0,30,3,3,0.39,0.14,0.32249999999999995
30.6,2,1,30,3,3,0.49,0.24,0.32125
33.4,4,2,30,3,3,0.21,0.48,0.3120833333333333
5.4,1,5,30,3,3,0.26,0.27,0.3125
19.5,5,7,30,3,3,0.28,0.47,0.30374999999999996
29.7,1,11,30,3,3,0.26,0.29,0.30375
8.4,5,12,30,3,3,0.29,0.28,0.3120833333333333
-2.8,2,12,30,3,3,0.48,0.23,0.31375
23.1,3,13,30,3,3,0.27,0.2,0.3145833333333333
23.1,1,15,30,3,3,0.22,0.46,0.3033333333333333
39.5,2,15,30,3,3,0.19,0.41,0.30250000000000005
10.2,1,15,30,3,3,0.39,0.36,0.295
1.3,1,16,30,3,3,0.18,0.17,0.2941666666666667
36.5,5,16,30,3,3,0.15,0.36,0.29541666666666666
18.6,4,17,30,3,3,0.39,0.4,0.29791666666666666
18.3,3,18,30,3,3,0.46,0.48,0.28958333333333336
31.4,3,18,30,3,3,0.28,0.2,0.29541666666666666
30.8,3,22,30,3,3,0.34,0.32,0.2866666666666667
-0.7,3,22,30,3,3,0.11,0.1,0.29333333333333333
33.4,3,1,31,3,4,0.26,0.47,0.28791666666666665
32.8,2,2,31,3,4,0.34,0.1,0.29625
3.8,4,3,31,3,4,0.3,0.3,0.3025
27.3,5,4,31,3,4,0.45,0.27,0.30583333333333335
19.1,3,5,31,3,4,0.35,0.39,0.29416666666666663
32.1,3,5,31,3,4,0.11,0.49,0.28125
-8.8,1,6,31,3,4,0.18,0.21,0.28458333333333335
16.7,5,7,31,3,4,0.29,0.26,0.28958333333333336
8.5,5,8,31,3,4,0.38,0.28,0.29541666666666666
30.2,3,8,31,3,4,0.42,0.26,0.29250000000000004
16.8,4,9,31,3,4,0.19,0.29,0.28500000000000003
6.0,3,9,31,3,4,0.11,0.48,0.28541666666666665
26.5,3,12,31,3,4,0.49,0.27,0.2866666666666667
22.0,3,12,31,3,4,0.3,0.22,0.28583333333333333
2.7,1,12,31,3,4,0.2,0.19,0.29083333333333333
0.9,4,13,31,3,4,0.31,0.39,0.29
38.9,5,15,31,3,4,0.37,0.18,0.30291666666666667
23.4,2,16,31,3,4,0.49,0.15,0.30291666666666667
-2.4,2,17,31,3,4,0.15,0.39,0.29791666666666666
8.4,2,17,31,3,4,0.27,0.46,0.29333333333333333
3.1,4,18,31,3,4,0.35,0.28,0.28875
1.4,3,18,31,3,4,0.17,0.34,0.2841666666666667
18.7,5,19,31,3,4,0.23,0.11,0.2920833333333333
29.8,3,19,31,3,4,0.3,0.26,0.2925
10.0,3,20,31,3,4,0.27,0.34,0.29624999999999996
31.5,4,21,31,3,4,0.43,0.3,0.28791666666666665
6.4,5,21,31,3,4,0.1,0.45,0.28625
3.3,2,22,31,3,4,0.41,0.35,0.27708333333333335
2.9,4,23,31,3,4,0.13,0.11,0.2791666666666667
1.1,4,0,1,4,5,0.16,0.18,0.285
7.7,2,1,1,4,5,0.32,0.29,0.29333333333333333
14.5,4,2,1,4,5,0.49,0.38,0.29083333333333333
-8.9,2,2,1,4,5,0.32,0.42,0.2841666666666667
1.2,1,3,1,4,5,0.26,0.19,0.285
16.5,5,4,1,4,5,0.21,0.11,0.28624999999999995
-0.1,4,5,1,4,5,0.14,0.49,0.28625
31.0,2,6,1,4,5,0.49,0.3,0.2791666666666667
-6.7,3,8,1,4,5,0.13,0.2,0.28500000000000003
20.0,5,8,1,4,5,0.34,0.31,0.28583333333333333
17.4,3,10,1,4,5,0.33,0.37,0.29083333333333333
-7.1,2,10,1,4,5,0.49,0.49,0.2841666666666667
-3.0,5,10,1,4,5,0.33,0.15,0.29625
20.2,3,14,1,4,5,0.44,0.27,0.29124999999999995
20.1,2,18,1,4,5,0.15,0.35,0.29583333333333334
28.5,4,18,1,4,5,0.46,0.17,0.3045833333333334
-7.8,5,18,1,4,5,0.38,0.23,0.30624999999999997
17.9,2,19,1,4,5,0.27,0.3,0.3075
4.1,1,20,1,4,5,0.33,0.27,0.31375000000000003
6.8,3,23,1,4,5,0.42,0.43,0.3095833333333333
23.2,1,3,2,4,6,0.33,0.1,0.3204166666666667
36.3,3,4,2,4,6,0.36,0.41,0.31416666666666665
1.8,2,5,2,4,6,0.26,0.13,0.32083333333333336
21.5,1,7,2,4,6,0.29,0.16,0.32458333333333333
34.9,2,7,2,4,6,0.25,0.32,0.32625
-3.9,1,8,2,4,6,0.36,0.49,0.31875000000000003
7.1,1,8,2,4,6,0.31,0.32,0.3204166666666666
3.7,2,9,2,4,6,0.36,0.26,0.31916666666666665
2.4,1,10,2,4,6,0.23,0.21,0.325
17.2,2,11,2,4,6,0.35,0.14,0.33708333333333335
19.3,3,13,2,4,6,0.43,0.49,0.33625
23.9,2,13,2,4,6,0.47,0.13,0.34500000000000003
11.8,2,13,2,4,6,0.34,0.34,0.34708333333333335
29.2,1,13,2,4,6,0.39,0.33,0.35125
6.9,4,14,2,4,6,0.43,0.49,0.3354166666666667
1.5,4,17,2,4,6,0.11,0.33,0.32708333333333334
28.1,1,20,2,4,6,0.13,0.44,0.31958333333333333
31.7,4,20,2,4,6,0.26,0.15,0.32
18.7,1,20,2,4,6,0.16,0.46,0.3125
35.5,1,21,2,4,6,0.28,0.38,0.3020833333333333
-0.4,1,0,3,4,0,0.13,0.27,0.29541666666666666
13.1,1,1,3,4,0,0.11,0.33,0.29583333333333334
14.0,4,1,3,4,0,0.34,0.42,0.28750000000000003
10.0,5,3,3,4,0,0.22,0.33,0.29125
5.5,5,5,3,4,0,0.42,0.36,0.2816666666666667
19.4,3,5,3,4,0,0.13,0.26,0.27541666666666664
22.2,3,6,3,4,0,0.11,0.29,0.2783333333333333
-7.5,5,6,3,4,0,0.36,0.25,0.28458333333333335
39.6,5,8,3,4,0,0.4,0.36,0.28833333333333333
12.0,4,10,3,4,0,0.45,0.31,0.29583333333333334
-0.8,4,10,3,4,0,0.49,0.36,0.29375
2.4,3,10,3,4,0,0.31,0.23,0.2995833333333333
28.6,1,13,3,4,0,0.37,0.35,0.2966666666666667
4.4,1,13,3,4,0,0.28,0.43,0.2970833333333333
12.0,4,13,3,4,0,0.44,0.47,0.28583333333333333
30.1,3,14,3,4,0,0.2,0.34,0.29250000000000004
32.9,5,14,3,4,0,0.5,0.39,0.2966666666666667
1.8,1,16,3,4,0,0.49,0.43,0.28958333333333336
-1.8,3,17,3,4,0,0.26,0.11,0.3020833333333333
22.8,2,17,3,4,0,0.41,0.13,0.30666666666666664
-4.6,2,17,3,4,0,0.24,0.26,0.30291666666666667
36.7,5,18,3,4,0,0.17,0.16,0.3104166666666666
34.0,5,18,3,4,0,0.34,0.28,0.30375
10.5,1,21,3,4,0,0.12,0.13,0.30833333333333335
0.9,5,22,3,4,0,0.24,0.11,0.31583333333333335
3.8,1,22,3,4,0,0.29,0.34,0.30916666666666665
18.3,4,23,3,4,0,0.18,0.22,0.3183333333333333
31.7,3,0,4,4,1,0.44,0.42,0.30875
17.1,4,2,4,4,1,0.19,0.13,0.31958333333333333
-6.0,1,2,4,4,1,0.39,0.11,0.32833333333333337
19.0,4,2,4,4,1,0.32,0.36,0.32916666666666666
-0.6,3,2,4,4,1,0.38,0.4,0.3179166666666667
19.3,4,3,4,4,1,0.13,0.45,0.3154166666666667
20.5,5,3,4,4,1,0.39,0.49,0.3104166666666667
-8.9,2,4,4,4,1,0.37,0.31,0.31666666666666665
34.3,1,6,4,4,1,0.46,0.37,0.315
15.3,1,8,4,4,1,0.33,0.28,0.3104166666666667
27.3,4,9,4,4,1,0.17,0.44,0.3120833333333333
10.0,1,9,4,4,1,0.48,0.2,0.31124999999999997
34.5,5,10,4,4,1,0.18,0.5,0.29541666666666666
-1.4,1,11,4,4,1,0.12,0.49,0.28583333333333333
4.8,1,11,4,4,1,0.26,0.26,0.29291666666666666
6.0,5,12,4,4,1,0.43,0.41,0.28958333333333336
-0.2,3,12,4,4,1,0.33,0.24,0.2970833333333333
28.9,1,12,4,4,1,0.42,0.17,0.29541666666666666
13.6,2,13,4,4,1,0.13,0.34,0.2916666666666667
35.9,5,15,4,4,1,0.25,0.12,0.3070833333333333
39.5,3,15,4,4,1,0.49,0.24,0.30583333333333335
-3.0,4,16,4,4,1,0.21,0.29,0.30083333333333334
-3.8,1,16,4,4,1,0.17,0.18,0.30833333333333335
3.3,1,16,4,4,1,0.36,0.44,0.305
19.5,3,19,4,4,1,0.36,0.19,0.3116666666666667
9.0,5,20,4,4,1,0.35,0.39,0.30583333333333335
30.4,3,20,4,4,1,0.25,0.32,0.3104166666666666
11.8,1,20,4,4,1,0.43,0.38,0.30291666666666667
24.2,5,21,4,4,1,0.2,0.13,0.3145833333333333
23.5,3,23,4,4,1,0.41,0.39,0.3025
20.3,5,0,5,4,2,0.1,0.37,0.29916666666666664
-4.1,2,0,5,4,2,0.29,0.46,0.29791666666666666
38.0,3,1,5,4,2,0.43,0.33,0.2995833333333333
35.6,4,2,5,4,2,0.37,0.17,0.30333333333333334
14.4,4,4,5,4,2,0.26,0.48,0.29416666666666663
27.7,4,4,5,4,2,0.26,0.18,0.3070833333333333
5.6,5,5,5,4,2,0.49,0.12,0.32125
13.2,3,6,5,4,2,0.46,0.26,0.3145833333333333
35.8,3,7,5,4,2,0.1,0.43,0.30541666666666667
-0.2,4,8,5,4,2,0.21,0.33,0.3116666666666667
-10.0,2,9,5,4,2,0.48,0.42,0.31
12.0,4,9,5,4,2,0.38,0.13,0.31
29.0,5,11,5,4,2,0.13,0.25,0.31875
23.0,5,11,5,4,2,0.46,0.49,0.3129166666666667
25.2,1,11,5,4,2,0.35,0.21,0.32458333333333333
22.6,1,11,5,4,2,0.49,0.17,0.3233333333333333
-3.8,4,12,5,4,2,0.14,0.36,0.32166666666666666
24.0,1,14,5,4,2,0.32,0.36,0.31124999999999997
-3.0,4,15,5,4,2,0.11,0.35,0.31124999999999997
15.5,2,16,5,4,2,0.35,0.25,0.3120833333333333
31.7,3,16,5,4,2,0.27,0.43,0.3016666666666667
33.2,2,16,5,4,2,0.18,0.2,0.29958333333333337
32.1,4,18,5,4,2,0.15,0.41,0.2870833333333333
3.6,5,18,5,4,2,0.11,0.1,0.29291666666666666
25.8,5,18,5,4,2,0.24,0.29,0.29791666666666666
22.6,5,20,5,4,2,0.41,0.43,0.2933333333333333
-6.0,4,20,5,4,2,0.32,0.37,0.28791666666666665
3.5,3,21,5,4,2,0.24,0.26,0.29624999999999996
35.9,1,22,5,4,2,0.46,0.26,0.30583333333333335
16.6,2,23,5,4,2,0.49,0.49,0.29416666666666663
24.3,5,0,6,4,3,0.21,0.46,0.28583333333333333
31.9,3,2,6,4,3,0.26,0.1,0.29291666666666666
-5.5,1,2,6,4,3,0.27,0.21,0.29458333333333336
-2.0,5,3,6,4,3,0.25,0.48,0.28125
1.4,3,5,6,4,3,0.16,0.38,0.27125
-7.1,5,6,6,4,3,0.14,0.13,0.27125
-6.5,1,6,6,4,3,0.13,0.46,0.2708333333333333
29.4,5,7,6,4,3,0.45,0.35,0.26625000000000004
9.5,5,7,6,4,3,0.24,0.49,0.25166666666666665
9.1,2,9,6,4,3,0.14,0.14,0.2516666666666667
13.5,4,10,6,4,3,0.14,0.32,0.255
27.3,5,10,6,4,3,0.4,0.11,0.26666666666666666
0.0,5,10,6,4,3,0.39,0.35,0.25875
14.0,3,11,6,4,3,0.16,0.27,0.26291666666666663
28.4,1,12,6,4,3,0.37,0.18,0.2725
27.8,2,12,6,4,3,0.41,0.15,0.2866666666666667
-6.4,5,14,6,4,3,0.49,0.11,0.2966666666666667
-5.2,3,15,6,4,3,0.35,0.24,0.29250000000000004
10.3,5,16,6,4,3,0.14,0.41,0.28541666666666665
26.0,3,17,6,4,3,0.24,0.32,0.2783333333333333
-4.5,4,19,6,4,3,0.15,0.24,0.28458333333333335
16.1,4,21,6,4,3,0.39,0.46,0.2783333333333334
33.3,5,21,6,4,3,0.31,0.49,0.27125
-5.1,2,21,6,4,3,0.32,0.21,0.27958333333333335
0.3,4,23,6,4,3,0.41,0.26,0.28750000000000003
11.9,4,0,7,4,4,0.45,0.27,0.285
31.2,3,1,7,4,4,0.21,0.25,0.28250000000000003
31.7,2,1,7,4,4,0.19,0.16,0.28625
-4.1,1,2,7,4,4,0.25,0.14,0.28541666666666665
3.7,4,2,7,4,4,0.12,0.13,0.2970833333333333
5.3,1,2,7,4,4,0.41,0.45,0.2891666666666666
30.2,5,2,7,4,4,0.26,0.24,0.29291666666666666
17.8,4,4,7,4,4,0.33,0.14,0.29791666666666666
0.9,5,5,7,4,4,0.26,0.14,0.30791666666666667
-8.0,1,6,7,4,4,0.38,0.4,0.31083333333333335
17.7,3,8,7,4,4,0.47,0.39,0.30833333333333335
11.1,5,8,7,4,4,0.33,0.16,0.31583333333333335
1.1,1,9,7,4,4,0.34,0.37,0.3154166666666667
-5.6,3,10,7,4,4,0.36,0.41,0.30875
20.4,3,11,7,4,4,0.25,0.49,0.30875
33.9,3,13,7,4,4,0.49,0.35,0.30583333333333335
4.9,1,13,7,4,4,0.28,0.14,0.32
23.6,2,15,7,4,4,0.48,0.24,0.32375000000000004
-9.8,3,16,7,4,4,0.33,0.15,0.325
22.1,4,17,7,4,4,0.18,0.39,0.3229166666666667
22.7,2,17,7,4,4,0.34,0.31,0.32958333333333334
20.3,4,18,7,4,4,0.47,0.32,0.33208333333333334
33.3,5,19,7,4,4,0.38,0.41,0.3354166666666667
11.9,1,19,7,4,4,0.49,0.45,0.32916666666666666
-0.9,1,20,7,4,4,0.3,0.21,0.33125
28.9,3,20,7,4,4,0.26,0.19,0.33625
38.5,2,22,7,4,4,0.31,0.25,0.33499999999999996
-4.2,3,0,8,4,5,0.22,0.12,0.3483333333333334
17.4,2,0,8,4,5,0.44,0.41,0.34208333333333335
23.9,1,0,8,4,5,0.26,0.26,0.3358333333333334
24.6,1,1,8,4,5,0.11,0.33,0.33
27.1,1,1,8,4,5,0.19,0.26,0.33749999999999997
6.5,5,2,8,4,5,0.44,0.38,0.33499999999999996
24.3,4,2,8,4,5,0.32,0.47,0.3283333333333333
17.1,2,2,8,4,5,0.31,0.33,0.32166666666666666
12.9,4,6,8,4,5,0.17,0.34,0.31916666666666665
20.4,3,6,8,4,5,0.28,0.36,0.31916666666666665
36.9,1,7,8,4,5,0.36,0.25,0.32208333333333333
34.5,2,8,8,4,5,0.32,0.49,0.3154166666666666
9.3,4,8,8,4,5,0.33,0.28,0.32416666666666666
16.3,2,8,8,4,5,0.49,0.48,0.32125
10.3,5,12,8,4,5,0.41,0.33,0.3145833333333333
17.2,4,13,8,4,5,0.17,0.18,0.32
33.1,4,14,8,4,5,0.31,0.34,0.31416666666666665
34.8,5,15,8,4,5,0.2,0.47,0.3066666666666667
3.1,4,17,8,4,5,0.29,0.38,0.30791666666666667
9.0,3,17,8,4,5,0.41,0.49,0.3004166666666667
15.7,4,18,8,4,5,0.31,0.3,0.30291666666666667
16.2,3,19,8,4,5,0.36,0.26,0.30916666666666665
39.3,4,19,8,4,5,0.41,0.31,0.30375
30.4,4,21,8,4,5,0.18,0.22,0.31124999999999997
9.4,5,21,8,4,5,0.4,0.44,0.30875
28.0,5,21,8,4,5,0.38,0.26,0.3066666666666667
15.3,3,23,8,4,5,0.21,0.11,0.31583333333333335
26.9,2,0,9,4,6,0.33,0.19,0.3208333333333333
23.9,5,1,9,4,6,0.31,0.44,0.31
6.0,5,2,9,4,6,0.18,0.32,0.30541666666666667
21.0,2,3,9,4,6,0.21,0.31,0.30083333333333334
10.7,4,4,9,4,6,0.2,0.17,0.31333333333333335
-7.4,4,5,9,4,6,0.47,0.28,0.3104166666666667
-3.4,3,5,9,4,6,0.21,0.36,0.30416666666666664
26.2,5,6,9,4,6,0.21,0.32,0.29750000000000004
5.9,2,6,9,4,6,0.16,0.33,0.29875
3.6,5,6,9,4,6,0.36,0.49,0.2941666666666667
8.8,3,7,9,4,6,0.38,0.41,0.29625
36.6,5,8,9,4,6,0.46,0.17,0.30875
18.1,2,8,9,4,6,0.47,0.31,0.30791666666666667
-9.9,3,9,9,4,6,0.29,0.2,0.30625
38.1,2,10,9,4,6,0.16,0.29,0.30083333333333334
-9.7,1,10,9,4,6,0.16,0.41,0.28875
2.5,5,12,9,4,6,0.12,0.31,0.27999999999999997
14.6,2,14,9,4,6,0.1,0.36,0.28250000000000003
25.2,5,16,9,4,6,0.42,0.41,0.27541666666666664
29.2,5,16,9,4,6,0.24,0.18,0.2783333333333333
17.7,3,16,9,4,6,0.25,0.4,0.2704166666666667
27.8,2,17,9,4,6,0.21,0.38,0.27166666666666667
35.0,3,17,9,4,6,0.41,0.21,0.2754166666666667
19.9,1,18,9,4,6,0.3,0.33,0.2683333333333333
21.0,1,19,9,4,6,0.16,0.31,0.27208333333333334
14.1,1,20,9,4,6,0.4,0.18,0.27291666666666664
6.1,3,20,9,4,6,0.2,0.21,0.27499999999999997
3.6,3,22,9,4,6,0.26,0.2,0.28624999999999995
-5.5,1,23,9,4,6,0.47,0.47,0.27666666666666667
-0.0,5,23,9,4,6,0.24,0.21,0.27625
9.5,5,1,10,4,0,0.2,0.21,0.2870833333333333
27.4,5,1,10,4,0,0.47,0.16,0.29333333333333333
3.5,5,3,10,4,0,0.31,0.36,0.29291666666666666
9.3,2,4,10,4,0,0.35,0.38,0.29083333333333333
37.9,2,6,10,4,0,0.33,0.46,0.2791666666666666
12.1,1,6,10,4,0,0.18,0.47,0.26791666666666664
24.9,2,6,10,4,0,0.2,0.29,0.2654166666666667
38.0,3,6,10,4,0,0.23,0.16,0.27458333333333335
31.5,3,6,10,4,0,0.38,0.16,0.2754166666666667
11.7,4,7,10,4,0,0.18,0.12,0.27708333333333335
32.8,3,9,10,4,0,0.16,0.1,0.29291666666666666
28.4,1,10,10,4,0,0.48,0.42,0.295
9.5,1,11,10,4,0,0.47,0.24,0.3025
37.0,2,14,10,4,0,0.42,0.25,0.30583333333333335
38.5,1,14,10,4,0,0.33,0.21,0.3025
22.1,3,14,10,4,0,0.13,0.41,0.2941666666666667
4.5,4,16,10,4,0,0.21,0.3,0.28583333333333333
29.7,3,20,10,4,0,0.1,0.16,0.29458333333333336
37.7,5,20,10,4,0,0.37,0.4,0.29416666666666663
27.3,4,20,10,4,0,0.39,0.2,0.3
12.8,5,20,10,4,0,0.34,0.26,0.29541666666666666
24.8,5,23,10,4,0,0.15,0.47,0.29583333333333334
3.1,1,23,10,4,0,0.48,0.24,0.29875
1.1,5,0,11,4,1,0.31,0.2,0.30541666666666667
13.0,2,2,11,4,1,0.36,0.47,0.2970833333333333
38.1,5,2,11,4,1,0.27,0.31,0.305
36.6,3,2,11,4,1,0.5,0.35,0.29541666666666666
33.2,4,2,11,4,1,0.12,0.33,0.295
17.9,1,2,11,4,1,0.32,0.18,0.29791666666666666
0.8,1,4,11,4,1,0.25,0.2,0.2975
38.8,2,5,11,4,1,0.19,0.23,0.29541666666666666
7.8,3,5,11,4,1,0.18,0.38,0.29541666666666666
-3.0,2,9,11,4,1,0.38,0.18,0.30624999999999997
12.5,1,10,11,4,1,0.44,0.16,0.32
11.7,3,10,11,4,1,0.49,0.48,0.3179166666666667
12.6,3,12,11,4,1,0.43,0.47,0.30250000000000005
13.7,3,12,11,4,1,0.1,0.42,0.29916666666666664
-2.0,2,13,11,4,1,0.34,0.33,0.30416666666666664
32.6,4,14,11,4,1,0.45,0.13,0.30541666666666667
12.9,3,16,11,4,1,0.16,0.21,0.31583333333333335
19.9,3,16,11,4,1,0.46,0.1,0.32708333333333334
22.1,4,17,11,4,1,0.37,0.37,0.32875
18.5,1,19,11,4,1,0.41,0.39,0.3279166666666667
-6.5,5,20,11,4,1,0.37,0.34,0.32416666666666666
17.7,5,20,11,4,1,0.25,0.15,0.33041666666666664
39.5,5,22,11,4,1,0.3,0.48,0.32625
38.0,2,23,11,4,1,0.38,0.31,0.3175
36.9,3,23,11,4,1,0.1,0.36,0.3179166666666667
-1.5,2,23,11,4,1,0.37,0.27,0.32416666666666666
23.6,5,1,12,4,2,0.42,0.5,0.3075
16.1,3,1,12,4,2,0.1,0.12,0.32166666666666666
31.8,3,1,12,4,2,0.46,0.32,0.3179166666666667
27.8,4,3,12,4,2,0.23,0.25,0.32416666666666666
32.4,2,4,12,4,2,0.4,0.19,0.33708333333333335
-9.5,4,4,12,4,2,0.5,0.18,0.3408333333333333
38.7,3,5,12,4,2,0.27,0.38,0.3383333333333333
33.4,1,6,12,4,2,0.32,0.44,0.3304166666666667
19.5,4,8,12,4,2,0.25,0.49,0.3175
20.6,5,8,12,4,2,0.18,0.43,0.3070833333333333
5.6,1,9,12,4,2,0.18,0.1,0.3104166666666667
12.9,1,10,12,4,2,0.18,0.34,0.30833333333333335
39.9,4,10,12,4,2,0.29,0.45,0.30875
10.5,4,11,12,4,2,0.46,0.16,0.3133333333333333
-2.8,4,12,12,4,2,0.27,0.46,0.30916666666666665
7.4,5,13,12,4,2,0.36,0.37,0.31
-4.0,3,13,12,4,2,0.39,0.41,0.3125
12.2,2,13,12,4,2,0.47,0.37,0.31583333333333335
12.8,1,14,12,4,2,0.45,0.25,0.31958333333333333
15.7,4,15,12,4,2,0.34,0.3,0.3233333333333333
11.9,5,16,12,4,2,0.39,0.38,0.31958333333333333
22.3,1,17,12,4,2,0.29,0.1,0.3329166666666667
23.0,2,17,12,4,2,0.42,0.37,0.3329166666666667
-0.6,4,17,12,4,2,0.37,0.42,0.3308333333333333
28.1,2,18,12,4,2,0.37,0.1,0.33749999999999997
33.5,3,18,12,4,2,0.26,0.46,0.3329166666666667
37.0,3,18,12,4,2,0.35,0.23,0.3279166666666667
-8.8,5,19,12,4,2,0.11,0.4,0.32625
39.8,3,20,12,4,2,0.36,0.5,0.31333333333333335
30.7,3,22,12,4,2,0.19,0.27,0.3179166666666667
12.2,5,22,12,4,2,0.38,0.32,0.32
39.7,3,22,12,4,2,0.37,0.25,0.32416666666666666
21.1,4,22,12,4,2,0.35,0.18,0.33375
33.6,1,23,12,4,2,0.41,0.18,0.3433333333333333
2.9,2,0,13,4,3,0.41,0.18,0.3541666666666667
0.0,1,2,13,4,3,0.44,0.29,0.35791666666666666
14.6,4,2,13,4,3,0.38,0.46,0.35000000000000003
23.8,1,2,13,4,3,0.27,0.27,0.35874999999999996
38.2,1,2,13,4,3,0.48,0.36,0.35916666666666663
37.8,5,2,13,4,3,0.37,0.39,0.3541666666666667
-3.2,1,3,13,4,3,0.27,0.47,0.35000000000000003
20.2,4,5,13,4,3,0.37,0.45,0.34125
25.8,2,5,13,4,3,0.24,0.34,0.34
35.8,1,6,13,4,3,0.31,0.39,0.3420833333333333
29.2,2,7,13,4,3,0.44,0.29,0.3491666666666666
27.0,4,7,13,4,3,0.46,0.42,0.33791666666666664
6.5,5,8,13,4,3,0.15,0.37,0.34
17.0,4,9,13,4,3,0.42,0.37,0.32916666666666666
0.4,3,10,13,4,3,0.11,0.26,0.32541666666666663
38.0,3,11,13,4,3,0.17,0.35,0.32875
4.7,2,11,13,4,3,0.43,0.11,0.3429166666666667
26.0,3,11,13,4,3,0.45,0.36,0.3445833333333333
28.6,5,11,13,4,3,0.4,0.19,0.3529166666666667
24.2,1,12,13,4,3,0.39,0.38,0.3466666666666667
29.0,1,13,13,4,3,0.23,0.37,0.3416666666666666
22.9,4,13,13,4,3,0.25,0.35,0.3329166666666667
23.4,1,14,13,4,3,0.14,0.41,0.33166666666666667
28.5,5,14,13,4,3,0.38,0.41,0.3333333333333333
33.8,5,15,13,4,3,0.45,0.44,0.33083333333333337
8.9,1,17,13,4,3,0.38,0.38,0.33208333333333334
14.8,4,17,13,4,3,0.41,0.27,0.34125
6.4,1,17,13,4,3,0.49,0.48,0.33416666666666667
2.0,3,21,13,4,3,0.31,0.37,0.33125
18.7,2,22,13,4,3,0.3,0.27,0.33041666666666664
27.5,4,22,13,4,3,0.25,0.37,0.3283333333333333
39.2,4,23,13,4,3,0.32,0.24,0.3233333333333333
18.3,2,1,14,4,4,0.12,0.31,0.31833333333333336
28.9,2,1,14,4,4,0.19,0.44,0.32
-5.3,5,1,14,4,4,0.48,0.46,0.3133333333333333
36.4,4,2,14,4,4,0.3,0.15,0.3116666666666667
14.1,5,3,14,4,4,0.11,0.42,0.30250000000000005
29.3,2,4,14,4,4,0.2,0.11,0.31124999999999997
-9.8,2,4,14,4,4,0.32,0.17,0.32166666666666666
24.5,5,5,14,4,4,0.42,0.43,0.315
-0.1,5,5,14,4,4,0.27,0.45,0.31125
30.9,5,6,14,4,4,0.36,0.4,0.3129166666666667
1.8,1,7,14,4,4,0.44,0.39,0.30291666666666667
32.4,1,7,14,4,4,0.15,0.23,0.29791666666666666
11.8,1,7,14,4,4,0.11,0.25,0.3016666666666667
39.6,1,8,14,4,4,0.34,0.14,0.3025
11.8,5,8,14,4,4,0.16,0.38,0.29833333333333334
-2.2,5,8,14,4,4,0.28,0.45,0.28750000000000003
-3.0,2,10,14,4,4,0.19,0.38,0.2775
36.0,1,11,14,4,4,0.14,0.41,0.2804166666666667
-7.4,5,11,14,4,4,0.48,0.49,0.2720833333333333
12.2,1,11,14,4,4,0.29,0.31,0.27125
23.5,1,12,14,4,4,0.29,0.3,0.2729166666666667
24.0,3,13,14,4,4,0.34,0.25,0.28208333333333335
5.4,5,13,14,4,4,0.47,0.32,0.2804166666666667
1.0,1,13,14,4,4,0.28,0.12,0.29625
36.7,4,14,14,4,4,0.5,0.19,0.29916666666666664
33.7,5,15,14,4,4,0.26,0.48,0.29
-8.9,4,15,14,4,4,0.26,0.3,0.29458333333333336
-4.7,1,15,14,4,4,0.41,0.11,0.29916666666666664
14.6,1,18,14,4,4,0.22,0.2,0.29541666666666666
24.2,2,18,14,4,4,0.11,0.32,0.29083333333333333
-7.1,5,19,14,4,4,0.21,0.42,0.28791666666666665
3.1,5,19,14,4,4,0.35,0.27,0.28833333333333333
31.3,1,19,14,4,4,0.28,0.36,0.29083333333333333
32.4,3,21,14,4,4,0.42,0.44,0.29250000000000004
34.9,2,0,15,4,5,0.48,0.15,0.30291666666666667
25.8,5,0,15,4,5,0.4,0.11,0.30250000000000005
39.4,2,0,15,4,5,0.1,0.34,0.30583333333333335
28.9,4,0,15,4,5,0.42,0.16,0.30875
-6.2,3,1,15,4,5,0.23,0.28,0.30333333333333334
27.9,1,3,15,4,5,0.15,0.19,0.3104166666666666
4.5,2,3,15,4,5,0.36,0.14,0.3154166666666667
8.4,3,3,15,4,5,0.26,0.48,0.3045833333333333
36.1,1,4,15,4,5,0.22,0.29,0.29916666666666664
21.1,3,6,15,4,5,0.16,0.29,0.30250000000000005
1.3,2,6,15,4,5,0.37,0.34,0.29583333333333334
8.1,1,7,15,4,5,0.18,0.47,0.28625
-2.5,3,9,15,4,5,0.24,0.28,0.28541666666666665
25.6,5,10,15,4,5,0.26,0.5,0.2808333333333333
14.6,5,10,15,4,5,0.39,0.26,0.27625
24.3,2,10,15,4,5,0.15,0.26,0.2704166666666667
7.5,1,11,15,4,5,0.12,0.41,0.27375
-3.6,3,13,15,4,5,0.49,0.22,0.2725
27.5,5,13,15,4,5,0.19,0.11,0.27416666666666667
-4.7,2,13,15,4,5,0.15,0.21,0.28041666666666665
2.9,4,16,15,4,5,0.36,0.35,0.2808333333333333
8.3,1,16,15,4,5,0.36,0.28,0.2733333333333333
-3.7,2,17,15,4,5,0.1,0.42,0.27625
22.5,1,17,15,4,5,0.49,0.48,0.2758333333333333
-6.4,5,18,15,4,5,0.47,0.4,0.26791666666666664
23.6,5,18,15,4,5,0.21,0.1,0.26875
23.3,2,19,15,4,5,0.12,0.42,0.25875
30.8,3,19,15,4,5,0.18,0.23,0.2625
7.2,1,19,15,4,5,0.32,0.15,0.27249999999999996
4.9,4,19,15,4,5,0.39,0.36,0.26875
25.2,4,19,15,4,5,0.27,0.26,0.27749999999999997
8.1,1,20,15,4,5,0.47,0.22,0.27499999999999997
20.3,4,21,15,4,5,0.16,0.16,0.27625
35.8,3,21,15,4,5,0.19,0.37,0.2658333333333333
6.7,3,21,15,4,5,0.12,0.18,0.26416666666666666
13.4,1,0,16,4,6,0.14,0.24,0.2675
14.5,4,0,16,4,6,0.32,0.26,0.26708333333333334
25.4,5,1,16,4,6,0.25,0.39,0.26125000000000004
26.3,4,2,16,4,6,0.25,0.15,0.26166666666666666
17.4,3,2,16,4,6,0.16,0.12,0.2683333333333333
23.8,4,3,16,4,6,0.28,0.49,0.25999999999999995
-1.9,3,3,16,4,6,0.29,0.19,0.26708333333333334
-2.4,5,4,16,4,6,0.36,0.15,0.2791666666666666
-6.7,2,4,16,4,6,0.44,0.36,0.2783333333333334
38.1,5,5,16,4,6,0.34,0.36,0.2758333333333333
17.2,1,6,16,4,6,0.3,0.1,0.28291666666666665
0.4,2,7,16,4,6,0.27,0.49,0.28291666666666665
38.4,3,7,16,4,6,0.49,0.47,0.26958333333333334
21.1,1,9,16,4,6,0.15,0.21,0.2729166666666667
12.0,4,11,16,4,6,0.29,0.12,0.2854166666666667
-9.8,2,12,16,4,6,0.42,0.18,0.2854166666666667
17.7,4,15,16,4,6,0.18,0.32,0.27791666666666665
0.9,1,15,16,4,6,0.14,0.39,0.28125
-4.0,4,16,16,4,6,0.47,0.27,0.27875
13.1,3,17,16,4,6,0.21,0.47,0.27708333333333335
11.2,5,18,16,4,6,0.43,0.16,0.27708333333333335
20.6,5,18,16,4,6,0.16,0.19,0.27791666666666665
5.5,1,19,16,4,6,0.21,0.12,0.29124999999999995
9.1,1,19,16,4,6,0.44,0.14,0.2970833333333333
0.6,5,19,16,4,6,0.28,0.32,0.29333333333333333
31.5,3,22,16,4,6,0.23,0.25,0.2995833333333333
14.0,4,22,16,4,6,0.4,0.25,0.29833333333333334
-6.3,3,23,16,4,6,0.22,0.16,0.31
22.2,2,2,17,4,0,0.44,0.28,0.30291666666666667
8.6,5,2,17,4,0,0.11,0.29,0.31
-9.3,1,2,17,4,0,0.46,0.36,0.3120833333333333
-2.3,1,2,17,4,0,0.41,0.44,0.3066666666666667
21.1,5,3,17,4,0,0.31,0.34,0.30166666666666664
5.1,1,3,17,4,0,0.22,0.3,0.3083333333333333
38.4,3,3,17,4,0,0.46,0.27,0.30625
34.5,4,4,17,4,0,0.22,0.49,0.2925
13.5,1,4,17,4,0,0.16,0.15,0.30041666666666667
22.7,5,5,17,4,0,0.34,0.29,0.29375
-8.6,5,6,17,4,0,0.13,0.42,0.29375
31.7,3,6,17,4,0,0.42,0.18,0.3066666666666667
-4.5,2,7,17,4,0,0.49,0.14,0.31833333333333336
5.8,2,8,17,4,0,0.42,0.47,0.31875
28.0,1,8,17,4,0,0.48,0.21,0.32416666666666666
-5.7,3,9,17,4,0,0.34,0.43,0.315
12.3,4,9,17,4,0,0.21,0.16,0.32416666666666666
32.7,1,10,17,4,0,0.38,0.21,0.32
15.9,5,10,17,4,0,0.11,0.44,0.3175
-3.6,1,13,17,4,0,0.38,0.28,0.31083333333333335
9.7,4,14,17,4,0,0.12,0.23,0.3120833333333333
-2.2,5,15,17,4,0,0.26,0.4,0.30791666666666667
-2.1,5,15,17,4,0,0.3,0.22,0.30624999999999997
28.2,4,16,17,4,0,0.18,0.44,0.3045833333333334
34.3,2,18,17,4,0,0.4,0.11,0.3125
4.9,3,19,17,4,0,0.3,0.46,0.31166666666666665
29.7,4,19,17,4,0,0.44,0.41,0.30583333333333335
26.3,2,21,17,4,0,0.27,0.31,0.3116666666666667
-5.9,5,21,17,4,0,0.45,0.22,0.32125
-3.8,1,21,17,4,0,0.45,0.46,0.32125
24.6,2,23,17,4,0,0.46,0.22,0.32749999999999996
-7.2,2,0,18,4,1,0.37,0.16,0.32541666666666663
-7.5,2,1,18,4,1,0.11,0.34,0.32416666666666666
39.3,5,1,18,4,1,0.31,0.13,0.33208333333333334
28.5,4,3,18,4,1,0.32,0.42,0.32875
12.6,4,3,18,4,1,0.34,0.49,0.32
28.9,4,4,18,4,1,0.28,0.42,0.32166666666666666
3.8,3,5,18,4,1,0.46,0.48,0.30583333333333335
8.8,4,5,18,4,1,0.1,0.34,0.3
-3.6,1,5,18,4,1,0.2,0.21,0.3116666666666667
16.6,4,6,18,4,1,0.49,0.38,0.30916666666666665
16.2,5,7,18,4,1,0.32,0.11,0.3166666666666667
21.0,2,8,18,4,1,0.29,0.38,0.3154166666666667
35.5,3,12,18,4,1,0.35,0.12,0.3279166666666667
2.5,4,12,18,4,1,0.42,0.26,0.33625
-0.5,1,12,18,4,1,0.46,0.3,0.3383333333333333
-6.6,3,13,18,4,1,0.35,0.18,0.3408333333333333
13.9,3,14,18,4,1,0.24,0.4,0.32875
37.0,3,14,18,4,1,0.11,0.3,0.33375
4.7,1,15,18,4,1,0.42,0.44,0.32666666666666666
28.5,2,16,18,4,1,0.27,0.27,0.32458333333333333
-5.9,3,19,18,4,1,0.22,0.45,0.32625
0.8,3,21,18,4,1,0.49,0.45,0.3154166666666667
25.8,3,21,18,4,1,0.19,0.46,0.30750000000000005
33.4,5,22,18,4,1,0.27,0.37,0.30291666666666667
8.7,3,22,18,4,1,0.26,0.11,0.31416666666666665
-6.2,5,0,19,4,2,0.38,0.31,0.31958333333333333
17.3,4,0,19,4,2,0.44,0.32,0.3120833333333333
-1.1,5,2,19,4,2,0.14,0.34,0.31083333333333335
16.8,4,2,19,4,2,0.31,0.28,0.3104166666666667
0.3,5,4,19,4,2,0.27,0.46,0.3016666666666667
18.8,4,7,19,4,2,0.25,0.1,0.31583333333333335
8.9,5,8,19,4,2,0.44,0.2,0.3233333333333333
-7.7,3,9,19,4,2,0.38,0.49,0.31708333333333333
36.8,2,9,19,4,2,0.34,0.32,0.32375
9.0,3,10,19,4,2,0.48,0.29,0.31958333333333333
32.0,5,11,19,4,2,0.19,0.35,0.3179166666666667
-1.8,5,13,19,4,2,0.31,0.42,0.31708333333333333
37.4,4,14,19,4,2,0.4,0.46,0.3125
7.2,2,14,19,4,2,0.35,0.35,0.30833333333333335
32.1,1,14,19,4,2,0.25,0.24,0.30583333333333335
-0.6,1,14,19,4,2,0.18,0.11,0.30791666666666667
-6.3,1,15,19,4,2,0.16,0.42,0.3020833333333333
8.2,4,16,19,4,2,0.28,0.27,0.2954166666666667
2.1,2,17,19,4,2,0.11,0.22,0.29458333333333336
35.8,5,17,19,4,2,0.2,0.49,0.29416666666666663
8.8,4,20,19,4,2,0.48,0.19,0.2966666666666667
9.9,3,23,19,4,2,0.25,0.27,0.29541666666666666
37.4,3,0,20,4,3,0.24,0.26,0.2966666666666667
16.9,2,1,20,4,3,0.29,0.38,0.30125
30.8,1,1,20,4,3,0.49,0.44,0.29583333333333334
6.4,1,1,20,4,3,0.31,0.14,0.29625
-3.2,3,1,20,4,3,0.15,0.31,0.29208333333333336
-7.6,3,2,20,4,3,0.21,0.27,0.28833333333333333
2.0,5,2,20,4,3,0.18,0.25,0.29624999999999996
37.3,3,2,20,4,3,0.44,0.44,0.29458333333333336
17.4,2,3,20,4,3,0.4,0.38,0.29124999999999995
8.1,4,5,20,4,3,0.3,0.34,0.28291666666666665
26.1,2,8,20,4,3,0.14,0.48,0.26958333333333334
16.3,2,8,20,4,3,0.16,0.19,0.2791666666666666
-3.4,4,8,20,4,3,0.42,0.31,0.2833333333333333
25.5,3,10,20,4,3,0.41,0.4,0.2833333333333333
24.4,4,10,20,4,3,0.4,0.35,0.27416666666666667
-5.7,1,11,20,4,3,0.13,0.25,0.27125
27.7,3,13,20,4,3,0.18,0.18,0.28208333333333335
8.1,4,13,20,4,3,0.44,0.16,0.28125
38.1,5,13,20,4,3,0.14,0.28,0.27416666666666667
6.0,1,14,20,4,3,0.11,0.11,0.2770833333333333
3.8,1,16,20,4,3,0.18,0.2,0.285
-6.2,5,18,20,4,3,0.39,0.48,0.28583333333333333
2.2,5,18,20,4,3,0.5,0.25,0.2808333333333333
35.8,2,18,20,4,3,0.13,0.24,0.2791666666666667
12.5,4,19,20,4,3,0.2,0.29,0.2720833333333333
31.7,4,19,20,4,3,0.12,0.49,0.2575
38.2,1,20,20,4,3,0.14,0.31,0.25
21.3,2,20,20,4,3,0.13,0.15,0.2495833333333333
6.9,3,20,20,4,3,0.14,0.21,0.2529166666666666
5.1,1,20,20,4,3,0.29,0.18,0.2658333333333333
19.7,2,21,20,4,3,0.49,0.44,0.25833333333333336
12.5,2,21,20,4,3,0.26,0.4,0.25
28.6,2,23,20,4,3,0.2,0.3,0.24708333333333335
1.4,2,23,20,4,3,0.23,0.14,0.24666666666666667
22.5,3,0,21,4,4,0.13,0.16,0.24500000000000002
26.6,3,0,21,4,4,0.12,0.42,0.23833333333333337
27.0,5,3,21,4,4,0.26,0.41,0.23416666666666666
38.6,5,3,21,4,4,0.31,0.4,0.22791666666666666
23.9,2,3,21,4,4,0.25,0.13,0.23416666666666666
39.8,2,5,21,4,4,0.28,0.18,0.23833333333333337
11.5,4,6,21,4,4,0.28,0.44,0.24
32.7,4,6,21,4,4,0.48,0.14,0.23875000000000002
18.0,4,6,21,4,4,0.11,0.11,0.25375
27.7,2,7,21,4,4,0.47,0.18,0.26333333333333336
14.5,4,7,21,4,4,0.41,0.39,0.26666666666666666
-6.4,2,7,21,4,4,0.47,0.5,0.2554166666666667
22.4,3,9,21,4,4,0.23,0.13,0.26333333333333336
-3.5,2,9,21,4,4,0.32,0.2,0.2683333333333333
3.7,4,9,21,4,4,0.32,0.12,0.27375
35.1,3,10,21,4,4,0.25,0.14,0.2758333333333333
27.3,4,11,21,4,4,0.19,0.13,0.2754166666666667
6.6,4,11,21,4,4,0.12,0.14,0.285
34.2,2,11,21,4,4,0.37,0.29,0.28750000000000003
10.2,1,12,21,4,4,0.35,0.49,0.27958333333333335
5.4,3,13,21,4,4,0.3,0.26,0.28625
28.9,2,17,21,4,4,0.42,0.2,0.285
38.5,1,19,21,4,4,0.17,0.23,0.28833333333333333
38.9,3,19,21,4,4,0.31,0.13,0.28875
12.4,2,21,21,4,4,0.14,0.12,0.29624999999999996
0.1,1,1,22,4,5,0.3,0.26,0.30375
36.7,2,1,22,4,5,0.44,0.31,0.30416666666666664
0.1,1,3,22,4,5,0.32,0.25,0.3145833333333334
0.0,5,3,22,4,5,0.5,0.28,0.31958333333333333
11.8,4,3,22,4,5,0.4,0.28,0.32749999999999996
30.3,5,4,22,4,5,0.47,0.48,0.315
-7.7,1,5,22,4,5,0.18,0.11,0.32916666666666666
-5.9,2,8,22,4,5,0.45,0.47,0.325
2.5,4,8,22,4,5,0.37,0.41,0.32625
8.3,3,8,22,4,5,0.44,0.47,0.31083333333333335
35.7,1,9,22,4,5,0.1,0.23,0.31083333333333335
27.6,2,9,22,4,5,0.23,0.32,0.31333333333333335
30.7,4,10,22,4,5,0.38,0.32,0.305
34.7,5,10,22,4,5,0.12,0.25,0.31125
34.7,5,11,22,4,5,0.4,0.19,0.3175
33.6,1,12,22,4,5,0.34,0.12,0.33166666666666667
2.5,1,14,22,4,5,0.46,0.37,0.32666666666666666
5.9,4,15,22,4,5,0.25,0.35,0.3183333333333333
7.6,2,15,22,4,5,0.15,0.3,0.31083333333333335
4.7,2,17,22,4,5,0.12,0.42,0.3070833333333333
-2.0,4,17,22,4,5,0.33,0.17,0.3145833333333334
38.1,1,18,22,4,5,0.35,0.31,0.31583333333333335
5.3,5,19,22,4,5,0.34,0.14,0.3179166666666667
9.1,1,19,22,4,5,0.19,0.3,0.32375000000000004
31.4,4,19,22,4,5,0.44,0.44,0.31875000000000003
19.9,3,20,22,4,5,0.32,0.32,0.31583333333333335
26.9,3,21,22,4,5,0.25,0.5,0.3120833333333333
12.7,1,23,22,4,5,0.41,0.4,0.30625
3.7,1,23,22,4,5,0.26,0.47,0.2991666666666667
7.2,5,0,23,4,6,0.3,0.18,0.3095833333333333
3.3,3,1,23,4,6,0.43,0.45,0.3066666666666667
-9.2,3,4,23,4,6,0.38,0.37,0.3
13.1,1,4,23,4,6,0.21,0.44,0.2995833333333333
-3.9,2,4,23,4,6,0.43,0.1,0.3125
1.4,5,4,23,4,6,0.41,0.23,0.31875
35.9,5,4,23,4,6,0.38,0.38,0.3075
-6.1,2,4,23,4,6,0.11,0.12,0.32166666666666666
5.5,3,5,23,4,6,0.46,0.4,0.31125
14.4,5,7,23,4,6,0.15,0.34,0.31
8.0,1,8,23,4,6,0.31,0.46,0.30083333333333334
32.9,2,8,23,4,6,0.24,0.25,0.30083333333333334
36.5,4,9,23,4,6,0.25,0.15,0.30083333333333334
6.8,1,9,23,4,6,0.15,0.12,0.315
31.3,5,10,23,4,6,0.46,0.33,0.30833333333333335
-2.5,3,10,23,4,6,0.17,0.35,0.3
34.3,2,15,23,4,6,0.15,0.34,0.2970833333333333
39.3,5,15,23,4,6,0.27,0.19,0.29833333333333334
19.2,4,16,23,4,6,0.22,0.44,0.30041666666666667
-9.3,3,17,23,4,6,0.49,0.32,0.30125
27.1,3,19,23,4,6,0.34,0.25,0.3104166666666667
2.0,3,21,23,4,6,0.47,0.41,0.30625
4.0,1,21,23,4,6,0.31,0.26,0.31
16.8,3,23,23,4,6,0.35,0.3,0.3129166666666667
32.6,1,23,23,4,6,0.37,0.43,0.3133333333333333
21.6,1,0,24,4,0,0.44,0.38,0.31416666666666665
23.4,4,2,24,4,0,0.4,0.21,0.31375000000000003
36.2,3,2,24,4,0,0.2,0.43,0.3033333333333333
2.3,2,3,24,4,0,0.18,0.41,0.29833333333333334
-5.1,5,4,24,4,0,0.29,0.38,0.295
-0.7,4,4,24,4,0,0.3,0.11,0.30416666666666664
8.8,2,4,24,4,0,0.33,0.46,0.30125
17.4,1,4,24,4,0,0.39,0.15,0.30916666666666665
31.1,5,5,24,4,0,0.34,0.31,0.31416666666666665
-7.6,4,6,24,4,0,0.43,0.24,0.32375
19.3,5,6,24,4,0,0.47,0.25,0.325
38.5,2,10,24,4,0,0.28,0.15,0.33208333333333334
36.1,5,11,24,4,0,0.32,0.46,0.32166666666666666
29.4,2,11,24,4,0,0.21,0.17,0.32791666666666663
39.0,3,15,24,4,0,0.32,0.15,0.3383333333333334
20.3,3,19,24,4,0,0.4,0.27,0.33166666666666667
37.3,3,20,24,4,0,0.11,0.22,0.34
-9.4,3,21,24,4,0,0.42,0.49,0.33416666666666667
23.4,3,23,24,4,0,0.35,0.34,0.3279166666666667
1.0,5,2,25,4,1,0.19,0.47,0.32666666666666666
31.4,1,2,25,4,1,0.44,0.31,0.325
22.5,5,3,25,4,1,0.27,0.35,0.32958333333333334
-8.5,1,3,25,4,1,0.46,0.37,0.3329166666666667
4.2,1,3,25,4,1,0.45,0.44,0.32708333333333334
19.2,2,4,25,4,1,0.3,0.4,0.315
-7.0,1,4,25,4,1,0.11,0.2,0.31958333333333333
28.8,5,5,25,4,1,0.31,0.18,0.31625
26.9,1,5,25,4,1,0.1,0.29,0.32125
1.6,2,8,25,4,1,0.41,0.3,0.32375000000000004
31.1,4,9,25,4,1,0.36,0.33,0.32458333333333333
28.5,1,9,25,4,1,0.35,0.39,0.3208333333333333
15.1,5,10,25,4,1,0.3,0.34,0.31958333333333333
25.9,1,10,25,4,1,0.31,0.43,0.30875
18.3,4,10,25,4,1,0.17,0.47,0.30916666666666665
31.6,4,11,25,4,1,0.48,0.28,0.31
-9.3,2,13,25,4,1,0.3,0.32,0.30666666666666664
30.2,2,14,25,4,1,0.24,0.21,0.31124999999999997
35.1,2,14,25,4,1,0.32,0.32,0.3104166666666667
32.4,4,14,25,4,1,0.3,0.4,0.31083333333333335
24.6,4,15,25,4,1,0.41,0.11,0.3258333333333333
26.7,3,15,25,4,1,0.47,0.42,0.3258333333333333
38.0,2,16,25,4,1,0.42,0.35,0.32458333333333333
6.3,1,18,25,4,1,0.32,0.19,0.32791666666666663
10.5,5,20,25,4,1,0.27,0.44,0.3283333333333333
2.8,3,20,25,4,1,0.45,0.27,0.32541666666666663
27.6,3,22,25,4,1,0.2,0.46,0.3233333333333333
22.9,5,22,25,4,1,0.41,0.45,0.3183333333333333
24.3,4,22,25,4,1,0.33,0.3,0.31875
35.4,3,23,25,4,1,0.31,0.11,0.32541666666666663
39.4,1,0,26,4,2,0.27,0.31,0.32875
-5.7,4,0,26,4,2,0.39,0.1,0.32916666666666666
1.8,4,1,26,4,2,0.11,0.41,0.3175
34.3,1,1,26,4,2,0.13,0.36,0.31875
11.8,4,2,26,4,2,0.39,0.35,0.32416666666666666
5.0,1,3,26,4,2,0.48,0.3,0.31708333333333333
37.0,1,3,26,4,2,0.13,0.31,0.3179166666666667
35.9,1,5,26,4,2,0.33,0.17,0.32416666666666666
-9.0,4,6,26,4,2,0.32,0.48,0.3125
33.5,2,6,26,4,2,0.2,0.3,0.3095833333333333
23.3,5,6,26,4,2,0.23,0.24,0.30625
-6.5,5,7,26,4,2,0.16,0.32,0.31124999999999997
16.4,2,7,26,4,2,0.44,0.3,0.30375
26.0,1,7,26,4,2,0.12,0.41,0.30041666666666667
35.0,3,9,26,4,2,0.33,0.47,0.29250000000000004
8.4,5,9,26,4,2,0.28,0.42,0.28375
10.4,5,10,26,4,2,0.21,0.32,0.2758333333333333
34.0,3,10,26,4,2,0.13,0.27,0.2708333333333333
33.6,2,12,26,4,2,0.15,0.45,0.2604166666666667
27.1,4,13,26,4,2,0.2,0.2,0.25625000000000003
32.3,4,13,26,4,2,0.1,0.41,0.2554166666666667
34.0,5,14,26,4,2,0.39,0.33,0.25833333333333336
34.6,4,14,26,4,2,0.4,0.31,0.25833333333333336
7.5,4,15,26,4,2,0.31,0.27,0.26416666666666666
2.5,5,15,26,4,2,0.41,0.39,0.25666666666666665
26.6,5,15,26,4,2,0.21,0.11,0.27
20.1,5,15,26,4,2,0.43,0.13,0.28375
33.0,2,16,26,4,2,0.46,0.39,0.2733333333333334
20.6,5,16,26,4,2,0.14,0.48,0.26208333333333333
6.9,4,17,26,4,2,0.21,0.13,0.2758333333333333
6.9,3,17,26,4,2,0.46,0.33,0.2708333333333333
35.3,2,17,26,4,2,0.21,0.32,0.27291666666666664
33.1,3,18,26,4,2,0.37,0.2,0.28458333333333335
-5.7,2,20,26,4,2,0.48,0.23,0.29541666666666666
1.1,4,20,26,4,2,0.49,0.16,0.3
2.9,2,22,26,4,2,0.27,0.44,0.29583333333333334
5.3,1,22,26,4,2,0.34,0.12,0.30625
7.8,3,0,27,4,3,0.37,0.33,0.3095833333333333
15.4,1,1,27,4,3,0.41,0.28,0.30416666666666664
17.6,2,2,27,4,3,0.15,0.21,0.305
-0.7,5,2,27,4,3,0.23,0.13,0.31416666666666665
39.7,2,3,27,4,3,0.35,0.15,0.3258333333333333
0.6,2,3,27,4,3,0.43,0.2,0.32916666666666666
14.8,5,6,27,4,3,0.28,0.1,0.33625
18.9,2,8,27,4,3,0.27,0.39,0.33083333333333337
16.1,1,8,27,4,3,0.26,0.4,0.3329166666666667
1.4,3,9,27,4,3,0.45,0.31,0.32583333333333336
7.9,2,10,27,4,3,0.14,0.41,0.32875000000000004
23.8,1,10,27,4,3,0.48,0.21,0.3358333333333334
10.2,2,11,27,4,3,0.38,0.43,0.3316666666666667
36.7,4,11,27,4,3,0.33,0.46,0.33041666666666664
36.5,4,12,27,4,3,0.43,0.14,0.3433333333333333
20.9,5,12,27,4,3,0.45,0.21,0.3466666666666667
14.3,1,13,27,4,3,0.29,0.46,0.33375
-6.9,2,13,27,4,3,0.15,0.21,0.33916666666666667
11.4,3,15,27,4,3,0.34,0.37,0.3416666666666666
29.8,4,15,27,4,3,0.43,0.48,0.34125
8.0,1,15,27,4,3,0.47,0.49,0.33916666666666667
34.3,2,16,27,4,3,0.44,0.27,0.33208333333333334
-1.1,4,17,27,4,3,0.1,0.34,0.32208333333333333
35.8,4,18,27,4,3,0.1,0.37,0.3133333333333333
14.6,5,19,27,4,3,0.16,0.41,0.3158333333333333
19.2,4,20,27,4,3,0.47,0.15,0.32958333333333334
28.3,4,20,27,4,3,0.48,0.23,0.32791666666666663
30.4,2,21,27,4,3,0.19,0.35,0.3333333333333333
23.2,4,22,27,4,3,0.48,0.43,0.3279166666666667
-8.5,3,23,27,4,3,0.3,0.28,0.32583333333333336
6.2,3,0,28,4,4,0.23,0.27,0.3333333333333333
-10.0,5,0,28,4,4,0.45,0.26,0.33166666666666667
18.6,2,3,28,4,4,0.22,0.45,0.3283333333333333
-10.0,5,4,28,4,4,0.37,0.14,0.33208333333333334
4.1,1,5,28,4,4,0.23,0.48,0.33
5.9,5,5,28,4,4,0.43,0.38,0.3333333333333333
17.8,3,5,28,4,4,0.46,0.33,0.32666666666666666
34.9,4,6,28,4,4,0.17,0.43,0.32625
-3.1,2,8,28,4,4,0.42,0.45,0.31166666666666665
5.3,3,9,28,4,4,0.1,0.29,0.31916666666666665
-8.8,4,10,28,4,4,0.47,0.15,0.3179166666666667
11.6,1,12,28,4,4,0.12,0.34,0.31708333333333333
38.6,2,12,28,4,4,0.32,0.43,0.31875
5.7,4,15,28,4,4,0.47,0.47,0.31416666666666665
20.7,5,16,28,4,4,0.36,0.44,0.3108333333333333
25.8,2,18,28,4,4,0.36,0.1,0.3133333333333333
39.1,1,21,28,4,4,0.16,0.1,0.3275
4.1,2,21,28,4,4,0.44,0.16,0.33041666666666664
23.8,2,22,28,4,4,0.23,0.47,0.3229166666666667
-6.2,1,22,28,4,4,0.29,0.48,0.31166666666666665
20.0,4,23,28,4,4,0.21,0.19,0.3116666666666667
4.8,3,23,28,4,4,0.19,0.48,0.29791666666666666
14.1,4,0,29,4,5,0.15,0.3,0.30375
-3.1,4,0,29,4,5,0.44,0.23,0.3025
-3.3,2,1,29,4,5,0.2,0.45,0.3016666666666667
33.6,4,2,29,4,5,0.43,0.22,0.30375
-6.4,2,4,29,4,5,0.27,0.37,0.29416666666666663
-6.4,4,4,29,4,5,0.14,0.23,0.28958333333333336
26.7,3,5,29,4,5,0.12,0.43,0.27958333333333335
39.0,2,6,29,4,5,0.19,0.46,0.2658333333333333
33.9,3,7,29,4,5,0.13,0.17,0.26791666666666664
-4.9,4,7,29,4,5,0.22,0.42,0.25833333333333336
39.1,4,7,29,4,5,0.19,0.1,0.26666666666666666
-3.3,4,10,29,4,5,0.3,0.47,0.26
28.5,1,11,29,4,5,0.31,0.12,0.2629166666666667
13.3,2,12,29,4,5,0.19,0.32,0.25666666666666665
-4.2,4,14,29,4,5,0.17,0.47,0.24416666666666667
1.9,1,14,29,4,5,0.17,0.36,0.23958333333333334
-6.8,5,16,29,4,5,0.25,0.36,0.23583333333333334
-6.9,3,16,29,4,5,0.27,0.16,0.24958333333333335
28.8,2,17,29,4,5,0.49,0.44,0.24291666666666667
30.4,5,17,29,4,5,0.28,0.23,0.24583333333333335
34.9,4,18,29,4,5,0.3,0.29,0.23916666666666667
31.5,1,18,29,4,5,0.13,0.21,0.2379166666666667
5.4,5,19,29,4,5,0.18,0.19,0.23708333333333334
39.6,4,19,29,4,5,0.17,0.15,0.23583333333333334
38.1,2,19,29,4,5,0.12,0.44,0.2325
-2.7,3,19,29,4,5,0.36,0.2,0.24041666666666664
12.9,3,19,29,4,5,0.39,0.43,0.22958333333333336
-2.2,2,20,29,4,5,0.17,0.27,0.23124999999999998
31.3,4,0,30,4,6,0.31,0.14,0.24291666666666667
-10.0,2,0,30,4,6,0.42,0.12,0.24416666666666667
10.3,1,0,30,4,6,0.15,0.19,0.25166666666666665
13.6,3,1,30,4,6,0.37,0.13,0.2575
-2.9,2,2,30,4,6,0.27,0.22,0.2683333333333333
16.3,3,5,30,4,6,0.48,0.19,0.2758333333333333
39.4,3,5,30,4,6,0.37,0.3,0.27999999999999997
26.4,1,6,30,4,6,0.4,0.31,0.27708333333333335
20.9,2,8,30,4,6,0.24,0.19,0.28791666666666665
-0.7,5,8,30,4,6,0.45,0.17,0.30124999999999996
1.9,2,11,30,4,6,0.49,0.17,0.29875
-1.2,1,11,30,4,6,0.11,0.25,0.2975
19.1,3,12,30,4,6,0.22,0.27,0.29083333333333333
0.9,5,12,30,4,6,0.11,0.49,0.2754166666666667
5.7,4,14,30,4,6,0.12,0.28,0.27166666666666667
35.2,1,14,30,4,6,0.19,0.3,0.26458333333333334
25.9,3,14,30,4,6,0.13,0.13,0.2783333333333333
39.4,2,15,30,4,6,0.46,0.18,0.2895833333333333
23.2,5,16,30,4,6,0.45,0.17,0.3025
22.2,3,17,30,4,6,0.48,0.12,0.3133333333333333
-2.8,1,17,30,4,6,0.38,0.36,0.3179166666666667
18.0,4,18,30,4,6,0.47,0.39,0.3095833333333334
29.4,3,18,30,4,6,0.19,0.17,0.31666666666666665
-4.5,5,18,30,4,6,0.34,0.31,0.32166666666666666
-7.5,3,19,30,4,6,0.43,0.42,0.3145833333333333
27.7,4,19,30,4,6,0.25,0.15,0.32875
25.5,5,20,30,4,6,0.49,0.37,0.3179166666666667
19.2,4,23,30,4,6,0.11,0.27,0.3120833333333333
0.3,2,0,1,5,0,0.13,0.48,0.3129166666666667
-5.8,5,3,1,5,0,0.5,0.37,0.30833333333333335
-4.6,5,4,1,5,0,0.26,0.4,0.305
-5.0,1,4,1,5,0,0.32,0.24,0.30916666666666665
34.7,1,5,1,5,0,0.34,0.45,0.2995833333333333
-3.5,4,5,1,5,0,0.22,0.49,0.29375
22.7,2,5,1,5,0,0.35,0.11,0.30875
-2.9,1,7,1,5,0,0.47,0.22,0.3129166666666667
-3.1,5,7,1,5,0,0.32,0.11,0.3129166666666667
39.1,3,8,1,5,0,0.11,0.12,0.3233333333333333
20.0,4,10,1,5,0,0.37,0.19,0.3304166666666667
31.1,1,11,1,5,0,0.36,0.13,0.33708333333333335
32.4,2,12,1,5,0,0.29,0.46,0.3308333333333333
1.4,5,13,1,5,0,0.31,0.45,0.33208333333333334
25.9,2,13,1,5,0,0.48,0.48,0.3258333333333333
1.2,3,16,1,5,0,0.33,0.38,0.32458333333333333
8.4,2,18,1,5,0,0.35,0.47,0.30916666666666665
1.6,2,18,1,5,0,0.1,0.19,0.315
11.5,3,18,1,5,0,0.33,0.34,0.31583333333333335
17.8,3,20,1,5,0,0.36,0.43,0.31416666666666665
14.0,2,20,1,5,0,0.39,0.25,0.31416666666666665
34.4,4,21,1,5,0,0.25,0.49,0.31166666666666665
38.6,2,21,1,5,0,0.43,0.11,0.32708333333333334
-7.8,4,21,1,5,0,0.48,0.13,0.33375
11.6,1,23,1,5,0,0.29,0.5,0.32458333333333333
16.7,2,23,1,5,0,0.28,0.26,0.32416666666666666
23.8,3,23,1,5,0,0.25,0.32,0.33041666666666664
14.6,1,2,2,5,1,0.47,0.34,0.33541666666666664
33.8,2,2,2,5,1,0.46,0.22,0.34125
20.7,3,3,2,5,1,0.36,0.35,0.34375
24.6,5,3,2,5,1,0.41,0.47,0.3408333333333333
6.6,1,4,2,5,1,0.4,0.32,0.34041666666666665
0.9,2,4,2,5,1,0.31,0.11,0.3466666666666666
34.1,3,7,2,5,1,0.26,0.37,0.33708333333333335
3.7,5,8,2,5,1,0.14,0.36,0.32749999999999996
10.7,5,8,2,5,1,0.13,0.29,0.3266666666666667
7.1,4,9,2,5,1,0.27,0.31,0.33125
25.9,1,9,2,5,1,0.42,0.48,0.3216666666666667
-7.8,1,9,2,5,1,0.25,0.33,0.31708333333333333
3.6,5,11,2,5,1,0.22,0.35,0.31583333333333335
-9.4,2,11,2,5,1,0.32,0.1,0.32958333333333334
4.4,4,12,2,5,1,0.43,0.33,0.33208333333333334
18.9,4,13,2,5,1,0.39,0.36,0.32541666666666663
25.2,1,14,2,5,1,0.2,0.39,0.3254166666666667
-3.6,5,15,2,5,1,0.39,0.25,0.33375
26.2,1,15,2,5,1,0.45,0.43,0.3279166666666667
-7.9,4,17,2,5,1,0.29,0.48,0.32708333333333334
10.7,3,18,2,5,1,0.46,0.29,0.32416666666666666
28.9,1,20,2,5,1,0.22,0.28,0.3258333333333333
28.1,1,21,2,5,1,0.32,0.25,0.3258333333333333
14.3,1,21,2,5,1,0.25,0.47,0.31708333333333333
23.8,1,22,2,5,1,0.26,0.46,0.30583333333333335
-8.7,4,22,2,5,1,0.19,0.36,0.31124999999999997
38.1,4,23,2,5,1,0.49,0.41,0.3125
10.0,5,0,3,5,2,0.44,0.4,0.3016666666666667
10.2,4,2,3,5,2,0.14,0.31,0.2966666666666667
32.5,3,2,3,5,2,0.19,0.26,0.295
3.1,1,2,3,5,2,0.22,0.14,0.3095833333333333
7.5,3,3,3,5,2,0.49,0.13,0.31875000000000003
-6.8,1,7,3,5,2,0.35,0.27,0.31666666666666665
24.0,5,7,3,5,2,0.22,0.42,0.31625
6.6,3,8,3,5,2,0.41,0.25,0.3145833333333333
11.5,5,8,3,5,2,0.21,0.22,0.3179166666666667
24.9,2,10,3,5,2,0.3,0.32,0.31916666666666665
5.4,2,11,3,5,2,0.35,0.43,0.31416666666666665
23.2,5,11,3,5,2,0.31,0.39,0.30291666666666667
17.8,3,12,3,5,2,0.12,0.2,0.30083333333333334
-8.0,3,14,3,5,2,0.15,0.39,0.29624999999999996
16.6,5,14,3,5,2,0.28,0.45,0.2891666666666667
-7.8,3,16,3,5,2,0.28,0.29,0.29291666666666666
9.4,4,18,3,5,2,0.38,0.46,0.2833333333333334
27.2,3,19,3,5,2,0.23,0.22,0.28791666666666665
1.2,2,21,3,5,2,0.33,0.32,0.2816666666666667
7.9,1,22,3,5,2,0.17,0.25,0.27875
-5.6,3,23,3,5,2,0.18,0.26,0.2825
35.1,5,1,4,5,3,0.35,0.19,0.29333333333333333
35.1,2,2,4,5,3,0.45,0.49,0.2866666666666667
-4.4,1,4,4,5,3,0.33,0.44,0.2808333333333333
37.5,2,5,4,5,3,0.3,0.14,0.28291666666666665
17.5,1,5,4,5,3,0.19,0.19,0.2854166666666667
30.8,4,6,4,5,3,0.25,0.22,0.2891666666666666
3.4,4,6,4,5,3,0.31,0.49,0.2758333333333333
4.0,4,7,4,5,3,0.17,0.35,0.27416666666666667
-4.3,3,7,4,5,3,0.31,0.22,0.2708333333333333
23.7,3,8,4,5,3,0.14,0.41,0.26916666666666667
3.9,4,10,4,5,3,0.37,0.21,0.26708333333333334
32.2,4,11,4,5,3,0.16,0.3,0.26958333333333334
26.7,4,12,4,5,3,0.36,0.35,0.26
32.3,3,12,4,5,3,0.12,0.31,0.25166666666666665
16.4,3,12,4,5,3,0.11,0.12,0.2654166666666667
-1.7,3,12,4,5,3,0.45,0.15,0.26958333333333334
3.7,4,12,4,5,3,0.25,0.28,0.2641666666666667
20.2,5,14,4,5,3,0.15,0.28,0.2575
14.6,3,14,4,5,3,0.12,0.38,0.2625
13.8,4,15,4,5,3,0.5,0.23,0.26999999999999996
-0.8,3,16,4,5,3,0.41,0.33,0.2625
-9.5,5,17,4,5,3,0.15,0.17,0.26375
27.4,1,18,4,5,3,0.2,0.18,0.26291666666666663
31.9,1,18,4,5,3,0.16,0.35,0.25666666666666665
31.4,1,19,4,5,3,0.2,0.45,0.25083333333333335
-0.8,2,21,4,5,3,0.31,0.33,0.2525
22.5,2,22,4,5,3,0.37,0.3,0.2604166666666667
34.6,1,22,4,5,3,0.49,0.19,0.26625
34.2,5,3,5,5,4,0.33,0.25,0.26999999999999996
25.7,4,3,5,5,4,0.34,0.31,0.2625
9.7,1,7,5,5,4,0.13,0.17,0.2758333333333333
32.0,1,7,5,5,4,0.49,0.31,0.2791666666666667
24.2,1,9,5,5,4,0.39,0.14,0.27958333333333335
27.8,1,10,5,5,4,0.15,0.37,0.27291666666666664
30.3,5,11,5,5,4,0.21,0.16,0.27166666666666667
-6.0,2,11,5,5,4,0.13,0.36,0.2675
6.3,3,12,5,5,4,0.26,0.12,0.27375
26.2,1,12,5,5,4,0.27,0.11,0.2808333333333333
10.2,5,15,5,5,4,0.28,0.45,0.2675
0.8,3,16,5,5,4,0.13,0.25,0.2675
16.5,1,16,5,5,4,0.25,0.15,0.27458333333333335
15.8,1,17,5,5,4,0.32,0.12,0.2854166666666667
24.9,5,18,5,5,4,0.38,0.5,0.2854166666666667
31.5,1,19,5,5,4,0.5,0.41,0.2804166666666667
35.7,1,20,5,5,4,0.29,0.15,0.2808333333333333
29.6,3,20,5,5,4,0.16,0.2,0.28875
13.9,4,20,5,5,4,0.39,0.16,0.29958333333333337
16.7,4,21,5,5,4,0.42,0.2,0.29750000000000004
5.9,3,21,5,5,4,0.15,0.31,0.29916666666666664
-1.8,4,21,5,5,4,0.35,0.37,0.30083333333333334
-3.9,4,22,5,5,4,0.41,0.49,0.2941666666666667
-9.6,2,23,5,5,4,0.33,0.33,0.29458333333333336
30.3,4,23,5,5,4,0.34,0.34,0.29625
-5.5,2,1,6,5,5,0.38,0.13,0.29666666666666663
26.1,3,1,6,5,5,0.14,0.49,0.28250000000000003
-7.8,5,2,6,5,5,0.15,0.39,0.28291666666666665
18.6,1,3,6,5,5,0.4,0.15,0.28791666666666665
23.8,1,4,6,5,5,0.27,0.21,0.29541666666666666
13.5,1,6,6,5,5,0.39,0.13,0.3045833333333334
20.9,3,8,6,5,5,0.35,0.26,0.305
-7.0,2,8,6,5,5,0.27,0.27,0.31416666666666665
19.8,2,9,6,5,5,0.49,0.28,0.3225
9.3,2,10,6,5,5,0.48,0.13,0.3333333333333333
0.2,4,10,6,5,5,0.39,0.25,0.3429166666666667
33.0,2,12,6,5,5,0.48,0.32,0.33541666666666664
9.0,3,13,6,5,5,0.14,0.38,0.3308333333333333
7.1,2,13,6,5,5,0.27,0.5,0.31625
36.9,3,14,6,5,5,0.15,0.29,0.3204166666666666
8.9,2,15,6,5,5,0.39,0.16,0.32916666666666666
2.3,2,15,6,5,5,0.37,0.39,0.3204166666666667
28.9,4,16,6,5,5,0.18,0.42,0.3183333333333333
-0.7,2,16,6,5,5,0.37,0.15,0.33125
9.7,3,19,6,5,5,0.46,0.35,0.32666666666666666
1.5,5,21,6,5,5,0.24,0.41,0.32208333333333333
13.3,2,23,6,5,5,0.3,0.33,0.3145833333333333
15.4,1,0,7,5,6,0.15,0.34,0.3175
11.9,4,1,7,5,6,0.41,0.38,0.31916666666666665
21.9,4,1,7,5,6,0.42,0.14,0.31833333333333336
35.4,3,2,7,5,6,0.12,0.15,0.33041666666666664
22.5,1,2,7,5,6,0.44,0.4,0.32249999999999995
28.4,2,2,7,5,6,0.21,0.27,0.3229166666666667
39.1,4,2,7,5,6,0.28,0.39,0.31916666666666665
30.7,5,3,7,5,6,0.3,0.35,0.31625
10.0,5,3,7,5,6,0.28,0.27,0.32375000000000004
27.2,2,4,7,5,6,0.45,0.49,0.32166666666666666
26.7,1,4,7,5,6,0.44,0.48,0.30666666666666664
23.6,4,6,7,5,6,0.12,0.39,0.2970833333333333
-4.0,1,8,7,5,6,0.16,0.48,0.28958333333333336
18.0,5,8,7,5,6,0.3,0.14,0.30333333333333334
30.5,4,9,7,5,6,0.47,0.27,0.29875
34.2,2,10,7,5,6,0.16,0.15,0.29875
14.5,5,10,7,5,6,0.15,0.39,0.28708333333333336
39.7,2,13,7,5,6,0.11,0.37,0.28
29.2,3,14,7,5,6,0.2,0.18,0.2816666666666667
22.0,5,15,7,5,6,0.22,0.37,0.2725
33.4,1,15,7,5,6,0.15,0.46,0.2733333333333334
27.5,5,15,7,5,6,0.48,0.24,0.2725
24.3,3,16,7,5,6,0.22,0.3,0.27375
34.6,4,16,7,5,6,0.33,0.15,0.28541666666666665
12.8,3,17,7,5,6,0.43,0.41,0.27999999999999997
38.4,4,18,7,5,6,0.28,0.42,0.28125
21.3,5,19,7,5,6,0.45,0.12,0.2916666666666667
26.5,1,19,7,5,6,0.37,0.44,0.28375
-4.9,3,23,7,5,6,0.25,0.21,0.28
-8.7,4,23,7,5,6,0.12,0.28,0.2816666666666667
12.2,1,23,7,5,6,0.32,0.3,0.27416666666666667
-10.0,4,0,8,5,0,0.12,0.28,0.28250000000000003
30.8,4,0,8,5,0,0.48,0.45,0.28125
26.7,4,0,8,5,0,0.42,0.44,0.275
3.0,4,0,8,5,0,0.29,0.12,0.27708333333333335
29.2,3,2,8,5,0,0.17,0.16,0.2775
9.5,1,2,8,5,0,0.17,0.3,0.285
-6.7,1,2,8,5,0,0.48,0.47,0.2841666666666666
6.0,3,2,8,5,0,0.45,0.16,0.2841666666666667
5.8,5,4,8,5,0,0.16,0.15,0.28750000000000003
-8.8,1,4,8,5,0,0.23,0.11,0.29083333333333333
17.3,1,4,8,5,0,0.19,0.2,0.29375
36.1,4,5,8,5,0,0.27,0.22,0.29041666666666666
39.2,3,5,8,5,0,0.14,0.15,0.28875
25.1,5,6,8,5,0,0.11,0.48,0.28125
21.9,5,6,8,5,0,0.3,0.22,0.2854166666666667
2.1,5,7,8,5,0,0.32,0.33,0.28791666666666665
7.7,4,10,8,5,0,0.39,0.43,0.28208333333333335
35.7,3,10,8,5,0,0.29,0.28,0.29
38.5,1,11,8,5,0,0.47,0.45,0.28541666666666665
31.7,5,11,8,5,0,0.34,0.37,0.2783333333333333
17.9,5,14,8,5,0,0.2,0.25,0.28125
28.4,4,14,8,5,0,0.32,0.12,0.2820833333333333
32.2,5,15,8,5,0,0.14,0.32,0.2733333333333334
11.9,5,16,8,5,0,0.11,0.12,0.2804166666666667
12.8,3,16,8,5,0,0.29,0.48,0.2791666666666667
-2.7,2,16,8,5,0,0.45,0.42,0.27958333333333335
37.7,1,18,8,5,0,0.43,0.29,0.2866666666666667
20.0,1,19,8,5,0,0.46,0.17,0.2866666666666667
32.8,3,20,8,5,0,0.17,0.17,0.30041666666666667
39.9,2,21,8,5,0,0.5,0.48,0.3004166666666667
25.4,5,22,8,5,0,0.48,0.45,0.29083333333333333
19.4,5,23,8,5,0,0.22,0.16,0.29583333333333334
5.7,1,1,9,5,1,0.28,0.23,0.3016666666666667
17.5,2,2,9,5,1,0.37,0.19,0.30041666666666667
-3.1,3,2,9,5,1,0.16,0.27,0.29875
25.4,4,2,9,5,1,0.23,0.14,0.31333333333333335
-9.6,5,2,9,5,1,0.49,0.11,0.32
1.9,1,3,9,5,1,0.27,0.3,0.31625
10.3,2,3,9,5,1,0.21,0.32,0.3129166666666667
0.2,1,4,9,5,1,0.24,0.39,0.3145833333333333
-7.6,1,4,9,5,1,0.43,0.29,0.31625
12.3,3,5,9,5,1,0.33,0.47,0.3095833333333334
31.1,1,5,9,5,1,0.31,0.34,0.3104166666666667
38.9,3,7,9,5,1,0.36,0.2,0.3120833333333333
31.6,3,7,9,5,1,0.24,0.32,0.305
23.3,4,7,9,5,1,0.15,0.14,0.3154166666666667
7.6,3,8,9,5,1,0.39,0.11,0.32208333333333333
29.3,2,9,9,5,1,0.27,0.29,0.32416666666666666
19.7,4,9,9,5,1,0.34,0.45,0.32083333333333336
24.8,2,9,9,5,1,0.37,0.43,0.3233333333333333
3.8,1,10,9,5,1,0.49,0.46,0.31875000000000003
27.4,4,10,9,5,1,0.35,0.17,0.31625
27.5,4,10,9,5,1,0.11,0.5,0.3075
-1.2,4,11,9,5,1,0.29,0.48,0.29875
26.2,3,11,9,5,1,0.27,0.22,0.3025
-6.6,2,14,9,5,1,0.31,0.28,0.3
3.2,2,14,9,5,1,0.22,0.37,0.2966666666666667
26.6,4,17,9,5,1,0.29,0.16,0.3020833333333333
27.3,2,19,9,5,1,0.29,0.23,0.30583333333333335
5.1,1,19,9,5,1,0.32,0.49,0.295
2.6,3,20,9,5,1,0.23,0.27,0.28958333333333336
8.4,4,20,9,5,1,0.14,0.21,0.285
30.5,3,23,9,5,1,0.1,0.24,0.285
13.8,5,23,9,5,1,0.24,0.43,0.27958333333333335
15.3,2,0,10,5,2,0.3,0.33,0.2775
0.7,2,0,10,5,2,0.28,0.31,0.2720833333333333
19.9,4,1,10,5,2,0.18,0.36,0.2733333333333334
4.1,3,1,10,5,2,0.39,0.24,0.27166666666666667
-3.1,5,1,10,5,2,0.2,0.15,0.28041666666666665
18.6,2,1,10,5,2,0.36,0.39,0.27416666666666667
21.0,1,3,10,5,2,0.24,0.27,0.28208333333333335
27.2,5,3,10,5,2,0.46,0.34,0.27749999999999997
35.3,5,4,10,5,2,0.23,0.37,0.27875
-3.2,1,4,10,5,2,0.4,0.49,0.27708333333333335
16.2,4,7,10,5,2,0.45,0.35,0.27166666666666667
17.7,1,7,10,5,2,0.22,0.11,0.2725
10.4,4,8,10,5,2,0.13,0.29,0.27875
-1.4,4,10,10,5,2,0.44,0.27,0.28375
8.1,5,12,10,5,2,0.39,0.31,0.28291666666666665
11.7,3,14,10,5,2,0.29,0.22,0.2883333333333334
7.4,5,18,10,5,2,0.35,0.29,0.28500000000000003
12.6,5,18,10,5,2,0.21,0.29,0.28875
19.8,1,18,10,5,2,0.38,0.32,0.28750000000000003
1.9,2,18,10,5,2,0.29,0.23,0.28875
25.9,5,20,10,5,2,0.26,0.14,0.29958333333333337
33.4,4,20,10,5,2,0.4,0.1,0.3095833333333334
12.0,1,21,10,5,2,0.34,0.24,0.3045833333333334
33.1,1,21,10,5,2,0.12,0.3,0.30250000000000005
26.8,2,22,10,5,2,0.25,0.28,0.30916666666666665
8.9,3,23,10,5,2,0.44,0.18,0.3066666666666667
28.8,4,23,10,5,2,0.12,0.39,0.30541666666666667
-5.3,4,0,11,5,3,0.36,0.2,0.31583333333333335
9.4,5,0,11,5,3,0.45,0.36,0.3129166666666667
13.1,1,2,11,5,3,0.29,0.24,0.30833333333333335
-3.7,1,2,11,5,3,0.13,0.46,0.3016666666666667
1.2,5,3,11,5,3,0.3,0.23,0.29708333333333337
39.5,5,6,11,5,3,0.12,0.4,0.29583333333333334
30.0,2,7,11,5,3,0.37,0.45,0.285
2.7,3,7,11,5,3,0.19,0.22,0.285
31.7,4,8,11,5,3,0.22,0.13,0.2991666666666667
9.2,5,8,11,5,3,0.47,0.44,0.29125
-0.3,2,8,11,5,3,0.25,0.39,0.2816666666666667
33.0,5,9,11,5,3,0.16,0.29,0.29
-0.3,2,10,11,5,3,0.49,0.35,0.28541666666666665
37.9,3,11,11,5,3,0.24,0.21,0.2833333333333333
-2.8,2,11,11,5,3,0.16,0.38,0.2791666666666667
33.2,3,12,11,5,3,0.28,0.29,0.28125
33.5,4,13,11,5,3,0.34,0.26,0.2808333333333333
20.1,4,13,11,5,3,0.25,0.4,0.26916666666666667
7.5,3,20,11,5,3,0.12,0.34,0.2708333333333333
25.0,1,20,11,5,3,0.38,0.12,0.28375
13.2,1,22,11,5,3,0.43,0.25,0.2808333333333333
14.6,3,0,12,5,4,0.18,0.44,0.27125
15.1,4,0,12,5,4,0.21,0.12,0.27125
2.2,1,0,12,5,4,0.12,0.36,0.27125
5.2,5,2,12,5,4,0.36,0.45,0.26166666666666666
27.5,4,2,12,5,4,0.22,0.29,0.255
16.3,1,3,12,5,4,0.13,0.13,0.2683333333333333
-3.5,2,4,12,5,4,0.45,0.3,0.27541666666666664
25.1,5,5,12,5,4,0.47,0.12,0.28541666666666665
28.4,4,10,12,5,4,0.36,0.37,0.2754166666666667
-0.8,5,10,12,5,4,0.13,0.19,0.27291666666666664
33.0,3,10,12,5,4,0.13,0.22,0.27166666666666667
15.4,1,11,12,5,4,0.19,0.47,0.26125
29.5,5,12,12,5,4,0.22,0.25,0.25833333333333336
39.2,1,12,12,5,4,0.18,0.16,0.27125000000000005
18.9,2,13,12,5,4,0.47,0.49,0.25958333333333333
39.1,3,14,12,5,4,0.21,0.24,0.26416666666666666
18.8,4,15,12,5,4,0.35,0.16,0.2708333333333333
6.0,5,15,12,5,4,0.32,0.28,0.27625
30.7,4,16,12,5,4,0.41,0.34,0.2675
38.4,1,17,12,5,4,0.13,0.25,0.2633333333333333
0.7,3,18,12,5,4,0.15,0.12,0.27041666666666664
-9.3,3,19,12,5,4,0.29,0.38,0.26458333333333334
14.0,3,20,12,5,4,0.24,0.43,0.25125000000000003
2.5,5,20,12,5,4,0.11,0.18,0.2541666666666667
-4.6,5,21,12,5,4,0.25,0.21,0.25166666666666665
5.5,4,22,12,5,4,0.15,0.12,0.2529166666666667
23.2,3,23,12,5,4,0.15,0.36,0.24375
-5.6,2,23,12,5,4,0.14,0.22,0.25375
-3.7,5,0,13,5,5,0.46,0.13,0.26791666666666664
36.4,4,1,13,5,5,0.47,0.45,0.2654166666666667
-3.3,1,2,13,5,5,0.39,0.47,0.26333333333333336
33.8,4,2,13,5,5,0.42,0.36,0.2554166666666667
15.0,4,2,13,5,5,0.17,0.13,0.25833333333333336
11.2,1,2,13,5,5,0.2,0.13,0.2575
0.1,5,5,13,5,5,0.11,0.19,0.26
-6.4,4,6,13,5,5,0.25,0.22,0.25875
4.7,2,6,13,5,5,0.19,0.18,0.2575
-7.5,3,6,13,5,5,0.15,0.47,0.24291666666666667
4.1,2,9,13,5,5,0.12,0.21,0.24166666666666667
-3.0,5,9,13,5,5,0.18,0.35,0.23458333333333334
26.6,1,10,13,5,5,0.18,0.32,0.23041666666666663
6.8,4,10,13,5,5,0.22,0.41,0.22499999999999998
17.1,4,10,13,5,5,0.28,0.13,0.2333333333333333
16.2,3,11,13,5,5,0.33,0.15,0.24000000000000002
32.0,1,12,13,5,5,0.31,0.29,0.23458333333333334
37.5,5,12,13,5,5,0.16,0.24,0.24333333333333332
1.1,4,13,13,5,5,0.45,0.11,0.2504166666666667
21.7,2,13,13,5,5,0.28,0.25,0.24458333333333335
15.7,3,13,13,5,5,0.11,0.15,0.24750000000000003
18.8,2,14,13,5,5,0.22,0.15,0.25666666666666665
26.8,3,15,13,5,5,0.37,0.14,0.26125000000000004
13.3,3,15,13,5,5,0.25,0.46,0.255
8.0,1,15,13,5,5,0.31,0.47,0.25333333333333335
1.0,4,16,13,5,5,0.43,0.39,0.24750000000000003
13.4,3,16,13,5,5,0.25,0.42,0.25
28.0,3,17,13,5,5,0.48,0.17,0.26166666666666666
20.5,2,17,13,5,5,0.45,0.2,0.26791666666666664
36.1,2,18,13,5,5,0.35,0.11,0.26958333333333334
33.6,3,18,13,5,5,0.15,0.25,0.2704166666666667
-0.1,2,19,13,5,5,0.27,0.19,0.28250000000000003
-4.4,4,19,13,5,5,0.48,0.15,0.29541666666666666
22.3,5,20,13,5,5,0.46,0.12,0.29791666666666666
32.4,5,20,13,5,5,0.18,0.18,0.29958333333333337
5.5,4,20,13,5,5,0.22,0.18,0.2991666666666667
-4.9,5,23,13,5,5,0.17,0.22,0.2966666666666667
-3.2,2,2,14,5,6,0.16,0.28,0.29333333333333333
-0.7,1,2,14,5,6,0.2,0.33,0.29458333333333336
-6.6,1,2,14,5,6,0.36,0.31,0.29541666666666666
-3.3,2,3,14,5,6,0.33,0.16,0.3004166666666667
4.0,2,3,14,5,6,0.28,0.45,0.3
30.6,3,5,14,5,6,0.44,0.28,0.29375
31.2,5,8,14,5,6,0.13,0.11,0.30166666666666664
2.9,3,9,14,5,6,0.3,0.22,0.29916666666666664
15.1,5,9,14,5,6,0.16,0.37,0.2920833333333333
9.1,3,12,14,5,6,0.2,0.25,0.28583333333333333
12.0,3,12,14,5,6,0.1,0.31,0.29333333333333333
22.6,3,14,14,5,6,0.49,0.43,0.28875
-6.2,5,14,14,5,6,0.32,0.25,0.2916666666666667
26.9,4,15,14,5,6,0.32,0.48,0.2775
37.8,3,15,14,5,6,0.14,0.45,0.27166666666666667
-3.6,5,16,14,5,6,0.31,0.35,0.27666666666666667
26.1,2,17,14,5,6,0.47,0.15,0.2833333333333333
19.8,2,17,14,5,6,0.31,0.27,0.2866666666666667
-3.3,5,19,14,5,6,0.35,0.48,0.2758333333333333
34.3,5,19,14,5,6,0.22,0.46,0.2675
7.3,3,19,14,5,6,0.26,0.18,0.28
21.4,3,21,14,5,6,0.48,0.22,0.27791666666666665
26.6,1,21,14,5,6,0.17,0.17,0.2820833333333333
16.1,1,22,14,5,6,0.27,0.16,0.2866666666666667
28.5,1,23,14,5,6,0.27,0.2,0.28458333333333335
22.8,5,0,15,5,0,0.15,0.36,0.28625
26.4,3,4,15,5,0,0.4,0.33,0.28250000000000003
3.3,5,4,15,5,0,0.24,0.28,0.27541666666666664
6.8,3,4,15,5,0,0.11,0.44,0.26833333333333337
30.9,2,7,15,5,0,0.27,0.13,0.26833333333333337
-4.6,1,8,15,5,0,0.13,0.3,0.26583333333333337
6.3,5,9,15,5,0,0.24,0.16,0.2658333333333333
-8.3,3,12,15,5,0,0.16,0.2,0.27166666666666667
-5.2,4,14,15,5,0,0.34,0.1,0.27291666666666664
-9.2,2,15,15,5,0,0.13,0.49,0.25666666666666665
23.8,5,15,15,5,0,0.1,0.32,0.2608333333333333
34.7,4,16,15,5,0,0.42,0.32,0.25708333333333333
4.4,5,16,15,5,0,0.23,0.14,0.2704166666666667
5.5,4,16,15,5,0,0.46,0.31,0.26583333333333337
34.7,3,17,15,5,0,0.2,0.47,0.2508333333333333
12.2,2,18,15,5,0,0.11,0.31,0.25666666666666665
-2.4,2,18,15,5,0,0.45,0.35,0.25833333333333336
21.0,3,20,15,5,0,0.39,0.22,0.2625
20.1,2,20,15,5,0,0.32,0.26,0.2608333333333333
6.9,4,20,15,5,0,0.22,0.48,0.24749999999999997
22.8,4,22,15,5,0,0.16,0.17,0.24625
16.5,5,23,15,5,0,0.14,0.27,0.24666666666666667
24.2,1,0,16,5,1,0.28,0.27,0.24
9.7,5,1,16,5,1,0.11,0.15,0.2404166666666667
27.2,3,1,16,5,1,0.16,0.4,0.23
11.8,2,3,16,5,1,0.15,0.24,0.22499999999999998
22.4,1,3,16,5,1,0.12,0.11,0.22666666666666668
22.1,1,4,16,5,1,0.15,0.27,0.23166666666666666
0.9,1,6,16,5,1,0.39,0.13,0.23291666666666666
9.6,1,8,16,5,1,0.16,0.24,0.2275
10.0,5,9,16,5,1,0.11,0.16,0.22958333333333336
29.7,2,9,16,5,1,0.21,0.34,0.2275
16.4,4,10,16,5,1,0.29,0.13,0.2370833333333333
38.3,2,10,16,5,1,0.36,0.1,0.25375
39.2,5,11,16,5,1,0.5,0.42,0.2404166666666667
3.2,4,12,16,5,1,0.1,0.23,0.23750000000000002
33.5,2,13,16,5,1,0.16,0.46,0.22999999999999998
19.3,4,13,16,5,1,0.28,0.2,0.235
32.6,2,13,16,5,1,0.32,0.11,0.23833333333333337
21.2,1,15,16,5,1,0.19,0.45,0.22416666666666665
11.3,5,15,16,5,1,0.11,0.39,0.22333333333333336
16.8,1,16,16,5,1,0.37,0.32,0.22
14.3,3,16,16,5,1,0.24,0.22,0.22791666666666668
15.3,5,16,16,5,1,0.41,0.16,0.22875
-7.7,5,17,16,5,1,0.18,0.14,0.23625
32.6,2,17,16,5,1,0.32,0.28,0.23458333333333337
39.5,4,17,16,5,1,0.24,0.11,0.2383333333333333
4.5,3,17,16,5,1,0.2,0.16,0.23791666666666667
-5.4,5,18,16,5,1,0.15,0.15,0.2370833333333333
38.8,1,20,16,5,1,0.13,0.12,0.23750000000000002
5.7,3,21,16,5,1,0.13,0.15,0.24375
21.3,2,21,16,5,1,0.3,0.39,0.23583333333333334
25.7,3,21,16,5,1,0.2,0.16,0.24083333333333334
7.7,4,22,16,5,1,0.28,0.11,0.24625
20.4,4,0,17,5,2,0.24,0.21,0.24833333333333332
22.1,4,1,17,5,2,0.26,0.29,0.24041666666666664
-2.5,3,2,17,5,2,0.1,0.36,0.23125000000000004
-6.0,4,3,17,5,2,0.14,0.5,0.2241666666666667
-7.7,1,4,17,5,2,0.33,0.1,0.2283333333333333
22.8,2,4,17,5,2,0.2,0.16,0.22916666666666666
16.6,5,5,17,5,2,0.18,0.28,0.22291666666666668
-0.3,3,5,17,5,2,0.13,0.32,0.21916666666666665
20.1,5,8,17,5,2,0.23,0.19,0.22375
10.1,1,11,17,5,2,0.3,0.11,0.23500000000000001
18.5,3,11,17,5,2,0.38,0.37,0.22708333333333333
26.2,5,12,17,5,2,0.18,0.24,0.23375
33.1,3,13,17,5,2,0.4,0.41,0.23374999999999999
23.6,3,15,17,5,2,0.41,0.18,0.24583333333333335
36.8,2,15,17,5,2,0.47,0.32,0.24749999999999997
10.7,1,16,17,5,2,0.36,0.24,0.24583333333333332
-2.7,1,17,17,5,2,0.2,0.2,0.24666666666666667
11.7,3,17,17,5,2,0.22,0.15,0.24875
15.1,3,18,17,5,2,0.2,0.13,0.25375
1.0,4,19,17,5,2,0.25,0.13,0.2658333333333333
17.2,5,20,17,5,2,0.42,0.3,0.2725
-9.5,3,21,17,5,2,0.46,0.2,0.27458333333333335
-6.4,3,22,17,5,2,0.25,0.28,0.26958333333333334
-9.4,1,22,17,5,2,0.16,0.24,0.2775
21.9,5,0,18,5,3,0.43,0.26,0.28458333333333335
37.5,3,1,18,5,3,0.43,0.1,0.2991666666666667
27.5,2,1,18,5,3,0.45,0.14,0.29791666666666666
39.5,5,2,18,5,3,0.11,0.33,0.29666666666666663
13.7,4,3,18,5,3,0.3,0.2,0.3020833333333333
1.0,1,4,18,5,3,0.33,0.18,0.3154166666666666
12.9,3,6,18,5,3,0.5,0.13,0.3175
19.8,2,6,18,5,3,0.18,0.23,0.31333333333333335
-4.6,2,7,18,5,3,0.13,0.3,0.31625
7.6,1,7,18,5,3,0.37,0.38,0.31749999999999995
38.8,3,9,18,5,3,0.41,0.18,0.325
4.0,4,9,18,5,3,0.36,0.4,0.31749999999999995
22.6,3,10,18,5,3,0.22,0.41,0.31958333333333333
19.9,1,10,18,5,3,0.46,0.47,0.31708333333333333
22.1,1,12,18,5,3,0.41,0.36,0.3145833333333334
27.7,2,12,18,5,3,0.3,0.2,0.32458333333333333
27.9,1,13,18,5,3,0.44,0.22,0.32916666666666666
14.6,5,13,18,5,3,0.33,0.2,0.32625
-4.9,1,15,18,5,3,0.13,0.25,0.33375
24.4,5,18,18,5,3,0.43,0.42,0.32458333333333333
13.3,5,18,18,5,3,0.2,0.46,0.31625
16.6,2,18,18,5,3,0.26,0.25,0.3175
1.9,4,18,18,5,3,0.28,0.16,0.33083333333333337
2.2,5,19,18,5,3,0.48,0.43,0.33375
-4.2,2,19,18,5,3,0.5,0.43,0.32875
-0.1,5,20,18,5,3,0.31,0.45,0.32875
19.9,2,21,18,5,3,0.45,0.11,0.33916666666666667
22.3,1,21,18,5,3,0.36,0.3,0.3329166666666667
38.4,5,23,18,5,3,0.15,0.33,0.32916666666666666
-8.8,3,1,19,5,4,0.24,0.5,0.3279166666666667
3.2,1,3,19,5,4,0.47,0.18,0.34
33.0,1,4,19,5,4,0.47,0.13,0.3529166666666667
6.2,4,6,19,5,4,0.44,0.37,0.3420833333333333
18.6,1,7,19,5,4,0.11,0.41,0.3383333333333333
31.6,4,8,19,5,4,0.32,0.36,0.33625
33.9,1,9,19,5,4,0.31,0.22,0.33708333333333335
33.0,3,10,19,5,4,0.24,0.46,0.33708333333333335
16.2,1,11,19,5,4,0.46,0.41,0.33708333333333335
-0.1,5,12,19,5,4,0.41,0.3,0.3433333333333333
23.4,4,12,19,5,4,0.45,0.44,0.3416666666666666
11.7,2,12,19,5,4,0.4,0.33,0.33416666666666667
34.5,5,13,19,5,4,0.15,0.13,0.3358333333333334
-1.5,3,14,19,5,4,0.17,0.43,0.335
-0.3,1,14,19,5,4,0.41,0.2,0.33375
18.5,4,14,19,5,4,0.17,0.26,0.3275
-6.7,4,15,19,5,4,0.11,0.28,0.3225
-9.1,5,15,19,5,4,0.16,0.48,0.31916666666666665
19.4,2,16,19,5,4,0.4,0.5,0.31375
18.1,5,17,19,5,4,0.37,0.31,0.3204166666666667
-2.2,5,18,19,5,4,0.47,0.45,0.30833333333333335
4.6,1,18,19,5,4,0.16,0.36,0.30291666666666667
22.4,5,19,19,5,4,0.23,0.15,0.3154166666666667
9.6,1,19,19,5,4,0.45,0.24,0.31583333333333335
15.5,2,20,19,5,4,0.25,0.47,0.3020833333333333
22.5,2,22,19,5,4,0.14,0.47,0.2975
20.4,5,22,19,5,4,0.36,0.44,0.28958333333333336
21.9,5,22,19,5,4,0.25,0.11,0.3
28.7,4,0,20,5,5,0.36,0.32,0.29708333333333337
32.5,4,2,20,5,5,0.25,0.31,0.295
25.9,1,2,20,5,5,0.26,0.24,0.29791666666666666
7.3,4,2,20,5,5,0.31,0.46,0.29583333333333334
0.0,2,3,20,5,5,0.41,0.41,0.2954166666666667
27.5,3,7,20,5,5,0.4,0.45,0.2966666666666667
-2.5,2,8,20,5,5,0.48,0.4,0.2970833333333333
26.0,2,8,20,5,5,0.41,0.15,0.305
-8.8,1,8,20,5,5,0.34,0.17,0.3033333333333333
35.5,4,8,20,5,5,0.13,0.41,0.29791666666666666
37.9,3,9,20,5,5,0.28,0.17,0.29791666666666666
-2.4,3,9,20,5,5,0.17,0.11,0.29791666666666666
23.4,3,10,20,5,5,0.11,0.16,0.29791666666666666
9.5,4,12,20,5,5,0.16,0.4,0.29
12.8,4,13,20,5,5,0.21,0.37,0.2816666666666667
25.0,5,13,20,5,5,0.17,0.47,0.2791666666666666
30.3,1,15,20,5,5,0.41,0.16,0.28041666666666665
-8.4,5,17,20,5,5,0.19,0.23,0.27791666666666665
12.9,2,18,20,5,5,0.17,0.45,0.27958333333333335
32.1,1,19,20,5,5,0.49,0.25,0.2816666666666667
18.4,3,20,20,5,5,0.3,0.14,0.29
30.1,2,21,20,5,5,0.34,0.36,0.28291666666666665
-1.2,2,21,20,5,5,0.19,0.25,0.2866666666666667
-9.7,1,22,20,5,5,0.34,0.36,0.27875
26.3,2,22,20,5,5,0.17,0.25,0.28583333333333333
-4.5,1,23,20,5,5,0.42,0.26,0.28875
10.5,3,2,21,5,6,0.33,0.31,0.2941666666666667
11.8,1,2,21,5,6,0.44,0.41,0.2925
12.9,3,4,21,5,6,0.37,0.4,0.2866666666666667
28.9,2,4,21,5,6,0.26,0.48,0.2854166666666667
27.4,1,5,21,5,6,0.45,0.41,0.2833333333333333
10.6,5,5,21,5,6,0.36,0.34,0.28708333333333336
-2.9,1,5,21,5,6,0.43,0.13,0.28625
-3.7,1,5,21,5,6,0.11,0.28,0.28125
9.1,2,6,21,5,6,0.16,0.17,0.27875
-7.2,4,7,21,5,6,0.11,0.11,0.2891666666666666
19.8,3,7,21,5,6,0.36,0.16,0.29666666666666663
1.4,2,9,21,5,6,0.34,0.21,0.3075
29.4,4,11,21,5,6,0.47,0.17,0.30583333333333335
-2.8,4,12,21,5,6,0.13,0.41,0.30624999999999997
-3.2,1,12,21,5,6,0.42,0.19,0.3154166666666667
18.1,5,12,21,5,6,0.41,0.17,0.31416666666666665
-8.0,3,13,21,5,6,0.14,0.49,0.305
11.8,4,14,21,5,6,0.27,0.3,0.30041666666666667
0.7,2,15,21,5,6,0.19,0.34,0.29458333333333336
-9.6,2,16,21,5,6,0.2,0.19,0.29916666666666664
7.2,2,19,21,5,6,0.3,0.34,0.2975
28.1,3,19,21,5,6,0.3,0.17,0.30791666666666667
30.2,4,19,21,5,6,0.42,0.42,0.29875
-1.8,2,19,21,5,6,0.2,0.33,0.305
19.1,2,20,21,5,6,0.48,0.44,0.2916666666666667
13.5,3,20,21,5,6,0.12,0.37,0.29250000000000004
24.7,3,21,21,5,6,0.39,0.26,0.30124999999999996
26.1,5,21,21,5,6,0.47,0.45,0.29083333333333333
0.7,1,21,21,5,6,0.2,0.36,0.2833333333333333
36.5,2,23,21,5,6,0.18,0.43,0.2733333333333333
16.2,3,23,21,5,6,0.19,0.11,0.27958333333333335
32.4,1,23,21,5,6,0.26,0.16,0.27875
37.6,2,1,22,5,0,0.14,0.11,0.29041666666666666
4.2,5,1,22,5,0,0.39,0.36,0.28625
29.5,5,2,22,5,0,0.26,0.34,0.29125
1.7,3,3,22,5,0,0.46,0.47,0.28791666666666665
36.1,4,5,22,5,0,0.39,0.13,0.2925
38.5,4,7,22,5,0,0.24,0.42,0.28833333333333333
25.2,4,7,22,5,0,0.32,0.41,0.27958333333333335
15.3,3,7,22,5,0,0.2,0.14,0.28791666666666665
15.5,3,8,22,5,0,0.34,0.27,0.2891666666666666
6.3,1,8,22,5,0,0.3,0.19,0.29750000000000004
7.2,5,9,22,5,0,0.39,0.2,0.30416666666666664
10.3,2,9,22,5,0,0.36,0.3,0.3025
4.6,3,10,22,5,0,0.26,0.3,0.29875
1.1,5,11,22,5,0,0.21,0.42,0.29750000000000004
24.3,3,13,22,5,0,0.39,0.2,0.29541666666666666
29.0,1,14,22,5,0,0.15,0.48,0.28625
9.5,5,14,22,5,0,0.26,0.12,0.29333333333333333
22.8,2,15,22,5,0,0.29,0.39,0.2841666666666667
22.2,1,16,22,5,0,0.17,0.47,0.27375
16.5,3,17,22,5,0,0.22,0.2,0.28250000000000003
2.6,3,20,22,5,0,0.41,0.18,0.28125
16.5,1,21,22,5,0,0.15,0.19,0.28875
7.0,1,21,22,5,0,0.37,0.26,0.2854166666666667
34.4,2,21,22,5,0,0.18,0.14,0.29708333333333337
8.3,3,21,22,5,0,0.42,0.39,0.2920833333333333
21.0,2,0,23,5,1,0.27,0.26,0.2916666666666667
31.6,4,0,23,5,1,0.25,0.46,0.2854166666666667
-1.4,2,0,23,5,1,0.31,0.39,0.28791666666666665
18.0,3,1,23,5,1,0.45,0.24,0.28708333333333336
22.8,1,1,23,5,1,0.22,0.32,0.29250000000000004
-3.8,4,4,23,5,1,0.45,0.2,0.29041666666666666
39.4,2,5,23,5,1,0.15,0.34,0.2866666666666667
11.3,4,5,23,5,1,0.25,0.3,0.28291666666666665
33.3,1,7,23,5,1,0.21,0.39,0.2791666666666666
-4.9,3,7,23,5,1,0.3,0.36,0.2775
0.0,4,10,23,5,1,0.32,0.26,0.27125000000000005
28.0,4,12,23,5,1,0.11,0.21,0.27875
21.2,1,13,23,5,1,0.39,0.39,0.28125
33.1,1,16,23,5,1,0.45,0.15,0.28
24.7,3,17,23,5,1,0.12,0.26,0.2820833333333333
30.2,3,23,23,5,1,0.31,0.29,0.27791666666666665
0.5,4,0,24,5,2,0.19,0.17,0.2791666666666667
39.2,4,1,24,5,2,0.2,0.22,0.2816666666666667
11.4,2,2,24,5,2,0.28,0.41,0.2820833333333333
27.2,5,2,24,5,2,0.42,0.15,0.29458333333333336
26.7,4,3,24,5,2,0.45,0.37,0.29083333333333333
-1.5,2,3,24,5,2,0.28,0.18,0.29041666666666666
-3.9,4,4,24,5,2,0.17,0.42,0.2820833333333333
-2.6,3,5,24,5,2,0.22,0.27,0.2904166666666667
36.5,1,7,24,5,2,0.47,0.25,0.29958333333333337
20.0,4,8,24,5,2,0.47,0.31,0.29916666666666664
1.9,4,9,24,5,2,0.3,0.45,0.29375
28.5,3,11,24,5,2,0.32,0.22,0.29375
30.5,5,12,24,5,2,0.22,0.45,0.2866666666666667
24.6,2,12,24,5,2,0.28,0.15,0.28625
-3.0,2,13,24,5,2,0.14,0.25,0.28958333333333336
21.0,3,15,24,5,2,0.33,0.21,0.295
7.0,4,15,24,5,2,0.34,0.3,0.2875
38.6,5,15,24,5,2,0.12,0.32,0.29125
37.3,5,16,24,5,2,0.41,0.11,0.29458333333333336
35.7,2,16,24,5,2,0.19,0.39,0.28625
1.2,4,17,24,5,2,0.19,0.45,0.2791666666666667
9.5,2,19,24,5,2,0.28,0.12,0.2816666666666667
-4.8,5,19,24,5,2,0.18,0.31,0.2758333333333333
2.9,3,22,24,5,2,0.17,0.19,0.28833333333333333
37.0,2,23,24,5,2,0.49,0.2,0.29125
35.4,1,0,25,5,3,0.27,0.28,0.29250000000000004
25.4,3,1,25,5,3,0.31,0.42,0.28791666666666665
36.4,5,4,25,5,3,0.31,0.45,0.2779166666666667
24.9,3,6,25,5,3,0.21,0.28,0.285
-6.1,1,7,25,5,3,0.45,0.17,0.29208333333333336
-7.2,4,7,25,5,3,0.34,0.22,0.2891666666666667
36.1,3,9,25,5,3,0.15,0.47,0.28291666666666665
9.0,1,9,25,5,3,0.32,0.47,0.275
38.3,4,9,25,5,3,0.28,0.3,0.2804166666666667
35.3,2,11,25,5,3,0.43,0.32,0.2833333333333333
38.7,1,11,25,5,3,0.39,0.22,0.28375
36.9,1,12,25,5,3,0.23,0.28,0.28583333333333333
35.4,5,12,25,5,3,0.33,0.14,0.29458333333333336
7.3,5,13,25,5,3,0.35,0.33,0.30083333333333334
27.6,5,14,25,5,3,0.48,0.34,0.29375
5.0,3,14,25,5,3,0.17,0.12,0.29291666666666666
37.9,1,14,25,5,3,0.1,0.41,0.29291666666666666
5.8,3,15,25,5,3,0.41,0.19,0.29875
11.9,2,15,25,5,3,0.33,0.19,0.30333333333333334
18.0,2,16,25,5,3,0.3,0.28,0.3116666666666667
38.9,4,16,25,5,3,0.48,0.18,0.3229166666666667
38.9,5,17,25,5,3,0.45,0.17,0.3354166666666667
-9.5,2,19,25,5,3,0.47,0.49,0.33083333333333337
12.9,1,22,25,5,3,0.38,0.27,0.33874999999999994
17.0,3,22,25,5,3,0.46,0.31,0.34625
-1.0,5,23,25,5,3,0.49,0.31,0.3433333333333333
6.6,4,23,25,5,3,0.24,0.21,0.34875000000000006
10.7,3,23,25,5,3,0.34,0.45,0.33916666666666667
17.1,5,0,26,5,4,0.22,0.34,0.32916666666666666
-0.3,3,1,26,5,4,0.1,0.15,0.32958333333333334
-3.3,1,2,26,5,4,0.16,0.32,0.3233333333333333
-4.9,3,2,26,5,4,0.17,0.28,0.32249999999999995
27.2,3,4,26,5,4,0.26,0.43,0.32416666666666666
9.4,1,6,26,5,4,0.47,0.39,0.32625
4.3,4,6,26,5,4,0.44,0.23,0.33125
18.8,5,7,26,5,4,0.35,0.33,0.33291666666666664
-8.2,5,7,26,5,4,0.37,0.35,0.32625
23.7,2,7,26,5,4,0.19,0.48,0.3125
33.3,4,7,26,5,4,0.15,0.17,0.32125
-2.5,4,7,26,5,4,0.38,0.1,0.32375000000000004
1.0,2,7,26,5,4,0.16,0.41,0.3204166666666666
38.7,2,8,26,5,4,0.33,0.33,0.32
-5.6,4,9,26,5,4,0.32,0.3,0.3175
10.2,5,9,26,5,4,0.24,0.48,0.31666666666666665
-6.8,3,10,26,5,4,0.46,0.45,0.31083333333333335
27.1,5,13,26,5,4,0.31,0.47,0.3070833333333333
31.5,1,14,26,5,4,0.38,0.38,0.30916666666666665
39.3,2,14,26,5,4,0.43,0.46,0.3070833333333333
39.1,1,15,26,5,4,0.41,0.49,0.2975
9.3,4,19,26,5,4,0.26,0.24,0.29208333333333336
34.0,3,19,26,5,4,0.11,0.34,0.2833333333333333
-0.7,1,19,26,5,4,0.13,0.22,0.285
30.9,1,19,26,5,4,0.26,0.1,0.29
37.3,1,20,26,5,4,0.22,0.16,0.29291666666666666
38.5,5,20,26,5,4,0.23,0.17,0.2916666666666667
2.5,2,21,26,5,4,0.14,0.26,0.29291666666666666
27.3,5,21,26,5,4,0.29,0.47,0.29416666666666663
15.7,1,22,26,5,4,0.5,0.44,0.28750000000000003
39.1,4,22,26,5,4,0.28,0.35,0.2933333333333333
37.3,2,22,26,5,4,0.49,0.37,0.29708333333333337
11.9,4,1,27,5,5,0.46,0.19,0.30791666666666667
-9.0,4,1,27,5,5,0.45,0.15,0.31625
32.1,2,1,27,5,5,0.35,0.38,0.3133333333333333
31.9,3,2,27,5,5,0.31,0.16,0.31083333333333335
-1.3,4,3,27,5,5,0.1,0.33,0.31333333333333335
33.5,2,4,27,5,5,0.39,0.32,0.315
-0.5,2,4,27,5,5,0.36,0.24,0.31708333333333333
-0.7,5,5,27,5,5,0.29,0.46,0.3133333333333333
30.4,2,6,27,5,5,0.37,0.31,0.31583333333333335
31.2,4,7,27,5,5,0.37,0.38,0.3070833333333333
2.4,4,7,27,5,5,0.17,0.43,0.29875
3.1,2,8,27,5,5,0.23,0.41,0.28833333333333333
-9.3,2,8,27,5,5,0.16,0.26,0.28625
-1.9,1,9,27,5,5,0.21,0.11,0.29
25.9,4,9,27,5,5,0.2,0.13,0.2975
32.2,4,10,27,5,5,0.31,0.26,0.295
21.2,1,11,27,5,5,0.2,0.22,0.29541666666666666
27.0,4,13,27,5,5,0.23,0.23,0.3020833333333333
-8.8,1,13,27,5,5,0.39,0.14,0.31666666666666665
3.8,2,16,27,5,5,0.49,0.29,0.3229166666666667
22.8,3,17,27,5,5,0.44,0.5,0.31
20.8,2,18,27,5,5,0.19,0.28,0.31666666666666665
38.5,1,18,27,5,5,0.44,0.49,0.30291666666666667
3.0,3,20,27,5,5,0.16,0.46,0.2920833333333333
0.9,5,20,27,5,5,0.2,0.45,0.29000000000000004
33.4,3,21,27,5,5,0.4,0.35,0.29541666666666666
0.7,4,1,28,5,6,0.48,0.31,0.30291666666666667
30.1,5,2,28,5,6,0.49,0.1,0.3095833333333333
-3.5,3,2,28,5,6,0.26,0.39,0.30541666666666667
21.6,5,2,28,5,6,0.29,0.36,0.31
9.6,2,3,28,5,6,0.47,0.29,0.3183333333333333
19.7,4,3,28,5,6,0.49,0.37,0.3195833333333334
39.5,4,4,28,5,6,0.4,0.37,0.31416666666666665
-8.9,1,5,28,5,6,0.24,0.17,0.3116666666666667
24.4,1,5,28,5,6,0.11,0.23,0.3179166666666667
17.1,4,5,28,5,6,0.38,0.16,0.31666666666666665
0.2,2,7,28,5,6,0.13,0.21,0.3229166666666667
25.6,2,7,28,5,6,0.36,0.2,0.32791666666666663
2.3,3,7,28,5,6,0.32,0.31,0.3345833333333333
24.5,5,9,28,5,6,0.47,0.2,0.3358333333333334
31.7,5,10,28,5,6,0.23,0.23,0.3429166666666667
22.3,5,11,28,5,6,0.4,0.39,0.34708333333333335
12.6,3,11,28,5,6,0.49,0.49,0.34624999999999995
7.9,2,11,28,5,6,0.47,0.44,0.33375
26.0,2,12,28,5,6,0.14,0.19,0.33708333333333335
38.4,5,12,28,5,6,0.27,0.44,0.3333333333333333
-6.1,3,13,28,5,6,0.35,0.16,0.345
1.3,3,15,28,5,6,0.44,0.2,0.35375
12.4,3,15,28,5,6,0.41,0.4,0.35208333333333336
35.0,1,16,28,5,6,0.36,0.48,0.33791666666666664
12.6,3,16,28,5,6,0.14,0.49,0.32749999999999996
-7.3,2,16,28,5,6,0.24,0.26,0.3333333333333333
-6.5,4,19,28,5,6,0.4,0.29,0.3420833333333333
1.4,1,19,28,5,6,0.5,0.47,0.32875
14.2,3,21,28,5,6,0.15,0.49,0.325
-9.4,2,21,28,5,6,0.4,0.4,0.32916666666666666
12.1,2,23,28,5,6,0.5,0.24,0.32416666666666666
32.2,1,1,29,5,0,0.12,0.11,0.33958333333333335
39.5,3,2,29,5,0,0.48,0.38,0.34
25.7,4,3,29,5,0,0.39,0.13,0.3391666666666666
2.9,2,4,29,5,0,0.11,0.36,0.3420833333333333
32.7,2,4,29,5,0,0.43,0.32,0.3429166666666667
0.5,1,5,29,5,0,0.34,0.47,0.33541666666666664
22.2,4,5,29,5,0,0.29,0.23,0.3333333333333333
23.0,4,7,29,5,0,0.18,0.4,0.32583333333333336
4.4,5,9,29,5,0,0.22,0.49,0.31083333333333335
7.9,5,9,29,5,0,0.13,0.47,0.3
27.6,2,10,29,5,0,0.21,0.14,0.30875
0.7,2,11,29,5,0,0.35,0.27,0.315
15.0,2,11,29,5,0,0.42,0.35,0.31583333333333335
17.6,1,12,29,5,0,0.37,0.44,0.3025
-2.4,3,12,29,5,0,0.12,0.41,0.29541666666666666
13.8,1,13,29,5,0,0.24,0.36,0.29958333333333337
32.7,3,14,29,5,0,0.46,0.14,0.2991666666666667
33.7,1,16,29,5,0,0.13,0.24,0.30125
16.4,1,17,29,5,0,0.29,0.4,0.295
2.0,2,18,29,5,0,0.25,0.5,0.28041666666666665
35.6,2,22,29,5,0,0.15,0.15,0.29000000000000004
-4.4,3,22,29,5,0,0.38,0.4,0.2841666666666667
5.9,4,22,29,5,0,0.26,0.5,0.28208333333333335
17.7,4,22,29,5,0,0.45,0.12,0.29291666666666666
30.7,1,23,29,5,0,0.38,0.48,0.2816666666666667
16.8,1,2,30,5,1,0.21,0.39,0.28625
23.9,1,2,30,5,1,0.5,0.11,0.2995833333333333
16.2,1,3,30,5,1,0.43,0.43,0.29624999999999996
20.9,4,4,30,5,1,0.35,0.34,0.2975
-4.9,5,4,30,5,1,0.37,0.29,0.29125
14.6,5,4,30,5,1,0.14,0.18,0.2904166666666667
21.6,1,6,30,5,1,0.16,0.22,0.3
21.2,3,7,30,5,1,0.45,0.13,0.30666666666666664
0.3,2,8,30,5,1,0.29,0.21,0.3045833333333333
29.9,3,9,30,5,1,0.16,0.35,0.3066666666666667
1.8,3,10,30,5,1,0.4,0.42,0.29791666666666666
2.4,4,10,30,5,1,0.21,0.37,0.30083333333333334
14.3,3,10,30,5,1,0.44,0.12,0.3095833333333333
-5.7,1,10,30,5,1,0.33,0.24,0.3045833333333333
2.8,1,10,30,5,1,0.12,0.46,0.2966666666666667
24.0,3,11,30,5,1,0.27,0.13,0.29916666666666664
17.0,1,12,30,5,1,0.19,0.29,0.3075
15.2,3,13,30,5,1,0.49,0.25,0.30791666666666667
16.2,5,14,30,5,1,0.26,0.15,0.3066666666666667
32.0,4,15,30,5,1,0.12,0.38,0.29583333333333334
15.7,5,15,30,5,1,0.12,0.26,0.2916666666666667
27.0,2,15,30,5,1,0.16,0.45,0.27999999999999997
15.8,3,15,30,5,1,0.17,0.38,0.2841666666666666
-7.4,5,16,30,5,1,0.48,0.21,0.29458333333333336
7.8,1,17,30,5,1,0.46,0.5,0.28791666666666665
4.8,2,18,30,5,1,0.34,0.43,0.28625
27.8,4,18,30,5,1,0.39,0.35,0.2854166666666667
25.7,1,19,30,5,1,0.33,0.37,0.27708333333333335
23.7,3,19,30,5,1,0.17,0.14,0.2758333333333333
35.7,2,21,30,5,1,0.11,0.16,0.28583333333333333
-4.4,1,0,31,5,2,0.4,0.45,0.28375
12.7,1,3,31,5,2,0.4,0.29,0.2779166666666667
19.7,1,4,31,5,2,0.15,0.16,0.2866666666666667
16.4,3,4,31,5,2,0.37,0.4,0.29041666666666666
36.2,2,5,31,5,2,0.49,0.21,0.2866666666666667
-9.5,5,5,31,5,2,0.12,0.44,0.27958333333333335
-6.1,4,6,31,5,2,0.27,0.33,0.2758333333333333
-5.3,1,7,31,5,2,0.24,0.12,0.2775
32.7,4,8,31,5,2,0.16,0.27,0.28375
36.5,2,11,31,5,2,0.42,0.19,0.29291666666666666
4.1,2,11,31,5,2,0.41,0.49,0.28250000000000003
34.9,3,11,31,5,2,0.24,0.26,0.2804166666666667
-9.7,3,12,31,5,2,0.21,0.12,0.2808333333333333
9.3,5,13,31,5,2,0.13,0.12,0.29458333333333336
28.0,2,14,31,5,2,0.45,0.16,0.29541666666666666
16.9,5,14,31,5,2,0.18,0.17,0.2970833333333333
-2.3,1,15,31,5,2,0.21,0.48,0.2833333333333334
1.3,1,16,31,5,2,0.15,0.46,0.2720833333333333
17.7,3,17,31,5,2,0.19,0.34,0.26999999999999996
-5.7,4,17,31,5,2,0.29,0.39,0.27
-3.7,1,19,31,5,2,0.39,0.33,0.2625
18.8,4,21,31,5,2,0.15,0.17,0.27458333333333335
20.5,4,22,31,5,2,0.46,0.11,0.2770833333333333
0.4,3,23,31,5,2,0.17,0.4,0.2654166666666667
24.0,3,0,1,6,3,0.12,0.4,0.26291666666666663
-4.6,2,1,1,6,3,0.34,0.15,0.27458333333333335
28.4,3,2,1,6,3,0.43,0.37,0.26375
7.7,4,2,1,6,3,0.11,0.49,0.25833333333333336
10.3,4,2,1,6,3,0.36,0.12,0.26666666666666666
20.8,2,3,1,6,3,0.32,0.27,0.2758333333333333
33.3,1,3,1,6,3,0.49,0.24,0.27708333333333335
19.3,4,4,1,6,3,0.27,0.16,0.28750000000000003
29.1,1,8,1,6,3,0.41,0.42,0.28958333333333336
-9.8,3,8,1,6,3,0.47,0.41,0.28833333333333333
21.7,2,9,1,6,3,0.38,0.24,0.28375
-7.0,4,10,1,6,3,0.13,0.21,0.28791666666666665
38.6,5,10,1,6,3,0.31,0.13,0.3025
5.1,4,11,1,6,3,0.48,0.45,0.28833333333333333
30.0,5,11,1,6,3,0.11,0.18,0.28750000000000003
32.1,1,12,1,6,3,0.16,0.21,0.2920833333333333
20.7,3,13,1,6,3,0.32,0.15,0.2966666666666667
27.0,4,14,1,6,3,0.26,0.19,0.3045833333333334
24.5,5,14,1,6,3,0.38,0.29,0.30333333333333334
7.8,3,14,1,6,3,0.26,0.39,0.305
12.7,5,17,1,6,3,0.43,0.15,0.31625
-9.9,3,18,1,6,3,0.42,0.46,0.3045833333333334
1.2,2,20,1,6,3,0.18,0.17,0.30333333333333334
31.8,1,20,1,6,3,0.14,0.12,0.30916666666666665
13.7,4,20,1,6,3,0.26,0.34,0.30583333333333335
17.7,2,20,1,6,3,0.26,0.43,0.30083333333333334
18.6,3,1,2,6,4,0.31,0.11,0.315
38.8,4,2,2,6,4,0.45,0.36,0.3204166666666666
-7.4,5,2,2,6,4,0.49,0.32,0.32666666666666666
11.7,3,2,2,6,4,0.47,0.49,0.3129166666666667
7.7,1,5,2,6,4,0.16,0.27,0.30624999999999997
-5.5,3,5,2,6,4,0.11,0.41,0.295
9.5,4,7,2,6,4,0.14,0.47,0.29
39.1,3,7,2,6,4,0.35,0.38,0.28291666666666665
29.6,1,8,2,6,4,0.21,0.13,0.2866666666666667
8.8,5,8,2,6,4,0.22,0.31,0.2841666666666666
2.2,1,9,2,6,4,0.25,0.48,0.27708333333333335
28.6,3,11,2,6,4,0.31,0.11,0.28958333333333336
26.7,4,14,2,6,4,0.41,0.16,0.29375
13.4,3,14,2,6,4,0.26,0.32,0.28875
15.2,2,15,2,6,4,0.2,0.26,0.28875
1.7,5,15,2,6,4,0.26,0.38,0.27999999999999997
3.3,2,16,2,6,4,0.17,0.26,0.28458333333333335
24.2,2,16,2,6,4,0.37,0.43,0.2841666666666667
13.0,1,18,2,6,4,0.42,0.42,0.2725
9.3,5,19,2,6,4,0.14,0.18,0.27666666666666667
28.8,1,19,2,6,4,0.28,0.14,0.27999999999999997
4.4,3,20,2,6,4,0.22,0.26,0.2854166666666667
5.7,3,21,2,6,4,0.39,0.26,0.27999999999999997
27.7,2,23,2,6,4,0.13,0.31,0.285
6.8,5,1,3,6,5,0.43,0.45,0.2816666666666667
-3.8,4,1,3,6,5,0.37,0.49,0.2675
13.6,1,1,3,6,5,0.15,0.47,0.2579166666666666
27.1,3,3,3,6,5,0.24,0.16,0.2708333333333333
12.9,2,3,3,6,5,0.47,0.11,0.2783333333333334
29.0,3,3,3,6,5,0.29,0.14,0.29124999999999995
28.0,5,4,3,6,5,0.45,0.35,0.29583333333333334
37.5,5,4,3,6,5,0.46,0.21,0.2975
-7.2,4,4,3,6,5,0.25,0.22,0.30291666666666667
12.8,1,4,3,6,5,0.35,0.25,0.30583333333333335
24.7,2,5,3,6,5,0.32,0.31,0.31166666666666665
16.8,1,5,3,6,5,0.45,0.41,0.31124999999999997
-2.2,1,5,3,6,5,0.4,0.26,0.31124999999999997
39.4,3,6,3,6,5,0.26,0.2,0.31583333333333335
27.0,5,7,3,6,5,0.31,0.26,0.3233333333333333
32.5,5,10,3,6,5,0.44,0.17,0.33
15.7,2,10,3,6,5,0.33,0.37,0.32958333333333334
18.3,5,11,3,6,5,0.36,0.42,0.32166666666666666
9.4,1,11,3,6,5,0.23,0.14,0.32833333333333337
-8.2,2,12,3,6,5,0.3,0.28,0.33666666666666667
6.1,5,12,3,6,5,0.48,0.22,0.3458333333333334
26.4,4,12,3,6,5,0.44,0.39,0.3416666666666666
-6.3,1,13,3,6,5,0.29,0.13,0.34875000000000006
-8.8,2,13,3,6,5,0.3,0.43,0.34833333333333333
18.3,4,17,3,6,5,0.42,0.37,0.35250000000000004
1.9,2,17,3,6,5,0.47,0.15,0.3633333333333333
35.1,2,18,3,6,5,0.41,0.24,0.365
3.2,4,18,3,6,5,0.28,0.47,0.35333333333333333
0.8,1,18,3,6,5,0.19,0.29,0.36166666666666664
-8.0,1,19,3,6,5,0.49,0.45,0.34791666666666665
-7.9,2,19,3,6,5,0.12,0.46,0.34
18.6,4,19,3,6,5,0.27,0.25,0.34208333333333335
24.2,5,19,3,6,5,0.3,0.35,0.34625
-4.2,3,20,3,6,5,0.45,0.32,0.3416666666666666
-8.9,5,20,3,6,5,0.21,0.45,0.33875000000000005
-8.4,5,0,4,6,6,0.38,0.4,0.3345833333333333
26.2,1,1,4,6,6,0.3,0.26,0.3329166666666667
22.0,2,1,4,6,6,0.22,0.31,0.32875
-3.5,1,2,4,6,6,0.21,0.44,0.32583333333333336
9.7,1,2,4,6,6,0.37,0.33,0.33
4.5,4,3,4,6,6,0.43,0.36,0.32541666666666663
-2.2,2,3,4,6,6,0.25,0.23,0.32708333333333334
18.1,1,5,4,6,6,0.27,0.3,0.32708333333333334
11.0,1,5,4,6,6,0.3,0.48,0.32416666666666666
13.2,5,6,4,6,6,0.41,0.44,0.31749999999999995
19.2,2,7,4,6,6,0.28,0.29,0.31833333333333336
20.6,2,8,4,6,6,0.31,0.3,0.3125
29.5,3,12,4,6,6,0.16,0.42,0.30291666666666667
17.0,3,13,4,6,6,0.19,0.47,0.2975
8.8,5,14,4,6,6,0.34,0.41,0.2966666666666667
12.4,1,14,4,6,6,0.39,0.28,0.29541666666666666
24.9,5,14,4,6,6,0.25,0.19,0.3020833333333333
-4.5,3,15,4,6,6,0.35,0.49,0.29125
-8.8,4,16,4,6,6,0.23,0.12,0.3020833333333333
4.8,4,18,4,6,6,0.38,0.27,0.29958333333333337
32.3,3,18,4,6,6,0.21,0.3,0.30083333333333334
-5.0,1,18,4,6,6,0.33,0.45,0.29333333333333333
5.6,5,18,4,6,6,0.27,0.21,0.30250000000000005
21.6,3,18,4,6,6,0.43,0.38,0.3016666666666667
23.4,3,19,4,6,6,0.36,0.3,0.3095833333333333
32.8,4,21,4,6,6,0.49,0.22,0.3179166666666667
22.2,3,21,4,6,6,0.42,0.21,0.3145833333333333
19.0,5,22,4,6,6,0.13,0.37,0.31583333333333335
21.9,3,22,4,6,6,0.4,0.43,0.3120833333333333
-1.5,2,23,4,6,6,0.34,0.25,0.30916666666666665
0.5,1,0,5,6,0,0.18,0.27,0.30583333333333335
-5.7,3,1,5,6,0,0.19,0.3,0.3095833333333333
26.8,1,2,5,6,0,0.39,0.41,0.29833333333333334
17.4,3,3,5,6,0,0.14,0.28,0.3004166666666667
3.4,2,3,5,6,0,0.33,0.31,0.2966666666666667
28.9,5,3,5,6,0,0.22,0.16,0.2945833333333333
-2.7,4,4,5,6,0,0.11,0.19,0.2991666666666667
21.9,3,4,5,6,0,0.3,0.34,0.30250000000000005
2.3,2,4,5,6,0,0.42,0.39,0.3020833333333333
35.0,5,5,5,6,0,0.38,0.25,0.30416666666666664
7.1,4,5,5,6,0,0.3,0.35,0.3045833333333334
15.6,2,5,5,6,0,0.36,0.23,0.3133333333333333
7.9,3,6,5,6,0,0.44,0.38,0.31124999999999997
5.2,1,7,5,6,0,0.33,0.21,0.3204166666666666
14.6,5,8,5,6,0,0.43,0.33,0.31875
38.1,4,9,5,6,0,0.29,0.27,0.3179166666666667
28.0,4,13,5,6,0,0.25,0.43,0.315
5.2,2,13,5,6,0,0.36,0.36,0.3166666666666667
9.7,4,15,5,6,0,0.4,0.49,0.315
23.6,2,18,5,6,0,0.45,0.42,0.3016666666666667
-6.7,3,18,5,6,0,0.1,0.13,0.30125
29.7,1,19,5,6,0,0.12,0.4,0.29624999999999996
37.3,1,19,5,6,0,0.28,0.34,0.2970833333333333
31.3,2,20,5,6,0,0.36,0.18,0.29791666666666666
-8.9,1,20,5,6,0,0.2,0.19,0.29791666666666666
10.3,5,22,5,6,0,0.19,0.39,0.2991666666666667
30.4,1,0,6,6,1,0.42,0.14,0.30583333333333335
-6.0,2,0,6,6,1,0.3,0.33,0.3054166666666666
-3.3,2,1,6,6,1,0.32,0.22,0.31124999999999997
9.5,5,1,6,6,1,0.36,0.11,0.31875000000000003
-4.9,3,6,6,6,1,0.29,0.3,0.32208333333333333
16.5,1,8,6,6,1,0.38,0.42,0.32125
27.1,5,9,6,6,1,0.4,0.38,0.31
8.1,5,9,6,6,1,0.11,0.3,0.30333333333333334
39.7,5,10,6,6,1,0.14,0.36,0.3070833333333333
25.6,3,10,6,6,1,0.45,0.44,0.3066666666666667
2.5,3,10,6,6,1,0.43,0.33,0.3025
26.2,3,12,6,6,1,0.23,0.43,0.29583333333333334
11.7,4,12,6,6,1,0.27,0.29,0.29208333333333336
16.5,1,13,6,6,1,0.2,0.25,0.29958333333333337
25.2,4,15,6,6,1,0.43,0.36,0.2916666666666667
23.5,4,16,6,6,1,0.17,0.4,0.28125
21.6,2,16,6,6,1,0.15,0.45,0.2804166666666667
31.7,5,17,6,6,1,0.43,0.1,0.2833333333333333
6.2,1,20,6,6,1,0.17,0.12,0.28875
24.2,1,20,6,6,1,0.25,0.28,0.29583333333333334
14.9,2,20,6,6,1,0.45,0.36,0.295
20.4,4,21,6,6,1,0.34,0.2,0.3
31.9,4,21,6,6,1,0.32,0.19,0.29791666666666666
38.3,4,22,6,6,1,0.14,0.42,0.2970833333333333
36.4,3,22,6,6,1,0.4,0.3,0.29583333333333334
-9.9,2,23,6,6,1,0.27,0.32,0.29708333333333337
-5.5,5,23,6,6,1,0.35,0.36,0.3016666666666667
-2.8,1,0,7,6,2,0.47,0.29,0.29958333333333337
39.0,1,0,7,6,2,0.24,0.38,0.2941666666666667
30.7,3,1,7,6,2,0.25,0.4,0.28625
-5.5,5,2,7,6,2,0.21,0.11,0.30125
-6.2,2,3,7,6,2,0.47,0.14,0.3154166666666667
33.2,2,3,7,6,2,0.48,0.45,0.3070833333333333
7.9,5,4,7,6,2,0.25,0.43,0.3016666666666667
8.1,5,5,7,6,2,0.3,0.23,0.29833333333333334
16.9,5,6,7,6,2,0.15,0.27,0.29333333333333333
17.1,5,7,7,6,2,0.15,0.2,0.29
20.0,4,8,7,6,2,0.12,0.43,0.2833333333333333
10.8,1,8,7,6,2,0.27,0.17,0.28625
17.1,2,8,7,6,2,0.24,0.15,0.28791666666666665
38.4,5,9,7,6,2,0.19,0.43,0.2870833333333333
24.7,1,9,7,6,2,0.41,0.17,0.2870833333333333
14.2,5,9,7,6,2,0.17,0.25,0.28833333333333333
37.0,4,10,7,6,2,0.28,0.45,0.28875
-9.9,4,10,7,6,2,0.46,0.34,0.28750000000000003
26.1,1,11,7,6,2,0.31,0.32,0.2925
10.2,3,11,7,6,2,0.44,0.14,0.30333333333333334
29.1,5,13,7,6,2,0.4,0.4,0.30541666666666667
10.9,3,14,7,6,2,0.45,0.27,0.30083333333333334
24.8,1,15,7,6,2,0.16,0.35,0.2995833333333333
38.5,1,16,7,6,2,0.32,0.47,0.29625
22.4,4,20,7,6,2,0.39,0.24,0.29833333333333334
39.7,4,21,7,6,2,0.29,0.25,0.29333333333333333
22.7,1,22,7,6,2,0.13,0.21,0.29624999999999996
22.1,4,23,7,6,2,0.28,0.47,0.2841666666666667
29.3,1,23,7,6,2,0.18,0.48,0.27625
3.0,1,1,8,6,3,0.29,0.25,0.2808333333333333
-8.8,3,1,8,6,3,0.36,0.3,0.2783333333333333
-5.9,5,2,8,6,3,0.24,0.15,0.28958333333333336
-3.8,2,4,8,6,3,0.42,0.15,0.30124999999999996
-0.7,2,4,8,6,3,0.43,0.12,0.31625
5.7,1,7,8,6,3,0.48,0.27,0.31583333333333335
8.9,2,9,8,6,3,0.26,0.24,0.32375
-5.7,2,10,8,6,3,0.43,0.19,0.3258333333333333
31.4,2,11,8,6,3,0.24,0.41,0.325
1.5,4,11,8,6,3,0.39,0.17,0.32333333333333336
11.7,4,12,8,6,3,0.13,0.28,0.3204166666666667
15.7,2,13,8,6,3,0.21,0.46,0.31375000000000003
38.4,2,13,8,6,3,0.3,0.31,0.31416666666666665
11.3,5,13,8,6,3,0.32,0.44,0.30583333333333335
33.7,5,16,8,6,3,0.24,0.4,0.30541666666666667
7.1,1,17,8,6,3,0.39,0.45,0.29541666666666666
5.9,4,18,8,6,3,0.21,0.16,0.29791666666666666
1.2,3,18,8,6,3,0.22,0.32,0.29750000000000004
-6.3,4,18,8,6,3,0.31,0.39,0.28875
13.3,4,19,8,6,3,0.18,0.29,0.2925
32.0,2,19,8,6,3,0.38,0.13,0.3045833333333333
-4.6,5,20,8,6,3,0.42,0.28,0.30625
-9.4,5,20,8,6,3,0.32,0.18,0.31708333333333333
9.7,2,21,8,6,3,0.44,0.29,0.31875
-5.5,2,22,8,6,3,0.33,0.36,0.3166666666666667
25.1,2,23,8,6,3,0.31,0.24,0.3120833333333333
-6.6,5,23,8,6,3,0.13,0.42,0.30875
33.1,4,1,9,6,4,0.34,0.43,0.3
23.3,4,2,9,6,4,0.22,0.48,0.29583333333333334
-7.5,5,3,9,6,4,0.38,0.26,0.2991666666666667
5.7,4,3,9,6,4,0.34,0.43,0.29875
14.0,5,4,9,6,4,0.42,0.24,0.29458333333333336
33.4,3,4,9,6,4,0.14,0.39,0.2916666666666667
12.9,1,5,9,6,4,0.32,0.13,0.29291666666666666
26.0,2,8,9,6,4,0.16,0.21,0.2925
-6.8,2,9,9,6,4,0.2,0.3,0.2941666666666667
9.1,4,13,9,6,4,0.34,0.32,0.2870833333333333
39.0,5,13,9,6,4,0.15,0.24,0.28458333333333335
11.2,1,13,9,6,4,0.18,0.39,0.2841666666666667
4.3,5,14,9,6,4,0.38,0.21,0.28458333333333335
0.3,2,16,9,6,4,0.22,0.22,0.2808333333333333
31.8,1,17,9,6,4,0.13,0.31,0.27875
12.9,2,18,9,6,4,0.26,0.18,0.29125
19.4,2,20,9,6,4,0.48,0.38,0.28375
12.1,1,20,9,6,4,0.2,0.42,0.27499999999999997
31.1,5,20,9,6,4,0.21,0.32,0.27499999999999997
-2.0,5,23,9,6,4,0.32,0.44,0.2675
-4.0,4,23,9,6,4,0.26,0.33,0.2733333333333334
23.0,5,3,10,6,5,0.47,0.31,0.26999999999999996
1.3,3,4,10,6,5,0.23,0.13,0.2791666666666666
24.1,2,5,10,6,5,0.35,0.34,0.27291666666666664
0.9,3,7,10,6,5,0.19,0.22,0.2758333333333333
15.5,1,9,10,6,5,0.29,0.38,0.2758333333333333
7.7,2,9,10,6,5,0.38,0.34,0.2733333333333333
27.2,1,12,10,6,5,0.28,0.42,0.2670833333333333
1.2,1,14,10,6,5,0.27,0.14,0.2658333333333333
13.4,3,14,10,6,5,0.11,0.32,0.2683333333333333
10.8,2,15,10,6,5,0.38,0.16,0.26791666666666664
24.4,5,16,10,6,5,0.15,0.2,0.2679166666666667
28.9,2,16,10,6,5,0.2,0.34,0.25958333333333333
-0.0,4,16,10,6,5,0.14,0.15,0.26875
19.6,5,18,10,6,5,0.37,0.18,0.2758333333333333
13.9,2,18,10,6,5,0.35,0.38,0.27125000000000005
16.4,2,19,10,6,5,0.27,0.22,0.2808333333333333
15.3,3,20,10,6,5,0.45,0.13,0.29541666666666666
3.2,3,21,10,6,5,0.48,0.26,0.2920833333333333
-1.6,4,22,10,6,5,0.18,0.48,0.27666666666666667
-8.7,4,23,10,6,5,0.11,0.2,0.285
10.0,2,2,11,6,6,0.4,0.21,0.2833333333333334
38.0,3,2,11,6,6,0.17,0.32,0.28625
28.2,3,3,11,6,6,0.39,0.26,0.29125
8.7,2,3,11,6,6,0.38,0.47,0.28875
-8.3,5,4,11,6,6,0.41,0.23,0.28750000000000003
13.3,4,4,11,6,6,0.2,0.35,0.2804166666666667
37.9,4,5,11,6,6,0.18,0.19,0.27958333333333335
27.6,1,6,11,6,6,0.17,0.29,0.2733333333333334
30.6,4,7,11,6,6,0.14,0.38,0.2754166666666667
33.4,1,7,11,6,6,0.43,0.28,0.27708333333333335
14.6,4,9,11,6,6,0.32,0.27,0.275
20.0,2,9,11,6,6,0.22,0.11,0.28708333333333336
-8.2,2,10,11,6,6,0.4,0.38,0.28208333333333335
13.8,4,11,11,6,6,0.26,0.15,0.28041666666666665
9.1,4,12,11,6,6,0.11,0.2,0.2870833333333333
13.4,3,12,11,6,6,0.36,0.14,0.29791666666666666
-5.8,1,13,11,6,6,0.4,0.37,0.29041666666666666
-2.9,1,14,11,6,6,0.19,0.35,0.28
18.7,1,16,11,6,6,0.1,0.27,0.2875
31.6,1,19,11,6,6,0.45,0.45,0.2758333333333333
12.0,1,22,11,6,6,0.17,0.48,0.26833333333333337
33.9,3,23,11,6,6,0.3,0.18,0.26583333333333337
34.5,4,0,12,6,0,0.12,0.11,0.27416666666666667
-4.0,2,1,12,6,0,0.31,0.4,0.27291666666666664
7.9,1,2,12,6,0,0.37,0.17,0.2791666666666666
31.3,3,2,12,6,0,0.32,0.39,0.2708333333333333
6.8,5,2,12,6,0,0.19,0.38,0.27416666666666667
39.2,4,3,12,6,0,0.46,0.41,0.27208333333333334
8.3,1,4,12,6,0,0.36,0.2,0.26791666666666664
20.6,1,5,12,6,0,0.1,0.18,0.27125
25.5,2,6,12,6,0,0.26,0.17,0.2783333333333334
23.7,1,6,12,6,0,0.34,0.14,0.2820833333333333
19.7,2,7,12,6,0,0.23,0.43,0.27958333333333335
16.6,3,8,12,6,0,0.37,0.32,0.2791666666666666
-5.0,4,8,12,6,0,0.31,0.22,0.28125
29.3,5,11,12,6,0,0.27,0.4,0.2733333333333333
10.5,4,13,12,6,0,0.21,0.26,0.2683333333333333
26.6,1,14,12,6,0,0.14,0.11,0.26875
9.3,2,14,12,6,0,0.12,0.36,0.26416666666666666
23.2,5,15,12,6,0,0.25,0.4,0.25958333333333333
9.0,2,15,12,6,0,0.29,0.19,0.26166666666666666
-1.1,3,15,12,6,0,0.24,0.1,0.26166666666666666
5.5,1,18,12,6,0,0.1,0.45,0.26
14.4,4,18,12,6,0,0.41,0.17,0.26208333333333333
33.8,3,19,12,6,0,0.22,0.3,0.26291666666666663
17.3,5,19,12,6,0,0.32,0.12,0.2633333333333333
11.2,5,20,12,6,0,0.13,0.31,0.26958333333333334
35.2,2,22,12,6,0,0.46,0.37,0.26916666666666667
4.9,4,22,12,6,0,0.36,0.32,0.26583333333333337
10.7,1,23,12,6,0,0.24,0.19,0.2658333333333333
25.0,2,0,13,6,1,0.19,0.46,0.25666666666666665
38.7,5,0,13,6,1,0.24,0.36,0.2508333333333333
35.1,4,0,13,6,1,0.22,0.1,0.2654166666666667
5.4,5,1,13,6,1,0.45,0.26,0.26708333333333334
12.1,1,2,13,6,1,0.3,0.34,0.2583333333333333
39.0,5,3,13,6,1,0.13,0.23,0.25875
0.9,4,7,13,6,1,0.24,0.37,0.2504166666666667
35.5,1,8,13,6,1,0.17,0.31,0.24500000000000002
13.7,5,8,13,6,1,0.18,0.27,0.23791666666666667
13.5,4,8,13,6,1,0.1,0.21,0.24541666666666664
-8.5,5,11,13,6,1,0.39,0.14,0.25083333333333335
-9.5,5,11,13,6,1,0.27,0.12,0.2504166666666667
4.1,5,12,13,6,1,0.11,0.25,0.24833333333333332
18.6,3,14,13,6,1,0.2,0.29,0.24166666666666667
13.4,1,14,13,6,1,0.13,0.24,0.23708333333333334
-8.6,5,15,13,6,1,0.13,0.1,0.24833333333333332
-3.3,4,15,13,6,1,0.37,0.41,0.24458333333333335
18.2,4,16,13,6,1,0.32,0.22,0.24291666666666667
34.3,4,17,13,6,1,0.18,0.32,0.23791666666666667
26.5,2,18,13,6,1,0.2,0.13,0.2454166666666667
39.4,3,18,13,6,1,0.31,0.46,0.2329166666666667
32.4,4,19,13,6,1,0.16,0.36,0.22958333333333333
11.7,5,19,13,6,1,0.28,0.24,0.2383333333333333
31.6,3,21,13,6,1,0.45,0.19,0.24958333333333335
17.1,1,22,13,6,1,0.46,0.24,0.25916666666666666
-6.4,1,1,14,6,2,0.47,0.22,0.2554166666666667
7.6,5,2,14,6,2,0.13,0.45,0.25166666666666665
37.3,4,2,14,6,2,0.36,0.3,0.24666666666666667
-8.8,1,3,14,6,2,0.18,0.13,0.2575
37.9,1,3,14,6,2,0.39,0.24,0.25666666666666665
39.8,4,3,14,6,2,0.22,0.17,0.255
3.0,2,4,14,6,2,0.13,0.18,0.25625
5.3,1,5,14,6,2,0.21,0.1,0.26708333333333334
16.8,3,6,14,6,2,0.36,0.39,0.25625000000000003
15.6,4,7,14,6,2,0.13,0.27,0.25625000000000003
32.6,1,7,14,6,2,0.27,0.11,0.25999999999999995
-2.2,1,8,14,6,2,0.2,0.2,0.26583333333333337
18.0,1,8,14,6,2,0.34,0.13,0.2804166666666667
25.3,3,8,14,6,2,0.48,0.13,0.29375
21.1,1,10,14,6,2,0.45,0.37,0.29208333333333336
-3.1,5,12,14,6,2,0.33,0.32,0.29583333333333334
15.0,3,12,14,6,2,0.41,0.18,0.30291666666666667
-1.2,1,14,14,6,2,0.35,0.2,0.30833333333333335
13.6,1,17,14,6,2,0.33,0.31,0.305
36.0,4,18,14,6,2,0.23,0.16,0.3183333333333333
-9.6,4,20,14,6,2,0.48,0.28,0.32708333333333334
16.9,4,22,14,6,2,0.49,0.45,0.31875000000000003
16.9,5,22,14,6,2,0.25,0.46,0.315
10.1,1,22,14,6,2,0.37,0.47,0.305
37.8,3,23,14,6,2,0.23,0.13,0.30624999999999997
24.4,3,23,14,6,2,0.16,0.36,0.3075
-9.9,1,23,14,6,2,0.39,0.18,0.3129166666666667
25.6,5,0,15,6,3,0.31,0.39,0.3133333333333333
-4.6,1,0,15,6,3,0.4,0.22,0.31083333333333335
-4.7,3,0,15,6,3,0.16,0.13,0.31416666666666665
19.3,3,0,15,6,3,0.21,0.21,0.3225
27.6,3,1,15,6,3,0.41,0.36,0.31625
-1.9,3,2,15,6,3,0.21,0.13,0.3275
29.0,5,5,15,6,3,0.4,0.27,0.3345833333333333
34.7,1,5,15,6,3,0.44,0.2,0.335
39.8,2,5,15,6,3,0.21,0.34,0.33125
28.5,1,8,15,6,3,0.25,0.48,0.31708333333333333
-3.0,2,9,15,6,3,0.14,0.45,0.30875
21.1,2,14,15,6,3,0.25,0.33,0.30041666666666667
32.1,3,18,15,6,3,0.13,0.41,0.30416666666666664
39.0,1,18,15,6,3,0.5,0.35,0.29416666666666663
19.0,2,19,15,6,3,0.11,0.33,0.28875
18.0,2,20,15,6,3,0.2,0.23,0.2854166666666667
-3.0,5,20,15,6,3,0.15,0.48,0.28541666666666665
30.3,5,20,15,6,3,0.48,0.49,0.27666666666666667
-4.5,3,21,15,6,3,0.28,0.25,0.27416666666666667
30.9,3,21,15,6,3,0.19,0.37,0.27166666666666667
38.9,2,21,15,6,3,0.31,0.23,0.2816666666666667
28.9,3,22,15,6,3,0.47,0.16,0.28125
-6.8,5,23,15,6,3,0.15,0.39,0.2804166666666667
24.2,5,23,15,6,3,0.37,0.31,0.28291666666666665
-4.4,5,23,15,6,3,0.37,0.4,0.27958333333333335
39.2,4,1,16,6,4,0.32,0.16,0.29333333333333333
-9.4,5,1,16,6,4,0.49,0.21,0.30291666666666667
38.8,2,1,16,6,4,0.44,0.41,0.29916666666666664
15.4,1,2,16,6,4,0.32,0.21,0.3045833333333334
33.7,4,4,16,6,4,0.34,0.4,0.3070833333333333
7.7,2,6,16,6,4,0.46,0.44,0.30291666666666667
16.7,4,6,16,6,4,0.34,0.21,0.3120833333333333
17.4,1,6,16,6,4,0.43,0.25,0.30583333333333335
-2.9,2,8,16,6,4,0.1,0.14,0.32
29.4,2,9,16,6,4,0.48,0.25,0.32958333333333334
-8.4,5,14,16,6,4,0.48,0.13,0.33375
29.1,4,14,16,6,4,0.23,0.5,0.33
-5.8,5,16,16,6,4,0.41,0.11,0.33625
-2.3,4,16,16,6,4,0.26,0.2,0.345
5.3,5,17,16,6,4,0.41,0.15,0.345
26.6,5,17,16,6,4,0.15,0.48,0.33125
36.0,4,17,16,6,4,0.15,0.28,0.32625
4.6,4,18,16,6,4,0.16,0.19,0.32791666666666663
1.9,2,19,16,6,4,0.23,0.31,0.3354166666666667
24.8,2,19,16,6,4,0.49,0.47,0.33208333333333334
39.3,4,20,16,6,4,0.39,0.15,0.34625
13.7,5,22,16,6,4,0.49,0.37,0.3420833333333333
19.8,2,1,17,6,5,0.27,0.37,0.3333333333333333
33.0,2,1,17,6,5,0.16,0.32,0.32916666666666666
37.8,4,1,17,6,5,0.22,0.49,0.3229166666666667
34.4,5,4,17,6,5,0.34,0.44,0.31124999999999997
-7.7,2,4,17,6,5,0.16,0.32,0.3041666666666667
38.9,4,6,17,6,5,0.15,0.34,0.29750000000000004
4.8,4,6,17,6,5,0.18,0.46,0.28541666666666665
9.1,1,6,17,6,5,0.17,0.34,0.28958333333333336
13.0,4,7,17,6,5,0.44,0.43,0.2841666666666667
-4.7,5,10,17,6,5,0.3,0.1,0.28583333333333333
-5.6,2,11,17,6,5,0.14,0.48,0.27
17.1,5,12,17,6,5,0.1,0.48,0.25666666666666665
39.4,2,12,17,6,5,0.16,0.23,0.26
24.7,5,14,17,6,5,0.31,0.41,0.26
-4.3,4,15,17,6,5,0.41,0.26,0.2604166666666667
8.1,3,16,17,6,5,0.27,0.41,0.2558333333333333
2.2,3,16,17,6,5,0.3,0.15,0.2579166666666666
29.4,2,16,17,6,5,0.2,0.15,0.25958333333333333
21.4,2,16,17,6,5,0.19,0.16,0.26416666666666666
-1.0,1,17,17,6,5,0.27,0.23,0.2720833333333333
27.6,3,18,17,6,5,0.42,0.49,0.27208333333333334
24.4,3,20,17,6,5,0.49,0.39,0.2608333333333333
-3.4,2,21,17,6,5,0.12,0.49,0.2570833333333334
-2.1,3,21,17,6,5,0.4,0.27,0.26458333333333334
25.2,2,22,17,6,5,0.45,0.16,0.27625
-3.2,4,22,17,6,5,0.44,0.22,0.2870833333333333
21.1,1,23,17,6,5,0.48,0.34,0.28291666666666665
5.8,3,23,17,6,5,0.24,0.16,0.29541666666666666
-9.8,2,23,17,6,5,0.46,0.15,0.30624999999999997
31.6,1,0,18,6,6,0.41,0.18,0.30791666666666667
19.3,4,0,18,6,6,0.22,0.17,0.30583333333333335
17.4,1,0,18,6,6,0.12,0.44,0.29916666666666664
23.0,2,0,18,6,6,0.28,0.3,0.2920833333333333
36.4,5,1,18,6,6,0.13,0.14,0.29750000000000004
11.9,3,1,18,6,6,0.27,0.1,0.3020833333333333
20.8,2,3,18,6,6,0.21,0.16,0.30750000000000005
-8.8,2,3,18,6,6,0.29,0.31,0.30833333333333335
-2.2,4,4,18,6,6,0.33,0.41,0.3020833333333333
22.2,4,5,18,6,6,0.26,0.27,0.30083333333333334
18.2,3,6,18,6,6,0.24,0.3,0.29458333333333336
14.5,1,6,18,6,6,0.15,0.2,0.29291666666666666
23.3,2,8,18,6,6,0.16,0.19,0.3045833333333333
22.4,1,8,18,6,6,0.47,0.27,0.30375
4.3,3,8,18,6,6,0.25,0.42,0.3070833333333333
0.0,5,9,18,6,6,0.5,0.49,0.29833333333333334
17.9,2,9,18,6,6,0.28,0.12,0.3120833333333333
-4.3,5,11,18,6,6,0.45,0.4,0.30291666666666667
32.1,4,11,18,6,6,0.18,0.45,0.29791666666666666
9.1,4,12,18,6,6,0.33,0.44,0.2891666666666667
39.3,2,12,18,6,6,0.23,0.48,0.2866666666666667
-9.6,3,14,18,6,6,0.42,0.24,0.2891666666666667
13.0,2,14,18,6,6,0.3,0.46,0.2891666666666667
30.8,2,14,18,6,6,0.46,0.41,0.27999999999999997
2.5,2,14,18,6,6,0.19,0.22,0.2854166666666667
-3.3,5,17,18,6,6,0.35,0.12,0.29458333333333336
15.4,4,17,18,6,6,0.34,0.28,0.29083333333333333
12.7,5,17,18,6,6,0.19,0.13,0.30125
39.7,2,18,18,6,6,0.38,0.27,0.295
23.2,5,18,18,6,6,0.12,0.21,0.2925
-1.3,1,23,18,6,6,0.15,0.29,0.3
35.3,5,23,18,6,6,0.47,0.33,0.30124999999999996
28.0,4,0,19,6,0,0.36,0.26,0.2970833333333333
1.2,5,0,19,6,0,0.16,0.24,0.29583333333333334
12.8,3,1,19,6,0,0.21,0.15,0.30416666666666664
38.7,5,1,19,6,0,0.35,0.16,0.30416666666666664
14.8,3,1,19,6,0,0.16,0.47,0.29291666666666666
-8.8,3,2,19,6,0,0.2,0.25,0.29333333333333333
35.9,5,2,19,6,0,0.26,0.5,0.2783333333333333
-5.6,3,2,19,6,0,0.14,0.28,0.28250000000000003
22.1,1,2,19,6,0,0.38,0.45,0.2783333333333333
9.9,2,2,19,6,0,0.35,0.18,0.29041666666666666
19.5,2,2,19,6,0,0.47,0.33,0.28125
29.8,3,3,19,6,0,0.11,0.23,0.2875
35.5,1,3,19,6,0,0.38,0.42,0.29083333333333333
19.9,5,9,19,6,0,0.5,0.3,0.2870833333333333
20.4,5,9,19,6,0,0.21,0.46,0.28125
8.7,5,9,19,6,0,0.32,0.19,0.2916666666666667
1.6,3,9,19,6,0,0.44,0.35,0.29583333333333334
32.3,5,9,19,6,0,0.45,0.34,0.3025
20.2,1,11,19,6,0,0.5,0.19,0.31166666666666665
28.2,5,11,19,6,0,0.41,0.38,0.30166666666666664
2.3,3,13,19,6,0,0.14,0.12,0.31749999999999995
0.0,4,13,19,6,0,0.5,0.15,0.32208333333333333
19.7,5,13,19,6,0,0.26,0.47,0.3095833333333334
12.0,5,14,19,6,0,0.17,0.36,0.3095833333333333
7.7,3,14,19,6,0,0.36,0.16,0.3104166666666667
37.9,3,14,19,6,0,0.18,0.21,0.3204166666666666
7.0,2,15,19,6,0,0.45,0.35,0.3129166666666667
34.0,3,15,19,6,0,0.17,0.16,0.32416666666666666
28.9,3,16,19,6,0,0.43,0.2,0.33166666666666667
-1.9,1,17,19,6,0,0.38,0.26,0.325
36.1,3,17,19,6,0,0.1,0.14,0.33
-4.5,3,19,19,6,0,0.26,0.38,0.33375
11.7,1,20,19,6,0,0.47,0.35,0.3233333333333333
-7.9,5,20,19,6,0,0.1,0.47,0.31583333333333335
26.8,4,0,20,6,1,0.29,0.11,0.31583333333333335
-0.6,2,0,20,6,1,0.11,0.38,0.31958333333333333
28.2,5,2,20,6,1,0.47,0.5,0.31875000000000003
6.5,4,3,20,6,1,0.48,0.21,0.32083333333333336
5.9,1,3,20,6,1,0.26,0.32,0.32708333333333334
2.6,5,4,20,6,1,0.47,0.44,0.31583333333333335
3.5,1,4,20,6,1,0.17,0.45,0.3025
11.2,2,5,20,6,1,0.13,0.5,0.28791666666666665
3.7,5,5,20,6,1,0.15,0.41,0.28875
11.0,1,5,20,6,1,0.43,0.14,0.29250000000000004
29.4,5,5,20,6,1,0.23,0.5,0.27666666666666667
20.6,3,6,20,6,1,0.12,0.26,0.2725
15.9,1,6,20,6,1,0.16,0.17,0.2783333333333333
35.7,4,6,20,6,1,0.31,0.36,0.27999999999999997
-3.6,5,7,20,6,1,0.4,0.18,0.28875
36.8,4,7,20,6,1,0.39,0.45,0.28291666666666665
-5.2,5,8,20,6,1,0.31,0.17,0.29583333333333334
25.7,3,9,20,6,1,0.48,0.43,0.2875
22.0,3,10,20,6,1,0.23,0.38,0.29125
17.3,4,11,20,6,1,0.47,0.1,0.29583333333333334
9.0,4,12,20,6,1,0.21,0.26,0.29875
6.4,1,12,20,6,1,0.33,0.47,0.2891666666666666
0.2,2,12,20,6,1,0.24,0.1,0.30375
23.6,1,13,20,6,1,0.45,0.29,0.30916666666666665
5.9,2,13,20,6,1,0.42,0.11,0.31375
-8.7,5,14,20,6,1,0.22,0.47,0.30583333333333335
2.9,2,15,20,6,1,0.28,0.48,0.30083333333333334
17.6,1,15,20,6,1,0.36,0.26,0.29875
10.6,4,18,20,6,1,0.21,0.47,0.2966666666666667
1.8,4,19,20,6,1,0.42,0.17,0.29958333333333337
0.9,1,19,20,6,1,0.24,0.13,0.30916666666666665
6.0,3,20,20,6,1,0.36,0.15,0.3154166666666666
30.4,5,21,20,6,1,0.3,0.43,0.3066666666666667
24.6,5,22,20,6,1,0.22,0.23,0.31583333333333335
39.5,1,23,20,6,1,0.45,0.12,0.3183333333333333
34.0,1,23,20,6,1,0.18,0.16,0.3204166666666667
-2.7,5,0,21,6,2,0.21,0.31,0.3125
33.6,4,1,21,6,2,0.12,0.4,0.30333333333333334
32.5,5,1,21,6,2,0.18,0.39,0.30375
-1.3,4,1,21,6,2,0.4,0.31,0.30916666666666665
9.4,2,2,21,6,2,0.44,0.48,0.3025
16.2,3,4,21,6,2,0.32,0.23,0.31
-6.8,2,5,21,6,2,0.41,0.47,0.31083333333333335
1.0,2,5,21,6,2,0.49,0.21,0.3104166666666666
23.7,1,6,21,6,2,0.2,0.33,0.31375
36.8,1,7,21,6,2,0.41,0.24,0.30916666666666665
35.0,4,7,21,6,2,0.13,0.45,0.3025
1.3,5,7,21,6,2,0.29,0.42,0.29083333333333333
24.2,5,9,21,6,2,0.14,0.22,0.29791666666666666
8.3,3,9,21,6,2,0.39,0.28,0.2970833333333333
38.0,3,11,21,6,2,0.26,0.36,0.2920833333333333
2.7,4,11,21,6,2,0.24,0.21,0.2895833333333333
31.9,4,12,21,6,2,0.15,0.42,0.2875
23.0,5,12,21,6,2,0.37,0.24,0.2825
-5.5,5,13,21,6,2,0.12,0.36,0.2816666666666667
-8.8,4,14,21,6,2,0.34,0.3,0.28750000000000003
39.0,5,15,21,6,2,0.44,0.22,0.2833333333333333
3.9,2,15,21,6,2,0.12,0.45,0.27125
19.0,3,16,21,6,2,0.16,0.18,0.27208333333333334
17.9,4,16,21,6,2,0.2,0.21,0.26958333333333334
33.4,2,17,21,6,2,0.15,0.12,0.2825
6.1,5,18,21,6,2,0.43,0.18,0.2808333333333333
4.6,3,18,21,6,2,0.14,0.4,0.2725
1.8,4,18,21,6,2,0.2,0.44,0.26666666666666666
17.0,3,19,21,6,2,0.3,0.32,0.2683333333333333
-7.4,3,21,21,6,2,0.36,0.41,0.2683333333333333
18.2,2,22,21,6,2,0.41,0.49,0.2679166666666667
-9.2,1,23,21,6,2,0.48,0.2,0.2675
33.4,4,23,21,6,2,0.19,0.41,0.26666666666666666
26.6,4,1,22,6,3,0.39,0.13,0.2783333333333333
5.6,5,2,22,6,3,0.41,0.29,0.27125
26.9,4,2,22,6,3,0.12,0.14,0.2833333333333333
24.6,5,3,22,6,3,0.43,0.39,0.28041666666666665
2.9,2,4,22,6,3,0.32,0.26,0.27666666666666667
18.1,5,4,22,6,3,0.17,0.24,0.27125
35.5,5,4,22,6,3,0.11,0.15,0.2704166666666667
34.4,2,5,22,6,3,0.13,0.37,0.27416666666666667
11.3,1,5,22,6,3,0.46,0.12,0.28291666666666665
-0.7,4,5,22,6,3,0.33,0.34,0.28708333333333336
15.0,2,5,22,6,3,0.44,0.44,0.2870833333333333
17.2,2,6,22,6,3,0.44,0.12,0.3016666666666667
-8.9,2,6,22,6,3,0.47,0.16,0.30583333333333335
-1.8,4,6,22,6,3,0.26,0.2,0.3033333333333333
35.7,1,7,22,6,3,0.14,0.15,0.3154166666666667
22.1,2,9,22,6,3,0.44,0.43,0.3175
14.7,5,10,22,6,3,0.48,0.14,0.3183333333333333
-9.6,4,12,22,6,3,0.16,0.2,0.3258333333333333
18.8,4,13,22,6,3,0.38,0.3,0.31958333333333333
-8.1,1,14,22,6,3,0.15,0.36,0.31416666666666665
10.7,1,14,22,6,3,0.23,0.41,0.30416666666666664
31.7,2,16,22,6,3,0.17,0.48,0.29458333333333336
-4.5,5,17,22,6,3,0.25,0.19,0.3045833333333334
37.4,2,17,22,6,3,0.43,0.39,0.30416666666666664
6.2,2,18,22,6,3,0.38,0.41,0.30541666666666667
5.2,3,21,22,6,3,0.44,0.12,0.30875
4.3,1,21,22,6,3,0.2,0.43,0.30916666666666665
23.3,4,22,22,6,3,0.44,0.32,0.30541666666666667
8.5,3,23,22,6,3,0.23,0.17,0.31625000000000003
36.6,2,23,22,6,3,0.43,0.11,0.32458333333333333
-3.4,1,23,22,6,3,0.31,0.13,0.32625
18.3,1,1,23,6,4,0.17,0.46,0.3166666666666667
-3.6,4,2,23,6,4,0.23,0.33,0.30791666666666667
29.6,3,2,23,6,4,0.12,0.44,0.30624999999999997
15.7,5,2,23,6,4,0.4,0.44,0.29291666666666666
8.6,5,2,23,6,4,0.12,0.47,0.2808333333333333
-4.1,3,3,23,6,4,0.18,0.26,0.28375
38.4,4,4,23,6,4,0.33,0.14,0.2904166666666667
-4.4,5,4,23,6,4,0.3,0.44,0.2833333333333333
37.2,3,5,23,6,4,0.27,0.48,0.275
25.7,1,6,23,6,4,0.28,0.16,0.28
6.6,2,7,23,6,4,0.28,0.38,0.27708333333333335
0.3,5,7,23,6,4,0.31,0.15,0.29041666666666666
-6.0,3,7,23,6,4,0.47,0.23,0.3
21.8,4,8,23,6,4,0.46,0.17,0.31
3.6,5,11,23,6,4,0.41,0.25,0.30416666666666664
21.3,2,11,23,6,4,0.11,0.43,0.29125
25.7,1,11,23,6,4,0.12,0.38,0.28875
7.8,5,12,23,6,4,0.32,0.44,0.2829166666666667
-0.1,1,14,23,6,4,0.3,0.2,0.29458333333333336
35.0,5,14,23,6,4,0.48,0.44,0.28750000000000003
17.7,5,17,23,6,4,0.27,0.23,0.28250000000000003
4.0,1,17,23,6,4,0.11,0.43,0.27791666666666665
8.2,2,17,23,6,4,0.32,0.31,0.26916666666666667
31.5,2,18,23,6,4,0.1,0.17,0.27166666666666667
24.2,1,19,23,6,4,0.23,0.23,0.2733333333333333
-8.1,5,21,23,6,4,0.27,0.12,0.2808333333333333
13.6,5,22,23,6,4,0.3,0.4,0.2729166666666667
-5.2,4,22,23,6,4,0.21,0.12,0.27666666666666667
28.1,2,22,23,6,4,0.21,0.18,0.28875
6.1,2,1,24,6,5,0.47,0.33,0.29250000000000004
14.4,5,1,24,6,5,0.42,0.3,0.28583333333333333
7.5,5,1,24,6,5,0.14,0.27,0.29458333333333336
35.7,2,1,24,6,5,0.48,0.28,0.30083333333333334
19.4,4,2,24,6,5,0.43,0.28,0.3083333333333333
24.8,3,3,24,6,5,0.46,0.31,0.31
31.5,5,3,24,6,5,0.35,0.47,0.30583333333333335
-2.4,5,6,24,6,5,0.37,0.46,0.305
14.7,4,7,24,6,5,0.44,0.41,0.30375
34.6,2,9,24,6,5,0.38,0.11,0.3154166666666666
-9.9,3,9,24,6,5,0.39,0.12,0.3204166666666666
13.3,5,9,24,6,5,0.24,0.32,0.3254166666666667
15.7,1,10,24,6,5,0.44,0.3,0.32166666666666666
34.7,4,11,24,6,5,0.21,0.48,0.3145833333333333
15.3,1,15,24,6,5,0.31,0.27,0.32166666666666666
15.5,1,15,24,6,5,0.44,0.11,0.325
24.8,4,16,24,6,5,0.19,0.32,0.3233333333333333
36.2,2,16,24,6,5,0.28,0.1,0.3354166666666667
26.3,3,17,24,6,5,0.39,0.23,0.33666666666666667
-6.8,4,17,24,6,5,0.26,0.27,0.3458333333333334
7.4,2,18,24,6,5,0.49,0.3,0.34125
32.3,3,19,24,6,5,0.19,0.21,0.34874999999999995
10.0,1,20,24,6,5,0.39,0.21,0.35250000000000004
14.0,2,20,24,6,5,0.3,0.47,0.3416666666666666
7.6,3,21,24,6,5,0.21,0.42,0.3358333333333334
9.1,4,21,24,6,5,0.28,0.14,0.33625
27.1,2,21,24,6,5,0.15,0.48,0.33125
36.7,5,22,24,6,5,0.36,0.43,0.3179166666666667
33.7,4,0,25,6,6,0.11,0.46,0.3066666666666667
10.7,2,0,25,6,6,0.19,0.35,0.31
-6.0,2,1,25,6,6,0.43,0.37,0.3020833333333333
-3.8,3,1,25,6,6,0.18,0.44,0.29541666666666666
14.0,2,1,25,6,6,0.28,0.38,0.29458333333333336
29.3,4,3,25,6,6,0.36,0.39,0.2991666666666667
35.4,2,6,25,6,6,0.5,0.24,0.30416666666666664
24.6,4,6,25,6,6,0.36,0.44,0.29624999999999996
-9.4,3,7,25,6,6,0.25,0.21,0.29416666666666663
37.8,2,7,25,6,6,0.16,0.31,0.2866666666666667
31.1,5,12,25,6,6,0.13,0.44,0.28875
34.6,1,12,25,6,6,0.49,0.19,0.28500000000000003
35.8,5,12,25,6,6,0.1,0.28,0.29083333333333333
19.9,2,14,25,6,6,0.42,0.39,0.2795833333333333
-8.7,4,15,25,6,6,0.12,0.26,0.2775
37.2,2,16,25,6,6,0.21,0.49,0.2720833333333333
1.9,5,16,25,6,6,0.36,0.19,0.26916666666666667
-9.0,3,16,25,6,6,0.12,0.39,0.26875
-3.9,5,17,25,6,6,0.38,0.3,0.27375
-2.8,4,18,25,6,6,0.42,0.21,0.2733333333333333
20.3,2,19,25,6,6,0.2,0.28,0.27458333333333335
18.8,2,19,25,6,6,0.31,0.15,0.285
-8.6,5,20,25,6,6,0.4,0.36,0.2833333333333333
25.1,1,21,25,6,6,0.32,0.11,0.28875
-8.9,4,21,25,6,6,0.24,0.19,0.29291666666666666
36.3,4,23,25,6,6,0.29,0.43,0.28875
35.1,1,23,25,6,6,0.33,0.18,0.29
8.0,3,23,25,6,6,0.21,0.28,0.29333333333333333
-0.9,3,0,26,6,0,0.36,0.36,0.28375
18.6,4,1,26,6,0,0.13,0.5,0.27416666666666667
38.8,2,3,26,6,0,0.27,0.36,0.2783333333333334
-3.1,5,3,26,6,0,0.46,0.25,0.285
39.7,2,4,26,6,0,0.41,0.16,0.2941666666666667
14.5,1,5,26,6,0,0.38,0.13,0.305
39.7,1,6,26,6,0,0.39,0.49,0.30416666666666664
5.6,4,6,26,6,0,0.47,0.1,0.31166666666666665
29.3,5,6,26,6,0,0.28,0.42,0.30541666666666667
16.7,2,6,26,6,0,0.27,0.12,0.32083333333333336
8.0,3,7,26,6,0,0.49,0.21,0.3308333333333333
6.5,2,8,26,6,0,0.45,0.36,0.3254166666666667
7.3,4,11,26,6,0,0.23,0.12,0.33708333333333335
23.0,4,11,26,6,0,0.4,0.38,0.3333333333333333
6.6,5,12,26,6,0,0.29,0.42,0.32375000000000004
12.2,5,12,26,6,0,0.19,0.2,0.33499999999999996
-8.5,4,14,26,6,0,0.47,0.31,0.34125000000000005
-6.7,5,15,26,6,0,0.46,0.4,0.3408333333333333
36.1,3,15,26,6,0,0.39,0.32,0.34541666666666665
36.0,4,15,26,6,0,0.43,0.24,0.34874999999999995
-6.4,1,16,26,6,0,0.32,0.29,0.34625
13.2,4,16,26,6,0,0.23,0.33,0.34208333333333335
19.6,4,16,26,6,0,0.23,0.21,0.34708333333333335
-4.3,2,17,26,6,0,0.33,0.36,0.33749999999999997
31.7,1,17,26,6,0,0.13,0.13,0.3429166666666667
-6.2,5,18,26,6,0,0.26,0.27,0.3525
12.0,2,19,26,6,0,0.5,0.46,0.34
39.9,2,21,26,6,0,0.16,0.41,0.33625
21.7,4,21,26,6,0,0.32,0.38,0.34125
14.6,2,23,26,6,0,0.5,0.39,0.335
13.0,5,23,26,6,0,0.24,0.47,0.3358333333333334
19.4,5,1,27,6,1,0.49,0.28,0.33166666666666667
-4.3,1,2,27,6,1,0.18,0.27,0.34125
10.2,2,2,27,6,1,0.5,0.49,0.33208333333333334
26.1,2,2,27,6,1,0.27,0.45,0.32625
33.0,1,2,27,6,1,0.31,0.23,0.33375
-2.2,1,5,27,6,1,0.41,0.4,0.3225
20.1,4,6,27,6,1,0.13,0.29,0.32416666666666666
8.8,4,8,27,6,1,0.33,0.19,0.32083333333333336
13.9,2,8,27,6,1,0.11,0.47,0.3066666666666667
39.1,2,9,27,6,1,0.13,0.46,0.29458333333333336
7.4,5,10,27,6,1,0.17,0.39,0.2833333333333334
34.3,4,11,27,6,1,0.12,0.43,0.26999999999999996
18.0,5,11,27,6,1,0.11,0.32,0.2704166666666667
-10.0,4,12,27,6,1,0.33,0.23,0.27125
17.2,5,13,27,6,1,0.25,0.23,0.2708333333333333
31.0,1,14,27,6,1,0.22,0.33,0.26458333333333334
35.0,4,15,27,6,1,0.18,0.13,0.26666666666666666
20.0,3,15,27,6,1,0.18,0.26,0.2704166666666667
-8.0,3,15,27,6,1,0.35,0.5,0.25875
0.3,1,16,27,6,1,0.22,0.16,0.26208333333333333
31.9,2,17,27,6,1,0.24,0.32,0.25958333333333333
39.2,2,17,27,6,1,0.26,0.5,0.24958333333333335
12.9,4,19,27,6,1,0.26,0.24,0.25333333333333335
32.7,1,20,27,6,1,0.33,0.49,0.24083333333333334
12.5,1,21,27,6,1,0.19,0.18,0.24291666666666667
35.7,5,23,27,6,1,0.23,0.5,0.2304166666666667
0.9,2,23,27,6,1,0.2,0.27,0.23041666666666663
35.7,1,0,28,6,2,0.27,0.31,0.23583333333333334
34.9,3,2,28,6,2,0.44,0.41,0.23750000000000002
14.2,2,3,28,6,2,0.45,0.13,0.245
6.9,2,4,28,6,2,0.31,0.33,0.24166666666666667
4.2,4,4,28,6,2,0.25,0.11,0.24708333333333332
35.2,5,5,28,6,2,0.24,0.13,0.26166666666666666
38.5,4,6,28,6,2,0.48,0.17,0.26125
38.2,4,6,28,6,2,0.16,0.12,0.2704166666666667
2.1,3,7,28,6,2,0.34,0.11,0.2841666666666667
3.3,4,8,28,6,2,0.44,0.33,0.2791666666666667
5.3,5,8,28,6,2,0.21,0.25,0.2804166666666667
-3.0,5,9,28,6,2,0.28,0.22,0.285
-4.3,1,9,28,6,2,0.33,0.18,0.28958333333333336
-4.2,3,9,28,6,2,0.29,0.18,0.29875
33.7,2,10,28,6,2,0.4,0.35,0.29083333333333333
-8.0,5,10,28,6,2,0.16,0.22,0.29833333333333334
38.4,5,11,28,6,2,0.4,0.24,0.295
21.7,1,11,28,6,2,0.16,0.26,0.29875
23.2,5,12,28,6,2,0.35,0.26,0.29750000000000004
18.8,2,13,28,6,2,0.23,0.33,0.30083333333333334
36.0,3,13,28,6,2,0.41,0.19,0.30875
38.0,1,15,28,6,2,0.38,0.23,0.31375000000000003
33.8,1,15,28,6,2,0.35,0.2,0.32375000000000004
3.4,5,16,28,6,2,0.44,0.27,0.3279166666666667
33.4,1,17,28,6,2,0.37,0.44,0.31916666666666665
-3.8,1,17,28,6,2,0.23,0.45,0.3095833333333333
33.4,4,20,28,6,2,0.22,0.31,0.30833333333333335
12.2,5,20,28,6,2,0.28,0.25,0.31708333333333333
4.3,1,21,28,6,2,0.46,0.24,0.32208333333333333
12.6,4,22,28,6,2,0.36,0.48,0.31625
23.5,5,0,29,6,3,0.34,0.16,0.3179166666666667
15.0,3,0,29,6,3,0.2,0.34,0.3104166666666667
14.5,5,1,29,6,3,0.16,0.44,0.30833333333333335
30.7,1,5,29,6,3,0.39,0.21,0.3095833333333334
18.8,4,6,29,6,3,0.24,0.28,0.3145833333333333
30.3,4,7,29,6,3,0.4,0.33,0.31958333333333333
33.4,5,9,29,6,3,0.45,0.29,0.31333333333333335
18.7,4,10,29,6,3,0.14,0.4,0.31333333333333335
-1.6,4,10,29,6,3,0.4,0.16,0.3141666666666667
33.5,5,11,29,6,3,0.18,0.4,0.3075
20.2,4,11,29,6,3,0.24,0.16,0.315
16.2,5,11,29,6,3,0.34,0.35,0.31125
17.4,1,12,29,6,3,0.26,0.23,0.3104166666666667
22.5,1,12,29,6,3,0.21,0.41,0.31416666666666665
32.4,3,13,29,6,3,0.5,0.38,0.3154166666666667
3.3,4,13,29,6,3,0.41,0.35,0.315
1.2,2,14,29,6,3,0.34,0.44,0.30375
30.0,3,16,29,6,3,0.17,0.37,0.2970833333333333
23.2,5,18,29,6,3,0.21,0.23,0.29250000000000004
27.0,1,18,29,6,3,0.12,0.22,0.28791666666666665
3.3,1,19,29,6,3,0.11,0.28,0.2816666666666667
-0.1,4,19,29,6,3,0.13,0.46,0.26708333333333334
16.4,4,19,29,6,3,0.11,0.36,0.26333333333333336
14.4,2,22,29,6,3,0.27,0.34,0.26916666666666667
-1.4,3,22,29,6,3,0.48,0.2,0.2808333333333333
2.0,5,22,29,6,3,0.48,0.16,0.27958333333333335
32.2,2,22,29,6,3,0.13,0.39,0.27208333333333334
38.0,4,23,29,6,3,0.21,0.24,0.28041666666666665
17.6,4,0,30,6,4,0.44,0.4,0.26833333333333337
-7.3,2,1,30,6,4,0.11,0.45,0.26708333333333334
-9.7,1,1,30,6,4,0.42,0.14,0.26625
4.9,3,2,30,6,4,0.12,0.4,0.265
-4.3,4,3,30,6,4,0.37,0.18,0.2758333333333333
30.7,1,3,30,6,4,0.44,0.24,0.27458333333333335
26.2,3,5,30,6,4,0.21,0.34,0.27875
23.0,3,5,30,6,4,0.44,0.26,0.27458333333333335
37.7,3,7,30,6,4,0.16,0.21,0.27375
14.4,5,8,30,6,4,0.19,0.5,0.2579166666666666
-1.1,2,9,30,6,4,0.12,0.41,0.24666666666666667
0.6,3,10,30,6,4,0.14,0.34,0.2520833333333333
38.2,3,11,30,6,4,0.47,0.17,0.25833333333333336
-4.5,4,12,30,6,4,0.32,0.21,0.26291666666666663
26.8,4,13,30,6,4,0.32,0.12,0.26666666666666666
26.5,2,14,30,6,4,0.21,0.11,0.26666666666666666
38.5,5,15,30,6,4,0.11,0.13,0.27749999999999997
15.5,5,15,30,6,4,0.39,0.11,0.28791666666666665
37.9,5,16,30,6,4,0.36,0.27,0.2970833333333333
4.3,4,17,30,6,4,0.49,0.48,0.29083333333333333
-2.8,1,17,30,6,4,0.33,0.48,0.2783333333333333
-0.0,3,17,30,6,4,0.18,0.13,0.2916666666666667
-1.1,1,18,30,6,4,0.45,0.21,0.3025
-7.9,1,18,30,6,4,0.47,0.44,0.30375
-5.7,2,19,30,6,4,0.47,0.11,0.31708333333333333
30.7,5,20,30,6,4,0.43,0.42,0.31958333333333333
27.3,3,21,30,6,4,0.48,0.12,0.32958333333333334
16.1,3,22,30,6,4,0.36,0.37,0.32958333333333334
9.4,2,22,30,6,4,0.37,0.44,0.31875000000000003
32.5,4,23,30,6,4,0.18,0.21,0.32375000000000004
15.7,2,0,1,7,5,0.33,0.44,0.31166666666666665
38.3,5,0,1,7,5,0.15,0.16,0.31083333333333335
35.3,3,1,1,7,5,0.14,0.19,0.315
9.5,5,1,1,7,5,0.29,0.12,0.31583333333333335
4.1,1,5,1,7,5,0.14,0.14,0.32625
19.8,2,5,1,7,5,0.39,0.47,0.31958333333333333
8.5,1,7,1,7,5,0.31,0.32,0.3125
15.7,2,8,1,7,5,0.15,0.32,0.3120833333333333
-7.7,1,8,1,7,5,0.31,0.21,0.31875000000000003
-0.5,2,9,1,7,5,0.37,0.11,0.32
7.1,5,10,1,7,5,0.14,0.39,0.3104166666666667
28.3,5,11,1,7,5,0.16,0.36,0.31
36.6,5,11,1,7,5,0.35,0.49,0.3104166666666666
1.3,2,12,1,7,5,0.5,0.33,0.3045833333333333
31.9,2,12,1,7,5,0.19,0.18,0.31625
17.4,4,16,1,7,5,0.46,0.45,0.3083333333333333
22.4,2,17,1,7,5,0.26,0.47,0.30791666666666667
31.7,1,17,1,7,5,0.46,0.47,0.29875
22.7,5,18,1,7,5,0.25,0.43,0.2916666666666667
38.9,3,20,1,7,5,0.26,0.48,0.27958333333333335
-8.6,4,21,1,7,5,0.19,0.36,0.2770833333333333
-2.8,2,21,1,7,5,0.3,0.37,0.2775
25.1,4,22,1,7,5,0.38,0.18,0.2775
-6.9,5,0,2,7,6,0.18,0.33,0.26999999999999996
31.7,4,0,2,7,6,0.15,0.15,0.2829166666666667
36.5,1,2,2,7,6,0.46,0.14,0.29125
-4.9,2,4,2,7,6,0.34,0.29,0.2966666666666667
19.9,2,5,2,7,6,0.42,0.14,0.30416666666666664
14.3,1,7,2,7,6,0.32,0.39,0.30250000000000005
22.3,3,7,2,7,6,0.35,0.31,0.29875
-1.0,3,8,2,7,6,0.22,0.15,0.3020833333333333
15.3,5,10,2,7,6,0.23,0.31,0.29583333333333334
35.7,5,11,2,7,6,0.16,0.37,0.28875
-8.1,2,11,2,7,6,0.2,0.14,0.3
28.1,1,11,2,7,6,0.41,0.16,0.29916666666666664
-4.5,3,11,2,7,6,0.14,0.35,0.29958333333333337
15.5,4,12,2,7,6,0.36,0.5,0.28624999999999995
22.2,5,13,2,7,6,0.18,0.19,0.28375
15.1,4,16,2,7,6,0.13,0.46,0.26875
-7.1,4,18,2,7,6,0.1,0.26,0.2691666666666667
-0.0,2,18,2,7,6,0.27,0.46,0.2554166666666667
28.9,2,19,2,7,6,0.13,0.25,0.25833333333333336
5.0,3,19,2,7,6,0.32,0.26,0.26416666666666666
21.0,4,22,2,7,6,0.4,0.19,0.26625000000000004
9.8,2,23,2,7,6,0.24,0.3,0.2654166666666667
40.0,3,0,3,7,0,0.28,0.38,0.26166666666666666
2.4,5,1,3,7,0,0.29,0.18,0.26958333333333334
8.5,3,3,3,7,0,0.37,0.15,0.27375
3.8,4,4,3,7,0,0.25,0.46,0.26416666666666666
-6.7,3,5,3,7,0,0.23,0.34,0.25666666666666665
38.4,4,7,3,7,0,0.16,0.42,0.245
-5.6,2,7,3,7,0,0.14,0.32,0.2416666666666667
3.8,3,7,3,7,0,0.24,0.35,0.235
16.0,4,9,3,7,0,0.19,0.22,0.24250000000000002
7.9,5,10,3,7,0,0.4,0.23,0.25
38.9,3,10,3,7,0,0.41,0.16,0.2570833333333334
31.0,1,13,3,7,0,0.33,0.2,0.2675
33.7,4,17,3,7,0,0.45,0.41,0.25875
-2.5,2,18,3,7,0,0.2,0.14,0.26958333333333334
-3.0,5,19,3,7,0,0.4,0.36,0.26875
-4.4,2,19,3,7,0,0.34,0.18,0.27
13.2,5,20,3,7,0,0.21,0.13,0.27458333333333335
-1.0,3,23,3,7,0,0.24,0.1,0.27458333333333335
-6.4,4,2,4,7,1,0.1,0.27,0.27958333333333335
13.4,5,3,4,7,1,0.39,0.13,0.2825
25.7,2,3,4,7,1,0.2,0.32,0.28291666666666665
39.4,5,5,4,7,1,0.33,0.4,0.27458333333333335
31.4,1,5,4,7,1,0.2,0.24,0.2758333333333333
24.2,2,5,4,7,1,0.27,0.28,0.26958333333333334
22.6,4,6,4,7,1,0.13,0.29,0.275
5.7,5,6,4,7,1,0.42,0.37,0.26666666666666666
29.9,4,7,4,7,1,0.17,0.25,0.27666666666666667
13.9,2,8,4,7,1,0.49,0.23,0.27458333333333335
17.9,5,8,4,7,1,0.18,0.16,0.2825
-0.4,2,9,4,7,1,0.35,0.14,0.29333333333333333
36.1,2,13,4,7,1,0.4,0.24,0.28791666666666665
32.7,1,13,4,7,1,0.11,0.19,0.2841666666666667
16.4,5,14,4,7,1,0.1,0.4,0.27999999999999997
11.8,5,15,4,7,1,0.3,0.41,0.28250000000000003
21.0,3,15,4,7,1,0.47,0.33,0.28291666666666665
29.6,3,16,4,7,1,0.34,0.45,0.27125
9.4,4,17,4,7,1,0.17,0.2,0.27791666666666665
19.2,3,18,4,7,1,0.36,0.4,0.26833333333333337
31.6,2,19,4,7,1,0.17,0.34,0.26875
16.2,5,19,4,7,1,0.35,0.21,0.27791666666666665
-2.3,3,20,4,7,1,0.43,0.24,0.2733333333333333
-5.5,5,20,4,7,1,0.13,0.1,0.28375
15.2,4,20,4,7,1,0.35,0.39,0.2820833333333333
5.1,1,22,4,7,1,0.35,0.2,0.2833333333333334
12.1,5,2,5,7,2,0.23,0.33,0.2783333333333334
6.3,1,2,5,7,2,0.21,0.2,0.2841666666666667
34.8,4,3,5,7,2,0.34,0.27,0.2791666666666667
22.0,3,5,5,7,2,0.15,0.13,0.28291666666666665
10.5,4,5,5,7,2,0.22,0.42,0.27625
39.7,4,5,5,7,2,0.26,0.17,0.28375
6.1,3,7,5,7,2,0.35,0.49,0.2808333333333333
36.0,2,7,5,7,2,0.42,0.18,0.27958333333333335
-8.3,3,8,5,7,2,0.15,0.35,0.2816666666666667
-2.9,1,8,5,7,2,0.4,0.4,0.28375
-1.3,1,9,5,7,2,0.45,0.11,0.28833333333333333
-4.6,4,9,5,7,2,0.22,0.1,0.29041666666666666
2.6,2,9,5,7,2,0.15,0.3,0.29250000000000004
4.7,2,10,5,7,2,0.35,0.47,0.28875
22.9,5,11,5,7,2,0.38,0.34,0.28458333333333335
37.8,2,12,5,7,2,0.24,0.17,0.2920833333333333
5.0,1,12,5,7,2,0.35,0.36,0.28708333333333336
19.6,1,13,5,7,2,0.24,0.17,0.2866666666666667
35.2,2,13,5,7,2,0.16,0.35,0.28291666666666665
33.8,1,14,5,7,2,0.26,0.43,0.27125
18.5,2,14,5,7,2,0.15,0.13,0.27666666666666667
22.6,2,17,5,7,2,0.26,0.35,0.2708333333333333
16.7,5,18,5,7,2,0.21,0.35,0.27208333333333334
-4.7,4,18,5,7,2,0.38,0.23,0.2683333333333333
39.3,5,18,5,7,2,0.14,0.21,0.2658333333333333
21.8,5,19,5,7,2,0.15,0.34,0.25916666666666666
27.4,3,21,5,7,2,0.18,0.15,0.26791666666666664
14.5,2,21,5,7,2,0.36,0.22,0.27375
21.3,3,22,5,7,2,0.36,0.26,0.26958333333333334
-9.0,3,22,5,7,2,0.16,0.35,0.27375
38.5,1,22,5,7,2,0.45,0.42,0.2629166666666667
-8.9,4,22,5,7,2,0.16,0.15,0.26125
-4.6,2,0,6,7,3,0.11,0.4,0.26416666666666666
-8.2,3,0,6,7,3,0.47,0.45,0.2579166666666666
-5.7,4,1,6,7,3,0.3,0.22,0.255
32.3,5,2,6,7,3,0.15,0.15,0.2541666666666667
-0.3,5,2,6,7,3,0.13,0.35,0.25333333333333335
34.3,2,3,6,7,3,0.33,0.38,0.2529166666666667
15.1,1,3,6,7,3,0.37,0.24,0.2579166666666666
-9.4,5,3,6,7,3,0.36,0.35,0.26
-4.7,3,3,6,7,3,0.4,0.24,0.2604166666666667
37.0,4,5,6,7,3,0.25,0.16,0.26541666666666663
12.2,2,8,6,7,3,0.28,0.26,0.26416666666666666
20.8,5,9,6,7,3,0.23,0.15,0.26333333333333336
23.6,2,9,6,7,3,0.13,0.26,0.2579166666666666
17.6,1,9,6,7,3,0.13,0.21,0.26416666666666666
37.7,3,11,6,7,3,0.36,0.38,0.26791666666666664
31.2,3,12,6,7,3,0.47,0.14,0.27791666666666665
31.2,1,12,6,7,3,0.38,0.15,0.2891666666666666
23.2,5,14,6,7,3,0.42,0.18,0.295
17.2,5,14,6,7,3,0.32,0.36,0.28583333333333333
10.0,5,15,6,7,3,0.14,0.36,0.2891666666666667
25.1,2,16,6,7,3,0.44,0.16,0.29083333333333333
33.7,5,18,6,7,3,0.2,0.45,0.28625
11.0,1,20,6,7,3,0.34,0.16,0.29583333333333334
-4.8,2,21,6,7,3,0.39,0.11,0.30541666666666667
21.4,4,22,6,7,3,0.34,0.47,0.3
16.9,4,23,6,7,3,0.34,0.3,0.3
-5.2,5,0,7,7,4,0.3,0.15,0.3095833333333333
1.3,1,0,7,7,4,0.38,0.13,0.31166666666666665
-1.4,4,1,7,7,4,0.18,0.33,0.30916666666666665
25.3,5,2,7,7,4,0.27,0.37,0.3141666666666667
24.7,1,2,7,7,4,0.49,0.36,0.31708333333333333
24.6,3,3,7,7,4,0.43,0.4,0.30666666666666664
30.6,4,3,7,7,4,0.15,0.25,0.30375
30.6,2,3,7,7,4,0.18,0.28,0.29875
31.3,5,6,7,7,4,0.16,0.23,0.295
39.0,3,7,7,7,4,0.14,0.13,0.3045833333333334
1.3,2,7,7,7,4,0.36,0.13,0.30541666666666667
4.3,3,7,7,7,4,0.15,0.36,0.3
32.6,1,7,7,7,4,0.23,0.47,0.28708333333333336
0.4,4,8,7,7,4,0.16,0.38,0.2833333333333334
15.9,5,8,7,7,4,0.29,0.42,0.2833333333333334
-7.1,3,9,7,7,4,0.42,0.32,0.2758333333333333
2.3,2,9,7,7,4,0.14,0.14,0.2816666666666667
15.4,2,10,7,7,4,0.28,0.44,0.27125
-6.8,4,10,7,7,4,0.19,0.2,0.2733333333333333
19.3,3,11,7,7,4,0.25,0.34,0.2791666666666667
17.4,1,13,7,7,4,0.48,0.39,0.27625
33.5,1,14,7,7,4,0.32,0.34,0.2808333333333333
33.1,5,16,7,7,4,0.45,0.34,0.2775
7.9,3,16,7,7,4,0.26,0.3,0.28250000000000003
-3.6,4,18,7,7,4,0.42,0.38,0.2783333333333333
26.2,5,19,7,7,4,0.28,0.18,0.27666666666666667
4.8,3,20,7,7,4,0.14,0.27,0.28291666666666665
10.7,4,21,7,7,4,0.42,0.49,0.28125
31.0,2,21,7,7,4,0.45,0.43,0.2704166666666667
13.1,1,21,7,7,4,0.17,0.15,0.27166666666666667
28.1,1,23,7,7,4,0.18,0.18,0.28125
20.5,2,23,7,7,4,0.41,0.16,0.2945833333333333
21.4,2,23,7,7,4,0.48,0.14,0.2975
-8.7,3,1,8,7,5,0.21,0.36,0.3025
2.2,1,2,8,7,5,0.48,0.15,0.30833333333333335
4.7,4,4,8,7,5,0.29,0.23,0.31083333333333335
-2.0,3,5,8,7,5,0.29,0.16,0.31625
28.9,5,6,8,7,5,0.29,0.29,0.3145833333333334
23.1,3,6,8,7,5,0.25,0.42,0.3075
39.9,3,8,8,7,5,0.25,0.14,0.3154166666666667
-5.1,1,10,8,7,5,0.33,0.28,0.3129166666666667
20.1,4,10,8,7,5,0.22,0.19,0.31875000000000003
14.9,2,11,8,7,5,0.33,0.25,0.32916666666666666
21.0,5,12,8,7,5,0.5,0.48,0.3233333333333333
9.9,4,12,8,7,5,0.34,0.32,0.3225
11.1,5,13,8,7,5,0.3,0.45,0.30875
5.8,2,13,8,7,5,0.12,0.26,0.3120833333333333
5.4,2,13,8,7,5,0.34,0.42,0.3070833333333333
38.3,3,14,8,7,5,0.3,0.28,0.30541666666666667
24.9,2,16,8,7,5,0.24,0.14,0.31124999999999997
13.0,4,16,8,7,5,0.28,0.42,0.31416666666666665
22.5,4,16,8,7,5,0.49,0.45,0.30666666666666664
13.2,4,17,8,7,5,0.27,0.17,0.3125
6.8,3,17,8,7,5,0.31,0.18,0.31958333333333333
6.4,2,17,8,7,5,0.35,0.41,0.3133333333333333
16.2,4,17,8,7,5,0.26,0.48,0.30416666666666664
23.8,4,17,8,7,5,0.26,0.21,0.30250000000000005
-9.5,1,17,8,7,5,0.17,0.48,0.295
28.1,2,18,8,7,5,0.3,0.29,0.3033333333333333
37.6,2,18,8,7,5,0.49,0.29,0.31124999999999997
13.6,1,19,8,7,5,0.48,0.29,0.31583333333333335
36.8,3,19,8,7,5,0.4,0.25,0.31166666666666665
16.8,2,20,8,7,5,0.15,0.25,0.31375
28.6,5,21,8,7,5,0.3,0.33,0.315
11.5,2,21,8,7,5,0.36,0.22,0.31708333333333333
-0.9,3,22,8,7,5,0.27,0.33,0.32166666666666666
21.8,4,22,8,7,5,0.44,0.5,0.31124999999999997
0.6,3,23,8,7,5,0.25,0.34,0.30833333333333335
4.6,1,23,8,7,5,0.27,0.3,0.30375
8.6,2,0,9,7,6,0.19,0.12,0.3116666666666667
34.5,1,3,9,7,6,0.31,0.34,0.3075
-5.2,2,3,9,7,6,0.24,0.3,0.30541666666666667
22.2,4,3,9,7,6,0.25,0.24,0.3070833333333333
-0.7,5,4,9,7,6,0.28,0.28,0.3045833333333333
17.1,1,5,9,7,6,0.22,0.49,0.29
0.5,3,5,9,7,6,0.14,0.27,0.28625
1.8,2,6,9,7,6,0.18,0.31,0.29416666666666663
-3.2,5,6,9,7,6,0.5,0.35,0.285
36.3,5,6,9,7,6,0.13,0.26,0.29250000000000004
-6.0,1,7,9,7,6,0.44,0.26,0.29000000000000004
28.0,5,8,9,7,6,0.2,0.17,0.2945833333333333
-4.8,4,8,9,7,6,0.28,0.3,0.29375
0.2,5,11,9,7,6,0.28,0.49,0.2808333333333333
11.7,3,12,9,7,6,0.18,0.48,0.26875
-1.5,5,14,9,7,6,0.19,0.4,0.2604166666666667
12.3,4,14,9,7,6,0.2,0.15,0.26875
34.9,1,15,9,7,6,0.35,0.3,0.2679166666666667
12.2,1,15,9,7,6,0.28,0.36,0.26333333333333336
31.0,2,16,9,7,6,0.25,0.27,0.26333333333333336
-5.5,5,16,9,7,6,0.27,0.44,0.25666666666666665
13.6,3,18,9,7,6,0.28,0.25,0.25875
19.0,5,18,9,7,6,0.3,0.27,0.2583333333333333
14.9,4,18,9,7,6,0.26,0.19,0.2675
37.4,1,19,9,7,6,0.41,0.31,0.27458333333333335
12.2,5,19,9,7,6,0.48,0.24,0.27458333333333335
11.8,4,19,9,7,6,0.24,0.25,0.2791666666666667
14.0,4,21,9,7,6,0.36,0.28,0.28208333333333335
30.8,4,21,9,7,6,0.35,0.22,0.2854166666666667
3.4,1,21,9,7,6,0.3,0.14,0.29125
4.7,1,23,9,7,6,0.28,0.18,0.28875
7.3,1,2,10,7,0,0.12,0.5,0.28250000000000003
33.5,3,4,10,7,0,0.35,0.13,0.2841666666666667
33.2,5,5,10,7,0,0.17,0.44,0.28625
-1.0,1,7,10,7,0,0.49,0.2,0.29875
33.0,4,7,10,7,0,0.5,0.28,0.3016666666666667
-3.3,4,8,10,7,0,0.35,0.28,0.30125
12.5,5,8,10,7,0,0.27,0.18,0.2991666666666667
-3.2,1,8,10,7,0,0.13,0.19,0.29583333333333334
9.5,1,9,10,7,0,0.11,0.2,0.2925
10.0,5,10,10,7,0,0.12,0.35,0.2841666666666667
24.1,2,14,10,7,0,0.15,0.28,0.28791666666666665
10.2,4,15,10,7,0,0.37,0.25,0.2920833333333333
3.4,1,15,10,7,0,0.35,0.27,0.2854166666666667
7.1,4,15,10,7,0,0.11,0.28,0.28375
23.9,4,16,10,7,0,0.24,0.3,0.28291666666666665
11.8,5,17,10,7,0,0.28,0.26,0.28124999999999994
37.6,3,18,10,7,0,0.22,0.41,0.2704166666666667
24.1,3,18,10,7,0,0.15,0.48,0.26458333333333334
14.6,3,19,10,7,0,0.34,0.24,0.26125
-4.2,3,19,10,7,0,0.16,0.36,0.2658333333333333
5.2,1,20,10,7,0,0.47,0.35,0.25875
9.5,3,21,10,7,0,0.18,0.3,0.25333333333333335
26.4,2,21,10,7,0,0.17,0.28,0.2525
-7.7,1,22,10,7,0,0.26,0.12,0.25625000000000003
-1.8,4,22,10,7,0,0.21,0.35,0.2504166666666667
13.6,3,22,10,7,0,0.21,0.17,0.2525
-1.1,5,23,10,7,0,0.22,0.49,0.24041666666666664
21.1,3,23,10,7,0,0.2,0.5,0.23625
7.7,3,0,11,7,1,0.4,0.35,0.23124999999999998
15.3,2,0,11,7,1,0.23,0.27,0.22958333333333333
24.9,2,0,11,7,1,0.23,0.13,0.2383333333333333
29.3,4,3,11,7,1,0.34,0.11,0.24666666666666667
17.3,3,5,11,7,1,0.31,0.12,0.25916666666666666
34.5,2,5,11,7,1,0.42,0.15,0.2708333333333333
23.0,4,5,11,7,1,0.43,0.37,0.27041666666666664
-2.5,4,5,11,7,1,0.36,0.35,0.2758333333333333
39.9,5,5,11,7,1,0.48,0.11,0.29083333333333333
34.1,3,6,11,7,1,0.47,0.24,0.2866666666666667
31.4,1,6,11,7,1,0.14,0.28,0.2833333333333333
15.9,2,9,11,7,1,0.2,0.22,0.29333333333333333
33.3,1,9,11,7,1,0.46,0.15,0.29541666666666666
27.5,2,9,11,7,1,0.2,0.34,0.29541666666666666
20.7,1,11,11,7,1,0.34,0.16,0.30541666666666667
30.3,5,11,11,7,1,0.4,0.47,0.29750000000000004
8.2,1,11,11,7,1,0.28,0.18,0.29833333333333334
10.9,5,12,11,7,1,0.2,0.17,0.30875
33.1,1,12,11,7,1,0.42,0.26,0.30916666666666665
-0.6,3,15,11,7,1,0.27,0.21,0.31666666666666665
18.3,1,16,11,7,1,0.39,0.21,0.32875000000000004
8.8,1,17,11,7,1,0.5,0.22,0.3304166666666667
9.9,2,17,11,7,1,0.26,0.2,0.34041666666666665
-7.3,2,17,11,7,1,0.44,0.4,0.34
26.9,3,18,11,7,1,0.39,0.23,0.3383333333333334
21.6,3,18,11,7,1,0.19,0.23,0.33958333333333335
21.9,4,20,11,7,1,0.26,0.34,0.33083333333333337
-7.3,4,20,11,7,1,0.13,0.31,0.3316666666666667
23.5,5,21,11,7,1,0.33,0.42,0.31833333333333336
30.9,4,21,11,7,1,0.1,0.43,0.31625
29.2,1,22,11,7,1,0.38,0.36,0.31333333333333335
28.6,2,23,11,7,1,0.29,0.48,0.31375000000000003
25.6,4,1,12,7,2,0.49,0.47,0.3125
6.7,2,2,12,7,2,0.44,0.14,0.3216666666666667
1.5,1,3,12,7,2,0.36,0.2,0.3204166666666667
-1.2,5,3,12,7,2,0.17,0.46,0.31083333333333335
28.2,2,3,12,7,2,0.23,0.2,0.31125
26.3,3,4,12,7,2,0.21,0.34,0.3091666666666667
10.7,3,5,12,7,2,0.29,0.4,0.3116666666666667
34.3,3,6,12,7,2,0.46,0.28,0.31375000000000003
24.0,5,7,12,7,2,0.33,0.2,0.32375
6.1,3,7,12,7,2,0.44,0.42,0.3225
1.4,2,7,12,7,2,0.39,0.27,0.32125
15.4,4,8,12,7,2,0.24,0.39,0.3154166666666667
25.8,3,8,12,7,2,0.25,0.5,0.31083333333333335
37.4,1,9,12,7,2,0.39,0.26,0.32
3.1,3,9,12,7,2,0.48,0.44,0.31416666666666665
21.2,5,10,12,7,2,0.3,0.39,0.315
34.6,3,10,12,7,2,0.41,0.19,0.32583333333333336
24.3,2,12,12,7,2,0.45,0.26,0.335
-2.2,1,13,12,7,2,0.48,0.13,0.3433333333333333
2.3,5,13,12,7,2,0.33,0.33,0.3433333333333333
33.0,4,13,12,7,2,0.33,0.1,0.35083333333333333
2.3,1,14,12,7,2,0.28,0.38,0.34791666666666665
23.3,1,14,12,7,2,0.31,0.29,0.3491666666666667
6.7,3,15,12,7,2,0.32,0.49,0.3429166666666667
33.3,4,15,12,7,2,0.34,0.44,0.3329166666666667
8.6,1,17,12,7,2,0.2,0.36,0.3329166666666667
-5.8,2,19,12,7,2,0.36,0.17,0.3416666666666666
11.3,1,21,12,7,2,0.38,0.23,0.33749999999999997
21.0,5,22,12,7,2,0.13,0.21,0.34833333333333333
-4.8,3,0,13,7,3,0.47,0.29,0.3529166666666667
6.1,3,1,13,7,3,0.4,0.46,0.3475
21.5,1,2,13,7,3,0.33,0.33,0.34249999999999997
34.9,3,3,13,7,3,0.21,0.44,0.3383333333333334
-2.1,5,6,13,7,3,0.34,0.39,0.33874999999999994
16.5,2,8,13,7,3,0.4,0.24,0.33916666666666667
21.5,2,8,13,7,3,0.25,0.25,0.34791666666666665
21.8,4,10,13,7,3,0.46,0.39,0.33749999999999997
-7.0,3,10,13,7,3,0.14,0.48,0.3229166666666667
34.0,1,11,13,7,3,0.13,0.3,0.31625000000000003
-1.1,1,12,13,7,3,0.14,0.41,0.3145833333333334
31.6,1,12,13,7,3,0.37,0.45,0.31124999999999997
4.2,5,13,13,7,3,0.37,0.48,0.31
37.3,5,13,13,7,3,0.45,0.33,0.31125
0.8,4,13,13,7,3,0.36,0.33,0.31708333333333333
29.4,4,14,13,7,3,0.47,0.28,0.31916666666666665
-3.8,3,16,13,7,3,0.33,0.31,0.3129166666666667
8.4,5,16,13,7,3,0.16,0.32,0.3066666666666667
10.6,1,17,13,7,3,0.17,0.34,0.29708333333333337
30.3,2,17,13,7,3,0.11,0.2,0.30833333333333335
17.6,2,18,13,7,3,0.47,0.36,0.30124999999999996
-1.0,5,20,13,7,3,0.19,0.38,0.29125
14.8,4,23,13,7,3,0.14,0.13,0.29083333333333333
13.0,2,23,13,7,3,0.12,0.47,0.2783333333333334
35.0,1,0,14,7,4,0.17,0.4,0.27375
39.3,5,0,14,7,4,0.29,0.33,0.27958333333333335
-6.3,5,2,14,7,4,0.47,0.21,0.29083333333333333
1.7,5,3,14,7,4,0.48,0.34,0.28208333333333335
23.8,1,4,14,7,4,0.13,0.4,0.27291666666666664
-2.1,5,4,14,7,4,0.18,0.25,0.26791666666666664
-6.8,5,4,14,7,4,0.13,0.46,0.25916666666666666
31.3,3,5,14,7,4,0.25,0.14,0.26
32.3,5,6,14,7,4,0.16,0.13,0.2708333333333333
1.8,5,7,14,7,4,0.39,0.14,0.26916666666666667
34.2,1,7,14,7,4,0.1,0.37,0.2620833333333333
-3.7,1,8,14,7,4,0.2,0.37,0.25125000000000003
25.2,5,8,14,7,4,0.11,0.45,0.25125000000000003
-2.0,4,9,14,7,4,0.45,0.36,0.25666666666666665
31.9,5,10,14,7,4,0.49,0.47,0.25666666666666665
2.7,3,10,14,7,4,0.47,0.33,0.24791666666666667
-7.2,1,11,14,7,4,0.12,0.16,0.25458333333333333
11.3,2,11,14,7,4,0.32,0.17,0.26
22.7,5,11,14,7,4,0.3,0.11,0.2670833333333333
33.6,5,12,14,7,4,0.28,0.47,0.2525
5.6,4,13,14,7,4,0.12,0.19,0.26458333333333334
-3.6,3,13,14,7,4,0.48,0.14,0.27666666666666667
3.5,4,14,14,7,4,0.43,0.12,0.27625
1.9,3,15,14,7,4,0.11,0.17,0.2816666666666667
7.3,1,17,14,7,4,0.3,0.29,0.28291666666666665
1.8,2,18,14,7,4,0.32,0.47,0.26791666666666664
33.8,1,18,14,7,4,0.11,0.48,0.25625
-0.6,5,19,14,7,4,0.2,0.13,0.26666666666666666
4.8,1,21,14,7,4,0.38,0.18,0.27666666666666667
32.5,2,23,14,7,4,0.42,0.13,0.27791666666666665
10.6,2,0,15,7,5,0.16,0.25,0.28375
22.9,3,2,15,7,5,0.39,0.16,0.2891666666666666
32.3,5,3,15,7,5,0.29,0.39,0.28583333333333333
34.8,4,5,15,7,5,0.31,0.1,0.29375
1.2,4,6,15,7,5,0.29,0.2,0.29125
15.5,3,6,15,7,5,0.14,0.11,0.2941666666666667
29.0,5,7,15,7,5,0.18,0.45,0.2808333333333333
-2.2,3,7,15,7,5,0.13,0.49,0.27958333333333335
2.1,1,8,15,7,5,0.46,0.47,0.26666666666666666
-0.8,3,8,15,7,5,0.16,0.12,0.27375
30.7,1,8,15,7,5,0.29,0.32,0.27625
12.4,1,8,15,7,5,0.38,0.3,0.27666666666666667
-5.0,1,10,15,7,5,0.31,0.28,0.2708333333333333
34.2,5,10,15,7,5,0.14,0.12,0.285
20.7,3,10,15,7,5,0.46,0.48,0.26999999999999996
38.5,3,11,15,7,5,0.12,0.43,0.25666666666666665
24.4,3,11,15,7,5,0.11,0.11,0.26
19.0,1,12,15,7,5,0.19,0.3,0.2529166666666667
37.8,2,12,15,7,5,0.13,0.32,0.25375
16.3,4,13,15,7,5,0.34,0.11,0.26583333333333337
0.1,2,15,15,7,5,0.4,0.2,0.2733333333333334
-4.5,5,17,15,7,5,0.38,0.38,0.2675
4.0,4,19,15,7,5,0.24,0.42,0.2575
-1.6,1,20,15,7,5,0.18,0.16,0.2654166666666667
-9.7,3,20,15,7,5,0.35,0.39,0.25625000000000003
29.9,1,21,15,7,5,0.17,0.29,0.25625000000000003
36.4,1,21,15,7,5,0.29,0.31,0.24791666666666667
10.9,1,21,15,7,5,0.11,0.29,0.25166666666666665
16.6,1,22,15,7,5,0.38,0.14,0.25875
24.8,1,22,15,7,5,0.31,0.18,0.2683333333333333
8.1,2,22,15,7,5,0.41,0.13,0.27875
15.2,2,22,15,7,5,0.38,0.46,0.2720833333333333
35.5,5,23,15,7,5,0.3,0.16,0.2825
5.6,1,23,15,7,5,0.41,0.29,0.2816666666666667
8.7,3,0,16,7,6,0.27,0.38,0.27791666666666665
12.3,1,0,16,7,6,0.29,0.31,0.2820833333333333
35.8,2,0,16,7,6,0.41,0.14,0.2808333333333333
34.4,1,0,16,7,6,0.11,0.46,0.27749999999999997
11.7,3,1,16,7,6,0.38,0.12,0.28458333333333335
28.3,1,2,16,7,6,0.29,0.11,0.29833333333333334
37.8,3,3,16,7,6,0.44,0.19,0.305
39.2,5,4,16,7,6,0.35,0.13,0.315
33.8,2,4,16,7,6,0.37,0.34,0.30791666666666667
10.1,4,5,16,7,6,0.17,0.4,0.3020833333333333
13.2,1,7,16,7,6,0.26,0.38,0.30041666666666667
20.7,1,8,16,7,6,0.34,0.24,0.2966666666666667
10.6,1,9,16,7,6,0.15,0.18,0.29416666666666663
34.5,5,10,16,7,6,0.12,0.35,0.29583333333333334
31.2,4,10,16,7,6,0.39,0.17,0.29625
33.3,2,11,16,7,6,0.18,0.29,0.29875
3.3,4,12,16,7,6,0.35,0.11,0.3129166666666667
-6.9,3,13,16,7,6,0.45,0.38,0.30791666666666667
-8.0,5,13,16,7,6,0.26,0.31,0.30833333333333335
36.6,3,13,16,7,6,0.32,0.41,0.29625
5.5,3,14,16,7,6,0.12,0.38,0.28625
32.7,2,14,16,7,6,0.14,0.3,0.2904166666666667
24.2,5,17,16,7,6,0.4,0.41,0.27958333333333335
-8.8,3,18,16,7,6,0.15,0.27,0.285
-8.0,4,20,16,7,6,0.4,0.29,0.2816666666666667
-0.2,1,22,16,7,6,0.21,0.41,0.27875
26.4,5,23,16,7,6,0.34,0.11,0.2816666666666667
31.8,1,23,16,7,6,0.18,0.38,0.2758333333333333
-1.3,4,23,16,7,6,0.24,0.29,0.27708333333333335
34.5,4,0,17,7,0,0.32,0.44,0.2791666666666667
37.4,1,0,17,7,0,0.49,0.35,0.26875
33.5,3,0,17,7,0,0.1,0.37,0.27291666666666664
38.2,3,0,17,7,0,0.47,0.17,0.28291666666666665
-3.4,5,2,17,7,0,0.41,0.26,0.28583333333333333
-5.6,5,2,17,7,0,0.33,0.34,0.28541666666666665
21.5,2,6,17,7,0,0.33,0.15,0.28458333333333335
-7.5,3,8,17,7,0,0.13,0.12,0.29583333333333334
0.9,2,8,17,7,0,0.39,0.39,0.28833333333333333
24.0,3,8,17,7,0,0.21,0.18,0.29624999999999996
36.4,5,9,17,7,0,0.37,0.35,0.30041666666666667
0.0,5,11,17,7,0,0.45,0.45,0.29458333333333336
25.3,4,12,17,7,0,0.31,0.26,0.29583333333333334
5.7,1,12,17,7,0,0.29,0.32,0.29083333333333333
3.4,5,12,17,7,0,0.2,0.12,0.30291666666666667
5.0,3,13,17,7,0,0.41,0.14,0.30624999999999997
27.4,2,14,17,7,0,0.22,0.4,0.30916666666666665
7.2,5,14,17,7,0,0.47,0.15,0.31625
35.4,1,16,17,7,0,0.32,0.4,0.3075
8.7,1,16,17,7,0,0.19,0.21,0.30875
-0.9,1,16,17,7,0,0.24,0.34,0.31375000000000003
17.8,4,17,17,7,0,0.46,0.18,0.32333333333333336
-1.8,2,18,17,7,0,0.41,0.24,0.3283333333333333
-1.4,5,18,17,7,0,0.36,0.32,0.32541666666666663
-1.1,1,19,17,7,0,0.25,0.49,0.31166666666666665
7.2,1,21,17,7,0,0.16,0.1,0.31416666666666665
16.8,1,22,17,7,0,0.16,0.47,0.305
25.6,1,22,17,7,0,0.25,0.41,0.30583333333333335
22.3,1,23,17,7,0,0.43,0.33,0.3016666666666667
13.9,2,23,17,7,0,0.23,0.33,0.29375
17.5,1,1,18,7,1,0.14,0.13,0.3
-0.6,4,3,18,7,1,0.28,0.39,0.2904166666666667
9.9,3,4,18,7,1,0.16,0.21,0.2941666666666667
20.3,4,4,18,7,1,0.3,0.37,0.2866666666666667
-4.7,3,4,18,7,1,0.19,0.45,0.2725
18.6,3,4,18,7,1,0.11,0.31,0.27041666666666664
37.4,1,5,18,7,1,0.26,0.29,0.26499999999999996
24.3,4,5,18,7,1,0.16,0.2,0.27125
-2.8,2,5,18,7,1,0.35,0.41,0.265
4.7,4,6,18,7,1,0.26,0.22,0.2629166666666667
0.4,5,7,18,7,1,0.17,0.47,0.26166666666666666
39.9,1,7,18,7,1,0.44,0.32,0.2675
21.0,1,8,18,7,1,0.46,0.19,0.2658333333333333
-9.8,1,8,18,7,1,0.15,0.24,0.26875
25.8,5,9,18,7,1,0.31,0.46,0.26916666666666667
35.5,5,10,18,7,1,0.47,0.41,0.2604166666666667
24.3,1,10,18,7,1,0.2,0.36,0.2608333333333333
-3.1,4,10,18,7,1,0.37,0.25,0.25625000000000003
4.0,1,11,18,7,1,0.14,0.16,0.26916666666666667
5.0,4,11,18,7,1,0.47,0.16,0.27625
37.1,1,11,18,7,1,0.33,0.25,0.28291666666666665
34.9,1,12,18,7,1,0.41,0.43,0.27208333333333334
14.7,2,12,18,7,1,0.17,0.23,0.26958333333333334
15.3,2,16,18,7,1,0.17,0.14,0.27958333333333335
11.1,3,17,18,7,1,0.38,0.28,0.2866666666666667
5.0,3,18,18,7,1,0.45,0.16,0.29
-9.7,3,18,18,7,1,0.24,0.3,0.29791666666666666
7.1,3,19,18,7,1,0.49,0.19,0.3041666666666667
33.1,5,19,18,7,1,0.34,0.11,0.30375
0.8,5,20,18,7,1,0.1,0.26,0.30583333333333335
-0.3,1,21,18,7,1,0.31,0.16,0.315
38.8,5,22,18,7,1,0.38,0.35,0.31250000000000006
-6.7,5,22,18,7,1,0.29,0.26,0.3104166666666667
14.2,5,0,19,7,2,0.21,0.17,0.31
3.8,3,2,19,7,2,0.16,0.44,0.31083333333333335
26.9,2,2,19,7,2,0.46,0.46,0.29750000000000004
-1.1,3,2,19,7,2,0.14,0.15,0.30791666666666667
21.1,4,3,19,7,2,0.4,0.31,0.30166666666666664
31.8,5,6,19,7,2,0.16,0.47,0.29458333333333336
-3.5,2,6,19,7,2,0.3,0.2,0.29291666666666666
35.3,5,8,19,7,2,0.16,0.37,0.28958333333333336
11.5,5,9,19,7,2,0.29,0.14,0.2970833333333333
20.2,5,10,19,7,2,0.32,0.47,0.28291666666666665
23.4,3,10,19,7,2,0.13,0.33,0.2841666666666667
19.4,5,10,19,7,2,0.36,0.41,0.2866666666666667
5.9,2,11,19,7,2,0.47,0.17,0.295
23.0,3,11,19,7,2,0.37,0.17,0.29625
-7.4,5,11,19,7,2,0.2,0.38,0.2970833333333333
4.1,5,15,19,7,2,0.4,0.45,0.28583333333333333
18.8,5,16,19,7,2,0.18,0.24,0.28375
8.8,4,17,19,7,2,0.19,0.49,0.27375
-9.4,5,18,19,7,2,0.25,0.34,0.27875
-6.1,3,18,19,7,2,0.46,0.1,0.2920833333333333
1.8,2,20,19,7,2,0.42,0.31,0.2933333333333333
1.1,1,21,19,7,2,0.34,0.38,0.2833333333333333
24.1,4,21,19,7,2,0.14,0.29,0.2825
-2.0,5,22,19,7,2,0.27,0.21,0.2875
18.4,1,22,19,7,2,0.33,0.16,0.29791666666666666
37.6,4,22,19,7,2,0.41,0.46,0.29791666666666666
-0.8,5,23,19,7,2,0.46,0.14,0.30916666666666665
2.8,4,0,20,7,3,0.41,0.4,0.3108333333333333
12.1,3,0,20,7,3,0.44,0.16,0.3225
-0.4,3,1,20,7,3,0.44,0.3,0.32125
-5.9,4,2,20,7,3,0.27,0.16,0.32583333333333336
13.9,5,6,20,7,3,0.27,0.29,0.32375000000000004
30.3,1,6,20,7,3,0.24,0.32,0.32916666666666666
9.1,1,6,20,7,3,0.45,0.13,0.32958333333333334
2.2,2,7,20,7,3,0.14,0.36,0.3283333333333333
-5.8,5,7,20,7,3,0.33,0.47,0.31625
29.8,1,8,20,7,3,0.18,0.37,0.31416666666666665
26.2,3,11,20,7,3,0.32,0.2,0.31666666666666665
13.1,1,12,20,7,3,0.26,0.4,0.31375000000000003
35.8,1,13,20,7,3,0.33,0.18,0.32458333333333333
13.2,5,13,20,7,3,0.44,0.19,0.3333333333333333
16.3,1,13,20,7,3,0.4,0.25,0.335
39.9,5,14,20,7,3,0.29,0.46,0.3229166666666667
5.4,5,14,20,7,3,0.17,0.42,0.31875000000000003
24.9,5,14,20,7,3,0.32,0.34,0.3104166666666667
34.0,2,16,20,7,3,0.14,0.14,0.31875000000000003
24.4,2,16,20,7,3,0.34,0.27,0.32333333333333336
15.2,5,18,20,7,3,0.38,0.33,0.3225
10.6,4,19,20,7,3,0.31,0.41,0.31625
14.7,2,19,20,7,3,0.26,0.46,0.315
28.1,4,21,20,7,3,0.43,0.41,0.3125
8.7,2,22,20,7,3,0.35,0.44,0.3045833333333334
22.9,1,0,21,7,4,0.25,0.44,0.2941666666666667
1.8,1,4,21,7,4,0.19,0.27,0.3025
-4.8,3,5,21,7,4,0.47,0.27,0.305
29.4,1,6,21,7,4,0.33,0.24,0.3
4.4,4,6,21,7,4,0.12,0.45,0.28583333333333333
19.3,3,6,21,7,4,0.11,0.14,0.29458333333333336
39.7,1,7,21,7,4,0.35,0.33,0.28833333333333333
27.3,1,8,21,7,4,0.18,0.18,0.2920833333333333
21.6,5,9,21,7,4,0.27,0.32,0.2833333333333333
19.2,5,12,21,7,4,0.11,0.26,0.28833333333333333
27.6,5,14,21,7,4,0.38,0.33,0.28208333333333335
11.3,1,15,21,7,4,0.18,0.44,0.27041666666666664
16.2,1,16,21,7,4,0.16,0.4,0.26833333333333337
39.2,5,17,21,7,4,0.35,0.29,0.26875
37.8,2,18,21,7,4,0.3,0.17,0.27375
0.7,5,18,21,7,4,0.29,0.32,0.2725
20.2,2,18,21,7,4,0.29,0.14,0.28750000000000003
-7.3,3,20,21,7,4,0.5,0.34,0.2875
-1.5,4,20,21,7,4,0.34,0.38,0.2783333333333333
16.3,2,21,21,7,4,0.16,0.31,0.27458333333333335
36.0,2,22,21,7,4,0.22,0.26,0.28458333333333335
13.3,2,22,21,7,4,0.5,0.43,0.28125
19.4,4,22,21,7,4,0.35,0.35,0.28250000000000003
-9.2,5,23,21,7,4,0.38,0.25,0.27666666666666667
8.9,3,23,21,7,4,0.11,0.19,0.27625
7.8,3,23,21,7,4,0.18,0.47,0.26875
30.1,3,0,22,7,5,0.29,0.33,0.27541666666666664
7.2,3,1,22,7,5,0.49,0.12,0.27875
8.8,5,3,22,7,5,0.2,0.11,0.28875
37.4,1,3,22,7,5,0.35,0.35,0.28291666666666665
36.7,4,4,22,7,5,0.21,0.18,0.28583333333333333
2.8,2,5,22,7,5,0.25,0.27,0.28791666666666665
-7.2,5,6,22,7,5,0.32,0.11,0.2966666666666667
25.5,3,7,22,7,5,0.32,0.38,0.29833333333333334
37.5,1,8,22,7,5,0.42,0.18,0.30583333333333335
7.8,1,9,22,7,5,0.36,0.16,0.31083333333333335
13.7,1,9,22,7,5,0.28,0.35,0.30541666666666667
36.0,3,10,22,7,5,0.22,0.3,0.31
22.1,1,10,22,7,5,0.41,0.29,0.305
-2.5,3,11,22,7,5,0.17,0.29,0.3016666666666667
20.5,5,11,22,7,5,0.21,0.5,0.2995833333333333
34.4,2,11,22,7,5,0.45,0.34,0.30291666666666667
-8.5,4,12,22,7,5,0.42,0.16,0.3045833333333333
25.6,4,12,22,7,5,0.2,0.22,0.315
36.2,2,13,22,7,5,0.47,0.5,0.31375000000000003
39.5,2,14,22,7,5,0.47,0.35,0.3104166666666666
10.3,5,15,22,7,5,0.27,0.38,0.30291666666666667
32.4,2,15,22,7,5,0.2,0.11,0.31083333333333335
6.4,3,16,22,7,5,0.3,0.18,0.30791666666666667
-9.9,3,16,22,7,5,0.11,0.29,0.31249999999999994
4.0,4,16,22,7,5,0.4,0.49,0.3045833333333334
-10.0,3,18,22,7,5,0.3,0.2,0.315
-6.4,3,18,22,7,5,0.45,0.35,0.30750000000000005
15.6,5,18,22,7,5,0.17,0.21,0.3116666666666667
38.2,1,19,22,7,5,0.31,0.25,0.32083333333333336
15.5,4,19,22,7,5,0.47,0.32,0.32416666666666666
-5.9,3,21,22,7,5,0.4,0.32,0.33041666666666664
32.2,5,22,22,7,5,0.47,0.42,0.32749999999999996
28.2,3,22,22,7,5,0.35,0.36,0.32666666666666666
22.2,3,0,23,7,6,0.34,0.28,0.3304166666666667
39.1,3,2,23,7,6,0.37,0.22,0.33708333333333335
27.6,3,4,23,7,6,0.38,0.41,0.3304166666666667
29.4,1,4,23,7,6,0.25,0.17,0.33083333333333337
22.8,5,6,23,7,6,0.18,0.21,0.3316666666666667
16.0,2,6,23,7,6,0.23,0.45,0.3279166666666667
-8.3,4,6,23,7,6,0.36,0.42,0.33
1.0,3,8,23,7,6,0.47,0.2,0.33083333333333337
-4.1,2,9,23,7,6,0.22,0.47,0.3225
36.5,2,10,23,7,6,0.27,0.47,0.31958333333333333
26.1,1,10,23,7,6,0.4,0.27,0.3283333333333333
2.9,5,11,23,7,6,0.48,0.2,0.32958333333333334
15.2,4,11,23,7,6,0.23,0.3,0.32916666666666666
-1.2,4,12,23,7,6,0.29,0.11,0.345
28.5,5,13,23,7,6,0.49,0.4,0.34375
29.9,2,13,23,7,6,0.37,0.3,0.3416666666666666
-7.8,3,13,23,7,6,0.25,0.45,0.33416666666666667
16.6,3,13,23,7,6,0.27,0.17,0.3416666666666666
-5.8,1,13,23,7,6,0.35,0.31,0.3345833333333333
17.7,5,15,23,7,6,0.14,0.47,0.3233333333333333
12.7,4,15,23,7,6,0.2,0.4,0.32541666666666663
33.4,3,15,23,7,6,0.45,0.47,0.3120833333333333
15.2,3,16,23,7,6,0.15,0.35,0.30375
16.6,2,17,23,7,6,0.15,0.34,0.3075
-7.0,4,19,23,7,6,0.43,0.37,0.3095833333333333
34.1,5,21,23,7,6,0.42,0.38,0.3033333333333333
27.7,3,0,24,7,0,0.23,0.25,0.305
31.4,4,0,24,7,0,0.29,0.18,0.30833333333333335
-1.2,4,1,24,7,0,0.26,0.23,0.3070833333333333
16.9,4,3,24,7,0,0.2,0.36,0.30583333333333335
0.4,5,3,24,7,0,0.33,0.47,0.29125
29.9,4,4,24,7,0,0.12,0.22,0.3025
15.1,1,5,24,7,0,0.49,0.27,0.3075
-4.7,2,7,24,7,0,0.39,0.4,0.29583333333333334
29.1,5,8,24,7,0,0.12,0.48,0.28291666666666665
22.3,3,9,24,7,0,0.17,0.23,0.28833333333333333
28.7,4,9,24,7,0,0.36,0.29,0.2808333333333333
32.1,4,10,24,7,0,0.11,0.49,0.26958333333333334
18.5,2,12,24,7,0,0.22,0.37,0.2654166666666667
35.0,3,12,24,7,0,0.27,0.25,0.2704166666666667
-4.3,3,12,24,7,0,0.37,0.27,0.27458333333333335
30.1,3,13,24,7,0,0.37,0.35,0.27708333333333335
11.4,4,13,24,7,0,0.41,0.14,0.285
34.3,3,14,24,7,0,0.33,0.2,0.29000000000000004
10.2,1,15,24,7,0,0.32,0.45,0.27708333333333335
39.5,1,16,24,7,0,0.14,0.15,0.27875
34.9,5,17,24,7,0,0.19,0.15,0.28500000000000003
15.2,5,17,24,7,0,0.3,0.43,0.28375
-5.0,2,19,24,7,0,0.4,0.42,0.2833333333333333
21.4,5,20,24,7,0,0.41,0.23,0.28791666666666665
6.3,2,20,24,7,0,0.34,0.29,0.29458333333333336
11.8,1,21,24,7,0,0.45,0.26,0.2941666666666667
7.7,2,22,24,7,0,0.25,0.2,0.29625
14.3,4,23,24,7,0,0.25,0.33,0.3
6.9,4,23,24,7,0,0.42,0.12,0.30375
32.0,3,23,24,7,0,0.21,0.49,0.2975
-9.7,4,0,25,7,1,0.34,0.39,0.29791666666666666
-5.5,1,1,25,7,1,0.4,0.12,0.30333333333333334
-5.3,5,2,25,7,1,0.25,0.17,0.3095833333333334
-0.7,5,2,25,7,1,0.32,0.36,0.3104166666666667
11.7,3,2,25,7,1,0.38,0.11,0.31875
19.1,4,3,25,7,1,0.31,0.22,0.31708333333333333
25.6,4,6,25,7,1,0.18,0.27,0.31083333333333335
24.2,5,6,25,7,1,0.12,0.37,0.3129166666666667
6.2,5,7,25,7,1,0.42,0.37,0.305
9.3,2,8,25,7,1,0.18,0.41,0.30375
39.7,1,9,25,7,1,0.38,0.33,0.30416666666666664
36.5,2,10,25,7,1,0.34,0.32,0.3016666666666667
33.8,2,11,25,7,1,0.26,0.14,0.30875
11.3,5,11,25,7,1,0.31,0.19,0.3095833333333334
3.4,2,13,25,7,1,0.21,0.3,0.31625
37.5,5,14,25,7,1,0.46,0.4,0.30916666666666665
27.5,4,15,25,7,1,0.23,0.41,0.30875
-7.0,1,15,25,7,1,0.4,0.34,0.30541666666666667
30.8,5,15,25,7,1,0.26,0.45,0.2966666666666667
13.5,2,16,25,7,1,0.24,0.25,0.30375
-5.4,3,17,25,7,1,0.42,0.25,0.3125
20.6,2,19,25,7,1,0.46,0.42,0.30333333333333334
13.9,5,20,25,7,1,0.2,0.21,0.30125
10.3,5,20,25,7,1,0.16,0.34,0.29208333333333336
1.7,2,21,25,7,1,0.12,0.4,0.28125
-0.3,3,21,25,7,1,0.14,0.25,0.28833333333333333
-1.4,1,1,26,7,2,0.42,0.32,0.2841666666666666
5.9,2,1,26,7,2,0.22,0.38,0.2820833333333333
2.1,1,2,26,7,2,0.33,0.31,0.27666666666666667
21.9,4,3,26,7,2,0.18,0.18,0.2870833333333333
11.1,5,4,26,7,2,0.43,0.12,0.3020833333333333
2.3,5,4,26,7,2,0.48,0.42,0.30333333333333334
28.0,4,4,26,7,2,0.45,0.18,0.30291666666666667
23.8,1,4,26,7,2,0.17,0.38,0.30583333333333335
-2.9,3,5,26,7,2,0.45,0.34,0.31083333333333335
35.5,1,7,26,7,2,0.46,0.26,0.31708333333333333
29.9,4,10,26,7,2,0.41,0.31,0.30916666666666665
17.3,1,11,26,7,2,0.12,0.21,0.3095833333333333
-1.9,2,12,26,7,2,0.22,0.46,0.29458333333333336
6.9,1,13,26,7,2,0.1,0.23,0.29708333333333337
5.0,5,14,26,7,2,0.29,0.4,0.2966666666666667
-3.8,5,14,26,7,2,0.39,0.26,0.29958333333333337
31.5,1,15,26,7,2,0.33,0.24,0.2970833333333333
39.9,4,17,26,7,2,0.18,0.42,0.2941666666666667
-2.4,4,17,26,7,2,0.35,0.46,0.28625
29.7,3,18,26,7,2,0.27,0.2,0.28250000000000003
0.9,3,19,26,7,2,0.11,0.16,0.28041666666666665
15.0,3,19,26,7,2,0.11,0.12,0.29416666666666663
21.6,3,20,26,7,2,0.45,0.14,0.29291666666666666
30.8,5,20,26,7,2,0.11,0.42,0.29583333333333334
2.2,5,21,26,7,2,0.49,0.22,0.3016666666666667
-2.6,2,21,26,7,2,0.36,0.33,0.29833333333333334
17.7,1,23,26,7,2,0.25,0.18,0.2975
5.8,2,23,26,7,2,0.16,0.43,0.2925
18.8,1,23,26,7,2,0.31,0.48,0.2820833333333333
-8.1,1,0,27,7,3,0.23,0.45,0.2791666666666667
-3.2,5,0,27,7,3,0.38,0.17,0.29
4.1,4,0,27,7,3,0.43,0.45,0.28458333333333335
32.2,4,1,27,7,3,0.32,0.46,0.2854166666666667
21.8,1,2,27,7,3,0.48,0.41,0.27499999999999997
10.2,4,2,27,7,3,0.16,0.12,0.27875
3.5,1,4,27,7,3,0.21,0.22,0.28250000000000003
12.2,2,4,27,7,3,0.31,0.1,0.285
14.5,3,5,27,7,3,0.16,0.29,0.2866666666666667
7.9,5,6,27,7,3,0.33,0.39,0.2841666666666667
-7.6,2,9,27,7,3,0.33,0.33,0.28791666666666665
-9.4,3,11,27,7,3,0.42,0.18,0.28958333333333336
24.8,1,12,27,7,3,0.22,0.35,0.295
26.6,2,13,27,7,3,0.48,0.27,0.29041666666666666
25.8,5,13,27,7,3,0.16,0.11,0.29083333333333333
19.8,3,15,27,7,3,0.12,0.11,0.30250000000000005
-0.9,2,15,27,7,3,0.39,0.45,0.2970833333333333
5.2,3,17,27,7,3,0.32,0.11,0.2995833333333333
30.8,2,20,27,7,3,0.17,0.49,0.29916666666666664
-6.2,1,20,27,7,3,0.48,0.36,0.2966666666666667
-8.6,4,20,27,7,3,0.3,0.25,0.29958333333333337
7.1,5,21,27,7,3,0.32,0.16,0.3129166666666667
-4.8,2,22,27,7,3,0.48,0.31,0.3075
22.6,1,23,27,7,3,0.18,0.23,0.305
10.2,3,23,27,7,3,0.17,0.38,0.3025
8.1,2,23,27,7,3,0.32,0.43,0.30333333333333334
13.6,5,0,28,7,4,0.45,0.32,0.3045833333333334
29.5,4,0,28,7,4,0.35,0.48,0.29541666666666666
39.7,2,0,28,7,4,0.26,0.16,0.30083333333333334
32.4,1,0,28,7,4,0.29,0.21,0.29791666666666666
17.2,5,1,28,7,4,0.14,0.31,0.29375
17.0,1,1,28,7,4,0.21,0.16,0.3016666666666667
27.1,1,2,28,7,4,0.35,0.33,0.2966666666666667
19.4,5,4,28,7,4,0.21,0.33,0.30291666666666667
18.8,3,6,28,7,4,0.48,0.42,0.29583333333333334
2.6,1,6,28,7,4,0.25,0.22,0.30291666666666667
22.8,2,9,28,7,4,0.39,0.48,0.30124999999999996
32.7,4,10,28,7,4,0.44,0.16,0.30125
34.8,1,13,28,7,4,0.16,0.12,0.30125
-3.7,4,13,28,7,4,0.12,0.39,0.2925
22.3,5,15,28,7,4,0.18,0.32,0.2941666666666667
27.5,4,15,28,7,4,0.36,0.17,0.3025
8.6,2,18,28,7,4,0.37,0.48,0.3016666666666667
25.9,5,18,28,7,4,0.46,0.3,0.30875
31.8,4,20,28,7,4,0.47,0.32,0.30791666666666667
20.0,3,20,28,7,4,0.3,0.48,0.3075
-8.2,1,21,28,7,4,0.47,0.18,0.3133333333333333
32.6,2,21,28,7,4,0.32,0.17,0.315
22.0,1,21,28,7,4,0.21,0.32,0.30625
18.7,4,23,28,7,4,0.11,0.45,0.30624999999999997
5.7,4,0,29,7,5,0.45,0.35,0.3095833333333333
11.9,1,0,29,7,5,0.43,0.26,0.31416666666666665
-9.4,2,1,29,7,5,0.37,0.29,0.3208333333333333
16.4,4,2,29,7,5,0.45,0.14,0.3225
18.1,1,2,29,7,5,0.18,0.21,0.32666666666666666
4.2,2,2,29,7,5,0.31,0.35,0.3275
5.8,3,3,29,7,5,0.37,0.21,0.33749999999999997
-4.5,1,3,29,7,5,0.45,0.48,0.3283333333333333
0.6,1,5,29,7,5,0.26,0.25,0.3329166666666667
30.4,3,7,29,7,5,0.36,0.39,0.3229166666666667
7.6,2,9,29,7,5,0.15,0.44,0.3104166666666667
30.6,3,10,29,7,5,0.14,0.16,0.32166666666666666
-5.7,4,10,29,7,5,0.43,0.12,0.33208333333333334
3.2,3,10,29,7,5,0.37,0.18,0.33625
7.0,1,11,29,7,5,0.28,0.36,0.32875
15.1,2,11,29,7,5,0.18,0.37,0.31875
11.3,1,12,29,7,5,0.13,0.46,0.31375
-4.6,1,12,29,7,5,0.34,0.47,0.3083333333333333
39.5,1,12,29,7,5,0.34,0.3,0.3066666666666667
6.7,1,13,29,7,5,0.26,0.47,0.3070833333333333
-6.5,1,15,29,7,5,0.48,0.32,0.30791666666666667
6.8,2,15,29,7,5,0.34,0.21,0.3129166666666667
-2.8,1,15,29,7,5,0.33,0.11,0.31625
-2.8,1,16,29,7,5,0.19,0.45,0.30833333333333335
0.0,4,16,29,7,5,0.26,0.43,0.3083333333333333
36.4,2,17,29,7,5,0.43,0.37,0.2995833333333333
25.2,3,19,29,7,5,0.16,0.45,0.29208333333333336
2.3,3,19,29,7,5,0.27,0.18,0.29541666666666666
-4.9,5,22,29,7,5,0.26,0.31,0.2904166666666667
1.9,3,23,29,7,5,0.19,0.37,0.29125
-2.5,2,1,30,7,6,0.39,0.45,0.2804166666666667
39.6,1,3,30,7,6,0.19,0.26,0.28625
-0.4,2,4,30,7,6,0.4,0.36,0.2754166666666667
35.3,3,4,30,7,6,0.1,0.15,0.27958333333333335
-6.1,5,7,30,7,6,0.25,0.14,0.2866666666666667
1.5,5,8,30,7,6,0.31,0.43,0.28125
29.6,2,9,30,7,6,0.3,0.37,0.27291666666666664
25.9,2,9,30,7,6,0.17,0.28,0.28125
-2.3,4,10,30,7,6,0.48,0.18,0.28458333333333335
13.2,3,10,30,7,6,0.26,0.13,0.28625
18.2,5,11,30,7,6,0.17,0.34,0.27875
8.5,3,11,30,7,6,0.16,0.34,0.27875
27.6,2,12,30,7,6,0.34,0.26,0.2875
-9.5,1,13,30,7,6,0.47,0.48,0.2754166666666667
13.7,2,13,30,7,6,0.19,0.34,0.2816666666666667
21.3,2,14,30,7,6,0.49,0.33,0.2783333333333334
20.7,4,15,30,7,6,0.25,0.19,0.2891666666666666
28.9,4,17,30,7,6,0.45,0.26,0.285
8.8,2,20,30,7,6,0.16,0.43,0.2783333333333334
-8.5,1,21,30,7,6,0.27,0.16,0.28625
-3.8,3,2,31,7,0,0.35,0.27,0.2820833333333333
8.6,5,2,31,7,0,0.17,0.26,0.2916666666666667
4.2,2,3,31,7,0,0.49,0.19,0.29
8.3,1,4,31,7,0,0.15,0.39,0.2870833333333333
18.5,3,6,31,7,0,0.32,0.19,0.2895833333333333
-1.0,4,6,31,7,0,0.25,0.4,0.28125
-5.1,4,6,31,7,0,0.2,0.1,0.2875
28.1,2,10,31,7,0,0.25,0.25,0.29291666666666666
-4.3,1,10,31,7,0,0.38,0.31,0.29
20.2,4,11,31,7,0,0.24,0.3,0.28958333333333336
1.8,1,11,31,7,0,0.29,0.17,0.29
16.9,3,14,31,7,0,0.18,0.48,0.28583333333333333
-4.7,2,14,31,7,0,0.38,0.26,0.29375
15.3,5,15,31,7,0,0.45,0.17,0.3066666666666667
-7.4,5,15,31,7,0,0.48,0.16,0.30624999999999997
24.3,1,15,31,7,0,0.15,0.34,0.30083333333333334
-3.6,4,15,31,7,0,0.21,0.47,0.3020833333333333
1.3,2,19,31,7,0,0.5,0.19,0.29875
-3.3,3,19,31,7,0,0.11,0.49,0.285
1.0,4,20,31,7,0,0.16,0.25,0.28625
22.3,5,21,31,7,0,0.28,0.45,0.2845833333333333
3.6,4,23,31,7,0,0.41,0.16,0.28875
26.6,2,23,31,7,0,0.26,0.27,0.2820833333333333
14.7,4,23,31,7,0,0.11,0.35,0.2808333333333333
0.4,4,0,1,8,1,0.32,0.17,0.28375
-4.9,3,1,1,8,1,0.24,0.49,0.2841666666666667
-3.8,5,1,1,8,1,0.5,0.15,0.29416666666666663
37.4,4,2,1,8,1,0.39,0.32,0.29791666666666666
6.2,2,2,1,8,1,0.41,0.25,0.29791666666666666
-4.7,2,2,1,8,1,0.25,0.2,0.30041666666666667
-0.3,4,3,1,8,1,0.26,0.25,0.30916666666666665
2.2,4,4,1,8,1,0.46,0.38,0.30250000000000005
12.2,2,4,1,8,1,0.22,0.24,0.30541666666666667
-6.2,4,5,1,8,1,0.31,0.29,0.3129166666666667
1.8,4,5,1,8,1,0.47,0.18,0.31375000000000003
2.2,4,6,1,8,1,0.2,0.38,0.3066666666666667
34.6,4,6,1,8,1,0.21,0.45,0.30041666666666667
14.6,2,7,1,8,1,0.3,0.48,0.30083333333333334
-1.6,4,8,1,8,1,0.49,0.15,0.3016666666666667
19.7,1,10,1,8,1,0.17,0.21,0.3016666666666667
26.8,4,10,1,8,1,0.21,0.5,0.29625
-3.3,1,11,1,8,1,0.37,0.11,0.3120833333333333
34.6,3,12,1,8,1,0.49,0.16,0.3204166666666666
17.5,1,12,1,8,1,0.36,0.28,0.32
-0.2,5,15,1,8,1,0.27,0.41,0.3095833333333334
22.5,5,16,1,8,1,0.16,0.26,0.31875
38.3,1,17,1,8,1,0.48,0.11,0.3229166666666667
-1.9,3,18,1,8,1,0.21,0.32,0.31875000000000003
18.6,5,19,1,8,1,0.22,0.24,0.32458333333333333
4.9,1,19,1,8,1,0.38,0.5,0.32125
18.1,3,20,1,8,1,0.42,0.39,0.3254166666666667
32.8,5,20,1,8,1,0.49,0.41,0.31375000000000003
28.1,3,20,1,8,1,0.13,0.25,0.3229166666666667
32.9,1,20,1,8,1,0.47,0.26,0.32416666666666666
-2.4,1,21,1,8,1,0.29,0.46,0.3129166666666667
-5.6,1,21,1,8,1,0.19,0.22,0.32125
33.1,2,23,1,8,1,0.42,0.31,0.31958333333333333
-1.1,5,23,1,8,1,0.27,0.47,0.3075
35.8,4,23,1,8,1,0.18,0.2,0.3120833333333333
-7.4,5,0,2,8,2,0.31,0.21,0.32
7.5,1,1,2,8,2,0.4,0.3,0.31625
37.2,2,1,2,8,2,0.21,0.49,0.3066666666666667
2.3,1,1,2,8,2,0.26,0.17,0.31124999999999997
39.8,4,3,2,8,2,0.28,0.21,0.32208333333333333
4.3,2,3,2,8,2,0.47,0.37,0.3229166666666667
24.3,4,3,2,8,2,0.39,0.49,0.30916666666666665
33.3,5,4,2,8,2,0.16,0.36,0.3125
10.2,2,5,2,8,2,0.44,0.27,0.3154166666666667
7.9,1,6,2,8,2,0.34,0.16,0.32208333333333333
16.9,3,7,2,8,2,0.32,0.48,0.3225
26.8,2,7,2,8,2,0.49,0.21,0.3254166666666667
28.6,1,8,2,8,2,0.28,0.22,0.32791666666666663
5.2,4,9,2,8,2,0.28,0.38,0.32125
15.4,2,11,2,8,2,0.22,0.42,0.32208333333333333
27.0,2,11,2,8,2,0.44,0.49,0.32125000000000004
0.3,3,14,2,8,2,0.47,0.13,0.33416666666666667
35.5,1,14,2,8,2,0.44,0.47,0.32625
34.4,2,14,2,8,2,0.28,0.29,0.33041666666666664
-7.2,2,17,2,8,2,0.39,0.19,0.32916666666666666
21.9,3,17,2,8,2,0.16,0.42,0.31708333333333333
11.1,1,17,2,8,2,0.13,0.27,0.3254166666666667
19.7,5,18,2,8,2,0.47,0.18,0.33708333333333335
17.5,4,18,2,8,2,0.46,0.31,0.34125
6.3,1,18,2,8,2,0.41,0.4,0.3354166666666667
18.6,3,22,2,8,2,0.26,0.21,0.33375
16.4,3,22,2,8,2,0.17,0.26,0.32749999999999996
3.3,4,23,2,8,2,0.11,0.28,0.3279166666666667
17.9,1,0,3,8,3,0.29,0.47,0.32375
30.7,1,1,3,8,3,0.37,0.39,0.31916666666666665
13.2,2,2,3,8,3,0.28,0.16,0.3204166666666666
16.3,5,2,3,8,3,0.19,0.44,0.3179166666666667
20.0,5,2,3,8,3,0.38,0.34,0.3129166666666667
-6.6,5,6,3,8,3,0.22,0.32,0.31583333333333335
27.7,5,7,3,8,3,0.39,0.49,0.3154166666666667
36.4,3,7,3,8,3,0.48,0.28,0.32083333333333336
27.5,1,7,3,8,3,0.41,0.28,0.31666666666666665
27.0,3,8,3,8,3,0.18,0.22,0.3229166666666667
24.6,1,10,3,8,3,0.37,0.44,0.31375000000000003
19.6,1,11,3,8,3,0.22,0.47,0.31166666666666665
-6.1,2,11,3,8,3,0.42,0.44,0.3025
12.3,1,12,3,8,3,0.22,0.28,0.3075
-2.5,1,12,3,8,3,0.4,0.39,0.29875
4.6,5,14,3,8,3,0.18,0.16,0.3120833333333333
8.2,5,14,3,8,3,0.48,0.13,0.315
30.7,3,14,3,8,3,0.2,0.47,0.30916666666666665
20.9,2,16,3,8,3,0.33,0.46,0.3025
1.0,4,16,3,8,3,0.3,0.41,0.29083333333333333
39.6,3,19,3,8,3,0.13,0.26,0.29666666666666663
3.9,2,19,3,8,3,0.4,0.17,0.30166666666666664
14.1,3,20,3,8,3,0.29,0.11,0.3154166666666667
17.4,2,20,3,8,3,0.44,0.29,0.30791666666666667
27.6,1,21,3,8,3,0.11,0.37,0.3016666666666667
39.3,5,21,3,8,3,0.22,0.28,0.30416666666666664
6.6,1,22,3,8,3,0.34,0.19,0.30416666666666664
-5.2,5,22,3,8,3,0.19,0.38,0.29624999999999996
5.2,2,22,3,8,3,0.19,0.22,0.29375
-0.3,2,0,4,8,4,0.16,0.39,0.28208333333333335
34.6,4,1,4,8,4,0.11,0.48,0.27125
3.6,3,3,4,8,4,0.22,0.41,0.25999999999999995
19.0,1,4,4,8,4,0.14,0.18,0.26666666666666666
16.4,3,4,4,8,4,0.34,0.37,0.26625
3.7,2,4,4,8,4,0.36,0.22,0.26875
3.6,4,9,4,8,4,0.28,0.42,0.2675
-6.1,5,9,4,8,4,0.39,0.22,0.265
15.2,5,10,4,8,4,0.16,0.4,0.2625
9.5,2,11,4,8,4,0.34,0.18,0.27458333333333335
34.8,1,13,4,8,4,0.47,0.48,0.27375
18.1,3,13,4,8,4,0.46,0.2,0.27375
37.8,3,13,4,8,4,0.2,0.33,0.2675
3.4,2,14,4,8,4,0.18,0.3,0.26999999999999996
13.9,2,16,4,8,4,0.36,0.13,0.27208333333333334
-5.3,1,16,4,8,4,0.18,0.4,0.26958333333333334
9.9,5,17,4,8,4,0.34,0.29,0.26333333333333336
-1.0,1,19,4,8,4,0.14,0.44,0.24916666666666668
14.5,5,20,4,8,4,0.1,0.11,0.25833333333333336
-5.2,2,21,4,8,4,0.33,0.22,0.2608333333333333
10.8,4,23,4,8,4,0.28,0.34,0.25458333333333333
14.6,4,23,4,8,4,0.19,0.19,0.26416666666666666
-7.1,5,23,4,8,4,0.42,0.19,0.26625000000000004
36.8,3,0,5,8,5,0.24,0.16,0.27166666666666667
15.3,1,0,5,8,5,0.29,0.11,0.28375
10.3,4,0,5,8,5,0.4,0.22,0.29333333333333333
-2.2,5,1,5,8,5,0.45,0.14,0.29875
31.7,4,2,5,8,5,0.27,0.34,0.29416666666666663
22.4,1,4,5,8,5,0.23,0.36,0.2916666666666667
5.0,4,5,5,8,5,0.3,0.28,0.2941666666666667
8.6,2,5,5,8,5,0.34,0.39,0.2833333333333334
33.4,1,6,5,8,5,0.13,0.16,0.28791666666666665
-7.0,4,7,5,8,5,0.27,0.34,0.29083333333333333
26.1,4,8,5,8,5,0.41,0.47,0.28541666666666665
36.4,1,8,5,8,5,0.34,0.46,0.27375
33.7,1,8,5,8,5,0.18,0.2,0.27125000000000005
4.4,4,11,5,8,5,0.14,0.18,0.27666666666666667
-0.4,4,11,5,8,5,0.31,0.36,0.2704166666666667
38.9,4,14,5,8,5,0.21,0.18,0.27416666666666667
26.6,5,16,5,8,5,0.27,0.34,0.2725
3.7,3,17,5,8,5,0.3,0.14,0.2758333333333333
32.7,2,18,5,8,5,0.22,0.1,0.29041666666666666
7.7,1,20,5,8,5,0.45,0.33,0.2925
-6.2,3,21,5,8,5,0.38,0.28,0.30083333333333334
33.3,2,23,5,8,5,0.48,0.19,0.3120833333333333
23.5,2,23,5,8,5,0.46,0.42,0.30916666666666665
33.8,1,23,5,8,5,0.35,0.24,0.315
32.9,5,0,6,8,6,0.38,0.29,0.3204166666666666
21.8,1,1,6,8,6,0.42,0.4,0.32458333333333333
-1.1,5,2,6,8,6,0.5,0.45,0.3216666666666667
4.2,3,5,6,8,6,0.38,0.27,0.3279166666666667
-6.6,1,6,6,8,6,0.42,0.23,0.3275
21.3,5,6,6,8,6,0.22,0.3,0.3225
-5.7,2,7,6,8,6,0.18,0.34,0.3283333333333333
3.4,1,8,6,8,6,0.48,0.13,0.33499999999999996
-5.0,1,11,6,8,6,0.29,0.27,0.3408333333333333
-9.5,3,12,6,8,6,0.41,0.41,0.34041666666666665
22.1,3,14,6,8,6,0.4,0.34,0.33708333333333335
21.3,3,16,6,8,6,0.26,0.18,0.3445833333333333
-2.8,3,16,6,8,6,0.36,0.14,0.35916666666666663
24.8,2,17,6,8,6,0.49,0.31,0.3633333333333333
24.9,3,17,6,8,6,0.41,0.21,0.36625
8.8,4,17,6,8,6,0.28,0.27,0.37125
2.2,4,18,6,8,6,0.39,0.3,0.3741666666666667
-7.8,1,18,6,8,6,0.37,0.22,0.3729166666666666
-1.7,5,18,6,8,6,0.19,0.45,0.3745833333333333
23.8,4,19,6,8,6,0.49,0.38,0.36624999999999996
8.8,1,20,6,8,6,0.18,0.48,0.3575
15.3,1,20,6,8,6,0.27,0.46,0.35833333333333334
40.0,1,22,6,8,6,0.48,0.35,0.35250000000000004
24.2,1,23,6,8,6,0.21,0.38,0.3475
-6.5,1,23,6,8,6,0.26,0.42,0.34166666666666673
7.2,5,4,7,8,0,0.28,0.5,0.33166666666666667
1.8,3,4,7,8,0,0.26,0.38,0.33416666666666667
1.2,2,4,7,8,0,0.44,0.42,0.33625
8.6,1,6,7,8,0,0.47,0.22,0.34625
30.2,4,7,7,8,0,0.46,0.18,0.3466666666666667
-7.2,3,7,7,8,0,0.19,0.48,0.3433333333333333
9.2,1,7,7,8,0,0.4,0.29,0.34874999999999995
8.6,5,7,7,8,0,0.42,0.41,0.3491666666666667
-5.9,1,8,7,8,0,0.42,0.4,0.34791666666666665
19.3,4,9,7,8,0,0.37,0.26,0.35375
30.4,1,9,7,8,0,0.4,0.36,0.35125000000000006
37.7,1,11,7,8,0,0.3,0.49,0.3408333333333333
28.2,5,13,7,8,0,0.24,0.41,0.3441666666666667
5.6,3,13,7,8,0,0.49,0.28,0.345
27.2,2,14,7,8,0,0.3,0.39,0.33416666666666667
23.2,5,15,7,8,0,0.13,0.37,0.3316666666666667
33.3,2,15,7,8,0,0.31,0.19,0.33916666666666667
38.7,2,18,7,8,0,0.37,0.49,0.33
-6.6,2,19,7,8,0,0.27,0.18,0.3275
34.7,2,20,7,8,0,0.12,0.27,0.32916666666666666
23.7,3,21,7,8,0,0.31,0.48,0.32666666666666666
34.0,2,23,7,8,0,0.42,0.21,0.32625
-1.0,3,23,7,8,0,0.2,0.26,0.3333333333333333
-9.9,1,1,8,8,1,0.43,0.28,0.33375
33.0,3,3,8,8,1,0.29,0.26,0.32875000000000004
25.6,3,6,8,8,1,0.14,0.44,0.31708333333333333
-0.4,3,7,8,8,1,0.16,0.47,0.31125
9.3,3,7,8,8,1,0.33,0.46,0.30875
36.2,2,8,8,8,1,0.4,0.19,0.31666666666666665
-5.2,2,11,8,8,1,0.38,0.4,0.3104166666666667
-2.3,2,14,8,8,1,0.25,0.42,0.3083333333333333
9.5,3,15,8,8,1,0.37,0.42,0.2970833333333333
17.8,4,17,8,8,1,0.15,0.37,0.29208333333333336
22.5,1,17,8,8,1,0.25,0.4,0.2920833333333333
28.7,3,19,8,8,1,0.4,0.3,0.29208333333333336
20.1,5,19,8,8,1,0.3,0.24,0.29875
-9.0,3,20,8,8,1,0.4,0.49,0.29291666666666666
-8.0,3,21,8,8,1,0.35,0.3,0.30041666666666667
0.3,4,21,8,8,1,0.48,0.13,0.31124999999999997
10.1,4,22,8,8,1,0.39,0.31,0.31875000000000003
7.4,1,23,8,8,1,0.49,0.37,0.31125
23.2,4,23,8,8,1,0.19,0.27,0.3133333333333333
12.9,4,0,9,8,2,0.32,0.12,0.315
24.6,2,1,9,8,2,0.16,0.31,0.32
38.5,4,2,9,8,2,0.43,0.42,0.32333333333333336
1.4,1,3,9,8,2,0.5,0.2,0.33166666666666667
22.8,4,3,9,8,2,0.4,0.43,0.33375
23.1,3,5,9,8,2,0.48,0.29,0.3316666666666667
-0.6,3,5,9,8,2,0.24,0.14,0.34375
-6.3,3,5,9,8,2,0.43,0.16,0.34708333333333335
20.0,5,9,9,8,2,0.24,0.33,0.34125
3.6,3,9,9,8,2,0.19,0.4,0.33958333333333335
-4.4,1,11,9,8,2,0.36,0.38,0.34041666666666665
36.9,5,11,9,8,2,0.4,0.25,0.33875000000000005
22.1,2,11,9,8,2,0.21,0.37,0.33916666666666667
-6.0,4,12,9,8,2,0.38,0.15,0.35000000000000003
19.1,5,14,9,8,2,0.41,0.25,0.3445833333333333
-4.5,2,14,9,8,2,0.12,0.4,0.34041666666666665
10.7,4,14,9,8,2,0.3,0.3,0.34125
-1.1,2,15,9,8,2,0.32,0.4,0.34041666666666665
-1.8,3,15,9,8,2,0.38,0.35,0.33583333333333326
17.4,2,16,9,8,2,0.24,0.48,0.33166666666666667
29.1,1,16,9,8,2,0.38,0.39,0.3354166666666667
7.8,4,17,9,8,2,0.48,0.49,0.3354166666666667
14.7,3,17,9,8,2,0.49,0.19,0.33666666666666667
36.4,1,19,9,8,2,0.22,0.32,0.33375
18.8,3,19,9,8,2,0.25,0.16,0.34208333333333335
11.7,1,20,9,8,2,0.36,0.43,0.3345833333333333
-6.4,5,21,9,8,2,0.25,0.5,0.32875
0.7,5,23,9,8,2,0.36,0.4,0.3183333333333333
39.8,3,23,9,8,2,0.15,0.48,0.30583333333333335
30.3,4,0,10,8,3,0.18,0.24,0.3045833333333333
11.6,5,1,10,8,3,0.21,0.43,0.29583333333333334
36.0,4,2,10,8,3,0.22,0.24,0.29916666666666664
15.6,1,3,10,8,3,0.32,0.19,0.30291666666666667
-0.3,3,4,10,8,3,0.28,0.36,0.30166666666666664
-3.3,3,5,10,8,3,0.33,0.4,0.2970833333333333
-9.4,3,7,10,8,3,0.29,0.21,0.3045833333333334
-2.4,1,9,10,8,3,0.39,0.38,0.2945833333333333
24.5,4,10,10,8,3,0.14,0.41,0.2854166666666667
27.1,4,13,10,8,3,0.19,0.12,0.29875
11.7,2,13,10,8,3,0.44,0.3,0.2904166666666667
-0.9,2,14,10,8,3,0.1,0.32,0.29083333333333333
17.6,2,14,10,8,3,0.33,0.38,0.2808333333333333
38.1,3,15,10,8,3,0.14,0.24,0.27791666666666665
36.2,5,16,10,8,3,0.17,0.38,0.26916666666666667
16.7,3,16,10,8,3,0.17,0.48,0.26291666666666663
28.6,1,16,10,8,3,0.33,0.49,0.25958333333333333
23.7,1,20,10,8,3,0.41,0.22,0.26125
5.2,2,21,10,8,3,0.26,0.25,0.26916666666666667
30.9,4,21,10,8,3,0.44,0.36,0.2629166666666667
19.9,2,21,10,8,3,0.21,0.25,0.2708333333333333
28.2,3,22,10,8,3,0.44,0.36,0.27208333333333334
0.4,2,22,10,8,3,0.39,0.15,0.2829166666666667
13.8,2,0,11,8,4,0.41,0.18,0.27999999999999997
22.9,4,0,11,8,4,0.11,0.21,0.29
38.1,5,1,11,8,4,0.45,0.22,0.2891666666666667
28.9,1,2,11,8,4,0.2,0.32,0.29083333333333333
-1.4,4,3,11,8,4,0.36,0.28,0.28625
27.2,2,7,11,8,4,0.17,0.33,0.28458333333333335
22.2,2,7,11,8,4,0.29,0.29,0.28875
16.0,3,9,11,8,4,0.39,0.39,0.2925
-5.1,2,9,11,8,4,0.48,0.14,0.29250000000000004
31.0,1,13,11,8,4,0.14,0.19,0.29416666666666663
15.6,3,13,11,8,4,0.23,0.44,0.2808333333333333
31.7,3,15,11,8,4,0.12,0.1,0.2833333333333333
15.8,4,15,11,8,4,0.16,0.33,0.27499999999999997
33.5,3,16,11,8,4,0.13,0.14,0.28791666666666665
37.8,3,16,11,8,4,0.45,0.17,0.3
37.5,4,16,11,8,4,0.46,0.17,0.29833333333333334
34.5,3,16,11,8,4,0.13,0.33,0.30041666666666667
3.9,2,16,11,8,4,0.38,0.41,0.28958333333333336
30.6,2,16,11,8,4,0.15,0.26,0.28375
9.1,1,16,11,8,4,0.12,0.44,0.28375
37.1,2,17,11,8,4,0.44,0.21,0.2841666666666667
2.2,3,19,11,8,4,0.22,0.44,0.2758333333333333
4.0,3,19,11,8,4,0.24,0.39,0.27791666666666665
16.4,2,22,11,8,4,0.44,0.41,0.27041666666666664
13.8,5,23,11,8,4,0.23,0.11,0.2783333333333334
-5.9,5,2,12,8,5,0.3,0.45,0.26833333333333337
11.4,3,2,12,8,5,0.21,0.2,0.27291666666666664
4.9,5,3,12,8,5,0.31,0.36,0.2625
20.5,4,3,12,8,5,0.11,0.17,0.26125
15.0,2,3,12,8,5,0.14,0.29,0.25583333333333336
2.8,4,5,12,8,5,0.16,0.39,0.25375
21.7,4,5,12,8,5,0.34,0.48,0.24916666666666668
15.7,1,5,12,8,5,0.37,0.14,0.2558333333333333
11.2,3,6,12,8,5,0.3,0.23,0.265
21.4,3,6,12,8,5,0.45,0.12,0.26625000000000004
-7.2,5,7,12,8,5,0.15,0.16,0.27375
18.7,3,10,12,8,5,0.34,0.13,0.28791666666666665
34.7,2,10,12,8,5,0.47,0.45,0.2754166666666667
31.7,2,11,12,8,5,0.15,0.46,0.265
24.1,3,12,12,8,5,0.21,0.13,0.27666666666666667
6.5,4,12,12,8,5,0.41,0.38,0.26708333333333334
12.2,4,14,12,8,5,0.15,0.15,0.2808333333333333
23.8,4,14,12,8,5,0.48,0.12,0.29041666666666666
28.5,5,15,12,8,5,0.35,0.44,0.2791666666666667
-4.3,2,16,12,8,5,0.17,0.22,0.2870833333333333
3.4,1,16,12,8,5,0.41,0.24,0.28875
10.6,5,17,12,8,5,0.28,0.44,0.27958333333333335
-4.9,5,17,12,8,5,0.22,0.23,0.28833333333333333
29.2,4,17,12,8,5,0.44,0.3,0.2895833333333333
10.8,3,20,12,8,5,0.33,0.21,0.29583333333333334
21.3,4,20,12,8,5,0.36,0.31,0.28833333333333333
38.1,5,20,12,8,5,0.13,0.11,0.2895833333333333
9.3,3,22,12,8,5,0.14,0.14,0.29583333333333334
13.6,4,1,13,8,6,0.29,0.16,0.30416666666666664
-9.6,1,1,13,8,6,0.36,0.34,0.30916666666666665
28.5,4,2,13,8,6,0.46,0.37,0.3104166666666667
30.7,4,2,13,8,6,0.4,0.3,0.305
6.8,1,4,13,8,6,0.17,0.45,0.30416666666666664
36.6,2,5,13,8,6,0.43,0.15,0.3133333333333333
15.8,2,6,13,8,6,0.37,0.34,0.30583333333333335
34.4,5,6,13,8,6,0.16,0.47,0.2920833333333333
19.5,2,7,13,8,6,0.14,0.15,0.29333333333333333
28.9,1,8,13,8,6,0.18,0.21,0.29833333333333334
2.2,5,11,13,8,6,0.33,0.41,0.2866666666666667
5.3,1,12,13,8,6,0.13,0.15,0.2970833333333333
37.7,4,12,13,8,6,0.4,0.48,0.29375
27.6,4,14,13,8,6,0.4,0.35,0.28625
-1.4,3,16,13,8,6,0.17,0.17,0.29083333333333333
38.6,1,17,13,8,6,0.28,0.41,0.28583333333333333
33.5,2,18,13,8,6,0.29,0.28,0.2816666666666667
13.5,3,19,13,8,6,0.18,0.22,0.28458333333333335
11.0,2,19,13,8,6,0.29,0.44,0.27208333333333334
-7.9,2,20,13,8,6,0.14,0.33,0.27416666666666667
26.8,5,20,13,8,6,0.38,0.36,0.26958333333333334
14.8,4,20,13,8,6,0.25,0.13,0.2783333333333334
23.3,1,23,13,8,6,0.34,0.14,0.2841666666666667
-5.3,3,23,13,8,6,0.28,0.29,0.29000000000000004
33.2,5,0,14,8,0,0.43,0.36,0.2833333333333334
-3.5,2,0,14,8,0,0.2,0.46,0.27791666666666665
15.6,2,2,14,8,0,0.33,0.4,0.27958333333333335
38.2,1,6,14,8,0,0.44,0.17,0.2870833333333333
29.9,4,6,14,8,0,0.35,0.43,0.2891666666666667
36.9,5,6,14,8,0,0.48,0.37,0.2841666666666667
22.4,2,6,14,8,0,0.25,0.16,0.2925
20.7,4,7,14,8,0,0.36,0.14,0.2916666666666667
16.7,4,9,14,8,0,0.12,0.18,0.3033333333333333
27.3,1,10,14,8,0,0.46,0.33,0.30124999999999996
17.5,2,10,14,8,0,0.28,0.13,0.3016666666666667
32.5,2,10,14,8,0,0.14,0.4,0.29333333333333333
2.6,1,12,14,8,0,0.2,0.4,0.28791666666666665
31.8,4,14,14,8,0,0.27,0.17,0.28958333333333336
0.6,5,15,14,8,0,0.21,0.28,0.28625
11.2,4,16,14,8,0,0.2,0.29,0.28041666666666665
3.2,1,19,14,8,0,0.15,0.18,0.29041666666666666
-5.2,4,20,14,8,0,0.42,0.29,0.29833333333333334
24.1,1,21,14,8,0,0.48,0.14,0.3045833333333334
35.7,1,22,14,8,0,0.29,0.38,0.3091666666666667
19.7,3,22,14,8,0,0.49,0.25,0.31833333333333336
37.4,3,23,14,8,0,0.47,0.34,0.31083333333333335
26.8,5,0,15,8,1,0.16,0.28,0.3041666666666667
34.7,3,0,15,8,1,0.12,0.43,0.30583333333333335
29.4,3,2,15,8,1,0.47,0.2,0.3095833333333334
-2.1,3,2,15,8,1,0.29,0.33,0.30250000000000005
38.9,5,2,15,8,1,0.16,0.44,0.3
21.8,3,4,15,8,1,0.38,0.35,0.29250000000000004
39.8,3,5,15,8,1,0.17,0.48,0.2825
23.9,4,6,15,8,1,0.24,0.25,0.28875
30.2,4,6,15,8,1,0.4,0.36,0.28208333333333335
0.4,5,8,15,8,1,0.2,0.12,0.28833333333333333
-6.7,4,8,15,8,1,0.27,0.46,0.27375
3.1,3,9,15,8,1,0.11,0.28,0.2708333333333333
-6.1,5,13,15,8,1,0.21,0.14,0.28583333333333333
19.5,2,13,15,8,1,0.5,0.2,0.28458333333333335
13.9,2,13,15,8,1,0.17,0.27,0.28791666666666665
4.9,4,15,15,8,1,0.35,0.21,0.29333333333333333
10.4,5,15,15,8,1,0.34,0.2,0.29375
0.7,4,19,15,8,1,0.21,0.15,0.3020833333333333
-1.5,3,20,15,8,1,0.35,0.42,0.29750000000000004
35.9,3,21,15,8,1,0.31,0.48,0.2975
12.1,1,0,16,8,2,0.48,0.29,0.2975
38.1,3,2,16,8,2,0.29,0.49,0.2945833333333333
11.5,4,4,16,8,2,0.42,0.47,0.2920833333333333
11.9,4,5,16,8,2,0.41,0.16,0.30166666666666664
1.5,2,5,16,8,2,0.39,0.12,0.30416666666666664
32.8,2,6,16,8,2,0.18,0.47,0.3025
29.6,4,7,16,8,2,0.43,0.29,0.3045833333333333
-8.2,4,7,16,8,2,0.34,0.16,0.30583333333333335
3.6,5,8,16,8,2,0.19,0.38,0.29541666666666666
27.3,1,8,16,8,2,0.13,0.17,0.2945833333333333
19.0,1,10,16,8,2,0.15,0.24,0.29458333333333336
30.1,4,11,16,8,2,0.24,0.4,0.2941666666666667
0.3,3,13,16,8,2,0.39,0.2,0.29416666666666663
-0.1,3,13,16,8,2,0.2,0.27,0.3020833333333333
16.9,1,13,16,8,2,0.46,0.11,0.3179166666666667
12.5,5,14,16,8,2,0.49,0.21,0.31916666666666665
9.6,2,16,16,8,2,0.24,0.5,0.31875000000000003
-0.3,5,16,16,8,2,0.49,0.17,0.3166666666666667
16.3,3,16,16,8,2,0.12,0.35,0.31
36.0,5,18,16,8,2,0.19,0.34,0.3070833333333333
13.0,3,20,16,8,2,0.27,0.21,0.31166666666666665
16.9,5,21,16,8,2,0.32,0.35,0.3120833333333333
7.8,2,23,16,8,2,0.36,0.31,0.30875
11.2,1,0,17,8,3,0.23,0.48,0.30916666666666665
0.2,2,1,17,8,3,0.49,0.29,0.30375
31.8,5,1,17,8,3,0.16,0.42,0.29958333333333337
23.0,3,3,17,8,3,0.32,0.41,0.2966666666666667
26.2,3,4,17,8,3,0.34,0.39,0.29250000000000004
16.8,1,4,17,8,3,0.29,0.18,0.29
-8.0,5,5,17,8,3,0.12,0.43,0.28458333333333335
1.5,3,5,17,8,3,0.3,0.34,0.2783333333333333
27.2,5,5,17,8,3,0.19,0.19,0.27875
5.0,4,5,17,8,3,0.2,0.13,0.2916666666666667
25.2,1,7,17,8,3,0.44,0.15,0.3016666666666667
33.6,5,7,17,8,3,0.39,0.24,0.30875
30.2,3,9,17,8,3,0.41,0.39,0.30624999999999997
-1.0,3,10,17,8,3,0.33,0.2,0.31125
20.7,3,10,17,8,3,0.32,0.46,0.30624999999999997
13.0,3,10,17,8,3,0.34,0.49,0.30125
-3.6,5,11,17,8,3,0.37,0.24,0.3066666666666667
-4.9,5,11,17,8,3,0.37,0.49,0.3033333333333333
-5.2,3,11,17,8,3,0.41,0.12,0.31708333333333333
33.7,2,12,17,8,3,0.45,0.19,0.32083333333333336
-8.6,5,12,17,8,3,0.28,0.27,0.3183333333333333
20.8,3,14,17,8,3,0.21,0.32,0.3166666666666667
6.1,4,20,17,8,3,0.28,0.36,0.3145833333333333
-4.5,3,20,17,8,3,0.31,0.23,0.32249999999999995
36.4,2,20,17,8,3,0.42,0.49,0.31
23.3,1,20,17,8,3,0.19,0.16,0.30916666666666665
3.0,3,22,17,8,3,0.14,0.32,0.30541666666666667
34.7,1,22,17,8,3,0.23,0.34,0.30291666666666667
-4.9,4,23,17,8,3,0.28,0.29,0.30375
17.9,1,0,18,8,4,0.31,0.12,0.30375
-9.8,2,0,18,8,4,0.12,0.3,0.3075
26.2,4,1,18,8,4,0.39,0.19,0.30416666666666664
29.2,2,2,18,8,4,0.11,0.2,0.3120833333333333
-3.7,4,4,18,8,4,0.39,0.44,0.3075
25.8,1,4,18,8,4,0.33,0.39,0.30541666666666667
8.3,5,5,18,8,4,0.34,0.41,0.295
-9.0,5,6,18,8,4,0.16,0.33,0.28791666666666665
6.0,3,6,18,8,4,0.16,0.32,0.28583333333333333
23.8,3,7,18,8,4,0.27,0.34,0.2791666666666667
-0.6,5,13,18,8,4,0.18,0.37,0.2816666666666667
5.6,4,14,18,8,4,0.43,0.37,0.2708333333333333
36.2,2,14,18,8,4,0.11,0.41,0.2733333333333334
34.1,4,14,18,8,4,0.47,0.45,0.2641666666666667
-0.5,3,14,18,8,4,0.23,0.28,0.2733333333333334
36.7,4,14,18,8,4,0.5,0.21,0.27125
0.1,3,15,18,8,4,0.16,0.28,0.26708333333333334
9.8,5,15,18,8,4,0.18,0.31,0.2654166666666667
-8.1,4,15,18,8,4,0.27,0.42,0.26708333333333334
15.0,5,16,18,8,4,0.46,0.19,0.26333333333333336
37.2,5,16,18,8,4,0.1,0.14,0.26666666666666666
22.3,2,17,18,8,4,0.22,0.23,0.27791666666666665
30.3,3,17,18,8,4,0.5,0.28,0.28583333333333333
21.0,4,18,18,8,4,0.47,0.31,0.29041666666666666
-0.3,2,19,18,8,4,0.42,0.12,0.3033333333333333
12.5,5,21,18,8,4,0.43,0.39,0.3070833333333333
24.3,4,21,18,8,4,0.48,0.11,0.32208333333333333
9.1,2,22,18,8,4,0.47,0.39,0.31708333333333333
12.9,3,23,18,8,4,0.27,0.33,0.31124999999999997
24.0,3,0,19,8,5,0.19,0.34,0.3095833333333333
-2.5,3,2,19,8,5,0.3,0.16,0.3075
36.7,4,3,19,8,5,0.11,0.16,0.31625
31.4,3,3,19,8,5,0.37,0.27,0.3204166666666667
-6.7,2,5,19,8,5,0.37,0.18,0.32375
12.4,2,6,19,8,5,0.26,0.43,0.31666666666666665
37.2,3,7,19,8,5,0.26,0.11,0.3179166666666667
16.2,4,7,19,8,5,0.14,0.47,0.30875
0.1,3,8,19,8,5,0.25,0.23,0.31625
16.8,5,8,19,8,5,0.41,0.5,0.3158333333333333
8.7,5,9,19,8,5,0.49,0.16,0.32583333333333336
10.6,3,11,19,8,5,0.4,0.18,0.32625
39.9,4,11,19,8,5,0.19,0.27,0.32916666666666666
4.0,4,14,19,8,5,0.34,0.46,0.3154166666666667
26.7,3,14,19,8,5,0.13,0.1,0.31749999999999995
18.9,3,14,19,8,5,0.15,0.22,0.32541666666666663
29.7,1,15,19,8,5,0.41,0.5,0.3145833333333333
39.2,2,15,19,8,5,0.24,0.47,0.305
38.8,5,16,19,8,5,0.24,0.42,0.29541666666666666
23.0,5,17,19,8,5,0.19,0.43,0.2816666666666667
38.5,2,17,19,8,5,0.1,0.48,0.26958333333333334
14.7,3,18,19,8,5,0.19,0.47,0.26375
-6.2,5,19,19,8,5,0.33,0.27,0.2604166666666667
38.0,2,20,19,8,5,0.19,0.19,0.26125000000000004
16.9,1,20,19,8,5,0.21,0.3,0.2679166666666667
-9.8,2,20,19,8,5,0.46,0.11,0.27
10.3,1,20,19,8,5,0.16,0.37,0.2658333333333333
1.3,2,21,19,8,5,0.27,0.37,0.25875
0.6,3,23,19,8,5,0.2,0.26,0.2604166666666667
1.5,4,0,20,8,6,0.3,0.26,0.2554166666666667
32.5,5,0,20,8,6,0.14,0.14,0.26958333333333334
23.4,1,1,20,8,6,0.48,0.25,0.26375
3.0,2,2,20,8,6,0.11,0.41,0.2520833333333333
-3.2,4,5,20,8,6,0.13,0.49,0.25166666666666665
21.0,3,8,20,8,6,0.48,0.4,0.2520833333333333
15.5,3,9,20,8,6,0.41,0.19,0.26125
8.6,4,10,20,8,6,0.41,0.34,0.25916666666666666
6.4,2,11,20,8,6,0.29,0.13,0.27375
37.2,1,12,20,8,6,0.48,0.15,0.285
8.1,5,12,20,8,6,0.42,0.41,0.27625
10.6,1,12,20,8,6,0.2,0.24,0.2820833333333333
-9.6,2,12,20,8,6,0.38,0.24,0.2870833333333333
16.1,2,13,20,8,6,0.36,0.19,0.28875
8.7,1,15,20,8,6,0.23,0.1,0.2925
26.8,2,15,20,8,6,0.19,0.19,0.305
25.1,4,15,20,8,6,0.49,0.33,0.31
35.8,5,18,20,8,6,0.45,0.19,0.31375
21.1,5,19,20,8,6,0.28,0.21,0.3179166666666667
39.8,3,19,20,8,6,0.31,0.46,0.3104166666666667
34.2,4,20,20,8,6,0.28,0.16,0.3083333333333333
-6.5,1,20,20,8,6,0.11,0.27,0.30291666666666667
27.4,4,20,20,8,6,0.14,0.2,0.3066666666666667
13.9,1,22,20,8,6,0.29,0.3,0.30083333333333334
2.3,5,22,20,8,6,0.16,0.14,0.3108333333333333
15.8,4,22,20,8,6,0.38,0.48,0.3095833333333333
5.1,4,23,20,8,6,0.45,0.11,0.3154166666666666
-6.7,2,1,21,8,0,0.25,0.13,0.32666666666666666
39.9,3,1,21,8,0,0.4,0.48,0.31125
24.2,1,1,21,8,0,0.11,0.41,0.3066666666666667
-4.8,1,1,21,8,0,0.3,0.41,0.3
27.1,4,2,21,8,0,0.25,0.29,0.29583333333333334
1.9,5,2,21,8,0,0.19,0.48,0.2904166666666667
23.4,3,4,21,8,0,0.35,0.42,0.29375
20.3,3,6,21,8,0,0.5,0.2,0.2970833333333333
25.3,2,6,21,8,0,0.28,0.38,0.2991666666666667
29.4,5,7,21,8,0,0.43,0.36,0.3045833333333334
12.9,3,7,21,8,0,0.49,0.23,0.3104166666666666
13.1,3,8,21,8,0,0.37,0.19,0.31416666666666665
32.9,2,8,21,8,0,0.28,0.49,0.305
21.8,3,9,21,8,0,0.27,0.45,0.2995833333333333
-3.5,2,9,21,8,0,0.32,0.28,0.30583333333333335
-3.2,3,9,21,8,0,0.43,0.31,0.30333333333333334
0.6,5,11,21,8,0,0.25,0.28,0.30583333333333335
22.0,2,11,21,8,0,0.34,0.11,0.31875000000000003
18.7,5,12,21,8,0,0.42,0.14,0.33125
-5.1,5,12,21,8,0,0.44,0.29,0.33208333333333334
3.6,3,12,21,8,0,0.31,0.16,0.33749999999999997
-1.6,1,12,21,8,0,0.29,0.38,0.34249999999999997
13.0,2,13,21,8,0,0.5,0.45,0.3325
36.1,4,13,21,8,0,0.21,0.25,0.33749999999999997
14.4,5,15,21,8,0,0.37,0.4,0.34125
-1.9,1,16,21,8,0,0.49,0.11,0.3558333333333334
-4.9,5,16,21,8,0,0.46,0.3,0.3620833333333333
10.9,5,17,21,8,0,0.45,0.25,0.36000000000000004
35.7,5,18,21,8,0,0.2,0.19,0.37000000000000005
12.2,4,20,21,8,0,0.43,0.35,0.3687500000000001
-5.6,5,20,21,8,0,0.32,0.5,0.35875000000000007
3.6,5,21,21,8,0,0.26,0.28,0.3541666666666667
-8.7,1,23,21,8,0,0.17,0.43,0.3466666666666667
-8.5,5,23,21,8,0,0.25,0.49,0.3466666666666667
28.5,5,4,22,8,1,0.49,0.37,0.35000000000000003
-3.8,5,6,22,8,1,0.45,0.28,0.35874999999999996
-9.9,2,6,22,8,1,0.49,0.27,0.35833333333333334
23.5,4,6,22,8,1,0.26,0.32,0.3641666666666666
0.6,5,8,22,8,1,0.46,0.43,0.36041666666666666
37.3,4,9,22,8,1,0.34,0.25,0.3620833333333333
36.0,4,10,22,8,1,0.29,0.34,0.36083333333333334
21.0,5,12,22,8,1,0.31,0.42,0.34958333333333336
23.2,5,14,22,8,1,0.15,0.44,0.34875000000000006
20.5,5,14,22,8,1,0.42,0.31,0.3520833333333333
11.6,1,15,22,8,1,0.39,0.29,0.3575
34.0,5,16,22,8,1,0.42,0.5,0.34625
-8.1,4,17,22,8,1,0.23,0.21,0.3458333333333334
30.1,2,17,22,8,1,0.2,0.37,0.34791666666666665
-8.2,1,17,22,8,1,0.42,0.49,0.34041666666666665
24.2,3,22,22,8,1,0.31,0.46,0.32916666666666666
-5.7,3,22,22,8,1,0.19,0.45,0.32125
29.0,5,23,22,8,1,0.26,0.2,0.3233333333333333
33.3,5,23,22,8,1,0.25,0.43,0.325
-3.8,3,0,23,8,2,0.47,0.32,0.33125
-4.6,5,1,23,8,2,0.47,0.26,0.3354166666666667
19.2,5,3,23,8,2,0.36,0.17,0.33583333333333326
12.0,2,4,23,8,2,0.18,0.25,0.33041666666666664
7.0,1,5,23,8,2,0.12,0.49,0.315
-0.7,1,8,23,8,2,0.12,0.45,0.30875
20.7,1,9,23,8,2,0.3,0.49,0.3025
7.1,3,9,23,8,2,0.34,0.26,0.30583333333333335
11.5,5,9,23,8,2,0.34,0.46,0.2920833333333333
13.7,2,9,23,8,2,0.13,0.34,0.29250000000000004
35.0,1,11,23,8,2,0.35,0.29,0.29958333333333337
26.8,3,12,23,8,2,0.46,0.31,0.3070833333333333
1.6,4,12,23,8,2,0.49,0.15,0.30583333333333335
29.1,1,12,23,8,2,0.12,0.42,0.3066666666666667
36.5,4,16,23,8,2,0.44,0.39,0.30624999999999997
25.8,2,16,23,8,2,0.38,0.42,0.29375
39.1,2,16,23,8,2,0.12,0.23,0.29875
32.9,2,16,23,8,2,0.35,0.2,0.30624999999999997
26.9,5,17,23,8,2,0.38,0.42,0.3070833333333333
34.8,1,21,23,8,2,0.44,0.31,0.30624999999999997
20.0,2,22,23,8,2,0.29,0.19,0.31124999999999997
-5.4,3,23,23,8,2,0.31,0.26,0.3208333333333333
6.9,5,2,24,8,3,0.49,0.25,0.32625
26.5,3,3,24,8,3,0.38,0.47,0.32749999999999996
20.1,3,3,24,8,3,0.5,0.47,0.3229166666666667
-7.3,4,3,24,8,3,0.36,0.36,0.32875
16.4,3,5,24,8,3,0.5,0.18,0.32875
32.1,2,6,24,8,3,0.18,0.12,0.33166666666666667
35.8,1,11,24,8,3,0.19,0.12,0.34041666666666665
27.4,3,11,24,8,3,0.33,0.3,0.34041666666666665
-6.3,5,12,24,8,3,0.3,0.34,0.33249999999999996
-3.2,3,15,24,8,3,0.15,0.34,0.33791666666666664
7.2,3,15,24,8,3,0.47,0.13,0.3425
9.4,5,15,24,8,3,0.24,0.35,0.33874999999999994
22.3,5,16,24,8,3,0.26,0.46,0.3258333333333333
38.4,2,16,24,8,3,0.15,0.49,0.32
12.9,1,17,24,8,3,0.35,0.12,0.32083333333333336
35.0,1,18,24,8,3,0.14,0.44,0.30875
11.1,4,21,24,8,3,0.15,0.38,0.29958333333333337
25.4,4,21,24,8,3,0.16,0.12,0.3129166666666667
10.5,2,23,24,8,3,0.44,0.35,0.30333333333333334
12.1,5,23,24,8,3,0.12,0.38,0.30333333333333334
39.9,1,23,24,8,3,0.38,0.44,0.30375
4.1,1,2,25,8,4,0.45,0.29,0.3120833333333333
-5.5,3,2,25,8,4,0.49,0.31,0.3120833333333333
16.1,2,3,25,8,4,0.31,0.49,0.31
-2.5,3,3,25,8,4,0.44,0.38,0.30916666666666665
36.0,3,5,25,8,4,0.36,0.5,0.30625
25.9,3,8,25,8,4,0.43,0.36,0.30666666666666664
18.6,5,8,25,8,4,0.37,0.5,0.29
26.1,3,9,25,8,4,0.1,0.18,0.28708333333333336
20.5,5,11,25,8,4,0.11,0.19,0.29791666666666666
34.5,3,12,25,8,4,0.45,0.33,0.2895833333333333
-9.1,3,14,25,8,4,0.13,0.3,0.29625
-3.4,3,16,25,8,4,0.46,0.15,0.3004166666666667
28.1,1,17,25,8,4,0.25,0.47,0.30041666666666667
14.1,2,17,25,8,4,0.47,0.24,0.29958333333333337
-0.4,5,19,25,8,4,0.22,0.26,0.3025
29.3,2,19,25,8,4,0.33,0.15,0.3125
3.5,4,20,25,8,4,0.39,0.35,0.30416666666666664
28.8,2,20,25,8,4,0.15,0.14,0.305
37.9,3,22,25,8,4,0.16,0.15,0.30541666666666667
8.1,3,23,25,8,4,0.16,0.16,0.31124999999999997
11.9,1,2,26,8,5,0.3,0.44,0.29958333333333337
8.0,2,3,26,8,5,0.16,0.12,0.29875
-2.7,5,4,26,8,5,0.1,0.38,0.29041666666666666
33.9,2,6,26,8,5,0.18,0.45,0.28375
22.2,4,6,26,8,5,0.29,0.49,0.2733333333333333
27.3,5,6,26,8,5,0.24,0.31,0.27666666666666667
-0.1,2,7,26,8,5,0.39,0.44,0.2791666666666666
19.1,3,7,26,8,5,0.5,0.36,0.27958333333333335
14.5,3,7,26,8,5,0.37,0.43,0.27416666666666667
5.2,1,8,26,8,5,0.3,0.37,0.27166666666666667
17.2,2,8,26,8,5,0.31,0.1,0.28625
13.1,4,8,26,8,5,0.45,0.11,0.28791666666666665
29.3,3,8,26,8,5,0.15,0.45,0.27458333333333335
13.3,1,9,26,8,5,0.13,0.13,0.28458333333333335
9.6,4,9,26,8,5,0.37,0.46,0.27999999999999997
29.8,1,10,26,8,5,0.35,0.25,0.2891666666666666
36.9,2,10,26,8,5,0.47,0.47,0.2895833333333333
-0.1,1,10,26,8,5,0.48,0.22,0.28541666666666665
27.2,3,12,26,8,5,0.12,0.33,0.2775
25.8,4,13,26,8,5,0.14,0.39,0.275
4.6,3,14,26,8,5,0.33,0.15,0.27499999999999997
32.5,5,14,26,8,5,0.15,0.16,0.2891666666666666
2.0,2,15,26,8,5,0.5,0.16,0.2970833333333333
22.8,4,16,26,8,5,0.35,0.3,0.30416666666666664
-5.3,5,17,26,8,5,0.47,0.16,0.30291666666666667
34.4,3,18,26,8,5,0.13,0.1,0.3129166666666667
38.1,1,19,26,8,5,0.34,0.18,0.3225
5.5,1,19,26,8,5,0.41,0.29,0.3166666666666667
21.1,5,20,26,8,5,0.15,0.24,0.3133333333333333
24.2,3,20,26,8,5,0.16,0.39,0.3108333333333333
22.9,3,21,26,8,5,0.33,0.5,0.3025
-6.9,5,21,26,8,5,0.3,0.37,0.30333333333333334
9.5,1,21,26,8,5,0.39,0.3,0.2970833333333333
34.8,1,22,26,8,5,0.15,0.31,0.3020833333333333
8.1,5,22,26,8,5,0.43,0.45,0.29624999999999996
6.5,1,23,26,8,5,0.31,0.15,0.2991666666666667
4.3,1,23,26,8,5,0.22,0.13,0.3025
26.6,2,0,27,8,6,0.21,0.37,0.3020833333333333
10.7,3,1,27,8,6,0.36,0.35,0.30083333333333334
32.1,3,2,27,8,6,0.32,0.47,0.2925
5.5,4,4,27,8,6,0.27,0.48,0.28041666666666665
33.0,3,4,27,8,6,0.19,0.12,0.2808333333333333
11.8,4,5,27,8,6,0.13,0.14,0.2891666666666666
32.5,1,7,27,8,6,0.34,0.33,0.27999999999999997
10.2,2,8,27,8,6,0.11,0.15,0.2791666666666667
26.6,3,8,27,8,6,0.13,0.5,0.27166666666666667
18.1,5,9,27,8,6,0.32,0.35,0.2625
18.5,1,10,27,8,6,0.13,0.47,0.25333333333333335
19.8,2,11,27,8,6,0.25,0.13,0.26333333333333336
14.4,3,12,27,8,6,0.37,0.34,0.2575
19.7,3,15,27,8,6,0.2,0.41,0.25458333333333333
37.0,2,16,27,8,6,0.34,0.15,0.26875
-3.1,4,16,27,8,6,0.49,0.16,0.27375
19.2,1,17,27,8,6,0.28,0.33,0.2675
0.5,2,17,27,8,6,0.18,0.3,0.26125
10.6,4,18,27,8,6,0.15,0.39,0.25333333333333335
36.6,2,19,27,8,6,0.2,0.15,0.2558333333333333
0.2,5,19,27,8,6,0.21,0.43,0.24666666666666667
34.9,5,19,27,8,6,0.21,0.31,0.24333333333333337
7.7,5,20,27,8,6,0.23,0.22,0.2383333333333333
-8.6,3,21,27,8,6,0.1,0.21,0.23875
15.5,4,22,27,8,6,0.22,0.36,0.22958333333333336
2.3,4,23,27,8,6,0.14,0.32,0.23
-2.0,4,0,28,8,0,0.33,0.27,0.2325
-0.7,2,1,28,8,0,0.33,0.19,0.22958333333333333
21.0,5,1,28,8,0,0.12,0.13,0.24
-3.2,2,1,28,8,0,0.38,0.34,0.23416666666666666
8.6,3,2,28,8,0,0.2,0.11,0.24166666666666667
3.6,2,3,28,8,0,0.29,0.13,0.25083333333333335
0.0,4,5,28,8,0,0.35,0.32,0.2529166666666667
-8.3,5,5,28,8,0,0.37,0.13,0.25666666666666665
6.9,3,7,28,8,0,0.22,0.25,0.26333333333333336
32.3,3,9,28,8,0,0.41,0.37,0.2525
2.9,5,9,28,8,0,0.11,0.2,0.2633333333333333
23.4,5,11,28,8,0,0.46,0.34,0.2554166666666667
39.8,2,12,28,8,0,0.15,0.49,0.24250000000000002
32.9,3,13,28,8,0,0.18,0.28,0.24625
-2.4,2,14,28,8,0,0.37,0.18,0.25958333333333333
33.8,2,14,28,8,0,0.5,0.15,0.25958333333333333
28.1,1,15,28,8,0,0.15,0.2,0.2554166666666667
10.2,5,18,28,8,0,0.1,0.21,0.2529166666666667
30.1,2,18,28,8,0,0.15,0.21,0.26375
7.7,3,18,28,8,0,0.47,0.23,0.27458333333333335
-5.3,2,19,28,8,0,0.49,0.1,0.285
26.0,3,21,28,8,0,0.35,0.22,0.28875
-2.3,3,21,28,8,0,0.31,0.14,0.29916666666666664
12.5,3,23,28,8,0,0.39,0.33,0.29541666666666666
24.7,1,1,29,8,1,0.24,0.33,0.28875
8.4,4,2,29,8,1,0.17,0.12,0.29708333333333337
30.2,1,2,29,8,1,0.32,0.38,0.28583333333333333
11.2,3,6,29,8,1,0.11,0.2,0.2970833333333333
26.8,2,7,29,8,1,0.47,0.29,0.29541666666666666
24.2,1,9,29,8,1,0.25,0.35,0.28624999999999995
-6.0,4,12,29,8,1,0.13,0.37,0.2775
0.2,5,14,29,8,1,0.16,0.22,0.2733333333333333
21.0,4,15,29,8,1,0.12,0.41,0.26416666666666666
22.2,3,17,29,8,1,0.19,0.11,0.27125
22.2,3,17,29,8,1,0.28,0.46,0.2725
16.4,4,17,29,8,1,0.49,0.15,0.2733333333333333
35.4,1,17,29,8,1,0.17,0.18,0.2754166666666667
35.6,1,18,29,8,1,0.23,0.37,0.26916666666666667
17.7,3,18,29,8,1,0.22,0.5,0.26666666666666666
0.5,2,19,29,8,1,0.44,0.15,0.26875
17.9,5,19,29,8,1,0.2,0.1,0.28250000000000003
11.3,2,21,29,8,1,0.43,0.15,0.28583333333333333
26.4,4,21,29,8,1,0.23,0.47,0.28541666666666665
12.1,1,22,29,8,1,0.46,0.49,0.2816666666666667
38.1,4,22,29,8,1,0.4,0.35,0.2791666666666667
-5.8,2,23,29,8,1,0.29,0.31,0.285
34.0,5,0,30,8,2,0.45,0.39,0.2833333333333333
20.5,1,2,30,8,2,0.35,0.24,0.2891666666666666
4.3,4,4,30,8,2,0.38,0.17,0.30124999999999996
2.4,3,6,30,8,2,0.46,0.32,0.2966666666666667
23.4,5,6,30,8,2,0.21,0.11,0.30875
17.6,4,8,30,8,2,0.4,0.47,0.2966666666666667
8.8,1,8,30,8,2,0.18,0.25,0.30125
32.6,5,8,30,8,2,0.36,0.13,0.3154166666666666
29.0,2,9,30,8,2,0.47,0.16,0.3204166666666667
21.9,1,9,30,8,2,0.28,0.12,0.32333333333333336
12.6,2,9,30,8,2,0.19,0.19,0.32583333333333336
33.0,3,10,30,8,2,0.25,0.28,0.31875000000000003
-4.0,2,10,30,8,2,0.11,0.49,0.31416666666666665
-8.6,1,13,30,8,2,0.38,0.17,0.3195833333333334
25.5,2,14,30,8,2,0.3,0.23,0.31708333333333333
2.1,5,15,30,8,2,0.17,0.22,0.32125
32.5,3,15,30,8,2,0.32,0.44,0.30791666666666667
5.0,1,16,30,8,2,0.12,0.2,0.31625
30.4,5,17,30,8,2,0.4,0.43,0.3133333333333333
0.4,3,18,30,8,2,0.36,0.23,0.3175
16.0,4,18,30,8,2,0.33,0.46,0.31583333333333335
-9.5,5,19,30,8,2,0.42,0.4,0.30583333333333335
25.8,3,21,30,8,2,0.16,0.29,0.3020833333333333
17.5,3,22,30,8,2,0.2,0.45,0.29875
30.8,1,22,30,8,2,0.37,0.35,0.29833333333333334
29.1,3,23,30,8,2,0.34,0.38,0.29708333333333337
24.2,1,0,31,8,3,0.35,0.46,0.28750000000000003
13.7,3,1,31,8,3,0.23,0.21,0.29208333333333336
26.8,1,1,31,8,3,0.32,0.4,0.29541666666666666
38.4,2,1,31,8,3,0.48,0.18,0.29375
0.3,1,3,31,8,3,0.14,0.36,0.29875
-0.5,4,4,31,8,3,0.48,0.47,0.29291666666666666
0.8,4,6,31,8,3,0.33,0.28,0.28833333333333333
2.6,3,7,31,8,3,0.17,0.19,0.28791666666666665
20.5,4,9,31,8,3,0.18,0.25,0.28375
9.8,5,10,31,8,3,0.15,0.11,0.2904166666666667
11.3,5,10,31,8,3,0.27,0.38,0.28
30.3,1,13,31,8,3,0.13,0.3,0.27291666666666664
-2.7,2,13,31,8,3,0.13,0.17,0.28375
-0.1,2,14,31,8,3,0.43,0.32,0.28750000000000003
30.8,1,15,31,8,3,0.41,0.12,0.2916666666666667
-1.6,5,16,31,8,3,0.22,0.4,0.28125
20.5,4,18,31,8,3,0.15,0.36,0.27166666666666667
23.5,2,19,31,8,3,0.13,0.33,0.27375
-7.6,3,19,31,8,3,0.38,0.42,0.26625000000000004
-8.8,1,20,31,8,3,0.24,0.16,0.27375
-2.0,1,20,31,8,3,0.34,0.2,0.2808333333333333
34.8,1,22,31,8,3,0.37,0.37,0.28541666666666665
22.4,1,22,31,8,3,0.48,0.34,0.2891666666666667
-0.4,2,0,1,9,4,0.43,0.35,0.2916666666666667
-8.4,3,1,1,9,4,0.41,0.23,0.29833333333333334
14.6,3,3,1,9,4,0.39,0.32,0.2891666666666666
26.5,2,3,1,9,4,0.1,0.48,0.2866666666666667
7.8,1,5,1,9,4,0.42,0.14,0.29583333333333334
0.8,5,5,1,9,4,0.36,0.48,0.28791666666666665
7.0,2,5,1,9,4,0.29,0.33,0.2920833333333333
24.0,3,5,1,9,4,0.43,0.17,0.29833333333333334
-9.6,2,6,1,9,4,0.32,0.18,0.29708333333333337
4.0,2,7,1,9,4,0.15,0.15,0.29583333333333334
28.4,4,8,1,9,4,0.12,0.27,0.29375
23.3,4,9,1,9,4,0.22,0.13,0.2983333333333333
0.2,4,11,1,9,4,0.24,0.13,0.31
16.5,2,11,1,9,4,0.41,0.43,0.3116666666666667
0.4,1,11,1,9,4,0.47,0.41,0.31416666666666665
23.6,3,11,1,9,4,0.47,0.22,0.31916666666666665
-5.0,1,12,1,9,4,0.34,0.15,0.32166666666666666
-5.1,1,13,1,9,4,0.21,0.13,0.32416666666666666
4.9,4,14,1,9,4,0.19,0.38,0.3279166666666667
14.3,3,14,1,9,4,0.47,0.24,0.3333333333333333
19.1,4,14,1,9,4,0.37,0.34,0.32708333333333334
6.9,5,17,1,9,4,0.19,0.37,0.33208333333333334
35.0,5,18,1,9,4,0.49,0.48,0.32708333333333334
12.3,1,18,1,9,4,0.36,0.43,0.3145833333333333
3.0,3,19,1,9,4,0.13,0.41,0.30333333333333334
22.9,4,19,1,9,4,0.14,0.39,0.29916666666666664
21.2,2,21,1,9,4,0.29,0.1,0.30791666666666667
19.3,2,21,1,9,4,0.31,0.42,0.3095833333333333
-6.0,4,0,2,9,5,0.46,0.36,0.30875
7.9,3,3,2,9,5,0.34,0.29,0.305
16.4,4,3,2,9,5,0.2,0.43,0.30333333333333334
28.2,3,5,2,9,5,0.39,0.32,0.30041666666666667
32.7,5,6,2,9,5,0.25,0.15,0.3054166666666666
7.6,2,6,2,9,5,0.27,0.12,0.31708333333333333
36.6,3,9,2,9,5,0.4,0.22,0.32791666666666663
39.3,4,10,2,9,5,0.48,0.24,0.32833333333333337
4.8,4,11,2,9,5,0.25,0.41,0.3304166666666667
6.9,2,12,2,9,5,0.46,0.47,0.31708333333333333
12.6,3,13,2,9,5,0.15,0.47,0.3133333333333333
22.3,4,13,2,9,5,0.38,0.34,0.3045833333333333
15.2,3,14,2,9,5,0.13,0.21,0.30333333333333334
33.6,4,14,2,9,5,0.18,0.19,0.315
20.5,1,14,2,9,5,0.47,0.47,0.31
-2.7,1,15,2,9,5,0.35,0.37,0.3133333333333333
16.0,5,17,2,9,5,0.45,0.19,0.3154166666666667
30.9,1,19,2,9,5,0.24,0.49,0.30624999999999997
-6.8,3,20,2,9,5,0.27,0.36,0.3095833333333333
12.8,4,21,2,9,5,0.44,0.13,0.32166666666666666
31.8,1,22,2,9,5,0.42,0.14,0.32208333333333333
18.4,5,23,2,9,5,0.15,0.29,0.32
-1.9,4,23,2,9,5,0.24,0.31,0.31416666666666665
35.8,4,23,2,9,5,0.17,0.46,0.3145833333333334
37.0,3,0,3,9,6,0.47,0.34,0.31
21.1,1,1,3,9,6,0.23,0.2,0.31875000000000003
0.7,1,2,3,9,6,0.41,0.39,0.3133333333333333
-4.2,4,2,3,9,6,0.26,0.25,0.31124999999999997
15.4,3,2,3,9,6,0.2,0.27,0.30416666666666664
18.1,2,3,3,9,6,0.1,0.4,0.30583333333333335
12.6,1,3,3,9,6,0.44,0.48,0.30291666666666667
34.9,1,5,3,9,6,0.41,0.25,0.2995833333333333
0.1,2,6,3,9,6,0.17,0.46,0.29083333333333333
-9.9,1,8,3,9,6,0.25,0.15,0.3
-4.5,5,8,3,9,6,0.37,0.38,0.28958333333333336
-8.2,5,9,3,9,6,0.13,0.13,0.28958333333333336
12.2,3,9,3,9,6,0.13,0.18,0.30083333333333334
38.2,3,9,3,9,6,0.45,0.47,0.2875
0.3,5,10,3,9,6,0.15,0.35,0.2804166666666667
11.6,1,13,3,9,6,0.18,0.45,0.27708333333333335
-8.3,1,13,3,9,6,0.37,0.24,0.2770833333333333
39.5,3,13,3,9,6,0.24,0.27,0.28291666666666665
-7.7,2,14,3,9,6,0.41,0.44,0.2733333333333333
37.6,5,15,3,9,6,0.21,0.42,0.27125
11.9,5,15,3,9,6,0.37,0.15,0.27458333333333335
22.5,3,16,3,9,6,0.23,0.24,0.27375
38.9,2,16,3,9,6,0.22,0.17,0.2791666666666667
-8.7,5,17,3,9,6,0.3,0.47,0.26416666666666666
-3.0,3,19,3,9,6,0.11,0.23,0.26375
-3.7,5,19,3,9,6,0.22,0.41,0.26375
39.9,1,19,3,9,6,0.41,0.26,0.26958333333333334
-9.0,2,21,3,9,6,0.4,0.2,0.26625
27.3,1,22,3,9,6,0.12,0.1,0.27208333333333334
24.4,4,0,4,9,0,0.24,0.44,0.27291666666666664
34.8,1,1,4,9,0,0.46,0.41,0.2725
24.6,2,2,4,9,0,0.4,0.17,0.2841666666666667
9.3,3,2,4,9,0,0.45,0.25,0.27958333333333335
21.7,3,2,4,9,0,0.14,0.37,0.285
20.1,4,3,4,9,0,0.5,0.13,0.2841666666666667
29.8,1,4,4,9,0,0.11,0.13,0.2970833333333333
7.5,4,5,4,9,0,0.44,0.45,0.28250000000000003
-4.7,4,6,4,9,0,0.1,0.15,0.28958333333333336
-9.2,1,7,4,9,0,0.32,0.18,0.29875
17.2,5,8,4,9,0,0.4,0.37,0.3
-5.7,3,8,4,9,0,0.4,0.24,0.2991666666666667
33.6,4,9,4,9,0,0.22,0.41,0.30083333333333334
30.5,5,10,4,9,0,0.45,0.21,0.30916666666666665
2.9,2,12,4,9,0,0.41,0.37,0.31125
4.4,4,12,4,9,0,0.42,0.23,0.31958333333333333
19.9,4,13,4,9,0,0.43,0.22,0.33
13.5,1,15,4,9,0,0.47,0.3,0.33749999999999997
25.2,5,16,4,9,0,0.48,0.11,0.34541666666666665
35.6,3,17,4,9,0,0.3,0.22,0.35541666666666666
20.6,5,17,4,9,0,0.46,0.41,0.35125000000000006
12.2,2,18,4,9,0,0.31,0.4,0.34208333333333335
25.3,2,19,4,9,0,0.18,0.12,0.34249999999999997
31.3,4,0,5,9,1,0.13,0.24,0.3475
34.1,1,0,5,9,1,0.36,0.46,0.34791666666666665
16.4,3,2,5,9,1,0.47,0.4,0.34958333333333336
16.0,2,2,5,9,1,0.44,0.45,0.3391666666666666
5.8,1,2,5,9,1,0.2,0.14,0.35083333333333333
33.0,2,8,5,9,1,0.42,0.5,0.3458333333333334
8.4,1,8,5,9,1,0.38,0.11,0.34958333333333336
-0.9,1,9,5,9,1,0.2,0.44,0.35083333333333333
10.6,1,10,5,9,1,0.47,0.1,0.35791666666666666
18.6,2,12,5,9,1,0.27,0.32,0.35000000000000003
26.0,4,13,5,9,1,0.13,0.4,0.3420833333333333
8.6,4,15,5,9,1,0.21,0.4,0.3445833333333333
19.8,4,15,5,9,1,0.46,0.22,0.34125000000000005
25.1,5,15,5,9,1,0.14,0.45,0.33583333333333326
26.5,3,16,5,9,1,0.32,0.41,0.3275
15.0,5,21,5,9,1,0.21,0.42,0.32
17.8,5,21,5,9,1,0.24,0.43,0.31625
34.2,5,21,5,9,1,0.34,0.47,0.3120833333333333
39.8,3,22,5,9,1,0.37,0.48,0.30374999999999996
26.7,4,23,5,9,1,0.28,0.3,0.30541666666666667
14.4,5,0,6,9,2,0.34,0.46,0.30666666666666664
22.1,2,1,6,9,2,0.49,0.31,0.30791666666666667
-8.5,4,4,6,9,2,0.34,0.18,0.3045833333333333
8.9,2,4,6,9,2,0.1,0.13,0.3083333333333333
28.8,5,6,6,9,2,0.22,0.36,0.30583333333333335
33.8,3,11,6,9,2,0.3,0.47,0.30541666666666667
36.9,4,12,6,9,2,0.46,0.44,0.29583333333333334
36.7,3,13,6,9,2,0.21,0.2,0.30083333333333334
15.8,4,14,6,9,2,0.32,0.42,0.29250000000000004
-3.4,5,14,6,9,2,0.22,0.38,0.295
34.8,5,15,6,9,2,0.44,0.2,0.3070833333333333
35.0,2,15,6,9,2,0.49,0.47,0.30583333333333335
15.6,4,16,6,9,2,0.44,0.27,0.30624999999999997
21.9,1,16,6,9,2,0.28,0.13,0.31083333333333335
3.8,2,17,6,9,2,0.24,0.21,0.31666666666666665
19.0,1,17,6,9,2,0.35,0.46,0.3095833333333333
-5.3,4,18,6,9,2,0.29,0.14,0.3129166666666667
16.5,5,18,6,9,2,0.22,0.32,0.3183333333333333
20.8,5,19,6,9,2,0.45,0.21,0.315
22.9,5,20,6,9,2,0.13,0.24,0.32
30.5,3,22,6,9,2,0.36,0.34,0.3175
-1.6,3,23,6,9,2,0.28,0.37,0.3104166666666667
28.0,3,1,7,9,3,0.2,0.28,0.30541666666666667
39.9,2,1,7,9,3,0.16,0.34,0.3
2.2,3,2,7,9,3,0.21,0.49,0.28458333333333335
15.2,1,3,7,9,3,0.12,0.34,0.28833333333333333
-9.0,4,3,7,9,3,0.43,0.1,0.305
-8.3,4,4,7,9,3,0.5,0.22,0.3041666666666667
18.5,3,6,7,9,3,0.2,0.3,0.31166666666666665
3.8,2,7,7,9,3,0.48,0.46,0.29791666666666666
18.0,1,10,7,9,3,0.13,0.21,0.2983333333333333
1.8,5,11,7,9,3,0.22,0.32,0.2966666666666667
27.4,3,13,7,9,3,0.28,0.22,0.29583333333333334
4.9,2,13,7,9,3,0.2,0.44,0.29541666666666666
24.5,5,13,7,9,3,0.43,0.49,0.29125
1.3,3,14,7,9,3,0.39,0.44,0.29250000000000004
30.2,1,14,7,9,3,0.47,0.28,0.29583333333333334
38.6,4,15,7,9,3,0.36,0.24,0.29083333333333333
27.9,4,17,7,9,3,0.12,0.35,0.28291666666666665
-5.9,4,17,7,9,3,0.16,0.29,0.28958333333333336
8.4,5,19,7,9,3,0.45,0.22,0.30041666666666667
8.1,2,21,7,9,3,0.48,0.45,0.29708333333333337
-8.3,2,21,7,9,3,0.37,0.13,0.3075
-7.6,5,21,7,9,3,0.38,0.36,0.3016666666666667
29.2,4,21,7,9,3,0.22,0.28,0.29916666666666664
22.2,4,22,7,9,3,0.22,0.2,0.30041666666666667
17.3,2,23,7,9,3,0.23,0.16,0.31124999999999997
4.8,5,23,7,9,3,0.42,0.21,0.3083333333333333
18.1,2,0,8,9,4,0.14,0.12,0.3225
39.5,2,1,8,9,4,0.46,0.43,0.31166666666666665
-4.1,2,1,8,9,4,0.17,0.5,0.29624999999999996
27.8,2,1,8,9,4,0.13,0.2,0.30666666666666664
17.2,2,1,8,9,4,0.45,0.48,0.30541666666666667
12.7,4,2,8,9,4,0.45,0.13,0.31833333333333336
37.7,1,3,8,9,4,0.44,0.22,0.32583333333333336
6.9,3,3,8,9,4,0.4,0.28,0.3333333333333333
18.8,3,5,8,9,4,0.46,0.2,0.3416666666666666
39.1,2,6,8,9,4,0.4,0.43,0.33958333333333335
-2.4,3,7,8,9,4,0.38,0.39,0.34375
38.0,3,7,8,9,4,0.49,0.47,0.32916666666666666
38.3,5,8,8,9,4,0.12,0.36,0.32416666666666666
25.5,4,8,8,9,4,0.24,0.12,0.32833333333333337
27.9,1,9,8,9,4,0.22,0.16,0.33125
37.3,5,9,8,9,4,0.23,0.45,0.3166666666666667
1.9,1,9,8,9,4,0.1,0.48,0.3133333333333333
13.7,5,14,8,9,4,0.4,0.37,0.315
19.6,5,14,8,9,4,0.41,0.38,0.3083333333333333
28.0,4,14,8,9,4,0.22,0.22,0.30583333333333335
13.6,2,15,8,9,4,0.16,0.22,0.3095833333333334
0.1,2,15,8,9,4,0.31,0.23,0.30583333333333335
19.5,4,16,8,9,4,0.14,0.42,0.295
35.2,1,16,8,9,4,0.16,0.14,0.29625
-3.5,1,19,8,9,4,0.17,0.46,0.28708333333333336
-8.3,1,20,8,9,4,0.24,0.17,0.2991666666666667
24.5,2,20,8,9,4,0.46,0.13,0.3120833333333333
6.8,4,21,8,9,4,0.44,0.45,0.3125
18.5,4,21,8,9,4,0.46,0.45,0.30791666666666667
27.0,2,22,8,9,4,0.34,0.44,0.2966666666666667
-9.6,1,22,8,9,4,0.17,0.4,0.2866666666666667
5.1,4,0,9,9,5,0.16,0.46,0.28375
-1.6,5,0,9,9,5,0.39,0.4,0.2841666666666667
1.8,5,2,9,9,5,0.41,0.38,0.27708333333333335
6.6,5,3,9,9,5,0.21,0.49,0.27416666666666667
25.3,1,3,9,9,5,0.42,0.12,0.2895833333333333
-8.0,4,4,9,9,5,0.49,0.24,0.2841666666666667
39.8,2,4,9,9,5,0.11,0.22,0.2875
0.3,1,5,9,9,5,0.3,0.23,0.28625
3.9,4,6,9,9,5,0.2,0.1,0.2970833333333333
-6.1,5,8,9,9,5,0.36,0.4,0.29625
39.8,1,9,9,9,5,0.38,0.41,0.295
6.8,1,9,9,9,5,0.38,0.22,0.30291666666666667
36.2,2,10,9,9,5,0.41,0.16,0.30583333333333335
-7.2,5,10,9,9,5,0.23,0.31,0.3045833333333333
10.4,4,11,9,9,5,0.28,0.14,0.315
-7.1,3,12,9,9,5,0.39,0.16,0.31625
1.4,1,12,9,9,5,0.19,0.17,0.31916666666666665
-1.8,2,15,9,9,5,0.24,0.24,0.31375
-3.1,3,15,9,9,5,0.11,0.46,0.29875
38.0,1,16,9,9,5,0.1,0.44,0.28833333333333333
-2.7,5,18,9,9,5,0.19,0.46,0.28208333333333335
12.5,1,20,9,9,5,0.31,0.34,0.28583333333333333
33.5,4,21,9,9,5,0.43,0.17,0.29416666666666663
12.6,5,21,9,9,5,0.37,0.16,0.30833333333333335
8.6,3,23,9,9,5,0.5,0.39,0.30875
-4.0,4,23,9,9,5,0.4,0.41,0.30124999999999996
19.9,1,0,10,9,6,0.23,0.21,0.3129166666666667
3.1,1,1,10,9,6,0.49,0.42,0.30624999999999997
12.4,4,1,10,9,6,0.26,0.49,0.2970833333333333
5.4,3,1,10,9,6,0.27,0.11,0.29791666666666666
-4.9,4,2,10,9,6,0.13,0.3,0.29458333333333336
-4.4,1,3,10,9,6,0.22,0.2,0.30541666666666667
22.6,1,4,10,9,6,0.46,0.36,0.295
15.3,2,4,10,9,6,0.11,0.38,0.28375
12.2,2,5,10,9,6,0.11,0.38,0.28375
34.2,1,6,10,9,6,0.38,0.41,0.28250000000000003
17.2,5,6,10,9,6,0.38,0.23,0.28708333333333336
31.2,1,6,10,9,6,0.34,0.28,0.2941666666666667
23.9,4,8,10,9,6,0.45,0.39,0.29124999999999995
10.4,1,10,10,9,6,0.32,0.19,0.3
21.1,4,11,10,9,6,0.4,0.24,0.30291666666666667
-6.1,3,11,10,9,6,0.31,0.11,0.31708333333333333
7.8,4,12,10,9,6,0.45,0.1,0.32625
0.6,2,12,10,9,6,0.32,0.19,0.3275
-5.4,2,12,10,9,6,0.22,0.31,0.32
20.8,2,13,10,9,6,0.13,0.43,0.3154166666666667
-2.1,4,13,10,9,6,0.32,0.37,0.3154166666666667
24.1,3,13,10,9,6,0.37,0.5,0.305
16.3,4,14,10,9,6,0.25,0.4,0.3033333333333333
0.8,5,14,10,9,6,0.36,0.23,0.3020833333333333
37.7,5,15,10,9,6,0.2,0.49,0.3016666666666667
31.6,5,17,10,9,6,0.48,0.26,0.30916666666666665
12.4,1,17,10,9,6,0.44,0.27,0.3095833333333333
19.1,5,18,10,9,6,0.28,0.13,0.32375
-5.5,3,18,10,9,6,0.47,0.22,0.32125
10.5,1,21,10,9,6,0.16,0.46,0.32208333333333333
28.5,4,22,10,9,6,0.48,0.11,0.3358333333333334
30.3,5,22,10,9,6,0.44,0.11,0.34375
-3.2,5,22,10,9,6,0.3,0.38,0.3445833333333333
-0.2,1,1,11,9,0,0.4,0.38,0.34583333333333327
19.1,2,3,11,9,0,0.41,0.34,0.3475
27.7,2,3,11,9,0,0.38,0.45,0.33749999999999997
35.5,3,3,11,9,0,0.21,0.32,0.33083333333333337
28.1,2,4,11,9,0,0.16,0.4,0.3283333333333333
23.2,1,4,11,9,0,0.34,0.31,0.3266666666666667
-6.5,1,5,11,9,0,0.27,0.45,0.3179166666666667
17.2,1,5,11,9,0,0.24,0.32,0.31875000000000003
5.8,1,5,11,9,0,0.34,0.22,0.32666666666666666
3.8,4,6,11,9,0,0.41,0.13,0.33875000000000005
6.9,2,8,11,9,0,0.42,0.32,0.34541666666666665
31.0,5,10,11,9,0,0.48,0.37,0.33625
4.3,2,10,11,9,0,0.15,0.25,0.33666666666666667
37.3,4,14,11,9,0,0.26,0.36,0.33666666666666667
30.8,5,14,11,9,0,0.36,0.2,0.33416666666666667
4.9,4,18,11,9,0,0.14,0.48,0.32125
17.3,3,20,11,9,0,0.17,0.44,0.3166666666666667
21.5,5,21,11,9,0,0.33,0.28,0.3175
18.8,5,21,11,9,0,0.3,0.47,0.31416666666666665
-9.5,3,23,11,9,0,0.39,0.16,0.3216666666666667
33.2,4,23,11,9,0,0.34,0.48,0.30875
12.9,4,23,11,9,0,0.17,0.44,0.3016666666666667
-7.7,3,0,12,9,1,0.27,0.3,0.3025
-5.7,5,0,12,9,1,0.32,0.4,0.29458333333333336
38.0,5,0,12,9,1,0.21,0.41,0.29625
19.7,1,1,12,9,1,0.45,0.38,0.29
-9.2,3,4,12,9,1,0.23,0.21,0.2854166666666667
17.5,2,5,12,9,1,0.1,0.16,0.29916666666666664
1.2,4,5,12,9,1,0.49,0.34,0.29333333333333333
31.9,5,7,12,9,1,0.2,0.27,0.2891666666666666
23.0,4,8,12,9,1,0.17,0.24,0.28958333333333336
18.4,2,9,12,9,1,0.25,0.34,0.28125
36.7,3,10,12,9,1,0.14,0.41,0.27458333333333335
4.9,2,11,12,9,1,0.25,0.42,0.265
39.6,3,13,12,9,1,0.19,0.48,0.25833333333333336
-7.2,3,14,12,9,1,0.32,0.15,0.26999999999999996
9.5,2,15,12,9,1,0.43,0.26,0.2758333333333333
15.5,5,16,12,9,1,0.4,0.36,0.26625000000000004
11.5,2,16,12,9,1,0.13,0.14,0.2733333333333333
16.9,1,16,12,9,1,0.31,0.17,0.2820833333333333
15.8,4,17,12,9,1,0.38,0.33,0.2816666666666667
-2.8,2,17,12,9,1,0.32,0.3,0.28833333333333333
30.7,1,18,12,9,1,0.46,0.39,0.28625
26.9,3,20,12,9,1,0.34,0.34,0.27666666666666667
26.0,4,22,12,9,1,0.11,0.17,0.29
15.1,4,23,12,9,1,0.49,0.27,0.29458333333333336
-0.1,2,23,12,9,1,0.38,0.32,0.29791666666666666
19.9,1,23,12,9,1,0.4,0.21,0.30875
2.9,5,0,13,9,2,0.47,0.45,0.3025
8.3,1,0,13,9,2,0.3,0.23,0.29958333333333337
15.4,4,1,13,9,2,0.16,0.1,0.3083333333333333
3.3,5,3,13,9,2,0.31,0.49,0.30125
37.0,5,3,13,9,2,0.32,0.2,0.30333333333333334
25.9,3,3,13,9,2,0.25,0.17,0.30333333333333334
-7.0,1,6,13,9,2,0.17,0.25,0.30833333333333335
-8.1,5,7,13,9,2,0.37,0.14,0.30874999999999997
8.9,4,7,13,9,2,0.15,0.25,0.31083333333333335
22.5,5,8,13,9,2,0.3,0.19,0.32208333333333333
15.3,3,9,13,9,2,0.46,0.32,0.3175
-0.9,2,11,13,9,2,0.21,0.43,0.31333333333333335
21.4,4,11,13,9,2,0.33,0.4,0.3154166666666666
25.8,1,11,13,9,2,0.45,0.13,0.32125
-2.0,1,15,13,9,2,0.27,0.31,0.32708333333333334
-5.5,2,15,13,9,2,0.45,0.38,0.32875000000000004
31.4,2,16,13,9,2,0.42,0.32,0.32458333333333333
34.4,4,17,13,9,2,0.22,0.46,0.31833333333333336
1.8,3,17,13,9,2,0.31,0.34,0.3175
4.8,2,18,13,9,2,0.32,0.11,0.3283333333333333
-7.9,2,19,13,9,2,0.37,0.49,0.3175
-4.0,4,20,13,9,2,0.23,0.38,0.315
30.6,4,21,13,9,2,0.32,0.4,0.3129166666666667
26.3,3,22,13,9,2,0.35,0.47,0.3
-6.7,3,22,13,9,2,0.16,0.3,0.2970833333333333
-4.3,2,23,13,9,2,0.23,0.16,0.3104166666666666
6.2,5,23,13,9,2,0.48,0.31,0.31625
33.1,1,0,14,9,3,0.45,0.32,0.3183333333333333
-4.7,5,0,14,9,3,0.37,0.25,0.3154166666666667
26.9,1,1,14,9,3,0.18,0.17,0.3125
-9.1,5,4,14,9,3,0.1,0.37,0.3095833333333333
12.1,5,4,14,9,3,0.3,0.15,0.3095833333333334
19.6,4,4,14,9,3,0.15,0.3,0.31666666666666665
6.7,2,6,14,9,3,0.47,0.46,0.31416666666666665
-0.1,1,7,14,9,3,0.4,0.21,0.31083333333333335
24.7,2,10,14,9,3,0.13,0.33,0.30583333333333335
-5.5,4,11,14,9,3,0.21,0.45,0.29458333333333336
20.1,3,12,14,9,3,0.18,0.27,0.29541666666666666
22.6,1,13,14,9,3,0.29,0.45,0.2891666666666666
18.2,1,14,14,9,3,0.3,0.42,0.28375
-5.0,3,15,14,9,3,0.29,0.22,0.27875
14.4,5,16,14,9,3,0.1,0.31,0.2754166666666667
19.2,1,17,14,9,3,0.23,0.32,0.2725
6.1,5,17,14,9,3,0.25,0.37,0.26291666666666663
35.1,2,20,14,9,3,0.14,0.23,0.26999999999999996
25.6,1,20,14,9,3,0.4,0.32,0.26916666666666667
-3.2,3,20,14,9,3,0.3,0.35,0.26541666666666663
-8.8,3,20,14,9,3,0.26,0.16,0.27166666666666667
33.4,2,21,14,9,3,0.31,0.23,0.2754166666666667
8.4,2,21,14,9,3,0.32,0.48,0.2725
39.7,5,21,14,9,3,0.41,0.45,0.2708333333333333
14.4,5,22,14,9,3,0.41,0.37,0.2604166666666667
-9.0,4,0,15,9,4,0.12,0.18,0.2575
27.6,4,1,15,9,4,0.11,0.1,0.26625
27.1,2,1,15,9,4,0.31,0.3,0.27125
7.9,5,2,15,9,4,0.42,0.15,0.2833333333333333
24.0,1,2,15,9,4,0.44,0.47,0.27291666666666664
1.4,2,4,15,9,4,0.22,0.4,0.27375
22.8,3,5,15,9,4,0.42,0.13,0.2733333333333333
11.8,5,6,15,9,4,0.12,0.21,0.2816666666666667
26.1,2,6,15,9,4,0.41,0.18,0.28875
14.0,4,7,15,9,4,0.35,0.29,0.29333333333333333
17.3,1,7,15,9,4,0.4,0.3,0.29083333333333333
34.4,2,7,15,9,4,0.24,0.29,0.285
-3.5,3,8,15,9,4,0.15,0.1,0.2925
-8.2,5,8,15,9,4,0.28,0.23,0.28791666666666665
-2.2,1,8,15,9,4,0.12,0.25,0.28583333333333333
-1.8,1,10,15,9,4,0.2,0.14,0.30041666666666667
5.9,1,10,15,9,4,0.49,0.4,0.2966666666666667
31.1,5,12,15,9,4,0.31,0.3,0.2891666666666667
31.4,5,13,15,9,4,0.12,0.26,0.28875
28.9,5,16,15,9,4,0.25,0.31,0.27999999999999997
36.0,1,17,15,9,4,0.1,0.32,0.2808333333333333
38.9,4,18,15,9,4,0.34,0.41,0.28125
27.8,3,18,15,9,4,0.42,0.41,0.2841666666666667
25.5,5,19,15,9,4,0.48,0.12,0.29041666666666666
24.0,1,19,15,9,4,0.27,0.11,0.2966666666666667
4.4,2,19,15,9,4,0.26,0.31,0.29375
21.1,3,20,15,9,4,0.24,0.42,0.2916666666666667
34.0,3,23,15,9,4,0.37,0.44,0.29083333333333333
36.4,5,23,15,9,4,0.42,0.22,0.29833333333333334
-0.7,2,23,15,9,4,0.4,0.42,0.28583333333333333
13.3,5,0,16,9,5,0.12,0.12,0.3016666666666667
-2.5,2,0,16,9,5,0.5,0.41,0.2920833333333333
-6.8,3,0,16,9,5,0.18,0.35,0.29083333333333333
35.3,1,1,16,9,5,0.32,0.4,0.28125
25.3,5,1,16,9,5,0.17,0.24,0.28583333333333333
10.7,4,3,16,9,5,0.35,0.15,0.2866666666666667
6.3,1,3,16,9,5,0.17,0.28,0.285
25.2,2,3,16,9,5,0.24,0.12,0.28958333333333336
20.1,2,4,16,9,5,0.23,0.2,0.2945833333333333
17.7,1,5,16,9,5,0.32,0.49,0.28500000000000003
38.4,5,6,16,9,5,0.26,0.31,0.27666666666666667
19.8,4,6,16,9,5,0.11,0.12,0.2775
27.7,2,6,16,9,5,0.14,0.25,0.2825
10.1,2,7,16,9,5,0.37,0.1,0.29
18.6,1,8,16,9,5,0.28,0.34,0.2891666666666667
14.6,4,9,16,9,5,0.32,0.42,0.28750000000000003
12.7,3,11,16,9,5,0.38,0.48,0.28375
18.6,4,14,16,9,5,0.39,0.27,0.28458333333333335
34.8,4,14,16,9,5,0.29,0.26,0.2870833333333333
-5.8,2,16,16,9,5,0.32,0.24,0.2866666666666667
5.4,3,17,16,9,5,0.23,0.37,0.28625
3.5,1,19,16,9,5,0.36,0.42,0.2816666666666667
29.1,4,20,16,9,5,0.31,0.4,0.2783333333333333
37.3,5,21,16,9,5,0.32,0.12,0.29125
22.8,4,21,16,9,5,0.43,0.5,0.2891666666666666
28.4,1,21,16,9,5,0.45,0.18,0.2970833333333333
31.8,1,22,16,9,5,0.37,0.32,0.30083333333333334
-3.8,3,23,16,9,5,0.41,0.17,0.31166666666666665
-0.8,4,0,17,9,6,0.43,0.35,0.30416666666666664
12.2,3,1,17,9,6,0.17,0.17,0.30375
19.6,2,1,17,9,6,0.16,0.24,0.31375000000000003
-9.6,2,3,17,9,6,0.48,0.23,0.31583333333333335
8.0,1,4,17,9,6,0.28,0.32,0.3225
-7.6,1,4,17,9,6,0.48,0.26,0.33166666666666667
22.5,1,5,17,9,6,0.48,0.11,0.33375
-1.0,1,7,17,9,6,0.16,0.14,0.34249999999999997
11.3,4,7,17,9,6,0.35,0.37,0.34125
0.0,2,7,17,9,6,0.34,0.28,0.34791666666666665
26.9,5,8,17,9,6,0.44,0.32,0.3545833333333333
2.6,5,10,17,9,6,0.48,0.38,0.34708333333333324
10.5,4,12,17,9,6,0.2,0.39,0.3358333333333334
19.0,4,12,17,9,6,0.12,0.29,0.33958333333333335
33.3,3,14,17,9,6,0.38,0.32,0.33666666666666667
1.9,1,15,17,9,6,0.25,0.23,0.33708333333333335
33.3,2,16,17,9,6,0.24,0.36,0.3408333333333333
8.9,3,16,17,9,6,0.45,0.31,0.34541666666666665
24.0,5,18,17,9,6,0.42,0.32,0.34708333333333335
14.3,5,18,17,9,6,0.36,0.43,0.3333333333333333
14.0,5,18,17,9,6,0.1,0.45,0.32625
32.0,3,18,17,9,6,0.28,0.37,0.32458333333333333
8.5,2,18,17,9,6,0.33,0.41,0.31708333333333333
8.5,1,18,17,9,6,0.23,0.43,0.31333333333333335
14.9,1,19,17,9,6,0.34,0.17,0.32
14.1,5,19,17,9,6,0.33,0.16,0.32
0.3,4,20,17,9,6,0.16,0.48,0.31666666666666665
35.7,5,21,17,9,6,0.4,0.28,0.3133333333333333
8.1,5,21,17,9,6,0.2,0.48,0.3020833333333333
19.8,2,23,17,9,6,0.21,0.48,0.295
29.8,1,2,18,9,0,0.31,0.16,0.30625
10.8,4,5,18,9,0,0.43,0.35,0.2975
-4.5,3,5,18,9,0,0.14,0.34,0.30291666666666667
-8.1,4,6,18,9,0,0.47,0.44,0.295
6.0,2,6,18,9,0,0.25,0.48,0.2841666666666667
12.1,4,9,18,9,0,0.22,0.2,0.28458333333333335
10.5,3,10,18,9,0,0.21,0.12,0.29291666666666666
27.0,1,11,18,9,0,0.32,0.38,0.28583333333333333
25.8,4,12,18,9,0,0.21,0.25,0.28625
13.2,3,13,18,9,0,0.26,0.24,0.2825
7.7,3,14,18,9,0,0.15,0.45,0.2804166666666667
13.2,3,14,18,9,0,0.4,0.42,0.28
22.2,2,14,18,9,0,0.41,0.36,0.28458333333333335
36.7,5,15,18,9,0,0.47,0.1,0.2954166666666667
11.0,2,15,18,9,0,0.36,0.28,0.28875
23.7,2,15,18,9,0,0.12,0.33,0.28750000000000003
24.9,5,16,18,9,0,0.3,0.23,0.28833333333333333
11.9,4,17,18,9,0,0.25,0.34,0.28458333333333335
15.8,4,18,18,9,0,0.25,0.33,0.29041666666666666
-5.6,1,19,18,9,0,0.47,0.16,0.295
28.6,4,19,18,9,0,0.27,0.4,0.28583333333333333
23.0,1,20,18,9,0,0.18,0.2,0.29291666666666666
31.6,5,20,18,9,0,0.37,0.21,0.28833333333333333
-2.5,3,20,18,9,0,0.1,0.31,0.2891666666666666
38.7,3,21,18,9,0,0.33,0.43,0.28041666666666665
9.7,5,22,18,9,0,0.22,0.14,0.28583333333333333
10.7,2,23,18,9,0,0.27,0.47,0.2866666666666667
36.4,4,23,18,9,0,0.49,0.25,0.2891666666666667
30.7,2,3,19,9,1,0.31,0.22,0.28583333333333333
27.6,3,3,19,9,1,0.14,0.21,0.29375
16.1,1,4,19,9,1,0.4,0.32,0.29791666666666666
16.1,2,5,19,9,1,0.42,0.21,0.305
37.5,4,5,19,9,1,0.38,0.26,0.3
-7.7,4,11,19,9,1,0.14,0.15,0.305
-6.8,5,11,19,9,1,0.27,0.4,0.29375
32.9,1,12,19,9,1,0.13,0.41,0.2816666666666667
25.7,2,12,19,9,1,0.12,0.47,0.2791666666666667
35.2,2,12,19,9,1,0.41,0.36,0.2833333333333333
15.5,4,14,19,9,1,0.46,0.12,0.2845833333333333
16.4,3,16,19,9,1,0.15,0.3,0.2808333333333333
5.3,4,16,19,9,1,0.21,0.25,0.27541666666666664
1.3,5,18,19,9,1,0.12,0.25,0.27625
34.9,3,19,19,9,1,0.27,0.47,0.26833333333333337
32.9,3,19,19,9,1,0.28,0.27,0.26791666666666664
7.8,5,21,19,9,1,0.26,0.18,0.2704166666666667
19.1,3,22,19,9,1,0.24,0.37,0.26458333333333334
7.1,2,23,19,9,1,0.23,0.1,0.26708333333333334
37.7,2,23,19,9,1,0.16,0.33,0.26458333333333334
12.5,5,0,20,9,2,0.27,0.22,0.275
-2.7,3,0,20,9,2,0.47,0.27,0.27166666666666667
2.2,4,1,20,9,2,0.19,0.49,0.2683333333333333
-5.0,4,1,20,9,2,0.41,0.31,0.2758333333333333
38.3,1,1,20,9,2,0.49,0.14,0.28625
30.7,4,1,20,9,2,0.39,0.4,0.28250000000000003
33.5,2,2,20,9,2,0.31,0.42,0.285
27.4,3,4,20,9,2,0.48,0.38,0.2804166666666667
5.6,5,6,20,9,2,0.27,0.14,0.2945833333333333
-3.3,4,6,20,9,2,0.48,0.27,0.3
6.9,4,6,20,9,2,0.4,0.13,0.3075
37.8,3,6,20,9,2,0.31,0.12,0.31124999999999997
21.9,2,12,20,9,2,0.21,0.41,0.29875
7.4,1,12,20,9,2,0.11,0.46,0.29333333333333333
13.9,4,14,20,9,2,0.33,0.15,0.3
25.1,2,14,20,9,2,0.31,0.21,0.3116666666666667
10.2,2,18,20,9,2,0.49,0.12,0.3120833333333333
6.8,4,18,20,9,2,0.13,0.27,0.3179166666666667
23.2,3,18,20,9,2,0.41,0.28,0.3258333333333333
7.4,3,18,20,9,2,0.47,0.26,0.33
26.7,4,23,20,9,2,0.36,0.24,0.3345833333333333
16.4,2,0,21,9,3,0.35,0.23,0.34375
-3.9,3,2,21,9,3,0.45,0.16,0.3475
0.8,1,3,21,9,3,0.25,0.27,0.34958333333333336
31.8,1,3,21,9,3,0.32,0.47,0.34833333333333333
23.8,1,5,21,9,3,0.44,0.19,0.3575
-0.0,3,7,21,9,3,0.41,0.41,0.34874999999999995
29.6,3,7,21,9,3,0.2,0.49,0.3466666666666667
8.9,2,8,21,9,3,0.44,0.39,0.3433333333333333
15.3,1,9,21,9,3,0.31,0.31,0.3433333333333333
5.2,3,10,21,9,3,0.31,0.48,0.3325
19.6,3,10,21,9,3,0.22,0.27,0.33666666666666667
-4.1,4,12,21,9,3,0.37,0.48,0.3283333333333333
39.8,5,13,21,9,3,0.28,0.4,0.3233333333333333
39.7,3,15,21,9,3,0.28,0.31,0.32125
28.5,5,15,21,9,3,0.26,0.21,0.32875000000000004
-8.9,1,17,21,9,3,0.39,0.11,0.34041666666666665
5.1,5,17,21,9,3,0.39,0.33,0.33125
-2.7,2,18,21,9,3,0.11,0.31,0.33666666666666667
32.3,5,19,21,9,3,0.44,0.49,0.3204166666666667
11.6,4,19,21,9,3,0.1,0.13,0.33125
25.0,1,20,21,9,3,0.39,0.41,0.32416666666666666
25.0,5,21,21,9,3,0.24,0.47,0.31833333333333336
3.1,1,22,21,9,3,0.33,0.36,0.31916666666666665
-7.7,2,2,22,9,4,0.38,0.35,0.31083333333333335
-5.7,3,2,22,9,4,0.15,0.45,0.30541666666666667
33.5,4,2,22,9,4,0.32,0.25,0.3075
12.9,5,2,22,9,4,0.3,0.32,0.3020833333333333
6.6,1,4,22,9,4,0.19,0.44,0.29250000000000004
2.1,1,4,22,9,4,0.21,0.41,0.29291666666666666
-8.3,5,4,22,9,4,0.42,0.2,0.29875
14.6,5,5,22,9,4,0.34,0.44,0.28875
-3.6,3,7,22,9,4,0.2,0.31,0.28125
5.3,5,7,22,9,4,0.13,0.31,0.2841666666666667
13.6,3,7,22,9,4,0.38,0.22,0.2866666666666667
4.9,1,8,22,9,4,0.28,0.37,0.27625
13.8,1,9,22,9,4,0.12,0.28,0.28125
4.1,4,11,22,9,4,0.4,0.28,0.275
-9.8,3,12,22,9,4,0.13,0.26,0.27708333333333335
15.6,5,12,22,9,4,0.31,0.39,0.26666666666666666
-7.4,3,13,22,9,4,0.14,0.39,0.2604166666666667
19.1,4,13,22,9,4,0.24,0.11,0.26125
32.5,1,16,22,9,4,0.13,0.44,0.25333333333333335
-5.8,3,17,22,9,4,0.25,0.1,0.26
10.0,1,19,22,9,4,0.26,0.39,0.25166666666666665
11.0,4,19,22,9,4,0.19,0.24,0.24625
21.2,2,21,22,9,4,0.11,0.33,0.24791666666666667
31.4,5,21,22,9,4,0.37,0.38,0.24375
-5.0,4,21,22,9,4,0.28,0.15,0.24916666666666668
16.1,2,21,22,9,4,0.28,0.32,0.24625
0.1,4,22,22,9,4,0.25,0.3,0.2466666666666667
-6.8,1,23,22,9,4,0.31,0.19,0.24666666666666667
9.6,5,0,23,9,5,0.19,0.21,0.25333333333333335
-7.4,3,4,23,9,5,0.37,0.42,0.24250000000000002
-5.8,4,4,23,9,5,0.16,0.34,0.23583333333333334
-4.2,2,4,23,9,5,0.18,0.2,0.24416666666666667
7.3,3,7,23,9,5,0.4,0.13,0.24375000000000002
-7.4,3,7,23,9,5,0.12,0.38,0.24291666666666667
31.0,2,8,23,9,5,0.36,0.28,0.24625
36.8,2,8,23,9,5,0.36,0.12,0.25666666666666665
21.3,5,9,23,9,5,0.37,0.4,0.2504166666666667
-1.8,3,10,23,9,5,0.25,0.13,0.25666666666666665
-1.2,2,11,23,9,5,0.28,0.31,0.25875
-1.9,4,12,23,9,5,0.36,0.14,0.26583333333333337
-5.5,4,12,23,9,5,0.31,0.24,0.26666666666666666
9.5,1,13,23,9,5,0.26,0.13,0.2754166666666667
15.0,3,13,23,9,5,0.34,0.25,0.2783333333333334
4.3,1,14,23,9,5,0.32,0.26,0.28375
26.7,1,14,23,9,5,0.39,0.19,0.28375
-2.5,1,14,23,9,5,0.19,0.11,0.28541666666666665
-3.3,2,14,23,9,5,0.15,0.37,0.2866666666666667
16.3,5,14,23,9,5,0.4,0.28,0.2841666666666667
7.1,5,14,23,9,5,0.22,0.28,0.27999999999999997
23.3,2,14,23,9,5,0.18,0.25,0.2866666666666667
-0.4,2,15,23,9,5,0.41,0.31,0.2916666666666667
34.9,5,17,23,9,5,0.43,0.19,0.2970833333333333
11.6,4,17,23,9,5,0.32,0.37,0.29333333333333333
22.6,2,18,23,9,5,0.28,0.16,0.3020833333333333
37.6,3,19,23,9,5,0.37,0.18,0.31125
26.5,5,20,23,9,5,0.4,0.4,0.3129166666666667
35.2,3,21,23,9,5,0.44,0.12,0.315
35.1,4,0,24,9,6,0.17,0.36,0.3104166666666667
5.6,2,1,24,9,6,0.25,0.36,0.30333333333333334
33.2,4,2,24,9,6,0.19,0.37,0.29458333333333336
-5.6,2,3,24,9,6,0.16,0.25,0.30416666666666664
31.4,3,3,24,9,6,0.48,0.28,0.305
15.6,1,3,24,9,6,0.3,0.36,0.29541666666666666
31.8,3,5,24,9,6,0.13,0.31,0.29416666666666663
0.4,3,5,24,9,6,0.28,0.26,0.30041666666666667
24.6,2,6,24,9,6,0.41,0.34,0.29833333333333334
-7.0,1,6,24,9,6,0.29,0.32,0.2891666666666666
25.6,2,7,24,9,6,0.1,0.39,0.28958333333333336
37.4,3,8,24,9,6,0.4,0.19,0.29416666666666663
11.3,4,11,24,9,6,0.3,0.15,0.3
20.6,1,11,24,9,6,0.29,0.4,0.29791666666666666
-1.4,3,11,24,9,6,0.35,0.22,0.3025
36.5,3,11,24,9,6,0.33,0.18,0.30083333333333334
7.7,4,12,24,9,6,0.14,0.41,0.2916666666666667
29.1,2,12,24,9,6,0.19,0.43,0.27999999999999997
39.2,5,12,24,9,6,0.15,0.32,0.2854166666666667
15.2,1,13,24,9,6,0.45,0.28,0.2866666666666667
10.8,1,14,24,9,6,0.31,0.37,0.27625
8.3,4,14,24,9,6,0.12,0.4,0.2804166666666667
11.3,3,15,24,9,6,0.5,0.44,0.27958333333333335
-1.7,2,15,24,9,6,0.42,0.17,0.2816666666666667
-3.2,4,15,24,9,6,0.22,0.25,0.2841666666666667
34.4,5,16,24,9,6,0.31,0.19,0.28541666666666665
38.7,4,17,24,9,6,0.22,0.16,0.29
22.9,2,17,24,9,6,0.27,0.48,0.29083333333333333
-9.7,5,21,24,9,6,0.5,0.3,0.29541666666666666
-2.5,2,22,24,9,6,0.41,0.13,0.3025
17.8,1,0,25,9,0,0.3,0.28,0.29583333333333334
12.3,1,0,25,9,0,0.12,0.41,0.2841666666666667
-0.9,1,0,25,9,0,0.13,0.29,0.28541666666666665
4.0,4,1,25,9,0,0.32,0.1,0.29541666666666666
2.8,5,2,25,9,0,0.34,0.4,0.29291666666666666
39.0,3,3,25,9,0,0.34,0.3,0.29291666666666666
31.4,1,4,25,9,0,0.3,0.29,0.29541666666666666
30.3,4,4,25,9,0,0.35,0.35,0.29875
-2.8,4,6,25,9,0,0.43,0.33,0.29583333333333334
18.2,4,6,25,9,0,0.26,0.14,0.30124999999999996
37.4,4,7,25,9,0,0.27,0.19,0.3070833333333333
5.3,3,8,25,9,0,0.33,0.15,0.3204166666666666
2.6,1,9,25,9,0,0.47,0.45,0.32125
-8.4,2,10,25,9,0,0.47,0.31,0.3175
-7.1,5,11,25,9,0,0.22,0.12,0.3204166666666666
26.9,4,12,25,9,0,0.19,0.5,0.30375
36.3,5,12,25,9,0,0.1,0.42,0.2920833333333333
36.2,2,12,25,9,0,0.14,0.22,0.2991666666666667
25.2,3,13,25,9,0,0.39,0.31,0.2970833333333333
-7.3,1,13,25,9,0,0.26,0.22,0.29958333333333337
15.3,3,14,25,9,0,0.28,0.27,0.29875
26.6,3,17,25,9,0,0.25,0.5,0.28624999999999995
-8.6,3,17,25,9,0,0.2,0.41,0.275
5.4,5,18,25,9,0,0.14,0.3,0.27708333333333335
9.5,3,18,25,9,0,0.35,0.12,0.28458333333333335
-9.9,2,18,25,9,0,0.3,0.13,0.2875
29.9,5,18,25,9,0,0.2,0.32,0.29291666666666666
34.7,1,20,25,9,0,0.45,0.34,0.28625
28.6,4,21,25,9,0,0.18,0.34,0.2870833333333333
30.5,5,21,25,9,0,0.36,0.3,0.2833333333333333
33.2,4,22,25,9,0,0.21,0.35,0.28625
-2.9,4,23,25,9,0,0.42,0.43,0.2754166666666667
-5.3,4,23,25,9,0,0.17,0.26,0.28291666666666665
-6.7,2,1,26,9,1,0.44,0.27,0.2758333333333333
8.6,1,1,26,9,1,0.1,0.33,0.26958333333333334
-8.3,5,1,26,9,1,0.18,0.47,0.2629166666666667
35.6,5,1,26,9,1,0.31,0.47,0.24916666666666665
-9.4,1,5,26,9,1,0.14,0.22,0.24541666666666664
22.4,5,5,26,9,1,0.13,0.19,0.24916666666666668
27.3,2,6,26,9,1,0.28,0.1,0.24916666666666665
39.0,5,6,26,9,1,0.1,0.14,0.25333333333333335
22.0,2,10,26,9,1,0.24,0.39,0.24583333333333332
10.9,1,10,26,9,1,0.21,0.26,0.25166666666666665
-5.6,3,10,26,9,1,0.4,0.28,0.25333333333333335
12.5,1,11,26,9,1,0.32,0.25,0.24875
21.0,2,11,26,9,1,0.14,0.2,0.25458333333333333
21.2,3,14,26,9,1,0.34,0.14,0.25458333333333333
3.8,3,14,26,9,1,0.14,0.35,0.24708333333333335
32.3,2,15,26,9,1,0.17,0.3,0.24666666666666667
33.0,3,16,26,9,1,0.29,0.2,0.255
-3.5,4,17,26,9,1,0.4,0.45,0.24083333333333334
21.0,1,18,26,9,1,0.11,0.18,0.24458333333333335
29.9,1,20,26,9,1,0.27,0.36,0.24541666666666664
6.1,3,20,26,9,1,0.38,0.21,0.24875
11.1,1,21,26,9,1,0.29,0.42,0.24791666666666667
18.3,1,22,26,9,1,0.4,0.17,0.25125000000000003
13.1,1,23,26,9,1,0.25,0.44,0.24375
9.1,3,23,26,9,1,0.26,0.1,0.25083333333333335
3.5,5,23,26,9,1,0.27,0.18,0.2625
6.9,5,23,26,9,1,0.46,0.31,0.2579166666666667
28.2,4,0,27,9,2,0.2,0.14,0.2725
8.5,1,1,27,9,2,0.49,0.13,0.28583333333333333
37.5,5,2,27,9,2,0.45,0.28,0.28958333333333336
22.3,1,2,27,9,2,0.37,0.1,0.2966666666666667
33.8,2,3,27,9,2,0.27,0.24,0.3066666666666667
-6.7,2,5,27,9,2,0.48,0.21,0.30916666666666665
22.6,1,6,27,9,2,0.27,0.4,0.30833333333333335
2.8,3,7,27,9,2,0.38,0.32,0.30666666666666664
-8.2,1,7,27,9,2,0.28,0.14,0.31625
17.3,3,8,27,9,2,0.37,0.34,0.3204166666666667
22.7,5,10,27,9,2,0.44,0.14,0.32
-3.6,5,10,27,9,2,0.13,0.17,0.31916666666666665
33.1,4,15,27,9,2,0.15,0.29,0.3166666666666667
-7.6,3,15,27,9,2,0.23,0.4,0.305
37.9,1,17,27,9,2,0.12,0.11,0.31375000000000003
39.9,1,2,28,9,3,0.32,0.27,0.31416666666666665
12.7,1,2,28,9,3,0.28,0.38,0.3045833333333334
13.2,1,3,28,9,3,0.15,0.29,0.3125
2.8,2,4,28,9,3,0.48,0.4,0.30333333333333334
28.3,5,4,28,9,3,0.18,0.25,0.3116666666666667
-5.8,3,5,28,9,3,0.45,0.26,0.3104166666666667
35.9,5,6,28,9,3,0.23,0.27,0.3120833333333333
19.3,3,7,28,9,3,0.31,0.46,0.30875
26.7,1,8,28,9,3,0.38,0.2,0.31416666666666665
32.1,2,9,28,9,3,0.33,0.49,0.31
-6.4,1,10,28,9,3,0.39,0.45,0.3041666666666667
28.1,5,11,28,9,3,0.31,0.37,0.2970833333333333
20.5,1,11,28,9,3,0.2,0.27,0.3025
2.3,2,11,28,9,3,0.4,0.48,0.295
-9.0,5,11,28,9,3,0.3,0.27,0.29000000000000004
32.4,4,12,28,9,3,0.15,0.38,0.28125
37.8,1,14,28,9,3,0.17,0.28,0.29000000000000004
15.5,5,14,28,9,3,0.49,0.37,0.28500000000000003
25.9,3,15,28,9,3,0.25,0.44,0.28625
11.6,1,16,28,9,3,0.47,0.13,0.29250000000000004
32.1,1,19,28,9,3,0.28,0.15,0.2925
-5.8,5,19,28,9,3,0.15,0.23,0.2920833333333333
29.9,4,20,28,9,3,0.22,0.12,0.29958333333333337
32.0,2,20,28,9,3,0.3,0.32,0.2920833333333333
27.2,3,20,28,9,3,0.14,0.28,0.2941666666666667
-1.2,1,21,28,9,3,0.33,0.15,0.30833333333333335
35.5,2,21,28,9,3,0.49,0.48,0.29333333333333333
33.1,3,1,29,9,4,0.12,0.18,0.3016666666666667
31.4,2,4,29,9,4,0.38,0.45,0.2916666666666667
24.5,2,5,29,9,4,0.21,0.23,0.30083333333333334
-4.8,3,7,29,9,4,0.45,0.31,0.2966666666666667
35.6,5,7,29,9,4,0.21,0.38,0.29416666666666663
-1.7,1,8,29,9,4,0.32,0.33,0.29791666666666666
-7.8,1,10,29,9,4,0.42,0.39,0.29041666666666666
-3.4,3,11,29,9,4,0.21,0.31,0.29083333333333333
1.4,3,11,29,9,4,0.32,0.2,0.3025
5.8,3,11,29,9,4,0.48,0.4,0.2920833333333333
24.1,4,13,29,9,4,0.15,0.3,0.28875
-2.0,4,13,29,9,4,0.22,0.15,0.2966666666666667
-7.3,5,14,29,9,4,0.34,0.17,0.3
-5.3,1,15,29,9,4,0.25,0.49,0.29875
16.0,4,16,29,9,4,0.46,0.25,0.30083333333333334
20.3,2,16,29,9,4,0.3,0.47,0.2916666666666667
31.9,5,16,29,9,4,0.25,0.28,0.29916666666666664
-3.7,4,16,29,9,4,0.46,0.15,0.31
17.4,2,17,29,9,4,0.41,0.22,0.3204166666666667
26.1,4,18,29,9,4,0.47,0.3,0.32416666666666666
27.4,2,18,29,9,4,0.39,0.14,0.3308333333333333
-5.9,3,18,29,9,4,0.3,0.33,0.3345833333333333
16.5,1,19,29,9,4,0.42,0.49,0.3258333333333333
-3.7,2,19,29,9,4,0.28,0.12,0.33208333333333334
1.1,4,19,29,9,4,0.27,0.38,0.32458333333333333
16.9,2,19,29,9,4,0.2,0.21,0.32375
36.0,4,23,29,9,4,0.19,0.45,0.32458333333333333
-2.8,3,1,30,9,5,0.47,0.21,0.32916666666666666
4.5,1,2,30,9,5,0.32,0.32,0.32083333333333336
25.6,2,2,30,9,5,0.12,0.42,0.30875
32.1,2,3,30,9,5,0.13,0.21,0.31
14.4,1,4,30,9,5,0.24,0.32,0.30333333333333334
20.7,1,4,30,9,5,0.16,0.48,0.2966666666666667
33.9,2,5,30,9,5,0.32,0.15,0.295
-0.6,3,5,30,9,5,0.11,0.22,0.29583333333333334
31.9,1,6,30,9,5,0.24,0.34,0.29916666666666664
25.2,5,7,30,9,5,0.42,0.25,0.30583333333333335
32.7,3,8,30,9,5,0.41,0.46,0.30291666666666667
1.4,4,9,30,9,5,0.39,0.3,0.2970833333333333
13.9,1,10,30,9,5,0.16,0.25,0.2995833333333333
8.5,3,10,30,9,5,0.31,0.46,0.3
-6.8,4,10,30,9,5,0.47,0.41,0.2920833333333333
34.7,2,10,30,9,5,0.22,0.47,0.285
24.0,4,12,30,9,5,0.3,0.39,0.2866666666666667
30.3,1,12,30,9,5,0.43,0.3,0.2941666666666667
18.0,1,13,30,9,5,0.48,0.42,0.29166666666666663
23.5,4,13,30,9,5,0.36,0.28,0.29791666666666666
12.1,5,14,30,9,5,0.43,0.27,0.30583333333333335
33.3,1,14,30,9,5,0.46,0.2,0.30666666666666664
10.8,4,14,30,9,5,0.22,0.19,0.3120833333333333
-5.2,1,16,30,9,5,0.32,0.47,0.3116666666666667
38.7,2,16,30,9,5,0.46,0.32,0.3125
3.2,3,17,30,9,5,0.34,0.12,0.3154166666666667
-8.7,1,18,30,9,5,0.19,0.13,0.32916666666666666
-2.1,4,19,30,9,5,0.46,0.24,0.33916666666666667
10.3,1,20,30,9,5,0.48,0.16,0.3529166666666666
6.7,2,21,30,9,5,0.49,0.32,0.34708333333333335
22.0,5,21,30,9,5,0.18,0.11,0.35375
29.1,2,22,30,9,5,0.27,0.24,0.35833333333333334
35.2,5,22,30,9,5,0.35,0.42,0.34541666666666665
30.9,1,22,30,9,5,0.11,0.41,0.33416666666666667
6.0,3,23,30,9,5,0.14,0.39,0.32958333333333334
13.0,3,23,30,9,5,0.28,0.16,0.33791666666666664
22.6,3,1,1,10,6,0.36,0.31,0.3304166666666667
-6.2,1,3,1,10,6,0.13,0.47,0.3304166666666667
11.8,3,5,1,10,6,0.47,0.22,0.33166666666666667
1.0,4,5,1,10,6,0.25,0.3,0.3275
25.6,1,5,1,10,6,0.2,0.43,0.31833333333333336
5.7,5,6,1,10,6,0.21,0.48,0.30333333333333334
30.8,5,9,1,10,6,0.12,0.36,0.29833333333333334
39.4,5,10,1,10,6,0.24,0.43,0.2966666666666667
8.6,5,10,1,10,6,0.39,0.46,0.2866666666666667
-6.7,1,10,1,10,6,0.22,0.22,0.29
-0.2,1,11,1,10,6,0.3,0.32,0.2833333333333333
12.7,4,11,1,10,6,0.16,0.46,0.2704166666666667
10.9,2,12,1,10,6,0.15,0.34,0.26125
-8.5,1,13,1,10,6,0.12,0.19,0.27041666666666664
27.1,3,14,1,10,6,0.41,0.46,0.25916666666666666
7.9,5,15,1,10,6,0.19,0.48,0.25333333333333335
25.1,2,15,1,10,6,0.34,0.49,0.25333333333333335
11.8,5,16,1,10,6,0.49,0.18,0.25833333333333336
-0.3,3,18,1,10,6,0.3,0.27,0.26125
23.6,3,20,1,10,6,0.34,0.35,0.25666666666666665
34.6,5,20,1,10,6,0.24,0.11,0.26958333333333334
33.0,2,20,1,10,6,0.42,0.14,0.28375
16.4,3,20,1,10,6,0.48,0.28,0.285
38.0,4,21,1,10,6,0.31,0.36,0.27458333333333335
28.8,3,21,1,10,6,0.11,0.13,0.27375
20.2,1,22,1,10,6,0.11,0.47,0.26208333333333333
10.7,5,23,1,10,6,0.19,0.25,0.2675
4.1,3,0,2,10,0,0.38,0.2,0.27125
24.6,5,2,2,10,0,0.29,0.21,0.27958333333333335
3.9,4,2,2,10,0,0.41,0.12,0.2933333333333333
19.5,1,4,2,10,0,0.45,0.24,0.29333333333333333
-0.6,3,4,2,10,0,0.24,0.39,0.2945833333333333
-8.6,3,8,2,10,0,0.42,0.22,0.2916666666666667
13.0,4,8,2,10,0,0.15,0.3,0.28750000000000003
-8.1,2,8,2,10,0,0.2,0.16,0.29458333333333336
20.7,2,11,2,10,0,0.33,0.15,0.2925
2.2,3,11,2,10,0,0.1,0.12,0.3041666666666667
-3.5,4,12,2,10,0,0.4,0.41,0.3020833333333333
19.1,3,13,2,10,0,0.36,0.19,0.29833333333333334
0.4,4,14,2,10,0,0.1,0.34,0.30041666666666667
36.2,5,15,2,10,0,0.39,0.49,0.30083333333333334
-8.5,4,16,2,10,0,0.5,0.3,0.29791666666666666
35.3,3,17,2,10,0,0.23,0.34,0.29250000000000004
-2.1,4,17,2,10,0,0.21,0.24,0.2995833333333333
30.8,4,17,2,10,0,0.41,0.42,0.2970833333333333
4.1,1,21,2,10,0,0.36,0.48,0.2866666666666667
21.5,2,21,2,10,0,0.23,0.31,0.29125
-8.7,1,23,2,10,0,0.42,0.11,0.2945833333333333
3.2,1,0,3,10,1,0.19,0.11,0.29583333333333334
-6.8,2,4,3,10,1,0.14,0.19,0.3
39.8,2,4,3,10,1,0.29,0.38,0.3020833333333333
-2.5,5,4,3,10,1,0.43,0.29,0.30291666666666667
8.4,3,5,3,10,1,0.31,0.41,0.305
29.0,5,5,3,10,1,0.46,0.45,0.30583333333333335
32.2,3,5,3,10,1,0.47,0.24,0.30041666666666667
9.1,4,7,3,10,1,0.11,0.42,0.29375
5.8,1,7,3,10,1,0.26,0.15,0.3020833333333333
24.4,3,8,3,10,1,0.35,0.2,0.31166666666666665
37.7,5,11,3,10,1,0.43,0.33,0.3125
14.7,4,11,3,10,1,0.35,0.1,0.3175
33.4,4,11,3,10,1,0.22,0.4,0.32
-5.6,5,12,3,10,1,0.46,0.36,0.3129166666666667
12.3,4,13,3,10,1,0.19,0.1,0.32791666666666663
23.1,5,13,3,10,1,0.46,0.39,0.32583333333333336
7.6,3,15,3,10,1,0.34,0.5,0.31875000000000003
22.7,3,16,3,10,1,0.33,0.23,0.32416666666666666
30.3,3,19,3,10,1,0.36,0.21,0.325
38.3,5,21,3,10,1,0.23,0.41,0.32125000000000004
23.8,2,22,3,10,1,0.32,0.36,0.32666666666666666
35.3,4,22,3,10,1,0.49,0.23,0.32749999999999996
6.7,1,0,4,10,2,0.25,0.42,0.32541666666666663
3.7,2,2,4,10,2,0.37,0.19,0.325
-3.6,3,2,4,10,2,0.18,0.14,0.32625
10.7,4,3,4,10,2,0.17,0.29,0.32875000000000004
38.7,3,3,4,10,2,0.35,0.43,0.3308333333333333
-3.3,1,3,4,10,2,0.48,0.31,0.32375000000000004
27.2,5,3,4,10,2,0.14,0.46,0.32458333333333333
-8.7,4,5,4,10,2,0.48,0.47,0.31958333333333333
15.0,4,7,4,10,2,0.35,0.11,0.32208333333333333
39.2,4,8,4,10,2,0.17,0.26,0.32625
4.1,4,9,4,10,2,0.36,0.35,0.3279166666666667
35.7,2,9,4,10,2,0.39,0.43,0.3216666666666667
0.8,2,10,4,10,2,0.28,0.35,0.31833333333333336
-1.0,1,12,4,10,2,0.27,0.22,0.32
12.3,2,13,4,10,2,0.26,0.46,0.3145833333333333
15.8,5,13,4,10,2,0.33,0.19,0.3166666666666667
26.2,3,15,4,10,2,0.24,0.46,0.30625
-9.0,2,18,4,10,2,0.21,0.34,0.29875
35.5,4,19,4,10,2,0.16,0.33,0.2920833333333333
0.1,3,19,4,10,2,0.17,0.36,0.2916666666666667
6.5,1,19,4,10,2,0.35,0.23,0.29624999999999996
32.8,2,20,4,10,2,0.34,0.32,0.28833333333333333
5.8,1,20,4,10,2,0.13,0.49,0.27958333333333335
22.4,4,20,4,10,2,0.28,0.25,0.27875
38.3,3,21,4,10,2,0.23,0.37,0.275
34.2,3,22,4,10,2,0.28,0.18,0.27208333333333334
39.8,1,22,4,10,2,0.11,0.17,0.26999999999999996
19.9,5,23,4,10,2,0.12,0.35,0.26708333333333334
9.4,5,23,4,10,2,0.28,0.48,0.25958333333333333
26.2,5,0,5,10,3,0.3,0.14,0.26791666666666664
9.3,2,4,5,10,3,0.34,0.48,0.2570833333333334
24.9,4,7,5,10,3,0.22,0.35,0.25958333333333333
29.2,4,7,5,10,3,0.41,0.17,0.2733333333333333
21.7,5,8,5,10,3,0.5,0.36,0.2729166666666667
35.6,1,8,5,10,3,0.35,0.39,0.2608333333333333
-3.1,1,8,5,10,3,0.1,0.28,0.2629166666666667
27.7,5,9,5,10,3,0.33,0.27,0.2604166666666667
13.1,3,11,5,10,3,0.21,0.26,0.2679166666666667
28.3,3,12,5,10,3,0.44,0.33,0.26
26.4,1,14,5,10,3,0.14,0.24,0.25625000000000003
19.4,3,15,5,10,3,0.15,0.21,0.25583333333333336
1.9,1,15,5,10,3,0.2,0.16,0.2625
5.5,2,16,5,10,3,0.32,0.17,0.26833333333333337
-4.2,5,16,5,10,3,0.31,0.35,0.26125000000000004
12.4,4,16,5,10,3,0.18,0.34,0.2541666666666667
29.5,4,17,5,10,3,0.17,0.13,0.2683333333333333
16.8,3,18,5,10,3,0.47,0.28,0.2754166666666667
11.1,3,18,5,10,3,0.45,0.23,0.28125
21.7,2,19,5,10,3,0.37,0.28,0.27541666666666664
1.1,4,19,5,10,3,0.14,0.11,0.28708333333333336
-7.7,5,20,5,10,3,0.39,0.12,0.30083333333333334
16.4,1,21,5,10,3,0.45,0.28,0.29625
33.9,2,22,5,10,3,0.17,0.3,0.29208333333333336
17.1,2,23,5,10,3,0.2,0.34,0.29375
8.2,4,23,5,10,3,0.38,0.22,0.30375
10.2,4,23,5,10,3,0.46,0.41,0.29708333333333337
23.4,4,0,6,10,4,0.25,0.5,0.2891666666666667
29.1,3,1,6,10,4,0.31,0.35,0.2866666666666667
36.7,3,1,6,10,4,0.29,0.1,0.29875
35.9,1,2,6,10,4,0.39,0.33,0.29083333333333333
-4.2,4,5,6,10,4,0.14,0.21,0.29583333333333334
22.3,2,6,6,10,4,0.33,0.44,0.2975
27.0,2,6,6,10,4,0.48,0.14,0.3075
7.3,2,7,6,10,4,0.38,0.15,0.30916666666666665
5.8,5,8,6,10,4,0.19,0.2,0.305
31.0,3,9,6,10,4,0.1,0.32,0.305
18.4,1,9,6,10,4,0.32,0.31,0.30416666666666664
33.6,2,11,6,10,4,0.29,0.18,0.3120833333333333
19.9,2,12,6,10,4,0.37,0.17,0.31333333333333335
14.6,3,13,6,10,4,0.2,0.47,0.30541666666666667
15.6,5,15,6,10,4,0.28,0.45,0.29458333333333336
22.1,5,16,6,10,4,0.19,0.37,0.29583333333333334
22.9,2,16,6,10,4,0.4,0.14,0.30583333333333335
16.4,3,18,6,10,4,0.38,0.39,0.3016666666666667
39.2,2,18,6,10,4,0.29,0.45,0.2916666666666667
27.9,5,20,6,10,4,0.21,0.17,0.2995833333333333
8.7,3,21,6,10,4,0.36,0.2,0.3070833333333333
6.7,2,23,6,10,4,0.38,0.38,0.2983333333333333
18.2,2,23,6,10,4,0.17,0.46,0.29624999999999996
-8.4,1,0,7,10,5,0.41,0.25,0.30624999999999997
18.1,5,2,7,10,5,0.49,0.31,0.3045833333333334
-4.8,5,2,7,10,5,0.27,0.29,0.3129166666666667
20.9,1,3,7,10,5,0.49,0.39,0.31416666666666665
-3.6,1,5,7,10,5,0.42,0.14,0.3279166666666667
-2.2,1,7,7,10,5,0.47,0.33,0.32166666666666666
0.9,2,10,7,10,5,0.18,0.48,0.3175
10.3,4,12,7,10,5,0.38,0.38,0.3070833333333333
32.6,2,12,7,10,5,0.13,0.19,0.31958333333333333
-9.1,5,13,7,10,5,0.49,0.1,0.3233333333333333
-5.2,4,14,7,10,5,0.19,0.32,0.32749999999999996
-5.3,3,16,7,10,5,0.42,0.29,0.32583333333333336
2.6,4,18,7,10,5,0.25,0.37,0.32166666666666666
19.2,4,18,7,10,5,0.27,0.2,0.31958333333333333
-9.1,5,19,7,10,5,0.15,0.28,0.32625
33.0,3,21,7,10,5,0.44,0.19,0.3283333333333333
11.1,2,23,7,10,5,0.24,0.4,0.31749999999999995
11.2,4,23,7,10,5,0.14,0.38,0.31
32.6,5,23,7,10,5,0.2,0.29,0.3120833333333333
3.7,4,0,8,10,6,0.34,0.21,0.32249999999999995
-8.6,1,0,8,10,6,0.46,0.36,0.3254166666666667
20.0,3,0,8,10,6,0.43,0.38,0.315
33.6,4,1,8,10,6,0.13,0.17,0.3229166666666667
18.2,5,2,8,10,6,0.36,0.41,0.3145833333333333
12.8,5,3,8,10,6,0.21,0.49,0.3045833333333333
22.2,2,5,8,10,6,0.25,0.27,0.3133333333333333
4.6,3,5,8,10,6,0.48,0.49,0.31124999999999997
23.6,3,5,8,10,6,0.44,0.42,0.3066666666666667
16.6,1,6,8,10,6,0.31,0.47,0.2995833333333333
0.3,2,6,8,10,6,0.3,0.18,0.3025
5.7,4,7,8,10,6,0.25,0.38,0.29625
39.1,2,7,8,10,6,0.23,0.13,0.29791666666666666
-7.3,1,9,8,10,6,0.17,0.49,0.295
13.3,3,10,8,10,6,0.42,0.19,0.29291666666666666
4.2,4,10,8,10,6,0.14,0.42,0.28291666666666665
-2.6,4,11,8,10,6,0.18,0.25,0.28833333333333333
18.1,5,11,8,10,6,0.38,0.27,0.28750000000000003
28.5,2,12,8,10,6,0.25,0.15,0.2875
7.6,2,12,8,10,6,0.15,0.44,0.27666666666666667
8.0,5,13,8,10,6,0.18,0.24,0.27458333333333335
23.0,3,14,8,10,6,0.19,0.14,0.2804166666666667
-8.4,4,15,8,10,6,0.28,0.2,0.27958333333333335
-0.9,4,16,8,10,6,0.18,0.34,0.2754166666666667
14.3,2,17,8,10,6,0.24,0.46,0.2608333333333333
37.5,5,17,8,10,6,0.11,0.43,0.25
7.1,5,18,8,10,6,0.17,0.13,0.25916666666666666
23.9,5,20,8,10,6,0.35,0.36,0.25875
36.4,3,20,8,10,6,0.35,0.21,0.26416666666666666
27.3,5,20,8,10,6,0.34,0.25,0.25875
-0.7,5,22,8,10,6,0.12,0.48,0.2508333333333333
-3.7,2,22,8,10,6,0.29,0.44,0.2520833333333334
26.8,3,23,8,10,6,0.47,0.31,0.24458333333333335
2.0,5,23,8,10,6,0.13,0.3,0.24791666666666667
7.8,1,0,9,10,0,0.38,0.25,0.2504166666666667
5.6,1,1,9,10,0,0.31,0.23,0.25
30.9,3,1,9,10,0,0.22,0.17,0.2495833333333333
18.8,5,1,9,10,0,0.16,0.42,0.24666666666666667
17.3,2,8,9,10,0,0.35,0.14,0.24875
18.4,4,8,9,10,0,0.19,0.18,0.24666666666666667
-9.1,2,9,9,10,0,0.13,0.38,0.23666666666666666
15.4,3,10,9,10,0,0.14,0.25,0.23291666666666666
36.7,5,10,9,10,0,0.16,0.15,0.23124999999999998
-7.3,4,11,9,10,0,0.11,0.18,0.23375
-6.1,4,11,9,10,0,0.24,0.19,0.24583333333333335
23.4,4,12,9,10,0,0.48,0.28,0.24541666666666664
-7.6,1,13,9,10,0,0.27,0.18,0.24375
-7.3,3,15,9,10,0,0.14,0.24,0.2383333333333333
30.1,5,16,9,10,0,0.11,0.11,0.24250000000000002
25.5,2,17,9,10,0,0.21,0.17,0.24749999999999997
37.9,3,18,9,10,0,0.29,0.35,0.24458333333333335
19.0,3,18,9,10,0,0.28,0.35,0.24750000000000003
-3.1,5,19,9,10,0,0.42,0.34,0.2483333333333333
39.4,4,20,9,10,0,0.36,0.12,0.25375
-7.8,5,20,9,10,0,0.25,0.29,0.2525
35.3,3,22,9,10,0,0.26,0.47,0.245
15.2,3,23,9,10,0,0.29,0.13,0.25333333333333335
35.2,4,0,10,10,1,0.33,0.38,0.24291666666666667
-2.4,1,0,10,10,1,0.13,0.31,0.23916666666666667
0.1,3,2,10,10,1,0.22,0.22,0.23875
-9.4,2,2,10,10,1,0.21,0.16,0.2366666666666667
12.5,3,2,10,10,1,0.11,0.35,0.24041666666666664
13.0,2,4,10,10,1,0.44,0.19,0.2416666666666667
25.1,2,5,10,10,1,0.22,0.13,0.24291666666666667
26.1,5,6,10,10,1,0.16,0.14,0.24250000000000002
32.7,2,7,10,10,1,0.13,0.16,0.24375
25.5,5,8,10,10,1,0.19,0.11,0.2504166666666667
39.7,3,9,10,10,1,0.27,0.24,0.26
-2.4,4,10,10,10,1,0.47,0.48,0.2575
7.9,3,12,10,10,1,0.42,0.27,0.255
37.5,2,12,10,10,1,0.21,0.14,0.25666666666666665
4.3,4,13,10,10,1,0.18,0.11,0.26916666666666667
17.9,3,15,10,10,1,0.41,0.21,0.2725
-4.4,5,15,10,10,1,0.29,0.29,0.26708333333333334
20.7,2,15,10,10,1,0.16,0.28,0.26375
18.3,5,15,10,10,1,0.2,0.42,0.2608333333333333
0.9,3,16,10,10,1,0.35,0.36,0.26083333333333336
12.8,1,19,10,10,1,0.36,0.25,0.26458333333333334
18.7,4,20,10,10,1,0.34,0.26,0.26625
39.9,2,21,10,10,1,0.3,0.29,0.2725
10.8,4,21,10,10,1,0.44,0.33,0.26958333333333334
27.0,4,21,10,10,1,0.26,0.13,0.28125
-7.5,2,22,10,10,1,0.41,0.22,0.28833333333333333
38.0,3,23,10,10,1,0.39,0.21,0.29083333333333333
11.3,4,0,11,10,2,0.27,0.11,0.29541666666666666
12.6,4,0,11,10,2,0.22,0.44,0.29083333333333333
16.3,4,1,11,10,2,0.33,0.22,0.29083333333333333
32.6,4,1,11,10,2,0.22,0.16,0.29208333333333336
39.4,2,1,11,10,2,0.19,0.13,0.29250000000000004
6.8,2,3,11,10,2,0.14,0.19,0.30291666666666667
28.5,5,3,11,10,2,0.44,0.27,0.3
0.3,5,4,11,10,2,0.2,0.47,0.29125
10.4,3,5,11,10,2,0.26,0.42,0.28250000000000003
0.7,2,5,11,10,2,0.21,0.21,0.28250000000000003
-1.0,5,5,11,10,2,0.21,0.18,0.2791666666666667
32.7,5,6,11,10,2,0.1,0.41,0.27458333333333335
28.3,5,6,11,10,2,0.3,0.29,0.27999999999999997
-7.7,5,7,11,10,2,0.42,0.16,0.28750000000000003
-5.2,4,9,11,10,2,0.34,0.2,0.29291666666666666
24.6,3,9,11,10,2,0.33,0.35,0.29291666666666666
-8.8,4,10,11,10,2,0.35,0.36,0.2945833333333333
10.5,3,10,11,10,2,0.4,0.34,0.28750000000000003
35.2,3,11,11,10,2,0.17,0.3,0.28875
21.8,2,12,11,10,2,0.33,0.44,0.28958333333333336
0.9,4,13,11,10,2,0.46,0.26,0.29375
9.8,2,15,11,10,2,0.36,0.41,0.29125
-5.6,4,16,11,10,2,0.35,0.39,0.2808333333333333
37.7,4,17,11,10,2,0.14,0.27,0.2829166666666667
5.0,2,17,11,10,2,0.32,0.22,0.28041666666666665
21.6,3,18,11,10,2,0.16,0.33,0.2870833333333333
22.9,5,19,11,10,2,0.49,0.22,0.2920833333333333
1.2,1,19,11,10,2,0.34,0.19,0.2945833333333333
23.5,2,19,11,10,2,0.25,0.14,0.30875
39.4,5,20,11,10,2,0.48,0.44,0.31
-2.5,5,21,11,10,2,0.47,0.2,0.315
-4.3,4,21,11,10,2,0.32,0.26,0.31
16.1,2,23,11,10,2,0.14,0.21,0.30624999999999997
27.7,2,2,12,10,3,0.12,0.21,0.30416666666666664
4.9,5,2,12,10,3,0.16,0.1,0.3175
-8.1,1,3,12,10,3,0.42,0.3,0.31708333333333333
2.6,4,5,12,10,3,0.29,0.42,0.31
0.6,2,6,12,10,3,0.25,0.34,0.3133333333333333
-7.4,1,6,12,10,3,0.42,0.33,0.3154166666666667
19.4,3,7,12,10,3,0.38,0.35,0.3083333333333333
31.9,5,8,12,10,3,0.18,0.4,0.30875
22.5,5,8,12,10,3,0.41,0.17,0.30666666666666664
32.7,2,9,12,10,3,0.12,0.33,0.3070833333333333
20.7,5,9,12,10,3,0.34,0.46,0.29416666666666663
21.2,5,9,12,10,3,0.15,0.36,0.29458333333333336
36.8,2,10,12,10,3,0.37,0.35,0.2933333333333333
-9.8,5,11,12,10,3,0.32,0.14,0.2925
-6.6,5,11,12,10,3,0.12,0.32,0.29375
21.6,3,12,12,10,3,0.35,0.16,0.30541666666666667
34.1,5,13,12,10,3,0.44,0.49,0.30583333333333335
33.8,5,13,12,10,3,0.5,0.34,0.3020833333333333
32.3,2,16,12,10,3,0.25,0.25,0.3120833333333333
32.4,4,16,12,10,3,0.49,0.48,0.3095833333333333
-1.2,5,18,12,10,3,0.42,0.47,0.29458333333333336
6.1,2,18,12,10,3,0.11,0.32,0.29541666666666666
10.1,4,18,12,10,3,0.34,0.14,0.30125
-8.7,5,18,12,10,3,0.28,0.12,0.31666666666666665
-9.2,4,19,12,10,3,0.49,0.16,0.3179166666666667
35.3,3,20,12,10,3,0.19,0.42,0.31416666666666665
24.9,1,20,12,10,3,0.33,0.29,0.3175
4.5,5,20,12,10,3,0.37,0.25,0.32375
0.2,3,21,12,10,3,0.4,0.42,0.31124999999999997
0.4,1,22,12,10,3,0.12,0.38,0.3070833333333333
-1.8,4,22,12,10,3,0.28,0.18,0.31333333333333335
1.3,1,22,12,10,3,0.33,0.41,0.30541666666666667
9.5,5,23,12,10,3,0.22,0.12,0.3125
38.6,3,0,13,10,4,0.29,0.34,0.30875
3.6,2,0,13,10,4,0.25,0.15,0.3129166666666667
38.7,3,0,13,10,4,0.25,0.37,0.31
12.7,3,0,13,10,4,0.3,0.32,0.3095833333333334
12.1,3,1,13,10,4,0.31,0.12,0.31916666666666665
-6.0,5,2,13,10,4,0.35,0.35,0.32125
0.7,2,7,13,10,4,0.4,0.44,0.31083333333333335
24.5,1,7,13,10,4,0.19,0.5,0.30541666666666667
15.3,4,7,13,10,4,0.37,0.25,0.3016666666666667
16.4,2,8,13,10,4,0.16,0.49,0.28833333333333333
16.0,5,8,13,10,4,0.17,0.42,0.27708333333333335
-2.4,1,10,13,10,4,0.15,0.11,0.2866666666666667
24.8,5,11,13,10,4,0.34,0.34,0.2916666666666667
40.0,5,12,13,10,4,0.46,0.28,0.295
6.4,3,13,13,10,4,0.36,0.49,0.29
25.3,1,14,13,10,4,0.37,0.19,0.29458333333333336
31.8,2,15,13,10,4,0.3,0.33,0.28583333333333333
33.2,5,16,13,10,4,0.12,0.37,0.27625
1.4,1,17,13,10,4,0.14,0.4,0.2791666666666667
26.8,5,17,13,10,4,0.47,0.12,0.28375
34.7,5,18,13,10,4,0.23,0.28,0.2783333333333333
-4.5,2,18,13,10,4,0.15,0.33,0.28375
30.1,5,19,13,10,4,0.46,0.22,0.2916666666666667
39.7,5,19,13,10,4,0.41,0.29,0.29250000000000004
35.0,4,19,13,10,4,0.31,0.25,0.29333333333333333
8.3,5,19,13,10,4,0.27,0.25,0.30041666666666667
33.4,1,19,13,10,4,0.42,0.3,0.3045833333333334
-0.2,2,19,13,10,4,0.4,0.31,0.2970833333333333
34.4,5,20,13,10,4,0.13,0.35,0.28833333333333333
4.2,1,22,13,10,4,0.14,0.4,0.2920833333333333
26.4,1,22,13,10,4,0.49,0.19,0.29375
34.2,4,23,13,10,4,0.23,0.37,0.29625
-4.0,4,23,13,10,4,0.43,0.16,0.3075
22.6,2,0,14,10,5,0.43,0.17,0.3129166666666667
6.3,4,0,14,10,5,0.3,0.15,0.325
29.0,2,1,14,10,5,0.44,0.34,0.32375
31.1,1,1,14,10,5,0.31,0.46,0.3183333333333333
10.0,1,2,14,10,5,0.33,0.36,0.30916666666666665
23.1,2,3,14,10,5,0.14,0.37,0.30625
4.9,3,4,14,10,5,0.3,0.3,0.3083333333333333
24.8,5,4,14,10,5,0.35,0.12,0.3233333333333333
26.5,1,5,14,10,5,0.48,0.14,0.32916666666666666
8.1,3,6,14,10,5,0.28,0.47,0.32458333333333333
30.3,1,8,14,10,5,0.36,0.23,0.33541666666666664
24.7,5,8,14,10,5,0.49,0.15,0.3383333333333334
12.9,3,8,14,10,5,0.22,0.46,0.33625
4.3,3,10,14,10,5,0.41,0.41,0.33083333333333337
37.4,5,10,14,10,5,0.28,0.31,0.33749999999999997
14.9,3,14,14,10,5,0.47,0.27,0.3433333333333333
5.4,1,16,14,10,5,0.41,0.42,0.33916666666666667
0.8,2,19,14,10,5,0.32,0.4,0.3333333333333333
-6.6,1,19,14,10,5,0.26,0.13,0.33499999999999996
8.8,3,20,14,10,5,0.17,0.14,0.3433333333333333
0.7,2,20,14,10,5,0.34,0.49,0.32875
25.5,4,20,14,10,5,0.14,0.23,0.33749999999999997
24.2,2,21,14,10,5,0.44,0.43,0.33708333333333335
-2.9,2,22,14,10,5,0.42,0.43,0.3329166666666667
9.6,4,23,14,10,5,0.33,0.3,0.33708333333333335
4.3,1,23,14,10,5,0.4,0.44,0.33499999999999996
-5.8,1,0,15,10,6,0.39,0.31,0.3429166666666667
17.8,2,0,15,10,6,0.5,0.33,0.335
14.8,5,2,15,10,6,0.14,0.14,0.3429166666666667
39.7,4,2,15,10,6,0.33,0.3,0.33666666666666667
-2.8,4,4,15,10,6,0.15,0.35,0.33666666666666667
30.4,5,6,15,10,6,0.35,0.48,0.325
15.4,3,6,15,10,6,0.2,0.28,0.32
12.1,4,7,15,10,6,0.16,0.36,0.31
36.0,5,9,15,10,6,0.12,0.49,0.30333333333333334
26.1,5,9,15,10,6,0.33,0.22,0.3070833333333333
23.2,1,12,15,10,6,0.31,0.41,0.3016666666666667
32.0,1,13,15,10,6,0.28,0.28,0.3075
17.7,2,14,15,10,6,0.42,0.47,0.30416666666666664
15.7,4,14,15,10,6,0.39,0.41,0.2975
4.8,4,16,15,10,6,0.25,0.32,0.30125
25.8,4,16,15,10,6,0.41,0.26,0.30875
12.3,3,17,15,10,6,0.44,0.17,0.31
18.8,4,18,15,10,6,0.2,0.34,0.31124999999999997
7.9,3,18,15,10,6,0.37,0.14,0.31
8.0,4,19,15,10,6,0.11,0.44,0.29875
8.5,5,19,15,10,6,0.17,0.42,0.28583333333333333
7.3,2,20,15,10,6,0.11,0.33,0.28750000000000003
39.0,1,21,15,10,6,0.37,0.4,0.28125
23.8,5,21,15,10,6,0.25,0.39,0.26916666666666667
10.7,4,0,16,10,0,0.1,0.5,0.2625
34.6,2,1,16,10,0,0.34,0.14,0.275
17.9,5,2,16,10,0,0.44,0.33,0.27208333333333334
0.3,3,3,16,10,0,0.26,0.15,0.2754166666666667
5.3,2,3,16,10,0,0.23,0.35,0.2725
36.8,1,3,16,10,0,0.28,0.2,0.26958333333333334
37.0,5,4,16,10,0,0.13,0.16,0.2783333333333333
16.7,3,5,16,10,0,0.37,0.12,0.29375
-2.2,5,8,16,10,0,0.49,0.33,0.29916666666666664
14.0,4,9,16,10,0,0.46,0.31,0.3066666666666667
-0.9,1,9,16,10,0,0.49,0.28,0.3120833333333333
4.8,5,10,16,10,0,0.41,0.42,0.3075
16.4,3,10,16,10,0,0.31,0.39,0.30625
24.2,2,11,16,10,0,0.36,0.25,0.30833333333333335
15.5,3,12,16,10,0,0.3,0.41,0.2966666666666667
20.5,1,12,16,10,0,0.13,0.44,0.2966666666666667
8.7,5,13,16,10,0,0.44,0.2,0.305
9.9,2,13,16,10,0,0.4,0.37,0.3091666666666667
33.9,4,15,16,10,0,0.47,0.11,0.3116666666666667
17.9,5,18,16,10,0,0.17,0.17,0.32416666666666666
35.8,2,18,16,10,0,0.47,0.11,0.325
8.6,2,19,16,10,0,0.13,0.37,0.315
10.9,1,19,16,10,0,0.13,0.25,0.32166666666666666
-9.8,4,20,16,10,0,0.41,0.1,0.32666666666666666
16.0,1,21,16,10,0,0.22,0.34,0.3225
39.0,2,22,16,10,0,0.24,0.44,0.30916666666666665
-9.2,3,0,17,10,1,0.12,0.26,0.30291666666666667
12.3,4,1,17,10,1,0.11,0.23,0.3120833333333333
22.9,4,4,17,10,1,0.45,0.28,0.3129166666666667
30.1,2,5,17,10,1,0.3,0.13,0.3154166666666666
-4.1,5,5,17,10,1,0.19,0.37,0.3145833333333333
28.9,2,6,17,10,1,0.35,0.49,0.3133333333333333
25.8,1,7,17,10,1,0.46,0.46,0.3095833333333333
5.3,1,7,17,10,1,0.37,0.49,0.29458333333333336
21.4,5,9,17,10,1,0.13,0.41,0.28375
29.1,3,10,17,10,1,0.15,0.31,0.28833333333333333
-4.8,1,10,17,10,1,0.42,0.36,0.2808333333333333
5.5,3,13,17,10,1,0.18,0.3,0.2820833333333333
2.0,3,14,17,10,1,0.33,0.13,0.28625
35.2,3,14,17,10,1,0.23,0.44,0.2875
5.3,5,14,17,10,1,0.47,0.4,0.285
6.7,2,15,17,10,1,0.34,0.47,0.2825
39.9,5,16,17,10,1,0.41,0.17,0.2875
3.0,3,17,17,10,1,0.29,0.47,0.27958333333333335
9.9,1,18,17,10,1,0.28,0.13,0.27958333333333335
27.8,4,18,17,10,1,0.13,0.13,0.2816666666666667
0.0,5,20,17,10,1,0.18,0.41,0.2770833333333333
37.6,5,21,17,10,1,0.3,0.22,0.28833333333333333
23.9,4,22,17,10,1,0.49,0.24,0.29375
7.8,5,22,17,10,1,0.37,0.12,0.3075
1.7,1,22,17,10,1,0.45,0.11,0.315
-2.8,2,23,17,10,1,0.29,0.45,0.3020833333333333
-4.2,1,23,17,10,1,0.14,0.3,0.2975
10.3,5,0,18,10,2,0.19,0.19,0.3075
-2.9,2,1,18,10,2,0.43,0.35,0.30833333333333335
8.7,2,1,18,10,2,0.37,0.46,0.30291666666666667
-3.5,1,2,18,10,2,0.33,0.37,0.29625
3.2,1,2,18,10,2,0.21,0.13,0.30250000000000005
25.2,3,3,18,10,2,0.28,0.15,0.3133333333333333
-8.4,3,3,18,10,2,0.41,0.42,0.3104166666666667
23.8,1,4,18,10,2,0.35,0.18,0.315
36.7,5,4,18,10,2,0.29,0.33,0.30583333333333335
0.5,2,4,18,10,2,0.11,0.23,0.30583333333333335
26.1,1,4,18,10,2,0.23,0.47,0.2966666666666667
1.1,3,4,18,10,2,0.25,0.34,0.29875
4.1,4,4,18,10,2,0.39,0.41,0.28875
7.8,2,4,18,10,2,0.17,0.29,0.29458333333333336
-4.5,1,5,18,10,2,0.43,0.28,0.29041666666666666
21.2,2,6,18,10,2,0.18,0.13,0.2891666666666666
27.6,3,7,18,10,2,0.1,0.18,0.29333333333333333
1.9,5,8,18,10,2,0.28,0.3,0.28791666666666665
31.8,3,9,18,10,2,0.17,0.49,0.27708333333333335
38.3,4,10,18,10,2,0.23,0.37,0.26708333333333334
30.6,1,12,18,10,2,0.13,0.45,0.26
10.1,4,12,18,10,2,0.28,0.29,0.26666666666666666
17.3,4,13,18,10,2,0.45,0.14,0.2783333333333334
-2.3,1,13,18,10,2,0.42,0.19,0.27875
24.9,4,13,18,10,2,0.2,0.43,0.2808333333333333
-6.1,1,14,18,10,2,0.48,0.37,0.27791666666666665
19.4,3,15,18,10,2,0.3,0.33,0.27708333333333335
-10.0,1,17,18,10,2,0.31,0.21,0.27791666666666665
37.8,3,19,18,10,2,0.23,0.28,0.2866666666666667
-0.6,1,20,18,10,2,0.49,0.41,0.27958333333333335
0.9,2,20,18,10,2,0.24,0.35,0.2820833333333333
13.7,2,20,18,10,2,0.41,0.29,0.27708333333333335
23.1,4,22,18,10,2,0.17,0.11,0.2883333333333334
8.0,3,23,18,10,2,0.38,0.23,0.29291666666666666
34.5,5,23,18,10,2,0.34,0.25,0.28750000000000003
20.8,5,3,19,10,3,0.12,0.39,0.29208333333333336
6.0,4,3,19,10,3,0.5,0.17,0.30375
-6.9,5,4,19,10,3,0.45,0.43,0.30291666666666667
35.7,3,5,19,10,3,0.41,0.18,0.30875
11.5,5,5,19,10,3,0.32,0.1,0.3254166666666667
5.4,4,5,19,10,3,0.5,0.28,0.33208333333333334
-5.6,3,8,19,10,3,0.44,0.17,0.3354166666666667
-5.8,2,8,19,10,3,0.25,0.23,0.3383333333333333
37.1,5,9,19,10,3,0.3,0.13,0.35250000000000004
26.0,2,10,19,10,3,0.47,0.28,0.35208333333333336
-9.1,4,10,19,10,3,0.27,0.45,0.34541666666666665
31.6,1,12,19,10,3,0.29,0.42,0.3466666666666667
-1.4,3,13,19,10,3,0.45,0.2,0.34875000000000006
-4.9,1,13,19,10,3,0.25,0.48,0.34541666666666665
39.6,1,14,19,10,3,0.4,0.3,0.3425
15.0,2,15,19,10,3,0.23,0.31,0.35000000000000003
-6.7,5,15,19,10,3,0.49,0.23,0.3504166666666666
31.4,2,16,19,10,3,0.24,0.49,0.34791666666666665
0.5,4,17,19,10,3,0.43,0.24,0.3441666666666667
9.1,2,18,19,10,3,0.15,0.41,0.3425
18.9,4,18,19,10,3,0.37,0.17,0.3466666666666667
18.3,1,18,19,10,3,0.27,0.38,0.3408333333333333
28.2,5,20,19,10,3,0.24,0.34,0.34541666666666665
-8.5,2,21,19,10,3,0.45,0.12,0.34500000000000003
34.3,2,23,19,10,3,0.11,0.5,0.3429166666666667
6.2,5,23,19,10,3,0.45,0.45,0.34375
-5.1,5,0,20,10,4,0.47,0.41,0.33208333333333334
8.6,3,2,20,10,4,0.13,0.32,0.33166666666666667
-6.5,5,3,20,10,4,0.31,0.5,0.3308333333333333
6.4,4,3,20,10,4,0.48,0.44,0.32666666666666666
24.8,1,3,20,10,4,0.34,0.25,0.3258333333333333
-2.0,2,5,20,10,4,0.23,0.3,0.31875
17.3,5,5,20,10,4,0.13,0.47,0.31916666666666665
23.5,4,6,20,10,4,0.48,0.27,0.32375000000000004
25.4,1,6,20,10,4,0.38,0.29,0.32875000000000004
29.9,4,7,20,10,4,0.41,0.45,0.32166666666666666
7.9,3,7,20,10,4,0.28,0.25,0.32416666666666666
-1.3,4,7,20,10,4,0.31,0.4,0.32458333333333333
20.3,4,8,20,10,4,0.41,0.23,0.32916666666666666
26.7,5,8,20,10,4,0.34,0.49,0.32083333333333336
38.3,4,9,20,10,4,0.29,0.24,0.33125
20.5,5,9,20,10,4,0.49,0.43,0.3175
39.1,2,10,20,10,4,0.1,0.15,0.32416666666666666
30.1,3,10,20,10,4,0.31,0.37,0.32416666666666666
24.0,2,10,20,10,4,0.37,0.27,0.3333333333333333
7.5,3,11,20,10,4,0.49,0.24,0.3425
-6.0,5,13,20,10,4,0.46,0.45,0.3283333333333333
36.8,5,14,20,10,4,0.11,0.11,0.34375
18.8,5,15,20,10,4,0.48,0.45,0.3441666666666667
4.0,3,15,20,10,4,0.46,0.47,0.33166666666666667
-9.1,1,15,20,10,4,0.17,0.13,0.3325
1.3,1,16,20,10,4,0.15,0.31,0.32625
36.8,4,16,20,10,4,0.16,0.48,0.31958333333333333
19.2,4,17,20,10,4,0.32,0.34,0.32249999999999995
10.8,1,17,20,10,4,0.41,0.23,0.3279166666666667
-1.5,5,17,20,10,4,0.36,0.13,0.3358333333333334
6.2,5,18,20,10,4,0.32,0.48,0.3283333333333333
-8.1,5,18,20,10,4,0.3,0.38,0.3179166666666667
24.5,2,19,20,10,4,0.13,0.41,0.3129166666666667
32.5,1,19,20,10,4,0.29,0.28,0.31083333333333335
32.1,5,20,20,10,4,0.23,0.31,0.31583333333333335
-5.9,4,21,20,10,4,0.43,0.41,0.315
-8.5,4,23,20,10,4,0.39,0.34,0.3175
9.2,1,23,20,10,4,0.4,0.29,0.3229166666666667
-8.4,5,1,21,10,5,0.42,0.49,0.3120833333333333
7.3,4,1,21,10,5,0.23,0.1,0.32416666666666666
-3.6,2,2,21,10,5,0.39,0.31,0.32416666666666666
33.8,4,3,21,10,5,0.31,0.37,0.3154166666666667
14.3,2,4,21,10,5,0.16,0.49,0.30916666666666665
26.0,1,5,21,10,5,0.34,0.46,0.29875
39.3,5,7,21,10,5,0.21,0.11,0.3020833333333333
22.5,5,7,21,10,5,0.19,0.48,0.29958333333333337
-8.0,4,8,21,10,5,0.42,0.46,0.30083333333333334
22.5,2,8,21,10,5,0.49,0.17,0.30041666666666667
21.3,2,10,21,10,5,0.16,0.15,0.30541666666666667
22.3,5,10,21,10,5,0.27,0.16,0.3145833333333333
37.4,5,10,21,10,5,0.38,0.32,0.30750000000000005
11.5,1,10,21,10,5,0.15,0.41,0.3066666666666667
34.0,4,11,21,10,5,0.39,0.36,0.29750000000000004
-0.3,2,11,21,10,5,0.14,0.32,0.305
28.5,4,11,21,10,5,0.5,0.3,0.3075
36.2,2,12,21,10,5,0.36,0.13,0.3095833333333333
18.4,2,12,21,10,5,0.18,0.29,0.30583333333333335
8.1,3,13,21,10,5,0.2,0.23,0.30208333333333337
9.1,4,13,21,10,5,0.14,0.43,0.2970833333333333
12.1,1,16,21,10,5,0.31,0.39,0.29250000000000004
38.4,5,16,21,10,5,0.28,0.4,0.2925
34.8,2,17,21,10,5,0.4,0.42,0.29125
28.9,2,17,21,10,5,0.39,0.23,0.30083333333333334
33.4,3,18,21,10,5,0.46,0.39,0.30375
-3.9,4,18,21,10,5,0.46,0.31,0.30291666666666667
-0.6,1,18,21,10,5,0.29,0.16,0.30041666666666667
5.7,4,19,21,10,5,0.1,0.34,0.3020833333333333
-1.2,4,19,21,10,5,0.38,0.21,0.3095833333333334
3.2,4,20,21,10,5,0.39,0.19,0.32083333333333336
-0.4,3,21,21,10,5,0.46,0.42,0.3154166666666667
32.3,1,21,21,10,5,0.29,0.49,0.3154166666666667
9.9,1,22,21,10,5,0.49,0.16,0.3129166666666667
13.9,2,22,21,10,5,0.1,0.27,0.31625
17.2,5,23,21,10,5,0.35,0.38,0.3095833333333334
-6.8,5,23,21,10,5,0.22,0.15,0.31166666666666665
8.1,2,23,21,10,5,0.2,0.39,0.31125
32.3,2,23,21,10,5,0.38,0.14,0.32375
11.9,2,1,22,10,6,0.44,0.5,0.32249999999999995
30.5,4,3,22,10,6,0.47,0.36,0.31583333333333335
6.9,1,5,22,10,6,0.2,0.18,0.31583333333333335
18.8,5,6,22,10,6,0.18,0.2,0.3216666666666667
-2.1,1,6,22,10,6,0.34,0.14,0.32208333333333333
-0.8,3,7,22,10,6,0.15,0.31,0.31375000000000003
6.2,2,9,22,10,6,0.11,0.28,0.32208333333333333
8.2,2,9,22,10,6,0.48,0.4,0.31125
38.8,4,11,22,10,6,0.14,0.39,0.3045833333333333
30.5,3,11,22,10,6,0.23,0.46,0.30333333333333334
29.2,3,12,22,10,6,0.43,0.46,0.30416666666666664
17.3,4,12,22,10,6,0.48,0.29,0.31083333333333335
18.0,1,12,22,10,6,0.45,0.1,0.3216666666666667
-2.2,3,13,22,10,6,0.36,0.38,0.32625
16.8,2,13,22,10,6,0.49,0.39,0.31666666666666665
25.3,4,13,22,10,6,0.16,0.46,0.30291666666666667
1.8,2,13,22,10,6,0.13,0.29,0.3075
31.8,3,13,22,10,6,0.4,0.49,0.29333333333333333
-2.6,2,15,22,10,6,0.15,0.1,0.3075
25.7,4,16,22,10,6,0.44,0.35,0.3041666666666667
-6.4,3,16,22,10,6,0.27,0.22,0.3154166666666666
20.2,2,16,22,10,6,0.49,0.2,0.31416666666666665
15.6,1,17,22,10,6,0.17,0.38,0.3045833333333334
18.0,2,19,22,10,6,0.15,0.44,0.29333333333333333
26.3,5,20,22,10,6,0.17,0.47,0.28458333333333335
22.7,2,22,22,10,6,0.26,0.2,0.28625
5.9,2,22,22,10,6,0.24,0.18,0.29833333333333334
37.6,4,23,22,10,6,0.47,0.34,0.2995833333333333
-6.8,5,0,23,10,0,0.37,0.15,0.29833333333333334
2.6,1,0,23,10,0,0.12,0.11,0.3020833333333333
36.1,2,2,23,10,0,0.2,0.48,0.29125
3.2,1,3,23,10,0,0.22,0.14,0.30041666666666667
13.2,2,6,23,10,0,0.36,0.23,0.3025
4.9,3,7,23,10,0,0.28,0.43,0.3045833333333333
3.4,1,7,23,10,0,0.48,0.48,0.3020833333333333
13.0,2,7,23,10,0,0.42,0.45,0.29458333333333336
36.6,1,8,23,10,0,0.27,0.36,0.2933333333333333
37.7,1,8,23,10,0,0.33,0.49,0.28791666666666665
19.5,5,8,23,10,0,0.36,0.16,0.29125
-3.4,1,9,23,10,0,0.24,0.13,0.2966666666666667
-3.8,2,9,23,10,0,0.26,0.4,0.29624999999999996
12.9,5,10,23,10,0,0.39,0.15,0.305
38.7,4,13,23,10,0,0.36,0.44,0.29416666666666663
32.1,4,16,23,10,0,0.18,0.27,0.30083333333333334
-0.4,2,17,23,10,0,0.43,0.49,0.29791666666666666
27.6,5,17,23,10,0,0.42,0.17,0.29958333333333337
28.0,1,18,23,10,0,0.21,0.15,0.31416666666666665
-6.7,4,20,23,10,0,0.5,0.17,0.32583333333333336
37.8,2,20,23,10,0,0.45,0.26,0.3225
27.5,2,20,23,10,0,0.18,0.24,0.33166666666666667
26.2,2,21,23,10,0,0.46,0.47,0.325
22.8,3,23,23,10,0,0.31,0.37,0.31583333333333335
30.9,2,0,24,10,1,0.15,0.12,0.31916666666666665
3.5,3,0,24,10,1,0.2,0.2,0.32749999999999996
37.7,1,1,24,10,1,0.4,0.22,0.3383333333333334
21.4,2,1,24,10,1,0.48,0.36,0.33208333333333334
7.2,1,2,24,10,1,0.21,0.28,0.33791666666666664
0.3,1,2,24,10,1,0.42,0.48,0.3233333333333333
39.9,1,4,24,10,1,0.13,0.42,0.3229166666666667
6.7,5,4,24,10,1,0.41,0.27,0.3204166666666666
-6.0,1,4,24,10,1,0.21,0.33,0.31625
37.5,1,5,24,10,1,0.23,0.36,0.31083333333333335
34.7,3,5,24,10,1,0.23,0.24,0.31875000000000003
-4.1,2,7,24,10,1,0.43,0.26,0.3179166666666667
37.7,3,7,24,10,1,0.24,0.39,0.31375000000000003
39.8,2,8,24,10,1,0.29,0.36,0.30375
12.3,1,10,24,10,1,0.12,0.18,0.31375000000000003
-0.7,1,11,24,10,1,0.42,0.43,0.31416666666666665
15.3,4,12,24,10,1,0.44,0.42,0.315
26.6,5,13,24,10,1,0.44,0.21,0.32458333333333333
3.0,2,14,24,10,1,0.44,0.5,0.3133333333333333
-8.9,1,15,24,10,1,0.23,0.45,0.315
36.9,4,16,24,10,1,0.49,0.18,0.31625
38.7,2,17,24,10,1,0.21,0.46,0.3125
25.6,5,17,24,10,1,0.37,0.31,0.31375
-5.4,5,18,24,10,1,0.34,0.15,0.3125
14.9,5,19,24,10,1,0.12,0.2,0.31375000000000003
-8.9,1,19,24,10,1,0.23,0.4,0.30583333333333335
-9.3,5,20,24,10,1,0.21,0.48,0.295
31.1,2,20,24,10,1,0.22,0.21,0.3066666666666667
-6.5,2,20,24,10,1,0.49,0.42,0.3066666666666667
38.3,5,21,24,10,1,0.42,0.13,0.30625
37.3,4,23,24,10,1,0.12,0.41,0.29791666666666666
15.6,2,23,24,10,1,0.21,0.21,0.29875
30.9,5,23,24,10,1,0.23,0.23,0.305
3.5,2,23,24,10,1,0.38,0.23,0.3
4.8,3,0,25,10,2,0.11,0.43,0.29791666666666666
-2.3,4,0,25,10,2,0.38,0.24,0.29333333333333333
0.7,4,0,25,10,2,0.13,0.29,0.28875
30.0,5,1,25,10,2,0.18,0.12,0.29041666666666666
24.9,5,2,25,10,2,0.16,0.42,0.27999999999999997
33.0,1,2,25,10,2,0.17,0.44,0.28125
7.9,1,3,25,10,2,0.47,0.44,0.28208333333333335
6.7,1,6,25,10,2,0.46,0.44,0.2816666666666667
37.3,5,7,25,10,2,0.43,0.23,0.2783333333333334
-5.0,3,7,25,10,2,0.15,0.49,0.26791666666666664
18.7,2,8,25,10,2,0.24,0.21,0.26916666666666667
34.2,5,10,25,10,2,0.24,0.37,0.26125
16.3,2,10,25,10,2,0.18,0.34,0.25708333333333333
31.2,5,10,25,10,2,0.24,0.12,0.27291666666666664
16.2,5,12,25,10,2,0.5,0.23,0.2758333333333333
0.0,2,12,25,10,2,0.3,0.21,0.2791666666666666
30.0,1,13,25,10,2,0.29,0.22,0.2825
24.8,1,13,25,10,2,0.3,0.49,0.27041666666666664
34.2,4,13,25,10,2,0.2,0.42,0.26166666666666666
22.6,1,14,25,10,2,0.21,0.12,0.27249999999999996
-4.8,5,14,25,10,2,0.38,0.21,0.28375
15.0,3,14,25,10,2,0.48,0.23,0.2866666666666667
19.8,3,17,25,10,2,0.3,0.38,0.28875
5.1,1,17,25,10,2,0.43,0.11,0.295
10.9,1,18,25,10,2,0.26,0.38,0.2966666666666667
4.7,1,19,25,10,2,0.42,0.13,0.31083333333333335
-8.4,1,19,25,10,2,0.47,0.18,0.3154166666666667
37.8,4,21,25,10,2,0.29,0.16,0.31958333333333333
39.9,5,22,25,10,2,0.26,0.17,0.32708333333333334
2.7,2,23,25,10,2,0.35,0.47,0.31375
11.0,5,1,26,10,3,0.15,0.46,0.30791666666666667
-1.0,4,3,26,10,3,0.32,0.43,0.2945833333333333
32.2,5,3,26,10,3,0.11,0.15,0.2945833333333333
7.6,2,5,26,10,3,0.15,0.24,0.30416666666666664
-2.6,4,6,26,10,3,0.47,0.24,0.3083333333333333
-7.7,4,7,26,10,3,0.34,0.18,0.30833333333333335
8.6,2,8,26,10,3,0.18,0.24,0.30624999999999997
22.1,5,8,26,10,3,0.19,0.5,0.295
3.6,5,8,26,10,3,0.23,0.3,0.2966666666666667
17.8,1,9,26,10,3,0.34,0.29,0.29875
-6.3,3,10,26,10,3,0.34,0.3,0.2916666666666667
20.6,2,10,26,10,3,0.13,0.2,0.29541666666666666
17.8,5,10,26,10,3,0.29,0.21,0.30416666666666664
11.6,2,11,26,10,3,0.42,0.38,0.3066666666666667
31.3,1,12,26,10,3,0.44,0.48,0.29333333333333333
24.4,4,13,26,10,3,0.16,0.3,0.295
13.6,5,13,26,10,3,0.34,0.43,0.28375
-9.3,1,16,26,10,3,0.16,0.26,0.2820833333333333
1.4,5,16,26,10,3,0.22,0.42,0.28291666666666665
26.4,2,17,26,10,3,0.44,0.47,0.27125
27.2,1,17,26,10,3,0.19,0.29,0.2725
31.6,2,18,26,10,3,0.32,0.26,0.2725
-4.0,4,20,26,10,3,0.26,0.35,0.27458333333333335
-1.5,5,20,26,10,3,0.4,0.15,0.28875
38.7,2,20,26,10,3,0.49,0.32,0.295
32.1,2,21,26,10,3,0.47,0.11,0.30750000000000005
35.3,3,21,26,10,3,0.41,0.15,0.3145833333333333
-4.7,4,22,26,10,3,0.32,0.47,0.30833333333333335
22.9,5,2,27,10,4,0.32,0.34,0.31125
-6.0,2,6,27,10,4,0.41,0.18,0.30916666666666665
20.5,3,6,27,10,4,0.13,0.19,0.30916666666666665
-9.9,3,8,27,10,4,0.19,0.23,0.31
18.0,2,8,27,10,4,0.25,0.34,0.31
11.9,5,9,27,10,4,0.34,0.34,0.315
36.5,1,9,27,10,4,0.46,0.13,0.32
31.6,5,11,27,10,4,0.25,0.29,0.3125
31.8,1,11,27,10,4,0.11,0.42,0.3129166666666667
13.4,1,12,27,10,4,0.43,0.44,0.30666666666666664
6.7,2,13,27,10,4,0.29,0.16,0.32
20.6,5,16,27,10,4,0.48,0.34,0.3133333333333333
-5.9,5,17,27,10,4,0.18,0.16,0.32458333333333333
14.5,4,17,27,10,4,0.43,0.22,0.33166666666666667
30.8,5,17,27,10,4,0.39,0.44,0.33416666666666667
-4.2,4,19,27,10,4,0.5,0.19,0.3383333333333333
16.0,5,19,27,10,4,0.29,0.32,0.34541666666666665
1.7,4,21,27,10,4,0.49,0.26,0.34625
39.1,4,23,27,10,4,0.28,0.4,0.34583333333333327
8.6,2,1,28,10,5,0.39,0.49,0.34125
28.4,3,1,28,10,5,0.38,0.47,0.3408333333333333
20.0,2,2,28,10,5,0.46,0.41,0.33166666666666667
-8.7,4,2,28,10,5,0.19,0.32,0.3325
15.9,1,2,28,10,5,0.34,0.32,0.34
-2.5,1,3,28,10,5,0.5,0.41,0.32916666666666666
10.6,3,3,28,10,5,0.15,0.13,0.33749999999999997
29.4,5,3,28,10,5,0.33,0.19,0.34500000000000003
25.8,5,3,28,10,5,0.37,0.25,0.35250000000000004
15.9,2,4,28,10,5,0.43,0.34,0.35000000000000003
4.9,1,4,28,10,5,0.28,0.46,0.3408333333333333
14.0,2,4,28,10,5,0.24,0.25,0.34249999999999997
5.5,1,4,28,10,5,0.29,0.11,0.3545833333333333
-5.2,3,5,28,10,5,0.4,0.43,0.3545833333333333
23.3,5,5,28,10,5,0.43,0.29,0.3475
31.6,4,6,28,10,5,0.12,0.48,0.33749999999999997
8.2,5,6,28,10,5,0.24,0.18,0.35041666666666665
31.1,4,7,28,10,5,0.49,0.43,0.34125
26.1,1,7,28,10,5,0.21,0.39,0.3383333333333333
17.6,2,7,28,10,5,0.32,0.5,0.33166666666666667
20.1,3,9,28,10,5,0.34,0.29,0.3283333333333333
3.4,3,10,28,10,5,0.21,0.49,0.32375
20.6,2,10,28,10,5,0.38,0.28,0.3216666666666667
20.4,5,10,28,10,5,0.23,0.39,0.32375
27.9,4,10,28,10,5,0.44,0.38,0.3275
-7.0,2,10,28,10,5,0.47,0.46,0.32625
24.3,3,11,28,10,5,0.43,0.19,0.33874999999999994
34.4,4,11,28,10,5,0.49,0.34,0.33625
13.8,4,12,28,10,5,0.28,0.5,0.33416666666666667
-8.7,2,13,28,10,5,0.45,0.15,0.33708333333333335
24.1,2,15,28,10,5,0.22,0.33,0.3441666666666667
4.6,5,16,28,10,5,0.5,0.37,0.3441666666666667
17.8,3,16,28,10,5,0.37,0.43,0.34166666666666673
28.4,1,21,28,10,5,0.37,0.28,0.3491666666666667
18.2,2,21,28,10,5,0.46,0.24,0.35708333333333336
-4.7,1,21,28,10,5,0.43,0.29,0.3591666666666667
-4.7,5,22,28,10,5,0.34,0.4,0.3466666666666667
22.6,2,22,28,10,5,0.1,0.43,0.33958333333333335
3.1,3,22,28,10,5,0.26,0.12,0.3425
3.5,3,23,28,10,5,0.19,0.24,0.35166666666666674
10.2,5,0,29,10,6,0.46,0.49,0.3354166666666667
14.0,2,0,29,10,6,0.1,0.21,0.3354166666666667
26.1,5,4,29,10,6,0.21,0.32,0.33958333333333335
6.5,5,5,29,10,6,0.42,0.34,0.3333333333333333
34.4,3,7,29,10,6,0.19,0.21,0.33749999999999997
-0.1,1,7,29,10,6,0.31,0.38,0.33916666666666667
-4.5,2,8,29,10,6,0.42,0.23,0.3420833333333333
34.7,3,10,29,10,6,0.3,0.44,0.34
9.4,1,12,29,10,6,0.39,0.47,0.33499999999999996
7.6,5,12,29,10,6,0.35,0.43,0.32916666666666666
13.6,1,14,29,10,6,0.29,0.49,0.31583333333333335
12.4,2,15,29,10,6,0.17,0.28,0.31583333333333335
34.9,4,15,29,10,6,0.28,0.45,0.3075
22.0,1,16,29,10,6,0.25,0.22,0.3095833333333333
2.8,4,16,29,10,6,0.27,0.5,0.30041666666666667
19.2,5,17,29,10,6,0.28,0.37,0.29958333333333337
33.5,3,18,29,10,6,0.35,0.37,0.30291666666666667
12.9,1,20,29,10,6,0.45,0.46,0.30250000000000005
13.6,5,20,29,10,6,0.45,0.43,0.2925
1.0,1,21,29,10,6,0.19,0.34,0.295
-2.7,3,21,29,10,6,0.4,0.1,0.2966666666666667
-3.6,3,21,29,10,6,0.14,0.26,0.30041666666666667
30.9,5,21,29,10,6,0.35,0.19,0.3
23.9,4,22,29,10,6,0.18,0.46,0.28875
25.0,2,23,29,10,6,0.19,0.1,0.3045833333333333
36.3,2,0,30,10,0,0.48,0.21,0.30041666666666667
-6.5,5,0,30,10,0,0.11,0.42,0.28875
-9.6,3,2,30,10,0,0.14,0.19,0.2970833333333333
31.8,5,3,30,10,0,0.39,0.31,0.29541666666666666
34.8,1,4,30,10,0,0.27,0.42,0.28833333333333333
23.0,5,4,30,10,0,0.25,0.3,0.28375
-4.4,1,4,30,10,0,0.19,0.39,0.27375
11.6,4,4,30,10,0,0.15,0.35,0.27666666666666667
17.0,1,4,30,10,0,0.42,0.29,0.2733333333333333
5.1,2,4,30,10,0,0.21,0.17,0.2820833333333333
25.7,4,7,30,10,0,0.38,0.28,0.27875
5.3,3,7,30,10,0,0.2,0.25,0.2791666666666667
28.0,5,7,30,10,0,0.26,0.27,0.2870833333333333
-5.4,5,10,30,10,0,0.46,0.28,0.28291666666666665
26.6,3,11,30,10,0,0.18,0.35,0.2870833333333333
18.2,3,12,30,10,0,0.45,0.45,0.28291666666666665
-5.8,3,12,30,10,0,0.35,0.45,0.27125
-7.6,3,13,30,10,0,0.17,0.19,0.2704166666666667
14.1,1,14,30,10,0,0.17,0.4,0.2683333333333333
21.4,1,14,30,10,0,0.35,0.14,0.2758333333333333
19.5,4,18,30,10,0,0.32,0.35,0.2683333333333333
11.9,2,18,30,10,0,0.17,0.18,0.2683333333333333
3.9,4,19,30,10,0,0.18,0.19,0.2804166666666667
-2.8,1,21,30,10,0,0.48,0.48,0.2791666666666667
21.4,2,21,30,10,0,0.45,0.11,0.2816666666666667
0.2,5,21,30,10,0,0.17,0.14,0.28458333333333335
25.7,1,0,31,10,1,0.21,0.39,0.27416666666666667
1.8,3,3,31,10,1,0.14,0.27,0.2825
1.3,5,4,31,10,1,0.47,0.25,0.2841666666666666
32.2,5,5,31,10,1,0.29,0.19,0.2966666666666667
20.5,5,5,31,10,1,0.49,0.15,0.3095833333333333
14.2,2,7,31,10,1,0.46,0.42,0.31124999999999997
-8.5,3,9,31,10,1,0.46,0.21,0.3175
32.5,4,9,31,10,1,0.36,0.38,0.31833333333333336
25.4,2,9,31,10,1,0.4,0.2,0.3154166666666667
34.2,3,10,31,10,1,0.13,0.26,0.32
21.5,3,11,31,10,1,0.37,0.46,0.30625
-6.2,5,12,31,10,1,0.13,0.18,0.30624999999999997
24.6,4,13,31,10,1,0.18,0.45,0.30291666666666667
-0.7,4,13,31,10,1,0.37,0.35,0.3083333333333333
25.6,4,13,31,10,1,0.48,0.17,0.3133333333333333
-3.1,4,14,31,10,1,0.29,0.17,0.32083333333333336
8.6,4,16,31,10,1,0.35,0.35,0.3129166666666667
39.4,4,17,31,10,1,0.16,0.32,0.31708333333333333
31.0,4,17,31,10,1,0.42,0.17,0.31916666666666665
4.0,2,18,31,10,1,0.22,0.18,0.3279166666666667
-7.5,3,18,31,10,1,0.39,0.48,0.32458333333333333
-8.0,4,18,31,10,1,0.4,0.45,0.31749999999999995
22.4,5,19,31,10,1,0.28,0.17,0.3204166666666666
26.9,1,19,31,10,1,0.24,0.21,0.32
32.1,2,19,31,10,1,0.2,0.14,0.33
3.8,3,20,31,10,1,0.38,0.47,0.32
-5.8,5,20,31,10,1,0.23,0.29,0.31708333333333333
28.6,1,22,31,10,1,0.22,0.49,0.31333333333333335
10.5,3,23,31,10,1,0.4,0.46,0.3075
-5.4,4,1,1,11,2,0.32,0.46,0.30625
19.5,3,3,1,11,2,0.43,0.36,0.2995833333333333
29.9,3,3,1,11,2,0.2,0.4,0.29875
-4.6,4,5,1,11,2,0.38,0.13,0.2995833333333333
17.7,1,5,1,11,2,0.15,0.37,0.28875
-1.3,1,8,1,11,2,0.11,0.13,0.2995833333333333
38.2,3,9,1,11,2,0.39,0.18,0.31166666666666665
10.3,3,9,1,11,2,0.47,0.37,0.30333333333333334
35.4,5,13,1,11,2,0.17,0.48,0.29250000000000004
5.2,4,13,1,11,2,0.22,0.29,0.28458333333333335
34.3,2,17,1,11,2,0.1,0.35,0.27625
32.4,3,17,1,11,2,0.15,0.16,0.2833333333333334
-4.8,3,17,1,11,2,0.33,0.42,0.2808333333333333
36.4,5,17,1,11,2,0.36,0.22,0.29041666666666666
4.3,1,18,1,11,2,0.45,0.39,0.29
3.7,5,22,1,11,2,0.38,0.4,0.29291666666666666
34.3,3,0,2,11,3,0.47,0.28,0.28541666666666665
34.8,1,0,2,11,3,0.1,0.24,0.2916666666666667
15.0,2,1,2,11,3,0.39,0.2,0.29458333333333336
14.0,4,2,2,11,3,0.27,0.38,0.285
33.7,5,3,2,11,3,0.15,0.23,0.2925
11.5,4,4,2,11,3,0.41,0.22,0.2975
16.5,4,4,2,11,3,0.34,0.4,0.29791666666666666
7.9,5,6,2,11,3,0.41,0.32,0.2891666666666667
29.8,3,6,2,11,3,0.11,0.43,0.29124999999999995
39.5,1,7,2,11,3,0.48,0.2,0.29375
32.6,5,7,2,11,3,0.26,0.38,0.2866666666666667
9.6,1,8,2,11,3,0.21,0.15,0.2920833333333333
22.1,3,8,2,11,3,0.28,0.11,0.3045833333333333
26.3,3,9,2,11,3,0.41,0.39,0.30416666666666664
2.7,2,9,2,11,3,0.38,0.47,0.3045833333333334
-0.8,2,9,2,11,3,0.48,0.17,0.30916666666666665
3.5,3,9,2,11,3,0.28,0.22,0.31416666666666665
30.1,4,10,2,11,3,0.34,0.1,0.315
31.1,3,10,2,11,3,0.12,0.15,0.32916666666666666
31.1,2,10,2,11,3,0.49,0.33,0.32249999999999995
6.7,5,10,2,11,3,0.17,0.36,0.3254166666666667
37.6,1,11,2,11,3,0.43,0.45,0.31583333333333335
33.7,2,11,2,11,3,0.22,0.38,0.31833333333333336
38.8,1,13,2,11,3,0.44,0.47,0.305
16.4,4,14,2,11,3,0.15,0.1,0.31916666666666665
23.8,5,15,2,11,3,0.44,0.39,0.3120833333333333
24.8,4,21,2,11,3,0.22,0.27,0.31666666666666665
4.5,3,23,2,11,3,0.38,0.15,0.3145833333333334
-1.3,3,23,2,11,3,0.1,0.41,0.3166666666666667
31.2,3,1,3,11,4,0.46,0.34,0.31416666666666665
-3.0,3,1,3,11,4,0.28,0.41,0.30125
23.5,2,3,3,11,4,0.1,0.11,0.3070833333333333
37.3,5,4,3,11,4,0.25,0.48,0.30583333333333335
-8.9,1,4,3,11,4,0.45,0.26,0.31416666666666665
2.6,2,6,3,11,4,0.46,0.21,0.3125
-9.2,2,7,3,11,4,0.17,0.28,0.3104166666666667
15.3,4,9,3,11,4,0.23,0.41,0.30291666666666667
39.8,5,10,3,11,4,0.23,0.38,0.3070833333333333
32.0,3,11,3,11,4,0.48,0.48,0.30125
18.6,4,12,3,11,4,0.34,0.28,0.29875
22.3,5,12,3,11,4,0.22,0.34,0.29416666666666663
19.8,5,13,3,11,4,0.23,0.12,0.295
33.3,3,13,3,11,4,0.14,0.49,0.2808333333333333
28.9,5,17,3,11,4,0.15,0.17,0.2816666666666667
5.3,5,18,3,11,4,0.19,0.43,0.26916666666666667
-9.1,5,18,3,11,4,0.13,0.22,0.27416666666666667
12.1,1,19,3,11,4,0.34,0.44,0.26416666666666666
19.7,4,19,3,11,4,0.2,0.15,0.2775
32.3,5,19,3,11,4,0.47,0.44,0.26666666666666666
35.8,2,19,3,11,4,0.18,0.22,0.26625000000000004
21.1,1,20,3,11,4,0.21,0.38,0.25875
32.7,3,21,3,11,4,0.2,0.1,0.26166666666666666
2.9,1,22,3,11,4,0.17,0.46,0.2608333333333333
13.7,3,23,3,11,4,0.44,0.28,0.25666666666666665
14.7,3,0,4,11,5,0.18,0.1,0.26333333333333336
15.0,2,0,4,11,5,0.26,0.25,0.2654166666666667
34.8,2,0,4,11,5,0.3,0.45,0.25958333333333333
36.6,5,2,4,11,5,0.31,0.46,0.24625
30.9,3,3,4,11,5,0.14,0.17,0.2554166666666667
-9.5,2,5,4,11,5,0.39,0.23,0.2575
-2.6,5,7,4,11,5,0.28,0.23,0.26458333333333334
5.3,1,8,4,11,5,0.4,0.48,0.2541666666666667
-4.9,4,9,4,11,5,0.23,0.34,0.25708333333333333
26.1,4,9,4,11,5,0.41,0.22,0.25333333333333335
14.7,4,9,4,11,5,0.13,0.23,0.2591666666666667
-4.2,4,10,4,11,5,0.37,0.14,0.25916666666666666
-6.5,2,12,4,11,5,0.14,0.15,0.2625
-2.6,4,12,4,11,5,0.23,0.19,0.26166666666666666
3.4,3,13,4,11,5,0.17,0.13,0.2625
-1.8,2,14,4,11,5,0.15,0.34,0.2608333333333333
25.3,4,15,4,11,5,0.3,0.2,0.26833333333333337
29.5,5,17,4,11,5,0.38,0.47,0.2591666666666667
8.8,1,18,4,11,5,0.25,0.18,0.2654166666666667
-5.5,3,19,4,11,5,0.33,0.21,0.2625
12.9,1,21,4,11,5,0.14,0.2,0.25875000000000004
17.9,3,21,4,11,5,0.11,0.17,0.26458333333333334
15.0,2,22,4,11,5,0.31,0.44,0.25625000000000003
-2.1,3,23,4,11,5,0.24,0.18,0.26083333333333336
31.6,5,23,4,11,5,0.29,0.26,0.25666666666666665
22.6,4,23,4,11,5,0.16,0.3,0.26291666666666663
9.3,1,2,5,11,6,0.45,0.31,0.25666666666666665
35.2,2,4,5,11,6,0.16,0.14,0.25833333333333336
37.5,1,4,5,11,6,0.18,0.39,0.25333333333333335
16.3,2,6,5,11,6,0.27,0.28,0.25625
11.6,2,6,5,11,6,0.35,0.4,0.24416666666666667
32.2,1,6,5,11,6,0.11,0.23,0.255
35.1,5,9,5,11,6,0.49,0.41,0.2579166666666666
3.4,3,10,5,11,6,0.48,0.13,0.26166666666666666
24.3,2,10,5,11,6,0.22,0.37,0.2525
10.1,3,11,5,11,6,0.15,0.14,0.25125000000000003
20.3,1,13,5,11,6,0.11,0.23,0.25666666666666665
-4.7,4,13,5,11,6,0.36,0.17,0.26125
37.7,3,15,5,11,6,0.28,0.15,0.26708333333333334
25.3,4,17,5,11,6,0.29,0.3,0.2620833333333333
37.6,5,19,5,11,6,0.18,0.38,0.25458333333333333
26.0,4,19,5,11,6,0.2,0.25,0.25708333333333333
12.1,5,21,5,11,6,0.31,0.33,0.2579166666666666
6.1,4,21,5,11,6,0.35,0.14,0.26291666666666663
0.2,5,22,5,11,6,0.26,0.11,0.26666666666666666
9.3,3,22,5,11,6,0.2,0.31,0.26999999999999996
17.1,2,23,5,11,6,0.39,0.24,0.27416666666666667
9.0,2,1,6,11,0,0.34,0.29,0.2725
-0.8,5,2,6,11,0,0.25,0.16,0.28125
-2.8,4,3,6,11,0,0.37,0.45,0.26958333333333334
-2.0,4,5,6,11,0,0.17,0.16,0.27666666666666667
-0.8,2,11,6,11,0,0.33,0.18,0.27875
24.7,5,11,6,11,0,0.23,0.27,0.27708333333333335
17.3,5,12,6,11,0,0.23,0.35,0.2758333333333333
33.8,2,14,6,11,0,0.32,0.11,0.2775
11.5,3,15,6,11,0,0.15,0.49,0.2708333333333333
6.6,5,16,6,11,0,0.33,0.48,0.2675
15.9,4,16,6,11,0,0.4,0.22,0.27749999999999997
12.4,3,17,6,11,0,0.46,0.15,0.2783333333333334
2.8,1,17,6,11,0,0.17,0.11,0.29333333333333333
-8.1,2,18,6,11,0,0.47,0.36,0.28875
5.5,4,21,6,11,0,0.25,0.28,0.29250000000000004
14.8,5,22,6,11,0,0.37,0.29,0.28750000000000003
37.5,5,22,6,11,0,0.17,0.18,0.2854166666666667
-4.8,3,23,6,11,0,0.13,0.2,0.2920833333333333
6.7,1,23,6,11,0,0.36,0.31,0.29624999999999996
28.4,2,23,6,11,0,0.41,0.35,0.2916666666666667
31.2,2,0,7,11,1,0.24,0.26,0.29541666666666666
-3.1,1,0,7,11,1,0.35,0.2,0.305
11.4,5,1,7,11,1,0.43,0.39,0.30375
32.2,5,1,7,11,1,0.36,0.34,0.3083333333333333
25.0,2,2,7,11,1,0.45,0.25,0.30375
37.1,2,2,7,11,1,0.14,0.37,0.3025
-7.5,3,3,7,11,1,0.34,0.17,0.3033333333333333
2.0,4,4,7,11,1,0.19,0.33,0.30166666666666664
-4.7,5,5,7,11,1,0.29,0.23,0.3070833333333333
-2.3,1,5,7,11,1,0.36,0.23,0.3054166666666666
14.9,4,6,7,11,1,0.19,0.32,0.29750000000000004
24.2,4,7,7,11,1,0.13,0.15,0.30083333333333334
28.2,4,8,7,11,1,0.23,0.33,0.30624999999999997
35.9,3,8,7,11,1,0.46,0.4,0.30041666666666667
4.6,5,9,7,11,1,0.26,0.46,0.28583333333333333
35.0,1,10,7,11,1,0.11,0.17,0.2891666666666666
19.9,5,12,7,11,1,0.25,0.47,0.27541666666666664
7.8,3,12,7,11,1,0.14,0.25,0.27166666666666667
-7.0,2,13,7,11,1,0.16,0.37,0.26416666666666666
33.6,3,15,7,11,1,0.19,0.17,0.27375
