Outdoor Temperature (°C),Household Size,hour,day,month,week,lag_1,lag_24,rolling_mean_24
11.5,5,0,1,1,6,0.7,0.52,1.0983333333333334
6.1,2,0,1,1,6,1.79,0.69,1.1329166666666668
29.9,2,1,1,1,6,1.52,1.53,1.1495833333333334
39.0,5,1,1,1,6,1.93,0.97,1.1854166666666668
35.4,1,2,1,1,6,1.83,0.72,1.2162499999999998
33.2,5,3,1,1,6,1.46,1.1,1.2025000000000001
12.8,2,5,1,1,6,0.77,1.86,1.1508333333333332
30.4,2,7,1,1,6,0.62,1.34,1.1583333333333332
-6.6,5,7,1,1,6,1.52,1.99,1.1141666666666665
32.7,2,8,1,1,6,0.93,1.97,1.0733333333333335
32.6,5,9,1,1,6,0.99,0.44,1.09
7.5,5,9,1,1,6,0.84,0.98,1.105
29.4,1,9,1,1,6,1.34,1.0,1.0895833333333333
28.3,5,12,1,1,6,0.63,0.9,1.105
15.6,1,13,1,1,6,1.27,0.83,1.1258333333333332
5.9,5,13,1,1,6,1.33,1.53,1.0962500000000002
22.2,1,14,1,1,6,0.82,1.48,1.0483333333333333
36.5,2,14,1,1,6,0.33,0.61,1.04375
32.1,2,16,1,1,6,0.5,1.25,1.0495833333333333
21.1,3,18,1,1,6,1.39,0.25,1.0545833333333332
18.7,4,19,1,1,6,0.37,1.19,1.0454166666666667
11.3,3,20,1,1,6,0.97,0.81,1.0775000000000001
39.9,3,20,1,1,6,1.58,0.43,1.1316666666666666
8.8,4,20,1,1,6,1.73,0.7,1.1408333333333334
14.7,4,0,2,1,0,0.92,1.79,1.09
8.5,4,4,2,1,0,0.57,1.52,1.085
36.8,4,5,2,1,0,1.4,1.93,1.075
-5.9,4,7,2,1,0,1.69,1.83,1.0395833333333333
14.1,3,7,2,1,0,0.98,1.46,1.0375
19.3,1,9,2,1,0,1.41,0.77,1.0816666666666666
-8.6,2,10,2,1,0,1.83,0.62,1.1008333333333333
39.6,2,11,2,1,0,1.08,1.52,1.10375
10.9,2,12,2,1,0,1.59,0.93,1.1400000000000001
5.6,3,12,2,1,0,1.8,0.99,1.1283333333333332
1.0,4,12,2,1,0,0.71,0.84,1.1370833333333332
24.0,5,12,2,1,0,1.05,1.34,1.1520833333333333
3.8,3,15,2,1,0,1.7,0.63,1.1808333333333334
-0.1,1,15,2,1,0,1.32,1.27,1.1904166666666667
11.0,3,15,2,1,0,1.5,1.33,1.19875
-4.7,5,16,2,1,0,1.53,0.82,1.2137499999999999
38.8,3,18,2,1,0,1.18,0.33,1.2716666666666667
29.6,2,19,2,1,0,1.72,0.5,1.3058333333333334
39.7,4,19,2,1,0,1.32,1.39,1.2791666666666666
14.6,3,19,2,1,0,0.75,0.37,1.3316666666666668
9.2,4,20,2,1,0,1.63,0.97,1.3554166666666667
8.2,2,20,2,1,0,1.54,1.58,1.3175
31.2,3,20,2,1,0,0.67,1.73,1.3220833333333333
37.2,3,21,2,1,0,1.84,0.92,1.3516666666666666
28.7,5,0,3,1,1,1.63,0.57,1.3550000000000002
13.8,4,1,3,1,1,0.65,1.4,1.3575
11.8,4,2,3,1,1,1.46,1.69,1.2979166666666666
29.3,4,2,3,1,1,0.26,0.98,1.3204166666666666
23.1,1,6,3,1,1,1.52,1.41,1.3316666666666668
4.3,1,7,3,1,1,1.68,1.83,1.2645833333333334
22.1,5,7,3,1,1,0.22,1.08,1.2908333333333333
37.3,4,8,3,1,1,1.71,1.59,1.2916666666666667
-1.0,3,8,3,1,1,1.61,1.8,1.2504166666666665
28.2,4,9,3,1,1,0.81,0.71,1.2641666666666667
33.1,1,10,3,1,1,1.04,1.05,1.3025
31.9,4,10,3,1,1,1.97,1.7,1.2983333333333333
-6.2,5,11,3,1,1,1.6,1.32,1.2908333333333333
-1.2,4,11,3,1,1,1.14,1.5,1.27125
35.2,1,11,3,1,1,1.03,1.53,1.2245833333333334
0.8,4,12,3,1,1,0.41,1.18,1.2404166666666667
-2.2,1,12,3,1,1,1.56,1.72,1.2329166666666667
8.9,1,13,3,1,1,1.54,1.32,1.2275
23.7,1,13,3,1,1,1.19,0.75,1.2291666666666667
36.5,5,14,3,1,1,0.79,1.63,1.195
17.1,4,17,3,1,1,0.81,1.54,1.2079166666666665
16.0,5,18,3,1,1,1.85,0.67,1.2520833333333334
4.1,1,18,3,1,1,1.73,1.84,1.2383333333333335
16.1,4,18,3,1,1,1.51,1.63,1.2329166666666667
22.3,1,20,3,1,1,1.5,0.65,1.2345833333333334
-3.8,3,21,3,1,1,0.69,1.46,1.1908333333333332
0.4,4,23,3,1,1,0.41,0.26,1.2604166666666667
8.7,3,23,3,1,1,1.93,1.52,1.2616666666666667
22.6,1,23,3,1,1,1.55,1.68,1.20875
8.8,5,23,3,1,1,0.41,0.22,1.25375
31.1,3,0,4,1,2,1.3,1.71,1.2620833333333332
-4.3,1,1,4,1,2,1.91,1.61,1.2745833333333334
30.3,1,2,4,1,2,1.91,0.81,1.3183333333333334
37.0,4,4,4,1,2,1.86,1.04,1.2841666666666667
-5.8,2,5,4,1,2,0.22,1.97,1.2179166666666668
10.3,4,5,4,1,2,0.38,1.6,1.2091666666666667
25.4,2,7,4,1,2,1.39,1.14,1.2270833333333333
35.9,4,8,4,1,2,1.57,1.03,1.2233333333333334
26.8,3,8,4,1,2,0.94,0.41,1.2245833333333334
30.4,1,9,4,1,2,0.44,1.56,1.1975
-4.9,5,9,4,1,2,0.91,1.54,1.1541666666666668
-5.8,3,9,4,1,2,0.5,1.19,1.17625
17.5,3,9,4,1,2,1.72,0.79,1.1879166666666667
7.1,3,10,4,1,2,1.07,0.81,1.2283333333333333
8.9,2,11,4,1,2,1.78,1.85,1.2275
-8.3,1,11,4,1,2,1.83,1.73,1.2158333333333333
-9.4,4,12,4,1,2,1.45,1.51,1.1783333333333332
-7.0,5,12,4,1,2,0.61,1.5,1.1824999999999999
30.8,2,13,4,1,2,1.6,0.69,1.2212500000000002
8.0,2,14,4,1,2,1.62,0.41,1.26875
22.1,1,15,4,1,2,1.55,1.93,1.25125
7.5,4,16,4,1,2,1.51,1.55,1.2154166666666668
14.4,1,17,4,1,2,0.69,0.41,1.2691666666666668
39.6,1,17,4,1,2,1.7,1.3,1.2237500000000001
4.8,5,19,4,1,2,0.21,1.91,1.1754166666666668
24.8,3,19,4,1,2,0.75,1.91,1.14625
13.8,3,20,4,1,2,1.21,1.86,1.1404166666666666
-4.0,2,20,4,1,2,1.72,0.22,1.1970833333333333
11.4,3,22,4,1,2,1.58,0.38,1.2495833333333333
-6.4,1,22,4,1,2,1.64,1.39,1.2641666666666669
17.3,4,23,4,1,2,1.74,1.57,1.2575
2.3,4,0,5,1,3,1.41,0.94,1.2754166666666666
-6.5,1,0,5,1,3,1.37,0.44,1.3041666666666665
11.6,5,2,5,1,3,1.13,0.91,1.3158333333333332
20.8,3,2,5,1,3,1.19,0.5,1.3212499999999998
1.3,3,2,5,1,3,0.63,1.72,1.2808333333333333
28.4,4,4,5,1,3,0.75,1.07,1.2733333333333332
-7.4,3,7,5,1,3,0.89,1.78,1.2258333333333333
-6.1,1,8,5,1,3,0.64,1.83,1.16875
1.2,1,10,5,1,3,0.46,1.45,1.1325
13.8,2,11,5,1,3,0.58,0.61,1.1716666666666666
18.7,3,14,5,1,3,1.55,1.6,1.14625
-9.0,5,14,5,1,3,0.99,1.62,1.1191666666666666
-5.5,1,14,5,1,3,0.97,1.55,1.1016666666666666
11.1,4,16,5,1,3,1.13,1.51,1.12125
38.4,1,16,5,1,3,1.98,0.69,1.1375
37.3,4,18,5,1,3,1.08,1.7,1.14
36.3,5,19,5,1,3,1.76,0.21,1.1424999999999998
22.3,4,19,5,1,3,0.27,0.75,1.13875
6.5,4,19,5,1,3,0.66,1.21,1.1591666666666667
20.2,4,20,5,1,3,1.7,1.72,1.16375
20.5,2,20,5,1,3,1.83,1.58,1.1491666666666667
-0.5,3,21,5,1,3,1.23,1.64,1.1266666666666667
-8.3,3,22,5,1,3,1.1,1.74,1.1245833333333333
7.7,2,23,5,1,3,1.69,1.41,1.0954166666666667
38.2,3,23,5,1,3,0.71,1.37,1.0908333333333333
29.7,5,1,6,1,4,1.26,1.13,1.1179166666666667
5.8,3,1,6,1,4,1.78,1.19,1.0891666666666666
9.7,1,2,6,1,4,0.5,0.63,1.1441666666666668
7.3,2,2,6,1,4,1.95,0.75,1.16
-2.3,2,2,6,1,4,1.13,0.89,1.1425
6.0,4,2,6,1,4,0.47,0.64,1.1666666666666667
39.0,3,2,6,1,4,1.22,0.46,1.1745833333333333
0.8,4,4,6,1,4,0.65,0.58,1.2191666666666667
34.0,5,5,6,1,4,1.65,1.55,1.19875
3.5,3,5,6,1,4,1.06,0.99,1.2254166666666666
-5.7,2,8,6,1,4,1.63,0.97,1.2429166666666667
14.2,1,9,6,1,4,1.39,1.13,1.26625
-1.8,1,9,6,1,4,1.69,1.98,1.2066666666666668
39.9,2,11,6,1,4,0.55,1.08,1.2054166666666666
16.2,1,12,6,1,4,1.05,1.76,1.2041666666666666
25.6,3,12,6,1,4,1.73,0.27,1.2366666666666666
2.8,4,16,6,1,4,1.05,0.66,1.2370833333333333
15.9,4,16,6,1,4,0.67,1.7,1.1941666666666666
20.4,4,17,6,1,4,0.67,1.83,1.1391666666666667
12.7,3,18,6,1,4,0.51,1.23,1.0995833333333331
17.0,2,20,6,1,4,0.28,1.1,1.0691666666666666
26.6,2,22,6,1,4,0.37,1.69,1.0116666666666667
33.8,4,0,7,1,5,0.31,0.71,1.0279166666666666
21.6,5,0,7,1,5,1.1,1.26,0.99625
-2.0,5,0,7,1,5,0.5,1.78,0.9700000000000001
31.8,2,2,7,1,5,1.15,0.5,1.0141666666666667
1.4,5,3,7,1,5,1.56,1.95,0.9783333333333334
-6.0,1,4,7,1,5,1.09,1.13,0.9958333333333335
29.5,4,4,7,1,5,1.55,0.47,1.0308333333333333
-4.1,2,6,7,1,5,1.31,1.22,0.9929166666666666
-5.3,5,7,7,1,5,0.31,0.65,0.9866666666666667
-4.0,3,10,7,1,5,0.5,1.65,0.9354166666666667
-2.4,2,15,7,1,5,0.42,1.06,0.91375
23.1,5,15,7,1,5,0.54,1.63,0.9250000000000002
11.6,4,16,7,1,5,1.9,1.39,0.9025
38.6,1,16,7,1,5,0.85,1.69,0.875
18.0,2,18,7,1,5,1.03,0.55,0.9033333333333333
33.0,2,18,7,1,5,1.23,1.05,0.8958333333333334
-1.6,5,21,7,1,5,0.87,1.73,0.8620833333333334
7.0,5,22,7,1,5,0.92,1.05,0.8762500000000001
8.8,1,3,8,1,6,1.39,0.67,0.9083333333333332
12.4,4,4,8,1,6,1.44,0.67,0.915
9.7,3,4,8,1,6,0.83,0.51,0.9408333333333333
25.0,4,4,8,1,6,1.13,0.28,0.96625
39.7,4,4,8,1,6,0.89,0.37,1.02375
34.5,2,5,8,1,6,1.75,0.31,1.0783333333333334
29.4,3,5,8,1,6,1.62,1.1,1.07
17.4,1,5,8,1,6,0.9,0.5,1.06125
27.5,3,6,8,1,6,0.29,1.15,1.0216666666666667
19.2,5,9,8,1,6,0.2,1.56,0.9725
30.9,4,12,8,1,6,0.38,1.09,0.9662499999999999
-1.0,5,12,8,1,6,0.94,1.55,0.92375
38.7,4,12,8,1,6,0.53,1.31,0.9254166666666667
9.0,1,12,8,1,6,1.35,0.31,0.9420833333333335
32.0,1,12,8,1,6,0.71,0.5,0.9683333333333333
-0.8,5,12,8,1,6,1.13,0.42,0.9979166666666667
30.7,5,12,8,1,6,1.13,0.54,1.0291666666666666
-9.5,2,12,8,1,6,1.29,1.9,0.9858333333333332
37.3,2,13,8,1,6,0.86,0.85,0.985
36.7,3,13,8,1,6,0.83,1.03,1.02375
29.4,3,14,8,1,6,1.96,1.23,0.9954166666666667
3.2,3,14,8,1,6,0.55,0.87,1.0254166666666669
39.3,4,15,8,1,6,1.59,0.92,1.00875
22.9,1,15,8,1,6,0.52,1.39,0.985
-1.6,5,16,8,1,6,0.82,1.44,1.00625
-5.9,1,16,8,1,6,1.95,0.83,1.0466666666666666
5.9,5,17,8,1,6,1.8,1.13,1.0762500000000002
3.7,5,17,8,1,6,1.84,0.89,1.0858333333333332
15.4,3,18,8,1,6,1.12,1.75,1.0795833333333333
13.6,4,22,8,1,6,1.6,1.62,1.0783333333333334
38.7,5,22,8,1,6,1.59,0.9,1.1120833333333333
2.1,4,0,9,1,0,1.71,0.29,1.1716666666666666
3.4,1,1,9,1,0,1.72,0.2,1.21875
20.3,3,2,9,1,0,1.33,0.38,1.2545833333333334
34.2,5,3,9,1,0,1.24,0.94,1.2866666666666668
6.2,4,5,9,1,0,1.71,0.53,1.3370833333333334
38.5,3,7,9,1,0,1.74,1.35,1.3058333333333334
-3.3,4,7,9,1,0,0.6,0.71,1.3041666666666665
-3.6,4,9,9,1,0,0.67,1.13,1.2933333333333332
20.7,3,9,9,1,0,0.87,1.13,1.2829166666666667
36.0,1,10,9,1,0,0.88,1.29,1.24625
15.1,3,10,9,1,0,0.41,0.86,1.2391666666666667
6.1,1,11,9,1,0,0.69,0.83,1.2420833333333332
26.0,5,12,9,1,0,0.9,1.96,1.18
-0.4,4,13,9,1,0,0.47,0.55,1.2225000000000001
9.6,4,13,9,1,0,1.57,1.59,1.17125
23.6,5,13,9,1,0,0.36,0.52,1.1754166666666668
-0.0,1,15,9,1,0,0.62,0.82,1.2204166666666667
4.4,4,15,9,1,0,1.9,1.95,1.15
26.5,1,17,9,1,0,0.26,1.8,1.105
25.6,4,18,9,1,0,0.72,1.84,1.1020833333333333
8.7,1,20,9,1,0,1.77,1.12,1.0933333333333335
-1.9,3,21,9,1,0,0.91,1.6,1.0775
18.8,4,22,9,1,0,1.22,1.59,1.0795833333333333
-1.2,5,22,9,1,0,1.64,1.71,1.0525
-5.1,2,23,9,1,0,1.06,1.72,1.0554166666666667
26.1,3,0,10,1,1,1.79,1.33,1.0295833333333333
-3.7,4,0,10,1,1,0.71,1.24,1.0566666666666666
-5.1,4,1,10,1,1,1.89,1.71,1.0341666666666667
2.0,5,3,10,1,1,1.17,1.74,1.0191666666666668
5.3,2,4,10,1,1,1.38,0.6,1.06375
12.7,4,5,10,1,1,1.67,0.67,1.115
14.0,3,5,10,1,1,1.9,0.87,1.1591666666666667
17.6,5,5,10,1,1,1.93,0.88,1.1504166666666666
7.8,3,6,10,1,1,0.67,0.41,1.2012500000000002
1.4,5,7,10,1,1,1.63,0.69,1.2416666666666667
21.6,5,7,10,1,1,1.66,0.9,1.25
32.8,2,9,10,1,1,1.1,0.47,1.275
0.4,2,9,10,1,1,1.07,1.57,1.26875
10.1,3,10,10,1,1,1.42,0.36,1.2725
0.5,4,10,10,1,1,0.45,0.62,1.2679166666666666
33.4,1,11,10,1,1,0.51,1.9,1.255
21.6,5,11,10,1,1,1.59,0.26,1.3033333333333335
-1.3,4,11,10,1,1,1.42,0.72,1.28625
17.7,2,12,10,1,1,0.31,1.77,1.2325
24.8,1,12,10,1,1,0.48,0.91,1.2379166666666666
5.9,2,12,10,1,1,1.04,1.22,1.2408333333333335
-9.3,3,13,10,1,1,1.29,1.64,1.18375
18.5,4,13,10,1,1,0.27,1.06,1.1920833333333334
7.3,3,13,10,1,1,1.26,1.79,1.1454166666666665
19.2,3,13,10,1,1,0.67,0.71,1.1858333333333333
-7.4,5,14,10,1,1,1.68,1.89,1.1824999999999999
34.8,1,15,10,1,1,1.81,1.17,1.1741666666666666
6.7,3,17,10,1,1,0.97,1.38,1.18625
21.8,3,18,10,1,1,1.67,1.67,1.16375
21.1,4,19,10,1,1,1.13,1.9,1.11375
34.3,3,21,10,1,1,0.7,1.93,1.1133333333333333
19.6,2,21,10,1,1,1.92,0.67,1.115
13.1,5,21,10,1,1,0.71,1.63,1.1058333333333332
23.6,2,22,10,1,1,1.41,1.66,1.0958333333333332
27.0,1,23,10,1,1,1.42,1.1,1.1041666666666667
13.9,1,23,10,1,1,1.3,1.07,1.1395833333333334
27.3,5,23,10,1,1,1.92,1.42,1.0966666666666665
22.2,5,0,11,1,2,0.39,0.45,1.1408333333333334
10.7,5,0,11,1,2,1.51,0.51,1.18875
-3.8,3,1,11,1,2,1.66,1.59,1.1900000000000002
35.1,1,1,11,1,2,1.62,1.42,1.1979166666666667
28.3,1,1,11,1,2,1.61,0.31,1.2025
19.8,4,2,11,1,2,0.42,0.48,1.2558333333333334
33.8,1,3,11,1,2,1.76,1.04,1.28125
19.5,5,4,11,1,2,1.65,1.29,1.2891666666666666
-4.5,5,4,11,1,2,1.48,0.27,1.3270833333333332
-4.0,1,5,11,1,2,1.18,1.26,1.3275
13.6,4,5,11,1,2,1.27,0.67,1.3191666666666666
11.5,3,5,11,1,2,0.47,1.68,1.3258333333333334
9.9,1,7,11,1,2,1.84,1.81,1.3108333333333333
10.3,4,8,11,1,2,1.45,0.97,1.3366666666666667
27.2,3,10,11,1,2,1.59,1.67,1.3070833333333334
-5.5,3,10,11,1,2,0.96,1.13,1.2829166666666667
3.5,5,11,11,1,2,0.55,0.7,1.3283333333333334
-2.6,4,13,11,1,2,1.79,1.92,1.31125
-0.4,4,13,11,1,2,1.51,0.71,1.3145833333333334
35.0,3,13,11,1,2,0.79,1.41,1.2925
21.3,4,14,11,1,2,0.88,1.42,1.2479166666666668
10.4,4,16,11,1,2,0.35,1.3,1.25125
8.0,5,16,11,1,2,1.38,1.92,1.2083333333333333
-9.3,1,16,11,1,2,0.89,0.39,1.2729166666666667
10.7,3,17,11,1,2,1.94,1.51,1.2704166666666665
5.4,2,18,11,1,2,1.45,1.66,1.2370833333333333
25.1,2,18,11,1,2,0.86,1.62,1.2116666666666667
11.6,2,18,11,1,2,1.01,1.61,1.1670833333333333
16.3,5,19,11,1,2,0.54,0.42,1.1891666666666667
28.0,3,20,11,1,2,0.95,1.76,1.1333333333333333
-5.8,5,20,11,1,2,0.42,1.65,1.11625
-3.7,4,21,11,1,2,1.24,1.48,1.1183333333333334
22.7,2,21,11,1,2,1.53,1.18,1.13125
9.8,5,21,11,1,2,1.49,1.27,1.13375
9.2,2,22,11,1,2,1.33,0.47,1.1433333333333333
21.3,4,23,11,1,2,0.7,1.84,1.1129166666666668
-1.6,4,0,12,1,3,1.11,1.45,1.08625
10.8,1,2,12,1,3,0.81,1.59,1.0829166666666665
9.7,2,2,12,1,3,1.51,0.96,1.1058333333333332
32.6,3,3,12,1,3,1.51,0.55,1.1441666666666666
39.6,2,3,12,1,3,1.47,1.79,1.08625
-8.7,5,4,12,1,3,0.4,1.51,1.0929166666666668
-3.6,3,5,12,1,3,1.67,0.79,1.1375
-8.4,2,6,12,1,3,1.86,0.88,1.1279166666666667
4.3,3,6,12,1,3,0.65,0.35,1.1275
31.6,2,6,12,1,3,0.34,1.38,1.1420833333333333
20.5,5,7,12,1,3,1.73,0.89,1.135
32.5,4,7,12,1,3,0.72,1.94,1.1300000000000001
33.9,1,7,12,1,3,1.82,1.45,1.1216666666666668
23.4,4,8,12,1,3,1.25,0.86,1.1649999999999998
5.5,5,9,12,1,3,1.9,1.01,1.1816666666666666
3.2,2,10,12,1,3,1.41,0.54,1.2370833333333333
5.0,4,10,12,1,3,1.87,0.95,1.2566666666666666
31.4,3,13,12,1,3,1.42,0.42,1.26125
-0.2,1,14,12,1,3,0.53,1.24,1.2833333333333334
39.5,3,15,12,1,3,1.77,1.53,1.2354166666666668
9.5,5,17,12,1,3,0.38,1.49,1.1875
-0.4,1,19,12,1,3,0.34,1.33,1.17625
13.3,4,20,12,1,3,1.06,0.7,1.16625
39.3,4,22,12,1,3,0.46,1.11,1.19375
-0.6,1,23,12,1,3,1.77,0.81,1.2179166666666668
2.9,3,0,13,1,4,1.39,1.51,1.1966666666666668
-2.3,3,0,13,1,4,1.0,1.51,1.1745833333333333
20.2,2,1,13,1,4,0.98,1.47,1.1404166666666666
20.8,2,1,13,1,4,0.65,0.4,1.1733333333333333
-0.8,1,2,13,1,4,1.19,1.67,1.1325
19.9,5,2,13,1,4,0.69,1.86,1.1370833333333334
15.6,2,5,13,1,4,1.97,0.65,1.16625
-8.0,5,6,13,1,4,1.35,0.34,1.2079166666666665
31.4,4,6,13,1,4,1.34,1.73,1.2008333333333334
-2.1,4,8,13,1,4,1.56,0.72,1.19125
21.3,4,9,13,1,4,0.49,1.82,1.1329166666666668
25.2,2,10,13,1,4,0.42,1.25,1.14375
27.7,3,10,13,1,4,1.51,1.9,1.1154166666666667
27.9,5,11,13,1,4,1.22,1.41,1.0766666666666667
20.6,1,11,13,1,4,0.48,1.87,1.0654166666666667
19.4,5,14,13,1,4,1.6,1.42,1.0566666666666666
-0.9,1,14,13,1,4,1.21,0.53,1.0570833333333334
-5.8,4,16,13,1,4,0.54,1.77,1.0341666666666667
39.5,1,17,13,1,4,1.22,0.38,1.0370833333333331
36.8,2,17,13,1,4,0.45,0.34,1.0333333333333332
32.6,2,17,13,1,4,0.25,1.06,1.0525
-1.3,1,20,13,1,4,1.52,0.46,1.0704166666666666
28.9,2,20,13,1,4,0.89,1.77,1.0258333333333334
5.2,5,21,13,1,4,0.7,1.39,1.0033333333333332
10.0,3,23,13,1,4,0.85,1.0,0.9754166666666667
29.4,1,0,14,1,5,0.33,0.98,0.9479166666666666
14.1,5,2,14,1,5,0.32,0.65,0.94
30.0,4,3,14,1,5,0.46,1.19,0.9095833333333333
33.5,1,3,14,1,5,0.46,0.69,0.9208333333333334
10.0,3,3,14,1,5,0.96,1.97,0.9083333333333332
18.6,3,3,14,1,5,1.67,1.35,0.9325
-3.9,2,4,14,1,5,1.93,1.34,0.9070833333333334
3.8,3,5,14,1,5,0.73,1.56,0.8745833333333333
-0.4,4,5,14,1,5,0.78,0.49,0.90625
35.7,4,7,14,1,5,1.25,0.42,0.9179166666666666
27.3,3,8,14,1,5,0.7,1.51,0.9095833333333334
23.6,1,8,14,1,5,1.31,1.22,0.9283333333333333
-4.9,4,9,14,1,5,1.67,0.48,0.9525
21.3,1,9,14,1,5,1.06,1.6,0.9079166666666666
23.4,4,9,14,1,5,0.53,1.21,0.9358333333333332
14.5,5,10,14,1,5,1.88,0.54,0.9608333333333333
16.8,2,11,14,1,5,1.14,1.22,0.9304166666666668
23.7,5,12,14,1,5,0.49,0.45,0.9891666666666667
24.3,1,12,14,1,5,1.86,0.25,1.0041666666666667
20.8,3,13,14,1,5,0.61,1.52,0.9887499999999999
-4.4,5,13,14,1,5,1.15,0.89,0.9795833333333334
12.5,1,14,14,1,5,0.67,0.7,1.0199999999999998
7.2,1,14,14,1,5,1.67,0.85,1.0191666666666668
-0.3,2,19,14,1,5,0.83,0.33,1.0254166666666666
28.8,3,19,14,1,5,0.48,0.32,1.0558333333333332
11.0,5,21,14,1,5,1.05,0.46,1.0570833333333334
7.4,4,22,14,1,5,0.49,0.46,1.1195833333333334
32.5,5,22,14,1,5,1.96,0.96,1.1141666666666665
39.9,5,23,14,1,5,0.83,1.67,1.0754166666666667
6.6,3,1,15,1,6,0.74,1.93,1.0558333333333334
18.9,5,2,15,1,6,1.46,0.73,1.1041666666666667
37.5,2,2,15,1,6,1.89,0.78,1.0887499999999999
34.1,4,2,15,1,6,0.41,1.25,1.1112499999999998
26.1,2,2,15,1,6,1.79,0.7,1.1470833333333335
25.6,1,2,15,1,6,1.56,1.31,1.1570833333333332
37.2,2,3,15,1,6,1.55,1.67,1.105
1.1,3,3,15,1,6,0.42,1.06,1.1404166666666666
-5.2,2,3,15,1,6,1.91,0.53,1.12875
14.4,5,5,15,1,6,0.25,1.88,1.0620833333333335
8.7,1,7,15,1,6,0.28,1.14,1.0491666666666666
32.6,4,9,15,1,6,0.83,0.49,1.10625
17.8,5,9,15,1,6,1.86,1.86,1.0995833333333334
5.2,3,9,15,1,6,1.7,0.61,1.1566666666666665
-8.7,5,11,15,1,6,1.98,1.15,1.1729166666666668
-9.3,4,13,15,1,6,1.54,0.67,1.1833333333333333
17.2,5,13,15,1,6,0.92,1.67,1.1583333333333334
37.4,3,13,15,1,6,1.07,0.83,1.1429166666666666
37.3,1,13,15,1,6,0.46,0.48,1.14375
25.2,2,14,15,1,6,0.5,1.05,1.1783333333333332
12.3,4,14,15,1,6,1.88,0.49,1.2325
4.9,5,16,15,1,6,1.79,1.96,1.2258333333333333
2.0,2,16,15,1,6,1.8,0.83,1.2104166666666667
5.5,4,16,15,1,6,0.46,0.74,1.2375
-5.7,3,18,15,1,6,1.39,1.46,1.205
8.9,5,18,15,1,6,0.68,1.89,1.17125
-7.1,4,18,15,1,6,1.08,0.41,1.17125
30.1,4,19,15,1,6,0.41,1.79,1.1133333333333335
5.1,3,21,15,1,6,0.4,1.56,1.0745833333333332
-8.9,2,21,15,1,6,0.63,1.55,1.07625
26.2,1,21,15,1,6,1.59,0.42,1.1133333333333333
15.6,3,22,15,1,6,1.31,1.91,1.0604166666666666
17.4,2,23,15,1,6,0.64,0.25,1.095
-5.6,5,23,15,1,6,1.08,0.28,1.155
26.7,5,0,16,1,0,1.72,0.83,1.1341666666666668
4.4,4,0,16,1,0,0.33,1.86,1.1004166666666666
11.8,2,0,16,1,0,1.05,1.7,1.0479166666666666
4.0,2,1,16,1,0,0.44,1.98,1.0075
9.2,4,3,16,1,0,1.01,1.54,0.9520833333333333
39.7,5,4,16,1,0,0.21,0.92,0.9700000000000001
15.5,1,4,16,1,0,1.35,1.07,0.9725
-8.8,2,5,16,1,0,1.13,0.46,0.9916666666666667
37.1,1,5,16,1,0,0.92,0.5,1.01875
10.6,1,5,16,1,0,1.15,1.88,0.96875
28.2,5,7,16,1,0,0.68,1.79,0.9216666666666667
14.9,1,7,16,1,0,0.66,1.8,0.9125000000000001
12.4,2,8,16,1,0,1.58,0.46,0.9329166666666667
8.9,2,9,16,1,0,0.95,1.39,0.9183333333333333
32.5,4,10,16,1,0,1.04,0.68,0.9683333333333333
-6.6,3,11,16,1,0,1.88,1.08,1.00625
19.4,4,12,16,1,0,1.99,0.41,1.0650000000000002
-7.3,5,13,16,1,0,1.82,0.4,1.1083333333333332
27.6,4,13,16,1,0,1.44,0.63,1.1491666666666667
-5.9,2,14,16,1,0,1.61,1.59,1.1558333333333335
30.2,5,14,16,1,0,1.75,1.31,1.1341666666666668
15.3,4,15,16,1,0,0.79,0.64,1.1895833333333334
10.1,1,16,16,1,0,1.97,1.08,1.1829166666666666
-1.5,3,20,16,1,0,0.92,1.72,1.1783333333333335
-6.9,4,1,17,1,1,1.61,0.33,1.2474999999999998
-8.9,1,2,17,1,1,1.99,1.05,1.225
29.4,3,8,17,1,1,0.51,0.44,1.2545833333333334
19.1,1,8,17,1,1,1.15,1.01,1.28375
35.1,4,8,17,1,1,1.71,0.21,1.3483333333333334
-7.4,1,9,17,1,1,1.76,1.35,1.3499999999999999
-9.2,5,11,17,1,1,1.39,1.13,1.3554166666666667
16.7,1,12,17,1,1,1.26,0.92,1.3320833333333333
6.6,4,12,17,1,1,0.36,1.15,1.34875
13.3,1,13,17,1,1,1.55,0.68,1.3579166666666669
36.1,1,13,17,1,1,0.9,0.66,1.3570833333333334
34.8,3,13,17,1,1,0.64,1.58,1.3412499999999998
9.8,5,14,17,1,1,1.2,0.95,1.3216666666666665
4.8,5,14,17,1,1,0.48,1.04,1.3266666666666667
30.4,5,15,17,1,1,1.16,1.88,1.29875
0.2,4,16,17,1,1,1.21,1.99,1.2241666666666666
38.3,3,16,17,1,1,0.2,1.82,1.1849999999999998
34.3,5,18,17,1,1,0.88,1.44,1.1858333333333333
17.8,2,18,17,1,1,1.46,1.61,1.1491666666666667
35.8,3,19,17,1,1,0.73,1.75,1.1575
5.0,5,19,17,1,1,1.95,0.79,1.1429166666666666
4.9,5,21,17,1,1,0.44,1.97,1.1279166666666667
28.0,3,22,17,1,1,1.61,0.92,1.10375
14.0,3,22,17,1,1,0.34,1.61,1.11625
-8.8,5,22,17,1,1,1.91,1.99,1.10375
6.9,3,22,17,1,1,1.69,0.51,1.1370833333333332
-9.9,2,23,17,1,1,1.31,1.15,1.1141666666666667
18.1,5,23,17,1,1,0.6,1.71,1.10125
-1.5,1,23,17,1,1,1.4,1.76,1.0512499999999998
7.1,5,0,18,1,2,0.56,1.39,1.0133333333333334
-6.8,4,0,18,1,2,0.48,1.26,0.9991666666666666
-7.6,4,2,18,1,2,0.92,0.36,1.01875
10.9,2,2,18,1,2,0.83,1.55,1.0141666666666667
6.8,3,2,18,1,2,1.44,0.9,1.055
37.5,3,3,18,1,2,1.88,0.64,1.05
-2.9,3,4,18,1,2,0.52,1.2,1.0391666666666668
-9.5,5,5,18,1,2,0.94,0.48,1.0508333333333333
22.1,1,7,18,1,2,0.76,1.16,1.0658333333333334
12.0,1,7,18,1,2,1.52,1.21,1.0645833333333334
5.6,2,8,18,1,2,1.18,0.2,1.0920833333333333
26.2,4,9,18,1,2,0.86,0.88,1.1179166666666667
17.1,2,9,18,1,2,1.5,1.46,1.0975
-1.5,3,10,18,1,2,0.97,0.73,1.11625
31.6,5,12,18,1,2,1.18,1.95,1.0999999999999999
-8.0,4,12,18,1,2,1.56,0.44,1.1616666666666666
14.0,3,14,18,1,2,1.92,1.61,1.12125
24.7,2,16,18,1,2,0.64,0.34,1.1175
25.6,1,17,18,1,2,0.25,1.91,1.0591666666666666
28.5,5,17,18,1,2,0.51,1.69,1.0579166666666666
8.7,4,17,18,1,2,1.66,1.31,1.08625
8.4,3,18,18,1,2,1.99,0.6,1.0783333333333334
24.8,3,20,18,1,2,0.41,1.4,1.0958333333333334
39.3,4,20,18,1,2,1.82,0.56,1.0983333333333334
25.1,4,20,18,1,2,0.62,0.48,1.1225
25.2,4,20,18,1,2,1.06,0.92,1.135
15.9,5,21,18,1,2,1.22,0.83,1.1333333333333333
36.3,4,22,18,1,2,0.79,1.44,1.1079166666666667
-3.9,2,23,18,1,2,0.83,1.88,1.0883333333333334
31.4,4,23,18,1,2,1.41,0.52,1.1079166666666667
30.2,1,0,19,1,3,0.99,0.94,1.1491666666666667
11.1,1,1,19,1,3,1.93,0.76,1.1633333333333333
-3.4,4,2,19,1,3,1.1,1.52,1.1691666666666667
24.9,4,2,19,1,3,1.66,1.18,1.1754166666666666
26.7,2,3,19,1,3,1.33,0.86,1.2020833333333332
24.0,5,4,19,1,3,1.5,1.5,1.1920833333333334
39.4,3,4,19,1,3,1.26,0.97,1.1704166666666667
23.8,3,5,19,1,3,0.45,1.18,1.1920833333333334
0.2,4,5,19,1,3,1.7,1.56,1.1679166666666665
3.7,5,6,19,1,3,0.98,1.92,1.1279166666666667
-1.2,5,6,19,1,3,0.96,0.64,1.1533333333333333
20.0,2,8,19,1,3,1.25,0.25,1.2120833333333334
21.9,1,9,19,1,3,1.66,0.51,1.23
-8.1,5,10,19,1,3,0.94,1.66,1.2416666666666667
3.6,4,10,19,1,3,1.94,1.99,1.24125
29.0,2,11,19,1,3,1.98,0.41,1.2520833333333332
39.5,1,12,19,1,3,0.67,1.82,1.2170833333333333
13.1,1,14,19,1,3,0.98,0.62,1.205
36.6,5,15,19,1,3,0.33,1.06,1.2366666666666666
38.3,2,16,19,1,3,1.82,1.22,1.1995833333333332
37.5,3,17,19,1,3,0.33,0.79,1.1779166666666667
2.6,5,18,19,1,3,0.27,0.83,1.1558333333333333
39.6,3,19,19,1,3,0.3,1.41,1.1320833333333333
33.3,2,21,19,1,3,0.84,0.99,1.1708333333333334
24.7,5,21,19,1,3,1.92,1.93,1.1545833333333333
9.6,1,21,19,1,3,1.54,1.1,1.1254166666666665
9.8,3,22,19,1,3,0.4,1.66,1.1091666666666666
5.4,2,23,19,1,3,1.27,1.33,1.0733333333333335
1.9,4,0,20,1,4,0.47,1.5,1.0595833333333333
6.5,4,1,20,1,4,1.17,1.26,1.0275
36.2,4,1,20,1,4,0.49,0.45,1.0554166666666667
36.1,5,2,20,1,4,1.12,1.7,1.0270833333333333
14.0,1,3,20,1,4,1.02,0.98,1.0329166666666667
33.7,5,3,20,1,4,1.12,0.96,1.0675000000000001
-4.4,4,4,20,1,4,1.79,1.25,1.0725
6.3,4,4,20,1,4,1.37,1.66,1.0183333333333333
22.6,5,5,20,1,4,0.36,0.94,1.0145833333333334
18.0,3,5,20,1,4,0.85,1.94,0.96875
-8.0,1,6,20,1,4,0.84,1.98,0.9270833333333334
27.0,3,7,20,1,4,0.98,0.67,0.95125
31.6,4,7,20,1,4,1.25,0.98,0.9816666666666668
-4.9,4,7,20,1,4,1.71,0.33,1.00875
1.0,2,10,20,1,4,0.98,1.82,0.9858333333333333
14.7,2,10,20,1,4,1.27,0.33,1.02625
6.2,3,10,20,1,4,1.3,0.27,1.0945833333333335
18.2,2,12,20,1,4,1.91,0.3,1.1191666666666666
14.5,1,14,20,1,4,0.89,0.84,1.1345833333333333
26.2,5,14,20,1,4,1.21,1.92,1.1199999999999999
23.5,4,14,20,1,4,1.57,1.54,1.0804166666666666
26.5,3,16,20,1,4,0.59,0.4,1.0850000000000002
10.3,4,17,20,1,4,0.51,1.27,1.0579166666666666
-8.3,3,17,20,1,4,0.62,0.47,1.0654166666666667
3.4,1,18,20,1,4,0.65,1.17,1.0983333333333334
25.0,5,20,20,1,4,1.96,0.49,1.14125
13.2,5,22,20,1,4,1.52,1.12,1.1308333333333334
32.2,1,22,20,1,4,0.87,1.02,1.1491666666666667
6.3,5,22,20,1,4,1.46,1.12,1.1320833333333333
8.3,3,23,20,1,4,0.71,1.79,1.0779166666666666
17.1,1,2,21,1,5,0.49,1.37,1.0654166666666667
-6.6,5,2,21,1,5,1.07,0.36,1.0870833333333334
-0.9,3,2,21,1,5,0.88,0.85,1.1266666666666667
7.8,5,4,21,1,5,1.8,0.84,1.14625
7.1,1,4,21,1,5,1.31,0.98,1.1429166666666666
15.1,4,5,21,1,5,0.9,1.25,1.0991666666666666
0.3,4,5,21,1,5,0.2,1.71,1.05375
31.5,1,6,21,1,5,0.62,0.98,1.07875
12.7,1,6,21,1,5,1.58,1.27,1.0391666666666666
21.6,5,6,21,1,5,0.32,1.3,1.0258333333333332
13.7,3,9,21,1,5,0.98,1.91,1.00625
14.5,2,9,21,1,5,1.44,0.89,0.9879166666666667
-1.7,1,10,21,1,5,0.45,1.21,1.01875
37.1,4,11,21,1,5,1.95,1.57,1.0170833333333333
32.1,3,11,21,1,5,1.53,0.59,1.0633333333333332
10.6,4,12,21,1,5,1.7,0.51,1.0595833333333333
19.7,5,12,21,1,5,0.42,0.62,1.1025
-4.9,4,13,21,1,5,1.65,0.65,1.115
39.8,3,15,21,1,5,0.95,1.96,1.0954166666666667
32.8,1,16,21,1,5,1.49,1.52,1.0904166666666666
39.4,5,17,21,1,5,1.4,0.87,1.11125
16.0,3,17,21,1,5,1.37,1.46,1.0962500000000002
11.2,1,18,21,1,5,1.1,0.71,1.0883333333333334
4.6,1,20,21,1,5,0.52,0.49,1.1441666666666668
17.0,5,20,21,1,5,1.83,1.07,1.1545833333333333
1.6,1,23,21,1,5,1.32,0.88,1.1833333333333333
32.6,5,23,21,1,5,1.57,1.8,1.1529166666666668
24.1,4,3,22,1,6,1.07,1.31,1.14875
27.0,5,4,22,1,6,1.21,0.9,1.1925000000000001
3.5,2,4,22,1,6,1.95,0.2,1.25
-2.2,5,5,22,1,6,1.58,0.62,1.2633333333333334
-7.4,2,6,22,1,6,0.94,1.58,1.2441666666666666
9.4,2,7,22,1,6,1.12,0.32,1.2608333333333335
32.9,5,8,22,1,6,0.72,0.98,1.2333333333333334
21.8,2,8,22,1,6,0.32,1.44,1.19875
7.8,5,9,22,1,6,0.61,0.45,1.2195833333333332
-10.0,5,11,22,1,6,0.95,1.95,1.2158333333333333
8.9,1,12,22,1,6,1.86,1.53,1.1675
33.4,5,12,22,1,6,0.37,1.7,1.1141666666666667
-0.3,1,12,22,1,6,0.42,0.42,1.1154166666666667
14.7,3,13,22,1,6,0.45,1.65,1.07
14.3,1,15,22,1,6,0.56,0.95,1.1095833333333334
32.3,1,15,22,1,6,1.9,1.49,1.0620833333333333
33.8,3,16,22,1,6,0.35,1.4,1.0533333333333335
9.1,3,16,22,1,6,1.19,1.37,1.06
17.5,5,17,22,1,6,1.53,1.1,1.0925
17.4,3,19,22,1,6,1.88,0.52,1.1304166666666666
-3.8,3,20,22,1,6,1.43,1.83,1.1166666666666667
39.4,4,0,23,1,0,1.5,1.32,1.08125
8.0,1,1,23,1,0,0.47,1.57,1.0854166666666667
26.0,2,2,23,1,0,1.67,1.07,1.0708333333333333
-9.4,4,3,23,1,0,0.72,1.21,1.0558333333333334
30.4,2,3,23,1,0,0.85,1.95,1.0525
-7.4,3,3,23,1,0,1.87,1.58,0.9975
-0.7,2,3,23,1,0,0.26,0.94,1.0020833333333334
-3.3,3,4,23,1,0,1.05,1.12,0.9966666666666666
17.1,2,4,23,1,0,0.99,0.72,1.03125
35.4,1,4,23,1,0,1.55,0.32,1.0954166666666667
27.0,5,5,23,1,0,1.86,0.61,1.1120833333333333
-1.1,5,6,23,1,0,1.01,0.95,1.0987500000000001
23.1,2,6,23,1,0,0.63,1.86,1.06375
-3.3,3,7,23,1,0,1.02,0.37,1.0725
-7.4,2,10,23,1,0,0.58,0.42,1.06625
34.7,5,12,23,1,0,0.27,0.45,1.1033333333333333
5.2,3,12,23,1,0,1.34,0.56,1.16
19.6,1,13,23,1,0,1.92,1.9,1.09625
33.0,3,13,23,1,0,0.37,0.35,1.1545833333333333
15.4,3,14,23,1,0,1.75,1.19,1.1716666666666666
15.5,4,14,23,1,0,1.6,1.53,1.14375
4.7,3,15,23,1,0,0.86,1.88,1.0783333333333334
23.2,2,16,23,1,0,0.31,1.43,1.05875
37.9,5,17,23,1,0,0.96,1.5,1.0374999999999999
27.5,3,18,23,1,0,0.99,0.47,1.0562500000000001
25.4,5,18,23,1,0,0.92,1.67,1.0687499999999999
28.5,3,20,23,1,0,1.97,0.72,1.0770833333333334
35.5,5,22,23,1,0,0.92,0.85,1.0708333333333333
9.0,5,23,23,1,0,0.7,1.87,1.0291666666666668
3.1,3,23,23,1,0,0.87,0.26,1.05375
0.6,2,0,24,1,1,0.85,1.05,1.0399999999999998
2.0,4,1,24,1,1,0.72,0.99,1.0658333333333334
16.8,3,1,24,1,1,1.61,1.55,1.0554166666666667
-7.2,4,3,24,1,1,1.3,1.86,1.02875
17.1,1,4,24,1,1,1.22,1.01,1.0641666666666667
-9.0,5,4,24,1,1,1.86,0.63,1.1154166666666667
15.8,3,5,24,1,1,1.86,1.02,1.1383333333333334
27.9,3,6,24,1,1,1.57,0.58,1.1783333333333332
39.6,4,6,24,1,1,1.54,0.27,1.2054166666666666
-2.2,1,6,24,1,1,0.92,1.34,1.1604166666666667
12.0,3,7,24,1,1,0.26,1.92,1.0958333333333334
0.8,4,9,24,1,1,0.37,0.37,1.115
-4.7,4,9,24,1,1,0.83,1.75,1.1058333333333332
15.4,5,11,24,1,1,1.53,1.6,1.0904166666666666
32.6,3,14,24,1,1,1.23,0.86,1.1245833333333333
31.9,3,15,24,1,1,1.68,0.31,1.1329166666666668
-3.4,5,16,24,1,1,0.51,0.96,1.1716666666666666
14.6,1,16,24,1,1,1.89,0.99,1.1816666666666666
10.7,4,17,24,1,1,1.23,0.92,1.1695833333333334
-4.0,3,18,24,1,1,0.63,1.97,1.1466666666666667
23.2,5,18,24,1,1,1.42,0.92,1.1791666666666665
12.0,5,18,24,1,1,1.7,0.7,1.2104166666666667
7.5,3,20,24,1,1,1.45,0.87,1.2091666666666667
34.5,1,20,24,1,1,0.84,0.85,1.1958333333333333
33.5,5,20,24,1,1,0.53,0.72,1.1925000000000001
35.2,1,22,24,1,1,0.64,1.61,1.1766666666666665
35.7,1,22,24,1,1,1.23,1.3,1.1566666666666667
7.9,4,22,24,1,1,0.82,1.22,1.18125
25.5,1,22,24,1,1,1.81,1.86,1.14125
-4.2,3,0,25,1,2,0.9,1.86,1.1145833333333333
15.4,5,2,25,1,2,1.22,1.57,1.1254166666666667
18.9,4,4,25,1,2,1.83,1.54,1.09
29.2,1,5,25,1,2,0.69,0.92,1.09875
38.9,4,6,25,1,2,1.13,0.26,1.0970833333333334
28.0,2,7,25,1,2,0.22,0.37,1.1058333333333332
23.5,3,7,25,1,2,0.58,0.83,1.15
0.7,3,8,25,1,2,1.89,1.53,1.155
20.5,2,8,25,1,2,1.65,1.23,1.155
12.7,5,10,25,1,2,1.23,1.68,1.1220833333333333
17.4,3,10,25,1,2,0.89,0.51,1.1383333333333334
9.4,1,11,25,1,2,0.9,1.89,1.1175
11.6,3,11,25,1,2,1.39,1.23,1.1125
-3.7,1,12,25,1,2,1.11,0.63,1.1325
9.9,4,12,25,1,2,1.11,1.42,1.1304166666666668
35.2,1,17,25,1,2,1.37,1.7,1.1129166666666668
14.4,1,17,25,1,2,1.28,1.45,1.1283333333333332
37.1,1,18,25,1,2,1.82,0.84,1.1658333333333333
35.4,1,19,25,1,2,1.74,0.53,1.1645833333333335
23.2,5,20,25,1,2,0.5,0.64,1.21125
-9.5,2,20,25,1,2,1.76,1.23,1.1833333333333333
13.2,4,22,25,1,2,0.56,0.82,1.1716666666666666
14.0,3,23,25,1,2,0.54,1.81,1.1108333333333333
6.1,1,23,25,1,2,0.35,0.9,1.1029166666666665
-9.1,4,23,25,1,2,0.71,1.22,1.1312499999999999
-2.6,2,0,26,1,3,1.9,1.83,1.1029166666666665
9.8,2,1,26,1,3,1.15,0.69,1.1516666666666666
2.0,2,1,26,1,3,1.86,1.13,1.1383333333333332
30.0,1,2,26,1,3,0.81,0.22,1.15625
35.4,4,3,26,1,3,0.65,0.58,1.1625
19.7,5,3,26,1,3,0.73,1.89,1.10625
18.1,4,5,26,1,3,0.54,1.65,1.1095833333333334
17.3,1,6,26,1,3,1.73,1.23,1.1400000000000001
24.9,3,7,26,1,3,1.96,0.89,1.17375
20.7,4,7,26,1,3,1.7,0.9,1.1537499999999998
34.9,3,9,26,1,3,0.42,1.39,1.1191666666666669
10.6,1,11,26,1,3,0.56,1.11,1.0895833333333333
24.7,3,12,26,1,3,0.4,1.11,1.0525
22.2,3,12,26,1,3,0.22,1.37,1.07375
3.6,5,12,26,1,3,1.88,1.28,1.0870833333333334
-5.0,1,12,26,1,3,1.6,1.82,1.0933333333333335
-3.7,1,13,26,1,3,1.97,1.74,1.0487499999999998
1.0,4,15,26,1,3,0.67,0.5,1.0875
36.4,2,20,26,1,3,1.43,1.76,1.0645833333333334
15.2,3,22,26,1,3,1.21,0.56,1.085
16.0,5,23,26,1,3,1.05,0.54,1.08625
15.2,2,23,26,1,3,0.57,0.35,1.1525
11.4,4,0,27,1,4,1.94,0.71,1.1575
35.9,2,1,27,1,4,0.83,1.9,1.1429166666666668
2.4,1,1,27,1,4,1.55,1.15,1.1570833333333332
33.1,3,1,27,1,4,1.49,1.86,1.1191666666666666
2.6,5,2,27,1,4,0.95,0.81,1.1429166666666666
-9.9,4,3,27,1,4,1.38,0.65,1.18
5.7,5,3,27,1,4,1.54,0.73,1.1649999999999998
-1.1,5,3,27,1,4,0.37,0.54,1.2245833333333334
1.8,2,6,27,1,4,1.97,1.73,1.2
20.3,4,6,27,1,4,1.14,1.96,1.17125
0.4,5,9,27,1,4,1.27,1.7,1.17125
31.2,3,11,27,1,4,1.7,0.42,1.1779166666666667
2.3,5,11,27,1,4,0.58,0.56,1.1766666666666665
14.0,1,13,27,1,4,0.53,0.4,1.19
34.2,2,13,27,1,4,0.72,0.22,1.23875
18.0,3,13,27,1,4,1.39,1.88,1.2049999999999998
-5.4,1,13,27,1,4,1.07,1.6,1.1883333333333332
31.5,3,13,27,1,4,1.2,1.97,1.1595833333333332
8.5,2,20,27,1,4,1.28,0.67,1.2041666666666666
24.4,4,20,27,1,4,1.74,1.43,1.2195833333333332
-1.7,5,21,27,1,4,1.8,1.21,1.1945833333333333
0.4,3,21,27,1,4,0.61,1.05,1.1854166666666666
7.8,3,22,27,1,4,0.83,0.57,1.21875
29.3,2,23,27,1,4,1.37,1.94,1.2083333333333333
36.5,5,23,27,1,4,1.69,0.83,1.2066666666666666
3.4,4,0,28,1,5,0.79,1.55,1.2020833333333332
27.7,5,1,28,1,5,1.44,1.49,1.1791666666666667
30.1,2,2,28,1,5,0.94,0.95,1.1758333333333333
34.3,3,2,28,1,5,0.87,1.38,1.2
4.8,4,4,28,1,5,1.96,1.54,1.2137499999999999
22.6,4,8,28,1,5,1.87,0.37,1.2783333333333333
4.9,1,8,28,1,5,1.92,1.97,1.2608333333333333
13.9,2,11,28,1,5,1.55,1.14,1.2904166666666665
26.2,2,11,28,1,5,1.85,1.27,1.2979166666666666
-3.0,4,11,28,1,5,1.45,1.7,1.2866666666666666
25.3,5,14,28,1,5,1.43,0.58,1.3304166666666666
-2.7,1,18,28,1,5,1.63,0.53,1.3325
19.9,1,21,28,1,5,0.58,0.72,1.37125
28.4,4,22,28,1,5,1.65,1.39,1.3329166666666665
25.2,1,23,28,1,5,0.47,1.07,1.3683333333333332
-2.7,2,23,28,1,5,1.92,1.2,1.3354166666666665
2.1,4,23,28,1,5,0.41,1.28,1.3491666666666668
10.8,3,0,29,1,6,1.61,1.74,1.335
36.2,1,0,29,1,6,1.4,1.8,1.3020833333333333
-3.5,2,3,29,1,6,1.01,0.61,1.2945833333333334
21.6,4,3,29,1,6,0.43,0.83,1.3370833333333332
-7.7,5,5,29,1,6,1.85,1.37,1.3612499999999998
-9.2,4,6,29,1,6,1.95,1.69,1.3033333333333335
33.3,5,6,29,1,6,0.3,0.79,1.2833333333333334
34.1,1,7,29,1,6,0.31,1.44,1.23375
36.8,5,10,29,1,6,0.25,0.94,1.2587499999999998
21.1,3,10,29,1,6,1.54,0.87,1.3020833333333333
21.1,1,11,29,1,6,1.91,1.96,1.2750000000000001
10.0,2,11,29,1,6,1.31,1.87,1.2666666666666666
33.1,5,11,29,1,6,1.67,1.92,1.2566666666666666
32.7,3,12,29,1,6,1.68,1.55,1.2683333333333333
38.9,3,12,29,1,6,1.83,1.85,1.2570833333333333
33.9,3,12,29,1,6,1.58,1.45,1.2133333333333334
0.4,5,12,29,1,6,0.4,1.43,1.1983333333333333
18.1,1,13,29,1,6,1.07,1.63,1.2083333333333333
11.4,3,14,29,1,6,1.87,0.58,1.1983333333333333
34.5,1,14,29,1,6,0.34,1.65,1.1745833333333333
33.0,5,14,29,1,6,1.08,0.47,1.19375
-8.3,5,14,29,1,6,0.93,1.92,1.1620833333333334
11.8,3,15,29,1,6,1.16,0.41,1.1995833333333332
38.1,4,15,29,1,6,1.31,1.61,1.1416666666666668
-2.8,3,15,29,1,6,0.22,1.4,1.1504166666666669
38.9,1,17,29,1,6,1.61,1.01,1.1458333333333333
27.1,4,17,29,1,6,0.9,0.43,1.1700000000000002
23.4,1,17,29,1,6,1.01,1.85,1.1120833333333333
8.6,1,18,29,1,6,0.46,1.95,1.0908333333333333
36.0,1,18,29,1,6,1.44,0.3,1.0966666666666667
32.2,1,18,29,1,6,0.44,0.31,1.0941666666666667
39.1,4,19,29,1,6,0.25,0.25,1.1095833333333334
-8.5,1,19,29,1,6,0.62,1.54,1.0925
7.8,2,20,29,1,6,1.13,1.91,1.0245833333333334
28.4,4,20,29,1,6,0.28,1.31,0.9983333333333334
38.1,5,21,29,1,6,0.68,1.67,0.9691666666666667
-5.3,1,22,29,1,6,0.97,1.68,0.9808333333333334
4.7,1,23,29,1,6,1.96,1.83,0.9587499999999999
27.9,2,0,30,1,0,1.3,1.58,0.9570833333333334
36.9,3,0,30,1,0,1.54,0.4,0.9974999999999999
-6.8,4,1,30,1,0,1.37,1.07,1.0191666666666668
23.1,2,1,30,1,0,1.59,1.87,0.9908333333333333
23.5,5,1,30,1,0,1.19,0.34,1.0554166666666667
-0.5,3,2,30,1,0,1.89,1.08,1.0758333333333334
19.2,5,3,30,1,0,1.57,0.93,1.06375
3.0,4,5,30,1,0,0.64,1.16,1.02875
3.4,1,5,30,1,0,0.32,1.31,0.9858333333333333
6.2,1,6,30,1,0,0.28,0.22,1.0108333333333333
16.1,1,7,30,1,0,0.82,1.61,0.9533333333333333
29.8,3,8,30,1,0,0.23,0.9,0.9879166666666667
33.4,1,8,30,1,0,1.73,1.01,1.01
36.5,2,8,30,1,0,1.54,0.46,1.0474999999999999
-1.3,4,9,30,1,0,1.36,1.44,1.0179166666666666
2.8,5,11,30,1,0,0.73,0.44,1.0574999999999999
2.0,5,12,30,1,0,1.39,0.25,1.0887499999999999
34.1,2,14,30,1,0,1.0,0.62,1.1166666666666665
-6.3,1,15,30,1,0,1.29,1.13,1.1370833333333332
34.0,2,16,30,1,0,1.62,0.28,1.1775
11.0,4,16,30,1,0,1.25,0.68,1.2308333333333332
9.3,5,18,30,1,0,1.96,0.97,1.2154166666666666
28.3,1,19,30,1,0,0.6,1.96,1.16625
39.2,1,20,30,1,0,0.78,1.3,1.1354166666666667
-6.6,1,20,30,1,0,0.56,1.54,1.0829166666666665
-7.5,2,22,30,1,0,0.28,1.37,1.0454166666666669
5.1,2,0,31,1,1,0.47,1.59,1.0158333333333334
13.1,2,0,31,1,1,0.88,1.19,1.015
28.7,4,1,31,1,1,1.17,1.89,0.9454166666666667
32.8,3,1,31,1,1,0.22,1.57,0.9058333333333333
29.9,4,2,31,1,1,0.62,0.64,0.9170833333333333
-7.0,2,3,31,1,1,0.91,0.32,0.9225
32.8,4,4,31,1,1,0.45,0.28,0.9325000000000001
-3.9,5,5,31,1,1,0.52,0.82,0.9575
26.3,4,5,31,1,1,1.42,0.23,0.9808333333333333
-7.0,3,8,31,1,1,0.79,1.73,0.9395833333333333
-2.9,2,9,31,1,1,0.74,1.54,0.9533333333333335
31.1,5,10,31,1,1,1.87,1.36,0.9220833333333335
22.3,3,10,31,1,1,0.61,0.73,0.9125000000000001
21.0,1,11,31,1,1,0.5,1.39,0.8691666666666666
-0.6,1,11,31,1,1,0.35,1.0,0.855
31.8,1,12,31,1,1,0.66,1.29,0.8216666666666668
31.1,2,13,31,1,1,0.49,1.62,0.7758333333333334
-5.0,2,13,31,1,1,0.52,1.25,0.7679166666666667
38.9,2,15,31,1,1,1.06,1.96,0.7000000000000001
-0.5,5,16,31,1,1,0.33,0.6,0.6845833333333334
36.9,1,16,31,1,1,0.23,0.78,0.7216666666666667
28.1,1,18,31,1,1,1.67,0.56,0.7349999999999999
-3.3,5,18,31,1,1,0.88,0.28,0.7854166666666668
35.9,3,20,31,1,1,1.49,0.47,0.7966666666666665
19.2,2,21,31,1,1,0.74,0.88,0.82
38.9,5,21,31,1,1,1.44,1.17,0.8475
0.9,3,23,31,1,1,1.83,0.22,0.8604166666666666
35.2,5,0,1,2,2,0.53,0.62,0.8725
39.5,2,0,1,2,2,0.91,0.91,0.8662500000000001
21.8,5,0,1,2,2,0.76,0.45,0.8645833333333334
-4.8,1,2,1,2,2,0.41,0.52,0.9083333333333333
20.8,3,2,1,2,2,1.57,1.42,0.9258333333333334
28.2,1,3,1,2,2,1.84,0.79,0.9466666666666668
8.6,5,4,1,2,2,1.29,0.74,0.9483333333333334
21.6,3,4,1,2,2,0.78,1.87,0.9058333333333333
29.8,4,6,1,2,2,0.85,0.61,0.8916666666666666
-1.3,3,6,1,2,2,0.27,0.5,0.8920833333333333
-2.8,5,7,1,2,2,0.51,0.35,0.9016666666666667
11.3,5,7,1,2,2,0.58,0.66,0.9108333333333335
23.2,3,7,1,2,2,0.88,0.49,0.9641666666666667
16.2,3,10,1,2,2,1.77,0.52,0.99625
29.6,4,11,1,2,2,1.29,1.06,0.9729166666666668
8.0,5,11,1,2,2,0.5,0.33,0.9700000000000001
24.6,2,11,1,2,2,0.26,0.23,1.0120833333333332
3.1,1,12,1,2,2,1.24,1.67,0.9675000000000001
-0.0,4,12,1,2,2,0.6,0.88,1.0008333333333335
13.3,1,12,1,2,2,1.68,1.49,0.9845833333333333
23.9,5,14,1,2,2,1.1,0.74,1.00375
1.0,5,14,1,2,2,1.2,1.44,0.9862500000000001
3.5,2,14,1,2,2,1.02,1.83,0.9370833333333334
29.3,1,15,1,2,2,0.65,0.53,0.9308333333333333
0.5,2,16,1,2,2,0.38,0.91,0.9166666666666666
1.7,1,16,1,2,2,0.57,0.76,0.9058333333333333
7.3,1,17,1,2,2,0.5,0.41,0.9366666666666665
24.7,5,19,1,2,2,1.15,1.57,0.8908333333333333
-9.9,3,21,1,2,2,0.47,1.84,0.8762499999999999
22.3,1,22,1,2,2,1.49,1.29,0.8729166666666667
32.2,2,22,1,2,2,1.21,0.78,0.8749999999999999
36.3,1,23,1,2,2,0.83,0.85,0.9116666666666666
32.4,1,0,2,2,3,1.73,0.27,0.9804166666666667
34.6,3,0,2,2,3,1.92,0.51,1.0083333333333333
23.8,2,1,2,2,3,1.18,0.58,1.0483333333333333
9.3,4,2,2,2,3,1.54,0.88,1.07375
-5.6,3,3,2,2,3,1.49,1.77,1.0779166666666666
13.6,1,4,2,2,3,1.87,1.29,1.0633333333333332
18.7,2,6,2,2,3,0.94,0.5,1.0645833333333334
-7.2,1,6,2,2,3,0.53,0.26,1.1320833333333333
2.5,2,9,2,2,3,1.88,1.24,1.1483333333333332
9.7,5,9,2,2,3,1.63,0.6,1.1991666666666665
25.1,4,10,2,2,3,1.82,1.68,1.1779166666666667
5.1,5,10,2,2,3,1.17,1.1,1.1495833333333334
-4.7,4,11,2,2,3,0.42,1.2,1.16625
8.1,5,11,2,2,3,1.6,1.02,1.20125
12.7,3,11,2,2,3,1.86,0.65,1.2325
22.1,2,12,2,2,3,1.4,0.38,1.2745833333333334
17.2,2,14,2,2,3,1.39,0.57,1.3241666666666667
7.5,2,14,2,2,3,1.76,0.5,1.325
9.6,2,14,2,2,3,0.52,1.15,1.3074999999999999
12.4,2,15,2,2,3,0.73,0.47,1.3441666666666665
28.3,2,15,2,2,3,1.35,1.49,1.32
-7.7,5,21,2,2,3,0.91,1.21,1.3008333333333333
24.4,5,23,2,2,3,0.75,0.83,1.34
12.3,4,23,2,2,3,1.77,1.73,1.3420833333333333
37.3,1,0,3,2,4,1.78,1.92,1.2941666666666667
1.8,3,1,3,2,4,0.77,1.18,1.3066666666666666
33.7,2,2,3,2,4,1.48,1.54,1.2675
-1.8,3,3,3,2,4,0.6,1.49,1.2741666666666667
-2.5,2,4,3,2,4,1.65,1.87,1.22625
-3.4,4,6,3,2,4,0.72,0.94,1.2166666666666666
-3.0,3,7,3,2,4,0.71,0.53,1.2162499999999998
30.3,3,7,3,2,4,0.52,1.88,1.1466666666666667
-3.8,5,8,3,2,4,0.21,1.63,1.0883333333333334
22.0,1,9,3,2,4,0.23,1.82,1.065
20.5,1,9,3,2,4,1.26,1.17,1.0695833333333333
37.5,4,9,3,2,4,1.28,0.42,1.11625
13.4,1,10,3,2,4,1.54,1.6,1.1241666666666668
16.6,2,11,3,2,4,1.79,1.86,1.1283333333333332
2.7,3,12,3,2,4,1.96,1.4,1.1354166666666667
35.3,4,12,3,2,4,1.57,1.39,1.1104166666666666
-0.8,4,14,3,2,4,0.79,1.76,1.08125
11.9,1,14,3,2,4,1.06,0.52,1.1104166666666666
22.7,4,14,3,2,4,1.22,0.73,1.1045833333333333
8.5,5,15,3,2,4,0.59,1.35,1.1070833333333334
-4.2,3,15,3,2,4,1.41,0.91,1.1391666666666667
8.0,3,16,3,2,4,1.68,0.75,1.1733333333333333
-3.3,4,17,3,2,4,1.57,1.77,1.1545833333333333
3.2,2,19,3,2,4,1.32,1.78,1.1108333333333333
6.5,1,21,3,2,4,0.73,0.77,1.1029166666666665
-9.6,1,21,3,2,4,0.58,1.48,1.05375
17.6,2,23,3,2,4,0.3,0.6,1.0945833333333332
12.9,3,23,3,2,4,1.58,1.65,1.0495833333333333
36.4,4,23,3,2,4,0.57,0.72,1.0625
27.3,1,0,4,2,5,1.03,0.71,1.0641666666666667
15.4,2,0,4,2,5,0.75,0.52,1.12125
-2.1,3,1,4,2,5,1.89,0.21,1.13875
17.4,4,1,4,2,5,0.63,0.23,1.1554166666666668
-3.6,4,2,4,2,5,0.63,1.26,1.1466666666666667
16.0,5,3,4,2,5,1.05,1.28,1.1041666666666667
10.4,3,5,4,2,5,0.26,1.54,1.0591666666666668
19.4,4,5,4,2,5,0.46,1.79,1.0241666666666667
34.3,5,6,4,2,5,0.95,1.96,0.9566666666666667
23.0,1,6,4,2,5,0.34,1.57,0.9283333333333333
2.6,5,7,4,2,5,0.89,0.79,0.9208333333333334
14.8,1,8,4,2,5,0.61,1.06,0.9579166666666666
-4.5,2,8,4,2,5,1.95,1.22,0.9770833333333333
11.2,2,10,4,2,5,1.68,0.59,1.0216666666666667
36.7,2,11,4,2,5,1.66,1.41,0.99625
-2.0,2,12,4,2,5,0.8,1.68,0.9908333333333333
15.7,3,12,4,2,5,1.55,1.57,0.9558333333333334
39.8,2,13,4,2,5,0.73,1.32,0.96375
30.2,4,14,4,2,5,1.51,0.73,0.9729166666666665
11.1,4,14,4,2,5,0.95,0.58,0.9950000000000001
11.3,1,15,4,2,5,1.11,0.3,1.00125
-9.7,4,16,4,2,5,0.45,1.58,1.0058333333333331
5.9,4,16,4,2,5,1.69,0.57,0.9999999999999999
28.3,5,16,4,2,5,0.43,1.03,0.9966666666666667
2.1,3,17,4,2,5,0.95,0.75,0.9841666666666667
26.4,3,18,4,2,5,0.45,1.89,0.9241666666666667
4.3,4,18,4,2,5,0.45,0.63,0.9341666666666667
17.4,1,19,4,2,5,0.87,0.63,0.9270833333333334
-8.6,1,21,4,2,5,0.46,1.05,0.9508333333333333
30.4,3,21,4,2,5,1.62,0.26,1.0120833333333332
31.4,2,21,4,2,5,1.73,0.46,1.0579166666666666
29.4,5,21,4,2,5,1.56,0.95,1.0283333333333333
6.2,5,21,4,2,5,0.24,0.34,1.0841666666666667
27.8,5,21,4,2,5,1.68,0.89,1.0633333333333332
38.7,5,22,4,2,5,0.39,0.61,1.075
-6.1,5,23,4,2,5,0.89,1.95,1.0062499999999999
18.9,3,2,5,2,6,0.3,1.68,1.0029166666666667
7.8,4,2,5,2,6,1.6,1.66,0.9679166666666666
21.1,3,3,5,2,6,0.82,0.8,0.9779166666666667
28.5,5,6,5,2,6,1.04,1.55,0.9737499999999999
10.0,2,6,5,2,6,1.45,0.73,1.0125
7.4,3,6,5,2,6,1.66,1.51,0.9720833333333334
29.8,5,6,5,2,6,0.54,0.95,0.9608333333333334
37.3,3,8,5,2,6,0.68,1.11,0.9766666666666666
26.9,4,8,5,2,6,1.49,0.45,1.0383333333333333
3.1,3,8,5,2,6,1.93,1.69,1.0308333333333335
20.1,1,13,5,2,6,1.51,0.43,1.0395833333333335
-7.1,4,14,5,2,6,0.64,0.95,1.0366666666666666
25.2,5,14,5,2,6,0.88,0.45,1.05375
-0.3,5,15,5,2,6,0.86,0.45,1.0733333333333335
3.2,2,16,5,2,6,0.92,0.87,1.0608333333333333
-7.2,4,17,5,2,6,0.57,0.46,1.0770833333333332
-9.9,5,18,5,2,6,0.85,1.62,1.0337500000000002
16.7,5,18,5,2,6,0.58,1.73,0.97125
-4.4,1,19,5,2,6,0.23,1.56,0.9875000000000002
18.6,5,19,5,2,6,1.95,0.24,1.0245833333333334
25.3,5,22,5,2,6,1.13,1.68,0.9883333333333333
25.4,3,23,5,2,6,0.81,0.39,1.00125
1.4,1,23,5,2,6,0.7,0.89,1.01375
22.2,5,1,6,2,0,1.19,0.3,1.0279166666666668
16.7,2,3,6,2,0,0.64,1.6,1.04375
13.4,4,4,6,2,0,1.98,0.82,1.0825
0.4,4,4,6,2,0,1.75,1.04,1.1166666666666667
35.0,3,5,6,2,0,1.86,1.45,1.0725
12.6,1,8,6,2,0,0.39,1.66,1.0479166666666668
2.5,1,8,6,2,0,1.07,0.54,1.0483333333333333
-8.9,4,10,6,2,0,0.55,0.68,1.0779166666666666
12.6,2,11,6,2,0,1.39,1.49,1.05125
15.9,1,11,6,2,0,0.85,1.93,1.05
36.8,3,13,6,2,0,1.9,1.51,1.0566666666666666
29.6,3,14,6,2,0,1.67,0.64,1.1120833333333333
20.5,4,14,6,2,0,1.97,0.88,1.1208333333333333
-5.5,4,14,6,2,0,1.09,0.86,1.16
-2.2,1,14,6,2,0,1.8,0.92,1.2041666666666666
-6.0,1,15,6,2,0,1.98,0.57,1.2004166666666667
-9.4,2,17,6,2,0,0.48,0.85,1.24625
19.9,1,18,6,2,0,1.95,0.58,1.2433333333333334
-4.8,4,18,6,2,0,0.51,0.23,1.3083333333333333
4.0,3,18,6,2,0,1.79,1.95,1.2833333333333332
-7.8,2,19,6,2,0,1.35,1.13,1.2479166666666666
17.8,2,19,6,2,0,0.28,0.81,1.2954166666666667
23.5,5,19,6,2,0,1.95,0.7,1.3170833333333334
31.9,4,21,6,2,0,1.22,1.19,1.28
34.6,5,22,6,2,0,0.3,0.64,1.3116666666666668
1.0,5,0,7,2,1,1.4,1.98,1.2916666666666667
38.9,2,1,7,2,1,1.5,1.75,1.2354166666666666
6.4,3,2,7,2,1,0.4,1.86,1.1979166666666667
-1.7,3,5,7,2,1,0.96,0.39,1.26125
4.4,5,6,7,2,1,1.91,1.07,1.2874999999999999
-8.2,1,7,7,2,1,1.7,0.55,1.2958333333333332
13.1,3,7,7,2,1,0.75,1.39,1.2883333333333333
-7.8,5,8,7,2,1,1.21,0.85,1.29375
-7.7,1,9,7,2,1,0.98,1.9,1.2891666666666668
25.2,4,10,7,2,1,1.79,1.67,1.2929166666666667
24.2,1,11,7,2,1,1.76,1.97,1.2729166666666667
18.5,3,11,7,2,1,1.49,1.09,1.265
-9.7,2,11,7,2,1,0.9,1.8,1.2008333333333334
3.9,4,11,7,2,1,0.26,1.98,1.1529166666666666
-8.3,3,12,7,2,1,0.83,0.48,1.1679166666666665
34.2,2,12,7,2,1,0.84,1.95,1.1316666666666666
13.2,5,14,7,2,1,1.08,0.51,1.1529166666666666
31.1,1,14,7,2,1,1.02,1.79,1.0866666666666667
9.6,3,14,7,2,1,0.2,1.35,1.1041666666666667
9.7,5,15,7,2,1,1.77,0.28,1.1166666666666667
-4.0,2,16,7,2,1,0.58,1.95,1.05875
15.9,5,17,7,2,1,0.56,1.22,1.0804166666666666
19.9,3,17,7,2,1,1.74,0.3,1.1366666666666667
2.5,5,18,7,2,1,1.65,1.4,1.1291666666666667
28.6,1,18,7,2,1,1.22,1.5,1.1166666666666665
25.6,3,19,7,2,1,1.2,0.4,1.1554166666666668
-1.4,2,21,7,2,1,1.33,0.96,1.1579166666666667
31.9,4,0,8,2,2,1.02,1.91,1.1283333333333332
10.5,5,1,8,2,2,1.2,1.7,1.1383333333333334
13.2,2,1,8,2,2,1.94,0.75,1.1266666666666667
7.2,3,4,8,2,2,0.47,1.21,1.1112499999999998
-0.7,2,4,8,2,2,0.84,0.98,1.10375
4.3,2,5,8,2,2,0.8,1.79,1.0929166666666668
-9.8,5,9,8,2,2,1.53,1.76,1.0504166666666666
3.0,3,10,8,2,2,0.74,1.49,1.0154166666666666
17.9,4,10,8,2,2,0.65,0.9,1.0445833333333334
18.5,2,10,8,2,2,1.6,0.26,1.0825
32.9,3,11,8,2,2,1.17,0.83,1.0695833333333333
-6.6,4,11,8,2,2,0.52,0.84,1.07
14.0,5,12,8,2,2,0.85,1.08,1.08625
-4.8,1,13,8,2,2,1.47,1.02,1.08625
16.8,5,14,8,2,2,1.02,0.2,1.1091666666666666
14.7,3,14,8,2,2,0.75,1.77,1.0733333333333335
1.0,3,14,8,2,2,0.91,0.58,1.1304166666666666
15.5,4,14,8,2,2,1.95,0.56,1.1416666666666666
2.5,1,16,8,2,2,0.83,1.74,1.1516666666666666
0.7,4,16,8,2,2,1.98,1.65,1.105
38.9,1,17,8,2,2,0.53,1.22,1.0720833333333333
24.4,2,17,8,2,2,0.43,1.2,1.0945833333333335
19.0,5,18,8,2,2,1.74,1.33,1.0670833333333334
23.5,5,20,8,2,2,0.67,1.02,1.0966666666666667
4.1,5,21,8,2,2,1.73,1.2,1.12375
32.8,4,21,8,2,2,1.85,1.94,1.09625
3.6,5,21,8,2,2,1.28,0.47,1.1058333333333332
34.0,5,21,8,2,2,0.7,0.84,1.12125
17.9,3,22,8,2,2,1.21,0.8,1.11
-4.5,4,23,8,2,2,0.53,1.53,1.1045833333333333
13.9,1,23,8,2,2,1.4,0.74,1.15125
10.4,4,23,8,2,2,1.86,0.65,1.14875
-1.4,3,0,9,2,3,0.59,1.6,1.1641666666666668
21.1,3,1,9,2,3,1.97,1.17,1.1554166666666668
5.5,4,1,9,2,3,0.96,0.52,1.1504166666666666
0.1,1,2,9,2,3,0.4,0.85,1.1779166666666667
39.8,1,2,9,2,3,1.51,1.47,1.1358333333333333
40.0,5,2,9,2,3,0.46,1.02,1.1370833333333332
24.5,5,3,9,2,3,1.05,0.75,1.1441666666666668
37.1,5,3,9,2,3,0.92,0.91,1.1283333333333332
-3.2,5,3,9,2,3,0.53,1.95,1.1070833333333334
2.5,4,3,9,2,3,1.44,0.83,1.0975000000000001
22.3,1,4,9,2,3,0.6,1.98,1.0658333333333334
35.5,3,4,9,2,3,1.22,0.53,1.095
27.3,2,5,9,2,3,1.23,0.43,1.14
20.3,3,6,9,2,3,1.51,1.74,1.1495833333333334
36.7,1,6,9,2,3,1.97,0.67,1.1945833333333333
-1.9,1,6,9,2,3,1.75,1.73,1.2
25.2,3,6,9,2,3,1.86,1.85,1.2049999999999998
9.5,5,9,9,2,3,1.97,1.28,1.1983333333333335
20.5,1,10,9,2,3,1.12,0.7,1.2141666666666666
-8.8,1,12,9,2,3,1.08,1.21,1.1791666666666667
8.6,1,12,9,2,3,0.37,0.53,1.2225
30.4,1,13,9,2,3,1.57,1.4,1.2370833333333333
32.8,5,13,9,2,3,1.75,1.86,1.2083333333333333
39.2,3,14,9,2,3,1.17,0.59,1.2616666666666665
15.5,2,14,9,2,3,1.87,1.97,1.2191666666666665
10.2,1,14,9,2,3,0.95,0.96,1.195
34.3,5,16,9,2,3,0.38,0.4,1.22625
9.3,2,16,9,2,3,1.15,1.51,1.2270833333333333
3.1,1,17,9,2,3,1.53,0.46,1.2520833333333334
18.5,5,17,9,2,3,1.06,1.05,1.28125
-2.9,1,18,9,2,3,1.75,0.92,1.2945833333333334
5.2,1,18,9,2,3,1.24,0.53,1.3079166666666666
16.1,4,22,9,2,3,0.85,1.44,1.2595833333333333
32.4,5,23,9,2,3,0.28,0.6,1.2908333333333333
8.9,2,0,10,2,4,1.35,1.22,1.2945833333333334
22.2,2,1,10,2,4,1.31,1.23,1.2966666666666666
29.9,2,2,10,2,4,1.28,1.51,1.285
-2.0,2,4,10,2,4,1.23,1.97,1.2745833333333334
32.2,1,4,10,2,4,1.72,1.75,1.285
11.0,5,4,10,2,4,2.0,1.86,1.2833333333333334
25.5,2,5,10,2,4,1.82,1.97,1.2645833333333334
3.9,5,7,10,2,4,1.52,1.12,1.2416666666666667
38.7,5,8,10,2,4,0.57,1.08,1.2441666666666666
3.7,5,9,10,2,4,1.14,0.37,1.2854166666666667
28.7,5,9,10,2,4,1.36,1.57,1.28375
-1.4,5,10,10,2,4,1.53,1.75,1.22875
13.8,4,12,10,2,4,0.43,1.17,1.2329166666666669
30.5,1,13,10,2,4,1.27,1.87,1.17625
9.7,3,14,10,2,4,0.51,0.95,1.2070833333333335
39.3,1,16,10,2,4,1.69,0.38,1.26875
37.3,1,17,10,2,4,1.86,1.15,1.2320833333333334
2.2,3,17,10,2,4,0.27,1.53,1.2108333333333332
-9.1,4,18,10,2,4,1.02,1.06,1.1908333333333334
13.4,4,18,10,2,4,0.58,1.75,1.15625
-4.7,5,19,10,2,4,0.92,1.24,1.1341666666666665
29.0,4,19,10,2,4,0.71,0.85,1.1408333333333334
34.1,1,19,10,2,4,1.01,0.28,1.18
-3.3,4,20,10,2,4,1.22,1.35,1.2058333333333333
25.9,5,21,10,2,4,1.97,1.31,1.20375
9.9,4,21,10,2,4,1.26,1.28,1.2274999999999998
25.2,4,22,10,2,4,1.85,1.23,1.2029166666666666
39.4,1,22,10,2,4,0.64,1.72,1.1541666666666666
17.3,5,23,10,2,4,0.55,2.0,1.0854166666666667
8.4,1,1,11,2,5,0.35,1.82,1.0404166666666665
8.1,1,3,11,2,5,0.74,1.52,1.0275
31.7,4,4,11,2,5,1.21,0.57,1.0479166666666666
15.3,1,4,11,2,5,1.06,1.14,1.0125
22.7,4,6,11,2,5,0.29,1.36,0.9991666666666666
10.5,2,6,11,2,5,1.04,1.53,1.0054166666666668
0.6,5,6,11,2,5,1.68,0.43,1.0525
14.9,3,6,11,2,5,1.56,1.27,1.0291666666666666
12.1,1,8,11,2,5,0.71,0.51,1.0708333333333333
12.2,5,8,11,2,5,1.51,1.69,1.0195833333333333
-0.6,3,9,11,2,5,0.46,1.86,0.9954166666666667
0.2,1,11,11,2,5,1.28,0.27,1.0629166666666667
-6.1,2,11,11,2,5,1.89,1.02,1.0970833333333334
18.7,2,11,11,2,5,1.84,0.58,1.12625
1.9,3,12,11,2,5,1.28,0.92,1.1500000000000001
21.3,4,12,11,2,5,1.49,0.71,1.1391666666666667
11.9,5,14,11,2,5,0.45,1.01,1.1370833333333332
18.2,3,16,11,2,5,0.96,1.22,1.1291666666666667
39.1,5,16,11,2,5,1.03,1.97,1.0979166666666667
-0.7,2,16,11,2,5,1.22,1.26,1.1070833333333334
32.7,1,17,11,2,5,1.48,1.85,1.0991666666666668
12.6,5,17,11,2,5,1.66,0.64,1.1204166666666666
3.5,2,20,11,2,5,1.15,0.55,1.1654166666666665
-3.6,2,21,11,2,5,1.63,0.35,1.1870833333333333
18.1,1,22,11,2,5,0.87,0.74,1.2045833333333333
39.2,3,0,12,2,6,1.16,1.21,1.1920833333333334
7.7,5,1,12,2,6,0.91,1.06,1.2233333333333334
33.1,2,1,12,2,6,1.81,0.29,1.2479166666666668
-8.8,4,3,12,2,6,0.88,1.04,1.2387499999999998
33.3,4,3,12,2,6,0.82,1.68,1.2325
21.9,4,4,12,2,6,1.53,1.56,1.2358333333333333
32.0,5,5,12,2,6,1.64,0.71,1.2170833333333333
1.7,1,6,12,2,6,0.26,1.51,1.1791666666666667
21.1,2,8,12,2,6,0.6,0.46,1.1700000000000002
26.0,3,8,12,2,6,0.24,1.28,1.1370833333333332
24.9,4,8,12,2,6,0.49,1.89,1.0941666666666665
6.5,5,9,12,2,6,0.86,1.84,1.0691666666666666
14.8,5,9,12,2,6,1.24,1.28,1.0270833333333333
25.3,1,9,12,2,6,0.27,1.49,0.9779166666666667
3.7,3,10,12,2,6,0.31,0.45,1.0179166666666666
-1.9,1,10,12,2,6,1.41,0.96,1.0141666666666667
29.4,2,10,12,2,6,0.87,1.03,1.0341666666666667
16.9,1,12,12,2,6,1.51,1.22,1.0325
24.8,3,15,12,2,6,1.18,1.48,0.9804166666666666
21.3,3,16,12,2,6,0.23,1.66,0.9204166666666667
9.7,3,19,12,2,6,0.22,1.15,0.9045833333333334
13.3,2,20,12,2,6,0.77,1.63,0.855
-7.3,5,20,12,2,6,0.44,0.87,0.8920833333333333
20.9,1,21,12,2,6,1.76,1.16,0.8583333333333333
16.4,1,22,12,2,6,0.35,0.91,0.8808333333333334
21.3,3,22,12,2,6,1.45,1.81,0.8666666666666667
34.5,5,1,13,2,0,1.47,0.88,0.8920833333333332
7.7,5,2,13,2,0,1.49,0.82,0.8670833333333334
22.9,5,3,13,2,0,0.22,1.53,0.8445833333333334
-7.9,5,5,13,2,0,0.99,1.64,0.7970833333333333
39.1,3,5,13,2,0,0.5,0.26,0.7983333333333332
19.0,3,5,13,2,0,0.29,0.6,0.8441666666666667
13.7,1,5,13,2,0,1.7,0.24,0.8883333333333332
12.9,4,6,13,2,0,1.3,0.49,0.9225
-9.1,2,7,13,2,0,1.31,0.86,0.9283333333333333
37.3,2,7,13,2,0,1.0,1.24,0.9083333333333332
-4.0,5,7,13,2,0,0.76,0.27,0.9354166666666667
8.7,1,8,13,2,0,0.92,0.31,0.9595833333333333
-7.2,2,8,13,2,0,0.89,1.41,0.9620833333333333
19.8,2,9,13,2,0,1.47,0.87,0.95375
26.5,3,10,13,2,0,0.67,1.51,0.9458333333333334
9.6,5,10,13,2,0,1.32,1.18,0.9454166666666667
0.2,2,13,13,2,0,1.17,0.23,0.9704166666666666
23.7,4,13,13,2,0,0.83,0.22,0.9733333333333333
21.3,2,14,13,2,0,0.29,0.77,0.9604166666666666
34.9,4,15,13,2,0,0.46,0.44,0.9750000000000001
33.4,3,17,13,2,0,0.79,1.76,0.96125
2.3,4,18,13,2,0,1.43,0.35,0.9645833333333335
7.1,4,22,13,2,0,0.43,1.45,0.9791666666666666
6.7,3,0,14,2,1,1.8,1.47,0.9708333333333333
-4.0,3,0,14,2,1,1.27,1.49,0.9675000000000001
-1.9,1,1,14,2,1,1.41,0.22,0.9699999999999999
-5.7,4,1,14,2,1,0.28,0.99,0.9679166666666666
12.5,2,1,14,2,1,0.94,0.5,0.9941666666666666
23.9,2,1,14,2,1,1.13,0.29,1.0095833333333333
-9.9,4,2,14,2,1,0.66,1.7,1.0170833333333331
27.9,5,3,14,2,1,1.88,1.3,0.9950000000000001
3.9,5,3,14,2,1,0.77,1.31,1.0
-3.0,3,6,14,2,1,1.43,1.0,1.0125
7.5,4,6,14,2,1,1.3,0.76,1.0383333333333333
39.0,1,7,14,2,1,1.38,0.92,1.0808333333333333
5.2,1,7,14,2,1,1.94,0.89,1.05875
37.0,4,9,14,2,1,0.36,1.47,1.0333333333333334
-1.4,2,10,14,2,1,0.86,0.67,1.0287499999999998
-5.9,4,10,14,2,1,0.56,1.32,1.0125
24.6,2,11,14,2,1,0.93,1.17,0.9829166666666667
-7.6,2,12,14,2,1,0.46,0.83,0.9816666666666668
25.7,2,13,14,2,1,0.8,0.29,1.0029166666666667
8.4,4,14,14,2,1,0.8,0.46,1.0020833333333334
3.2,1,14,14,2,1,0.44,0.79,1.0208333333333333
39.5,4,15,14,2,1,1.24,1.43,0.9758333333333332
5.0,1,15,14,2,1,0.35,0.43,0.9808333333333333
-8.1,4,16,14,2,1,0.55,1.8,0.9224999999999999
13.7,5,17,14,2,1,0.4,1.27,0.94375
36.9,4,17,14,2,1,1.78,1.41,0.9641666666666667
32.9,2,17,14,2,1,1.9,0.28,1.0033333333333334
39.9,4,19,14,2,1,1.22,0.94,0.9845833333333333
9.5,5,23,14,2,1,0.49,1.13,1.0125
5.3,2,0,15,2,2,1.8,0.66,1.0291666666666666
32.1,5,1,15,2,2,1.06,1.88,0.9791666666666669
21.6,3,2,15,2,2,0.68,0.77,1.0245833333333334
24.6,3,3,15,2,2,1.86,1.43,1.0320833333333332
26.7,5,3,15,2,2,1.61,1.3,1.0262499999999999
-2.2,1,3,15,2,2,1.16,1.38,0.9979166666666667
20.1,4,5,15,2,2,0.7,1.94,0.9975
36.4,2,7,15,2,2,1.93,0.36,1.0470833333333334
25.0,5,8,15,2,2,1.55,0.86,1.0466666666666666
-5.2,3,8,15,2,2,0.85,0.56,1.0895833333333333
25.4,1,9,15,2,2,1.59,0.93,1.0683333333333334
37.8,5,9,15,2,2,0.42,0.46,1.075
13.5,5,11,15,2,2,0.62,0.8,1.09375
19.0,5,13,15,2,2,1.25,0.8,1.075
1.5,4,16,15,2,2,0.35,0.44,1.0775
3.4,3,16,15,2,2,0.5,1.24,1.0391666666666666
22.8,3,17,15,2,2,0.32,0.35,1.0829166666666667
21.2,5,17,15,2,2,1.4,0.55,1.1025
15.6,5,19,15,2,2,1.02,0.4,1.1479166666666667
37.3,1,19,15,2,2,1.49,1.78,1.12375
6.5,5,19,15,2,2,1.2,1.9,1.1195833333333334
39.4,4,20,15,2,2,1.8,1.22,1.08375
7.2,3,21,15,2,2,0.36,0.49,1.1029166666666668
-8.6,2,23,15,2,2,0.95,1.8,1.0708333333333333
16.6,3,0,16,2,3,1.03,1.06,1.0391666666666668
0.8,3,1,16,2,3,0.3,0.68,1.0570833333333332
34.5,1,1,16,2,3,1.11,1.86,1.0433333333333332
1.0,1,2,16,2,3,1.53,1.61,1.0441666666666667
12.9,4,5,16,2,3,1.63,1.16,1.0520833333333333
17.7,4,5,16,2,3,1.35,0.7,1.08625
1.0,1,7,16,2,3,1.52,1.93,1.06625
17.5,1,8,16,2,3,1.45,1.55,1.0325
37.6,5,8,16,2,3,0.74,0.85,1.07625
-3.2,4,8,16,2,3,1.9,1.59,1.0441666666666667
-2.1,1,8,16,2,3,0.82,0.42,1.0754166666666667
28.7,5,12,16,2,3,1.17,0.62,1.0958333333333334
13.2,1,12,16,2,3,1.11,1.25,1.0754166666666667
29.4,2,14,16,2,3,0.76,0.35,1.1116666666666668
3.9,5,14,16,2,3,1.22,0.5,1.1154166666666667
35.6,3,14,16,2,3,0.59,0.32,1.1170833333333334
-2.5,3,15,16,2,3,0.36,1.4,1.0670833333333334
35.8,3,16,16,2,3,0.2,1.02,1.05375
38.2,3,18,16,2,3,0.7,1.49,1.0508333333333335
7.5,1,18,16,2,3,1.42,1.2,1.0666666666666667
20.2,5,20,16,2,3,1.58,1.8,1.0258333333333334
18.5,2,21,16,2,3,0.82,0.36,1.0383333333333333
22.5,4,22,16,2,3,0.66,0.95,1.0120833333333332
37.4,2,23,16,2,3,0.32,1.03,0.9783333333333334
31.9,5,23,16,2,3,0.22,0.3,1.02375
13.2,3,1,17,2,4,1.39,1.11,0.9908333333333333
-2.0,5,3,17,2,4,0.32,1.53,0.9866666666666667
27.3,2,7,17,2,4,1.43,1.63,0.96
9.9,5,9,17,2,4,0.99,1.35,0.9370833333333333
33.0,5,9,17,2,4,0.8,1.52,0.8858333333333334
31.6,1,9,17,2,4,0.29,1.45,0.8845833333333334
38.5,3,11,17,2,4,1.42,0.74,0.8762499999999999
7.7,4,12,17,2,4,0.54,1.9,0.88
3.4,3,13,17,2,4,1.99,0.82,0.8545833333333334
19.8,5,15,17,2,4,0.21,1.17,0.8354166666666667
1.8,3,17,17,2,4,0.71,1.11,0.81625
39.6,2,17,17,2,4,0.65,0.76,0.8137500000000001
39.1,4,19,17,2,4,0.7,1.22,0.8233333333333333
-2.4,1,19,17,2,4,1.45,0.59,0.8241666666666666
25.0,3,20,17,2,4,0.61,0.36,0.8670833333333333
30.8,1,20,17,2,4,1.39,0.2,0.92375
38.1,2,20,17,2,4,1.56,0.7,0.9608333333333333
7.2,5,21,17,2,4,1.59,1.42,0.9504166666666666
35.6,2,21,17,2,4,1.17,1.58,0.9033333333333333
34.9,1,21,17,2,4,0.45,0.82,0.9395833333333333
26.5,1,22,17,2,4,1.69,0.66,0.995
24.3,4,0,18,2,5,1.99,0.32,1.0262499999999999
-5.0,3,1,18,2,5,1.07,0.22,1.0420833333333335
12.5,3,1,18,2,5,0.6,1.39,1.0125
21.8,4,1,18,2,5,0.68,0.32,1.0220833333333335
6.2,3,1,18,2,5,0.55,1.43,1.0175
-9.9,4,3,18,2,5,1.32,0.99,1.02125
-3.3,4,3,18,2,5,1.08,0.8,1.0129166666666667
22.2,2,4,18,2,5,0.6,0.29,1.0804166666666666
35.6,3,5,18,2,5,1.91,1.42,1.0316666666666667
34.3,1,5,18,2,5,0.25,0.54,1.0325
-5.2,3,6,18,2,5,0.56,1.99,1.0054166666666666
18.9,1,6,18,2,5,1.34,0.21,1.0775
-0.0,3,8,18,2,5,1.94,0.71,1.1216666666666668
39.4,1,8,18,2,5,1.77,0.65,1.13625
3.4,3,9,18,2,5,1.0,0.7,1.125
31.7,4,10,18,2,5,0.43,1.45,1.1016666666666668
39.7,1,10,18,2,5,0.89,0.61,1.1179166666666667
19.6,3,12,18,2,5,1.0,1.39,1.0908333333333333
8.0,1,12,18,2,5,0.74,1.56,1.0475
3.5,3,14,18,2,5,0.52,1.59,1.0195833333333335
-0.2,2,14,18,2,5,0.92,1.17,1.0016666666666667
2.4,3,15,18,2,5,0.74,0.45,1.0658333333333334
1.4,1,16,18,2,5,1.99,1.69,1.0220833333333335
8.6,1,16,18,2,5,0.64,1.99,0.9829166666666667
-6.9,1,17,18,2,5,1.05,1.07,0.9979166666666667
26.8,4,19,18,2,5,1.43,0.6,0.9958333333333332
-3.0,5,20,18,2,5,0.55,0.68,1.0016666666666667
36.7,2,22,18,2,5,0.82,0.55,1.0158333333333334
21.0,3,23,18,2,5,0.89,1.32,1.025
23.9,4,0,19,2,6,1.54,1.08,1.0345833333333334
37.0,5,0,19,2,6,1.31,0.6,1.0425
24.7,4,2,19,2,6,0.79,1.91,1.0420833333333333
2.3,4,2,19,2,6,1.9,0.25,1.0491666666666666
14.5,5,2,19,2,6,0.42,0.56,1.07375
-0.6,4,3,19,2,6,1.15,1.34,1.0833333333333333
35.2,3,3,19,2,6,1.57,1.94,1.0275
32.1,2,3,19,2,6,0.6,1.77,0.9741666666666666
30.4,3,4,19,2,6,0.49,1.0,0.9791666666666666
23.8,5,6,19,2,6,1.12,0.43,1.0083333333333333
13.6,4,6,19,2,6,1.13,0.89,1.0195833333333333
18.1,5,10,19,2,6,1.16,1.0,0.98625
19.2,2,10,19,2,6,0.2,0.74,1.0308333333333335
13.4,4,10,19,2,6,1.81,0.52,1.0695833333333333
-4.0,3,10,19,2,6,1.45,0.92,1.0754166666666667
38.0,2,10,19,2,6,1.06,0.74,1.0641666666666667
-3.0,1,12,19,2,6,0.47,1.99,1.0495833333333333
-3.8,5,12,19,2,6,1.64,0.64,1.0708333333333333
-0.2,3,12,19,2,6,1.15,1.05,1.105
11.4,4,14,19,2,6,1.87,1.43,1.1004166666666666
26.5,1,14,19,2,6,1.32,0.55,1.0908333333333333
17.7,2,15,19,2,6,0.32,0.82,1.0708333333333333
39.9,3,15,19,2,6,0.34,0.89,1.0658333333333332
39.1,4,15,19,2,6,0.77,1.54,1.07875
-0.7,2,16,19,2,6,1.85,1.31,1.0820833333333333
12.5,4,16,19,2,6,1.39,0.79,1.1208333333333333
14.7,1,16,19,2,6,1.72,1.9,1.1154166666666667
17.0,5,16,19,2,6,1.77,0.42,1.1808333333333334
25.8,4,17,19,2,6,1.99,1.15,1.1612500000000001
29.1,1,19,19,2,6,0.68,1.57,1.16625
26.9,3,20,19,2,6,1.69,0.6,1.2154166666666666
-2.8,5,20,19,2,6,1.78,0.49,1.2575
39.1,1,20,19,2,6,1.5,1.12,1.2366666666666666
19.8,5,20,19,2,6,0.62,1.13,1.2437500000000001
36.6,5,21,19,2,6,1.3,1.16,1.2383333333333333
23.0,1,22,19,2,6,1.03,0.2,1.2570833333333333
-0.1,5,0,20,2,0,0.65,1.81,1.20625
23.0,5,1,20,2,0,0.59,1.45,1.2137499999999999
14.5,5,1,20,2,0,1.63,1.06,1.2491666666666668
22.1,5,3,20,2,0,1.91,0.47,1.2425
32.7,3,4,20,2,0,0.31,1.64,1.1945833333333333
0.9,4,5,20,2,0,0.49,1.15,1.2108333333333332
26.9,1,6,20,2,0,1.54,1.87,1.2066666666666668
25.3,5,6,20,2,0,1.77,1.32,1.23125
26.9,5,6,20,2,0,1.91,0.32,1.2516666666666667
3.2,4,8,20,2,0,0.81,0.34,1.3150000000000002
32.6,2,9,20,2,0,1.86,0.77,1.2975
39.5,3,10,20,2,0,0.35,1.85,1.24875
-4.1,3,11,20,2,0,0.68,1.39,1.2666666666666666
37.1,2,11,20,2,0,1.82,1.72,1.27625
11.2,2,13,20,2,0,1.95,1.77,1.215
6.9,1,13,20,2,0,0.3,1.99,1.1820833333333334
39.7,4,13,20,2,0,1.2,0.68,1.2091666666666667
19.9,3,13,20,2,0,1.33,1.69,1.1962499999999998
28.2,5,14,20,2,0,1.38,1.78,1.1908333333333334
12.3,4,15,20,2,0,1.65,1.5,1.1841666666666668
26.7,3,17,20,2,0,1.34,0.62,1.2141666666666666
-3.9,4,18,20,2,0,1.34,1.3,1.2379166666666668
29.1,3,19,20,2,0,1.87,1.03,1.25875
27.6,4,19,20,2,0,1.53,0.65,1.31375
12.4,4,21,20,2,0,1.97,0.59,1.3441666666666665
-8.0,5,22,20,2,0,1.32,1.63,1.3062500000000001
38.6,5,0,21,2,1,0.72,1.91,1.2975
18.5,3,1,21,2,1,1.7,0.31,1.3145833333333334
-9.5,3,1,21,2,1,0.72,0.49,1.3508333333333333
17.6,4,1,21,2,1,1.36,1.54,1.3608333333333336
3.2,5,2,21,2,1,1.78,1.77,1.3254166666666667
-6.8,2,2,21,2,1,0.92,1.91,1.27125
13.7,3,2,21,2,1,0.61,0.81,1.2595833333333333
39.2,5,2,21,2,1,0.53,1.86,1.2550000000000001
34.1,4,4,21,2,1,1.75,0.35,1.3062500000000001
39.1,2,4,21,2,1,1.58,0.68,1.3579166666666669
14.8,5,6,21,2,1,1.92,1.82,1.345
34.6,4,7,21,2,1,1.51,1.95,1.33375
37.1,4,7,21,2,1,1.68,0.3,1.36
6.8,1,8,21,2,1,0.93,1.2,1.3395833333333333
13.4,3,8,21,2,1,0.71,1.33,1.3020833333333333
10.5,3,8,21,2,1,0.43,1.38,1.25625
10.6,1,9,21,2,1,0.28,1.65,1.24125
10.9,3,9,21,2,1,1.29,1.34,1.2295833333333333
0.8,5,10,21,2,1,1.06,1.34,1.2049999999999998
32.6,4,11,21,2,1,0.75,1.87,1.2004166666666667
36.1,1,11,21,2,1,1.76,1.53,1.2004166666666667
15.2,3,13,21,2,1,1.53,1.97,1.1358333333333333
26.5,4,13,21,2,1,0.42,1.32,1.1429166666666666
13.2,5,14,21,2,1,1.49,0.72,1.1541666666666666
18.2,2,14,21,2,1,0.99,1.7,1.12875
6.2,4,14,21,2,1,1.09,0.72,1.1291666666666667
20.8,4,15,21,2,1,0.73,1.36,1.1520833333333333
-6.8,1,16,21,2,1,1.91,1.78,1.1075000000000002
36.2,4,16,21,2,1,0.71,0.92,1.1516666666666666
19.7,4,17,21,2,1,1.98,0.61,1.1516666666666666
2.4,5,18,21,2,1,0.61,0.53,1.1883333333333332
-9.5,4,18,21,2,1,1.41,1.75,1.1975
38.4,5,19,21,2,1,1.97,1.58,1.1824999999999999
29.3,3,19,21,2,1,1.22,1.92,1.1616666666666666
33.8,1,19,21,2,1,1.42,1.51,1.1595833333333332
30.4,1,20,21,2,1,1.46,1.68,1.1358333333333335
28.7,1,20,21,2,1,1.11,0.93,1.1583333333333334
27.1,4,21,21,2,1,1.47,0.71,1.1620833333333334
24.8,5,21,21,2,1,0.8,0.43,1.1720833333333334
18.7,1,0,22,2,2,0.67,0.28,1.2170833333333333
18.8,3,3,22,2,2,1.36,1.29,1.1741666666666666
11.8,1,3,22,2,2,0.26,1.06,1.1675
14.1,2,6,22,2,2,0.9,0.75,1.15625
32.2,5,7,22,2,2,0.48,1.76,1.1483333333333332
29.6,2,9,22,2,2,1.57,1.53,1.1016666666666666
1.0,3,9,22,2,2,0.41,0.42,1.1475
30.2,1,10,22,2,2,1.52,1.49,1.1275
36.7,4,12,22,2,2,1.01,0.99,1.1204166666666666
-5.0,2,12,22,2,2,0.82,1.09,1.1179166666666667
13.0,2,12,22,2,2,1.03,0.73,1.1029166666666665
37.1,4,13,22,2,2,0.37,1.91,1.08625
2.3,2,14,22,2,2,1.51,0.71,1.115
16.6,3,15,22,2,2,1.4,1.98,1.0824999999999998
17.2,2,16,22,2,2,1.2,0.61,1.1279166666666667
25.0,5,16,22,2,2,1.7,1.41,1.0983333333333334
-2.3,5,17,22,2,2,0.7,1.97,1.025
32.1,1,17,22,2,2,0.21,1.22,1.0254166666666666
36.1,2,18,22,2,2,1.23,1.42,0.9908333333333332
15.3,5,18,22,2,2,0.59,1.46,1.01
-7.3,4,19,22,2,2,1.92,1.11,0.9754166666666667
-5.1,1,19,22,2,2,0.28,1.47,0.9754166666666667
8.1,1,20,22,2,2,1.47,0.8,1.0041666666666667
7.5,2,20,22,2,2,1.49,0.67,1.0045833333333334
22.8,3,23,22,2,2,0.68,1.36,0.9637500000000001
29.0,2,0,23,2,3,0.38,0.26,1.00875
14.3,1,0,23,2,3,1.34,0.9,0.9800000000000001
3.9,5,1,23,2,3,0.21,0.48,1.0233333333333334
36.2,2,1,23,2,3,1.52,1.57,1.0041666666666667
-7.8,3,2,23,2,3,1.11,0.41,1.01625
19.4,1,4,23,2,3,0.7,1.52,0.9975
24.1,4,6,23,2,3,1.07,1.01,1.0383333333333333
37.3,3,8,23,2,3,1.99,0.82,1.0808333333333333
29.7,2,9,23,2,3,1.84,1.03,1.0554166666666667
31.2,5,10,23,2,3,0.42,0.37,1.0725
14.1,5,10,23,2,3,0.78,1.51,1.0645833333333334
7.8,4,11,23,2,3,1.32,1.4,1.0854166666666667
-7.1,5,12,23,2,3,1.9,1.2,1.0825
-4.6,3,12,23,2,3,1.13,1.7,1.0516666666666667
15.8,4,19,23,2,3,0.96,0.7,1.09625
17.3,5,21,23,2,3,1.77,0.21,1.1600000000000001
-7.5,2,21,23,2,3,1.74,1.23,1.1558333333333335
16.1,4,0,24,2,4,1.13,0.59,1.1583333333333334
18.8,3,0,24,2,4,0.65,1.92,1.1370833333333332
7.2,5,3,24,2,4,1.41,0.28,1.20625
3.3,1,3,24,2,4,1.94,1.47,1.2279166666666665
39.3,5,4,24,2,4,1.99,1.49,1.1783333333333335
-2.4,3,4,24,2,4,0.3,0.68,1.2291666666666667
38.8,4,5,24,2,4,1.9,0.38,1.2225
1.3,3,6,24,2,4,0.22,1.34,1.22375
-8.4,1,9,24,2,4,1.37,0.21,1.2587499999999998
-6.2,2,9,24,2,4,1.05,1.52,1.2204166666666667
19.2,2,9,24,2,4,0.6,1.11,1.1833333333333333
9.0,1,11,24,2,4,0.22,0.7,1.2045833333333333
19.8,1,11,24,2,4,1.21,1.07,1.1741666666666666
-2.9,5,12,24,2,4,0.34,1.99,1.1475000000000002
17.4,5,15,24,2,4,1.35,1.84,1.12125
12.7,3,16,24,2,4,1.21,0.42,1.1233333333333333
15.4,3,16,24,2,4,0.47,0.78,1.1641666666666666
26.3,1,16,24,2,4,1.76,1.32,1.16125
-1.9,3,16,24,2,4,1.25,1.9,1.11375
5.6,2,16,24,2,4,0.76,1.13,1.1216666666666668
-3.2,2,18,24,2,4,1.32,0.96,1.14625
30.3,3,18,24,2,4,1.55,1.77,1.1491666666666667
29.7,1,19,24,2,4,1.84,1.74,1.0937500000000002
4.0,5,22,24,2,4,0.41,1.13,1.0854166666666667
27.0,2,23,24,2,4,0.93,0.65,1.10125
19.2,4,23,24,2,4,1.03,1.41,1.0733333333333335
33.4,1,0,25,2,5,0.74,1.94,1.0458333333333334
30.5,4,3,25,2,5,1.28,1.99,0.9912500000000001
1.0,1,3,25,2,5,0.68,0.3,1.0029166666666667
32.6,1,5,25,2,5,0.58,1.9,0.9787500000000001
9.7,1,8,25,2,5,1.32,0.22,1.0204166666666665
34.4,3,8,25,2,5,1.22,1.37,1.0341666666666667
1.2,3,9,25,2,5,1.7,1.05,1.0445833333333334
3.0,3,10,25,2,5,1.3,0.6,1.08
-8.6,1,12,25,2,5,1.45,0.22,1.1320833333333333
30.0,2,13,25,2,5,1.47,1.21,1.1508333333333334
29.7,2,13,25,2,5,1.66,0.34,1.2045833333333333
18.1,3,15,25,2,5,1.63,1.35,1.1995833333333332
10.5,4,16,25,2,5,1.23,1.21,1.2041666666666668
17.7,1,16,25,2,5,1.32,0.47,1.2045833333333333
31.8,2,17,25,2,5,0.48,1.76,1.16375
-3.0,2,19,25,2,5,0.78,1.25,1.1566666666666667
8.6,3,19,25,2,5,1.08,0.76,1.1441666666666668
-9.9,2,20,25,2,5,0.46,1.32,1.12875
7.8,3,20,25,2,5,0.95,1.55,1.1216666666666666
10.4,5,20,25,2,5,1.38,1.84,1.1270833333333332
2.2,4,21,25,2,5,1.97,0.41,1.1470833333333332
12.4,3,22,25,2,5,0.89,0.93,1.1375
-1.4,5,1,26,2,6,0.7,1.03,1.1383333333333334
4.1,1,3,26,2,6,1.05,0.74,1.1504166666666666
-6.4,4,3,26,2,6,1.03,1.28,1.175
27.3,5,5,26,2,6,1.87,0.68,1.2179166666666665
-0.3,1,10,26,2,6,1.71,0.58,1.2429166666666667
39.6,3,12,26,2,6,1.18,1.32,1.2329166666666667
17.6,1,12,26,2,6,1.08,1.22,1.2154166666666668
-1.7,2,13,26,2,6,0.8,1.7,1.1695833333333332
-2.0,5,13,26,2,6,0.6,1.3,1.1558333333333335
6.4,3,15,26,2,6,0.97,1.45,1.1633333333333333
36.5,5,15,26,2,6,1.63,1.47,1.1429166666666666
-8.4,5,15,26,2,6,0.98,1.66,1.1420833333333333
27.9,4,16,26,2,6,1.64,1.63,1.08375
17.2,1,16,26,2,6,0.23,1.23,1.09625
-7.4,4,16,26,2,6,1.53,1.32,1.0954166666666667
37.2,2,16,26,2,6,1.3,0.48,1.1541666666666666
30.3,4,17,26,2,6,1.89,0.78,1.2020833333333334
19.0,1,19,26,2,6,1.93,1.08,1.2345833333333334
34.8,2,19,26,2,6,1.86,0.46,1.2258333333333333
-3.4,2,20,26,2,6,0.25,0.95,1.2075
9.7,4,20,26,2,6,0.51,1.38,1.23
5.5,5,21,26,2,6,1.92,1.97,1.2070833333333335
-3.1,2,21,26,2,6,1.42,0.89,1.1916666666666667
37.2,5,21,26,2,6,0.52,0.7,1.1933333333333334
16.8,1,21,26,2,6,0.74,1.05,1.195
29.2,5,21,26,2,6,1.09,1.03,1.1875
9.5,4,21,26,2,6,0.85,1.87,1.1266666666666667
-2.2,5,22,26,2,6,0.41,1.71,1.1241666666666668
5.9,5,22,26,2,6,1.65,1.18,1.1479166666666665
8.0,1,23,26,2,6,1.75,1.08,1.1575
29.4,3,23,26,2,6,1.31,0.8,1.1670833333333333
5.5,4,0,27,2,0,1.03,0.6,1.1608333333333334
8.6,3,3,27,2,0,0.45,0.97,1.1675
35.4,4,3,27,2,0,1.13,1.63,1.11375
11.3,3,6,27,2,0,0.34,0.98,1.085
33.2,1,7,27,2,0,0.29,1.64,1.0416666666666667
7.9,2,9,27,2,0,0.6,0.23,1.0670833333333334
8.6,4,9,27,2,0,0.84,1.53,1.0545833333333334
20.7,4,9,27,2,0,1.23,1.3,1.0770833333333334
21.3,5,10,27,2,0,1.84,1.89,1.055
27.1,1,11,27,2,0,1.36,1.93,1.0141666666666667
2.2,3,11,27,2,0,0.95,1.86,0.9729166666666668
7.0,2,13,27,2,0,0.87,0.25,0.99375
11.7,3,14,27,2,0,0.75,0.51,1.03125
21.7,1,14,27,2,0,1.41,1.92,1.0341666666666667
21.7,2,16,27,2,0,1.99,1.42,0.9895833333333334
15.5,1,17,27,2,0,0.35,0.52,0.9791666666666666
27.3,4,17,27,2,0,0.27,0.74,1.0
10.1,1,18,27,2,0,1.24,1.09,0.9633333333333334
11.3,4,18,27,2,0,0.21,0.85,0.9562499999999999
-2.3,1,20,27,2,0,0.68,0.41,1.0104166666666667
26.1,1,20,27,2,0,1.71,1.65,1.01875
-4.4,5,21,27,2,0,1.85,1.75,1.0058333333333334
16.4,3,22,27,2,0,1.44,1.31,0.96125
18.0,3,23,27,2,0,0.24,1.03,0.9912500000000001
1.6,5,0,28,2,1,1.75,0.45,0.9958333333333332
4.9,2,3,28,2,1,0.56,1.13,0.98
5.4,3,3,28,2,1,0.75,0.34,1.0141666666666667
23.6,3,3,28,2,1,1.16,0.29,1.0729166666666667
39.0,3,4,28,2,1,1.7,0.6,1.0816666666666666
15.3,1,4,28,2,1,0.81,0.84,1.1179166666666667
9.5,4,5,28,2,1,1.71,1.23,1.1145833333333335
3.5,4,6,28,2,1,1.15,1.84,1.0712499999999998
19.7,1,7,28,2,1,0.8,1.36,1.0541666666666667
-1.7,5,11,28,2,1,0.95,0.95,1.0470833333333334
3.3,1,12,28,2,1,0.78,0.87,1.0825
35.0,5,12,28,2,1,1.72,0.75,1.0958333333333332
27.6,1,14,28,2,1,1.07,1.41,1.1183333333333334
-4.3,1,14,28,2,1,1.95,1.99,1.07375
-8.8,4,14,28,2,1,0.92,0.35,1.1129166666666668
12.3,5,19,28,2,1,1.29,0.27,1.1529166666666666
17.4,3,19,28,2,1,1.23,1.24,1.1241666666666668
6.0,3,19,28,2,1,0.55,0.21,1.19125
6.2,1,19,28,2,1,1.82,0.68,1.2358333333333333
31.8,5,20,28,2,1,1.75,1.71,1.1754166666666668
1.1,5,20,28,2,1,0.26,1.85,1.1416666666666666
14.3,3,21,28,2,1,1.04,1.44,1.1308333333333334
35.8,5,21,28,2,1,1.18,0.24,1.1995833333333332
4.8,3,21,28,2,1,1.89,1.75,1.20125
32.0,5,22,28,2,1,1.79,0.56,1.2579166666666668
-0.8,5,23,28,2,1,1.92,0.75,1.2366666666666666
13.4,4,23,28,2,1,0.24,1.16,1.2254166666666666
10.0,5,0,1,3,2,0.89,1.7,1.1929166666666666
32.7,3,0,1,3,2,0.92,0.81,1.2191666666666667
1.9,3,1,1,3,2,1.44,1.71,1.225
4.8,1,1,1,3,2,1.85,1.15,1.22625
3.4,2,2,1,3,2,1.18,0.8,1.2329166666666667
-2.5,4,4,1,3,2,0.96,0.95,1.2466666666666666
21.0,1,5,1,3,2,1.28,0.78,1.2225
-1.8,1,7,1,3,2,0.2,1.72,1.22625
37.9,4,8,1,3,2,1.81,1.07,1.2525
6.6,3,9,1,3,2,1.7,1.95,1.2325
19.1,1,9,1,3,2,1.47,0.92,1.2054166666666666
2.5,3,10,1,3,2,0.27,1.29,1.2212500000000002
1.4,4,10,1,3,2,1.67,1.23,1.2404166666666667
36.0,4,10,1,3,2,1.69,0.55,1.2495833333333335
37.8,1,11,1,3,2,0.77,1.82,1.2525
-8.8,3,11,1,3,2,1.89,1.75,1.2033333333333334
14.8,5,11,1,3,2,0.57,0.26,1.2254166666666666
4.1,5,14,1,3,2,0.79,1.04,1.2104166666666667
20.0,1,14,1,3,2,0.68,1.18,1.2133333333333334
-0.5,5,15,1,3,2,1.25,1.89,1.1645833333333333
5.1,1,15,1,3,2,0.72,1.79,1.1416666666666666
29.9,1,16,1,3,2,1.24,1.92,1.1258333333333332
39.6,2,17,1,3,2,1.54,0.24,1.1991666666666667
5.1,1,18,1,3,2,2.0,0.89,1.2066666666666668
-7.4,3,18,1,3,2,1.07,0.92,1.1970833333333333
39.2,2,20,1,3,2,0.69,1.44,1.1933333333333334
19.5,5,20,1,3,2,1.35,1.85,1.175
30.9,2,21,1,3,2,1.41,1.18,1.1591666666666667
2.8,2,23,1,3,2,0.8,0.96,1.1508333333333334
-0.8,4,23,1,3,2,0.76,1.28,1.1758333333333333
38.5,1,5,2,3,3,1.88,0.2,1.19875
3.0,3,5,2,3,3,0.75,1.81,1.1670833333333333
-8.3,5,6,2,3,3,1.05,1.7,1.1766666666666665
28.6,4,6,2,3,3,1.93,1.47,1.195
-7.0,1,9,2,3,3,1.91,0.27,1.2479166666666666
22.1,5,9,2,3,3,1.54,1.67,1.1904166666666667
3.5,1,11,2,3,3,0.29,1.69,1.1879166666666667
4.7,2,12,2,3,3,1.63,0.77,1.2108333333333332
28.1,2,14,2,3,3,1.32,1.89,1.1941666666666666
15.3,4,16,2,3,3,1.49,0.57,1.23375
-2.2,1,16,2,3,3,1.52,0.79,1.2529166666666665
8.6,1,18,2,3,3,1.25,0.68,1.2829166666666667
24.5,3,19,2,3,3,1.4,1.25,1.2529166666666667
-4.9,1,19,2,3,3,0.53,0.72,1.2641666666666667
-8.4,3,20,2,3,3,0.99,1.24,1.2725000000000002
33.2,3,20,2,3,3,1.44,1.54,1.2562499999999999
0.2,1,21,2,3,3,1.15,2.0,1.1991666666666665
-3.4,5,21,2,3,3,0.63,1.07,1.1729166666666666
6.3,2,21,2,3,3,0.44,0.69,1.16625
38.7,5,21,2,3,3,0.53,1.35,1.11875
10.3,5,22,2,3,3,0.21,1.41,1.0770833333333332
-1.3,2,22,2,3,3,0.41,0.8,1.0583333333333333
22.1,5,1,3,3,4,0.35,0.76,1.1095833333333334
4.9,1,4,3,3,4,1.99,1.88,1.05125
-4.0,1,5,3,3,4,0.48,0.75,1.0754166666666667
6.1,3,6,3,3,4,1.33,1.05,1.1083333333333334
0.4,3,8,3,3,4,1.84,1.93,1.0366666666666668
-7.0,5,9,3,3,4,0.21,1.91,0.9925
25.8,3,9,3,3,4,0.85,1.54,0.9520833333333334
35.2,1,10,3,3,4,0.57,0.29,0.9533333333333333
9.9,2,10,3,3,4,0.32,1.63,0.9674999999999999
-3.6,1,11,3,3,4,1.97,1.32,0.9329166666666667
-7.9,1,12,3,3,4,0.49,1.49,0.9437500000000001
10.0,4,14,3,3,4,1.75,1.52,0.9629166666666668
7.7,3,14,3,3,4,1.98,1.25,0.9275000000000001
32.8,1,16,3,3,4,0.4,1.4,0.9016666666666667
16.3,3,16,3,3,4,0.78,0.53,0.9224999999999999
-4.4,1,17,3,3,4,1.03,0.99,0.9404166666666667
27.9,1,19,3,3,4,1.42,1.44,0.9308333333333333
9.5,2,19,3,3,4,1.21,1.15,0.8945833333333333
17.7,3,19,3,3,4,0.28,0.63,0.9183333333333333
34.1,2,19,3,3,4,1.2,0.44,0.9562499999999999
25.4,3,19,3,3,4,1.35,0.53,0.9766666666666666
9.2,2,20,3,3,4,1.02,0.21,0.9816666666666668
19.2,3,22,3,3,4,0.33,0.41,1.00625
33.0,1,22,3,3,4,1.0,0.35,1.0508333333333333
33.9,2,0,4,3,5,1.42,1.99,1.0225000000000002
24.2,2,1,4,3,5,1.31,0.48,1.05
11.1,5,1,4,3,5,1.14,1.33,1.03
14.0,3,1,4,3,5,0.85,1.84,0.9895833333333334
26.9,5,3,4,3,5,0.87,0.21,0.9891666666666666
-0.6,2,6,4,3,5,0.2,0.85,1.02875
22.3,5,6,4,3,5,1.8,0.57,1.0791666666666666
34.2,3,7,4,3,5,1.78,0.32,1.14625
12.7,5,7,4,3,5,1.93,1.97,1.135
37.6,5,7,4,3,5,1.7,0.49,1.1925
-4.1,3,8,4,3,5,1.87,1.75,1.1445833333333333
5.8,2,8,4,3,5,0.6,1.98,1.0920833333333333
-4.1,3,8,4,3,5,0.72,0.4,1.0925
36.4,4,12,4,3,5,0.41,0.78,1.1304166666666666
6.7,2,14,4,3,5,1.69,1.03,1.1241666666666668
32.7,2,15,4,3,5,0.88,1.42,1.0766666666666667
13.6,2,16,4,3,5,0.28,1.21,1.0958333333333332
24.6,1,16,4,3,5,1.67,0.28,1.1541666666666666
9.4,5,17,4,3,5,1.68,1.2,1.1408333333333334
31.5,1,19,4,3,5,0.88,1.35,1.1445833333333333
3.3,1,19,4,3,5,1.44,1.02,1.1587500000000002
10.5,4,20,4,3,5,1.36,0.33,1.1958333333333333
26.4,1,21,4,3,5,1.22,1.0,1.2137499999999999
31.1,4,21,4,3,5,1.43,1.42,1.2154166666666668
3.4,2,22,4,3,5,1.46,1.31,1.2358333333333331
6.2,4,22,4,3,5,1.8,1.14,1.2254166666666666
28.8,1,23,4,3,5,0.89,0.85,1.2237500000000001
13.4,5,0,5,3,6,0.81,0.87,1.2066666666666666
-6.9,1,3,5,3,6,0.46,0.2,1.2445833333333334
-7.9,4,4,5,3,6,1.11,1.8,1.2070833333333333
1.6,5,5,5,3,6,0.9,1.78,1.1433333333333333
27.7,5,5,5,3,6,0.25,1.93,1.11625
-8.1,5,6,5,3,6,1.28,1.7,1.0766666666666667
37.5,5,6,5,3,6,0.75,1.87,1.01
31.9,2,6,5,3,6,0.27,0.6,1.0429166666666667
-7.4,2,6,5,3,6,1.39,0.72,1.0470833333333334
-4.4,3,7,5,3,6,0.82,0.41,1.075
-8.6,5,8,5,3,6,1.08,1.69,1.0291666666666666
37.8,2,9,5,3,6,0.59,0.88,1.01
16.0,5,10,5,3,6,0.42,0.28,1.0604166666666666
-0.4,4,10,5,3,6,1.49,1.67,1.0720833333333333
21.5,1,13,5,3,6,1.95,1.68,1.0820833333333335
19.1,1,13,5,3,6,1.92,0.88,1.0604166666666666
11.2,3,13,5,3,6,0.36,1.44,1.06375
19.3,5,14,5,3,6,1.52,1.36,1.03375
-8.4,3,15,5,3,6,0.64,1.22,1.0275
21.3,2,15,5,3,6,1.07,1.43,0.9991666666666666
30.1,3,15,5,3,6,0.75,1.46,1.0020833333333334
11.4,2,15,5,3,6,1.53,1.8,0.96
29.8,3,16,5,3,6,0.79,0.89,0.9395833333333333
14.6,4,16,5,3,6,0.4,0.81,0.9383333333333334
22.5,1,17,5,3,6,0.78,0.46,0.9466666666666668
8.4,5,19,5,3,6,0.66,1.11,0.9216666666666665
36.1,3,21,5,3,6,0.51,0.9,0.9483333333333334
-9.4,1,22,5,3,6,1.54,0.25,0.98375
25.7,2,22,5,3,6,1.1,1.28,1.0016666666666667
1.4,5,22,5,3,6,1.71,0.75,1.0204166666666665
28.3,2,23,5,3,6,1.2,0.27,1.0383333333333333
15.8,5,1,6,3,0,0.7,1.39,1.0079166666666666
33.2,2,3,6,3,0,0.66,0.82,1.0133333333333334
14.7,2,5,6,3,0,0.95,1.08,1.01125
39.9,1,7,6,3,0,1.03,0.59,1.0483333333333333
13.2,2,7,6,3,0,1.48,0.42,1.1070833333333334
22.0,5,8,6,3,0,1.83,1.49,1.1125
9.5,5,8,6,3,0,1.62,1.95,1.0725
39.0,5,11,6,3,0,0.99,1.92,1.06375
16.3,5,11,6,3,0,1.71,0.36,1.0845833333333335
17.8,3,11,6,3,0,0.86,1.52,1.0945833333333332
6.1,4,12,6,3,0,1.76,0.64,1.1170833333333332
26.0,3,12,6,3,0,1.18,1.07,1.1116666666666666
7.6,2,12,6,3,0,0.94,0.75,1.1320833333333333
22.3,5,12,6,3,0,1.24,1.53,1.14625
-6.7,4,14,6,3,0,1.87,0.79,1.1958333333333333
39.8,2,14,6,3,0,1.98,0.4,1.2308333333333332
-2.4,3,14,6,3,0,1.24,0.78,1.23125
17.8,3,14,6,3,0,0.79,0.66,1.2325
0.5,5,15,6,3,0,0.69,0.51,1.2645833333333334
-9.3,3,15,6,3,0,1.28,1.54,1.28125
9.6,1,15,6,3,0,1.94,1.1,1.3
-9.0,3,15,6,3,0,1.55,1.71,1.28375
4.0,4,16,6,3,0,1.32,1.2,1.3016666666666667
14.4,2,16,6,3,0,1.63,0.7,1.2895833333333335
17.0,3,17,6,3,0,0.41,0.66,1.29125
16.1,1,19,6,3,0,0.7,0.95,1.3208333333333333
24.1,4,21,6,3,0,1.66,1.03,1.3008333333333333
29.3,5,22,6,3,0,0.55,1.48,1.2845833333333334
26.2,1,22,6,3,0,1.09,1.83,1.25
35.7,1,22,6,3,0,1.0,1.62,1.2470833333333333
5.0,1,23,6,3,0,1.55,0.99,1.2483333333333333
12.4,4,1,7,3,1,1.02,1.71,1.1866666666666665
9.6,2,1,7,3,1,0.23,0.86,1.23375
22.8,3,1,7,3,1,1.99,1.76,1.1775
1.5,2,5,7,3,1,0.41,1.18,1.1970833333333333
0.9,2,5,7,3,1,1.65,0.94,1.1941666666666666
-2.0,4,7,7,3,1,0.87,1.24,1.16375
39.7,2,8,7,3,1,0.51,1.87,1.1654166666666665
23.6,3,10,7,3,1,1.91,1.98,1.0999999999999999
16.2,1,10,7,3,1,0.41,1.24,1.0729166666666667
-5.9,5,11,7,3,1,0.59,0.79,1.0670833333333334
-6.7,2,12,7,3,1,0.65,0.69,1.1008333333333333
-7.9,5,14,7,3,1,1.5,1.28,1.0574999999999999
-7.3,3,15,7,3,1,0.24,1.94,1.0079166666666666
25.5,4,15,7,3,1,0.75,1.55,0.96875
0.3,2,15,7,3,1,0.61,1.32,0.9716666666666667
38.6,1,15,7,3,1,1.39,1.63,0.9337499999999999
-2.2,5,17,7,3,1,0.72,0.41,0.9291666666666666
25.4,5,18,7,3,1,0.3,0.7,0.9654166666666666
2.8,4,20,7,3,1,1.57,1.66,0.9520833333333333
30.9,5,21,7,3,1,1.34,0.55,0.9791666666666665
0.8,1,21,7,3,1,1.2,1.09,0.9620833333333333
35.7,5,22,7,3,1,0.68,1.0,0.96375
-2.9,1,23,7,3,1,1.04,1.55,0.9475000000000001
26.1,3,23,7,3,1,1.16,1.02,0.9804166666666666
1.4,2,0,8,3,2,1.81,0.23,1.05375
10.6,2,1,8,3,2,1.99,1.99,0.9945833333333333
20.1,3,2,8,3,2,0.57,0.41,0.9954166666666665
-7.6,5,2,8,3,2,0.43,1.65,1.0045833333333334
16.3,2,2,8,3,2,1.87,0.87,1.0116666666666667
-7.3,3,4,8,3,2,1.04,0.51,1.0533333333333335
-3.8,2,5,8,3,2,1.51,1.91,0.98375
-0.8,2,5,8,3,2,0.24,0.41,0.9829166666666667
21.0,5,6,8,3,2,0.39,0.59,0.9795833333333334
36.3,2,6,8,3,2,0.51,0.65,0.9616666666666666
-9.9,1,6,8,3,2,0.22,1.5,0.9575
2.6,5,6,8,3,2,1.4,0.24,1.00875
30.6,3,6,8,3,2,1.47,0.75,1.0091666666666665
6.3,5,7,8,3,2,0.76,0.61,1.0083333333333335
32.7,2,7,8,3,2,0.59,1.39,0.9975
-5.4,5,7,8,3,2,1.13,0.72,1.0304166666666668
-7.4,5,8,8,3,2,1.51,0.3,1.04
-8.1,3,9,8,3,2,0.53,1.57,0.9916666666666667
20.9,1,10,8,3,2,0.41,1.34,1.0170833333333333
-5.5,2,10,8,3,2,1.95,1.2,0.9983333333333334
25.3,5,11,8,3,2,0.75,0.68,1.0354166666666667
31.0,3,11,8,3,2,1.57,1.04,1.0358333333333334
-8.3,3,12,8,3,2,1.05,1.16,1.0287499999999998
20.5,2,12,8,3,2,0.99,1.81,0.98
15.5,3,13,8,3,2,0.64,1.99,0.9154166666666668
14.8,4,13,8,3,2,0.44,0.57,0.9666666666666668
6.2,5,14,8,3,2,1.8,0.43,1.0204166666666667
30.7,3,15,8,3,2,1.72,1.87,1.02375
-0.9,1,15,8,3,2,1.95,1.04,1.0533333333333335
25.1,5,16,8,3,2,1.75,1.51,1.0583333333333333
0.5,1,17,8,3,2,1.63,0.24,1.0670833333333334
25.7,2,17,8,3,2,0.45,0.39,1.1008333333333333
24.4,5,18,8,3,2,1.2,0.51,1.1570833333333332
20.4,2,18,8,3,2,1.86,0.22,1.2075
25.9,5,19,8,3,2,1.43,1.4,1.2
13.0,3,19,8,3,2,1.22,1.47,1.2020833333333332
30.9,3,20,8,3,2,1.52,0.76,1.2508333333333332
-1.0,4,20,8,3,2,1.93,0.59,1.26875
30.1,3,20,8,3,2,1.02,1.13,1.2704166666666665
27.1,5,21,8,3,2,1.17,1.51,1.27125
24.7,3,22,8,3,2,1.53,0.53,1.2979166666666666
6.3,5,22,8,3,2,1.17,0.41,1.3420833333333333
16.7,2,23,8,3,2,1.47,1.95,1.2925
35.7,3,23,8,3,2,0.76,0.75,1.28
19.6,1,0,9,3,3,0.45,1.57,1.2791666666666666
20.8,2,1,9,3,3,1.55,1.05,1.2504166666666665
30.0,1,1,9,3,3,0.36,0.99,1.24625
-1.9,1,2,9,3,3,0.89,0.64,1.2804166666666668
2.3,2,3,9,3,3,1.46,0.44,1.2854166666666667
5.4,1,5,9,3,3,0.56,1.8,1.2908333333333333
11.3,3,6,9,3,3,1.93,1.72,1.24
6.6,2,6,9,3,3,0.5,1.95,1.1925000000000001
31.8,2,8,9,3,3,0.81,1.75,1.17375
29.1,3,9,9,3,3,1.3,1.63,1.1525
-4.6,1,10,9,3,3,1.12,0.45,1.1708333333333332
25.0,1,11,9,3,3,0.89,1.2,1.1420833333333333
7.2,2,12,9,3,3,0.51,1.86,1.10875
18.3,5,16,9,3,3,1.06,1.43,1.07
11.2,1,16,9,3,3,0.5,1.22,1.0429166666666667
35.7,1,18,9,3,3,0.57,1.52,0.9929166666666668
-5.1,5,18,9,3,3,0.32,1.93,0.9924999999999998
24.7,3,18,9,3,3,1.92,1.02,1.0254166666666666
31.2,5,18,9,3,3,1.81,1.17,1.0295833333333333
33.5,2,18,9,3,3,1.27,1.53,1.0329166666666667
13.3,1,18,9,3,3,1.61,1.17,1.0179166666666666
7.8,2,19,9,3,3,0.81,1.47,0.97125
-3.7,5,20,9,3,3,0.35,0.76,0.9833333333333334
38.5,1,20,9,3,3,1.05,0.45,1.0133333333333334
3.3,5,22,9,3,3,1.17,1.55,0.9945833333333334
1.3,5,23,9,3,3,1.1,0.36,1.0070833333333333
34.2,4,0,10,3,4,0.66,0.89,1.0008333333333332
-2.4,5,0,10,3,4,0.74,1.46,0.965
5.1,5,2,10,3,4,0.6,0.56,0.9933333333333333
13.7,1,3,10,3,4,1.24,1.93,0.9212500000000001
36.4,2,3,10,3,4,0.2,0.5,0.96125
-6.8,2,4,10,3,4,1.46,0.81,0.9933333333333333
0.7,5,4,10,3,4,1.58,1.3,0.98375
36.2,4,5,10,3,4,1.07,1.12,0.9575
22.5,3,6,10,3,4,0.49,0.89,0.9329166666666667
11.0,5,7,10,3,4,0.3,0.51,0.9525
14.1,1,8,10,3,4,0.98,1.06,0.9500000000000001
8.9,4,9,10,3,4,1.0,0.5,0.9404166666666667
7.1,3,9,10,3,4,0.27,0.57,0.96
14.4,1,10,10,3,4,1.04,0.32,0.9708333333333333
20.0,2,11,10,3,4,0.58,1.92,0.9475000000000001
2.2,5,12,10,3,4,1.36,1.81,0.9216666666666667
15.6,2,13,10,3,4,1.19,1.27,0.90625
32.6,2,15,10,3,4,0.9,1.61,0.8962500000000001
36.3,2,15,10,3,4,1.37,0.81,0.8925000000000001
30.6,5,15,10,3,4,0.72,0.35,0.9295833333333334
-1.9,4,16,10,3,4,1.24,1.05,0.9425
2.3,2,17,10,3,4,1.36,1.17,0.9283333333333333
7.8,4,17,10,3,4,0.83,1.1,0.8929166666666667
15.2,4,18,10,3,4,0.25,0.66,0.88125
13.5,3,19,10,3,4,0.38,0.74,0.8612500000000001
19.7,2,19,10,3,4,0.26,0.6,0.8537500000000001
0.6,5,19,10,3,4,0.42,1.24,0.8229166666666669
34.5,5,19,10,3,4,0.5,0.2,0.8854166666666666
7.6,1,23,10,3,4,1.7,1.46,0.8729166666666668
21.4,2,0,11,3,5,1.16,1.58,0.8170833333333333
39.0,5,0,11,3,5,0.24,1.07,0.81875
19.2,5,0,11,3,5,1.11,0.49,0.82625
2.2,3,1,11,3,5,0.67,0.3,0.8470833333333334
31.4,4,2,11,3,5,0.8,0.98,0.8420833333333334
-4.9,5,2,11,3,5,0.86,1.0,0.8112499999999999
23.0,5,3,11,3,5,0.26,0.27,0.8454166666666666
-7.6,3,4,11,3,5,1.09,1.04,0.8650000000000001
25.3,4,5,11,3,5,1.51,0.58,0.8616666666666667
3.9,5,6,11,3,5,0.5,1.36,0.855
9.7,4,6,11,3,5,1.2,1.19,0.8345833333333332
-3.9,5,7,11,3,5,0.7,0.9,0.8095833333333333
-1.5,4,8,11,3,5,0.3,1.37,0.7875
24.9,3,9,11,3,5,0.84,0.72,0.8116666666666666
24.9,3,9,11,3,5,1.3,1.24,0.8154166666666667
23.4,1,12,11,3,5,1.33,1.36,0.7875
39.3,4,13,11,3,5,0.69,0.83,0.7945833333333333
7.6,5,15,11,3,5,1.0,0.25,0.85125
4.6,4,15,11,3,5,1.61,0.38,0.8879166666666668
-4.7,2,16,11,3,5,1.26,0.26,0.9191666666666666
12.3,5,16,11,3,5,1.01,0.42,0.9641666666666665
1.2,4,16,11,3,5,1.5,0.5,1.0095833333333333
21.8,1,16,11,3,5,1.59,1.7,0.9883333333333333
21.1,4,17,11,3,5,1.19,1.16,0.9654166666666666
20.6,4,17,11,3,5,0.61,0.24,0.9720833333333334
7.4,5,18,11,3,5,0.4,1.11,0.9866666666666667
22.2,3,18,11,3,5,1.46,0.67,1.0374999999999999
-8.2,5,18,11,3,5,1.89,0.8,1.0325
32.9,2,19,11,3,5,0.68,0.86,1.0320833333333332
28.3,3,22,11,3,5,0.85,0.26,1.0475
25.3,5,22,11,3,5,0.63,1.09,1.08
33.4,1,1,12,3,6,1.87,1.51,1.08625
-2.5,2,1,12,3,6,1.66,0.5,1.0804166666666666
33.1,3,1,12,3,6,0.36,1.2,1.0883333333333334
18.3,3,4,12,3,6,1.39,0.7,1.0941666666666667
28.2,1,4,12,3,6,0.84,0.3,1.0987500000000001
30.5,1,5,12,3,6,0.41,0.84,1.0783333333333334
37.8,5,5,12,3,6,0.35,1.3,1.1004166666666666
32.8,4,6,12,3,6,1.83,1.33,1.10375
12.4,2,6,12,3,6,1.41,0.69,1.1520833333333333
-1.6,4,7,12,3,6,1.85,1.0,1.1675
30.8,1,7,12,3,6,1.37,1.61,1.1591666666666667
8.0,5,7,12,3,6,1.41,1.26,1.1512499999999999
-6.3,1,8,12,3,6,1.07,1.01,1.1700000000000002
6.3,3,8,12,3,6,1.46,1.5,1.1716666666666666
13.2,5,10,12,3,6,1.54,1.59,1.1316666666666666
37.5,1,10,12,3,6,0.63,1.19,1.1470833333333335
26.7,3,10,12,3,6,1.56,0.61,1.1870833333333335
30.4,5,12,12,3,6,1.57,0.4,1.2362499999999998
-7.8,1,12,12,3,6,1.58,1.46,1.2408333333333335
21.6,3,12,12,3,6,1.57,1.89,1.1783333333333335
15.7,4,14,12,3,6,0.39,0.68,1.18625
38.4,5,14,12,3,6,0.87,0.85,1.17875
-9.0,2,15,12,3,6,0.67,0.63,1.23
-5.6,2,15,12,3,6,1.86,1.87,1.2241666666666666
23.0,1,16,12,3,6,1.73,1.66,1.2316666666666667
11.1,3,17,12,3,6,1.84,0.36,1.2595833333333333
7.8,1,17,12,3,6,1.03,1.39,1.2825
21.8,1,19,12,3,6,1.94,0.84,1.3299999999999998
22.9,2,19,12,3,6,1.98,0.41,1.3304166666666666
34.3,4,20,12,3,6,0.42,0.35,1.3637500000000002
28.5,1,21,12,3,6,1.15,1.83,1.2995833333333333
33.2,2,23,12,3,6,0.29,1.41,1.29
4.6,3,23,12,3,6,1.18,1.85,1.2808333333333335
3.8,2,0,13,3,0,1.63,1.37,1.3016666666666667
2.2,1,0,13,3,0,1.87,1.41,1.29375
34.6,4,0,13,3,0,1.22,1.07,1.3
17.2,3,2,13,3,0,1.22,1.46,1.28375
30.5,2,2,13,3,0,1.07,1.54,1.2750000000000001
-7.8,5,2,13,3,0,1.33,0.63,1.3129166666666667
36.0,4,3,13,3,0,1.54,1.56,1.3095833333333333
-9.1,4,3,13,3,0,1.48,1.57,1.28375
5.6,5,4,13,3,0,0.95,1.58,1.24
5.6,2,5,13,3,0,0.53,1.57,1.1929166666666666
17.2,1,5,13,3,0,0.44,0.39,1.235
27.7,5,5,13,3,0,1.4,0.87,1.2391666666666665
0.3,1,6,13,3,0,0.97,0.67,1.2862500000000001
22.6,2,7,13,3,0,1.8,1.86,1.2204166666666667
25.0,3,7,13,3,0,0.28,1.73,1.21
32.6,2,9,13,3,0,1.48,1.84,1.16875
-0.2,3,9,13,3,0,0.85,1.03,1.1575
19.1,4,9,13,3,0,0.76,1.94,1.1558333333333333
-7.9,5,9,13,3,0,1.9,1.98,1.1341666666666668
37.5,4,10,13,3,0,1.46,0.42,1.1670833333333333
18.4,3,10,13,3,0,1.21,1.15,1.1554166666666668
12.2,4,13,13,3,0,0.87,0.29,1.1591666666666667
3.3,4,16,13,3,0,0.38,1.18,1.1208333333333333
37.7,5,18,13,3,0,0.26,1.63,1.1166666666666667
33.2,3,18,13,3,0,1.53,1.87,1.05375
-7.6,3,21,13,3,0,0.36,1.22,1.06375
8.7,4,21,13,3,0,1.46,1.22,1.06125
37.6,5,21,13,3,0,1.16,1.07,1.0779166666666666
3.3,1,21,13,3,0,1.47,1.33,1.0933333333333333
30.6,2,22,13,3,0,1.7,1.54,1.0983333333333334
27.1,2,22,13,3,0,1.66,1.48,1.0516666666666665
2.9,5,23,13,3,0,0.36,0.95,1.0354166666666667
2.3,2,23,13,3,0,0.56,0.53,1.0441666666666667
33.8,4,0,14,3,1,0.74,0.44,1.0925
-1.0,5,1,14,3,1,1.6,1.4,1.0954166666666667
13.0,2,1,14,3,1,1.47,0.97,1.09
3.2,3,5,14,3,1,0.84,1.8,1.0799999999999998
-3.4,2,6,14,3,1,1.56,0.28,1.1366666666666667
13.5,5,6,14,3,1,1.64,1.48,1.14375
-8.2,1,6,14,3,1,1.65,0.85,1.1820833333333334
34.1,3,6,14,3,1,1.77,0.76,1.1729166666666668
9.9,3,8,14,3,1,0.54,1.9,1.1604166666666667
18.3,1,8,14,3,1,1.6,1.46,1.1591666666666667
4.2,5,10,14,3,1,1.43,1.21,1.12125
-4.1,3,11,14,3,1,0.3,0.87,1.1541666666666666
1.7,4,11,14,3,1,1.66,0.38,1.1595833333333334
36.7,4,12,14,3,1,0.51,0.26,1.2133333333333334
8.5,3,15,14,3,1,1.55,1.53,1.1945833333333333
12.6,3,18,14,3,1,1.08,0.36,1.20125
8.5,2,19,14,3,1,0.52,1.46,1.1708333333333332
31.3,1,21,14,3,1,0.73,1.16,1.17375
4.2,1,22,14,3,1,1.23,1.47,1.1745833333333333
18.0,5,22,14,3,1,1.49,1.7,1.165
23.3,1,23,14,3,1,1.47,1.66,1.1458333333333333
1.2,1,23,14,3,1,1.2,0.36,1.1654166666666665
17.2,5,23,14,3,1,0.83,0.56,1.1841666666666668
29.5,4,2,15,3,2,1.01,0.74,1.20625
-8.0,5,2,15,3,2,1.27,1.6,1.1804166666666667
4.0,2,3,15,3,2,0.98,1.47,1.1433333333333333
3.1,2,3,15,3,2,0.58,0.84,1.1495833333333334
20.3,4,4,15,3,2,0.99,1.56,1.1033333333333333
31.7,3,6,15,3,2,0.45,1.64,1.06625
17.9,4,6,15,3,2,0.75,1.65,1.0554166666666667
31.5,5,7,15,3,2,1.39,1.77,1.0429166666666665
20.8,4,8,15,3,2,1.47,0.54,1.0291666666666666
7.9,5,8,15,3,2,0.21,1.6,1.0070833333333333
-2.9,3,9,15,3,2,1.07,1.43,1.0291666666666668
0.6,5,9,15,3,2,1.96,0.3,1.0729166666666667
23.5,3,9,15,3,2,1.35,1.66,1.0720833333333333
2.8,1,10,15,3,2,1.64,0.51,1.0895833333333333
35.9,3,10,15,3,2,0.93,1.55,1.0583333333333333
-9.2,3,11,15,3,2,0.8,1.08,1.08
6.2,5,11,15,3,2,1.6,0.52,1.0783333333333334
29.0,4,11,15,3,2,0.48,0.73,1.1283333333333334
-2.3,2,12,15,3,2,1.93,1.23,1.1104166666666666
21.6,2,12,15,3,2,0.8,1.49,1.0766666666666667
38.5,1,12,15,3,2,0.68,1.47,1.0804166666666666
28.3,3,13,15,3,2,1.56,1.2,1.0741666666666667
12.7,3,13,15,3,2,1.05,0.83,1.1050000000000002
7.1,1,13,15,3,2,1.57,1.01,1.1425
7.8,2,14,15,3,2,1.91,1.27,1.1458333333333333
21.5,1,14,15,3,2,1.35,0.98,1.1641666666666668
31.0,5,14,15,3,2,1.42,0.58,1.1925000000000001
20.6,3,15,15,3,2,1.26,0.99,1.1795833333333332
15.1,1,15,15,3,2,0.68,0.45,1.23625
0.3,5,18,15,3,2,1.81,0.75,1.2383333333333335
34.2,5,18,15,3,2,0.8,1.39,1.20375
-4.6,1,20,15,3,2,0.56,1.47,1.1966666666666668
17.0,5,23,15,3,2,1.3,0.21,1.2708333333333333
24.6,1,0,16,3,3,1.99,1.07,1.2729166666666667
-3.3,1,1,16,3,3,1.12,1.96,1.2520833333333334
-8.3,5,1,16,3,3,1.46,1.35,1.2525000000000002
-2.8,2,1,16,3,3,1.36,1.64,1.2275
-1.9,3,2,16,3,3,1.04,0.93,1.1991666666666667
24.1,1,4,16,3,3,0.25,0.8,1.2454166666666666
-2.5,4,7,16,3,3,1.91,1.6,1.2362499999999998
23.1,4,7,16,3,3,1.38,0.48,1.26
32.3,2,7,16,3,3,1.05,1.93,1.2225
36.6,4,8,16,3,3,1.03,0.8,1.2325000000000002
25.8,2,8,16,3,3,1.04,0.68,1.2658333333333334
22.2,2,9,16,3,3,1.48,1.56,1.2758333333333334
32.6,3,11,16,3,3,1.8,1.05,1.2604166666666667
31.2,2,11,16,3,3,0.68,1.57,1.2604166666666667
30.6,3,11,16,3,3,1.57,1.91,1.2266666666666666
7.9,2,12,16,3,3,1.1,1.35,1.2283333333333333
22.9,2,13,16,3,3,1.39,1.42,1.2
19.2,1,14,16,3,3,0.74,1.26,1.1770833333333333
8.9,4,15,16,3,3,0.71,0.68,1.2175
37.1,3,19,16,3,3,1.65,1.81,1.1675
-8.0,4,21,16,3,3,0.61,0.8,1.1733333333333333
32.5,4,21,16,3,3,0.94,0.56,1.1704166666666667
29.8,1,22,16,3,3,0.49,1.3,1.1266666666666667
36.8,1,22,16,3,3,0.25,1.99,1.0875000000000001
39.9,1,0,17,3,4,1.05,1.12,1.1120833333333333
20.2,1,1,17,3,4,1.71,1.46,1.0654166666666667
10.0,2,1,17,3,4,0.34,1.36,1.0754166666666667
36.2,2,1,17,3,4,1.6,1.04,1.0758333333333334
32.2,3,1,17,3,4,1.05,0.25,1.0804166666666666
8.3,2,2,17,3,4,0.36,1.91,1.0370833333333334
1.0,1,3,17,3,4,0.87,1.38,1.0295833333333333
7.5,5,4,17,3,4,1.2,1.05,1.015
18.9,4,5,17,3,4,0.7,1.03,1.055
10.1,2,6,17,3,4,1.99,1.04,1.05
34.9,3,6,17,3,4,0.92,1.48,0.9987499999999999
3.1,1,6,17,3,4,0.25,1.8,1.0
-4.8,2,6,17,3,4,1.83,0.68,1.0225
-2.7,4,7,17,3,4,1.22,1.57,0.9691666666666666
29.4,4,8,17,3,4,0.29,1.1,0.9566666666666667
15.5,1,8,17,3,4,0.8,1.39,0.9233333333333333
20.3,2,9,17,3,4,0.59,0.74,0.9258333333333333
6.8,2,11,17,3,4,0.8,0.71,0.93375
5.7,4,11,17,3,4,0.9,1.65,0.8866666666666667
24.7,1,11,17,3,4,0.52,0.61,0.8741666666666666
-3.3,2,14,17,3,4,0.31,0.94,0.9079166666666666
-6.9,5,14,17,3,4,1.75,0.49,0.9391666666666666
8.9,2,14,17,3,4,1.24,0.25,0.9420833333333333
-8.8,4,14,17,3,4,0.32,1.05,0.9070833333333334
4.2,1,14,17,3,4,0.21,1.71,0.8662500000000001
37.2,3,16,17,3,4,0.73,0.34,0.8933333333333332
-2.6,1,16,17,3,4,0.99,1.6,0.8525
35.4,4,17,17,3,4,0.62,1.05,0.8441666666666667
7.0,3,18,17,3,4,0.85,0.36,0.8870833333333333
4.8,2,18,17,3,4,1.39,0.87,0.9179166666666667
24.1,3,19,17,3,4,1.61,1.2,0.8929166666666667
18.4,5,19,17,3,4,0.6,0.7,0.9004166666666666
-2.0,1,20,17,3,4,0.88,1.99,0.86625
39.3,3,21,17,3,4,1.17,0.92,0.9041666666666668
38.0,3,21,17,3,4,1.83,0.25,0.9220833333333335
36.6,1,21,17,3,4,0.68,1.83,0.8633333333333333
-9.5,2,22,17,3,4,0.42,1.22,0.88375
32.5,3,0,18,3,5,1.71,0.29,0.8866666666666667
13.5,1,1,18,3,5,0.36,0.8,0.8966666666666666
20.8,3,1,18,3,5,1.04,0.59,0.9133333333333334
26.9,3,3,18,3,5,0.99,0.8,0.9304166666666666
18.3,4,4,18,3,5,1.21,0.9,0.9758333333333334
36.7,5,4,18,3,5,1.99,0.52,1.0154166666666666
1.6,3,6,18,3,5,1.47,0.31,1.0366666666666666
10.4,1,6,18,3,5,0.82,1.75,1.0183333333333333
36.7,1,10,18,3,5,1.31,1.24,1.0358333333333334
2.5,2,11,18,3,5,1.66,0.32,1.08125
6.1,2,13,18,3,5,1.41,0.21,1.0954166666666667
29.2,2,15,18,3,5,0.55,0.73,1.1279166666666667
-4.3,5,16,18,3,5,1.51,0.99,1.1408333333333334
-3.2,5,17,18,3,5,1.3,0.62,1.1783333333333335
38.2,1,17,18,3,5,1.52,0.85,1.1533333333333333
38.7,1,17,18,3,5,0.25,1.39,1.1266666666666667
21.2,3,18,18,3,5,0.75,1.61,1.1329166666666666
32.3,1,19,18,3,5,1.76,0.6,1.1470833333333335
39.6,5,19,18,3,5,0.94,0.88,1.1433333333333333
13.8,2,20,18,3,5,0.79,1.17,1.16625
26.6,2,23,18,3,5,1.72,1.83,1.1141666666666665
-3.6,3,23,18,3,5,0.58,0.68,1.1370833333333332
23.9,5,1,19,3,6,1.23,0.42,1.1358333333333335
3.6,3,1,19,3,6,0.39,1.71,1.0754166666666667
3.6,5,2,19,3,6,0.26,0.36,1.10875
7.4,2,3,19,3,6,1.16,1.04,1.1070833333333334
16.0,4,4,19,3,6,1.0,0.99,1.1279166666666667
28.9,5,5,19,3,6,1.49,1.21,1.1191666666666669
12.8,4,5,19,3,6,1.0,1.99,1.0841666666666667
6.1,1,7,19,3,6,1.15,1.47,1.06875
19.6,3,8,19,3,6,1.1,0.82,1.11375
11.6,3,10,19,3,6,1.9,1.31,1.1020833333333335
22.3,4,12,19,3,6,1.03,1.66,1.1
36.7,4,12,19,3,6,1.61,1.41,1.0825
19.1,5,12,19,3,6,0.99,0.55,1.0708333333333333
13.2,2,13,19,3,6,0.27,1.51,1.0758333333333334
25.8,4,14,19,3,6,1.63,1.3,1.0733333333333333
34.2,2,14,19,3,6,1.24,1.52,1.0541666666666665
-1.1,1,15,19,3,6,1.06,0.25,1.11625
3.9,1,15,19,3,6,1.74,0.75,1.1675
36.1,3,16,19,3,6,1.98,1.76,1.1175
4.2,5,17,19,3,6,0.56,0.94,1.1020833333333333
24.5,5,17,19,3,6,0.57,0.79,1.1129166666666668
28.9,3,18,19,3,6,1.05,1.72,1.1183333333333334
14.5,2,19,19,3,6,1.85,0.58,1.1070833333333334
-1.9,4,20,19,3,6,0.31,1.23,1.1224999999999998
-0.5,3,21,19,3,6,1.6,0.39,1.1583333333333332
29.5,3,21,19,3,6,1.25,0.26,1.2129166666666666
14.5,5,22,19,3,6,1.57,1.16,1.2454166666666666
20.3,3,23,19,3,6,1.94,1.0,1.2166666666666666
32.0,2,23,19,3,6,0.31,1.49,1.18625
19.7,1,4,20,3,0,0.76,1.0,1.1937499999999999
-7.4,5,4,20,3,0,1.18,1.15,1.1645833333333333
23.8,3,6,20,3,0,0.45,1.1,1.1883333333333332
-7.5,3,6,20,3,0,1.67,1.9,1.1758333333333333
30.8,5,6,20,3,0,1.6,1.03,1.1933333333333334
-4.3,3,7,20,3,0,1.45,1.61,1.1937499999999999
9.0,4,7,20,3,0,1.62,0.99,1.1633333333333333
3.0,1,8,20,3,0,0.26,0.27,1.2075
24.5,1,8,20,3,0,1.33,1.63,1.21875
37.1,5,9,20,3,0,1.9,1.24,1.1941666666666666
4.7,4,10,20,3,0,0.65,1.06,1.1870833333333335
22.3,3,11,20,3,0,0.89,1.74,1.1616666666666666
-6.7,5,11,20,3,0,1.13,1.98,1.14
26.9,4,12,20,3,0,1.46,0.56,1.1645833333333333
31.4,3,14,20,3,0,1.15,0.57,1.16625
-5.0,4,16,20,3,0,0.61,1.05,1.1500000000000001
22.5,3,17,20,3,0,0.66,1.85,1.1366666666666665
28.1,2,17,20,3,0,1.53,0.31,1.1983333333333333
17.1,4,18,20,3,0,1.79,1.6,1.16
-2.2,4,19,20,3,0,0.68,1.25,1.1745833333333333
-2.0,5,19,20,3,0,1.6,1.57,1.1533333333333333
-9.7,5,19,20,3,0,1.06,1.94,1.0987500000000001
39.1,2,20,20,3,0,0.63,0.31,1.1120833333333333
19.0,5,20,20,3,0,0.63,0.76,1.13625
-4.2,2,22,20,3,0,1.34,1.18,1.1158333333333335
38.7,4,0,21,3,1,0.69,0.45,1.115
36.7,5,0,21,3,1,0.43,1.67,1.11625
32.4,5,2,21,3,1,1.7,1.6,1.0820833333333335
24.6,1,2,21,3,1,0.78,1.45,1.1016666666666666
2.6,5,3,21,3,1,1.92,1.62,1.0695833333333333
-1.7,2,3,21,3,1,0.85,0.26,1.125
-0.1,5,5,21,3,1,1.59,1.33,1.0833333333333333
21.7,5,5,21,3,1,0.33,1.9,1.03
24.8,5,5,21,3,1,0.62,0.65,1.0625
14.9,1,6,21,3,1,1.43,0.89,1.0791666666666666
30.2,5,9,21,3,1,1.29,1.13,1.05
18.2,4,10,21,3,1,0.43,1.46,0.9995833333333333
24.1,3,11,21,3,1,0.25,1.15,0.9691666666666667
39.4,1,13,21,3,1,0.42,0.61,0.9908333333333332
25.9,4,14,21,3,1,1.13,0.66,1.0141666666666667
0.3,3,14,21,3,1,1.22,1.53,1.02
21.9,4,15,21,3,1,1.67,1.79,1.0
11.7,3,15,21,3,1,1.31,0.68,0.9974999999999999
6.0,1,17,21,3,1,0.62,1.6,0.9791666666666666
-7.5,5,17,21,3,1,1.16,1.06,1.0166666666666666
24.3,4,17,21,3,1,1.96,0.63,1.0195833333333333
13.2,4,17,21,3,1,0.7,0.63,1.06625
7.7,5,18,21,3,1,1.75,1.34,1.0783333333333334
9.3,2,21,21,3,1,1.63,0.69,1.1054166666666665
2.3,4,22,21,3,1,1.34,0.43,1.1241666666666668
39.8,1,23,21,3,1,0.88,1.7,1.1120833333333333
26.1,4,0,22,3,2,1.41,0.78,1.14125
8.3,4,0,22,3,2,1.48,1.92,1.1420833333333333
29.1,2,1,22,3,2,1.94,0.85,1.175
-3.1,3,2,22,3,2,1.64,1.59,1.1879166666666665
33.4,4,2,22,3,2,1.9,0.33,1.1941666666666666
14.8,3,2,22,3,2,0.48,0.62,1.2204166666666667
19.5,2,3,22,3,2,1.25,1.43,1.1929166666666666
-4.7,4,6,22,3,2,0.77,1.29,1.1479166666666667
18.1,4,6,22,3,2,0.21,0.43,1.1995833333333334
2.5,4,7,22,3,2,1.67,0.25,1.22625
39.7,2,9,22,3,2,0.89,0.42,1.2916666666666667
21.2,4,9,22,3,2,1.99,1.13,1.2791666666666666
15.3,2,10,22,3,2,0.83,1.22,1.2508333333333332
18.3,4,11,22,3,2,0.54,1.67,1.2379166666666668
23.3,4,14,22,3,2,1.36,1.31,1.2158333333333333
37.7,4,15,22,3,2,0.78,0.62,1.2554166666666666
33.1,3,15,22,3,2,1.57,1.16,1.2158333333333333
5.2,5,15,22,3,2,0.21,1.96,1.1533333333333333
37.3,5,16,22,3,2,0.46,0.7,1.14
-6.4,1,16,22,3,2,0.38,1.75,1.0941666666666667
15.8,4,19,22,3,2,0.65,1.63,1.0433333333333334
7.2,4,22,22,3,2,0.41,1.34,1.0250000000000001
15.4,3,23,22,3,2,0.9,0.88,1.0395833333333333
-0.7,1,1,23,3,3,1.23,1.41,1.0529166666666667
-7.4,5,1,23,3,3,1.73,1.48,1.07
3.0,3,1,23,3,3,1.89,1.94,1.06375
22.0,3,4,23,3,3,1.79,1.64,1.0595833333333333
5.4,3,5,23,3,3,1.54,1.9,1.0337500000000002
6.5,5,5,23,3,3,1.28,0.48,1.0745833333333332
29.9,1,6,23,3,3,1.46,1.25,1.0429166666666667
-1.2,2,6,23,3,3,0.49,0.77,1.0929166666666668
4.5,3,7,23,3,3,1.97,0.21,1.0925
8.6,3,7,23,3,3,0.2,1.67,1.0458333333333332
1.7,3,8,23,3,3,0.55,0.89,1.07125
17.0,4,9,23,3,3,1.5,1.99,1.0579166666666666
7.6,1,10,23,3,3,1.67,0.83,1.0620833333333335
2.7,2,10,23,3,3,0.93,0.54,1.0529166666666667
23.3,2,10,23,3,3,0.32,1.36,1.0729166666666667
5.5,5,11,23,3,3,1.84,0.78,1.0808333333333333
12.7,5,12,23,3,3,0.97,1.57,1.0283333333333333
11.0,1,12,23,3,3,0.31,0.21,1.0754166666666667
3.4,3,13,23,3,3,1.34,0.46,1.0758333333333334
3.8,3,13,23,3,3,0.47,0.38,1.0845833333333335
6.2,3,13,23,3,3,0.59,0.65,1.0916666666666666
10.4,4,15,23,3,3,0.82,0.41,1.1516666666666666
27.7,1,16,23,3,3,1.85,0.9,1.1583333333333334
-5.9,4,16,23,3,3,1.06,1.23,1.1566666666666665
33.2,1,16,23,3,3,1.19,1.73,1.16375
27.7,3,19,23,3,3,1.9,1.89,1.1170833333333332
9.2,5,19,23,3,3,0.77,1.79,1.0845833333333332
31.9,1,20,23,3,3,1.01,1.54,1.0316666666666667
-8.6,1,20,23,3,3,0.27,1.28,1.0441666666666667
39.9,3,20,23,3,3,1.58,1.46,1.0154166666666666
36.7,3,21,23,3,3,0.77,0.49,1.0254166666666666
1.7,3,21,23,3,3,0.73,1.97,0.97625
38.7,2,23,23,3,3,0.79,0.2,0.9808333333333334
3.5,4,1,24,3,4,0.31,0.55,1.0004166666666667
39.9,5,1,24,3,4,1.02,1.5,1.0104166666666667
-9.5,2,2,24,3,4,1.74,1.67,0.95375
12.3,1,2,24,3,4,0.31,0.93,0.9974999999999999
29.0,2,4,24,3,4,1.98,0.32,1.0441666666666667
-0.7,4,5,24,3,4,1.44,1.84,1.0120833333333332
8.4,5,6,24,3,4,1.07,0.97,1.0320833333333332
18.6,5,6,24,3,4,1.45,0.31,1.055
1.8,4,6,24,3,4,0.86,1.34,1.0204166666666665
-1.2,2,7,24,3,4,0.51,0.47,1.0645833333333334
26.5,5,7,24,3,4,1.53,0.59,1.055
28.1,5,7,24,3,4,0.36,0.82,1.07625
35.8,1,7,24,3,4,1.33,1.85,1.0116666666666667
37.0,1,9,24,3,4,0.3,1.06,0.9833333333333333
26.6,4,10,24,3,4,0.38,1.19,0.9562500000000002
9.7,2,11,24,3,4,0.54,1.9,0.895
0.4,3,11,24,3,4,0.43,0.77,0.8983333333333333
21.1,5,13,24,3,4,0.85,1.01,0.9325000000000001
16.3,3,16,24,3,4,1.83,0.27,0.9583333333333334
-6.6,1,16,24,3,4,0.89,1.58,0.9079166666666666
16.1,3,17,24,3,4,0.37,0.77,0.88625
7.1,5,18,24,3,4,0.25,0.73,0.8729166666666667
3.1,1,18,24,3,4,0.41,0.79,0.8841666666666668
23.5,5,18,24,3,4,1.06,0.31,0.8820833333333332
24.5,2,19,24,3,4,0.26,1.02,0.9141666666666666
6.8,2,19,24,3,4,1.79,1.74,0.8983333333333334
33.0,4,20,24,3,4,1.36,0.31,0.9354166666666667
24.5,3,20,24,3,4,1.2,1.98,0.8966666666666666
30.7,1,20,24,3,4,1.05,1.44,0.9175
20.2,2,20,24,3,4,1.94,1.07,0.9241666666666667
28.9,1,20,24,3,4,1.23,1.45,0.8954166666666667
36.5,4,21,24,3,4,0.76,0.86,0.8933333333333334
5.4,2,21,24,3,4,0.81,0.51,0.9145833333333333
-7.9,3,21,24,3,4,1.02,1.53,0.8908333333333333
-9.3,3,21,24,3,4,0.96,0.36,0.8866666666666667
-8.4,1,22,24,3,4,0.26,1.33,0.8841666666666668
-1.4,1,22,24,3,4,1.27,0.3,0.9291666666666667
-4.4,3,23,24,3,4,1.38,0.38,0.9900000000000001
9.7,3,0,25,3,5,1.84,0.54,1.0466666666666666
-6.2,4,2,25,3,5,1.9,0.43,1.0395833333333333
31.2,5,4,25,3,5,0.26,0.85,1.0504166666666668
-1.8,4,7,25,3,5,1.11,1.83,1.0125
-4.9,2,7,25,3,5,0.92,0.89,1.0125
20.0,1,8,25,3,5,0.89,0.37,1.0608333333333333
-7.8,1,9,25,3,5,1.53,0.25,1.0854166666666667
0.7,4,10,25,3,5,0.84,0.41,1.1179166666666667
19.0,3,10,25,3,5,1.19,1.06,1.1016666666666666
28.3,3,16,25,3,5,0.67,0.26,1.15625
37.6,5,18,25,3,5,1.57,1.79,1.0945833333333335
-0.9,5,18,25,3,5,0.31,1.36,1.05125
3.8,2,20,25,3,5,0.32,1.2,1.0391666666666666
33.0,1,22,25,3,5,0.91,1.05,1.0408333333333333
-1.8,2,23,25,3,5,1.09,1.94,0.9708333333333333
6.3,3,0,26,3,6,0.26,1.23,0.9516666666666667
7.4,4,3,26,3,6,0.77,0.76,0.92875
18.8,5,4,26,3,6,0.21,0.81,0.9270833333333334
37.5,4,4,26,3,6,0.77,1.02,0.9625
15.1,1,5,26,3,6,1.87,0.96,0.9625
10.2,5,6,26,3,6,0.96,0.26,0.9804166666666667
-2.3,4,7,26,3,6,0.69,1.27,0.975
28.3,2,9,26,3,6,1.14,1.38,0.94875
6.0,1,9,26,3,6,0.75,1.84,0.9533333333333333
-4.7,5,11,26,3,6,1.95,1.9,0.9283333333333333
-9.6,4,12,26,3,6,1.3,0.26,0.9420833333333333
-9.1,3,15,26,3,6,0.59,1.11,0.9058333333333334
28.4,2,15,26,3,6,0.24,0.92,0.9199999999999999
0.8,3,15,26,3,6,1.26,0.89,0.9541666666666667
2.5,2,16,26,3,6,1.71,1.53,0.9470833333333334
26.2,1,16,26,3,6,1.36,0.84,0.985
14.7,4,16,26,3,6,1.75,1.19,0.9491666666666667
16.3,4,17,26,3,6,0.33,0.67,0.9875000000000002
11.5,5,18,26,3,6,1.59,1.57,0.9695833333333334
20.5,4,18,26,3,6,1.14,0.31,1.0379166666666666
38.7,3,18,26,3,6,1.95,0.32,1.0783333333333334
-6.3,2,20,26,3,6,1.29,0.91,1.0504166666666666
27.1,2,20,26,3,6,0.24,1.09,1.0474999999999999
-5.2,5,20,26,3,6,1.02,0.26,1.0933333333333335
3.0,2,20,26,3,6,1.36,0.77,1.0908333333333333
1.4,3,22,26,3,6,0.71,0.21,1.14625
-0.2,1,22,26,3,6,1.54,0.77,1.1841666666666668
-7.3,2,23,26,3,6,1.68,1.87,1.11625
25.8,2,23,26,3,6,0.24,0.96,1.1416666666666666
20.8,5,1,27,3,0,1.57,0.69,1.18
-8.0,2,1,27,3,0,1.61,1.14,1.2141666666666666
13.8,2,3,27,3,0,1.96,0.75,1.25
27.9,1,6,27,3,0,1.61,1.95,1.1991666666666667
3.4,4,6,27,3,0,0.73,1.3,1.1679166666666667
30.0,2,7,27,3,0,0.55,0.59,1.2158333333333333
3.8,3,10,27,3,0,1.74,0.24,1.2891666666666666
1.1,3,10,27,3,0,2.0,1.26,1.3104166666666666
37.6,1,11,27,3,0,1.77,1.71,1.3025
5.6,2,13,27,3,0,1.52,1.36,1.32125
32.6,4,14,27,3,0,1.81,1.75,1.3175000000000001
39.8,3,16,27,3,0,1.66,0.33,1.3858333333333333
29.4,3,17,27,3,0,1.97,1.59,1.33125
33.2,2,17,27,3,0,0.28,1.14,1.3533333333333335
19.8,3,17,27,3,0,1.67,1.95,1.2933333333333332
13.3,5,19,27,3,0,0.51,1.29,1.2970833333333334
23.2,2,20,27,3,0,1.38,0.24,1.3566666666666667
-4.6,5,21,27,3,0,1.67,1.02,1.3954166666666667
16.6,3,21,27,3,0,1.95,1.36,1.3641666666666667
37.6,5,21,27,3,0,0.61,0.71,1.3775000000000002
32.9,1,23,27,3,0,1.03,1.54,1.3370833333333332
6.6,5,23,27,3,0,0.57,1.68,1.2925
12.5,2,1,28,3,1,0.61,0.24,1.3241666666666667
23.4,5,3,28,3,1,1.0,1.57,1.3062500000000001
21.2,5,3,28,3,1,1.14,1.61,1.2504166666666667
35.2,1,5,28,3,1,0.27,1.96,1.2104166666666667
17.7,3,5,28,3,1,1.0,1.61,1.1995833333333332
35.2,2,5,28,3,1,1.35,0.73,1.1875
30.8,5,6,28,3,1,0.44,0.55,1.2154166666666666
34.8,2,7,28,3,1,1.22,1.74,1.2125000000000001
-7.1,4,8,28,3,1,1.67,2.0,1.1475
23.1,2,9,28,3,1,0.44,1.77,1.1387500000000002
-1.2,1,9,28,3,1,1.56,1.52,1.1158333333333335
6.7,5,10,28,3,1,0.97,1.81,1.05375
6.3,1,17,28,3,1,0.32,1.66,0.9954166666666665
13.6,3,19,28,3,1,0.26,1.97,0.9816666666666666
20.5,2,19,28,3,1,1.64,0.28,1.0325
40.0,3,20,28,3,1,1.5,1.67,0.9820833333333333
1.8,5,22,28,3,1,0.46,0.51,1.0154166666666666
37.7,3,22,28,3,1,1.31,1.38,1.0266666666666666
32.9,3,23,28,3,1,1.65,1.67,1.0229166666666665
-4.7,5,23,28,3,1,1.58,1.95,0.9941666666666666
25.0,2,23,28,3,1,1.26,0.61,1.04625
5.3,2,1,29,3,2,1.86,1.03,1.0174999999999998
4.2,4,3,29,3,2,0.34,0.57,1.0070833333333333
3.4,3,4,29,3,2,0.32,0.61,1.06375
13.2,4,5,29,3,2,1.97,1.0,1.04625
-7.6,3,5,29,3,2,0.58,1.14,1.0254166666666666
16.5,3,6,29,3,2,0.64,0.27,1.0716666666666665
16.2,2,7,29,3,2,1.38,1.0,1.06625
24.9,3,9,29,3,2,0.87,1.35,1.0583333333333333
35.2,2,11,29,3,2,1.16,0.44,1.1141666666666665
32.9,5,12,29,3,2,1.78,1.22,1.0991666666666666
25.6,4,13,29,3,2,0.86,1.67,1.0520833333333333
17.1,4,13,29,3,2,0.54,0.44,1.0908333333333333
24.0,2,13,29,3,2,1.37,1.56,1.07125
-3.3,2,14,29,3,2,1.09,0.97,1.1075000000000002
32.7,4,14,29,3,2,1.84,0.32,1.1133333333333333
15.9,5,16,29,3,2,0.46,0.26,1.1754166666666668
37.4,5,17,29,3,2,1.75,1.64,1.1525
13.4,4,17,29,3,2,1.09,1.5,1.1616666666666668
6.5,3,17,29,3,2,1.72,0.46,1.1525
9.8,2,17,29,3,2,0.24,1.31,1.1204166666666666
29.8,2,20,29,3,2,0.54,1.65,1.0641666666666667
24.2,4,21,29,3,2,0.3,1.58,1.0370833333333334
6.7,4,21,29,3,2,0.93,1.26,1.0579166666666666
24.3,1,22,29,3,2,1.76,1.86,1.0233333333333334
18.8,1,23,29,3,2,1.03,0.34,1.0883333333333334
15.8,1,23,29,3,2,1.9,0.32,1.1133333333333333
36.2,4,0,30,3,3,0.92,1.97,1.10125
2.7,1,1,30,3,3,1.68,0.58,1.1070833333333334
16.3,5,1,30,3,3,0.72,0.64,1.1537499999999998
-4.3,4,2,30,3,3,1.76,1.38,1.14875
-9.6,3,2,30,3,3,1.26,0.87,1.1624999999999999
16.0,4,2,30,3,3,1.2,1.16,1.1937499999999999
13.9,4,8,30,3,3,1.91,1.78,1.1612500000000001
17.7,4,9,30,3,3,1.0,0.86,1.1641666666666668
-0.1,2,11,30,3,3,0.93,0.54,1.1641666666666666
22.1,1,12,30,3,3,0.54,1.37,1.1616666666666668
34.7,1,13,30,3,3,1.31,1.09,1.1729166666666666
15.3,3,14,30,3,3,1.36,1.84,1.12625
1.5,3,15,30,3,3,0.72,0.46,1.1275000000000002
0.5,4,16,30,3,3,0.49,1.75,1.1125
24.2,2,19,30,3,3,1.39,1.09,1.10625
-6.8,4,19,30,3,3,0.94,1.72,1.08125
34.8,4,19,30,3,3,1.12,0.24,1.14375
19.4,3,20,30,3,3,1.74,0.54,1.1358333333333335
-2.9,1,0,31,3,4,0.35,0.3,1.1658333333333333
6.6,2,0,31,3,4,1.02,0.93,1.1395833333333334
38.8,5,2,31,3,4,0.3,1.76,1.0875
22.2,1,4,31,3,4,0.51,1.03,1.1054166666666665
-5.0,3,6,31,3,4,1.46,1.9,1.0479166666666666
13.3,2,12,31,3,4,0.52,0.92,1.0741666666666667
14.3,4,12,31,3,4,1.55,1.68,1.06125
33.7,5,12,31,3,4,1.37,0.72,1.0458333333333332
30.2,4,13,31,3,4,0.35,1.76,1.0204166666666667
2.0,4,13,31,3,4,1.15,1.26,1.04
21.5,3,14,31,3,4,1.73,1.2,1.07
13.5,4,16,31,3,4,1.92,1.91,1.0391666666666668
16.2,4,16,31,3,4,1.17,1.0,1.0733333333333335
31.6,3,18,31,3,4,1.82,0.93,1.0979166666666667
31.1,3,18,31,3,4,1.52,0.54,1.1575
36.5,5,19,31,3,4,1.97,1.31,1.1691666666666667
35.9,3,20,31,3,4,1.59,1.36,1.155
12.5,4,21,31,3,4,1.02,0.72,1.14125
1.6,2,21,31,3,4,0.39,0.49,1.18625
3.1,2,0,1,4,5,1.57,1.39,1.18
17.6,4,2,1,4,5,1.24,0.94,1.1679166666666667
25.7,3,2,1,4,5,0.65,1.12,1.1470833333333335
17.8,3,3,1,4,5,0.62,1.74,1.1383333333333334
5.1,2,3,1,4,5,1.53,0.35,1.16375
-6.4,2,5,1,4,5,0.96,1.02,1.1579166666666667
21.7,4,6,1,4,5,0.88,0.3,1.22375
-0.7,3,7,1,4,5,1.88,0.51,1.2429166666666667
37.0,4,7,1,4,5,0.97,1.46,1.2208333333333334
13.7,1,9,1,4,5,0.93,0.52,1.2795833333333333
28.8,3,10,1,4,5,1.93,1.55,1.2879166666666666
31.0,5,10,1,4,5,1.75,1.37,1.27
28.9,4,10,1,4,5,0.94,0.35,1.29375
22.1,2,10,1,4,5,0.92,1.15,1.3220833333333333
24.1,3,12,1,4,5,1.83,1.73,1.305
17.1,4,13,1,4,5,1.32,1.92,1.2475
-6.7,1,14,1,4,5,0.54,1.17,1.2791666666666666
14.7,2,15,1,4,5,1.93,1.82,1.2708333333333333
12.0,3,16,1,4,5,1.62,1.52,1.2820833333333332
20.1,2,17,1,4,5,1.79,1.97,1.2295833333333335
-4.8,2,17,1,4,5,0.71,1.59,1.2108333333333332
-9.9,1,17,1,4,5,1.14,1.02,1.23875
39.8,5,17,1,4,5,1.69,0.39,1.2683333333333333
-5.9,1,18,1,4,5,1.1,1.57,1.2491666666666668
39.5,5,20,1,4,5,1.11,1.24,1.2791666666666668
-8.5,1,20,1,4,5,1.96,0.65,1.29
13.5,1,2,2,4,6,0.91,0.62,1.3304166666666666
24.5,5,3,2,4,6,1.59,1.53,1.3445833333333335
31.1,1,5,2,4,6,1.87,0.96,1.3875
9.9,3,7,2,4,6,1.99,0.88,1.3699999999999999
21.1,1,7,2,4,6,0.46,1.88,1.3020833333333335
29.5,3,8,2,4,6,0.25,0.97,1.34375
10.8,5,8,2,4,6,1.97,0.93,1.3295833333333333
-5.8,5,9,2,4,6,0.59,1.93,1.30125
17.2,1,9,2,4,6,1.25,1.75,1.2554166666666666
11.5,2,10,2,4,6,0.65,0.94,1.2733333333333332
-4.0,1,10,2,4,6,1.37,0.92,1.2795833333333333
29.9,3,10,2,4,6,1.07,1.83,1.2416666666666665
1.9,2,11,2,4,6,0.92,1.32,1.2679166666666666
6.4,3,11,2,4,6,1.95,0.54,1.2591666666666665
13.5,3,12,2,4,6,0.33,1.93,1.25
5.7,5,13,2,4,6,1.71,1.62,1.1979166666666667
-8.1,4,13,2,4,6,0.37,1.79,1.1416666666666666
0.6,2,14,2,4,6,0.44,0.71,1.1833333333333333
-6.2,5,15,2,4,6,1.71,1.14,1.18375
29.1,4,16,2,4,6,1.15,1.69,1.1254166666666667
0.3,4,16,2,4,6,0.29,1.1,1.1416666666666666
-2.8,3,16,2,4,6,1.49,1.11,1.11875
0.2,3,17,2,4,6,0.56,1.96,1.0620833333333333
18.5,4,18,2,4,6,0.6,0.91,1.0512499999999998
14.4,3,18,2,4,6,0.65,1.59,1.0616666666666665
-5.2,4,23,2,4,6,1.84,1.87,1.0395833333333335
32.6,1,0,3,4,0,1.34,1.99,0.9745833333333334
20.2,2,0,3,4,0,0.43,0.46,1.01375
19.5,2,2,3,4,0,1.4,0.25,1.0420833333333333
-1.4,5,3,3,4,0,0.93,1.97,0.9833333333333333
-9.6,2,3,3,4,0,0.56,0.59,1.0241666666666667
30.8,4,3,3,4,0,1.57,1.25,1.0495833333333333
8.0,3,4,3,4,0,1.86,0.65,1.0366666666666668
15.9,1,4,3,4,0,0.34,1.37,1.0425
-4.5,1,4,3,4,0,1.51,1.07,1.0566666666666666
26.0,2,4,3,4,0,1.41,0.92,1.03
30.8,4,4,3,4,0,0.28,1.95,1.03125
28.8,1,5,3,4,0,1.98,0.33,1.0345833333333334
22.7,1,5,3,4,0,0.41,1.71,0.9816666666666666
8.1,5,5,3,4,0,0.44,0.37,1.0120833333333332
6.2,1,5,3,4,0,1.1,0.44,1.015
24.1,5,6,3,4,0,0.51,1.71,0.9641666666666667
2.3,5,8,3,4,0,0.49,1.15,0.9250000000000002
11.6,3,9,3,4,0,0.21,0.29,0.9725
21.0,3,9,3,4,0,1.43,1.49,0.9870833333333334
0.4,4,10,3,4,0,1.84,0.56,1.0133333333333334
3.1,4,11,3,4,0,1.19,0.6,1.0425
33.0,1,13,3,4,0,1.3,0.65,1.0308333333333335
28.0,5,13,3,4,0,0.37,1.84,0.9766666666666666
27.7,1,14,3,4,0,0.54,1.34,0.9725
-5.4,1,14,3,4,0,1.24,0.43,0.9925
34.3,3,15,3,4,0,0.91,1.4,0.9504166666666666
16.5,5,16,3,4,0,0.39,0.93,0.9425
7.5,4,17,3,4,0,0.74,0.56,1.00125
24.9,1,17,3,4,0,1.97,1.57,1.0
11.9,1,17,3,4,0,1.54,1.86,0.9345833333333333
17.2,3,17,3,4,0,0.29,0.34,1.0004166666666665
6.2,1,18,3,4,0,1.92,1.51,1.01625
11.2,5,20,3,4,0,1.89,1.41,1.0108333333333335
20.2,5,20,3,4,0,1.28,0.28,1.03875
14.5,3,0,4,4,1,0.95,1.98,1.0091666666666665
34.1,1,2,4,4,1,1.27,0.41,1.0404166666666665
12.1,4,2,4,4,1,1.16,0.44,1.08375
24.5,4,3,4,4,1,1.48,1.1,1.095
29.3,4,3,4,4,1,1.37,0.51,1.1279166666666667
1.3,3,4,4,4,1,1.3,0.49,1.1754166666666668
-8.4,5,6,4,4,1,1.63,0.21,1.2345833333333334
23.0,2,7,4,4,1,1.63,1.43,1.2095833333333332
11.0,1,7,4,4,1,0.83,1.84,1.1925
29.7,3,8,4,4,1,1.43,1.19,1.1879166666666667
0.4,3,9,4,4,1,1.08,1.3,1.16375
-0.1,2,9,4,4,1,0.72,0.37,1.1970833333333333
25.5,4,10,4,4,1,1.17,0.54,1.2054166666666666
18.2,1,11,4,4,1,0.74,1.24,1.2333333333333332
5.1,4,13,4,4,1,1.91,0.91,1.2254166666666666
-7.0,3,13,4,4,1,0.72,0.39,1.2308333333333332
-8.7,4,14,4,4,1,0.52,0.74,1.2274999999999998
37.6,2,16,4,4,1,0.66,1.97,1.1883333333333332
24.2,5,17,4,4,1,1.03,1.54,1.1700000000000002
7.6,5,17,4,4,1,1.1,0.29,1.1849999999999998
18.4,4,19,4,4,1,0.65,1.92,1.1187500000000001
38.7,5,19,4,4,1,0.33,1.89,1.0508333333333333
26.7,2,22,4,4,1,0.26,1.28,1.0454166666666667
35.3,5,22,4,4,1,1.15,0.95,1.0295833333333333
2.4,5,0,5,4,2,0.57,1.27,1.0108333333333333
34.4,2,0,5,4,2,0.82,1.16,0.9937499999999999
-0.9,1,1,5,4,2,0.75,1.48,0.9466666666666667
15.9,2,1,5,4,2,0.35,1.37,0.9624999999999999
-7.2,4,2,5,4,2,1.75,1.3,0.9295833333333334
19.2,2,2,5,4,2,0.51,1.63,0.94
11.5,1,3,5,4,2,1.88,1.63,0.95375
-6.7,4,3,5,4,2,1.96,0.83,0.9895833333333334
14.1,3,6,5,4,2,1.69,1.43,1.0004166666666667
-3.8,4,7,5,4,2,1.69,1.08,0.9954166666666667
9.3,3,7,5,4,2,0.96,0.72,1.0229166666666667
-1.0,3,7,5,4,2,1.38,1.17,1.0445833333333332
33.1,1,7,5,4,2,1.69,0.74,1.0745833333333332
2.7,4,14,5,4,2,1.46,1.91,1.0316666666666665
20.8,1,15,5,4,2,0.88,0.72,1.0391666666666668
15.9,2,16,5,4,2,0.9,0.52,1.0641666666666667
8.9,5,16,5,4,2,1.12,0.66,1.0604166666666668
0.5,4,17,5,4,2,0.57,1.03,1.0758333333333334
-7.0,3,17,5,4,2,1.4,1.1,1.055
17.6,2,19,5,4,2,0.6,0.65,1.0795833333333333
21.1,3,19,5,4,2,1.24,0.33,1.1479166666666665
23.7,2,19,5,4,2,1.97,0.26,1.1512499999999999
19.8,3,20,5,4,2,0.34,1.15,1.1475
37.8,4,20,5,4,2,1.06,0.57,1.1875
9.6,1,0,6,4,3,1.53,0.82,1.2141666666666666
35.2,1,1,6,4,3,1.46,0.75,1.2229166666666667
38.6,2,2,6,4,3,0.96,0.35,1.25125
3.2,4,3,6,4,3,1.03,1.75,1.1904166666666667
-4.5,5,3,6,4,3,0.29,0.51,1.2304166666666665
-2.9,4,3,6,4,3,1.47,1.88,1.1708333333333332
-2.7,3,5,6,4,3,0.45,1.96,1.1129166666666666
26.1,5,5,6,4,3,0.57,1.69,1.1029166666666665
-2.7,1,5,6,4,3,1.45,1.69,1.08625
-7.7,2,8,6,4,3,1.29,0.96,1.1279166666666665
13.6,4,9,6,4,3,1.96,1.38,1.1254166666666665
5.5,5,9,6,4,3,1.32,1.69,1.0766666666666667
8.0,3,9,6,4,3,0.52,1.46,1.0254166666666666
25.7,5,9,6,4,3,0.23,0.88,1.0254166666666669
11.0,1,11,6,4,3,0.88,0.9,1.0645833333333334
-8.6,2,12,6,4,3,1.84,1.12,1.03
-6.6,4,12,6,4,3,0.29,0.57,1.0799999999999998
30.3,2,13,6,4,3,1.77,1.4,1.04625
27.0,3,14,6,4,3,0.59,0.6,1.08375
36.7,3,14,6,4,3,1.5,1.24,1.1095833333333334
37.7,1,17,6,4,3,1.86,1.97,1.05125
6.8,5,18,6,4,3,0.57,0.34,1.12
2.0,3,19,6,4,3,1.99,1.06,1.1091666666666666
-0.7,1,21,6,4,3,0.8,1.53,1.1045833333333335
16.3,4,22,6,4,3,1.42,1.46,1.0887499999999999
24.4,2,22,6,4,3,1.08,0.96,1.06125
36.3,5,0,7,4,4,0.3,1.03,1.09625
30.2,3,1,7,4,4,1.87,0.29,1.11375
30.2,1,1,7,4,4,0.71,1.47,1.1141666666666667
30.4,3,1,7,4,4,1.48,0.45,1.125
-3.8,1,2,7,4,4,0.71,0.57,1.11
-8.9,2,3,7,4,4,0.21,1.45,1.1162500000000002
8.9,5,6,7,4,4,1.6,1.29,1.1141666666666665
12.4,3,7,7,4,4,1.24,1.96,1.0645833333333334
10.6,1,9,7,4,4,0.77,1.32,1.0354166666666667
-7.3,3,10,7,4,4,0.62,0.52,1.08375
9.7,2,11,7,4,4,1.68,0.23,1.1416666666666668
11.4,2,11,7,4,4,1.62,0.88,1.14625
32.3,3,12,7,4,4,0.99,1.84,1.145
34.8,3,12,7,4,4,1.81,0.29,1.1845833333333333
24.7,5,13,7,4,4,1.24,1.77,1.18875
26.3,3,13,7,4,4,1.87,0.59,1.1795833333333332
37.7,3,13,7,4,4,0.37,1.5,1.1804166666666667
17.3,2,14,7,4,4,1.52,1.86,1.1204166666666666
33.9,1,16,7,4,4,0.42,0.57,1.1666666666666667
27.9,3,17,7,4,4,1.68,1.99,1.1658333333333333
23.0,4,19,7,4,4,1.97,0.8,1.2108333333333334
28.8,2,19,7,4,4,1.88,1.42,1.1858333333333333
-4.5,3,21,7,4,4,0.82,1.08,1.2158333333333333
19.5,5,0,8,4,5,1.8,0.3,1.2520833333333334
1.9,4,1,8,4,5,1.17,1.87,1.1824999999999999
30.4,4,2,8,4,5,0.2,0.71,1.1729166666666666
1.8,4,3,8,4,5,0.48,1.48,1.16625
3.8,3,3,8,4,5,1.32,0.71,1.1612500000000001
-6.4,5,4,8,4,5,0.59,0.21,1.2041666666666666
31.9,4,7,8,4,5,1.24,1.6,1.1983333333333333
-8.7,1,9,8,4,5,1.46,1.24,1.2179166666666668
-8.9,5,11,8,4,5,1.71,0.77,1.2370833333333333
-7.1,4,11,8,4,5,1.23,0.62,1.2258333333333333
36.8,3,11,8,4,5,0.35,1.68,1.2079166666666667
38.4,5,13,8,4,5,1.25,1.62,1.1941666666666666
0.7,4,14,8,4,5,1.29,0.99,1.2345833333333334
20.2,2,14,8,4,5,1.96,1.81,1.1962499999999998
-4.1,5,15,8,4,5,0.89,1.24,1.1658333333333333
12.3,1,15,8,4,5,0.51,1.87,1.1333333333333333
-4.1,1,16,8,4,5,1.09,0.37,1.1591666666666667
24.5,1,16,8,4,5,0.99,1.52,1.15875
36.1,2,17,8,4,5,1.51,0.42,1.2125000000000001
4.2,3,17,8,4,5,1.71,1.68,1.1879166666666667
8.9,3,18,8,4,5,1.09,1.97,1.155
6.5,5,18,8,4,5,1.18,1.88,1.0875
15.1,2,19,8,4,5,0.26,0.82,1.1208333333333333
16.2,4,19,8,4,5,1.62,1.8,1.0958333333333334
38.0,5,21,8,4,5,1.2,1.17,1.0679166666666666
13.4,1,4,9,4,6,0.5,0.2,1.1008333333333333
39.8,3,5,9,4,6,0.99,0.48,1.1445833333333333
3.3,4,8,9,4,6,1.53,1.32,1.1070833333333334
30.8,5,9,9,4,6,0.42,0.59,1.1604166666666667
16.3,3,10,9,4,6,1.87,1.24,1.1824999999999999
7.0,5,11,9,4,6,1.77,1.46,1.1725
25.0,4,12,9,4,6,1.22,1.71,1.1516666666666666
25.5,5,13,9,4,6,1.21,1.23,1.1425
16.3,1,14,9,4,6,1.01,0.35,1.2095833333333335
22.8,3,14,9,4,6,1.96,1.25,1.1929166666666668
19.1,5,14,9,4,6,0.85,1.29,1.1833333333333333
11.8,1,15,9,4,6,1.06,1.96,1.11625
21.2,4,18,9,4,6,0.35,0.89,1.1587500000000002
-2.2,4,18,9,4,6,1.91,0.51,1.1691666666666667
39.7,4,22,9,4,6,0.76,1.09,1.1679166666666667
4.3,3,22,9,4,6,1.06,0.99,1.195
7.3,2,1,10,4,0,1.64,1.51,1.1958333333333333
25.4,2,1,10,4,0,1.53,1.71,1.1770833333333333
30.7,2,5,10,4,0,1.26,1.09,1.1754166666666668
37.8,5,6,10,4,0,1.05,1.18,1.1966666666666665
36.3,3,6,10,4,0,1.69,0.26,1.1983333333333335
38.9,2,8,10,4,0,0.3,1.62,1.1779166666666667
31.8,4,11,10,4,0,1.13,1.2,1.1408333333333334
10.9,3,12,10,4,0,0.31,0.5,1.1545833333333333
34.7,3,14,10,4,0,0.83,0.99,1.1566666666666665
27.3,3,14,10,4,0,1.04,1.53,1.1633333333333333
33.7,2,15,10,4,0,1.69,0.42,1.1729166666666666
2.2,5,15,10,4,0,0.65,1.87,1.14375
8.3,2,16,10,4,0,1.17,1.77,1.0920833333333333
12.8,5,16,10,4,0,0.53,1.22,1.07375
-9.2,3,16,10,4,0,0.78,1.21,1.04125
7.4,5,17,10,4,0,0.43,1.01,1.0491666666666666
18.2,3,17,10,4,0,1.2,1.96,1.04375
-2.9,3,18,10,4,0,1.83,0.85,1.0445833333333334
12.9,5,18,10,4,0,0.87,1.06,1.0579166666666666
30.9,1,18,10,4,0,1.38,0.35,1.0658333333333332
-6.1,1,19,10,4,0,0.54,1.91,0.9987499999999999
-6.3,2,20,10,4,0,0.3,0.76,1.0079166666666668
36.3,5,20,10,4,0,0.98,1.06,0.9829166666666667
7.9,4,20,10,4,0,0.46,1.64,0.9545833333333333
24.7,4,20,10,4,0,0.96,1.53,0.9570833333333333
17.5,4,23,10,4,0,1.59,1.26,0.9279166666666666
34.6,3,23,10,4,0,0.56,1.05,0.9537499999999999
3.0,1,23,10,4,0,1.67,1.69,0.9204166666666667
20.9,3,23,10,4,0,0.89,0.3,0.93
32.8,5,23,10,4,0,0.53,1.13,0.9187500000000001
16.6,5,1,11,4,1,0.86,0.31,0.98
24.5,5,1,11,4,1,1.78,0.83,1.0254166666666666
-3.7,2,3,11,4,1,1.92,1.04,1.0116666666666667
4.1,3,3,11,4,1,0.71,1.69,0.9541666666666666
10.9,3,3,11,4,1,0.31,0.65,0.9716666666666667
-3.1,3,5,11,4,1,1.07,1.17,0.9362499999999999
19.8,2,6,11,4,1,0.32,0.53,0.9516666666666667
34.9,1,7,11,4,1,0.9,0.78,0.9400000000000001
11.5,1,8,11,4,1,0.5,0.43,0.9750000000000001
15.5,2,9,11,4,1,1.27,1.2,0.9475000000000001
39.6,5,10,11,4,1,0.54,1.83,0.9179166666666667
24.9,1,12,11,4,1,1.12,0.87,0.9387500000000001
-4.6,2,13,11,4,1,1.37,1.38,0.90625
33.8,3,13,11,4,1,0.6,0.54,0.9587500000000001
13.1,2,13,11,4,1,1.8,0.3,0.9575
-2.8,2,13,11,4,1,0.27,0.98,0.9562499999999999
-5.2,5,14,11,4,1,0.95,0.46,1.00125
32.8,1,14,11,4,1,1.54,0.96,1.0050000000000001
18.3,5,15,11,4,1,1.05,1.59,0.9770833333333334
10.3,4,15,11,4,1,0.92,0.56,0.965
2.3,5,16,11,4,1,0.27,1.67,0.9741666666666667
29.5,4,16,11,4,1,1.89,0.89,0.9620833333333333
5.2,3,17,11,4,1,0.6,0.53,1.0170833333333333
36.2,3,19,11,4,1,1.85,0.86,1.0358333333333334
-6.1,3,19,11,4,1,1.31,1.78,1.0425
38.6,5,20,11,4,1,1.94,1.92,1.0154166666666666
5.0,2,22,11,4,1,1.27,0.71,0.9954166666666667
-0.3,4,23,11,4,1,0.23,0.31,1.0079166666666668
27.9,5,23,11,4,1,0.61,1.07,0.9858333333333333
27.8,4,0,12,4,2,0.54,0.32,0.9900000000000001
24.7,3,2,12,4,2,0.42,0.9,0.975
28.7,3,2,12,4,2,0.54,0.5,0.9841666666666665
-6.6,5,2,12,4,2,0.72,1.27,0.9512499999999999
4.9,3,3,12,4,2,0.48,0.54,1.0045833333333334
36.3,4,4,12,4,2,1.82,1.12,1.01875
20.6,1,5,12,4,2,1.46,1.37,1.005
11.5,3,5,12,4,2,1.04,0.6,1.0266666666666666
-8.2,5,5,12,4,2,1.12,1.8,1.0233333333333332
12.4,3,5,12,4,2,1.72,0.27,1.0304166666666668
17.0,5,6,12,4,2,0.44,0.95,1.0116666666666667
14.9,5,6,12,4,2,0.5,1.54,0.9650000000000002
15.9,2,6,12,4,2,0.42,1.05,0.9779166666666668
-7.9,4,6,12,4,2,1.36,0.92,0.9558333333333334
-6.5,5,6,12,4,2,0.39,0.27,1.0020833333333334
29.1,1,9,12,4,2,1.38,1.89,0.9995833333333333
29.4,5,9,12,4,2,1.83,0.6,1.0454166666666667
1.2,4,9,12,4,2,1.7,1.85,1.02
-4.7,1,10,12,4,2,1.24,1.31,1.0004166666666667
-9.8,5,10,12,4,2,0.84,1.94,1.0025
36.2,4,11,12,4,2,1.99,1.27,1.0279166666666668
-0.6,2,12,12,4,2,1.88,0.23,1.0983333333333334
37.7,5,13,12,4,2,1.92,0.61,1.1020833333333333
33.9,1,13,12,4,2,0.7,0.54,1.1266666666666667
19.5,1,14,12,4,2,1.13,0.42,1.11875
34.8,1,14,12,4,2,0.23,0.54,1.1204166666666666
-7.9,1,14,12,4,2,0.58,0.72,1.135
2.8,4,16,12,4,2,1.07,0.48,1.1433333333333333
13.6,4,17,12,4,2,0.68,1.82,1.1225
5.7,5,18,12,4,2,1.32,1.46,1.1120833333333333
-7.9,1,21,12,4,2,1.21,1.04,1.1408333333333334
19.0,1,21,12,4,2,1.73,1.12,1.1545833333333333
-3.2,4,21,12,4,2,1.45,1.72,1.1525
-0.7,5,22,12,4,2,1.67,0.44,1.1745833333333333
35.2,3,0,13,4,3,0.97,0.5,1.165
12.1,5,1,13,4,3,0.27,0.42,1.19125
8.3,3,2,13,4,3,1.05,1.36,1.1891666666666667
33.3,3,4,13,4,3,1.31,0.39,1.2
27.0,1,4,13,4,3,0.65,1.38,1.1633333333333333
-0.5,4,6,13,4,3,0.5,1.83,1.0979166666666667
-0.2,2,6,13,4,3,0.26,1.7,1.055
36.2,3,6,13,4,3,0.67,1.24,1.0174999999999998
38.4,2,7,13,4,3,0.34,0.84,0.9945833333333334
27.8,5,8,13,4,3,0.29,1.99,0.9754166666666667
19.9,1,10,13,4,3,1.53,1.88,0.9429166666666666
30.8,4,12,13,4,3,1.1,1.92,0.9383333333333334
25.9,5,13,13,4,3,1.81,0.7,0.9770833333333334
18.6,1,15,13,4,3,1.63,1.13,1.0091666666666665
30.4,4,15,13,4,3,1.9,0.23,1.04875
-0.6,3,17,13,4,3,1.18,0.58,1.0475
33.0,5,17,13,4,3,0.55,1.07,1.0425
31.9,4,17,13,4,3,0.95,0.68,1.0491666666666666
20.2,5,17,13,4,3,0.84,1.32,1.0583333333333333
19.8,3,18,13,4,3,1.54,1.21,1.07625
24.1,3,19,13,4,3,1.64,1.73,1.0383333333333333
34.7,4,20,13,4,3,0.82,1.45,1.0008333333333332
39.4,5,20,13,4,3,0.55,1.67,0.9420833333333333
39.5,1,21,13,4,3,0.26,0.97,0.9100000000000001
8.0,2,22,13,4,3,0.2,0.27,0.9158333333333332
29.3,1,22,13,4,3,0.41,1.05,0.9387500000000001
25.6,5,22,13,4,3,1.6,1.31,0.92375
-6.8,3,0,14,4,4,0.95,0.65,0.9720833333333334
3.0,3,0,14,4,4,1.81,0.5,0.9966666666666667
27.2,3,0,14,4,4,1.09,0.26,1.0658333333333332
3.2,4,1,14,4,4,1.92,0.67,1.0658333333333334
33.4,4,2,14,4,4,0.67,0.34,1.0629166666666667
31.6,1,2,14,4,4,0.27,0.29,1.0691666666666666
13.6,3,2,14,4,4,0.44,1.53,1.0154166666666666
-8.0,4,3,14,4,4,0.24,1.1,1.03875
-5.0,2,4,14,4,4,1.66,1.81,1.0391666666666668
-7.0,1,4,14,4,4,1.82,1.63,1.03125
12.0,4,4,14,4,4,1.44,1.9,0.9641666666666667
25.8,1,6,14,4,4,0.29,1.18,0.94625
30.6,3,7,14,4,4,0.75,0.55,0.9629166666666666
-1.1,1,8,14,4,4,0.95,0.95,0.9554166666666667
32.6,4,11,14,4,4,0.77,0.84,0.9804166666666667
6.0,1,12,14,4,4,1.44,1.54,0.95125
4.7,4,12,14,4,4,0.84,1.64,0.9516666666666667
34.7,5,13,14,4,4,1.65,0.82,0.97125
31.0,1,16,14,4,4,1.29,0.55,0.98875
31.4,5,18,14,4,4,0.97,0.26,1.035
12.0,1,19,14,4,4,1.37,0.2,1.0579166666666666
6.5,5,19,14,4,4,0.75,0.41,1.1079166666666667
25.5,5,20,14,4,4,1.61,1.6,1.08125
-8.3,3,21,14,4,4,0.96,0.95,1.1104166666666668
-4.3,4,1,15,4,5,1.65,1.81,1.0745833333333332
8.2,2,1,15,4,5,0.95,1.09,1.0491666666666666
1.8,3,2,15,4,5,0.48,1.92,1.0083333333333333
36.7,3,2,15,4,5,0.94,0.67,1.0333333333333334
9.8,3,2,15,4,5,1.27,0.27,1.03375
22.3,4,3,15,4,5,0.28,0.44,1.0816666666666666
6.5,3,3,15,4,5,1.59,0.24,1.1525
4.8,5,3,15,4,5,1.94,1.66,1.1295833333333334
31.5,4,3,15,4,5,1.11,1.82,1.0983333333333334
12.9,3,4,15,4,5,1.07,1.44,1.1083333333333334
16.3,5,5,15,4,5,1.68,0.29,1.11375
39.2,1,6,15,4,5,0.42,0.75,1.1254166666666665
3.3,4,7,15,4,5,1.03,0.95,1.1366666666666667
0.8,1,9,15,4,5,1.22,0.77,1.1266666666666667
19.8,2,9,15,4,5,0.53,1.44,1.1420833333333333
2.0,5,9,15,4,5,1.81,0.84,1.1320833333333333
-2.3,3,9,15,4,5,0.6,1.65,1.1220833333333333
25.5,2,12,15,4,5,1.41,1.29,1.1054166666666667
4.4,5,12,15,4,5,0.89,0.97,1.1258333333333332
26.9,4,12,15,4,5,1.46,1.37,1.1083333333333334
14.9,5,16,15,4,5,0.95,0.75,1.1
17.7,3,16,15,4,5,0.55,1.61,1.1108333333333333
-8.6,5,17,15,4,5,1.87,0.96,1.09375
-5.7,5,18,15,4,5,0.55,1.65,1.0833333333333333
15.5,5,19,15,4,5,1.4,0.95,1.07875
31.3,5,21,15,4,5,0.84,0.48,1.1125
17.0,3,21,15,4,5,1.29,0.94,1.1545833333333333
15.4,5,22,15,4,5,1.95,1.27,1.1266666666666667
30.0,5,23,15,4,5,0.6,0.28,1.1670833333333335
20.9,2,23,15,4,5,1.25,1.59,1.1633333333333333
11.2,4,23,15,4,5,1.5,1.94,1.0920833333333333
37.0,3,4,16,4,6,0.23,1.11,1.0833333333333333
35.6,5,4,16,4,6,0.9,1.07,1.0591666666666668
14.8,4,6,16,4,6,0.49,1.68,1.0562500000000001
5.1,5,8,16,4,6,1.61,0.42,1.1058333333333332
22.4,1,8,16,4,6,1.61,1.03,1.0833333333333333
32.6,4,10,16,4,6,0.49,1.22,1.08625
12.1,4,11,16,4,6,1.29,0.53,1.1133333333333335
15.0,4,11,16,4,6,1.18,1.81,1.10875
36.2,2,13,16,4,6,1.7,0.6,1.1304166666666668
17.0,2,14,16,4,6,1.12,1.41,1.1075000000000002
10.7,4,14,16,4,6,0.86,0.89,1.1070833333333334
39.1,3,15,16,4,6,0.88,1.46,1.0783333333333334
3.9,4,15,16,4,6,0.77,0.95,1.1199999999999999
20.9,3,17,16,4,6,1.95,0.55,1.1058333333333332
26.6,3,18,16,4,6,0.21,1.87,1.10875
7.7,4,21,16,4,6,1.94,0.55,1.1683333333333334
-2.8,1,23,16,4,6,1.98,1.4,1.1345833333333333
2.2,2,0,17,4,0,0.59,0.84,1.1816666666666666
7.0,3,1,17,4,0,1.97,1.29,1.20875
10.8,2,1,17,4,0,1.94,1.95,1.1804166666666667
30.1,3,1,17,4,0,1.27,0.6,1.22
-2.5,4,2,17,4,0,1.55,1.25,1.2395833333333333
-3.2,3,2,17,4,0,1.72,1.5,1.235
35.9,1,3,17,4,0,1.39,0.23,1.2833333333333332
-6.7,2,5,17,4,0,1.39,0.9,1.2708333333333333
16.1,5,5,17,4,0,0.6,0.49,1.29625
15.3,4,6,17,4,0,1.1,1.61,1.2558333333333334
39.4,3,7,17,4,0,0.64,1.61,1.2583333333333333
14.2,3,7,17,4,0,1.67,0.49,1.2929166666666667
34.2,3,9,17,4,0,1.32,1.29,1.2679166666666666
-3.6,1,10,17,4,0,0.69,1.18,1.2358333333333333
2.4,4,11,17,4,0,0.41,1.7,1.2091666666666667
8.3,1,11,17,4,0,1.06,1.12,1.1779166666666667
21.0,4,11,17,4,0,0.37,0.86,1.1541666666666666
28.3,1,11,17,4,0,0.29,0.88,1.1995833333333332
26.8,4,14,17,4,0,1.97,0.77,1.2108333333333334
-8.8,1,15,17,4,0,1.04,1.95,1.1525
-6.4,4,15,17,4,0,0.55,0.21,1.1770833333333333
29.3,3,15,17,4,0,0.8,1.94,1.1179166666666667
-9.2,4,16,17,4,0,0.52,1.98,1.0545833333333332
0.5,2,16,17,4,0,0.46,0.59,1.0466666666666666
-7.9,4,17,17,4,0,0.4,1.97,0.9804166666666667
22.0,5,17,17,4,0,0.38,1.94,0.9574999999999999
24.7,5,17,17,4,0,1.39,1.27,0.9529166666666665
-3.4,1,19,17,4,0,1.16,1.55,0.91375
-3.8,4,20,17,4,0,0.61,1.72,0.9208333333333333
2.4,3,23,17,4,0,1.89,1.39,0.9395833333333332
17.4,3,0,18,4,1,1.84,1.39,0.9362499999999999
-1.8,1,0,18,4,1,1.31,0.6,0.9845833333333333
6.2,4,1,18,4,1,1.76,1.1,0.9979166666666667
-0.4,5,2,18,4,1,1.42,0.64,1.0408333333333333
24.9,4,2,18,4,1,1.67,1.67,0.9904166666666666
12.2,4,2,18,4,1,0.46,1.32,0.9824999999999999
38.4,1,3,18,4,1,1.13,0.69,0.98
34.8,1,3,18,4,1,0.63,0.41,0.9970833333333333
18.2,1,4,18,4,1,0.82,1.06,1.0104166666666667
26.3,1,5,18,4,1,1.38,0.37,1.0204166666666665
8.8,5,5,18,4,1,0.61,0.29,1.0379166666666666
29.0,4,5,18,4,1,0.71,1.97,0.9641666666666667
5.8,2,8,18,4,1,0.2,1.04,0.98
11.0,2,8,18,4,1,1.42,0.55,0.99125
19.4,5,8,18,4,1,0.82,0.8,1.02125
35.2,2,8,18,4,1,1.52,0.52,1.0233333333333332
-8.5,5,9,18,4,1,0.57,0.46,1.0554166666666667
28.8,2,10,18,4,1,1.23,0.4,1.0866666666666667
-5.7,5,10,18,4,1,1.15,0.38,1.1312499999999999
-1.2,2,10,18,4,1,1.45,1.39,1.1145833333333333
-9.2,4,14,18,4,1,0.99,1.16,1.1295833333333334
18.6,1,16,18,4,1,1.52,0.61,1.1558333333333333
20.0,4,16,18,4,1,1.24,1.89,1.1404166666666666
28.2,2,18,18,4,1,1.52,1.84,1.0904166666666668
15.5,2,18,18,4,1,0.64,1.31,1.115
0.3,5,19,18,4,1,1.9,1.76,1.0566666666666666
39.7,2,19,18,4,1,0.36,1.42,1.0070833333333333
28.3,5,22,18,4,1,0.23,1.67,0.9891666666666667
-9.4,5,23,18,4,1,1.24,0.46,1.0070833333333333
0.8,3,0,19,4,2,0.89,1.13,1.0058333333333334
-1.8,4,0,19,4,2,1.1,0.63,1.0574999999999999
39.8,1,1,19,4,2,1.87,0.82,1.0787499999999999
37.1,4,2,19,4,2,1.33,1.38,1.0370833333333334
36.2,5,3,19,4,2,0.38,0.61,1.08125
1.7,2,4,19,4,2,1.67,0.71,1.11875
16.2,3,5,19,4,2,1.61,0.2,1.1199999999999999
23.9,1,6,19,4,2,0.23,1.42,1.0816666666666668
33.7,2,6,19,4,2,0.5,0.82,1.09375
7.0,4,6,19,4,2,1.11,1.52,1.08125
5.1,4,6,19,4,2,1.22,0.57,1.0758333333333334
32.9,4,7,19,4,2,0.44,1.23,1.0841666666666667
20.0,3,9,19,4,2,1.43,1.15,1.1083333333333332
12.2,1,11,19,4,2,1.73,1.45,1.0645833333333334
14.0,2,13,19,4,2,0.4,0.99,1.07
8.4,4,13,19,4,2,1.12,1.52,1.0895833333333333
36.4,3,14,19,4,2,1.99,1.24,1.085
6.3,3,14,19,4,2,1.13,1.52,1.0925
10.8,1,16,19,4,2,1.7,0.64,1.1420833333333333
11.5,5,16,19,4,2,1.83,1.9,1.1004166666666666
2.5,3,17,19,4,2,0.9,0.36,1.1087500000000001
-0.4,3,18,19,4,2,0.56,0.23,1.1795833333333334
5.6,4,18,19,4,2,1.93,1.24,1.1424999999999998
36.9,3,19,19,4,2,0.35,0.89,1.1341666666666668
8.7,4,20,19,4,2,0.69,1.1,1.1675
5.8,1,21,19,4,2,1.9,1.87,1.1270833333333334
32.8,5,21,19,4,2,0.9,1.33,1.1220833333333333
39.6,5,23,19,4,2,1.21,0.38,1.1275
15.0,5,0,20,4,3,0.51,1.67,1.1208333333333333
-6.1,1,1,20,4,3,1.51,1.61,1.1304166666666668
1.9,3,1,20,4,3,1.84,0.23,1.175
36.8,3,1,20,4,3,1.3,0.5,1.1929166666666666
8.8,1,2,20,4,3,0.93,1.11,1.21625
14.1,4,2,20,4,3,1.67,1.22,1.1941666666666666
26.5,1,3,20,4,3,0.69,0.44,1.2170833333333333
1.2,1,3,20,4,3,0.99,1.43,1.1691666666666667
29.6,4,4,20,4,3,0.28,1.73,1.15125
31.4,2,4,20,4,3,1.3,0.4,1.1537499999999998
10.6,4,4,20,4,3,0.46,1.12,1.1204166666666666
1.2,4,5,20,4,3,0.32,1.99,1.1175
-9.7,4,6,20,4,3,1.92,1.13,1.12875
0.6,2,9,20,4,3,1.4,1.7,1.13625
18.6,5,9,20,4,3,1.88,1.83,1.1045833333333333
-4.3,1,10,20,4,3,1.07,0.9,1.0970833333333334
-3.2,4,10,20,4,3,0.72,0.56,1.1008333333333333
13.9,3,11,20,4,3,0.65,1.93,1.1024999999999998
35.2,1,11,20,4,3,1.97,0.35,1.11125
10.2,5,12,20,4,3,0.56,0.69,1.1320833333333333
16.6,5,12,20,4,3,1.19,1.9,1.08625
12.7,3,12,20,4,3,0.8,0.9,1.0808333333333333
39.5,2,12,20,4,3,0.77,1.21,1.0454166666666667
9.0,5,13,20,4,3,0.36,0.51,1.0479166666666666
14.2,3,15,20,4,3,0.57,1.51,1.0545833333333334
6.7,4,16,20,4,3,1.67,1.84,1.05625
2.9,1,17,20,4,3,1.88,1.3,1.0795833333333333
10.1,1,18,20,4,3,1.86,0.93,1.1158333333333335
10.5,5,19,20,4,3,1.8,1.67,1.0808333333333333
39.5,1,19,20,4,3,0.83,0.69,1.1041666666666667
18.8,4,19,20,4,3,1.25,0.99,1.14375
17.9,2,20,20,4,3,1.94,0.28,1.2066666666666668
-5.8,4,22,20,4,3,1.79,1.3,1.1841666666666666
-3.8,1,22,20,4,3,0.76,0.46,1.2237500000000001
-8.6,5,23,20,4,3,1.41,0.32,1.2466666666666668
20.0,2,23,20,4,3,0.87,1.92,1.2166666666666666
14.7,5,1,21,4,4,1.2,1.4,1.18
-8.0,4,2,21,4,4,0.52,1.88,1.1345833333333333
-9.3,3,3,21,4,4,0.79,1.07,1.1554166666666668
14.0,3,3,21,4,4,1.57,0.72,1.1770833333333333
15.8,2,4,21,4,4,1.24,0.65,1.185
-1.0,1,4,21,4,4,0.84,1.97,1.1520833333333333
21.8,2,5,21,4,4,1.18,0.56,1.1920833333333334
29.3,5,5,21,4,4,1.52,1.19,1.1720833333333334
20.9,3,8,21,4,4,0.71,0.8,1.2125000000000001
17.0,5,8,21,4,4,1.77,0.77,1.2008333333333334
9.3,2,9,21,4,4,0.49,0.36,1.23125
37.8,4,10,21,4,4,1.09,0.57,1.2425
19.7,2,11,21,4,4,0.84,1.67,1.20375
10.0,2,11,21,4,4,0.74,1.88,1.1558333333333335
27.2,3,13,21,4,4,0.73,1.86,1.1354166666666667
34.3,2,13,21,4,4,1.37,1.8,1.1283333333333334
18.7,4,13,21,4,4,1.63,0.83,1.1666666666666667
-3.9,4,15,21,4,4,1.75,1.25,1.1458333333333333
22.8,2,15,21,4,4,0.75,1.94,1.1408333333333334
-0.2,5,17,21,4,4,1.82,1.79,1.1095833333333334
4.7,3,17,21,4,4,1.04,0.76,1.1554166666666668
39.2,4,19,21,4,4,1.86,1.41,1.1225
-2.7,1,22,21,4,4,0.62,0.87,1.1354166666666667
14.1,2,22,21,4,4,1.18,1.2,1.1383333333333334
-7.3,4,22,21,4,4,1.27,0.52,1.1708333333333334
39.1,4,23,21,4,4,1.3,0.79,1.2208333333333334
0.2,2,0,22,4,5,1.99,1.57,1.1845833333333333
34.3,2,2,22,4,5,0.7,1.24,1.1608333333333334
19.7,3,3,22,4,5,0.67,0.84,1.1679166666666665
14.9,3,4,22,4,5,1.01,1.18,1.13625
38.8,5,5,22,4,5,0.42,1.52,1.1025
1.5,5,7,22,4,5,0.71,0.71,1.0991666666666666
31.4,1,8,22,4,5,0.63,1.77,1.0429166666666665
-5.7,4,8,22,4,5,0.42,0.49,1.0395833333333333
23.6,1,10,22,4,5,0.41,1.09,1.0366666666666668
3.8,4,10,22,4,5,1.02,0.84,1.0245833333333334
11.3,4,13,22,4,5,0.55,0.74,1.0504166666666668
3.0,1,14,22,4,5,1.36,0.73,1.0729166666666667
21.2,1,15,22,4,5,1.27,1.37,1.0316666666666667
-3.3,3,15,22,4,5,0.38,1.63,1.0016666666666667
24.5,1,15,22,4,5,0.91,1.75,0.9908333333333332
25.1,1,16,22,4,5,1.49,0.75,0.9925
30.9,4,18,22,4,5,0.79,1.82,0.9283333333333332
4.7,2,19,22,4,5,0.28,1.04,0.94625
2.8,1,21,22,4,5,1.47,1.86,0.9199999999999999
14.0,2,22,22,4,5,1.23,0.62,0.9525
5.9,1,23,22,4,5,1.4,1.18,0.9366666666666666
-5.1,4,23,22,4,5,0.8,1.27,0.9020833333333332
26.6,5,0,23,4,6,0.44,1.3,0.92375
23.6,3,0,23,4,6,1.82,1.99,0.9175
-8.2,5,1,23,4,6,1.84,0.7,0.9366666666666666
-2.6,5,2,23,4,6,1.16,0.67,0.9791666666666666
24.1,2,2,23,4,6,1.69,1.01,1.0120833333333334
4.8,2,3,23,4,6,1.8,0.42,1.0666666666666667
21.2,4,4,23,4,6,1.73,0.71,1.0625
17.1,2,5,23,4,6,0.61,0.63,1.0883333333333334
2.3,4,5,23,4,6,1.25,0.42,1.0845833333333335
38.4,2,7,23,4,6,0.33,0.41,1.1162500000000002
7.9,4,8,23,4,6,1.17,1.02,1.1329166666666668
22.4,2,8,23,4,6,1.42,0.55,1.1587500000000002
37.6,2,9,23,4,6,1.17,1.36,1.1579166666666667
39.9,2,9,23,4,6,1.34,1.27,1.1866666666666665
-5.3,3,9,23,4,6,1.96,0.38,1.1829166666666666
19.1,1,12,23,4,6,0.29,0.91,1.1904166666666667
22.1,1,12,23,4,6,1.09,1.49,1.2004166666666667
13.4,3,13,23,4,6,1.73,0.79,1.2049999999999998
8.5,3,13,23,4,6,0.9,0.28,1.2029166666666666
23.7,3,13,23,4,6,0.23,1.47,1.1916666666666667
12.6,2,15,23,4,6,1.2,1.23,1.2008333333333334
25.9,1,18,23,4,6,1.45,1.4,1.1854166666666666
11.6,1,18,23,4,6,1.03,0.8,1.2129166666666666
29.8,2,18,23,4,6,1.46,0.44,1.21875
32.4,3,18,23,4,6,0.58,1.82,1.20875
8.2,1,19,23,4,6,1.58,1.84,1.1825
30.9,3,20,23,4,6,1.21,1.16,1.2070833333333333
5.7,5,20,23,4,6,1.75,1.69,1.1929166666666666
27.1,4,21,23,4,6,1.35,1.8,1.1420833333333333
14.0,1,22,23,4,6,0.58,1.73,1.1095833333333334
29.3,5,22,23,4,6,0.95,0.61,1.1479166666666665
38.7,1,23,23,4,6,1.53,1.25,1.1454166666666665
6.4,3,23,23,4,6,1.19,0.33,1.195
37.3,2,23,23,4,6,1.52,1.17,1.1804166666666667
10.1,1,1,24,4,0,0.82,1.42,1.1925000000000001
35.6,3,1,24,4,0,1.71,1.17,1.2095833333333332
24.9,4,2,24,4,0,1.58,1.34,1.1679166666666665
2.3,5,4,24,4,0,0.34,1.96,1.0979166666666667
17.1,1,6,24,4,0,0.28,0.29,1.1070833333333334
-7.3,5,7,24,4,0,0.51,1.09,1.0975
-5.7,1,7,24,4,0,0.86,1.73,1.0341666666666667
5.7,3,8,24,4,0,0.21,0.9,1.0362500000000001
-3.2,2,9,24,4,0,0.95,0.23,1.0879166666666666
4.2,5,9,24,4,0,1.47,1.2,1.1095833333333334
-7.0,3,10,24,4,0,1.72,1.45,1.0850000000000002
6.1,3,10,24,4,0,0.86,1.03,1.0545833333333332
38.3,5,10,24,4,0,0.3,1.46,1.0529166666666667
-4.5,4,10,24,4,0,1.42,0.58,1.1083333333333334
21.9,4,11,24,4,0,1.91,1.58,1.0858333333333332
24.3,3,11,24,4,0,1.04,1.21,1.0704166666666668
34.9,4,11,24,4,0,0.84,1.75,1.0666666666666667
1.2,4,14,24,4,0,1.66,1.35,1.0454166666666667
-5.0,5,15,24,4,0,0.84,0.58,1.0941666666666665
8.8,5,15,24,4,0,1.75,0.95,1.10875
-5.7,1,16,24,4,0,1.3,1.53,1.05625
9.9,5,17,24,4,0,0.27,1.19,1.0554166666666667
2.5,3,18,24,4,0,1.17,1.52,1.07125
23.1,3,19,24,4,0,1.9,0.82,1.1008333333333333
37.9,3,19,24,4,0,1.53,1.71,1.1075
19.8,2,19,24,4,0,1.87,1.58,1.1041666666666667
0.9,2,20,24,4,0,1.5,0.34,1.10875
-8.9,3,21,24,4,0,0.45,0.28,1.1729166666666666
20.8,1,22,24,4,0,1.82,0.51,1.1937499999999999
34.9,5,22,24,4,0,1.01,0.86,1.2141666666666666
14.2,3,23,24,4,0,1.35,0.21,1.2208333333333332
28.2,3,1,25,4,1,0.37,0.95,1.2204166666666667
14.0,5,2,25,4,1,0.94,1.47,1.2070833333333333
31.2,2,3,25,4,1,1.15,1.72,1.1745833333333333
29.5,2,4,25,4,1,0.94,0.86,1.1745833333333333
-3.3,5,6,25,4,1,0.86,0.3,1.1983333333333335
16.7,2,6,25,4,1,0.87,1.42,1.2008333333333334
-4.2,1,7,25,4,1,1.48,1.91,1.14625
3.8,3,8,25,4,1,0.6,1.04,1.1620833333333334
39.2,4,8,25,4,1,1.42,0.84,1.1820833333333334
37.5,2,10,25,4,1,1.32,1.66,1.1229166666666666
6.3,2,10,25,4,1,0.24,0.84,1.1583333333333334
-5.8,2,11,25,4,1,1.69,1.75,1.1166666666666667
-1.4,2,13,25,4,1,0.75,1.3,1.1075
26.2,2,14,25,4,1,1.08,0.27,1.1654166666666665
0.5,2,15,25,4,1,1.66,1.17,1.1933333333333334
22.0,5,16,25,4,1,1.84,1.9,1.1408333333333334
1.9,1,16,25,4,1,0.64,1.53,1.1258333333333335
34.2,2,16,25,4,1,1.17,1.87,1.06875
-4.6,4,17,25,4,1,0.5,1.5,1.0541666666666667
20.6,4,17,25,4,1,1.15,0.45,1.0829166666666667
39.1,2,19,25,4,1,1.14,1.82,1.0525
15.6,4,19,25,4,1,1.09,1.01,1.0933333333333333
17.5,5,19,25,4,1,1.99,1.35,1.06125
-2.9,2,19,25,4,1,0.58,0.37,1.0625
1.5,5,20,25,4,1,0.4,0.94,1.0383333333333333
36.5,5,21,25,4,1,0.36,1.15,1.0491666666666666
-6.9,2,21,25,4,1,1.41,0.94,1.0487499999999998
-7.3,2,21,25,4,1,0.93,0.86,1.0591666666666668
-8.7,3,22,25,4,1,1.11,0.87,1.0374999999999999
2.0,1,23,25,4,1,0.35,1.48,0.9970833333333333
29.2,2,0,26,4,2,0.51,0.6,0.9854166666666667
12.6,3,1,26,4,2,0.32,1.42,0.9566666666666666
-0.6,4,2,26,4,2,0.73,1.32,0.9241666666666667
14.1,3,4,26,4,2,0.54,0.24,0.9504166666666666
14.4,3,4,26,4,2,0.87,1.69,0.90125
15.3,3,6,26,4,2,0.51,0.75,0.9066666666666666
-0.9,2,7,26,4,2,0.88,1.08,0.9179166666666667
21.1,1,7,26,4,2,1.35,1.66,0.90375
27.6,4,7,26,4,2,1.32,1.84,0.88625
-7.2,2,8,26,4,2,1.42,0.64,0.87125
21.2,5,8,26,4,2,0.28,1.17,0.8704166666666665
24.6,1,8,26,4,2,1.15,0.5,0.8816666666666665
-2.7,2,11,26,4,2,0.77,1.15,0.8445833333333334
26.2,1,11,26,4,2,0.26,1.14,0.8058333333333333
-6.5,5,11,26,4,2,0.21,1.09,0.8204166666666666
13.8,5,13,26,4,2,1.44,1.99,0.7600000000000001
3.9,4,13,26,4,2,0.54,0.58,0.785
13.0,1,13,26,4,2,1.18,0.4,0.8179166666666666
39.6,1,13,26,4,2,1.19,0.36,0.8595833333333335
1.4,4,14,26,4,2,1.36,1.41,0.8529166666666668
37.0,5,15,26,4,2,1.25,0.93,0.8666666666666667
5.1,1,16,26,4,2,1.26,1.11,0.8799999999999999
-4.0,3,17,26,4,2,1.43,0.35,0.9220833333333333
13.0,3,17,26,4,2,1.36,0.51,0.9420833333333333
-7.2,4,18,26,4,2,0.99,0.32,0.9824999999999999
7.8,5,19,26,4,2,1.29,0.73,1.0145833333333334
35.8,1,19,26,4,2,1.5,0.54,1.0654166666666667
24.8,1,19,26,4,2,1.76,0.87,1.08125
24.3,4,20,26,4,2,1.25,0.51,1.08375
9.4,3,22,26,4,2,0.57,0.88,1.1
-8.2,2,1,27,4,3,1.27,1.35,1.05375
-4.2,1,1,27,4,3,0.24,1.32,1.0683333333333334
26.9,2,1,27,4,3,1.67,1.42,1.0808333333333333
12.9,2,2,27,4,3,1.72,0.28,1.0804166666666666
-7.5,4,2,27,4,3,0.27,1.15,1.0545833333333334
19.2,5,2,27,4,3,0.53,0.77,1.0570833333333332
-5.8,4,2,27,4,3,0.83,0.26,1.1079166666666667
29.5,3,3,27,4,3,1.48,0.21,1.125
13.9,2,4,27,4,3,0.62,1.44,1.1433333333333333
-5.4,4,5,27,4,3,1.88,0.54,1.1666666666666667
-2.2,3,6,27,4,3,1.1,1.18,1.1804166666666667
34.9,1,6,27,4,3,1.51,1.19,1.1525
-8.7,5,7,27,4,3,0.52,1.36,1.10875
-4.2,2,7,27,4,3,0.31,1.25,1.1116666666666666
15.8,3,7,27,4,3,1.32,1.26,1.0820833333333333
3.9,3,7,27,4,3,0.55,1.43,1.0337500000000002
33.1,2,7,27,4,3,0.27,1.36,0.9858333333333333
-4.4,5,10,27,4,3,0.21,0.99,0.9741666666666666
34.7,3,11,27,4,3,0.71,1.29,0.9395833333333333
-7.9,2,12,27,4,3,0.46,1.5,0.9383333333333334
8.0,3,12,27,4,3,1.47,1.76,0.9474999999999999
-8.1,2,13,27,4,3,1.98,1.25,0.9579166666666666
34.2,2,14,27,4,3,1.5,0.57,1.01375
21.5,1,14,27,4,3,1.91,1.27,0.9695833333333334
32.3,2,14,27,4,3,0.21,0.24,0.9975
6.5,3,16,27,4,3,0.91,1.67,0.9979166666666667
-7.4,5,18,27,4,3,1.68,1.72,0.945
2.5,3,18,27,4,3,0.45,0.27,0.9741666666666666
22.6,5,18,27,4,3,0.97,0.53,0.9758333333333332
39.0,1,18,27,4,3,0.57,0.83,0.9933333333333333
2.8,5,21,27,4,3,1.25,1.48,0.94625
-7.1,3,22,27,4,3,0.35,0.62,0.975
27.3,5,22,27,4,3,1.31,1.88,0.9470833333333334
0.2,4,22,27,4,3,1.21,1.1,0.93375
4.4,4,22,27,4,3,0.78,1.51,0.9266666666666667
7.9,3,0,28,4,4,1.34,0.52,0.9695833333333334
10.2,5,1,28,4,4,1.55,0.31,0.9662499999999999
0.8,1,1,28,4,4,0.23,1.32,0.9779166666666667
21.1,1,2,28,4,4,1.6,0.55,0.9745833333333334
12.2,1,5,28,4,4,0.47,0.27,0.9899999999999999
18.4,5,6,28,4,4,0.64,0.21,1.0154166666666666
-3.3,4,7,28,4,4,0.82,0.71,1.0633333333333332
18.3,5,7,28,4,4,1.86,0.46,1.1045833333333333
5.5,4,7,28,4,4,1.45,1.47,1.1125
22.0,2,8,28,4,4,1.66,1.98,1.03875
10.6,1,10,28,4,4,0.21,1.5,1.0479166666666666
-8.4,5,11,28,4,4,1.72,1.91,1.0495833333333333
16.0,5,11,28,4,4,1.95,0.21,1.09875
25.2,2,12,28,4,4,1.39,0.91,1.0775
3.8,2,12,28,4,4,0.4,1.68,1.0283333333333333
30.6,1,13,28,4,4,0.5,0.45,1.0533333333333335
-9.9,5,14,28,4,4,1.05,0.97,1.0270833333333333
17.9,5,14,28,4,4,0.34,0.57,1.02875
38.2,1,14,28,4,4,0.61,1.25,1.04125
30.5,2,15,28,4,4,1.55,0.35,1.095
-6.3,2,15,28,4,4,1.64,1.31,1.0641666666666667
4.2,5,16,28,4,4,0.57,1.21,1.0770833333333334
-6.4,5,16,28,4,4,1.52,0.78,1.1116666666666666
19.9,3,17,28,4,4,1.61,1.34,1.1054166666666665
-8.1,5,17,28,4,4,1.19,1.55,1.0525
2.5,2,17,28,4,4,0.28,0.23,1.1191666666666666
-1.5,4,17,28,4,4,1.83,1.6,1.0945833333333332
39.2,3,19,28,4,4,1.01,0.47,1.0929166666666668
2.9,4,19,28,4,4,0.43,0.64,1.1375
0.5,1,20,28,4,4,1.71,0.82,1.1312499999999999
9.5,3,21,28,4,4,0.67,1.86,1.1070833333333334
11.1,4,21,28,4,4,1.28,1.45,1.05875
25.6,1,23,28,4,4,0.29,1.66,1.0704166666666668
34.5,4,23,28,4,4,1.94,0.21,1.0741666666666667
28.9,5,0,29,4,5,0.3,1.72,1.0654166666666667
28.3,1,0,29,4,5,1.51,1.95,1.005
36.7,3,2,29,4,5,0.5,1.39,1.0254166666666669
11.0,3,2,29,4,5,1.88,0.4,1.0891666666666666
29.8,2,5,29,4,5,1.93,0.5,1.1083333333333332
-7.5,3,7,29,4,5,0.96,1.05,1.0875
24.6,5,8,29,4,5,0.55,0.34,1.1325
-5.9,1,10,29,4,5,1.42,0.61,1.1612500000000001
8.7,2,11,29,4,5,1.3,1.55,1.1483333333333332
32.1,2,12,29,4,5,1.24,1.64,1.1154166666666667
9.8,4,13,29,4,5,0.85,0.57,1.15625
-6.4,1,14,29,4,5,1.55,1.52,1.13625
-8.4,2,14,29,4,5,1.04,1.61,1.0795833333333333
-3.1,1,14,29,4,5,0.25,1.19,1.1129166666666668
5.1,5,14,29,4,5,1.99,0.28,1.1145833333333333
19.3,4,15,29,4,5,0.32,1.83,1.06375
18.4,5,15,29,4,5,0.61,1.01,1.0720833333333333
26.4,4,18,29,4,5,1.21,0.43,1.0975
-5.5,4,18,29,4,5,1.04,1.71,1.0741666666666667
-3.3,3,19,29,4,5,1.15,0.67,1.10625
30.7,1,19,29,4,5,1.44,1.28,1.0683333333333334
-7.3,4,21,29,4,5,0.37,0.29,1.0991666666666668
35.2,2,23,29,4,5,1.03,1.94,1.08375
15.7,1,0,30,4,6,1.57,0.3,1.1070833333333334
-9.4,5,0,30,4,6,0.86,1.51,1.0725
32.0,5,1,30,4,6,0.68,0.5,1.1004166666666666
2.4,5,2,30,4,6,1.17,1.88,1.035
30.1,4,4,30,4,6,0.31,1.93,1.0262499999999999
5.5,5,5,30,4,6,1.72,0.96,1.06625
19.9,2,5,30,4,6,1.92,0.55,1.0995833333333334
35.8,1,7,30,4,6,1.35,1.42,1.0545833333333332
8.9,2,7,30,4,6,0.34,1.3,1.0708333333333333
-6.5,1,7,30,4,6,1.69,1.24,1.0433333333333332
24.4,3,7,30,4,6,0.58,0.85,1.0704166666666666
15.3,5,7,30,4,6,1.5,1.55,1.06875
16.8,5,7,30,4,6,1.51,1.04,1.0554166666666667
12.0,1,8,30,4,6,0.72,0.25,1.1179166666666667
-7.2,4,9,30,4,6,1.75,1.99,1.1175
29.9,1,10,30,4,6,1.98,0.32,1.1512499999999999
20.3,5,10,30,4,6,1.13,0.61,1.1654166666666665
-5.0,4,11,30,4,6,0.95,1.21,1.1670833333333333
27.2,4,11,30,4,6,1.25,1.04,1.1983333333333335
30.8,2,11,30,4,6,1.79,1.15,1.2266666666666666
36.1,2,14,30,4,6,1.83,1.44,1.2116666666666667
21.1,2,14,30,4,6,1.08,0.37,1.2295833333333333
10.2,1,16,30,4,6,0.8,1.03,1.2291666666666667
7.2,2,18,30,4,6,1.02,1.57,1.1833333333333333
18.2,2,18,30,4,6,0.47,0.86,1.1649999999999998
0.3,3,18,30,4,6,0.42,0.68,1.1875
3.3,1,19,30,4,6,1.22,1.17,1.1604166666666667
20.4,5,20,30,4,6,0.52,0.31,1.2220833333333332
-7.3,3,20,30,4,6,1.79,1.72,1.2070833333333333
37.6,4,20,30,4,6,1.36,1.92,1.1658333333333333
29.3,5,23,30,4,6,0.93,1.35,1.165
5.1,3,23,30,4,6,1.33,0.34,1.2091666666666667
-5.4,3,1,1,5,0,1.4,1.69,1.2137499999999999
16.2,4,2,1,5,0,1.8,0.58,1.20375
-1.9,2,6,1,5,0,0.34,1.5,1.2137499999999999
-7.1,5,7,1,5,0,1.74,1.51,1.1649999999999998
33.1,3,7,1,5,0,0.34,0.72,1.20625
22.0,1,8,1,5,0,1.71,1.75,1.15375
-3.7,3,8,1,5,0,0.49,1.98,1.0820833333333333
22.9,1,12,1,5,0,0.26,1.13,1.0754166666666667
34.7,4,12,1,5,0,0.97,0.95,1.055
9.6,3,12,1,5,0,0.46,1.25,1.0858333333333334
-8.9,5,13,1,5,0,1.99,1.79,1.0441666666666667
25.5,3,14,1,5,0,0.79,1.83,0.9858333333333333
-8.2,1,15,1,5,0,0.43,1.08,0.955
25.3,2,16,1,5,0,0.34,0.8,0.9600000000000001
-5.8,5,17,1,5,0,0.92,1.02,0.9716666666666667
17.7,5,17,1,5,0,1.3,0.47,1.0054166666666666
-0.0,3,19,1,5,0,1.28,0.42,1.0283333333333333
17.4,3,19,1,5,0,0.97,1.22,0.9870833333333332
4.6,5,19,1,5,0,0.23,0.52,0.9783333333333334
36.5,1,20,1,5,0,0.31,1.79,0.9241666666666667
20.4,4,21,1,5,0,0.49,1.36,0.9333333333333335
3.7,1,21,1,5,0,1.58,0.93,0.9391666666666668
-0.7,2,23,1,5,0,1.07,1.33,0.92875
25.7,5,0,2,5,1,1.08,1.4,0.8908333333333335
13.3,3,1,2,5,1,0.49,1.8,0.8666666666666667
9.1,4,2,2,5,1,1.22,0.34,0.8791666666666668
38.7,4,2,2,5,1,0.64,1.74,0.8308333333333334
0.0,2,3,2,5,1,0.58,0.34,0.8775000000000001
1.3,1,4,2,5,1,1.46,1.71,0.83625
-5.4,1,4,2,5,1,0.72,0.49,0.8491666666666666
15.3,5,5,2,5,1,0.8,0.26,0.8770833333333333
17.5,1,5,2,5,1,0.93,0.97,0.8558333333333333
-4.7,5,6,2,5,1,0.46,0.46,0.8516666666666667
31.6,2,7,2,5,1,0.36,1.99,0.84875
39.4,4,9,2,5,1,1.92,0.79,0.8925000000000001
22.4,3,10,2,5,1,1.84,0.43,0.8920833333333333
24.4,5,11,2,5,1,0.42,0.34,0.9325000000000001
-5.4,4,12,2,5,1,1.31,0.92,0.9204166666666667
18.3,5,13,2,5,1,0.63,1.3,0.91
34.0,3,14,2,5,1,1.05,1.28,0.88875
-5.5,1,15,2,5,1,0.77,0.97,0.9274999999999999
12.5,3,15,2,5,1,1.9,0.23,0.9445833333333334
32.1,5,16,2,5,1,0.64,0.31,1.0054166666666666
-8.4,3,17,2,5,1,1.77,0.49,1.0545833333333334
33.1,1,18,2,5,1,1.67,1.58,1.0504166666666668
22.3,3,21,2,5,1,1.48,1.07,1.0520833333333333
7.1,3,21,2,5,1,1.11,1.08,1.0216666666666667
20.4,1,22,2,5,1,0.35,0.49,1.0304166666666665
9.4,2,22,2,5,1,0.7,1.22,1.0608333333333333
18.0,4,0,3,5,2,1.95,0.64,1.0820833333333333
-3.5,4,0,3,5,2,1.15,0.58,1.12875
40.0,3,0,3,5,2,1.7,1.46,1.0999999999999999
35.4,1,0,3,5,2,0.77,0.72,1.11
23.1,2,4,3,5,2,0.96,0.8,1.1187500000000001
25.0,5,5,3,5,2,1.01,0.93,1.10125
5.7,4,5,3,5,2,0.51,0.46,1.1512499999999999
25.0,5,5,3,5,2,1.66,0.36,1.1666666666666667
-3.2,3,7,3,5,2,0.73,1.92,1.1591666666666665
28.7,1,7,3,5,2,1.74,1.84,1.1645833333333333
8.1,4,8,3,5,2,1.97,0.42,1.1804166666666667
6.3,1,9,3,5,2,0.8,1.31,1.1933333333333334
21.5,2,10,3,5,2,1.62,0.63,1.1866666666666668
29.9,3,10,3,5,2,0.47,1.05,1.2129166666666666
-4.8,5,11,3,5,2,1.68,0.77,1.2579166666666666
8.2,1,14,3,5,2,1.85,1.9,1.2125000000000001
2.1,2,15,3,5,2,0.81,0.64,1.2429166666666667
-5.2,3,16,3,5,2,1.37,1.77,1.1991666666666667
-7.9,1,17,3,5,2,0.72,1.67,1.21
30.5,1,19,3,5,2,1.93,1.48,1.1995833333333334
29.9,1,20,3,5,2,1.23,1.11,1.1991666666666665
13.7,2,23,3,5,2,1.1,0.35,1.2175
-9.2,5,23,3,5,2,0.79,0.7,1.2154166666666668
16.1,1,0,4,5,3,0.65,1.95,1.1704166666666667
28.7,5,1,4,5,3,0.87,1.15,1.1387500000000002
11.3,1,2,4,5,3,0.39,1.7,1.1170833333333334
23.3,2,2,4,5,3,1.18,0.77,1.1258333333333335
37.0,3,3,4,5,3,0.98,0.96,1.1620833333333334
9.5,5,3,4,5,3,1.83,1.01,1.1695833333333334
16.8,3,4,4,5,3,1.19,0.51,1.1879166666666667
35.3,4,5,4,5,3,0.95,1.66,1.1729166666666668
28.9,2,6,4,5,3,1.3,0.73,1.1579166666666667
37.0,1,6,4,5,3,0.37,1.74,1.1191666666666669
6.9,3,7,4,5,3,0.81,1.97,1.0533333333333335
-5.7,1,7,4,5,3,0.39,0.8,1.07
20.4,4,8,4,5,3,1.2,1.62,1.0479166666666668
-5.3,2,10,4,5,3,1.09,0.47,1.0941666666666665
30.5,3,11,4,5,3,1.58,1.68,1.07125
-7.6,1,11,4,5,3,1.13,1.85,1.0220833333333335
10.2,2,13,4,5,3,0.67,0.81,1.0275
20.8,2,13,4,5,3,0.94,1.37,0.9979166666666668
20.8,4,15,4,5,3,0.66,0.72,1.0108333333333333
17.6,4,16,4,5,3,1.03,1.93,0.96125
6.2,3,18,4,5,3,0.74,1.23,0.9787499999999999
8.0,5,18,4,5,3,1.65,1.1,0.9833333333333334
-1.4,3,20,4,5,3,1.21,0.79,1.0162499999999999
-9.1,5,20,4,5,3,1.58,0.65,1.0579166666666666
12.2,4,20,4,5,3,1.65,0.87,1.10375
-9.3,1,21,4,5,3,1.97,0.39,1.1154166666666667
7.9,1,21,4,5,3,0.67,1.18,1.0799999999999998
34.3,2,21,4,5,3,0.33,0.98,1.0975
20.8,3,22,4,5,3,1.4,1.83,1.0329166666666667
31.9,3,22,4,5,3,0.28,1.19,1.06375
19.3,2,22,4,5,3,1.93,0.95,1.05125
39.9,4,1,5,5,4,0.65,1.3,1.025
18.4,2,2,5,5,4,0.67,0.37,1.0362500000000001
2.5,3,4,5,5,4,0.64,0.81,1.0208333333333333
13.6,1,4,5,5,4,0.44,0.39,1.0758333333333332
24.7,3,4,5,5,4,1.71,1.2,1.0645833333333334
12.4,1,6,5,5,4,0.93,1.09,1.0999999999999999
27.8,4,6,5,5,4,1.94,1.58,1.0491666666666666
9.7,3,11,5,5,4,0.36,1.13,1.0691666666666666
-2.8,3,11,5,5,4,1.61,0.67,1.10875
19.8,3,11,5,5,4,1.62,0.94,1.08375
23.9,4,12,5,5,4,0.34,0.66,1.0929166666666668
-8.0,2,13,5,5,4,0.88,1.03,1.1170833333333334
-9.7,2,14,5,5,4,1.61,0.74,1.11375
32.0,2,15,5,5,4,0.66,1.65,1.1270833333333334
8.6,5,18,5,5,4,1.97,1.21,1.1104166666666666
36.5,5,19,5,5,4,0.81,1.58,1.1008333333333333
29.4,4,19,5,5,4,1.35,1.65,1.1104166666666666
3.5,1,21,5,5,4,1.88,1.97,1.0558333333333334
32.1,1,22,5,5,4,0.66,0.67,1.10375
28.7,5,23,5,5,4,1.82,0.33,1.1108333333333333
27.4,2,1,6,5,5,0.5,1.4,1.0629166666666665
6.1,3,2,6,5,5,0.25,0.28,1.11125
15.9,1,3,6,5,5,1.44,1.93,1.1004166666666666
21.9,3,6,6,5,5,1.67,0.65,1.125
30.9,4,6,6,5,5,1.24,0.67,1.1466666666666667
30.7,5,6,6,5,5,1.19,0.64,1.1820833333333334
8.4,1,6,6,5,5,1.49,0.44,1.2429166666666667
32.8,2,6,6,5,5,1.9,1.71,1.2458333333333333
21.7,5,7,6,5,5,1.78,0.93,1.2362499999999998
20.2,2,11,6,5,5,0.7,1.94,1.1679166666666667
13.0,5,12,6,5,5,0.3,0.36,1.2220833333333334
-1.0,1,12,6,5,5,1.66,1.61,1.2354166666666666
22.7,1,13,6,5,5,1.93,1.62,1.19125
-4.7,1,14,6,5,5,0.56,0.34,1.1858333333333333
26.2,2,14,6,5,5,0.21,0.88,1.2204166666666667
3.3,4,15,6,5,5,1.71,1.61,1.1845833333333333
27.3,4,17,6,5,5,0.75,0.66,1.1775
38.0,5,17,6,5,5,0.49,1.97,1.1570833333333332
19.8,5,18,6,5,5,1.48,0.81,1.1716666666666666
18.1,1,18,6,5,5,1.16,1.35,1.1708333333333332
11.8,2,19,6,5,5,1.33,1.88,1.1120833333333333
0.1,2,19,6,5,5,0.47,0.66,1.15625
18.5,4,21,6,5,5,1.72,1.82,1.1612500000000001
14.4,2,21,6,5,5,1.94,0.5,1.19125
25.7,2,22,6,5,5,1.22,0.25,1.1979166666666667
13.7,5,22,6,5,5,0.41,1.44,1.1754166666666666
26.7,2,22,6,5,5,0.9,1.67,1.135
19.2,2,23,6,5,5,0.7,1.24,1.1608333333333334
-0.7,5,23,6,5,5,1.86,1.19,1.1708333333333334
20.6,5,23,6,5,5,1.43,1.49,1.1424999999999998
8.9,2,0,7,5,6,0.81,1.9,1.1104166666666666
-4.8,4,1,7,5,6,1.13,1.78,1.1120833333333333
-1.1,3,4,7,5,6,1.82,0.7,1.1583333333333334
6.5,2,4,7,5,6,1.81,0.3,1.2070833333333333
11.6,4,4,7,5,6,1.47,1.66,1.1624999999999999
7.4,4,5,7,5,6,0.59,1.93,1.105
27.2,1,6,7,5,6,0.55,0.56,1.1229166666666666
3.2,5,7,7,5,6,0.99,0.21,1.15875
17.2,3,7,7,5,6,1.07,1.71,1.1312499999999999
2.7,5,8,7,5,6,1.05,0.75,1.1770833333333333
-1.4,5,8,7,5,6,1.85,0.49,1.2008333333333334
0.6,5,8,7,5,6,1.06,1.48,1.2058333333333333
32.4,3,9,7,5,6,1.6,1.16,1.1729166666666666
1.8,1,10,7,5,6,0.37,1.33,1.1616666666666668
31.6,2,10,7,5,6,1.06,0.47,1.2158333333333333
-6.9,3,11,7,5,6,1.77,1.72,1.175
0.3,1,13,7,5,6,0.74,1.94,1.1508333333333332
16.3,1,14,7,5,6,1.36,1.22,1.1254166666666667
11.8,3,14,7,5,6,0.61,0.41,1.18625
-2.9,2,14,7,5,6,1.87,0.9,1.1729166666666668
11.6,1,18,7,5,6,0.58,0.7,1.1754166666666666
29.6,1,20,7,5,6,0.76,1.86,1.14625
30.7,4,21,7,5,6,1.16,1.43,1.11375
27.7,4,22,7,5,6,0.65,0.81,1.1058333333333332
20.5,5,23,7,5,6,0.62,1.13,1.1162500000000002
32.3,3,0,8,5,0,1.38,1.82,1.0566666666666669
30.4,4,0,8,5,0,0.39,1.81,1.0625
23.5,2,0,8,5,0,1.95,1.47,1.0808333333333333
3.6,4,2,8,5,0,1.91,0.59,1.0683333333333334
15.8,5,3,8,5,0,0.29,0.55,1.0579166666666666
-9.5,2,5,8,5,0,0.3,0.99,1.0920833333333333
14.6,2,6,8,5,0,1.81,1.07,1.0916666666666668
33.9,5,7,8,5,0,1.06,1.05,1.1133333333333333
-7.0,5,7,8,5,0,1.57,1.85,1.1133333333333333
11.9,2,10,8,5,0,1.85,1.06,1.1433333333333333
-3.6,2,11,8,5,0,1.78,1.6,1.1191666666666666
32.3,3,11,8,5,0,1.02,0.37,1.1179166666666667
27.2,5,12,8,5,0,0.34,1.06,1.1266666666666667
36.5,5,12,8,5,0,1.27,1.77,1.0679166666666666
22.0,5,13,8,5,0,0.36,0.74,1.075
14.7,2,15,8,5,0,0.91,1.36,1.0458333333333332
38.6,4,15,8,5,0,0.66,0.61,1.0508333333333333
36.0,4,15,8,5,0,0.73,1.87,1.0441666666666667
2.8,5,16,8,5,0,1.71,0.58,1.08125
10.0,1,17,8,5,0,1.47,0.76,1.0695833333333333
14.5,5,17,8,5,0,0.48,1.16,1.0508333333333335
-5.9,5,18,8,5,0,0.71,0.65,1.0833333333333333
18.2,2,19,8,5,0,1.43,0.62,1.1266666666666667
0.1,4,19,8,5,0,1.66,1.38,1.1008333333333333
29.8,3,19,8,5,0,0.76,0.39,1.1383333333333334
-8.9,4,20,8,5,0,1.29,1.95,1.0933333333333333
39.6,2,21,8,5,0,0.87,1.91,1.07875
12.1,3,21,8,5,0,1.56,0.29,1.09125
6.4,1,22,8,5,0,0.59,0.3,1.1070833333333334
-4.9,5,23,8,5,0,0.68,1.81,1.1079166666666667
11.0,3,1,9,5,1,1.83,1.06,1.1016666666666668
8.5,3,2,9,5,1,0.91,1.57,1.08875
-7.8,3,3,9,5,1,1.26,1.85,1.0729166666666667
27.2,2,3,9,5,1,1.47,1.78,1.0429166666666665
-9.9,5,4,9,5,1,1.06,1.02,1.0483333333333333
23.6,5,9,9,5,1,1.15,0.34,1.0433333333333332
1.1,1,9,9,5,1,0.22,1.27,1.0145833333333334
26.0,5,10,9,5,1,0.58,0.36,1.0633333333333332
15.0,1,10,9,5,1,1.53,0.91,1.1020833333333333
0.9,3,11,9,5,1,1.84,0.66,1.0979166666666667
10.0,1,12,9,5,1,0.56,0.73,1.1095833333333334
22.6,3,12,9,5,1,1.01,1.71,1.07125
33.6,4,13,9,5,1,0.79,1.47,1.06125
29.2,2,13,9,5,1,1.23,0.48,1.07875
32.3,2,14,9,5,1,0.9,0.71,1.1179166666666667
23.3,1,15,9,5,1,1.65,1.43,1.1295833333333334
34.1,1,15,9,5,1,1.71,1.66,1.1224999999999998
27.2,4,16,9,5,1,1.49,0.76,1.1083333333333334
-7.8,3,20,9,5,1,0.42,1.29,1.0925
27.6,2,20,9,5,1,0.91,0.87,1.0883333333333334
9.8,1,21,9,5,1,0.77,1.56,1.0320833333333332
3.1,5,21,9,5,1,0.21,0.59,1.0895833333333333
34.2,5,22,9,5,1,1.97,0.68,1.0804166666666666
11.5,2,23,9,5,1,0.46,1.83,1.05
-0.5,3,23,9,5,1,1.1,0.91,1.0454166666666667
37.4,2,2,10,5,2,0.8,1.26,1.0758333333333334
-7.2,3,2,10,5,2,1.99,1.47,1.0491666666666666
19.4,5,2,10,5,2,0.83,1.06,1.0716666666666668
38.6,3,3,10,5,2,1.6,1.15,1.0574999999999999
22.4,4,3,10,5,2,0.81,0.22,1.0933333333333335
26.6,5,3,10,5,2,1.08,0.58,1.1029166666666665
15.4,4,4,10,5,2,0.81,1.53,1.0779166666666666
31.2,1,5,10,5,2,0.93,1.84,1.03125
31.4,5,6,10,5,2,0.72,0.56,1.0779166666666666
7.3,2,6,10,5,2,1.68,1.01,1.1175
22.9,4,6,10,5,2,1.96,0.79,1.1595833333333334
12.1,4,6,10,5,2,1.8,1.23,1.1195833333333334
-4.8,2,7,10,5,2,0.27,0.9,1.1641666666666666
5.8,1,8,10,5,2,1.97,1.65,1.1604166666666667
36.2,5,8,10,5,2,1.56,1.71,1.1516666666666666
38.9,5,8,10,5,2,1.5,1.49,1.1166666666666667
-2.3,4,9,10,5,2,0.65,0.42,1.1570833333333332
15.0,1,9,10,5,2,1.39,0.91,1.1516666666666666
-8.3,4,14,10,5,2,0.78,0.77,1.1500000000000001
21.6,5,15,10,5,2,0.73,0.21,1.1854166666666666
-8.3,1,15,10,5,2,1.06,1.97,1.1591666666666667
39.3,1,16,10,5,2,1.34,0.46,1.1741666666666666
7.8,3,17,10,5,2,0.82,1.1,1.2045833333333336
21.7,5,19,10,5,2,1.83,0.8,1.2529166666666667
29.8,2,19,10,5,2,1.96,1.99,1.1795833333333332
13.0,3,20,10,5,2,0.23,0.83,1.1745833333333333
-1.9,4,20,10,5,2,0.71,1.6,1.1866666666666668
15.9,1,20,10,5,2,1.89,0.81,1.2320833333333334
34.7,5,20,10,5,2,1.9,1.08,1.2433333333333334
-0.7,1,23,10,5,2,1.35,0.81,1.2395833333333333
9.2,1,0,11,5,3,0.72,0.93,1.2345833333333334
26.3,2,2,11,5,3,0.81,0.72,1.2637500000000002
32.2,1,3,11,5,3,1.42,1.68,1.2179166666666665
-8.5,3,3,11,5,3,0.58,1.96,1.1629166666666666
7.3,5,4,11,5,3,0.64,1.8,1.1645833333333333
39.1,3,5,11,5,3,1.84,0.27,1.1845833333333333
-1.0,2,7,11,5,3,0.75,1.97,1.1175
8.8,2,7,11,5,3,0.36,1.56,1.0995833333333334
-2.7,3,10,11,5,3,1.13,1.5,1.08375
-5.1,2,10,11,5,3,1.12,0.65,1.1304166666666668
25.5,4,11,11,5,3,1.77,1.39,1.14875
-6.9,1,11,11,5,3,1.83,0.78,1.19625
24.2,1,12,11,5,3,1.92,0.73,1.2370833333333333
19.5,3,12,11,5,3,1.71,1.06,1.2750000000000001
5.6,4,13,11,5,3,1.97,1.34,1.2375
15.2,5,14,11,5,3,0.44,0.82,1.2566666666666666
11.8,3,14,11,5,3,1.28,1.83,1.2387499999999998
3.4,1,15,11,5,3,1.4,1.96,1.1795833333333334
30.6,4,15,11,5,3,0.54,0.23,1.1995833333333332
23.8,1,16,11,5,3,0.71,0.71,1.2308333333333332
16.1,5,17,11,5,3,1.46,1.89,1.1824999999999999
11.5,5,18,11,5,3,0.73,1.9,1.1441666666666668
26.3,5,20,11,5,3,0.98,1.35,1.1270833333333332
39.4,1,22,11,5,3,0.94,0.72,1.17125
31.5,3,22,11,5,3,1.78,0.81,1.15625
7.7,2,23,11,5,3,0.45,1.42,1.1545833333333333
34.8,1,0,12,5,4,1.38,0.58,1.1558333333333335
31.8,2,0,12,5,4,0.61,0.64,1.1554166666666668
9.9,5,1,12,5,4,0.63,1.84,1.1033333333333333
18.9,5,1,12,5,4,0.59,0.75,1.1433333333333333
19.5,2,3,12,5,4,1.71,0.36,1.1758333333333335
6.7,3,4,12,5,4,1.14,1.13,1.1479166666666665
13.2,2,4,12,5,4,0.46,1.12,1.1108333333333333
-0.7,4,6,12,5,4,0.23,1.77,1.0825
6.9,1,6,12,5,4,1.09,1.83,1.0391666666666666
-4.9,1,7,12,5,4,0.79,1.92,0.9799999999999999
27.6,2,7,12,5,4,0.5,1.71,0.9695833333333334
3.5,1,8,12,5,4,1.46,1.97,0.9262499999999999
32.5,4,8,12,5,4,0.93,0.44,0.9766666666666667
-3.7,3,11,12,5,4,1.65,1.28,0.9595833333333332
26.5,2,11,12,5,4,0.87,1.4,0.9725
11.9,1,11,12,5,4,1.71,0.54,0.9583333333333331
17.6,5,13,12,5,4,0.2,0.71,0.96
23.8,5,13,12,5,4,0.75,1.46,0.9541666666666666
33.8,2,13,12,5,4,1.32,0.73,0.9383333333333334
-3.5,2,14,12,5,4,0.35,0.98,0.9504166666666666
36.5,2,15,12,5,4,1.27,0.94,0.9862500000000001
21.0,3,18,12,5,4,1.8,1.78,0.9220833333333333
20.7,5,20,12,5,4,0.24,0.45,0.9558333333333334
21.0,5,21,12,5,4,1.26,1.38,0.9466666666666668
21.7,4,21,12,5,4,1.16,0.61,0.9525
29.2,2,21,12,5,4,0.75,0.63,0.9404166666666667
18.2,3,22,12,5,4,0.34,0.59,0.9566666666666667
0.2,4,22,12,5,4,0.98,1.71,0.9304166666666666
38.4,4,23,12,5,4,1.08,1.14,0.9358333333333332
36.9,3,0,13,5,5,1.27,0.46,0.9533333333333335
25.0,3,3,13,5,5,0.88,0.23,1.0054166666666668
11.6,2,7,13,5,5,1.48,1.09,1.0295833333333333
14.4,2,7,13,5,5,1.67,0.79,1.0058333333333334
39.1,5,7,13,5,5,0.22,0.5,1.0462500000000001
22.0,4,8,13,5,5,1.47,1.46,1.0175
17.4,4,9,13,5,5,0.77,0.93,1.0454166666666669
36.1,3,9,13,5,5,1.6,1.65,1.0483333333333333
33.2,4,10,13,5,5,1.72,0.87,1.0791666666666668
11.2,2,10,13,5,5,1.61,1.71,1.0741666666666667
6.7,5,11,13,5,5,1.59,0.2,1.09
25.0,3,11,13,5,5,0.58,0.75,1.095
6.3,4,12,13,5,5,0.87,1.32,1.0662500000000001
22.9,2,12,13,5,5,0.63,0.35,1.0916666666666666
-9.5,1,13,13,5,5,0.96,1.27,1.0641666666666667
8.8,1,14,13,5,5,0.61,1.8,1.0341666666666667
25.7,5,15,13,5,5,1.08,0.24,1.10375
11.0,4,15,13,5,5,1.91,1.26,1.1083333333333334
3.5,4,17,13,5,5,1.37,1.16,1.1266666666666667
20.0,4,17,13,5,5,1.6,0.75,1.1754166666666668
3.0,5,19,13,5,5,1.92,0.34,1.1708333333333334
26.7,1,19,13,5,5,0.23,0.98,1.15375
-2.8,1,20,13,5,5,0.57,1.08,1.1658333333333333
22.4,4,22,13,5,5,1.37,1.27,1.1795833333333334
-9.7,2,0,14,5,6,1.6,0.88,1.1541666666666666
-8.4,5,1,14,5,6,0.27,1.48,1.1629166666666666
-0.9,1,2,14,5,6,1.69,1.67,1.1579166666666667
-2.9,2,2,14,5,6,1.55,0.22,1.2104166666666667
6.5,3,3,14,5,6,1.48,1.47,1.1804166666666667
-4.5,2,3,14,5,6,0.75,0.77,1.2225
22.2,5,4,14,5,6,1.78,1.6,1.2175
14.8,2,5,14,5,6,1.48,1.72,1.1966666666666665
23.6,1,5,14,5,6,1.22,1.61,1.1925000000000001
38.1,5,6,14,5,6,1.51,1.59,1.2095833333333335
38.0,3,6,14,5,6,2.0,0.58,1.2149999999999999
23.2,1,6,14,5,6,0.71,0.87,1.26125
34.7,1,8,14,5,6,1.98,0.63,1.255
9.1,4,10,14,5,6,0.48,0.96,1.29375
29.5,3,11,14,5,6,1.89,0.61,1.3095833333333333
11.6,2,12,14,5,6,0.99,1.08,1.2920833333333333
36.8,5,12,14,5,6,0.66,1.91,1.2429166666666667
38.8,3,13,14,5,6,0.73,1.37,1.2662499999999999
6.7,1,15,14,5,6,1.93,1.6,1.2220833333333334
26.6,2,18,14,5,6,0.54,1.92,1.1554166666666668
35.4,4,19,14,5,6,0.32,0.23,1.20875
25.0,4,21,14,5,6,1.51,0.57,1.2591666666666665
-6.4,2,0,15,5,0,1.78,1.37,1.2229166666666667
24.2,1,1,15,5,0,0.5,1.6,1.1920833333333334
23.2,2,3,15,5,0,0.86,0.27,1.2220833333333332
1.9,2,3,15,5,0,0.99,1.69,1.1970833333333333
29.1,3,4,15,5,0,1.09,1.55,1.165
33.6,5,4,15,5,0,0.78,1.48,1.1616666666666668
-4.4,3,5,15,5,0,1.4,0.75,1.2129166666666666
-3.2,3,5,15,5,0,1.98,1.78,1.1683333333333332
26.8,4,6,15,5,0,0.71,1.48,1.1808333333333334
22.0,3,6,15,5,0,1.78,1.22,1.1491666666666667
9.4,4,7,15,5,0,0.46,1.51,1.1104166666666666
29.7,3,7,15,5,0,0.58,2.0,1.085
29.8,3,7,15,5,0,1.39,0.71,1.0733333333333333
25.7,2,8,15,5,0,0.43,1.98,1.0058333333333334
15.4,4,8,15,5,0,0.36,0.48,1.0545833333333334
-9.3,4,8,15,5,0,1.65,1.89,0.9845833333333333
17.6,2,9,15,5,0,0.21,0.99,0.9925
35.5,2,10,15,5,0,1.18,0.66,1.0120833333333334
-8.0,2,11,15,5,0,1.13,0.73,0.9970833333333333
-3.2,5,12,15,5,0,0.37,1.93,0.9395833333333333
30.3,2,12,15,5,0,0.55,0.54,0.9929166666666666
10.3,1,12,15,5,0,1.82,0.32,1.0195833333333333
25.6,3,14,15,5,0,0.96,1.51,1.0358333333333334
26.4,4,15,15,5,0,1.9,1.78,0.9733333333333333
14.8,5,15,15,5,0,0.28,0.5,0.9812500000000001
26.9,5,15,15,5,0,0.69,0.86,0.9983333333333334
23.2,4,18,15,5,0,1.27,0.99,1.00625
-6.8,5,22,15,5,0,1.18,1.09,0.9704166666666668
13.0,2,22,15,5,0,0.23,0.78,1.0095833333333333
38.1,5,0,16,5,1,1.72,1.4,0.9641666666666665
2.7,4,1,16,5,1,0.31,1.98,0.92625
26.8,3,2,16,5,1,1.07,0.71,0.945
-8.4,3,3,16,5,1,1.16,1.78,0.95375
18.5,5,3,16,5,1,1.99,0.46,0.9849999999999999
1.7,5,4,16,5,1,1.21,0.58,1.0116666666666667
-5.7,4,6,16,5,1,1.22,1.39,1.0329166666666667
38.1,2,7,16,5,1,1.9,0.43,1.075
13.8,5,7,16,5,1,1.44,0.36,1.1254166666666667
8.4,1,8,16,5,1,1.57,1.65,1.0654166666666665
-2.0,2,8,16,5,1,0.21,0.21,1.0983333333333334
31.8,3,8,16,5,1,1.0,1.18,1.0916666666666668
14.9,3,8,16,5,1,1.02,1.13,1.0670833333333334
11.3,5,8,16,5,1,0.54,0.37,1.0758333333333334
39.4,5,9,16,5,1,0.58,0.55,1.0925
32.4,2,10,16,5,1,0.95,1.82,1.0983333333333334
9.9,3,10,16,5,1,1.96,0.96,1.0687499999999999
21.3,4,11,16,5,1,0.25,1.9,1.0416666666666667
22.7,2,12,16,5,1,1.25,0.28,1.105
33.1,5,12,16,5,1,1.8,0.69,1.0908333333333333
0.7,4,13,16,5,1,0.35,1.27,1.0558333333333334
22.3,1,14,16,5,1,0.43,1.18,1.0558333333333334
33.8,5,14,16,5,1,1.18,0.23,1.1066666666666667
-6.2,4,14,16,5,1,1.45,1.72,1.0695833333333333
24.8,1,15,16,5,1,0.83,0.31,1.1079166666666667
13.7,3,15,16,5,1,1.23,1.07,1.0758333333333334
-4.1,2,16,16,5,1,0.3,1.16,1.0879166666666666
29.7,3,16,16,5,1,1.45,1.99,1.0483333333333331
26.0,4,16,16,5,1,1.04,1.21,1.08
-3.5,2,17,16,5,1,1.97,1.22,1.0970833333333332
6.9,3,18,16,5,1,1.63,1.9,1.0779166666666666
32.9,5,19,16,5,1,1.44,1.44,1.04625
37.4,5,19,16,5,1,0.68,1.57,1.0345833333333332
-5.4,5,19,16,5,1,1.29,0.21,1.1075000000000002
36.8,3,21,16,5,1,1.96,1.0,1.0741666666666667
25.5,4,22,16,5,1,0.2,1.02,1.0733333333333333
-9.8,4,0,17,5,2,1.0,0.54,1.1241666666666665
20.5,3,1,17,5,2,1.76,0.58,1.1199999999999999
30.6,1,4,17,5,2,0.48,0.95,1.0995833333333334
13.4,4,5,17,5,2,0.46,1.96,1.05
31.8,1,5,17,5,2,0.77,0.25,1.0695833333333333
-8.6,2,6,17,5,2,0.72,1.25,1.0374999999999999
14.0,1,6,17,5,2,0.48,1.8,1.01875
27.7,4,6,17,5,2,1.35,0.35,1.04625
28.5,1,6,17,5,2,1.01,0.43,1.0683333333333331
31.3,4,6,17,5,2,0.96,1.18,1.0833333333333333
28.0,1,7,17,5,2,1.54,1.45,1.0908333333333333
6.5,5,8,17,5,2,1.63,0.83,1.1283333333333334
-7.6,2,8,17,5,2,1.73,1.23,1.1500000000000001
7.8,3,8,17,5,2,1.75,0.3,1.1483333333333332
2.9,1,8,17,5,2,0.26,1.45,1.16375
-6.2,2,9,17,5,2,1.82,1.04,1.14375
5.0,2,11,17,5,2,0.56,1.97,1.10375
2.9,4,11,17,5,2,1.01,1.63,1.0691666666666666
14.6,3,14,17,5,2,0.8,1.44,1.03
37.6,3,14,17,5,2,0.5,0.68,1.0775
34.0,5,14,17,5,2,1.82,1.29,1.035
18.8,3,15,17,5,2,0.27,1.96,1.0225
11.0,3,15,17,5,2,1.66,0.2,1.0766666666666667
21.5,1,16,17,5,2,1.5,1.0,1.1033333333333333
2.2,5,16,17,5,2,1.64,1.76,1.0425
22.6,2,16,17,5,2,0.3,0.48,1.055
16.9,3,16,17,5,2,0.78,0.46,1.085
39.0,2,17,17,5,2,1.18,0.77,1.1083333333333334
36.5,4,20,17,5,2,1.33,0.72,1.1320833333333333
19.4,1,20,17,5,2,1.29,0.48,1.1408333333333334
-9.1,1,20,17,5,2,0.69,1.35,1.1041666666666667
1.4,1,22,17,5,2,0.47,1.01,1.0791666666666666
32.4,1,22,17,5,2,0.41,0.96,1.1108333333333333
30.0,1,22,17,5,2,1.72,1.54,1.0633333333333332
39.9,4,22,17,5,2,0.4,1.63,1.0141666666666667
21.9,3,22,17,5,2,0.45,1.73,0.9795833333333333
-8.4,3,23,17,5,2,0.9,1.75,0.9879166666666667
5.1,2,0,18,5,3,1.95,0.26,0.9862500000000001
26.4,4,1,18,5,3,0.22,1.82,0.9258333333333334
-3.8,1,2,18,5,3,0.37,0.56,0.9462499999999999
19.1,3,2,18,5,3,1.05,1.01,0.9854166666666667
12.3,3,3,18,5,3,1.95,0.8,1.0062499999999999
0.6,2,3,18,5,3,1.3,0.5,1.045
23.3,4,3,18,5,3,1.43,1.82,1.0354166666666667
31.0,5,3,18,5,3,1.59,0.27,1.1020833333333333
6.4,2,4,18,5,3,1.87,1.66,1.0720833333333333
20.8,1,4,18,5,3,0.94,1.5,1.055
29.2,5,4,18,5,3,1.09,1.64,1.0366666666666666
10.7,4,5,18,5,3,1.2,0.3,1.07625
30.7,4,5,18,5,3,1.25,0.78,1.1241666666666668
2.4,4,7,18,5,3,1.93,1.18,1.1129166666666668
34.9,4,12,18,5,3,0.91,1.33,1.0770833333333332
7.6,2,12,18,5,3,0.47,1.29,1.0725
16.0,3,14,18,5,3,1.18,0.69,1.1112499999999998
29.3,1,16,18,5,3,1.62,0.47,1.1554166666666668
34.5,4,17,18,5,3,1.53,0.41,1.1995833333333332
17.1,2,17,18,5,3,1.47,1.72,1.1766666666666667
15.6,5,18,18,5,3,1.17,0.4,1.2120833333333334
28.3,4,20,18,5,3,1.25,0.45,1.21625
25.8,1,20,18,5,3,0.55,0.9,1.2175
-4.4,1,21,18,5,3,0.93,1.95,1.2120833333333334
10.5,3,23,18,5,3,1.82,0.22,1.26
38.8,3,23,18,5,3,1.37,0.37,1.2816666666666665
15.4,1,3,19,5,4,0.89,1.05,1.3020833333333333
0.3,2,3,19,5,4,1.54,1.95,1.2987499999999998
29.8,4,3,19,5,4,1.87,1.3,1.2991666666666668
32.2,3,4,19,5,4,1.31,1.43,1.2658333333333334
25.0,4,5,19,5,4,0.63,1.59,1.2116666666666667
5.3,2,6,19,5,4,0.29,1.87,1.2025
36.1,2,6,19,5,4,1.65,0.94,1.2133333333333334
17.6,5,7,19,5,4,1.2,1.09,1.1841666666666668
12.8,2,7,19,5,4,0.39,1.2,1.2
2.4,5,8,19,5,4,1.58,1.25,1.20625
-5.2,1,8,19,5,4,1.4,1.93,1.14125
35.6,4,10,19,5,4,0.37,0.91,1.12125
29.5,5,10,19,5,4,0.43,0.47,1.1733333333333336
27.8,3,11,19,5,4,1.72,1.18,1.1625
28.2,4,11,19,5,4,0.92,1.62,1.1745833333333333
-9.2,5,12,19,5,4,1.91,1.53,1.1591666666666667
16.3,4,13,19,5,4,1.16,1.47,1.1275000000000002
-5.0,2,14,19,5,4,0.71,1.17,1.115
17.7,3,15,19,5,4,0.87,1.25,1.07625
13.5,5,16,19,5,4,0.32,0.55,1.1183333333333334
-1.4,1,18,19,5,4,1.56,0.93,1.1183333333333334
26.2,5,19,19,5,4,0.93,1.82,1.1104166666666666
-1.6,4,21,19,5,4,1.63,1.37,1.1208333333333333
-3.7,3,23,19,5,4,1.62,0.89,1.1091666666666666
5.0,3,0,20,5,5,0.61,1.54,1.0858333333333332
37.6,3,0,20,5,5,0.98,1.87,1.0562500000000001
36.8,1,1,20,5,5,1.16,1.31,1.07625
-8.4,3,1,20,5,5,1.79,0.63,1.0829166666666665
25.2,1,3,20,5,5,0.79,0.29,1.1166666666666667
28.5,1,5,20,5,5,1.1,1.65,1.0687499999999999
13.3,4,5,20,5,5,0.5,1.2,1.045
21.1,2,6,20,5,5,0.63,0.39,1.0824999999999998
5.4,4,6,20,5,5,1.29,1.58,1.0770833333333334
9.0,3,6,20,5,5,1.45,1.4,1.08125
40.0,2,8,20,5,5,1.5,0.37,1.0741666666666667
7.0,3,8,20,5,5,0.2,0.43,1.1133333333333333
37.5,2,8,20,5,5,1.37,1.72,1.1075000000000002
18.0,3,8,20,5,5,1.58,0.92,1.1454166666666667
19.3,3,11,20,5,5,1.83,1.91,1.1395833333333334
29.0,1,13,20,5,5,1.77,1.16,1.1654166666666665
17.9,3,14,20,5,5,1.78,0.71,1.2191666666666665
-6.3,4,16,20,5,5,2.0,0.87,1.2470833333333333
8.0,4,16,20,5,5,1.54,0.32,1.2729166666666667
-6.9,5,16,20,5,5,0.94,1.56,1.2241666666666666
7.1,1,16,20,5,5,0.39,0.93,1.2295833333333333
20.8,4,17,20,5,5,1.06,1.63,1.2141666666666666
10.1,2,18,20,5,5,1.26,1.62,1.1904166666666667
-7.3,3,18,20,5,5,1.05,0.61,1.2179166666666668
15.5,2,19,20,5,5,1.27,0.98,1.2079166666666665
28.5,2,19,20,5,5,0.74,1.16,1.2304166666666667
34.2,5,19,20,5,5,1.7,1.79,1.18875
30.3,1,21,20,5,5,0.79,0.79,1.2020833333333334
20.6,3,21,20,5,5,1.11,1.1,1.16875
-7.9,2,0,21,5,6,0.3,0.5,1.2245833333333334
-3.2,2,0,21,5,6,1.84,0.63,1.2370833333333333
-9.6,5,1,21,5,6,0.93,1.29,1.2016666666666669
-5.0,5,1,21,5,6,0.44,1.45,1.15875
15.6,4,1,21,5,6,0.42,1.5,1.13875
-7.9,5,2,21,5,6,1.02,0.2,1.1595833333333332
28.3,5,3,21,5,6,0.7,1.37,1.1670833333333335
17.0,2,4,21,5,6,1.55,1.58,1.12625
25.9,1,4,21,5,6,0.6,1.83,1.0704166666666668
26.7,3,6,21,5,6,0.49,1.77,1.0279166666666666
20.7,2,7,21,5,6,0.75,1.78,1.0020833333333334
16.5,3,7,21,5,6,1.16,2.0,0.9479166666666666
15.0,1,7,21,5,6,0.7,1.54,0.9083333333333333
15.6,4,8,21,5,6,0.59,0.94,0.9345833333333333
2.4,5,9,21,5,6,1.57,0.39,0.9720833333333333
24.7,2,11,21,5,6,1.29,1.06,0.9925
10.7,3,11,21,5,6,1.55,1.26,0.9920833333333333
-1.9,4,11,21,5,6,1.25,1.05,0.9920833333333333
-0.1,5,12,21,5,6,1.05,1.27,1.00125
7.8,4,12,21,5,6,1.49,0.74,0.9858333333333333
-7.5,4,12,21,5,6,0.37,1.7,0.9445833333333334
8.7,5,12,21,5,6,0.71,0.79,0.9470833333333334
10.9,2,13,21,5,6,0.85,1.11,0.9483333333333333
-3.1,5,13,21,5,6,1.14,0.3,0.9595833333333332
26.5,3,14,21,5,6,0.57,1.84,0.9512499999999999
39.6,1,14,21,5,6,1.64,0.93,0.9445833333333332
26.9,3,16,21,5,6,0.77,0.44,0.9704166666666666
33.1,2,17,21,5,6,1.06,0.42,1.0033333333333332
-4.2,5,17,21,5,6,1.21,1.02,1.0158333333333334
6.1,3,19,21,5,6,1.32,0.7,1.04375
15.6,2,21,21,5,6,1.37,1.55,1.0329166666666667
9.9,1,22,21,5,6,1.29,0.6,1.0504166666666666
7.5,3,22,21,5,6,1.02,0.49,1.1058333333333332
39.3,5,22,21,5,6,1.82,0.75,1.1091666666666666
21.2,5,0,22,5,0,0.83,1.16,1.105
-2.0,1,0,22,5,0,1.06,0.7,1.1533333333333333
16.4,3,0,22,5,0,1.86,0.59,1.2041666666666668
6.7,4,0,22,5,0,1.81,1.57,1.21625
6.9,3,2,22,5,0,1.86,1.29,1.2362499999999998
30.7,5,6,22,5,0,1.77,1.55,1.1945833333333333
39.4,2,7,22,5,0,0.55,1.25,1.175
18.2,5,8,22,5,0,0.78,1.05,1.1975
-7.6,3,8,22,5,0,1.59,1.49,1.1829166666666666
2.2,5,10,22,5,0,1.14,0.37,1.1795833333333334
6.5,3,11,22,5,0,0.29,0.71,1.2108333333333334
4.4,1,12,22,5,0,1.46,0.85,1.2204166666666667
21.7,3,13,22,5,0,1.08,1.14,1.2387500000000002
23.6,5,13,22,5,0,1.58,0.57,1.2870833333333334
30.5,1,13,22,5,0,1.73,1.64,1.2966666666666666
-6.1,5,15,22,5,0,1.87,0.77,1.2954166666666669
30.3,1,16,22,5,0,0.74,1.06,1.3066666666666666
3.1,1,19,22,5,0,1.33,1.21,1.3058333333333334
37.8,1,22,22,5,0,1.19,1.32,1.3025
20.2,3,23,22,5,0,1.24,1.37,1.25375
27.3,2,0,23,5,1,0.2,1.29,1.2620833333333334
24.9,4,1,23,5,1,1.49,1.02,1.2925000000000002
23.5,4,1,23,5,1,1.75,1.82,1.2875
32.9,4,3,23,5,1,1.7,0.83,1.2904166666666665
28.5,3,3,23,5,1,0.9,1.06,1.3145833333333334
-7.5,4,4,23,5,1,1.64,1.86,1.2816666666666667
4.6,5,4,23,5,1,1.07,1.81,1.27375
-7.9,2,5,23,5,1,1.62,1.86,1.2375
29.3,4,5,23,5,1,0.99,1.77,1.1866666666666668
29.0,3,6,23,5,1,0.55,0.55,1.1791666666666667
36.7,3,7,23,5,1,0.37,0.78,1.2258333333333333
20.4,3,7,23,5,1,1.9,1.59,1.1737499999999998
2.8,4,7,23,5,1,0.34,1.14,1.1920833333333334
28.5,5,8,23,5,1,1.58,0.29,1.2329166666666667
-8.3,3,11,23,5,1,1.27,1.46,1.1975
5.6,1,11,23,5,1,0.61,1.08,1.1916666666666667
20.8,1,12,23,5,1,0.94,1.58,1.20375
20.0,2,13,23,5,1,1.87,1.73,1.19375
37.9,3,13,23,5,1,1.49,1.87,1.155
23.8,3,14,23,5,1,0.94,0.74,1.1491666666666667
20.1,2,14,23,5,1,0.6,1.33,1.12625
30.7,3,16,23,5,1,0.78,1.19,1.0854166666666665
2.2,3,16,23,5,1,0.21,1.24,1.0562500000000001
5.1,2,16,23,5,1,0.54,0.2,1.1095833333333334
20.6,2,17,23,5,1,1.48,1.49,1.0908333333333333
35.9,2,17,23,5,1,1.04,1.75,1.0616666666666668
9.8,1,17,23,5,1,1.05,1.7,1.0641666666666667
34.8,4,18,23,5,1,1.76,0.9,1.0770833333333334
3.8,4,19,23,5,1,1.21,1.64,1.0583333333333333
38.5,2,20,23,5,1,1.19,1.07,1.0666666666666667
-7.6,4,20,23,5,1,1.27,1.62,1.0333333333333334
-6.2,4,21,23,5,1,0.82,0.99,1.0441666666666667
-7.9,5,21,23,5,1,1.25,0.55,1.08125
-6.1,4,21,23,5,1,1.44,0.37,1.1258333333333332
-1.4,4,21,23,5,1,1.44,1.9,1.0933333333333335
-7.8,2,22,23,5,1,1.12,0.34,1.1383333333333334
6.8,4,22,23,5,1,1.42,1.58,1.1416666666666666
1.1,4,22,23,5,1,1.66,1.27,1.1633333333333333
16.4,2,23,23,5,1,1.79,0.61,1.1500000000000001
27.4,3,0,24,5,2,0.29,0.94,1.1495833333333334
34.7,4,1,24,5,2,0.93,1.87,1.1075000000000002
26.5,4,2,24,5,2,0.86,1.49,1.0870833333333334
6.4,1,2,24,5,2,1.0,0.94,1.10875
9.9,4,5,24,5,2,1.46,0.6,1.1083333333333334
8.9,2,5,24,5,2,0.59,0.78,1.0854166666666665
17.0,4,5,24,5,2,0.23,0.21,1.1387500000000002
4.6,2,8,24,5,2,1.49,0.54,1.1345833333333333
-3.4,5,8,24,5,2,0.44,1.48,1.1079166666666667
38.7,4,9,24,5,2,0.84,1.04,1.1129166666666668
5.7,5,9,24,5,2,1.16,1.05,1.1099999999999999
-2.5,3,12,24,5,2,0.98,1.76,1.0908333333333333
2.6,4,13,24,5,2,1.3,1.21,1.1054166666666667
18.4,3,15,24,5,2,1.56,1.19,1.0883333333333332
4.3,5,15,24,5,2,0.78,1.27,1.0466666666666666
8.8,5,15,24,5,2,0.27,0.82,1.0933333333333333
19.1,1,18,24,5,2,1.94,1.25,1.0608333333333333
17.9,1,21,24,5,2,0.47,1.44,1.0337500000000002
8.0,5,22,24,5,2,0.79,1.44,1.0145833333333332
-6.0,2,23,24,5,2,0.98,1.12,0.9987499999999999
4.7,1,0,25,5,3,0.74,1.42,0.9954166666666667
33.5,2,0,25,5,3,1.34,1.66,0.9779166666666667
16.1,3,1,25,5,3,1.24,1.79,0.9733333333333333
37.8,2,2,25,5,3,1.68,0.29,1.0174999999999998
33.3,4,3,25,5,3,1.35,0.93,1.0429166666666665
25.7,5,4,25,5,3,1.54,0.86,1.0895833333333333
4.3,5,6,25,5,3,1.98,1.0,1.0591666666666666
4.3,2,8,25,5,3,0.27,1.46,1.0441666666666667
30.1,2,9,25,5,3,1.1,0.59,1.0420833333333333
27.5,5,9,25,5,3,0.54,0.23,1.0433333333333334
16.6,3,10,25,5,3,0.26,1.49,1.0004166666666667
3.1,4,11,25,5,3,0.46,0.44,1.0391666666666666
31.6,5,11,25,5,3,1.37,0.84,1.085
18.2,1,13,25,5,3,1.94,1.16,1.1158333333333335
3.7,3,14,25,5,3,1.9,0.98,1.1083333333333334
-4.0,4,15,25,5,3,0.8,1.3,1.1325
39.5,5,16,25,5,3,1.88,1.56,1.1275
-0.3,2,17,25,5,3,1.44,0.78,1.1345833333333333
-2.8,5,19,25,5,3,0.95,0.27,1.1566666666666667
30.7,2,19,25,5,3,0.8,1.94,1.0933333333333333
-8.8,1,20,25,5,3,0.42,0.47,1.1104166666666668
1.9,3,20,25,5,3,0.88,0.79,1.1079166666666667
23.5,3,20,25,5,3,0.73,0.98,1.1258333333333335
-7.8,5,21,25,5,3,1.41,0.74,1.1654166666666665
-1.9,2,22,25,5,3,1.69,1.34,1.18625
8.9,1,22,25,5,3,1.84,1.24,1.1775
-3.9,1,23,25,5,3,1.03,1.68,1.1375
1.7,4,3,26,5,4,0.72,1.35,1.1258333333333332
2.1,3,3,26,5,4,1.07,1.54,1.1225
7.3,2,4,26,5,4,1.46,1.98,1.09
17.8,1,6,26,5,4,1.2,0.27,1.14875
29.1,2,7,26,5,4,1.68,1.1,1.1145833333333333
0.3,4,8,26,5,4,0.28,0.54,1.1445833333333333
-6.3,1,10,26,5,4,1.26,0.26,1.1658333333333333
15.6,2,10,26,5,4,0.77,0.46,1.2175
24.3,1,11,26,5,4,1.7,1.37,1.24
20.2,5,12,26,5,4,1.91,1.94,1.22
-3.4,5,12,26,5,4,1.46,1.9,1.17625
0.1,2,14,26,5,4,0.85,0.8,1.1779166666666667
27.6,5,15,26,5,4,0.84,1.88,1.1483333333333334
4.1,5,15,26,5,4,1.17,1.44,1.1341666666666665
8.4,3,15,26,5,4,1.1,0.95,1.1095833333333334
38.8,4,16,26,5,4,0.36,0.8,1.1454166666666665
-4.1,1,17,26,5,4,1.66,0.42,1.165
28.3,1,17,26,5,4,0.89,0.88,1.2066666666666666
2.0,3,18,26,5,4,1.88,0.73,1.1975
-2.8,4,19,26,5,4,0.51,1.41,1.1979166666666665
10.6,4,19,26,5,4,1.42,1.69,1.2041666666666666
-9.0,2,19,26,5,4,1.84,1.84,1.1708333333333334
13.0,2,20,26,5,4,1.04,1.03,1.14125
32.7,3,20,26,5,4,0.32,0.72,1.1429166666666666
9.3,2,21,26,5,4,0.76,1.07,1.1554166666666668
20.3,4,21,26,5,4,1.37,1.46,1.1466666666666667
6.5,1,22,26,5,4,1.25,1.2,1.1416666666666666
9.2,1,0,27,5,5,1.08,1.68,1.1233333333333333
-3.0,5,0,27,5,5,1.24,0.28,1.1620833333333334
21.0,1,0,27,5,5,1.21,1.26,1.1470833333333335
-9.4,5,0,27,5,5,0.9,0.77,1.12375
32.7,4,0,27,5,5,0.21,1.7,1.0695833333333333
22.0,2,3,27,5,5,0.4,1.91,1.0366666666666666
27.6,4,3,27,5,5,1.12,1.46,1.0416666666666667
4.3,2,6,27,5,5,1.58,0.85,1.0625
12.0,4,6,27,5,5,1.35,0.84,1.0745833333333332
13.5,1,6,27,5,5,1.13,1.17,1.0554166666666667
17.8,2,6,27,5,5,0.71,1.1,1.0504166666666668
9.7,4,7,27,5,5,0.98,0.36,1.11125
21.7,2,8,27,5,5,1.82,1.66,1.0816666666666668
4.1,1,8,27,5,5,0.95,0.89,1.1266666666666667
10.2,4,8,27,5,5,1.97,1.88,1.1025
7.1,2,8,27,5,5,1.3,0.51,1.1208333333333333
38.5,1,9,27,5,5,0.95,1.42,1.1175
12.2,4,10,27,5,5,1.34,1.84,1.1066666666666667
-0.4,3,10,27,5,5,1.58,1.04,1.0933333333333333
13.6,5,12,27,5,5,0.72,0.32,1.1529166666666666
10.3,4,13,27,5,5,1.75,0.76,1.1545833333333333
31.1,5,17,27,5,5,0.8,1.37,1.15625
18.8,1,17,27,5,5,1.41,1.25,1.1433333333333333
12.8,2,17,27,5,5,0.94,1.08,1.1737499999999998
10.1,1,19,27,5,5,1.81,1.24,1.1983333333333335
11.4,4,19,27,5,5,1.83,1.21,1.20125
13.0,2,19,27,5,5,1.28,0.9,1.23875
6.6,1,20,27,5,5,1.8,0.21,1.2395833333333333
2.4,2,20,27,5,5,0.23,0.4,1.2670833333333333
-4.6,5,20,27,5,5,1.06,1.12,1.2437500000000001
3.0,1,3,28,5,6,0.56,1.58,1.2541666666666667
26.5,5,4,28,5,6,1.83,1.35,1.2275
23.6,4,4,28,5,6,0.71,1.13,1.21375
21.8,3,4,28,5,6,0.8,0.71,1.2575
35.8,2,5,28,5,6,1.76,0.98,1.2404166666666667
9.6,5,6,28,5,6,0.57,1.82,1.2279166666666665
20.4,1,6,28,5,6,1.52,0.95,1.21875
-0.2,5,6,28,5,6,0.73,1.97,1.1695833333333334
-5.6,3,8,28,5,6,0.79,1.3,1.1775
32.8,4,8,28,5,6,1.49,0.95,1.1879166666666667
23.4,1,9,28,5,6,1.2,1.34,1.1716666666666666
0.3,1,11,28,5,6,0.95,1.58,1.1879166666666667
-6.2,4,12,28,5,6,1.97,0.72,1.2066666666666668
30.7,3,12,28,5,6,1.17,1.75,1.14625
-6.7,2,13,28,5,6,0.3,0.8,1.1808333333333334
-5.0,5,14,28,5,6,1.63,1.41,1.1466666666666667
2.2,1,15,28,5,6,0.59,0.94,1.1491666666666667
31.4,4,17,28,5,6,1.0,1.81,1.1166666666666667
17.8,1,18,28,5,6,1.03,1.83,1.0633333333333332
26.3,2,18,28,5,6,0.55,1.28,1.0816666666666668
18.5,2,21,28,5,6,1.72,1.8,1.0879166666666666
11.9,5,1,29,5,0,1.95,0.23,1.1066666666666667
29.1,3,1,29,5,0,0.68,1.06,1.0875000000000001
12.5,4,2,29,5,0,0.6,0.56,1.0929166666666668
8.4,2,4,29,5,0,0.69,1.83,1.0879166666666666
4.0,3,7,29,5,0,1.71,0.71,1.09625
19.3,4,7,29,5,0,0.91,0.8,1.1041666666666667
9.2,2,7,29,5,0,0.99,1.76,1.09
21.6,1,9,29,5,0,1.42,0.57,1.1220833333333333
-0.8,5,10,29,5,0,1.34,1.52,1.1379166666666667
20.8,5,10,29,5,0,1.9,0.73,1.1433333333333333
6.5,3,10,29,5,0,0.86,0.79,1.1541666666666666
0.9,5,11,29,5,0,1.05,1.49,1.125
-7.5,1,12,29,5,0,0.79,1.2,1.0979166666666667
30.2,4,12,29,5,0,0.55,0.95,1.10875
-7.4,2,13,29,5,0,1.21,1.97,1.095
27.1,2,15,29,5,0,1.64,1.17,1.0999999999999999
35.8,1,15,29,5,0,1.29,0.3,1.1354166666666667
16.9,2,16,29,5,0,1.15,1.63,1.0979166666666667
38.2,5,16,29,5,0,0.73,0.59,1.1420833333333333
19.6,4,17,29,5,0,1.65,1.0,1.1241666666666668
17.2,3,17,29,5,0,0.57,1.03,1.1479166666666667
35.8,1,19,29,5,0,1.6,0.55,1.1841666666666666
9.7,2,19,29,5,0,1.42,1.72,1.1841666666666666
0.6,1,21,29,5,0,1.72,1.95,1.14125
5.1,1,21,29,5,0,0.92,0.68,1.17625
33.4,5,22,29,5,0,1.52,0.6,1.2054166666666666
1.2,4,23,29,5,0,1.3,0.69,1.2249999999999999
31.4,1,23,29,5,0,1.16,1.71,1.23625
9.1,1,0,30,5,1,1.98,0.91,1.26
0.6,5,1,30,5,1,1.48,0.99,1.23375
-3.1,1,2,30,5,1,0.36,1.42,1.195
19.3,4,3,30,5,1,0.49,1.34,1.19125
10.7,2,5,30,5,1,1.25,1.9,1.1404166666666666
31.6,4,5,30,5,1,0.68,0.86,1.1441666666666668
-4.8,5,5,30,5,1,0.95,1.05,1.1158333333333332
-8.7,2,7,30,5,1,0.37,0.79,1.105
2.0,1,7,30,5,1,0.53,0.55,1.1533333333333333
11.2,3,10,30,5,1,1.71,1.21,1.1279166666666667
16.1,2,10,30,5,1,0.6,1.64,1.1229166666666666
-7.8,4,12,30,5,1,1.52,1.29,1.085
-6.9,1,12,30,5,1,0.38,1.15,1.0829166666666665
-1.1,3,12,30,5,1,1.1,0.73,1.0687499999999999
3.4,1,14,30,5,1,0.39,1.65,1.0758333333333334
23.6,5,15,30,5,1,1.82,0.57,1.135
33.3,3,15,30,5,1,1.99,1.6,1.1091666666666666
16.4,4,16,30,5,1,0.98,1.42,1.0741666666666667
25.9,4,16,30,5,1,0.58,1.72,1.0358333333333334
25.7,4,17,30,5,1,0.8,0.92,1.0508333333333333
18.7,4,20,30,5,1,1.28,1.52,1.01875
18.1,2,20,30,5,1,0.75,1.3,1.025
6.3,4,20,30,5,1,1.45,1.16,0.98625
3.9,2,22,30,5,1,0.23,1.98,0.9187499999999998
-3.3,5,23,30,5,1,0.36,1.48,0.8745833333333333
-6.1,3,23,30,5,1,0.42,0.36,0.92125
-5.8,4,23,30,5,1,1.48,0.49,0.9229166666666667
34.8,1,23,30,5,1,0.53,1.25,0.8995833333333333
38.6,3,0,31,5,2,0.69,0.68,0.9508333333333333
22.3,3,1,31,5,2,1.91,0.95,0.9595833333333332
4.7,2,1,31,5,2,1.16,0.37,0.9983333333333334
17.5,1,3,31,5,2,1.3,0.53,1.0008333333333332
6.6,3,4,31,5,2,0.59,1.71,0.9408333333333333
27.2,1,7,31,5,2,0.27,0.6,0.9641666666666667
24.3,2,9,31,5,2,1.16,1.52,0.9266666666666667
-2.6,4,9,31,5,2,0.62,0.38,0.9854166666666666
38.8,1,10,31,5,2,1.79,1.1,1.01
4.9,2,11,31,5,2,1.69,0.39,1.0654166666666667
-6.0,4,11,31,5,2,1.72,1.82,1.0429166666666667
26.2,2,12,31,5,2,1.28,1.99,1.01
30.7,2,12,31,5,2,1.2,0.98,0.9970833333333333
2.2,1,13,31,5,2,0.67,0.58,0.9841666666666665
0.3,1,14,31,5,2,0.27,0.8,0.9608333333333333
24.4,4,15,31,5,2,0.24,1.28,0.98875
26.1,2,15,31,5,2,1.95,0.75,1.0395833333333333
37.5,4,15,31,5,2,1.97,1.45,0.9916666666666667
12.5,4,15,31,5,2,0.3,0.23,1.0191666666666668
32.7,5,16,31,5,2,0.89,0.36,1.07875
-1.6,1,16,31,5,2,1.79,0.42,1.0870833333333334
31.4,4,20,31,5,2,0.62,1.48,1.0804166666666666
1.6,4,20,31,5,2,1.32,0.53,1.1341666666666665
8.3,5,20,31,5,2,1.82,0.69,1.14
-1.0,3,21,31,5,2,0.83,1.91,1.1208333333333333
1.9,2,22,31,5,2,1.45,1.16,1.1329166666666668
24.7,1,23,31,5,2,1.45,1.3,1.1187500000000001
34.6,3,0,1,6,3,0.96,0.59,1.1029166666666665
-6.0,5,2,1,6,3,0.21,0.27,1.14875
-3.0,5,2,1,6,3,1.37,1.16,1.1120833333333333
3.4,4,2,1,6,3,0.28,0.62,1.1166666666666667
19.7,4,5,1,6,3,0.73,1.79,1.06375
38.5,3,5,1,6,3,0.52,1.69,1.0208333333333333
7.9,4,6,1,6,3,0.66,1.72,0.9595833333333333
-5.6,4,9,1,6,3,0.25,1.28,0.9575
21.0,3,10,1,6,3,1.23,1.2,0.9608333333333333
19.2,2,11,1,6,3,1.28,0.67,0.9770833333333334
-4.5,5,11,1,6,3,1.06,0.27,1.0433333333333334
8.4,3,12,1,6,3,1.86,0.24,1.10875
-2.4,2,12,1,6,3,1.81,1.95,1.0683333333333334
24.2,5,12,1,6,3,0.98,1.97,1.0633333333333335
11.9,1,13,1,6,3,1.85,0.3,1.1145833333333333
8.7,3,13,1,6,3,1.53,0.89,1.1533333333333333
11.5,3,13,1,6,3,1.82,1.79,1.1425
24.2,4,13,1,6,3,1.53,0.62,1.1758333333333335
39.8,3,13,1,6,3,1.42,1.32,1.1320833333333333
-6.5,2,14,1,6,3,0.27,1.82,1.1254166666666667
18.3,1,18,1,6,3,1.66,0.83,1.1425
20.0,5,21,1,6,3,1.24,1.45,1.0916666666666666
27.1,5,21,1,6,3,0.23,1.45,1.0945833333333332
-3.2,3,23,1,6,3,1.52,0.96,1.0783333333333334
22.4,1,23,1,6,3,0.57,0.21,1.125
-9.3,2,23,1,6,3,1.33,1.37,1.08125
8.6,1,23,1,6,3,0.32,0.28,1.1258333333333332
-5.9,5,2,2,6,4,1.35,0.73,1.1675
12.1,5,3,2,6,4,1.73,0.52,1.2258333333333333
1.2,4,3,2,6,4,1.92,0.66,1.21625
21.6,2,4,2,6,4,0.43,0.25,1.2595833333333333
37.8,5,6,2,6,4,1.29,1.23,1.24625
7.0,3,7,2,6,4,0.91,1.28,1.2220833333333334
5.0,4,9,2,6,4,0.7,1.06,1.19
18.2,1,10,2,6,4,0.29,1.86,1.1575
17.3,3,11,2,6,4,1.08,1.81,1.1095833333333334
36.1,5,11,2,6,4,0.66,0.98,1.1108333333333333
19.2,3,14,2,6,4,1.01,1.85,1.1166666666666667
-8.0,5,16,2,6,4,1.99,1.53,1.1095833333333334
25.2,3,16,2,6,4,1.36,1.82,1.0529166666666667
33.1,2,16,2,6,4,0.46,1.53,1.0454166666666667
29.9,5,18,2,6,4,1.35,1.42,1.0045833333333334
2.7,4,20,2,6,4,0.44,0.27,1.0491666666666666
-4.9,3,0,3,6,5,1.34,1.66,1.04125
-2.0,3,1,3,6,5,1.47,1.24,1.02125
26.3,5,1,3,6,5,0.76,0.23,1.0208333333333333
4.6,2,1,3,6,5,0.22,1.52,1.0104166666666667
33.3,2,1,3,6,5,1.27,0.57,1.0658333333333332
17.1,1,2,3,6,5,1.9,1.33,1.09125
8.4,3,3,3,6,5,1.94,0.32,1.11125
16.2,5,3,3,6,5,0.8,1.35,1.0779166666666666
30.5,4,3,3,6,5,0.55,1.73,1.0666666666666667
24.5,3,6,3,6,5,1.46,1.92,1.0225000000000002
16.3,2,6,3,6,5,0.86,0.43,1.0579166666666666
2.0,4,6,3,6,5,1.28,1.29,1.0633333333333332
23.7,4,7,3,6,5,1.42,0.91,1.05
34.7,3,7,3,6,5,0.59,0.7,1.0604166666666666
6.8,3,9,3,6,5,0.95,0.29,1.0804166666666666
24.0,5,9,3,6,5,0.77,1.08,1.0966666666666667
37.4,3,10,3,6,5,1.47,0.66,1.1083333333333332
-3.5,5,10,3,6,5,0.94,1.01,1.1045833333333335
35.4,1,11,3,6,5,0.92,1.99,1.0574999999999999
-6.6,3,11,3,6,5,0.86,1.36,1.0483333333333333
34.4,2,12,3,6,5,1.14,0.46,1.0970833333333332
19.2,2,12,3,6,5,1.63,1.35,1.1145833333333333
-4.0,3,12,3,6,5,1.77,0.44,1.1395833333333332
1.4,1,12,3,6,5,1.04,1.34,1.0933333333333333
0.5,4,13,3,6,5,0.23,1.47,1.0779166666666666
16.1,5,15,3,6,5,1.1,0.76,1.065
1.8,1,15,3,6,5,0.45,0.22,1.0870833333333334
37.4,2,15,3,6,5,0.75,1.27,1.0433333333333332
8.3,1,16,3,6,5,0.22,1.9,0.97625
-7.4,5,17,3,6,5,0.29,1.94,0.9204166666666667
32.4,1,17,3,6,5,0.6,0.8,0.9595833333333333
-3.5,5,18,3,6,5,1.74,0.55,0.9716666666666667
7.5,5,18,3,6,5,0.84,1.46,0.9354166666666667
-2.2,4,19,3,6,5,0.59,0.86,0.9187499999999998
26.8,5,20,3,6,5,0.46,1.28,0.93375
21.7,3,21,3,6,5,1.64,1.42,0.9133333333333332
22.5,3,21,3,6,5,0.93,0.59,0.9041666666666667
-5.2,1,21,3,6,5,0.37,0.95,0.91
7.2,1,22,3,6,5,1.09,0.77,0.9587500000000001
-1.8,4,22,3,6,5,1.94,1.47,0.9083333333333332
-3.4,4,23,3,6,5,0.26,0.94,0.94
12.5,2,1,4,6,6,1.7,0.92,0.9495833333333333
-4.0,2,2,4,6,6,1.15,0.86,0.9874999999999999
27.6,5,2,4,6,6,1.77,1.14,0.9958333333333332
31.9,5,3,4,6,6,1.34,1.63,0.9883333333333333
9.9,4,4,4,6,6,1.45,1.77,0.9733333333333333
1.8,2,4,4,6,6,1.41,1.04,1.0
34.4,1,4,4,6,6,1.68,0.23,1.0616666666666668
7.6,1,5,4,6,6,1.71,1.1,1.0979166666666667
0.4,2,5,4,6,6,1.97,0.45,1.1129166666666668
15.8,2,6,4,6,6,0.81,0.75,1.1154166666666667
35.6,4,7,4,6,6,0.81,0.22,1.1379166666666667
36.1,1,8,4,6,6,0.76,0.29,1.1604166666666667
34.8,1,8,4,6,6,0.83,0.6,1.1479166666666667
5.5,3,8,4,6,6,0.3,1.74,1.1525
9.9,1,8,4,6,6,1.85,0.84,1.1508333333333332
24.6,5,8,4,6,6,0.8,0.59,1.1691666666666667
0.5,2,9,4,6,6,1.03,0.46,1.1670833333333335
34.5,5,9,4,6,6,0.41,1.64,1.12625
1.9,3,10,4,6,6,0.66,0.93,1.1620833333333334
8.1,4,12,4,6,6,1.79,0.37,1.2158333333333333
15.0,3,12,4,6,6,1.66,1.09,1.2108333333333332
10.9,1,15,4,6,6,0.97,1.94,1.1866666666666665
6.7,1,15,4,6,6,1.36,0.26,1.1983333333333335
2.6,3,15,4,6,6,0.54,1.7,1.1566666666666667
5.0,3,17,4,6,6,0.7,1.15,1.1175
23.5,5,18,4,6,6,0.21,1.77,1.1045833333333333
-3.4,3,20,4,6,6,1.46,1.34,1.08125
7.9,5,22,4,6,6,0.78,1.45,1.0904166666666668
1.3,4,23,4,6,6,1.67,1.41,1.0970833333333334
4.9,1,0,5,6,0,1.57,1.68,1.1095833333333334
-3.6,3,0,5,6,0,1.98,1.71,1.0887499999999999
39.7,4,1,5,6,0,1.21,1.97,1.0633333333333332
34.7,5,1,5,6,0,1.36,0.81,1.1066666666666667
39.5,1,1,5,6,0,1.85,0.81,1.1525
37.0,5,4,5,6,0,1.91,0.76,1.14
-4.9,1,4,5,6,0,0.46,0.83,1.1654166666666665
-8.3,2,5,5,6,0,1.44,0.3,1.195
39.3,1,7,5,6,0,1.01,1.85,1.1979166666666667
34.4,2,8,5,6,0,1.92,0.8,1.1995833333333332
18.6,4,9,5,6,0,0.84,1.03,1.1870833333333333
26.5,3,9,5,6,0,0.73,0.41,1.2375
21.4,2,10,5,6,0,1.62,0.66,1.2416666666666667
36.3,4,10,5,6,0,0.76,1.79,1.2225
-8.5,1,11,5,6,0,1.33,1.66,1.1645833333333333
38.7,2,11,5,6,0,0.27,0.97,1.1745833333333333
4.9,5,12,5,6,0,1.21,1.36,1.1366666666666665
3.8,4,13,5,6,0,0.45,0.54,1.1379166666666667
19.3,3,13,5,6,0,0.57,0.7,1.1316666666666666
38.7,5,13,5,6,0,0.55,0.21,1.19125
15.0,4,14,5,6,0,1.64,1.46,1.1616666666666668
12.6,4,14,5,6,0,0.75,0.78,1.1558333333333335
30.8,4,14,5,6,0,0.64,1.67,1.09625
-9.2,2,14,5,6,0,0.24,1.57,1.0541666666666665
8.5,4,17,5,6,0,0.56,1.98,0.9825
2.7,2,17,5,6,0,0.26,1.21,0.9670833333333334
25.0,2,18,5,6,0,0.84,1.36,0.9545833333333333
28.2,3,19,5,6,0,1.06,1.85,0.9304166666666666
14.5,1,19,5,6,0,1.27,1.91,0.9266666666666666
5.0,1,21,5,6,0,1.82,0.46,0.9695833333333334
34.1,1,22,5,6,0,1.49,1.44,0.9433333333333334
14.3,1,22,5,6,0,0.81,1.01,0.9829166666666667
36.9,5,22,5,6,0,1.96,1.92,0.9420833333333335
20.9,2,23,5,6,0,0.94,0.84,0.9587500000000001
23.0,3,23,5,6,0,1.24,0.73,1.0091666666666668
7.6,1,1,6,6,1,1.94,1.62,1.0058333333333334
7.3,5,1,6,6,1,1.54,0.76,0.9833333333333333
36.3,1,2,6,6,1,0.22,1.33,0.9433333333333334
17.7,3,2,6,6,1,0.37,0.27,0.96625
10.8,5,4,6,6,1,0.82,1.21,0.9445833333333332
-0.4,2,5,6,6,1,0.69,0.45,0.9674999999999999
8.8,1,5,6,6,1,1.0,0.57,1.0045833333333334
27.9,1,8,6,6,1,1.46,0.55,1.0195833333333333
33.2,2,8,6,6,1,0.91,1.64,0.9679166666666666
29.8,3,10,6,6,1,0.4,0.75,0.9816666666666666
26.0,5,11,6,6,1,1.08,0.64,0.9795833333333333
9.3,2,13,6,6,1,0.59,0.24,0.9925
21.2,5,14,6,6,1,0.55,0.56,1.0395833333333335
-8.5,1,14,6,6,1,1.69,0.26,1.0845833333333335
26.1,4,15,6,6,1,1.34,0.84,1.1229166666666666
18.5,3,16,6,6,1,1.76,1.06,1.1529166666666668
39.8,2,16,6,6,1,1.78,1.27,1.1587500000000002
20.7,2,17,6,6,1,1.41,1.82,1.1466666666666667
36.4,5,17,6,6,1,1.53,1.49,1.1195833333333332
14.0,3,18,6,6,1,0.84,0.81,1.14
-0.3,2,21,6,6,1,1.3,1.96,1.1370833333333332
18.9,2,22,6,6,1,1.89,0.94,1.13875
7.2,5,22,6,6,1,0.98,1.24,1.1104166666666666
7.5,5,0,7,6,2,0.56,1.94,1.0866666666666667
24.8,5,1,7,6,2,1.37,1.54,1.0758333333333334
34.4,1,2,7,6,2,1.28,0.22,1.10375
2.0,2,3,7,6,2,0.89,0.37,1.10625
25.8,3,3,7,6,2,0.43,0.82,1.1391666666666667
18.9,1,4,7,6,2,1.61,0.69,1.125
-2.9,2,7,7,6,2,0.35,1.0,1.1025
23.6,3,7,7,6,2,0.46,1.46,1.105
35.0,3,7,7,6,2,1.52,0.91,1.1320833333333333
1.4,5,8,7,6,2,1.56,0.4,1.18125
19.0,3,11,7,6,2,1.58,1.08,1.1616666666666666
35.4,5,11,7,6,2,0.61,0.59,1.2116666666666667
29.5,5,12,7,6,2,1.79,0.55,1.2141666666666666
29.5,4,17,7,6,2,0.61,1.69,1.1670833333333335
30.5,4,18,7,6,2,0.56,1.34,1.16875
22.9,5,20,7,6,2,1.38,1.76,1.17625
39.0,4,20,7,6,2,1.94,1.78,1.1529166666666666
-2.8,2,22,7,6,2,1.22,1.41,1.10875
3.4,2,22,7,6,2,0.35,1.53,1.0908333333333333
1.2,1,23,7,6,2,1.1,0.84,1.0658333333333334
27.0,4,23,7,6,2,0.24,1.3,1.0658333333333334
3.4,3,23,7,6,2,1.3,1.89,1.0125
33.7,2,23,7,6,2,0.61,0.98,1.0025
30.9,1,0,8,6,3,0.74,0.56,1.0525
21.8,4,1,8,6,3,1.76,1.37,1.04
-7.2,1,2,8,6,3,1.07,1.28,1.025
10.6,4,2,8,6,3,0.92,0.89,1.0495833333333333
-2.1,5,3,8,6,3,1.48,0.43,1.0458333333333332
-8.3,2,3,8,6,3,0.34,1.61,1.02375
35.3,1,3,8,6,3,1.08,0.35,1.0666666666666667
-6.2,1,4,8,6,3,1.38,0.46,1.1216666666666668
39.3,2,5,8,6,3,1.78,1.52,1.0816666666666668
-7.1,3,6,8,6,3,0.56,1.56,1.0416666666666667
7.3,1,8,8,6,3,0.6,1.58,1.0341666666666667
15.1,1,8,8,6,3,1.4,0.61,1.0679166666666668
20.2,5,11,8,6,3,1.42,1.79,1.01375
19.6,4,14,8,6,3,0.49,0.61,1.0275
12.5,2,14,8,6,3,0.94,0.56,1.0529166666666667
27.6,4,15,8,6,3,1.17,1.38,1.0341666666666667
-1.6,5,15,8,6,3,0.93,1.94,1.0183333333333333
-9.2,3,16,8,6,3,1.56,1.22,0.985
-4.4,2,16,8,6,3,0.42,0.35,1.02
37.6,2,16,8,6,3,1.19,1.1,1.0220833333333335
14.5,1,17,8,6,3,1.15,0.24,1.095
1.9,2,17,8,6,3,1.99,1.3,1.0820833333333333
0.9,1,17,8,6,3,0.99,0.61,1.0841666666666667
7.1,2,18,8,6,3,0.66,0.74,1.1358333333333335
5.0,5,19,8,6,3,1.98,1.76,1.1266666666666667
28.0,4,0,9,6,4,1.54,1.07,1.1208333333333333
20.8,5,3,9,6,4,0.93,0.92,1.1045833333333335
33.4,3,5,9,6,4,0.53,1.48,1.0987500000000001
4.0,5,6,9,6,4,1.34,0.34,1.1229166666666668
20.7,2,8,9,6,4,0.92,1.08,1.1466666666666667
17.5,3,8,9,6,4,1.65,1.38,1.1341666666666665
3.9,4,9,9,6,4,1.08,1.78,1.1129166666666668
25.6,2,9,9,6,4,1.27,0.56,1.1254166666666667
34.8,2,12,9,6,4,0.86,0.6,1.1620833333333334
8.8,5,14,9,6,4,1.48,1.4,1.1199999999999999
7.3,3,15,9,6,4,0.39,1.42,1.1295833333333334
3.1,5,16,9,6,4,1.65,0.49,1.1758333333333333
12.9,5,17,9,6,4,1.6,0.94,1.1616666666666666
-6.4,5,17,9,6,4,0.6,1.17,1.1866666666666668
33.8,5,18,9,6,4,1.77,0.93,1.1933333333333334
23.8,3,19,9,6,4,1.09,1.56,1.1429166666666666
25.8,2,20,9,6,4,0.35,0.42,1.1454166666666667
15.0,2,21,9,6,4,0.48,1.19,1.1295833333333334
-6.9,4,22,9,6,4,0.81,1.15,1.1608333333333334
-7.0,5,23,9,6,4,1.9,1.99,1.1216666666666666
2.3,5,0,10,6,5,1.05,0.99,1.0908333333333333
8.6,5,2,10,6,5,0.25,0.66,1.115
35.1,5,3,10,6,5,1.24,1.98,1.1104166666666666
32.0,3,3,10,6,5,1.87,1.54,1.0816666666666668
8.0,3,3,10,6,5,0.85,0.93,1.1133333333333335
15.2,3,3,10,6,5,1.69,0.53,1.1491666666666667
14.2,4,4,10,6,5,1.39,1.34,1.1308333333333334
9.0,1,5,10,6,5,0.9,0.92,1.1633333333333333
-2.0,3,5,10,6,5,1.7,1.65,1.1104166666666666
-5.1,4,6,10,6,5,0.38,1.08,1.1141666666666667
31.6,5,6,10,6,5,1.17,1.27,1.1112499999999998
-4.1,5,6,10,6,5,1.2,0.86,1.11625
14.9,3,6,10,6,5,0.98,1.48,1.1362500000000002
39.5,4,7,10,6,5,1.96,0.39,1.1654166666666668
2.8,1,8,10,6,5,1.09,1.65,1.1783333333333332
19.7,4,8,10,6,5,1.96,1.6,1.1416666666666668
7.1,3,8,10,6,5,0.72,0.6,1.19
-8.1,4,9,10,6,5,1.76,1.77,1.1520833333333333
31.3,2,13,10,6,5,0.86,1.09,1.1195833333333334
32.4,4,16,10,6,5,0.31,0.35,1.1570833333333332
-9.8,4,17,10,6,5,1.25,0.48,1.1541666666666666
33.1,3,20,10,6,5,0.41,0.81,1.1358333333333333
7.4,3,20,10,6,5,0.37,1.9,1.0695833333333333
-5.5,5,23,10,6,5,0.31,1.05,1.0775
9.1,4,0,11,6,6,1.24,0.25,1.1416666666666666
23.5,5,1,11,6,6,1.79,1.24,1.1441666666666666
11.5,4,1,11,6,6,1.3,1.87,1.0991666666666668
21.6,4,2,11,6,6,0.79,0.85,1.0775
4.6,3,3,11,6,6,0.33,1.69,1.0404166666666665
8.4,3,4,11,6,6,0.8,1.39,1.0175
17.9,1,5,11,6,6,0.84,0.9,1.04375
34.0,3,5,11,6,6,1.53,1.7,1.0120833333333332
29.3,1,6,11,6,6,0.94,0.38,1.0304166666666668
23.8,3,6,11,6,6,0.82,1.17,0.9899999999999999
-7.4,1,7,11,6,6,0.2,1.2,0.9570833333333333
25.7,2,7,11,6,6,0.41,0.98,0.9274999999999999
36.8,1,7,11,6,6,0.27,1.96,0.8570833333333333
33.3,2,8,11,6,6,0.27,1.09,0.8837499999999999
10.9,4,8,11,6,6,1.73,1.96,0.8404166666666667
7.2,2,8,11,6,6,0.92,0.72,0.8683333333333333
18.4,4,9,11,6,6,1.39,1.76,0.8620833333333334
24.8,1,9,11,6,6,1.61,0.86,0.8529166666666668
25.0,5,9,11,6,6,0.64,0.31,0.9091666666666667
14.6,2,16,11,6,6,1.66,1.25,0.89125
38.9,1,16,11,6,6,0.82,0.41,0.9541666666666666
31.5,3,17,11,6,6,1.92,0.37,0.9554166666666668
35.4,3,18,11,6,6,0.4,0.31,0.9870833333333332
20.3,1,19,11,6,6,1.07,1.24,0.9883333333333334
5.4,2,19,11,6,6,1.27,1.79,0.9537499999999999
-1.9,2,19,11,6,6,0.96,1.3,0.9283333333333333
10.9,3,20,11,6,6,0.69,0.79,0.9383333333333334
15.8,5,23,11,6,6,1.03,0.33,0.9720833333333333
22.4,4,0,12,6,0,1.14,0.8,1.00125
-0.5,5,1,12,6,0,1.5,0.84,0.9833333333333333
-0.2,2,4,12,6,0,0.41,1.53,0.9454166666666666
8.7,4,5,12,6,0,0.62,0.94,0.9170833333333334
26.9,5,6,12,6,0,0.26,0.82,0.9504166666666668
-3.4,2,7,12,6,0,1.62,0.2,0.9579166666666667
14.8,4,8,12,6,0,0.38,0.41,0.9570833333333334
-5.1,5,8,12,6,0,0.39,0.27,0.9754166666666667
2.9,2,9,12,6,0,0.71,0.27,1.0258333333333332
38.8,5,10,12,6,0,1.48,1.73,0.9941666666666668
35.5,5,10,12,6,0,0.97,0.92,0.9920833333333333
-7.9,3,10,12,6,0,0.87,1.39,1.0058333333333334
6.3,3,13,12,6,0,1.72,1.61,0.97625
27.0,5,13,12,6,0,0.9,0.64,0.9816666666666666
32.7,1,14,12,6,0,0.77,1.66,0.9737499999999999
17.2,2,14,12,6,0,1.47,0.82,1.0104166666666667
30.8,5,15,12,6,0,1.7,1.92,0.9900000000000001
9.2,1,15,12,6,0,1.43,0.4,1.0516666666666665
20.3,1,17,12,6,0,1.88,1.07,1.0416666666666667
13.0,1,18,12,6,0,0.83,1.27,1.0574999999999999
21.1,1,20,12,6,0,1.65,0.96,1.0733333333333335
18.5,1,20,12,6,0,1.34,0.69,1.10125
0.3,5,20,12,6,0,1.36,1.03,1.0725
17.6,5,21,12,6,0,0.34,1.14,1.0670833333333334
34.5,1,1,13,6,1,1.01,1.5,1.0712499999999998
27.8,4,2,13,6,1,1.6,0.41,1.08
2.8,2,3,13,6,1,0.62,0.62,1.08375
4.2,4,4,13,6,1,0.71,0.26,1.1279166666666667
2.5,1,4,13,6,1,1.32,1.62,1.1066666666666667
23.4,2,6,13,6,1,1.11,0.38,1.16875
18.8,1,7,13,6,1,1.87,0.39,1.1816666666666666
15.7,2,7,13,6,1,0.7,0.71,1.1995833333333334
18.8,4,8,13,6,1,1.14,1.48,1.1483333333333334
-5.4,4,8,13,6,1,0.25,0.97,1.1808333333333334
-2.8,2,9,13,6,1,1.75,0.87,1.22
-3.0,5,10,13,6,1,1.81,1.72,1.2108333333333332
32.6,2,10,13,6,1,1.5,0.9,1.2529166666666667
13.7,4,11,13,6,1,1.91,0.77,1.2854166666666667
-5.3,5,11,13,6,1,1.55,1.47,1.245
35.7,3,15,13,6,1,0.5,1.7,1.2375
26.8,1,17,13,6,1,1.52,1.43,1.25375
1.5,1,17,13,6,1,1.82,1.88,1.18625
6.8,3,18,13,6,1,0.26,0.83,1.1883333333333335
38.1,5,18,13,6,1,0.88,1.65,1.1933333333333334
38.3,5,19,13,6,1,1.77,1.34,1.16375
-4.3,4,20,13,6,1,0.63,1.36,1.1733333333333333
24.8,3,22,13,6,1,1.59,0.34,1.2258333333333333
16.6,3,23,13,6,1,1.6,1.01,1.2541666666666667
27.7,3,0,14,6,2,1.69,1.6,1.2141666666666666
14.2,3,1,14,6,2,0.64,0.62,1.25
11.7,3,2,14,6,2,1.48,0.71,1.27375
15.2,2,2,14,6,2,1.28,1.32,1.2437500000000001
-1.3,2,3,14,6,2,0.6,1.11,1.2504166666666667
3.5,2,3,14,6,2,1.27,1.87,1.2516666666666667
6.6,4,4,14,6,2,1.9,0.7,1.29875
-0.5,4,5,14,6,2,1.83,1.14,1.3229166666666667
7.3,4,6,14,6,2,1.72,0.25,1.3816666666666666
26.3,5,7,14,6,2,1.66,1.75,1.3508333333333333
-2.8,3,7,14,6,2,1.01,1.81,1.3425
4.4,5,10,14,6,2,1.61,1.5,1.3333333333333333
20.9,2,10,14,6,2,1.28,1.91,1.3154166666666667
30.0,2,11,14,6,2,1.48,1.55,1.2904166666666665
-8.7,4,11,14,6,2,0.95,0.5,1.3475000000000001
-9.6,3,12,14,6,2,1.87,1.52,1.36125
5.9,3,13,14,6,2,1.85,1.82,1.3187499999999999
25.7,2,14,14,6,2,0.8,0.26,1.3629166666666668
5.6,4,15,14,6,2,1.32,0.88,1.3370833333333332
-5.1,1,17,14,6,2,0.26,1.77,1.2904166666666665
-5.4,5,19,14,6,2,0.65,0.63,1.3283333333333334
27.8,4,20,14,6,2,1.54,1.59,1.2729166666666667
3.2,3,1,15,6,3,0.26,1.6,1.2229166666666667
27.4,3,1,15,6,3,0.4,1.69,1.21625
25.5,4,2,15,6,3,1.53,0.64,1.2395833333333333
29.1,1,3,15,6,3,1.2,1.48,1.2079166666666667
-7.0,4,3,15,6,3,0.72,1.28,1.2033333333333334
9.9,5,3,15,6,3,1.17,0.6,1.24875
11.9,5,3,15,6,3,1.69,1.27,1.2733333333333332
19.2,5,4,15,6,3,1.86,1.9,1.24875
6.8,1,5,15,6,3,1.31,1.83,1.18375
36.6,4,6,15,6,3,0.27,1.72,1.1725
25.7,5,6,15,6,3,1.45,1.66,1.1125
29.6,1,7,15,6,3,0.22,1.01,1.1141666666666667
25.3,5,7,15,6,3,1.05,1.61,1.1270833333333334
5.1,5,8,15,6,3,1.92,1.28,1.14875
20.6,4,8,15,6,3,1.8,1.48,1.1533333333333333
32.5,3,9,15,6,3,1.59,0.95,1.1608333333333334
28.5,4,9,15,6,3,1.13,1.87,1.15875
-6.8,2,9,15,6,3,1.82,1.85,1.1445833333333333
15.9,4,10,15,6,3,1.51,0.8,1.1370833333333334
7.9,1,13,15,6,3,0.62,1.32,1.1270833333333334
14.1,5,13,15,6,3,1.08,0.26,1.1920833333333334
32.1,5,13,15,6,3,1.82,0.65,1.1870833333333335
22.5,3,14,15,6,3,0.53,1.54,1.1770833333333333
23.1,3,15,15,6,3,1.3,0.26,1.2008333333333334
4.0,3,16,15,6,3,0.83,0.4,1.2566666666666666
37.4,5,16,15,6,3,1.74,1.53,1.2395833333333333
32.6,4,16,15,6,3,1.12,1.2,1.2020833333333334
9.3,4,17,15,6,3,0.3,0.72,1.2325
27.5,3,18,15,6,3,1.45,1.17,1.2179166666666668
38.6,3,18,15,6,3,0.82,1.69,1.2183333333333335
1.0,2,19,15,6,3,1.7,1.86,1.1491666666666667
39.1,3,20,15,6,3,0.2,1.31,1.1745833333333333
27.3,1,20,15,6,3,1.92,0.27,1.1962499999999998
-0.9,3,21,15,6,3,0.79,1.45,1.1483333333333332
14.0,3,22,15,6,3,0.3,0.22,1.2175
34.0,2,22,15,6,3,1.88,1.05,1.2449999999999999
35.1,1,0,16,6,4,1.71,1.92,1.2270833333333335
-2.0,5,3,16,6,4,1.49,1.8,1.2020833333333334
25.0,5,3,16,6,4,1.2,1.59,1.1991666666666667
22.0,5,4,16,6,4,1.52,1.13,1.1733333333333333
15.2,2,5,16,6,4,0.51,1.82,1.1166666666666667
10.5,2,5,16,6,4,0.46,1.51,1.11375
5.0,3,6,16,6,4,1.44,0.62,1.1433333333333333
1.8,3,6,16,6,4,1.33,1.08,1.115
17.4,1,7,16,6,4,0.4,1.82,1.0791666666666668
21.5,2,7,16,6,4,0.96,0.53,1.1187500000000001
0.5,5,9,16,6,4,1.48,1.3,1.0804166666666666
14.7,3,10,16,6,4,0.38,0.83,1.0679166666666666
-2.0,1,11,16,6,4,0.53,1.74,1.0279166666666666
17.6,4,11,16,6,4,0.78,1.12,1.0566666666666666
14.7,2,12,16,6,4,1.81,0.3,1.0641666666666667
5.8,2,12,16,6,4,0.48,1.45,1.0275
24.8,1,12,16,6,4,0.57,0.82,1.0416666666666667
6.2,1,12,16,6,4,1.16,1.7,1.0216666666666667
1.2,2,12,16,6,4,1.22,0.2,1.0225
12.8,1,12,16,6,4,0.22,1.92,1.0091666666666665
17.8,1,13,16,6,4,1.6,0.79,1.0591666666666668
-7.9,1,15,16,6,4,1.99,0.3,1.0625
20.6,2,16,16,6,4,0.38,1.88,1.0304166666666665
-6.9,4,16,16,6,4,1.11,1.71,1.0095833333333333
22.7,3,17,16,6,4,1.21,1.49,0.9641666666666667
27.1,1,19,16,6,4,0.4,1.2,0.97125
-5.5,1,20,16,6,4,1.37,1.52,0.9345833333333333
-1.3,1,20,16,6,4,0.64,0.51,0.9479166666666666
-1.7,1,20,16,6,4,0.83,0.46,0.9750000000000001
37.3,2,21,16,6,4,1.11,1.44,0.9654166666666667
-1.0,1,21,16,6,4,1.21,1.33,0.9591666666666668
10.2,3,22,16,6,4,1.18,0.4,0.9812500000000001
2.1,4,23,16,6,4,0.93,0.96,0.9816666666666666
13.8,5,23,16,6,4,0.97,1.48,0.9624999999999999
27.8,1,1,17,6,5,1.02,0.38,0.9679166666666666
15.0,1,3,17,6,5,0.51,0.53,0.9804166666666667
4.7,5,4,17,6,5,0.83,0.78,1.0020833333333334
10.7,2,5,17,6,5,1.3,1.81,0.9916666666666667
12.0,3,5,17,6,5,1.56,0.48,0.9912500000000001
21.5,4,5,17,6,5,0.47,0.57,1.0466666666666666
-1.9,1,6,17,6,5,1.9,1.16,1.0125
0.8,5,6,17,6,5,0.34,1.22,1.0116666666666665
-1.8,1,6,17,6,5,1.2,0.22,1.0208333333333333
-9.6,2,11,17,6,5,0.44,1.6,1.0029166666666665
27.0,3,12,17,6,5,1.17,1.99,0.9812500000000001
-4.7,3,12,17,6,5,1.47,0.38,1.03
12.6,2,13,17,6,5,1.55,1.11,1.05
-3.0,3,15,17,6,5,1.59,1.21,1.07875
32.7,1,15,17,6,5,1.9,0.4,1.1445833333333333
21.9,4,16,17,6,5,1.98,1.37,1.1329166666666668
-4.5,1,18,17,6,5,1.09,0.64,1.1229166666666666
38.8,2,18,17,6,5,0.4,0.83,1.1029166666666665
9.5,3,18,17,6,5,0.35,1.11,1.1054166666666665
39.0,3,19,17,6,5,1.17,1.21,1.1241666666666668
19.4,3,22,17,6,5,1.66,1.18,1.1104166666666666
36.7,1,22,17,6,5,0.85,0.93,1.1533333333333333
29.1,2,23,17,6,5,1.96,0.97,1.1858333333333333
-5.6,1,2,18,6,6,1.75,1.02,1.2120833333333334
19.6,4,5,18,6,6,1.65,0.51,1.2625
20.8,4,5,18,6,6,1.72,0.83,1.2991666666666666
1.7,3,5,18,6,6,1.71,1.3,1.3145833333333334
1.0,2,6,18,6,6,1.67,1.56,1.3066666666666666
26.9,2,9,18,6,6,1.37,0.47,1.3108333333333333
30.5,5,9,18,6,6,0.57,1.9,1.25375
30.7,4,10,18,6,6,0.53,0.34,1.3208333333333333
12.9,4,10,18,6,6,1.95,1.2,1.34375
29.4,4,11,18,6,6,1.75,0.44,1.39375
-0.7,1,15,18,6,6,1.64,1.17,1.4108333333333334
8.2,5,16,18,6,6,1.58,1.47,1.3883333333333334
38.4,1,16,18,6,6,0.93,1.55,1.3483333333333334
-4.7,5,18,18,6,6,0.59,1.59,1.36125
29.9,4,18,18,6,6,1.9,1.9,1.3054166666666667
12.6,5,19,18,6,6,0.56,1.98,1.2516666666666667
24.8,5,19,18,6,6,0.69,1.09,1.2516666666666667
7.9,4,20,18,6,6,1.09,0.4,1.2729166666666667
20.3,4,21,18,6,6,0.91,0.35,1.3033333333333335
0.3,5,21,18,6,6,1.08,1.17,1.3379166666666666
31.3,1,23,18,6,6,2.0,1.66,1.29875
23.6,5,23,18,6,6,0.72,0.85,1.3341666666666667
14.7,1,23,18,6,6,1.7,1.96,1.28375
-8.0,5,0,19,6,0,0.75,1.75,1.2791666666666666
33.4,2,0,19,6,0,1.64,1.65,1.2862500000000001
-2.3,3,1,19,6,0,1.82,1.72,1.2483333333333333
-5.3,2,2,19,6,0,0.81,1.71,1.2033333333333334
2.2,3,2,19,6,0,0.63,1.67,1.1849999999999998
31.3,1,2,19,6,0,1.23,1.37,1.1958333333333335
36.2,3,2,19,6,0,1.63,0.57,1.2116666666666667
-0.7,2,3,19,6,0,0.95,0.53,1.2237500000000001
33.4,5,4,19,6,0,0.82,1.95,1.1633333333333333
21.6,1,4,19,6,0,0.5,1.75,1.1725
6.2,1,7,19,6,0,1.97,1.64,1.1816666666666666
-5.0,4,9,19,6,0,1.86,1.58,1.1591666666666665
-7.6,2,10,19,6,0,1.04,0.93,1.1841666666666666
14.9,5,10,19,6,0,1.53,0.59,1.1770833333333333
-5.8,3,11,19,6,0,0.42,1.9,1.175
8.0,1,11,19,6,0,1.85,0.56,1.2008333333333334
29.4,5,11,19,6,0,1.18,0.69,1.2225
15.5,4,11,19,6,0,1.21,1.09,1.2116666666666667
13.4,2,12,19,6,0,0.83,0.91,1.185
-5.9,1,13,19,6,0,0.27,1.08,1.1516666666666666
23.4,5,15,19,6,0,0.28,2.0,1.1216666666666666
32.6,2,17,19,6,0,1.28,0.72,1.1495833333333334
28.1,2,17,19,6,0,1.39,1.7,1.14875
18.7,4,18,19,6,0,1.68,0.75,1.1520833333333333
-7.8,3,18,19,6,0,0.83,1.64,1.1658333333333333
7.8,3,19,19,6,0,1.97,1.82,1.1091666666666666
-4.7,2,19,19,6,0,0.46,0.81,1.0866666666666667
32.9,4,19,19,6,0,0.27,0.63,1.1058333333333332
7.5,4,21,19,6,0,1.09,1.23,1.1366666666666667
0.1,1,22,19,6,0,1.97,1.63,1.1275
38.7,2,22,19,6,0,1.41,0.95,1.1337499999999998
38.2,1,0,20,6,1,1.1,0.82,1.1483333333333332
18.9,2,0,20,6,1,1.17,0.5,1.1775
15.2,4,0,20,6,1,1.2,1.97,1.1091666666666666
23.9,3,0,20,6,1,0.33,1.86,1.0941666666666667
28.1,1,2,20,6,1,1.5,1.04,1.0929166666666668
-3.5,1,3,20,6,1,1.01,1.53,1.1116666666666666
2.2,3,4,20,6,1,1.98,0.42,1.1345833333333333
10.4,5,5,20,6,1,0.97,1.85,1.11
-4.1,5,6,20,6,1,1.26,1.18,1.0829166666666667
18.0,2,7,20,6,1,0.53,1.21,1.0845833333333335
6.0,1,7,20,6,1,1.25,0.83,1.0879166666666666
36.7,4,9,20,6,1,0.91,0.27,1.1570833333333332
36.8,5,10,20,6,1,1.93,0.28,1.21125
29.8,1,12,20,6,1,1.58,1.28,1.2279166666666665
26.9,1,12,20,6,1,1.68,1.39,1.2304166666666665
31.9,2,13,20,6,1,1.45,1.68,1.1875
-5.5,5,13,20,6,1,0.65,0.83,1.1620833333333334
9.1,2,14,20,6,1,0.22,1.97,1.0933333333333333
35.2,3,14,20,6,1,0.32,0.46,1.1291666666666667
19.5,1,14,20,6,1,1.32,0.27,1.1762499999999998
32.9,3,17,20,6,1,1.4,1.09,1.1762499999999998
-5.3,4,17,20,6,1,1.09,1.97,1.1533333333333333
26.8,3,18,20,6,1,1.42,1.41,1.16375
21.6,1,19,20,6,1,1.66,1.1,1.19125
34.1,5,20,20,6,1,1.76,1.17,1.17875
6.0,2,21,20,6,1,0.87,1.2,1.1766666666666667
21.6,1,21,20,6,1,1.15,0.33,1.20625
32.2,2,21,20,6,1,1.04,1.5,1.16625
0.2,4,21,20,6,1,0.54,1.01,1.14875
14.7,1,21,20,6,1,0.59,1.98,1.09375
36.0,1,22,20,6,1,0.66,0.97,1.0883333333333334
15.4,4,22,20,6,1,0.84,1.26,1.0841666666666667
4.8,1,22,20,6,1,1.16,0.53,1.0908333333333333
11.5,4,22,20,6,1,0.69,1.25,1.0795833333333331
-1.7,4,0,21,6,2,0.98,0.91,1.1091666666666666
8.4,5,0,21,6,2,1.62,1.93,1.1045833333333333
26.6,3,1,21,6,2,1.82,1.58,1.1204166666666666
38.6,1,3,21,6,2,1.96,1.68,1.1258333333333332
7.1,1,4,21,6,2,1.81,1.45,1.0983333333333334
34.5,1,5,21,6,2,0.79,0.65,1.09
-6.2,1,6,21,6,2,0.45,0.22,1.1300000000000001
27.5,3,9,21,6,2,1.18,0.32,1.1283333333333332
26.6,5,11,21,6,2,0.28,1.32,1.1320833333333333
18.3,2,11,21,6,2,1.41,1.4,1.1041666666666667
13.5,2,16,21,6,2,0.73,1.09,1.0762500000000002
29.8,1,17,21,6,2,0.42,1.42,1.0266666666666666
8.9,3,17,21,6,2,0.23,1.66,1.0033333333333332
38.9,4,17,21,6,2,1.1,1.76,1.0004166666666667
15.4,2,18,21,6,2,1.69,0.87,0.9920833333333333
-5.0,4,18,21,6,2,0.67,1.15,0.9691666666666666
32.6,4,19,21,6,2,0.6,1.04,0.9958333333333332
1.1,5,20,21,6,2,1.68,0.54,1.0016666666666667
25.2,5,0,22,6,3,0.68,0.59,1.0175
35.4,3,1,22,6,3,0.97,0.66,1.0483333333333333
13.1,5,1,22,6,3,1.4,0.84,1.09125
-1.3,1,2,22,6,3,1.87,1.16,1.0995833333333334
23.7,4,2,22,6,3,1.36,0.69,1.12125
19.2,5,4,22,6,3,1.21,0.98,1.0899999999999999
23.2,5,4,22,6,3,0.23,1.62,1.0775
15.6,2,4,22,6,3,1.32,1.82,1.0583333333333333
39.7,2,5,22,6,3,1.36,1.96,0.9954166666666667
12.6,2,5,22,6,3,0.45,1.81,0.9541666666666667
6.4,5,6,22,6,3,0.82,0.79,0.9316666666666666
32.0,1,6,22,6,3,0.25,0.45,0.9641666666666667
25.0,2,7,22,6,3,1.23,1.18,0.9695833333333334
37.2,2,8,22,6,3,1.31,0.28,0.98875
6.2,5,8,22,6,3,0.74,1.41,0.9504166666666668
30.0,2,10,22,6,3,0.49,0.73,0.9729166666666668
2.7,3,10,22,6,3,1.27,0.42,1.00125
7.5,5,11,22,6,3,1.1,0.23,1.0320833333333332
32.9,2,11,22,6,3,0.97,1.1,1.0520833333333333
-3.3,1,11,22,6,3,1.58,1.69,1.03
1.9,4,13,22,6,3,1.16,0.67,1.01875
14.4,1,14,22,6,3,0.4,0.6,1.0483333333333333
0.8,1,14,22,6,3,1.31,1.68,1.0179166666666666
-4.8,5,15,22,6,3,0.95,0.68,1.0095833333333333
3.5,4,16,22,6,3,0.48,0.97,0.9887499999999999
10.3,2,16,22,6,3,0.47,1.4,0.9566666666666667
26.7,4,17,22,6,3,0.63,1.87,0.9125
18.7,5,17,22,6,3,0.81,1.36,0.9220833333333333
21.4,3,19,22,6,3,1.59,1.21,0.8937499999999999
35.0,1,19,22,6,3,0.53,0.23,0.9595833333333333
28.6,5,21,22,6,3,1.81,1.32,0.9670833333333334
-1.9,1,21,22,6,3,1.5,1.36,0.9624999999999999
14.7,4,21,22,6,3,1.25,0.45,0.9641666666666667
24.5,2,22,22,6,3,0.49,0.82,0.9941666666666666
8.9,1,22,22,6,3,1.54,0.25,1.0241666666666667
3.6,5,22,22,6,3,0.97,1.23,1.0395833333333333
20.1,1,0,23,6,4,1.6,1.31,1.0450000000000002
-6.0,2,3,23,6,4,1.44,0.74,1.0316666666666667
15.4,5,3,23,6,4,0.42,0.49,1.0320833333333332
37.4,2,3,23,6,4,0.5,1.27,1.0108333333333335
7.5,5,4,23,6,4,0.76,1.1,1.0287499999999998
18.9,1,4,23,6,4,1.53,0.97,1.0308333333333333
37.3,5,4,23,6,4,1.02,1.58,1.0258333333333334
39.6,3,5,23,6,4,1.46,1.16,1.0216666666666667
-7.4,3,9,23,6,4,1.06,0.4,1.02125
23.7,5,9,23,6,4,0.39,1.31,1.02
12.2,1,10,23,6,4,1.28,0.95,1.0350000000000001
29.9,5,11,23,6,4,1.31,0.48,1.0650000000000002
19.8,5,13,23,6,4,1.2,0.47,1.0541666666666667
12.8,1,14,23,6,4,0.21,0.63,1.08125
30.0,5,14,23,6,4,1.28,0.81,1.09
9.4,2,15,23,6,4,1.02,1.59,1.1020833333333335
13.2,4,17,23,6,4,1.88,0.53,1.14125
-2.0,3,19,23,6,4,1.47,1.81,1.0775
4.5,3,19,23,6,4,0.28,1.5,1.0425
15.6,4,19,23,6,4,0.66,1.25,1.0491666666666666
21.3,1,19,23,6,4,1.41,0.49,1.0891666666666666
-5.1,3,21,23,6,4,1.45,1.54,1.06625
24.3,4,22,23,6,4,0.99,0.97,1.0370833333333334
35.4,3,22,23,6,4,0.27,1.6,1.0029166666666667
1.7,1,23,23,6,4,0.78,1.44,0.9954166666666665
-6.9,4,23,23,6,4,1.26,0.42,1.0008333333333332
29.1,3,23,23,6,4,0.55,0.5,1.0216666666666667
18.6,5,0,24,6,5,1.0,0.76,1.0
39.3,1,0,24,6,5,0.24,1.53,0.9975
-3.4,2,0,24,6,5,1.47,1.02,0.9875000000000002
5.0,3,2,24,6,5,0.78,1.46,0.9783333333333334
10.5,4,3,24,6,5,1.24,1.06,1.0095833333333333
37.1,1,5,24,6,5,1.81,0.39,1.0250000000000001
6.4,2,6,24,6,5,0.76,1.28,1.0045833333333334
30.5,4,6,24,6,5,0.79,1.31,0.9854166666666666
27.0,1,6,24,6,5,0.85,1.2,0.9979166666666667
-4.6,5,6,24,6,5,1.5,0.21,1.02875
2.7,3,7,24,6,5,0.95,1.28,1.0020833333333334
2.8,2,9,24,6,5,0.64,1.02,1.0079166666666668
-7.0,3,9,24,6,5,1.16,1.88,0.9545833333333333
-1.2,2,10,24,6,5,0.6,1.47,0.94125
7.9,4,10,24,6,5,1.15,0.28,0.9412500000000001
24.2,1,11,24,6,5,0.28,0.66,0.9429166666666667
-0.6,3,13,24,6,5,0.7,1.41,0.8979166666666667
35.1,3,13,24,6,5,0.33,1.45,0.8745833333333333
22.3,2,13,24,6,5,0.89,0.99,0.8995833333333333
37.8,3,15,24,6,5,1.59,0.27,0.9258333333333334
18.9,5,16,24,6,5,0.9,0.78,0.9529166666666667
3.7,3,16,24,6,5,1.43,1.26,0.9475000000000001
32.6,4,16,24,6,5,1.13,0.55,0.9987500000000001
-3.5,1,17,24,6,5,1.78,1.0,1.0083333333333333
25.8,2,18,24,6,5,1.23,0.24,1.0679166666666666
18.8,3,21,24,6,5,1.67,1.47,1.02875
3.9,4,22,24,6,5,0.53,0.78,1.0216666666666667
-9.4,1,22,24,6,5,0.61,1.24,1.0345833333333334
1.4,4,0,25,6,6,1.55,1.81,1.02
-4.7,5,0,25,6,6,1.46,0.76,1.0062499999999999
14.7,2,1,25,6,6,0.43,0.79,1.0083333333333335
28.6,1,1,25,6,6,0.84,0.85,0.995
38.8,2,2,25,6,6,0.53,1.5,0.9683333333333333
0.8,1,3,25,6,6,0.86,0.95,1.0104166666666667
22.8,4,5,25,6,6,1.96,0.64,1.0370833333333334
15.8,1,5,25,6,6,1.28,1.16,1.0254166666666666
32.4,1,6,25,6,6,0.88,0.6,1.0533333333333335
23.0,5,6,25,6,6,1.27,1.15,1.0458333333333334
26.1,3,6,25,6,6,0.97,0.28,1.1170833333333332
24.3,4,7,25,6,6,1.99,0.7,1.1595833333333332
28.8,4,7,25,6,6,1.72,0.33,1.1829166666666666
23.4,2,8,25,6,6,0.89,0.89,1.1995833333333332
1.8,4,9,25,6,6,1.29,1.59,1.1541666666666666
1.7,2,11,25,6,6,0.5,0.9,1.1962499999999998
-4.5,5,11,25,6,6,1.91,1.43,1.1933333333333334
32.9,2,11,25,6,6,1.36,1.13,1.2125000000000001
4.4,5,12,25,6,6,1.59,1.78,1.1724999999999999
5.3,2,13,25,6,6,0.82,1.23,1.1508333333333334
4.5,4,13,25,6,6,0.71,1.67,1.1158333333333335
-5.5,5,14,25,6,6,0.83,0.53,1.1512499999999999
-5.5,2,15,25,6,6,1.38,0.61,1.18375
21.6,1,17,25,6,6,1.39,1.55,1.1595833333333332
7.1,4,17,25,6,6,0.97,1.46,1.1220833333333333
17.2,5,18,25,6,6,0.56,0.43,1.1300000000000001
-6.7,3,19,25,6,6,0.62,0.84,1.1208333333333333
38.6,5,19,25,6,6,0.62,0.53,1.1187500000000001
3.6,4,19,25,6,6,0.48,0.86,1.1658333333333333
28.5,4,20,25,6,6,1.99,1.96,1.1154166666666667
19.1,1,21,25,6,6,0.75,1.28,1.1345833333333333
18.2,3,22,25,6,6,1.74,0.88,1.1295833333333334
-9.5,2,23,25,6,6,0.76,1.27,1.1125
3.1,3,0,26,6,0,0.86,0.97,1.08125
-5.1,1,1,26,6,0,0.22,1.99,1.0691666666666666
9.9,1,1,26,6,0,1.7,1.72,1.04
16.8,1,3,26,6,0,1.02,0.89,1.0316666666666667
11.2,4,4,26,6,0,0.69,1.29,1.0579166666666666
-8.4,5,5,26,6,0,1.92,0.5,1.1066666666666667
14.4,2,5,26,6,0,1.67,1.91,1.0533333333333335
4.5,4,6,26,6,0,0.63,1.36,1.0766666666666667
-4.6,2,6,26,6,0,1.92,1.59,1.0295833333333333
-0.8,1,7,26,6,0,0.46,0.82,1.0725
12.4,5,8,26,6,0,1.85,0.71,1.1054166666666667
2.5,1,10,26,6,0,1.5,0.83,1.0995833333333331
39.1,3,12,26,6,0,0.69,1.38,1.0912499999999998
-5.5,1,13,26,6,0,1.18,1.39,1.09875
33.0,1,14,26,6,0,1.57,0.97,1.11625
29.3,4,15,26,6,0,1.39,0.56,1.1491666666666667
32.9,1,16,26,6,0,1.35,0.62,1.1479166666666667
12.1,2,18,26,6,0,0.59,0.62,1.1579166666666667
17.5,4,19,26,6,0,0.86,0.48,1.16125
-5.7,3,21,26,6,0,0.56,1.99,1.11625
7.6,5,22,26,6,0,0.91,0.75,1.13375
25.1,5,0,27,6,1,1.17,1.74,1.09875
35.8,4,1,27,6,1,0.9,0.76,1.0791666666666668
12.2,5,5,27,6,1,0.29,0.86,1.0866666666666667
-8.6,1,7,27,6,1,1.04,0.22,1.1016666666666666
27.8,1,7,27,6,1,0.58,1.7,1.0395833333333333
14.6,1,9,27,6,1,0.21,1.02,1.0566666666666666
-5.4,5,12,27,6,1,1.43,0.69,1.05
-0.5,1,12,27,6,1,0.53,1.92,1.0345833333333334
27.9,5,13,27,6,1,1.55,1.67,0.9925
15.7,5,14,27,6,1,0.66,0.63,1.0208333333333333
11.8,1,16,27,6,1,1.31,1.92,0.9800000000000001
13.9,2,16,27,6,1,0.94,0.46,0.9945833333333334
-0.3,4,17,27,6,1,0.81,1.85,0.96875
33.9,4,17,27,6,1,1.23,1.5,0.9354166666666667
30.8,4,19,27,6,1,0.7,0.69,0.9154166666666668
6.5,4,19,27,6,1,0.21,1.18,0.9366666666666666
37.8,3,20,27,6,1,1.69,1.57,0.8816666666666667
39.3,3,20,27,6,1,0.25,1.39,0.8366666666666668
27.9,3,20,27,6,1,0.31,1.35,0.8541666666666666
31.6,4,20,27,6,1,1.77,0.59,0.88
36.4,3,21,27,6,1,1.21,0.86,0.8691666666666666
7.9,4,22,27,6,1,0.6,0.56,0.9241666666666667
33.0,2,22,27,6,1,1.88,0.91,0.9075000000000001
38.0,3,22,27,6,1,0.51,1.17,0.89125
27.8,4,23,27,6,1,0.78,0.9,0.9258333333333333
-2.0,5,0,28,6,2,1.73,0.29,0.9849999999999999
15.8,3,0,28,6,2,1.71,1.04,0.9783333333333334
3.3,2,1,28,6,2,0.88,0.58,1.0262499999999999
13.6,2,1,28,6,2,1.73,0.21,1.0487499999999998
6.0,4,2,28,6,2,0.75,1.43,1.0391666666666668
31.1,3,2,28,6,2,1.2,0.53,1.0683333333333331
12.0,3,4,28,6,2,1.23,1.55,1.0629166666666665
9.6,2,6,28,6,2,1.42,0.66,1.0675
22.0,2,7,28,6,2,0.77,1.31,1.0383333333333333
30.9,3,7,28,6,2,0.61,0.94,1.0458333333333332
11.4,1,7,28,6,2,1.12,0.81,1.0558333333333334
8.9,5,11,28,6,2,1.05,1.23,1.0579166666666666
29.3,5,11,28,6,2,1.28,0.7,1.0508333333333333
29.7,5,12,28,6,2,0.53,0.21,1.1020833333333333
-9.1,3,12,28,6,2,1.44,1.69,1.0483333333333333
23.1,2,14,28,6,2,0.4,0.25,1.0916666666666668
-7.6,5,15,28,6,2,1.29,0.31,1.1129166666666666
1.6,5,16,28,6,2,0.82,1.77,1.1195833333333332
32.0,4,16,28,6,2,1.93,1.21,1.1308333333333331
26.4,5,16,28,6,2,1.48,0.6,1.1525
19.6,5,17,28,6,2,1.12,1.88,1.1141666666666667
-2.5,5,17,28,6,2,0.96,0.51,1.1345833333333333
25.6,2,19,28,6,2,1.0,0.78,1.12875
31.7,2,20,28,6,2,0.64,1.73,1.1241666666666665
-2.7,2,21,28,6,2,1.62,1.71,1.0633333333333335
6.8,2,22,28,6,2,0.25,0.88,1.0779166666666666
-1.0,5,3,29,6,3,1.23,1.73,1.02
17.5,5,3,29,6,3,0.34,0.75,1.0683333333333334
2.3,5,3,29,6,3,1.91,1.2,1.0425
25.8,5,4,29,6,3,0.58,1.23,1.0620833333333335
5.9,4,4,29,6,3,1.7,1.42,1.0725
11.0,4,5,29,6,3,1.67,0.77,1.1125
32.5,4,6,29,6,3,1.73,0.61,1.1041666666666667
29.7,2,6,29,6,3,0.41,1.12,1.1229166666666666
18.8,3,6,29,6,3,1.57,1.05,1.0933333333333333
22.5,3,7,29,6,3,0.34,1.28,1.0866666666666667
16.7,5,9,29,6,3,1.12,0.53,1.13625
-3.0,4,10,29,6,3,1.72,1.44,1.0941666666666665
24.5,3,11,29,6,3,0.43,0.4,1.1533333333333333
26.3,4,11,29,6,3,1.82,1.29,1.1729166666666668
11.2,1,12,29,6,3,1.76,0.82,1.1816666666666669
35.6,5,13,29,6,3,1.03,1.93,1.1175
15.9,2,15,29,6,3,0.39,1.48,1.1379166666666667
14.9,4,15,29,6,3,1.97,1.12,1.14125
14.7,2,16,29,6,3,1.2,0.96,1.1808333333333334
6.4,4,17,29,6,3,1.91,1.0,1.1879166666666665
29.0,2,18,29,6,3,1.17,0.64,1.2266666666666666
3.2,5,21,29,6,3,1.57,1.62,1.17375
26.3,3,21,29,6,3,0.35,0.25,1.1995833333333334
-6.4,4,22,29,6,3,0.87,1.23,1.23125
2.1,4,23,29,6,3,1.99,0.34,1.2895833333333335
38.4,5,2,30,6,4,1.74,1.91,1.2708333333333333
15.8,4,3,30,6,4,1.46,0.58,1.3270833333333332
31.8,3,3,30,6,4,1.93,1.7,1.2674999999999998
19.2,3,4,30,6,4,0.27,1.67,1.2445833333333334
37.3,2,4,30,6,4,1.12,1.73,1.2433333333333334
35.1,5,5,30,6,4,1.7,0.41,1.2725000000000002
28.5,1,6,30,6,4,1.11,1.57,1.2458333333333333
19.7,3,6,30,6,4,0.93,0.34,1.2983333333333333
35.8,4,7,30,6,4,1.6,1.12,1.2658333333333334
39.5,4,7,30,6,4,0.34,1.72,1.2295833333333335
30.5,5,8,30,6,4,0.85,0.43,1.2504166666666667
27.1,2,8,30,6,4,0.93,1.82,1.2016666666666667
35.3,4,9,30,6,4,0.65,1.76,1.20125
8.7,1,10,30,6,4,1.75,1.03,1.2274999999999998
20.2,1,10,30,6,4,1.66,0.39,1.2670833333333333
6.4,5,10,30,6,4,1.34,1.97,1.2208333333333334
34.7,1,11,30,6,4,0.86,1.2,1.18875
11.7,3,11,30,6,4,0.43,1.91,1.18625
13.1,3,12,30,6,4,1.85,1.17,1.1520833333333333
6.9,2,12,30,6,4,0.35,1.57,1.1670833333333335
8.3,3,12,30,6,4,1.93,0.35,1.1729166666666666
28.4,4,13,30,6,4,0.49,0.87,1.1454166666666665
38.9,1,15,30,6,4,0.21,1.99,1.0766666666666667
5.9,3,16,30,6,4,0.34,1.74,1.0683333333333334
37.8,1,16,30,6,4,1.54,1.46,1.0633333333333332
-7.4,1,17,30,6,4,1.34,1.93,1.01625
7.1,2,17,30,6,4,0.8,0.27,1.08
-7.7,3,17,30,6,4,1.8,1.12,1.08
14.2,5,18,30,6,4,1.12,1.7,1.0645833333333334
2.1,4,18,30,6,4,1.33,1.11,1.0270833333333333
3.0,4,19,30,6,4,0.21,0.93,1.0520833333333333
15.0,3,19,30,6,4,1.53,1.6,1.0120833333333334
1.1,1,20,30,6,4,0.64,0.34,1.0775
12.7,5,21,30,6,4,1.91,0.85,1.1020833333333333
16.6,4,21,30,6,4,1.44,0.93,1.1241666666666668
29.8,1,22,30,6,4,1.46,0.65,1.1154166666666667
-7.4,3,23,30,6,4,0.44,1.75,1.1187500000000001
32.4,2,0,1,7,5,1.83,1.66,1.06
9.4,2,1,1,7,5,0.25,1.34,1.0254166666666669
5.4,2,2,1,7,5,0.51,0.86,1.0020833333333332
30.1,4,3,1,7,5,0.3,0.43,1.0287499999999998
33.0,2,3,1,7,5,1.07,1.85,0.9787500000000001
34.1,5,4,1,7,5,0.65,0.35,0.975
19.3,5,4,1,7,5,0.26,1.93,0.9266666666666666
-2.4,1,4,1,7,5,0.77,0.49,0.9162500000000001
26.5,3,4,1,7,5,0.24,0.21,0.9241666666666667
14.9,1,5,1,7,5,0.4,0.34,0.9754166666666667
30.0,1,6,1,7,5,1.57,1.54,0.9808333333333334
5.2,2,6,1,7,5,1.67,1.34,0.9583333333333334
-5.1,2,7,1,7,5,0.8,0.8,0.9987500000000001
23.7,2,8,1,7,5,1.77,1.8,0.9795833333333334
24.6,3,8,1,7,5,1.34,1.12,0.9425
3.9,1,8,1,7,5,0.23,1.33,0.96625
9.9,3,9,1,7,5,1.9,0.21,0.9708333333333333
8.1,3,11,1,7,5,0.32,1.53,0.9304166666666666
16.0,4,11,1,7,5,0.56,0.64,0.9783333333333332
9.7,5,12,1,7,5,1.79,1.91,0.9579166666666667
13.1,1,13,1,7,5,1.42,1.44,0.96
19.9,5,13,1,7,5,1.49,1.46,0.91
-4.7,4,13,1,7,5,0.26,0.44,0.92125
0.0,5,16,1,7,5,0.71,1.83,0.8695833333333334
32.4,4,16,1,7,5,0.59,0.25,0.9391666666666666
1.6,1,17,1,7,5,1.92,0.51,0.9320833333333333
18.7,5,17,1,7,5,0.34,0.3,0.9470833333333334
3.7,1,19,1,7,5,0.66,1.07,0.9354166666666668
-9.7,4,20,1,7,5,0.79,0.65,0.9737499999999999
14.3,5,20,1,7,5,1.57,0.26,0.9775
23.5,2,20,1,7,5,0.35,0.77,0.9800000000000001
31.8,1,23,1,7,5,0.83,0.24,0.9808333333333333
-1.0,4,0,2,7,6,0.26,0.4,0.9750000000000001
22.6,5,0,2,7,6,0.26,1.57,0.9829166666666667
32.8,1,1,2,7,6,1.76,1.67,0.9254166666666666
12.8,3,2,2,7,6,0.29,0.8,0.9283333333333332
31.7,3,2,2,7,6,0.87,1.77,0.8687499999999999
5.8,1,2,2,7,6,0.34,1.34,0.8608333333333333
10.7,3,3,2,7,6,1.15,0.23,0.8783333333333333
28.9,3,5,2,7,6,0.65,1.9,0.8616666666666667
-2.9,4,7,2,7,6,1.5,0.32,0.8966666666666666
21.6,5,7,2,7,6,1.16,0.56,0.9345833333333333
38.5,1,7,2,7,6,1.47,1.79,0.9225
16.7,1,8,2,7,6,1.5,1.42,0.9358333333333334
31.5,2,9,2,7,6,1.74,1.49,0.8929166666666667
-0.4,3,13,2,7,6,0.46,0.26,0.90125
2.0,2,14,2,7,6,0.46,0.71,0.8841666666666667
39.4,1,15,2,7,6,0.3,0.59,0.9395833333333332
39.2,2,15,2,7,6,1.92,1.92,0.8970833333333333
7.5,5,17,2,7,6,0.9,0.34,0.8958333333333334
7.1,1,18,2,7,6,0.31,0.66,0.9249999999999999
14.0,2,20,2,7,6,1.36,0.79,0.9554166666666667
2.5,1,22,2,7,6,1.52,1.57,0.9529166666666667
11.4,3,22,2,7,6,1.51,0.35,0.99125
11.4,1,22,2,7,6,1.27,0.83,0.97375
9.9,5,2,3,7,0,0.41,0.26,0.9720833333333334
9.0,4,2,3,7,0,0.22,0.26,1.0258333333333332
27.8,5,2,3,7,0,1.55,1.76,1.0137500000000002
3.9,4,2,3,7,0,1.47,0.29,1.0670833333333334
4.8,4,4,3,7,0,1.57,0.87,1.0479166666666668
38.1,4,4,3,7,0,0.41,0.34,1.08
11.0,4,6,3,7,0,1.11,1.15,1.0783333333333334
19.3,3,6,3,7,0,1.11,0.65,1.1208333333333333
26.1,1,6,3,7,0,1.67,1.5,1.0883333333333334
35.7,2,7,3,7,0,0.72,1.16,1.0916666666666666
26.8,2,8,3,7,0,1.24,1.47,1.0720833333333333
0.0,2,9,3,7,0,1.0,1.5,1.0620833333333335
18.5,2,10,3,7,0,1.26,1.74,1.0658333333333332
-9.8,4,10,3,7,0,1.83,0.46,1.0591666666666668
21.0,5,11,3,7,0,0.3,0.46,1.0716666666666668
1.0,2,12,3,7,0,0.76,0.3,1.1108333333333333
4.9,3,12,3,7,0,1.24,1.92,1.1004166666666668
16.4,1,15,3,7,0,1.67,0.9,1.11375
8.5,5,17,3,7,0,1.22,0.31,1.1812500000000001
29.1,5,17,3,7,0,1.93,1.36,1.1354166666666667
29.5,1,19,3,7,0,0.26,1.52,1.0883333333333332
-4.5,4,20,3,7,0,0.39,1.51,1.0829166666666667
-3.9,1,22,3,7,0,1.38,1.27,1.0433333333333332
11.2,4,23,3,7,0,0.32,0.41,1.035
21.3,5,23,3,7,0,0.21,0.22,1.0554166666666667
12.6,3,0,4,7,1,0.71,1.55,1.0591666666666668
22.5,4,1,4,7,1,1.64,1.47,1.01125
35.7,4,1,4,7,1,0.32,1.57,1.0083333333333333
-3.0,3,1,4,7,1,1.5,0.41,1.0304166666666665
13.4,4,2,4,7,1,0.94,1.11,1.0204166666666665
12.9,4,3,4,7,1,0.87,1.11,1.0391666666666666
28.2,4,4,4,7,1,1.56,1.67,0.98
-1.7,1,4,4,7,1,0.25,0.72,0.9974999999999999
27.2,4,6,4,7,1,1.14,1.24,1.0233333333333332
15.2,3,7,4,7,1,1.86,1.0,1.0354166666666667
4.0,2,9,4,7,1,1.29,1.26,0.9920833333333333
-5.7,5,9,4,7,1,0.22,1.83,0.9929166666666668
-4.4,1,10,4,7,1,1.85,0.3,0.9920833333333333
14.2,1,12,4,7,1,0.28,0.76,1.035
28.8,3,12,4,7,1,1.79,1.24,1.04375
3.8,3,12,4,7,1,1.45,1.67,0.99375
-4.2,4,12,4,7,1,0.47,1.22,0.9745833333333334
-0.3,2,15,4,7,1,0.76,1.93,0.9158333333333334
-0.1,1,15,4,7,1,0.52,0.26,0.9550000000000001
-0.2,2,17,4,7,1,1.2,0.39,1.01125
19.6,4,17,4,7,1,1.74,1.38,1.0129166666666667
37.3,1,18,4,7,1,1.42,0.32,1.02
25.2,5,18,4,7,1,0.49,0.21,1.0529166666666667
-0.7,1,19,4,7,1,1.0,0.71,1.09625
34.2,4,19,4,7,1,1.75,1.64,1.0933333333333333
13.5,2,20,4,7,1,1.57,0.32,1.0908333333333333
-2.8,5,21,4,7,1,0.26,1.5,1.03875
33.6,4,22,4,7,1,0.25,0.94,1.0366666666666668
37.4,1,22,4,7,1,0.89,0.87,1.0733333333333335
30.5,2,23,4,7,1,1.75,1.56,1.0366666666666668
-2.3,3,0,5,7,2,0.68,0.25,1.0545833333333334
11.1,5,3,5,7,2,0.68,1.14,1.0458333333333334
0.3,1,4,5,7,2,0.93,1.86,1.0329166666666667
-2.7,3,5,5,7,2,1.55,1.29,0.9895833333333334
3.1,2,5,5,7,2,0.25,0.22,1.0495833333333333
14.5,3,9,5,7,2,1.66,1.85,1.03125
38.3,4,9,5,7,2,1.41,0.28,1.0858333333333334
23.0,3,9,5,7,2,1.59,1.79,1.0895833333333333
-8.2,2,11,5,7,2,1.88,1.45,1.1033333333333333
20.4,4,12,5,7,2,1.78,0.47,1.1416666666666666
35.3,4,13,5,7,2,1.39,0.76,1.1395833333333332
31.9,3,14,5,7,2,0.71,0.52,1.1408333333333334
14.5,1,14,5,7,2,0.55,1.2,1.0995833333333334
30.3,3,15,5,7,2,0.21,1.74,1.04125
-0.5,5,15,5,7,2,0.34,1.42,1.0470833333333334
5.8,2,15,5,7,2,1.56,0.49,1.1004166666666666
-2.2,4,17,5,7,2,1.77,1.0,1.13375
13.4,1,18,5,7,2,1.8,1.75,1.1054166666666667
10.6,5,20,5,7,2,1.07,1.57,1.10875
-4.1,2,20,5,7,2,1.65,0.26,1.1416666666666666
10.1,3,21,5,7,2,1.05,0.25,1.1991666666666667
26.2,2,22,5,7,2,1.63,0.89,1.2304166666666665
6.4,4,0,6,7,3,1.64,1.75,1.1920833333333334
-9.5,2,4,6,7,3,0.83,0.68,1.2079166666666665
7.4,5,4,6,7,3,1.06,0.68,1.2275
31.9,4,6,6,7,3,1.15,0.93,1.2408333333333335
-8.4,4,6,6,7,3,1.25,1.55,1.2054166666666666
36.6,3,6,6,7,3,0.7,0.25,1.21
38.8,1,7,6,7,3,0.36,1.66,1.2125
1.8,5,8,6,7,3,1.72,1.41,1.2341666666666666
3.6,1,8,6,7,3,1.93,1.59,1.2325
-8.1,1,9,6,7,3,1.55,1.88,1.21125
8.9,1,10,6,7,3,1.37,1.78,1.1537499999999998
6.1,1,11,6,7,3,0.4,1.39,1.1195833333333334
15.7,3,11,6,7,3,0.57,0.71,1.1691666666666667
17.5,3,12,6,7,3,1.9,0.55,1.18
36.3,5,12,6,7,3,0.81,0.21,1.2166666666666666
26.3,3,12,6,7,3,1.09,0.34,1.2758333333333332
4.0,1,14,6,7,3,1.76,1.56,1.2929166666666667
34.3,1,16,6,7,3,1.97,1.77,1.2441666666666666
23.4,4,17,6,7,3,0.6,1.8,1.22125
-4.5,4,17,6,7,3,1.25,1.07,1.2179166666666668
-7.8,1,18,6,7,3,0.99,1.65,1.1975
36.0,4,18,6,7,3,1.16,1.05,1.19
29.0,4,19,6,7,3,0.87,1.63,1.165
-1.5,2,20,6,7,3,1.03,1.64,1.12125
5.3,2,21,6,7,3,0.59,0.83,1.1454166666666665
5.8,3,22,6,7,3,1.41,1.06,1.1116666666666666
34.4,5,22,6,7,3,0.25,1.15,1.1291666666666667
0.2,5,22,6,7,3,1.57,1.25,1.1458333333333333
17.1,1,1,7,7,4,1.65,0.7,1.1633333333333333
10.8,4,1,7,7,4,1.12,0.36,1.215
11.3,3,1,7,7,4,1.6,1.72,1.1866666666666668
12.4,4,2,7,7,4,1.04,1.93,1.1387500000000002
-2.7,2,3,7,7,4,0.78,1.55,1.0995833333333334
-3.4,4,6,7,7,4,0.61,1.37,1.11875
39.7,2,7,7,7,4,1.83,0.4,1.18375
-4.9,1,8,7,7,4,1.96,0.57,1.2058333333333333
10.7,1,9,7,7,4,1.1,1.9,1.2016666666666669
27.9,1,10,7,7,4,1.8,0.81,1.1875
2.0,3,12,7,7,4,0.47,1.09,1.1583333333333334
36.7,2,13,7,7,4,0.39,1.76,1.1191666666666669
26.8,2,15,7,7,4,0.82,1.97,1.0570833333333332
6.8,4,16,7,7,4,0.48,0.6,1.0962500000000002
15.2,4,17,7,7,4,1.54,1.25,1.0808333333333333
-0.1,4,19,7,7,4,0.88,0.99,1.0654166666666667
18.2,3,19,7,7,4,0.62,1.16,1.0729166666666667
26.5,2,20,7,7,4,1.34,0.87,1.0983333333333334
16.3,4,21,7,7,4,1.48,1.03,1.0654166666666667
29.3,4,21,7,7,4,0.24,0.59,1.05375
7.5,3,21,7,7,4,0.31,1.41,1.0508333333333335
35.4,4,21,7,7,4,1.34,0.25,1.0679166666666668
2.6,2,22,7,7,4,0.66,1.57,1.035
-9.7,3,22,7,7,4,0.78,1.65,1.0275
22.9,4,22,7,7,4,1.47,1.12,1.0195833333333335
27.4,1,23,7,7,4,0.93,1.6,0.9866666666666667
36.7,5,1,8,7,5,0.81,1.04,0.9670833333333334
14.5,4,2,8,7,5,0.57,0.78,0.9929166666666666
10.8,2,2,8,7,5,1.4,0.61,0.9895833333333334
38.6,3,3,8,7,5,0.53,1.83,0.9566666666666667
28.9,3,7,8,7,5,1.04,1.96,0.9283333333333333
19.6,3,9,8,7,5,1.28,1.1,0.9079166666666666
38.1,3,9,8,7,5,0.61,1.8,0.8779166666666667
-6.6,2,10,8,7,5,1.08,0.47,0.9249999999999999
18.3,3,13,8,7,5,1.6,0.39,0.9691666666666666
31.2,5,14,8,7,5,1.45,0.82,0.9479166666666666
16.3,1,14,8,7,5,0.31,0.48,1.0054166666666668
39.4,1,15,8,7,5,1.86,1.54,0.9654166666666666
-5.2,2,16,8,7,5,0.58,0.88,0.94625
31.9,2,16,8,7,5,0.42,0.62,0.9766666666666666
29.4,1,16,8,7,5,1.35,1.34,0.9858333333333333
-4.0,1,16,8,7,5,1.56,1.48,0.9725
29.7,5,17,8,7,5,1.16,0.24,1.0366666666666668
-6.8,5,19,8,7,5,1.78,0.31,1.0633333333333335
5.7,5,19,8,7,5,0.95,1.34,1.07
26.9,4,19,8,7,5,1.5,0.66,1.0966666666666667
34.7,4,20,8,7,5,1.3,0.78,1.1216666666666668
26.2,3,20,8,7,5,1.38,1.47,1.1291666666666667
9.7,4,21,8,7,5,1.65,0.93,1.1441666666666666
-2.0,2,21,8,7,5,1.29,0.81,1.1433333333333333
0.4,2,22,8,7,5,0.79,0.57,1.1766666666666665
36.0,2,22,8,7,5,1.37,1.4,1.1879166666666667
14.5,4,0,9,7,6,1.67,0.53,1.2137499999999999
26.7,3,0,9,7,6,1.15,1.04,1.1925000000000001
12.2,3,2,9,7,6,0.53,1.28,1.20375
39.8,1,3,9,7,6,1.55,0.61,1.22625
29.7,2,3,9,7,6,1.15,1.08,1.2550000000000001
-0.0,1,3,9,7,6,1.77,1.6,1.2595833333333333
28.4,4,3,9,7,6,1.71,1.45,1.2583333333333335
28.3,5,3,9,7,6,1.42,0.31,1.2779166666666666
17.3,2,4,9,7,6,0.78,1.86,1.2195833333333332
8.2,3,4,9,7,6,0.46,0.58,1.2175
27.7,1,5,9,7,6,0.53,0.42,1.2254166666666666
-9.9,3,6,9,7,6,0.61,1.35,1.1979166666666667
7.2,2,7,9,7,6,0.69,1.56,1.2079166666666665
21.1,3,8,9,7,6,1.8,1.16,1.2295833333333333
-2.1,3,9,9,7,6,1.68,1.78,1.1770833333333333
2.4,2,9,9,7,6,0.52,0.95,1.1795833333333332
-1.7,5,10,9,7,6,1.01,1.5,1.19
7.6,4,11,9,7,6,1.75,1.3,1.2120833333333332
13.7,4,12,9,7,6,1.83,1.38,1.1741666666666666
-6.7,3,13,9,7,6,0.47,1.65,1.1566666666666667
18.8,5,13,9,7,6,1.23,1.29,1.1341666666666668
-7.7,4,14,9,7,6,0.75,0.79,1.1816666666666666
33.1,5,14,9,7,6,1.93,1.37,1.1395833333333334
15.8,4,15,9,7,6,0.36,1.67,1.1245833333333333
5.2,5,15,9,7,6,1.31,1.15,1.0908333333333333
34.1,5,16,9,7,6,0.34,0.53,1.11
-3.6,4,16,9,7,6,0.99,1.55,1.10125
-9.6,5,17,9,7,6,1.34,1.15,1.0875000000000001
39.7,2,17,9,7,6,0.82,1.77,1.04875
7.8,1,17,9,7,6,0.84,1.71,1.0120833333333332
36.0,2,19,9,7,6,0.83,1.42,0.9795833333333333
-7.4,4,22,9,7,6,0.64,0.78,1.00875
-7.0,3,23,9,7,6,1.48,0.46,1.00125
31.9,3,23,9,7,6,0.28,0.53,1.05375
35.0,5,23,9,7,6,1.79,0.61,1.0491666666666666
6.9,2,0,10,7,0,0.5,0.69,1.0695833333333333
29.3,3,0,10,7,0,1.18,1.8,1.0116666666666667
16.3,3,1,10,7,0,0.41,1.68,1.0191666666666668
17.7,2,1,10,7,0,1.86,0.52,1.0475
24.4,4,2,10,7,0,1.2,1.01,1.0266666666666666
13.2,3,2,10,7,0,0.51,1.75,1.0045833333333334
4.4,5,3,10,7,0,1.22,1.83,1.01
13.2,5,4,10,7,0,1.96,0.47,1.05625
28.6,4,5,10,7,0,1.58,1.23,1.0570833333333332
37.6,4,6,10,7,0,1.25,0.75,1.0520833333333333
6.2,3,7,10,7,0,0.63,1.93,0.9995833333333333
33.1,5,10,10,7,0,0.67,0.36,1.02875
32.6,5,10,10,7,0,1.06,1.31,1.0116666666666667
10.6,5,10,10,7,0,0.9,0.34,1.0404166666666668
27.2,4,11,10,7,0,1.03,0.99,1.0370833333333334
22.0,3,11,10,7,0,0.91,1.34,1.0075
-5.3,3,12,10,7,0,0.63,0.82,1.0191666666666668
36.0,5,12,10,7,0,1.1,0.84,0.995
29.4,5,12,10,7,0,0.26,0.83,0.9941666666666666
-10.0,3,13,10,7,0,0.81,0.64,0.9808333333333333
-7.2,3,13,10,7,0,0.32,1.48,0.9591666666666666
16.5,2,13,10,7,0,0.96,0.28,0.9716666666666667
1.4,4,14,10,7,0,0.58,1.79,0.9629166666666666
34.8,1,14,10,7,0,1.58,0.5,0.9725
28.7,4,14,10,7,0,0.73,1.18,0.9895833333333334
0.5,3,15,10,7,0,1.59,0.41,1.0254166666666666
-7.3,4,15,10,7,0,1.27,1.86,1.02375
26.2,5,15,10,7,0,1.82,1.2,1.01
0.9,3,16,10,7,0,0.87,0.51,1.0041666666666667
22.0,1,17,10,7,0,0.37,1.22,1.0320833333333332
-9.0,1,17,10,7,0,1.89,1.96,1.0262499999999999
17.6,1,18,10,7,0,1.82,1.58,1.0037500000000001
18.5,4,19,10,7,0,1.04,1.25,1.00625
-6.3,5,20,10,7,0,1.31,0.63,1.0245833333333334
32.2,3,20,10,7,0,1.07,0.67,1.04
4.5,5,21,10,7,0,1.04,1.06,1.0783333333333334
38.7,3,21,10,7,0,1.98,0.9,1.0504166666666668
13.9,1,22,10,7,0,0.23,1.03,1.0604166666666666
28.0,1,22,10,7,0,1.27,0.91,1.0716666666666665
24.2,4,23,10,7,0,1.18,0.63,1.11
14.9,2,0,11,7,1,1.55,1.1,1.09
-5.8,5,0,11,7,1,0.62,0.26,1.1179166666666667
18.9,3,1,11,7,1,0.93,0.81,1.1591666666666667
37.5,5,1,11,7,1,1.8,0.32,1.1995833333333334
6.3,5,2,11,7,1,1.29,0.96,1.23875
3.3,4,2,11,7,1,1.9,0.58,1.25875
28.6,4,4,11,7,1,1.06,1.58,1.2212500000000002
-9.2,1,5,11,7,1,0.68,0.73,1.2475
24.6,5,6,11,7,1,1.36,1.59,1.2408333333333335
3.1,5,7,11,7,1,1.43,1.27,1.2391666666666667
39.0,4,7,11,7,1,1.23,1.82,1.1770833333333333
-8.6,2,9,11,7,1,0.33,0.87,1.1770833333333333
6.5,3,10,11,7,1,0.87,0.37,1.2233333333333334
23.6,4,11,11,7,1,1.48,1.89,1.155
19.8,1,12,11,7,1,0.25,1.82,1.1229166666666668
9.6,3,12,11,7,1,1.05,1.04,1.1233333333333333
-2.9,5,13,11,7,1,1.05,1.31,1.1120833333333333
2.4,3,14,11,7,1,1.04,1.07,1.1208333333333333
-8.2,3,14,11,7,1,1.28,1.04,1.1066666666666667
39.0,2,15,11,7,1,0.7,1.98,1.1004166666666666
-7.6,3,15,11,7,1,1.83,0.23,1.1491666666666667
31.0,3,16,11,7,1,1.4,1.27,1.1683333333333332
8.7,4,17,11,7,1,1.73,1.18,1.1954166666666668
32.0,5,18,11,7,1,1.83,1.55,1.1479166666666667
16.7,3,18,11,7,1,0.41,0.62,1.1645833333333333
21.5,4,22,11,7,1,1.02,0.93,1.1525
11.9,2,0,12,7,2,0.64,1.8,1.1329166666666666
34.4,4,1,12,7,2,1.33,1.29,1.1395833333333332
33.3,2,3,12,7,2,1.45,1.9,1.1291666666666667
25.6,3,4,12,7,2,1.65,1.06,1.1279166666666665
20.6,3,5,12,7,2,1.03,0.68,1.1254166666666665
37.2,4,6,12,7,2,0.62,1.36,1.0991666666666666
24.3,3,7,12,7,2,0.73,1.43,1.0941666666666665
9.2,4,7,12,7,2,1.31,1.23,1.09
1.3,4,8,12,7,2,1.13,0.33,1.1454166666666667
-6.7,2,8,12,7,2,1.66,0.87,1.12625
33.7,3,9,12,7,2,0.41,1.48,1.1325
36.9,3,11,12,7,2,1.63,0.25,1.18375
38.8,4,11,12,7,2,1.48,1.05,1.1791666666666665
1.5,5,13,12,7,2,0.94,1.05,1.1700000000000002
28.7,4,14,12,7,2,0.83,1.04,1.1516666666666666
13.1,4,16,12,7,2,0.6,1.28,1.1483333333333334
21.2,5,16,12,7,2,1.2,0.7,1.2016666666666664
25.7,5,16,12,7,2,1.98,1.83,1.1691666666666667
15.6,5,17,12,7,2,1.05,1.4,1.1554166666666668
-5.6,4,17,12,7,2,1.07,1.73,1.1016666666666668
24.0,2,18,12,7,2,0.44,1.83,1.0399999999999998
24.2,3,19,12,7,2,0.35,0.41,1.0483333333333331
30.9,1,20,12,7,2,0.61,1.02,1.0758333333333334
4.2,1,20,12,7,2,1.68,0.64,1.0695833333333333
13.6,5,21,12,7,2,0.49,1.33,1.0262499999999999
25.6,5,22,12,7,2,0.29,1.45,0.9791666666666666
18.7,4,22,12,7,2,0.32,1.65,0.9725
27.9,2,23,12,7,2,1.49,1.03,0.9520833333333334
27.6,3,1,13,7,3,0.54,0.62,0.9433333333333334
30.9,1,2,13,7,3,0.41,0.73,0.96125
18.9,5,3,13,7,3,1.16,1.31,0.96875
23.1,4,5,13,7,3,1.49,1.13,0.9758333333333332
35.7,4,6,13,7,3,1.3,1.66,0.9358333333333332
16.9,2,7,13,7,3,0.7,0.41,0.9758333333333332
-3.9,5,8,13,7,3,1.37,1.63,0.94
-1.7,4,9,13,7,3,0.77,1.48,0.9508333333333333
14.3,4,11,13,7,3,1.74,0.94,0.9591666666666666
32.1,5,12,13,7,3,1.14,0.83,0.9933333333333333
-4.1,4,12,13,7,3,1.65,0.6,1.0141666666666667
23.3,4,16,13,7,3,1.1,1.2,0.9983333333333334
-3.3,3,17,13,7,3,0.82,1.98,0.9883333333333334
18.0,2,20,13,7,3,1.74,1.05,0.99125
-3.7,3,21,13,7,3,1.12,1.07,1.0062499999999999
-6.7,5,22,13,7,3,1.43,0.44,1.0054166666666666
14.6,1,22,13,7,3,0.42,0.35,1.05125
19.4,5,3,14,7,4,1.45,0.61,1.0608333333333333
0.8,5,4,14,7,4,0.84,1.68,1.0120833333333332
30.5,1,5,14,7,4,0.51,0.49,1.0420833333333333
-4.6,1,6,14,7,4,1.21,0.29,1.0574999999999999
18.5,2,7,14,7,4,0.66,0.32,1.08125
-2.7,1,7,14,7,4,0.89,1.49,1.0583333333333333
2.0,2,8,14,7,4,0.94,0.54,1.0483333333333333
5.9,4,9,14,7,4,0.3,0.41,1.0829166666666665
18.9,1,10,14,7,4,1.24,1.16,1.0975
-0.9,2,11,14,7,4,1.51,1.49,1.1095833333333334
18.4,3,13,14,7,4,1.78,1.3,1.0854166666666667
0.2,5,13,14,7,4,0.72,0.7,1.1354166666666667
22.5,5,14,14,7,4,1.9,1.37,1.12125
31.9,1,15,14,7,4,1.03,0.77,1.1220833333333333
23.6,2,15,14,7,4,0.79,1.74,1.0704166666666666
-8.6,4,16,14,7,4,0.5,1.14,1.08375
31.1,2,16,14,7,4,1.46,1.65,1.0308333333333333
19.1,2,17,14,7,4,0.38,1.1,1.02875
-5.7,4,17,14,7,4,1.05,0.82,1.0354166666666667
31.2,4,19,14,7,4,0.98,1.74,1.03375
1.9,5,20,14,7,4,1.7,1.12,0.9970833333333333
18.6,3,20,14,7,4,0.24,1.43,0.9983333333333334
14.5,1,21,14,7,4,1.46,0.42,1.0420833333333333
3.2,4,21,14,7,4,1.47,1.45,0.9933333333333333
34.4,4,0,15,7,5,0.28,0.84,1.0270833333333333
5.2,2,1,15,7,5,1.65,0.51,1.0570833333333332
12.2,4,1,15,7,5,1.23,1.21,1.02375
7.6,4,1,15,7,5,0.41,0.66,1.0558333333333334
31.9,1,4,15,7,5,1.43,0.89,1.0679166666666666
10.8,4,6,15,7,5,1.18,0.94,1.0429166666666665
-3.1,1,8,15,7,5,0.34,0.3,1.0816666666666666
29.9,2,9,15,7,5,1.23,1.24,1.0541666666666667
29.8,3,10,15,7,5,0.58,1.51,1.0354166666666667
-7.1,1,11,15,7,5,1.06,1.78,1.0179166666666666
31.5,2,11,15,7,5,1.36,0.72,1.0641666666666667
30.4,5,14,15,7,5,1.83,1.9,1.0120833333333332
33.6,1,15,15,7,5,0.65,1.03,1.0
21.7,2,15,15,7,5,0.74,0.79,1.0362500000000001
2.0,2,15,15,7,5,1.66,0.5,1.095
8.9,3,15,15,7,5,1.91,1.46,1.0487499999999998
-7.3,1,16,15,7,5,0.35,0.38,1.05875
4.5,3,16,15,7,5,0.62,1.05,1.045
27.1,4,17,15,7,5,0.72,0.98,1.04625
8.8,1,17,15,7,5,1.01,1.7,0.9904166666666666
11.2,1,18,15,7,5,0.36,0.24,1.0466666666666666
-0.6,1,18,15,7,5,1.59,1.46,1.0341666666666667
12.4,3,20,15,7,5,1.16,1.47,1.0183333333333333
38.3,5,20,15,7,5,1.09,0.28,1.0683333333333334
29.5,3,20,15,7,5,1.48,1.65,1.0658333333333334
-6.5,3,20,15,7,5,1.59,1.23,1.0575
30.9,3,21,15,7,5,1.03,0.41,1.09125
24.1,4,22,15,7,5,1.22,1.43,1.08625
-6.4,5,22,15,7,5,1.31,1.18,1.0629166666666667
18.0,4,0,16,7,6,0.62,0.34,1.0808333333333333
22.3,4,0,16,7,6,0.77,1.23,1.1020833333333335
8.8,4,1,16,7,6,1.74,0.58,1.1325
18.5,5,3,16,7,6,1.31,1.06,1.165
34.3,5,4,16,7,6,1.84,1.36,1.1654166666666668
-7.9,5,4,16,7,6,1.37,1.83,1.1504166666666666
21.0,1,5,16,7,6,1.47,0.65,1.1333333333333335
-3.8,4,6,16,7,6,0.24,0.74,1.1566666666666665
26.0,1,6,16,7,6,1.3,1.66,1.1258333333333332
-6.8,3,7,16,7,6,0.92,1.91,1.0887499999999999
7.6,5,10,16,7,6,1.02,0.35,1.0908333333333335
13.0,3,11,16,7,6,0.4,0.62,1.14125
13.4,5,13,16,7,6,1.83,0.72,1.1479166666666667
13.3,1,14,16,7,6,0.88,1.01,1.1366666666666667
-8.5,5,17,16,7,6,0.74,0.36,1.1966666666666665
-7.3,1,0,17,7,0,1.8,1.59,1.2054166666666666
13.1,3,3,17,7,0,1.8,1.16,1.1941666666666666
4.9,3,5,17,7,0,0.89,1.09,1.1916666666666667
13.3,3,6,17,7,0,1.03,1.48,1.18625
21.9,4,8,17,7,0,1.35,1.59,1.1441666666666668
31.3,3,9,17,7,0,0.58,1.03,1.1758333333333333
26.6,2,10,17,7,0,1.79,1.22,1.1741666666666666
13.1,2,10,17,7,0,1.18,1.31,1.1758333333333335
20.3,3,11,17,7,0,1.35,0.62,1.2270833333333335
33.2,4,12,17,7,0,1.85,0.77,1.2175
5.4,3,13,17,7,0,0.54,1.74,1.1870833333333333
25.3,1,14,17,7,0,1.01,1.31,1.155
10.8,2,14,17,7,0,0.54,1.84,1.15625
-6.7,3,15,17,7,0,1.87,1.37,1.1320833333333333
-3.7,5,16,17,7,0,0.79,1.47,1.12125
34.9,4,17,17,7,0,1.21,0.24,1.1358333333333333
16.7,1,18,17,7,0,0.59,1.3,1.16375
-4.5,5,19,17,7,0,1.97,0.92,1.1866666666666668
29.1,4,20,17,7,0,1.47,1.02,1.1533333333333333
14.1,3,20,17,7,0,0.22,0.4,1.175
32.3,3,20,17,7,0,0.92,1.83,1.1641666666666668
-7.2,2,21,17,7,0,1.57,0.88,1.1845833333333335
5.8,5,21,17,7,0,1.37,0.74,1.2133333333333334
15.1,2,6,18,7,1,1.43,1.8,1.18125
18.5,3,6,18,7,1,1.03,1.8,1.1858333333333333
-0.8,2,7,18,7,1,1.91,0.89,1.1679166666666667
16.4,5,7,18,7,1,0.46,1.03,1.2066666666666668
26.1,3,10,18,7,1,1.96,1.35,1.1937499999999999
14.9,2,10,18,7,1,1.04,0.58,1.1854166666666666
27.5,3,12,18,7,1,0.38,1.79,1.1475000000000002
4.3,2,12,18,7,1,0.88,1.18,1.1525
-3.9,1,13,18,7,1,1.3,1.35,1.1170833333333332
9.9,2,13,18,7,1,0.5,1.85,1.0883333333333332
34.7,5,13,18,7,1,1.16,0.54,1.0916666666666666
3.8,1,14,18,7,1,0.62,1.01,1.0791666666666668
33.9,4,14,18,7,1,0.71,0.54,1.0933333333333333
24.0,1,14,18,7,1,0.88,1.87,1.0775000000000001
36.5,5,15,18,7,1,1.49,0.79,1.1175
-7.5,1,16,18,7,1,1.75,1.21,1.1483333333333334
25.5,2,16,18,7,1,1.95,0.59,1.1445833333333335
0.8,4,17,18,7,1,0.5,1.97,1.0870833333333334
-4.5,2,18,18,7,1,0.59,1.47,1.0995833333333334
10.1,4,18,18,7,1,1.77,0.22,1.1729166666666668
-1.9,2,19,18,7,1,1.98,0.92,1.2129166666666666
-2.5,4,19,18,7,1,1.88,1.57,1.2191666666666665
1.5,5,19,18,7,1,1.72,1.37,1.1816666666666666
31.1,3,21,18,7,1,0.47,1.43,1.1770833333333333
16.1,3,21,18,7,1,1.32,1.03,1.1970833333333333
1.0,2,21,18,7,1,1.51,1.91,1.1666666666666667
11.6,2,22,18,7,1,1.18,0.46,1.21875
13.7,1,23,18,7,1,1.71,1.96,1.2020833333333332
12.2,4,23,18,7,1,1.56,1.04,1.1916666666666667
40.0,5,1,19,7,2,0.79,0.38,1.2008333333333334
2.6,2,1,19,7,2,0.6,0.88,1.24375
9.0,3,3,19,7,2,1.91,1.3,1.2258333333333333
19.1,4,4,19,7,2,0.87,0.5,1.2283333333333333
31.8,5,4,19,7,2,0.56,1.16,1.2316666666666667
-4.1,5,4,19,7,2,1.24,0.62,1.2866666666666666
3.9,3,4,19,7,2,1.94,0.71,1.31625
12.6,1,4,19,7,2,1.42,0.88,1.2941666666666667
-4.8,5,6,19,7,2,0.35,1.49,1.2795833333333333
-8.1,3,7,19,7,2,1.14,1.75,1.2758333333333332
9.5,4,7,19,7,2,1.66,1.95,1.2216666666666665
7.2,2,7,19,7,2,0.65,0.5,1.2208333333333332
15.5,4,8,19,7,2,0.48,0.59,1.2770833333333333
-7.9,2,10,19,7,2,1.94,1.77,1.2583333333333333
19.6,1,11,19,7,2,1.32,1.98,1.2020833333333332
39.3,4,12,19,7,2,0.63,1.88,1.1708333333333334
22.8,1,12,19,7,2,1.13,1.72,1.1175
26.7,1,12,19,7,2,0.44,0.47,1.1116666666666666
3.8,1,12,19,7,2,0.33,1.32,1.0887499999999999
13.5,1,13,19,7,2,0.77,1.51,1.0345833333333334
-1.0,5,14,19,7,2,0.21,1.18,1.02125
38.7,2,14,19,7,2,0.86,1.71,1.0208333333333333
12.4,4,16,19,7,2,1.7,1.56,1.02125
34.4,5,16,19,7,2,1.57,0.79,1.0229166666666665
38.5,1,17,19,7,2,0.83,0.6,1.0195833333333333
13.6,2,17,19,7,2,0.52,1.91,0.9858333333333333
0.0,3,17,19,7,2,1.1,0.87,0.9645833333333332
37.7,5,19,19,7,2,0.36,0.56,1.0137500000000002
34.8,3,19,19,7,2,1.74,1.24,0.9887499999999999
29.9,1,20,19,7,2,0.64,1.94,0.9641666666666667
1.7,3,20,19,7,2,1.35,1.42,0.9458333333333333
26.2,1,22,19,7,2,0.98,0.35,0.9941666666666668
15.0,5,22,19,7,2,1.51,1.14,0.9933333333333333
39.1,2,23,19,7,2,1.12,1.66,0.9991666666666666
3.5,3,0,20,7,3,1.8,0.65,0.9862500000000001
34.2,1,0,20,7,3,0.34,0.48,0.9904166666666668
24.2,1,0,20,7,3,0.58,1.94,0.9387500000000001
4.2,3,1,20,7,3,0.7,1.32,0.9579166666666667
19.8,2,3,20,7,3,1.78,0.63,0.9620833333333333
13.2,1,3,20,7,3,0.73,1.13,0.9341666666666667
-6.4,2,5,20,7,3,0.46,0.44,0.9700000000000001
7.8,1,12,20,7,3,1.3,0.33,0.9645833333333332
35.4,5,13,20,7,3,0.2,0.77,0.97375
32.6,3,16,20,7,3,0.99,0.21,1.0466666666666666
-9.3,2,17,20,7,3,1.96,0.86,1.0374999999999999
27.3,5,19,20,7,3,0.64,1.7,1.0216666666666667
32.1,1,21,20,7,3,1.32,1.57,0.98875
5.3,4,21,20,7,3,0.78,0.83,0.9691666666666667
0.6,1,21,20,7,3,0.36,0.52,1.0279166666666668
19.3,3,22,20,7,3,1.93,1.1,1.0233333333333332
22.7,1,23,20,7,3,0.99,0.36,1.0366666666666668
13.5,2,0,21,7,4,0.68,1.74,1.0283333333333333
7.5,4,1,21,7,4,1.54,0.64,1.0762500000000002
26.2,5,1,21,7,4,1.79,1.35,1.0470833333333334
33.2,5,1,21,7,4,0.65,0.98,1.07125
-4.7,3,2,21,7,4,1.56,1.51,1.0729166666666667
21.8,1,3,21,7,4,1.55,1.12,1.08875
33.6,3,3,21,7,4,1.5,1.8,1.0345833333333334
-5.8,3,3,21,7,4,0.5,0.34,1.0691666666666666
-9.9,3,4,21,7,4,1.17,0.58,1.1045833333333333
-0.8,5,5,21,7,4,1.43,0.7,1.12125
26.8,1,5,21,7,4,1.1,1.78,1.0795833333333333
7.4,3,6,21,7,4,0.78,0.73,1.0791666666666668
-7.5,1,6,21,7,4,0.72,0.46,1.1425
25.7,5,8,21,7,4,1.98,1.3,1.1608333333333334
36.5,3,9,21,7,4,1.74,0.2,1.2170833333333333
29.1,5,9,21,7,4,1.55,0.99,1.2516666666666667
-3.3,5,9,21,7,4,1.82,1.96,1.2170833333333333
34.2,4,10,21,7,4,1.13,0.64,1.2504166666666667
-3.1,3,10,21,7,4,1.44,1.32,1.2616666666666667
-5.9,5,11,21,7,4,1.59,0.78,1.2545833333333334
11.0,4,11,21,7,4,0.61,0.36,1.2908333333333333
5.6,1,14,21,7,4,1.23,1.93,1.2625
15.3,2,14,21,7,4,1.25,0.99,1.24875
1.2,2,15,21,7,4,0.66,0.68,1.2841666666666665
2.8,3,15,21,7,4,1.53,1.54,1.2325
10.9,3,16,21,7,4,0.3,1.79,1.2020833333333334
25.6,1,17,21,7,4,1.06,0.65,1.2158333333333333
22.8,3,17,21,7,4,0.98,1.56,1.1875
-6.7,2,17,21,7,4,0.88,1.55,1.1991666666666665
-5.2,5,23,21,7,4,1.83,1.5,1.1629166666666666
-4.1,1,23,21,7,4,0.63,0.5,1.1720833333333334
-7.1,1,23,21,7,4,0.72,1.17,1.1725
11.2,5,0,22,7,5,1.18,1.43,1.12875
38.8,5,0,22,7,5,0.38,1.1,1.1045833333333333
5.5,2,0,22,7,5,0.52,0.78,1.1370833333333334
9.8,3,0,22,7,5,1.56,0.72,1.1441666666666666
18.7,4,2,22,7,5,0.89,1.98,1.0970833333333332
21.7,5,3,22,7,5,0.85,1.74,1.1054166666666667
-4.1,5,4,22,7,5,1.94,1.55,1.0645833333333334
39.3,2,6,22,7,5,0.57,1.82,1.0666666666666667
14.9,1,6,22,7,5,1.87,1.13,1.0808333333333333
-6.0,5,7,22,7,5,1.47,1.44,1.0566666666666666
-1.8,4,7,22,7,5,0.86,1.59,1.0574999999999999
26.9,4,7,22,7,5,1.61,0.61,1.07625
6.8,4,8,22,7,5,1.06,1.23,1.0416666666666667
38.5,3,8,22,7,5,0.4,1.25,0.9983333333333334
23.0,5,8,22,7,5,0.21,0.66,1.05
32.3,3,9,22,7,5,1.9,1.53,1.0041666666666667
3.1,1,9,22,7,5,0.43,0.3,1.00875
36.7,4,10,22,7,5,0.41,1.06,1.025
2.6,5,12,22,7,5,1.45,0.98,1.0120833333333334
39.9,3,12,22,7,5,0.67,0.88,1.0516666666666665
7.8,4,12,22,7,5,1.83,1.83,0.9991666666666666
-6.6,2,13,22,7,5,0.57,0.63,1.0312499999999998
-4.5,3,13,22,7,5,1.4,0.72,1.0729166666666667
16.9,1,15,22,7,5,1.72,1.18,1.0695833333333333
38.7,4,17,22,7,5,1.1,0.38,1.135
3.2,2,19,22,7,5,1.95,0.52,1.125
5.9,5,20,22,7,5,0.28,1.56,1.1266666666666667
9.5,1,20,22,7,5,1.6,0.89,1.10625
20.7,5,21,22,7,5,0.4,0.85,1.0845833333333335
31.9,4,21,22,7,5,0.33,1.94,1.0712499999999998
5.2,2,21,22,7,5,1.62,0.57,1.0670833333333334
21.3,5,22,22,7,5,0.47,1.87,1.0579166666666666
12.0,3,23,22,7,5,1.65,1.47,1.0283333333333333
-5.3,5,0,23,7,6,0.76,0.86,1.025
-5.4,2,2,23,7,6,0.78,1.61,0.9899999999999999
30.6,3,2,23,7,6,0.77,1.06,0.97625
11.5,4,3,23,7,6,0.73,0.4,1.0158333333333334
-9.3,1,4,23,7,6,1.35,0.21,1.0245833333333334
-5.0,5,4,23,7,6,0.42,1.9,1.0054166666666666
10.2,4,4,23,7,6,1.44,0.43,1.03
33.5,1,5,23,7,6,1.02,0.41,1.0545833333333332
21.1,1,7,23,7,6,1.0,1.45,1.0070833333333333
35.1,2,8,23,7,6,0.31,0.67,1.035
33.0,4,10,23,7,6,1.34,1.83,1.0308333333333335
9.7,4,10,23,7,6,1.73,0.57,1.0245833333333334
-0.1,5,11,23,7,6,0.42,1.4,1.0020833333333334
2.5,2,12,23,7,6,0.86,1.72,0.9920833333333333
4.5,1,12,23,7,6,1.48,1.1,1.0020833333333334
6.7,5,12,23,7,6,1.34,1.95,0.9300000000000002
16.2,5,13,23,7,6,0.22,0.28,0.9866666666666667
34.4,1,14,23,7,6,1.64,1.6,0.9554166666666667
-9.0,1,15,23,7,6,0.85,0.4,0.9562499999999999
-6.5,3,15,23,7,6,0.42,0.33,1.0174999999999998
26.9,4,15,23,7,6,1.8,1.62,1.0279166666666668
-5.5,5,15,23,7,6,1.87,0.47,1.04
-2.1,5,17,23,7,6,0.76,1.65,0.9841666666666667
9.3,4,18,23,7,6,0.31,0.76,1.0287499999999998
8.5,2,20,23,7,6,1.83,0.78,1.0091666666666668
12.0,5,21,23,7,6,0.31,0.77,1.0350000000000001
31.9,4,22,23,7,6,1.39,0.73,1.0770833333333334
-10.0,1,22,23,7,6,1.74,1.35,1.1033333333333333
32.4,2,23,23,7,6,1.98,0.42,1.1337499999999998
35.2,5,3,24,7,0,1.15,1.44,1.1091666666666666
1.0,4,4,24,7,0,0.85,1.02,1.1058333333333334
-1.7,2,6,24,7,0,0.94,1.0,1.0995833333333334
23.9,5,7,24,7,0,0.85,0.31,1.1216666666666666
23.1,5,8,24,7,0,0.84,1.34,1.0958333333333332
-6.3,2,8,24,7,0,0.72,1.73,1.0670833333333334
3.9,1,9,24,7,0,1.04,0.42,1.115
34.4,2,10,24,7,0,1.57,0.86,1.105
-3.1,2,10,24,7,0,0.62,1.48,1.1154166666666667
24.9,3,11,24,7,0,1.73,1.34,1.0929166666666668
12.9,5,11,24,7,0,0.8,0.22,1.0975
9.6,1,13,24,7,0,0.33,1.64,1.08875
36.9,5,15,24,7,0,1.43,0.85,1.0620833333333333
-7.9,3,16,24,7,0,0.21,0.42,1.0691666666666666
11.9,5,16,24,7,0,0.59,1.8,1.06375
7.0,1,17,24,7,0,1.67,1.87,1.0133333333333334
26.9,2,18,24,7,0,0.66,0.76,1.02125
12.6,3,20,24,7,0,0.95,0.31,1.01875
30.3,1,21,24,7,0,0.25,1.83,0.9883333333333334
-4.7,3,22,24,7,0,1.1,0.31,1.03
19.5,1,2,25,7,1,1.31,1.39,0.9849999999999999
16.3,2,2,25,7,1,0.31,1.74,0.9583333333333334
-0.7,4,2,25,7,1,1.1,1.98,0.9208333333333334
10.2,1,2,25,7,1,1.08,1.15,0.9295833333333334
-4.2,2,2,25,7,1,1.36,0.85,0.9170833333333333
25.9,3,2,25,7,1,0.55,0.94,0.9158333333333332
11.7,3,3,25,7,1,0.91,0.85,0.9595833333333333
6.6,4,4,25,7,1,1.9,0.84,0.94625
7.7,4,5,25,7,1,0.52,0.72,0.9779166666666668
-8.6,3,5,25,7,1,1.48,1.04,1.0
4.4,2,8,25,7,1,1.57,1.57,0.9945833333333333
16.4,5,8,25,7,1,1.44,0.62,0.9812500000000001
25.8,3,9,25,7,1,0.3,1.73,0.9712500000000001
30.6,5,10,25,7,1,1.49,0.8,0.9954166666666667
4.6,5,11,25,7,1,1.38,0.33,1.015
14.9,3,13,25,7,1,0.8,1.43,0.9820833333333333
19.7,5,16,25,7,1,0.64,0.21,1.0137500000000002
26.1,4,16,25,7,1,0.97,0.59,1.0070833333333333
13.8,4,17,25,7,1,0.43,1.67,0.9516666666666667
4.2,3,18,25,7,1,0.34,0.66,0.99125
8.1,3,18,25,7,1,1.61,0.95,1.0316666666666667
38.3,5,20,25,7,1,1.92,0.25,1.0991666666666668
33.3,1,21,25,7,1,1.87,1.1,1.1070833333333334
24.5,5,22,25,7,1,1.29,1.31,1.0945833333333332
-5.3,5,22,25,7,1,1.01,0.31,1.1045833333333335
18.8,2,23,25,7,1,0.55,1.1,1.1241666666666668
10.3,4,23,25,7,1,1.57,1.08,1.0887499999999999
16.6,3,23,25,7,1,0.23,1.36,1.11
20.3,3,0,26,7,2,1.87,0.55,1.1137500000000002
23.1,5,0,26,7,2,0.64,0.91,1.1545833333333333
9.7,1,4,26,7,2,1.89,1.9,1.1183333333333334
5.3,1,5,26,7,2,1.03,0.52,1.1199999999999999
5.5,2,6,26,7,2,0.56,1.48,1.1008333333333333
24.1,4,7,26,7,2,1.02,1.57,1.06125
3.3,4,8,26,7,2,0.62,1.44,1.0137500000000002
4.0,2,8,26,7,2,0.3,0.3,1.0383333333333333
-2.4,5,8,26,7,2,0.89,1.49,1.0225
31.4,2,8,26,7,2,1.11,1.38,0.9845833333333333
28.3,1,8,26,7,2,0.47,0.8,1.0283333333333333
23.9,3,9,26,7,2,1.85,0.64,1.0279166666666666
13.4,4,10,26,7,2,0.63,0.97,1.0454166666666667
27.1,3,10,26,7,2,1.39,0.43,1.0570833333333334
21.2,2,13,26,7,2,0.71,0.34,1.1
-2.2,2,14,26,7,2,1.37,1.61,1.0870833333333334
-9.8,2,14,26,7,2,1.3,1.92,1.07875
17.3,3,14,26,7,2,1.72,1.87,1.0225000000000002
15.4,3,15,26,7,2,0.52,1.29,1.0366666666666666
-3.0,4,16,26,7,2,1.63,1.01,1.0566666666666669
5.5,4,17,26,7,2,1.49,0.55,1.0762500000000002
38.6,1,20,26,7,2,1.02,1.57,1.0491666666666666
4.9,4,21,26,7,2,0.92,0.23,1.0825
31.2,5,22,26,7,2,1.03,1.87,1.0241666666666667
5.5,4,23,26,7,2,0.47,0.64,1.0745833333333332
14.0,3,0,27,7,3,1.85,1.89,1.0595833333333333
33.0,5,1,27,7,3,1.53,1.03,1.05875
-1.6,5,1,27,7,3,1.01,0.56,1.08
15.2,2,2,27,7,3,1.07,1.02,1.1116666666666666
-6.6,4,3,27,7,3,1.78,0.62,1.1629166666666666
31.4,5,3,27,7,3,1.85,0.3,1.1933333333333334
1.3,1,5,27,7,3,1.03,0.89,1.1804166666666667
27.8,5,6,27,7,3,0.58,1.11,1.2041666666666666
8.3,4,7,27,7,3,1.68,0.47,1.2508333333333335
36.4,2,7,27,7,3,1.59,1.85,1.2541666666666667
1.4,4,8,27,7,3,1.93,0.63,1.25625
-3.1,1,9,27,7,3,0.68,1.39,1.2691666666666668
-0.9,4,10,27,7,3,1.7,0.71,1.2533333333333332
34.6,1,10,27,7,3,0.33,1.37,1.2425
8.1,4,14,27,7,3,1.11,1.3,1.2570833333333333
14.2,3,16,27,7,3,1.65,1.72,1.2054166666666666
-4.5,4,16,27,7,3,0.48,0.52,1.2329166666666667
8.8,5,17,27,7,3,1.18,1.63,1.2141666666666666
7.5,2,19,27,7,3,1.18,1.49,1.1945833333333333
-2.0,2,19,27,7,3,1.02,1.02,1.1754166666666666
18.2,4,20,27,7,3,0.56,0.92,1.1475
23.0,5,21,27,7,3,0.25,1.03,1.1679166666666667
28.8,4,21,27,7,3,1.52,0.47,1.2237500000000001
20.3,4,4,28,7,4,1.81,1.85,1.2158333333333333
1.6,4,4,28,7,4,1.66,1.53,1.1754166666666666
0.3,3,4,28,7,4,0.56,1.01,1.1925000000000001
-0.1,4,6,28,7,4,1.42,1.07,1.1691666666666667
33.3,3,9,28,7,4,0.51,1.78,1.1708333333333332
28.0,5,10,28,7,4,1.82,1.85,1.1408333333333334
22.8,4,10,28,7,4,1.13,1.03,1.1624999999999999
9.1,2,11,28,7,4,1.55,0.58,1.1475000000000002
3.2,4,12,28,7,4,0.22,1.68,1.1241666666666665
21.9,2,14,28,7,4,1.12,1.59,1.10375
3.7,2,14,28,7,4,1.1,1.93,1.0858333333333332
29.4,3,15,28,7,4,1.5,0.68,1.07875
21.7,5,17,28,7,4,0.51,1.7,1.0908333333333333
27.1,2,17,28,7,4,1.99,0.33,1.1387500000000002
6.5,1,17,28,7,4,1.48,1.11,1.1516666666666666
28.9,1,18,28,7,4,1.42,1.65,1.1604166666666667
20.1,5,19,28,7,4,1.86,0.48,1.1824999999999999
12.4,3,19,28,7,4,1.01,1.18,1.1783333333333335
23.5,1,21,28,7,4,1.08,1.18,1.1479166666666667
0.0,2,22,28,7,4,0.45,1.02,1.16625
31.4,4,23,28,7,4,1.46,0.56,1.1987500000000002
18.0,4,23,28,7,4,1.34,0.25,1.2537500000000001
2.9,3,0,29,7,5,1.57,1.52,1.2220833333333332
24.1,5,1,29,7,5,0.76,1.81,1.16625
-1.1,1,1,29,7,5,0.47,1.66,1.11375
11.5,4,2,29,7,5,0.4,0.56,1.11
38.0,3,2,29,7,5,0.47,1.42,1.1154166666666667
25.7,2,5,29,7,5,1.55,0.51,1.1758333333333335
-4.1,3,7,29,7,5,1.96,1.82,1.1529166666666668
7.0,2,7,29,7,5,1.27,1.13,1.1391666666666667
34.0,2,7,29,7,5,0.8,1.55,1.1558333333333335
21.4,1,11,29,7,5,1.95,0.22,1.2120833333333334
7.3,3,11,29,7,5,1.57,1.12,1.195
6.8,5,13,29,7,5,0.71,1.1,1.1733333333333333
10.2,4,16,29,7,5,0.58,1.5,1.19
28.8,1,16,29,7,5,1.9,0.51,1.17875
-8.0,5,17,29,7,5,0.24,1.99,1.1645833333333333
11.5,4,19,29,7,5,1.65,1.48,1.1491666666666667
1.3,5,20,29,7,5,1.11,1.42,1.1520833333333333
11.6,4,20,29,7,5,1.49,1.86,1.1375
-6.9,1,23,29,7,5,1.51,1.01,1.1675
-4.6,3,23,29,7,5,1.73,1.08,1.1670833333333333
26.5,4,0,30,7,6,1.07,0.45,1.2175
7.5,4,0,30,7,6,1.66,1.46,1.20125
35.3,5,0,30,7,6,1.07,1.34,1.1579166666666667
24.0,2,1,30,7,6,0.3,1.57,1.135
-5.5,3,2,30,7,6,1.02,0.76,1.1720833333333334
-7.9,1,2,30,7,6,1.65,0.47,1.2179166666666668
26.6,2,6,30,7,6,1.57,0.4,1.2220833333333332
33.9,5,6,30,7,6,0.5,0.47,1.2779166666666668
-7.7,3,6,30,7,6,1.81,1.55,1.2858333333333334
10.0,4,8,30,7,6,1.74,1.96,1.2754166666666666
20.9,3,9,30,7,6,1.71,1.27,1.2625
7.4,1,9,30,7,6,0.96,0.8,1.3108333333333333
19.5,2,10,30,7,6,1.96,1.95,1.2695833333333333
-2.5,4,11,30,7,6,0.96,1.57,1.2845833333333332
1.3,2,11,30,7,6,1.93,0.71,1.2670833333333331
-4.5,5,12,30,7,6,0.29,0.58,1.3245833333333332
11.9,5,15,30,7,6,1.96,1.9,1.2625
22.1,2,18,30,7,6,0.41,0.24,1.3066666666666666
8.4,2,19,30,7,6,1.3,1.65,1.2716666666666667
33.9,5,20,30,7,6,0.81,1.11,1.2908333333333333
2.7,5,20,30,7,6,1.57,1.49,1.3066666666666666
14.5,3,23,30,7,6,1.87,1.51,1.2575
17.7,2,23,30,7,6,0.33,1.73,1.24875
37.6,3,1,31,7,0,1.52,1.07,1.2608333333333335
32.1,4,2,31,7,0,1.36,1.66,1.22625
39.3,2,3,31,7,0,0.83,1.07,1.265
38.7,2,3,31,7,0,2.0,0.3,1.3108333333333333
29.6,5,4,31,7,0,1.4,1.02,1.3145833333333334
26.1,3,4,31,7,0,1.11,1.65,1.3195833333333333
33.2,5,5,31,7,0,1.77,1.57,1.3108333333333333
21.0,4,5,31,7,0,1.36,0.5,1.3475000000000001
2.8,3,6,31,7,0,1.38,1.81,1.3074999999999999
25.3,1,6,31,7,0,0.85,1.74,1.25125
8.1,5,7,31,7,0,0.39,1.71,1.2283333333333333
-7.4,1,7,31,7,0,1.16,0.96,1.1975
-5.0,3,8,31,7,0,0.22,1.96,1.1404166666666666
11.6,5,9,31,7,0,0.59,0.96,1.1245833333333335
27.4,2,10,31,7,0,0.58,1.93,1.0554166666666667
19.5,4,10,31,7,0,0.27,0.29,1.1204166666666666
24.3,4,10,31,7,0,1.85,1.96,1.0541666666666667
24.8,3,11,31,7,0,0.37,0.41,1.0745833333333332
30.6,1,13,31,7,0,0.9,1.3,1.1025
22.2,5,13,31,7,0,1.97,0.81,1.1066666666666667
12.7,4,14,31,7,0,0.91,1.57,1.06625
25.4,1,14,31,7,0,0.6,1.87,1.0483333333333333
-2.6,1,14,31,7,0,1.44,0.33,1.1141666666666667
9.1,3,14,31,7,0,1.91,1.52,1.0829166666666665
25.4,4,14,31,7,0,0.77,1.36,1.0920833333333333
11.7,1,15,31,7,0,1.58,0.83,1.12125
19.0,3,15,31,7,0,1.53,2.0,1.0650000000000002
31.5,5,16,31,7,0,0.65,1.4,1.0566666666666666
37.0,5,19,31,7,0,1.2,1.11,1.0470833333333334
13.2,1,19,31,7,0,0.88,1.77,1.0475
5.7,3,19,31,7,0,1.78,1.36,1.0116666666666667
-9.0,3,21,31,7,0,0.5,1.38,1.0295833333333333
4.8,3,21,31,7,0,1.81,0.85,1.0495833333333333
-5.5,2,21,31,7,0,1.33,0.39,1.0599999999999998
-5.7,4,21,31,7,0,0.64,1.16,1.0529166666666667
5.7,3,22,31,7,0,0.99,0.22,1.1208333333333333
7.5,5,22,31,7,0,1.85,0.59,1.1504166666666666
6.9,4,22,31,7,0,1.3,0.58,1.20875
36.3,4,23,31,7,0,1.98,0.27,1.2404166666666667
-2.8,1,0,1,8,1,1.03,1.85,1.1795833333333334
32.7,3,2,1,8,1,0.39,0.37,1.1824999999999999
37.3,4,3,1,8,1,0.44,0.9,1.2170833333333333
35.1,4,3,1,8,1,1.73,1.97,1.1624999999999999
-3.6,2,4,1,8,1,0.66,0.91,1.1679166666666667
-7.1,1,4,1,8,1,1.04,0.6,1.2220833333333334
38.3,4,5,1,8,1,1.9,1.44,1.2108333333333332
19.3,1,5,1,8,1,1.17,1.91,1.2116666666666667
33.7,1,6,1,8,1,1.93,0.77,1.2033333333333334
32.9,2,6,1,8,1,0.57,1.58,1.17875
29.5,2,7,1,8,1,0.99,1.53,1.1529166666666668
34.2,3,8,1,8,1,0.91,0.65,1.18125
29.8,4,8,1,8,1,1.33,1.2,1.2029166666666666
-2.9,3,8,1,8,1,1.72,0.88,1.2404166666666667
-9.2,4,9,1,8,1,1.78,1.78,1.1791666666666667
-3.4,2,10,1,8,1,0.31,0.5,1.23875
12.7,4,11,1,8,1,1.93,1.81,1.1904166666666667
38.9,5,13,1,8,1,0.65,1.33,1.1808333333333334
34.0,2,13,1,8,1,1.1,0.64,1.2370833333333333
29.7,5,15,1,8,1,1.99,0.99,1.2533333333333332
33.2,1,15,1,8,1,1.38,1.85,1.2120833333333334
14.9,3,16,1,8,1,0.86,1.3,1.2079166666666667
20.2,5,18,1,8,1,1.2,1.98,1.1625
11.0,5,18,1,8,1,0.89,1.03,1.1291666666666667
2.8,5,18,1,8,1,0.23,0.39,1.1325
37.0,3,19,1,8,1,0.47,0.44,1.1495833333333334
-7.9,2,19,1,8,1,0.85,1.73,1.1358333333333335
2.7,5,21,1,8,1,1.4,0.66,1.1504166666666666
4.1,5,21,1,8,1,1.01,1.04,1.12625
-4.4,3,22,1,8,1,0.46,1.9,1.0829166666666665
30.7,3,23,1,8,1,0.86,1.17,1.0608333333333333
13.7,1,0,2,8,2,0.64,1.93,1.0575
0.4,2,5,2,8,2,1.85,0.57,1.1104166666666668
3.5,4,7,2,8,2,1.84,0.99,1.11375
4.4,2,7,2,8,2,1.07,0.91,1.1129166666666668
12.7,2,7,2,8,2,0.89,1.33,1.1408333333333334
37.1,1,8,2,8,2,2.0,1.72,1.1308333333333334
17.6,1,9,2,8,2,1.48,1.78,1.1266666666666667
15.9,5,12,2,8,2,1.68,0.31,1.1783333333333332
18.4,5,13,2,8,2,1.55,1.93,1.155
36.3,1,13,2,8,2,1.37,0.65,1.1466666666666667
23.3,1,14,2,8,2,0.45,1.1,1.1475
14.5,4,14,2,8,2,1.12,1.99,1.1108333333333333
-5.2,5,15,2,8,2,1.11,1.38,1.0795833333333336
-4.6,4,17,2,8,2,0.63,0.86,1.09875
19.7,4,19,2,8,2,1.32,1.2,1.0658333333333332
39.4,1,21,2,8,2,0.41,0.89,1.0908333333333333
-2.1,1,23,2,8,2,1.49,0.23,1.0945833333333335
21.1,2,23,2,8,2,0.32,0.47,1.1279166666666667
-7.4,1,0,3,8,3,1.27,0.85,1.1045833333333335
-0.4,2,1,3,8,3,0.29,1.4,1.1258333333333332
39.7,2,2,3,8,3,1.91,1.01,1.1220833333333335
11.7,2,3,3,8,3,0.92,0.46,1.1208333333333333
24.2,5,4,3,8,3,0.43,0.86,1.1066666666666667
-7.1,1,4,3,8,3,0.52,0.64,1.1341666666666668
24.2,1,5,3,8,3,1.3,1.85,1.0845833333333335
22.8,5,5,3,8,3,0.66,1.84,1.0579166666666666
-4.4,1,6,3,8,3,1.2,1.07,1.0604166666666666
5.0,3,7,3,8,3,1.13,0.89,1.0487499999999998
16.3,3,8,3,8,3,0.61,2.0,1.0479166666666666
38.3,1,8,3,8,3,1.98,1.48,1.0541666666666667
15.0,4,10,3,8,3,1.63,1.68,1.0445833333333334
12.3,4,11,3,8,3,1.45,1.55,1.0591666666666668
-6.8,2,13,3,8,3,1.9,1.37,1.0166666666666668
-9.4,1,13,3,8,3,0.35,0.45,1.0129166666666667
-3.7,2,14,3,8,3,0.36,1.12,0.975
32.5,3,14,3,8,3,0.21,1.11,1.0016666666666667
25.4,5,15,3,8,3,1.75,0.63,1.0225
0.9,4,15,3,8,3,1.13,1.32,0.9991666666666665
17.7,4,15,3,8,3,0.76,0.41,1.0566666666666666
39.9,1,16,3,8,3,1.79,1.49,1.06125
3.0,2,16,3,8,3,1.6,0.32,1.12625
33.2,3,16,3,8,3,1.88,1.27,1.1354166666666667
13.1,3,18,3,8,3,1.49,0.29,1.205
-4.1,4,20,3,8,3,1.96,1.91,1.1979166666666667
-1.0,2,21,3,8,3,1.74,0.92,1.2095833333333332
-0.6,3,21,3,8,3,1.2,0.43,1.2158333333333333
35.8,1,21,3,8,3,0.58,0.52,1.2304166666666665
-1.5,2,22,3,8,3,0.87,1.3,1.22875
15.6,2,22,3,8,3,1.26,0.66,1.2604166666666665
0.2,3,22,3,8,3,1.42,1.2,1.2595833333333333
13.0,2,23,3,8,3,1.18,1.13,1.2441666666666666
37.6,4,0,4,8,4,0.76,0.61,1.2554166666666666
33.8,4,3,4,8,4,0.88,1.98,1.2433333333333334
-7.3,2,5,4,8,4,1.69,1.63,1.2125000000000001
39.4,3,6,4,8,4,0.89,1.45,1.23125
-1.2,2,6,4,8,4,1.9,1.9,1.1729166666666666
35.4,5,8,4,8,4,0.5,0.35,1.1683333333333332
-8.4,2,8,4,8,4,0.24,0.36,1.2225
18.0,4,9,4,8,4,1.66,0.21,1.2579166666666668
16.7,4,10,4,8,4,1.06,1.75,1.2529166666666667
16.5,1,10,4,8,4,1.63,1.13,1.23
25.9,5,11,4,8,4,0.58,0.76,1.2654166666666666
14.5,5,13,4,8,4,1.61,1.79,1.2587499999999998
4.7,4,14,4,8,4,1.63,1.6,1.2458333333333333
18.4,2,15,4,8,4,1.29,1.88,1.2195833333333332
19.4,5,15,4,8,4,1.25,1.49,1.1875
21.3,2,18,4,8,4,0.72,1.96,1.1154166666666667
37.4,5,18,4,8,4,0.23,1.74,1.0683333333333334
-3.9,1,18,4,8,4,0.61,1.2,1.0954166666666667
39.7,3,19,4,8,4,1.85,0.58,1.1175
22.2,5,19,4,8,4,1.11,0.87,1.1308333333333334
22.7,1,20,4,8,4,1.19,1.26,1.1483333333333332
-1.6,1,21,4,8,4,1.68,1.42,1.1679166666666667
15.4,1,1,5,8,5,1.89,1.18,1.1641666666666668
-0.8,4,1,5,8,5,1.09,0.76,1.1495833333333334
-4.6,5,3,5,8,5,0.41,0.88,1.1816666666666666
13.1,2,4,5,8,5,1.65,1.69,1.1608333333333334
25.4,1,7,5,8,5,1.19,0.89,1.2
39.8,2,7,5,8,5,1.83,1.9,1.1758333333333333
19.9,4,9,5,8,5,1.32,0.5,1.1708333333333334
36.3,3,9,5,8,5,0.38,0.24,1.1808333333333334
24.3,5,9,5,8,5,0.48,1.66,1.1520833333333333
22.5,2,10,5,8,5,0.97,1.06,1.12125
-2.7,3,11,5,8,5,0.32,1.63,1.115
-3.8,4,12,5,8,5,1.48,0.58,1.115
31.0,3,12,5,8,5,0.58,1.61,1.1175
6.0,5,12,5,8,5,1.67,1.63,1.085
-8.4,4,12,5,8,5,0.85,1.29,1.0879166666666666
11.4,5,13,5,8,5,1.36,1.25,1.0745833333333334
12.4,5,13,5,8,5,0.93,0.72,1.0666666666666667
5.6,1,14,5,8,5,0.53,0.23,1.08125
27.9,5,15,5,8,5,0.58,0.61,1.0895833333333333
-9.6,4,16,5,8,5,0.81,1.85,1.09125
20.7,2,16,5,8,5,1.89,1.11,1.0725
32.4,4,17,5,8,5,0.66,1.19,1.0466666666666666
4.8,1,17,5,8,5,0.57,1.68,1.0354166666666667
-2.4,4,19,5,8,5,1.41,1.89,0.9958333333333332
-9.6,1,20,5,8,5,0.94,1.09,0.9787499999999999
29.7,4,20,5,8,5,0.68,0.41,1.0379166666666666
8.5,5,21,5,8,5,1.83,1.65,1.0250000000000001
11.0,5,22,5,8,5,1.34,1.19,0.9900000000000001
39.6,5,0,6,8,6,0.35,1.83,0.9879166666666666
33.9,1,0,6,8,6,1.78,1.32,1.0137500000000002
3.4,3,1,6,8,6,1.94,0.38,1.0108333333333333
27.0,4,1,6,8,6,0.31,0.48,1.0579166666666666
26.4,1,2,6,8,6,1.61,0.97,1.07875
-5.7,3,3,6,8,6,1.47,0.32,1.0891666666666666
17.7,1,6,6,8,6,0.57,1.48,1.0479166666666666
7.0,2,6,6,8,6,0.49,0.58,1.0795833333333333
27.1,4,6,6,8,6,1.34,1.67,1.0354166666666667
-5.2,5,8,6,8,6,0.61,0.85,1.0395833333333335
35.8,4,8,6,8,6,0.95,1.36,1.0445833333333334
35.4,3,9,6,8,6,1.48,0.93,1.0745833333333332
-7.5,2,10,6,8,6,1.65,0.53,1.1216666666666668
13.8,3,11,6,8,6,1.66,0.58,1.1175
23.1,2,11,6,8,6,0.48,0.81,1.1295833333333334
28.7,4,12,6,8,6,1.1,1.89,1.0620833333333333
-7.2,5,12,6,8,6,0.27,0.66,1.0808333333333333
9.0,4,12,6,8,6,1.11,0.57,1.1366666666666667
0.0,2,12,6,8,6,1.91,1.41,1.0870833333333334
3.8,1,14,6,8,6,0.22,0.94,1.1070833333333334
-0.1,5,16,6,8,6,1.42,0.68,1.1095833333333334
5.0,5,17,6,8,6,0.74,1.83,1.1083333333333334
20.1,2,21,6,8,6,1.8,1.34,1.1204166666666666
3.0,1,22,6,8,6,1.63,0.35,1.1470833333333332
28.3,4,22,6,8,6,0.99,1.78,1.1054166666666667
12.0,1,23,6,8,6,0.78,1.94,1.0441666666666667
32.7,4,0,7,8,0,0.47,0.31,1.0466666666666666
-7.4,5,0,7,8,0,0.37,1.61,1.0179166666666666
22.4,5,1,7,8,0,0.92,1.47,1.0308333333333333
38.5,1,2,7,8,0,1.78,0.57,1.0704166666666666
16.8,1,2,7,8,0,1.52,0.49,1.1308333333333334
39.3,2,4,7,8,0,1.94,1.34,1.1445833333333333
-0.6,3,5,7,8,0,1.67,0.61,1.1466666666666667
7.9,4,5,7,8,0,0.66,0.95,1.1337499999999998
-6.0,3,7,7,8,0,0.64,1.48,1.1008333333333333
14.7,4,7,7,8,0,0.69,1.65,1.0775
-6.6,4,10,7,8,0,1.09,1.66,1.0645833333333334
39.8,1,10,7,8,0,1.35,0.48,1.0641666666666667
4.6,1,11,7,8,0,0.47,1.1,1.0795833333333333
1.6,2,11,7,8,0,1.47,0.27,1.10625
19.2,3,12,7,8,0,0.91,1.11,1.1416666666666666
31.5,2,13,7,8,0,1.96,1.91,1.1112499999999998
3.9,2,13,7,8,0,1.18,0.22,1.1537499999999998
7.9,1,14,7,8,0,1.24,1.42,1.1712500000000001
14.1,2,14,7,8,0,1.84,0.74,1.2049999999999998
26.0,3,16,7,8,0,1.55,1.8,1.1945833333333333
21.5,5,17,7,8,0,1.55,1.63,1.1529166666666666
30.7,1,17,7,8,0,0.63,0.99,1.1362500000000002
26.1,2,19,7,8,0,0.59,0.78,1.1541666666666666
12.1,3,21,7,8,0,1.21,0.47,1.1675000000000002
31.9,4,21,7,8,0,0.79,0.37,1.2308333333333332
3.4,1,22,7,8,0,1.89,0.92,1.2320833333333334
38.5,2,22,7,8,0,0.95,1.78,1.1858333333333333
22.4,1,0,8,8,1,0.67,1.52,1.1616666666666668
27.0,5,2,8,8,1,0.94,1.94,1.13625
29.8,2,2,8,8,1,1.33,1.67,1.1129166666666668
38.0,5,4,8,8,1,1.11,0.66,1.1083333333333334
35.7,2,5,8,8,1,0.55,0.64,1.10125
2.0,2,5,8,8,1,0.47,0.69,1.1495833333333334
8.7,5,5,8,8,1,1.85,1.09,1.1145833333333333
-3.3,1,7,8,8,1,0.25,1.35,1.09
5.6,4,7,8,8,1,0.76,0.47,1.1312499999999999
37.2,2,8,8,8,1,1.46,1.47,1.1145833333333333
27.0,3,8,8,8,1,1.07,0.91,1.135
18.9,3,10,8,8,1,1.4,1.96,1.0887499999999999
0.8,4,10,8,8,1,0.85,1.18,1.1016666666666668
35.1,4,11,8,8,1,1.49,1.24,1.0841666666666667
26.1,4,11,8,8,1,0.82,1.84,1.035
6.8,1,13,8,8,1,0.66,1.55,0.9866666666666667
7.1,2,13,8,8,1,0.39,1.55,1.0
33.6,4,14,8,8,1,1.87,0.63,0.9879166666666667
1.8,4,15,8,8,1,0.34,0.59,1.0245833333333334
39.8,4,16,8,8,1,1.47,1.21,0.9970833333333333
39.7,2,17,8,8,1,0.55,0.79,1.0216666666666667
36.4,2,17,8,8,1,1.38,1.89,0.9633333333333334
36.2,5,19,8,8,1,0.49,0.95,0.9866666666666668
31.9,3,19,8,8,1,1.51,0.67,1.0358333333333334
26.2,3,19,8,8,1,1.85,0.94,1.0433333333333332
29.9,5,20,8,8,1,1.12,1.33,1.0195833333333335
-3.4,2,20,8,8,1,0.76,1.11,1.0191666666666668
3.9,1,22,8,8,1,1.1,0.55,1.04375
34.7,1,23,8,8,1,1.14,0.47,1.06875
34.1,3,0,9,8,2,1.07,1.85,1.0125
20.4,1,1,9,8,2,0.5,0.25,1.08375
20.4,1,4,9,8,2,1.96,0.76,1.0854166666666667
16.8,5,4,9,8,2,0.8,1.46,1.0591666666666668
6.5,3,4,9,8,2,0.83,1.07,1.0633333333333335
35.1,2,5,9,8,2,1.17,1.4,1.0804166666666666
33.3,3,6,9,8,2,1.81,0.85,1.0604166666666668
2.8,3,6,9,8,2,0.37,1.49,1.0566666666666666
-5.9,2,6,9,8,2,1.4,0.82,1.0833333333333333
11.8,5,6,9,8,2,1.46,0.66,1.10125
-7.5,5,7,9,8,2,1.09,0.39,1.1345833333333333
30.1,4,7,9,8,2,1.19,1.87,1.0858333333333334
-5.1,1,7,9,8,2,0.7,0.34,1.1470833333333335
21.6,1,7,9,8,2,1.81,1.47,1.1316666666666666
-4.2,2,9,9,8,2,1.1,0.55,1.1308333333333334
22.9,5,11,9,8,2,0.53,1.38,1.1391666666666667
3.7,4,11,9,8,2,1.58,0.49,1.135
6.2,4,12,9,8,2,0.39,1.51,1.0883333333333332
28.1,1,13,9,8,2,0.39,1.85,1.0445833333333334
13.9,3,14,9,8,2,0.8,1.12,1.0254166666666666
12.8,4,15,9,8,2,0.66,0.76,1.0316666666666665
9.3,3,15,9,8,2,0.91,1.1,1.00375
21.4,5,16,9,8,2,0.43,1.14,1.0262499999999999
5.7,3,17,9,8,2,1.68,1.07,1.0295833333333333
28.6,4,19,9,8,2,1.15,0.5,1.09
27.7,5,19,9,8,2,1.95,1.96,1.0625
-2.3,4,23,9,8,2,1.3,0.8,1.1029166666666665
12.2,4,1,10,8,3,1.77,0.83,1.145
7.4,4,4,10,8,3,1.84,1.17,1.1558333333333335
5.5,2,7,10,8,3,1.43,1.81,1.13625
10.6,5,8,10,8,3,1.34,0.37,1.1583333333333332
39.7,5,8,10,8,3,0.9,1.4,1.1824999999999999
7.2,2,9,10,8,3,1.98,1.46,1.1300000000000001
9.7,5,9,10,8,3,0.2,1.09,1.1325
-5.4,5,11,10,8,3,1.15,1.19,1.1520833333333333
29.2,3,13,10,8,3,1.66,0.7,1.1358333333333333
14.3,3,15,10,8,3,0.31,1.81,1.1175
28.8,3,15,10,8,3,1.37,1.1,1.1254166666666665
33.1,4,15,10,8,3,1.29,0.53,1.1616666666666668
21.8,3,17,10,8,3,1.4,1.58,1.1366666666666667
33.0,2,19,10,8,3,0.98,0.39,1.1454166666666665
35.3,4,19,10,8,3,0.6,0.39,1.1541666666666668
17.4,3,20,10,8,3,0.6,0.8,1.1841666666666668
35.2,3,20,10,8,3,1.52,0.66,1.2270833333333333
26.7,3,23,10,8,3,1.69,0.91,1.2329166666666667
-7.3,1,23,10,8,3,1.05,0.43,1.2570833333333333
24.1,3,23,10,8,3,1.01,1.68,1.2545833333333334
10.1,1,0,11,8,4,1.62,1.15,1.2641666666666667
27.9,3,0,11,8,4,1.38,1.95,1.2458333333333333
18.4,4,2,11,8,4,1.51,1.3,1.2725
16.4,3,3,11,8,4,1.94,1.77,1.2154166666666666
7.4,5,5,11,8,4,0.4,1.84,1.1766666666666665
17.0,1,5,11,8,4,0.91,1.43,1.1520833333333333
34.3,1,5,11,8,4,0.84,1.34,1.1345833333333333
13.6,4,9,11,8,4,0.92,0.9,1.1700000000000002
24.2,1,9,11,8,4,1.75,1.98,1.12
28.2,5,10,11,8,4,0.78,0.2,1.1224999999999998
39.4,2,10,11,8,4,0.26,1.15,1.1429166666666666
-5.9,2,11,11,8,4,1.64,1.66,1.1112499999999998
17.6,4,12,11,8,4,0.9,0.31,1.1216666666666668
23.8,3,12,11,8,4,0.56,1.37,1.12375
22.0,5,16,11,8,4,1.42,1.29,1.0941666666666667
27.5,4,16,11,8,4,0.58,1.4,1.0495833333333333
18.1,2,17,11,8,4,0.33,0.98,1.0225000000000002
-5.1,4,17,11,8,4,0.33,0.6,1.0404166666666665
32.8,1,17,11,8,4,1.03,0.6,1.0929166666666668
27.9,2,18,11,8,4,1.86,1.52,1.08625
29.9,3,18,11,8,4,1.36,1.69,1.0525
-2.0,4,19,11,8,4,0.88,1.05,1.0195833333333335
-4.9,4,20,11,8,4,0.26,1.01,1.0558333333333334
0.1,5,20,11,8,4,1.88,1.62,1.0008333333333332
0.9,3,21,11,8,4,0.3,1.38,1.0220833333333335
15.3,3,22,11,8,4,1.89,1.51,0.97375
-5.2,3,22,11,8,4,0.35,1.94,0.94
23.7,2,23,11,8,4,1.13,0.4,0.9620833333333333
-3.3,5,0,12,8,5,0.93,0.91,0.9766666666666667
-4.5,4,0,12,8,5,1.26,0.84,0.9666666666666668
33.7,4,1,12,8,5,0.6,0.92,0.955
15.5,2,3,12,8,5,0.64,1.75,0.9654166666666667
8.7,3,3,12,8,5,2.0,0.78,0.995
25.3,1,3,12,8,5,1.49,0.26,1.0058333333333334
0.3,1,4,12,8,5,0.52,1.64,0.9520833333333334
4.4,3,7,12,8,5,0.35,0.9,0.9695833333333335
-0.2,5,7,12,8,5,1.32,0.56,0.965
11.8,5,8,12,8,5,0.45,1.42,0.9741666666666667
0.7,1,8,12,8,5,1.64,0.58,1.0166666666666666
-4.6,1,9,12,8,5,1.6,0.33,1.04625
2.7,1,10,12,8,5,1.04,0.33,1.0912499999999998
31.1,1,10,12,8,5,1.41,1.03,1.1308333333333334
14.5,5,10,12,8,5,1.98,1.86,1.1070833333333334
15.2,1,12,12,8,5,1.29,1.36,1.0691666666666666
2.9,2,12,12,8,5,0.45,0.88,1.0570833333333334
29.2,5,13,12,8,5,0.59,0.26,1.105
0.8,1,14,12,8,5,1.41,1.88,1.0766666666666667
-5.6,2,14,12,8,5,1.2,0.3,1.12625
13.8,1,15,12,8,5,1.49,1.89,1.1087500000000001
-0.2,2,15,12,8,5,1.47,0.35,1.1612500000000001
9.2,3,16,12,8,5,1.61,1.13,1.1554166666666668
3.6,3,16,12,8,5,0.99,0.93,1.1591666666666667
1.4,4,16,12,8,5,1.02,1.26,1.11625
-4.9,3,17,12,8,5,0.23,0.6,1.1104166666666666
21.3,1,17,12,8,5,0.46,0.64,1.1658333333333333
-5.2,2,21,12,8,5,1.97,2.0,1.1083333333333332
11.2,2,21,12,8,5,0.62,1.49,1.1275
28.7,4,21,12,8,5,1.95,0.52,1.1500000000000001
34.4,2,22,12,8,5,1.06,0.35,1.1479166666666665
22.0,2,0,13,8,6,0.3,1.32,1.1220833333333333
16.6,4,0,13,8,6,0.7,0.45,1.1154166666666667
-6.4,1,2,13,8,6,0.29,1.64,1.0583333333333333
14.0,5,3,13,8,6,0.27,1.6,1.0704166666666668
17.5,2,5,13,8,6,1.89,1.04,1.1104166666666666
2.0,2,5,13,8,6,2.0,1.41,1.1183333333333334
5.3,1,6,13,8,6,1.6,1.98,1.0962500000000002
-4.8,1,6,13,8,6,1.45,1.29,1.0845833333333332
4.1,2,6,13,8,6,1.01,0.45,1.1241666666666668
25.0,4,6,13,8,6,1.4,0.59,1.1379166666666667
17.9,5,7,13,8,6,0.92,1.41,1.1095833333333334
4.4,4,9,13,8,6,0.73,1.2,1.1204166666666666
11.8,5,10,13,8,6,1.46,1.49,1.1233333333333333
5.4,5,11,13,8,6,1.56,1.47,1.1358333333333333
37.5,2,11,13,8,6,1.77,1.61,1.0875
-4.7,3,11,13,8,6,0.45,0.99,1.12625
31.1,3,11,13,8,6,1.92,1.02,1.1408333333333334
30.3,5,12,13,8,6,1.37,0.23,1.1520833333333333
35.1,1,13,13,8,6,0.5,0.46,1.17375
27.3,5,15,13,8,6,0.98,1.97,1.1233333333333333
20.4,3,19,13,8,6,0.76,0.62,1.1666666666666667
-9.5,1,19,13,8,6,1.66,1.95,1.12125
10.5,5,20,13,8,6,0.86,1.06,1.14875
-3.8,5,20,13,8,6,1.72,0.3,1.1616666666666668
-3.5,3,20,13,8,6,0.61,0.7,1.1583333333333332
21.6,1,20,13,8,6,0.62,0.29,1.2220833333333332
34.4,3,21,13,8,6,1.82,0.27,1.235
3.6,1,22,13,8,6,0.58,1.89,1.2029166666666666
32.8,3,0,14,8,0,1.12,2.0,1.175
14.1,4,1,14,8,0,1.33,1.6,1.1575
34.4,1,2,14,8,0,1.18,1.45,1.16125
22.5,3,2,14,8,0,1.54,1.01,1.1545833333333333
0.5,3,2,14,8,0,0.85,1.4,1.1066666666666667
13.2,5,3,14,8,0,0.25,0.92,1.14875
19.1,2,4,14,8,0,1.93,0.73,1.1370833333333332
32.0,4,5,14,8,0,0.45,1.46,1.12875
30.9,3,6,14,8,0,1.26,1.56,1.095
4.4,4,8,14,8,0,0.75,1.77,1.0762500000000002
27.5,5,8,14,8,0,1.32,0.45,1.07875
16.2,1,9,14,8,0,0.51,1.92,1.0479166666666666
15.0,4,11,14,8,0,1.18,1.37,1.0383333333333333
-0.7,1,12,14,8,0,1.14,0.5,1.0695833333333333
2.3,3,13,14,8,0,1.25,0.98,1.0487499999999998
16.4,5,14,14,8,0,0.48,0.76,1.0262499999999999
10.4,2,15,14,8,0,0.22,1.66,1.0175
-6.7,2,17,14,8,0,1.45,0.86,1.0616666666666668
-7.0,4,17,14,8,0,1.92,1.72,1.06125
35.9,2,18,14,8,0,1.71,0.61,1.0520833333333333
10.7,3,18,14,8,0,0.39,0.62,1.06
0.5,3,20,14,8,0,0.81,1.82,1.0095833333333333
18.8,2,20,14,8,0,0.61,0.58,1.0570833333333332
-4.6,2,21,14,8,0,1.72,1.12,1.0737500000000002
8.7,2,21,14,8,0,1.52,1.33,1.0529166666666667
10.6,4,21,14,8,0,0.83,1.18,1.0320833333333332
5.2,5,21,14,8,0,0.68,1.54,1.0341666666666667
36.4,5,22,14,8,0,1.59,0.85,1.0158333333333334
32.1,4,22,14,8,0,0.41,0.25,1.0866666666666667
8.5,2,22,14,8,0,1.95,1.93,1.0308333333333333
-7.7,5,23,14,8,0,0.59,0.45,1.0887499999999999
30.7,1,23,14,8,0,1.84,1.26,1.075
-8.4,5,0,15,8,1,0.93,0.75,1.0733333333333333
8.5,4,1,15,8,1,0.71,1.32,1.0954166666666667
35.4,4,2,15,8,1,1.85,0.51,1.1116666666666666
-1.8,5,3,15,8,1,0.9,1.18,1.0970833333333334
1.6,1,4,15,8,1,0.83,1.14,1.0970833333333334
21.9,5,4,15,8,1,1.14,1.25,1.0829166666666667
-9.5,4,4,15,8,1,0.91,0.48,1.0745833333333332
2.5,3,4,15,8,1,0.28,0.22,1.1158333333333335
-9.6,4,4,15,8,1,1.21,1.45,1.1129166666666666
24.8,5,6,15,8,1,1.38,1.92,1.0541666666666667
-5.4,1,11,15,8,1,0.51,1.71,1.015
32.8,4,11,15,8,1,0.77,0.39,1.0729166666666667
14.4,1,13,15,8,1,1.78,0.81,1.07
16.8,2,13,15,8,1,0.74,0.61,1.0962500000000002
20.2,1,14,15,8,1,1.24,1.72,1.0754166666666667
-9.5,2,14,15,8,1,1.22,1.52,1.03
-8.1,4,15,15,8,1,0.43,0.83,1.0533333333333335
2.7,5,16,15,8,1,1.39,0.68,1.0991666666666666
6.2,1,17,15,8,1,1.78,1.59,1.0729166666666667
16.4,5,17,15,8,1,0.96,0.41,1.0729166666666667
16.0,3,17,15,8,1,0.41,1.95,1.0129166666666667
21.0,5,18,15,8,1,0.51,0.59,1.03
32.5,4,18,15,8,1,1.0,1.84,0.9670833333333334
14.9,3,19,15,8,1,0.33,0.93,0.9391666666666668
1.6,5,20,15,8,1,0.26,0.71,0.9316666666666666
27.0,3,23,15,8,1,0.53,1.85,0.8841666666666667
35.6,4,23,15,8,1,0.71,0.9,0.92125
15.0,4,1,16,8,2,1.79,0.83,0.9591666666666666
34.5,1,1,16,8,2,1.74,1.14,0.9941666666666666
21.2,3,2,16,8,2,1.98,0.91,0.9754166666666665
8.9,2,4,16,8,2,0.46,0.28,1.0441666666666667
-3.6,1,8,16,8,2,1.93,1.21,1.0054166666666666
11.1,1,8,16,8,2,0.28,1.38,1.0154166666666666
11.3,4,8,16,8,2,1.62,0.51,1.0508333333333333
35.8,4,10,16,8,2,1.36,0.77,1.0466666666666666
38.0,5,12,16,8,2,0.67,1.78,1.0420833333333333
26.2,2,14,16,8,2,1.67,0.74,1.0687499999999999
9.6,1,14,16,8,2,1.38,1.24,1.0791666666666666
7.9,1,15,16,8,2,1.49,1.22,1.0654166666666667
8.1,3,16,16,8,2,0.89,0.43,1.0825
14.8,4,16,16,8,2,0.84,1.39,1.0454166666666667
36.5,1,16,16,8,2,0.5,1.78,1.0479166666666668
33.7,1,18,16,8,2,1.84,0.96,1.0570833333333334
34.3,3,18,16,8,2,1.18,0.41,1.08
37.2,1,18,16,8,2,0.96,0.51,1.08375
11.6,2,18,16,8,2,0.6,1.0,1.0695833333333333
12.4,3,18,16,8,2,0.66,0.33,1.07125
-8.5,1,19,16,8,2,0.37,0.26,1.1137499999999998
-7.9,1,20,16,8,2,1.28,0.53,1.1141666666666667
25.9,2,20,16,8,2,0.54,0.71,1.1258333333333332
17.5,5,21,16,8,2,0.99,1.79,1.1091666666666666
-6.2,4,22,16,8,2,1.39,1.74,1.1120833333333333
-0.4,2,22,16,8,2,1.81,1.98,1.07375
-1.2,3,23,16,8,2,1.06,0.46,1.1025
33.6,4,23,16,8,2,1.15,1.93,1.0633333333333335
23.7,4,23,16,8,2,0.99,0.28,1.0945833333333332
6.9,4,1,17,8,3,1.03,1.62,1.0466666666666666
13.0,2,2,17,8,3,0.47,1.36,1.0220833333333335
15.8,5,2,17,8,3,0.77,0.67,1.0391666666666666
30.7,2,2,17,8,3,1.08,1.67,0.9987499999999999
26.1,3,3,17,8,3,0.7,1.38,1.0175
36.3,4,4,17,8,3,1.83,1.49,1.0287499999999998
22.1,2,4,17,8,3,1.76,0.89,1.0191666666666666
33.8,1,5,17,8,3,0.66,0.84,1.03375
30.3,1,5,17,8,3,1.19,0.5,1.0695833333333333
-1.1,5,6,17,8,3,1.36,1.84,1.0020833333333334
-3.8,2,6,17,8,3,0.22,1.18,1.01125
3.4,1,9,17,8,3,1.4,0.96,1.0220833333333332
16.8,1,10,17,8,3,1.22,0.6,1.04375
16.5,4,11,17,8,3,1.12,0.66,1.0325
3.0,3,11,17,8,3,0.39,0.37,1.0658333333333332
18.5,3,14,17,8,3,1.17,1.28,1.0770833333333332
-5.1,1,15,17,8,3,1.55,0.54,1.0745833333333332
2.9,4,16,17,8,3,0.48,0.99,1.0579166666666666
2.6,3,17,17,8,3,0.59,1.39,1.0558333333333334
34.3,1,17,17,8,3,1.34,1.81,1.0541666666666667
-8.6,1,18,17,8,3,1.77,1.06,1.0779166666666666
21.4,4,19,17,8,3,1.63,1.15,1.0654166666666667
16.3,3,20,17,8,3,0.85,0.99,1.0520833333333333
29.5,3,20,17,8,3,0.67,1.03,1.0383333333333333
-7.6,5,23,17,8,3,0.7,0.47,1.0829166666666665
32.0,2,0,18,8,4,1.54,0.77,1.1137499999999998
38.8,2,3,18,8,4,1.51,1.08,1.14625
17.7,2,4,18,8,4,1.86,0.7,1.1370833333333334
21.7,1,4,18,8,4,0.48,1.83,1.10125
-8.6,5,4,18,8,4,0.97,1.76,1.0983333333333334
11.0,3,5,18,8,4,1.69,0.66,1.1166666666666667
29.8,3,5,18,8,4,1.1,1.19,1.0945833333333332
24.4,1,5,18,8,4,0.66,1.36,1.0954166666666667
-2.0,1,5,18,8,4,1.38,0.22,1.10875
13.4,4,5,18,8,4,0.54,1.4,1.0720833333333333
7.2,4,6,18,8,4,0.52,1.22,1.0908333333333333
0.3,2,6,18,8,4,1.67,1.12,1.0574999999999999
39.1,4,7,18,8,4,0.32,0.39,1.0691666666666666
24.8,3,7,18,8,4,0.67,1.17,1.1020833333333333
33.8,2,8,18,8,4,1.96,1.55,1.0641666666666667
6.1,1,8,18,8,4,0.64,0.48,1.09375
5.7,1,9,18,8,4,1.19,0.59,1.1379166666666667
-0.7,3,10,18,8,4,1.65,1.34,1.1025
21.9,1,13,18,8,4,0.49,1.77,1.0445833333333334
29.6,1,13,18,8,4,0.38,1.63,1.04625
11.6,1,14,18,8,4,1.67,0.85,1.0379166666666666
-0.9,1,14,18,8,4,0.65,0.67,1.0645833333333334
-3.0,5,15,18,8,4,1.31,0.7,1.0495833333333333
5.9,1,15,18,8,4,0.34,1.54,1.0016666666666667
17.6,4,15,18,8,4,0.39,1.51,0.9495833333333334
-3.6,2,17,18,8,4,0.26,1.86,0.8833333333333333
25.3,5,17,18,8,4,0.27,0.48,0.9341666666666666
10.3,4,17,18,8,4,1.7,0.97,0.9025
38.3,4,19,18,8,4,0.21,1.69,0.8995833333333332
3.7,2,20,18,8,4,1.62,1.1,0.9033333333333333
39.0,3,20,18,8,4,1.19,0.66,0.8908333333333333
35.6,4,21,18,8,4,0.36,1.38,0.8595833333333335
18.7,2,23,18,8,4,0.63,0.54,0.89
-7.5,2,2,19,8,5,1.27,0.52,0.9020833333333332
32.5,4,3,19,8,5,0.81,1.67,0.9145833333333333
-4.0,2,4,19,8,5,1.97,0.32,0.9733333333333333
33.4,4,4,19,8,5,1.73,0.67,0.96
17.7,2,4,19,8,5,0.35,1.96,0.9012500000000001
9.1,3,5,19,8,5,0.55,0.64,0.92875
29.7,4,10,19,8,5,1.3,1.19,0.8891666666666667
3.9,5,10,19,8,5,0.24,1.65,0.8854166666666666
4.6,2,11,19,8,5,1.56,0.49,0.8891666666666667
26.0,1,12,19,8,5,0.58,0.38,0.9025
-6.3,4,14,19,8,5,0.7,1.67,0.8616666666666668
-1.2,5,14,19,8,5,0.69,0.65,0.8829166666666666
27.5,5,16,19,8,5,1.16,1.31,0.8958333333333334
10.9,4,17,19,8,5,1.62,0.34,0.9141666666666667
3.6,5,17,19,8,5,0.78,0.39,0.92125
-7.5,3,17,19,8,5,0.56,0.26,0.9358333333333332
-2.0,4,18,19,8,5,0.61,0.27,0.9516666666666667
14.3,3,19,19,8,5,0.65,1.7,0.9008333333333334
-6.0,5,22,19,8,5,0.48,0.21,0.9033333333333333
-4.9,2,23,19,8,5,0.27,1.62,0.9025000000000002
16.5,4,23,19,8,5,1.6,1.19,0.9283333333333333
17.1,1,0,20,8,6,1.81,0.36,0.9291666666666667
34.6,5,0,20,8,6,0.38,0.63,0.9629166666666666
33.6,2,0,20,8,6,1.44,1.27,0.9812499999999998
36.3,3,1,20,8,6,1.71,0.81,0.9666666666666667
-7.0,2,1,20,8,6,0.46,1.97,0.9441666666666667
19.1,3,1,20,8,6,1.43,1.73,0.8904166666666667
5.1,1,2,20,8,6,0.44,0.35,0.8929166666666667
28.9,2,2,20,8,6,0.41,0.55,0.8925
14.8,1,3,20,8,6,0.54,1.3,0.8779166666666666
-2.0,2,3,20,8,6,0.95,0.24,0.9379166666666666
22.5,4,4,20,8,6,1.68,1.56,0.8933333333333334
0.9,3,4,20,8,6,0.49,0.58,0.8887499999999999
23.1,1,6,20,8,6,0.47,0.7,0.9225
33.1,2,6,20,8,6,1.51,0.69,0.9279166666666666
37.5,3,7,20,8,6,0.82,1.16,0.9158333333333332
21.0,1,9,20,8,6,0.87,1.62,0.9004166666666666
19.7,3,10,20,8,6,1.25,0.78,0.9425
11.4,1,10,20,8,6,1.79,0.56,0.9379166666666667
-9.7,5,11,20,8,6,0.45,0.61,0.9829166666666667
-4.1,5,13,20,8,6,1.69,0.65,1.0016666666666667
13.4,2,15,20,8,6,1.1,0.48,1.0420833333333333
-5.0,1,16,20,8,6,1.45,0.27,1.0729166666666667
36.8,5,18,20,8,6,1.01,1.6,1.0225
37.5,3,19,20,8,6,0.39,1.81,0.9716666666666667
17.8,3,19,20,8,6,0.59,0.38,0.9916666666666667
-0.9,5,21,20,8,6,0.86,1.44,0.9574999999999999
28.0,2,21,20,8,6,0.62,1.71,0.9108333333333333
23.2,5,23,20,8,6,0.59,0.46,0.9245833333333334
30.7,2,23,20,8,6,0.79,1.43,0.9145833333333333
28.0,4,2,21,8,0,1.19,0.44,0.9304166666666666
32.2,1,5,21,8,0,0.82,0.41,0.9870833333333332
20.3,3,5,21,8,0,1.77,0.54,1.0104166666666667
4.5,3,6,21,8,0,1.1,0.95,1.01625
15.7,5,6,21,8,0,1.09,1.68,1.0125
28.2,5,7,21,8,0,1.59,0.49,1.0045833333333334
4.9,5,8,21,8,0,0.3,0.47,1.0108333333333335
31.4,5,10,21,8,0,0.62,1.51,1.0133333333333334
39.0,1,11,21,8,0,1.57,0.82,1.0420833333333333
34.1,3,13,21,8,0,1.51,0.87,1.0341666666666667
26.9,3,14,21,8,0,0.68,1.25,1.0204166666666667
8.1,5,15,21,8,0,0.92,1.79,1.00375
-3.4,3,15,21,8,0,1.39,0.45,1.0174999999999998
36.5,5,18,21,8,0,0.78,1.69,1.0091666666666668
6.1,3,18,21,8,0,1.49,1.1,1.0141666666666667
-3.5,4,20,21,8,0,1.22,1.45,1.0066666666666666
25.5,5,21,21,8,0,1.27,1.01,1.0475
36.1,4,22,21,8,0,1.99,0.39,1.1024999999999998
31.0,1,0,22,8,1,1.71,0.59,1.1066666666666667
-0.4,5,0,22,8,1,0.69,0.86,1.0854166666666667
15.0,1,2,22,8,1,0.35,0.62,1.0795833333333331
3.2,3,2,22,8,1,0.48,0.59,1.0720833333333333
13.1,4,3,22,8,1,0.41,0.79,1.0933333333333333
22.6,5,5,22,8,1,1.3,1.19,1.10375
25.7,2,7,22,8,1,1.44,0.82,1.0879166666666666
36.8,5,8,22,8,1,0.44,1.77,1.05
-9.8,2,9,22,8,1,0.86,1.1,1.0475
33.2,4,10,22,8,1,1.04,1.09,1.0191666666666668
31.3,4,12,22,8,1,0.41,1.59,0.9995833333333334
-7.3,3,13,22,8,1,1.12,0.3,1.0625
4.8,1,13,22,8,1,1.81,0.62,1.0604166666666666
11.0,4,13,22,8,1,0.57,1.57,1.02125
1.5,1,13,22,8,1,0.63,1.51,0.99625
21.3,2,16,22,8,1,0.91,0.68,1.0354166666666667
26.5,1,16,22,8,1,1.62,0.92,1.0154166666666666
-5.4,5,17,22,8,1,0.44,1.39,0.9845833333333333
-5.5,2,18,22,8,1,0.65,0.78,1.02875
-3.9,2,19,22,8,1,1.84,1.49,1.01625
16.6,5,19,22,8,1,1.19,1.22,1.0279166666666668
-7.8,2,19,22,8,1,1.5,1.27,1.0383333333333333
22.8,2,20,22,8,1,1.52,1.99,0.9966666666666666
5.5,2,21,22,8,1,0.99,1.71,0.9845833333333335
10.2,4,22,22,8,1,1.42,0.69,0.9966666666666667
21.2,3,23,22,8,1,0.98,0.35,1.0654166666666667
-7.8,3,23,22,8,1,2.0,0.48,1.0725
-9.4,4,0,23,8,2,0.65,0.41,1.0829166666666667
5.5,2,2,23,8,2,0.66,1.3,1.1095833333333334
-4.9,2,2,23,8,2,1.94,1.44,1.0758333333333334
28.2,5,2,23,8,2,0.63,0.44,1.1195833333333334
-1.5,3,3,23,8,2,1.49,0.86,1.155
21.8,2,4,23,8,2,1.71,1.04,1.1304166666666666
21.8,5,5,23,8,2,0.45,0.41,1.1229166666666666
39.9,3,5,23,8,2,0.23,1.12,1.1183333333333334
39.5,2,6,23,8,2,1.01,1.81,1.1241666666666668
34.7,1,6,23,8,2,1.95,0.57,1.1570833333333332
8.6,5,6,23,8,2,1.36,0.63,1.14875
10.6,2,8,23,8,2,0.43,0.91,1.1475
13.8,1,8,23,8,2,0.88,1.62,1.1266666666666667
16.5,2,8,23,8,2,1.12,0.44,1.1720833333333334
15.0,1,8,23,8,2,1.53,0.65,1.1708333333333334
10.7,4,9,23,8,2,0.62,1.84,1.1583333333333334
-4.5,5,10,23,8,2,1.54,1.19,1.1333333333333333
11.4,1,12,23,8,2,0.59,1.5,1.1537499999999998
28.6,5,12,23,8,2,1.99,1.52,1.1108333333333333
-3.1,4,12,23,8,2,0.49,0.99,1.0975
-2.0,5,14,23,8,2,0.67,1.42,1.0504166666666666
31.2,2,14,23,8,2,0.29,0.98,1.0358333333333334
-6.9,4,15,23,8,2,0.63,2.0,0.9779166666666667
15.6,1,18,23,8,2,0.61,0.65,1.0250000000000001
5.8,1,18,23,8,2,1.78,0.66,1.0595833333333333
19.8,1,19,23,8,2,1.49,1.94,1.0316666666666665
13.5,1,19,23,8,2,1.27,0.63,1.075
32.7,2,19,23,8,2,1.67,1.49,1.06625
32.3,1,21,23,8,2,1.28,1.71,1.0095833333333333
39.6,5,22,23,8,2,0.35,0.45,1.0466666666666666
10.1,1,22,23,8,2,1.34,0.23,1.10875
-4.2,2,23,23,8,2,1.72,1.01,1.1366666666666665
12.7,1,23,23,8,2,1.68,1.95,1.1083333333333334
-5.0,2,23,23,8,2,1.27,1.36,1.1295833333333334
9.4,5,0,24,8,3,1.87,0.43,1.16375
22.9,2,1,24,8,3,1.25,0.88,1.14625
20.8,1,1,24,8,3,0.46,1.12,1.13625
-4.4,5,3,24,8,3,0.88,1.53,1.12375
14.0,2,3,24,8,3,1.23,0.62,1.1083333333333332
6.1,3,3,24,8,3,0.25,1.54,1.1183333333333334
24.2,3,3,24,8,3,1.78,0.59,1.16375
11.8,1,4,24,8,3,1.68,1.99,1.1041666666666667
21.1,2,5,24,8,3,0.56,0.49,1.1075
3.0,3,5,24,8,3,0.57,0.67,1.1225
8.6,4,6,24,8,3,1.03,0.29,1.1320833333333333
10.8,3,6,24,8,3,0.52,0.63,1.15
27.8,4,6,24,8,3,1.06,0.61,1.20375
7.8,2,8,24,8,3,1.9,1.78,1.1904166666666667
39.1,4,8,24,8,3,1.46,1.49,1.1770833333333333
5.1,3,8,24,8,3,1.17,1.27,1.14
10.5,3,8,24,8,3,0.38,1.67,1.1466666666666667
-2.9,4,8,24,8,3,1.83,1.28,1.13125
38.9,1,11,24,8,3,0.91,0.35,1.1341666666666665
14.3,4,11,24,8,3,0.42,1.34,1.1004166666666666
-7.7,2,11,24,8,3,0.53,1.72,1.0475
35.9,5,12,24,8,3,0.45,1.68,1.0158333333333334
30.6,1,12,24,8,3,0.92,1.27,1.03625
35.9,4,12,24,8,3,1.76,1.87,1.00125
22.4,1,14,24,8,3,1.03,1.25,0.97375
35.9,5,14,24,8,3,0.59,0.46,0.9883333333333333
26.1,1,15,24,8,3,0.81,0.88,0.9866666666666667
0.6,3,15,24,8,3,0.84,1.23,0.9437500000000001
31.2,1,15,24,8,3,0.2,0.25,1.01625
0.4,2,18,24,8,3,1.99,1.78,1.0133333333333334
-4.9,5,18,24,8,3,1.71,1.68,0.9683333333333333
30.4,1,18,24,8,3,0.6,0.56,0.9541666666666667
32.9,5,19,24,8,3,0.22,0.57,0.9783333333333334
12.7,2,19,24,8,3,1.15,1.03,0.9662499999999999
32.6,3,21,24,8,3,0.74,0.52,1.0095833333333333
7.4,5,23,24,8,3,1.56,1.06,1.0483333333333333
15.8,1,23,24,8,3,1.99,1.9,0.98
9.9,5,0,25,8,4,0.26,1.46,0.9754166666666668
22.6,1,0,25,8,4,1.35,1.17,1.0095833333333333
-5.2,2,1,25,8,4,1.99,0.38,1.0154166666666666
38.4,4,1,25,8,4,0.52,1.83,0.9933333333333333
12.8,2,2,25,8,4,1.3,0.91,1.0366666666666666
21.9,4,2,25,8,4,1.95,0.42,1.04375
8.3,3,3,25,8,4,0.59,0.53,1.0308333333333333
27.4,1,5,25,8,4,0.22,0.45,1.0220833333333335
37.7,3,6,25,8,4,0.24,0.92,1.0066666666666666
39.0,3,9,25,8,4,0.55,1.76,0.9862500000000001
29.3,4,9,25,8,4,1.27,1.03,0.96375
16.9,4,9,25,8,4,0.49,0.59,0.9854166666666666
26.2,1,11,25,8,4,1.11,0.81,1.0258333333333334
35.2,2,12,25,8,4,1.78,0.84,1.01875
31.9,4,14,25,8,4,0.67,0.2,1.0529166666666667
24.7,3,14,25,8,4,1.02,1.99,0.98375
16.0,2,15,25,8,4,0.33,1.71,0.965
37.5,1,16,25,8,4,1.26,0.6,1.0166666666666668
38.3,4,16,25,8,4,1.84,0.22,1.02375
24.9,3,17,25,8,4,0.39,1.15,1.0425
37.6,2,18,25,8,4,1.6,0.74,1.0433333333333334
17.0,4,20,25,8,4,0.76,1.56,1.0395833333333333
30.5,2,20,25,8,4,1.47,1.99,0.9883333333333334
34.5,1,21,25,8,4,0.76,0.26,1.0450000000000002
30.8,2,23,25,8,4,1.62,1.35,1.0670833333333334
6.5,3,23,25,8,4,1.88,1.99,1.0062499999999999
6.6,3,23,25,8,4,0.53,0.52,1.0391666666666668
-1.4,4,0,26,8,5,1.31,1.3,1.0104166666666667
28.2,2,0,26,8,5,0.61,1.95,0.9387500000000001
34.9,2,0,26,8,5,0.23,0.59,0.99375
31.9,1,1,26,8,5,1.91,0.22,1.0491666666666668
-5.0,1,1,26,8,5,1.55,0.24,1.1179166666666667
-2.3,3,2,26,8,5,1.89,0.55,1.14
32.2,3,2,26,8,5,1.08,1.27,1.1533333333333333
27.4,3,3,26,8,5,1.59,0.49,1.2025000000000001
25.0,1,3,26,8,5,1.67,1.11,1.1770833333333335
2.6,5,3,26,8,5,0.5,1.78,1.1116666666666666
-7.9,5,4,26,8,5,0.21,0.67,1.1624999999999999
17.9,4,7,26,8,5,1.89,1.02,1.1904166666666667
30.7,4,8,26,8,5,1.69,0.33,1.2558333333333334
2.6,5,9,26,8,5,1.9,1.26,1.24625
37.9,2,10,26,8,5,1.03,1.84,1.2137499999999999
0.7,2,10,26,8,5,1.06,0.39,1.2404166666666667
-5.8,2,10,26,8,5,1.03,1.6,1.23875
-9.2,4,10,26,8,5,1.56,0.76,1.2620833333333332
-7.8,2,11,26,8,5,1.32,1.47,1.2404166666666667
29.9,1,11,26,8,5,0.95,0.76,1.2504166666666665
21.3,5,11,26,8,5,1.0,1.62,1.25
11.0,2,13,26,8,5,1.61,1.88,1.2341666666666666
24.6,1,14,26,8,5,1.5,0.53,1.27625
25.8,4,14,26,8,5,1.54,1.31,1.24875
24.7,4,15,26,8,5,0.65,0.61,1.2425
10.9,3,16,26,8,5,0.46,0.23,1.24625
18.6,2,17,26,8,5,0.32,1.91,1.2091666666666667
3.4,1,17,26,8,5,1.02,1.55,1.1708333333333332
-6.2,1,18,26,8,5,0.63,1.89,1.1429166666666668
-2.3,4,18,26,8,5,1.22,1.08,1.1175
21.9,4,18,26,8,5,0.47,1.59,1.1225
26.0,2,18,26,8,5,1.71,1.67,1.1195833333333332
36.3,5,19,26,8,5,1.6,0.5,1.13
35.2,5,20,26,8,5,0.75,0.21,1.1612500000000001
22.7,3,20,26,8,5,0.96,1.89,1.0966666666666667
28.7,2,22,26,8,5,0.34,1.69,1.075
-1.1,5,23,26,8,5,1.17,1.9,1.0450000000000002
10.1,1,1,27,8,6,1.18,1.03,1.0616666666666668
-6.6,5,1,27,8,6,1.43,1.06,1.0554166666666667
21.4,2,2,27,8,6,0.91,1.03,1.0870833333333334
20.0,4,2,27,8,6,1.79,1.56,1.0833333333333333
30.4,5,3,27,8,6,1.47,1.32,1.09375
37.8,2,3,27,8,6,1.57,0.95,1.07875
24.3,2,4,27,8,6,0.59,1.0,1.0695833333333333
13.3,4,5,27,8,6,0.78,1.61,1.0287499999999998
-2.3,4,6,27,8,6,0.63,1.5,0.9945833333333333
39.0,5,7,27,8,6,0.68,1.54,1.0062499999999999
30.3,5,8,27,8,6,1.82,0.65,1.0566666666666666
29.4,3,8,27,8,6,1.86,0.46,1.1004166666666666
2.9,5,11,27,8,6,1.51,0.32,1.1675
29.0,4,11,27,8,6,1.93,1.02,1.1691666666666667
18.3,3,11,27,8,6,1.06,0.63,1.2245833333333334
4.2,1,13,27,8,6,1.96,1.22,1.1937499999999999
30.3,1,15,27,8,6,0.48,0.47,1.2066666666666668
-2.7,2,15,27,8,6,0.78,1.71,1.1820833333333332
18.2,5,16,27,8,6,1.12,1.6,1.1454166666666667
30.7,4,18,27,8,6,0.72,0.75,1.1575
1.2,4,19,27,8,6,1.04,0.96,1.1475
26.2,3,22,27,8,6,0.72,0.34,1.1958333333333333
35.7,3,23,27,8,6,1.5,1.17,1.1891666666666667
32.2,2,23,27,8,6,1.01,1.18,1.1783333333333332
31.0,1,23,27,8,6,0.92,1.43,1.17125
32.0,1,0,28,8,0,1.26,0.91,1.2058333333333333
1.7,4,0,28,8,0,1.74,1.79,1.2008333333333334
21.2,2,1,28,8,0,1.67,1.47,1.2204166666666667
6.6,1,2,28,8,0,1.94,1.57,1.2075
34.1,1,2,28,8,0,1.26,0.59,1.2466666666666668
26.6,2,3,28,8,0,1.53,0.78,1.22875
16.8,5,3,28,8,0,0.35,0.63,1.2345833333333334
12.7,3,3,28,8,0,0.77,0.68,1.2550000000000001
21.2,2,5,28,8,0,1.17,1.82,1.2558333333333334
-6.8,3,5,28,8,0,1.84,1.86,1.2066666666666668
-1.3,2,6,28,8,0,0.68,1.51,1.2208333333333334
1.8,5,6,28,8,0,1.85,1.93,1.2158333333333333
9.6,2,7,28,8,0,1.81,1.06,1.2216666666666667
33.9,4,8,28,8,0,1.2,1.96,1.1745833333333333
6.3,1,9,28,8,0,0.83,0.48,1.1658333333333333
-3.1,3,10,28,8,0,0.27,0.78,1.16125
8.1,3,11,28,8,0,0.67,1.12,1.185
-4.7,3,11,28,8,0,1.69,0.72,1.2354166666666666
5.0,5,11,28,8,0,1.93,1.04,1.2570833333333333
11.2,2,12,28,8,0,1.56,0.72,1.2925
9.6,3,13,28,8,0,1.57,1.5,1.25
39.9,1,15,28,8,0,0.48,1.01,1.2491666666666668
31.8,3,16,28,8,0,0.99,0.92,1.2745833333333334
31.0,4,16,28,8,0,1.53,1.26,1.2520833333333334
22.5,1,18,28,8,0,0.72,1.74,1.1916666666666667
25.3,5,19,28,8,0,0.29,1.67,1.1895833333333334
-6.9,5,21,28,8,0,1.62,1.94,1.1870833333333333
5.8,4,0,29,8,1,1.88,1.26,1.1966666666666665
12.8,4,0,29,8,1,1.49,1.53,1.1737499999999998
-1.4,2,1,29,8,1,0.98,0.35,1.1704166666666667
11.4,2,2,29,8,1,0.27,0.77,1.18125
2.8,5,2,29,8,1,1.03,1.17,1.1829166666666666
-1.1,4,3,29,8,1,1.21,1.84,1.1199999999999999
-3.3,3,3,29,8,1,0.33,0.68,1.1129166666666668
4.3,3,4,29,8,1,0.51,1.85,1.05625
17.3,1,4,29,8,1,0.49,1.81,1.0566666666666666
-6.7,2,6,29,8,1,1.82,1.2,1.0808333333333333
-8.9,5,8,29,8,1,1.78,0.83,1.0875
2.8,4,9,29,8,1,0.99,0.27,1.1329166666666668
1.6,3,9,29,8,1,1.36,0.67,1.1454166666666667
14.4,2,9,29,8,1,0.97,1.69,1.0841666666666667
-7.2,5,9,29,8,1,0.22,1.93,1.075
7.8,4,12,29,8,1,1.71,1.56,1.0520833333333335
33.5,3,12,29,8,1,1.01,1.57,1.0454166666666669
19.8,5,13,29,8,1,1.41,0.48,1.1004166666666666
38.5,1,13,29,8,1,1.8,0.99,1.0945833333333332
-7.9,3,14,29,8,1,0.85,1.53,1.0545833333333334
11.3,2,15,29,8,1,0.57,0.72,1.1016666666666666
13.2,4,16,29,8,1,1.85,0.29,1.12875
7.8,5,18,29,8,1,0.94,1.62,1.0745833333333332
17.0,1,18,29,8,1,0.32,1.88,1.0254166666666666
0.2,2,19,29,8,1,0.7,1.49,0.9870833333333334
-3.7,4,21,29,8,1,0.57,0.98,0.9929166666666668
-4.5,2,21,29,8,1,1.12,0.27,1.0141666666666669
0.3,5,22,29,8,1,0.78,1.03,1.01
35.9,2,22,29,8,1,0.93,1.21,1.0108333333333333
24.9,2,23,29,8,1,1.23,0.33,1.0791666666666668
37.3,2,23,29,8,1,1.97,0.51,1.0841666666666667
21.0,3,23,29,8,1,0.63,0.49,1.14125
23.1,4,0,30,8,2,1.86,1.82,1.1295833333333334
37.6,1,1,30,8,2,1.54,1.78,1.1058333333333332
10.4,3,4,30,8,2,1.21,0.99,1.0904166666666668
-6.4,2,5,30,8,2,0.62,1.36,1.0870833333333334
16.4,1,6,30,8,2,1.28,0.97,1.0645833333333334
28.4,1,6,30,8,2,0.43,0.22,1.1379166666666667
35.2,4,6,30,8,2,1.98,1.71,1.1220833333333333
23.4,5,7,30,8,2,1.33,1.01,1.1325
-2.7,1,7,30,8,2,1.26,1.41,1.1362500000000002
27.6,4,8,30,8,2,1.5,1.8,1.1404166666666666
19.1,1,9,30,8,2,1.9,0.85,1.1270833333333334
-5.7,4,9,30,8,2,0.53,0.57,1.1241666666666668
30.7,5,9,30,8,2,0.5,1.85,1.0716666666666668
18.5,4,9,30,8,2,0.59,0.94,1.0679166666666666
20.9,5,10,30,8,2,0.85,0.32,1.1216666666666668
6.4,2,10,30,8,2,1.61,0.7,1.14375
38.9,5,11,30,8,2,1.23,0.57,1.1658333333333333
23.3,4,12,30,8,2,1.1,1.12,1.1954166666666666
-1.2,1,12,30,8,2,1.83,0.78,1.20875
39.3,2,12,30,8,2,1.1,0.93,1.1804166666666667
4.2,2,13,30,8,2,0.25,1.23,1.205
9.9,5,14,30,8,2,1.82,1.97,1.1512499999999999
-4.5,4,15,30,8,2,0.68,0.63,1.18
19.7,4,15,30,8,2,1.32,1.86,1.1283333333333334
7.2,1,15,30,8,2,0.62,1.54,1.1329166666666666
31.4,2,18,30,8,2,1.65,1.21,1.1375
18.8,3,19,30,8,2,1.32,0.62,1.1558333333333335
34.8,1,20,30,8,2,1.06,1.28,1.1741666666666666
-9.5,3,20,30,8,2,1.72,0.43,1.2029166666666666
4.5,4,22,30,8,2,1.12,1.98,1.1929166666666666
14.5,3,22,30,8,2,1.74,1.33,1.2166666666666666
15.3,2,22,30,8,2,1.9,1.26,1.2045833333333333
10.3,5,23,30,8,2,0.97,1.5,1.1537499999999998
2.5,1,23,30,8,2,0.28,1.9,1.1300000000000001
13.6,3,1,31,8,3,1.33,0.53,1.1191666666666666
4.7,2,2,31,8,3,0.27,0.5,1.1233333333333333
36.3,5,3,31,8,3,0.6,0.59,1.1304166666666666
7.0,1,4,31,8,3,0.76,0.85,1.1645833333333335
18.1,1,6,31,8,3,1.67,1.61,1.1620833333333336
34.8,5,7,31,8,3,1.55,1.23,1.12625
33.2,3,8,31,8,3,0.37,1.1,1.125
-2.5,1,8,31,8,3,1.07,1.83,1.1016666666666668
39.1,1,8,31,8,3,1.27,1.1,1.115
-6.0,4,11,31,8,3,1.42,0.25,1.1291666666666667
-9.8,2,12,31,8,3,0.59,1.82,1.08
33.0,3,12,31,8,3,0.64,0.68,1.0725
25.4,3,13,31,8,3,0.5,1.32,1.0804166666666666
-4.0,2,15,31,8,3,1.51,0.62,1.0958333333333334
26.9,2,15,31,8,3,0.99,1.65,1.06375
-7.6,4,16,31,8,3,0.88,1.32,1.0454166666666667
-0.8,1,17,31,8,3,0.88,1.06,1.0670833333333334
4.1,3,17,31,8,3,1.58,1.72,1.055
32.1,4,17,31,8,3,1.43,1.12,1.0795833333333333
-7.9,4,17,31,8,3,1.71,1.74,1.0708333333333333
-7.6,4,17,31,8,3,1.53,1.9,1.0029166666666667
8.0,2,18,31,8,3,0.27,0.97,0.9779166666666667
27.9,1,18,31,8,3,0.37,0.28,1.0225000000000002
3.1,3,20,31,8,3,1.35,1.33,0.9791666666666666
30.2,3,21,31,8,3,0.29,0.27,1.0425
3.1,3,22,31,8,3,1.79,0.6,1.0779166666666666
8.3,2,22,31,8,3,1.45,0.76,1.0941666666666667
-4.6,3,23,31,8,3,1.15,1.67,1.0820833333333333
10.8,1,23,31,8,3,1.38,1.55,1.0799999999999998
21.7,3,23,31,8,3,1.5,0.37,1.1466666666666667
-2.3,3,23,31,8,3,1.97,1.07,1.1387500000000002
12.1,2,23,31,8,3,0.88,1.27,1.10875
-8.6,1,23,31,8,3,0.55,1.42,1.0816666666666668
29.5,5,0,1,9,4,0.77,0.59,1.1187500000000001
-4.3,1,0,1,9,4,1.48,0.64,1.1495833333333334
-4.6,5,0,1,9,4,1.38,0.5,1.1916666666666667
7.2,1,1,1,9,4,1.51,1.51,1.1570833333333332
22.8,2,1,1,9,4,0.68,0.99,1.1679166666666665
-4.3,5,2,1,9,4,1.25,0.88,1.2141666666666666
3.3,5,2,1,9,4,1.99,0.88,1.1929166666666668
14.8,3,3,1,9,4,0.37,1.58,1.165
23.1,2,3,1,9,4,0.91,1.43,1.1154166666666667
-7.4,3,4,1,9,4,0.24,1.71,1.1129166666666666
15.6,2,4,1,9,4,1.65,1.53,1.0695833333333333
31.9,5,5,1,9,4,0.49,0.27,1.10375
38.9,2,5,1,9,4,1.09,0.37,1.1016666666666668
-0.7,5,6,1,9,4,0.32,1.35,1.095
18.8,4,8,1,9,4,1.19,0.29,1.12875
21.4,5,12,1,9,4,1.1,1.79,1.0666666666666667
-0.1,3,13,1,9,4,0.3,1.45,1.0316666666666667
-1.6,2,13,1,9,4,0.61,1.15,1.0574999999999999
-5.0,5,13,1,9,4,1.77,1.38,1.0366666666666666
18.6,2,13,1,9,4,0.88,1.5,1.0270833333333333
24.6,2,14,1,9,4,1.27,1.97,1.0220833333333335
-2.8,2,14,1,9,4,1.85,0.88,1.0279166666666666
8.8,3,14,1,9,4,1.02,0.55,1.05
26.3,3,15,1,9,4,1.08,0.77,1.0833333333333333
2.2,1,16,1,9,4,1.57,1.48,1.0958333333333334
-5.8,5,16,1,9,4,1.78,1.38,1.1125
-1.6,1,17,1,9,4,1.78,1.51,1.05875
-3.9,3,18,1,9,4,0.22,0.68,1.10625
30.2,3,19,1,9,4,1.82,1.25,1.1216666666666668
9.8,1,20,1,9,4,1.62,1.99,1.0529166666666667
27.2,4,23,1,9,4,0.34,0.37,1.1116666666666666
7.8,3,23,1,9,4,1.78,0.91,1.1362500000000002
6.9,5,23,1,9,4,1.5,0.24,1.1875
25.2,2,2,2,9,5,1.47,1.65,1.1733333333333336
6.8,3,3,2,9,5,1.31,0.49,1.1933333333333334
25.3,1,3,2,9,5,0.97,1.09,1.1604166666666667
37.9,2,4,2,9,5,0.3,0.32,1.2125000000000001
-4.1,4,4,2,9,5,1.57,1.19,1.1787500000000002
-8.6,2,5,2,9,5,0.38,1.1,1.19375
7.9,2,6,2,9,5,1.46,0.3,1.2275
26.5,4,6,2,9,5,1.11,0.61,1.2216666666666667
6.7,4,9,2,9,5,0.47,1.77,1.1858333333333333
6.9,3,10,2,9,5,0.91,0.88,1.2204166666666667
14.7,5,12,2,9,5,1.71,1.27,1.1891666666666667
14.5,5,14,2,9,5,0.52,1.85,1.1308333333333334
38.3,2,14,2,9,5,0.45,1.02,1.12125
33.2,3,14,2,9,5,0.79,1.08,1.1183333333333334
35.0,1,18,2,9,5,1.01,1.57,1.0916666666666666
34.4,5,18,2,9,5,0.93,1.78,1.1008333333333333
1.1,4,19,2,9,5,2.0,1.78,1.10875
39.0,3,20,2,9,5,1.97,0.22,1.1379166666666667
22.1,2,20,2,9,5,0.92,1.82,1.1387500000000002
15.7,1,21,2,9,5,1.84,1.62,1.1170833333333334
27.1,3,21,2,9,5,1.1,0.34,1.1279166666666667
-2.5,5,0,3,9,6,0.6,1.78,1.1183333333333334
8.2,1,1,3,9,6,1.55,1.5,1.075
13.3,2,2,3,9,6,0.46,1.47,1.0675000000000001
37.8,1,2,3,9,6,1.29,1.31,1.0258333333333334
9.7,2,2,3,9,6,0.31,0.97,1.0266666666666666
39.9,4,4,3,9,6,0.99,0.3,1.0275
9.2,3,6,3,9,6,0.32,1.57,1.0174999999999998
15.1,5,6,3,9,6,1.33,0.38,1.0545833333333332
-4.9,2,7,3,9,6,1.27,1.46,1.0579166666666666
3.3,3,7,3,9,6,1.54,1.11,1.0529166666666667
0.3,5,11,3,9,6,0.99,0.47,1.0625
25.5,2,12,3,9,6,0.7,0.91,1.0433333333333332
37.5,5,12,3,9,6,0.45,1.71,0.9933333333333333
13.4,4,13,3,9,6,0.51,0.52,0.9916666666666667
-6.8,1,14,3,9,6,0.48,0.45,1.0379166666666666
31.8,5,15,3,9,6,1.56,0.79,1.0416666666666667
23.5,4,15,3,9,6,0.88,1.01,1.07875
26.0,2,15,3,9,6,1.9,0.93,1.1133333333333333
19.6,3,16,3,9,6,1.76,2.0,1.0708333333333333
25.9,1,17,3,9,6,0.98,1.97,1.0154166666666666
3.0,3,18,3,9,6,0.64,0.92,1.0533333333333335
11.1,4,19,3,9,6,1.83,1.84,1.0479166666666666
17.2,2,20,3,9,6,1.71,1.1,1.0220833333333332
37.5,5,21,3,9,6,0.48,0.6,1.0262499999999999
38.1,2,22,3,9,6,0.7,1.55,0.9795833333333334
29.0,1,1,4,9,0,0.43,0.46,0.98375
-3.0,2,2,4,9,0,0.56,1.29,0.9812500000000001
1.9,5,2,4,9,0,1.23,0.31,1.0283333333333333
37.9,4,2,4,9,0,1.44,0.99,1.03125
34.8,5,2,4,9,0,1.06,0.32,1.0916666666666666
37.9,2,3,4,9,0,1.77,1.33,1.1175
15.1,1,3,4,9,0,1.95,1.27,1.1020833333333333
11.9,2,6,4,9,0,0.9,1.54,1.0604166666666666
-8.1,5,7,4,9,0,0.54,0.99,1.0979166666666667
9.2,4,8,4,9,0,1.89,0.7,1.1375
17.9,3,9,4,9,0,1.65,0.45,1.1345833333333333
7.0,2,9,4,9,0,0.38,0.51,1.1454166666666665
-8.5,4,10,4,9,0,0.77,0.48,1.1475
-0.1,1,11,4,9,0,0.53,1.56,1.11125
21.2,2,11,4,9,0,0.69,0.88,1.1275
26.9,4,11,4,9,0,1.27,1.9,1.0574999999999999
34.5,1,12,4,9,0,0.22,1.76,1.0258333333333334
-3.9,1,12,4,9,0,1.0,0.98,1.01625
18.5,2,12,4,9,0,0.75,0.64,1.03125
2.5,2,13,4,9,0,1.0,1.83,1.01875
34.9,2,13,4,9,0,1.53,1.71,1.0041666666666667
34.6,5,15,4,9,0,1.36,0.48,1.0241666666666667
12.2,5,17,4,9,0,0.96,0.7,1.0375
-4.4,4,18,4,9,0,1.02,0.43,1.1020833333333333
22.4,4,19,4,9,0,1.98,0.56,1.1108333333333333
-5.1,2,19,4,9,0,0.77,1.23,1.07625
11.8,5,21,4,9,0,0.4,1.44,1.04125
15.7,2,22,4,9,0,0.6,1.06,1.0683333333333334
21.0,3,22,4,9,0,1.71,1.77,1.0741666666666667
15.8,1,22,4,9,0,1.91,1.95,1.0391666666666668
22.2,4,22,4,9,0,1.11,0.9,1.0625
14.9,2,0,5,9,1,1.46,0.54,1.0487499999999998
26.1,1,1,5,9,1,0.21,1.89,1.0391666666666668
14.4,5,4,5,9,1,1.66,1.65,0.9845833333333333
25.1,3,4,5,9,1,0.34,0.38,0.9812500000000001
-2.8,1,5,5,9,1,0.3,0.77,1.0066666666666666
12.4,4,5,5,9,1,1.38,0.53,1.0220833333333335
39.3,3,6,5,9,1,0.9,0.69,1.0091666666666665
18.8,2,6,5,9,1,0.38,1.27,0.97625
15.0,1,7,5,9,1,0.48,0.22,1.0445833333333334
16.2,4,8,5,9,1,1.86,1.0,1.0341666666666667
-4.1,3,9,5,9,1,0.75,0.75,1.0316666666666667
7.3,1,13,5,9,1,0.69,1.0,1.05375
17.1,1,13,5,9,1,1.53,1.53,1.045
23.4,3,13,5,9,1,1.32,1.36,1.035
0.5,3,14,5,9,1,1.12,0.96,1.0345833333333332
1.3,2,15,5,9,1,0.95,1.02,1.0654166666666667
29.4,2,16,5,9,1,1.76,1.98,0.9933333333333333
18.9,1,16,5,9,1,0.25,0.77,1.03875
21.0,4,18,5,9,1,1.86,0.4,1.0408333333333333
26.5,3,21,5,9,1,0.45,0.6,1.05125
23.7,1,21,5,9,1,0.85,1.71,1.0199999999999998
-0.6,3,22,5,9,1,0.96,1.91,0.9554166666666668
38.4,1,22,5,9,1,0.36,1.11,0.9870833333333332
22.8,2,23,5,9,1,1.87,1.46,0.9416666666666668
-7.7,5,0,6,9,2,0.37,0.21,0.9895833333333334
8.9,5,0,6,9,2,1.36,1.66,0.9991666666666666
-4.4,4,0,6,9,2,1.89,0.34,1.0275
3.2,5,1,6,9,2,1.02,0.3,1.0816666666666668
28.5,2,1,6,9,2,1.6,1.38,1.1004166666666666
22.3,3,3,6,9,2,1.83,0.9,1.1125
9.6,1,4,6,9,2,1.19,0.38,1.12875
31.8,4,5,6,9,2,0.77,0.48,1.155
18.3,3,5,6,9,2,1.11,1.86,1.15875
39.6,1,6,6,9,2,1.95,0.75,1.195
-2.2,2,6,6,9,2,1.62,0.69,1.1841666666666666
-0.1,5,7,6,9,2,0.43,1.53,1.135
4.3,4,7,6,9,2,0.35,1.32,1.1408333333333334
-4.8,5,8,6,9,2,1.46,1.12,1.1441666666666668
20.5,5,8,6,9,2,1.2,0.95,1.14875
29.9,2,9,6,9,2,1.06,1.76,1.1175
-5.0,3,11,6,9,2,1.01,0.25,1.18125
34.0,2,11,6,9,2,1.78,1.86,1.1554166666666668
10.9,4,13,6,9,2,1.24,0.45,1.1804166666666667
1.4,4,13,6,9,2,1.05,0.85,1.1766666666666665
35.7,1,14,6,9,2,0.76,0.96,1.1875000000000002
27.0,3,15,6,9,2,1.22,0.36,1.2454166666666666
39.5,2,15,6,9,2,1.75,1.87,1.1854166666666668
34.9,4,17,6,9,2,0.43,0.37,1.1812500000000001
8.6,2,18,6,9,2,0.27,1.36,1.1366666666666667
29.0,4,18,6,9,2,0.29,1.89,1.10125
29.6,3,19,6,9,2,1.04,1.02,1.0920833333333333
35.2,5,20,6,9,2,0.8,1.6,1.0570833333333334
35.4,1,21,6,9,2,0.76,1.83,1.0591666666666668
1.5,1,3,7,9,3,1.88,1.19,1.0816666666666668
9.1,2,4,7,9,3,1.73,0.77,1.11
17.6,4,4,7,9,3,1.45,1.11,1.0966666666666667
-8.4,3,7,7,9,3,0.79,1.95,1.04125
33.8,5,7,7,9,3,0.62,1.62,0.9883333333333333
27.5,3,7,7,9,3,0.35,0.43,1.0316666666666667
-7.6,2,7,7,9,3,1.47,0.35,1.0620833333333333
35.2,2,9,7,9,3,1.08,1.46,1.0225
13.1,2,9,7,9,3,0.51,1.2,1.0233333333333332
2.2,5,10,7,9,3,1.22,1.06,1.05375
-2.8,2,12,7,9,3,1.79,1.01,1.0725
-9.3,1,12,7,9,3,1.46,1.78,1.0354166666666667
37.0,3,12,7,9,3,0.89,1.24,1.0625
14.5,4,14,7,9,3,1.89,1.05,1.0633333333333332
29.2,3,15,7,9,3,1.07,0.76,1.0691666666666666
10.6,4,16,7,9,3,0.9,1.22,1.0983333333333334
39.9,4,16,7,9,3,1.92,1.75,1.0404166666666665
6.4,5,16,7,9,3,0.36,0.43,1.05375
-6.0,5,17,7,9,3,0.75,0.27,1.1204166666666666
15.3,4,17,7,9,3,1.87,0.29,1.1783333333333335
8.0,4,17,7,9,3,1.68,1.04,1.1775
12.2,5,18,7,9,3,1.02,0.8,1.2016666666666667
11.0,4,18,7,9,3,1.38,0.76,1.2058333333333333
11.0,3,22,7,9,3,0.86,1.88,1.1483333333333332
9.6,2,3,8,9,4,0.5,1.73,1.1483333333333332
-9.2,1,4,8,9,4,1.73,1.45,1.1558333333333333
17.1,3,5,8,9,4,1.63,0.79,1.20625
31.8,5,6,8,9,4,2.0,0.62,1.25875
34.2,5,7,8,9,4,1.88,0.35,1.3141666666666667
9.2,2,8,8,9,4,1.68,1.47,1.2779166666666666
28.7,3,9,8,9,4,0.6,1.08,1.27125
16.4,4,10,8,9,4,0.92,0.51,1.3004166666666668
31.6,4,11,8,9,4,1.21,1.22,1.3191666666666666
5.0,2,11,8,9,4,1.67,1.79,1.3029166666666667
2.7,3,13,8,9,4,1.4,1.46,1.2666666666666666
39.5,5,13,8,9,4,0.59,0.89,1.3045833333333332
8.1,1,13,8,9,4,1.8,1.89,1.2429166666666667
23.0,5,16,8,9,4,0.41,1.07,1.2279166666666665
22.7,2,18,8,9,4,0.71,0.9,1.2441666666666666
3.4,2,19,8,9,4,1.29,1.92,1.2366666666666666
28.6,2,20,8,9,4,1.74,0.36,1.23875
6.8,2,21,8,9,4,0.41,0.75,1.2587499999999998
-7.8,5,21,8,9,4,1.23,1.87,1.2579166666666666
-8.5,2,22,8,9,4,1.85,1.68,1.2029166666666666
2.2,1,22,8,9,4,0.36,1.02,1.2354166666666666
37.7,4,22,8,9,4,1.8,1.38,1.2045833333333333
18.2,1,23,8,9,4,0.64,0.86,1.2345833333333334
28.6,5,23,8,9,4,1.58,0.5,1.2966666666666666
1.4,1,2,9,9,5,1.99,1.73,1.2770833333333333
11.2,5,5,9,9,5,1.26,1.63,1.27125
3.0,4,6,9,9,5,1.49,2.0,1.21375
18.5,3,6,9,9,5,0.62,1.88,1.1775
29.0,2,9,9,9,5,1.01,1.68,1.1429166666666666
37.3,2,11,9,9,5,0.85,0.6,1.1433333333333333
15.8,4,12,9,9,5,0.61,0.92,1.13625
-2.3,3,12,9,9,5,0.75,1.21,1.1475
28.5,2,12,9,9,5,1.48,1.67,1.0866666666666667
15.5,5,14,9,9,5,0.21,1.4,1.0966666666666667
32.2,2,14,9,9,5,1.64,0.59,1.1533333333333333
39.6,5,19,9,9,5,1.95,1.8,1.09
1.9,1,19,9,9,5,0.28,0.41,1.0895833333333333
10.3,3,20,9,9,5,0.4,0.71,1.13375
10.9,1,21,9,9,5,1.77,1.29,1.1366666666666667
2.2,5,22,9,9,5,1.36,1.74,1.09
4.6,5,23,9,9,5,0.62,0.41,1.0920833333333333
-9.0,5,23,9,9,5,0.46,1.23,1.0758333333333334
30.9,5,0,10,9,6,0.84,1.85,1.0091666666666665
10.4,3,0,10,9,6,0.25,0.36,1.0129166666666667
12.2,2,1,10,9,6,0.45,1.8,0.9733333333333333
11.9,1,1,10,9,6,0.85,0.64,1.0283333333333333
6.1,3,2,10,9,6,1.96,1.58,1.04
26.1,2,2,10,9,6,1.86,1.99,1.03125
21.3,3,4,10,9,6,1.78,1.26,1.0383333333333333
32.9,1,4,10,9,6,1.43,1.49,1.03875
37.2,1,5,10,9,6,1.5,0.62,1.0820833333333333
33.1,4,6,10,9,6,1.66,1.01,1.1191666666666666
24.8,4,6,10,9,6,1.9,0.85,1.1366666666666665
-5.6,5,8,10,9,6,1.27,0.61,1.1604166666666667
9.6,1,8,10,9,6,1.18,0.75,1.1741666666666666
39.0,3,8,10,9,6,1.08,1.48,1.1379166666666667
28.0,1,11,10,9,6,0.61,0.21,1.1870833333333333
0.9,3,11,10,9,6,1.39,1.64,1.1804166666666667
9.9,5,12,10,9,6,1.48,1.95,1.13375
18.0,3,13,10,9,6,0.83,0.28,1.1845833333333333
4.6,4,15,10,9,6,1.5,0.4,1.1904166666666667
-0.9,3,15,10,9,6,0.54,1.77,1.1708333333333332
28.2,1,15,10,9,6,1.3,1.36,1.17
13.4,4,16,10,9,6,1.34,0.62,1.1829166666666666
38.7,5,16,10,9,6,0.93,0.46,1.1829166666666666
-4.1,4,18,10,9,6,0.46,0.84,1.1904166666666667
0.7,2,18,10,9,6,1.02,0.25,1.2437500000000001
17.4,2,19,10,9,6,1.53,0.45,1.27375
10.5,5,19,10,9,6,1.17,0.85,1.2870833333333334
-2.6,5,19,10,9,6,1.17,1.96,1.2758333333333334
-0.5,5,19,10,9,6,1.69,1.86,1.2095833333333335
36.5,2,21,10,9,6,0.27,1.78,1.2133333333333334
29.8,2,3,11,9,0,1.87,1.43,1.1645833333333333
39.8,4,3,11,9,0,0.26,1.5,1.1829166666666666
4.0,2,3,11,9,0,1.94,1.66,1.1658333333333333
12.0,1,3,11,9,0,1.25,1.9,1.1158333333333335
2.2,1,4,11,9,0,0.7,1.27,1.12625
30.6,1,4,11,9,0,1.52,1.18,1.1433333333333333
-7.5,3,4,11,9,0,1.59,1.08,1.1145833333333333
-2.2,2,6,11,9,0,0.39,0.61,1.1658333333333333
14.0,2,6,11,9,0,1.84,1.39,1.1704166666666667
36.1,5,7,11,9,0,1.5,1.48,1.1533333333333333
-8.4,2,8,11,9,0,1.07,0.83,1.14625
18.9,3,9,11,9,0,0.66,1.5,1.16
18.3,4,10,11,9,0,1.83,0.54,1.1516666666666666
-3.9,3,11,11,9,0,0.34,1.3,1.145
37.6,3,11,11,9,0,1.14,1.34,1.1554166666666668
12.1,3,12,11,9,0,1.59,0.93,1.1900000000000002
10.7,1,13,11,9,0,1.76,0.46,1.2437500000000001
20.3,5,13,11,9,0,1.75,1.02,1.27125
18.9,1,13,11,9,0,1.68,1.53,1.2204166666666667
38.1,3,14,11,9,0,0.31,1.17,1.2045833333333333
-5.0,4,16,11,9,0,0.79,1.17,1.1741666666666666
-3.6,3,17,11,9,0,0.44,1.69,1.1641666666666666
33.2,4,20,11,9,0,1.45,0.27,1.2125
6.0,5,21,11,9,0,1.43,1.87,1.20125
27.7,5,23,11,9,0,1.6,0.26,1.1995833333333332
33.9,4,0,12,9,1,0.22,1.94,1.1624999999999999
19.1,4,0,12,9,1,1.05,1.25,1.1516666666666666
-3.0,1,0,12,9,1,0.99,0.7,1.2041666666666666
3.3,4,1,12,9,1,1.96,1.52,1.2116666666666667
12.6,2,1,12,9,1,1.7,1.59,1.1612500000000001
17.5,5,2,12,9,1,0.38,0.39,1.2033333333333334
-6.2,2,4,12,9,1,1.4,1.84,1.205
26.2,1,5,12,9,1,1.88,1.5,1.22125
25.3,1,6,12,9,1,1.89,1.07,1.2395833333333333
-7.7,3,6,12,9,1,1.51,0.66,1.2866666666666666
-1.2,5,7,12,9,1,1.79,1.83,1.2508333333333332
21.8,5,8,12,9,1,0.97,0.34,1.26125
27.0,2,8,12,9,1,0.59,1.14,1.2720833333333335
27.2,3,8,12,9,1,1.4,1.59,1.2404166666666667
28.4,3,10,12,9,1,0.83,1.76,1.2095833333333335
-1.7,2,11,12,9,1,1.02,1.75,1.2120833333333334
3.4,1,11,12,9,1,1.81,1.68,1.1829166666666666
27.3,2,13,12,9,1,0.98,0.31,1.235
20.5,5,14,12,9,1,1.56,0.79,1.2320833333333332
22.7,2,14,12,9,1,0.72,0.44,1.27375
-3.2,4,15,12,9,1,1.44,1.45,1.2825
4.4,2,15,12,9,1,1.66,1.43,1.3037500000000002
27.2,5,16,12,9,1,1.94,1.6,1.265
-1.7,3,16,12,9,1,0.67,0.22,1.33875
13.6,4,17,12,9,1,1.99,1.05,1.32875
38.1,5,18,12,9,1,0.81,0.99,1.3425
37.4,2,19,12,9,1,1.32,1.96,1.3154166666666667
32.4,3,21,12,9,1,1.31,1.7,1.2954166666666667
25.5,3,21,12,9,1,1.22,0.38,1.3216666666666665
-0.9,2,22,12,9,1,1.01,1.4,1.3291666666666668
1.8,1,22,12,9,1,1.58,1.88,1.3120833333333335
2.6,4,23,12,9,1,1.47,1.89,1.2516666666666667
22.7,2,23,12,9,1,0.44,1.51,1.2308333333333332
28.5,5,0,13,9,2,1.01,1.79,1.1975
27.4,5,1,13,9,2,0.99,0.97,1.1816666666666669
4.4,4,2,13,9,2,0.59,0.59,1.2258333333333333
23.3,1,3,13,9,2,1.65,1.4,1.1770833333333333
3.9,5,3,13,9,2,0.23,0.83,1.2237500000000001
2.5,3,3,13,9,2,1.95,1.02,1.1958333333333335
10.0,5,4,13,9,2,0.35,1.81,1.195
25.1,5,5,13,9,2,1.79,0.98,1.1970833333333333
-3.5,2,5,13,9,2,1.03,1.56,1.1841666666666668
20.2,1,6,13,9,2,1.25,0.72,1.2304166666666667
-4.9,3,9,13,9,2,1.83,1.44,1.2020833333333334
35.3,4,9,13,9,2,0.76,1.66,1.1575
8.2,2,10,13,9,2,0.59,1.94,1.1420833333333333
26.8,5,12,13,9,2,1.57,0.67,1.1241666666666668
34.6,2,13,13,9,2,0.24,1.99,1.1070833333333334
6.6,5,14,13,9,2,1.58,0.81,1.1179166666666667
-6.4,5,14,13,9,2,1.07,1.32,1.1191666666666666
-8.8,5,15,13,9,2,1.35,1.31,1.09
13.0,4,15,13,9,2,0.61,1.22,1.1016666666666666
5.9,4,15,13,9,2,1.5,1.01,1.14
-6.4,3,18,13,9,2,1.93,1.58,1.1508333333333332
-2.4,1,18,13,9,2,1.84,1.47,1.1304166666666666
20.7,2,20,13,9,2,0.98,0.44,1.1433333333333333
10.5,1,20,13,9,2,0.75,1.01,1.1633333333333333
30.3,5,21,13,9,2,1.49,0.99,1.1654166666666665
2.8,4,22,13,9,2,1.04,0.59,1.1904166666666667
18.6,1,1,14,9,3,1.19,1.65,1.1941666666666666
11.3,2,1,14,9,3,1.74,0.23,1.2566666666666666
-4.2,2,2,14,9,3,1.73,1.95,1.2533333333333334
-9.1,4,4,14,9,3,1.87,0.35,1.29
0.8,4,4,14,9,3,1.23,1.79,1.2266666666666668
27.8,1,5,14,9,3,0.27,1.03,1.26125
39.7,1,6,14,9,3,1.86,1.25,1.2416666666666665
15.8,4,8,14,9,3,0.78,1.83,1.2445833333333334
25.5,2,8,14,9,3,1.9,0.76,1.2329166666666667
28.3,3,8,14,9,3,0.48,0.59,1.2866666666666666
31.0,5,10,14,9,3,1.88,1.57,1.2679166666666666
31.5,2,11,14,9,3,1.12,0.24,1.3066666666666666
-3.6,5,12,14,9,3,1.17,1.58,1.2508333333333332
-1.2,4,13,14,9,3,0.24,1.07,1.2266666666666668
-2.6,3,13,14,9,3,0.49,1.35,1.1824999999999999
18.6,3,15,14,9,3,0.29,0.61,1.22875
13.1,5,16,14,9,3,1.72,1.5,1.2479166666666666
2.3,2,16,14,9,3,1.96,1.93,1.2491666666666668
11.6,1,18,14,9,3,1.96,1.84,1.23875
25.2,5,19,14,9,3,1.59,0.98,1.2575
-4.5,1,20,14,9,3,1.43,0.75,1.2704166666666667
38.8,4,21,14,9,3,1.06,1.49,1.2175
29.0,1,22,14,9,3,0.22,1.04,1.2249999999999999
-3.4,1,23,14,9,3,1.22,1.19,1.2104166666666665
17.3,1,23,14,9,3,0.84,1.74,1.2175
20.2,2,2,15,9,4,1.91,1.73,1.1624999999999999
13.2,3,4,15,9,4,0.41,1.87,1.1391666666666667
-4.0,4,5,15,9,4,1.31,1.23,1.1633333333333333
-1.8,4,5,15,9,4,1.81,0.27,1.2120833333333334
21.3,2,6,15,9,4,1.44,1.86,1.1595833333333332
29.9,3,7,15,9,4,0.6,0.78,1.1858333333333333
34.7,5,8,15,9,4,1.41,1.9,1.1420833333333333
22.3,2,10,15,9,4,0.85,0.48,1.1704166666666667
12.3,5,10,15,9,4,1.16,1.88,1.1479166666666667
34.8,5,10,15,9,4,1.34,1.12,1.1279166666666667
-1.7,3,12,15,9,4,0.64,1.17,1.0954166666666667
26.6,1,12,15,9,4,0.39,0.24,1.0991666666666666
26.5,4,12,15,9,4,0.33,0.49,1.1316666666666666
5.6,2,14,15,9,4,1.27,0.29,1.1775
21.8,3,15,15,9,4,1.39,1.72,1.1624999999999999
32.2,1,15,15,9,4,1.36,1.96,1.1625
24.8,5,15,15,9,4,1.96,1.96,1.0925
20.2,5,15,15,9,4,0.28,1.59,1.0445833333333334
32.3,1,16,15,9,4,0.44,1.43,1.0
17.8,3,16,15,9,4,0.36,1.06,1.0320833333333332
2.4,1,17,15,9,4,1.83,0.22,1.10375
37.5,5,18,15,9,4,1.94,1.22,1.0820833333333335
7.0,2,18,15,9,4,0.7,0.84,1.1141666666666667
-8.8,4,18,15,9,4,1.61,1.91,1.05125
-0.7,1,18,15,9,4,0.4,0.41,1.0883333333333334
32.0,2,18,15,9,4,1.3,1.31,1.1104166666666666
20.1,2,21,15,9,4,1.84,1.81,1.0633333333333332
20.4,3,22,15,9,4,0.68,1.44,1.0341666666666667
36.0,5,22,15,9,4,0.74,0.6,1.0683333333333334
-7.4,1,0,16,9,5,1.42,1.41,1.06625
-2.2,2,0,16,9,5,1.36,0.85,1.0679166666666666
3.8,2,1,16,9,5,0.89,1.16,1.07375
26.0,2,1,16,9,5,1.3,1.34,1.0275
-0.7,5,1,16,9,5,0.23,0.64,1.07
-5.2,4,1,16,9,5,1.66,0.39,1.1362500000000002
14.8,3,2,16,9,5,1.98,0.33,1.1533333333333333
7.5,1,3,16,9,5,0.74,1.27,1.1612500000000001
20.8,3,8,16,9,5,1.46,1.39,1.1166666666666667
8.0,2,9,16,9,5,0.32,1.36,1.13625
4.7,5,10,16,9,5,1.83,1.96,1.1308333333333334
10.3,5,11,16,9,5,1.83,0.28,1.1783333333333335
5.4,5,11,16,9,5,1.42,0.44,1.20875
4.6,5,12,16,9,5,1.17,0.36,1.2212500000000002
6.9,5,12,16,9,5,0.66,1.83,1.2245833333333334
5.6,5,13,16,9,5,1.91,1.94,1.1616666666666668
33.5,3,14,16,9,5,0.43,0.7,1.1775
10.5,5,15,16,9,5,1.08,1.61,1.1929166666666666
11.4,2,16,16,9,5,1.98,0.4,1.2325000000000002
20.5,2,16,16,9,5,1.35,1.3,1.2383333333333333
8.1,5,18,16,9,5,1.44,1.84,1.2416666666666667
31.7,2,18,16,9,5,1.92,0.68,1.24
8.5,2,20,16,9,5,0.64,0.74,1.2908333333333333
13.6,5,23,16,9,5,1.96,1.42,1.2604166666666667
37.9,4,1,17,9,6,0.69,1.36,1.2741666666666667
12.8,2,2,17,9,6,1.69,0.89,1.2504166666666667
30.2,4,2,17,9,6,0.32,1.3,1.2575
21.1,1,3,17,9,6,1.47,0.23,1.2866666666666666
-2.9,1,3,17,9,6,0.93,1.66,1.2474999999999998
38.5,3,3,17,9,6,0.72,1.98,1.19125
2.4,2,4,17,9,6,0.63,0.74,1.21
16.5,5,7,17,9,6,1.19,1.46,1.1779166666666667
29.4,2,7,17,9,6,0.69,0.32,1.2129166666666666
-2.0,3,8,17,9,6,1.16,1.83,1.1870833333333335
18.3,2,9,17,9,6,1.21,1.83,1.1829166666666666
4.1,4,10,17,9,6,1.73,1.42,1.1816666666666666
27.2,2,10,17,9,6,1.39,1.17,1.145
27.1,1,10,17,9,6,0.29,0.66,1.1295833333333334
27.9,3,12,17,9,6,0.29,1.91,1.09375
11.9,5,13,17,9,6,1.05,0.43,1.1454166666666665
34.6,3,13,17,9,6,1.67,1.08,1.12375
32.7,1,13,17,9,6,0.56,1.98,1.0954166666666667
18.4,2,14,17,9,6,1.3,1.35,1.0895833333333333
34.7,3,14,17,9,6,1.21,1.44,1.0695833333333333
30.8,3,14,17,9,6,0.96,1.92,1.0725
0.5,5,15,17,9,6,1.99,0.64,1.06375
37.4,3,15,17,9,6,0.43,1.96,1.0154166666666666
12.0,1,17,17,9,6,0.8,0.69,1.0358333333333334
-6.2,4,21,17,9,6,1.18,1.69,0.9879166666666666
-6.2,5,22,17,9,6,0.54,0.32,1.0391666666666666
39.9,3,23,17,9,6,1.55,1.47,1.0504166666666668
10.8,4,0,18,9,0,1.74,0.93,1.0766666666666667
7.8,3,1,18,9,0,1.56,0.72,1.0841666666666667
28.5,5,2,18,9,0,0.9,0.63,1.1291666666666667
36.3,2,3,18,9,0,1.71,1.19,1.1283333333333334
19.6,3,4,18,9,0,1.17,0.69,1.16
0.6,1,4,18,9,0,1.45,1.16,1.1858333333333333
16.1,4,7,18,9,0,1.78,1.21,1.1512499999999999
29.0,2,8,18,9,0,0.38,1.73,1.1475
-8.7,2,8,18,9,0,1.64,1.39,1.1020833333333335
20.7,3,9,18,9,0,0.3,0.29,1.1204166666666666
19.6,2,10,18,9,0,0.73,0.29,1.1533333333333333
19.9,3,10,18,9,0,1.08,1.05,1.1312499999999999
-3.4,3,10,18,9,0,0.52,1.67,1.0758333333333334
22.8,2,12,18,9,0,0.34,0.56,1.1075
11.6,1,13,18,9,0,1.32,1.3,1.0620833333333335
39.9,2,14,18,9,0,0.21,1.21,1.0395833333333333
30.6,1,14,18,9,0,0.67,0.96,1.0129166666666667
39.4,1,15,18,9,0,0.32,1.99,0.99375
23.1,4,15,18,9,0,1.53,0.43,1.0220833333333335
18.9,4,15,18,9,0,1.11,0.8,1.0608333333333333
26.7,5,16,18,9,0,1.73,1.18,1.0691666666666666
22.9,2,19,18,9,0,1.38,0.54,1.0870833333333334
29.9,4,19,18,9,0,0.97,1.55,1.0758333333333334
-7.8,3,22,18,9,0,1.28,1.74,1.0133333333333334
7.5,1,23,18,9,0,0.24,1.56,0.9891666666666667
6.4,3,23,18,9,0,0.98,0.9,0.9883333333333334
7.9,3,1,19,9,1,0.88,1.71,0.9975
22.3,3,1,19,9,1,1.93,1.17,0.9841666666666665
0.6,2,3,19,9,1,0.85,1.45,0.9958333333333332
-6.3,5,5,19,9,1,1.73,1.78,0.9920833333333333
2.3,2,5,19,9,1,1.69,0.38,1.0541666666666667
-7.1,3,8,19,9,1,1.87,1.64,1.015
20.3,4,8,19,9,1,0.7,0.3,1.0670833333333334
33.0,2,9,19,9,1,1.55,0.73,1.0720833333333333
-0.4,4,9,19,9,1,0.85,1.08,1.0479166666666666
3.0,4,9,19,9,1,0.5,0.52,1.0479166666666666
10.6,4,9,19,9,1,0.52,0.34,1.1020833333333333
-3.0,4,11,19,9,1,1.64,1.32,1.09375
33.5,2,11,19,9,1,1.12,0.21,1.1208333333333333
-3.1,3,11,19,9,1,0.86,0.67,1.12625
15.3,4,11,19,9,1,0.8,0.32,1.1608333333333334
-0.6,1,11,19,9,1,1.15,1.53,1.1791666666666667
4.6,2,12,19,9,1,1.97,1.11,1.175
1.4,3,15,19,9,1,1.01,1.73,1.1608333333333334
-9.2,2,15,19,9,1,1.39,1.38,1.1629166666666666
19.2,5,16,19,9,1,1.43,0.97,1.1320833333333333
31.6,4,16,19,9,1,0.23,1.28,1.1491666666666667
-8.0,1,16,19,9,1,1.69,0.24,1.1729166666666666
17.2,5,18,19,9,1,0.81,0.98,1.1866666666666665
-7.4,2,19,19,9,1,1.31,0.88,1.2333333333333332
6.2,1,20,19,9,1,2.0,1.93,1.1720833333333334
17.6,5,20,19,9,1,0.46,0.85,1.1495833333333334
18.0,1,20,19,9,1,0.31,1.73,1.0904166666666668
17.7,3,21,19,9,1,0.31,1.69,1.0629166666666667
16.8,1,22,19,9,1,1.03,1.87,1.01
-6.2,4,22,19,9,1,0.6,0.7,1.0504166666666668
39.7,3,23,19,9,1,1.67,1.55,1.0508333333333333
30.2,1,23,19,9,1,1.56,0.85,1.0545833333333334
-9.4,1,23,19,9,1,0.94,0.5,1.0962500000000002
-4.2,1,23,19,9,1,1.5,0.52,1.0854166666666667
25.0,3,23,19,9,1,0.26,1.64,1.0375
8.5,2,0,20,9,2,0.49,1.12,1.0374999999999999
23.0,4,2,20,9,2,1.12,0.86,1.0195833333333333
34.2,2,4,20,9,2,0.43,0.8,1.0174999999999998
38.1,4,5,20,9,2,0.75,1.15,1.0245833333333334
15.2,3,6,20,9,2,1.32,1.97,0.9624999999999999
2.4,5,6,20,9,2,0.48,1.01,1.0004166666666667
26.3,2,7,20,9,2,1.92,1.39,0.975
0.7,2,7,20,9,2,0.78,1.43,0.9654166666666667
39.8,2,10,20,9,2,1.2,0.23,1.0033333333333332
-9.4,4,10,20,9,2,1.14,1.69,0.9770833333333333
16.5,2,10,20,9,2,1.06,0.81,0.9679166666666666
25.3,4,11,20,9,2,0.59,1.31,0.9891666666666667
39.4,4,12,20,9,2,1.82,2.0,0.9458333333333334
35.1,1,12,20,9,2,0.96,0.46,0.9383333333333334
26.1,2,14,20,9,2,0.28,0.31,0.9629166666666668
5.3,4,18,20,9,2,0.9,0.31,0.99625
-5.5,1,19,20,9,2,1.11,1.03,0.9954166666666665
24.9,2,20,20,9,2,1.01,0.6,1.0458333333333334
-0.8,5,20,20,9,2,1.81,1.67,1.0425
2.4,1,20,20,9,2,1.59,1.56,1.0445833333333334
38.6,5,21,20,9,2,1.61,0.94,1.0641666666666667
13.0,5,21,20,9,2,1.41,1.5,1.0766666666666667
-3.0,5,22,20,9,2,1.8,0.26,1.0891666666666666
4.9,1,22,20,9,2,0.56,0.49,1.1483333333333332
-7.0,4,0,21,9,3,1.91,1.12,1.175
23.3,2,1,21,9,3,1.76,0.43,1.1970833333333333
16.9,3,5,21,9,3,0.96,0.75,1.1991666666666667
6.1,1,5,21,9,3,0.8,1.32,1.1787500000000002
-3.0,3,5,21,9,3,0.83,0.48,1.1995833333333332
38.0,2,7,21,9,3,0.98,1.92,1.1704166666666667
2.0,2,7,21,9,3,1.22,0.78,1.1520833333333333
-6.0,3,8,21,9,3,0.34,1.2,1.13875
1.6,1,8,21,9,3,0.88,1.14,1.1695833333333334
20.9,3,8,21,9,3,1.88,1.06,1.175
34.5,4,9,21,9,3,1.19,0.59,1.2108333333333332
13.1,4,9,21,9,3,1.45,1.82,1.2020833333333332
13.4,2,9,21,9,3,1.61,0.96,1.2337500000000001
35.2,1,10,21,9,3,1.72,0.28,1.23375
7.9,3,10,21,9,3,0.28,0.9,1.2333333333333332
-3.9,3,11,21,9,3,0.89,1.11,1.2433333333333334
21.7,3,12,21,9,3,1.35,1.01,1.2191666666666667
-8.6,4,12,21,9,3,0.43,1.81,1.2225
35.6,3,13,21,9,3,1.89,1.59,1.2058333333333333
-3.4,1,14,21,9,3,1.19,1.61,1.2091666666666667
8.6,5,14,21,9,3,1.69,1.41,1.1770833333333333
22.3,2,15,21,9,3,0.64,1.8,1.1383333333333332
-0.6,4,15,21,9,3,0.87,0.56,1.12625
11.2,1,15,21,9,3,0.27,1.91,1.0983333333333334
38.2,1,18,21,9,3,1.24,1.76,1.0841666666666665
-5.0,2,19,21,9,3,1.42,0.96,1.0529166666666667
13.7,4,20,21,9,3,0.21,0.8,1.0395833333333333
30.5,4,20,21,9,3,0.48,0.83,1.0504166666666666
16.9,1,22,21,9,3,1.09,0.98,1.0562500000000001
-3.1,3,22,21,9,3,1.12,1.22,1.0208333333333333
24.5,2,23,21,9,3,0.37,0.34,1.0683333333333334
5.1,1,23,21,9,3,1.48,0.88,1.0654166666666667
-9.9,4,1,22,9,4,0.81,1.88,1.0241666666666667
13.0,3,2,22,9,4,0.89,1.19,1.01875
1.5,2,3,22,9,4,1.06,1.45,0.9841666666666667
35.3,4,3,22,9,4,0.62,1.61,0.9620833333333333
29.7,3,3,22,9,4,1.08,1.72,0.9091666666666667
5.5,4,7,22,9,4,0.45,0.28,0.9420833333333333
23.1,5,9,22,9,4,1.07,0.89,0.9725
26.8,4,9,22,9,4,1.62,1.35,0.9545833333333333
33.1,5,10,22,9,4,0.92,0.43,0.9758333333333332
-4.0,2,10,22,9,4,0.94,1.89,0.91
-4.7,5,11,22,9,4,0.31,1.19,0.9370833333333334
25.7,2,12,22,9,4,1.84,1.69,0.9266666666666666
16.7,4,13,22,9,4,1.44,0.64,0.9562499999999999
25.9,4,13,22,9,4,1.35,0.87,0.9770833333333334
-9.4,4,14,22,9,4,1.37,0.27,1.0241666666666667
16.7,1,14,22,9,4,1.4,1.24,1.0308333333333335
38.1,4,15,22,9,4,1.4,1.42,1.0475
35.3,1,15,22,9,4,1.82,0.21,1.0979166666666667
-6.1,1,16,22,9,4,1.42,0.48,1.1570833333333332
38.8,3,16,22,9,4,1.9,1.09,1.1841666666666668
37.8,5,17,22,9,4,1.74,1.12,1.20625
32.7,2,21,22,9,4,1.65,0.37,1.2445833333333332
-7.1,4,21,22,9,4,1.29,1.48,1.2437500000000001
7.2,5,21,22,9,4,1.46,0.81,1.2629166666666667
-2.8,2,22,22,9,4,1.27,0.89,1.2691666666666668
22.9,4,23,22,9,4,1.04,1.06,1.2837500000000002
14.8,1,0,23,9,5,1.41,0.62,1.32875
6.8,3,1,23,9,5,1.7,1.08,1.3333333333333333
10.7,3,2,23,9,5,1.19,0.45,1.3791666666666667
23.5,1,2,23,9,5,1.55,1.07,1.3862499999999998
35.6,5,3,23,9,5,1.24,1.62,1.3670833333333334
30.5,1,4,23,9,5,1.16,0.92,1.3875
37.4,3,4,23,9,5,1.41,0.94,1.4000000000000001
29.7,1,4,23,9,5,1.24,0.31,1.4495833333333332
16.7,4,4,23,9,5,1.5,1.84,1.4333333333333336
-4.9,4,4,23,9,5,1.45,1.44,1.4395833333333332
29.9,5,5,23,9,5,1.59,1.35,1.4541666666666666
-8.4,3,6,23,9,5,1.7,1.37,1.4683333333333335
-7.2,2,6,23,9,5,1.71,1.4,1.4270833333333333
0.4,1,8,23,9,5,0.41,1.4,1.3958333333333333
37.6,5,9,23,9,5,0.65,1.82,1.397916666666667
-6.6,2,10,23,9,5,1.87,1.42,1.3883333333333334
32.8,5,10,23,9,5,1.19,1.9,1.3658333333333335
8.1,2,11,23,9,5,1.36,1.74,1.3133333333333332
37.6,2,13,23,9,5,0.48,1.65,1.2604166666666667
13.3,1,13,23,9,5,0.38,1.29,1.2154166666666668
-7.9,5,13,23,9,5,0.21,1.46,1.20875
15.7,5,13,23,9,5,1.3,1.27,1.1841666666666668
-3.3,2,14,23,9,5,0.68,1.04,1.1925
12.1,4,14,23,9,5,1.24,1.41,1.1812500000000001
20.4,2,17,23,9,5,1.14,1.7,1.1649999999999998
-4.4,3,17,23,9,5,1.31,1.19,1.1375
28.5,2,18,23,9,5,0.53,1.55,1.1366666666666667
-3.9,1,18,23,9,5,1.53,1.24,1.1629166666666666
28.2,3,18,23,9,5,1.87,1.16,1.1529166666666666
14.9,1,20,23,9,5,0.92,1.41,1.1645833333333335
25.9,1,21,23,9,5,1.69,1.24,1.1333333333333333
34.6,2,21,23,9,5,0.49,1.5,1.0816666666666668
8.9,3,23,23,9,5,0.26,1.45,1.04875
-4.7,5,0,24,9,6,0.66,1.59,1.0041666666666667
13.5,1,1,24,9,6,0.52,1.7,0.965
-5.6,1,1,24,9,6,0.76,1.71,0.9641666666666667
22.4,2,5,24,9,6,1.69,0.41,1.03
-3.3,3,6,24,9,6,1.99,0.65,1.0616666666666668
15.0,3,7,24,9,6,1.41,1.87,1.0433333333333332
-0.9,4,8,24,9,6,1.43,1.19,1.0275
13.1,5,8,24,9,6,0.81,1.36,1.0470833333333334
21.1,2,9,24,9,6,1.83,0.48,1.0429166666666667
-1.8,4,9,24,9,6,0.38,0.38,1.0866666666666667
10.6,3,10,24,9,6,1.43,0.21,1.1320833333333333
-8.3,5,11,24,9,6,1.3,1.3,1.09625
25.6,5,11,24,9,6,0.44,0.68,1.1216666666666666
2.8,1,11,24,9,6,1.29,1.24,1.1145833333333333
5.1,1,12,24,9,6,1.07,1.14,1.125
16.5,3,12,24,9,6,1.39,1.31,1.14125
37.0,1,13,24,9,6,1.7,0.53,1.1470833333333335
0.8,3,20,24,9,6,0.67,1.53,1.1079166666666667
10.8,3,20,24,9,6,0.59,1.87,1.0695833333333333
-4.7,5,20,24,9,6,0.95,0.92,1.10375
2.7,1,20,24,9,6,1.74,1.69,1.0541666666666665
30.0,4,21,24,9,6,0.5,0.49,1.1125
-7.3,3,21,24,9,6,1.89,0.26,1.1537499999999998
29.9,2,22,24,9,6,1.25,0.66,1.1345833333333333
24.8,4,22,24,9,6,0.2,0.52,1.1504166666666666
26.6,2,23,24,9,6,0.9,0.76,1.1387500000000002
7.4,3,23,24,9,6,0.48,1.69,1.0845833333333335
10.1,2,23,24,9,6,0.39,1.99,1.0120833333333334
38.8,3,0,25,9,0,0.25,1.41,0.9870833333333334
6.1,1,2,25,9,0,0.81,1.43,0.9958333333333335
21.9,2,2,25,9,0,1.64,0.81,1.0174999999999998
33.4,2,3,25,9,0,1.33,1.83,0.9716666666666667
30.0,3,3,25,9,0,0.73,0.38,1.0204166666666665
32.2,3,3,25,9,0,1.55,1.43,1.0104166666666667
-4.4,1,4,25,9,0,1.19,1.3,0.9808333333333334
-4.1,5,4,25,9,0,0.59,0.44,0.97125
26.6,5,4,25,9,0,0.21,1.29,0.9354166666666667
-0.7,2,6,25,9,0,0.43,1.07,0.9345833333333333
12.6,2,7,25,9,0,1.05,1.39,0.9041666666666667
14.1,5,8,25,9,0,0.66,1.7,0.9029166666666667
20.0,1,8,25,9,0,1.67,0.67,0.9362499999999999
-1.6,3,9,25,9,0,1.47,0.59,0.9416666666666665
14.9,2,9,25,9,0,0.72,0.95,0.9550000000000001
18.9,3,11,25,9,0,1.27,1.74,0.9141666666666667
30.7,3,12,25,9,0,0.76,0.5,0.9354166666666668
34.2,5,12,25,9,0,1.01,1.89,0.91
31.0,1,12,25,9,0,1.28,1.25,0.9129166666666667
29.7,3,12,25,9,0,1.32,0.2,0.9345833333333334
-0.6,5,13,25,9,0,0.72,0.9,0.9775
37.9,3,15,25,9,0,1.93,0.48,0.9870833333333332
14.6,2,16,25,9,0,0.71,0.39,1.045
20.6,2,17,25,9,0,1.78,0.25,1.0470833333333334
35.2,5,18,25,9,0,0.3,0.81,1.0483333333333333
-0.9,4,19,25,9,0,0.84,1.64,1.0033333333333332
17.9,1,20,25,9,0,0.56,1.33,0.9920833333333334
8.6,1,20,25,9,0,1.06,0.73,1.0295833333333333
26.8,4,20,25,9,0,1.63,1.55,1.0320833333333332
32.2,5,21,25,9,0,1.61,1.19,0.9925
21.0,2,21,25,9,0,0.24,0.59,0.9966666666666666
-5.5,4,21,25,9,0,0.69,0.21,1.0358333333333334
-2.9,1,23,25,9,0,1.15,0.43,1.0441666666666667
29.8,5,23,25,9,0,0.63,1.05,1.0725
12.4,2,1,26,9,1,1.73,0.66,1.1191666666666666
-3.1,4,1,26,9,1,1.78,1.67,1.0645833333333332
34.0,4,2,26,9,1,0.36,1.47,1.0275
-7.7,3,2,26,9,1,0.58,0.72,1.0066666666666666
-7.5,5,3,26,9,1,0.22,1.27,1.02
27.8,2,3,26,9,1,1.59,0.76,1.0370833333333334
-6.0,4,4,26,9,1,1.17,1.01,1.0374999999999999
30.3,3,4,26,9,1,1.02,1.28,1.0029166666666667
24.8,3,5,26,9,1,0.45,1.32,0.9941666666666666
32.1,2,6,26,9,1,1.11,0.72,1.0229166666666665
19.5,2,6,26,9,1,1.41,1.93,1.01875
33.3,2,7,26,9,1,1.83,0.71,1.0254166666666666
21.6,5,7,26,9,1,0.87,1.78,1.02125
6.6,5,7,26,9,1,1.68,0.3,1.0883333333333332
15.9,4,7,26,9,1,1.91,0.84,1.1066666666666667
39.7,4,9,26,9,1,1.28,0.56,1.1083333333333334
20.5,3,10,26,9,1,0.6,1.06,1.1166666666666665
12.4,3,10,26,9,1,1.26,1.63,1.1066666666666667
1.8,2,11,26,9,1,1.39,1.61,1.10125
-7.1,4,11,26,9,1,1.48,0.24,1.1558333333333333
5.6,2,12,26,9,1,1.55,0.69,1.2045833333333333
11.7,5,13,26,9,1,1.86,1.15,1.1933333333333331
15.6,1,13,26,9,1,0.88,0.63,1.1766666666666665
-7.0,5,14,26,9,1,0.23,1.73,1.16125
22.8,2,14,26,9,1,1.36,1.78,1.15125
29.5,5,16,26,9,1,1.54,0.36,1.1741666666666668
19.4,3,16,26,9,1,0.91,0.58,1.21
-8.6,5,16,26,9,1,1.44,0.22,1.2616666666666667
20.0,4,16,26,9,1,1.46,1.59,1.2666666666666668
11.0,2,17,26,9,1,1.71,1.17,1.2325
8.8,2,19,26,9,1,0.35,1.02,1.2354166666666666
3.6,5,19,26,9,1,1.09,0.45,1.2775
18.9,2,20,26,9,1,1.46,1.11,1.3
1.5,2,23,26,9,1,1.65,1.41,1.2891666666666668
2.5,1,23,26,9,1,1.15,1.83,1.2941666666666667
37.8,5,2,27,9,2,1.95,0.87,1.2766666666666666
1.5,3,2,27,9,2,0.45,1.68,1.2529166666666667
-1.0,3,3,27,9,2,1.11,1.91,1.25
10.5,4,3,27,9,2,1.84,1.28,1.2145833333333333
16.8,5,3,27,9,2,0.43,0.6,1.2233333333333334
19.6,5,4,27,9,2,0.81,1.26,1.2391666666666667
4.8,3,7,27,9,2,1.64,1.39,1.2383333333333333
12.0,2,7,27,9,2,1.37,1.48,1.2020833333333334
13.8,1,8,27,9,2,0.61,1.55,1.19625
28.2,4,9,27,9,2,1.41,1.86,1.1583333333333334
-1.1,4,9,27,9,2,0.95,0.88,1.14375
7.5,1,11,27,9,2,0.53,0.23,1.1483333333333332
18.6,5,11,27,9,2,0.34,1.36,1.1029166666666668
18.2,1,12,27,9,2,0.27,1.54,1.09625
16.9,4,12,27,9,2,1.38,0.91,1.1158333333333332
4.2,4,13,27,9,2,1.38,1.44,1.1191666666666666
35.0,5,13,27,9,2,1.52,1.46,1.11875
27.5,2,16,27,9,2,1.45,1.71,1.1166666666666665
27.7,5,16,27,9,2,1.66,0.35,1.1304166666666666
-3.8,2,18,27,9,2,0.68,1.09,1.0983333333333334
16.9,4,18,27,9,2,0.32,1.46,1.0654166666666667
22.7,5,20,27,9,2,0.67,1.65,1.01
33.0,1,20,27,9,2,0.32,1.15,0.9966666666666666
7.8,3,21,27,9,2,0.83,1.95,0.9741666666666666
-4.6,2,23,27,9,2,1.41,0.45,1.0175
25.9,2,0,28,9,3,1.49,1.11,1.0495833333333333
21.2,3,1,28,9,3,1.88,1.84,1.0275
-3.6,2,2,28,9,3,1.31,0.43,1.08375
15.4,1,2,28,9,3,1.78,0.81,1.09
15.9,5,2,28,9,3,0.96,1.64,1.0620833333333333
2.7,3,2,28,9,3,0.97,1.37,1.0295833333333333
22.8,3,2,28,9,3,0.59,0.61,1.0866666666666667
15.1,4,3,28,9,3,1.98,1.41,1.03875
-1.6,4,3,28,9,3,0.26,0.95,1.07
0.3,4,4,28,9,3,1.7,0.53,1.1241666666666668
30.2,2,5,28,9,3,1.83,0.34,1.17625
14.9,3,5,28,9,3,1.59,0.27,1.2370833333333333
37.8,1,6,28,9,3,1.73,1.38,1.2474999999999998
27.4,5,6,28,9,3,1.63,1.38,1.21875
34.7,1,6,28,9,3,0.69,1.52,1.20375
22.6,5,7,28,9,3,1.16,1.45,1.165
-6.0,5,7,28,9,3,0.52,1.66,1.135
34.7,4,10,28,9,3,0.94,0.68,1.1375
25.1,1,10,28,9,3,0.74,0.32,1.1604166666666667
12.6,5,11,28,9,3,0.87,0.67,1.1516666666666666
-9.8,3,12,28,9,3,0.46,0.32,1.2116666666666667
34.7,1,13,28,9,3,1.76,0.83,1.2475
22.2,4,13,28,9,3,1.69,1.41,1.2341666666666666
1.9,5,14,28,9,3,1.09,1.49,1.23
3.4,1,15,28,9,3,1.39,1.88,1.1929166666666666
3.2,2,16,28,9,3,0.99,1.31,1.1733333333333333
31.4,4,17,28,9,3,0.84,1.78,1.13625
9.2,1,18,28,9,3,0.89,0.96,1.1320833333333333
37.0,4,19,28,9,3,0.86,0.97,1.1166666666666667
28.7,3,19,28,9,3,0.6,0.59,1.1225
12.8,3,19,28,9,3,0.73,1.98,1.0754166666666667
31.6,5,20,28,9,3,0.85,0.26,1.1266666666666667
31.9,5,20,28,9,3,1.49,1.7,1.1008333333333333
6.7,3,22,28,9,3,1.08,1.83,1.0895833333333333
8.6,4,22,28,9,3,1.56,1.59,1.1033333333333333
35.2,2,0,29,9,4,1.92,1.73,1.0433333333333332
-5.8,3,0,29,9,4,0.29,1.63,1.0491666666666666
3.1,3,0,29,9,4,1.77,0.69,1.0729166666666667
38.2,1,0,29,9,4,1.26,1.16,1.0670833333333334
30.7,1,0,29,9,4,1.02,0.52,1.10375
33.1,3,3,29,9,4,1.4,0.94,1.1075
6.0,5,4,29,9,4,1.03,0.74,1.1408333333333334
-4.3,2,5,29,9,4,1.54,0.87,1.1829166666666666
0.1,2,6,29,9,4,1.88,0.46,1.2387499999999998
29.3,2,6,29,9,4,1.8,1.76,1.2008333333333334
14.8,4,6,29,9,4,0.85,1.69,1.1970833333333333
1.1,5,6,29,9,4,1.6,1.09,1.165
4.0,2,7,29,9,4,0.32,1.39,1.1720833333333334
15.5,4,8,29,9,4,1.56,0.99,1.20375
-7.3,1,9,29,9,4,1.75,0.84,1.1808333333333334
32.7,2,11,29,9,4,0.29,0.89,1.1841666666666668
22.2,1,11,29,9,4,0.97,0.86,1.2012500000000002
-0.8,3,12,29,9,4,1.27,0.6,1.1891666666666667
29.1,5,13,29,9,4,0.31,0.73,1.18625
4.6,1,13,29,9,4,0.66,0.85,1.2225
-2.1,1,13,29,9,4,1.72,1.49,1.2183333333333333
6.0,3,13,29,9,4,1.39,1.08,1.2470833333333333
-3.8,5,13,29,9,4,1.77,1.56,1.2383333333333333
25.8,4,14,29,9,4,1.35,1.92,1.17125
-1.6,4,14,29,9,4,0.31,0.29,1.2391666666666667
5.0,5,14,29,9,4,1.92,1.77,1.2366666666666666
-7.0,2,15,29,9,4,1.71,1.26,1.2379166666666668
1.0,4,16,29,9,4,1.29,1.02,1.2295833333333335
6.8,2,16,29,9,4,0.82,1.4,1.2508333333333335
16.3,3,18,29,9,4,1.91,1.03,1.2708333333333333
-8.0,4,18,29,9,4,1.51,1.54,1.23625
9.9,5,18,29,9,4,0.71,1.88,1.2225
16.8,1,18,29,9,4,1.55,1.8,1.2
16.9,5,18,29,9,4,1.26,0.85,1.2183333333333333
30.2,5,20,29,9,4,1.29,1.6,1.16625
5.8,4,21,29,9,4,0.35,0.32,1.1970833333333333
3.8,4,22,29,9,4,1.06,1.56,1.1416666666666666
26.1,3,22,29,9,4,0.23,1.75,1.1383333333333334
22.9,4,22,29,9,4,1.67,0.29,1.185
24.2,1,1,30,9,5,1.41,0.97,1.2183333333333333
21.6,5,1,30,9,5,1.77,1.27,1.19125
18.7,2,2,30,9,5,0.62,0.31,1.2437500000000001
38.7,1,3,30,9,5,1.57,0.66,1.295
28.9,1,3,30,9,5,1.89,1.72,1.2345833333333334
7.6,2,3,30,9,5,0.27,1.39,1.1991666666666667
-9.6,4,5,30,9,5,0.54,1.77,1.145
37.7,2,5,30,9,5,0.47,1.35,1.1675
34.7,1,5,30,9,5,1.89,0.31,1.1812500000000001
-6.8,1,7,30,9,5,0.64,1.92,1.17875
-0.1,4,7,30,9,5,1.86,1.71,1.1654166666666668
-4.3,4,7,30,9,5,1.39,1.29,1.1416666666666666
-4.7,1,8,30,9,5,0.72,0.82,1.1720833333333334
-1.6,2,9,30,9,5,1.55,1.91,1.13
-5.0,4,9,30,9,5,0.9,1.51,1.14125
-1.4,3,10,30,9,5,1.78,0.71,1.1570833333333332
18.6,5,10,30,9,5,1.09,1.55,1.1641666666666666
35.8,4,11,30,9,5,1.72,1.26,1.1604166666666667
-9.0,3,14,30,9,5,1.17,1.29,1.1208333333333333
-7.1,2,14,30,9,5,0.34,0.35,1.1341666666666665
0.3,3,14,30,9,5,0.67,1.06,1.1475000000000002
27.7,4,16,30,9,5,1.38,0.23,1.1983333333333335
10.6,1,16,30,9,5,1.45,1.67,1.1729166666666666
31.2,5,17,30,9,5,1.06,1.41,1.1966666666666665
25.7,1,17,30,9,5,1.98,1.77,1.1470833333333332
23.1,4,18,30,9,5,0.58,0.62,1.1791666666666665
19.9,4,18,30,9,5,1.39,1.57,1.1362499999999998
33.9,4,23,30,9,5,0.54,1.89,1.1304166666666668
19.6,1,23,30,9,5,1.75,0.27,1.135
-5.2,2,23,30,9,5,0.38,0.54,1.1791666666666665
29.7,5,23,30,9,5,1.6,0.47,1.195
33.9,3,0,1,10,6,0.85,1.89,1.16625
34.6,1,1,1,10,6,1.2,0.64,1.2016666666666667
-5.3,1,2,1,10,6,1.49,1.86,1.2041666666666666
-1.0,4,2,1,10,6,1.92,1.39,1.2254166666666666
7.6,5,3,1,10,6,1.9,0.72,1.2379166666666668
34.3,2,4,1,10,6,1.02,1.55,1.2175
17.4,3,4,1,10,6,1.06,0.9,1.2083333333333333
11.8,4,4,1,10,6,0.68,1.78,1.1591666666666667
30.7,2,4,1,10,6,0.6,1.09,1.18375
0.6,3,6,1,10,6,1.68,1.72,1.1483333333333332
27.4,3,7,1,10,6,0.87,1.17,1.1429166666666666
13.3,1,9,1,10,6,1.04,0.34,1.1658333333333333
9.6,4,10,1,10,6,0.89,0.67,1.1966666666666665
-7.3,3,11,1,10,6,1.41,1.38,1.2154166666666666
31.2,4,15,1,10,6,1.83,1.45,1.2091666666666667
15.1,5,15,1,10,6,1.3,1.06,1.1895833333333334
-1.7,2,15,1,10,6,0.59,1.98,1.12375
4.9,4,15,1,10,6,0.4,0.58,1.1420833333333333
26.1,5,16,1,10,6,1.02,1.39,1.1558333333333335
6.2,3,16,1,10,6,1.72,0.54,1.1525
16.7,1,16,1,10,6,0.46,1.75,1.1179166666666667
28.4,5,17,1,10,6,0.92,0.38,1.1133333333333333
4.7,4,17,1,10,6,0.27,1.6,1.0683333333333334
37.8,4,19,1,10,6,0.52,0.85,1.1066666666666667
0.8,5,21,1,10,6,1.77,1.2,1.07875
11.4,3,21,1,10,6,0.53,1.49,1.0679166666666666
26.6,3,22,1,10,6,1.23,1.92,1.05
6.4,1,23,1,10,6,1.49,1.9,1.0058333333333334
0.2,3,23,1,10,6,0.84,1.02,1.03875
2.7,4,23,1,10,6,1.81,1.06,1.0725
37.9,5,0,2,10,0,1.87,0.68,1.1029166666666665
-0.6,3,0,2,10,0,1.41,0.6,1.1516666666666666
9.7,1,1,2,10,0,1.77,1.68,1.14375
14.4,5,1,2,10,0,1.49,0.87,1.1245833333333335
-4.8,4,1,2,10,0,0.41,1.04,1.1125
9.0,2,2,2,10,0,0.75,0.89,1.10375
-7.8,2,2,2,10,0,0.68,1.41,1.1083333333333334
9.1,3,3,2,10,0,1.52,1.83,1.04375
18.6,5,4,2,10,0,0.28,1.3,1.0487499999999998
17.8,2,4,2,10,0,1.42,0.59,1.0758333333333334
30.2,3,5,2,10,0,1.24,0.4,1.1312499999999999
33.9,5,5,2,10,0,1.73,1.02,1.1170833333333334
10.0,5,6,2,10,0,0.68,1.72,1.1004166666666666
7.2,1,7,2,10,0,1.32,0.46,1.1608333333333334
9.9,2,7,2,10,0,1.91,0.92,1.1641666666666666
10.8,4,8,2,10,0,1.0,0.27,1.17125
-6.1,5,9,2,10,0,0.44,0.52,1.1704166666666667
39.3,4,10,2,10,0,0.5,1.77,1.1095833333333334
15.5,4,11,2,10,0,0.31,0.53,1.1537499999999998
31.1,1,12,2,10,0,1.59,1.23,1.1341666666666665
-6.6,5,12,2,10,0,0.76,1.49,1.1300000000000001
8.2,4,13,2,10,0,1.39,0.84,1.1445833333333333
2.7,1,18,2,10,0,1.19,1.81,1.1108333333333331
4.0,4,18,2,10,0,1.0,1.87,1.0466666666666666
33.9,4,18,2,10,0,0.33,1.41,1.0158333333333334
38.5,5,18,2,10,0,0.67,1.77,0.9833333333333334
5.3,1,19,2,10,0,0.99,1.49,0.9920833333333333
0.1,5,19,2,10,0,1.7,0.41,1.0470833333333334
20.1,3,19,2,10,0,1.73,0.75,1.0445833333333334
12.2,3,19,2,10,0,0.69,0.68,1.0895833333333333
-2.1,5,20,2,10,0,1.76,1.52,1.08625
-6.3,3,20,2,10,0,1.44,0.28,1.1170833333333332
4.5,2,20,2,10,0,1.02,1.42,1.1108333333333333
22.4,3,20,2,10,0,1.27,1.24,1.1083333333333332
-1.9,3,20,2,10,0,1.18,1.73,1.0933333333333333
25.1,3,21,2,10,0,1.37,0.68,1.1329166666666666
-8.3,2,21,2,10,0,1.63,1.32,1.1470833333333332
-1.0,3,21,2,10,0,1.66,1.91,1.1191666666666666
-7.0,4,21,2,10,0,1.24,1.0,1.1383333333333334
-0.4,5,22,2,10,0,1.46,0.44,1.1379166666666667
28.2,1,22,2,10,0,0.43,0.5,1.1675
40.0,5,23,2,10,0,1.21,0.31,1.1766666666666667
6.2,3,23,2,10,0,0.53,1.59,1.1229166666666666
25.3,1,0,3,10,1,0.3,0.76,1.1112499999999998
-5.5,4,1,3,10,1,0.48,1.39,1.0816666666666668
16.1,2,2,3,10,1,0.68,1.19,1.095
34.9,2,3,3,10,1,1.51,1.0,1.07125
-9.7,1,4,3,10,1,0.43,0.33,1.0941666666666665
30.2,1,4,3,10,1,0.88,0.67,1.1212499999999999
5.9,2,5,3,10,1,1.32,0.99,1.09
35.0,4,6,3,10,1,0.24,1.7,1.0841666666666667
11.3,1,11,3,10,1,1.56,1.73,1.0233333333333332
16.9,3,12,3,10,1,0.27,0.69,1.0287499999999998
11.0,4,12,3,10,1,0.82,1.76,0.9729166666666668
3.0,3,14,3,10,1,0.42,1.44,0.9249999999999999
4.7,4,14,3,10,1,0.29,1.02,0.9500000000000001
-8.8,4,14,3,10,1,1.62,1.27,0.9366666666666666
9.2,3,14,3,10,1,0.95,1.18,0.9458333333333333
36.9,3,15,3,10,1,1.4,1.37,0.9658333333333333
29.1,2,16,3,10,1,1.85,1.63,0.9066666666666667
-5.9,4,16,3,10,1,0.21,1.66,0.8833333333333333
36.4,2,16,3,10,1,1.1,1.24,0.9079166666666668
-6.7,3,17,3,10,1,1.83,1.46,0.8716666666666667
29.3,3,18,3,10,1,0.59,0.43,0.8862500000000001
-8.2,5,19,3,10,1,0.78,1.21,0.8729166666666667
22.2,1,19,3,10,1,0.89,0.53,0.9254166666666667
-0.6,5,20,3,10,1,1.79,0.3,0.9916666666666666
28.1,3,21,3,10,1,1.89,0.48,1.0541666666666667
5.9,3,21,3,10,1,1.98,0.68,1.0966666666666667
-6.7,3,21,3,10,1,1.7,1.51,1.0954166666666667
12.6,3,22,3,10,1,1.48,0.43,1.1004166666666666
-6.4,3,0,4,10,2,0.55,0.88,1.1275000000000002
38.7,5,1,4,10,2,1.53,1.32,1.0970833333333334
25.3,4,1,4,10,2,0.59,0.24,1.10875
16.0,3,1,4,10,2,0.52,1.56,1.09125
29.1,3,2,4,10,2,1.14,0.27,1.1479166666666667
37.6,3,4,4,10,2,1.63,0.82,1.185
17.8,5,5,4,10,2,1.71,0.42,1.2208333333333334
19.8,2,5,4,10,2,1.28,0.29,1.2520833333333334
19.3,5,5,4,10,2,1.04,1.62,1.2533333333333332
33.3,3,5,4,10,2,1.65,0.95,1.285
32.6,5,6,4,10,2,1.71,1.4,1.3045833333333334
-3.1,1,7,4,10,2,1.87,1.85,1.2874999999999999
21.3,3,8,4,10,2,1.44,0.21,1.3008333333333333
39.8,5,10,4,10,2,0.53,1.1,1.2958333333333334
4.2,1,10,4,10,2,0.98,1.83,1.2804166666666668
34.2,1,11,4,10,2,1.46,0.59,1.3158333333333332
-1.7,2,11,4,10,2,1.44,0.78,1.2966666666666666
17.5,4,12,4,10,2,0.32,0.89,1.2775
2.6,1,12,4,10,2,0.43,1.79,1.2845833333333332
14.7,3,14,4,10,2,1.96,1.89,1.235
38.9,2,15,4,10,2,0.7,1.98,1.2120833333333334
4.0,3,15,4,10,2,1.43,1.7,1.1795833333333334
23.1,3,16,4,10,2,0.92,1.48,1.1595833333333334
6.4,3,17,4,10,2,1.0,0.55,1.1591666666666667
11.0,1,17,4,10,2,0.54,1.53,1.1675
3.6,2,17,4,10,2,1.73,0.59,1.2241666666666666
27.2,3,18,4,10,2,1.95,0.52,1.2437500000000001
34.5,3,19,4,10,2,0.99,1.14,1.2470833333333333
11.2,1,20,4,10,2,1.22,1.63,1.23375
23.1,4,21,4,10,2,1.31,1.71,1.2304166666666665
-9.9,2,23,4,10,2,1.63,1.28,1.2474999999999998
30.0,3,23,4,10,2,1.69,1.04,1.2320833333333334
-7.5,2,0,5,10,3,0.67,1.65,1.2379166666666668
-4.7,5,1,5,10,3,1.79,1.71,1.2283333333333333
31.0,1,1,5,10,3,1.48,1.87,1.1724999999999999
12.8,5,2,5,10,3,0.53,1.44,1.145
32.6,5,2,5,10,3,0.78,0.53,1.17125
9.6,1,3,5,10,3,1.16,0.98,1.18875
1.7,2,3,5,10,3,1.4,1.46,1.1720833333333334
27.7,3,4,5,10,3,1.06,1.44,1.16625
16.8,3,5,5,10,3,1.3,0.32,1.2137499999999999
27.4,2,8,5,10,3,1.46,0.43,1.2620833333333332
28.4,2,8,5,10,3,1.59,1.96,1.1945833333333333
12.1,5,10,5,10,3,0.34,0.7,1.1824999999999999
19.4,3,10,5,10,3,0.41,1.43,1.1691666666666667
24.9,2,13,5,10,3,1.11,0.92,1.2029166666666666
26.6,3,13,5,10,3,1.73,1.0,1.2008333333333334
18.8,2,15,5,10,3,0.95,0.54,1.2133333333333334
-1.7,2,16,5,10,3,0.84,1.73,1.2108333333333332
0.8,5,17,5,10,3,1.67,1.95,1.1808333333333334
7.5,5,17,5,10,3,1.23,0.99,1.20625
39.8,5,18,5,10,3,1.6,1.22,1.1745833333333333
32.9,2,19,5,10,3,0.46,1.31,1.195
-0.4,5,19,5,10,3,1.8,1.63,1.1595833333333334
4.5,5,19,5,10,3,0.78,1.69,1.125
19.2,3,20,5,10,3,0.86,0.67,1.1408333333333334
19.7,1,20,5,10,3,1.05,1.79,1.1316666666666666
33.0,2,23,5,10,3,1.57,1.48,1.1470833333333335
1.3,2,0,6,10,4,1.85,0.53,1.1754166666666668
-2.6,2,0,6,10,4,1.21,0.78,1.2041666666666668
11.4,5,1,6,10,4,1.47,1.16,1.2012500000000002
13.9,1,1,6,10,4,1.09,1.4,1.1900000000000002
9.9,5,1,6,10,4,1.13,1.06,1.1716666666666666
16.1,5,2,6,10,4,0.62,1.3,1.1820833333333332
25.4,5,2,6,10,4,1.55,1.46,1.1666666666666667
25.1,2,3,6,10,4,1.09,1.59,1.11375
11.1,4,3,6,10,4,0.32,0.34,1.1095833333333334
32.8,2,4,6,10,4,0.24,0.41,1.1516666666666666
38.7,3,5,6,10,4,1.42,1.11,1.1541666666666666
1.7,1,7,6,10,4,1.17,1.73,1.1512499999999999
22.4,4,8,6,10,4,1.66,0.95,1.1520833333333333
5.0,5,8,6,10,4,0.97,0.84,1.1495833333333334
-1.4,1,9,6,10,4,0.78,1.67,1.1591666666666667
33.2,2,10,6,10,4,1.9,1.23,1.1483333333333334
1.2,4,10,6,10,4,0.97,1.6,1.1566666666666665
4.1,4,11,6,10,4,1.8,0.46,1.2070833333333333
24.1,5,11,6,10,4,1.67,1.8,1.1825
11.3,1,13,6,10,4,1.21,0.78,1.2033333333333334
-7.4,1,13,6,10,4,1.28,0.86,1.2329166666666667
-4.0,3,14,6,10,4,1.57,1.05,1.22875
10.6,3,17,6,10,4,0.95,1.57,1.1824999999999999
36.5,3,17,6,10,4,0.46,1.85,1.1229166666666666
-6.4,2,19,6,10,4,0.42,1.21,1.1316666666666666
21.7,3,19,6,10,4,1.42,1.47,1.1041666666666667
36.7,4,19,6,10,4,0.81,1.09,1.0687499999999999
9.1,2,19,6,10,4,0.24,1.13,1.0545833333333332
18.8,3,20,6,10,4,0.79,0.62,1.05875
5.9,4,20,6,10,4,0.72,1.55,1.0120833333333332
9.6,3,21,6,10,4,0.43,1.09,1.0287499999999998
19.3,4,22,6,10,4,1.49,0.32,1.0875000000000001
38.1,2,1,7,10,5,1.73,0.24,1.10375
15.7,1,1,7,10,5,0.63,1.42,1.1066666666666667
1.7,5,2,7,10,5,1.49,1.17,1.1358333333333333
36.9,4,6,7,10,5,1.87,1.66,1.1312499999999999
27.7,1,6,7,10,5,1.55,0.97,1.1500000000000001
6.9,3,7,7,10,5,1.42,0.78,1.14375
23.4,5,7,7,10,5,0.63,1.9,1.1429166666666666
4.9,5,8,7,10,5,1.88,0.97,1.1416666666666666
14.7,1,8,7,10,5,0.94,1.8,1.1045833333333335
-1.0,1,8,7,10,5,0.91,1.67,1.08625
15.5,4,8,7,10,5,1.23,1.21,1.065
35.9,1,9,7,10,5,0.7,1.28,1.0741666666666667
30.6,2,10,7,10,5,1.5,1.57,1.07375
6.9,4,10,7,10,5,1.56,0.95,1.0541666666666667
34.4,5,10,7,10,5,0.48,0.46,1.0975
26.6,2,12,7,10,5,1.5,0.42,1.1058333333333332
10.7,1,13,7,10,5,0.62,1.42,1.0954166666666667
15.2,3,14,7,10,5,1.17,0.81,1.1083333333333332
18.9,5,16,7,10,5,1.12,0.24,1.1079166666666667
26.9,3,17,7,10,5,0.23,0.79,1.1104166666666668
2.7,4,18,7,10,5,0.85,0.72,1.1145833333333333
10.1,2,19,7,10,5,0.82,0.43,1.1216666666666666
-8.5,2,19,7,10,5,0.6,1.49,1.1066666666666667
30.8,4,19,7,10,5,1.13,1.73,1.0583333333333333
18.2,4,20,7,10,5,0.57,0.63,1.04875
23.9,2,22,7,10,5,0.4,1.49,0.9979166666666667
-2.7,3,0,8,10,6,0.27,1.87,0.98625
31.6,5,0,8,10,6,1.59,1.55,0.9862500000000001
27.4,2,1,8,10,6,1.55,1.42,0.9358333333333334
1.0,2,3,8,10,6,0.21,0.63,0.9208333333333334
9.3,5,4,8,10,6,0.27,1.88,0.8795833333333335
31.5,1,4,8,10,6,0.89,0.94,0.8683333333333333
10.9,2,5,8,10,6,0.67,0.91,0.8758333333333334
6.8,1,5,8,10,6,1.09,1.23,0.855
11.9,2,5,8,10,6,0.73,0.7,0.8341666666666666
37.1,1,7,8,10,6,0.2,1.5,0.8054166666666668
13.2,2,7,8,10,6,0.81,1.56,0.7825000000000001
39.0,3,7,8,10,6,1.01,0.48,0.82625
-8.1,2,8,8,10,6,1.53,1.5,0.7804166666666666
23.2,3,14,8,10,6,0.4,0.62,0.8129166666666667
-4.9,3,14,8,10,6,1.4,1.17,0.7879166666666668
21.3,1,15,8,10,6,0.57,1.12,0.7579166666666667
3.0,3,15,8,10,6,0.4,0.23,0.7916666666666666
35.9,5,15,8,10,6,1.04,0.85,0.8058333333333333
7.6,1,15,8,10,6,1.19,0.82,0.8183333333333334
30.1,1,16,8,10,6,1.12,0.6,0.8195833333333334
27.2,3,17,8,10,6,0.63,1.13,0.8466666666666667
18.1,1,18,8,10,6,1.78,0.57,0.8608333333333333
26.2,2,18,8,10,6,0.91,0.4,0.8779166666666667
6.3,1,19,8,10,6,0.81,0.27,0.88375
-0.6,5,19,8,10,6,0.41,1.59,0.87125
13.0,4,19,8,10,6,1.29,1.55,0.84125
17.1,2,20,8,10,6,0.83,0.21,0.8866666666666666
38.7,1,21,8,10,6,1.3,0.27,0.9491666666666667
39.7,3,22,8,10,6,1.77,0.89,0.99125
-2.5,5,22,8,10,6,1.9,0.67,0.99125
13.9,1,23,8,10,6,0.67,1.09,0.9591666666666666
22.0,3,1,9,10,0,0.32,0.73,0.9529166666666667
14.9,2,3,9,10,0,0.58,0.2,0.9654166666666667
9.9,5,5,9,10,0,0.5,0.81,0.96375
11.3,1,5,9,10,0,0.77,1.01,0.9425
-9.1,3,5,9,10,0,0.5,1.53,0.9429166666666666
29.1,2,6,9,10,0,1.54,0.4,0.9620833333333333
-5.3,3,7,9,10,0,0.86,1.4,0.9304166666666666
-5.3,2,7,9,10,0,0.64,0.57,0.9737499999999999
8.6,4,7,9,10,0,1.61,0.4,0.9729166666666668
14.7,5,7,9,10,0,0.38,1.04,0.9791666666666666
18.1,3,7,9,10,0,1.19,1.19,0.96625
21.9,5,8,9,10,0,0.88,1.12,0.93
4.6,3,8,9,10,0,0.25,0.63,0.97375
-8.8,1,9,9,10,0,1.68,1.78,0.9437500000000001
11.7,2,12,9,10,0,1.06,0.91,0.9787500000000001
-8.5,4,14,9,10,0,1.75,0.81,0.9579166666666666
1.2,4,15,9,10,0,0.31,0.41,0.97625
-0.6,2,16,9,10,0,0.85,1.29,0.9391666666666666
22.6,2,16,9,10,0,0.4,0.83,0.9520833333333333
9.3,5,16,9,10,0,1.14,1.3,0.92625
11.3,3,17,9,10,0,0.68,1.77,0.9233333333333333
0.1,3,18,9,10,0,1.7,1.9,0.9145833333333333
18.4,3,18,9,10,0,1.69,0.67,0.9545833333333333
39.1,2,21,9,10,0,1.63,0.32,0.9745833333333334
35.0,4,21,9,10,0,0.8,0.58,0.9633333333333333
28.2,3,23,9,10,0,0.31,0.5,1.0004166666666665
28.8,1,0,10,10,1,1.39,0.77,1.0308333333333333
28.4,5,5,10,10,1,1.5,0.5,1.0433333333333332
11.3,1,5,10,10,1,0.8,1.54,1.03125
21.3,5,6,10,10,1,1.25,0.86,1.0695833333333333
7.5,5,6,10,10,1,1.78,0.64,1.1225
-3.6,4,6,10,10,1,1.91,1.61,1.0725
38.9,2,7,10,10,1,0.41,0.38,1.0670833333333334
-4.2,3,9,10,10,1,0.25,1.19,1.0420833333333335
4.6,3,9,10,10,1,0.59,0.88,1.0395833333333333
-5.2,1,11,10,10,1,0.82,0.25,1.08125
37.2,1,12,10,10,1,1.25,1.68,1.0783333333333334
-3.2,1,14,10,10,1,1.61,1.06,1.075
39.3,4,14,10,10,1,0.98,1.75,1.0329166666666667
16.7,2,15,10,10,1,0.74,0.31,1.0816666666666668
33.3,3,16,10,10,1,1.48,0.85,1.1179166666666667
-7.9,1,16,10,10,1,1.72,0.4,1.1675
5.3,3,18,10,10,1,1.59,1.14,1.14625
2.3,4,18,10,10,1,0.63,0.68,1.1329166666666668
23.8,3,19,10,10,1,0.36,1.7,1.075
39.8,2,19,10,10,1,0.31,1.69,1.0829166666666665
14.6,3,20,10,10,1,1.88,1.63,1.0766666666666667
14.7,2,21,10,10,1,1.48,0.8,1.1133333333333333
22.6,4,21,10,10,1,1.68,0.31,1.1158333333333335
33.5,4,21,10,10,1,0.37,1.39,1.0729166666666667
-2.8,1,23,10,10,1,0.36,1.5,1.09
-5.2,4,23,10,10,1,1.91,0.8,1.1370833333333332
21.7,1,0,11,10,2,1.93,1.25,1.1420833333333333
29.8,4,0,11,10,2,1.37,1.78,1.1004166666666666
29.1,3,0,11,10,2,0.78,1.91,1.0591666666666666
26.9,2,0,11,10,2,0.92,0.41,1.1058333333333332
27.5,5,1,11,10,2,1.53,0.25,1.1716666666666666
34.6,5,2,11,10,2,1.83,0.59,1.19125
-2.3,2,4,11,10,2,1.06,0.82,1.215
30.6,4,5,11,10,2,1.39,1.25,1.2245833333333331
-4.5,2,5,11,10,2,1.48,1.61,1.2220833333333332
-4.0,4,6,11,10,2,1.55,0.98,1.2170833333333333
-3.3,4,7,11,10,2,0.86,0.74,1.2595833333333333
26.6,4,7,11,10,2,1.76,1.48,1.2483333333333333
37.4,5,8,11,10,2,1.21,1.72,1.23125
-6.4,1,9,11,10,2,1.31,1.59,1.21625
18.1,5,9,11,10,2,1.23,0.63,1.2129166666666666
-0.1,5,10,11,10,2,0.55,0.36,1.2295833333333333
28.8,3,11,11,10,2,0.76,0.31,1.2379166666666668
-5.1,4,11,11,10,2,0.51,1.88,1.1954166666666668
9.3,1,12,11,10,2,0.86,1.48,1.1900000000000002
9.7,1,12,11,10,2,1.35,1.68,1.1645833333333335
-4.7,5,12,11,10,2,1.07,0.37,1.2179166666666668
12.4,5,12,11,10,2,1.65,0.36,1.27625
24.7,1,13,11,10,2,1.76,1.91,1.2579166666666668
6.8,1,13,11,10,2,1.47,1.93,1.215
37.0,2,14,11,10,2,0.9,1.37,1.23375
26.5,3,17,11,10,2,1.82,0.78,1.22
34.0,5,19,11,10,2,0.45,0.92,1.2129166666666666
4.6,5,21,11,10,2,0.75,1.53,1.2270833333333333
16.2,1,22,11,10,2,1.87,1.83,1.1670833333333335
-5.9,3,22,11,10,2,0.39,1.06,1.14375
29.6,5,23,11,10,2,0.5,1.39,1.0995833333333334
-8.8,3,0,12,10,3,0.33,1.48,1.12125
8.8,5,0,12,10,3,2.0,1.55,1.1054166666666667
27.9,5,1,12,10,3,1.17,0.86,1.1179166666666667
-9.1,3,2,12,10,3,1.16,1.76,1.06625
-9.4,1,3,12,10,3,0.52,1.21,1.0758333333333334
16.9,4,4,12,10,3,1.44,1.31,1.0366666666666666
-6.4,1,4,12,10,3,0.37,1.23,1.06375
-3.9,5,5,12,10,3,1.88,0.55,1.11
-6.3,2,7,12,10,3,1.66,0.76,1.1466666666666667
5.5,2,8,12,10,3,1.64,0.51,1.2058333333333333
-7.4,4,8,12,10,3,1.93,0.86,1.2154166666666668
26.9,4,9,12,10,3,1.09,1.35,1.1908333333333332
33.0,3,10,12,10,3,0.76,1.07,1.1916666666666667
24.6,3,10,12,10,3,1.09,1.65,1.135
28.1,4,11,12,10,3,0.29,1.76,1.1424999999999998
-8.8,3,11,12,10,3,1.94,1.47,1.0983333333333334
10.9,5,13,12,10,3,0.41,0.9,1.0870833333333334
15.0,3,14,12,10,3,0.63,1.82,1.0216666666666667
33.5,4,15,12,10,3,0.25,0.45,1.0270833333333333
-1.1,1,15,12,10,3,0.58,0.75,1.035
27.3,3,15,12,10,3,0.94,1.87,0.9683333333333333
11.9,1,16,12,10,3,0.27,0.39,1.01625
24.5,5,16,12,10,3,1.54,0.5,1.0704166666666668
10.7,3,19,12,10,3,1.8,0.33,1.1129166666666666
3.7,1,19,12,10,3,1.35,2.0,1.03875
31.9,5,19,12,10,3,0.22,1.17,1.0120833333333332
27.3,4,20,12,10,3,0.53,1.16,1.0166666666666666
-4.7,1,20,12,10,3,1.27,0.52,1.0241666666666667
34.0,5,20,12,10,3,0.7,1.44,1.03625
-1.8,5,21,12,10,3,1.73,0.37,1.0362500000000001
39.7,4,21,12,10,3,0.37,1.88,0.9879166666666666
30.9,4,22,12,10,3,0.72,1.66,0.9774999999999999
34.8,4,23,12,10,3,1.41,1.64,0.9645833333333335
21.4,3,23,12,10,3,1.33,1.93,0.8962500000000001
11.9,1,1,13,10,4,0.29,1.09,0.8933333333333334
-4.1,3,1,13,10,4,1.02,0.76,0.9420833333333333
12.9,5,3,13,10,4,1.93,1.09,0.9695833333333334
5.6,4,3,13,10,4,1.75,0.29,1.0329166666666667
7.5,4,3,13,10,4,1.81,1.94,1.0270833333333333
8.9,5,3,13,10,4,1.8,0.41,1.0916666666666666
38.6,3,6,13,10,4,1.96,0.63,1.1066666666666667
-6.2,2,7,13,10,4,0.99,0.25,1.1366666666666667
34.4,3,7,13,10,4,0.97,0.58,1.1779166666666667
26.8,4,7,13,10,4,1.57,0.94,1.20625
36.8,5,8,13,10,4,1.62,0.27,1.2754166666666669
32.8,3,9,13,10,4,1.93,1.54,1.2304166666666667
20.7,2,9,13,10,4,0.46,1.8,1.1724999999999999
36.2,3,10,13,10,4,0.41,1.35,1.1645833333333333
27.2,2,10,13,10,4,1.16,0.22,1.2166666666666666
24.6,2,11,13,10,4,1.47,0.53,1.23
-5.8,4,12,13,10,4,0.85,1.27,1.2395833333333333
11.2,2,12,13,10,4,1.5,0.7,1.27375
35.5,5,13,13,10,4,1.52,1.73,1.27875
-3.1,5,14,13,10,4,1.85,0.37,1.3066666666666666
-6.8,4,15,13,10,4,1.04,0.72,1.2895833333333335
13.6,1,15,13,10,4,0.31,1.41,1.3079166666666666
17.1,5,19,13,10,4,1.85,1.33,1.2929166666666667
7.5,1,21,13,10,4,0.97,0.29,1.3016666666666667
4.8,2,21,13,10,4,0.5,1.02,1.2754166666666666
39.3,5,21,13,10,4,0.39,1.93,1.25875
-2.1,5,22,13,10,4,1.53,1.75,1.2491666666666668
21.5,1,22,13,10,4,1.52,1.81,1.2091666666666667
16.7,5,23,13,10,4,0.85,1.8,1.1966666666666665
31.7,5,0,14,10,5,1.5,1.96,1.1595833333333334
20.8,1,1,14,10,5,1.07,0.99,1.1570833333333332
-0.7,3,2,14,10,5,0.93,0.97,1.1470833333333335
1.4,4,2,14,10,5,0.73,1.57,1.1120833333333333
30.0,3,2,14,10,5,0.73,1.62,1.0941666666666665
10.7,4,5,14,10,5,1.19,1.93,1.0829166666666665
17.3,2,8,14,10,5,1.66,0.46,1.0779166666666666
24.2,2,10,14,10,5,0.34,0.41,1.0820833333333335
0.3,2,10,14,10,5,0.51,1.16,1.0608333333333333
36.7,5,11,14,10,5,0.65,1.47,1.07375
24.2,1,12,14,10,5,1.78,0.85,1.09125
2.2,4,13,14,10,5,1.27,1.5,1.0429166666666667
37.9,5,13,14,10,5,0.34,1.52,1.0108333333333335
21.8,4,13,14,10,5,0.75,1.85,1.0104166666666667
3.0,1,13,14,10,5,1.84,1.04,1.02875
20.0,4,16,14,10,5,1.48,0.31,1.0920833333333333
38.8,2,16,14,10,5,1.83,1.85,1.06375
13.5,4,17,14,10,5,1.17,0.97,1.0679166666666666
37.1,1,17,14,10,5,1.07,0.5,1.0675
35.4,2,18,14,10,5,0.49,0.39,1.1204166666666666
15.0,3,19,14,10,5,1.66,1.53,1.1216666666666668
9.1,2,19,14,10,5,1.56,1.52,1.1375
23.1,5,21,14,10,5,1.9,0.85,1.15625
0.1,4,21,14,10,5,1.3,1.5,1.1312499999999999
29.9,1,23,14,10,5,0.9,1.07,1.1229166666666666
6.8,1,23,14,10,5,0.87,0.93,1.1566666666666665
10.2,2,0,15,10,6,1.74,0.73,1.1870833333333333
0.9,3,1,15,10,6,1.46,0.73,1.2183333333333333
-9.3,1,4,15,10,6,1.48,1.19,1.2104166666666667
10.9,4,6,15,10,6,1.0,1.66,1.1983333333333335
32.8,3,6,15,10,6,1.37,0.34,1.2479166666666668
24.9,3,6,15,10,6,1.53,0.51,1.2829166666666667
12.5,2,7,15,10,6,1.35,0.65,1.2658333333333334
0.9,1,7,15,10,6,0.24,1.78,1.2558333333333334
19.7,5,7,15,10,6,1.54,1.27,1.2825
31.7,1,8,15,10,6,1.91,0.34,1.2966666666666666
8.9,3,9,15,10,6,0.68,0.75,1.31625
12.3,4,9,15,10,6,1.22,1.84,1.2595833333333333
37.8,1,10,15,10,6,0.48,1.48,1.2675
33.3,3,11,15,10,6,1.67,1.83,1.26875
9.8,2,11,15,10,6,1.86,1.17,1.23625
12.1,1,11,15,10,6,0.39,1.07,1.2383333333333333
7.6,4,13,15,10,6,1.12,0.49,1.2637500000000002
21.0,2,13,15,10,6,1.1,1.66,1.2095833333333335
20.3,4,13,15,10,6,0.36,1.56,1.17
1.0,3,13,15,10,6,0.61,1.9,1.1691666666666667
3.9,5,14,15,10,6,1.88,1.3,1.1612500000000001
22.9,2,16,15,10,6,1.11,0.9,1.1900000000000002
36.0,5,17,15,10,6,1.59,0.87,1.1658333333333333
19.6,4,20,15,10,6,0.29,1.74,1.1745833333333333
-7.5,1,21,15,10,6,1.95,1.46,1.1370833333333332
-6.8,4,21,15,10,6,0.56,1.48,1.1416666666666668
28.6,4,21,15,10,6,1.59,1.0,1.1341666666666665
12.7,2,23,15,10,6,0.82,1.37,1.1033333333333333
19.6,5,23,15,10,6,0.63,1.53,1.0491666666666668
-2.7,3,0,16,10,0,0.23,1.35,1.0066666666666666
-6.0,1,1,16,10,0,0.33,0.24,1.0404166666666665
-0.5,5,2,16,10,0,1.05,1.54,1.0275
17.2,2,3,16,10,0,1.23,1.91,0.9658333333333333
9.7,2,3,16,10,0,0.43,0.68,0.9708333333333333
24.9,2,3,16,10,0,0.8,1.22,0.9500000000000001
-3.1,5,4,16,10,0,0.72,0.48,0.9970833333333333
31.8,1,4,16,10,0,1.61,1.67,0.9737499999999999
39.5,5,4,16,10,0,1.11,1.86,0.9604166666666667
24.9,2,5,16,10,0,1.54,0.39,0.9674999999999999
10.0,2,6,16,10,0,0.56,1.12,0.9879166666666667
19.0,3,7,16,10,0,1.61,1.1,0.9866666666666667
11.6,3,7,16,10,0,1.07,0.36,1.0120833333333332
32.6,2,8,16,10,0,0.97,0.61,1.0250000000000001
26.4,4,10,16,10,0,0.92,1.88,0.9654166666666667
-7.4,5,10,16,10,0,0.45,1.11,0.9483333333333333
4.1,4,11,16,10,0,0.7,1.59,0.945
-8.7,2,11,16,10,0,1.51,0.29,1.01
9.3,1,12,16,10,0,1.85,1.95,1.0020833333333334
30.3,4,12,16,10,0,1.76,0.56,1.0120833333333334
17.5,5,12,16,10,0,0.8,1.59,1.0241666666666667
2.8,3,13,16,10,0,1.88,0.82,1.0320833333333335
7.5,3,13,16,10,0,1.01,0.63,1.0729166666666667
18.6,4,15,16,10,0,1.61,0.23,1.1370833333333332
30.0,5,15,16,10,0,1.77,0.33,1.1891666666666667
34.7,5,16,16,10,0,1.58,1.05,1.1741666666666666
1.4,2,16,16,10,0,0.69,1.23,1.1804166666666667
-8.5,2,16,16,10,0,1.38,0.43,1.2354166666666666
23.4,2,17,16,10,0,1.75,0.8,1.2379166666666668
39.2,3,17,16,10,0,0.86,0.72,1.2441666666666666
23.2,4,18,16,10,0,0.87,1.61,1.2304166666666667
31.9,3,20,16,10,0,1.28,1.11,1.2337500000000001
25.7,1,21,16,10,0,1.19,1.54,1.1804166666666667
12.3,1,21,16,10,0,0.26,0.56,1.1808333333333334
22.5,1,22,16,10,0,0.57,1.61,1.14
15.7,2,22,16,10,0,0.63,1.07,1.17625
33.2,1,23,16,10,0,1.94,0.97,1.1579166666666667
2.9,3,0,17,10,1,0.53,0.92,1.1758333333333333
-7.1,1,1,17,10,1,1.35,0.45,1.2283333333333333
17.8,1,1,17,10,1,1.71,0.7,1.2733333333333334
7.5,4,2,17,10,1,1.78,1.51,1.2375
-4.4,2,2,17,10,1,0.65,1.85,1.22875
0.4,2,3,17,10,1,1.64,1.76,1.2358333333333333
-1.6,1,5,17,10,1,1.93,0.8,1.2670833333333333
38.5,4,6,17,10,1,1.55,1.88,1.2525000000000002
11.6,3,7,17,10,1,1.53,1.01,1.2520833333333334
-1.2,2,8,17,10,1,1.0,1.61,1.23375
34.3,5,10,17,10,1,1.17,1.77,1.2029166666666666
31.6,2,11,17,10,1,1.03,1.58,1.2020833333333332
29.2,1,11,17,10,1,1.56,0.69,1.2129166666666666
-9.5,1,12,17,10,1,0.95,1.38,1.2079166666666667
-8.3,2,14,17,10,1,1.26,1.75,1.1491666666666667
27.7,1,14,17,10,1,0.34,0.86,1.1466666666666667
-0.6,5,16,17,10,1,0.8,0.87,1.1716666666666666
-0.1,4,17,17,10,1,1.47,1.28,1.1925000000000001
5.7,5,17,17,10,1,1.78,1.19,1.22125
1.2,1,18,17,10,1,1.88,0.26,1.265
23.1,5,18,17,10,1,1.31,0.57,1.3091666666666668
34.7,1,19,17,10,1,1.63,0.63,1.3329166666666667
11.3,4,19,17,10,1,1.2,1.94,1.3016666666666665
35.7,3,20,17,10,1,1.19,0.53,1.3341666666666665
12.7,4,21,17,10,1,1.31,1.35,1.3487500000000001
13.0,4,21,17,10,1,1.7,1.71,1.29
17.2,3,22,17,10,1,0.3,1.78,1.265
21.8,2,22,17,10,1,1.18,0.65,1.2779166666666668
-3.1,2,0,18,10,2,0.96,1.64,1.2395833333333333
18.4,3,2,18,10,2,0.72,1.93,1.23875
34.7,5,3,18,10,2,1.91,1.55,1.23375
35.4,1,3,18,10,2,1.43,1.53,1.18625
38.6,3,3,18,10,2,0.39,1.0,1.1929166666666666
38.9,5,7,18,10,2,1.16,1.17,1.2229166666666667
3.0,3,8,18,10,2,1.89,1.03,1.1929166666666666
31.2,1,11,18,10,2,0.31,1.56,1.1791666666666667
17.1,4,11,18,10,2,1.23,0.95,1.2183333333333335
39.8,5,12,18,10,2,1.89,1.26,1.1908333333333332
10.8,2,12,18,10,2,0.6,0.34,1.2166666666666666
28.4,4,13,18,10,2,0.96,0.8,1.2166666666666666
35.2,3,15,18,10,2,0.8,1.47,1.17
38.2,4,15,18,10,2,0.35,1.78,1.1475
24.4,4,16,18,10,2,1.24,1.88,1.0966666666666667
26.8,5,16,18,10,2,0.66,1.31,1.07125
30.6,5,16,18,10,2,0.7,1.63,1.0154166666666666
0.9,4,16,18,10,2,0.29,1.2,1.0283333333333333
22.4,4,19,18,10,2,1.51,1.19,1.0016666666666667
21.5,3,21,18,10,2,0.55,1.31,1.0141666666666667
3.2,4,21,18,10,2,1.61,1.7,0.975
-3.3,2,22,18,10,2,0.76,0.3,1.0458333333333332
28.8,5,23,18,10,2,2.0,1.18,1.0345833333333332
2.4,2,0,19,10,3,0.91,0.96,1.02125
17.8,5,2,19,10,3,0.64,0.72,1.0733333333333333
21.4,2,2,19,10,3,1.97,1.91,1.04375
26.0,3,2,19,10,3,1.2,1.43,1.0191666666666668
0.1,4,3,19,10,3,0.84,0.39,1.03125
31.0,4,3,19,10,3,0.68,1.16,1.0004166666666665
17.7,2,4,19,10,3,0.42,1.89,0.9824999999999999
-8.3,1,5,19,10,3,1.46,0.31,0.98375
14.4,2,6,19,10,3,0.34,1.23,1.005
30.9,2,6,19,10,3,1.74,1.89,0.955
7.2,1,7,19,10,3,0.69,0.6,0.9720833333333334
34.3,5,8,19,10,3,1.01,0.96,1.0008333333333332
-6.7,5,9,19,10,3,1.65,0.8,1.0129166666666667
23.3,5,9,19,10,3,1.09,0.35,1.0608333333333333
31.1,3,9,19,10,3,1.5,1.24,1.0599999999999998
14.0,1,9,19,10,3,1.22,0.66,1.1054166666666665
-3.6,5,9,19,10,3,1.75,0.7,1.0925
12.5,1,12,19,10,3,0.39,0.29,1.1258333333333332
24.3,2,12,19,10,3,1.09,1.51,1.1024999999999998
11.4,4,13,19,10,3,0.95,0.55,1.1475
22.5,3,13,19,10,3,1.63,1.61,1.1191666666666666
15.7,3,13,19,10,3,0.93,0.76,1.1379166666666667
23.2,1,15,19,10,3,1.21,2.0,1.1187500000000001
38.9,5,17,19,10,3,1.54,0.91,1.1633333333333333
16.4,3,18,19,10,3,1.98,0.64,1.1604166666666667
22.4,1,18,19,10,3,0.57,1.97,1.11
29.6,4,19,19,10,3,0.76,1.2,1.1195833333333332
6.1,1,19,19,10,3,1.43,0.84,1.1199999999999999
31.4,4,19,19,10,3,0.85,0.68,1.1416666666666666
-0.7,2,20,19,10,3,1.2,0.42,1.1979166666666667
36.7,2,20,19,10,3,1.77,1.46,1.1504166666666666
19.7,1,20,19,10,3,0.32,0.34,1.2008333333333334
36.1,1,20,19,10,3,1.55,1.74,1.1395833333333334
23.8,2,21,19,10,3,0.27,0.69,1.1291666666666667
12.9,3,21,19,10,3,0.44,1.01,1.1137499999999998
16.1,5,23,19,10,3,0.64,1.65,1.1216666666666666
14.6,2,0,20,10,4,1.84,1.09,1.1108333333333333
34.4,2,0,20,10,4,0.83,1.5,1.06125
10.3,2,1,20,10,4,0.31,1.22,1.0820833333333335
3.0,1,1,20,10,4,1.72,1.75,1.02875
39.7,3,2,20,10,4,0.47,0.39,1.0566666666666666
8.3,5,4,20,10,4,1.06,1.09,1.0541666666666667
-4.4,3,5,20,10,4,1.03,0.95,1.0595833333333333
4.3,5,6,20,10,4,1.08,1.63,1.0125
-1.2,3,6,20,10,4,0.5,0.93,1.0566666666666666
11.3,2,6,20,10,4,1.99,1.21,1.0712499999999998
-1.2,3,8,20,10,4,1.56,1.54,1.02125
26.5,5,8,20,10,4,0.34,1.98,0.9474999999999999
9.6,3,9,20,10,4,0.21,0.57,0.9587499999999999
-8.4,1,9,20,10,4,0.84,0.76,1.0095833333333333
-7.7,3,11,20,10,4,1.98,1.43,1.02875
1.8,2,12,20,10,4,1.89,0.85,1.0216666666666667
5.9,3,12,20,10,4,0.68,1.2,1.0133333333333334
20.1,2,13,20,10,4,1.0,1.77,1.0108333333333335
27.0,1,16,20,10,4,1.71,0.32,1.07375
32.8,5,16,20,10,4,1.83,1.55,1.0745833333333332
8.7,1,18,20,10,4,1.57,0.27,1.0979166666666667
1.3,4,18,20,10,4,0.83,0.44,1.1395833333333332
-1.9,1,19,20,10,4,1.44,0.64,1.1316666666666666
40.0,3,20,20,10,4,0.45,1.84,1.1362500000000002
36.7,3,0,21,10,5,1.95,0.83,1.1304166666666666
28.6,1,3,21,10,5,0.69,0.31,1.17875
39.5,3,4,21,10,5,1.47,1.72,1.11625
-1.2,4,5,21,10,5,0.22,0.47,1.1170833333333332
23.4,3,5,21,10,5,0.49,1.06,1.1379166666666667
-1.8,5,5,21,10,5,1.56,1.03,1.1775
37.3,3,6,21,10,5,1.98,1.08,1.195
12.1,1,7,21,10,5,1.5,0.5,1.19125
12.9,1,8,21,10,5,0.41,1.99,1.1704166666666667
1.3,1,8,21,10,5,1.49,1.56,1.12625
4.1,5,8,21,10,5,0.5,0.34,1.1775
6.4,4,9,21,10,5,1.57,0.21,1.215
32.3,2,9,21,10,5,1.11,0.84,1.22
0.0,4,10,21,10,5,0.96,1.98,1.1820833333333334
1.0,2,10,21,10,5,1.07,1.89,1.1220833333333333
18.5,4,11,21,10,5,0.45,0.68,1.1441666666666668
24.7,3,13,21,10,5,1.21,1.0,1.1395833333333332
-6.3,4,16,21,10,5,0.89,1.71,1.1137499999999998
-1.8,4,18,21,10,5,1.09,1.83,1.055
-5.7,3,19,21,10,5,0.42,1.57,1.0554166666666667
38.7,5,20,21,10,5,1.58,0.83,1.0866666666666667
10.4,5,20,21,10,5,1.58,1.44,1.1079166666666667
34.2,2,20,21,10,5,1.95,0.45,1.1595833333333334
14.6,3,21,21,10,5,1.69,1.95,1.15375
-0.2,4,22,21,10,5,1.81,0.69,1.2033333333333334
30.0,2,22,21,10,5,1.88,1.47,1.1908333333333334
-3.9,4,0,22,10,6,1.17,0.22,1.19125
0.3,3,2,22,10,6,0.23,0.49,1.225
29.0,3,2,22,10,6,1.3,1.56,1.2070833333333333
6.8,4,3,22,10,6,1.13,1.98,1.1904166666666667
39.5,2,5,22,10,6,1.58,1.5,1.1929166666666668
4.2,5,8,22,10,6,1.56,0.41,1.2237500000000001
25.3,3,9,22,10,6,1.15,1.49,1.2058333333333333
35.8,1,9,22,10,6,1.06,0.5,1.2070833333333333
25.5,5,10,22,10,6,0.53,1.57,1.22125
18.4,4,10,22,10,6,1.91,1.11,1.1920833333333334
9.5,5,10,22,10,6,0.41,0.96,1.1695833333333334
0.1,5,11,22,10,6,0.42,1.07,1.1895833333333332
19.2,5,12,22,10,6,1.55,0.45,1.2249999999999999
8.9,5,14,22,10,6,1.3,1.21,1.2116666666666667
16.9,3,16,22,10,6,0.89,0.89,1.2479166666666668
-0.9,1,16,22,10,6,1.76,1.09,1.2695833333333333
38.6,5,17,22,10,6,1.61,0.42,1.2904166666666665
11.1,4,18,22,10,6,0.92,1.58,1.2666666666666668
19.9,3,18,22,10,6,1.01,1.58,1.2645833333333334
25.4,3,19,22,10,6,1.53,1.95,1.2183333333333335
1.7,4,19,22,10,6,0.84,1.69,1.2049999999999998
6.0,5,19,22,10,6,1.37,1.81,1.1829166666666666
15.9,4,22,22,10,6,1.28,1.88,1.12375
25.9,2,22,22,10,6,0.46,1.17,1.1295833333333334
36.3,5,23,22,10,6,1.31,0.23,1.14375
3.8,2,23,22,10,6,0.57,1.3,1.1199999999999999
-4.0,4,1,23,10,0,0.73,1.13,1.1558333333333333
30.7,4,2,23,10,0,1.99,1.58,1.1533333333333333
32.5,1,3,23,10,0,1.52,1.56,1.1358333333333333
10.4,1,3,23,10,0,1.14,1.15,1.1708333333333334
15.7,4,4,23,10,0,1.99,1.06,1.1975
-9.1,3,5,23,10,0,1.7,0.53,1.1983333333333335
35.1,5,6,23,10,0,0.55,1.91,1.1591666666666667
-0.8,4,6,23,10,0,0.97,0.41,1.1520833333333333
0.0,2,6,23,10,0,0.24,0.42,1.1979166666666667
-0.5,3,7,23,10,0,1.52,1.55,1.18875
29.8,2,7,23,10,0,1.33,1.3,1.21125
9.4,1,8,23,10,0,1.84,0.89,1.1866666666666668
-5.0,2,8,23,10,0,0.3,1.76,1.1858333333333333
9.3,4,8,23,10,0,1.74,1.61,1.1612500000000001
-1.6,3,9,23,10,0,1.02,0.92,1.1787500000000002
12.8,4,9,23,10,0,1.34,1.01,1.1454166666666665
35.7,5,10,23,10,0,0.21,1.53,1.1112499999999998
19.1,5,10,23,10,0,0.71,0.84,1.1470833333333332
12.9,1,10,23,10,0,1.7,1.37,1.1691666666666667
15.1,4,12,23,10,0,1.9,1.28,1.1466666666666667
-9.9,4,13,23,10,0,0.74,0.46,1.1791666666666667
18.9,1,13,23,10,0,1.24,1.31,1.1583333333333334
38.2,5,13,23,10,0,0.81,0.57,1.1433333333333333
0.1,3,14,23,10,0,0.21,0.73,1.1654166666666665
36.8,4,15,23,10,0,1.26,1.99,1.13375
22.6,5,15,23,10,0,1.23,1.52,1.15
13.0,4,16,23,10,0,1.91,1.14,1.1845833333333333
5.8,2,16,23,10,0,1.97,1.99,1.1424999999999998
22.2,4,18,23,10,0,0.98,1.7,1.1316666666666666
-9.6,5,18,23,10,0,1.44,0.55,1.1266666666666667
27.7,5,19,23,10,0,0.43,0.97,1.10125
0.8,3,19,23,10,0,0.36,0.24,1.1370833333333332
19.5,4,22,23,10,0,1.1,1.52,1.0908333333333333
23.3,4,23,23,10,0,0.41,1.33,1.05875
24.7,3,23,23,10,0,0.56,1.84,1.0191666666666668
-4.2,1,0,24,10,1,0.89,0.3,1.0183333333333333
3.8,5,0,24,10,1,0.28,1.74,0.9654166666666667
-1.0,3,1,24,10,1,0.47,1.02,0.9816666666666666
14.0,4,1,24,10,1,1.41,1.34,0.9858333333333332
30.1,3,3,24,10,1,1.44,0.21,1.05875
25.2,3,3,24,10,1,1.96,0.71,1.1116666666666666
39.4,2,4,24,10,1,1.98,1.7,1.0529166666666667
14.8,4,5,24,10,1,0.29,1.9,0.9933333333333333
18.4,3,7,24,10,1,0.47,0.74,1.0295833333333333
9.5,2,8,24,10,1,1.61,1.24,0.995
19.0,4,9,24,10,1,0.41,0.81,0.9725
10.3,3,10,24,10,1,0.27,0.21,1.0020833333333332
-6.6,3,10,24,10,1,0.92,1.26,0.9704166666666666
-3.8,4,10,24,10,1,0.5,1.23,0.9575
6.5,1,14,24,10,1,0.92,1.91,0.9345833333333333
-6.7,1,15,24,10,1,1.36,1.97,0.8991666666666668
10.2,1,17,24,10,1,1.12,0.98,0.8958333333333334
15.8,3,17,24,10,1,0.9,1.44,0.8975
12.0,1,17,24,10,1,1.48,0.43,0.9625
36.7,1,18,24,10,1,1.99,0.36,1.0125
33.7,5,19,24,10,1,1.56,1.1,1.0075
-7.5,3,19,24,10,1,0.98,0.41,1.0420833333333333
23.4,4,19,24,10,1,1.24,0.56,1.10125
-5.2,3,20,24,10,1,1.98,0.89,1.0841666666666667
-0.4,5,20,24,10,1,0.48,0.28,1.0925
7.0,2,21,24,10,1,0.48,0.47,1.0870833333333334
19.6,1,21,24,10,1,0.34,1.41,1.0825
33.4,3,21,24,10,1,1.3,1.44,1.0533333333333332
-0.4,5,23,24,10,1,0.74,1.96,0.9916666666666667
0.3,5,0,25,10,2,0.48,1.98,0.9808333333333333
19.2,1,0,25,10,2,1.72,0.29,1.0370833333333334
17.2,3,0,25,10,2,1.64,0.47,1.0954166666666667
-4.9,1,1,25,10,2,1.87,1.61,1.0945833333333332
-5.7,4,4,25,10,2,1.59,0.41,1.1358333333333333
20.5,3,5,25,10,2,1.4,0.27,1.15875
-3.6,2,5,25,10,2,0.82,0.92,1.14375
37.4,5,6,25,10,2,0.56,0.5,1.145
4.1,2,9,25,10,2,0.53,0.92,1.1620833333333334
11.8,1,9,25,10,2,1.33,1.36,1.16875
29.0,3,10,25,10,2,1.52,1.12,1.1629166666666666
33.1,3,11,25,10,2,0.98,0.9,1.2066666666666668
24.9,5,11,25,10,2,1.95,1.48,1.2175
11.4,3,11,25,10,2,1.74,1.99,1.1516666666666666
38.3,3,11,25,10,2,0.41,1.56,1.1479166666666667
5.3,3,13,25,10,2,1.47,0.98,1.1408333333333334
-3.5,5,14,25,10,2,0.81,1.24,1.1358333333333335
19.4,1,14,25,10,2,1.12,1.98,1.1254166666666667
-5.2,1,15,25,10,2,1.73,0.48,1.18
-4.5,5,16,25,10,2,1.79,0.48,1.2033333333333334
-5.6,4,16,25,10,2,1.04,0.34,1.2470833333333333
38.2,5,16,25,10,2,1.39,1.3,1.2591666666666665
18.0,2,18,25,10,2,1.59,0.74,1.2595833333333333
17.6,2,19,25,10,2,0.75,0.48,1.2904166666666668
26.6,2,19,25,10,2,1.22,1.72,1.29125
10.0,1,19,25,10,2,1.74,1.64,1.25875
27.1,4,20,25,10,2,0.86,1.87,1.2133333333333334
2.6,1,21,25,10,2,0.78,1.59,1.2266666666666668
19.2,2,21,25,10,2,1.91,1.4,1.2395833333333333
3.1,5,22,25,10,2,1.71,0.82,1.2716666666666667
16.7,1,22,25,10,2,1.59,0.56,1.3095833333333333
0.1,4,0,26,10,3,1.47,0.53,1.3525
19.3,2,1,26,10,3,1.56,1.33,1.3491666666666668
8.1,4,3,26,10,3,1.25,1.52,1.2975
24.3,4,5,26,10,3,0.28,0.98,1.2975
14.0,4,6,26,10,3,0.98,1.95,1.2895833333333333
28.9,1,9,26,10,3,1.76,1.74,1.2833333333333332
12.5,4,9,26,10,3,1.59,0.41,1.2899999999999998
0.7,1,10,26,10,3,0.57,1.47,1.2525
-1.8,5,11,26,10,3,0.57,0.81,1.2645833333333334
7.7,2,12,26,10,3,1.1,1.12,1.2854166666666667
11.6,2,13,26,10,3,1.62,1.73,1.2616666666666667
22.4,1,13,26,10,3,1.16,1.79,1.1983333333333335
14.5,5,13,26,10,3,0.27,1.04,1.1854166666666668
20.5,4,13,26,10,3,0.73,1.39,1.1554166666666668
17.6,2,13,26,10,3,0.67,1.59,1.1491666666666667
11.8,5,14,26,10,3,1.44,0.75,1.13625
0.3,3,14,26,10,3,0.44,1.22,1.1458333333333333
33.6,1,15,26,10,3,1.45,1.74,1.1120833333333333
10.1,2,15,26,10,3,0.93,0.86,1.1208333333333333
32.1,5,15,26,10,3,1.07,0.78,1.1129166666666668
10.6,5,17,26,10,3,0.59,1.91,1.0445833333333334
13.8,2,17,26,10,3,0.27,1.71,1.0558333333333334
13.1,4,17,26,10,3,1.98,1.59,1.0666666666666667
23.0,4,17,26,10,3,1.85,1.47,1.0245833333333334
34.6,1,19,26,10,3,0.46,1.56,0.9712500000000001
7.7,5,20,26,10,3,0.28,1.25,0.9725
31.6,1,20,26,10,3,1.28,0.28,0.9891666666666666
28.4,2,20,26,10,3,0.68,0.98,0.9666666666666667
1.8,3,21,26,10,3,0.44,1.76,0.9366666666666666
38.9,1,23,26,10,3,1.04,1.59,0.9458333333333334
1.9,3,0,27,10,4,1.81,0.57,0.9712500000000001
-9.8,2,2,27,10,4,1.18,0.57,0.9779166666666668
9.7,4,2,27,10,4,0.73,1.1,0.9745833333333334
2.2,4,4,27,10,4,1.02,1.62,0.975
30.4,3,5,27,10,4,1.63,1.16,0.9849999999999999
-4.3,1,5,27,10,4,1.4,0.27,1.0066666666666666
27.5,4,5,27,10,4,0.79,0.73,1.05375
-0.6,3,7,27,10,4,1.86,0.67,1.04
-3.0,2,7,27,10,4,0.34,1.44,0.99125
11.9,4,7,27,10,4,0.27,0.44,1.0316666666666667
18.7,1,8,27,10,4,1.41,1.45,1.0245833333333334
5.7,1,10,27,10,4,1.28,0.93,0.9945833333333333
3.2,3,10,27,10,4,0.21,1.07,0.9766666666666666
19.5,4,10,27,10,4,0.64,0.59,0.98625
16.7,4,14,27,10,4,0.82,0.27,1.00875
35.3,2,15,27,10,4,0.81,1.98,0.9462499999999999
26.4,3,16,27,10,4,0.48,1.85,0.8983333333333334
32.0,4,17,27,10,4,0.7,0.46,0.9191666666666666
-6.8,1,17,27,10,4,0.96,0.28,0.9395833333333332
37.4,2,19,27,10,4,0.77,1.28,0.9016666666666667
2.0,5,20,27,10,4,0.37,0.68,0.9258333333333334
-3.2,3,21,27,10,4,1.26,0.44,0.975
25.0,2,22,27,10,4,1.62,1.04,0.9416666666666668
37.1,1,22,27,10,4,0.24,1.81,0.8991666666666666
-6.9,3,23,27,10,4,0.79,1.18,0.8591666666666667
8.2,5,0,28,10,5,0.22,0.73,0.8374999999999999
13.8,5,0,28,10,5,0.21,1.02,0.8208333333333333
39.8,5,0,28,10,5,0.62,1.63,0.7808333333333334
32.8,2,1,28,10,5,0.67,1.4,0.7395833333333334
2.9,4,2,28,10,5,0.41,0.79,0.7795833333333334
15.1,1,2,28,10,5,1.75,1.86,0.7291666666666666
-10.0,1,2,28,10,5,0.65,0.34,0.74125
20.6,5,2,28,10,5,0.63,0.27,0.7591666666666667
-6.5,3,2,28,10,5,0.7,1.41,0.7675000000000001
17.9,1,3,28,10,5,1.61,1.28,0.7675
-9.8,4,4,28,10,5,1.28,0.21,0.7925000000000001
21.2,1,4,28,10,5,0.81,0.64,0.80625
19.8,1,6,28,10,5,0.97,0.82,0.7875000000000001
38.5,4,6,28,10,5,0.37,0.81,0.8166666666666665
21.9,2,6,28,10,5,1.51,0.48,0.8400000000000002
8.6,3,7,28,10,5,1.04,0.7,0.8704166666666667
32.5,3,7,28,10,5,1.43,0.96,0.8612500000000001
34.4,3,8,28,10,5,0.74,0.77,0.86125
-5.1,5,9,28,10,5,0.77,0.37,0.88625
12.9,2,9,28,10,5,0.97,1.26,0.8758333333333334
34.3,5,12,28,10,5,1.01,1.62,0.8287499999999999
0.1,5,12,28,10,5,0.49,0.24,0.835
16.6,5,12,28,10,5,0.39,0.79,0.8170833333333333
10.8,5,14,28,10,5,0.36,0.22,0.8766666666666666
-1.7,4,15,28,10,5,1.65,0.21,0.9095833333333334
18.2,2,16,28,10,5,1.0,0.62,0.9175
19.6,5,17,28,10,5,0.81,0.67,0.9375
34.9,3,17,28,10,5,1.15,0.41,0.9345833333333334
17.8,4,18,28,10,5,0.34,1.75,0.9270833333333334
-5.8,5,18,28,10,5,1.57,0.65,0.9158333333333334
12.6,3,19,28,10,5,0.38,0.63,0.9416666666666668
7.5,2,20,28,10,5,1.25,0.7,0.9225
7.4,5,20,28,10,5,0.24,1.61,0.87125
22.1,4,21,28,10,5,0.38,1.28,0.8933333333333334
-0.1,2,23,28,10,5,1.81,0.81,0.9258333333333333
15.4,5,23,28,10,5,1.59,0.97,0.9475000000000001
3.8,5,0,29,10,6,1.49,0.37,0.9779166666666667
5.9,1,0,29,10,6,1.1,1.51,0.9625
0.2,4,0,29,10,6,1.14,1.04,0.9487500000000001
26.7,1,0,29,10,6,0.71,1.43,0.9220833333333333
37.7,1,2,29,10,6,0.79,0.74,0.90875
25.5,1,3,29,10,6,0.42,0.77,0.89875
9.4,4,3,29,10,6,0.53,0.97,0.88375
37.4,3,3,29,10,6,0.61,1.01,0.8945833333333333
-9.4,3,4,29,10,6,1.27,0.49,0.89875
22.1,1,4,29,10,6,0.59,0.39,0.9400000000000001
29.2,3,5,29,10,6,1.38,0.36,0.9979166666666668
7.6,2,6,29,10,6,1.75,1.65,0.955
24.1,5,8,29,10,6,0.62,1.0,0.9354166666666667
36.5,5,11,29,10,6,0.53,0.81,0.9279166666666666
32.9,1,11,29,10,6,0.63,1.15,0.9304166666666666
19.4,5,15,29,10,6,1.21,0.34,0.9445833333333332
33.4,3,15,29,10,6,0.68,1.57,0.9083333333333332
6.3,5,15,29,10,6,0.7,0.38,0.9624999999999999
23.2,1,16,29,10,6,1.68,1.25,0.9441666666666667
0.1,2,17,29,10,6,0.81,0.24,0.965
3.8,3,17,29,10,6,0.74,0.38,1.0258333333333332
34.0,3,18,29,10,6,1.84,1.81,1.0062499999999999
7.3,1,19,29,10,6,1.34,1.59,0.9733333333333333
5.6,2,21,29,10,6,0.8,1.49,0.9774999999999999
38.8,4,21,29,10,6,1.59,1.1,1.0016666666666667
26.6,1,21,29,10,6,1.68,1.14,1.0145833333333332
38.3,4,22,29,10,6,1.45,0.71,0.9987499999999999
36.1,2,22,29,10,6,0.33,0.79,1.0487499999999998
19.1,4,23,29,10,6,1.99,0.42,1.1075000000000002
38.2,4,23,29,10,6,1.83,0.53,1.1266666666666667
24.0,5,1,30,10,0,0.99,0.61,1.1125
-6.3,4,1,30,10,0,0.27,1.27,1.1
35.0,3,2,30,10,0,0.97,0.59,1.12875
-4.8,2,3,30,10,0,1.28,1.38,1.1341666666666665
31.5,4,3,30,10,0,1.51,1.75,1.1270833333333332
30.9,5,4,30,10,0,1.58,0.62,1.1566666666666667
-8.2,4,6,30,10,0,1.33,0.53,1.14875
14.6,5,6,30,10,0,0.34,0.63,1.1308333333333334
11.6,5,7,30,10,0,0.2,1.21,1.0945833333333332
22.3,2,8,30,10,0,0.34,0.68,1.07875
8.6,1,9,30,10,0,0.3,0.7,1.07
17.1,1,10,30,10,0,0.49,1.68,1.0541666666666667
9.4,3,11,30,10,0,1.3,0.81,1.0566666666666666
8.6,2,11,30,10,0,0.87,0.74,1.0358333333333334
2.1,4,11,30,10,0,0.24,1.84,1.0029166666666667
33.9,2,11,30,10,0,1.05,1.34,0.9950000000000001
3.1,1,12,30,10,0,1.15,0.8,1.0291666666666668
3.8,4,13,30,10,0,1.62,1.59,0.9929166666666668
-4.2,2,15,30,10,0,0.72,1.68,1.0008333333333335
4.3,4,17,30,10,0,1.87,1.45,0.9820833333333335
15.7,5,17,30,10,0,1.0,0.33,0.9770833333333333
-6.4,4,18,30,10,0,0.21,1.99,0.9545833333333335
1.8,3,21,30,10,0,1.45,1.83,0.9108333333333333
13.6,3,21,30,10,0,0.78,0.99,0.9
-4.5,5,22,30,10,0,0.73,0.27,0.9454166666666667
21.4,1,22,30,10,0,1.36,0.97,0.9191666666666666
32.9,3,23,30,10,0,0.34,1.28,0.9395833333333333
15.9,3,0,31,10,1,1.77,1.51,0.9075000000000001
26.9,3,0,31,10,1,0.74,1.58,0.9216666666666667
16.9,2,2,31,10,1,1.92,1.33,0.9095833333333334
-3.3,4,2,31,10,1,1.04,0.34,0.9345833333333333
10.9,4,4,31,10,1,0.94,0.2,1.00125
37.0,3,5,31,10,1,1.8,0.34,1.0150000000000001
2.6,2,5,31,10,1,0.67,0.3,1.05875
5.6,4,8,31,10,1,1.35,0.49,1.0916666666666666
33.5,3,8,31,10,1,1.28,1.3,1.0558333333333334
5.6,1,9,31,10,1,0.44,0.87,1.0691666666666666
13.5,3,10,31,10,1,1.19,0.24,1.12875
38.4,3,10,31,10,1,1.67,1.05,1.1258333333333335
4.0,2,11,31,10,1,0.98,1.15,1.1483333333333332
37.3,1,12,31,10,1,1.69,1.62,1.15875
25.7,3,14,31,10,1,1.87,0.72,1.2091666666666667
23.7,3,14,31,10,1,1.93,1.87,1.1541666666666666
-4.7,2,15,31,10,1,0.55,1.0,1.1762499999999998
-6.3,1,16,31,10,1,1.53,0.21,1.2091666666666667
38.0,4,22,31,10,1,1.0,1.45,1.2133333333333332
29.0,2,2,1,11,2,1.55,0.78,1.2358333333333333
9.6,5,7,1,11,2,1.32,0.73,1.2266666666666668
25.2,2,8,1,11,2,0.51,1.36,1.1812500000000001
1.0,2,8,1,11,2,0.27,0.34,1.1775
13.8,5,8,1,11,2,0.25,1.77,1.1841666666666668
35.8,4,8,1,11,2,1.93,0.74,1.1658333333333333
16.0,5,11,1,11,2,0.3,1.92,1.1279166666666667
5.1,2,11,1,11,2,1.01,1.04,1.1404166666666666
25.0,2,11,1,11,2,1.34,0.94,1.1491666666666667
20.3,2,14,1,11,2,1.15,1.8,1.1199999999999999
13.0,2,15,1,11,2,1.1,0.67,1.1695833333333334
30.1,5,15,1,11,2,1.86,1.35,1.1883333333333332
19.5,1,16,1,11,2,1.8,1.28,1.2041666666666666
9.7,2,17,1,11,2,1.66,0.44,1.2249999999999999
5.3,2,18,1,11,2,0.94,1.19,1.2545833333333334
27.8,3,18,1,11,2,1.9,1.67,1.1937499999999999
-3.0,3,18,1,11,2,0.21,0.98,1.1649999999999998
12.6,3,19,1,11,2,0.29,1.69,1.1491666666666667
39.1,2,21,1,11,2,1.31,1.87,1.1204166666666666
32.5,4,22,1,11,2,1.18,1.93,1.0729166666666667
14.3,5,22,1,11,2,0.79,0.55,1.1233333333333333
22.6,3,22,1,11,2,1.76,1.53,1.0879166666666666
24.2,1,0,2,11,3,0.68,1.0,1.08625
28.8,1,0,2,11,3,0.96,1.55,1.0691666666666666
-7.4,5,0,2,11,3,1.14,1.32,1.0575
31.5,4,1,2,11,3,1.04,0.51,1.0645833333333334
39.2,2,1,2,11,3,0.68,0.27,1.1070833333333334
37.2,1,2,2,11,3,1.29,0.25,1.1416666666666666
10.1,1,2,2,11,3,1.08,1.93,1.08125
39.0,3,2,2,11,3,0.48,0.3,1.0883333333333334
24.2,3,6,2,11,3,0.47,1.01,1.11
29.5,2,7,2,11,3,1.53,1.34,1.0745833333333334
16.5,5,7,2,11,3,0.49,1.15,1.0520833333333333
6.9,5,8,2,11,3,0.61,1.1,1.0845833333333335
27.4,5,8,2,11,3,1.88,1.86,1.0445833333333334
-5.8,1,8,2,11,3,0.9,1.8,1.0266666666666666
38.1,2,12,2,11,3,1.37,1.66,1.01
28.3,5,12,2,11,3,1.26,0.94,1.0329166666666667
25.8,3,14,2,11,3,1.49,1.9,0.9629166666666668
13.9,3,14,2,11,3,0.22,0.21,0.9808333333333333
-3.1,3,15,2,11,3,0.64,0.29,1.0420833333333335
-7.7,4,16,2,11,3,1.76,1.31,1.0075
20.7,1,17,2,11,3,0.48,1.18,0.9904166666666666
23.3,1,19,2,11,3,0.77,0.79,1.01125
21.0,1,19,2,11,3,1.29,1.76,0.95375
14.9,5,19,2,11,3,0.38,0.68,0.9895833333333334
20.2,5,22,2,11,3,1.54,0.96,1.0170833333333336
-3.2,2,22,2,11,3,1.62,1.14,1.02875
14.6,1,22,2,11,3,1.42,1.04,1.0529166666666667
8.9,3,22,2,11,3,1.62,0.68,1.0933333333333333
-5.0,3,22,2,11,3,1.65,1.29,1.0829166666666665
39.2,3,23,2,11,3,1.04,1.08,1.11375
1.0,4,23,2,11,3,1.82,0.48,1.1354166666666667
16.4,1,0,3,11,4,1.0,0.47,1.1429166666666666
33.1,3,1,3,11,4,0.65,1.53,1.0891666666666666
-9.6,4,3,3,11,4,0.24,0.49,1.1354166666666667
-1.6,1,3,3,11,4,1.6,0.61,1.1741666666666666
39.4,2,5,3,11,4,1.54,1.88,1.135
-6.9,4,9,3,11,4,0.94,0.9,1.1075
-0.9,5,10,3,11,4,0.24,1.37,1.0916666666666668
23.6,4,10,3,11,4,0.99,1.26,1.0916666666666666
-0.9,2,11,3,11,4,1.26,1.49,1.0604166666666668
5.2,4,12,3,11,4,0.74,0.22,1.10375
-8.8,3,12,3,11,4,1.26,0.64,1.1079166666666669
26.2,4,13,3,11,4,0.74,1.76,1.1141666666666665
2.3,1,14,3,11,4,1.91,0.48,1.16875
34.7,2,15,3,11,4,1.79,0.77,1.15375
26.7,2,15,3,11,4,0.41,1.29,1.1816666666666666
32.5,3,16,3,11,4,1.96,0.38,1.2258333333333333
2.9,5,16,3,11,4,1.44,1.54,1.1870833333333333
38.5,3,18,3,11,4,0.61,1.62,1.1966666666666665
-7.0,2,18,3,11,4,1.85,1.42,1.1908333333333332
8.1,2,18,3,11,4,1.28,1.62,1.18125
2.4,3,18,3,11,4,1.39,1.65,1.1925000000000001
35.2,2,19,3,11,4,1.92,1.04,1.1675
14.5,4,21,3,11,4,0.44,1.82,1.115
29.4,3,21,3,11,4,0.56,1.0,1.145
27.7,1,2,4,11,5,1.72,0.65,1.1533333333333333
-3.1,3,4,4,11,5,0.85,0.24,1.2025
39.0,5,5,4,11,5,1.42,1.6,1.2095833333333332
32.9,1,6,4,11,5,1.77,1.54,1.2108333333333332
16.5,4,6,4,11,5,1.57,0.94,1.2449999999999999
30.9,4,7,4,11,5,1.76,0.24,1.305
15.3,1,9,4,11,5,1.68,0.99,1.2845833333333332
35.9,1,9,4,11,5,0.5,1.26,1.2954166666666667
25.0,2,9,4,11,5,1.52,0.74,1.3395833333333333
1.2,2,9,4,11,5,1.8,1.26,1.3329166666666665
18.5,1,10,4,11,5,1.1,0.74,1.3641666666666667
23.8,4,10,4,11,5,1.49,1.91,1.3420833333333333
32.2,2,11,4,11,5,1.38,1.79,1.3320833333333333
8.5,5,11,4,11,5,1.55,0.41,1.3958333333333333
19.5,3,11,4,11,5,1.94,1.96,1.3616666666666666
19.3,1,11,4,11,5,1.14,1.44,1.3170833333333334
16.7,4,11,4,11,5,0.37,0.61,1.32625
12.8,3,13,4,11,5,0.83,1.85,1.2945833333333334
8.0,5,13,4,11,5,1.09,1.28,1.2891666666666668
29.4,1,13,4,11,5,1.15,1.39,1.3125
8.3,5,15,4,11,5,1.95,1.92,1.3091666666666666
12.8,5,15,4,11,5,1.84,0.44,1.3716666666666668
35.1,3,16,4,11,5,1.94,0.56,1.3666666666666665
34.8,5,17,4,11,5,0.44,1.72,1.3595833333333334
3.8,1,19,4,11,5,1.55,0.85,1.3516666666666666
21.9,3,19,4,11,5,0.66,1.42,1.3066666666666666
22.6,5,20,4,11,5,0.34,1.77,1.31
17.9,2,20,4,11,5,1.85,1.57,1.2941666666666667
2.3,2,21,4,11,5,1.19,1.76,1.2583333333333333
20.8,1,21,4,11,5,0.9,1.68,1.2029166666666666
26.2,2,22,4,11,5,0.35,0.5,1.2458333333333333
0.1,3,22,4,11,5,1.53,1.52,1.2529166666666667
22.4,5,22,4,11,5,1.69,1.8,1.2049999999999998
-2.5,5,22,4,11,5,0.65,1.1,1.1854166666666668
6.9,1,22,4,11,5,0.63,1.49,1.1470833333333332
-8.6,2,0,5,11,6,0.57,1.38,1.1670833333333335
7.5,1,1,5,11,6,1.86,1.55,1.1145833333333333
11.0,1,2,5,11,6,0.29,1.94,1.0479166666666668
34.2,2,3,5,11,6,0.34,1.14,1.0304166666666668
15.6,3,3,5,11,6,0.72,0.37,1.03375
25.4,1,5,5,11,6,0.45,0.83,1.02375
14.2,5,7,5,11,6,0.59,1.09,1.0258333333333332
-2.0,3,7,5,11,6,1.14,1.15,0.9979166666666667
8.0,2,9,5,11,6,0.48,1.95,0.9416666666666668
23.0,1,10,5,11,6,0.6,1.84,0.9383333333333334
14.4,4,10,5,11,6,1.76,1.94,0.8970833333333332
15.4,1,11,5,11,6,0.95,0.44,0.9158333333333334
-8.9,5,11,5,11,6,0.89,1.55,0.895
35.0,5,12,5,11,6,1.05,0.66,0.9216666666666667
28.6,4,15,5,11,6,1.3,0.34,0.9633333333333334
4.9,5,15,5,11,6,1.34,1.85,0.8995833333333333
23.7,2,16,5,11,6,0.32,1.19,0.9033333333333333
39.3,2,17,5,11,6,1.28,0.9,0.9029166666666666
32.1,2,21,5,11,6,0.89,0.35,0.9608333333333334
9.4,2,22,5,11,6,1.74,1.53,0.9575
21.7,4,22,5,11,6,1.45,1.69,0.9345833333333333
10.1,4,0,6,11,0,1.14,0.65,0.9770833333333333
39.3,2,0,6,11,0,1.67,0.63,1.0154166666666666
12.2,1,0,6,11,0,1.55,0.57,1.0704166666666668
-1.4,5,0,6,11,0,1.89,1.86,1.0579166666666666
27.5,4,1,6,11,0,1.56,0.29,1.1199999999999999
23.5,5,1,6,11,0,1.78,0.34,1.1345833333333333
7.1,5,2,6,11,0,0.69,0.72,1.1604166666666667
26.8,5,3,6,11,0,1.34,0.45,1.15375
5.1,4,5,6,11,0,0.29,0.59,1.1783333333333335
10.8,5,5,6,11,0,1.18,1.14,1.1458333333333333
7.3,3,7,6,11,0,0.36,0.48,1.1529166666666668
18.1,5,7,6,11,0,0.65,0.6,1.1766666666666665
5.2,1,8,6,11,0,1.17,1.76,1.1225
-2.3,3,9,6,11,0,0.46,0.95,1.1295833333333334
12.0,2,10,6,11,0,1.12,0.89,1.165
0.8,5,10,6,11,0,1.74,1.05,1.1433333333333333
16.3,1,10,6,11,0,0.53,1.3,1.1275
6.9,4,10,6,11,0,0.92,1.34,1.1175
-1.1,4,12,6,11,0,1.1,0.32,1.12625
39.9,3,12,6,11,0,0.53,1.28,1.12875
10.4,1,13,6,11,0,1.34,0.89,1.1316666666666666
35.9,1,13,6,11,0,0.96,1.74,1.0770833333333332
29.8,4,13,6,11,0,0.43,1.45,1.0454166666666667
33.1,3,13,6,11,0,0.69,1.14,1.0133333333333334
24.9,4,13,6,11,0,0.37,1.67,0.9895833333333334
8.4,4,14,6,11,0,1.1,1.55,0.9366666666666666
24.7,4,16,6,11,0,0.28,1.89,0.93
11.0,4,16,6,11,0,1.73,1.56,0.9266666666666667
34.1,2,17,6,11,0,1.48,1.78,0.89875
