Outdoor Temperature (°C),Household Size,hour,day,month,week,lag_1,lag_24,rolling_mean_24
7.3,4,1,1,1,6,4.85,2.98,3.60875
21.2,5,2,1,1,6,1.6,3.11,3.514583333333333
27.0,1,2,1,1,6,0.85,4.54,3.396666666666667
35.6,4,2,1,1,6,1.71,2.93,3.330416666666667
25.3,3,3,1,1,6,1.34,4.77,3.1500000000000004
29.5,1,3,1,1,6,0.44,2.16,3.0954166666666665
37.8,5,5,1,1,6,0.85,3.75,3.014583333333333
7.6,2,6,1,1,6,1.81,3.37,2.9025
9.7,3,7,1,1,6,0.68,3.94,2.7675
-6.0,1,7,1,1,6,0.7,4.4,2.61625
-4.0,4,10,1,1,6,0.77,2.23,2.5508333333333337
-5.7,4,10,1,1,6,0.66,4.25,2.438333333333333
1.3,2,10,1,1,6,1.55,4.14,2.297916666666667
-8.0,5,11,1,1,6,0.77,4.17,2.169583333333333
-3.6,4,12,1,1,6,1.09,3.6,2.0854166666666667
15.0,2,12,1,1,6,1.58,2.03,2.0483333333333333
20.1,1,15,1,1,6,1.14,4.77,1.8879166666666667
19.5,4,15,1,1,6,0.92,2.87,1.8025
31.4,5,16,1,1,6,0.82,4.39,1.647916666666667
30.2,2,17,1,1,6,0.68,2.08,1.5983333333333334
32.3,3,20,1,1,6,0.89,3.93,1.5025000000000002
21.2,3,20,1,1,6,1.63,4.33,1.3991666666666667
17.9,4,21,1,1,6,1.85,4.4,1.29875
-4.6,4,23,1,1,6,1.99,4.85,1.1075000000000002
-8.3,4,0,2,1,0,0.26,1.6,1.11875
-2.7,2,1,2,1,0,1.87,0.85,1.1220833333333333
-0.7,5,2,2,1,0,0.93,1.71,1.1016666666666668
17.1,3,3,2,1,0,1.22,1.34,1.0679166666666666
9.2,2,4,2,1,0,0.53,0.44,1.1008333333333333
9.1,2,5,2,1,0,1.23,0.85,1.11
12.1,4,5,2,1,0,1.07,1.81,1.0466666666666666
11.3,5,6,2,1,0,0.29,0.68,1.0566666666666666
31.7,3,9,2,1,0,0.92,0.7,1.0574999999999999
33.9,4,10,2,1,0,0.72,0.77,1.0441666666666667
26.3,5,11,2,1,0,0.45,0.66,1.0783333333333334
21.7,5,11,2,1,0,1.48,1.55,1.0654166666666667
-4.0,5,11,2,1,0,1.24,0.77,1.09125
19.9,3,13,2,1,0,1.39,1.09,1.06625
11.4,5,14,2,1,0,0.49,1.58,1.03
14.8,1,15,2,1,0,0.71,1.14,1.0066666666666666
3.6,5,18,2,1,0,0.58,0.92,1.03875
-7.7,2,19,2,1,0,1.69,0.82,1.04375
6.3,3,20,2,1,0,0.94,0.68,1.0591666666666666
-7.8,1,20,2,1,0,1.05,0.89,1.0508333333333333
10.7,4,21,2,1,0,0.69,1.63,1.0475
13.3,4,21,2,1,0,1.55,1.85,0.9816666666666666
27.8,1,21,2,1,0,0.27,1.99,0.94125
-5.3,4,23,2,1,0,1.02,0.26,0.9725
0.3,3,23,2,1,0,1.01,1.87,0.9645833333333335
33.1,1,0,3,1,1,1.68,0.93,0.9566666666666667
16.4,4,2,3,1,1,0.74,1.22,0.9841666666666665
37.2,4,3,3,1,1,1.88,0.53,0.9904166666666666
3.6,2,3,3,1,1,0.68,1.23,0.97625
34.6,4,3,3,1,1,0.89,1.07,0.9491666666666667
-0.4,3,5,3,1,1,0.42,0.29,1.0008333333333332
37.8,5,8,3,1,1,1.53,0.92,1.0141666666666667
29.1,5,11,3,1,1,1.24,0.72,1.00375
8.2,3,12,3,1,1,0.47,0.45,1.0016666666666667
-6.2,4,13,3,1,1,0.4,1.48,0.9816666666666668
15.9,2,13,3,1,1,1.0,1.24,0.9504166666666666
21.7,5,14,3,1,1,0.49,1.39,0.9141666666666666
1.5,5,14,3,1,1,0.52,0.49,0.915
36.8,5,15,3,1,1,0.51,0.71,0.965
-5.0,4,16,3,1,1,1.91,0.58,0.9562499999999999
-1.1,3,17,3,1,1,0.37,1.69,0.9495833333333333
8.8,4,18,3,1,1,1.53,0.94,0.9758333333333334
-9.7,2,19,3,1,1,1.57,1.05,0.9920833333333334
2.2,4,19,3,1,1,1.44,0.69,1.0041666666666667
29.6,3,19,3,1,1,0.98,1.55,0.985
10.8,4,20,3,1,1,1.09,0.27,1.0433333333333332
-3.8,3,20,3,1,1,1.67,1.02,1.0195833333333333
18.5,5,20,3,1,1,0.45,1.01,1.0041666666666667
-0.8,3,20,3,1,1,0.64,1.68,1.0120833333333332
37.3,3,21,3,1,1,1.87,0.74,0.9970833333333333
5.8,5,21,3,1,1,0.38,1.88,0.9329166666666667
27.9,5,23,3,1,1,0.34,0.68,0.9404166666666667
-1.9,2,1,4,1,2,0.86,0.89,0.9237500000000001
-3.4,5,1,4,1,2,0.49,0.42,0.9433333333333334
15.0,3,2,4,1,2,0.89,1.53,0.9016666666666667
37.5,2,2,4,1,2,0.53,1.24,0.85875
-7.0,4,3,4,1,2,0.21,0.47,0.9087500000000001
-1.9,1,4,4,1,2,1.67,0.4,0.97125
5.9,4,6,4,1,2,1.9,1.0,1.0045833333333334
22.4,5,6,4,1,2,1.8,0.49,1.0183333333333333
-7.4,1,7,4,1,2,0.82,0.52,1.0516666666666667
5.4,5,7,4,1,2,1.32,0.51,1.1070833333333334
16.3,4,8,4,1,2,1.84,1.91,1.0741666666666665
2.5,5,8,4,1,2,1.12,0.37,1.0825
-1.8,2,9,4,1,2,0.57,1.53,1.0570833333333334
26.0,3,10,4,1,2,0.92,1.57,1.02375
21.4,4,11,4,1,2,0.77,1.44,1.0254166666666666
-7.4,5,11,4,1,2,1.48,0.98,1.0408333333333335
-3.7,3,12,4,1,2,1.35,1.09,1.0645833333333332
39.7,4,12,4,1,2,1.66,1.67,1.02
26.1,2,12,4,1,2,0.6,0.45,1.0304166666666668
20.9,2,15,4,1,2,0.7,0.64,1.0166666666666668
23.9,3,17,4,1,2,0.31,1.87,0.9758333333333332
6.1,1,17,4,1,2,0.89,0.38,1.02875
27.7,1,18,4,1,2,1.65,0.34,1.0883333333333334
10.5,2,18,4,1,2,1.77,0.86,1.07
10.6,5,19,4,1,2,0.42,0.49,1.08625
23.4,4,19,4,1,2,0.88,0.89,1.0633333333333332
4.3,3,21,4,1,2,0.34,0.53,1.1208333333333333
27.6,5,23,4,1,2,1.91,0.21,1.1925000000000001
34.4,1,23,4,1,2,1.93,1.67,1.1537499999999998
35.5,3,23,4,1,2,0.74,1.9,1.1300000000000001
1.4,5,0,5,1,3,1.33,1.8,1.09375
14.5,3,1,5,1,3,0.93,0.82,1.07625
35.0,4,2,5,1,3,0.4,1.32,1.075
-9.9,3,3,5,1,3,1.29,1.84,1.0574999999999999
35.0,3,6,5,1,3,1.42,1.12,1.0408333333333333
7.1,4,7,5,1,3,0.72,0.57,1.02875
30.9,1,7,5,1,3,0.28,0.92,1.0408333333333333
35.3,1,9,5,1,3,1.21,0.77,1.0683333333333334
33.6,5,9,5,1,3,1.43,1.48,1.0275
20.8,4,9,5,1,3,0.5,1.35,0.9825
16.9,4,11,5,1,3,0.27,1.66,0.9720833333333334
24.5,2,12,5,1,3,1.41,0.6,0.98875
27.0,1,12,5,1,3,1.0,0.7,1.01875
-7.4,4,12,5,1,3,1.42,0.31,1.0241666666666667
6.3,5,15,5,1,3,0.44,0.89,1.0516666666666667
12.5,5,17,5,1,3,1.55,1.65,1.0566666666666666
3.3,2,17,5,1,3,1.77,1.77,1.0445833333333334
13.7,1,20,5,1,3,1.48,0.42,1.06
-2.4,1,20,5,1,3,0.79,0.88,1.0608333333333333
9.5,4,20,5,1,3,0.9,0.34,1.0733333333333333
-1.2,3,20,5,1,3,0.64,1.91,1.05375
36.8,4,21,5,1,3,1.44,1.93,1.045
5.4,1,23,5,1,3,1.72,0.74,1.0354166666666667
30.7,1,0,6,1,4,0.51,1.33,1.0629166666666665
8.5,5,0,6,1,4,1.99,0.93,1.0574999999999999
15.7,2,2,6,1,4,0.8,0.4,1.1204166666666666
5.2,5,3,6,1,4,1.91,1.29,1.0783333333333334
23.3,1,4,6,1,4,0.28,1.42,1.0495833333333333
17.4,1,4,6,1,4,0.73,0.72,1.0729166666666667
30.7,4,4,6,1,4,1.28,0.28,1.1233333333333333
-9.6,2,5,6,1,4,1.49,1.21,1.1179166666666667
2.1,4,6,6,1,4,1.08,1.43,1.10375
24.3,1,6,6,1,4,1.09,0.5,1.0991666666666666
22.3,1,7,6,1,4,0.39,0.27,1.1170833333333332
-5.9,5,8,6,1,4,0.7,1.41,1.1266666666666667
-1.2,5,10,6,1,4,1.64,1.0,1.1316666666666666
-2.8,3,10,6,1,4,1.12,1.42,1.1375
24.9,4,10,6,1,4,1.56,0.44,1.1500000000000001
9.3,5,10,6,1,4,0.74,1.55,1.1275
7.0,1,11,6,1,4,1.01,1.77,1.11375
15.6,4,12,6,1,4,1.44,1.48,1.0958333333333334
-8.9,4,13,6,1,4,1.05,0.79,1.1191666666666666
-2.0,1,14,6,1,4,1.35,0.9,1.15375
5.5,2,18,6,1,4,1.73,0.64,1.16625
-0.3,4,21,6,1,4,0.94,1.44,1.1570833333333332
33.8,2,22,6,1,4,1.22,1.72,1.1491666666666667
30.5,4,23,6,1,4,1.53,0.51,1.1775
0.5,1,23,6,1,4,1.19,1.99,1.1708333333333334
9.3,1,1,7,1,5,1.83,0.8,1.1866666666666668
38.5,5,1,7,1,5,1.18,1.91,1.1616666666666666
-9.5,1,2,7,1,5,1.31,0.28,1.1979166666666667
26.0,1,2,7,1,5,1.15,0.73,1.2141666666666666
8.4,3,2,7,1,5,1.12,1.28,1.2229166666666667
4.1,1,4,7,1,5,1.49,1.49,1.2220833333333332
39.5,3,4,7,1,5,1.47,1.08,1.23625
3.7,4,8,7,1,5,1.42,1.09,1.2329166666666667
-8.9,3,10,7,1,5,1.01,0.39,1.2845833333333334
15.1,3,10,7,1,5,1.63,0.7,1.3220833333333333
20.5,2,11,7,1,5,1.6,1.64,1.305
16.5,5,11,7,1,5,1.23,1.12,1.3366666666666667
33.8,3,13,7,1,5,1.88,1.56,1.335
5.1,5,13,7,1,5,1.52,0.74,1.3412499999999998
4.0,2,13,7,1,5,0.89,1.01,1.3645833333333333
-2.7,4,14,7,1,5,1.57,1.44,1.3399999999999999
13.0,5,14,7,1,5,0.85,1.05,1.3291666666666666
-4.5,2,15,7,1,5,0.79,1.35,1.3216666666666668
13.9,1,16,7,1,5,1.17,1.73,1.3058333333333334
17.8,4,17,7,1,5,1.35,0.94,1.33875
6.4,4,18,7,1,5,1.73,1.22,1.30125
2.0,2,18,7,1,5,0.32,1.53,1.3108333333333333
6.4,2,19,7,1,5,1.76,1.19,1.2808333333333335
26.0,5,20,7,1,5,0.47,1.83,1.2204166666666667
16.6,3,23,7,1,5,0.38,1.18,1.25375
18.7,4,0,8,1,6,1.98,1.31,1.2491666666666668
-6.6,4,2,8,1,6,1.2,1.15,1.235
10.6,3,3,8,1,6,0.81,1.12,1.23125
30.2,5,6,8,1,6,1.03,1.49,1.20875
34.7,3,6,8,1,6,0.95,1.47,1.2070833333333335
28.4,1,7,8,1,6,1.43,1.42,1.16625
28.8,3,8,8,1,6,0.44,1.01,1.1783333333333335
32.2,4,8,8,1,6,1.3,1.63,1.135
31.2,1,8,8,1,6,0.59,1.6,1.1300000000000001
7.6,2,9,8,1,6,1.48,1.23,1.1500000000000001
32.2,2,10,8,1,6,1.71,1.88,1.1504166666666669
4.7,5,11,8,1,6,1.89,1.52,1.1066666666666667
34.6,1,11,8,1,6,0.47,0.89,1.10875
-0.5,3,12,8,1,6,0.94,1.57,1.115
8.9,5,12,8,1,6,1.72,0.85,1.1095833333333334
31.5,5,13,8,1,6,0.72,0.79,1.0995833333333334
9.9,5,13,8,1,6,0.55,1.17,1.0975
38.4,5,14,8,1,6,1.12,1.35,1.0833333333333333
9.1,2,15,8,1,6,1.01,1.73,1.0316666666666667
27.2,5,16,8,1,6,0.49,0.32,1.0820833333333333
11.3,1,16,8,1,6,1.53,1.76,1.0429166666666665
35.0,5,17,8,1,6,0.82,0.47,1.0362500000000001
16.7,1,19,8,1,6,0.31,0.38,1.0720833333333333
14.3,4,19,8,1,6,1.24,1.98,1.015
20.9,2,20,8,1,6,0.61,1.2,0.9829166666666667
0.6,1,23,8,1,6,0.43,0.81,1.0062499999999999
34.1,4,23,8,1,6,1.37,1.03,1.01875
9.7,3,0,9,1,0,1.33,0.95,1.0
29.4,3,0,9,1,0,0.5,1.43,0.9812499999999998
35.1,3,2,9,1,0,0.98,0.44,0.9816666666666668
24.1,1,6,9,1,0,0.45,1.3,0.9425
36.6,1,7,9,1,0,0.36,0.59,0.9533333333333333
-9.1,2,7,9,1,0,0.85,1.48,0.9158333333333334
13.3,4,9,9,1,0,0.58,1.71,0.9141666666666666
-0.2,1,10,9,1,0,1.67,1.89,0.8991666666666666
15.4,1,14,9,1,0,1.53,0.47,0.9154166666666667
1.8,2,15,9,1,0,0.86,0.94,0.9520833333333334
3.9,1,16,9,1,0,1.82,1.72,0.9304166666666666
12.5,3,17,9,1,0,1.2,0.72,0.9425
13.0,2,18,9,1,0,1.01,0.55,0.97125
-3.2,5,18,9,1,0,1.24,1.12,0.9683333333333333
-0.1,1,18,9,1,0,1.05,1.01,0.9874999999999999
16.1,5,20,9,1,0,1.47,0.49,0.9916666666666666
17.2,3,22,9,1,0,0.59,1.53,0.9945833333333334
17.8,3,22,9,1,0,1.6,0.82,1.04
-8.1,4,0,10,1,1,1.91,0.31,1.10875
24.5,1,1,10,1,1,1.96,1.24,1.115
0.1,2,3,10,1,1,1.39,0.61,1.1295833333333334
23.5,5,3,10,1,1,0.96,0.43,1.13375
-9.7,1,5,10,1,1,0.53,1.37,1.0883333333333334
4.8,4,6,10,1,1,0.28,1.33,1.0858333333333332
-5.4,1,7,10,1,1,1.27,0.5,1.1216666666666666
28.3,3,8,10,1,1,1.36,0.98,1.16375
24.1,2,8,10,1,1,1.99,0.45,1.1916666666666667
11.9,2,10,10,1,1,1.12,0.36,1.2579166666666666
28.2,2,10,10,1,1,1.95,0.85,1.2570833333333333
25.2,5,10,10,1,1,0.83,0.58,1.2741666666666667
26.5,1,10,10,1,1,0.99,1.67,1.2320833333333334
18.9,2,11,10,1,1,0.66,1.53,1.17875
-2.0,4,11,10,1,1,0.25,0.86,1.2016666666666667
-9.3,4,12,10,1,1,1.41,1.82,1.1991666666666667
33.0,4,12,10,1,1,1.76,1.2,1.2100000000000002
24.2,2,13,10,1,1,1.46,1.01,1.2191666666666665
-1.3,4,13,10,1,1,1.23,1.24,1.1858333333333333
6.0,1,13,10,1,1,0.44,1.05,1.17625
16.0,1,15,10,1,1,0.82,1.47,1.1675000000000002
8.4,5,15,10,1,1,1.26,0.59,1.20625
34.5,3,18,10,1,1,1.52,1.6,1.2075
-5.9,3,19,10,1,1,1.63,1.91,1.14625
-2.1,5,21,10,1,1,0.44,1.96,1.0741666666666665
13.1,2,21,10,1,1,0.23,1.39,1.075
20.2,1,23,10,1,1,1.41,0.96,1.0575
28.6,4,0,11,1,2,0.54,0.53,1.0795833333333333
30.6,5,0,11,1,2,1.06,0.28,1.1033333333333333
9.8,3,0,11,1,2,0.85,1.27,1.1291666666666667
29.2,3,1,11,1,2,1.89,1.36,1.1158333333333335
-8.8,5,4,11,1,2,1.04,1.99,1.0945833333333332
22.0,5,5,11,1,2,1.48,1.12,1.0916666666666666
38.9,1,6,11,1,2,1.05,1.95,1.03
23.6,1,6,11,1,2,0.47,0.83,1.0733333333333333
22.7,1,7,11,1,2,1.87,0.99,1.0604166666666666
6.5,2,8,11,1,2,0.68,0.66,1.0520833333333333
35.9,4,8,11,1,2,0.46,0.25,1.0525
11.4,3,8,11,1,2,0.26,1.41,1.0375
30.4,4,9,11,1,2,1.05,1.76,0.99125
12.2,1,9,11,1,2,0.65,1.46,1.0070833333333333
14.6,4,10,11,1,2,1.84,1.23,0.9754166666666667
-2.2,2,11,11,1,2,0.47,0.44,0.9783333333333334
10.4,5,12,11,1,2,0.51,0.82,1.00375
28.4,3,12,11,1,2,1.43,1.26,0.9733333333333333
17.8,2,14,11,1,2,0.53,1.52,0.9283333333333332
1.7,3,15,11,1,2,0.44,1.63,0.8758333333333334
17.4,2,15,11,1,2,0.37,0.44,0.91375
7.8,5,15,11,1,2,1.35,0.23,0.9337500000000002
7.7,3,15,11,1,2,0.71,1.41,0.9158333333333334
10.0,4,18,11,1,2,0.98,0.54,0.9245833333333332
31.1,5,18,11,1,2,0.75,1.06,0.89875
28.0,2,19,11,1,2,0.44,0.85,0.9424999999999999
-7.8,5,19,11,1,2,1.9,1.89,0.9341666666666667
15.4,1,19,11,1,2,1.69,1.04,0.9270833333333334
-9.0,2,19,11,1,2,0.87,1.48,0.8816666666666668
1.1,4,21,11,1,2,0.39,1.05,0.89125
-5.7,5,22,11,1,2,1.28,0.47,0.8995833333333333
33.7,3,0,12,1,3,0.67,1.87,0.8379166666666668
1.3,4,1,12,1,3,0.39,0.68,0.8454166666666668
16.2,4,2,12,1,3,0.86,0.46,0.8612500000000001
-0.0,2,2,12,1,3,0.84,0.26,0.8804166666666666
30.0,4,3,12,1,3,0.72,1.05,0.8962499999999999
25.6,5,3,12,1,3,1.43,0.65,0.8937499999999999
-9.6,4,4,12,1,3,0.59,1.84,0.8420833333333334
29.7,5,7,12,1,3,0.6,0.47,0.8920833333333333
-2.8,1,9,12,1,3,1.67,0.51,0.91125
6.6,5,10,12,1,3,0.97,1.43,0.9249999999999999
6.1,3,12,12,1,3,1.76,0.53,0.93
38.5,3,12,12,1,3,0.65,0.44,0.9729166666666668
22.9,1,13,12,1,3,1.47,0.37,0.9966666666666667
21.9,2,14,12,1,3,0.94,1.35,0.9845833333333333
21.4,4,14,12,1,3,1.06,0.71,1.0091666666666668
27.6,1,14,12,1,3,1.3,0.98,1.0429166666666667
11.3,5,16,12,1,3,1.79,0.75,1.08
-0.1,4,16,12,1,3,1.64,0.44,1.0870833333333334
-9.7,4,17,12,1,3,0.61,1.9,1.0525
2.7,3,17,12,1,3,1.07,1.69,1.0304166666666668
5.4,2,18,12,1,3,1.16,0.87,1.06375
30.8,4,18,12,1,3,1.67,0.39,1.0616666666666665
12.0,3,18,12,1,3,0.34,1.28,1.0254166666666666
22.0,4,22,12,1,3,0.41,0.67,1.0454166666666667
34.3,5,0,13,1,4,1.15,0.39,1.0879166666666666
2.0,5,2,13,1,4,1.41,0.86,1.0824999999999998
0.6,2,2,13,1,4,0.73,0.84,1.1091666666666666
28.9,2,2,13,1,4,1.48,0.72,1.0975
-9.3,3,3,13,1,4,0.44,1.43,1.09
-2.4,5,4,13,1,4,1.25,0.59,1.1304166666666666
14.2,3,4,13,1,4,1.56,0.6,1.1595833333333332
25.2,3,5,13,1,4,1.3,1.67,1.1675
17.0,3,5,13,1,4,1.86,0.97,1.1745833333333333
38.8,4,7,13,1,4,1.14,1.76,1.1387500000000002
13.5,2,7,13,1,4,0.9,0.65,1.1620833333333331
36.8,5,9,13,1,4,1.21,1.47,1.1566666666666665
-2.3,4,10,13,1,4,1.34,0.94,1.1533333333333335
23.1,2,10,13,1,4,0.86,1.06,1.1716666666666666
22.0,5,11,13,1,4,1.5,1.3,1.1854166666666666
32.3,4,12,13,1,4,1.63,1.79,1.14375
2.9,2,12,13,1,4,0.79,1.64,1.1354166666666667
30.2,4,13,13,1,4,1.44,0.61,1.1579166666666667
4.5,1,13,13,1,4,1.15,1.07,1.1820833333333332
18.1,5,14,13,1,4,1.65,1.16,1.16375
2.8,1,15,13,1,4,0.72,1.67,1.12375
-8.0,3,17,13,1,4,0.71,0.34,1.1454166666666667
23.6,1,17,13,1,4,0.86,0.41,1.1775
25.8,1,17,13,1,4,1.18,1.15,1.1770833333333333
-2.4,2,18,13,1,4,1.14,1.41,1.2016666666666667
10.3,3,18,13,1,4,2.0,0.73,1.1933333333333331
34.3,3,18,13,1,4,0.53,1.48,1.1804166666666667
23.6,5,18,13,1,4,1.17,0.44,1.2175
1.0,2,20,13,1,4,1.33,1.25,1.2420833333333332
23.6,1,20,13,1,4,1.84,1.56,1.2433333333333334
10.7,3,20,13,1,4,1.59,1.3,1.235
37.9,3,22,13,1,4,1.1,1.86,1.23375
-0.6,5,0,14,1,5,1.83,1.14,1.2008333333333334
-6.7,2,0,14,1,5,0.35,0.9,1.1758333333333333
-6.0,5,0,14,1,5,0.3,1.21,1.1387500000000002
1.1,4,0,14,1,5,0.32,1.34,1.1654166666666668
31.8,4,0,14,1,5,1.98,0.86,1.2016666666666667
-8.9,3,1,14,1,5,1.73,1.5,1.1945833333333333
-5.9,2,2,14,1,5,1.33,1.63,1.1808333333333334
10.2,4,3,14,1,5,1.3,0.79,1.1966666666666665
25.9,2,5,14,1,5,1.17,1.44,1.17125
28.0,4,5,14,1,5,0.83,1.15,1.1320833333333333
3.3,1,7,14,1,5,0.21,1.65,1.0975000000000001
9.6,4,8,14,1,5,0.82,0.72,1.0904166666666666
29.0,1,8,14,1,5,0.55,0.71,1.10875
10.3,1,8,14,1,5,1.15,0.86,1.1341666666666665
27.7,3,9,14,1,5,1.47,1.18,1.15875
33.4,1,10,14,1,5,1.77,1.14,1.1724999999999999
18.4,3,11,14,1,5,1.47,2.0,1.1345833333333333
27.2,5,11,14,1,5,1.09,0.53,1.1425
5.8,3,11,14,1,5,0.72,1.17,1.1029166666666665
24.0,5,13,14,1,5,0.22,1.33,1.08375
19.3,5,14,14,1,5,0.87,1.84,1.0375
-3.9,2,14,14,1,5,0.73,1.59,1.0362500000000001
-2.1,2,16,14,1,5,1.56,1.1,1.0733333333333335
-7.3,3,18,14,1,5,1.99,1.83,1.0775
-1.2,1,19,14,1,5,1.93,0.35,1.0879166666666666
3.4,4,19,14,1,5,0.6,0.3,1.13625
32.7,2,21,14,1,5,1.46,0.32,1.1612500000000001
36.4,3,22,14,1,5,0.92,1.98,1.1608333333333334
34.6,3,23,14,1,5,1.97,1.73,1.1295833333333334
35.9,1,1,15,1,6,0.98,1.33,1.12875
29.1,1,1,15,1,6,1.31,1.3,1.1229166666666666
12.1,5,1,15,1,6,1.16,1.17,1.1433333333333333
6.8,5,4,15,1,6,1.66,0.83,1.18875
13.8,1,5,15,1,6,1.92,0.21,1.2620833333333332
8.3,2,7,15,1,6,1.97,0.82,1.2504166666666665
8.9,2,7,15,1,6,0.54,0.55,1.2454166666666666
28.9,5,7,15,1,6,0.43,1.15,1.2595833333333333
33.8,1,8,15,1,6,1.49,1.47,1.2316666666666667
-0.9,5,9,15,1,6,0.8,1.77,1.2370833333333333
0.4,2,9,15,1,6,1.9,1.47,1.2412500000000002
21.1,4,9,15,1,6,1.57,1.09,1.2508333333333335
28.0,2,10,15,1,6,1.32,0.72,1.2841666666666667
36.5,3,11,15,1,6,1.52,0.22,1.3433333333333335
3.8,4,14,15,1,6,1.64,0.87,1.3470833333333332
22.6,5,15,15,1,6,0.96,0.73,1.33625
6.7,1,16,15,1,6,0.47,1.56,1.31625
36.1,2,16,15,1,6,1.08,1.99,1.2891666666666666
36.8,3,17,15,1,6,1.34,1.93,1.2345833333333334
25.8,1,19,15,1,6,0.62,0.6,1.2891666666666668
30.5,4,21,15,1,6,1.91,1.46,1.2604166666666667
3.0,4,21,15,1,6,0.77,0.92,1.3045833333333332
34.4,3,22,15,1,6,1.98,1.97,1.2545833333333334
6.4,2,22,15,1,6,0.77,0.98,1.2616666666666665
6.1,4,23,15,1,6,1.15,1.31,1.2779166666666668
39.5,2,1,16,1,0,1.7,1.16,1.2508333333333332
21.2,2,3,16,1,0,0.51,1.66,1.2275
16.2,2,3,16,1,0,1.1,1.92,1.1929166666666666
31.1,3,5,16,1,0,1.09,1.97,1.1441666666666668
-8.5,3,5,16,1,0,0.8,0.54,1.1383333333333334
26.5,1,6,16,1,0,0.4,0.43,1.1958333333333333
16.2,2,6,16,1,0,1.81,1.49,1.2066666666666666
19.6,1,7,16,1,0,1.75,0.8,1.1954166666666668
19.4,5,7,16,1,0,0.53,1.9,1.1375
29.9,3,7,16,1,0,0.51,1.57,1.11625
34.1,2,7,16,1,0,1.06,1.32,1.1204166666666666
21.8,3,8,16,1,0,1.42,1.52,1.1379166666666667
5.2,2,8,16,1,0,1.94,1.64,1.1137499999999998
11.8,2,9,16,1,0,1.06,0.96,1.1020833333333335
22.7,4,9,16,1,0,0.68,0.47,1.1008333333333333
-2.3,5,9,16,1,0,0.44,1.08,1.1133333333333333
-3.5,2,10,16,1,0,1.38,1.34,1.0991666666666668
28.5,2,12,16,1,0,1.0,0.62,1.1520833333333333
-7.2,2,12,16,1,0,1.89,1.91,1.1383333333333334
-0.9,1,12,16,1,0,1.58,0.77,1.1325
4.0,1,15,16,1,0,0.63,1.98,1.1329166666666666
-0.8,2,15,16,1,0,1.99,0.77,1.17
6.1,1,17,16,1,0,1.66,1.15,1.16875
27.1,1,17,16,1,0,1.12,1.7,1.1079166666666667
-0.5,1,17,16,1,0,0.24,0.51,1.11375
28.5,3,17,16,1,0,0.65,1.1,1.1504166666666666
36.9,1,19,16,1,0,1.98,1.09,1.1720833333333334
7.2,1,19,16,1,0,1.61,0.8,1.16625
15.2,1,20,16,1,0,0.66,0.4,1.2308333333333332
21.4,5,21,16,1,0,1.95,1.81,1.1654166666666668
10.2,2,21,16,1,0,0.24,1.75,1.11
9.1,5,21,16,1,0,0.42,0.53,1.1475
13.0,2,22,16,1,0,1.43,0.51,1.1837499999999999
3.6,2,23,16,1,0,1.38,1.06,1.2025
9.6,2,0,17,1,1,1.51,1.42,1.1620833333333331
-0.1,2,0,17,1,1,0.45,1.94,1.1529166666666668
20.9,3,1,17,1,1,1.72,1.06,1.16
-9.9,4,1,17,1,1,1.23,0.68,1.1766666666666665
-0.4,5,1,17,1,1,1.08,0.44,1.2154166666666668
-9.5,4,3,17,1,1,1.37,1.38,1.2216666666666665
1.0,4,4,17,1,1,1.53,1.0,1.2175
37.2,5,5,17,1,1,0.9,1.89,1.1558333333333335
31.4,1,9,17,1,1,0.41,1.58,1.1033333333333333
24.7,2,10,17,1,1,0.32,0.63,1.1229166666666666
22.3,2,10,17,1,1,1.1,1.99,1.09
32.5,5,10,17,1,1,1.2,1.66,1.0675000000000001
8.2,4,15,17,1,1,1.12,1.12,1.0433333333333332
-5.0,3,16,17,1,1,0.54,0.24,1.0641666666666667
-9.5,1,16,17,1,1,0.74,0.65,1.0620833333333333
-1.8,3,17,17,1,1,0.6,1.98,1.0370833333333334
20.6,5,17,17,1,1,1.38,1.61,0.98
0.6,3,18,17,1,1,0.24,0.66,0.9933333333333333
31.7,2,18,17,1,1,0.98,1.95,0.9566666666666667
39.2,4,19,17,1,1,1.07,0.24,0.9916666666666666
-9.2,5,20,17,1,1,1.08,0.42,1.0345833333333334
30.2,5,20,17,1,1,1.45,1.43,1.0141666666666667
15.3,1,21,17,1,1,0.94,1.38,0.9833333333333334
7.8,3,22,17,1,1,0.64,1.51,0.9625
27.0,5,23,17,1,1,1.01,0.45,0.9550000000000001
-3.5,2,0,18,1,2,0.27,1.72,0.9229166666666666
5.4,3,0,18,1,2,0.95,1.23,0.9345833333333334
5.8,4,0,18,1,2,1.51,1.08,0.9095833333333333
-7.1,1,1,18,1,2,0.48,1.37,0.8999999999999999
17.7,3,1,18,1,2,1.14,1.53,0.8458333333333333
19.8,2,1,18,1,2,0.23,0.9,0.8220833333333334
-5.1,4,5,18,1,2,0.33,0.41,0.8545833333333333
22.9,2,6,18,1,2,1.19,0.32,0.86
37.0,1,6,18,1,2,0.45,1.1,0.8604166666666667
-5.3,5,9,18,1,2,1.11,1.2,0.8525
-8.9,5,9,18,1,2,1.01,1.12,0.8279166666666667
34.3,2,10,18,1,2,0.53,0.54,0.8679166666666668
-9.2,1,10,18,1,2,1.5,0.74,0.88625
27.9,2,11,18,1,2,1.18,0.6,0.8991666666666668
14.0,5,12,18,1,2,0.91,1.38,0.89875
31.6,5,14,18,1,2,1.37,0.24,0.9454166666666667
33.6,2,15,18,1,2,1.36,0.98,0.9458333333333333
34.6,1,15,18,1,2,0.99,1.07,0.9816666666666666
-9.2,3,16,18,1,2,1.93,1.08,0.9654166666666666
5.1,1,18,18,1,2,0.69,1.45,0.98375
16.8,3,19,18,1,2,1.89,0.94,0.9900000000000001
2.4,4,19,18,1,2,1.09,0.64,1.0270833333333333
33.0,5,23,18,1,2,1.53,1.01,1.0404166666666665
5.2,4,23,18,1,2,1.33,0.27,1.06625
2.3,5,0,19,1,3,0.89,0.95,1.0645833333333334
6.0,4,1,19,1,3,0.91,1.51,1.0716666666666665
5.6,3,1,19,1,3,1.68,0.48,1.0904166666666668
10.4,2,2,19,1,3,0.93,1.14,1.0745833333333334
38.5,3,2,19,1,3,0.76,0.23,1.0825
38.8,5,2,19,1,3,0.42,0.33,1.1120833333333333
13.9,2,5,19,1,3,1.04,1.19,1.0970833333333334
-8.8,2,7,19,1,3,0.83,0.45,1.0908333333333333
31.2,2,7,19,1,3,0.3,1.11,1.09375
-2.0,2,8,19,1,3,1.18,1.01,1.1083333333333334
-4.9,2,10,19,1,3,1.36,0.53,1.0987500000000001
29.0,4,11,19,1,3,0.3,1.5,1.07125
35.4,5,11,19,1,3,0.84,1.18,1.065
4.6,4,11,19,1,3,1.03,0.91,1.0608333333333333
27.7,4,12,19,1,3,0.81,1.37,1.0320833333333332
30.2,3,13,19,1,3,0.68,1.36,1.0045833333333334
1.3,4,13,19,1,3,0.7,0.99,1.0325
-4.3,4,14,19,1,3,1.66,1.93,0.9925
11.9,2,15,19,1,3,0.97,0.69,1.0229166666666667
-7.3,5,15,19,1,3,1.42,1.89,0.9879166666666667
-7.2,2,15,19,1,3,1.05,1.09,0.9720833333333333
25.7,1,15,19,1,3,0.71,1.53,0.9320833333333333
18.8,3,20,19,1,3,0.57,1.33,0.90875
1.0,3,20,19,1,3,0.77,0.89,0.9345833333333333
18.7,5,22,19,1,3,1.51,0.91,0.9091666666666667
40.0,5,23,19,1,3,0.3,1.68,0.8654166666666666
27.2,3,23,19,1,3,0.63,0.93,0.85875
9.8,2,0,20,1,4,0.77,0.76,0.90625
6.7,2,0,20,1,4,1.9,0.42,0.9716666666666667
-4.5,1,0,20,1,4,1.99,1.04,0.9758333333333334
37.0,4,0,20,1,4,1.14,0.83,1.0
-2.7,5,0,20,1,4,1.41,0.3,1.0579166666666666
23.5,2,1,20,1,4,1.69,1.18,1.05875
-3.9,2,2,20,1,4,1.2,1.36,1.0779166666666666
24.7,1,3,20,1,4,1.82,0.3,1.0916666666666666
37.7,3,4,20,1,4,0.63,0.84,1.07375
-7.5,4,4,20,1,4,0.41,1.03,1.10625
14.0,4,6,20,1,4,1.81,0.81,1.1270833333333332
-7.4,5,7,20,1,4,1.31,0.68,1.1408333333333334
24.7,4,7,20,1,4,1.01,0.7,1.1308333333333334
-4.2,4,8,20,1,4,0.46,1.66,1.1116666666666666
5.7,4,8,20,1,4,1.2,0.97,1.145
29.1,2,8,20,1,4,1.77,1.42,1.1066666666666667
21.9,1,11,20,1,4,0.5,1.05,1.1029166666666665
38.4,4,14,20,1,4,0.96,0.71,1.1216666666666668
26.6,2,14,20,1,4,1.16,0.57,1.17625
-4.8,3,15,20,1,4,1.88,0.77,1.16
36.7,3,18,20,1,4,0.38,1.51,1.1654166666666665
24.3,1,20,20,1,4,1.64,0.3,1.20125
26.9,2,20,20,1,4,1.16,0.63,1.22625
33.1,4,21,20,1,4,1.23,0.77,1.2241666666666666
9.3,5,21,20,1,4,0.72,1.9,1.2216666666666665
-6.7,3,22,20,1,4,1.84,1.99,1.1849999999999998
22.1,2,22,20,1,4,1.11,1.14,1.1795833333333332
16.4,4,23,20,1,4,1.01,1.41,1.1937499999999999
25.0,4,0,21,1,5,1.75,1.69,1.1387500000000002
29.8,1,0,21,1,5,0.37,1.2,1.1504166666666666
38.1,5,0,21,1,5,1.48,1.82,1.1433333333333333
7.2,2,4,21,1,5,1.65,0.63,1.19875
5.1,2,5,21,1,5,1.96,0.41,1.2054166666666666
-9.5,5,5,21,1,5,0.57,1.81,1.1933333333333334
33.5,5,6,21,1,5,1.52,1.31,1.1512499999999999
-3.5,3,8,21,1,5,0.3,1.01,1.1679166666666667
38.7,4,10,21,1,5,1.41,0.46,1.1820833333333332
-3.9,5,13,21,1,5,0.8,1.2,1.1608333333333334
3.4,2,14,21,1,5,0.69,1.77,1.13625
5.2,1,14,21,1,5,1.18,0.5,1.165
29.7,4,15,21,1,5,1.19,0.96,1.1766666666666665
-4.8,1,16,21,1,5,1.24,1.16,1.2083333333333333
8.4,2,18,21,1,5,1.92,1.88,1.1879166666666665
25.8,4,18,21,1,5,1.39,0.38,1.2383333333333333
20.7,2,18,21,1,5,1.59,1.64,1.2075
36.8,1,19,21,1,5,0.9,1.16,1.2341666666666666
-5.0,2,20,21,1,5,1.8,1.23,1.2370833333333333
-8.5,4,20,21,1,5,1.3,0.72,1.285
5.7,3,21,21,1,5,1.87,1.84,1.2237500000000001
13.4,5,22,21,1,5,0.37,1.11,1.21
0.6,5,0,22,1,6,0.78,1.01,1.1804166666666667
7.6,5,0,22,1,6,0.3,1.75,1.1675
2.4,2,0,22,1,6,1.44,0.37,1.2216666666666667
16.3,1,1,22,1,6,1.67,1.48,1.2049999999999998
33.4,2,1,22,1,6,1.08,1.65,1.2095833333333335
2.5,1,2,22,1,6,1.76,1.96,1.18125
-1.8,2,2,22,1,6,1.28,0.57,1.2229166666666667
12.4,3,2,22,1,6,1.57,1.52,1.2137499999999999
12.5,1,3,22,1,6,1.3,0.3,1.28375
33.0,5,4,22,1,6,1.98,1.41,1.2787499999999998
27.9,1,5,22,1,6,1.29,0.8,1.3225
8.1,1,7,22,1,6,1.85,0.69,1.3729166666666668
28.5,5,7,22,1,6,1.9,1.18,1.3554166666666667
-1.5,1,7,22,1,6,0.76,1.19,1.3525
3.6,4,8,22,1,6,1.12,1.24,1.3225
-1.0,4,8,22,1,6,0.52,1.92,1.3004166666666666
4.7,2,8,22,1,6,1.39,1.39,1.2895833333333335
-6.6,2,8,22,1,6,1.13,1.59,1.2908333333333333
36.1,3,9,22,1,6,1.62,0.9,1.2925
1.5,4,9,22,1,6,0.94,1.8,1.2504166666666665
17.1,4,10,22,1,6,0.79,1.3,1.2758333333333334
20.0,5,11,22,1,6,1.91,1.87,1.2095833333333335
9.1,3,13,22,1,6,0.28,0.37,1.2208333333333334
2.9,2,13,22,1,6,0.64,0.78,1.2474999999999998
22.9,4,14,22,1,6,1.42,0.3,1.2920833333333335
39.8,2,15,22,1,6,1.37,1.44,1.2583333333333333
13.0,1,15,22,1,6,0.63,1.67,1.2016666666666669
29.2,4,16,22,1,6,0.31,1.08,1.1700000000000002
25.8,5,16,22,1,6,0.32,1.76,1.1449999999999998
23.3,2,17,22,1,6,1.16,1.28,1.1291666666666667
38.2,2,18,22,1,6,0.9,1.57,1.125
6.1,3,20,22,1,6,1.47,1.3,1.10875
9.5,1,20,22,1,6,0.91,1.98,1.0558333333333334
8.1,5,20,22,1,6,0.71,1.29,1.0716666666666665
-2.0,4,23,22,1,6,1.67,1.85,1.0325
17.5,2,23,22,1,6,0.91,1.9,0.9925
1.0,5,23,22,1,6,0.94,0.76,1.0116666666666665
2.2,4,0,23,1,0,1.22,1.12,1.0266666666666666
15.5,1,1,23,1,0,1.48,0.52,1.03875
-8.5,3,2,23,1,0,0.81,1.39,1.0604166666666668
21.5,3,4,23,1,0,1.91,1.13,1.0666666666666667
-0.9,5,5,23,1,0,1.28,1.62,1.0466666666666666
3.7,4,6,23,1,0,1.14,0.94,1.0841666666666667
38.7,4,6,23,1,0,1.84,0.79,1.0908333333333333
14.1,2,7,23,1,0,0.95,1.91,1.0733333333333335
2.8,5,8,23,1,0,1.49,0.28,1.1083333333333334
28.2,1,9,23,1,0,1.12,0.64,1.1108333333333333
7.1,5,10,23,1,0,0.7,1.42,1.0875000000000001
28.1,3,11,23,1,0,0.86,1.37,1.0891666666666666
2.9,4,12,23,1,0,1.41,0.63,1.1375
23.7,3,14,23,1,0,1.79,0.31,1.16875
23.1,2,14,23,1,0,1.06,0.32,1.1841666666666666
30.1,2,16,23,1,0,0.69,1.16,1.1841666666666666
31.8,5,18,23,1,0,1.16,0.9,1.2125
17.6,3,18,23,1,0,1.58,1.47,1.2266666666666668
21.8,4,18,23,1,0,1.81,0.91,1.2550000000000001
24.4,4,20,23,1,0,1.59,0.71,1.29
-1.4,2,20,23,1,0,1.55,1.67,1.2479166666666666
27.1,3,21,23,1,0,0.66,0.91,1.25875
4.7,3,22,23,1,0,1.17,0.94,1.2825
17.5,2,23,23,1,0,1.51,1.22,1.2933333333333334
31.5,1,23,23,1,0,1.48,1.48,1.2695833333333335
26.9,1,0,24,1,1,0.91,0.81,1.2533333333333332
-3.6,5,2,24,1,1,0.42,1.91,1.1975
13.9,1,3,24,1,1,0.57,1.28,1.18625
3.3,5,3,24,1,1,1.01,1.14,1.1708333333333334
7.8,2,3,24,1,1,0.77,1.84,1.16
15.2,1,4,24,1,1,1.58,0.95,1.1620833333333334
2.4,2,4,24,1,1,1.0,1.49,1.1820833333333332
26.7,4,5,24,1,1,1.97,1.12,1.1808333333333334
-2.6,5,7,24,1,1,1.09,0.7,1.16625
18.9,4,8,24,1,1,0.35,0.86,1.1612500000000001
-6.3,3,9,24,1,1,0.74,1.41,1.1545833333333333
5.3,1,11,24,1,1,1.25,1.79,1.1504166666666666
-8.1,4,11,24,1,1,1.69,1.06,1.1504166666666666
6.5,2,12,24,1,1,1.06,0.69,1.1883333333333332
-5.3,5,14,24,1,1,1.6,1.16,1.21
-2.7,1,15,24,1,1,1.68,1.58,1.1741666666666666
8.9,3,15,24,1,1,0.72,1.81,1.1645833333333333
33.3,1,15,24,1,1,1.58,1.59,1.12125
-3.5,1,16,24,1,1,0.55,1.55,1.1016666666666666
-0.1,3,16,24,1,1,1.08,0.66,1.1058333333333332
1.6,1,16,24,1,1,0.76,1.17,1.0975
1.5,5,17,24,1,1,0.97,1.51,1.0908333333333333
34.9,2,17,24,1,1,1.35,1.48,1.0895833333333333
31.7,5,18,24,1,1,1.45,0.91,1.1079166666666667
14.4,1,18,24,1,1,1.35,0.42,1.1720833333333334
16.7,5,19,24,1,1,1.96,0.57,1.1666666666666667
-0.7,3,19,24,1,1,0.44,1.01,1.1400000000000001
35.6,2,20,24,1,1,0.37,0.77,1.1533333333333333
25.8,3,21,24,1,1,1.09,1.58,1.1583333333333334
5.0,4,22,24,1,1,1.7,1.0,1.18
28.6,3,23,24,1,1,1.52,1.97,1.1404166666666666
-1.2,5,0,25,1,2,1.02,1.09,1.1579166666666667
-5.8,2,0,25,1,2,1.51,0.35,1.1766666666666667
7.6,1,3,25,1,2,0.8,0.74,1.2091666666666667
38.5,5,4,25,1,2,1.52,1.25,1.1929166666666668
4.1,3,4,25,1,2,0.86,1.69,1.2
20.8,4,8,25,1,2,1.86,1.06,1.19375
26.5,1,9,25,1,2,0.91,1.6,1.1804166666666667
3.6,2,9,25,1,2,1.28,1.68,1.1883333333333335
5.0,4,10,25,1,2,1.87,0.72,1.1975
10.3,1,10,25,1,2,0.94,1.58,1.1808333333333334
19.8,4,10,25,1,2,1.18,0.55,1.16875
21.1,1,12,25,1,2,0.26,1.08,1.15125
16.1,3,12,25,1,2,0.66,0.76,1.1279166666666667
35.5,3,16,25,1,2,0.2,0.97,1.14875
19.3,5,16,25,1,2,1.47,1.35,1.1729166666666666
31.4,1,17,25,1,2,1.93,1.45,1.1866666666666668
5.5,3,18,25,1,2,1.78,1.35,1.1704166666666667
4.9,1,18,25,1,2,0.96,1.96,1.1204166666666666
39.4,3,19,25,1,2,0.76,0.44,1.1141666666666667
-5.7,5,21,25,1,2,0.29,0.37,1.1683333333333332
33.4,3,21,25,1,2,1.67,1.09,1.2045833333333333
6.5,5,22,25,1,2,1.96,1.7,1.1791666666666667
-4.7,2,22,25,1,2,1.09,1.52,1.13625
20.7,3,22,25,1,2,0.49,1.02,1.1116666666666666
26.4,3,0,26,1,3,0.43,1.51,1.0854166666666667
21.1,5,0,26,1,3,0.88,0.8,1.1220833333333333
39.6,4,1,26,1,3,1.68,1.52,1.1095833333333334
-2.3,4,2,26,1,3,1.22,0.86,1.1354166666666667
6.3,3,3,26,1,3,1.48,1.86,1.0795833333333333
16.3,4,4,26,1,3,0.52,0.91,1.1199999999999999
18.2,5,5,26,1,3,1.88,1.28,1.1245833333333333
3.4,1,7,26,1,3,1.39,1.87,1.0904166666666666
4.4,5,8,26,1,3,1.05,0.94,1.0995833333333334
-8.2,5,11,26,1,3,1.16,1.18,1.0825
35.0,4,12,26,1,3,0.77,0.26,1.1312499999999999
-4.1,2,13,26,1,3,1.43,0.66,1.1845833333333333
5.8,2,14,26,1,3,1.94,0.2,1.25875
8.3,4,16,26,1,3,1.98,1.47,1.2766666666666666
15.9,3,16,26,1,3,1.9,1.93,1.26625
35.9,5,16,26,1,3,1.68,1.78,1.2158333333333333
14.7,3,18,26,1,3,0.57,0.96,1.2162499999999998
-6.5,1,21,26,1,3,0.97,0.76,1.2216666666666667
25.5,3,21,26,1,3,0.89,0.29,1.2404166666666665
-5.5,4,23,26,1,3,0.74,1.67,1.2033333333333334
-9.4,1,1,27,1,4,0.78,1.96,1.1583333333333332
28.3,3,1,27,1,4,0.88,1.09,1.1229166666666666
23.0,2,2,27,1,4,0.24,0.49,1.1533333333333333
18.4,4,6,27,1,4,1.22,0.43,1.2079166666666667
24.1,3,6,27,1,4,1.74,0.88,1.2091666666666667
32.1,2,7,27,1,4,0.91,1.68,1.1525
7.0,5,8,27,1,4,0.32,1.22,1.12125
2.4,1,9,27,1,4,0.47,1.48,1.135
36.0,3,9,27,1,4,1.81,0.52,1.1937499999999999
12.4,4,12,27,1,4,1.93,1.88,1.1795833333333334
14.5,5,12,27,1,4,1.54,1.39,1.1654166666666665
36.3,3,15,27,1,4,1.05,1.05,1.13625
3.8,4,17,27,1,4,0.35,1.16,1.1525
26.2,3,17,27,1,4,1.55,0.77,1.1608333333333334
19.8,4,19,27,1,4,0.97,1.43,1.1429166666666666
-3.9,1,19,27,1,4,1.0,1.94,1.08125
19.6,4,22,27,1,4,0.46,1.98,1.04375
3.7,2,22,27,1,4,1.08,1.9,0.9899999999999999
16.5,3,23,27,1,4,0.61,1.68,0.9991666666666666
38.1,4,23,27,1,4,1.9,0.57,1.0533333333333335
-6.4,3,0,28,1,5,1.87,0.97,1.0266666666666666
38.8,3,1,28,1,5,0.33,0.89,1.0579166666666666
36.8,1,1,28,1,5,1.64,0.74,1.05375
30.8,3,1,28,1,5,0.64,0.78,1.0433333333333332
9.2,2,1,28,1,5,0.53,0.88,1.0270833333333333
17.3,1,2,28,1,5,0.49,0.24,1.0795833333333333
1.2,2,2,28,1,5,1.5,1.22,1.1041666666666667
14.4,2,4,28,1,5,1.81,1.74,1.0870833333333334
36.3,2,4,28,1,5,1.33,0.91,1.09375
19.6,5,5,28,1,5,1.07,0.32,1.1137499999999998
5.2,2,7,28,1,5,0.8,0.47,1.1316666666666666
0.9,2,7,28,1,5,0.9,1.81,1.1245833333333335
11.6,1,9,28,1,5,1.64,1.93,1.0691666666666666
8.9,5,12,28,1,5,0.6,1.54,1.0704166666666666
28.9,5,15,28,1,5,1.57,1.05,1.1083333333333334
3.8,4,15,28,1,5,1.96,0.35,1.13625
2.5,1,18,28,1,5,1.02,1.55,1.0916666666666666
29.0,3,19,28,1,5,0.48,0.97,1.0620833333333335
0.8,3,21,28,1,5,0.26,1.0,1.0979166666666667
35.1,2,22,28,1,5,1.86,0.46,1.1283333333333332
-6.8,3,23,28,1,5,1.19,1.08,1.1279166666666667
16.7,2,0,29,1,6,1.07,0.61,1.1395833333333334
13.3,2,0,29,1,6,0.89,1.9,1.1420833333333333
6.7,1,0,29,1,6,1.96,1.87,1.1075
38.5,2,0,29,1,6,1.04,0.33,1.14
17.9,3,1,29,1,6,1.11,1.64,1.09
-6.3,2,1,29,1,6,0.44,0.64,1.1241666666666668
7.2,2,1,29,1,6,1.46,0.53,1.1675000000000002
28.0,4,2,29,1,6,1.57,0.49,1.1558333333333333
-0.9,5,2,29,1,6,0.21,1.5,1.1620833333333334
22.7,2,2,29,1,6,1.65,1.81,1.1358333333333335
9.1,4,4,29,1,6,1.18,1.33,1.0995833333333334
31.8,2,4,29,1,6,0.46,1.07,1.0712499999999998
7.1,4,6,29,1,6,0.39,0.8,1.0958333333333332
35.9,1,7,29,1,6,1.39,0.9,1.0879166666666666
-2.3,2,9,29,1,6,0.71,1.64,1.0408333333333333
29.7,2,9,29,1,6,0.51,0.6,1.0391666666666668
33.5,2,11,29,1,6,0.56,1.57,1.0425
8.1,2,11,29,1,6,1.65,1.96,1.0125
31.1,4,11,29,1,6,1.24,1.02,1.0508333333333333
20.8,3,12,29,1,6,1.94,0.48,1.0745833333333332
33.0,4,15,29,1,6,1.05,0.26,1.1404166666666666
-3.1,1,18,29,1,6,1.84,1.86,1.1008333333333333
-3.3,2,19,29,1,6,0.91,1.19,1.0958333333333334
22.8,3,21,29,1,6,1.07,1.07,1.1091666666666666
-2.2,3,22,29,1,6,1.39,0.89,1.1195833333333334
6.2,4,23,29,1,6,1.14,1.96,1.1179166666666667
24.3,5,23,29,1,6,1.92,1.04,1.09625
2.7,3,2,30,1,0,0.52,1.11,1.0670833333333334
-8.0,5,3,30,1,0,0.41,0.44,1.1095833333333334
18.5,4,4,30,1,0,1.46,1.46,1.1254166666666665
28.1,1,5,30,1,0,1.84,1.57,1.1170833333333332
28.6,2,6,30,1,0,1.37,0.21,1.16
-2.9,3,7,30,1,0,1.24,1.65,1.1433333333333333
6.8,1,9,30,1,0,1.25,1.18,1.10875
12.3,1,9,30,1,0,0.35,0.46,1.1191666666666666
21.6,5,10,30,1,0,0.71,0.39,1.1145833333333333
4.3,4,10,30,1,0,0.28,1.39,1.10375
27.6,4,10,30,1,0,1.13,0.71,1.1133333333333333
24.1,5,11,30,1,0,0.94,0.51,1.1216666666666666
-0.9,2,12,30,1,0,0.71,0.56,1.1458333333333333
32.9,2,12,30,1,0,1.14,1.65,1.0941666666666667
37.6,1,14,30,1,0,0.41,1.24,1.1112499999999998
8.4,4,14,30,1,0,1.65,1.94,1.1125
15.5,1,14,30,1,0,1.97,1.05,1.1241666666666668
10.1,4,17,30,1,0,1.33,1.84,1.10875
20.3,1,17,30,1,0,1.47,0.91,1.11125
-2.8,3,18,30,1,0,0.97,1.07,1.1300000000000001
5.8,3,18,30,1,0,1.52,1.39,1.0979166666666667
18.4,1,19,30,1,0,0.62,1.14,1.1054166666666665
9.8,2,20,30,1,0,1.32,1.92,1.0754166666666667
-0.0,1,20,30,1,0,1.2,0.52,1.1066666666666667
15.5,5,22,30,1,0,1.27,0.41,1.1479166666666667
17.8,3,0,31,1,1,1.4,1.46,1.1579166666666667
33.5,3,0,31,1,1,1.7,1.84,1.1575
23.5,5,0,31,1,1,1.83,1.37,1.16125
14.3,4,1,31,1,1,1.46,1.24,1.1725
3.1,2,1,31,1,1,1.51,1.25,1.16625
6.0,2,2,31,1,1,1.1,0.35,1.1908333333333332
4.3,2,2,31,1,1,0.94,0.71,1.2395833333333333
5.3,4,2,31,1,1,1.88,0.28,1.2829166666666667
1.3,1,3,31,1,1,1.32,1.13,1.2449999999999999
16.7,1,4,31,1,1,0.22,0.94,1.23
34.0,1,4,31,1,1,0.58,0.71,1.23875
-8.2,5,4,31,1,1,0.92,1.14,1.2095833333333332
10.5,2,4,31,1,1,0.44,0.41,1.2095833333333332
-9.1,3,6,31,1,1,0.41,1.65,1.2104166666666667
20.6,4,8,31,1,1,1.67,1.97,1.14375
-9.9,1,10,31,1,1,0.37,1.33,1.0970833333333332
-6.5,2,10,31,1,1,0.21,1.47,1.0520833333333333
34.0,1,10,31,1,1,0.39,0.97,1.04375
4.2,4,10,31,1,1,0.77,1.52,0.9987499999999999
-6.1,5,11,31,1,1,0.44,0.62,0.9950000000000001
11.6,2,11,31,1,1,0.53,1.32,1.00875
31.4,4,11,31,1,1,1.65,1.2,1.015
4.3,2,12,31,1,1,1.35,1.27,1.0366666666666666
5.2,5,14,31,1,1,1.79,1.4,1.0229166666666667
13.3,4,14,31,1,1,1.07,1.7,0.9891666666666667
13.9,5,14,31,1,1,0.89,1.83,0.9329166666666667
-4.3,4,15,31,1,1,0.48,1.46,0.9245833333333332
7.0,3,15,31,1,1,1.26,1.51,0.89
12.7,1,15,31,1,1,0.68,1.1,0.9220833333333333
-9.3,4,16,31,1,1,1.87,0.94,0.9145833333333334
0.7,2,16,31,1,1,0.76,1.88,0.8479166666666665
21.9,5,17,31,1,1,0.28,1.32,0.8558333333333334
-5.1,3,18,31,1,1,1.51,0.22,0.9029166666666666
-8.6,3,19,31,1,1,1.35,0.58,0.94125
27.1,3,23,31,1,1,1.5,0.92,0.9479166666666666
6.2,3,2,1,2,2,1.08,0.44,0.9454166666666667
-8.5,5,3,1,2,2,0.38,0.41,0.9541666666666667
36.4,5,6,1,2,2,0.62,1.67,0.91
12.1,2,6,1,2,2,0.61,0.37,0.9191666666666666
36.4,4,6,1,2,2,0.59,0.21,0.9383333333333335
-2.1,2,6,1,2,2,0.67,0.39,0.9437500000000001
3.3,3,7,1,2,2,0.52,0.77,0.9733333333333335
9.7,2,8,1,2,2,1.48,0.44,0.98875
31.9,1,14,1,2,2,0.81,0.53,0.9974999999999999
-1.4,5,15,1,2,2,0.74,1.65,0.9675000000000001
-2.8,5,15,1,2,2,0.93,1.35,0.95375
15.3,2,17,1,2,2,1.02,1.79,0.92875
8.9,1,17,1,2,2,1.19,1.07,0.9279166666666666
10.0,5,17,1,2,2,1.05,0.89,0.9220833333333333
-6.3,2,18,1,2,2,0.75,0.48,0.9229166666666666
-2.2,3,19,1,2,2,0.5,1.26,0.9245833333333334
12.5,2,19,1,2,2,1.3,0.68,0.9245833333333334
-0.4,5,19,1,2,2,0.68,1.87,0.9208333333333334
-7.2,2,19,1,2,2,1.78,0.76,0.9116666666666666
13.0,1,21,1,2,2,0.54,0.28,0.9587500000000001
19.9,5,22,1,2,2,1.41,1.51,0.9541666666666666
10.5,3,23,1,2,2,1.4,1.35,0.9295833333333334
4.1,3,4,2,2,3,0.76,1.5,0.9383333333333335
34.8,3,5,2,2,3,1.71,1.08,0.9670833333333334
31.7,5,6,2,2,3,1.77,0.38,1.0179166666666666
25.4,4,6,2,2,3,1.6,0.62,1.0470833333333334
0.8,3,6,2,2,3,1.32,0.61,1.0766666666666667
20.8,3,7,2,2,3,1.32,0.59,1.12625
-7.0,4,7,2,2,3,1.78,0.67,1.16
6.2,4,7,2,2,3,1.48,0.52,1.1983333333333333
-0.2,1,8,2,2,3,1.44,1.48,1.1708333333333332
18.8,5,8,2,2,3,0.82,0.81,1.2058333333333333
-8.4,4,8,2,2,3,1.65,0.74,1.2341666666666666
4.8,5,10,2,2,3,1.42,0.93,1.2604166666666667
33.5,2,11,2,2,3,1.56,1.02,1.2525
11.9,4,12,2,2,3,0.83,1.19,1.2641666666666667
-8.6,2,12,2,2,3,1.47,1.05,1.26125
0.7,4,12,2,2,3,0.98,0.75,1.3083333333333333
29.9,5,12,2,2,3,1.88,0.5,1.3525
12.7,5,14,2,2,3,1.56,1.3,1.37375
0.5,3,14,2,2,3,1.81,0.68,1.4220833333333334
5.9,1,14,2,2,3,1.84,1.78,1.39625
11.3,1,15,2,2,3,1.16,0.54,1.445
4.6,1,16,2,2,3,1.71,1.41,1.4179166666666667
14.7,1,16,2,2,3,0.76,1.4,1.382083333333333
31.9,2,18,2,2,3,0.54,0.76,1.4220833333333331
7.5,1,19,2,2,3,1.72,1.71,1.3854166666666667
-0.1,3,19,2,2,3,0.83,1.77,1.3275
31.2,2,21,2,2,3,0.38,1.6,1.31
22.8,5,21,2,2,3,1.18,1.32,1.3345833333333335
10.3,4,21,2,2,3,1.91,1.32,1.3425
20.3,3,22,2,2,3,1.51,1.78,1.2808333333333333
11.6,2,23,2,2,3,0.3,1.48,1.2858333333333334
26.7,3,0,3,2,4,1.6,1.44,1.2375
13.6,3,1,3,2,4,0.28,0.82,1.2637500000000002
36.6,5,1,3,2,4,1.45,1.65,1.2362499999999998
-3.0,4,3,3,2,4,0.99,1.42,1.2441666666666666
15.6,1,3,3,2,4,1.61,1.56,1.22875
3.7,5,4,3,2,4,1.19,0.83,1.2633333333333334
27.2,5,4,3,2,4,1.66,1.47,1.22
10.0,4,6,3,2,4,0.43,0.98,1.19
33.5,2,6,3,2,4,0.26,1.88,1.1708333333333334
28.7,3,7,3,2,4,1.42,1.56,1.15625
5.5,1,7,3,2,4,1.21,1.81,1.1591666666666667
27.1,2,10,3,2,4,1.88,1.84,1.1620833333333334
32.9,3,11,3,2,4,1.91,1.16,1.1366666666666667
8.2,3,12,3,2,4,0.55,1.71,1.1029166666666665
31.6,3,12,3,2,4,0.9,0.76,1.1420833333333333
13.7,5,13,3,2,4,1.7,0.54,1.1379166666666667
6.9,3,13,3,2,4,0.44,1.72,1.0783333333333334
37.5,3,14,3,2,4,0.29,0.83,1.1179166666666667
15.0,5,14,3,2,4,1.78,0.38,1.135
13.6,3,16,3,2,4,0.79,1.18,1.1658333333333333
18.5,3,17,3,2,4,1.92,1.91,1.1666666666666667
-0.2,4,17,3,2,4,1.93,1.51,1.1741666666666666
5.9,5,18,3,2,4,1.69,0.3,1.185
22.7,3,19,3,2,4,0.56,1.6,1.1424999999999998
9.5,3,19,3,2,4,0.58,0.28,1.18
-2.7,1,21,3,2,4,1.18,1.45,1.1929166666666666
37.9,1,21,3,2,4,1.76,0.99,1.1741666666666666
-0.3,1,21,3,2,4,0.54,1.61,1.1495833333333334
10.2,2,23,3,2,4,1.02,1.19,1.1791666666666665
21.5,3,0,4,2,5,1.9,1.66,1.1629166666666666
-5.0,2,1,4,2,5,1.27,0.43,1.15625
8.0,3,1,4,2,5,0.27,0.26,1.19625
14.1,1,1,4,2,5,1.22,1.42,1.2133333333333332
7.8,3,2,4,2,5,1.83,1.21,1.1758333333333333
31.3,3,2,4,2,5,0.31,1.88,1.1737499999999998
11.0,4,2,4,2,5,1.83,1.91,1.1179166666666667
-4.5,4,2,4,2,5,0.57,0.55,1.10625
32.5,1,4,4,2,5,0.27,0.9,1.1258333333333332
38.8,2,4,4,2,5,1.37,1.7,1.125
25.8,5,4,4,2,5,1.68,0.44,1.14875
1.6,3,6,4,2,5,1.01,0.29,1.21875
31.7,4,7,4,2,5,1.97,1.78,1.1966666666666665
13.0,1,7,4,2,5,1.25,0.79,1.2466666666666668
4.0,1,7,4,2,5,1.99,1.92,1.2095833333333332
19.0,1,11,4,2,5,1.03,1.93,1.1570833333333332
2.0,5,11,4,2,5,0.67,1.69,1.14125
20.7,4,13,4,2,5,1.31,0.56,1.1691666666666667
20.2,4,15,4,2,5,1.23,0.58,1.1891666666666667
-7.2,2,15,4,2,5,1.06,1.18,1.1854166666666666
36.9,4,16,4,2,5,1.09,1.76,1.1629166666666666
37.2,3,17,4,2,5,1.22,0.54,1.2045833333333333
34.0,3,17,4,2,5,1.54,1.02,1.2091666666666667
20.1,5,18,4,2,5,1.13,1.9,1.20625
23.5,5,18,4,2,5,1.83,1.27,1.2075
33.0,2,19,4,2,5,1.3,0.27,1.2525
4.2,5,20,4,2,5,1.35,1.22,1.2845833333333334
24.9,1,20,4,2,5,1.99,1.83,1.23
-7.9,4,22,4,2,5,0.52,0.31,1.2925
26.2,3,22,4,2,5,1.81,1.83,1.2670833333333333
25.2,5,2,5,2,6,1.22,0.57,1.3108333333333333
1.1,1,3,5,2,6,1.62,0.27,1.3708333333333333
31.1,1,3,5,2,6,1.71,1.37,1.3916666666666666
17.9,5,3,5,2,6,1.87,1.68,1.36625
35.5,2,3,5,2,6,1.07,1.01,1.36
27.7,5,4,5,2,6,0.86,1.97,1.3116666666666668
21.6,4,6,5,2,6,0.81,1.25,1.31375
21.2,3,7,5,2,6,1.3,1.99,1.2583333333333333
16.1,3,8,5,2,6,0.66,1.03,1.2320833333333334
14.6,1,8,5,2,6,0.4,0.67,1.2754166666666666
3.6,5,9,5,2,6,1.71,1.31,1.2466666666666668
-1.7,2,9,5,2,6,0.62,1.23,1.2045833333333333
-1.5,3,10,5,2,6,0.22,1.06,1.1979166666666667
2.7,4,10,5,2,6,0.9,1.09,1.1616666666666668
21.3,4,13,5,2,6,0.22,1.22,1.1866666666666668
16.2,4,13,5,2,6,1.82,1.54,1.1558333333333335
25.5,4,13,5,2,6,0.8,1.13,1.1366666666666667
22.8,5,14,5,2,6,0.67,1.83,1.1266666666666667
-4.2,5,14,5,2,6,1.59,1.3,1.1375
-8.2,1,15,5,2,6,1.56,1.35,1.1633333333333333
33.7,2,16,5,2,6,1.97,1.99,1.1075
5.1,5,17,5,2,6,0.65,0.52,1.1266666666666667
14.1,5,17,5,2,6,0.98,1.81,1.0933333333333335
13.3,1,17,5,2,6,1.01,1.22,1.065416666666667
8.7,2,19,5,2,6,0.55,1.62,1.0170833333333333
-3.5,3,20,5,2,6,0.46,1.71,1.0016666666666667
12.8,1,21,5,2,6,1.34,1.87,0.9483333333333333
25.3,4,22,5,2,6,0.59,1.07,0.9191666666666666
39.8,5,23,5,2,6,0.37,0.86,0.8983333333333333
17.5,4,23,5,2,6,0.36,0.81,0.89
19.2,4,1,6,2,0,0.61,1.3,0.8720833333333333
28.3,3,2,6,2,0,0.87,0.66,0.91125
38.1,1,2,6,2,0,1.6,0.4,0.9258333333333334
29.0,1,2,6,2,0,0.75,1.71,0.9295833333333334
29.4,4,2,6,2,0,1.8,0.62,0.9466666666666667
5.6,1,3,6,2,0,1.03,0.22,1.0104166666666667
30.8,1,3,6,2,0,1.75,0.9,0.98875
37.2,3,3,6,2,0,0.38,0.22,1.0295833333333333
32.2,2,3,6,2,0,1.2,1.82,1.0316666666666665
15.8,1,4,6,2,0,1.87,0.8,1.07125
39.8,4,4,6,2,0,1.75,0.67,1.0658333333333334
-3.1,5,5,6,2,0,0.54,1.59,1.0245833333333334
39.5,1,5,6,2,0,0.6,1.56,1.0108333333333333
-0.1,5,7,6,2,0,1.23,1.97,0.9441666666666667
2.9,5,8,6,2,0,0.37,0.65,0.9566666666666667
16.4,4,9,6,2,0,0.95,0.98,0.9595833333333333
25.3,2,9,6,2,0,1.05,1.01,0.96875
-1.5,3,9,6,2,0,1.23,0.55,0.9987499999999999
9.6,3,10,6,2,0,1.27,0.46,1.0525
-3.4,5,12,6,2,0,1.75,1.34,1.0054166666666668
0.6,1,16,6,2,0,0.21,0.59,1.0629166666666667
13.9,3,18,6,2,0,1.97,0.37,1.1179166666666667
32.1,5,18,6,2,0,1.69,0.36,1.1841666666666668
3.7,4,19,6,2,0,1.95,0.61,1.24
22.3,2,19,6,2,0,1.95,0.87,1.225
38.8,4,19,6,2,0,0.51,1.6,1.2283333333333333
37.5,3,19,6,2,0,1.68,0.75,1.2154166666666666
14.3,5,20,6,2,0,0.44,1.8,1.2133333333333332
9.4,1,21,6,2,0,1.75,1.03,1.2012500000000002
4.7,1,22,6,2,0,0.74,1.75,1.2108333333333334
25.9,1,22,6,2,0,1.98,0.38,1.22375
29.5,5,1,7,2,1,0.69,1.2,1.1883333333333332
-1.1,3,2,7,2,1,0.35,1.87,1.1354166666666665
32.3,3,3,7,2,1,0.6,1.75,1.0962500000000002
16.4,3,4,7,2,1,0.81,0.54,1.1383333333333334
11.7,4,5,7,2,1,1.55,0.6,1.1816666666666666
-9.3,3,6,7,2,1,1.64,1.23,1.1616666666666666
6.5,1,6,7,2,1,0.75,0.37,1.2245833333333334
-4.2,3,7,7,2,1,1.88,0.95,1.195
5.7,4,9,7,2,1,0.24,1.05,1.1683333333333332
-3.3,2,10,7,2,1,0.41,1.23,1.145
26.6,5,11,7,2,1,0.67,1.27,1.1141666666666665
36.1,1,12,7,2,1,0.53,1.75,1.0991666666666666
23.3,2,12,7,2,1,1.39,0.21,1.13875
10.5,5,12,7,2,1,1.16,1.97,1.1395833333333334
4.5,4,13,7,2,1,1.99,1.69,1.1512499999999999
6.8,5,13,7,2,1,1.97,1.95,1.0791666666666666
31.4,1,15,7,2,1,0.22,1.95,1.0183333333333333
13.4,4,17,7,2,1,0.49,0.51,1.0395833333333333
12.2,1,17,7,2,1,1.02,1.68,0.9929166666666666
14.1,4,19,7,2,1,0.56,0.44,0.9879166666666667
33.5,4,19,7,2,1,0.32,1.75,0.9425
1.8,4,20,7,2,1,0.66,0.74,0.965
9.2,2,20,7,2,1,1.28,1.98,0.9608333333333333
14.1,3,20,7,2,1,1.88,0.69,0.9425
0.1,5,22,7,2,1,0.25,0.35,0.9479166666666666
-3.3,5,23,7,2,1,0.48,0.6,0.9995833333333334
-0.7,1,0,8,2,2,1.84,0.81,1.01625
28.9,1,0,8,2,2,1.21,1.55,0.9916666666666666
-5.4,4,0,8,2,2,0.96,1.64,0.9595833333333333
21.0,2,1,8,2,2,0.87,0.75,0.9795833333333334
24.2,5,1,8,2,2,1.23,1.88,0.9233333333333333
-1.5,4,1,8,2,2,0.53,0.24,0.98375
28.4,1,2,8,2,2,1.69,0.41,1.0441666666666667
11.9,5,2,8,2,2,1.86,0.67,1.03
-7.0,1,2,8,2,2,0.33,0.53,1.0725
16.4,5,3,8,2,2,1.55,1.39,1.07875
32.4,5,3,8,2,2,1.54,1.16,1.0816666666666668
20.0,2,3,8,2,2,1.23,1.99,1.04625
39.1,1,5,8,2,2,1.14,1.97,1.0079166666666666
15.0,1,6,8,2,2,1.05,0.22,1.0433333333333332
-9.2,3,7,8,2,2,1.07,0.49,1.1045833333333333
38.6,2,7,8,2,2,1.96,1.02,1.1066666666666667
-5.2,1,8,8,2,2,1.07,0.56,1.1091666666666666
2.3,4,10,8,2,2,0.62,0.32,1.1491666666666667
25.2,3,10,8,2,2,1.28,0.66,1.15875
4.7,5,11,8,2,2,0.89,1.28,1.1725
-8.2,3,11,8,2,2,1.61,1.88,1.1125
15.4,3,12,8,2,2,0.44,0.25,1.1195833333333334
6.7,5,12,8,2,2,0.42,0.48,1.11
5.7,4,12,8,2,2,0.25,1.84,1.07
15.8,5,13,8,2,2,0.88,1.21,1.0816666666666666
2.6,4,14,8,2,2,1.49,0.96,1.0745833333333334
27.3,5,14,8,2,2,0.79,0.87,1.04875
-8.2,3,15,8,2,2,0.25,1.23,1.0325
29.8,5,16,8,2,2,0.84,0.53,1.03875
5.9,4,17,8,2,2,0.68,1.69,1.0316666666666667
39.8,5,17,8,2,2,1.52,1.86,1.0366666666666668
39.5,2,18,8,2,2,1.98,0.33,1.0741666666666667
10.8,2,20,8,2,2,1.23,1.55,1.0208333333333333
30.9,3,21,8,2,2,0.27,1.54,1.0266666666666666
3.9,4,21,8,2,2,1.68,1.23,1.0391666666666666
35.6,4,21,8,2,2,1.53,1.14,1.0320833333333332
-9.5,3,0,9,2,3,0.97,1.05,1.0670833333333334
3.5,5,0,9,2,3,1.89,1.07,1.0333333333333334
17.1,5,1,9,2,3,0.26,1.96,1.0345833333333334
13.2,4,1,9,2,3,1.99,1.07,1.0033333333333334
39.6,3,3,9,2,3,0.32,0.62,1.0258333333333332
-5.0,3,3,9,2,3,1.16,1.28,0.9891666666666666
37.1,5,3,9,2,3,0.4,0.89,1.0133333333333334
32.0,4,4,9,2,3,1.47,1.61,0.9683333333333334
19.9,3,4,9,2,3,0.53,0.44,0.9704166666666666
32.9,1,4,9,2,3,0.49,0.42,1.0262499999999999
-1.3,3,4,9,2,3,1.76,0.25,1.0541666666666665
2.2,3,8,9,2,3,0.92,0.88,1.0425
-1.9,4,8,9,2,3,0.6,1.49,1.0475
35.8,1,11,9,2,3,1.61,0.79,1.0712499999999998
0.6,4,12,9,2,3,1.36,0.25,1.0912499999999998
34.5,3,12,9,2,3,0.73,0.84,1.1316666666666666
11.7,2,13,9,2,3,1.81,0.68,1.1566666666666665
-8.1,5,14,9,2,3,1.28,1.52,1.1733333333333333
11.7,2,16,9,2,3,1.92,1.98,1.1133333333333333
8.2,3,16,9,2,3,0.54,1.23,1.115
-6.1,5,17,9,2,3,1.27,0.27,1.1570833333333332
4.1,5,17,9,2,3,1.28,1.68,1.1058333333333332
8.1,2,17,9,2,3,0.45,1.53,1.1024999999999998
22.7,4,18,9,2,3,1.45,0.97,1.1408333333333334
2.2,4,18,9,2,3,1.89,1.89,1.1129166666666666
-6.1,4,18,9,2,3,1.22,0.26,1.1216666666666668
0.2,2,18,9,2,3,0.47,1.99,1.0504166666666666
34.8,2,19,9,2,3,0.28,0.32,1.1108333333333333
26.6,5,23,9,2,3,1.77,1.16,1.1454166666666665
2.6,1,23,9,2,3,1.99,0.4,1.18375
-1.0,4,0,10,2,4,1.32,1.47,1.1983333333333335
39.2,5,0,10,2,4,1.82,0.53,1.2449999999999999
23.8,4,0,10,2,4,1.65,0.49,1.23875
39.0,4,2,10,2,4,0.34,1.76,1.21625
15.8,3,5,10,2,4,1.22,0.92,1.2104166666666667
35.5,4,5,10,2,4,0.78,0.6,1.2279166666666665
18.1,1,6,10,2,4,1.02,1.61,1.1970833333333333
4.7,3,6,10,2,4,0.87,1.36,1.2225000000000001
3.9,3,6,10,2,4,1.97,0.73,1.2391666666666667
26.4,4,7,10,2,4,1.13,1.81,1.1766666666666665
-8.5,3,10,10,2,4,0.31,1.28,1.1633333333333333
-1.1,4,11,10,2,4,0.96,1.92,1.1291666666666667
33.3,5,12,10,2,4,1.1,0.54,1.17875
28.3,5,13,10,2,4,1.73,1.27,1.1533333333333333
-1.9,5,14,10,2,4,0.66,1.28,1.1375
37.1,5,14,10,2,4,0.9,0.45,1.1320833333333333
8.7,1,15,10,2,4,0.32,1.45,1.0866666666666667
26.9,2,16,10,2,4,0.36,1.89,1.0354166666666667
24.6,5,17,10,2,4,0.66,1.22,1.0029166666666667
-2.4,4,17,10,2,4,0.44,0.47,1.05125
8.0,2,17,10,2,4,1.63,0.28,1.12125
-8.3,1,17,10,2,4,1.96,1.77,1.075
6.9,1,19,10,2,4,0.66,1.99,1.0245833333333334
0.1,3,20,10,2,4,0.78,1.32,1.0408333333333333
-2.7,2,20,10,2,4,1.71,1.82,0.9812500000000001
-8.1,4,21,10,2,4,0.39,1.65,0.9554166666666667
28.5,3,21,10,2,4,1.03,0.34,0.9575
-1.0,3,22,10,2,4,0.39,1.22,0.9870833333333332
19.1,2,22,10,2,4,1.93,0.78,0.9750000000000001
12.0,5,0,11,2,5,0.49,1.02,0.9479166666666666
-1.1,4,2,11,2,5,0.37,0.87,0.9833333333333334
1.2,3,2,11,2,5,1.72,1.97,0.9525000000000001
24.5,4,2,11,2,5,1.23,1.13,0.9429166666666666
36.0,5,2,11,2,5,0.9,0.31,1.0058333333333334
1.7,1,3,11,2,5,1.82,0.96,0.985
6.6,5,3,11,2,5,0.46,1.1,0.9483333333333333
-10.0,4,6,11,2,5,0.22,1.73,0.8862500000000001
30.4,4,6,11,2,5,0.24,0.66,0.9070833333333334
25.6,3,6,11,2,5,1.16,0.9,0.8999999999999999
-3.1,4,10,11,2,5,0.73,0.32,0.9408333333333333
4.7,2,10,11,2,5,1.3,0.36,0.9770833333333333
-4.8,2,10,11,2,5,1.23,0.66,0.9733333333333333
16.2,2,11,11,2,5,0.57,0.44,1.0254166666666666
6.8,5,11,11,2,5,1.69,1.63,1.0079166666666666
37.3,3,13,11,2,5,1.21,1.96,0.9841666666666667
28.0,1,16,11,2,5,1.39,0.66,0.9804166666666667
4.1,5,17,11,2,5,0.57,0.78,1.0245833333333334
1.8,1,18,11,2,5,1.84,1.71,0.96875
-7.7,5,19,11,2,5,0.37,0.39,0.9733333333333333
13.4,1,23,11,2,5,0.5,1.03,0.96625
14.7,3,0,12,2,6,0.86,0.39,0.9933333333333333
25.1,3,0,12,2,6,1.04,1.93,0.9437500000000001
8.1,4,0,12,2,6,0.74,0.49,0.9404166666666667
3.1,3,0,12,2,6,0.41,0.37,1.0016666666666667
12.0,2,0,12,2,6,1.84,1.72,0.9879166666666666
23.3,1,1,12,2,6,1.39,1.23,0.9633333333333333
28.6,3,1,12,2,6,0.64,0.9,0.9891666666666666
7.0,2,2,12,2,6,1.52,1.82,0.9833333333333333
17.9,1,4,12,2,6,1.68,0.46,0.9945833333333333
18.1,3,4,12,2,6,0.73,0.22,1.02875
2.3,4,6,12,2,6,1.04,0.24,1.0495833333333333
37.8,4,6,12,2,6,0.74,1.16,1.0216666666666667
20.0,2,7,12,2,6,0.49,0.73,1.0079166666666668
15.9,2,8,12,2,6,0.4,1.3,1.0325
6.2,5,9,12,2,6,1.89,1.23,1.0033333333333332
17.0,1,11,12,2,6,0.53,0.57,1.0358333333333334
1.5,1,12,12,2,6,1.35,1.69,1.0416666666666667
3.1,2,13,12,2,6,1.83,1.21,1.0333333333333334
-6.7,1,14,12,2,6,1.01,1.39,0.9845833333333333
24.5,2,15,12,2,6,0.22,0.57,1.0120833333333332
18.8,4,16,12,2,6,1.23,1.84,0.9470833333333334
29.7,2,16,12,2,6,0.28,0.37,0.9812499999999998
12.1,4,16,12,2,6,1.19,0.5,1.0404166666666665
20.1,5,18,12,2,6,1.92,0.86,1.0654166666666667
-2.6,2,19,12,2,6,1.46,1.04,1.0308333333333335
19.4,4,19,12,2,6,0.21,0.74,1.0608333333333333
1.3,1,21,12,2,6,1.46,0.41,1.1145833333333333
20.5,1,21,12,2,6,1.7,1.84,1.07625
3.3,5,22,12,2,6,0.92,1.39,1.0379166666666666
21.0,4,23,12,2,6,0.47,0.64,1.0541666666666667
-7.6,4,23,12,2,6,1.03,1.52,1.0629166666666667
10.0,5,23,12,2,6,1.73,1.68,1.0166666666666668
35.9,3,1,13,2,0,0.57,0.73,1.06625
24.5,4,2,13,2,0,1.92,1.04,1.0920833333333333
17.3,1,3,13,2,0,1.66,0.74,1.1345833333333333
14.8,2,3,13,2,0,1.76,0.49,1.16375
37.6,2,4,13,2,0,1.19,0.4,1.2133333333333332
26.4,2,5,13,2,0,1.59,1.89,1.2008333333333334
-6.7,4,5,13,2,0,1.59,0.53,1.2275
-9.7,3,6,13,2,0,1.17,1.35,1.2308333333333332
2.3,3,6,13,2,0,1.43,1.83,1.2325000000000002
-6.5,1,6,13,2,0,1.87,1.01,1.2645833333333334
-7.4,4,7,13,2,0,1.78,0.22,1.2658333333333334
35.7,1,8,13,2,0,0.25,1.23,1.2754166666666666
12.2,2,10,13,2,0,1.46,0.28,1.29375
32.7,1,11,13,2,0,0.72,1.19,1.2795833333333333
-4.2,4,12,13,2,0,0.85,1.92,1.25875
35.2,2,12,13,2,0,1.42,1.46,1.2762499999999999
14.2,3,12,13,2,0,1.88,0.21,1.305
33.3,1,14,13,2,0,0.9,1.46,1.3091666666666668
20.1,4,14,13,2,0,1.56,1.7,1.2979166666666668
16.5,5,15,13,2,0,1.43,0.92,1.27
1.1,4,17,13,2,0,0.25,0.47,1.3104166666666666
17.2,2,17,13,2,0,1.44,1.03,1.28125
-2.6,3,17,13,2,0,0.33,1.73,1.2604166666666667
39.9,1,18,13,2,0,1.23,0.57,1.2787499999999998
1.2,1,19,13,2,0,1.01,1.92,1.2070833333333333
35.6,3,19,13,2,0,0.2,1.66,1.2066666666666668
6.8,4,21,13,2,0,1.65,1.76,1.1816666666666666
32.0,1,3,14,2,1,1.16,1.19,1.1525
8.0,2,4,14,2,1,0.49,1.59,1.1175
31.8,5,5,14,2,1,0.75,1.59,1.0675
35.6,4,6,14,2,1,0.39,1.17,1.04125
35.0,1,7,14,2,1,0.54,1.43,1.0475
29.2,2,7,14,2,1,1.58,1.87,1.0191666666666666
7.0,4,8,14,2,1,1.19,1.78,1.015
38.2,5,9,14,2,1,1.68,0.25,1.0829166666666667
25.8,5,9,14,2,1,1.88,1.46,1.07125
20.3,5,9,14,2,1,1.18,0.72,1.0512499999999998
30.1,3,10,14,2,1,0.24,0.85,1.0383333333333333
14.6,1,10,14,2,1,0.54,1.42,0.9970833333333333
12.0,2,10,14,2,1,0.43,1.88,0.9308333333333333
28.5,1,11,14,2,1,0.29,0.9,0.9700000000000001
-0.0,3,12,14,2,1,1.84,1.56,0.9158333333333332
34.6,1,16,14,2,1,0.26,1.43,0.9116666666666666
2.6,2,17,14,2,1,1.33,0.25,0.9345833333333333
35.2,3,18,14,2,1,0.8,1.44,0.9370833333333334
20.6,3,22,14,2,1,1.5,0.33,0.9620833333333333
3.2,2,23,14,2,1,0.93,1.23,0.9499999999999998
-2.0,5,0,15,2,2,0.94,1.01,0.9308333333333333
20.2,1,1,15,2,2,0.55,0.2,0.9566666666666667
0.8,1,2,15,2,2,0.82,1.65,0.9345833333333333
11.7,5,3,15,2,2,1.12,1.16,0.9037499999999999
-4.0,3,6,15,2,2,0.42,0.49,0.8991666666666668
19.5,1,7,15,2,2,0.38,0.75,0.92875
18.6,5,8,15,2,2,1.46,0.39,0.9529166666666667
-5.3,4,10,15,2,2,0.97,0.54,0.9508333333333333
16.2,2,11,15,2,2,0.49,1.58,0.9158333333333334
38.1,3,13,15,2,2,0.74,1.19,0.9391666666666668
-2.3,5,14,15,2,2,1.75,1.68,0.9404166666666667
-8.1,1,15,15,2,2,1.71,1.88,0.8729166666666667
36.4,5,15,15,2,2,0.26,1.18,0.8983333333333333
27.4,4,15,15,2,2,1.79,0.24,0.9033333333333333
4.1,1,15,15,2,2,0.36,0.54,0.9387500000000001
-5.7,1,17,15,2,2,1.39,0.43,0.9716666666666666
35.8,3,18,15,2,2,1.22,0.29,0.985
30.0,2,18,15,2,2,0.61,1.84,0.92625
-1.0,1,19,15,2,2,0.43,0.26,0.9379166666666667
7.1,1,21,15,2,2,0.54,1.33,0.9183333333333333
16.7,2,22,15,2,2,0.86,0.8,0.9424999999999999
21.7,1,23,15,2,2,1.38,1.5,0.9429166666666666
23.3,1,23,15,2,2,1.51,0.93,0.9820833333333333
31.6,2,0,16,2,3,1.87,0.94,0.9554166666666667
14.8,4,0,16,2,3,0.3,0.55,0.96
0.6,3,1,16,2,3,0.66,0.82,0.9716666666666667
29.3,5,1,16,2,3,1.1,1.12,0.9579166666666666
9.6,5,2,16,2,3,0.79,0.42,0.9779166666666668
22.8,4,3,16,2,3,0.9,0.38,0.9795833333333333
-1.5,1,3,16,2,3,0.42,1.46,0.9320833333333334
28.1,2,4,16,2,3,0.32,0.97,0.9512499999999999
10.9,1,6,16,2,3,1.43,0.49,1.0066666666666666
-5.0,5,8,16,2,3,1.82,0.74,1.04125
2.7,4,8,16,2,3,1.57,1.75,0.995
0.7,3,10,16,2,3,0.64,1.71,0.9504166666666668
-3.9,5,11,16,2,3,0.64,0.26,0.995
-9.1,5,11,16,2,3,1.33,1.79,0.9562499999999999
-8.0,5,11,16,2,3,0.86,0.36,1.0208333333333333
-0.4,1,14,16,2,3,1.91,1.39,0.9745833333333334
3.6,1,14,16,2,3,0.28,1.22,1.0054166666666668
25.9,4,16,16,2,3,1.96,0.61,1.0408333333333333
2.3,3,17,16,2,3,1.46,0.43,1.045
36.8,1,18,16,2,3,0.53,0.54,1.06125
23.0,4,18,16,2,3,0.93,0.86,1.0562500000000001
25.6,2,19,16,2,3,0.74,1.38,1.0420833333333335
20.2,3,20,16,2,3,1.04,1.51,1.055
14.7,4,20,16,2,3,1.82,1.87,1.02
5.0,3,23,16,2,3,1.03,0.3,1.0475
4.7,1,0,17,2,4,0.96,0.66,1.0391666666666668
6.4,5,0,17,2,4,0.46,1.1,1.0095833333333333
-0.4,4,3,17,2,4,0.39,0.79,1.0241666666666667
12.2,3,3,17,2,4,1.14,0.9,1.035
35.1,3,4,17,2,4,1.16,0.42,1.0345833333333334
36.8,4,4,17,2,4,0.41,0.32,1.0691666666666666
3.9,1,4,17,2,4,1.15,1.43,1.06875
11.4,2,4,17,2,4,1.42,1.82,1.0270833333333333
31.2,5,6,17,2,4,0.82,1.57,0.9758333333333334
29.0,1,7,17,2,4,0.34,0.64,1.0166666666666666
-3.7,5,8,17,2,4,1.62,0.64,1.0233333333333332
18.7,4,9,17,2,4,0.8,1.33,1.0116666666666667
14.6,5,12,17,2,4,1.05,0.86,1.0358333333333334
26.1,4,12,17,2,4,1.44,1.91,0.9704166666666668
16.9,3,14,17,2,4,0.34,0.28,1.0104166666666667
13.7,4,14,17,2,4,1.24,1.96,0.9404166666666667
17.1,2,15,17,2,4,0.28,1.46,0.8995833333333333
32.1,3,17,17,2,4,0.48,0.53,0.9308333333333333
36.2,4,20,17,2,4,1.28,0.93,0.9033333333333333
18.1,1,20,17,2,4,0.27,0.74,0.9283333333333332
-9.6,5,20,17,2,4,1.34,1.04,0.9654166666666667
-0.0,2,22,17,2,4,1.93,1.82,0.9387500000000001
38.3,1,23,17,2,4,1.18,1.03,0.9108333333333333
-6.3,1,1,18,2,5,0.36,0.96,0.9175000000000001
-0.3,1,1,18,2,5,1.12,0.46,0.94875
7.1,5,1,18,2,5,1.21,0.39,1.0025
16.1,4,1,18,2,5,1.68,1.14,0.9870833333333332
-8.6,3,2,18,2,5,0.77,1.16,0.96375
26.5,5,4,18,2,5,0.6,0.41,0.9904166666666666
-5.2,4,4,18,2,5,1.05,1.15,0.9929166666666668
12.6,4,4,18,2,5,1.21,1.42,0.9908333333333332
-7.7,1,6,18,2,5,1.37,0.82,0.9975
22.5,2,6,18,2,5,0.98,0.34,1.02
2.7,3,7,18,2,5,0.88,1.62,0.9620833333333333
31.1,5,7,18,2,5,0.23,0.8,1.0075
14.4,1,7,18,2,5,1.89,1.05,1.0062499999999999
23.4,3,8,18,2,5,1.02,1.44,0.9995833333333334
21.7,3,9,18,2,5,1.28,0.34,0.9974999999999999
21.5,1,10,18,2,5,0.29,1.24,0.9874999999999999
-8.3,2,11,18,2,5,1.0,0.28,0.995
-2.2,2,12,18,2,5,0.46,0.48,1.02375
22.9,5,13,18,2,5,1.17,1.28,1.0316666666666667
33.9,2,15,18,2,5,1.47,0.27,1.0525
-3.9,3,16,18,2,5,0.77,1.34,1.0350000000000001
-5.8,1,17,18,2,5,0.92,1.93,1.0058333333333334
-3.1,4,19,18,2,5,1.23,1.18,0.9695833333333334
30.1,4,21,18,2,5,0.31,0.36,0.9679166666666666
-4.2,5,21,18,2,5,0.32,1.12,0.9504166666666666
16.6,2,22,18,2,5,0.7,1.21,0.9154166666666668
-9.7,3,22,18,2,5,0.37,1.68,0.915
-1.9,3,22,18,2,5,1.67,0.77,0.9133333333333334
4.4,1,23,18,2,5,0.73,0.6,0.9133333333333334
36.2,4,23,18,2,5,0.6,1.05,0.8937499999999999
28.1,5,23,18,2,5,0.58,1.21,0.8654166666666666
3.2,1,23,18,2,5,0.53,1.37,0.8470833333333334
-9.5,1,0,19,2,6,0.93,0.98,0.8358333333333334
23.5,1,0,19,2,6,0.71,0.88,0.8670833333333333
8.7,4,4,19,2,6,1.63,0.23,0.9170833333333334
-2.3,2,6,19,2,6,1.43,1.89,0.8650000000000001
23.0,2,8,19,2,6,0.64,1.02,0.8808333333333334
9.9,5,8,19,2,6,1.4,1.28,0.8975
0.0,1,9,19,2,6,1.68,0.29,0.9525
40.0,5,11,19,2,6,1.61,1.0,0.9216666666666667
25.9,1,12,19,2,6,0.26,0.46,0.9220833333333333
26.5,1,12,19,2,6,0.47,1.17,0.90875
0.8,4,12,19,2,6,0.85,1.47,0.9225
31.1,5,12,19,2,6,1.8,0.77,0.9508333333333333
21.0,4,14,19,2,6,1.45,0.92,0.9379166666666666
38.4,5,14,19,2,6,0.61,1.23,0.9049999999999999
35.5,1,14,19,2,6,0.44,0.31,0.9720833333333333
9.7,3,14,19,2,6,1.92,0.32,0.9887499999999999
-0.3,5,15,19,2,6,0.72,0.7,1.0095833333333333
9.2,1,16,19,2,6,1.2,0.37,1.0608333333333333
18.5,5,16,19,2,6,1.6,1.67,1.0141666666666667
15.8,5,19,19,2,6,0.55,0.73,1.0416666666666667
-6.1,2,20,19,2,6,1.39,0.6,1.03375
-7.3,5,20,19,2,6,0.41,0.58,1.075
-4.9,4,21,19,2,6,1.57,0.53,1.1066666666666667
7.8,1,21,19,2,6,1.29,0.93,1.1158333333333332
16.2,3,22,19,2,6,1.15,0.71,1.1158333333333332
-6.3,4,23,19,2,6,0.71,1.63,1.1279166666666667
-8.2,2,1,20,2,0,1.92,1.43,1.1083333333333332
-6.5,5,2,20,2,0,0.96,0.64,1.1224999999999998
-4.8,3,2,20,2,0,0.98,1.4,1.0991666666666666
17.8,3,4,20,2,0,0.84,1.68,1.0845833333333335
31.6,2,5,20,2,0,1.33,1.61,1.0354166666666667
7.5,1,5,20,2,0,0.43,0.26,1.0433333333333332
2.0,5,5,20,2,0,0.45,0.47,1.08375
7.2,2,5,20,2,0,1.44,0.85,1.1075
28.6,3,5,20,2,0,1.42,1.8,1.0958333333333334
-3.0,1,5,20,2,0,1.52,1.45,1.1120833333333333
19.2,5,6,20,2,0,1.84,0.61,1.1424999999999998
26.5,3,6,20,2,0,1.34,0.44,1.1804166666666667
22.2,1,8,20,2,0,1.35,1.92,1.1129166666666668
21.4,5,8,20,2,0,0.3,0.72,1.15125
14.4,4,9,20,2,0,1.64,1.2,1.1504166666666666
37.6,4,12,20,2,0,1.18,1.6,1.1325
-2.6,2,13,20,2,0,1.17,0.55,1.1199999999999999
14.0,5,15,20,2,0,0.25,1.39,1.0958333333333332
37.4,3,15,20,2,0,0.81,0.41,1.125
31.7,4,16,20,2,0,1.11,1.57,1.1129166666666666
25.1,5,18,20,2,0,1.28,1.29,1.1083333333333332
2.0,5,19,20,2,0,1.18,1.15,1.0966666666666667
31.0,1,21,20,2,0,0.87,0.71,1.1041666666666667
12.1,3,21,20,2,0,0.89,1.92,1.0599999999999998
19.6,1,21,20,2,0,0.86,0.96,1.03
14.7,4,21,20,2,0,0.24,0.98,1.0604166666666666
37.2,1,22,20,2,0,1.71,0.84,1.1029166666666665
32.9,3,22,20,2,0,1.86,1.33,1.0708333333333333
12.2,3,23,20,2,0,0.56,0.43,1.0941666666666665
3.2,4,23,20,2,0,0.99,0.45,1.1545833333333333
28.0,2,1,21,2,1,1.9,1.44,1.115
3.8,5,1,21,2,1,0.49,1.42,1.13375
-8.5,5,2,21,2,1,1.87,1.52,1.1454166666666667
6.4,3,5,21,2,1,1.8,1.84,1.1187500000000001
38.6,4,5,21,2,1,1.2,1.34,1.0975
3.9,2,6,21,2,1,0.83,1.35,1.08625
2.1,5,6,21,2,1,1.08,0.3,1.1133333333333333
34.1,1,7,21,2,1,0.95,1.64,1.0558333333333332
29.5,5,9,21,2,1,0.26,1.18,1.0508333333333333
32.7,1,10,21,2,1,1.06,1.17,1.06625
-3.2,1,10,21,2,1,1.54,0.25,1.0645833333333334
32.0,2,11,21,2,1,0.21,0.81,1.10125
13.1,1,12,21,2,1,1.69,1.11,1.0908333333333333
4.5,2,13,21,2,1,0.86,1.28,1.1204166666666666
-4.5,1,13,21,2,1,1.99,1.18,1.08
11.1,4,13,21,2,1,0.21,0.87,1.1158333333333335
-0.9,5,14,21,2,1,1.73,0.89,1.1354166666666667
11.1,3,14,21,2,1,1.36,0.86,1.1508333333333334
-5.5,3,14,21,2,1,1.23,0.24,1.1737499999999998
-3.6,4,15,21,2,1,0.79,1.71,1.1558333333333335
11.6,1,16,21,2,1,1.28,1.86,1.0895833333333333
9.0,1,16,21,2,1,0.27,0.56,1.1316666666666666
31.6,1,17,21,2,1,1.57,0.99,1.1162500000000002
18.8,4,18,21,2,1,0.62,1.9,1.0775
30.0,1,19,21,2,1,0.97,0.49,1.1358333333333335
12.8,5,20,21,2,1,1.89,1.87,1.0966666666666667
39.7,4,20,21,2,1,0.93,1.8,1.0599999999999998
-1.3,2,22,21,2,1,0.92,1.2,1.05625
18.2,5,22,21,2,1,1.11,0.83,1.09125
5.7,2,22,21,2,1,1.67,1.08,1.1104166666666666
-1.1,3,23,21,2,1,1.54,0.95,1.1225
33.3,4,0,22,2,2,1.24,0.26,1.1312499999999999
0.4,1,0,22,2,2,0.47,1.06,1.1358333333333333
-4.7,3,3,22,2,2,1.17,1.54,1.1187500000000001
-5.4,1,4,22,2,2,1.13,0.21,1.17875
25.0,1,4,22,2,2,1.65,1.69,1.12
-9.8,3,4,22,2,2,0.28,0.86,1.12375
27.4,1,5,22,2,2,0.95,1.99,1.06
1.2,1,6,22,2,2,0.46,0.21,1.0941666666666665
-7.4,1,7,22,2,2,1.03,1.73,1.0995833333333334
7.4,3,7,22,2,2,1.86,1.36,1.1120833333333333
38.2,5,7,22,2,2,1.66,1.23,1.1145833333333333
12.2,3,9,22,2,2,1.29,0.79,1.1304166666666666
14.5,3,10,22,2,2,1.17,1.28,1.1158333333333332
-1.0,5,11,22,2,2,0.93,0.27,1.1416666666666666
14.7,5,11,22,2,2,0.89,1.57,1.1125
24.5,5,11,22,2,2,0.87,0.62,1.1404166666666666
8.8,3,12,22,2,2,1.29,0.97,1.1691666666666667
21.3,5,13,22,2,2,1.66,1.89,1.1320833333333333
-6.1,4,13,22,2,2,1.0,0.93,1.1216666666666666
10.4,2,13,22,2,2,0.68,0.92,1.1241666666666668
32.5,3,14,22,2,2,0.98,1.11,1.1125
25.5,4,15,22,2,2,0.83,1.67,1.1158333333333335
-0.0,5,16,22,2,2,1.75,1.54,1.0933333333333335
13.6,1,16,22,2,2,1.0,1.24,1.0604166666666666
19.7,5,17,22,2,2,0.45,0.47,1.0854166666666667
26.1,5,17,22,2,2,1.07,1.17,1.1025
11.6,1,18,22,2,2,1.58,1.13,1.1004166666666666
35.0,5,19,22,2,2,1.08,1.65,1.0754166666666667
-1.6,2,21,22,2,2,1.05,0.28,1.0725
10.4,2,22,22,2,2,0.21,0.95,1.0858333333333332
1.0,5,23,22,2,2,1.27,0.46,1.0925
20.6,3,0,23,2,3,0.62,1.03,1.0745833333333334
26.0,2,1,23,2,3,0.6,1.86,1.0274999999999999
31.9,5,1,23,2,3,0.73,1.66,1.0091666666666668
5.8,3,5,23,2,3,1.22,1.29,1.0116666666666665
0.5,5,5,23,2,3,1.35,1.17,0.9900000000000001
17.2,1,6,23,2,3,0.65,0.93,0.9704166666666668
27.1,1,6,23,2,3,0.46,0.89,0.98875
-8.7,2,6,23,2,3,1.33,0.87,0.98
37.8,4,7,23,2,3,0.66,1.29,0.9862500000000001
-1.3,5,7,23,2,3,1.44,1.66,0.9595833333333333
35.7,3,7,23,2,3,1.02,1.0,0.9966666666666667
6.8,1,8,23,2,3,1.89,0.68,0.9854166666666667
30.2,2,9,23,2,3,0.41,0.98,0.9575
2.5,4,9,23,2,3,0.31,0.83,0.9783333333333332
10.6,2,11,23,2,3,1.33,1.75,0.94
-0.5,2,11,23,2,3,0.83,1.0,0.9437500000000001
11.7,1,12,23,2,3,1.09,0.45,0.96875
-7.4,1,13,23,2,3,1.05,1.07,0.94875
30.9,4,13,23,2,3,0.59,1.58,0.9308333333333333
14.9,2,15,23,2,3,1.15,1.08,0.92375
23.8,4,15,23,2,3,0.91,1.05,0.9091666666666667
18.0,1,16,23,2,3,0.7,0.21,0.94625
7.5,5,16,23,2,3,1.1,1.27,0.9045833333333334
5.7,1,18,23,2,3,0.27,0.62,0.8929166666666667
33.4,2,20,23,2,3,0.34,0.6,0.8925
25.4,1,20,23,2,3,0.59,0.73,0.9133333333333332
-2.5,1,22,23,2,3,1.23,1.22,0.9091666666666667
-2.8,3,23,23,2,3,1.12,1.35,0.8704166666666667
26.8,4,23,23,2,3,0.42,0.65,0.8554166666666667
34.9,5,0,24,2,4,0.29,0.46,0.8670833333333333
-0.9,3,1,24,2,4,0.74,1.33,0.8595833333333333
19.0,4,1,24,2,4,1.15,0.66,0.8941666666666667
1.9,1,3,24,2,4,1.49,1.44,0.9079166666666666
10.6,5,3,24,2,4,1.77,1.02,0.8929166666666667
35.3,3,4,24,2,4,0.66,1.89,0.835
22.6,5,6,24,2,4,0.5,0.41,0.8487499999999999
18.6,5,8,24,2,4,0.74,0.31,0.9145833333333333
34.3,3,8,24,2,4,1.89,1.33,0.8679166666666666
14.1,2,8,24,2,4,0.21,0.83,0.8570833333333333
-9.0,5,9,24,2,4,0.57,1.09,0.8558333333333333
35.1,3,9,24,2,4,1.06,1.05,0.8825
30.8,5,10,24,2,4,1.69,0.59,0.9191666666666666
35.2,2,10,24,2,4,1.47,1.15,0.90375
38.8,5,10,24,2,4,0.78,0.91,0.8804166666666666
2.6,3,12,24,2,4,0.35,0.7,0.9045833333333334
16.7,1,14,24,2,4,1.28,1.1,0.9116666666666666
6.8,4,16,24,2,4,1.27,0.27,0.9275000000000001
12.1,3,16,24,2,4,0.65,0.34,0.9479166666666666
-6.4,4,16,24,2,4,0.83,0.59,0.9316666666666666
34.0,3,17,24,2,4,0.2,1.23,0.8945833333333333
11.2,5,17,24,2,4,0.34,1.12,0.8758333333333334
23.2,4,19,24,2,4,0.67,0.42,0.9370833333333334
0.9,2,19,24,2,4,1.89,0.29,0.9662499999999999
33.6,4,20,24,2,4,0.99,0.74,0.9770833333333333
20.2,1,20,24,2,4,1.0,1.15,0.9395833333333333
19.9,5,20,24,2,4,0.25,1.49,0.92375
20.1,5,21,24,2,4,1.11,1.77,0.8616666666666667
9.6,2,21,24,2,4,0.28,0.66,0.8554166666666667
13.0,3,21,24,2,4,0.51,0.5,0.8495833333333334
27.9,4,22,24,2,4,0.36,0.74,0.8850000000000001
13.6,3,23,24,2,4,1.59,1.89,0.8745833333333334
9.9,3,1,25,2,5,1.64,0.21,0.9341666666666666
12.6,1,1,25,2,5,1.64,0.57,0.9766666666666666
37.3,3,3,25,2,5,1.59,1.06,1.0145833333333334
15.2,2,4,25,2,5,1.97,1.69,0.9870833333333332
32.7,5,5,25,2,5,1.03,1.47,1.0025000000000002
8.7,4,5,25,2,5,1.84,0.78,0.99125
19.8,2,6,25,2,5,0.51,0.35,1.0254166666666669
18.1,2,6,25,2,5,1.17,1.28,1.0466666666666666
18.3,4,8,25,2,5,1.79,1.27,1.0391666666666668
6.6,4,9,25,2,5,1.09,0.65,1.0725
7.4,3,10,25,2,5,1.45,0.83,1.0958333333333334
34.5,3,11,25,2,5,1.39,0.2,1.1183333333333334
37.4,5,11,25,2,5,0.74,0.34,1.1845833333333333
-0.2,1,12,25,2,5,1.93,0.67,1.2075
6.3,1,12,25,2,5,1.22,1.89,1.155
38.5,2,12,25,2,5,0.63,0.99,1.1295833333333334
-9.2,2,12,25,2,5,0.38,1.0,1.1383333333333334
13.4,2,13,25,2,5,1.21,0.25,1.1879166666666667
14.8,3,15,25,2,5,1.44,1.11,1.1783333333333335
28.7,4,15,25,2,5,0.88,0.28,1.2395833333333333
34.0,1,15,25,2,5,1.75,0.51,1.2791666666666668
-6.2,4,16,25,2,5,1.46,0.36,1.2941666666666667
39.4,1,16,25,2,5,0.72,1.59,1.2925
35.2,4,17,25,2,5,1.55,1.64,1.2925
17.0,3,17,25,2,5,1.64,1.64,1.2820833333333332
-8.4,3,17,25,2,5,1.39,1.59,1.2245833333333334
34.2,4,19,25,2,5,0.21,1.97,1.16375
31.5,2,20,25,2,5,0.51,1.03,1.1533333333333333
3.4,2,1,26,2,6,0.78,1.84,1.0925
32.0,4,2,26,2,6,0.38,0.51,1.1291666666666667
22.7,3,3,26,2,6,1.39,1.17,1.1054166666666665
-8.9,1,3,26,2,6,0.6,1.79,1.05125
12.1,4,5,26,2,6,0.49,1.09,1.02125
24.0,1,5,26,2,6,0.37,1.45,0.9779166666666667
16.7,5,7,26,2,6,0.41,1.39,0.9987499999999999
14.3,3,8,26,2,6,1.89,0.74,0.995
5.5,1,9,26,2,6,0.65,1.93,0.9504166666666668
3.5,4,10,26,2,6,0.86,1.22,0.9095833333333333
8.9,5,10,26,2,6,0.24,0.63,0.9383333333333334
30.9,3,11,26,2,6,1.32,0.38,0.9816666666666666
29.5,1,16,26,2,6,1.42,1.21,0.9804166666666667
27.5,3,16,26,2,6,1.18,1.44,0.9612499999999998
34.8,3,17,26,2,6,0.98,0.88,0.9562499999999999
7.8,1,18,26,2,6,0.76,1.75,0.9395833333333333
27.0,5,19,26,2,6,1.35,1.46,0.8891666666666667
39.0,4,21,26,2,6,0.25,0.72,0.8720833333333333
26.9,3,21,26,2,6,0.31,1.55,0.8574999999999999
35.0,3,23,26,2,6,1.2,1.64,0.8312499999999999
37.7,4,0,27,2,0,1.01,1.39,0.7841666666666667
1.6,3,1,27,2,0,0.26,0.21,0.8450000000000001
6.4,3,4,27,2,0,1.67,0.51,0.8945833333333333
24.2,4,4,27,2,0,1.7,0.78,0.9341666666666667
-6.7,2,5,27,2,0,1.73,0.38,0.9833333333333333
10.3,1,6,27,2,0,1.56,1.39,0.9895833333333334
-2.0,4,6,27,2,0,1.54,0.6,1.03875
5.0,4,6,27,2,0,1.78,0.49,1.0383333333333333
20.1,5,9,27,2,0,0.48,0.37,1.055
17.3,2,10,27,2,0,0.77,0.41,1.0658333333333334
17.3,5,11,27,2,0,0.67,1.89,1.0358333333333334
-3.8,4,12,27,2,0,1.17,0.65,1.0516666666666667
10.0,1,13,27,2,0,1.03,0.86,1.0287499999999998
15.4,4,13,27,2,0,0.31,0.24,1.0308333333333333
31.2,5,13,27,2,0,0.29,1.32,1.0429166666666667
23.8,5,14,27,2,0,1.61,1.42,1.0462500000000001
21.3,1,15,27,2,0,1.5,1.18,1.0325
26.1,3,16,27,2,0,0.85,0.98,1.0045833333333334
18.9,5,16,27,2,0,0.31,0.76,1.0295833333333333
-0.5,2,17,27,2,0,1.36,1.35,0.98625
24.3,2,17,27,2,0,0.31,0.25,0.9933333333333333
31.7,3,18,27,2,0,0.42,0.31,1.0470833333333334
9.6,5,19,27,2,0,1.6,1.2,1.02875
38.5,3,19,27,2,0,0.76,1.01,0.9983333333333334
22.1,1,20,27,2,0,0.28,0.26,1.0270833333333333
12.1,2,21,27,2,0,0.95,1.67,1.0070833333333333
29.3,2,22,27,2,0,1.19,1.7,0.9691666666666667
4.6,1,23,27,2,0,0.79,1.73,0.9120833333333334
9.7,5,23,27,2,0,0.36,1.56,0.8650000000000001
11.6,5,1,28,2,1,0.43,1.54,0.8175
4.1,1,1,28,2,1,0.4,1.78,0.7775
1.3,5,2,28,2,1,0.82,0.48,0.8229166666666666
18.7,2,2,28,2,1,1.57,0.77,0.84
13.2,2,3,28,2,1,1.18,0.67,0.8929166666666667
14.5,3,3,28,2,1,1.94,1.17,0.8666666666666667
39.7,2,4,28,2,1,0.54,1.03,0.8395833333333332
28.2,3,4,28,2,1,0.38,0.31,0.8741666666666666
25.3,4,5,28,2,1,1.14,0.29,0.9166666666666666
5.7,3,7,28,2,1,1.31,1.61,0.8945833333333333
37.9,4,7,28,2,1,1.08,1.5,0.8649999999999999
20.7,2,7,28,2,1,0.79,0.85,0.8520833333333334
9.7,5,8,28,2,1,0.54,0.31,0.8799999999999999
29.0,3,10,28,2,1,0.98,1.36,0.84
21.2,2,13,28,2,1,0.4,0.31,0.8591666666666667
-8.5,4,15,28,2,1,0.77,0.42,0.8779166666666667
29.9,5,16,28,2,1,0.87,1.6,0.8408333333333333
2.1,3,16,28,2,1,0.71,0.76,0.82
25.6,4,18,28,2,1,0.26,0.28,0.8354166666666666
9.7,5,18,28,2,1,0.65,0.95,0.83875
18.3,2,19,28,2,1,1.03,1.19,0.80875
-0.5,2,20,28,2,1,0.47,0.79,0.8329166666666666
30.6,4,22,28,2,1,1.37,0.36,0.89875
28.5,5,23,28,2,1,1.94,0.43,0.9620833333333333
4.6,3,23,28,2,1,1.95,0.4,0.9654166666666667
3.5,2,0,1,3,2,0.48,0.82,0.995
5.7,1,0,1,3,2,1.53,1.57,1.0033333333333334
7.3,4,1,1,3,2,1.77,1.18,0.9987499999999999
28.0,1,2,1,3,2,1.07,1.94,0.9379166666666666
38.5,3,2,1,3,2,0.48,0.54,0.9770833333333333
25.0,1,4,1,3,2,1.48,0.38,0.9829166666666667
27.9,1,4,1,3,2,0.52,1.14,0.9729166666666668
23.4,3,4,1,3,2,0.9,1.31,0.9779166666666667
23.9,2,6,1,3,2,1.43,1.08,0.9575
-3.5,1,8,1,3,2,0.59,0.79,0.9475000000000001
34.9,3,10,1,3,2,0.55,0.54,0.9862500000000001
27.3,5,10,1,3,2,1.47,0.98,0.9916666666666667
35.1,2,11,1,3,2,1.11,0.4,1.0304166666666668
14.1,3,11,1,3,2,1.33,0.77,1.0579166666666666
14.8,2,11,1,3,2,1.43,0.87,1.04625
20.3,1,12,1,3,2,0.59,0.71,1.0508333333333335
16.3,5,13,1,3,2,0.82,0.26,1.0966666666666667
18.9,3,13,1,3,2,1.36,0.65,1.1204166666666666
11.6,3,14,1,3,2,1.22,1.03,1.1320833333333333
8.5,4,14,1,3,2,1.31,0.47,1.1491666666666667
10.4,1,14,1,3,2,0.88,1.37,1.1575
-0.5,3,15,1,3,2,1.57,1.94,1.1224999999999998
38.3,1,18,1,3,2,1.1,1.95,1.1120833333333333
4.3,2,19,1,3,2,1.7,0.48,1.1333333333333333
-10.0,4,19,1,3,2,0.99,1.53,1.1329166666666668
33.9,2,19,1,3,2,1.52,1.77,1.1358333333333333
22.8,4,22,1,3,2,1.84,1.07,1.1275
-0.2,5,22,1,3,2,0.87,0.48,1.1733333333333333
14.8,5,22,1,3,2,1.58,1.48,1.1458333333333333
25.9,4,22,1,3,2,0.82,0.52,1.1383333333333334
26.9,1,23,1,3,2,0.34,0.9,1.1770833333333333
22.4,3,1,2,3,3,1.83,1.43,1.1983333333333333
37.9,3,2,2,3,3,1.94,0.59,1.21875
32.5,5,2,2,3,3,1.08,0.55,1.2670833333333333
32.4,1,2,2,3,3,1.71,1.47,1.25875
-0.4,4,3,2,3,3,1.27,1.11,1.26625
37.8,2,3,2,3,3,1.29,1.33,1.2716666666666667
2.0,4,4,2,3,3,1.46,1.43,1.2616666666666665
13.1,3,4,2,3,3,1.19,0.59,1.2833333333333334
1.5,3,5,2,3,3,1.11,0.82,1.3233333333333333
9.4,1,5,2,3,3,1.78,1.36,1.3375000000000001
7.9,2,5,2,3,3,1.7,1.22,1.2979166666666668
5.3,2,6,2,3,3,0.27,1.31,1.3175
12.7,2,7,2,3,3,1.78,0.88,1.3291666666666666
22.1,5,8,2,3,3,1.16,1.57,1.3195833333333333
3.9,4,9,2,3,3,1.34,1.1,1.3095833333333333
10.0,4,10,2,3,3,0.86,1.7,1.25
-9.7,5,11,2,3,3,0.27,0.99,1.24875
2.3,3,11,2,3,3,0.96,1.52,1.2491666666666668
27.5,4,12,2,3,3,1.53,1.84,1.1929166666666666
5.7,1,14,2,3,3,0.49,0.87,1.1679166666666667
22.1,3,17,2,3,3,0.27,1.58,1.12125
12.8,4,19,2,3,3,0.46,0.82,1.0954166666666667
25.5,5,19,2,3,3,0.2,0.34,1.0987500000000001
11.4,5,19,2,3,3,0.42,1.83,1.07625
38.5,5,19,2,3,3,1.29,1.94,1.0108333333333335
9.1,5,20,2,3,3,0.37,1.08,1.0
-5.1,1,20,2,3,3,0.82,1.71,0.9812499999999998
32.5,2,23,2,3,3,1.26,1.27,0.9566666666666667
36.7,3,23,2,3,3,0.68,1.29,0.9416666666666668
7.0,2,2,3,3,4,0.93,1.46,0.9474999999999999
6.4,3,3,3,3,4,1.6,1.19,0.9179166666666667
5.5,4,4,3,3,4,0.48,1.11,0.8941666666666666
4.1,1,4,3,3,4,0.54,1.78,0.8508333333333334
-3.5,4,5,3,3,4,0.74,1.7,0.8129166666666666
15.6,3,5,3,3,4,0.79,0.27,0.8645833333333334
36.8,5,5,3,3,4,1.51,1.78,0.8037500000000001
13.5,4,5,3,3,4,0.32,1.16,0.8175
17.3,5,8,3,3,4,1.49,1.34,0.7945833333333333
9.2,2,10,3,3,4,0.79,0.86,0.7987500000000001
-0.5,5,10,3,3,4,0.96,0.27,0.8045833333333333
13.7,5,11,3,3,4,0.41,0.96,0.7995833333333334
10.2,3,11,3,3,4,0.84,1.53,0.7833333333333333
-2.3,1,12,3,3,4,1.14,0.49,0.7958333333333334
30.2,2,12,3,3,4,0.79,0.27,0.855
24.2,1,12,3,3,4,1.69,0.46,0.8891666666666667
27.8,1,13,3,3,4,1.28,0.2,0.9204166666666667
39.2,4,13,3,3,4,0.95,0.42,0.97125
16.3,4,14,3,3,4,1.64,1.29,0.9920833333333334
31.5,5,18,3,3,4,1.79,0.37,1.0116666666666667
-1.2,5,18,3,3,4,0.84,0.82,1.0004166666666667
25.7,1,18,3,3,4,0.55,1.26,0.9854166666666666
2.0,2,18,3,3,4,0.9,0.68,0.9879166666666666
-7.8,1,20,3,3,4,0.74,0.93,1.0041666666666667
7.1,5,20,3,3,4,1.32,1.6,1.0004166666666667
-6.2,3,21,3,3,4,1.51,0.48,1.01625
-5.6,5,21,3,3,4,0.86,0.54,1.0595833333333333
6.0,1,22,3,3,4,1.58,0.74,1.0795833333333333
-6.2,2,22,3,3,4,1.22,0.79,1.1283333333333334
17.5,5,0,4,3,5,1.96,1.51,1.1291666666666667
20.8,4,2,4,3,5,1.53,0.32,1.1816666666666666
27.7,4,3,4,3,5,1.58,1.49,1.1583333333333334
16.7,1,5,4,3,5,0.93,0.79,1.1700000000000002
5.3,1,5,4,3,5,1.07,0.96,1.1420833333333333
6.4,5,6,4,3,5,0.29,0.41,1.1845833333333333
30.3,5,9,4,3,5,1.43,0.84,1.17
14.6,4,10,4,3,5,0.49,1.14,1.1824999999999999
-0.8,5,11,4,3,5,1.44,0.79,1.2
22.6,1,12,4,3,5,1.21,1.69,1.1966666666666665
14.7,5,13,4,3,5,1.61,1.28,1.1745833333333333
3.2,4,14,4,3,5,0.75,0.95,1.1854166666666666
39.5,1,14,4,3,5,1.21,1.64,1.14125
-9.9,5,16,4,3,5,0.58,1.79,1.1391666666666667
-6.7,2,16,4,3,5,1.74,0.84,1.1804166666666667
26.4,5,17,4,3,5,1.83,0.55,1.1783333333333332
-7.0,4,22,4,3,5,0.5,0.9,1.1533333333333333
37.3,3,22,4,3,5,0.3,0.74,1.1941666666666666
26.3,4,22,4,3,5,1.72,1.32,1.2145833333333333
2.5,5,23,4,3,5,1.81,1.51,1.2304166666666667
19.9,1,0,5,3,6,1.89,0.86,1.2495833333333335
13.6,3,2,5,3,6,1.32,1.58,1.25125
35.4,4,3,5,3,6,1.62,1.22,1.2541666666666667
38.2,2,3,5,3,6,1.29,1.96,1.2454166666666666
37.4,2,4,5,3,6,1.75,1.53,1.2479166666666668
34.1,3,4,5,3,6,1.59,1.58,1.2383333333333333
13.9,4,7,5,3,6,1.35,0.93,1.2091666666666667
31.1,4,8,5,3,6,0.23,1.07,1.2362499999999998
13.0,1,9,5,3,6,1.72,0.29,1.27125
1.2,1,10,5,3,6,1.13,1.43,1.2529166666666667
16.1,2,11,5,3,6,0.99,0.49,1.28375
12.1,4,13,5,3,6,1.23,1.44,1.2391666666666667
4.0,4,14,5,3,6,0.37,1.21,1.24125
-5.7,4,14,5,3,6,1.26,1.61,1.205
10.8,1,15,5,3,6,0.74,0.75,1.2320833333333334
14.9,4,16,5,3,6,1.4,1.21,1.2520833333333334
3.1,2,16,5,3,6,1.69,0.58,1.2475
39.3,4,17,5,3,6,0.47,1.74,1.23875
28.6,4,20,5,3,6,1.53,1.83,1.2041666666666668
27.1,4,21,5,3,6,1.0,0.5,1.2029166666666666
14.8,2,21,5,3,6,0.47,0.3,1.2070833333333333
20.1,2,23,5,3,6,0.4,1.72,1.1970833333333333
30.5,4,0,6,3,0,1.48,1.81,1.1320833333333333
28.5,4,0,6,3,0,0.25,1.89,1.09625
11.5,4,3,6,3,0,1.03,1.32,1.0525
9.4,2,3,6,3,0,0.27,1.62,1.0575
18.6,4,3,6,3,0,1.74,1.29,1.0820833333333335
17.9,2,4,6,3,0,1.88,1.75,1.02125
37.0,5,5,6,3,0,0.29,1.59,1.0191666666666666
-4.0,4,5,6,3,0,1.54,1.35,1.015
15.4,2,8,6,3,0,1.25,0.23,1.04
-7.9,3,9,6,3,0,0.83,1.72,1.01125
23.7,5,10,6,3,0,1.03,1.13,0.9791666666666666
10.6,5,10,6,3,0,0.36,0.99,1.01125
7.1,4,11,6,3,0,1.76,1.23,0.9783333333333334
4.1,5,14,6,3,0,0.44,0.37,1.02125
20.8,3,14,6,3,0,1.4,1.26,1.0066666666666666
33.6,5,15,6,3,0,0.91,0.74,1.0525
21.0,5,15,6,3,0,1.84,1.4,1.0666666666666667
11.8,3,16,6,3,0,1.74,1.69,1.0529166666666667
-7.9,4,17,6,3,0,1.36,0.47,1.0866666666666667
4.9,4,17,6,3,0,1.28,1.53,1.0525
35.2,4,18,6,3,0,0.71,1.0,1.065
-6.7,1,18,6,3,0,1.3,0.47,1.10125
5.5,5,18,6,3,0,1.34,0.4,1.1466666666666667
25.0,4,19,6,3,0,1.49,1.48,1.1054166666666667
36.3,1,20,6,3,0,0.49,0.25,1.1695833333333334
9.5,1,21,6,3,0,1.79,1.03,1.1808333333333334
23.9,5,22,6,3,0,1.3,0.27,1.2520833333333334
20.5,3,22,6,3,0,1.98,1.74,1.2591666666666668
14.9,3,23,6,3,0,1.91,1.88,1.2258333333333333
15.7,5,0,7,3,1,1.08,0.29,1.23375
39.1,5,1,7,3,1,0.48,1.54,1.21625
11.5,2,1,7,3,1,1.12,1.25,1.2058333333333333
-5.1,3,2,7,3,1,1.0,0.83,1.2075
35.9,4,2,7,3,1,0.87,1.03,1.1829166666666666
15.2,5,4,7,3,1,0.44,0.36,1.2470833333333333
33.1,4,5,7,3,1,1.9,1.76,1.2070833333333333
14.1,1,5,7,3,1,0.8,0.44,1.2016666666666667
-5.7,1,5,7,3,1,0.31,1.4,1.1608333333333334
22.1,3,7,7,3,1,0.42,0.91,1.1420833333333333
28.2,3,8,7,3,1,0.46,1.84,1.0779166666666666
37.2,4,10,7,3,1,0.3,1.74,1.04375
26.3,1,11,7,3,1,0.92,1.36,1.0079166666666666
11.7,2,12,7,3,1,0.5,1.28,0.9908333333333333
31.4,3,12,7,3,1,0.87,0.71,0.9708333333333333
36.0,5,12,7,3,1,0.23,1.3,0.9625
-5.4,3,13,7,3,1,1.1,1.34,0.9550000000000001
38.6,5,13,7,3,1,1.16,1.49,0.9183333333333333
16.2,1,14,7,3,1,0.61,0.49,0.9525
6.4,1,15,7,3,1,1.31,1.79,0.92875
-2.7,4,16,7,3,1,1.22,1.3,0.90625
-4.1,5,16,7,3,1,0.76,1.98,0.8908333333333333
7.2,1,16,7,3,1,1.61,1.91,0.8620833333333332
-6.6,5,19,7,3,1,1.22,1.08,0.8420833333333334
15.9,4,20,7,3,1,0.6,0.48,0.8708333333333335
35.3,1,21,7,3,1,1.17,1.12,0.8450000000000001
31.1,1,23,7,3,1,0.5,1.0,0.85875
-4.5,5,23,7,3,1,1.33,0.87,0.855
19.7,1,2,8,3,2,0.78,0.44,0.86875
21.2,4,2,8,3,2,0.77,1.9,0.80125
32.0,4,5,8,3,2,0.28,0.8,0.8354166666666666
14.1,5,6,8,3,2,1.62,0.31,0.8466666666666667
23.5,5,6,8,3,2,0.58,0.42,0.8529166666666668
17.5,3,7,8,3,2,0.57,0.46,0.8841666666666667
27.0,3,8,8,3,2,1.21,0.3,0.9370833333333333
10.6,4,9,8,3,2,1.57,0.92,0.9191666666666668
20.6,4,10,8,3,2,0.49,0.5,0.915
-3.3,1,10,8,3,2,0.4,0.87,0.9437500000000001
28.9,1,11,8,3,2,1.56,0.23,0.9808333333333333
22.7,4,12,8,3,2,1.12,1.1,0.9870833333333332
2.3,2,14,8,3,2,1.25,1.16,0.9904166666666666
23.1,1,14,8,3,2,1.24,0.61,0.9754166666666667
31.5,1,14,8,3,2,0.25,1.31,0.9587500000000001
23.5,2,15,8,3,2,0.91,1.22,0.9762500000000002
37.7,3,18,8,3,2,1.64,0.76,0.9920833333333333
16.4,4,19,8,3,2,1.14,1.61,0.9904166666666666
3.7,3,19,8,3,2,1.57,1.22,0.9974999999999999
13.5,5,20,8,3,2,1.39,0.6,1.0558333333333334
-5.7,2,21,8,3,2,2.0,1.17,1.0433333333333332
21.4,2,22,8,3,2,0.87,0.5,1.0966666666666667
24.1,3,23,8,3,2,1.78,1.33,1.0558333333333334
-1.3,1,23,8,3,2,0.35,0.78,1.05625
21.1,4,1,9,3,3,0.79,0.77,1.08625
10.6,5,3,9,3,3,1.49,0.28,1.1133333333333333
37.6,2,4,9,3,3,0.93,1.62,1.1179166666666667
0.7,3,5,9,3,3,1.73,0.58,1.14625
5.3,3,7,9,3,3,1.26,0.57,1.135
10.1,2,7,9,3,3,0.3,1.21,1.1029166666666668
17.9,4,8,9,3,3,0.44,1.57,1.0966666666666667
18.3,4,9,9,3,3,1.42,0.49,1.1095833333333334
5.4,2,10,9,3,3,0.8,0.4,1.1645833333333335
35.3,2,10,9,3,3,1.72,1.56,1.1316666666666666
13.2,2,12,9,3,3,0.77,1.12,1.1425
10.7,5,12,9,3,3,1.38,1.25,1.1033333333333333
36.0,2,14,9,3,3,0.31,1.24,1.0704166666666666
27.3,2,15,9,3,3,0.45,0.25,1.1429166666666666
24.1,2,16,9,3,3,1.99,0.91,1.125
-4.3,2,16,9,3,3,0.48,1.64,1.10875
22.8,1,18,9,3,3,1.25,1.14,1.12625
10.1,4,22,9,3,3,1.56,1.57,1.095
18.3,3,22,9,3,3,0.82,1.39,1.0483333333333333
0.2,4,0,10,3,4,0.27,2.0,1.0083333333333333
33.5,4,1,10,3,4,1.04,0.87,1.0141666666666667
13.3,1,1,10,3,4,1.01,1.78,0.9770833333333333
10.8,1,3,10,3,4,0.89,0.35,1.0004166666666667
8.6,1,4,10,3,4,0.91,0.79,0.9979166666666668
37.8,1,5,10,3,4,0.73,1.49,0.9845833333333333
18.9,2,6,10,3,4,1.17,0.93,1.0054166666666666
-4.3,1,7,10,3,4,1.43,1.73,0.98
35.2,3,7,10,3,4,1.12,1.26,0.9608333333333334
-8.7,3,8,10,3,4,0.8,0.3,0.98875
36.4,2,9,10,3,4,0.97,0.44,1.0225
-8.1,2,11,10,3,4,1.25,1.42,1.0454166666666667
5.2,1,11,10,3,4,1.97,0.8,1.0420833333333335
-5.8,3,11,10,3,4,0.72,1.72,0.9987499999999999
2.1,5,12,10,3,4,0.68,0.77,0.9983333333333332
22.1,4,12,10,3,4,0.76,1.38,0.9987499999999999
-2.6,2,16,10,3,4,1.39,0.31,1.0591666666666668
2.5,3,18,10,3,4,1.76,0.45,1.1125
7.1,5,21,10,3,4,1.73,1.99,1.0929166666666668
39.1,3,23,10,3,4,1.52,0.48,1.1033333333333333
-6.2,3,23,10,3,4,0.73,1.25,1.1179166666666667
-7.7,3,0,11,3,5,1.6,1.56,1.1295833333333334
-4.0,3,0,11,3,5,1.84,0.82,1.1245833333333333
26.7,4,0,11,3,5,0.7,0.27,1.1333333333333333
-4.1,1,0,11,3,5,0.48,1.04,1.1195833333333334
15.6,5,0,11,3,5,0.71,1.01,1.1029166666666665
13.5,5,0,11,3,5,0.61,0.89,1.1258333333333332
-5.3,5,0,11,3,5,1.44,0.91,1.0966666666666667
-3.7,1,1,11,3,5,0.21,0.73,1.1395833333333332
-5.3,4,4,11,3,5,1.76,1.17,1.1508333333333334
25.2,3,6,11,3,5,1.44,1.43,1.1645833333333333
7.9,5,7,11,3,5,1.76,1.12,1.1445833333333333
30.0,3,10,11,3,5,0.64,0.8,1.1733333333333333
0.9,5,10,11,3,5,1.49,0.97,1.1433333333333333
-4.1,5,10,11,3,5,0.25,1.25,1.1675
10.3,3,10,11,3,5,1.83,1.97,1.095
18.1,2,12,11,3,5,0.23,0.72,1.1233333333333333
23.1,4,14,11,3,5,1.4,0.68,1.1170833333333332
15.4,3,14,11,3,5,0.53,0.76,1.1345833333333333
28.5,3,15,11,3,5,1.18,1.39,1.1195833333333334
-6.2,5,16,11,3,5,1.03,1.76,1.06125
4.9,4,17,11,3,5,0.36,1.73,1.0279166666666666
-3.8,5,18,11,3,5,0.93,1.52,1.0316666666666665
19.8,2,20,11,3,5,1.61,0.73,1.0629166666666665
15.5,5,23,11,3,5,1.48,1.6,1.04
28.4,3,1,12,3,6,1.05,1.84,0.9787500000000001
26.3,2,2,12,3,6,0.37,0.7,0.9825
39.0,4,2,12,3,6,0.79,0.48,0.9987500000000001
37.4,2,3,12,3,6,0.87,0.71,0.98375
8.9,2,4,12,3,6,0.35,0.61,1.0295833333333333
2.4,2,5,12,3,6,1.71,1.44,0.98625
11.9,4,5,12,3,6,0.4,0.21,0.98625
8.0,1,5,12,3,6,0.21,1.76,0.9579166666666667
15.7,4,6,12,3,6,1.08,1.44,0.9633333333333334
6.2,3,7,12,3,6,1.57,1.76,0.9666666666666668
5.4,1,9,12,3,6,1.84,0.64,1.0195833333333335
-1.7,2,9,12,3,6,1.91,1.49,1.0104166666666667
23.9,3,9,12,3,6,1.27,0.25,1.0366666666666666
4.6,4,9,12,3,6,0.88,1.83,1.0025000000000002
-1.4,1,9,12,3,6,1.01,0.23,1.0091666666666665
29.4,3,11,12,3,6,0.39,1.4,1.0050000000000001
-9.5,5,12,12,3,6,1.3,0.53,1.05375
25.8,1,12,12,3,6,1.7,1.18,1.0733333333333335
-2.6,1,14,12,3,6,1.65,1.03,1.04625
21.3,4,15,12,3,6,0.38,0.36,1.1075000000000002
22.2,4,15,12,3,6,1.83,0.93,1.1254166666666667
-2.1,4,17,12,3,6,1.36,1.61,1.1329166666666668
39.6,2,18,12,3,6,1.79,1.48,1.0908333333333333
24.5,4,19,12,3,6,0.47,1.05,1.06375
-7.2,3,19,12,3,6,0.4,0.37,1.0729166666666667
29.8,4,21,12,3,6,0.59,0.79,1.07875
29.5,5,21,12,3,6,0.93,0.87,1.1070833333333334
36.1,5,22,12,3,6,1.55,0.35,1.1733333333333333
-7.3,5,22,12,3,6,1.94,1.71,1.1233333333333333
24.8,1,22,12,3,6,0.51,0.4,1.1695833333333334
22.0,3,23,12,3,6,1.51,0.21,1.2395833333333333
-9.5,4,23,12,3,6,1.89,1.08,1.2620833333333332
9.2,1,0,13,3,0,1.62,1.57,1.24
16.2,5,1,13,3,0,1.04,1.84,1.2358333333333333
0.7,4,1,13,3,0,1.74,1.91,1.1995833333333332
-7.3,3,2,13,3,0,1.04,1.27,1.1870833333333333
1.4,1,2,13,3,0,0.97,0.88,1.2004166666666667
15.1,1,4,13,3,0,1.2,1.01,1.2208333333333332
30.6,4,4,13,3,0,1.5,0.39,1.2304166666666667
-0.7,2,5,13,3,0,0.62,1.3,1.2520833333333334
34.8,3,6,13,3,0,1.82,1.7,1.2337500000000001
-1.3,2,6,13,3,0,1.26,1.65,1.2449999999999999
8.5,4,8,13,3,0,1.92,0.38,1.2433333333333334
19.9,2,8,13,3,0,0.34,1.83,1.2041666666666666
14.8,5,8,13,3,0,0.89,1.36,1.1870833333333333
11.2,5,8,13,3,0,0.95,1.79,1.1591666666666667
9.7,1,10,13,3,0,1.12,0.47,1.1987500000000002
31.7,2,10,13,3,0,1.42,0.4,1.21875
23.6,1,12,13,3,0,0.88,0.59,1.23
2.7,4,12,13,3,0,0.86,0.93,1.2674999999999998
31.1,2,13,13,3,0,1.83,1.55,1.2425
6.1,3,13,13,3,0,0.95,1.94,1.2395833333333333
17.3,2,15,13,3,0,1.87,0.51,1.28
23.0,5,15,13,3,0,1.48,1.51,1.2529166666666667
11.5,1,16,13,3,0,0.86,1.89,1.22
11.0,3,18,13,3,0,1.1,1.62,1.1795833333333332
0.2,4,18,13,3,0,0.65,1.04,1.1491666666666667
10.1,3,18,13,3,0,0.31,1.74,1.1579166666666667
5.5,5,19,13,3,0,1.95,1.04,1.1320833333333333
6.3,1,20,13,3,0,0.42,0.97,1.1175
-2.3,3,22,13,3,0,0.62,1.2,1.1291666666666667
37.7,3,22,13,3,0,1.48,1.5,1.0766666666666669
17.5,5,23,13,3,0,0.24,0.62,1.0979166666666667
24.7,1,23,13,3,0,1.13,1.82,1.0666666666666667
29.4,2,0,14,3,1,1.07,1.26,1.0304166666666668
6.6,4,0,14,3,1,0.39,1.92,1.0054166666666668
23.2,1,0,14,3,1,1.32,0.34,1.04625
-1.6,5,3,14,3,1,1.32,0.89,1.0595833333333333
14.5,3,5,14,3,1,1.21,0.95,1.0416666666666667
10.9,4,6,14,3,1,0.52,1.12,1.05875
34.7,5,8,14,3,1,1.53,1.42,1.0420833333333335
18.3,2,9,14,3,1,1.02,0.88,1.0783333333333334
-1.0,1,9,14,3,1,1.75,0.86,1.0775
-2.7,1,12,14,3,1,0.84,1.83,1.0629166666666667
20.3,5,14,14,3,1,1.48,0.95,1.0783333333333334
33.4,3,14,14,3,1,1.32,1.87,1.0708333333333335
12.2,4,15,14,3,1,1.69,1.48,1.0445833333333334
-0.9,2,15,14,3,1,0.85,0.86,1.0225000000000002
4.0,5,16,14,3,1,0.33,1.1,1.0595833333333333
27.2,3,17,14,3,1,1.99,0.65,1.1108333333333333
-2.5,3,18,14,3,1,1.88,0.31,1.1129166666666666
18.3,2,18,14,3,1,0.36,1.95,1.0591666666666666
35.6,3,20,14,3,1,0.66,0.42,1.07125
19.2,1,21,14,3,1,0.71,0.62,1.0633333333333332
-2.9,1,23,14,3,1,0.43,1.48,1.0458333333333334
27.7,3,1,15,3,2,1.06,0.24,1.0895833333333333
19.4,1,1,15,3,2,1.29,1.13,1.0570833333333332
19.9,2,1,15,3,2,0.35,1.07,1.0687499999999999
27.5,3,2,15,3,2,1.35,0.39,1.1104166666666666
9.9,1,2,15,3,2,1.39,1.32,1.0879166666666666
21.5,3,3,15,3,2,0.78,1.32,1.11375
-7.1,2,3,15,3,2,1.94,1.21,1.1333333333333333
18.9,3,4,15,3,2,1.68,0.52,1.1804166666666667
29.0,4,5,15,3,2,1.65,1.53,1.1870833333333333
18.5,3,7,15,3,2,1.69,1.02,1.2249999999999999
0.7,1,7,15,3,2,1.93,1.75,1.2120833333333334
29.8,3,8,15,3,2,1.44,0.84,1.2141666666666666
-3.9,2,9,15,3,2,0.89,1.48,1.2325
-8.8,5,9,15,3,2,1.92,1.32,1.2004166666666667
32.3,4,9,15,3,2,0.55,1.69,1.2116666666666667
8.3,2,9,15,3,2,1.96,0.85,1.2441666666666666
11.1,2,9,15,3,2,1.63,0.33,1.2883333333333333
-6.7,1,9,15,3,2,1.39,1.99,1.2249999999999999
18.1,5,10,15,3,2,0.47,1.88,1.2058333333333333
1.6,5,11,15,3,2,1.42,0.36,1.26625
-7.2,4,11,15,3,2,1.81,0.66,1.2504166666666667
28.8,1,11,15,3,2,0.28,0.71,1.2520833333333334
-9.3,2,12,15,3,2,0.75,0.43,1.3158333333333334
1.7,5,15,15,3,2,1.96,1.06,1.3225
15.0,1,15,15,3,2,1.22,1.29,1.3433333333333335
22.7,1,17,15,3,2,1.79,0.35,1.3562500000000002
-0.2,1,17,15,3,2,0.66,1.35,1.3145833333333334
-8.1,4,17,15,3,2,0.35,1.39,1.2966666666666666
34.0,2,18,15,3,2,0.96,0.78,1.3004166666666666
13.6,2,23,15,3,2,0.87,1.94,1.2408333333333335
33.9,3,0,16,3,3,0.51,1.68,1.18875
5.1,4,1,16,3,3,0.43,1.65,1.1933333333333331
36.2,1,2,16,3,3,1.76,1.69,1.1508333333333334
21.5,2,4,16,3,3,0.67,1.93,1.1466666666666667
4.9,1,5,16,3,3,1.83,1.44,1.1658333333333333
37.0,3,5,16,3,3,1.9,0.89,1.16
18.6,3,6,16,3,3,0.75,1.92,1.13375
25.6,5,6,16,3,3,1.29,0.55,1.1491666666666667
23.1,2,7,16,3,3,0.92,1.96,1.0983333333333334
13.0,2,7,16,3,3,0.74,1.63,1.0929166666666668
34.8,2,7,16,3,3,1.5,1.39,1.0733333333333335
32.2,4,8,16,3,3,0.92,0.47,1.0741666666666667
24.9,5,9,16,3,3,0.49,1.42,1.0808333333333333
31.9,5,10,16,3,3,1.58,1.81,1.0141666666666667
11.9,2,10,16,3,3,0.21,0.28,1.0545833333333332
39.5,5,11,16,3,3,1.25,0.75,1.0416666666666667
-7.1,4,12,16,3,3,0.44,1.96,1.01625
9.0,1,12,16,3,3,1.35,1.22,1.035
-3.0,1,14,16,3,3,1.67,1.79,1.0066666666666666
31.0,5,14,16,3,3,1.11,0.66,0.9987500000000001
25.7,5,14,16,3,3,0.47,0.35,1.0416666666666667
13.8,1,15,16,3,3,1.38,0.96,1.0254166666666666
10.6,5,16,16,3,3,0.57,0.87,1.02
18.0,3,16,16,3,3,0.74,0.51,1.0775
34.6,5,17,16,3,3,1.89,0.43,1.1279166666666667
14.2,4,17,16,3,3,1.64,1.76,1.1050000000000002
12.4,1,17,16,3,3,1.21,0.67,1.1175
26.3,5,18,16,3,3,0.97,1.83,1.115
-9.6,5,19,16,3,3,1.77,1.9,1.0799999999999998
8.4,4,19,16,3,3,1.06,0.75,1.1270833333333334
38.6,1,20,16,3,3,1.88,1.29,1.1404166666666666
25.3,4,20,16,3,3,1.61,0.92,1.1316666666666666
9.1,3,20,16,3,3,0.71,0.74,1.17375
11.9,5,20,16,3,3,1.75,1.5,1.1829166666666666
30.2,2,21,16,3,3,1.72,0.92,1.18
30.7,4,22,16,3,3,0.85,0.49,1.18625
-2.8,5,22,16,3,3,0.64,1.58,1.2016666666666664
11.6,5,23,16,3,3,1.95,0.21,1.2370833333333333
22.5,1,23,16,3,3,1.06,1.25,1.2120833333333334
15.5,3,0,17,3,4,0.65,0.44,1.2175
4.7,3,0,17,3,4,0.57,1.35,1.175
1.8,4,2,17,3,4,0.33,1.67,1.1508333333333334
19.8,4,3,17,3,4,1.09,1.11,1.1133333333333335
24.7,1,4,17,3,4,0.21,0.47,1.14375
37.6,3,6,17,3,4,1.2,1.38,1.1112499999999998
4.4,3,8,17,3,4,0.6,0.57,1.1670833333333333
29.2,2,8,17,3,4,1.91,0.74,1.1870833333333335
14.1,4,8,17,3,4,1.22,1.89,1.16625
17.3,2,10,17,3,4,1.39,1.64,1.17
25.2,1,13,17,3,4,1.73,1.21,1.1379166666666667
28.6,2,15,17,3,4,0.44,0.97,1.1270833333333334
-2.6,1,16,17,3,4,0.71,1.77,1.1175
4.5,1,17,17,3,4,1.54,1.06,1.1045833333333335
31.4,2,20,17,3,4,0.75,1.88,1.05
26.3,3,20,17,3,4,0.57,1.61,1.0333333333333332
4.5,2,22,17,3,4,1.21,0.71,1.0391666666666666
30.7,5,0,18,3,5,0.85,1.75,1.0325
4.4,3,2,18,3,5,1.59,1.72,1.00875
1.7,2,3,18,3,5,1.15,0.85,1.0170833333333333
37.6,4,3,18,3,5,1.05,0.64,1.0066666666666666
28.6,3,6,18,3,5,0.39,1.95,0.9825
27.0,3,6,18,3,5,1.37,1.06,1.0029166666666667
26.0,4,8,18,3,5,1.55,0.65,1.0583333333333333
25.0,5,9,18,3,5,1.98,0.57,1.0608333333333333
20.7,3,10,18,3,5,0.63,0.33,1.1141666666666665
-7.2,5,10,18,3,5,1.61,1.09,1.0995833333333331
1.6,3,12,18,3,5,0.74,0.21,1.1058333333333332
3.1,3,13,18,3,5,0.36,1.2,1.1341666666666665
15.0,2,13,18,3,5,1.88,0.6,1.1370833333333332
13.6,1,13,18,3,5,0.67,1.91,1.1158333333333335
12.1,1,14,18,3,5,1.4,1.22,1.0920833333333333
3.2,1,16,18,3,5,0.65,1.39,1.11
34.7,3,16,18,3,5,1.82,1.73,1.09375
23.2,5,17,18,3,5,1.34,0.44,1.1054166666666667
2.0,4,18,18,3,5,0.72,0.71,1.1266666666666667
-2.2,4,18,18,3,5,1.22,1.54,1.1183333333333334
29.1,5,19,18,3,5,1.34,0.75,1.1595833333333332
-9.9,2,20,18,3,5,1.74,0.57,1.2025
9.2,1,22,18,3,5,1.6,1.21,1.2120833333333334
11.2,2,23,18,3,5,1.44,0.85,1.2183333333333335
19.1,5,23,18,3,5,1.0,1.59,1.195
37.1,2,23,18,3,5,1.03,1.15,1.1941666666666668
25.0,5,23,18,3,5,1.13,1.05,1.2195833333333332
26.4,2,23,18,3,5,1.66,0.39,1.2125000000000001
7.3,2,0,19,3,6,0.22,1.37,1.2383333333333333
33.0,3,5,19,3,6,1.99,1.55,1.2525
37.0,3,6,19,3,6,1.89,1.98,1.22375
27.2,2,6,19,3,6,1.29,0.63,1.2725
30.6,3,8,19,3,6,1.8,1.61,1.2708333333333333
10.8,1,9,19,3,6,1.57,0.74,1.3220833333333333
35.5,5,9,19,3,6,1.97,0.36,1.37375
7.5,3,11,19,3,6,1.6,1.88,1.3404166666666668
22.5,4,11,19,3,6,1.08,0.67,1.3554166666666667
-2.7,4,11,19,3,6,1.03,1.4,1.3145833333333334
34.3,4,12,19,3,6,0.42,0.65,1.33
5.7,1,12,19,3,6,1.02,1.82,1.2858333333333334
0.6,2,14,19,3,6,0.76,1.34,1.25875
5.7,1,14,19,3,6,0.69,0.72,1.2808333333333335
7.4,1,16,19,3,6,1.25,1.22,1.27
27.7,4,16,19,3,6,0.96,1.34,1.29125
32.2,3,17,19,3,6,1.85,1.74,1.2658333333333334
17.9,1,18,19,3,6,1.13,1.6,1.2241666666666666
26.4,4,20,19,3,6,0.6,1.44,1.2429166666666667
-6.9,1,20,19,3,6,1.89,1.0,1.2279166666666665
4.2,3,23,19,3,6,0.64,1.03,1.2375
18.6,5,1,20,3,0,1.26,1.13,1.2583333333333335
-6.7,4,1,20,3,0,1.63,1.66,1.2604166666666667
-9.4,1,2,20,3,0,1.71,0.22,1.3320833333333333
12.2,1,2,20,3,0,1.94,1.99,1.2695833333333333
19.2,4,2,20,3,0,0.49,1.89,1.2116666666666667
14.0,4,3,20,3,0,0.5,1.29,1.2275
0.5,1,3,20,3,0,1.67,1.8,1.1612500000000001
23.9,3,5,20,3,0,0.21,1.57,1.14625
20.6,2,6,20,3,0,1.21,1.97,1.0895833333333333
33.2,3,7,20,3,0,0.61,1.6,1.0591666666666666
39.8,1,7,20,3,0,0.87,1.08,1.0325
16.3,3,9,20,3,0,0.44,1.03,1.0508333333333333
3.3,1,9,20,3,0,1.47,0.42,1.0791666666666666
37.7,5,11,20,3,0,1.1,1.02,1.0925
27.5,5,11,20,3,0,1.34,0.76,1.0795833333333333
-0.2,4,12,20,3,0,0.45,0.69,1.1170833333333332
32.2,1,12,20,3,0,1.59,1.25,1.0783333333333334
0.2,5,14,20,3,0,0.32,0.96,1.1179166666666667
16.2,3,14,20,3,0,1.91,1.85,1.0508333333333333
2.6,4,14,20,3,0,0.24,1.13,1.0866666666666667
9.5,5,15,20,3,0,1.99,0.6,1.0854166666666667
29.4,2,18,20,3,0,0.57,1.89,1.0504166666666668
21.3,3,19,20,3,0,1.05,0.64,1.07375
-8.6,4,20,20,3,0,1.2,1.26,1.0820833333333335
27.5,4,21,20,3,0,1.46,1.63,1.0229166666666665
3.1,3,21,20,3,0,0.21,1.71,1.0116666666666667
-2.5,4,21,20,3,0,1.44,1.94,0.9404166666666667
36.1,1,22,20,3,0,0.23,0.49,0.96125
29.9,5,23,20,3,0,0.99,0.5,0.9766666666666667
26.2,1,23,20,3,0,0.87,1.67,0.94
26.6,4,0,21,3,1,0.79,0.21,0.9987499999999999
-9.1,1,0,21,3,1,1.62,1.21,0.9770833333333334
1.3,1,0,21,3,1,0.69,0.61,0.9845833333333333
-6.0,5,4,21,3,1,0.79,0.87,0.9758333333333334
19.2,1,4,21,3,1,0.66,0.44,1.0050000000000001
33.0,1,5,21,3,1,1.14,1.47,0.9616666666666668
-5.2,5,5,21,3,1,0.43,1.1,0.9954166666666667
26.6,3,6,21,3,1,1.91,1.34,0.9508333333333333
0.5,4,7,21,3,1,0.27,0.45,1.0008333333333332
5.5,5,7,21,3,1,1.65,1.59,1.0125
-0.4,3,7,21,3,1,1.87,0.32,1.0425
14.4,5,8,21,3,1,1.04,1.91,1.0262499999999999
23.6,1,8,21,3,1,1.52,0.24,1.0362500000000001
26.8,1,9,21,3,1,0.48,1.99,0.9941666666666666
1.8,1,11,21,3,1,0.98,0.57,1.0195833333333333
2.2,2,11,21,3,1,1.18,1.05,1.0358333333333334
2.6,3,13,21,3,1,1.44,1.2,1.0654166666666667
11.2,1,15,21,3,1,1.91,1.46,1.01875
30.5,4,16,21,3,1,0.34,0.21,1.0679166666666668
25.2,4,17,21,3,1,1.39,1.44,1.01625
10.1,5,17,21,3,1,0.2,0.23,1.025
-7.3,4,17,21,3,1,0.44,0.99,1.00125
22.2,3,18,21,3,1,0.42,0.87,0.9895833333333334
33.9,1,18,21,3,1,0.59,0.79,1.0250000000000001
9.6,5,19,21,3,1,1.64,1.62,1.0404166666666665
36.9,4,20,21,3,1,1.99,0.69,1.0487499999999998
-6.3,2,0,22,3,2,0.89,0.79,1.0783333333333334
23.4,4,2,22,3,2,1.5,0.66,1.0904166666666666
23.7,5,3,22,3,2,0.95,1.14,1.0712499999999998
12.7,4,3,22,3,2,0.68,0.43,1.0883333333333332
15.9,5,4,22,3,2,0.84,1.91,1.03875
20.0,4,4,22,3,2,0.72,0.27,1.0441666666666667
13.2,1,4,22,3,2,0.4,1.65,1.03125
38.0,5,9,22,3,2,1.34,1.87,0.9674999999999999
27.4,4,10,22,3,2,0.34,1.04,0.9366666666666666
11.1,5,10,22,3,2,0.3,1.52,0.9520833333333334
8.4,5,11,22,3,2,1.89,0.48,0.9916666666666667
37.9,4,11,22,3,2,1.43,0.98,1.02875
-0.9,1,11,22,3,2,1.87,1.18,1.0329166666666667
-8.3,1,12,22,3,2,1.28,1.44,0.9974999999999999
38.1,5,14,22,3,2,0.59,1.91,0.9962499999999999
7.1,1,17,22,3,2,1.88,0.34,1.015
7.5,3,17,22,3,2,0.79,1.39,0.9774999999999999
2.3,3,18,22,3,2,0.49,0.2,1.0345833333333332
31.5,3,19,22,3,2,1.57,0.44,1.075
13.3,5,21,22,3,2,1.41,0.42,1.1379166666666667
3.5,4,21,22,3,2,1.93,0.59,1.195
32.4,4,23,22,3,2,1.96,1.64,1.2016666666666667
35.4,2,23,22,3,2,1.8,1.99,1.1541666666666666
6.6,5,0,23,3,3,0.85,0.89,1.14
37.3,3,1,23,3,3,0.55,1.5,1.14625
-9.4,5,1,23,3,3,1.65,0.95,1.1216666666666668
11.2,5,2,23,3,3,0.36,0.68,1.1079166666666667
32.6,3,2,23,3,3,0.35,0.84,1.1158333333333335
-6.5,2,3,23,3,3,1.03,0.72,1.16875
11.2,4,4,23,3,3,1.99,0.4,1.1783333333333335
-4.7,3,5,23,3,3,0.63,1.34,1.1779166666666667
-6.1,5,5,23,3,3,1.33,0.34,1.23625
3.3,4,6,23,3,3,1.74,0.3,1.2725
24.7,1,6,23,3,3,1.17,1.89,1.2483333333333333
32.6,1,7,23,3,3,1.31,1.43,1.2391666666666665
21.8,4,7,23,3,3,1.21,1.87,1.1741666666666666
15.1,1,8,23,3,3,0.31,1.28,1.2016666666666667
33.3,1,9,23,3,3,1.94,0.59,1.2033333333333334
2.3,2,9,23,3,3,0.63,1.88,1.1570833333333335
26.0,5,10,23,3,3,0.77,0.79,1.1958333333333333
-6.3,1,11,23,3,3,1.72,0.49,1.2325000000000002
39.7,5,12,23,3,3,1.37,1.57,1.2095833333333335
37.0,5,14,23,3,3,1.02,1.41,1.2175
-5.6,1,14,23,3,3,1.6,1.93,1.1929166666666666
16.4,5,16,23,3,3,1.34,1.96,1.1691666666666667
22.1,1,16,23,3,3,1.39,1.8,1.1191666666666666
20.3,5,22,23,3,3,0.6,0.85,1.1433333333333333
4.2,4,22,23,3,3,1.43,0.55,1.1695833333333334
4.1,5,22,23,3,3,1.18,1.65,1.1325
-1.8,1,23,23,3,3,0.76,0.36,1.1908333333333332
3.7,3,23,23,3,3,1.76,0.35,1.2325000000000002
26.8,5,0,24,3,4,1.35,1.03,1.2083333333333333
-9.0,3,0,24,3,4,0.45,1.99,1.1725
27.7,1,1,24,3,4,1.13,0.63,1.2291666666666667
16.2,1,1,24,3,4,1.99,1.33,1.2137499999999999
-5.8,3,2,24,3,4,0.96,1.74,1.1845833333333333
22.8,4,2,24,3,4,1.04,1.17,1.1966666666666665
-4.2,4,2,24,3,4,1.46,1.31,1.2179166666666668
-4.8,1,3,24,3,4,1.82,1.21,1.21125
32.4,5,4,24,3,4,1.05,0.31,1.26875
35.8,5,6,24,3,4,1.69,1.94,1.2658333333333334
20.3,4,6,24,3,4,1.87,0.63,1.31
38.5,4,7,24,3,4,1.69,0.77,1.2995833333333333
23.9,3,7,24,3,4,0.52,1.72,1.2633333333333334
22.2,5,8,24,3,4,0.85,1.37,1.2166666666666666
32.6,2,10,24,3,4,0.25,1.02,1.2470833333333333
-8.4,5,12,24,3,4,1.75,1.6,1.2320833333333334
24.8,1,13,24,3,4,1.24,1.34,1.2304166666666667
14.4,4,18,24,3,4,1.3,1.39,1.2520833333333334
34.0,1,19,24,3,4,1.91,0.6,1.305
37.0,4,20,24,3,4,1.87,1.43,1.2858333333333334
23.1,2,21,24,3,4,0.97,1.18,1.30125
35.4,5,2,25,3,5,1.55,0.76,1.3045833333333332
37.7,2,3,25,3,5,0.84,1.76,1.2708333333333333
31.9,3,4,25,3,5,0.95,1.35,1.2970833333333334
-0.5,1,4,25,3,5,1.98,0.45,1.2904166666666665
9.3,4,4,25,3,5,0.29,1.13,1.2879166666666666
35.0,3,6,25,3,5,1.07,1.99,1.2720833333333332
-2.2,1,7,25,3,5,1.61,0.96,1.2654166666666666
15.4,3,11,25,3,5,0.8,1.04,1.2829166666666667
21.4,3,11,25,3,5,1.46,1.46,1.24625
19.7,4,12,25,3,5,0.58,1.82,1.2233333333333334
-3.2,2,12,25,3,5,1.27,1.05,1.1904166666666667
26.4,5,12,25,3,5,0.26,1.69,1.1395833333333332
21.3,1,13,25,3,5,0.47,1.87,1.11125
-7.5,2,13,25,3,5,1.19,1.69,1.0833333333333333
-9.1,4,13,25,3,5,1.02,0.52,1.0716666666666665
-8.9,5,15,25,3,5,0.24,0.85,1.1120833333333333
16.3,4,15,25,3,5,1.82,0.25,1.1725
-2.7,5,16,25,3,5,1.7,1.75,1.1112499999999998
29.6,2,17,25,3,5,0.28,1.24,1.0875000000000001
24.5,4,18,25,3,5,0.67,1.3,1.0658333333333332
11.5,4,20,25,3,5,0.78,1.91,1.0204166666666665
26.0,3,20,25,3,5,0.82,1.87,1.0195833333333333
24.0,4,20,25,3,5,1.85,0.97,1.0608333333333333
25.3,2,20,25,3,5,1.96,1.55,1.0695833333333333
14.4,1,21,25,3,5,1.76,0.84,1.1175
4.4,5,21,25,3,5,1.99,0.95,1.0991666666666666
38.4,2,22,25,3,5,0.51,1.98,1.09375
33.9,4,22,25,3,5,1.85,0.29,1.0966666666666667
-8.3,2,0,26,3,6,0.36,1.07,1.0775
-2.6,5,1,26,3,6,0.61,1.61,1.0604166666666666
-5.8,5,1,26,3,6,1.2,0.8,1.08625
-9.0,3,1,26,3,6,1.42,1.46,1.0441666666666667
20.5,4,3,26,3,6,0.45,0.58,1.0758333333333334
-8.3,3,6,26,3,6,1.34,1.27,1.0829166666666667
6.3,4,7,26,3,6,1.44,0.26,1.155
34.9,3,8,26,3,6,1.99,0.47,1.1891666666666667
30.7,5,9,26,3,6,1.29,1.19,1.1916666666666667
35.8,4,12,26,3,6,1.25,1.02,1.2283333333333333
13.3,2,13,26,3,6,1.9,0.24,1.2891666666666668
13.6,5,13,26,3,6,1.7,1.82,1.2725000000000002
9.1,5,14,26,3,6,1.42,1.7,1.2141666666666666
-3.0,5,14,26,3,6,0.3,0.28,1.2129166666666666
29.0,1,15,26,3,6,0.25,0.67,1.2466666666666666
-3.1,4,16,26,3,6,1.48,0.78,1.2866666666666668
1.2,5,16,26,3,6,1.74,0.82,1.27
38.7,1,17,26,3,6,0.42,1.85,1.22
-3.9,2,17,26,3,6,0.65,1.96,1.1908333333333332
16.3,2,17,26,3,6,1.26,1.76,1.1387500000000002
26.7,3,17,26,3,6,0.51,1.99,1.1183333333333334
-5.5,3,18,26,3,6,1.5,0.51,1.1283333333333334
18.8,1,22,26,3,6,0.75,1.85,1.0675000000000001
34.3,4,22,26,3,6,0.39,0.36,1.11625
36.3,2,23,26,3,6,1.53,0.61,1.1291666666666667
28.9,3,3,27,3,0,0.92,1.2,1.1129166666666668
-3.0,5,3,27,3,0,0.81,1.42,1.1195833333333334
4.4,1,3,27,3,0,1.58,0.45,1.1470833333333335
-2.2,3,4,27,3,0,1.11,1.34,1.1141666666666667
31.3,5,5,27,3,0,0.55,1.44,1.1241666666666668
-6.4,4,6,27,3,0,1.68,1.99,1.1125
30.8,4,7,27,3,0,1.71,1.29,1.0991666666666666
30.2,4,7,27,3,0,0.97,1.25,1.1258333333333335
4.1,3,8,27,3,0,1.89,1.9,1.1254166666666665
-6.2,1,9,27,3,0,1.89,1.7,1.0729166666666667
28.4,3,9,27,3,0,0.44,1.42,1.0333333333333332
16.3,5,9,27,3,0,0.47,0.3,1.03125
14.3,2,10,27,3,0,0.25,0.25,1.0883333333333334
9.3,4,10,27,3,0,1.62,1.48,1.0420833333333335
32.4,3,11,27,3,0,0.37,1.74,1.03875
-1.5,5,12,27,3,0,1.66,0.42,1.0920833333333333
27.2,1,13,27,3,0,1.7,0.65,1.0824999999999998
21.0,4,14,27,3,0,0.42,1.26,1.1066666666666667
25.2,4,15,27,3,0,1.84,0.51,1.1241666666666668
32.0,2,17,27,3,0,0.93,1.5,1.13625
-4.1,3,17,27,3,0,1.79,0.75,1.1754166666666668
4.8,5,20,27,3,0,1.69,0.39,1.2008333333333334
4.8,3,21,27,3,0,1.0,1.53,1.1916666666666667
24.6,3,21,27,3,0,1.31,0.92,1.19
32.6,4,22,27,3,0,0.88,0.81,1.22
26.6,5,23,27,3,0,1.53,1.58,1.20875
29.8,4,1,28,3,1,1.31,1.11,1.1966666666666665
4.1,5,3,28,3,1,0.82,0.55,1.2491666666666665
10.7,3,3,28,3,1,1.81,1.68,1.2
20.9,2,4,28,3,1,0.5,1.71,1.1441666666666668
26.5,1,4,28,3,1,0.37,0.97,1.12375
-5.2,1,7,28,3,1,0.48,1.89,1.1179166666666667
-4.2,1,7,28,3,1,1.75,1.89,1.0883333333333334
2.7,1,8,28,3,1,1.18,0.44,1.1329166666666668
1.4,1,10,28,3,1,1.51,0.47,1.1758333333333335
15.8,1,11,28,3,1,1.5,0.25,1.1958333333333335
1.9,1,11,28,3,1,0.73,1.62,1.18375
31.2,3,11,28,3,1,1.33,0.37,1.1916666666666667
0.3,4,12,28,3,1,0.56,1.66,1.13875
36.4,1,13,28,3,1,0.39,1.7,1.1408333333333334
-6.9,5,15,28,3,1,1.75,0.42,1.1695833333333334
13.1,3,15,28,3,1,1.11,1.84,1.1645833333333335
15.0,3,16,28,3,1,1.72,0.93,1.1691666666666667
-3.3,4,17,28,3,1,1.04,1.79,1.17625
7.2,5,18,28,3,1,1.96,1.69,1.1241666666666668
4.6,4,19,28,3,1,0.44,1.0,1.1562500000000002
-3.9,5,19,28,3,1,1.77,1.31,1.1391666666666667
26.5,2,20,28,3,1,0.9,0.88,1.1541666666666668
20.4,3,20,28,3,1,1.24,1.53,1.1483333333333332
39.1,3,22,28,3,1,1.39,1.31,1.1254166666666667
12.2,5,22,28,3,1,0.76,0.82,1.1254166666666667
35.8,4,23,28,3,1,0.82,1.81,1.0683333333333334
22.5,4,23,28,3,1,0.44,0.5,1.1045833333333335
0.1,3,0,29,3,2,1.37,0.37,1.1466666666666667
1.3,3,0,29,3,2,1.38,0.48,1.1970833333333333
20.3,3,0,29,3,2,1.69,1.75,1.1995833333333332
18.5,1,1,29,3,2,1.81,1.18,1.1816666666666666
38.0,5,2,29,3,2,0.75,1.51,1.16875
12.6,3,3,29,3,2,1.2,1.5,1.1608333333333334
11.1,1,5,29,3,2,1.31,0.73,1.18125
12.3,1,6,29,3,2,1.22,1.33,1.1508333333333334
24.2,2,9,29,3,2,0.6,0.56,1.2045833333333336
18.1,4,11,29,3,2,1.85,0.39,1.2620833333333334
-9.8,2,12,29,3,2,1.77,1.75,1.235
32.7,1,12,29,3,2,1.1,1.11,1.2141666666666666
7.8,2,12,29,3,2,0.61,1.72,1.2020833333333334
-3.4,2,12,29,3,2,1.43,1.04,1.2154166666666668
-7.6,1,15,29,3,2,1.36,1.96,1.1641666666666668
34.8,1,16,29,3,2,0.73,0.44,1.1916666666666667
30.0,2,18,29,3,2,1.1,1.77,1.1983333333333333
6.4,5,19,29,3,2,1.93,0.9,1.1854166666666666
19.1,5,19,29,3,2,0.59,1.24,1.1529166666666668
10.6,1,20,29,3,2,0.46,1.39,1.10375
34.1,4,21,29,3,2,0.21,0.76,1.0916666666666666
1.1,2,22,29,3,2,0.47,0.82,1.1058333333333332
13.8,4,23,29,3,2,1.16,0.44,1.165
-4.2,3,23,29,3,2,1.86,1.37,1.1879166666666667
35.1,5,23,29,3,2,1.92,1.38,1.1616666666666668
29.7,4,23,29,3,2,0.75,1.69,1.14375
32.5,5,23,29,3,2,1.26,1.81,1.1500000000000001
-1.3,5,1,30,3,3,1.96,0.75,1.1554166666666668
29.6,2,1,30,3,3,0.88,1.2,1.14125
-4.7,5,2,30,3,3,0.86,1.31,1.1320833333333333
8.3,5,3,30,3,3,1.09,1.22,1.1204166666666666
6.7,1,4,30,3,3,0.94,0.6,1.1570833333333332
3.4,3,4,30,3,3,1.48,1.85,1.1120833333333333
-3.3,1,5,30,3,3,0.77,1.77,1.0820833333333333
-9.7,3,5,30,3,3,1.05,1.1,1.0650000000000002
30.3,4,7,30,3,3,0.69,0.61,1.08625
7.3,5,9,30,3,3,1.12,1.43,1.0591666666666668
-7.8,3,13,30,3,3,0.78,1.36,1.0208333333333333
9.5,1,13,30,3,3,0.44,0.73,1.0316666666666665
-1.6,3,13,30,3,3,0.99,1.1,1.0033333333333334
12.5,1,14,30,3,3,0.42,1.93,0.9754166666666667
17.7,1,14,30,3,3,1.26,0.59,0.9779166666666668
29.0,5,15,30,3,3,0.65,0.46,1.0195833333333333
29.8,5,16,30,3,3,1.46,0.21,1.0345833333333332
-6.7,2,17,30,3,3,0.57,0.47,1.0891666666666666
16.3,1,19,30,3,3,1.78,1.16,1.0762500000000002
-6.4,5,19,30,3,3,0.85,1.86,1.0258333333333334
-8.6,1,19,30,3,3,0.65,1.92,1.0220833333333335
1.8,2,19,30,3,3,1.83,0.75,1.0045833333333334
23.1,2,22,30,3,3,0.33,1.26,0.9995833333333334
14.4,1,0,31,3,4,1.14,1.96,0.9400000000000001
14.5,4,0,31,3,4,0.53,0.88,0.97625
9.6,3,1,31,3,4,1.75,0.86,0.9920833333333334
28.8,5,1,31,3,4,1.24,1.09,0.9783333333333332
21.6,4,2,31,3,4,0.76,0.94,0.94875
-7.5,1,2,31,3,4,0.23,1.48,0.9229166666666667
10.9,5,3,31,3,4,0.86,0.77,0.9670833333333334
8.7,4,6,31,3,4,1.83,1.05,0.9674999999999999
0.1,3,8,31,3,4,1.06,0.69,1.0079166666666666
-0.6,1,9,31,3,4,1.66,1.12,1.0354166666666667
21.1,3,10,31,3,4,1.78,0.78,1.08125
39.3,3,11,31,3,4,1.88,0.44,1.0779166666666666
8.0,2,12,31,3,4,0.36,0.99,1.1120833333333333
28.9,5,14,31,3,4,1.81,0.42,1.1229166666666666
29.5,3,14,31,3,4,0.68,1.26,1.1304166666666668
-6.2,2,16,31,3,4,1.44,0.65,1.1608333333333334
37.8,2,18,31,3,4,1.38,1.46,1.1766666666666667
15.1,5,18,31,3,4,1.84,0.57,1.16625
2.2,5,18,31,3,4,0.32,1.78,1.1683333333333332
-3.1,5,18,31,3,4,1.83,0.85,1.1475
-6.6,3,19,31,3,4,0.35,0.65,1.165
6.7,4,19,31,3,4,1.07,1.83,1.0991666666666668
38.3,2,20,31,3,4,0.25,0.33,1.15375
37.5,5,21,31,3,4,1.64,1.14,1.1758333333333333
39.4,1,21,31,3,4,1.67,0.53,1.1837499999999999
26.5,2,22,31,3,4,0.72,1.75,1.1716666666666666
12.5,3,23,31,3,4,1.46,1.24,1.1920833333333334
5.7,5,2,1,4,5,1.73,0.76,1.1825
-1.5,4,4,1,4,5,0.53,0.23,1.2145833333333333
-2.3,5,4,1,4,5,1.0,0.86,1.2425
37.6,3,5,1,4,5,1.53,1.83,1.2016666666666667
12.3,4,6,1,4,5,0.85,1.06,1.23375
22.7,3,6,1,4,5,1.83,1.66,1.2441666666666666
20.3,5,6,1,4,5,1.91,1.78,1.1891666666666667
-8.9,1,6,1,4,5,0.46,1.88,1.1925000000000001
25.0,5,7,1,4,5,1.96,0.36,1.21625
32.2,5,8,1,4,5,0.93,1.81,1.2216666666666667
11.5,2,9,1,4,5,1.94,0.68,1.2716666666666667
27.6,3,9,1,4,5,1.88,1.44,1.2533333333333332
32.6,1,9,1,4,5,1.0,1.38,1.2725
-4.8,1,12,1,4,5,1.84,1.84,1.20875
35.3,4,13,1,4,5,0.31,0.32,1.2554166666666666
8.1,4,14,1,4,5,1.44,1.83,1.2575
38.9,4,15,1,4,5,1.88,0.35,1.2820833333333332
0.2,1,16,1,4,5,0.94,1.07,1.2970833333333334
16.4,4,17,1,4,5,1.43,0.25,1.3541666666666667
29.5,3,17,1,4,5,1.62,1.64,1.3012499999999998
9.0,4,18,1,4,5,0.37,1.67,1.2608333333333335
24.7,5,22,1,4,5,0.7,0.72,1.2975
33.4,3,22,1,4,5,1.6,1.46,1.2741666666666667
7.6,5,22,1,4,5,0.9,1.73,1.2716666666666667
37.1,5,23,1,4,5,1.67,0.53,1.2874999999999999
-1.2,1,0,2,4,6,0.91,1.0,1.3241666666666665
31.6,3,0,2,4,6,1.88,1.53,1.3379166666666666
11.5,3,0,2,4,6,1.86,0.85,1.3462500000000002
28.9,3,1,2,4,6,1.05,1.83,1.3158333333333334
13.8,2,1,2,4,6,1.1,1.91,1.3037500000000002
38.9,2,1,2,4,6,1.62,0.46,1.3079166666666666
8.8,4,2,2,4,6,0.56,1.96,1.2641666666666667
0.6,5,5,2,4,6,0.91,0.93,1.28375
7.2,5,6,2,4,6,1.4,1.94,1.2279166666666665
-9.2,2,6,2,4,6,0.6,1.88,1.2208333333333334
13.1,1,8,2,4,6,1.71,1.0,1.2016666666666667
-5.1,2,8,2,4,6,0.54,1.84,1.2025
33.5,5,10,2,4,6,1.86,0.31,1.21125
12.2,4,10,2,4,6,0.52,1.44,1.2283333333333333
16.2,5,12,2,4,6,1.85,1.88,1.2237500000000001
5.9,2,12,2,4,6,1.77,0.94,1.25375
20.0,3,12,2,4,6,1.66,1.43,1.2220833333333334
12.2,4,12,2,4,6,0.67,1.62,1.1937499999999999
35.7,3,13,2,4,6,0.94,0.37,1.1920833333333334
20.9,5,16,2,4,6,0.33,0.7,1.2266666666666666
20.0,1,16,2,4,6,1.53,1.6,1.2008333333333334
25.0,1,19,2,4,6,0.98,0.9,1.2283333333333333
-9.9,1,20,2,4,6,1.56,1.67,1.2241666666666668
32.6,1,21,2,4,6,1.57,0.91,1.2637500000000002
4.4,2,21,2,4,6,1.86,1.88,1.2575
-3.6,5,22,2,4,6,1.73,1.86,1.2629166666666667
-6.3,2,23,2,4,6,1.99,1.05,1.2908333333333333
-2.0,3,0,3,4,0,1.72,1.1,1.29375
-7.2,4,1,3,4,0,1.17,1.62,1.2474999999999998
31.2,4,1,3,4,0,0.51,0.56,1.2466666666666668
8.6,5,1,3,4,0,0.54,0.91,1.2379166666666668
23.7,2,1,3,4,0,0.7,1.4,1.2
32.1,1,1,3,4,0,0.49,0.6,1.2566666666666666
-8.6,3,3,3,4,0,1.96,1.71,1.2254166666666666
31.7,1,3,3,4,0,0.96,0.54,1.22625
-3.3,2,3,3,4,0,0.56,1.86,1.2258333333333333
32.4,4,4,3,4,0,1.85,0.52,1.2845833333333334
23.4,1,4,3,4,0,1.93,1.85,1.2866666666666666
-3.7,4,4,3,4,0,1.9,1.77,1.2729166666666667
17.6,1,5,3,4,0,1.44,1.66,1.2379166666666668
32.0,5,5,3,4,0,0.82,0.67,1.2845833333333332
18.9,1,5,3,4,0,1.79,0.94,1.2633333333333334
33.0,3,7,3,4,0,0.43,0.33,1.2683333333333333
28.6,3,7,3,4,0,0.45,1.53,1.2183333333333335
9.4,4,8,3,4,0,0.33,0.98,1.2083333333333333
11.4,2,8,3,4,0,0.74,1.56,1.1579166666666667
24.4,1,10,3,4,0,0.35,1.57,1.1145833333333333
18.6,2,12,3,4,0,0.53,1.86,1.0691666666666666
7.4,1,13,3,4,0,0.77,1.73,1.0291666666666666
27.9,2,15,3,4,0,0.77,1.99,1.0029166666666667
18.0,5,16,3,4,0,1.36,1.72,0.9408333333333334
15.8,1,16,3,4,0,0.23,1.17,0.9491666666666667
38.1,3,17,3,4,0,1.37,0.51,0.9483333333333334
10.4,2,19,3,4,0,0.49,0.54,0.9866666666666667
-6.6,3,19,3,4,0,1.46,0.7,1.0129166666666667
-8.3,2,21,3,4,0,1.33,0.49,1.0295833333333333
13.8,2,21,3,4,0,0.89,1.96,0.99625
11.3,3,21,3,4,0,1.16,0.96,1.0033333333333332
11.1,3,22,3,4,0,1.13,0.56,1.01875
22.7,5,23,3,4,0,0.93,1.85,1.0179166666666666
27.2,5,0,4,4,1,1.83,1.93,0.9845833333333333
20.7,3,0,4,4,1,1.13,1.9,0.9170833333333334
16.7,2,1,4,4,1,0.28,1.44,0.9229166666666666
0.5,2,1,4,4,1,1.58,0.82,0.9295833333333333
35.0,3,2,4,4,1,0.98,1.79,0.8725
26.6,3,3,4,4,1,0.42,0.43,0.9079166666666666
33.7,4,4,4,4,1,1.28,0.45,0.9020833333333335
5.4,4,4,4,4,1,0.31,0.33,0.9575
28.4,5,6,4,4,1,1.66,0.74,0.9958333333333335
20.2,1,6,4,4,1,1.66,0.35,1.0595833333333333
0.6,5,6,4,4,1,1.88,0.53,1.1145833333333333
34.7,5,7,4,4,1,1.85,0.77,1.1545833333333333
24.0,3,7,4,4,1,1.73,0.77,1.16625
6.3,5,8,4,4,1,1.05,1.36,1.1483333333333332
10.1,5,10,4,4,1,0.93,0.23,1.1970833333333333
10.6,4,11,4,4,1,1.4,1.37,1.1849999999999998
24.7,4,12,4,4,1,1.08,0.49,1.1937499999999999
3.8,2,14,4,4,1,0.7,1.46,1.14125
2.1,1,15,4,4,1,0.2,1.33,1.1491666666666667
34.8,2,15,4,4,1,1.52,0.89,1.1675
11.3,1,17,4,4,1,1.33,1.16,1.1604166666666667
33.0,3,17,4,4,1,0.99,1.13,1.1916666666666667
39.5,3,17,4,4,1,1.88,0.93,1.2325000000000002
23.8,4,17,4,4,1,1.91,1.83,1.2008333333333334
10.9,1,19,4,4,1,1.07,1.13,1.2104166666666667
37.6,5,19,4,4,1,1.36,0.28,1.2429166666666667
15.9,1,20,4,4,1,1.06,1.58,1.2554166666666668
-3.0,5,20,4,4,1,1.88,0.98,1.2445833333333334
26.2,1,21,4,4,1,0.72,0.42,1.2825
3.5,5,22,4,4,1,1.33,1.28,1.3125
35.2,1,22,4,4,1,2.0,0.31,1.3125
34.8,4,22,4,4,1,0.31,1.66,1.3045833333333332
3.9,5,23,4,4,1,1.47,1.66,1.2570833333333333
34.6,3,0,5,4,2,0.52,1.88,1.1925000000000001
9.1,2,0,5,4,2,0.33,1.85,1.1279166666666667
35.7,2,1,5,4,2,0.3,1.73,1.105
34.8,4,2,5,4,2,1.18,1.05,1.0908333333333333
6.6,4,4,5,4,2,0.71,0.93,1.1104166666666666
1.0,3,4,5,4,2,1.4,1.4,1.0995833333333331
36.8,2,5,5,4,2,1.14,1.08,1.1300000000000001
30.0,5,5,5,4,2,1.81,0.7,1.11
22.9,5,7,5,4,2,0.22,0.2,1.1170833333333332
35.1,3,8,5,4,2,0.37,1.52,1.105
13.6,5,8,5,4,2,1.23,1.33,1.1033333333333333
10.9,2,8,5,4,2,1.29,0.99,1.095
23.2,4,11,5,4,2,0.79,1.88,1.0504166666666668
6.7,5,13,5,4,2,0.81,1.91,0.9970833333333333
23.4,5,14,5,4,2,0.63,1.07,0.9754166666666667
27.5,1,14,5,4,2,0.55,1.36,0.9516666666666667
24.8,4,15,5,4,2,0.79,1.06,0.96625
8.4,4,15,5,4,2,1.41,1.88,0.91
21.7,4,15,5,4,2,0.53,0.72,0.8983333333333333
-3.8,3,16,5,4,2,0.44,1.33,0.9058333333333334
12.7,1,16,5,4,2,1.51,2.0,0.8779166666666667
21.3,1,17,5,4,2,1.33,0.31,0.8745833333333333
20.4,1,17,5,4,2,0.23,1.47,0.8583333333333334
28.9,3,17,5,4,2,1.08,0.52,0.9054166666666666
-10.0,5,18,5,4,2,1.65,0.33,0.9258333333333333
20.1,3,19,5,4,2,0.82,0.3,0.9458333333333333
16.1,5,22,5,4,2,0.78,1.18,0.9483333333333334
-7.9,3,22,5,4,2,1.24,0.71,0.9558333333333334
20.7,2,23,5,4,2,0.89,1.4,0.9504166666666666
36.2,3,1,6,4,3,1.27,1.14,0.9316666666666666
18.6,1,1,6,4,3,0.69,1.81,0.8754166666666666
5.8,1,2,6,4,3,0.46,0.22,0.9387500000000001
12.8,2,2,6,4,3,1.74,0.37,0.96875
7.6,5,3,6,4,3,1.09,1.23,0.9308333333333333
37.7,4,3,6,4,3,0.32,1.29,0.9587499999999999
38.9,1,3,6,4,3,1.96,0.79,0.96875
-5.4,4,3,6,4,3,1.03,0.81,1.0170833333333331
9.7,5,6,6,4,3,1.97,0.63,1.0029166666666667
-0.3,2,7,6,4,3,0.29,0.55,1.0020833333333332
6.5,1,7,6,4,3,0.53,0.79,1.0045833333333334
-2.9,1,8,6,4,3,0.85,1.41,1.0179166666666666
0.6,2,9,6,4,3,1.73,0.53,1.0366666666666668
8.2,5,9,6,4,3,0.98,0.44,1.0516666666666667
37.3,4,9,6,4,3,0.8,1.51,1.0016666666666667
32.1,3,10,6,4,3,0.31,1.33,1.0050000000000001
3.4,4,16,6,4,3,1.41,0.23,1.0170833333333333
-3.4,2,17,6,4,3,0.52,1.08,0.9833333333333333
21.4,1,18,6,4,3,0.27,1.65,0.9270833333333334
31.9,4,18,6,4,3,0.3,0.82,0.9325
36.0,1,18,6,4,3,0.95,0.78,0.9591666666666668
2.6,4,18,6,4,3,1.42,1.24,0.9595833333333333
15.8,5,19,6,4,3,1.25,0.89,0.9733333333333333
-9.5,2,22,6,4,3,1.22,1.27,1.0016666666666667
-5.4,2,2,7,4,4,1.95,0.69,1.0537500000000002
-2.9,1,2,7,4,4,1.94,0.46,1.0479166666666668
31.9,5,3,7,4,4,0.32,1.74,1.0104166666666667
1.7,4,4,7,4,4,0.84,1.09,1.02125
39.1,1,6,7,4,4,1.35,0.32,1.0370833333333334
11.7,4,6,7,4,4,0.7,1.96,1.0254166666666669
-2.7,1,7,7,4,4,1.68,1.03,1.0275
19.6,1,7,7,4,4,1.08,1.97,0.9862500000000001
19.9,5,8,7,4,4,0.98,0.29,0.9987499999999999
34.8,1,9,7,4,4,0.59,0.53,1.0570833333333334
19.3,3,9,7,4,4,1.93,0.85,1.0854166666666667
-1.5,3,10,7,4,4,1.53,1.73,1.06375
22.2,1,10,7,4,4,1.21,0.98,1.0929166666666665
23.2,1,11,7,4,4,1.68,0.8,1.1066666666666667
-4.4,2,13,7,4,4,1.13,0.31,1.1245833333333333
25.0,3,13,7,4,4,0.74,1.41,1.10625
27.1,4,14,7,4,4,0.97,0.52,1.1054166666666667
-5.7,1,15,7,4,4,0.5,0.27,1.1541666666666666
15.6,1,15,7,4,4,1.44,0.3,1.1508333333333332
8.7,3,16,7,4,4,0.22,0.95,1.1441666666666668
14.8,4,17,7,4,4,0.79,1.42,1.1270833333333332
36.8,1,17,7,4,4,1.01,1.25,1.1454166666666665
1.5,5,17,7,4,4,1.69,1.22,1.1516666666666666
-2.9,2,18,7,4,4,1.37,1.95,1.1325
-6.5,3,19,7,4,4,1.49,1.94,1.1133333333333333
-4.7,2,19,7,4,4,1.48,0.32,1.1512499999999999
-8.2,5,22,7,4,4,1.23,0.84,1.1683333333333332
-0.5,1,1,8,4,5,1.25,1.35,1.1645833333333333
-8.7,2,1,8,4,5,1.26,0.7,1.19625
10.7,3,2,8,4,5,1.46,1.68,1.1925
11.7,1,2,8,4,5,1.59,1.08,1.16625
26.2,5,4,8,4,5,0.45,0.98,1.1908333333333332
0.1,1,4,8,4,5,1.57,0.59,1.2258333333333333
8.9,1,5,8,4,5,1.43,1.93,1.2275
-2.8,5,5,8,4,5,1.97,1.53,1.20625
17.1,2,6,8,4,5,1.02,1.21,1.2295833333333335
15.4,3,8,8,4,5,1.77,1.68,1.1808333333333332
38.5,5,9,8,4,5,0.51,1.13,1.2066666666666668
7.6,2,11,8,4,5,1.75,0.74,1.1966666666666665
27.2,2,11,8,4,5,0.5,0.97,1.1733333333333333
29.6,3,12,8,4,5,0.41,0.5,1.1633333333333333
36.8,3,13,8,4,5,0.26,1.44,1.1258333333333332
-7.8,5,15,8,4,5,0.54,0.22,1.1716666666666666
-4.5,2,15,8,4,5,1.32,0.79,1.1754166666666666
-6.8,1,16,8,4,5,0.88,1.01,1.215
3.9,4,19,8,4,5,1.96,1.69,1.1641666666666668
10.4,3,22,8,4,5,0.47,1.37,1.1633333333333333
-4.6,4,23,8,4,5,1.35,1.49,1.1795833333333332
-2.7,4,23,8,4,5,1.88,1.48,1.16625
27.5,1,0,9,4,6,1.16,1.23,1.135
23.9,4,0,9,4,6,0.48,1.25,1.1029166666666665
-3.5,5,0,9,4,6,0.48,1.26,1.1225
0.5,4,2,9,4,6,1.73,1.46,1.1416666666666666
0.5,5,3,9,4,6,1.92,1.59,1.0929166666666668
25.0,5,4,9,4,6,0.42,0.45,1.1091666666666666
-5.5,2,4,9,4,6,0.84,1.57,1.095
8.5,1,5,9,4,6,1.23,1.43,1.0608333333333333
-5.0,5,6,9,4,6,0.61,1.97,1.0512499999999998
18.4,3,6,9,4,6,1.74,1.02,1.0470833333333334
38.5,4,6,9,4,6,0.92,1.77,1.0495833333333333
38.7,3,6,9,4,6,1.83,0.51,1.0758333333333334
3.1,3,6,9,4,6,1.14,1.75,1.0120833333333334
0.0,5,7,9,4,6,0.22,0.5,1.00375
39.9,3,9,9,4,6,0.3,0.41,1.0654166666666667
16.0,3,10,9,4,6,1.89,0.26,1.1104166666666666
11.3,3,11,9,4,6,1.34,0.54,1.1454166666666667
20.6,4,11,9,4,6,1.38,1.32,1.14875
10.6,1,12,9,4,6,1.4,0.88,1.1770833333333333
12.8,2,13,9,4,6,1.56,1.96,1.1466666666666667
30.6,1,16,9,4,6,1.23,0.47,1.18875
1.5,2,16,9,4,6,1.48,1.35,1.2158333333333333
-7.3,3,16,9,4,6,2.0,1.88,1.1854166666666666
37.5,4,16,9,4,6,1.15,1.16,1.165
12.7,3,16,9,4,6,0.67,0.48,1.1745833333333333
28.6,2,17,9,4,6,0.71,0.48,1.1820833333333334
3.9,1,18,9,4,6,0.66,1.73,1.1620833333333334
-1.7,5,19,9,4,6,1.25,1.92,1.1145833333333333
31.1,3,19,9,4,6,0.78,0.42,1.11375
35.0,1,19,9,4,6,0.4,0.84,1.1604166666666667
27.2,2,19,9,4,6,1.96,1.23,1.1729166666666666
4.9,1,20,9,4,6,1.53,0.61,1.1558333333333333
37.1,1,20,9,4,6,0.2,1.74,1.12375
-6.4,1,21,9,4,6,0.97,0.92,1.1500000000000001
16.5,2,22,9,4,6,1.55,1.83,1.1345833333333333
14.9,5,0,10,4,0,1.46,1.14,1.1204166666666666
23.9,1,0,10,4,0,0.8,0.22,1.1879166666666665
6.6,3,2,10,4,0,1.84,0.3,1.1958333333333335
12.9,1,3,10,4,0,0.49,1.89,1.1941666666666666
-6.0,2,6,10,4,0,1.85,1.34,1.1633333333333333
-7.9,5,6,10,4,0,0.6,1.38,1.1595833333333332
8.9,5,6,10,4,0,1.29,1.4,1.17875
4.1,3,6,10,4,0,1.86,1.56,1.1779166666666667
10.5,2,8,10,4,0,1.54,1.23,1.1670833333333335
-8.3,3,8,10,4,0,0.97,1.48,1.1458333333333333
30.8,2,11,10,4,0,0.97,2.0,1.0791666666666666
-5.3,2,11,10,4,0,0.4,1.15,1.0641666666666667
-2.7,1,13,10,4,0,0.79,0.67,1.0875000000000001
4.2,5,13,10,4,0,1.23,0.71,1.1304166666666666
11.7,3,15,10,4,0,1.74,0.66,1.1199999999999999
9.5,5,15,10,4,0,0.41,1.25,1.1429166666666666
14.8,2,16,10,4,0,1.8,0.78,1.1804166666666667
-7.6,5,16,10,4,0,1.68,0.4,1.21125
-7.8,2,17,10,4,0,1.14,1.96,1.1733333333333331
27.7,3,19,10,4,0,1.05,1.53,1.1908333333333334
-3.4,4,19,10,4,0,1.95,0.2,1.2333333333333334
17.2,5,21,10,4,0,1.22,0.97,1.2120833333333334
25.0,1,22,10,4,0,0.46,1.55,1.2066666666666666
30.8,4,22,10,4,0,1.42,1.46,1.2133333333333334
0.9,4,22,10,4,0,1.62,0.8,1.18875
7.1,4,1,11,4,1,0.21,1.84,1.13125
8.0,2,2,11,4,1,0.46,0.49,1.1845833333333333
32.9,5,2,11,4,1,1.77,1.85,1.1766666666666667
28.4,5,3,11,4,1,1.66,0.6,1.1883333333333332
-1.9,3,3,11,4,1,0.88,1.29,1.1583333333333334
31.5,4,4,11,4,1,0.57,1.86,1.1479166666666667
-2.1,2,4,11,4,1,1.61,1.54,1.135
-8.2,5,6,11,4,1,1.23,0.97,1.1312499999999999
23.1,1,7,11,4,1,0.88,0.97,1.1029166666666665
-8.7,5,7,11,4,1,0.29,0.4,1.1479166666666667
-10.0,4,9,11,4,1,1.48,0.79,1.1833333333333333
-2.2,2,10,11,4,1,1.64,1.23,1.1679166666666665
16.4,2,10,11,4,1,0.86,1.74,1.1783333333333335
-5.3,3,10,11,4,1,1.99,0.41,1.1845833333333333
35.8,4,11,11,4,1,0.56,1.8,1.1566666666666665
-8.4,2,13,11,4,1,1.13,1.68,1.16625
10.2,3,13,11,4,1,1.91,1.14,1.1320833333333333
-6.7,1,17,11,4,1,0.32,1.05,1.1595833333333332
35.4,1,18,11,4,1,1.71,1.95,1.1516666666666666
14.4,5,18,11,4,1,1.76,1.22,1.1525
17.9,3,21,11,4,1,1.24,0.46,1.1649999999999998
29.8,2,23,11,4,1,0.76,1.42,1.1754166666666668
7.2,5,23,11,4,1,1.67,1.62,1.1841666666666666
-6.8,4,23,11,4,1,1.83,0.21,1.23125
11.4,2,0,12,4,2,1.34,0.46,1.2554166666666666
29.1,4,0,12,4,2,1.04,1.77,1.2349999999999999
22.1,4,1,12,4,2,1.28,1.66,1.2479166666666666
21.9,2,1,12,4,2,1.97,0.88,1.265
15.2,5,1,12,4,2,1.29,0.57,1.3095833333333333
8.3,5,2,12,4,2,1.64,1.61,1.2916666666666667
18.5,5,3,12,4,2,1.18,1.23,1.255
16.5,2,3,12,4,2,0.35,0.88,1.2466666666666668
9.8,1,3,12,4,2,0.68,0.29,1.30875
12.3,3,6,12,4,2,1.78,1.48,1.3033333333333335
28.2,1,8,12,4,2,1.35,1.64,1.2870833333333334
-4.6,4,12,12,4,2,1.25,0.86,1.2775
-1.9,3,13,12,4,2,0.63,1.99,1.2387499999999998
18.9,1,13,12,4,2,1.06,0.56,1.2795833333333333
24.8,1,13,12,4,2,1.54,1.13,1.2708333333333333
34.3,5,14,12,4,2,0.92,1.91,1.26
31.9,2,14,12,4,2,1.65,0.32,1.2954166666666667
27.0,3,14,12,4,2,1.17,1.71,1.2833333333333334
36.6,5,14,12,4,2,1.42,1.76,1.2870833333333334
28.8,2,15,12,4,2,1.85,1.24,1.30875
29.1,1,15,12,4,2,1.76,0.76,1.3029166666666667
23.6,1,16,12,4,2,0.62,1.67,1.3091666666666668
24.0,5,16,12,4,2,1.82,1.83,1.3083333333333333
18.3,1,17,12,4,2,1.81,1.34,1.2637500000000002
-3.9,2,18,12,4,2,0.27,1.04,1.2841666666666667
-9.9,2,19,12,4,2,1.53,1.28,1.2779166666666668
-0.4,2,20,12,4,2,1.13,1.97,1.2379166666666668
30.2,5,22,12,4,2,1.01,1.29,1.20125
-1.7,1,22,12,4,2,0.41,1.64,1.14875
36.1,1,23,12,4,2,0.38,1.18,1.12125
9.9,3,23,12,4,2,0.52,0.35,1.1708333333333334
26.3,3,0,13,4,3,1.54,0.68,1.2137499999999999
13.9,3,1,13,4,3,1.71,1.78,1.2204166666666667
4.8,4,2,13,4,3,1.94,1.35,1.2333333333333332
1.4,4,4,13,4,3,1.66,1.25,1.2108333333333332
-5.5,5,4,13,4,3,0.71,0.63,1.1975
10.5,1,4,13,4,3,0.31,1.06,1.23375
-0.6,1,4,13,4,3,1.93,1.54,1.2229166666666667
24.0,4,5,13,4,3,1.28,0.92,1.1966666666666668
2.9,4,6,13,4,3,0.29,1.65,1.19
26.7,4,6,13,4,3,1.49,1.17,1.1808333333333334
0.4,5,8,13,4,3,0.95,1.42,1.1325
20.3,3,8,13,4,3,0.26,1.85,1.0854166666666667
39.2,1,8,13,4,3,0.72,1.76,1.0283333333333333
15.9,1,12,13,4,3,0.39,0.62,1.0158333333333334
34.0,5,12,13,4,3,0.32,1.82,0.9954166666666667
-3.2,1,14,13,4,3,1.33,1.81,0.9375
33.1,5,15,13,4,3,0.42,0.27,0.9562499999999999
6.9,2,15,13,4,3,0.72,1.53,0.9583333333333334
22.8,4,15,13,4,3,1.58,1.13,0.98375
18.6,2,17,13,4,3,1.74,1.01,0.9716666666666667
32.3,2,17,13,4,3,0.72,0.41,1.0108333333333335
21.5,4,18,13,4,3,1.35,0.38,1.0725
36.6,4,19,13,4,3,1.86,0.52,1.1204166666666666
-5.1,2,20,13,4,3,1.67,1.54,1.0791666666666666
-9.5,3,21,13,4,3,0.55,1.71,1.0525
5.6,1,22,13,4,3,1.07,1.94,1.0083333333333335
-8.3,2,23,13,4,3,0.88,1.66,0.9591666666666668
19.6,5,23,13,4,3,0.48,0.71,0.9816666666666668
0.2,5,23,13,4,3,1.25,0.31,1.03375
15.6,5,2,14,4,4,1.56,1.93,1.0174999999999998
38.9,1,4,14,4,4,1.54,1.28,1.0158333333333334
0.4,2,4,14,4,4,1.24,0.29,1.0654166666666667
28.4,5,4,14,4,4,1.48,1.49,1.0475
29.5,1,4,14,4,4,1.06,0.95,1.0708333333333335
21.3,3,8,14,4,4,1.51,0.26,1.12625
39.7,4,9,14,4,4,1.59,0.72,1.15625
10.6,3,9,14,4,4,1.44,0.39,1.1604166666666667
33.3,2,10,14,4,4,0.49,0.32,1.22
-4.5,3,10,14,4,4,1.75,1.33,1.2108333333333334
29.2,5,10,14,4,4,1.11,0.42,1.2183333333333333
17.6,5,11,14,4,4,0.6,0.72,1.2679166666666666
15.5,4,12,14,4,4,1.91,1.58,1.2474999999999998
16.8,4,12,14,4,4,1.09,1.74,1.2333333333333334
23.6,2,13,14,4,4,1.4,0.72,1.2733333333333334
-2.2,4,14,14,4,4,1.68,1.35,1.2833333333333334
6.8,5,15,14,4,4,1.59,1.86,1.2208333333333334
20.7,5,15,14,4,4,0.36,1.67,1.2295833333333333
13.7,3,15,14,4,4,1.88,0.55,1.2279166666666668
30.4,2,16,14,4,4,0.51,1.07,1.23875
6.1,3,16,14,4,4,1.33,0.88,1.25
2.4,4,16,14,4,4,1.15,0.48,1.305
-8.2,2,16,14,4,4,1.8,1.25,1.3020833333333333
-8.9,2,17,14,4,4,1.18,1.56,1.2595833333333333
35.1,4,17,14,4,4,0.54,1.54,1.2175
1.3,1,18,14,4,4,0.53,1.24,1.1841666666666666
34.5,2,18,14,4,4,0.44,1.48,1.1791666666666665
38.9,3,20,14,4,4,1.36,1.06,1.1658333333333333
29.2,1,21,14,4,4,0.74,1.51,1.1733333333333331
26.7,3,23,14,4,4,1.69,1.59,1.1391666666666667
13.8,5,23,14,4,4,0.77,1.44,1.08875
3.3,4,0,15,4,5,0.23,0.49,1.0770833333333332
20.4,5,1,15,4,5,0.21,1.75,1.0429166666666665
29.8,5,1,15,4,5,0.93,1.11,1.0079166666666666
5.8,4,2,15,4,5,0.27,0.6,1.0150000000000001
34.1,3,3,15,4,5,0.77,1.91,1.0095833333333333
34.5,3,3,15,4,5,1.78,1.09,1.0325
37.0,4,3,15,4,5,1.64,1.4,1.0533333333333335
31.7,2,4,15,4,5,1.9,1.68,1.0533333333333335
-8.8,5,5,15,4,5,1.68,1.59,1.0675000000000001
31.2,1,5,15,4,5,1.93,0.36,1.1016666666666668
35.0,1,7,15,4,5,1.18,1.88,1.0941666666666667
27.9,4,8,15,4,5,1.7,0.51,1.11
17.5,5,11,15,4,5,0.89,1.33,1.1316666666666666
-2.6,2,12,15,4,5,1.85,1.15,1.1183333333333334
20.1,5,14,15,4,5,0.83,1.8,1.0716666666666665
26.6,4,15,15,4,5,0.68,1.18,1.09
17.2,4,15,15,4,5,1.62,0.54,1.1229166666666666
26.6,4,16,15,4,5,1.33,0.53,1.13
4.7,2,16,15,4,5,0.7,0.44,1.1225
19.1,4,16,15,4,5,0.26,1.36,1.1391666666666669
20.0,1,16,15,4,5,1.76,0.74,1.19
2.0,4,16,15,4,5,1.96,1.69,1.1762499999999998
13.1,2,16,15,4,5,1.36,0.77,1.1824999999999999
26.4,1,16,15,4,5,0.92,0.23,1.195
35.0,4,17,15,4,5,0.53,0.21,1.2191666666666667
1.6,4,18,15,4,5,0.79,0.93,1.2370833333333333
30.9,2,18,15,4,5,1.36,0.27,1.2733333333333334
17.5,2,21,15,4,5,1.14,0.77,1.27375
19.4,5,22,15,4,5,0.78,1.78,1.2095833333333335
19.6,4,22,15,4,5,0.24,1.64,1.17875
35.2,4,23,15,4,5,0.9,1.9,1.1541666666666668
28.2,2,0,16,4,6,1.31,1.68,1.11625
17.7,4,0,16,4,6,0.77,1.93,1.0987500000000001
38.9,2,0,16,4,6,1.51,1.18,1.0916666666666666
-8.5,2,3,16,4,6,1.01,1.7,1.0766666666666667
5.1,1,4,16,4,6,1.34,0.89,1.1054166666666667
0.4,2,5,16,4,6,1.58,1.85,1.0583333333333333
10.5,3,5,16,4,6,0.72,0.83,1.06375
13.0,5,6,16,4,6,0.96,0.68,1.0995833333333334
14.3,1,6,16,4,6,1.54,1.62,1.0658333333333332
25.9,3,10,16,4,6,0.81,1.33,1.0433333333333334
1.7,4,10,16,4,6,0.79,0.7,1.0662500000000001
11.3,4,10,16,4,6,1.25,0.26,1.0770833333333334
15.5,4,12,16,4,6,0.52,1.76,1.0670833333333334
32.4,3,13,16,4,6,1.52,1.96,1.0216666666666667
8.8,2,14,16,4,6,0.87,1.36,1.0420833333333335
-9.9,4,14,16,4,6,1.85,0.92,1.0679166666666668
6.1,3,15,16,4,6,1.54,0.53,1.07875
-7.0,5,15,16,4,6,0.79,0.79,1.125
18.9,3,16,16,4,6,1.9,1.36,1.1325
-8.5,3,16,16,4,6,1.54,1.14,1.1325
-5.0,5,18,16,4,6,1.14,0.78,1.1433333333333333
-4.3,3,18,16,4,6,1.04,0.24,1.1866666666666668
9.2,2,20,16,4,6,1.28,0.9,1.2
34.8,1,21,16,4,6,1.22,1.31,1.1695833333333334
14.5,5,22,16,4,6,0.58,0.77,1.1491666666666667
27.5,2,22,16,4,6,0.28,1.51,1.1325
7.5,1,22,16,4,6,1.11,1.01,1.15125
-9.1,5,23,16,4,6,1.46,1.34,1.1670833333333335
37.1,2,23,16,4,6,1.72,1.58,1.1424999999999998
8.9,3,0,17,4,0,0.99,0.72,1.1233333333333333
1.1,5,2,17,4,0,0.26,0.96,1.14625
3.4,5,2,17,4,0,1.51,1.54,1.1158333333333335
34.6,2,3,17,4,0,0.81,0.81,1.1170833333333334
4.1,1,5,17,4,0,0.84,0.79,1.1266666666666667
36.5,1,5,17,4,0,1.02,1.25,1.1337499999999998
24.2,3,6,17,4,0,1.42,0.52,1.1291666666666667
19.5,3,6,17,4,0,0.41,1.52,1.1091666666666666
38.1,3,6,17,4,0,1.04,0.87,1.0912499999999998
26.3,3,7,17,4,0,0.44,1.85,1.0504166666666668
12.7,5,7,17,4,0,0.87,1.54,1.0433333333333334
6.9,1,7,17,4,0,1.37,0.79,1.0758333333333334
20.8,3,9,17,4,0,1.57,1.9,1.065
10.5,4,10,17,4,0,1.64,1.54,1.04625
37.7,1,10,17,4,0,1.09,1.14,1.04625
1.5,5,11,17,4,0,1.14,1.04,1.01875
38.6,4,12,17,4,0,0.38,1.28,1.0241666666666667
23.3,5,14,17,4,0,1.41,1.22,0.9845833333333335
36.6,4,15,17,4,0,0.27,0.58,0.9983333333333334
6.5,2,16,17,4,0,0.91,0.28,0.995
-2.2,3,18,17,4,0,0.2,1.11,0.9824999999999999
38.5,3,20,17,4,0,0.81,1.46,0.9866666666666667
29.6,5,21,17,4,0,1.56,1.72,0.995
29.3,4,23,17,4,0,1.92,0.99,1.0362500000000001
26.1,2,23,17,4,0,1.98,0.26,1.0683333333333334
-8.8,1,23,17,4,0,1.03,1.51,1.0650000000000002
9.9,5,23,17,4,0,1.43,0.81,1.0633333333333332
-5.6,1,0,18,4,1,0.77,0.84,1.1054166666666665
18.2,5,0,18,4,1,1.85,1.02,1.1129166666666668
23.3,3,1,18,4,1,1.2,1.42,1.0675000000000001
11.0,3,1,18,4,1,0.33,0.41,1.0741666666666667
10.2,3,1,18,4,1,0.57,1.04,1.1125
27.4,2,1,18,4,1,1.96,0.44,1.10625
15.5,1,2,18,4,1,0.29,0.87,1.0825
-0.2,2,2,18,4,1,0.3,1.37,1.0741666666666665
39.0,1,3,18,4,1,1.17,1.57,1.0870833333333332
0.1,1,3,18,4,1,1.88,1.64,1.0525
7.5,5,7,18,4,1,0.81,1.09,1.0629166666666667
26.6,4,7,18,4,1,1.34,1.14,1.0362500000000001
37.2,5,8,18,4,1,0.5,0.38,1.1020833333333333
39.9,3,8,18,4,1,1.96,1.41,1.0545833333333332
15.8,1,8,18,4,1,0.27,0.27,1.0758333333333334
9.8,4,9,18,4,1,0.78,0.91,1.06625
9.7,2,9,18,4,1,0.68,0.2,1.10375
29.5,4,12,18,4,1,1.1,0.81,1.1479166666666667
39.6,1,13,18,4,1,1.87,1.56,1.1266666666666667
8.2,2,14,18,4,1,1.05,1.92,1.1245833333333335
27.3,5,15,18,4,1,1.87,1.98,1.075
16.1,3,16,18,4,1,0.79,1.03,1.0504166666666666
12.4,1,17,18,4,1,0.44,1.43,1.0441666666666667
11.2,3,18,18,4,1,1.28,0.77,1.0533333333333335
29.6,2,18,18,4,1,0.99,1.85,1.0575
39.3,2,18,18,4,1,1.95,1.2,1.0295833333333333
15.7,2,18,18,4,1,0.53,0.33,1.0770833333333334
18.1,4,19,18,4,1,1.47,0.57,1.0958333333333334
31.8,4,19,18,4,1,1.02,1.96,1.0241666666666667
24.8,2,20,18,4,1,0.24,0.29,1.0483333333333333
-7.4,4,21,18,4,1,0.87,0.3,1.0554166666666667
17.5,5,21,18,4,1,0.47,1.17,1.0170833333333333
8.6,5,22,18,4,1,0.25,1.88,1.02125
5.8,5,23,18,4,1,1.98,0.81,1.0620833333333335
34.8,4,23,18,4,1,1.79,1.34,1.0779166666666666
5.7,5,0,19,4,2,1.72,0.5,1.0666666666666667
7.9,1,0,19,4,2,0.23,1.96,1.0129166666666667
17.0,2,1,19,4,2,0.67,0.27,1.0675000000000001
11.9,3,1,19,4,2,1.58,0.78,1.0733333333333335
-4.5,5,2,19,4,2,0.92,0.68,1.0558333333333334
28.6,1,2,19,4,2,0.26,1.1,1.0241666666666667
-9.0,5,3,19,4,2,0.34,1.87,0.9900000000000001
15.9,5,5,19,4,2,1.05,1.05,0.99625
34.9,3,5,19,4,2,1.2,1.87,0.9812499999999998
30.8,5,5,19,4,2,1.51,0.79,0.9700000000000001
10.5,2,8,19,4,2,0.52,0.44,0.9820833333333333
-3.8,2,10,19,4,2,0.73,1.28,1.0033333333333334
2.4,1,11,19,4,2,1.79,0.99,1.0141666666666667
-2.5,2,11,19,4,2,1.25,1.95,1.01375
3.6,4,11,19,4,2,1.94,0.53,1.0029166666666667
7.2,1,12,19,4,2,0.27,1.47,1.0054166666666666
7.1,5,13,19,4,2,1.53,1.02,0.9987499999999999
31.8,2,16,19,4,2,0.86,0.24,1.0479166666666668
32.0,3,16,19,4,2,1.42,0.87,1.0216666666666667
-6.2,4,17,19,4,2,0.24,0.47,1.0816666666666668
27.4,3,21,19,4,2,1.91,0.25,1.1187500000000001
-4.6,1,21,19,4,2,1.14,1.98,1.0491666666666666
3.9,3,22,19,4,2,0.31,1.79,1.0404166666666668
-2.1,3,22,19,4,2,1.58,1.72,1.0041666666666667
11.7,3,23,19,4,2,0.85,0.23,1.04125
4.9,5,1,20,4,3,1.12,0.67,1.0304166666666668
35.9,1,1,20,4,3,0.41,1.58,1.0225
24.7,5,3,20,4,3,1.39,0.92,1.03875
-5.8,3,3,20,4,3,1.31,0.26,1.10625
22.7,2,3,20,4,3,1.88,0.34,1.1645833333333333
25.2,2,4,20,4,3,1.74,1.05,1.1608333333333334
-7.5,2,4,20,4,3,0.96,1.2,1.1295833333333334
-3.4,1,9,20,4,3,0.45,1.51,1.12125
-7.4,4,9,20,4,3,1.31,0.52,1.1183333333333332
-0.6,5,9,20,4,3,0.45,0.73,1.0983333333333334
6.8,3,11,20,4,3,0.25,1.79,1.0779166666666666
3.2,4,12,20,4,3,1.3,1.25,1.0354166666666667
28.0,3,13,20,4,3,0.23,1.94,0.9991666666666666
-3.8,1,14,20,4,3,1.07,0.27,1.0025000000000002
-2.9,5,16,20,4,3,0.35,1.53,0.9958333333333332
27.7,3,16,20,4,3,1.37,0.86,0.9916666666666667
9.8,4,16,20,4,3,0.76,1.42,1.0079166666666666
27.2,3,17,20,4,3,1.81,0.24,1.0754166666666667
32.4,1,17,20,4,3,1.86,1.91,1.0545833333333332
11.0,3,18,20,4,3,1.41,1.14,1.0420833333333333
28.8,1,19,20,4,3,0.84,0.31,1.0466666666666666
13.6,2,19,20,4,3,0.42,1.58,1.05625
29.0,1,19,20,4,3,1.81,0.85,1.03125
-2.7,3,19,20,4,3,0.25,1.12,0.9966666666666667
37.2,5,20,20,4,3,0.29,0.41,1.03875
-6.6,1,20,20,4,3,1.42,1.39,1.0054166666666666
-0.8,5,21,20,4,3,0.59,1.31,1.00375
18.1,3,23,20,4,3,1.27,1.88,0.985
24.7,1,1,21,4,4,1.43,1.74,0.94875
27.6,2,1,21,4,4,0.87,0.96,0.9691666666666666
4.1,4,4,21,4,4,1.45,0.45,1.0295833333333333
9.2,4,5,21,4,4,1.9,1.31,1.0370833333333334
11.0,5,5,21,4,4,1.49,0.45,1.0691666666666666
12.6,1,5,21,4,4,1.22,0.25,1.0954166666666667
17.1,4,6,21,4,4,0.88,1.3,1.0529166666666667
-5.4,5,6,21,4,4,0.28,0.23,1.0545833333333332
22.3,5,10,21,4,4,0.27,1.07,1.03875
8.4,2,11,21,4,4,0.69,0.35,1.0595833333333333
24.9,1,14,21,4,4,0.85,1.37,1.08375
-8.6,5,14,21,4,4,1.95,0.76,1.1066666666666667
15.9,5,15,21,4,4,1.31,1.81,1.0720833333333333
31.2,1,16,21,4,4,0.98,1.86,1.0520833333333333
1.3,3,16,21,4,4,1.38,1.41,1.05125
18.0,2,17,21,4,4,1.39,0.84,1.0375
-5.8,4,17,21,4,4,0.51,0.42,1.0845833333333335
9.3,3,19,21,4,4,1.55,1.81,1.0375
-9.6,4,19,21,4,4,0.68,0.25,1.1066666666666667
30.7,5,19,21,4,4,1.91,0.29,1.1704166666666667
23.3,5,21,21,4,4,1.82,1.42,1.18375
-7.0,2,21,21,4,4,1.74,0.59,1.205
-2.2,3,22,21,4,4,1.1,1.27,1.1745833333333333
2.7,4,22,21,4,4,0.54,1.43,1.1445833333333335
13.5,3,23,21,4,4,0.71,0.87,1.1791666666666667
27.2,3,0,22,4,5,1.7,1.45,1.1629166666666666
14.1,4,0,22,4,5,1.06,1.9,1.1070833333333334
12.7,5,0,22,4,5,0.56,1.49,1.11625
-4.7,3,0,22,4,5,1.71,1.22,1.1266666666666667
4.0,5,1,22,4,5,1.47,0.88,1.1316666666666666
0.2,5,2,22,4,5,1.0,0.28,1.1566666666666667
-3.6,3,6,22,4,5,0.88,0.27,1.1945833333333333
9.2,1,6,22,4,5,1.18,0.69,1.2212500000000002
34.2,2,7,22,4,5,1.33,0.85,1.2541666666666667
-4.7,5,8,22,4,5,1.64,1.95,1.2449999999999999
25.3,2,9,22,4,5,1.73,1.31,1.2245833333333334
31.9,5,11,22,4,5,0.82,0.98,1.26625
-6.7,5,13,22,4,5,1.98,1.38,1.2454166666666666
25.2,3,13,22,4,5,0.88,1.39,1.2533333333333334
28.8,2,13,22,4,5,1.58,0.51,1.3008333333333333
32.0,1,13,22,4,5,1.65,1.55,1.2770833333333333
4.3,4,13,22,4,5,0.98,0.68,1.32
5.8,1,14,22,4,5,1.71,1.91,1.26125
0.8,1,14,22,4,5,0.5,1.82,1.255
31.3,2,14,22,4,5,1.67,1.74,1.19875
4.5,1,16,22,4,5,0.39,1.1,1.1804166666666667
30.0,2,16,22,4,5,0.66,0.54,1.22125
18.3,2,17,22,4,5,1.52,0.71,1.21
30.3,2,18,22,4,5,0.44,1.7,1.1575
3.6,4,19,22,4,5,0.44,1.06,1.13125
31.2,4,19,22,4,5,0.43,0.56,1.1795833333333332
8.5,4,20,22,4,5,1.72,1.71,1.1504166666666666
-4.1,2,21,22,4,5,1.01,1.47,1.10125
32.5,5,21,22,4,5,0.29,1.0,1.1391666666666667
20.6,1,22,22,4,5,1.91,0.88,1.1579166666666667
-2.6,2,22,22,4,5,1.33,1.18,1.1500000000000001
21.6,3,23,22,4,5,0.99,1.33,1.1083333333333334
3.7,2,23,22,4,5,0.33,1.64,1.11
-3.0,1,0,23,4,6,1.68,1.73,1.0941666666666667
2.8,5,0,23,4,6,1.35,0.82,1.0999999999999999
3.5,1,0,23,4,6,0.96,1.98,1.0783333333333334
6.1,1,2,23,4,6,1.46,0.88,1.1020833333333333
18.4,2,2,23,4,6,1.45,1.58,1.1066666666666667
16.5,5,4,23,4,6,1.69,1.65,1.1187500000000001
27.3,3,4,23,4,6,1.94,0.98,1.0891666666666666
-3.6,4,5,23,4,6,0.27,1.71,1.0516666666666665
18.1,4,6,23,4,6,0.81,0.5,1.1008333333333333
1.4,2,7,23,4,6,1.68,1.67,1.07
-9.1,4,8,23,4,6,0.93,0.39,1.1083333333333334
30.0,3,9,23,4,6,1.31,0.66,1.1475
-5.2,2,9,23,4,6,1.6,1.52,1.0991666666666668
39.6,2,9,23,4,6,0.36,0.44,1.1375
-6.6,5,10,23,4,6,1.36,0.44,1.1316666666666668
-8.0,2,10,23,4,6,0.3,0.43,1.1408333333333334
-4.0,2,10,23,4,6,0.65,1.72,1.10125
38.6,4,11,23,4,6,0.77,1.01,1.1329166666666668
20.6,1,11,23,4,6,1.77,0.29,1.1920833333333334
1.5,1,11,23,4,6,1.71,1.91,1.17
5.3,4,13,23,4,6,1.38,1.33,1.1845833333333333
10.9,2,14,23,4,6,1.68,0.99,1.21125
-3.5,4,14,23,4,6,1.63,0.33,1.2658333333333334
21.7,3,15,23,4,6,1.64,1.68,1.2208333333333334
-4.7,1,17,23,4,6,0.6,1.35,1.2075
-9.8,1,19,23,4,6,1.03,0.96,1.235
-0.9,4,21,23,4,6,1.62,1.46,1.2495833333333335
9.1,5,22,23,4,6,1.81,1.45,1.2329166666666669
5.5,1,22,23,4,6,1.05,1.69,1.2316666666666667
15.8,4,22,23,4,6,1.66,1.94,1.1824999999999999
-8.1,4,23,23,4,6,0.76,0.27,1.2179166666666668
37.7,1,0,24,4,0,1.12,0.81,1.2529166666666667
-8.8,4,0,24,4,0,1.65,1.68,1.2141666666666666
4.5,5,3,24,4,0,0.75,0.93,1.2033333333333334
-3.6,2,4,24,4,0,0.67,1.31,1.22125
13.5,3,5,24,4,0,1.74,1.6,1.2375
3.5,1,5,24,4,0,1.99,0.36,1.2754166666666666
9.2,5,7,24,4,0,1.27,1.36,1.26625
22.7,3,8,24,4,0,1.14,0.3,1.3154166666666665
-4.8,5,9,24,4,0,1.48,0.65,1.3429166666666665
3.3,3,9,24,4,0,1.31,0.77,1.3420833333333333
31.6,1,13,24,4,0,0.75,1.77,1.3058333333333334
-0.1,2,13,24,4,0,0.9,1.71,1.30125
35.4,5,13,24,4,0,1.6,1.38,1.2566666666666666
6.6,5,14,24,4,0,0.31,1.68,1.2016666666666667
38.3,5,14,24,4,0,0.36,1.63,1.2066666666666668
34.4,1,14,24,4,0,1.75,1.64,1.1791666666666667
37.5,2,17,24,4,0,0.98,0.6,1.2275
16.0,1,19,24,4,0,1.76,1.03,1.2049999999999998
-5.3,2,20,24,4,0,0.49,1.62,1.1704166666666667
-4.3,3,20,24,4,0,0.79,1.81,1.1470833333333332
12.5,3,20,24,4,0,1.25,1.05,1.1208333333333333
3.9,3,22,24,4,0,0.42,1.66,1.1154166666666667
5.8,3,23,24,4,0,1.53,0.76,1.165
2.9,5,0,25,4,1,1.95,1.12,1.1654166666666665
39.4,4,0,25,4,1,1.13,1.65,1.1520833333333333
24.1,5,1,25,4,1,1.33,0.75,1.1420833333333333
0.3,5,1,25,4,1,0.51,0.67,1.1908333333333332
0.0,1,2,25,4,1,1.84,1.74,1.15625
22.2,5,2,25,4,1,0.91,1.99,1.0829166666666665
15.6,3,2,25,4,1,0.23,1.27,1.1004166666666666
21.7,5,3,25,4,1,1.69,1.14,1.1287500000000001
-8.8,2,4,25,4,1,1.82,1.48,1.0908333333333333
32.0,2,5,25,4,1,0.57,1.31,1.055
26.5,2,5,25,4,1,0.45,0.75,1.0470833333333334
-4.7,3,5,25,4,1,0.56,0.9,1.0895833333333333
-8.3,1,6,25,4,1,1.92,1.6,1.0841666666666667
10.8,2,8,25,4,1,1.47,0.31,1.0987500000000001
-4.6,3,8,25,4,1,0.66,0.36,1.1295833333333334
29.5,5,9,25,4,1,1.1,1.75,1.0845833333333335
9.3,3,10,25,4,1,0.67,0.98,1.11625
26.2,1,12,25,4,1,1.74,1.76,1.0841666666666667
20.2,4,12,25,4,1,0.99,0.49,1.1395833333333334
24.6,5,13,25,4,1,1.82,0.79,1.14375
-7.8,4,13,25,4,1,0.89,1.25,1.1258333333333335
27.3,5,14,25,4,1,0.82,0.42,1.1533333333333333
7.4,4,14,25,4,1,1.08,1.53,1.1541666666666666
36.2,4,16,25,4,1,1.55,1.95,1.1258333333333332
33.9,2,17,25,4,1,1.27,1.13,1.1554166666666668
24.9,1,18,25,4,1,1.84,1.33,1.1133333333333333
21.3,5,19,25,4,1,0.32,0.51,1.1666666666666667
8.0,1,20,25,4,1,1.79,1.84,1.10625
6.5,3,23,25,4,1,0.39,0.91,1.14875
24.3,1,0,26,4,2,1.93,0.23,1.18
17.1,5,1,26,4,2,0.98,1.69,1.1233333333333333
24.8,2,2,26,4,2,0.33,1.82,1.0583333333333333
29.6,1,3,26,4,2,0.26,0.57,1.0504166666666668
-6.4,3,4,26,4,2,0.38,0.45,1.0854166666666667
16.6,2,5,26,4,2,1.29,0.56,1.0762500000000002
7.6,3,5,26,4,2,0.34,1.92,1.06375
20.7,5,5,26,4,2,1.62,1.47,1.0695833333333333
16.5,1,8,26,4,2,1.61,0.66,1.0920833333333333
35.9,4,9,26,4,2,1.2,1.1,1.1041666666666667
13.3,1,9,26,4,2,1.39,0.67,1.1545833333333333
10.3,5,10,26,4,2,1.88,1.74,1.1175
11.2,2,11,26,4,2,0.85,0.99,1.0958333333333334
23.8,4,13,26,4,2,0.47,1.82,1.0495833333333333
31.4,2,13,26,4,2,0.71,0.89,1.035
0.4,1,14,26,4,2,0.54,0.82,1.0370833333333334
7.9,1,15,26,4,2,0.87,1.08,1.0454166666666667
2.7,4,15,26,4,2,1.28,1.55,1.0425
4.7,3,15,26,4,2,1.48,1.27,1.06
30.1,2,15,26,4,2,1.69,1.84,1.0358333333333334
35.9,3,16,26,4,2,1.26,0.32,1.1004166666666666
14.5,3,17,26,4,2,1.87,1.79,1.07875
34.7,3,18,26,4,2,1.27,0.39,1.1345833333333333
31.8,3,18,26,4,2,1.73,1.93,1.1
12.5,5,19,26,4,2,1.1,0.98,1.0766666666666667
26.5,1,19,26,4,2,0.42,0.33,1.1108333333333333
-1.2,1,21,26,4,2,1.15,0.26,1.1116666666666666
17.7,1,21,26,4,2,0.28,0.38,1.1245833333333335
12.5,4,0,27,4,3,0.69,1.29,1.1041666666666667
23.5,3,2,27,4,3,0.8,0.34,1.14
25.4,3,3,27,4,3,1.2,1.62,1.1
-1.6,4,4,27,4,3,0.66,1.61,1.0658333333333332
-4.3,5,5,27,4,3,0.79,1.2,1.0820833333333333
6.4,4,5,27,4,3,1.59,1.39,1.0929166666666665
13.0,2,6,27,4,3,1.65,1.88,1.05
33.8,1,6,27,4,3,0.85,0.85,1.0345833333333332
-0.5,5,7,27,4,3,0.48,0.47,1.0820833333333333
9.6,1,9,27,4,3,1.61,0.71,1.0912499999999998
22.9,5,11,27,4,3,0.93,0.54,1.095
11.1,5,11,27,4,3,0.63,0.87,1.0716666666666665
0.8,3,11,27,4,3,0.31,1.28,1.0608333333333333
37.4,1,13,27,4,3,1.02,1.48,1.0741666666666667
-1.0,4,13,27,4,3,1.8,1.69,1.02
2.5,5,14,27,4,3,0.39,1.26,1.0458333333333334
-2.5,3,14,27,4,3,1.88,1.87,0.9904166666666666
10.4,2,15,27,4,3,0.54,1.27,0.9575
-0.6,5,15,27,4,3,0.48,1.73,0.8941666666666667
22.8,3,15,27,4,3,0.21,1.1,0.8945833333333333
8.1,3,16,27,4,3,1.11,0.42,0.9320833333333334
4.4,4,17,27,4,3,1.32,1.15,0.9541666666666666
3.9,5,18,27,4,3,1.68,0.28,0.96
17.7,2,18,27,4,3,0.42,0.69,0.9824999999999999
33.1,1,20,27,4,3,1.23,0.8,0.9979166666666667
13.7,5,21,27,4,3,1.17,1.2,0.9841666666666667
-3.4,5,22,27,4,3,0.87,0.66,0.9666666666666667
-7.8,1,23,27,4,3,0.24,0.79,1.0066666666666666
12.2,1,0,28,4,4,1.75,1.59,1.0004166666666667
-4.8,1,0,28,4,4,1.44,1.65,0.9699999999999999
2.2,3,3,28,4,4,0.92,0.85,0.9587500000000001
23.6,3,3,28,4,4,0.58,0.48,0.9995833333333333
8.8,2,4,28,4,4,1.46,1.61,0.9883333333333333
7.0,4,4,28,4,4,1.34,0.93,1.0275
2.2,1,4,28,4,4,1.87,0.63,1.0541666666666667
37.2,1,4,28,4,4,1.27,0.31,1.0687499999999999
18.2,5,5,28,4,4,0.66,1.02,1.0479166666666666
21.4,4,6,28,4,4,0.52,1.8,1.0358333333333334
-5.0,3,7,28,4,4,1.51,0.39,1.1004166666666666
37.7,3,7,28,4,4,1.94,1.88,1.0454166666666667
18.8,1,8,28,4,4,0.56,0.54,1.0541666666666667
-7.5,5,8,28,4,4,0.75,0.48,1.065
8.3,2,14,28,4,4,0.74,0.21,1.0858333333333332
21.6,3,16,28,4,4,0.71,1.11,1.1033333333333333
27.3,4,17,28,4,4,1.53,1.32,1.0833333333333333
6.4,3,18,28,4,4,0.84,1.68,1.0825
29.4,5,19,28,4,4,1.66,0.42,1.1233333333333333
10.5,5,22,28,4,4,1.4,1.23,1.0975
30.0,4,23,28,4,4,0.61,1.17,1.12875
31.3,3,0,29,4,5,1.92,0.87,1.16125
-7.1,4,0,29,4,5,1.65,0.24,1.2316666666666667
35.6,2,1,29,4,5,1.93,1.75,1.1795833333333332
1.1,3,2,29,4,5,0.5,1.44,1.1804166666666667
-9.8,2,3,29,4,5,1.46,0.92,1.2079166666666667
6.2,5,4,29,4,5,1.58,0.58,1.2425
-4.0,1,6,29,4,5,1.41,1.46,1.2616666666666667
23.9,2,7,29,4,5,1.92,1.34,1.27
0.5,4,8,29,4,5,1.54,1.87,1.2475
-8.4,1,8,29,4,5,1.33,1.27,1.2558333333333334
39.2,3,9,29,4,5,1.47,0.66,1.3025
24.9,2,10,29,4,5,1.78,0.52,1.30125
27.9,5,12,29,4,5,0.49,1.51,1.295
24.7,1,12,29,4,5,1.36,1.94,1.295
15.2,3,13,29,4,5,1.94,0.56,1.3466666666666667
30.1,1,14,29,4,5,1.8,0.75,1.3404166666666668
8.1,4,14,29,4,5,0.6,0.74,1.3620833333333333
7.5,3,16,29,4,5,1.26,0.71,1.37625
20.5,2,16,29,4,5,1.05,1.53,1.3841666666666665
20.0,5,16,29,4,5,1.72,0.84,1.3654166666666667
4.9,3,18,29,4,5,0.39,1.66,1.3179166666666666
-1.5,5,19,29,4,5,0.52,1.4,1.3295833333333333
24.1,2,19,29,4,5,1.68,0.61,1.32375
28.5,4,19,29,4,5,0.47,1.92,1.2816666666666665
16.2,1,20,29,4,5,0.91,1.65,1.27375
-8.2,2,20,29,4,5,1.46,1.93,1.27625
11.6,3,20,29,4,5,1.99,0.5,1.2904166666666668
15.7,3,21,29,4,5,0.84,1.46,1.2541666666666667
13.5,4,22,29,4,5,0.59,1.58,1.2391666666666665
23.1,2,22,29,4,5,1.22,1.41,1.2041666666666666
8.8,3,23,29,4,5,0.57,1.92,1.1979166666666667
17.8,4,23,29,4,5,1.77,1.54,1.2095833333333335
-2.9,2,0,30,4,6,1.82,1.33,1.2204166666666667
36.1,5,1,30,4,6,1.59,1.47,1.20875
-8.6,5,1,30,4,6,1.19,1.78,1.1879166666666665
3.7,3,2,30,4,6,1.28,0.49,1.2204166666666667
36.0,4,2,30,4,6,1.27,1.36,1.2425
22.0,2,2,30,4,6,1.89,1.94,1.1737499999999998
20.0,2,3,30,4,6,0.29,1.8,1.14625
11.8,3,4,30,4,6,1.14,0.6,1.1500000000000001
-5.6,3,4,30,4,6,0.69,1.26,1.10875
-6.2,3,5,30,4,6,0.27,1.05,1.1354166666666667
31.1,1,5,30,4,6,1.69,1.72,1.14
30.2,2,5,30,4,6,1.83,0.39,1.18625
37.9,1,5,30,4,6,1.5,0.52,1.2216666666666667
-5.5,4,7,30,4,6,1.37,1.68,1.1624999999999999
37.0,3,7,30,4,6,0.26,0.47,1.1954166666666668
36.5,2,7,30,4,6,1.26,0.91,1.1729166666666668
30.5,1,7,30,4,6,0.37,1.46,1.1425
9.5,3,8,30,4,6,0.73,1.99,1.0833333333333333
28.5,4,8,30,4,6,0.57,0.84,1.0870833333333334
8.7,1,9,30,4,6,0.93,0.59,1.11875
28.9,3,10,30,4,6,1.35,1.22,1.10125
5.5,1,12,30,4,6,0.8,0.57,1.1304166666666666
23.6,5,12,30,4,6,1.27,1.77,1.1341666666666665
1.3,2,13,30,4,6,1.86,1.82,1.07375
17.8,4,13,30,4,6,0.37,1.59,1.0704166666666668
9.0,1,14,30,4,6,1.51,1.19,1.0887499999999999
25.8,5,14,30,4,6,1.63,1.28,1.0820833333333335
5.4,4,15,30,4,6,1.12,1.27,1.0641666666666667
12.3,3,16,30,4,6,0.84,1.89,1.0095833333333333
21.4,4,16,30,4,6,0.58,0.29,1.0633333333333335
33.2,1,16,30,4,6,1.58,1.14,1.0316666666666667
-0.2,1,17,30,4,6,0.38,0.69,1.0695833333333333
29.0,5,18,30,4,6,1.6,0.27,1.1358333333333335
10.2,3,23,30,4,6,1.86,1.69,1.11375
2.5,1,0,1,5,0,1.16,1.83,1.0683333333333334
13.3,4,2,1,5,0,0.74,1.5,1.06125
11.8,2,2,1,5,0,1.33,1.37,1.0404166666666665
23.2,1,2,1,5,0,0.87,0.26,1.1104166666666668
33.4,3,3,1,5,0,1.94,1.26,1.0829166666666665
-6.9,2,3,1,5,0,0.6,0.37,1.1016666666666666
19.8,5,5,1,5,0,0.82,0.73,1.0875
13.2,4,5,1,5,0,0.39,0.57,1.1337499999999998
16.1,1,7,1,5,0,1.68,0.93,1.1629166666666666
9.2,3,7,1,5,0,1.63,1.35,1.1166666666666667
28.3,3,8,1,5,0,0.24,0.8,1.13875
18.3,5,8,1,5,0,1.33,1.27,1.1279166666666667
-0.4,4,8,1,5,0,1.01,1.86,1.1187500000000001
-4.9,1,8,1,5,0,1.64,0.37,1.14625
3.7,4,10,1,5,0,1.03,1.51,1.1583333333333332
-5.9,3,11,1,5,0,1.8,1.63,1.12625
4.4,1,11,1,5,0,0.86,1.12,1.10625
-5.8,5,12,1,5,0,0.64,0.84,1.1366666666666665
25.6,1,14,1,5,0,1.57,0.58,1.1654166666666665
0.0,5,15,1,5,0,1.27,1.58,1.1391666666666667
31.9,4,17,1,5,0,0.95,0.38,1.18125
25.9,3,18,1,5,0,1.39,1.6,1.1670833333333335
22.7,3,18,1,5,0,1.26,1.86,1.1504166666666666
23.0,2,19,1,5,0,1.46,1.16,1.1475
24.8,3,20,1,5,0,1.09,0.74,1.1654166666666665
-4.2,4,21,1,5,0,1.17,1.33,1.14
11.9,5,22,1,5,0,0.72,0.87,1.1175
23.0,2,22,1,5,0,0.33,1.94,1.0791666666666666
36.4,1,23,1,5,0,1.02,0.6,1.0962500000000002
25.6,1,23,1,5,0,1.01,0.82,1.1158333333333335
10.8,4,23,1,5,0,1.29,0.39,1.1420833333333333
3.5,5,23,1,5,0,1.02,1.68,1.1520833333333333
3.5,1,0,2,5,1,1.92,1.63,1.15625
12.6,4,3,2,5,1,1.73,0.24,1.1624999999999999
37.9,4,8,2,5,1,0.39,1.33,1.1470833333333335
34.5,5,8,2,5,1,0.96,1.01,1.1475
15.4,2,9,2,5,1,1.02,1.64,1.1354166666666667
2.5,5,10,2,5,1,1.35,1.03,1.1275
35.8,1,11,2,5,1,0.84,1.8,1.0745833333333334
33.7,2,13,2,5,1,0.53,0.86,1.0641666666666667
35.0,1,14,2,5,1,0.61,0.64,1.0991666666666668
-2.4,2,14,2,5,1,1.48,1.57,1.0954166666666667
27.6,4,15,2,5,1,1.48,1.27,1.08125
8.6,4,15,2,5,1,0.93,0.95,1.1166666666666665
30.6,2,15,2,5,1,1.8,1.39,1.0675000000000001
0.5,5,17,2,5,1,0.21,1.26,1.0845833333333335
14.2,5,17,2,5,1,1.67,1.46,1.0574999999999999
9.6,1,17,2,5,1,0.81,1.09,1.0779166666666666
39.5,1,18,2,5,1,1.58,1.17,1.0983333333333334
9.4,3,18,2,5,1,1.66,0.72,1.0925
4.4,5,18,2,5,1,0.58,0.33,1.1545833333333333
22.6,3,18,2,5,1,1.82,1.02,1.1779166666666667
-0.2,2,19,2,5,1,1.58,1.01,1.21
11.8,3,19,2,5,1,1.78,1.29,1.2091666666666667
37.3,4,20,2,5,1,1.27,1.02,1.2008333333333334
20.2,5,20,2,5,1,0.82,1.92,1.2008333333333334
7.3,4,22,2,5,1,1.92,1.73,1.1979166666666667
-7.9,5,22,2,5,1,1.66,0.39,1.24875
14.5,4,22,2,5,1,1.61,0.96,1.2904166666666665
6.6,2,22,2,5,1,1.96,1.02,1.2954166666666667
37.3,2,22,2,5,1,1.14,1.35,1.2704166666666665
-8.3,5,0,3,5,2,0.75,0.84,1.3158333333333332
-1.9,4,0,3,5,2,1.93,0.53,1.3529166666666665
-8.1,3,2,3,5,2,1.42,0.61,1.3458333333333332
-1.5,4,4,3,5,2,0.44,1.48,1.3641666666666665
18.3,5,4,3,5,2,1.92,1.48,1.3783333333333332
13.3,3,4,3,5,2,1.82,0.93,1.4220833333333334
38.3,3,10,3,5,2,1.98,1.8,1.4179166666666667
33.5,3,10,3,5,2,1.7,0.21,1.4791666666666667
29.4,1,11,3,5,2,1.68,1.67,1.4750000000000003
-3.9,3,11,3,5,2,1.57,0.81,1.4708333333333332
35.1,4,12,3,5,2,0.71,1.58,1.4566666666666668
10.9,5,12,3,5,2,1.24,1.66,1.4012499999999999
0.7,1,13,3,5,2,0.33,0.58,1.4270833333333333
21.0,4,13,3,5,2,1.2,1.82,1.4304166666666667
-10.0,3,13,3,5,2,1.9,1.58,1.4075
24.9,3,13,3,5,2,1.03,1.78,1.3670833333333334
25.9,1,15,3,5,2,0.81,1.27,1.3583333333333334
-3.9,5,16,3,5,2,1.06,0.82,1.3933333333333333
18.9,3,18,3,5,2,1.66,1.92,1.33125
12.5,1,18,3,5,2,0.43,1.66,1.3154166666666665
-3.3,4,19,3,5,2,1.28,1.61,1.2866666666666666
3.3,2,19,3,5,2,0.92,1.96,1.2879166666666666
26.4,2,19,3,5,2,1.99,1.14,1.2558333333333334
31.7,5,22,3,5,2,0.37,0.75,1.2729166666666667
38.1,1,22,3,5,2,1.16,1.93,1.2637500000000002
25.1,4,22,3,5,2,1.71,1.42,1.28625
7.0,1,0,4,5,3,1.96,0.44,1.2970833333333334
21.2,3,2,4,5,3,0.7,1.92,1.2558333333333334
-2.5,3,2,4,5,3,0.93,1.82,1.1895833333333334
33.9,4,3,4,5,3,0.23,1.98,1.17875
2.6,1,4,4,5,3,1.72,1.7,1.1216666666666666
-8.4,2,5,4,5,3,0.33,1.68,1.0704166666666668
1.8,3,5,4,5,3,0.45,1.57,1.0854166666666667
33.3,5,5,4,5,3,1.93,0.71,1.09
33.4,2,7,4,5,3,0.82,1.24,1.0595833333333333
7.0,1,7,4,5,3,0.51,0.33,1.1104166666666666
29.3,3,7,4,5,3,1.55,1.2,1.1283333333333332
-9.3,2,8,4,5,3,1.63,1.9,1.0691666666666666
-0.1,1,8,4,5,3,0.48,1.03,1.0883333333333334
3.3,4,9,4,5,3,1.49,0.81,1.0766666666666667
34.7,3,9,4,5,3,0.53,1.06,1.1154166666666667
39.4,3,9,4,5,3,1.99,1.66,1.0887499999999999
28.6,1,9,4,5,3,1.02,0.43,1.085
-2.1,5,10,4,5,3,0.34,1.28,1.0666666666666667
30.8,2,10,4,5,3,0.84,0.92,1.1025
-7.2,5,13,4,5,3,1.78,1.99,1.08875
10.5,1,13,4,5,3,1.66,0.37,1.10125
23.0,4,13,4,5,3,0.67,1.16,1.07
20.8,3,15,4,5,3,0.41,1.71,1.0395833333333333
23.4,1,16,4,5,3,0.98,1.96,0.9708333333333333
1.8,3,17,4,5,3,0.31,0.7,1.0083333333333333
-4.1,4,17,4,5,3,1.6,0.93,0.9866666666666667
18.2,4,18,4,5,3,0.41,0.23,0.98875
37.0,5,19,4,5,3,0.28,1.72,0.9316666666666666
28.3,5,19,4,5,3,0.35,0.33,0.9641666666666667
6.5,3,20,4,5,3,1.11,0.45,0.9566666666666666
-5.1,4,0,5,5,4,0.27,1.93,0.9358333333333334
31.4,1,2,5,5,4,1.43,0.82,0.9454166666666666
14.9,2,3,5,5,4,1.05,0.51,0.9862500000000001
37.0,5,3,5,5,4,1.49,1.55,0.9379166666666667
37.0,2,3,5,5,4,0.39,1.63,0.9095833333333334
7.3,1,4,5,5,4,0.95,0.48,0.9045833333333334
17.4,4,4,5,5,4,0.36,1.49,0.90875
21.3,4,4,5,5,4,1.59,0.53,0.93125
-7.6,4,5,5,5,4,1.07,1.99,0.8904166666666665
32.9,4,6,5,5,4,1.01,1.02,0.9241666666666667
39.8,5,10,5,5,4,1.83,0.34,0.9754166666666667
26.6,1,11,5,5,4,1.57,0.84,0.9983333333333334
27.2,4,12,5,5,4,1.39,1.78,0.9929166666666666
33.0,3,16,5,5,4,1.65,1.66,0.9608333333333334
-0.5,5,18,5,5,4,0.89,0.67,0.9891666666666667
25.7,4,19,5,5,4,1.35,0.41,1.0258333333333334
2.7,2,20,5,5,4,1.29,0.98,1.0229166666666667
23.9,4,21,5,5,4,0.91,0.31,1.08125
18.1,3,22,5,5,4,1.71,1.6,1.045
11.3,2,23,5,5,4,0.73,0.41,1.0891666666666666
36.7,4,23,5,5,4,1.47,0.28,1.1154166666666667
2.4,5,0,6,5,5,0.91,0.35,1.1679166666666667
7.6,4,1,6,5,5,1.61,1.11,1.1808333333333334
20.2,1,1,6,5,5,1.42,0.27,1.19375
28.2,4,3,6,5,5,0.58,1.43,1.1866666666666665
15.6,3,3,6,5,5,1.26,1.05,1.2012500000000002
31.6,3,3,6,5,5,1.4,1.49,1.1729166666666666
29.4,2,4,6,5,5,0.81,0.39,1.1933333333333334
38.9,5,4,6,5,5,0.88,0.95,1.1808333333333334
-8.9,1,4,6,5,5,0.65,0.36,1.2283333333333333
-9.7,3,6,6,5,5,1.5,1.59,1.2383333333333333
14.0,1,8,6,5,5,1.83,1.07,1.2391666666666667
40.0,1,10,6,5,5,1.09,1.01,1.2650000000000001
21.2,3,10,6,5,5,1.63,1.83,1.2295833333333335
-9.5,1,12,6,5,5,0.98,1.57,1.2045833333333333
30.7,2,15,6,5,5,0.97,1.39,1.2025
34.1,1,15,6,5,5,1.34,1.65,1.1775
30.9,1,19,6,5,5,1.05,0.89,1.1770833333333333
-3.5,3,22,6,5,5,0.88,1.35,1.1316666666666666
33.1,4,23,6,5,5,0.26,1.29,1.1383333333333334
6.2,5,23,6,5,5,1.45,0.91,1.1791666666666667
6.4,5,3,7,5,6,1.89,1.71,1.1883333333333332
4.3,5,4,7,5,6,1.93,0.73,1.2162499999999998
39.4,3,4,7,5,6,1.4,1.47,1.2379166666666668
0.8,5,5,7,5,6,1.99,0.91,1.22875
22.5,4,7,7,5,6,0.69,1.61,1.2195833333333332
27.9,2,8,7,5,6,1.39,1.42,1.2116666666666667
33.4,3,9,7,5,6,1.23,0.58,1.2325
12.6,5,9,7,5,6,1.08,1.26,1.1991666666666667
2.1,5,9,7,5,6,0.46,1.4,1.1979166666666667
4.3,2,10,7,5,6,1.37,0.81,1.2283333333333333
25.3,4,12,7,5,6,1.54,0.88,1.2254166666666666
35.1,2,13,7,5,6,0.81,0.65,1.2674999999999998
20.9,5,13,7,5,6,1.66,1.5,1.2833333333333334
29.5,2,13,7,5,6,1.88,1.83,1.2254166666666666
39.5,1,14,7,5,6,0.44,1.09,1.2504166666666667
8.6,3,15,7,5,6,1.69,1.63,1.2158333333333333
22.8,4,16,7,5,6,0.8,0.98,1.2170833333333333
-9.1,3,17,7,5,6,1.01,0.97,1.1979166666666667
16.0,5,18,7,5,6,0.51,1.34,1.1933333333333334
5.2,5,18,7,5,6,1.23,1.05,1.2329166666666667
-9.8,1,20,7,5,6,2.0,0.88,1.2604166666666667
3.5,3,22,7,5,6,1.54,0.26,1.2695833333333333
25.6,2,1,8,5,0,0.48,1.45,1.29
16.6,5,2,8,5,0,1.94,1.89,1.2245833333333331
5.5,3,3,8,5,0,0.32,1.93,1.2145833333333333
-8.5,3,4,8,5,0,1.69,1.4,1.2358333333333333
-9.8,4,5,8,5,0,1.91,1.99,1.1649999999999998
24.0,3,7,8,5,0,0.29,0.69,1.19125
37.6,2,10,8,5,0,1.32,1.39,1.1775
38.5,2,11,8,5,0,1.06,1.23,1.1545833333333333
22.1,3,12,8,5,0,0.68,1.08,1.13375
20.3,1,14,8,5,0,0.58,0.46,1.1829166666666666
11.5,5,14,8,5,0,1.64,1.37,1.1579166666666667
29.4,4,15,8,5,0,0.77,1.54,1.1370833333333332
24.4,3,19,8,5,0,1.04,0.81,1.1808333333333332
-4.6,5,19,8,5,0,1.86,1.66,1.1583333333333334
-6.5,4,20,8,5,0,1.12,1.88,1.1120833333333333
9.1,2,20,8,5,0,0.77,0.44,1.1204166666666666
13.8,2,21,8,5,0,0.64,1.69,1.1029166666666665
32.8,3,21,8,5,0,1.27,0.8,1.1345833333333333
39.4,4,21,8,5,0,1.56,1.01,1.1454166666666667
4.8,1,21,8,5,0,1.27,0.51,1.2045833333333333
7.4,2,22,8,5,0,1.93,1.23,1.1933333333333334
8.3,5,1,9,5,1,0.96,2.0,1.12125
26.5,5,3,9,5,1,0.27,1.54,1.1116666666666666
-9.1,4,3,9,5,1,1.31,0.48,1.175
1.9,4,4,9,5,1,2.0,1.94,1.15875
32.7,3,5,9,5,1,1.55,0.32,1.1970833333333335
21.5,2,7,9,5,1,1.24,1.69,1.145
17.2,4,7,9,5,1,0.44,1.91,1.14
3.6,1,8,9,5,1,1.79,0.29,1.1379166666666667
4.2,5,9,9,5,1,0.24,1.32,1.0933333333333335
3.7,2,9,9,5,1,0.25,1.06,1.1166666666666667
22.1,3,9,9,5,1,1.62,0.68,1.1312499999999999
26.0,5,10,9,5,1,1.03,0.58,1.1779166666666667
9.2,2,12,9,5,1,1.7,1.64,1.1187500000000001
39.9,4,12,9,5,1,0.22,0.77,1.1670833333333335
3.9,4,12,9,5,1,1.93,1.04,1.1816666666666669
36.7,2,14,9,5,1,1.39,1.86,1.1312499999999999
-4.5,5,14,9,5,1,0.65,1.12,1.155
27.0,4,15,9,5,1,1.69,0.77,1.1933333333333334
-6.7,2,16,9,5,1,1.69,0.64,1.2195833333333332
16.2,1,17,9,5,1,1.27,1.27,1.2066666666666668
19.3,1,18,9,5,1,0.96,1.56,1.21125
3.1,4,18,9,5,1,1.67,1.27,1.2216666666666667
-3.1,4,18,9,5,1,1.52,1.93,1.1633333333333333
36.5,4,18,9,5,1,0.53,0.96,1.1633333333333333
5.2,5,19,9,5,1,0.96,0.27,1.1804166666666667
23.4,3,19,9,5,1,0.68,1.31,1.1500000000000001
13.1,3,20,9,5,1,0.58,2.0,1.1170833333333334
12.6,2,21,9,5,1,1.21,1.55,1.0954166666666667
22.3,3,21,9,5,1,1.03,1.24,1.1133333333333333
21.6,3,22,9,5,1,1.67,0.44,1.1366666666666667
19.1,3,22,9,5,1,1.0,1.79,1.0795833333333333
32.1,2,22,9,5,1,0.42,0.24,1.0883333333333332
-3.6,2,0,10,5,2,0.45,0.25,1.1291666666666667
34.8,4,0,10,5,2,1.23,1.62,1.0966666666666665
16.1,1,0,10,5,2,0.84,1.03,1.1179166666666667
-6.6,5,1,10,5,2,1.54,1.7,1.0704166666666668
3.9,5,1,10,5,2,0.56,0.22,1.1125
15.3,1,2,10,5,2,1.23,1.93,1.0866666666666667
37.1,4,3,10,5,2,1.31,1.39,1.1095833333333334
14.5,3,4,10,5,2,1.94,0.65,1.1320833333333333
-1.5,1,4,10,5,2,1.19,1.69,1.0899999999999999
21.4,5,7,10,5,2,0.68,1.69,1.0725
24.7,2,8,10,5,2,1.27,1.27,1.0720833333333333
-5.7,4,9,10,5,2,1.26,0.96,1.0695833333333333
5.8,5,9,10,5,2,0.9,1.67,1.02375
-5.4,1,9,10,5,2,0.57,1.52,0.9958333333333332
-6.7,1,10,10,5,2,0.85,0.53,1.0145833333333334
33.8,1,10,10,5,2,0.98,0.96,1.03125
6.6,5,12,10,5,2,1.36,0.68,1.06875
-7.5,5,14,10,5,2,1.58,0.58,1.1158333333333332
15.9,1,15,10,5,2,1.71,1.21,1.1154166666666667
35.6,5,16,10,5,2,1.2,1.03,1.1383333333333334
22.8,5,16,10,5,2,1.58,1.67,1.0795833333333333
1.1,3,17,10,5,2,0.26,1.0,1.1045833333333333
8.6,1,18,10,5,2,1.6,0.42,1.1133333333333335
34.9,5,18,10,5,2,0.63,0.45,1.1170833333333334
23.6,1,19,10,5,2,0.54,1.23,1.0741666666666667
-7.2,1,20,10,5,2,0.2,0.84,1.1108333333333333
29.0,3,21,10,5,2,1.72,1.54,1.0816666666666666
38.8,5,22,10,5,2,0.84,0.56,1.0745833333333332
23.8,4,23,10,5,2,0.39,1.23,1.0979166666666667
6.9,2,23,10,5,2,1.79,1.31,1.1233333333333333
4.0,2,23,10,5,2,1.92,1.94,1.0758333333333334
37.6,1,23,10,5,2,0.8,1.19,1.0883333333333334
-1.7,4,0,11,5,3,1.49,0.68,1.13375
-9.1,4,1,11,5,3,1.77,1.27,1.1512499999999999
-7.9,3,4,11,5,3,1.69,1.26,1.11625
13.9,3,4,11,5,3,0.42,0.9,1.1308333333333331
7.7,2,4,11,5,3,1.25,0.57,1.1220833333333335
21.1,3,6,11,5,3,0.36,0.85,1.1520833333333333
10.8,4,7,11,5,3,1.57,0.98,1.1870833333333333
22.0,4,7,11,5,3,1.82,1.36,1.1670833333333335
39.5,1,9,11,5,3,0.88,1.58,1.1445833333333333
8.4,3,10,11,5,3,1.04,1.71,1.1116666666666668
18.7,2,10,11,5,3,0.92,1.2,1.0916666666666666
-6.4,4,10,11,5,3,0.72,1.58,1.0808333333333333
29.4,4,10,11,5,3,1.32,0.26,1.1445833333333333
-0.4,3,12,11,5,3,1.79,1.6,1.0970833333333334
27.3,2,13,11,5,3,0.46,0.63,1.1199999999999999
16.5,5,13,11,5,3,1.18,0.54,1.1383333333333334
-4.5,1,14,11,5,3,0.98,0.2,1.20375
20.7,5,14,11,5,3,1.77,1.72,1.1758333333333335
33.2,5,15,11,5,3,1.05,0.84,1.1770833333333333
28.1,3,15,11,5,3,0.87,0.39,1.2054166666666666
14.4,4,15,11,5,3,1.07,1.79,1.1979166666666667
22.8,2,15,11,5,3,1.61,1.92,1.1266666666666667
-2.2,1,17,11,5,3,0.21,0.8,1.16125
32.2,3,20,11,5,3,1.63,1.49,1.1370833333333332
6.5,5,20,11,5,3,0.91,1.77,1.10125
21.8,4,21,11,5,3,0.91,1.69,1.0433333333333332
0.5,4,23,11,5,3,0.3,0.42,1.0629166666666667
4.3,5,1,12,5,4,0.89,1.25,1.0608333333333333
3.1,4,3,12,5,4,1.2,0.36,1.1137499999999998
16.9,5,4,12,5,4,1.63,1.57,1.0816666666666666
28.3,2,5,12,5,4,0.8,1.82,1.0729166666666667
0.3,4,5,12,5,4,1.61,0.88,1.10125
24.3,3,6,12,5,4,1.56,1.04,1.1266666666666667
34.3,5,6,12,5,4,1.65,0.92,1.1095833333333334
6.3,3,9,12,5,4,0.51,0.72,1.0987500000000001
28.6,3,10,12,5,4,0.46,1.32,1.0670833333333334
15.0,3,12,12,5,4,0.56,1.79,1.0225
29.6,2,12,12,5,4,0.72,0.46,1.07875
10.1,5,13,12,5,4,1.81,1.18,1.06625
38.4,3,15,12,5,4,0.88,0.98,1.0670833333333334
20.1,5,15,12,5,4,1.0,1.77,1.0262499999999999
28.8,4,16,12,5,4,0.79,1.05,0.99625
29.7,2,17,12,5,4,0.33,0.87,1.0204166666666667
2.4,1,18,12,5,4,1.45,1.07,1.0154166666666666
18.2,3,19,12,5,4,0.95,1.61,1.0208333333333333
23.5,4,19,12,5,4,1.74,0.21,1.0833333333333333
35.4,3,20,12,5,4,1.71,1.63,1.0366666666666668
34.2,3,21,12,5,4,0.51,0.91,1.0258333333333334
39.0,1,21,12,5,4,0.65,0.91,1.0658333333333334
-4.8,3,23,12,5,4,1.87,0.3,1.0795833333333333
1.3,4,1,13,5,5,0.63,0.89,1.1233333333333333
15.4,1,1,13,5,5,1.94,1.2,1.0954166666666667
33.3,4,2,13,5,5,0.53,1.63,1.06875
-9.9,2,3,13,5,5,0.99,0.8,1.0666666666666667
37.4,5,4,13,5,5,0.75,1.61,1.0304166666666668
24.7,5,5,13,5,5,0.74,1.56,0.9758333333333332
-7.3,3,5,13,5,5,0.25,1.65,0.9500000000000001
-5.2,4,6,13,5,5,1.03,0.51,1.00125
12.7,1,7,13,5,5,1.74,0.46,1.03125
37.5,3,12,13,5,5,1.18,0.56,1.0554166666666667
-4.7,3,13,13,5,5,1.14,0.72,1.0675000000000001
8.1,4,14,13,5,5,1.01,1.81,1.0154166666666666
22.5,3,16,13,5,5,0.56,0.88,1.0
-7.2,4,17,13,5,5,0.51,1.0,0.9874999999999999
-2.3,5,18,13,5,5,0.7,0.79,1.0341666666666667
18.1,4,19,13,5,5,1.91,0.33,1.0520833333333333
36.5,2,19,13,5,5,0.76,1.45,1.01
31.2,5,20,13,5,5,0.44,0.95,1.01375
8.5,4,21,13,5,5,1.04,1.74,0.9766666666666667
23.6,2,21,13,5,5,0.85,1.71,0.9404166666666667
14.5,3,21,13,5,5,0.84,0.51,0.9733333333333333
7.4,1,21,13,5,5,1.3,0.65,1.02
17.9,3,22,13,5,5,1.77,1.87,1.02375
34.3,2,22,13,5,5,1.96,0.63,1.0220833333333335
10.1,5,0,14,5,6,0.59,1.94,0.96
27.1,5,3,14,5,6,0.45,0.53,1.0175
26.5,1,3,14,5,6,1.91,0.99,1.0070833333333333
-8.3,5,5,14,5,6,0.74,0.75,0.9958333333333332
23.4,5,5,14,5,6,0.48,0.74,0.9925
30.8,4,7,14,5,6,0.66,0.25,1.00375
34.1,1,7,14,5,6,0.52,1.03,0.995
8.6,3,8,14,5,6,0.82,1.74,0.9491666666666667
27.6,1,8,14,5,6,0.64,1.18,0.9175000000000001
-6.9,3,9,14,5,6,0.42,1.14,0.8929166666666667
2.2,4,10,14,5,6,0.55,1.01,0.9258333333333333
31.6,3,11,14,5,6,1.8,0.56,0.9129166666666667
-4.1,4,11,14,5,6,0.25,0.51,0.9645833333333332
-0.2,2,13,14,5,6,1.75,0.7,0.9845833333333333
21.2,3,15,14,5,6,1.18,1.91,0.9304166666666666
28.1,2,16,14,5,6,0.61,0.76,0.9075000000000001
35.2,5,17,14,5,6,0.21,0.44,0.93375
36.5,2,17,14,5,6,1.07,1.04,0.9362500000000001
-0.1,2,17,14,5,6,1.1,0.85,0.9266666666666666
21.1,2,18,14,5,6,0.62,0.84,0.965
-4.4,4,18,14,5,6,1.76,1.3,0.9816666666666666
0.2,5,18,14,5,6,1.7,1.77,0.9904166666666666
-1.2,3,20,14,5,6,1.98,1.96,0.9499999999999998
0.2,2,20,14,5,6,0.99,0.59,0.9699999999999999
29.3,1,22,14,5,6,1.07,0.45,0.9766666666666667
-9.6,2,23,14,5,6,0.61,1.91,0.9225
9.7,2,1,15,5,0,0.61,0.74,0.9479166666666666
4.0,4,1,15,5,0,1.35,0.48,1.0083333333333333
22.8,2,2,15,5,0,1.93,0.66,1.055
4.4,1,5,15,5,0,1.78,0.52,1.0675000000000001
30.1,3,6,15,5,0,0.82,0.82,1.0875000000000001
-1.8,5,6,15,5,0,1.3,0.64,1.0929166666666668
10.4,4,6,15,5,0,0.77,0.42,1.1416666666666666
37.8,4,7,15,5,0,1.59,0.55,1.1466666666666667
21.8,5,7,15,5,0,0.67,1.8,1.1370833333333332
16.3,3,10,15,5,0,1.57,0.25,1.1387500000000002
39.0,2,10,15,5,0,0.29,1.75,1.1404166666666666
-7.5,4,10,15,5,0,1.79,1.18,1.1225
22.2,1,11,15,5,0,0.75,0.61,1.1329166666666668
21.3,3,11,15,5,0,0.86,0.21,1.1920833333333334
16.3,4,11,15,5,0,1.63,1.07,1.2045833333333333
17.6,5,12,15,5,0,1.37,1.1,1.1829166666666666
21.9,3,13,15,5,0,0.58,0.62,1.1787500000000002
4.7,4,13,15,5,0,0.52,1.76,1.1379166666666667
0.4,5,13,15,5,0,0.78,1.7,1.12375
24.5,5,14,15,5,0,1.36,1.98,1.0808333333333333
29.1,4,14,15,5,0,0.95,0.99,1.0554166666666667
3.4,2,14,15,5,0,0.38,1.07,1.07125
10.6,1,15,15,5,0,1.45,0.61,1.0833333333333333
-0.4,5,15,15,5,0,0.9,0.61,1.0820833333333333
7.9,1,16,15,5,0,0.58,1.35,1.1070833333333334
38.9,5,16,15,5,0,1.95,1.93,1.0404166666666668
3.3,5,17,15,5,0,0.33,1.78,1.00625
3.6,3,17,15,5,0,0.96,0.82,1.0366666666666666
17.6,2,19,15,5,0,1.55,1.3,1.04
33.8,2,19,15,5,0,1.38,0.77,1.0245833333333334
28.1,2,21,15,5,0,0.4,1.59,0.9720833333333334
16.9,1,22,15,5,0,0.33,0.67,0.9783333333333332
0.9,2,23,15,5,0,0.82,1.57,0.9279166666666666
8.2,1,23,15,5,0,0.36,0.29,0.9325
20.3,5,0,16,5,1,0.4,1.79,0.9187500000000001
11.0,3,0,16,5,1,1.46,0.75,0.9108333333333333
-8.1,1,4,16,5,1,0.56,0.86,0.9033333333333333
-9.1,2,6,16,5,1,0.68,1.63,0.9095833333333334
34.7,4,7,16,5,1,1.78,1.37,0.8741666666666666
-4.0,1,7,16,5,1,0.52,0.58,0.8783333333333333
31.6,3,7,16,5,1,0.68,0.52,0.87125
4.4,2,8,16,5,1,0.35,0.78,0.9058333333333334
5.4,2,9,16,5,1,1.61,1.36,0.8979166666666666
37.5,2,9,16,5,1,1.17,0.95,0.8870833333333333
33.6,4,9,16,5,1,0.69,0.38,0.8991666666666668
7.6,4,9,16,5,1,0.67,1.45,0.9091666666666667
27.6,5,10,16,5,1,1.69,0.9,0.90625
7.1,3,10,16,5,1,0.83,0.58,0.9404166666666667
35.6,4,11,16,5,1,1.4,1.95,0.9216666666666667
23.9,1,11,16,5,1,1.5,0.33,0.9329166666666667
28.9,5,12,16,5,1,0.6,0.96,0.9562499999999999
3.8,1,12,16,5,1,1.52,1.55,0.9695833333333335
4.4,5,12,16,5,1,1.87,1.38,0.9575
28.3,3,12,16,5,1,1.09,0.4,0.9862500000000001
30.8,3,14,16,5,1,1.09,0.33,1.055
36.2,1,14,16,5,1,1.98,0.82,1.0537500000000002
12.5,1,14,16,5,1,0.79,0.36,1.0866666666666667
16.2,4,15,16,5,1,1.15,0.4,1.1220833333333333
26.2,5,16,16,5,1,1.25,1.46,1.08375
18.7,4,16,16,5,1,0.54,0.56,1.1266666666666667
34.1,4,17,16,5,1,1.59,0.68,1.1195833333333334
6.4,2,17,16,5,1,0.51,1.78,1.065
0.9,4,18,16,5,1,0.47,0.52,1.0745833333333332
13.3,1,19,16,5,1,0.75,0.68,1.0566666666666666
22.6,5,19,16,5,1,0.25,0.35,1.0929166666666668
14.5,3,20,16,5,1,1.22,1.61,1.0945833333333332
31.8,1,20,16,5,1,1.65,1.17,1.0916666666666668
3.9,1,20,16,5,1,1.1,0.69,1.095
28.3,3,23,16,5,1,0.77,0.67,1.0808333333333333
39.7,3,23,16,5,1,0.33,1.69,1.07
2.8,5,0,17,5,2,1.43,0.83,1.09875
36.4,3,0,17,5,2,1.52,1.4,1.1079166666666667
31.7,5,1,17,5,2,1.62,1.5,1.0925
3.1,5,4,17,5,2,1.13,0.6,1.12625
24.8,2,4,17,5,2,1.41,1.52,1.10875
20.9,4,5,17,5,2,1.1,1.87,1.0979166666666667
-8.0,5,5,17,5,2,1.61,1.09,1.1004166666666666
23.1,5,5,17,5,2,1.15,1.09,1.1075
32.0,1,6,17,5,2,1.26,1.98,1.0662500000000001
17.0,2,6,17,5,2,0.99,0.79,1.0870833333333334
15.2,4,6,17,5,2,1.29,1.15,1.1095833333333334
-6.9,3,7,17,5,2,1.69,1.25,1.0691666666666666
22.9,1,7,17,5,2,0.28,0.54,1.0991666666666668
31.0,2,8,17,5,2,1.26,1.59,1.0645833333333334
17.7,5,8,17,5,2,0.76,0.51,1.0683333333333334
-6.1,4,8,17,5,2,0.6,0.47,1.05875
37.6,5,8,17,5,2,0.24,0.75,1.0633333333333332
19.9,5,8,17,5,2,0.86,0.25,1.12875
-6.0,3,9,17,5,2,1.82,1.22,1.1258333333333332
-5.4,4,11,17,5,2,1.15,1.65,1.1187500000000001
19.5,4,11,17,5,2,1.48,1.1,1.1545833333333333
28.5,2,13,17,5,2,1.96,0.77,1.20125
29.7,4,13,17,5,2,1.89,0.33,1.2637500000000002
-8.9,1,14,17,5,2,1.83,1.43,1.2375
12.0,2,18,17,5,2,0.8,1.52,1.2066666666666668
35.7,5,18,17,5,2,0.78,1.62,1.1529166666666668
-1.9,4,18,17,5,2,0.33,1.13,1.1354166666666667
31.7,2,18,17,5,2,0.71,1.41,1.1020833333333335
6.2,1,20,17,5,2,0.61,1.1,1.1312499999999999
-8.4,2,22,17,5,2,1.8,1.61,1.0908333333333333
17.8,4,23,17,5,2,0.64,1.15,1.1041666666666667
11.2,1,0,18,5,3,1.47,1.26,1.0795833333333333
37.1,3,0,18,5,3,0.67,0.99,1.11625
9.8,5,2,18,5,3,1.87,1.29,1.1366666666666665
23.7,4,2,18,5,3,1.78,1.69,1.0820833333333335
36.1,1,3,18,5,3,0.38,0.28,1.1041666666666667
17.4,5,4,18,5,3,0.81,1.26,1.1104166666666666
6.8,3,4,18,5,3,1.41,0.76,1.15625
2.4,4,5,18,5,3,1.86,0.6,1.15625
-7.2,3,6,18,5,3,0.6,0.24,1.1558333333333335
28.5,1,9,18,5,3,0.23,0.86,1.1283333333333334
29.3,3,9,18,5,3,0.2,1.82,1.0654166666666667
12.0,4,9,18,5,3,0.31,1.15,1.03375
3.1,2,10,18,5,3,0.39,1.48,1.05
2.8,5,12,18,5,3,1.87,1.96,1.0275
33.9,5,12,18,5,3,1.42,1.89,0.9579166666666667
38.0,3,12,18,5,3,0.22,1.83,0.8991666666666666
32.3,5,13,18,5,3,0.42,0.8,0.8745833333333334
5.0,1,16,18,5,3,0.21,0.78,0.8845833333333334
9.7,1,16,18,5,3,1.02,0.33,0.9074999999999999
20.9,5,16,18,5,3,0.88,0.71,0.9408333333333334
37.0,4,17,18,5,3,1.51,0.61,0.9558333333333332
11.6,3,17,18,5,3,0.97,1.8,0.9029166666666667
38.6,1,18,18,5,3,0.53,0.64,0.8854166666666666
-6.1,2,18,18,5,3,0.22,1.47,0.8383333333333334
30.8,2,19,18,5,3,0.34,0.67,0.8450000000000001
31.8,4,20,18,5,3,0.83,1.87,0.8020833333333334
2.4,3,20,18,5,3,0.84,1.78,0.7670833333333333
26.0,2,22,18,5,3,0.94,0.38,0.7729166666666666
16.1,4,22,18,5,3,0.52,0.81,0.7658333333333333
-9.3,4,22,18,5,3,0.64,1.41,0.7725
-4.6,2,22,18,5,3,1.57,1.86,0.7504166666666667
-4.3,1,23,18,5,3,1.33,0.6,0.7716666666666666
30.3,5,23,18,5,3,1.11,0.23,0.8345833333333332
37.1,1,3,19,5,4,1.74,0.2,0.8854166666666666
18.6,4,3,19,5,4,1.42,0.31,0.8929166666666667
20.9,1,4,19,5,4,0.49,0.39,0.8958333333333334
11.2,2,7,19,5,4,0.46,1.87,0.8429166666666666
29.7,4,8,19,5,4,0.6,1.42,0.8254166666666668
1.1,2,10,19,5,4,1.0,0.22,0.86
38.6,1,12,19,5,4,1.05,0.42,0.8895833333333334
22.4,3,14,19,5,4,1.13,0.21,0.93125
4.1,3,14,19,5,4,1.21,1.02,0.96
19.8,3,15,19,5,4,1.71,0.88,0.96875
-8.8,1,15,19,5,4,1.09,1.51,0.9729166666666668
1.7,5,17,19,5,4,1.61,0.97,1.01125
25.7,3,18,19,5,4,1.89,0.53,1.0470833333333334
-7.8,4,18,19,5,4,1.39,0.22,1.0608333333333333
32.1,3,20,19,5,4,0.55,0.34,1.0975
20.6,3,21,19,5,4,1.22,0.83,1.125
-9.4,5,22,19,5,4,1.49,0.84,1.1604166666666667
34.2,1,22,19,5,4,1.69,0.94,1.16875
8.0,2,22,19,5,4,1.14,0.52,1.15625
4.8,4,23,19,5,4,0.22,0.64,1.1658333333333333
24.7,2,0,20,5,5,0.87,1.57,1.1470833333333335
19.3,4,1,20,5,5,1.12,1.33,1.1641666666666666
-5.8,4,1,20,5,5,1.74,1.11,1.1508333333333334
5.1,2,2,20,5,5,0.79,1.74,1.1183333333333334
32.2,4,2,20,5,5,0.96,1.42,1.0845833333333332
2.7,1,2,20,5,5,0.61,0.49,1.1458333333333333
33.2,3,3,20,5,5,1.96,0.46,1.2029166666666666
8.9,3,4,20,5,5,1.83,0.6,1.2454166666666666
19.3,5,5,20,5,5,1.62,1.0,1.2270833333333333
3.3,2,5,20,5,5,0.56,1.05,1.2329166666666664
18.3,3,5,20,5,5,1.19,1.13,1.2162499999999998
-9.1,2,6,20,5,5,0.73,1.21,1.2249999999999999
38.0,2,7,20,5,5,1.42,1.71,1.16375
9.0,2,7,20,5,5,0.24,1.09,1.1825
3.0,1,8,20,5,5,1.54,1.61,1.1754166666666668
-0.6,3,11,20,5,5,1.44,1.89,1.1675
19.3,5,13,20,5,5,1.7,1.39,1.14625
24.5,2,13,20,5,5,0.88,0.55,1.1595833333333332
-9.7,2,13,20,5,5,0.87,1.22,1.1833333333333333
12.3,5,13,20,5,5,1.79,1.49,1.1566666666666665
19.8,1,14,20,5,5,0.85,1.69,1.1079166666666667
-4.2,2,14,20,5,5,0.52,1.14,1.0791666666666668
7.2,1,15,20,5,5,0.45,0.22,1.1258333333333335
16.1,3,15,20,5,5,1.34,0.87,1.145
-1.6,4,15,20,5,5,1.33,1.12,1.1808333333333334
-7.3,4,16,20,5,5,1.98,1.74,1.1229166666666668
6.3,1,18,20,5,5,0.35,0.79,1.1533333333333333
0.2,5,18,20,5,5,1.52,0.96,1.1766666666666667
22.9,5,21,20,5,5,1.52,0.61,1.2237500000000001
20.6,3,21,20,5,5,1.74,1.96,1.15625
-6.0,2,22,20,5,5,0.34,1.83,1.1116666666666666
28.5,1,22,20,5,5,0.76,1.62,1.0920833333333333
26.7,3,23,20,5,5,1.15,0.56,1.1316666666666666
32.7,4,1,21,5,6,1.51,1.19,1.1475
14.6,5,3,21,5,6,1.57,0.73,1.1587500000000002
35.7,2,6,21,5,6,1.0,1.42,1.12375
21.4,3,7,21,5,6,0.58,0.24,1.1741666666666666
-5.1,4,8,21,5,6,1.45,1.54,1.12375
35.6,3,9,21,5,6,0.33,1.44,1.1183333333333334
29.0,5,9,21,5,6,1.31,1.7,1.10125
20.9,2,9,21,5,6,1.29,0.88,1.1245833333333333
35.3,2,11,21,5,6,1.44,0.87,1.12625
2.8,5,12,21,5,6,0.91,1.79,1.0854166666666667
10.7,1,13,21,5,6,0.81,0.85,1.0629166666666667
16.9,5,13,21,5,6,0.31,0.52,1.0608333333333333
31.5,1,13,21,5,6,0.47,0.45,1.11625
5.2,4,15,21,5,6,1.78,1.34,1.0979166666666667
29.6,3,15,21,5,6,0.9,1.33,1.1241666666666668
10.7,1,15,21,5,6,1.96,1.98,1.0770833333333334
-3.1,1,16,21,5,6,0.85,0.35,1.1233333333333333
29.8,3,18,21,5,6,1.46,1.52,1.1379166666666667
-9.1,4,18,21,5,6,1.87,1.52,1.1125
-3.2,3,18,21,5,6,0.91,1.74,1.1033333333333333
32.6,2,20,21,5,6,1.52,0.34,1.11125
1.7,3,20,21,5,6,0.53,0.76,1.1533333333333333
-0.4,5,23,21,5,6,1.77,1.15,1.165
4.9,2,0,22,5,0,1.43,1.51,1.11625
21.1,4,1,22,5,0,0.34,1.57,1.075
-1.4,2,8,22,5,0,0.58,1.0,1.05125
23.7,2,8,22,5,0,0.43,0.58,1.0820833333333335
-0.6,2,9,22,5,0,1.32,1.45,1.0645833333333334
19.5,4,9,22,5,0,1.03,0.33,1.1041666666666667
16.9,3,10,22,5,0,1.28,1.31,1.11
20.2,5,10,22,5,0,1.45,1.29,1.0766666666666667
29.8,2,12,22,5,0,0.49,1.44,1.0445833333333334
0.3,2,13,22,5,0,0.67,0.91,1.0170833333333333
18.8,4,13,22,5,0,0.25,0.81,1.0599999999999998
-7.9,4,15,22,5,0,1.84,0.31,1.0970833333333334
9.8,2,19,22,5,0,1.2,0.47,1.1520833333333333
17.8,5,21,22,5,0,1.79,1.78,1.14
-9.1,4,22,22,5,0,1.49,0.9,1.1633333333333333
17.9,4,23,22,5,0,1.46,1.96,1.1300000000000001
12.1,3,23,22,5,0,1.16,0.85,1.1312499999999999
0.7,5,0,23,5,1,0.88,1.46,1.0879166666666666
17.3,4,1,23,5,1,0.42,1.87,1.0604166666666668
31.0,4,1,23,5,1,1.21,0.91,1.03875
36.6,4,2,23,5,1,0.39,1.52,1.0045833333333334
29.9,4,2,23,5,1,0.7,0.53,1.0095833333333333
5.3,5,2,23,5,1,0.65,1.77,0.9566666666666667
3.6,4,3,23,5,1,0.5,1.43,0.9570833333333334
8.2,2,3,23,5,1,1.44,0.34,0.9945833333333334
6.3,2,3,23,5,1,1.24,0.58,1.0174999999999998
22.4,5,4,23,5,1,1.13,0.43,1.0141666666666667
8.4,1,5,23,5,1,0.35,1.32,0.98625
20.6,1,5,23,5,1,0.65,1.03,1.0104166666666667
-9.6,5,6,23,5,1,1.61,1.28,0.9883333333333333
34.0,2,6,23,5,1,0.75,1.45,0.9862500000000001
12.4,3,6,23,5,1,1.4,0.49,0.9929166666666666
28.8,3,6,23,5,1,0.65,0.67,1.0108333333333335
13.3,4,6,23,5,1,1.1,0.25,1.0833333333333333
35.2,2,7,23,5,1,1.99,1.84,1.03875
16.3,4,7,23,5,1,0.77,1.2,1.0079166666666666
39.5,2,9,23,5,1,0.46,1.79,0.9479166666666666
12.2,5,10,23,5,1,0.35,1.49,0.8962500000000001
19.7,3,11,23,5,1,0.25,1.46,0.91
21.7,4,11,23,5,1,1.79,1.16,0.8758333333333334
22.6,5,12,23,5,1,0.34,0.88,0.8591666666666667
38.7,4,13,23,5,1,0.48,0.42,0.8675
-6.4,1,15,23,5,1,0.62,1.21,0.8791666666666665
18.5,5,15,23,5,1,1.49,0.39,0.9070833333333335
-9.3,3,16,23,5,1,1.06,0.7,0.9274999999999999
27.6,2,16,23,5,1,1.19,0.65,0.9562499999999999
6.6,2,17,23,5,1,1.34,0.5,0.96875
33.8,2,17,23,5,1,0.8,1.44,0.9874999999999999
20.9,3,18,23,5,1,1.89,1.24,0.9720833333333334
-5.6,2,19,23,5,1,0.87,1.13,0.96125
18.3,5,21,23,5,1,0.87,0.35,0.96625
29.4,4,22,23,5,1,0.47,0.65,0.9587500000000001
32.4,1,22,23,5,1,0.47,1.61,0.9570833333333334
-5.5,3,22,23,5,1,1.57,0.75,0.9825
37.9,3,23,23,5,1,1.36,1.4,1.0062499999999999
32.8,5,23,23,5,1,1.97,0.65,1.0116666666666667
39.1,2,23,23,5,1,0.78,1.1,0.9758333333333332
14.5,5,0,24,5,2,0.24,1.99,0.9504166666666668
25.1,5,1,24,5,2,1.38,0.77,0.9404166666666667
38.9,3,1,24,5,2,0.53,0.46,0.98
17.2,2,2,24,5,2,1.41,0.35,1.0458333333333332
19.0,5,3,24,5,2,1.93,0.25,1.0708333333333333
19.3,5,4,24,5,2,0.85,1.79,1.0620833333333335
34.4,1,5,24,5,2,1.58,0.34,1.1245833333333335
32.4,5,5,24,5,2,1.84,0.48,1.1429166666666666
11.6,3,7,24,5,2,0.92,0.62,1.1445833333333333
15.4,5,9,24,5,2,0.66,1.49,1.1154166666666667
8.9,5,9,24,5,2,0.79,1.06,1.1016666666666668
-9.5,2,10,24,5,2,0.73,1.19,1.11625
30.6,5,12,24,5,2,1.54,1.34,1.1045833333333335
35.3,5,12,24,5,2,1.06,0.8,1.1308333333333334
36.8,5,13,24,5,2,1.43,1.89,1.0975
10.6,2,14,24,5,2,1.09,0.87,1.1379166666666667
14.0,2,14,24,5,2,1.84,0.87,1.1329166666666668
14.0,5,15,24,5,2,0.75,0.47,1.16125
4.3,1,16,24,5,2,1.15,0.47,1.1595833333333332
2.0,2,19,24,5,2,0.43,1.57,1.1120833333333333
-9.5,1,21,24,5,2,0.43,1.36,1.1091666666666666
9.9,2,21,24,5,2,1.29,1.97,1.0679166666666668
21.6,3,23,24,5,2,0.98,0.78,1.11
29.1,3,23,24,5,2,1.79,0.24,1.1241666666666668
6.5,4,1,25,5,3,0.58,1.38,1.0945833333333332
0.2,5,3,25,5,3,0.67,0.53,1.1079166666666667
9.0,3,3,25,5,3,0.85,1.41,1.1029166666666668
9.7,2,4,25,5,3,1.29,1.93,1.0320833333333335
16.3,4,4,25,5,3,0.23,0.85,1.0516666666666667
13.4,3,5,25,5,3,1.32,1.58,1.0254166666666669
31.8,4,5,25,5,3,0.95,1.84,0.9587499999999999
-4.8,4,7,25,5,3,0.24,0.92,0.9716666666666667
19.3,3,8,25,5,3,1.23,0.66,0.97375
3.5,3,8,25,5,3,0.71,0.79,0.9670833333333334
2.0,1,9,25,5,3,0.63,0.73,0.9845833333333335
-4.0,5,9,25,5,3,1.15,1.54,0.9987500000000001
26.5,5,9,25,5,3,1.88,1.06,0.9670833333333334
10.5,3,11,25,5,3,0.3,1.43,0.9570833333333333
25.4,4,11,25,5,3,1.19,1.09,0.9587499999999999
2.3,1,12,25,5,3,1.13,1.84,0.9295833333333333
6.5,1,14,25,5,3,1.14,0.75,0.91375
34.3,3,15,25,5,3,0.37,1.15,0.9308333333333333
1.4,4,16,25,5,3,1.56,0.43,0.9725
35.9,2,18,25,5,3,1.43,0.43,1.0220833333333332
15.2,3,18,25,5,3,1.62,1.29,1.0233333333333332
27.1,3,18,25,5,3,1.32,0.98,0.995
8.8,1,19,25,5,3,0.3,1.79,0.9625
-4.4,5,20,25,5,3,1.01,0.58,0.9616666666666668
1.3,5,22,25,5,3,0.56,0.67,1.0125
16.4,3,22,25,5,3,1.89,0.85,1.0541666666666667
6.0,5,22,25,5,3,1.85,1.29,1.0141666666666667
22.3,5,0,26,5,4,0.33,0.23,1.07875
-5.5,2,0,26,5,4,1.78,1.32,1.0779166666666666
38.1,2,1,26,5,4,1.3,0.95,1.0525
-7.9,5,1,26,5,4,0.34,0.24,1.06625
2.2,2,1,26,5,4,0.57,1.23,1.0975
8.3,1,4,26,5,4,1.98,0.71,1.1275
-8.7,5,5,26,5,4,1.43,0.63,1.165
28.0,3,5,26,5,4,1.53,1.15,1.1575
34.5,5,5,26,5,4,0.97,1.88,1.0999999999999999
33.9,3,5,26,5,4,0.5,0.3,1.1404166666666666
16.7,2,6,26,5,4,1.27,1.19,1.1391666666666667
30.7,1,7,26,5,4,1.16,1.13,1.1020833333333335
34.8,4,7,26,5,4,0.24,1.14,1.1
-6.7,3,8,26,5,4,1.09,0.37,1.1016666666666668
13.7,4,9,26,5,4,0.41,1.56,1.0820833333333335
30.7,5,9,26,5,4,1.09,1.43,1.0362500000000001
21.8,4,9,26,5,4,0.33,1.62,1.0208333333333333
11.4,1,10,26,5,4,1.25,1.32,1.0091666666666665
-7.9,4,11,26,5,4,1.04,0.3,1.0516666666666665
15.1,1,12,26,5,4,1.32,1.01,1.0683333333333331
19.0,3,13,26,5,4,1.41,0.56,1.085
30.5,2,16,26,5,4,0.96,1.89,1.0320833333333332
-1.7,4,18,26,5,4,0.62,1.85,1.0266666666666666
27.2,3,18,26,5,4,1.72,0.33,1.05875
-5.0,4,19,26,5,4,1.1,1.78,1.0183333333333333
37.1,4,20,26,5,4,0.81,1.3,1.0341666666666667
21.4,5,21,26,5,4,1.68,0.34,1.06
39.9,1,21,26,5,4,0.96,0.57,1.1116666666666666
7.0,1,21,26,5,4,1.81,1.98,1.1083333333333334
-8.8,5,21,26,5,4,1.9,1.43,1.10375
-5.5,5,23,26,5,4,1.32,1.53,1.0566666666666666
9.8,1,0,27,5,5,0.4,0.97,1.055
18.9,4,3,27,5,5,0.93,0.5,1.1020833333333333
9.3,5,5,27,5,5,1.63,1.27,1.0691666666666666
24.9,1,7,27,5,5,0.48,1.16,1.0429166666666667
-8.0,4,7,27,5,5,0.53,0.24,1.095
-7.0,5,7,27,5,5,1.49,1.09,1.1241666666666668
10.5,2,8,27,5,5,1.79,0.41,1.1270833333333332
31.0,2,9,27,5,5,0.48,1.09,1.1512499999999999
14.9,5,9,27,5,5,1.67,0.33,1.205
-6.8,3,10,27,5,5,1.62,1.25,1.2083333333333333
-0.2,1,10,27,5,5,1.33,1.04,1.1779166666666667
-2.8,4,11,27,5,5,0.31,1.32,1.2020833333333334
-1.0,1,11,27,5,5,1.9,1.41,1.21625
21.8,4,12,27,5,5,1.75,0.96,1.2141666666666666
-5.4,2,12,27,5,5,0.91,0.62,1.2179166666666668
-0.4,3,12,27,5,5,0.71,1.72,1.2229166666666667
-1.0,2,13,27,5,5,1.84,1.1,1.1879166666666665
6.5,3,14,27,5,5,0.26,0.81,1.2083333333333333
5.8,2,15,27,5,5,1.3,1.68,1.1483333333333334
34.7,5,15,27,5,5,0.24,0.96,1.14625
29.6,3,16,27,5,5,0.91,1.81,1.1329166666666668
38.6,5,17,27,5,5,1.49,1.9,1.0683333333333334
36.0,1,17,27,5,5,0.35,1.32,1.0241666666666667
36.6,1,18,27,5,5,0.26,0.4,1.0270833333333333
31.1,3,21,27,5,5,0.47,0.93,1.0408333333333333
34.6,2,22,27,5,5,1.26,1.63,1.0362500000000001
25.2,2,23,27,5,5,1.52,0.48,1.0683333333333334
30.4,5,0,28,5,6,1.25,0.53,1.08625
-7.3,4,0,28,5,6,0.96,1.49,1.09375
14.6,3,2,28,5,6,1.67,1.79,1.0795833333333333
39.6,5,3,28,5,6,1.45,0.48,1.1233333333333333
36.0,5,4,28,5,6,1.53,1.67,1.0658333333333332
21.9,1,4,28,5,6,0.29,1.62,1.0633333333333332
32.3,1,5,28,5,6,1.56,1.33,1.0633333333333332
31.6,5,5,28,5,6,1.33,0.31,1.1091666666666666
38.9,2,6,28,5,6,1.41,1.9,1.0545833333333332
0.7,3,6,28,5,6,0.59,1.75,1.02375
-9.7,1,7,28,5,6,1.01,0.91,1.0425
-1.9,4,9,28,5,6,1.36,0.71,1.0591666666666666
33.5,2,11,28,5,6,1.11,1.84,1.04125
32.8,2,11,28,5,6,1.41,0.26,1.105
33.9,4,12,28,5,6,1.79,1.3,1.06
22.5,4,14,28,5,6,0.22,0.24,1.1329166666666666
7.9,3,15,28,5,6,1.99,0.91,1.1520833333333333
12.9,4,15,28,5,6,1.37,1.49,1.0999999999999999
-3.6,4,16,28,5,6,0.24,0.35,1.1383333333333334
39.1,2,18,28,5,6,1.27,0.26,1.1958333333333333
28.3,1,18,28,5,6,1.64,0.47,1.2495833333333335
12.1,5,20,28,5,6,1.76,1.26,1.27375
26.8,3,20,28,5,6,1.84,1.52,1.2750000000000001
33.9,5,20,28,5,6,1.55,1.25,1.2454166666666666
3.6,5,20,28,5,6,0.54,0.96,1.2729166666666667
29.3,5,21,28,5,6,1.62,1.67,1.2708333333333333
2.5,5,21,28,5,6,1.62,1.45,1.2725
-2.5,5,22,28,5,6,1.49,1.53,1.25875
-5.5,3,22,28,5,6,1.2,0.29,1.3045833333333334
-8.9,1,23,28,5,6,1.39,1.56,1.2666666666666666
18.6,1,0,29,5,0,0.65,1.33,1.2658333333333334
30.6,5,1,29,5,0,1.31,1.41,1.2783333333333333
10.1,5,2,29,5,0,1.71,0.59,1.3366666666666667
11.5,5,4,29,5,0,1.99,1.01,1.36
12.9,4,5,29,5,0,1.57,1.36,1.31625
38.5,4,7,29,5,0,0.31,1.11,1.2841666666666667
27.0,3,7,29,5,0,0.34,1.41,1.2629166666666667
32.0,3,7,29,5,0,0.9,1.79,1.2245833333333334
19.8,3,8,29,5,0,0.87,0.22,1.2479166666666666
3.8,1,10,29,5,0,0.78,1.99,1.2129166666666666
22.0,3,12,29,5,0,1.15,1.37,1.19125
1.3,5,12,29,5,0,0.85,0.24,1.2179166666666668
15.2,5,13,29,5,0,0.88,1.27,1.2308333333333334
-2.2,4,14,29,5,0,1.58,1.64,1.1933333333333334
24.9,4,14,29,5,0,0.74,1.76,1.1554166666666668
19.5,3,14,29,5,0,0.85,1.84,1.1279166666666667
6.8,3,14,29,5,0,1.18,1.55,1.1433333333333333
-5.3,5,15,29,5,0,1.92,0.54,1.1866666666666668
25.7,3,15,29,5,0,1.58,1.62,1.1783333333333335
9.0,2,17,29,5,0,1.42,1.62,1.1925000000000001
-2.7,4,17,29,5,0,1.96,1.49,1.1612500000000001
18.0,5,18,29,5,0,0.74,1.2,1.1629166666666666
-3.1,1,19,29,5,0,1.24,1.39,1.1425
-6.2,2,22,29,5,0,0.9,0.65,1.125
15.6,2,0,30,5,1,0.23,1.31,1.105
27.2,2,2,30,5,1,0.83,1.71,1.0945833333333335
16.8,5,2,30,5,1,1.46,1.99,1.0216666666666667
18.2,5,3,30,5,1,0.24,1.57,1.0058333333333334
16.7,4,3,30,5,1,1.19,0.31,1.04
30.0,2,6,30,5,1,1.13,0.34,1.0987500000000001
-1.2,5,6,30,5,1,1.75,0.9,1.0970833333333332
18.1,2,7,30,5,1,0.86,0.87,1.1275000000000002
28.7,2,8,30,5,1,1.6,0.78,1.11
-9.9,2,9,30,5,1,0.36,1.15,1.0825
14.1,2,9,30,5,1,0.49,0.85,1.1058333333333332
5.0,4,10,30,5,1,1.41,0.88,1.13375
-3.2,5,11,30,5,1,1.55,1.58,1.1229166666666666
34.5,1,12,30,5,1,1.32,0.74,1.1541666666666666
-6.9,2,12,30,5,1,1.49,0.85,1.1533333333333333
28.8,5,12,30,5,1,0.83,1.18,1.135
30.9,3,14,30,5,1,0.74,1.92,1.1120833333333333
24.3,1,14,30,5,1,1.37,1.58,1.0820833333333333
12.4,3,14,30,5,1,0.86,1.42,1.0620833333333333
33.8,5,16,30,5,1,0.94,1.96,1.0404166666666665
-3.7,3,17,30,5,1,1.44,0.74,1.0533333333333332
14.7,1,19,30,5,1,1.05,1.24,1.015
20.7,1,21,30,5,1,0.32,0.9,0.9879166666666666
35.1,4,23,30,5,1,0.25,0.23,0.9958333333333335
22.7,5,23,30,5,1,0.42,0.83,0.9824999999999999
-2.5,3,3,31,5,2,0.51,1.46,0.9445833333333332
11.9,3,4,31,5,2,0.55,0.24,0.9616666666666668
19.3,1,5,31,5,2,0.65,1.19,0.92125
26.7,4,7,31,5,2,0.22,1.13,0.9079166666666666
29.0,4,8,31,5,2,0.81,1.75,0.8579166666666667
34.9,2,8,31,5,2,0.55,0.86,0.8495833333333334
-2.9,1,8,31,5,2,0.66,1.6,0.86
36.5,3,9,31,5,2,1.85,0.36,0.86875
3.5,1,9,31,5,2,0.57,0.49,0.8995833333333333
-8.0,3,10,31,5,2,1.23,1.41,0.9225
-4.7,1,10,31,5,2,1.96,1.55,0.91125
6.6,1,10,31,5,2,1.28,1.32,0.92875
-4.9,5,10,31,5,2,1.74,1.49,0.8845833333333334
27.4,4,11,31,5,2,0.43,0.83,0.8875000000000001
2.0,3,13,31,5,2,0.9,0.74,0.9016666666666667
6.7,2,13,31,5,2,1.08,1.37,0.9204166666666667
6.8,2,13,31,5,2,1.82,0.86,0.9358333333333334
-1.2,5,13,31,5,2,1.23,0.94,0.9075000000000001
-2.0,4,15,31,5,2,0.26,1.44,0.8650000000000001
27.6,5,15,31,5,2,0.42,1.05,0.8533333333333334
6.1,3,16,31,5,2,0.77,0.32,0.8508333333333334
9.4,2,16,31,5,2,0.26,0.25,0.8612500000000001
12.4,1,18,31,5,2,0.5,0.42,0.9216666666666667
18.9,3,18,31,5,2,1.87,0.51,0.945
28.3,5,22,31,5,2,1.07,0.55,1.0041666666666667
8.7,4,0,1,6,3,1.97,0.65,1.0295833333333333
20.1,3,2,1,6,3,1.26,0.22,1.0608333333333333
22.2,4,2,1,6,3,0.97,0.81,1.0733333333333335
-6.3,1,4,1,6,3,1.11,0.55,1.0779166666666666
8.8,5,4,1,6,3,0.66,0.66,1.07
37.6,2,4,1,6,3,0.47,1.85,1.0062499999999999
39.6,4,4,1,6,3,0.32,0.57,1.0233333333333332
4.2,3,5,1,6,3,0.98,1.23,1.0125
16.2,5,5,1,6,3,0.97,1.96,0.9975
20.3,4,5,1,6,3,1.6,1.28,0.985
23.4,1,6,1,6,3,0.98,1.74,0.9529166666666667
-1.9,2,6,1,6,3,0.97,0.43,0.9579166666666667
25.7,1,6,1,6,3,0.55,0.9,0.9525
34.7,1,7,1,6,3,0.77,1.08,0.9241666666666667
32.4,1,8,1,6,3,0.4,1.82,0.8691666666666666
18.0,3,9,1,6,3,0.5,1.23,0.8404166666666667
-3.9,4,10,1,6,3,0.54,0.26,0.8391666666666667
17.8,4,10,1,6,3,0.23,0.42,0.8916666666666667
23.0,3,11,1,6,3,1.68,0.77,0.8925000000000001
16.4,5,11,1,6,3,0.79,0.26,0.96
21.6,4,12,1,6,3,1.88,0.5,0.9779166666666667
30.2,4,13,1,6,3,0.93,1.87,0.92875
4.2,5,14,1,6,3,0.69,1.07,0.9233333333333332
13.1,2,15,1,6,3,0.94,1.97,0.9179166666666667
2.8,2,17,1,6,3,1.84,1.26,0.9058333333333334
28.0,1,18,1,6,3,0.97,0.97,0.9320833333333333
-6.9,4,20,1,6,3,1.6,1.11,0.9225
30.7,2,21,1,6,3,0.88,0.66,0.9429166666666666
31.3,1,1,2,6,4,1.15,0.47,0.9866666666666667
0.4,5,2,2,6,4,1.52,0.32,1.02
30.5,2,6,2,6,4,1.12,0.98,1.0225
1.5,1,6,2,6,4,1.04,0.97,1.0379166666666666
18.8,1,6,2,6,4,1.34,1.6,0.995
-4.9,5,6,2,6,4,0.57,0.98,0.9929166666666666
16.4,2,6,2,6,4,0.93,0.97,1.01625
2.4,5,8,2,6,4,1.53,0.55,1.0154166666666666
-3.4,4,10,2,6,4,0.53,0.77,1.0183333333333333
39.8,2,12,2,6,4,0.84,0.4,1.0195833333333335
-5.4,1,12,2,6,4,0.43,0.5,1.0337500000000002
18.0,3,16,2,6,4,0.84,0.54,1.0708333333333333
29.1,2,16,2,6,4,1.43,0.23,1.0745833333333332
-9.9,3,17,2,6,4,0.32,1.68,1.05
6.0,2,18,2,6,4,1.09,0.79,1.065
5.4,1,18,2,6,4,1.15,1.88,1.0220833333333335
-7.3,2,19,2,6,4,0.85,0.93,1.0025000000000002
17.7,5,20,2,6,4,0.46,0.69,1.0525
9.3,2,0,3,6,5,1.89,0.94,1.0762500000000002
-1.9,5,0,3,6,5,1.51,1.84,1.0670833333333334
28.9,5,0,3,6,5,1.62,0.97,1.0408333333333333
31.6,2,1,3,6,5,0.34,1.6,1.0225000000000002
7.5,1,1,3,6,5,1.16,0.88,1.0341666666666667
32.3,1,4,3,6,5,1.16,1.15,1.00125
-1.6,1,5,3,6,5,0.36,1.52,1.0104166666666667
5.6,4,7,3,6,5,1.74,1.12,0.9954166666666667
25.9,4,7,3,6,5,0.76,1.04,1.0204166666666667
38.7,1,8,3,6,5,1.64,1.34,1.0141666666666667
11.2,4,10,3,6,5,1.19,0.57,1.0508333333333333
5.2,4,12,3,6,5,1.45,0.93,1.0670833333333334
2.7,4,12,3,6,5,1.32,1.53,1.0670833333333334
-8.9,4,13,3,6,5,1.53,0.53,1.1112499999999998
0.5,1,14,3,6,5,1.59,0.84,1.0875
1.3,2,15,3,6,5,0.27,0.43,1.1141666666666665
-0.2,5,15,3,6,5,1.07,0.84,1.1008333333333333
-6.0,3,16,3,6,5,0.52,1.43,1.12375
-5.1,4,18,3,6,5,1.98,0.32,1.1325
-8.6,1,19,3,6,5,0.53,1.09,1.1554166666666668
16.1,3,21,3,6,5,1.64,1.15,1.1291666666666667
-9.5,2,23,3,6,5,0.52,0.85,1.1729166666666666
31.1,2,0,4,6,6,1.9,0.46,1.2016666666666667
5.7,4,1,4,6,6,1.15,1.89,1.1333333333333335
-4.0,3,5,4,6,6,0.25,1.51,1.09125
18.2,2,6,4,6,6,0.5,1.62,1.0529166666666667
6.7,2,6,4,6,6,0.7,0.34,1.0908333333333333
2.2,3,8,4,6,6,1.25,1.16,1.0625
26.0,4,8,4,6,6,0.48,1.16,1.0799999999999998
1.7,1,8,4,6,6,1.58,0.36,1.0975
36.0,4,9,4,6,6,0.78,1.74,1.0675000000000001
6.4,2,9,4,6,6,1.02,0.76,1.1079166666666667
-9.2,1,10,4,6,6,1.73,1.64,1.1099999999999999
2.4,2,10,4,6,6,1.69,1.19,1.0716666666666668
17.9,4,13,4,6,6,0.27,1.45,1.0229166666666667
4.1,4,14,4,6,6,0.28,1.32,0.9900000000000001
30.9,3,16,4,6,6,0.53,1.53,0.99125
14.6,4,16,4,6,6,1.56,1.59,0.9541666666666666
13.6,3,16,4,6,6,0.7,0.27,1.0125
13.3,2,16,4,6,6,1.67,1.07,1.0116666666666667
16.4,5,16,4,6,6,1.05,0.52,1.0366666666666668
28.2,1,18,4,6,6,1.12,1.98,1.01875
37.5,4,19,4,6,6,1.55,0.53,1.0783333333333334
5.9,1,20,4,6,6,1.96,1.64,1.0283333333333333
-8.0,5,21,4,6,6,0.44,0.52,1.0170833333333333
27.3,1,23,4,6,6,0.25,1.9,1.0195833333333333
-5.3,5,1,5,6,0,1.96,1.15,1.0154166666666666
38.1,5,2,5,6,0,1.05,0.25,1.0816666666666666
-8.1,4,3,5,6,0,1.84,0.5,1.1099999999999999
14.6,4,3,5,6,0,1.18,0.7,1.1033333333333333
31.8,5,3,5,6,0,0.54,1.25,1.0729166666666667
31.2,4,3,5,6,0,0.52,0.48,1.1275
0.6,2,4,5,6,0,1.79,1.58,1.0816666666666668
20.8,5,5,5,6,0,0.48,0.78,1.07
-4.9,5,7,5,6,0,0.5,1.02,1.04375
1.1,5,7,5,6,0,0.39,1.73,1.0283333333333333
32.8,5,8,5,6,0,1.36,1.69,0.9962500000000002
0.2,1,8,5,6,0,0.92,0.27,1.0225
22.8,1,9,5,6,0,0.9,0.28,1.0841666666666667
39.1,5,9,5,6,0,1.76,0.53,1.1425
28.1,2,12,5,6,0,1.93,1.56,1.09
27.2,3,13,5,6,0,0.3,0.7,1.1075000000000002
9.5,2,13,5,6,0,1.12,1.67,1.0933333333333335
-6.0,4,14,5,6,0,1.33,1.05,1.11625
33.0,5,16,5,6,0,1.6,1.12,1.0999999999999999
37.5,3,19,5,6,0,0.73,1.55,1.0545833333333334
1.7,5,19,5,6,0,0.46,1.96,0.9870833333333334
7.0,3,20,5,6,0,0.34,0.44,1.0204166666666665
-5.0,4,22,5,6,0,1.24,0.25,1.0370833333333334
-5.1,3,23,5,6,0,0.65,1.96,1.02125
11.6,5,23,5,6,0,1.58,1.05,1.0137500000000002
0.7,2,23,5,6,0,0.87,1.84,0.9904166666666668
17.7,4,0,6,6,1,1.28,1.18,0.9558333333333334
20.3,1,2,6,6,1,0.35,0.54,0.9483333333333333
26.0,2,2,6,6,1,0.36,0.52,1.00125
36.4,3,3,6,6,1,1.79,1.79,0.9420833333333333
1.8,5,3,6,6,1,0.37,0.48,0.9416666666666668
-1.6,5,6,6,6,1,0.47,0.5,0.9695833333333334
34.7,4,7,6,6,1,1.17,0.39,0.9691666666666666
29.9,5,7,6,6,1,0.38,1.36,0.9279166666666666
-9.8,4,7,6,6,1,0.37,0.92,0.9083333333333332
26.5,4,7,6,6,1,0.45,0.9,0.9375
36.3,4,9,6,6,1,1.6,1.76,0.8791666666666668
-9.5,5,9,6,6,1,0.36,1.93,0.8075
20.0,4,9,6,6,1,0.21,0.3,0.8033333333333333
25.0,1,10,6,6,1,0.2,1.12,0.82875
6.8,3,12,6,6,1,1.73,1.33,0.78375
0.3,3,12,6,6,1,0.25,1.6,0.7766666666666667
29.5,3,13,6,6,1,1.43,0.73,0.7958333333333334
-1.1,3,13,6,6,1,1.19,0.46,0.78625
25.7,3,14,6,6,1,0.23,0.34,0.8429166666666666
1.3,2,14,6,6,1,1.7,1.24,0.82375
-6.5,5,14,6,6,1,0.78,0.65,0.8433333333333333
21.0,2,15,6,6,1,1.12,1.58,0.8154166666666667
31.8,5,15,6,6,1,0.91,0.87,0.835
7.5,5,16,6,6,1,1.34,1.28,0.8137499999999999
32.1,3,16,6,6,1,0.77,0.35,0.8458333333333333
0.2,3,16,6,6,1,1.12,0.36,0.8700000000000001
5.9,5,17,6,6,1,0.94,1.79,0.8083333333333332
1.3,1,17,6,6,1,0.31,0.37,0.8112500000000001
33.3,5,17,6,6,1,0.44,0.47,0.82
38.9,1,17,6,6,1,0.68,1.17,0.84125
14.4,5,18,6,6,1,1.68,0.38,0.8904166666666667
23.0,5,19,6,6,1,1.56,0.37,0.9366666666666666
36.9,4,19,6,6,1,1.48,0.45,0.9716666666666667
-0.7,1,21,6,6,1,1.29,1.6,0.9391666666666666
29.0,5,23,6,6,1,0.82,0.36,0.9787500000000001
21.8,3,23,6,6,1,1.31,0.21,1.0262499999999999
38.4,5,1,7,6,2,1.35,0.2,1.09375
30.2,5,3,7,6,2,1.82,1.73,1.0754166666666667
31.1,2,3,7,6,2,1.29,0.25,1.1125
36.9,3,4,7,6,2,1.14,1.43,1.0845833333333335
26.1,2,4,7,6,2,0.76,1.19,1.0929166666666665
12.8,4,5,7,6,2,1.39,0.23,1.13875
24.4,5,6,7,6,2,1.33,1.7,1.1304166666666666
23.3,5,7,7,6,2,1.5,0.78,1.1270833333333334
20.9,2,7,7,6,2,0.7,1.12,1.1508333333333334
20.9,5,8,7,6,2,1.69,0.91,1.1591666666666667
31.8,2,8,7,6,2,1.11,1.34,1.13375
-6.8,2,11,7,6,2,0.73,0.77,1.1741666666666666
-3.2,2,11,7,6,2,1.74,1.12,1.17
0.5,2,13,7,6,2,1.02,0.94,1.16125
23.6,2,14,7,6,2,0.73,0.31,1.22875
1.5,4,14,7,6,2,1.93,0.44,1.285
15.2,3,14,7,6,2,1.79,0.68,1.2758333333333332
3.5,1,16,7,6,2,0.46,1.68,1.26375
12.4,5,16,7,6,2,1.39,1.56,1.2133333333333334
-6.6,5,16,7,6,2,0.35,1.48,1.1966666666666665
-0.1,4,17,7,6,2,1.08,1.29,1.21125
25.3,1,17,7,6,2,1.64,0.82,1.2529166666666667
-7.0,3,17,7,6,2,1.82,1.31,1.2091666666666667
20.9,2,17,7,6,2,0.26,1.35,1.2183333333333335
28.7,1,18,7,6,2,1.57,1.82,1.1795833333333332
23.0,1,20,7,6,2,0.89,1.29,1.1945833333333333
0.8,5,21,7,6,2,1.65,1.14,1.18375
-7.7,3,22,7,6,2,0.88,0.76,1.1845833333333333
33.8,2,0,8,6,3,0.78,1.39,1.1504166666666666
30.8,2,0,8,6,3,0.57,1.33,1.1591666666666667
1.0,5,0,8,6,3,1.54,1.5,1.1595833333333332
7.6,1,0,8,6,3,1.51,0.7,1.1754166666666668
-2.0,5,0,8,6,3,1.08,1.69,1.1270833333333334
37.1,4,2,8,6,3,0.53,1.11,1.1608333333333334
-0.8,3,2,8,6,3,1.92,0.73,1.2108333333333332
31.5,2,3,8,6,3,1.93,1.74,1.185
4.5,1,3,8,6,3,1.12,1.02,1.2195833333333335
-5.5,2,4,8,6,3,1.85,0.73,1.2508333333333332
0.1,1,6,8,6,3,1.48,1.93,1.2329166666666667
19.7,3,6,8,6,3,1.5,1.79,1.2304166666666665
6.1,1,7,8,6,3,1.73,0.46,1.2783333333333333
17.3,5,7,8,6,3,1.61,1.39,1.2625
-1.7,3,10,8,6,3,1.01,0.35,1.3195833333333333
15.1,5,10,8,6,3,1.72,1.08,1.2883333333333333
38.4,4,11,8,6,3,0.33,1.64,1.2379166666666668
-5.7,5,14,8,6,3,0.43,1.82,1.2029166666666666
4.6,1,17,8,6,3,0.98,0.26,1.25125
16.2,4,17,8,6,3,1.42,1.57,1.2579166666666668
35.2,5,20,8,6,3,1.73,0.89,1.2637500000000002
-6.6,4,21,8,6,3,1.03,1.65,1.2191666666666665
-1.7,5,23,8,6,3,0.58,0.88,1.2320833333333334
-2.6,2,0,9,6,4,1.19,0.78,1.2366666666666666
19.4,3,0,9,6,4,0.89,0.57,1.2516666666666667
26.9,5,0,9,6,4,0.93,1.54,1.2025
18.4,2,0,9,6,4,0.36,1.51,1.1491666666666667
28.7,1,2,9,6,4,0.23,1.08,1.1391666666666667
19.9,4,3,9,6,4,0.84,0.53,1.1858333333333333
23.7,2,5,9,6,4,1.65,1.92,1.1370833333333332
-7.1,1,5,9,6,4,0.75,1.93,1.07125
19.1,3,5,9,6,4,0.35,1.12,1.0870833333333334
2.9,3,5,9,6,4,1.5,1.85,1.0266666666666666
3.0,1,6,9,6,4,0.4,1.48,1.0112500000000002
12.3,3,7,9,6,4,1.11,1.5,1.0279166666666668
22.4,3,8,9,6,4,1.9,1.73,0.9787500000000001
39.3,2,9,9,6,4,0.55,1.61,0.9575
3.9,1,11,9,6,4,1.1,1.01,0.9733333333333333
18.4,1,12,9,6,4,1.39,1.72,0.9258333333333334
31.7,3,14,9,6,4,0.58,0.33,0.9645833333333332
9.3,1,14,9,6,4,1.26,0.43,1.0266666666666666
12.5,5,14,9,6,4,1.92,0.98,1.0370833333333334
24.4,3,14,9,6,4,1.23,1.42,1.0275
33.6,1,14,9,6,4,1.19,1.73,0.9704166666666666
11.2,4,14,9,6,4,0.36,1.03,0.9866666666666667
15.4,5,15,9,6,4,1.42,0.58,0.9750000000000001
32.9,4,15,9,6,4,0.3,1.19,0.9512499999999999
-6.8,2,16,9,6,4,0.62,0.89,0.9716666666666667
26.8,4,17,9,6,4,1.38,0.93,1.0054166666666666
2.9,3,17,9,6,4,1.74,0.36,1.0154166666666666
-6.0,5,17,9,6,4,0.6,0.23,1.0808333333333333
25.7,2,17,9,6,4,1.8,0.84,1.0916666666666666
-1.5,2,18,9,6,4,1.1,1.65,1.0458333333333334
12.7,5,19,9,6,4,0.55,0.75,1.0904166666666668
26.0,1,20,9,6,4,1.82,0.35,1.1545833333333333
19.3,4,20,9,6,4,1.89,1.5,1.1220833333333333
35.4,3,22,9,6,4,0.72,0.4,1.1845833333333333
24.6,5,23,9,6,4,1.9,1.11,1.20125
27.9,4,0,10,6,5,1.51,1.9,1.15875
9.3,4,1,10,6,5,0.88,0.55,1.2016666666666667
39.6,2,1,10,6,5,1.58,1.1,1.1779166666666667
11.4,2,2,10,6,5,0.53,1.39,1.15625
5.7,1,2,10,6,5,0.87,0.58,1.1733333333333333
35.6,3,4,10,6,5,0.99,1.26,1.1795833333333334
-6.8,1,8,10,6,5,1.41,1.92,1.1433333333333333
0.1,1,9,10,6,5,1.05,1.23,1.1095833333333334
4.9,4,10,10,6,5,0.42,1.19,1.0958333333333334
39.6,5,10,10,6,5,0.86,0.36,1.1504166666666666
29.1,1,12,10,6,5,1.67,1.42,1.1504166666666666
14.2,1,12,10,6,5,1.42,0.3,1.2
6.7,2,12,10,6,5,1.49,0.62,1.1908333333333334
28.7,3,13,10,6,5,0.4,1.38,1.1975
-7.3,3,13,10,6,5,1.54,1.74,1.15375
21.0,3,15,10,6,5,0.69,0.6,1.15875
16.4,3,15,10,6,5,0.72,1.8,1.1045833333333333
24.9,2,16,10,6,5,0.5,1.1,1.1170833333333332
4.8,2,16,10,6,5,1.4,0.55,1.1620833333333334
1.0,2,17,10,6,5,1.63,1.82,1.1391666666666667
3.0,4,17,10,6,5,1.27,1.89,1.1420833333333333
25.6,2,19,10,6,5,1.96,0.72,1.1929166666666666
16.4,3,20,10,6,5,1.94,1.9,1.1641666666666668
11.1,1,21,10,6,5,1.21,1.51,1.1529166666666666
1.6,1,21,10,6,5,1.24,0.88,1.1316666666666666
25.7,1,22,10,6,5,0.37,1.58,1.0866666666666667
5.2,1,23,10,6,5,0.5,0.53,1.1008333333333333
6.1,1,23,10,6,5,0.87,0.87,1.0829166666666665
8.1,5,0,11,6,6,0.44,0.99,1.0783333333333334
30.1,5,1,11,6,6,0.88,1.41,1.0487499999999998
38.1,4,1,11,6,6,0.7,1.05,1.0366666666666668
24.2,4,1,11,6,6,0.76,0.42,1.0916666666666666
38.6,1,1,11,6,6,1.74,0.86,1.0729166666666667
37.2,4,2,11,6,6,0.41,1.67,1.0487499999999998
18.4,2,3,11,6,6,1.09,1.42,1.0558333333333334
34.6,1,3,11,6,6,1.59,1.49,1.0562500000000001
13.0,3,3,11,6,6,1.5,0.4,1.0775
-2.4,3,5,11,6,6,0.91,1.54,1.0262499999999999
1.5,4,7,11,6,6,0.31,0.69,1.01125
-3.5,2,8,11,6,6,0.33,0.72,1.0079166666666668
22.4,3,9,11,6,6,0.64,0.5,1.0091666666666665
27.3,3,9,11,6,6,0.53,1.4,0.9637500000000001
12.9,4,9,11,6,6,0.31,1.63,0.9112499999999999
31.0,2,9,11,6,6,0.37,1.27,0.8820833333333332
-1.7,5,9,11,6,6,0.57,1.96,0.8695833333333333
11.0,4,11,11,6,6,1.66,1.94,0.8254166666666668
15.1,4,12,11,6,6,0.88,1.21,0.85125
25.3,5,12,11,6,6,1.83,1.24,0.8183333333333334
-3.1,2,12,11,6,6,0.45,0.37,0.8745833333333334
9.4,4,12,11,6,6,1.72,0.5,0.8766666666666666
5.5,1,13,11,6,6,0.55,0.87,0.9058333333333333
11.3,1,13,11,6,6,1.57,0.44,0.9333333333333335
18.9,2,13,11,6,6,1.1,0.88,0.9404166666666667
-7.0,4,14,11,6,6,1.05,0.7,0.9741666666666666
32.7,1,14,11,6,6,1.51,0.76,0.9725
17.5,2,14,11,6,6,0.72,1.74,0.9291666666666667
9.4,1,15,11,6,6,0.7,0.41,0.9249999999999999
22.3,1,15,11,6,6,0.31,1.09,0.9608333333333333
-4.3,4,15,11,6,6,1.95,1.59,0.9354166666666667
10.2,2,15,11,6,6,0.98,1.5,0.8858333333333334
-0.3,2,17,11,6,6,0.31,0.91,0.8983333333333333
-8.9,3,17,11,6,6,1.21,0.31,0.9087500000000001
5.2,2,18,11,6,6,0.56,0.33,0.9566666666666667
22.3,2,18,11,6,6,1.48,0.64,0.9474999999999999
6.3,1,20,11,6,6,0.42,0.53,0.9741666666666667
26.9,3,22,11,6,6,1.17,0.31,1.0229166666666665
23.5,4,23,11,6,6,1.48,0.37,1.0450000000000002
4.1,4,23,11,6,6,0.9,0.57,1.08125
18.3,4,1,12,6,0,1.44,1.66,1.0604166666666666
6.9,1,1,12,6,0,1.16,0.88,1.0795833333333331
21.0,1,2,12,6,0,1.34,1.83,1.0270833333333333
23.3,2,3,12,6,0,0.57,0.45,1.0270833333333333
28.6,4,3,12,6,0,0.45,1.72,1.0366666666666666
23.5,1,3,12,6,0,1.95,0.55,1.0825
35.4,5,4,12,6,0,1.65,1.57,1.055
11.1,1,4,12,6,0,0.91,1.1,1.0383333333333333
34.5,1,6,12,6,0,0.7,1.05,1.01
3.5,1,7,12,6,0,0.37,1.51,1.01
28.6,1,7,12,6,0,1.51,0.72,1.0274999999999999
-8.4,4,8,12,6,0,1.14,0.7,1.01125
13.8,5,8,12,6,0,0.31,0.31,1.0808333333333333
13.4,1,9,12,6,0,1.98,1.95,1.0266666666666666
25.8,4,10,12,6,0,0.65,0.98,1.0233333333333334
4.6,5,10,12,6,0,0.9,0.31,1.03375
26.5,4,10,12,6,0,0.56,1.21,0.9929166666666668
15.9,2,10,12,6,0,0.23,0.56,1.045
6.3,1,12,12,6,0,1.81,1.48,1.0041666666666667
-4.2,1,12,12,6,0,0.5,0.42,1.0279166666666668
21.4,4,12,12,6,0,0.99,1.17,1.0075
39.1,4,13,12,6,0,0.68,1.48,0.9987500000000001
36.7,3,15,12,6,0,1.27,0.9,1.0241666666666667
17.0,5,15,12,6,0,1.51,1.44,1.0166666666666668
34.9,4,15,12,6,0,1.26,1.16,1.0495833333333333
10.4,1,17,12,6,0,1.95,1.34,1.0545833333333334
5.8,2,17,12,6,0,1.46,0.57,1.1087500000000001
24.3,5,17,12,6,0,1.87,0.45,1.16625
-2.0,1,17,12,6,0,1.83,1.95,1.11375
26.7,5,20,12,6,0,0.69,1.65,1.0962500000000002
-7.7,2,22,12,6,0,1.23,0.91,1.12375
36.4,1,23,12,6,0,1.57,0.7,1.1583333333333334
33.1,5,23,12,6,0,1.53,0.37,1.18875
4.6,1,0,13,6,1,1.1,1.51,1.1925
34.8,1,2,13,6,1,1.6,1.14,1.2145833333333333
35.3,5,3,13,6,1,1.67,0.31,1.2766666666666666
6.8,1,3,13,6,1,1.8,1.98,1.2491666666666668
24.4,3,4,13,6,1,1.32,0.65,1.2804166666666668
8.6,4,7,13,6,1,1.4,0.9,1.2920833333333333
38.2,5,11,13,6,1,1.18,0.56,1.2783333333333333
33.4,5,11,13,6,1,0.23,0.23,1.2983333333333333
-5.6,1,12,13,6,1,0.71,1.81,1.3008333333333333
8.1,1,12,13,6,1,1.87,0.5,1.31
36.3,3,12,13,6,1,0.72,0.99,1.3266666666666667
21.7,2,13,13,6,1,1.39,0.68,1.3812499999999999
30.3,1,13,13,6,1,1.99,1.27,1.38375
10.9,3,14,13,6,1,1.33,1.51,1.3866666666666667
-8.6,2,16,13,6,1,1.58,1.26,1.4170833333333335
36.5,3,16,13,6,1,1.99,1.95,1.3658333333333335
18.5,2,16,13,6,1,0.72,1.46,1.31375
-0.5,5,16,13,6,1,0.21,1.87,1.2683333333333333
23.2,2,17,13,6,1,0.78,1.83,1.2645833333333334
3.3,1,19,13,6,1,1.74,0.69,1.2716666666666667
9.6,2,20,13,6,1,0.86,1.23,1.2483333333333333
7.3,2,21,13,6,1,0.67,1.57,1.2483333333333333
38.7,5,21,13,6,1,1.57,1.53,1.2237500000000001
-2.0,2,22,13,6,1,0.94,1.1,1.1875
18.4,2,22,13,6,1,0.23,1.6,1.1770833333333333
9.7,2,22,13,6,1,1.35,1.67,1.1875
5.7,1,23,13,6,1,1.92,1.8,1.155
-1.2,1,23,13,6,1,1.02,1.32,1.1483333333333332
-7.7,4,23,13,6,1,1.16,1.4,1.1479166666666667
34.3,4,3,14,6,2,1.39,1.18,1.1125
-7.9,1,5,14,6,2,0.33,0.23,1.1804166666666667
27.6,4,6,14,6,2,1.86,0.71,1.1929166666666666
16.1,4,6,14,6,2,1.01,1.87,1.16125
1.2,1,7,14,6,2,1.11,0.72,1.1929166666666666
-1.0,2,7,14,6,2,1.48,1.39,1.1566666666666665
21.9,3,7,14,6,2,0.52,1.99,1.14875
35.8,2,8,14,6,2,1.8,1.33,1.1616666666666666
16.3,5,8,14,6,2,1.64,1.58,1.1529166666666668
10.2,2,10,14,6,2,1.37,1.99,1.1325
26.8,3,12,14,6,2,1.5,0.72,1.1529166666666666
2.6,2,12,14,6,2,1.21,0.21,1.1570833333333332
28.4,2,12,14,6,2,0.31,0.78,1.1879166666666667
22.9,4,13,14,6,2,1.52,1.74,1.1354166666666667
13.2,1,13,14,6,2,0.48,0.86,1.11625
4.8,5,13,14,6,2,0.4,0.67,1.11
-1.1,5,14,14,6,2,0.52,1.57,1.1108333333333333
-0.5,3,14,14,6,2,1.59,0.94,1.1429166666666666
21.1,3,15,14,6,2,1.71,0.23,1.1420833333333333
27.4,3,15,14,6,2,0.21,1.35,1.1545833333333333
28.5,2,15,14,6,2,1.65,1.92,1.1529166666666668
12.6,1,16,14,6,2,1.88,1.02,1.1333333333333333
2.7,5,16,14,6,2,0.55,1.16,1.105
22.8,3,17,14,6,2,0.48,1.39,1.1191666666666666
-0.5,3,18,14,6,2,1.73,0.33,1.1541666666666668
32.8,2,19,14,6,2,1.17,1.86,1.1575
-8.4,1,19,14,6,2,1.94,1.01,1.1320833333333333
33.4,5,20,14,6,2,0.4,1.11,1.1416666666666668
25.4,5,20,14,6,2,1.34,1.48,1.1029166666666665
6.2,4,23,14,6,2,0.55,0.52,1.1525
21.1,3,23,14,6,2,1.71,1.8,1.1258333333333332
26.8,3,23,14,6,2,1.16,1.64,1.1195833333333334
-3.1,1,0,15,6,3,1.49,1.37,1.0712499999999998
25.4,5,0,15,6,3,0.21,1.5,1.02125
23.6,3,0,15,6,3,0.3,1.21,1.01125
33.4,3,1,15,6,3,0.97,0.31,1.0145833333333332
35.4,1,3,15,6,3,0.39,1.52,1.0062499999999999
-0.2,1,4,15,6,3,1.32,0.48,1.0495833333333333
31.0,5,4,15,6,3,1.52,0.4,1.1025
8.4,5,5,15,6,3,1.67,0.52,1.1320833333333333
19.3,3,5,15,6,3,1.23,1.59,1.09
31.6,5,6,15,6,3,0.58,1.71,1.0929166666666668
29.7,2,7,15,6,3,1.78,0.21,1.1229166666666666
11.4,1,7,15,6,3,0.93,1.65,1.0925
13.6,5,8,15,6,3,0.92,1.88,1.0620833333333333
2.0,4,10,15,6,3,1.15,0.55,1.08
39.8,5,10,15,6,3,0.98,0.48,1.0904166666666668
27.7,5,11,15,6,3,0.73,1.73,1.0333333333333334
26.9,3,12,15,6,3,0.36,1.17,1.0141666666666667
12.7,4,12,15,6,3,0.71,1.94,0.98875
1.8,1,13,15,6,3,1.33,0.4,1.0170833333333331
-4.2,2,15,15,6,3,1.08,1.34,1.0054166666666666
-0.0,5,15,15,6,3,1.06,0.55,1.0275
10.4,5,15,15,6,3,1.08,1.71,1.0233333333333334
11.0,4,17,15,6,3,1.61,1.16,1.0554166666666667
7.2,3,18,15,6,3,1.93,1.49,1.0358333333333334
-7.9,5,18,15,6,3,1.02,0.21,1.0583333333333333
4.0,2,18,15,6,3,0.75,0.3,1.12125
0.6,3,21,15,6,3,1.81,0.97,1.1625
29.5,5,22,15,6,3,1.96,0.39,1.17125
37.7,4,1,16,6,4,0.6,1.32,1.1854166666666666
-9.8,1,2,16,6,4,1.66,1.52,1.1779166666666667
21.3,1,2,16,6,4,1.34,1.67,1.1404166666666666
8.4,5,2,16,6,4,0.77,1.23,1.155
-1.0,5,2,16,6,4,1.58,0.58,1.1533333333333333
39.6,1,3,16,6,4,0.54,1.78,1.10375
5.4,3,4,16,6,4,0.59,0.93,1.1183333333333334
28.4,4,5,16,6,4,1.28,0.92,1.1612500000000001
-2.5,3,5,16,6,4,1.95,1.15,1.13875
32.9,3,5,16,6,4,0.61,0.98,1.1575
7.3,1,6,16,6,4,1.43,0.73,1.2004166666666667
10.8,1,6,16,6,4,1.76,0.36,1.2141666666666666
11.9,5,7,16,6,4,0.69,0.71,1.2654166666666666
18.0,1,8,16,6,4,1.94,1.33,1.27
21.4,1,8,16,6,4,1.44,1.08,1.2920833333333333
39.0,5,10,16,6,4,1.61,1.06,1.3245833333333332
11.8,4,10,16,6,4,1.84,1.08,1.3195833333333333
21.5,3,12,16,6,4,0.96,1.61,1.3083333333333333
1.3,1,13,16,6,4,1.34,1.93,1.2591666666666665
25.2,4,13,16,6,4,0.75,1.02,1.2941666666666667
7.6,2,15,16,6,4,1.86,0.75,1.2808333333333333
36.2,3,16,16,6,4,0.43,1.81,1.2529166666666667
0.7,1,20,16,6,4,1.14,1.96,1.2529166666666667
-0.2,3,0,17,6,5,1.96,0.6,1.3108333333333333
19.5,1,2,17,6,5,1.99,1.66,1.2916666666666667
31.2,3,2,17,6,5,1.2,1.34,1.2929166666666667
33.4,2,2,17,6,5,1.37,0.77,1.3416666666666666
6.9,3,4,17,6,5,1.94,1.58,1.3204166666666668
6.6,3,4,17,6,5,1.07,0.54,1.3787500000000001
24.3,2,5,17,6,5,1.94,0.59,1.4129166666666666
31.3,4,5,17,6,5,1.41,1.28,1.4224999999999997
25.5,5,6,17,6,5,1.51,1.95,1.3808333333333334
28.3,1,6,17,6,5,0.95,0.61,1.38875
11.8,3,6,17,6,5,0.8,1.43,1.3475000000000001
-1.8,3,7,17,6,5,0.44,1.76,1.3541666666666667
33.1,5,7,17,6,5,1.92,0.69,1.3691666666666666
14.7,4,8,17,6,5,1.05,1.94,1.3266666666666667
21.8,3,8,17,6,5,0.92,1.44,1.3204166666666666
4.1,1,9,17,6,5,1.29,1.61,1.2791666666666666
29.4,4,9,17,6,5,0.62,1.84,1.2766666666666666
4.9,5,9,17,6,5,1.78,0.96,1.2595833333333333
3.2,4,9,17,6,5,0.55,1.34,1.2195833333333332
10.0,3,10,17,6,5,0.38,0.75,1.2058333333333333
4.0,5,10,17,6,5,0.42,1.86,1.1375
29.9,5,10,17,6,5,0.22,0.43,1.1866666666666668
16.4,1,11,17,6,5,1.61,1.14,1.1583333333333334
7.6,5,13,17,6,5,0.46,1.96,1.1075
17.4,4,15,17,6,5,0.74,1.99,1.1016666666666668
15.1,2,19,17,6,5,1.85,1.2,1.1008333333333333
13.3,1,19,17,6,5,1.18,1.37,1.1058333333333332
15.4,2,20,17,6,5,1.49,1.94,1.0579166666666666
-1.6,4,21,17,6,5,0.79,1.07,1.0258333333333332
25.0,5,21,17,6,5,0.3,1.94,1.0133333333333334
3.4,1,22,17,6,5,1.64,1.41,0.9641666666666667
1.5,5,22,17,6,5,0.23,1.51,0.9245833333333332
13.6,5,23,17,6,5,0.56,0.95,0.9645833333333332
-7.1,5,23,17,6,5,1.91,0.8,0.9520833333333333
5.8,3,1,18,6,6,0.5,0.44,0.9920833333333334
31.1,4,1,18,6,6,1.4,1.92,0.9787499999999999
8.6,3,2,18,6,6,1.6,1.05,0.9933333333333333
0.1,3,4,18,6,6,1.4,0.92,1.0337500000000002
24.5,1,6,18,6,6,1.89,1.29,0.99625
6.5,5,7,18,6,6,0.39,0.62,1.0320833333333332
38.5,3,8,18,6,6,1.48,1.78,0.9733333333333333
11.1,1,8,18,6,6,0.37,0.55,0.9833333333333333
-5.4,5,9,18,6,6,0.79,0.38,0.9954166666666667
5.5,1,11,18,6,6,0.67,0.42,1.04875
38.2,5,13,18,6,6,1.7,0.22,1.0666666666666667
8.5,2,14,18,6,6,0.65,1.61,1.0416666666666667
38.3,5,14,18,6,6,1.01,0.46,1.0766666666666667
31.2,4,16,18,6,6,1.3,0.74,1.1291666666666667
13.4,2,16,18,6,6,2.0,1.85,1.0833333333333333
-2.7,3,17,18,6,6,0.75,1.18,1.1141666666666665
15.2,1,19,18,6,6,1.92,1.49,1.11625
18.2,5,19,18,6,6,1.54,0.79,1.12375
27.5,3,21,18,6,6,0.97,0.3,1.17375
29.8,1,21,18,6,6,1.5,1.64,1.1179166666666667
12.8,4,1,19,6,0,0.3,0.23,1.1170833333333332
19.6,2,3,19,6,0,0.21,0.56,1.13125
39.8,4,3,19,6,0,0.9,1.91,1.0675000000000001
20.2,2,4,19,6,0,0.38,0.5,1.1054166666666667
25.2,3,5,19,6,0,1.41,1.4,1.10125
-4.9,5,6,19,6,0,1.3,1.6,1.095
-0.6,3,9,19,6,0,1.45,1.4,1.0995833333333334
34.5,4,11,19,6,0,1.51,1.89,1.0999999999999999
6.5,4,13,19,6,0,1.9,0.39,1.1529166666666668
16.2,5,13,19,6,0,1.66,1.48,1.1625
8.8,1,14,19,6,0,1.71,0.37,1.2191666666666665
2.0,4,14,19,6,0,1.73,0.79,1.22
-2.9,2,15,19,6,0,0.81,0.67,1.2104166666666665
6.4,4,17,19,6,0,0.44,1.7,1.1675
33.2,2,17,19,6,0,0.67,0.65,1.1791666666666667
-0.7,2,17,19,6,0,0.93,1.01,1.1804166666666667
0.9,2,18,19,6,0,1.04,1.3,1.1508333333333332
6.6,5,19,19,6,0,0.59,2.0,1.0775
39.8,5,20,19,6,0,0.24,0.75,1.0554166666666667
26.9,3,21,19,6,0,0.22,1.92,1.0054166666666666
11.3,3,22,19,6,0,0.72,1.54,0.9583333333333334
-8.1,2,23,19,6,0,0.41,0.97,0.9958333333333332
28.9,2,0,20,6,1,1.87,1.5,0.9779166666666667
-6.8,2,0,20,6,1,1.07,0.3,0.9891666666666666
27.0,4,0,20,6,1,0.57,0.21,0.9987500000000001
13.7,2,1,20,6,1,0.44,0.9,0.9754166666666667
-8.5,5,1,20,6,1,0.34,0.38,1.0270833333333333
37.0,2,2,20,6,1,1.62,1.41,1.0191666666666668
10.8,5,3,20,6,1,1.22,1.3,1.0033333333333332
24.6,3,4,20,6,1,0.92,1.45,0.9920833333333333
21.2,1,4,20,6,1,1.18,1.51,0.9916666666666666
2.9,3,5,20,6,1,1.5,1.9,0.9625
19.6,1,5,20,6,1,1.2,1.66,0.9579166666666666
-9.3,1,6,20,6,1,1.55,1.71,0.9562499999999999
-3.7,5,7,20,6,1,1.67,1.73,0.9370833333333334
29.1,2,8,20,6,1,1.27,0.81,0.9858333333333333
38.2,2,11,20,6,1,1.98,0.44,0.9954166666666667
28.9,2,11,20,6,1,0.67,0.67,1.0495833333333333
31.1,1,12,20,6,1,1.97,0.93,1.0941666666666667
24.4,4,14,20,6,1,2.0,1.04,1.1308333333333334
0.3,1,15,20,6,1,1.92,0.59,1.16875
7.8,2,15,20,6,1,1.5,0.24,1.1958333333333333
1.9,4,16,20,6,1,0.89,0.22,1.21625
24.9,4,16,20,6,1,0.71,0.72,1.2354166666666668
34.0,2,16,20,6,1,1.18,0.41,1.28125
11.1,5,17,20,6,1,1.51,1.87,1.2645833333333334
28.8,5,19,20,6,1,1.47,1.07,1.29125
33.7,1,19,20,6,1,1.71,0.57,1.3020833333333333
20.7,4,21,20,6,1,0.83,0.44,1.35125
0.5,5,21,20,6,1,1.62,0.34,1.4020833333333336
10.1,5,0,21,6,2,1.56,1.62,1.4020833333333333
25.1,1,0,21,6,2,1.62,1.22,1.4333333333333333
12.1,5,1,21,6,2,1.97,0.92,1.4583333333333333
10.2,2,1,21,6,2,1.52,1.18,1.4341666666666664
37.9,2,3,21,6,2,0.6,1.5,1.4283333333333335
18.0,5,4,21,6,2,1.36,1.2,1.4220833333333334
34.2,5,5,21,6,2,1.05,1.55,1.4225
11.4,1,6,21,6,2,1.56,1.67,1.4245833333333335
32.2,3,7,21,6,2,1.72,1.27,1.4483333333333333
-7.3,1,8,21,6,2,1.84,1.98,1.4441666666666668
1.5,2,8,21,6,2,1.88,0.67,1.4508333333333334
21.2,5,12,21,6,2,0.83,1.97,1.4287500000000002
24.6,2,14,21,6,2,1.44,2.0,1.4179166666666667
20.5,3,14,21,6,2,1.74,1.92,1.3875000000000002
5.6,4,16,21,6,2,1.19,1.5,1.3408333333333333
39.3,4,18,21,6,2,0.38,0.89,1.3145833333333334
23.9,5,18,21,6,2,0.26,0.71,1.2979166666666666
32.9,4,18,21,6,2,0.31,1.18,1.28125
23.6,1,18,21,6,2,0.78,1.51,1.2925000000000002
24.1,1,19,21,6,2,1.78,1.47,1.3004166666666668
24.1,1,20,21,6,2,1.66,1.71,1.2895833333333333
8.1,5,22,21,6,2,1.45,0.83,1.2891666666666668
17.7,1,23,21,6,2,0.82,1.62,1.2954166666666667
9.6,2,23,21,6,2,1.77,1.56,1.2641666666666667
29.2,3,23,21,6,2,0.81,1.62,1.2304166666666667
19.9,5,0,22,6,3,0.81,1.97,1.1733333333333333
30.0,4,1,22,6,3,0.6,1.52,1.1495833333333334
5.7,1,1,22,6,3,0.95,0.6,1.1345833333333333
36.8,3,3,22,6,3,0.24,1.36,1.0879166666666666
15.4,4,4,22,6,3,0.24,1.05,1.1154166666666667
24.5,1,4,22,6,3,1.71,1.56,1.0875000000000001
35.8,2,5,22,6,3,0.89,1.72,1.0404166666666665
19.0,4,5,22,6,3,0.59,1.84,1.0395833333333333
16.1,2,7,22,6,3,1.82,1.88,1.0041666666666667
33.1,2,8,22,6,3,1.03,0.83,1.0345833333333334
3.0,1,9,22,6,3,1.56,1.44,1.03125
8.0,1,9,22,6,3,1.36,1.74,0.97375
-4.7,3,9,22,6,3,0.36,1.19,0.9458333333333333
9.0,3,10,22,6,3,0.52,0.38,0.9516666666666667
12.7,2,10,22,6,3,0.52,0.26,1.0091666666666665
35.1,3,10,22,6,3,1.64,0.31,1.0316666666666667
7.0,1,10,22,6,3,0.85,0.78,1.0454166666666667
9.4,5,10,22,6,3,1.11,1.78,0.9829166666666667
27.2,4,11,22,6,3,0.28,1.66,0.9604166666666666
30.6,3,13,22,6,3,1.12,1.45,0.94125
30.2,2,13,22,6,3,0.99,0.82,0.9745833333333334
38.8,2,14,22,6,3,1.62,1.77,0.9654166666666666
14.8,2,14,22,6,3,1.55,0.81,0.9608333333333334
19.0,5,16,22,6,3,0.7,0.81,0.9879166666666666
35.4,2,16,22,6,3,1.46,0.6,1.0329166666666667
-4.6,4,17,22,6,3,1.68,0.95,1.0216666666666667
20.4,3,17,22,6,3,0.68,0.24,1.0329166666666667
18.3,5,18,22,6,3,0.51,0.24,1.0395833333333333
0.8,1,18,22,6,3,0.4,1.71,1.0504166666666668
28.1,4,18,22,6,3,1.97,0.89,1.0295833333333333
27.0,4,18,22,6,3,0.39,0.59,1.0170833333333333
27.2,2,22,22,6,3,0.29,1.82,1.0229166666666665
-7.9,3,23,22,6,3,1.96,1.03,1.0266666666666666
23.4,3,23,22,6,3,1.12,1.56,1.0062499999999999
12.3,5,0,23,6,4,1.07,1.36,1.0233333333333332
34.2,2,0,23,6,4,1.77,0.36,1.0720833333333333
3.8,4,1,23,6,4,1.53,0.52,1.0620833333333335
18.8,5,1,23,6,4,0.28,0.52,1.1083333333333334
19.6,3,3,23,6,4,1.63,1.64,1.0525
-3.0,4,3,23,6,4,0.3,0.85,1.0295833333333333
31.4,5,3,23,6,4,0.3,1.11,1.05875
-2.7,3,6,23,6,4,1.81,0.28,1.0808333333333333
39.7,4,7,23,6,4,0.81,1.12,1.095
31.7,3,9,23,6,4,1.46,0.99,1.0670833333333334
-7.0,5,9,23,6,4,0.32,1.62,1.0391666666666668
13.6,1,11,23,6,4,0.95,1.55,1.0566666666666666
2.5,5,11,23,6,4,1.97,0.7,1.0729166666666667
29.6,3,11,23,6,4,1.09,1.46,1.0470833333333334
-3.1,3,12,23,6,4,0.84,1.68,1.0533333333333335
9.0,4,12,23,6,4,1.83,0.68,1.0462500000000001
-9.8,4,12,23,6,4,0.51,0.51,1.0779166666666666
33.9,4,13,23,6,4,1.27,0.4,1.0820833333333335
-6.8,4,15,23,6,4,0.5,1.97,1.0725
29.8,3,18,23,6,4,1.74,0.39,1.1333333333333333
9.7,1,21,23,6,4,1.85,0.29,1.1841666666666666
15.7,2,22,23,6,4,1.51,1.96,1.1729166666666668
12.1,3,23,23,6,4,1.69,1.12,1.1754166666666668
21.9,4,23,23,6,4,1.18,1.07,1.19625
35.9,3,0,24,6,5,1.57,1.77,1.16
24.6,3,0,24,6,5,0.9,1.53,1.16625
10.1,3,1,24,6,5,1.68,0.28,1.1824999999999999
22.3,4,2,24,6,5,0.67,1.63,1.1666666666666667
3.9,2,2,24,6,5,1.25,0.3,1.2220833333333332
2.7,4,2,24,6,5,1.63,0.3,1.2633333333333332
21.9,2,4,24,6,5,1.29,1.81,1.215
21.3,2,4,24,6,5,0.65,0.81,1.2291666666666667
-2.7,5,4,24,6,5,1.15,1.46,1.1808333333333334
-8.4,5,5,24,6,5,0.3,0.32,1.2404166666666667
36.7,5,6,24,6,5,1.75,0.95,1.2408333333333335
17.2,1,6,24,6,5,0.96,1.97,1.19125
9.6,3,7,24,6,5,0.78,1.09,1.19625
-5.9,2,7,24,6,5,1.21,0.84,1.2362499999999998
3.8,4,7,24,6,5,1.8,1.83,1.1775
-7.1,3,8,24,6,5,0.42,0.51,1.2179166666666665
-9.9,5,9,24,6,5,1.48,1.27,1.18375
19.7,5,9,24,6,5,0.45,0.5,1.2049999999999998
36.1,5,9,24,6,5,1.01,1.74,1.14125
-1.5,5,11,24,6,5,0.21,1.85,1.09
6.2,4,11,24,6,5,0.62,1.51,1.0854166666666667
-9.6,5,12,24,6,5,1.4,1.69,1.03875
12.3,4,13,24,6,5,0.57,1.18,1.0520833333333333
-1.7,5,13,24,6,5,1.5,1.57,1.055
11.1,1,13,24,6,5,1.64,0.9,1.02875
35.9,2,14,24,6,5,0.27,1.68,0.97125
30.7,3,15,24,6,5,0.3,0.67,1.0141666666666667
18.9,3,16,24,6,5,1.7,1.25,1.02125
-6.4,4,18,24,6,5,1.42,1.63,0.9783333333333334
10.8,5,19,24,6,5,0.6,1.29,0.9545833333333333
38.7,2,20,24,6,5,0.72,0.65,0.9929166666666666
1.8,1,20,24,6,5,1.57,1.15,1.0029166666666667
25.8,2,20,24,6,5,1.39,0.3,1.0458333333333332
39.3,2,20,24,6,5,1.33,1.75,1.0170833333333333
4.5,4,21,24,6,5,1.06,0.96,1.0158333333333334
27.3,1,21,24,6,5,0.93,0.78,1.0225
15.0,1,0,25,6,6,0.94,1.21,1.0241666666666667
33.5,1,1,25,6,6,1.25,1.8,0.9920833333333333
6.8,3,2,25,6,6,1.03,0.42,0.9916666666666667
24.9,2,3,25,6,6,0.41,1.48,0.9941666666666666
4.4,1,3,25,6,6,1.54,0.45,0.9879166666666666
33.1,5,4,25,6,6,0.3,1.01,1.0025
-0.3,5,4,25,6,6,1.36,0.21,1.0754166666666667
-8.5,3,5,25,6,6,1.96,0.62,1.0741666666666665
31.6,3,6,25,6,6,0.59,1.4,1.0675
-0.3,3,8,25,6,6,1.24,0.57,1.09625
17.5,4,9,25,6,6,1.26,1.5,1.0925
3.6,1,9,25,6,6,1.41,1.64,1.10125
36.0,4,10,25,6,6,1.85,0.27,1.1337499999999998
-0.1,3,12,25,6,6,1.05,0.3,1.1891666666666667
15.4,3,13,25,6,6,1.63,1.7,1.1583333333333332
4.6,4,18,25,6,6,0.96,1.42,1.1766666666666667
26.3,4,19,25,6,6,1.86,0.6,1.1845833333333333
22.4,3,20,25,6,6,0.79,0.72,1.1629166666666666
20.1,3,20,25,6,6,0.2,1.57,1.16
-1.5,4,22,25,6,6,1.5,1.39,1.1645833333333333
20.8,3,22,25,6,6,1.5,1.33,1.1304166666666668
16.5,2,23,25,6,6,0.51,1.06,1.1566666666666665
20.2,4,0,26,6,0,1.69,0.93,1.1891666666666667
20.5,4,0,26,6,0,1.71,0.94,1.1866666666666668
13.2,3,1,26,6,0,0.88,1.25,1.1983333333333335
39.1,1,1,26,6,0,1.53,1.03,1.2137499999999999
-9.5,5,2,26,6,0,1.4,0.41,1.2258333333333333
20.1,3,2,26,6,0,0.7,1.54,1.2325000000000002
-6.3,5,2,26,6,0,1.7,0.3,1.2558333333333334
15.4,1,3,26,6,0,0.86,1.36,1.2445833333333334
-8.4,4,3,26,6,0,1.09,1.96,1.1895833333333334
1.1,5,3,26,6,0,0.64,0.59,1.2449999999999999
-1.7,2,4,26,6,0,1.92,1.24,1.2404166666666667
16.6,3,6,26,6,0,1.13,1.26,1.2025
0.0,4,7,26,6,0,0.35,1.41,1.2191666666666667
17.9,3,7,26,6,0,1.81,1.85,1.2095833333333332
-4.2,1,8,26,6,0,1.62,1.05,1.2270833333333335
2.5,5,9,26,6,0,1.47,1.63,1.2049999999999998
17.3,5,9,26,6,0,1.1,0.96,1.2233333333333334
10.2,4,11,26,6,0,1.4,1.86,1.1641666666666666
-8.7,5,13,26,6,0,0.44,0.79,1.1516666666666666
29.2,4,14,26,6,0,0.49,0.2,1.2233333333333334
-0.0,4,14,26,6,0,1.92,1.5,1.2045833333333333
34.3,2,15,26,6,0,1.05,1.5,1.1679166666666667
23.7,1,15,26,6,0,0.62,0.51,1.2175
13.4,5,17,26,6,0,1.7,1.69,1.1725
34.4,2,17,26,6,0,0.61,1.71,1.1279166666666667
23.9,5,17,26,6,0,0.64,0.88,1.1033333333333333
26.2,2,17,26,6,0,0.29,1.53,1.1066666666666667
10.2,5,18,26,6,0,1.61,1.4,1.10375
-2.2,4,22,26,6,0,1.33,0.7,1.1575
7.1,1,23,26,6,0,1.99,1.7,1.1129166666666668
34.1,1,0,27,6,1,0.63,0.86,1.1420833333333333
-1.3,1,0,27,6,1,1.56,1.09,1.1529166666666668
38.6,4,1,27,6,1,1.35,0.64,1.1679166666666667
37.5,4,2,27,6,1,1.0,1.92,1.1516666666666666
25.5,5,3,27,6,1,1.53,1.13,1.1183333333333334
34.0,5,3,27,6,1,0.33,0.35,1.155
35.3,1,5,27,6,1,1.23,1.81,1.0891666666666666
30.4,1,5,27,6,1,0.23,1.62,1.0920833333333333
-1.7,5,10,27,6,1,1.69,1.47,1.0687499999999999
31.6,2,13,27,6,1,0.91,1.1,1.0908333333333333
33.8,1,15,27,6,1,1.63,1.4,1.0654166666666667
27.3,1,16,27,6,1,0.79,0.44,1.1125
11.6,1,17,27,6,1,1.57,0.49,1.16375
4.4,1,18,27,6,1,1.72,1.92,1.1283333333333334
33.6,3,20,27,6,1,1.07,1.05,1.1670833333333335
18.5,5,22,27,6,1,1.98,0.62,1.155
-1.2,3,23,27,6,1,0.33,1.7,1.1266666666666667
-1.7,1,0,28,6,2,1.02,0.61,1.17125
34.8,4,0,28,6,2,1.68,0.64,1.1570833333333332
35.5,2,1,28,6,2,0.3,0.29,1.2
28.7,3,1,28,6,2,1.32,1.61,1.1491666666666667
25.3,4,2,28,6,2,0.39,1.33,1.1745833333333333
16.1,3,2,28,6,2,1.94,1.99,1.1300000000000001
33.5,1,3,28,6,2,0.92,0.63,1.1333333333333333
21.7,1,3,28,6,2,0.71,1.56,1.07875
-9.5,3,4,28,6,2,0.25,1.35,1.0933333333333333
39.2,2,4,28,6,2,1.7,1.0,1.1016666666666666
15.6,2,5,28,6,2,1.2,1.53,1.1120833333333333
25.8,4,6,28,6,2,1.78,0.33,1.1091666666666666
24.3,3,6,28,6,2,0.26,1.23,1.1054166666666665
31.7,3,8,28,6,2,1.14,0.23,1.1745833333333333
18.9,3,8,28,6,2,1.89,1.69,1.1779166666666667
3.2,3,9,28,6,2,1.77,0.91,1.2108333333333334
19.8,2,9,28,6,2,1.7,1.63,1.1604166666666667
25.3,3,9,28,6,2,0.42,0.79,1.1766666666666665
29.0,1,9,28,6,2,1.18,1.57,1.1266666666666667
12.9,4,10,28,6,2,0.37,1.72,1.1224999999999998
33.8,2,10,28,6,2,1.62,1.07,1.1116666666666666
35.9,1,11,28,6,2,0.81,1.98,1.0520833333333333
1.3,5,12,28,6,2,0.55,0.33,1.0666666666666667
-5.0,3,12,28,6,2,0.68,1.02,1.0925
38.4,4,14,28,6,2,1.64,1.68,1.0345833333333334
9.6,3,14,28,6,2,0.29,0.3,1.0654166666666667
37.4,5,16,28,6,2,1.04,1.32,1.01875
19.1,3,16,28,6,2,0.2,0.39,1.04125
33.4,2,17,28,6,2,0.93,1.94,0.9945833333333333
14.6,4,17,28,6,2,0.82,0.92,0.9741666666666666
15.0,4,18,28,6,2,0.43,0.71,0.9954166666666667
-4.1,2,18,28,6,2,1.22,0.25,1.0645833333333334
20.9,4,20,28,6,2,1.91,1.7,1.05875
12.2,2,23,28,6,2,1.56,1.2,1.0775
34.2,4,0,29,6,3,1.65,1.78,1.0554166666666667
3.0,5,1,29,6,3,1.25,0.26,1.08375
5.4,5,1,29,6,3,0.94,1.14,1.1108333333333333
-7.6,4,1,29,6,3,1.79,1.89,1.1054166666666667
-6.2,4,2,29,6,3,1.76,1.77,1.07875
24.6,2,2,29,6,3,1.13,1.7,1.0295833333333333
7.9,3,2,29,6,3,0.52,0.42,1.0566666666666666
30.6,1,3,29,6,3,1.07,1.18,1.0254166666666666
23.1,4,4,29,6,3,0.43,0.37,1.0475
16.7,2,4,29,6,3,0.9,1.62,1.0404166666666668
29.9,3,5,29,6,3,1.45,0.81,1.0779166666666666
-3.7,5,6,29,6,3,1.71,0.55,1.1154166666666667
25.3,4,10,29,6,3,1.45,0.68,1.0983333333333334
24.5,2,14,29,6,3,0.27,1.64,1.0999999999999999
4.8,1,15,29,6,3,1.68,0.29,1.1370833333333332
6.5,4,16,29,6,3,1.18,1.04,1.1466666666666667
-4.8,2,18,29,6,3,1.27,0.2,1.14875
13.3,2,18,29,6,3,0.25,0.93,1.1770833333333333
-9.8,2,18,29,6,3,1.61,0.82,1.1870833333333335
2.0,1,19,29,6,3,1.06,0.43,1.2370833333333333
21.2,2,19,29,6,3,1.63,1.22,1.2358333333333333
13.6,4,20,29,6,3,1.19,1.91,1.1979166666666667
19.7,5,21,29,6,3,1.0,1.56,1.1779166666666667
0.1,2,21,29,6,3,1.08,1.65,1.1387500000000002
34.5,2,22,29,6,3,0.71,1.25,1.12625
15.1,3,23,29,6,3,0.95,0.94,1.11125
19.4,3,23,29,6,3,0.58,1.79,1.0691666666666666
35.0,3,0,30,6,4,0.78,1.76,1.0754166666666667
-10.0,4,0,30,6,4,1.91,1.13,1.0720833333333333
18.2,4,0,30,6,4,1.05,0.52,1.13125
11.3,4,1,30,6,4,1.94,1.07,1.1633333333333333
37.3,4,2,30,6,4,1.84,0.43,1.1612500000000001
15.1,3,3,30,6,4,0.38,0.9,1.1466666666666667
15.6,4,5,30,6,4,0.55,1.45,1.1312499999999999
1.8,4,6,30,6,4,1.08,1.71,1.0975
33.4,3,7,30,6,4,0.9,1.45,1.1116666666666666
15.8,2,8,30,6,4,1.79,0.27,1.1329166666666668
30.0,2,8,30,6,4,0.78,1.68,1.08
25.8,2,11,30,6,4,0.41,1.18,1.1033333333333333
37.1,3,12,30,6,4,1.74,1.27,1.11625
39.4,1,13,30,6,4,1.58,0.25,1.1316666666666666
-9.4,5,13,30,6,4,0.62,1.61,1.1375
34.4,4,13,30,6,4,1.75,1.06,1.1629166666666666
15.9,4,18,30,6,4,1.67,1.63,1.17125
18.2,4,18,30,6,4,1.83,1.19,1.13625
30.4,5,19,30,6,4,0.35,1.0,1.1554166666666665
18.2,4,21,30,6,4,1.46,1.08,1.1466666666666667
11.4,5,23,30,6,4,0.87,0.71,1.1433333333333333
9.0,1,23,30,6,4,0.63,0.95,1.1845833333333333
-2.2,5,0,1,7,5,1.94,0.58,1.2104166666666665
8.5,2,3,1,7,5,1.2,0.78,1.23125
28.4,4,5,1,7,5,1.28,1.91,1.2175
13.1,1,5,1,7,5,1.58,1.05,1.23125
0.9,4,5,1,7,5,1.38,1.94,1.2170833333333333
-2.8,3,6,1,7,5,1.6,1.84,1.2091666666666667
-1.0,2,8,1,7,5,1.65,0.38,1.2216666666666667
16.5,5,9,1,7,5,0.68,0.55,1.2170833333333333
24.3,1,10,1,7,5,0.44,1.08,1.1954166666666668
9.4,3,10,1,7,5,0.56,0.9,1.2079166666666665
28.9,5,12,1,7,5,1.2,1.79,1.1766666666666665
9.9,3,12,1,7,5,1.04,0.78,1.2241666666666666
-5.4,4,16,1,7,5,1.92,0.41,1.2666666666666666
26.6,2,18,1,7,5,1.43,1.74,1.2429166666666667
20.5,3,20,1,7,5,1.17,1.58,1.2404166666666667
-8.1,4,20,1,7,5,1.52,0.62,1.2583333333333333
12.3,1,21,1,7,5,1.05,1.75,1.2554166666666666
1.9,4,23,1,7,5,1.68,1.67,1.2029166666666666
-8.2,1,0,2,7,6,0.41,1.83,1.1370833333333332
19.2,1,1,2,7,6,0.25,0.35,1.2054166666666666
0.7,1,2,2,7,6,1.99,1.46,1.1804166666666667
29.9,5,2,2,7,6,0.86,0.87,1.1633333333333333
27.0,2,4,2,7,6,0.46,0.63,1.15
17.8,4,4,2,7,6,0.31,1.94,1.14
14.8,4,5,2,7,6,1.7,1.2,1.11
26.2,1,6,2,7,6,0.48,1.28,1.0825
28.3,2,6,2,7,6,0.62,1.58,1.0829166666666665
-6.3,4,6,2,7,6,1.59,1.38,1.0625
4.0,4,7,2,7,6,0.89,1.6,1.0441666666666667
6.4,5,7,2,7,6,1.16,1.65,0.9995833333333333
35.3,5,8,2,7,6,0.58,0.68,1.00875
11.3,4,10,2,7,6,0.9,0.44,0.9995833333333334
12.6,5,11,2,7,6,0.22,0.56,1.0554166666666667
-8.7,5,11,2,7,6,1.9,1.2,1.06125
-4.8,5,14,2,7,6,1.34,1.04,1.0758333333333334
17.0,4,14,2,7,6,1.39,1.92,1.0174999999999998
38.2,3,15,2,7,6,0.52,1.43,1.0395833333333333
35.8,5,15,2,7,6,1.96,1.17,1.0466666666666666
35.5,1,16,2,7,6,1.34,1.52,0.9925
39.6,5,17,2,7,6,0.22,1.05,0.9704166666666666
10.7,3,17,2,7,6,0.52,1.68,0.9795833333333334
6.8,5,18,2,7,6,1.9,0.41,0.9958333333333335
-8.2,1,18,2,7,6,0.8,0.25,1.0570833333333334
11.5,1,18,2,7,6,1.72,1.99,1.0283333333333333
28.1,3,19,2,7,6,1.3,0.86,1.0254166666666666
26.4,4,20,2,7,6,0.79,0.46,1.0879166666666666
23.7,4,20,2,7,6,1.96,0.31,1.1291666666666667
32.8,4,20,2,7,6,1.3,1.7,1.12625
-8.8,3,23,2,7,6,1.63,0.48,1.1608333333333334
26.8,2,0,3,7,0,1.31,0.62,1.2108333333333332
27.4,3,1,3,7,0,1.82,1.59,1.2154166666666666
37.5,5,1,3,7,0,1.7,0.89,1.2525
27.0,1,2,3,7,0,1.78,1.16,1.2766666666666666
26.3,1,3,3,7,0,1.74,0.58,1.2920833333333335
9.1,1,4,3,7,0,0.95,0.9,1.2725
13.5,3,4,3,7,0,0.43,0.22,1.2954166666666667
13.1,5,4,3,7,0,0.77,1.9,1.2925
28.9,4,5,3,7,0,1.83,1.34,1.2520833333333334
33.5,5,5,3,7,0,0.37,1.39,1.2375
15.0,5,6,3,7,0,1.04,0.52,1.2866666666666666
22.9,1,6,3,7,0,1.7,1.96,1.2620833333333332
6.7,4,6,3,7,0,1.37,1.34,1.2745833333333334
31.6,4,7,3,7,0,1.64,0.22,1.3304166666666666
9.8,2,10,3,7,0,1.56,0.52,1.345
-5.0,4,10,3,7,0,0.87,1.9,1.2791666666666666
18.1,5,11,3,7,0,0.32,0.8,1.31125
2.3,3,11,3,7,0,1.57,1.72,1.2870833333333334
4.2,1,12,3,7,0,1.14,1.3,1.2429166666666667
3.8,3,12,3,7,0,0.24,0.79,1.2325
25.1,2,12,3,7,0,0.54,1.96,1.2183333333333333
13.7,5,13,3,7,0,1.62,1.3,1.2391666666666665
6.4,1,13,3,7,0,1.8,1.63,1.22875
24.7,3,17,3,7,0,1.38,1.31,1.2395833333333333
-7.4,3,18,3,7,0,1.57,1.82,1.1816666666666666
0.1,4,21,3,7,0,0.43,1.7,1.1766666666666667
-1.5,5,23,3,7,0,1.58,1.78,1.1579166666666667
-1.6,2,23,3,7,0,1.33,1.74,1.1195833333333334
13.6,1,0,4,7,1,0.82,0.95,1.1395833333333332
-10.0,4,0,4,7,1,1.43,0.43,1.1441666666666668
12.1,1,0,4,7,1,0.54,0.77,1.18375
33.5,3,2,4,7,1,1.72,1.83,1.13375
24.1,2,3,4,7,1,0.63,0.37,1.1591666666666667
31.5,4,4,4,7,1,0.98,1.04,1.1754166666666668
17.3,5,4,4,7,1,1.43,1.7,1.1679166666666667
-3.7,5,6,4,7,1,1.52,1.37,1.1808333333333334
-7.5,4,6,4,7,1,1.68,1.64,1.1875
-8.7,1,6,4,7,1,1.8,1.56,1.15125
35.7,1,10,4,7,1,0.69,0.87,1.1966666666666665
17.4,4,10,4,7,1,1.96,0.32,1.2641666666666667
17.3,4,12,4,7,1,1.94,1.57,1.2720833333333335
-9.2,3,12,4,7,1,1.76,1.14,1.2433333333333334
38.6,3,13,4,7,1,0.45,0.24,1.2779166666666668
14.7,5,13,4,7,1,1.07,0.54,1.2925000000000002
32.8,2,13,4,7,1,0.89,1.62,1.3020833333333333
6.6,2,14,4,7,1,1.85,1.8,1.2729166666666667
32.3,4,17,4,7,1,1.1,1.38,1.2533333333333334
21.4,2,17,4,7,1,0.91,1.57,1.25375
15.0,5,18,4,7,1,1.58,0.43,1.2641666666666667
31.1,3,19,4,7,1,0.68,1.58,1.2216666666666667
33.7,2,20,4,7,1,0.56,1.33,1.215
21.8,2,21,4,7,1,1.17,0.82,1.21
17.5,5,21,4,7,1,0.7,1.43,1.2291666666666667
-8.9,4,21,4,7,1,1.89,0.54,1.2570833333333333
29.6,1,22,4,7,1,1.21,1.72,1.2075
7.3,4,22,4,7,1,0.53,0.63,1.2466666666666668
-7.9,1,23,4,7,1,1.57,0.98,1.2829166666666667
5.9,2,23,4,7,1,1.85,1.43,1.2533333333333334
-8.5,5,0,5,7,2,0.72,1.52,1.22
37.6,5,0,5,7,2,0.72,1.68,1.1729166666666668
27.8,2,1,5,7,2,0.55,1.8,1.1083333333333334
-8.4,3,4,5,7,2,0.25,0.69,1.1508333333333332
12.5,1,6,5,7,2,1.71,1.96,1.0966666666666667
10.3,3,6,5,7,2,0.66,1.94,1.0425
25.3,5,7,5,7,2,0.64,1.76,1.0066666666666666
-3.7,5,8,5,7,2,0.9,0.45,1.0574999999999999
36.1,1,9,5,7,2,1.67,1.07,1.0599999999999998
9.1,3,9,5,7,2,1.13,0.89,1.0816666666666666
21.8,2,10,5,7,2,1.41,1.85,1.0691666666666666
-1.1,4,10,5,7,2,1.55,1.1,1.0366666666666666
-2.8,2,11,5,7,2,0.32,0.91,1.0558333333333334
36.6,3,13,5,7,2,1.37,1.58,1.06375
2.0,2,13,5,7,2,1.77,0.68,1.0691666666666666
13.3,5,13,5,7,2,0.81,0.56,1.0725
36.6,5,15,5,7,2,0.64,1.17,1.0962500000000002
-0.5,5,16,5,7,2,1.74,0.7,1.0904166666666668
6.5,2,17,5,7,2,0.56,1.89,1.0879166666666666
24.4,3,17,5,7,2,1.83,1.21,1.0491666666666666
24.2,5,18,5,7,2,0.28,0.53,1.0895833333333333
2.4,1,18,5,7,2,1.5,1.57,1.0604166666666666
-5.8,4,19,5,7,2,0.87,1.85,1.0391666666666668
-6.0,5,19,5,7,2,1.34,0.72,1.0320833333333332
2.5,5,19,5,7,2,0.55,0.72,1.0795833333333333
34.2,4,21,5,7,2,1.86,0.55,1.0987500000000001
29.1,3,22,5,7,2,1.01,0.25,1.1195833333333334
18.8,2,23,5,7,2,0.75,1.71,1.0783333333333334
14.3,3,23,5,7,2,0.72,0.66,1.0604166666666668
2.0,2,1,6,7,3,0.23,0.64,1.0841666666666667
28.4,4,1,6,7,3,1.21,0.9,1.0704166666666666
13.2,4,4,6,7,3,0.57,1.67,1.0137500000000002
28.6,5,4,6,7,3,0.31,1.13,1.0179166666666668
35.4,2,4,6,7,3,1.23,1.41,1.0004166666666667
12.5,5,4,6,7,3,0.99,1.55,0.9870833333333334
33.6,3,5,6,7,3,1.23,0.32,1.02875
4.7,2,5,6,7,3,1.32,1.37,1.0175
15.3,1,5,6,7,3,1.1,1.77,1.0133333333333334
20.5,1,7,6,7,3,1.67,0.81,1.0570833333333334
-4.1,2,8,6,7,3,1.86,0.64,1.0916666666666668
6.5,5,9,6,7,3,1.47,1.74,1.0354166666666667
1.9,5,10,6,7,3,0.39,0.56,1.0925
-7.5,3,12,6,7,3,1.93,1.83,1.0454166666666669
7.1,3,12,6,7,3,0.7,0.28,1.08375
26.6,5,12,6,7,3,1.2,1.5,1.1041666666666667
19.6,5,13,6,7,3,1.99,0.87,1.07875
-4.6,4,13,6,7,3,0.26,1.34,1.0770833333333334
22.0,1,16,6,7,3,1.3,0.55,1.135
30.4,5,18,6,7,3,1.94,1.86,1.105
19.5,2,20,6,7,3,1.14,1.01,1.0929166666666665
21.1,4,20,6,7,3,0.72,0.75,1.1375
-5.7,4,21,6,7,3,1.82,0.72,1.1704166666666667
14.9,5,22,6,7,3,1.51,0.23,1.2291666666666667
3.1,1,23,6,7,3,1.64,1.21,1.18875
24.1,2,0,7,7,4,0.24,0.57,1.175
10.4,1,0,7,7,4,0.24,0.31,1.2166666666666666
1.3,3,2,7,7,4,1.31,1.23,1.19875
-3.3,1,2,7,7,4,0.8,0.99,1.20625
22.6,3,2,7,7,4,1.17,1.23,1.1675
14.7,4,3,7,7,4,0.3,1.32,1.1775
11.4,4,5,7,7,4,1.56,1.1,1.1729166666666666
-9.4,3,7,7,7,4,0.99,1.67,1.1591666666666667
24.1,3,7,7,7,4,1.34,1.86,1.1579166666666667
-9.5,4,7,7,7,4,1.83,1.47,1.1433333333333333
4.6,2,8,7,7,4,1.12,0.39,1.1920833333333334
32.0,5,9,7,7,4,1.56,1.93,1.1354166666666667
18.7,3,12,7,7,4,0.57,0.7,1.1408333333333334
36.0,5,13,7,7,4,0.83,1.2,1.1520833333333333
7.3,2,13,7,7,4,1.47,1.99,1.1204166666666666
16.4,3,13,7,7,4,1.23,0.26,1.1304166666666666
33.5,2,14,7,7,4,0.5,1.3,1.1579166666666667
-2.1,5,14,7,7,4,1.96,1.94,1.1308333333333334
9.8,1,15,7,7,4,1.29,1.14,1.11125
0.2,1,15,7,7,4,0.67,0.72,1.1579166666666667
12.7,3,15,7,7,4,1.84,1.82,1.1295833333333334
38.2,4,18,7,7,4,1.14,1.51,1.1408333333333334
4.5,1,18,7,7,4,1.78,1.64,1.1279166666666667
24.4,1,22,7,7,4,1.33,0.24,1.1804166666666667
27.8,2,23,7,7,4,1.5,0.24,1.1879166666666667
1.2,3,0,8,7,5,0.42,1.31,1.15625
10.9,1,0,8,7,5,0.55,0.8,1.1779166666666667
10.9,3,0,8,7,5,1.32,1.17,1.1516666666666666
28.2,1,1,8,7,5,0.54,0.3,1.1954166666666668
3.9,4,3,8,7,5,1.35,1.56,1.1900000000000002
20.1,4,6,8,7,5,1.43,0.99,1.1641666666666668
19.4,1,6,8,7,5,0.37,1.34,1.19
5.3,3,9,8,7,5,1.96,1.83,1.1454166666666667
5.2,3,10,8,7,5,0.76,1.12,1.1333333333333333
4.4,3,11,8,7,5,0.83,1.56,1.1108333333333333
10.9,1,12,8,7,5,1.02,0.57,1.1379166666666667
23.9,4,12,8,7,5,1.22,0.83,1.1720833333333334
17.4,5,12,8,7,5,1.65,1.47,1.165
16.5,3,13,8,7,5,1.3,1.23,1.1820833333333334
2.3,1,14,8,7,5,1.64,0.5,1.2404166666666667
29.9,3,17,8,7,5,1.9,1.96,1.24125
31.6,5,19,8,7,5,1.98,1.29,1.2354166666666666
26.8,4,19,8,7,5,1.15,0.67,1.2449999999999999
32.0,5,19,8,7,5,0.9,1.84,1.2458333333333333
0.2,2,20,8,7,5,1.86,1.14,1.21375
9.0,3,21,8,7,5,0.37,1.78,1.215
-7.8,5,22,8,7,5,1.81,1.33,1.17875
8.7,5,22,8,7,5,0.46,1.5,1.1654166666666665
15.0,4,23,8,7,5,1.18,0.42,1.1970833333333333
30.7,3,2,9,7,6,1.18,0.55,1.2133333333333332
-2.8,5,4,9,7,6,0.94,1.32,1.24
23.0,3,4,9,7,6,1.96,0.54,1.2941666666666667
26.0,5,5,9,7,6,1.84,1.35,1.2645833333333332
10.4,2,6,9,7,6,0.64,1.43,1.28375
23.4,5,6,9,7,6,1.89,0.37,1.33625
-5.3,4,8,9,7,6,1.63,1.96,1.3020833333333333
0.2,2,8,9,7,6,1.14,0.76,1.3175
32.5,2,9,9,7,6,1.13,0.83,1.2933333333333332
7.5,2,11,9,7,6,0.25,1.02,1.3145833333333334
20.7,4,11,9,7,6,1.53,1.22,1.285
31.1,5,13,9,7,6,0.51,1.65,1.24625
39.4,2,15,9,7,6,0.72,1.3,1.2408333333333332
32.3,1,18,9,7,6,1.17,1.64,1.2083333333333333
7.0,3,18,9,7,6,0.86,1.9,1.1558333333333333
22.7,4,18,9,7,6,0.64,1.98,1.1083333333333332
-5.0,4,19,9,7,6,0.84,1.15,1.0729166666666667
13.0,3,20,9,7,6,0.3,0.9,1.0741666666666665
-4.1,3,20,9,7,6,0.93,1.86,1.0170833333333333
24.6,5,21,9,7,6,0.49,0.37,1.0125
34.7,2,22,9,7,6,0.26,1.81,0.9512499999999999
26.0,4,0,10,7,0,0.34,0.46,0.9633333333333333
15.4,3,1,10,7,0,0.75,1.18,0.9804166666666666
31.1,2,1,10,7,0,1.59,1.18,0.99125
35.6,3,1,10,7,0,1.44,0.94,0.9716666666666667
23.2,2,1,10,7,0,0.47,1.96,0.9179166666666667
-9.9,4,2,10,7,0,0.67,1.84,0.9012500000000001
37.7,3,2,10,7,0,1.44,0.64,0.92125
21.1,2,2,10,7,0,1.12,1.89,0.8729166666666667
26.9,2,3,10,7,0,0.73,1.63,0.8279166666666667
0.1,4,4,10,7,0,0.55,1.14,0.8612500000000001
36.4,4,4,10,7,0,1.94,1.13,0.8958333333333334
34.6,3,5,10,7,0,1.96,0.25,0.89875
24.2,3,5,10,7,0,0.32,1.53,0.8925000000000001
31.3,5,6,10,7,0,1.38,0.51,0.9454166666666666
-7.5,1,7,10,7,0,1.78,0.72,0.9662499999999999
5.1,2,8,10,7,0,1.22,1.17,0.9975
22.7,5,8,10,7,0,1.92,0.86,1.0395833333333333
5.9,2,12,10,7,0,1.87,0.64,1.08875
-3.9,2,15,10,7,0,1.82,0.84,1.0754166666666667
24.7,4,19,10,7,0,0.52,0.3,1.1016666666666668
-1.8,4,19,10,7,0,0.93,0.93,1.1166666666666667
6.4,2,20,10,7,0,1.29,0.49,1.1395833333333332
28.3,3,21,10,7,0,1.04,0.26,1.1625
-9.0,2,22,10,7,0,0.81,0.34,1.2012500000000002
10.6,2,22,10,7,0,1.27,0.75,1.2212500000000002
20.2,5,23,10,7,0,1.23,1.59,1.2291666666666667
-7.2,4,23,10,7,0,1.78,1.44,1.2116666666666667
39.5,5,0,11,7,1,1.02,0.47,1.2354166666666668
-0.0,1,2,11,7,1,1.04,0.67,1.2579166666666668
27.8,4,3,11,7,1,1.21,1.44,1.23125
21.1,2,4,11,7,1,0.8,1.12,1.2095833333333335
12.2,2,4,11,7,1,0.6,0.73,1.2154166666666668
22.8,4,5,11,7,1,0.87,0.55,1.2008333333333334
-1.5,1,7,11,7,1,0.2,1.94,1.16
2.7,5,8,11,7,1,0.96,1.96,1.1333333333333335
20.1,5,9,11,7,1,1.32,0.32,1.1966666666666668
17.3,4,9,11,7,1,1.84,1.38,1.22
11.4,4,9,11,7,1,1.94,1.78,1.1854166666666666
37.7,3,10,11,7,1,0.95,1.22,1.1849999999999998
-6.2,5,10,11,7,1,1.21,1.92,1.1754166666666668
37.1,2,11,11,7,1,1.69,1.87,1.1224999999999998
6.7,3,11,11,7,1,0.6,1.82,1.0583333333333333
17.8,4,14,11,7,1,0.28,0.52,1.0495833333333333
27.5,2,15,11,7,1,0.31,0.93,1.03375
26.3,3,15,11,7,1,0.55,1.29,1.0333333333333334
-7.9,5,19,11,7,1,1.28,1.04,1.0433333333333334
-7.4,2,21,11,7,1,1.28,0.81,1.0504166666666668
19.7,2,1,12,7,2,0.98,1.27,1.0520833333333333
5.4,5,1,12,7,2,1.31,1.23,1.06375
10.3,2,2,12,7,2,1.51,1.78,1.07125
-7.4,4,2,12,7,2,1.96,1.02,1.0845833333333332
1.2,5,2,12,7,2,1.34,1.04,1.0895833333333333
21.6,5,4,12,7,2,1.16,1.21,1.08125
17.0,4,4,12,7,2,1.01,0.8,1.0675000000000001
31.1,1,5,12,7,2,0.47,0.6,1.1104166666666666
24.8,2,7,12,7,2,1.63,0.87,1.11875
28.0,2,8,12,7,2,1.07,0.2,1.1829166666666666
-3.7,2,9,12,7,2,1.74,0.96,1.1808333333333334
34.9,2,9,12,7,2,0.91,1.32,1.2037499999999999
-9.0,4,10,12,7,2,1.87,1.84,1.1975
11.5,1,11,12,7,2,1.69,1.94,1.12875
16.6,1,11,12,7,2,0.29,0.95,1.1225
19.6,4,11,12,7,2,0.8,1.21,1.1441666666666668
-1.5,2,13,12,7,2,1.73,1.69,1.1091666666666666
29.0,1,14,12,7,2,0.85,0.6,1.15625
-8.2,4,16,12,7,2,1.73,0.28,1.2191666666666667
36.6,5,16,12,7,2,1.79,0.31,1.245
20.6,1,18,12,7,2,0.93,0.55,1.2383333333333335
21.1,2,19,12,7,2,0.39,1.28,1.2237500000000001
33.2,2,21,12,7,2,0.93,1.28,1.2387499999999998
33.8,5,21,12,7,2,1.64,0.98,1.2670833333333333
27.4,1,0,13,7,3,1.66,1.31,1.2429166666666667
-4.6,3,3,13,7,3,0.73,1.51,1.2079166666666667
6.2,3,6,13,7,3,0.67,1.96,1.2075
-9.8,5,6,13,7,3,1.95,1.34,1.17375
23.3,4,7,13,7,3,0.53,1.16,1.205
0.6,2,8,13,7,3,1.91,1.01,1.175
-0.7,2,10,13,7,3,0.29,0.47,1.1875
-0.8,5,11,13,7,3,0.77,1.63,1.1995833333333332
32.0,1,12,13,7,3,1.92,1.07,1.2116666666666667
30.4,1,14,13,7,3,1.36,1.74,1.1704166666666667
3.4,5,16,13,7,3,0.75,0.91,1.1412499999999999
12.9,1,17,13,7,3,0.21,1.87,1.10125
28.3,5,18,13,7,3,0.91,1.69,1.1058333333333332
23.2,5,19,13,7,3,1.8,0.29,1.1387500000000002
-3.2,3,20,13,7,3,1.08,0.8,1.1654166666666665
3.3,2,20,13,7,3,1.44,1.73,1.1187500000000001
9.2,1,20,13,7,3,0.61,0.85,1.1191666666666666
3.7,5,20,13,7,3,0.86,1.73,1.07125
16.4,3,21,13,7,3,0.58,1.79,1.0666666666666667
-2.7,5,21,13,7,3,1.68,0.93,1.0441666666666667
32.8,2,22,13,7,3,0.39,0.39,1.0645833333333332
14.3,5,22,13,7,3,0.88,0.93,1.05125
1.7,3,23,13,7,3,0.61,1.64,1.0150000000000001
38.3,3,2,14,7,4,0.77,1.66,0.9870833333333334
-10.0,1,2,14,7,4,0.99,0.73,0.9720833333333334
35.3,4,4,14,7,4,0.37,0.67,0.9695833333333334
16.0,2,5,14,7,4,0.61,1.95,0.8975
2.8,3,5,14,7,4,0.22,0.53,0.9008333333333333
9.1,1,5,14,7,4,0.61,1.91,0.8937499999999999
6.2,5,6,14,7,4,1.74,0.29,0.96125
13.3,4,6,14,7,4,1.91,0.77,0.98875
26.4,2,6,14,7,4,1.43,1.92,0.9450000000000002
11.0,3,7,14,7,4,0.87,1.36,0.89875
16.2,3,7,14,7,4,0.25,0.75,0.9404166666666667
26.0,1,9,14,7,4,1.75,0.21,0.9637500000000001
-9.2,4,10,14,7,4,0.77,0.91,0.9400000000000001
12.6,2,10,14,7,4,0.34,1.8,0.9154166666666668
14.6,3,12,14,7,4,1.21,1.08,0.9358333333333334
8.0,5,12,14,7,4,1.57,1.44,0.88875
6.4,2,12,14,7,4,0.31,0.61,0.8779166666666666
20.3,1,17,14,7,4,0.35,0.86,0.9233333333333333
24.8,4,20,14,7,4,1.95,0.58,0.9595833333333333
12.2,3,20,14,7,4,1.45,1.68,0.89875
29.4,2,22,14,7,4,0.22,0.39,0.9325
3.6,4,22,14,7,4,1.2,0.88,0.9641666666666667
-8.7,3,22,14,7,4,1.64,0.61,0.9899999999999999
14.0,5,1,15,7,5,1.23,0.77,1.0358333333333334
7.7,3,1,15,7,5,1.87,0.99,1.0325
8.1,5,1,15,7,5,0.91,0.37,1.0254166666666666
19.8,5,2,15,7,5,0.2,0.61,1.03
35.4,5,2,15,7,5,0.72,0.22,1.0766666666666667
10.2,2,2,15,7,5,1.34,0.61,1.1108333333333333
-3.6,3,2,15,7,5,1.43,1.74,1.10625
21.4,1,3,15,7,5,1.63,1.91,1.0404166666666665
9.0,5,4,15,7,5,0.33,1.43,1.0520833333333333
-0.7,5,5,15,7,5,1.71,0.87,1.0291666666666666
-9.1,4,5,15,7,5,0.32,0.25,1.0779166666666666
8.4,4,5,15,7,5,1.42,1.75,1.0558333333333334
9.8,3,5,15,7,5,1.22,0.77,1.0658333333333332
25.7,2,6,15,7,5,1.01,0.34,1.0758333333333334
15.9,3,7,15,7,5,0.58,1.21,1.1054166666666665
21.3,3,7,15,7,5,1.92,1.57,1.0795833333333333
15.5,4,7,15,7,5,0.95,0.31,1.13
5.3,4,7,15,7,5,1.52,0.35,1.1858333333333333
36.1,5,8,15,7,5,1.69,1.95,1.1775
39.4,2,8,15,7,5,1.75,1.45,1.1708333333333332
-8.5,4,9,15,7,5,1.29,0.22,1.19625
19.8,3,11,15,7,5,0.83,1.2,1.2295833333333335
17.2,2,11,15,7,5,2.0,1.64,1.2133333333333334
29.0,4,12,15,7,5,1.25,1.23,1.2137499999999999
29.8,1,12,15,7,5,1.24,1.87,1.1624999999999999
22.0,3,12,15,7,5,0.64,0.91,1.1458333333333333
31.6,1,12,15,7,5,0.51,0.2,1.1895833333333334
20.0,5,13,15,7,5,1.25,0.72,1.1870833333333335
7.1,1,13,15,7,5,0.66,1.34,1.1795833333333334
9.2,1,14,15,7,5,1.16,1.43,1.1816666666666666
19.7,1,15,15,7,5,1.48,1.63,1.1695833333333332
37.3,2,16,15,7,5,1.34,0.33,1.1958333333333333
-2.2,5,16,15,7,5,0.96,1.71,1.1508333333333332
-4.2,1,16,15,7,5,0.63,0.32,1.1658333333333333
14.7,5,17,15,7,5,0.68,1.42,1.1333333333333333
37.6,5,19,15,7,5,0.64,1.22,1.1366666666666665
9.1,1,20,15,7,5,1.3,1.01,1.1091666666666666
6.7,1,21,15,7,5,0.35,0.58,1.1375
-9.7,4,0,16,7,6,1.26,1.92,1.1387500000000002
20.8,4,0,16,7,6,1.95,0.95,1.1258333333333332
-9.7,3,2,16,7,6,0.64,1.52,1.0966666666666667
28.2,3,3,16,7,6,0.82,1.69,1.0895833333333333
0.9,2,3,16,7,6,1.52,1.75,1.0345833333333334
35.3,1,4,16,7,6,0.43,1.29,1.0341666666666667
28.3,4,5,16,7,6,1.28,0.83,1.0625
14.8,4,5,16,7,6,1.51,2.0,1.0245833333333334
28.3,5,5,16,7,6,1.09,1.25,1.0395833333333333
-4.1,3,6,16,7,6,1.61,1.24,1.0616666666666668
-4.9,3,7,16,7,6,1.77,0.64,1.0670833333333334
-2.5,5,8,16,7,6,0.77,0.51,1.095
7.5,2,9,16,7,6,1.18,1.25,1.1208333333333333
26.7,1,10,16,7,6,1.87,0.66,1.1329166666666666
13.1,2,10,16,7,6,0.95,1.16,1.0987500000000001
11.7,2,10,16,7,6,0.34,1.48,1.0562500000000001
37.4,3,10,16,7,6,0.46,1.34,1.0370833333333334
3.5,4,11,16,7,6,0.88,0.96,1.0695833333333333
24.5,2,12,16,7,6,1.74,0.63,1.1116666666666668
19.3,5,12,16,7,6,1.64,0.68,1.1337499999999998
2.8,1,15,16,7,6,1.21,0.64,1.1170833333333334
-3.4,3,17,16,7,6,0.24,1.3,1.14375
14.0,4,18,16,7,6,1.94,0.35,1.1654166666666665
16.8,1,19,16,7,6,0.87,1.26,1.1275000000000002
25.7,3,19,16,7,6,0.35,1.95,1.0574999999999999
32.6,5,20,16,7,6,0.27,0.64,1.0833333333333333
31.9,3,21,16,7,6,1.26,0.82,1.0720833333333333
18.6,1,0,17,7,0,0.55,1.52,1.02875
26.8,2,0,17,7,0,0.48,0.43,1.0795833333333331
4.5,4,1,17,7,0,1.65,1.28,1.09375
28.9,4,4,17,7,0,1.62,1.51,1.0983333333333334
14.4,1,5,17,7,0,1.62,1.09,1.1216666666666666
9.2,5,6,17,7,0,1.65,1.61,1.1041666666666667
25.1,3,7,17,7,0,1.19,1.77,1.1133333333333333
15.7,1,7,17,7,0,1.99,0.77,1.1458333333333333
31.6,1,7,17,7,0,1.55,1.18,1.1508333333333334
24.2,1,8,17,7,0,1.3,1.87,1.1208333333333333
21.0,1,8,17,7,0,1.15,0.95,1.135
13.4,3,9,17,7,0,1.29,0.34,1.1308333333333334
15.9,4,10,17,7,0,0.24,0.46,1.1812500000000001
39.8,1,10,17,7,0,1.67,0.88,1.2245833333333334
27.3,2,11,17,7,0,1.92,1.74,1.2116666666666667
32.9,1,14,17,7,0,1.43,1.64,1.1858333333333333
-5.3,3,14,17,7,0,1.02,1.21,1.1825
9.5,4,15,17,7,0,1.13,0.24,1.2125
31.4,2,17,17,7,0,0.96,1.94,1.1804166666666667
23.7,5,19,17,7,0,1.17,0.87,1.1616666666666666
26.7,4,19,17,7,0,0.42,0.35,1.1920833333333334
-6.0,3,20,17,7,0,1.08,0.27,1.2258333333333333
10.3,4,20,17,7,0,1.08,1.26,1.2170833333333333
28.2,4,21,17,7,0,1.05,0.55,1.20875
35.5,1,0,18,7,1,0.35,0.48,1.23
-4.2,1,1,18,7,1,0.99,1.65,1.2416666666666667
15.6,3,1,18,7,1,1.93,1.62,1.2129166666666666
-9.4,4,2,18,7,1,0.93,1.62,1.2166666666666666
32.2,2,3,18,7,1,1.71,1.65,1.1679166666666667
29.7,2,3,18,7,1,0.48,1.19,1.1300000000000001
-7.3,1,4,18,7,1,0.28,1.99,1.0720833333333333
-6.4,5,4,18,7,1,0.6,1.55,1.0495833333333333
7.7,4,5,18,7,1,1.01,1.3,1.01625
20.5,4,5,18,7,1,0.5,1.15,1.0166666666666668
0.2,4,6,18,7,1,1.16,1.29,1.00375
35.2,4,7,18,7,1,0.98,0.24,1.0720833333333333
6.0,5,10,18,7,1,1.88,1.67,1.0591666666666666
36.6,1,10,18,7,1,1.36,1.92,1.01
-4.8,2,10,18,7,1,0.74,1.43,0.9983333333333334
8.7,2,11,18,7,1,1.15,1.02,0.9666666666666667
-3.4,2,12,18,7,1,0.26,1.13,0.9866666666666668
23.1,1,12,18,7,1,1.61,0.96,0.9862500000000001
11.6,3,13,18,7,1,0.95,1.17,0.9824999999999999
19.1,2,13,18,7,1,1.08,0.42,1.02375
-1.7,5,15,18,7,1,1.41,1.08,1.005
-8.8,2,16,18,7,1,0.63,1.08,1.0108333333333335
25.8,4,16,18,7,1,1.22,1.05,0.9895833333333334
-0.8,5,16,18,7,1,0.54,0.35,1.0379166666666666
19.7,2,16,18,7,1,1.51,0.99,1.0695833333333333
34.1,5,20,18,7,1,1.75,1.93,1.0254166666666666
37.8,4,21,18,7,1,0.87,0.93,1.0175
19.6,4,21,18,7,1,0.74,1.71,1.0250000000000001
-5.6,4,21,18,7,1,1.89,0.48,1.0641666666666667
-6.1,2,23,18,7,1,1.42,0.28,1.1341666666666665
15.6,2,0,19,7,2,1.96,0.6,1.1425
-2.9,5,1,19,7,2,0.8,1.01,1.1579166666666667
25.0,4,3,19,7,2,1.38,0.5,1.1920833333333334
17.5,3,5,19,7,2,1.32,1.16,1.1724999999999999
29.4,4,5,19,7,2,0.69,0.98,1.2054166666666666
-2.0,5,5,19,7,2,1.77,1.88,1.1512499999999999
3.4,4,6,19,7,2,0.58,1.36,1.1404166666666666
8.5,1,6,19,7,2,1.1,0.74,1.1416666666666668
11.0,5,6,19,7,2,0.77,1.15,1.1054166666666665
18.5,1,8,19,7,2,0.28,0.26,1.17625
10.7,5,9,19,7,2,1.96,1.61,1.12375
14.8,3,9,19,7,2,0.35,0.95,1.115
-6.0,2,10,19,7,2,0.74,1.08,1.0904166666666668
22.3,5,10,19,7,2,0.49,1.41,1.0845833333333335
-2.1,3,10,19,7,2,1.27,0.63,1.0891666666666666
4.8,5,12,19,7,2,0.74,1.22,1.0595833333333333
-5.7,2,12,19,7,2,0.51,0.54,1.1183333333333334
-5.3,1,13,19,7,2,1.95,1.51,1.1304166666666666
19.7,3,15,19,7,2,1.8,1.75,1.1325
36.4,4,16,19,7,2,1.8,0.87,1.175
29.4,5,16,19,7,2,1.89,0.74,1.2125
-4.0,1,16,19,7,2,1.64,1.89,1.1470833333333335
38.1,3,17,19,7,2,0.32,1.42,1.1333333333333333
-5.8,1,21,19,7,2,1.09,1.96,1.0883333333333332
37.7,3,23,19,7,2,0.88,0.8,1.0687499999999999
6.0,5,0,20,7,3,0.33,1.38,1.04125
12.1,2,0,20,7,3,0.72,1.32,1.02
22.0,3,2,20,7,3,0.81,0.69,1.0291666666666668
21.8,3,3,20,7,3,0.91,1.77,1.00375
14.7,5,3,20,7,3,1.16,0.58,0.9991666666666666
5.2,3,3,20,7,3,0.47,1.1,0.9774999999999999
-3.0,3,4,20,7,3,0.58,0.77,0.9879166666666666
28.5,1,6,20,7,3,1.02,0.28,1.055
17.6,3,7,20,7,3,1.89,1.96,1.0166666666666666
15.9,1,8,20,7,3,1.04,0.35,1.05875
-3.3,5,9,20,7,3,1.36,0.74,1.0495833333333333
6.1,5,10,20,7,3,0.52,0.49,1.0741666666666665
35.3,1,14,20,7,3,1.08,1.27,1.0975
3.0,4,15,20,7,3,1.83,0.74,1.1125
36.4,1,15,20,7,3,1.1,0.51,1.1154166666666667
15.1,5,15,20,7,3,0.58,1.95,1.11375
29.1,3,16,20,7,3,1.91,1.8,1.0954166666666667
28.3,4,17,20,7,3,1.36,1.8,1.0574999999999999
13.5,3,17,20,7,3,0.89,1.89,0.99625
5.7,4,18,20,7,3,0.42,1.64,1.0091666666666665
-6.9,2,18,20,7,3,1.95,0.32,1.0516666666666667
35.1,2,20,20,7,3,1.34,1.09,1.0283333333333333
13.4,3,21,20,7,3,0.53,0.88,1.0191666666666668
-9.5,2,21,20,7,3,0.66,0.33,1.03375
18.5,2,21,20,7,3,0.68,0.72,1.08
10.2,2,21,20,7,3,1.83,0.81,1.0975
0.7,3,23,20,7,3,1.23,0.91,1.0704166666666666
10.8,3,23,20,7,3,0.26,1.16,1.0566666666666669
-6.4,4,0,21,7,4,0.83,0.47,1.065
-8.2,5,2,21,7,4,0.67,0.58,1.11375
-1.9,1,3,21,7,4,1.75,1.02,1.0858333333333334
-5.4,4,4,21,7,4,0.35,1.89,1.0483333333333333
1.5,1,5,21,7,4,0.99,1.04,1.0204166666666667
12.4,3,5,21,7,4,0.37,1.36,1.00375
-4.5,5,6,21,7,4,0.96,0.52,1.0520833333333333
14.3,4,7,21,7,4,1.68,1.08,1.0429166666666667
31.5,3,8,21,7,4,0.86,1.83,1.0325
23.4,3,8,21,7,4,1.58,1.1,0.9970833333333333
21.5,1,8,21,7,4,0.25,0.58,0.9845833333333333
31.3,3,9,21,7,4,0.28,1.91,0.9316666666666666
28.4,3,12,21,7,4,0.64,1.36,0.93125
16.9,1,12,21,7,4,1.35,0.89,0.9579166666666666
12.2,4,13,21,7,4,1.53,0.42,0.9550000000000001
6.0,5,14,21,7,4,0.35,1.95,0.9295833333333333
9.7,4,14,21,7,4,1.34,1.34,0.9491666666666666
9.6,1,14,21,7,4,1.81,0.53,0.9975
8.4,4,16,21,7,4,1.69,0.66,0.9791666666666666
23.2,2,18,21,7,4,0.22,0.68,0.965
17.4,4,19,21,7,4,0.34,1.83,0.9508333333333333
-6.0,5,20,21,7,4,1.49,1.23,0.9129166666666667
-8.4,4,23,21,7,4,0.32,0.26,0.9245833333333334
-7.9,2,1,22,7,5,0.54,0.83,0.89875
0.3,3,3,22,7,5,0.21,0.67,0.9187500000000001
16.7,3,5,22,7,5,1.15,1.75,0.9225
9.9,2,5,22,7,5,1.84,0.35,0.9745833333333334
39.2,2,6,22,7,5,1.6,0.99,1.0141666666666667
18.2,2,6,22,7,5,1.94,0.37,1.03875
12.1,4,7,22,7,5,0.96,0.96,1.0779166666666666
5.0,3,8,22,7,5,1.9,1.68,1.07875
25.4,5,11,22,7,5,1.7,0.86,1.0520833333333333
25.6,3,11,22,7,5,0.22,1.58,1.0183333333333333
14.7,1,12,22,7,5,0.77,0.25,1.0895833333333333
36.4,1,12,22,7,5,1.96,0.28,1.0866666666666667
35.5,5,15,22,7,5,0.21,0.64,1.1258333333333332
21.4,5,15,22,7,5,1.58,1.35,1.0908333333333333
20.4,1,15,22,7,5,0.51,1.53,1.08375
4.7,2,15,22,7,5,1.36,0.35,1.1429166666666666
23.8,4,16,22,7,5,1.77,1.34,1.1629166666666666
36.4,3,17,22,7,5,1.82,1.81,1.1679166666666667
30.7,4,19,22,7,5,1.93,1.69,1.1370833333333332
31.7,1,22,22,7,5,0.95,0.22,1.1608333333333334
1.2,5,23,22,7,5,0.79,0.34,1.2208333333333334
9.1,1,1,23,7,6,1.78,1.49,1.20375
2.0,1,3,23,7,6,1.08,0.32,1.2308333333333332
-2.9,3,4,23,7,6,0.97,0.54,1.2654166666666666
19.1,3,4,23,7,6,1.37,0.21,1.3316666666666668
10.7,3,5,23,7,6,1.8,1.15,1.3420833333333333
19.1,3,6,23,7,6,1.4,1.84,1.3325
30.6,3,8,23,7,6,1.61,1.6,1.28125
23.3,4,8,23,7,6,0.37,1.94,1.2679166666666668
13.5,3,11,23,7,6,1.62,0.96,1.2575
-5.4,3,12,23,7,6,0.71,1.9,1.2225
39.9,3,13,23,7,6,1.06,1.7,1.2
0.7,3,16,23,7,6,1.16,0.22,1.2333333333333334
-7.7,3,18,23,7,6,1.02,0.77,1.21625
23.3,3,19,23,7,6,0.36,1.96,1.1525
26.4,1,21,23,7,6,0.43,0.21,1.1916666666666667
9.8,4,22,23,7,6,1.15,1.58,1.1608333333333334
26.7,3,23,23,7,6,0.84,0.51,1.1975
12.6,2,23,23,7,6,1.39,1.36,1.2016666666666667
31.8,1,1,24,7,0,1.46,1.77,1.1995833333333332
11.3,1,2,24,7,0,1.72,1.82,1.1433333333333333
32.8,3,2,24,7,0,0.47,1.93,1.1095833333333334
11.6,4,7,24,7,0,1.12,0.95,1.1058333333333334
-4.7,4,8,24,7,0,0.86,0.79,1.0954166666666667
33.3,2,8,24,7,0,0.54,1.78,1.0820833333333333
2.6,5,9,24,7,0,1.46,1.08,1.0491666666666666
25.7,4,10,24,7,0,0.29,0.97,1.0570833333333334
16.0,4,12,24,7,0,1.16,1.37,1.0341666666666667
-1.1,3,12,24,7,0,0.82,1.8,0.9766666666666666
30.3,2,13,24,7,0,0.42,1.4,0.9545833333333333
-8.9,2,13,24,7,0,0.87,1.61,0.9550000000000001
18.5,5,15,24,7,0,1.62,0.37,0.9616666666666666
-9.9,4,16,24,7,0,0.53,1.62,0.9512499999999999
2.7,5,16,24,7,0,1.37,0.71,0.9745833333333334
34.0,2,18,24,7,0,1.27,1.06,0.9641666666666667
3.5,5,18,24,7,0,0.81,1.16,0.9304166666666666
8.2,3,19,24,7,0,0.35,1.02,0.9691666666666666
-7.0,1,20,24,7,0,1.95,0.36,0.9729166666666665
19.8,2,21,24,7,0,0.45,0.43,1.0320833333333332
34.1,5,22,24,7,0,1.85,1.15,0.9933333333333333
-6.6,5,22,24,7,0,0.22,0.84,1.0025000000000002
-1.5,2,22,24,7,0,1.06,1.39,1.0008333333333332
-7.7,2,22,24,7,0,1.35,1.46,1.0041666666666667
33.5,4,23,24,7,0,1.54,1.72,0.9991666666666666
10.1,1,23,24,7,0,1.6,0.47,1.0116666666666665
27.1,1,0,25,7,1,0.77,1.12,0.9933333333333333
39.9,2,1,25,7,1,0.68,0.86,0.9741666666666666
16.1,1,2,25,7,1,0.4,0.54,0.9783333333333334
5.5,5,2,25,7,1,0.64,1.46,0.9854166666666667
-3.6,2,3,25,7,1,1.63,0.29,0.9991666666666666
-3.0,5,3,25,7,1,0.62,1.16,1.01125
-7.5,1,3,25,7,1,1.45,0.82,1.00375
27.1,3,3,25,7,1,0.64,0.42,1.0470833333333334
27.2,5,4,25,7,1,1.46,0.87,1.0270833333333333
14.5,2,5,25,7,1,0.39,1.62,0.9720833333333333
23.5,3,6,25,7,1,0.3,0.53,0.9741666666666667
13.5,5,7,25,7,1,0.58,1.37,0.9270833333333334
25.5,1,8,25,7,1,0.24,1.27,0.9491666666666667
24.7,1,8,25,7,1,1.8,0.81,0.9474999999999999
11.0,5,9,25,7,1,0.77,0.35,1.01
38.3,1,9,25,7,1,1.85,1.95,0.9704166666666668
5.1,2,10,25,7,1,1.0,0.45,1.0337500000000002
6.6,3,12,25,7,1,1.97,1.85,0.9941666666666666
34.2,1,13,25,7,1,0.9,0.22,1.05125
5.5,5,13,25,7,1,1.59,1.06,1.0354166666666667
30.1,4,15,25,7,1,0.68,1.35,1.0158333333333334
25.3,3,15,25,7,1,0.88,1.54,0.9933333333333333
-1.8,1,15,25,7,1,1.0,1.6,0.9912500000000001
23.1,3,15,25,7,1,1.55,0.77,0.9991666666666666
-3.9,5,16,25,7,1,0.96,0.68,1.0483333333333336
6.5,5,17,25,7,1,1.86,0.4,1.05125
18.8,1,17,25,7,1,0.47,0.64,1.0495833333333333
-0.6,5,18,25,7,1,0.6,1.63,1.065
-5.4,5,19,25,7,1,2.0,0.62,1.0908333333333333
-7.0,1,22,25,7,1,1.24,1.45,1.0945833333333332
-4.0,2,22,25,7,1,1.54,0.64,1.09875
4.1,2,0,26,7,2,0.74,1.46,1.1041666666666667
27.7,4,2,26,7,2,1.59,0.39,1.15125
3.9,4,3,26,7,2,1.52,0.3,1.1812500000000001
28.6,2,4,26,7,2,1.02,0.58,1.2154166666666666
1.6,1,4,26,7,2,1.4,0.24,1.235
29.5,1,5,26,7,2,0.71,1.8,1.2195833333333332
23.9,3,6,26,7,2,1.43,0.77,1.27
15.5,5,10,26,7,2,1.98,1.85,1.2449999999999999
18.8,2,10,26,7,2,1.25,1.0,1.2833333333333332
4.5,1,11,26,7,2,1.92,1.97,1.26
-0.2,3,11,26,7,2,1.41,0.9,1.29625
26.9,3,13,26,7,2,1.77,1.59,1.3020833333333333
38.0,3,14,26,7,2,1.73,0.68,1.3033333333333335
4.5,3,14,26,7,2,0.71,0.88,1.3166666666666667
-5.4,5,16,26,7,2,1.2,1.0,1.3258333333333334
-2.0,1,16,26,7,2,1.22,1.55,1.2816666666666665
38.8,2,17,26,7,2,0.49,0.96,1.3179166666666668
32.7,2,17,26,7,2,1.83,1.86,1.2520833333333334
26.9,1,18,26,7,2,0.28,0.47,1.3133333333333332
-5.9,4,18,26,7,2,1.94,0.6,1.3116666666666668
28.3,4,18,26,7,2,0.56,2.0,1.2804166666666668
24.2,2,20,26,7,2,1.25,1.24,1.2820833333333332
33.0,1,20,26,7,2,1.28,1.54,1.2825
27.9,4,21,26,7,2,1.55,0.74,1.3341666666666665
31.6,1,0,27,7,3,1.98,1.59,1.2895833333333333
-1.9,5,0,27,7,3,0.52,1.52,1.2604166666666667
27.4,3,1,27,7,3,0.82,1.02,1.28375
14.2,2,2,27,7,3,1.58,1.4,1.2525000000000002
14.1,2,2,27,7,3,0.65,0.71,1.2795833333333333
30.6,2,2,27,7,3,1.36,1.43,1.24875
34.7,4,3,27,7,3,0.69,1.98,1.2358333333333333
21.1,2,4,27,7,3,1.67,1.25,1.22
29.7,2,7,27,7,3,0.87,1.92,1.2120833333333334
28.3,4,8,27,7,3,1.73,1.41,1.1704166666666667
8.3,1,10,27,7,3,0.41,1.77,1.1741666666666668
-3.9,5,10,27,7,3,1.86,1.73,1.1616666666666668
39.7,5,11,27,7,3,1.43,0.71,1.1683333333333332
5.5,4,11,27,7,3,0.87,1.2,1.12875
5.7,4,11,27,7,3,0.25,1.22,1.1254166666666665
17.6,5,11,27,7,3,1.14,0.49,1.155
24.9,2,11,27,7,3,1.2,1.83,1.1583333333333334
-3.3,2,13,27,7,3,1.91,0.28,1.1933333333333334
5.7,2,13,27,7,3,1.12,1.94,1.15625
1.8,2,14,27,7,3,1.05,0.56,1.1433333333333333
-3.4,2,14,27,7,3,0.25,1.25,1.125
9.3,3,15,27,7,3,0.81,1.28,1.1354166666666667
-5.8,1,16,27,7,3,1.53,1.55,1.1454166666666665
32.2,2,19,27,7,3,1.79,1.98,1.1337499999999998
4.0,3,20,27,7,3,1.7,0.52,1.1329166666666666
32.4,3,20,27,7,3,0.5,0.82,1.1337499999999998
15.9,5,20,27,7,3,0.84,1.58,1.0941666666666667
11.9,3,0,28,7,4,0.63,0.65,1.0858333333333332
5.0,5,1,28,7,4,0.45,1.36,1.05875
31.8,4,1,28,7,4,0.71,0.69,1.1054166666666667
0.5,3,3,28,7,4,1.81,1.67,1.1054166666666667
17.2,1,4,28,7,4,1.67,0.87,1.0999999999999999
8.9,1,4,28,7,4,0.74,1.73,1.0595833333333335
9.5,2,5,28,7,4,0.76,0.41,1.0850000000000002
18.5,5,8,28,7,4,1.02,1.86,1.0491666666666666
-3.8,1,9,28,7,4,1.0,1.43,1.0616666666666668
12.1,2,10,28,7,4,1.73,0.87,1.0537500000000002
23.1,2,11,28,7,4,0.68,0.25,1.0854166666666667
38.1,3,12,28,7,4,1.01,1.14,1.0516666666666667
5.4,2,12,28,7,4,0.33,1.2,1.0116666666666667
27.0,5,12,28,7,4,0.24,1.91,0.9708333333333333
22.5,1,14,28,7,4,0.93,1.12,0.9625
23.7,2,14,28,7,4,0.92,1.05,0.9745833333333334
37.5,2,16,28,7,4,1.34,0.25,1.0250000000000001
34.3,4,17,28,7,4,1.46,0.81,1.00875
38.8,1,18,28,7,4,0.42,1.53,0.9854166666666666
7.8,1,18,28,7,4,0.97,1.79,0.98375
23.8,3,20,28,7,4,1.75,1.7,0.9645833333333335
12.7,4,21,28,7,4,1.24,0.5,1.0037500000000001
30.1,3,21,28,7,4,1.44,0.84,1.0037500000000001
-6.0,2,21,28,7,4,0.84,0.63,0.99625
14.2,2,22,28,7,4,0.45,0.45,1.06
37.4,3,22,28,7,4,1.98,0.71,1.0416666666666667
-6.6,5,2,29,7,5,0.27,1.81,1.01875
2.9,5,4,29,7,5,1.26,1.67,0.9945833333333333
12.1,3,7,29,7,5,1.09,0.74,0.9841666666666667
-1.3,2,8,29,7,5,0.49,0.76,1.01875
15.4,3,9,29,7,5,1.59,1.02,1.0245833333333334
22.4,3,9,29,7,5,1.16,1.0,1.0020833333333334
25.6,4,9,29,7,5,0.46,1.73,1.0087499999999998
18.3,5,10,29,7,5,1.89,0.68,1.0
17.6,3,10,29,7,5,0.47,1.01,0.9725
13.8,5,11,29,7,5,0.35,0.33,0.9937499999999999
19.3,3,12,29,7,5,0.84,0.24,1.04875
29.2,3,12,29,7,5,1.56,0.93,1.0454166666666667
24.7,1,12,29,7,5,0.85,0.92,1.0529166666666667
-1.5,3,13,29,7,5,1.1,1.34,1.0654166666666667
37.2,4,14,29,7,5,1.64,1.46,1.0683333333333331
26.3,2,14,29,7,5,1.53,0.42,1.0641666666666667
7.8,3,15,29,7,5,0.32,0.97,1.0325
35.4,3,16,29,7,5,0.21,1.75,1.0175
11.1,5,17,29,7,5,1.39,1.24,0.9995833333333333
35.8,2,17,29,7,5,0.81,1.44,1.01
19.9,5,19,29,7,5,1.69,0.84,1.0316666666666665
30.5,2,20,29,7,5,1.36,0.45,1.0225
-6.0,1,22,29,7,5,0.23,1.98,0.9858333333333333
5.6,5,22,29,7,5,1.1,0.27,1.0329166666666667
-0.4,5,22,29,7,5,1.4,1.26,1.0475
4.6,1,22,29,7,5,1.61,1.09,1.0620833333333335
21.3,3,0,30,7,6,1.44,0.49,1.0645833333333334
35.5,2,0,30,7,6,0.55,1.59,1.0483333333333333
-5.5,5,1,30,7,6,1.2,1.16,1.01875
3.6,3,1,30,7,6,0.45,0.46,1.0341666666666665
36.1,4,2,30,7,6,0.83,1.89,1.0375
6.7,5,2,30,7,6,1.97,0.47,1.0654166666666667
26.6,4,2,30,7,6,1.14,0.35,1.0658333333333334
9.1,5,2,30,7,6,0.36,0.84,1.0779166666666666
-0.1,5,5,30,7,6,1.13,1.56,1.065
38.8,4,5,30,7,6,1.25,0.85,1.0645833333333334
-4.3,5,5,30,7,6,0.84,1.1,1.0329166666666667
35.2,4,6,30,7,6,0.34,1.64,1.0154166666666666
-1.3,2,6,30,7,6,1.22,1.53,1.0208333333333333
5.7,2,7,30,7,6,1.66,0.32,1.0316666666666667
-1.9,1,7,30,7,6,0.58,0.21,1.0429166666666667
37.6,5,8,30,7,6,0.48,1.39,1.0141666666666667
1.4,4,8,30,7,6,0.7,0.81,1.0354166666666667
-5.7,1,11,30,7,6,1.32,1.69,1.0379166666666666
34.7,3,12,30,7,6,1.75,1.36,1.0279166666666668
11.3,3,13,30,7,6,1.12,0.23,1.0366666666666666
19.1,4,14,30,7,6,0.44,1.1,1.0579166666666666
11.0,4,15,30,7,6,1.61,1.4,1.0583333333333333
33.9,1,15,30,7,6,1.41,1.61,1.04125
-4.5,1,15,30,7,6,1.2,1.44,1.0004166666666665
38.8,5,16,30,7,6,0.46,0.55,1.0033333333333332
26.8,3,18,30,7,6,0.62,1.2,0.9691666666666666
33.6,1,19,30,7,6,0.38,0.45,1.0145833333333334
21.8,2,21,30,7,6,1.54,0.83,0.9904166666666668
32.2,1,21,30,7,6,0.25,1.97,0.9633333333333333
33.4,3,21,30,7,6,1.32,1.14,0.9670833333333332
26.5,4,22,30,7,6,1.23,0.36,1.025
10.2,3,1,31,7,0,1.75,1.13,1.02125
-8.3,1,2,31,7,0,1.04,1.25,0.9816666666666666
-1.4,5,2,31,7,0,0.3,0.84,1.01125
5.4,5,2,31,7,0,1.55,0.34,1.04875
32.5,4,3,31,7,0,1.24,1.22,1.0291666666666668
19.3,3,3,31,7,0,0.75,1.66,0.9783333333333334
10.3,3,4,31,7,0,0.44,0.58,0.99625
39.3,4,5,31,7,0,1.01,0.48,0.9858333333333333
12.1,5,6,31,7,0,0.23,0.7,0.9795833333333333
3.4,3,9,31,7,0,0.55,1.32,0.9391666666666666
6.7,2,10,31,7,0,0.35,1.75,0.9095833333333333
-0.0,1,10,31,7,0,1.04,1.12,0.8875000000000001
29.2,3,11,31,7,0,0.59,0.44,0.9270833333333334
26.8,2,12,31,7,0,1.39,1.61,0.88
14.2,5,13,31,7,0,0.48,1.41,0.8708333333333335
16.9,2,13,31,7,0,1.19,1.2,0.8833333333333334
11.5,1,14,31,7,0,1.5,0.46,0.9391666666666668
5.0,1,17,31,7,0,1.8,0.62,0.9316666666666666
11.6,5,17,31,7,0,0.44,0.38,0.9445833333333334
24.3,2,18,31,7,0,0.69,1.54,0.9233333333333335
23.7,4,18,31,7,0,1.03,0.25,0.9700000000000001
14.6,3,19,31,7,0,1.37,1.32,0.9529166666666667
-0.6,5,20,31,7,0,0.91,1.23,0.93375
8.4,2,21,31,7,0,0.77,1.75,0.8716666666666667
12.7,2,22,31,7,0,0.26,1.04,0.8874999999999998
38.7,4,23,31,7,0,1.42,0.3,0.895
-3.1,5,2,1,8,1,0.48,1.55,0.9083333333333333
11.6,2,3,1,8,1,1.87,1.24,0.9308333333333333
-8.8,4,4,1,8,1,1.78,0.75,0.9387499999999999
3.2,2,4,1,8,1,0.94,0.44,0.9741666666666667
33.7,5,4,1,8,1,1.29,1.01,0.9429166666666666
37.0,2,6,1,8,1,0.26,0.23,1.0075
24.6,4,6,1,8,1,1.78,0.55,1.0508333333333335
-3.6,1,7,1,8,1,1.59,0.35,1.0629166666666667
33.0,3,9,1,8,1,0.64,1.04,1.0462500000000001
-4.5,2,9,1,8,1,0.64,0.59,1.0662500000000001
4.8,3,9,1,8,1,1.07,1.39,1.0691666666666666
25.3,2,10,1,8,1,1.46,0.48,1.0758333333333334
-2.6,4,10,1,8,1,0.64,1.19,1.0687499999999999
19.3,5,11,1,8,1,1.02,1.5,1.0825
27.0,3,12,1,8,1,1.83,1.8,1.0166666666666666
21.8,3,13,1,8,1,0.22,0.44,1.0208333333333333
22.2,2,13,1,8,1,0.54,0.69,1.00375
14.8,5,14,1,8,1,0.28,1.03,1.034166666666667
26.3,2,16,1,8,1,1.76,1.37,1.0075
-1.5,5,16,1,8,1,0.73,0.91,1.0416666666666667
35.0,2,18,1,8,1,1.73,0.77,1.0879166666666669
5.4,3,18,1,8,1,1.88,0.26,1.0879166666666666
29.0,2,19,1,8,1,0.26,1.42,1.1033333333333333
0.0,4,0,2,8,2,1.79,0.48,1.1004166666666666
18.8,3,1,2,8,2,0.41,1.87,1.04
1.2,4,1,2,8,2,0.42,1.78,1.0204166666666665
6.4,5,4,2,8,2,1.31,0.94,1.0295833333333333
16.1,4,5,2,8,2,1.16,1.29,1.0291666666666666
8.3,2,7,2,8,2,1.28,0.26,1.05125
28.1,2,8,2,8,2,0.79,1.78,1.02
15.9,4,9,2,8,2,1.03,1.59,1.0175
31.9,2,10,2,8,2,1.53,0.64,1.0050000000000001
5.2,2,11,2,8,2,0.34,0.64,1.0
17.0,5,11,2,8,2,0.52,1.07,1.0179166666666666
25.2,1,11,2,8,2,1.5,1.46,1.0095833333333333
28.0,5,12,2,8,2,1.26,0.64,1.0175
8.1,1,13,2,8,2,0.83,1.02,1.0108333333333335
24.0,4,14,2,8,2,0.86,1.83,0.9820833333333333
26.0,4,15,2,8,2,1.14,0.22,1.0425
1.9,3,16,2,8,2,1.67,0.54,1.095
-1.2,3,16,2,8,2,1.8,0.28,1.1608333333333334
-1.2,4,17,2,8,2,1.86,1.76,1.1229166666666666
24.2,1,18,2,8,2,0.85,0.73,1.1516666666666666
18.5,5,18,2,8,2,1.42,1.73,1.0895833333333333
-1.4,2,20,2,8,2,0.24,1.88,1.05625
36.3,4,23,2,8,2,1.08,0.26,1.0983333333333334
15.0,3,0,3,8,3,1.27,1.79,1.0891666666666666
25.3,3,0,3,8,3,1.57,0.41,1.1316666666666666
25.4,4,1,3,8,3,1.43,0.42,1.1870833333333333
17.9,3,1,3,8,3,1.75,1.31,1.1891666666666667
19.2,3,2,3,8,3,1.36,1.16,1.2079166666666667
-9.0,2,2,3,8,3,1.61,1.28,1.1925000000000001
19.9,2,4,3,8,3,0.91,0.79,1.20625
36.2,2,5,3,8,3,1.12,1.03,1.17875
26.9,5,5,3,8,3,0.37,1.53,1.1766666666666665
35.7,1,7,3,8,3,1.48,0.34,1.2070833333333333
-2.0,1,8,3,8,3,1.07,0.52,1.2504166666666665
16.6,3,9,3,8,3,1.56,1.5,1.2383333333333333
25.0,4,10,3,8,3,1.21,1.26,1.2408333333333335
26.9,3,11,3,8,3,1.32,0.83,1.2420833333333332
20.5,5,11,3,8,3,0.86,0.86,1.2245833333333334
33.2,1,12,3,8,3,0.44,1.14,1.2129166666666666
28.6,4,13,3,8,3,0.86,1.67,1.1691666666666667
6.8,2,13,3,8,3,0.62,1.8,1.1591666666666667
-9.1,3,15,3,8,3,1.56,1.86,1.1083333333333334
9.7,4,15,3,8,3,0.64,0.85,1.1533333333333333
14.0,5,15,3,8,3,1.93,1.42,1.105
34.0,5,15,3,8,3,0.26,0.24,1.1199999999999999
-2.4,2,15,3,8,3,0.6,1.08,1.1225
3.3,4,16,3,8,3,1.14,1.27,1.0804166666666666
37.6,2,17,3,8,3,0.26,1.57,1.0666666666666667
8.2,5,19,3,8,3,1.24,1.43,1.0541666666666667
17.5,4,19,3,8,3,1.13,1.75,1.06
-8.3,5,20,3,8,3,1.89,1.36,1.0204166666666665
26.1,2,20,3,8,3,0.41,1.61,0.99125
-8.0,2,20,3,8,3,0.91,0.91,1.0220833333333332
1.3,5,21,3,8,3,1.65,1.12,1.0470833333333334
34.4,4,21,3,8,3,1.72,0.37,1.0791666666666666
24.9,4,21,3,8,3,1.14,1.48,1.06625
30.0,2,22,3,8,3,1.17,1.07,1.0466666666666666
20.6,2,22,3,8,3,0.6,1.56,1.0595833333333333
2.9,1,23,3,8,3,1.87,1.21,1.0758333333333334
17.4,1,0,4,8,4,1.6,1.32,1.0425
33.4,3,0,4,8,4,0.52,0.86,1.0345833333333334
-3.4,2,0,4,8,4,0.67,0.44,1.0841666666666667
16.4,2,2,4,8,4,1.63,0.86,1.0641666666666667
5.1,4,3,4,8,4,0.38,0.62,1.0608333333333333
10.9,1,4,4,8,4,0.54,1.56,1.0179166666666666
-3.7,1,4,4,8,4,0.53,0.64,1.0233333333333332
-3.5,3,6,4,8,4,0.77,1.93,0.985
15.8,1,6,4,8,4,1.01,0.26,1.0445833333333334
-5.7,2,6,4,8,4,1.69,0.6,1.1008333333333333
-5.8,2,6,4,8,4,1.95,1.14,1.0666666666666667
26.3,5,7,4,8,4,0.32,0.26,1.0833333333333333
1.8,1,9,4,8,4,0.66,1.24,1.0929166666666668
12.1,1,11,4,8,4,1.47,1.13,1.1125
38.9,4,11,4,8,4,1.6,1.89,1.0975
8.3,5,11,4,8,4,1.53,0.41,1.10625
26.1,1,13,4,8,4,0.62,0.91,1.1254166666666665
34.5,1,15,4,8,4,1.37,1.65,1.1329166666666668
15.7,4,15,4,8,4,1.83,1.72,1.1158333333333332
20.5,3,15,4,8,4,1.31,1.14,1.0766666666666667
-9.5,2,15,4,8,4,0.2,1.17,1.0666666666666667
12.7,2,17,4,8,4,0.93,0.6,1.1191666666666669
22.3,5,19,4,8,4,1.86,1.87,1.0641666666666667
31.2,2,19,4,8,4,0.55,1.6,1.0229166666666667
24.0,5,19,4,8,4,0.61,0.52,1.0691666666666666
-2.9,3,19,4,8,4,1.63,0.67,1.1191666666666666
9.2,5,23,4,8,4,1.87,1.63,1.08625
12.8,1,1,5,8,5,0.84,0.38,1.09375
15.6,4,2,5,8,5,0.56,0.54,1.0816666666666668
23.7,1,3,5,8,5,0.25,0.53,1.0854166666666667
28.9,3,7,5,8,5,0.62,0.77,1.1191666666666666
25.0,4,7,5,8,5,1.58,1.01,1.1441666666666668
22.5,5,8,5,8,5,1.61,1.69,1.08875
31.6,2,9,5,8,5,0.36,1.95,1.03
38.7,4,10,5,8,5,0.54,0.32,1.0920833333333333
-0.5,5,11,5,8,5,1.81,0.66,1.1287500000000001
-2.9,5,13,5,8,5,1.54,1.47,1.07875
0.9,2,13,5,8,5,0.27,1.6,1.095
23.6,1,16,5,8,5,1.99,1.53,1.0554166666666667
31.8,5,18,5,8,5,0.58,0.62,1.10625
-2.9,5,19,5,8,5,1.84,1.37,1.08
39.3,4,20,5,8,5,0.74,1.83,1.0395833333333333
18.6,2,20,5,8,5,0.86,1.31,1.05125
30.1,2,21,5,8,5,1.59,0.2,1.07125
4.2,1,21,5,8,5,0.68,0.93,1.045
38.4,1,23,5,8,5,0.3,1.86,1.0395833333333333
-3.2,5,23,5,8,5,1.73,0.55,1.0654166666666667
35.9,4,0,6,8,6,1.17,0.61,1.0845833333333335
14.4,4,2,6,8,6,1.07,1.63,1.04625
-4.7,5,3,6,8,6,0.71,1.87,0.9775
-6.1,5,3,6,8,6,0.22,0.84,0.9983333333333334
23.2,4,5,6,8,6,1.34,0.56,1.01125
5.0,1,5,6,8,6,0.87,0.25,1.0270833333333333
2.3,1,5,6,8,6,0.63,0.62,1.0170833333333333
-5.0,4,6,6,8,6,0.38,1.58,0.9629166666666668
8.9,5,6,6,8,6,0.28,1.61,0.9591666666666666
21.2,1,7,6,8,6,1.52,0.36,1.01125
-9.8,1,8,6,8,6,1.61,0.54,1.0374999999999999
18.7,1,9,6,8,6,1.17,1.81,1.0283333333333333
-3.6,4,9,6,8,6,1.59,1.54,1.015
-6.1,2,12,6,8,6,1.22,0.27,1.0208333333333333
-9.8,5,12,6,8,6,0.41,1.99,1.0208333333333333
37.6,3,12,6,8,6,1.99,0.58,1.0391666666666666
20.9,3,13,6,8,6,1.02,1.84,1.0204166666666665
18.2,2,13,6,8,6,1.39,0.74,1.0179166666666666
19.6,5,14,6,8,6,0.68,0.86,1.0483333333333333
18.2,5,16,6,8,6,1.59,1.59,1.06125
35.4,3,17,6,8,6,1.9,0.68,1.09375
17.1,3,17,6,8,6,1.46,0.3,1.1358333333333335
13.3,3,19,6,8,6,1.31,1.73,1.0925
39.9,4,19,6,8,6,0.69,1.17,1.08625
32.2,4,21,6,8,6,1.02,1.07,1.1129166666666666
19.7,5,22,6,8,6,1.71,0.71,1.1275000000000002
32.3,5,0,7,8,0,1.06,0.22,1.1379166666666667
19.0,3,1,7,8,0,0.47,1.34,1.1183333333333334
2.4,1,3,7,8,0,0.87,0.87,1.1475000000000002
39.4,4,5,7,8,0,1.57,0.63,1.1375
-1.2,5,5,7,8,0,0.39,0.38,1.1779166666666667
38.9,1,6,7,8,0,1.35,0.28,1.2104166666666665
0.9,2,8,7,8,0,1.06,1.52,1.21125
19.4,1,8,7,8,0,1.54,1.61,1.1908333333333332
-3.9,4,8,7,8,0,1.12,1.17,1.17375
33.8,1,10,7,8,0,0.76,1.59,1.1541666666666666
26.1,2,11,7,8,0,1.12,1.22,1.1345833333333333
15.9,4,11,7,8,0,0.75,0.41,1.1824999999999999
37.3,5,12,7,8,0,1.56,1.99,1.1387500000000002
21.1,2,12,7,8,0,0.94,1.02,1.1429166666666668
13.5,3,12,7,8,0,1.12,1.39,1.1458333333333333
34.3,1,14,7,8,0,1.46,0.68,1.1954166666666668
37.7,3,16,7,8,0,1.87,1.59,1.1733333333333333
37.6,3,17,7,8,0,1.06,1.9,1.1737499999999998
8.3,1,17,7,8,0,1.91,1.46,1.159166666666667
26.0,4,18,7,8,0,1.11,1.31,1.1199999999999999
18.8,3,20,7,8,0,0.37,0.69,1.1625
14.2,4,20,7,8,0,1.71,1.02,1.1395833333333334
3.0,2,20,7,8,0,0.47,1.71,1.095
8.0,5,20,7,8,0,0.64,1.06,1.08125
1.8,2,20,7,8,0,0.73,0.47,1.0854166666666667
32.6,3,21,7,8,0,0.57,0.87,1.0670833333333334
8.6,3,22,7,8,0,0.43,1.57,1.0391666666666666
19.3,2,23,7,8,0,0.9,0.39,1.0908333333333335
26.0,4,23,7,8,0,1.63,1.35,1.0925
11.1,1,23,7,8,0,1.39,1.06,1.0641666666666667
23.5,1,0,8,8,1,0.38,1.54,1.05375
30.8,4,1,8,8,1,1.29,1.12,1.0891666666666666
28.9,2,1,8,8,1,1.97,0.76,1.1020833333333333
5.4,4,1,8,8,1,1.07,1.12,1.1170833333333332
0.9,1,2,8,8,1,1.48,0.75,1.1233333333333333
38.8,4,2,8,8,1,0.9,1.56,1.0783333333333334
3.1,4,3,8,8,1,0.48,0.94,1.1170833333333332
26.4,3,5,8,8,1,1.87,1.12,1.1537499999999998
4.4,3,7,8,8,1,2.0,1.46,1.1704166666666667
-9.0,2,7,8,8,1,1.86,1.87,1.12625
1.8,3,7,8,8,1,0.81,1.06,1.0966666666666667
12.0,3,8,8,8,1,0.35,1.91,1.0833333333333333
33.3,3,9,8,8,1,1.59,1.11,1.0591666666666666
11.6,1,10,8,8,1,0.53,0.37,1.06875
28.3,5,13,8,8,1,0.6,1.71,1.01125
34.1,1,14,8,8,1,0.33,0.47,1.0629166666666667
23.1,3,15,8,8,1,1.71,0.64,1.1079166666666667
39.8,4,15,8,8,1,1.72,0.73,1.0916666666666666
-6.0,4,15,8,8,1,0.34,0.57,1.0895833333333333
-8.7,2,15,8,8,1,0.52,0.43,1.15375
16.2,1,15,8,8,1,1.97,0.9,1.155
38.4,3,17,8,8,1,0.93,1.63,1.1329166666666666
-5.0,3,18,8,8,1,1.1,1.39,1.1270833333333332
28.0,3,23,8,8,1,1.25,0.38,1.1220833333333333
20.9,1,23,8,8,1,0.26,1.29,1.0795833333333333
-4.6,1,0,9,8,2,0.27,1.97,1.00625
-2.9,4,1,9,8,2,0.21,1.07,1.0195833333333335
-2.0,3,6,9,8,2,1.39,1.48,0.9775
30.1,2,7,9,8,2,0.47,0.9,1.0125
34.2,4,8,9,8,2,1.74,0.48,1.04
22.3,2,8,9,8,2,1.14,1.87,0.9945833333333334
-9.8,3,9,9,8,2,0.78,2.0,0.92125
26.4,4,10,9,8,2,0.24,1.86,0.92
-9.5,5,10,9,8,2,1.83,0.81,0.9658333333333333
2.8,2,11,9,8,2,1.91,0.35,0.9816666666666668
39.0,4,11,9,8,2,0.73,1.59,0.94875
34.9,5,11,9,8,2,0.8,0.53,0.965
8.3,3,14,9,8,2,0.92,0.6,0.9745833333333332
33.9,1,14,9,8,2,0.83,0.33,0.9933333333333333
-3.6,4,14,9,8,2,0.78,1.71,1.0050000000000001
0.7,4,15,9,8,2,1.99,1.72,0.9991666666666666
-0.0,1,18,9,8,2,1.58,0.34,1.0579166666666666
-3.5,1,18,9,8,2,1.75,0.52,1.1083333333333334
10.7,2,18,9,8,2,1.73,1.97,1.0666666666666667
17.7,1,20,9,8,2,0.97,0.93,1.0666666666666667
-8.1,3,21,9,8,2,0.93,1.1,1.0341666666666667
19.9,4,21,9,8,2,0.32,1.25,1.0616666666666668
-8.5,2,22,9,8,2,1.91,0.26,1.0933333333333333
36.7,3,22,9,8,2,1.02,0.27,1.165
6.5,1,0,10,8,3,1.99,0.21,1.1854166666666666
-6.0,3,0,10,8,3,0.7,1.39,1.1954166666666666
27.6,3,2,10,8,3,1.63,0.47,1.2449999999999999
13.8,2,3,10,8,3,1.66,1.74,1.21125
30.2,1,5,10,8,3,0.93,1.14,1.2141666666666666
13.1,2,6,10,8,3,1.21,0.78,1.2266666666666666
12.7,5,6,10,8,3,1.08,0.24,1.2637500000000002
32.9,1,6,10,8,3,1.13,1.83,1.21125
28.6,3,6,10,8,3,0.57,1.91,1.1641666666666666
15.8,3,8,10,8,3,0.78,0.73,1.1575
17.0,5,8,10,8,3,0.57,0.8,1.19375
24.6,4,9,10,8,3,1.67,0.92,1.2320833333333334
5.1,2,9,10,8,3,1.84,0.83,1.2254166666666666
25.8,5,10,10,8,3,0.67,0.78,1.20625
19.3,4,10,10,8,3,0.32,1.99,1.1691666666666667
12.3,5,10,10,8,3,1.1,1.58,1.1375
1.7,4,12,10,8,3,0.82,1.75,1.0791666666666666
27.7,5,12,10,8,3,0.35,1.73,1.0745833333333332
16.5,3,12,10,8,3,1.62,0.97,1.0625
1.0,4,13,10,8,3,0.68,0.93,1.0629166666666667
38.8,1,13,10,8,3,0.94,0.32,1.1325
22.8,2,14,10,8,3,1.99,1.91,1.1191666666666666
20.8,4,15,10,8,3,1.59,1.02,1.1266666666666667
36.7,2,16,10,8,3,1.2,1.99,1.0970833333333332
1.5,5,16,10,8,3,1.28,0.7,1.1283333333333332
-3.2,2,17,10,8,3,1.45,1.63,1.0908333333333333
31.0,5,18,10,8,3,0.73,1.66,1.0675000000000001
9.1,1,19,10,8,3,1.1,0.93,1.07375
-9.4,1,21,10,8,3,1.08,1.21,1.0725
35.2,3,22,10,8,3,1.18,1.08,1.0525
37.9,4,0,11,8,4,0.6,1.13,1.0608333333333333
29.3,3,0,11,8,4,1.33,0.57,1.1004166666666666
17.2,2,1,11,8,4,1.52,0.78,1.1125
32.8,4,2,11,8,4,1.07,0.57,1.1295833333333334
24.8,1,4,11,8,4,0.98,1.67,1.10625
33.8,4,4,11,8,4,1.11,1.84,1.1112499999999998
9.2,2,6,11,8,4,1.96,0.67,1.1120833333333333
25.6,1,6,11,8,4,0.69,0.32,1.1666666666666667
-4.0,2,7,11,8,4,1.63,1.1,1.1529166666666666
21.0,3,10,11,8,4,0.77,0.82,1.1933333333333334
20.6,5,12,11,8,4,1.79,0.35,1.2404166666666667
-6.8,5,12,11,8,4,1.48,1.62,1.24625
33.4,3,13,11,8,4,1.76,0.68,1.2675
31.2,5,14,11,8,4,1.19,0.94,1.2945833333333334
7.1,5,14,11,8,4,1.59,1.99,1.2370833333333333
-7.6,2,14,11,8,4,0.61,1.59,1.1870833333333335
32.9,1,15,11,8,4,0.39,1.2,1.2083333333333333
-8.1,1,15,11,8,4,1.71,1.28,1.1700000000000002
0.7,1,16,11,8,4,0.36,1.45,1.12875
21.2,4,18,11,8,4,0.46,0.73,1.1791666666666667
-5.1,4,19,11,8,4,1.94,1.1,1.1670833333333333
-1.3,5,20,11,8,4,0.81,1.08,1.1975
33.5,2,20,11,8,4,1.81,1.18,1.2191666666666667
19.9,1,21,11,8,4,1.7,0.6,1.2358333333333333
34.2,2,21,11,8,4,1.0,1.33,1.2216666666666665
35.3,1,21,11,8,4,0.99,1.52,1.2391666666666665
-1.2,2,22,11,8,4,1.94,1.07,1.2583333333333333
-5.2,5,22,11,8,4,1.53,0.98,1.2445833333333334
-2.8,4,0,12,8,5,0.65,1.11,1.22
12.9,2,1,12,8,5,0.52,1.96,1.2133333333333334
35.8,3,2,12,8,5,1.8,0.69,1.1970833333333333
-3.8,1,3,12,8,5,0.3,1.63,1.1908333333333334
8.9,3,5,12,8,5,1.48,0.77,1.2058333333333333
3.0,5,5,12,8,5,1.13,1.79,1.2008333333333334
13.9,3,6,12,8,5,1.67,1.48,1.1875
4.5,4,6,12,8,5,1.16,1.76,1.1308333333333334
10.4,3,7,12,8,5,0.4,1.19,1.13625
23.6,3,7,12,8,5,1.32,1.59,1.0791666666666666
-5.9,2,8,12,8,5,0.22,0.61,1.0720833333333333
9.0,1,10,12,8,5,0.44,0.39,1.0916666666666666
26.9,1,11,12,8,5,0.86,1.71,1.0733333333333335
39.4,2,11,12,8,5,1.27,0.36,1.11375
18.3,3,12,12,8,5,1.33,0.46,1.1066666666666667
39.5,1,13,12,8,5,0.29,1.94,1.07
2.4,3,14,12,8,5,1.06,0.81,1.1091666666666666
-5.3,3,14,12,8,5,1.75,1.81,1.0525
2.8,1,14,12,8,5,0.45,1.7,1.0258333333333334
12.2,4,15,12,8,5,1.06,1.0,1.01625
29.7,3,15,12,8,5,0.77,0.99,1.0279166666666668
16.5,5,15,12,8,5,1.27,1.94,1.0258333333333334
5.3,5,16,12,8,5,1.89,1.53,1.04375
28.1,5,18,12,8,5,1.96,0.65,1.0525
-4.8,3,19,12,8,5,0.86,0.52,1.04375
15.4,4,20,12,8,5,0.31,1.8,1.0258333333333334
7.6,4,20,12,8,5,1.37,0.3,1.0566666666666666
19.1,2,20,12,8,5,1.04,1.48,1.0145833333333332
-2.4,4,20,12,8,5,0.47,1.13,0.9929166666666668
4.0,5,21,12,8,5,0.61,1.67,0.9516666666666667
-8.5,4,21,12,8,5,0.68,1.16,0.9187499999999998
-6.2,3,22,12,8,5,0.37,0.4,0.9441666666666667
29.3,1,22,12,8,5,1.01,1.32,0.8991666666666666
-3.2,4,22,12,8,5,0.24,0.22,0.9616666666666668
-6.3,2,4,13,8,6,1.72,0.44,0.96625
-5.4,5,5,13,8,6,0.55,0.86,0.9591666666666666
-3.8,5,5,13,8,6,0.69,1.27,0.9391666666666666
0.1,1,6,13,8,6,0.79,1.33,0.9141666666666666
13.2,1,7,13,8,6,0.73,0.29,0.9274999999999999
30.7,1,9,13,8,6,0.61,1.06,0.9145833333333333
37.3,1,12,13,8,6,0.75,1.75,0.8554166666666667
4.8,2,13,13,8,6,0.33,0.45,0.9191666666666668
39.4,1,14,13,8,6,1.98,1.06,0.94
-7.0,3,15,13,8,6,1.56,0.77,0.9525
-9.6,5,16,13,8,6,1.07,1.27,0.9249999999999999
38.6,3,18,13,8,6,0.61,1.89,0.9187500000000001
19.4,2,18,13,8,6,1.74,1.96,0.8704166666666667
34.8,4,19,13,8,6,0.8,0.86,0.8529166666666667
2.7,2,20,13,8,6,0.44,0.31,0.8891666666666667
36.3,1,22,13,8,6,1.18,1.37,0.8454166666666666
19.5,2,22,13,8,6,0.32,1.04,0.8483333333333333
0.9,5,23,13,8,6,1.11,0.47,0.8679166666666668
10.5,4,23,13,8,6,0.94,0.61,0.9154166666666667
26.8,2,1,14,8,0,1.75,0.68,0.94
23.5,5,1,14,8,0,1.27,0.37,0.9766666666666667
36.1,3,1,14,8,0,1.25,1.01,0.9695833333333334
7.4,2,3,14,8,0,0.84,0.24,1.0158333333333334
1.8,2,3,14,8,0,1.35,1.72,0.9716666666666667
-3.7,1,3,14,8,0,0.66,0.55,0.9674999999999999
-3.8,4,6,14,8,0,0.45,0.69,1.0170833333333333
31.8,3,6,14,8,0,1.88,0.79,1.0066666666666666
17.3,3,6,14,8,0,0.54,0.73,1.0233333333333334
19.6,1,9,14,8,0,1.13,0.61,1.02875
13.3,4,9,14,8,0,0.74,0.75,1.05875
14.8,3,9,14,8,0,1.47,0.33,1.0770833333333334
4.3,2,9,14,8,0,0.77,1.98,1.0395833333333333
27.1,4,10,14,8,0,1.08,1.56,1.0575
6.7,1,10,14,8,0,1.99,1.07,1.03
-7.6,5,10,14,8,0,0.41,0.61,1.0875000000000001
-8.9,4,10,14,8,0,1.99,1.74,1.0804166666666666
-1.6,5,11,14,8,0,1.57,0.8,1.0712499999999998
34.8,2,11,14,8,0,0.58,0.44,1.0770833333333334
-5.8,5,13,14,8,0,0.58,1.18,1.0720833333333333
7.5,4,15,14,8,0,1.06,0.32,1.1420833333333333
-8.7,5,17,14,8,0,2.0,1.11,1.1270833333333334
5.3,4,18,14,8,0,0.75,0.94,1.1108333333333333
12.6,4,18,14,8,0,0.55,1.75,1.04625
30.5,3,18,14,8,0,0.2,1.27,1.0425
-3.8,1,18,14,8,0,1.18,1.25,1.0508333333333333
14.7,2,20,14,8,0,1.45,0.84,1.0258333333333334
14.0,5,20,14,8,0,0.24,1.35,1.03125
-8.1,4,21,14,8,0,1.48,0.66,1.0645833333333332
29.4,3,23,14,8,0,1.46,0.45,1.05625
20.1,5,0,15,8,1,0.25,1.88,0.9995833333333334
15.7,3,0,15,8,1,0.52,0.54,1.0216666666666667
-6.7,1,1,15,8,1,1.07,1.13,1.0083333333333333
-2.4,1,1,15,8,1,0.81,0.74,1.0154166666666666
16.3,1,2,15,8,1,0.91,1.47,0.9675000000000001
-8.3,2,2,15,8,1,0.32,0.77,0.9854166666666666
31.0,5,4,15,8,1,1.2,1.08,0.9708333333333333
35.4,3,5,15,8,1,0.73,1.99,0.9666666666666668
9.2,4,5,15,8,1,1.89,0.41,0.9800000000000001
29.2,2,5,15,8,1,0.73,1.99,0.9395833333333333
-1.4,5,6,15,8,1,1.02,1.57,0.915
-0.5,2,7,15,8,1,0.98,0.58,0.935
-6.3,1,7,15,8,1,1.06,0.58,0.9345833333333333
9.6,4,8,15,8,1,0.57,1.06,0.9016666666666667
27.8,4,8,15,8,1,0.27,2.0,0.8633333333333333
12.0,2,9,15,8,1,1.08,0.75,0.8820833333333334
-6.9,4,11,15,8,1,1.2,0.55,0.9104166666666665
14.0,4,11,15,8,1,1.23,0.2,0.9566666666666667
3.9,3,12,15,8,1,1.31,1.18,0.9195833333333333
37.2,3,12,15,8,1,0.29,1.45,0.8895833333333334
-2.3,1,13,15,8,1,0.73,0.24,0.9495833333333333
37.1,3,13,15,8,1,1.68,1.48,0.9158333333333334
-1.9,1,14,15,8,1,0.67,1.46,0.9145833333333334
9.0,2,15,15,8,1,1.43,0.25,0.9862500000000001
23.1,2,15,15,8,1,1.97,0.52,1.0154166666666666
6.1,2,15,15,8,1,1.22,1.07,1.005
34.2,3,15,15,8,1,0.82,0.81,1.0445833333333334
-6.2,3,16,15,8,1,1.76,0.91,1.02125
37.2,5,16,15,8,1,0.35,0.32,1.0379166666666666
22.2,5,18,15,8,1,0.72,1.2,1.0316666666666665
30.9,4,18,15,8,1,1.05,0.73,1.0195833333333333
4.1,5,18,15,8,1,0.44,1.89,1.0220833333333332
-6.8,1,18,15,8,1,1.95,0.73,1.0474999999999999
3.4,3,19,15,8,1,1.34,1.02,1.0591666666666666
19.0,3,20,15,8,1,1.3,0.98,1.0770833333333332
-6.6,2,21,15,8,1,1.41,1.06,1.0425
22.3,2,22,15,8,1,0.23,0.57,1.0770833333333332
-1.1,2,22,15,8,1,1.4,0.27,1.1091666666666666
1.4,5,22,15,8,1,1.04,1.08,1.08875
19.4,5,1,16,8,2,0.59,1.2,1.0570833333333332
0.6,4,2,16,8,2,0.44,1.23,1.0704166666666668
35.4,4,2,16,8,2,1.55,1.31,1.03
31.2,1,3,16,8,2,0.34,0.29,1.0479166666666666
25.5,2,7,16,8,2,0.72,0.73,1.0999999999999999
4.5,1,7,16,8,2,1.98,1.68,1.0545833333333332
9.5,4,8,16,8,2,0.59,0.67,1.0775
30.2,1,8,16,8,2,1.22,1.43,1.0570833333333332
20.9,3,9,16,8,2,0.94,1.97,1.0491666666666666
18.8,2,11,16,8,2,1.78,1.22,1.0808333333333333
-7.8,1,13,16,8,2,1.98,0.82,1.0745833333333332
-0.6,4,14,16,8,2,0.67,1.76,1.0208333333333333
35.0,3,14,16,8,2,0.47,0.35,1.0691666666666666
39.2,1,15,16,8,2,1.51,0.72,1.0887499999999999
9.3,4,16,16,8,2,1.19,1.05,1.1175
3.4,3,16,16,8,2,1.74,0.44,1.1166666666666667
37.6,1,16,16,8,2,0.42,1.95,1.075
17.4,1,16,16,8,2,0.95,1.34,1.0929166666666668
23.9,1,17,16,8,2,1.77,1.3,1.0520833333333333
18.8,3,17,16,8,2,0.32,1.41,1.0362500000000001
19.7,4,18,16,8,2,1.03,0.23,1.1054166666666667
27.0,1,18,16,8,2,1.89,1.4,1.0775000000000001
13.7,1,19,16,8,2,0.73,1.04,1.0520833333333333
35.0,4,19,16,8,2,0.43,0.59,1.0554166666666667
28.3,2,19,16,8,2,0.67,0.44,1.0841666666666667
25.7,5,20,16,8,2,1.13,1.55,1.06625
9.8,5,21,16,8,2,1.12,0.34,1.0783333333333334
35.1,4,22,16,8,2,0.63,0.72,1.06125
22.0,4,5,17,8,3,0.31,1.98,1.0333333333333334
5.4,3,6,17,8,3,1.31,0.59,1.0479166666666668
26.7,4,7,17,8,3,0.94,1.22,1.0704166666666666
25.2,5,7,17,8,3,1.76,0.94,1.0495833333333333
37.3,3,10,17,8,3,0.44,1.78,1.0558333333333334
3.2,3,10,17,8,3,1.93,1.98,1.0341666666666667
36.4,2,12,17,8,3,1.46,0.67,1.0320833333333335
10.9,2,12,17,8,3,0.62,0.47,1.0808333333333333
9.1,5,12,17,8,3,1.64,1.51,1.0704166666666668
-5.5,5,14,17,8,3,1.26,1.19,1.0354166666666667
27.4,4,14,17,8,3,0.35,1.74,1.0229166666666667
38.3,5,14,17,8,3,1.44,0.42,1.085
35.7,2,16,17,8,3,1.91,0.95,1.1008333333333333
29.7,4,17,17,8,3,1.33,1.77,1.08625
-5.9,4,17,17,8,3,1.42,0.32,1.1199999999999999
8.4,1,18,17,8,3,1.13,1.03,1.1191666666666666
-4.6,5,21,17,8,3,1.01,1.89,1.0558333333333334
3.5,1,21,17,8,3,0.37,0.73,1.1024999999999998
25.7,2,21,17,8,3,1.85,0.43,1.0970833333333332
25.2,3,22,17,8,3,0.3,0.67,1.1141666666666667
5.8,2,1,18,8,4,1.08,1.13,1.1125
25.9,2,3,18,8,4,1.09,1.12,1.0770833333333334
27.7,4,4,18,8,4,0.27,0.63,1.0775000000000001
22.8,5,5,18,8,4,0.64,0.31,1.1325
22.5,2,6,18,8,4,1.63,1.31,1.1279166666666667
14.1,5,8,18,8,4,1.2,0.94,1.1633333333333333
0.6,5,8,18,8,4,1.79,1.76,1.0995833333333334
28.5,2,9,18,8,4,0.23,0.44,1.1225
35.5,2,10,18,8,4,0.99,1.93,1.1245833333333335
-6.7,2,10,18,8,4,1.98,1.46,1.1420833333333333
33.7,3,13,18,8,4,1.88,0.62,1.1779166666666667
14.3,4,13,18,8,4,1.48,1.64,1.1595833333333334
7.4,3,14,18,8,4,1.2,1.26,1.1183333333333334
28.3,4,15,18,8,4,0.27,0.35,1.1849999999999998
11.1,4,16,18,8,4,1.95,1.44,1.14875
6.7,3,16,18,8,4,0.57,1.91,1.0920833333333333
5.6,3,16,18,8,4,0.55,1.33,1.0945833333333332
4.9,4,17,18,8,4,1.39,1.42,1.07
-9.6,5,17,18,8,4,0.83,1.13,1.0541666666666667
38.0,5,17,18,8,4,0.75,1.01,1.0687499999999999
27.3,1,18,18,8,4,1.36,0.37,1.0616666666666665
19.1,3,19,18,8,4,0.2,1.85,1.0295833333333333
15.1,2,19,18,8,4,1.08,0.3,1.0945833333333332
25.0,2,20,18,8,4,1.86,1.08,1.0687499999999999
23.2,4,22,18,8,4,0.46,1.09,1.0870833333333334
23.0,4,22,18,8,4,1.53,0.27,1.0933333333333333
-0.7,1,0,19,8,5,0.42,0.64,1.1320833333333333
2.6,2,0,19,8,5,1.57,1.63,1.105
-2.9,2,2,19,8,5,0.98,1.2,1.09
6.0,4,2,19,8,5,0.84,1.79,1.0883333333333334
22.3,3,3,19,8,5,1.75,0.23,1.12625
32.8,1,6,19,8,5,1.14,0.99,1.13625
10.4,1,7,19,8,5,1.23,1.98,1.0966666666666665
24.3,1,7,19,8,5,1.03,1.88,1.0891666666666666
30.6,4,8,19,8,5,1.7,1.48,1.0420833333333333
38.3,1,9,19,8,5,0.35,1.2,1.0033333333333332
19.5,5,11,19,8,5,0.27,0.27,1.0308333333333333
27.7,2,12,19,8,5,0.93,1.95,0.9670833333333334
3.6,1,12,19,8,5,0.42,0.57,0.9704166666666666
7.1,2,14,19,8,5,0.65,0.55,0.9716666666666667
-2.4,2,14,19,8,5,0.58,1.39,0.94
15.0,5,18,19,8,5,0.63,0.83,0.9237500000000001
14.4,3,19,19,8,5,0.44,0.75,0.9187500000000001
21.5,3,20,19,8,5,0.63,1.36,0.9358333333333334
-1.2,3,21,19,8,5,1.77,0.2,0.9691666666666667
3.3,4,21,19,8,5,1.0,1.08,0.93375
17.2,4,21,19,8,5,0.23,1.86,0.8670833333333333
6.0,4,22,19,8,5,0.26,0.46,0.8741666666666666
23.6,4,23,19,8,5,0.63,1.53,0.8666666666666666
-7.6,3,0,20,8,6,1.35,0.42,0.9166666666666666
4.3,1,1,20,8,6,1.62,1.57,0.91
7.5,2,1,20,8,6,1.41,0.98,0.8875000000000001
7.7,4,1,20,8,6,0.44,0.84,0.9058333333333333
30.5,1,1,20,8,6,1.28,1.75,0.8829166666666667
11.6,4,1,20,8,6,1.2,1.14,0.89125
7.2,1,3,20,8,6,1.34,1.23,0.8616666666666667
8.9,4,4,20,8,6,0.52,1.03,0.89
37.2,3,4,20,8,6,1.71,1.7,0.8741666666666666
-8.6,1,6,20,8,6,1.32,0.35,0.8966666666666666
8.2,1,6,20,8,6,0.89,0.27,0.9291666666666667
18.9,5,7,20,8,6,1.05,0.93,0.9708333333333333
19.2,3,8,20,8,6,1.93,0.42,0.9670833333333334
-4.2,1,9,20,8,6,0.33,0.65,0.9495833333333334
15.5,1,9,20,8,6,0.23,0.58,0.9958333333333332
32.0,4,9,20,8,6,1.69,0.63,1.0316666666666667
7.5,5,10,20,8,6,1.49,0.44,1.0616666666666668
5.8,1,11,20,8,6,1.16,0.63,1.0458333333333334
16.6,5,11,20,8,6,0.25,1.77,1.0241666666666667
36.7,1,11,20,8,6,1.25,1.0,1.0579166666666666
6.5,5,12,20,8,6,1.81,0.23,1.1054166666666667
33.4,5,15,20,8,6,1.37,0.26,1.1233333333333333
27.8,1,15,20,8,6,0.69,0.63,1.1266666666666667
2.8,5,15,20,8,6,0.71,1.35,1.14625
5.6,4,16,20,8,6,1.82,1.62,1.1354166666666667
19.9,5,16,20,8,6,1.36,1.41,1.0883333333333334
-6.4,5,17,20,8,6,0.28,0.44,1.1245833333333333
25.7,5,17,20,8,6,1.31,1.28,1.1029166666666668
18.3,3,18,20,8,6,0.76,1.2,1.0733333333333333
37.5,3,19,20,8,6,0.49,1.34,1.0404166666666665
29.6,1,19,20,8,6,0.55,0.52,1.0633333333333332
7.4,2,19,20,8,6,1.07,1.71,1.0104166666666667
-5.6,4,20,20,8,6,0.44,1.32,1.0245833333333334
39.6,3,20,20,8,6,1.66,0.89,1.0366666666666668
2.0,3,21,20,8,6,1.18,1.05,1.0120833333333332
22.4,2,21,20,8,6,0.46,1.93,0.985
11.0,2,22,20,8,6,1.28,0.33,1.0425
-2.2,4,22,20,8,6,1.71,0.23,1.0979166666666667
26.7,1,0,21,8,0,1.56,1.69,1.0591666666666668
39.7,3,4,21,8,0,0.76,1.49,1.04375
5.0,1,5,21,8,0,1.12,1.16,1.0399999999999998
37.2,4,6,21,8,0,1.07,0.25,1.0616666666666668
14.0,1,6,21,8,0,0.77,1.25,1.0616666666666668
-3.8,3,7,21,8,0,1.25,1.81,1.0345833333333332
39.5,3,8,21,8,0,1.16,1.37,1.0416666666666667
4.7,5,8,21,8,0,1.54,0.69,1.0879166666666669
-9.4,1,8,21,8,0,1.8,0.71,1.09125
1.6,1,9,21,8,0,0.79,1.82,1.07375
38.0,5,10,21,8,0,1.4,1.36,1.0829166666666667
-1.4,3,10,21,8,0,1.58,0.28,1.1312499999999999
28.3,2,12,21,8,0,1.44,1.31,1.1095833333333334
1.2,1,12,21,8,0,0.79,0.76,1.0933333333333333
-6.3,5,14,21,8,0,0.37,0.49,1.1470833333333335
29.1,4,14,21,8,0,1.78,0.55,1.18
8.5,4,15,21,8,0,1.34,1.07,1.14625
9.1,3,15,21,8,0,0.26,0.44,1.17875
15.4,5,16,21,8,0,1.22,1.66,1.14875
19.4,5,17,21,8,0,0.94,1.18,1.13625
5.9,2,20,21,8,0,0.88,0.46,1.1320833333333333
0.7,3,21,21,8,0,0.36,1.28,1.1175
21.5,1,21,21,8,0,0.93,1.71,1.0616666666666668
25.5,1,21,21,8,0,0.37,1.56,1.02875
33.8,2,22,21,8,0,0.77,0.76,1.07375
2.0,1,23,21,8,0,1.84,1.12,1.0454166666666667
16.8,5,23,21,8,0,0.44,1.07,1.0275
17.1,1,23,21,8,0,0.64,0.77,1.0758333333333334
31.0,5,23,21,8,0,1.93,1.25,1.065
3.3,4,23,21,8,0,0.99,1.16,1.0333333333333332
28.8,2,0,22,8,1,0.4,1.54,1.03875
19.6,5,0,22,8,1,1.67,1.8,1.0204166666666665
11.1,2,2,22,8,1,1.36,0.79,1.0129166666666667
39.0,5,2,22,8,1,0.61,1.4,1.0333333333333334
13.9,5,3,22,8,1,1.89,1.58,1.025
37.3,5,4,22,8,1,1.38,1.44,1.0366666666666668
12.1,4,4,22,8,1,1.72,0.79,1.0779166666666666
20.4,2,6,22,8,1,1.78,0.37,1.1116666666666666
13.5,4,6,22,8,1,1.18,1.78,1.1033333333333333
32.0,2,8,22,8,1,1.58,1.34,1.0970833333333332
33.5,2,9,22,8,1,1.19,0.26,1.1279166666666665
25.6,4,9,22,8,1,1.0,1.22,1.1141666666666665
13.6,2,9,22,8,1,0.89,0.94,1.1204166666666666
39.1,4,10,22,8,1,1.09,0.88,1.14
20.9,5,10,22,8,1,1.35,0.36,1.1466666666666667
7.5,1,11,22,8,1,0.52,0.93,1.1404166666666666
4.7,5,12,22,8,1,0.78,0.37,1.1766666666666665
15.1,1,12,22,8,1,1.24,0.77,1.16
34.5,1,13,22,8,1,0.37,1.84,1.1658333333333333
7.7,3,13,22,8,1,1.98,0.44,1.1683333333333332
8.5,5,14,22,8,1,0.5,0.64,1.1820833333333332
1.1,2,15,22,8,1,0.97,1.93,1.1508333333333332
-1.9,1,15,22,8,1,1.18,0.99,1.1841666666666668
5.4,1,16,22,8,1,1.79,0.4,1.1904166666666667
0.1,4,17,22,8,1,0.55,1.67,1.1979166666666667
30.1,5,17,22,8,1,1.85,1.36,1.1729166666666666
10.6,1,19,22,8,1,0.76,0.61,1.1758333333333335
10.0,2,21,22,8,1,0.68,1.89,1.1670833333333335
-1.1,5,22,22,8,1,1.68,1.38,1.16625
-1.8,4,22,22,8,1,1.36,1.72,1.1737499999999998
30.0,2,23,22,8,1,1.9,1.78,1.1725
16.0,2,23,22,8,1,1.75,1.18,1.1583333333333334
10.9,3,23,22,8,1,0.84,1.58,1.1066666666666667
9.0,2,0,23,8,2,0.34,1.19,1.0829166666666667
2.9,2,2,23,8,2,0.62,1.0,1.0745833333333334
28.9,2,2,23,8,2,0.8,0.89,1.1141666666666667
25.7,5,3,23,8,2,1.84,1.09,1.10625
2.7,2,11,23,8,2,0.9,1.35,1.0979166666666667
-8.6,3,13,23,8,2,1.15,0.52,1.1166666666666667
22.5,5,14,23,8,2,0.97,0.78,1.16625
2.5,1,16,23,8,2,1.97,1.24,1.195
3.9,2,20,23,8,2,1.93,0.37,1.2108333333333332
11.4,5,21,23,8,2,0.75,1.98,1.1454166666666665
35.0,3,1,24,8,3,0.41,0.5,1.1808333333333334
32.7,3,1,24,8,3,1.35,0.97,1.1695833333333334
-4.7,5,1,24,8,3,0.7,1.18,1.1370833333333332
13.8,2,2,24,8,3,0.4,1.79,1.0820833333333335
18.2,1,2,24,8,3,0.47,0.55,1.0958333333333334
25.7,1,3,24,8,3,0.88,1.85,1.0841666666666667
12.1,1,4,24,8,3,1.57,0.76,1.1241666666666665
7.8,2,5,24,8,3,1.72,0.68,1.1145833333333333
36.3,4,5,24,8,3,0.45,1.68,1.12125
5.8,2,5,24,8,3,1.84,1.36,1.075
-8.4,3,5,24,8,3,0.25,1.9,1.0066666666666666
36.0,1,5,24,8,3,0.26,1.75,0.9862500000000001
17.1,1,6,24,8,3,1.26,0.84,1.0129166666666667
3.5,1,6,24,8,3,1.48,0.34,1.0425
25.8,3,6,24,8,3,1.05,0.62,1.0250000000000001
32.7,4,8,24,8,3,0.2,0.8,1.025
35.6,2,11,24,8,3,0.8,1.84,0.9741666666666666
38.6,2,11,24,8,3,0.62,0.9,0.9879166666666667
2.0,2,11,24,8,3,1.23,1.15,0.9770833333333333
5.1,1,12,24,8,3,0.89,0.97,0.9808333333333333
5.6,4,12,24,8,3,1.06,1.97,0.9191666666666668
23.5,3,12,24,8,3,0.49,1.93,0.8483333333333335
35.9,4,13,24,8,3,0.23,0.75,0.88875
1.5,5,15,24,8,3,1.72,0.41,0.8954166666666667
37.6,3,15,24,8,3,0.57,1.35,0.8704166666666667
31.5,5,16,24,8,3,0.75,0.7,0.8675
33.2,5,16,24,8,3,0.63,0.4,0.9120833333333334
15.3,4,17,24,8,3,1.47,0.47,0.9562499999999999
36.4,5,19,24,8,3,1.53,0.88,0.9620833333333333
-9.3,4,20,24,8,3,1.02,1.57,0.9587500000000001
16.7,3,20,24,8,3,1.49,1.72,0.9208333333333334
25.9,5,20,24,8,3,0.81,0.45,0.9108333333333333
17.5,2,21,24,8,3,0.21,1.84,0.9074999999999999
38.7,1,21,24,8,3,1.76,0.25,0.9366666666666665
9.4,1,22,24,8,3,0.95,0.26,0.94875
32.6,2,22,24,8,3,0.55,1.26,0.9049999999999999
14.4,5,23,24,8,3,0.21,1.48,0.8816666666666667
17.3,2,23,24,8,3,0.92,1.05,0.8879166666666668
19.6,2,2,25,8,4,1.2,0.2,0.8916666666666666
21.0,3,2,25,8,4,0.29,0.8,0.9183333333333334
16.5,3,3,25,8,4,1.44,0.62,0.9229166666666666
19.3,5,3,25,8,4,0.73,1.23,0.9366666666666666
34.4,2,3,25,8,4,1.56,0.89,0.9229166666666666
17.6,2,3,25,8,4,0.56,1.06,0.9579166666666667
-3.4,1,5,25,8,4,1.9,0.49,0.99125
17.1,1,7,25,8,4,1.29,0.23,1.0625
37.9,4,7,25,8,4,1.94,1.72,1.0595833333333333
21.3,1,7,25,8,4,1.65,0.57,1.0991666666666666
24.0,3,7,25,8,4,1.52,0.75,1.0975
27.5,2,9,25,8,4,0.71,0.63,1.1004166666666666
30.0,5,10,25,8,4,0.7,1.47,1.1133333333333335
23.3,5,11,25,8,4,1.78,1.53,1.075
30.5,1,12,25,8,4,0.61,1.02,1.0416666666666667
23.6,2,12,25,8,4,0.22,1.49,0.9908333333333332
22.1,4,12,25,8,4,0.27,0.81,1.0304166666666668
16.1,5,13,25,8,4,1.76,0.21,1.0666666666666667
39.9,1,13,25,8,4,1.08,1.76,1.0345833333333334
3.9,5,15,25,8,4,0.99,0.95,1.0520833333333333
23.3,1,15,25,8,4,1.37,0.55,1.1120833333333333
38.3,1,16,25,8,4,1.99,0.21,1.1624999999999999
14.3,3,16,25,8,4,1.42,0.92,1.1395833333333332
32.3,1,20,25,8,4,0.37,1.2,1.1333333333333333
28.6,2,20,25,8,4,1.05,0.29,1.1741666666666666
24.2,1,20,25,8,4,1.27,1.44,1.1895833333333332
31.1,2,22,25,8,4,1.81,0.73,1.2020833333333334
-2.6,1,0,26,8,5,1.03,1.56,1.1741666666666666
21.3,2,2,26,8,5,0.89,0.56,1.1741666666666666
26.5,4,3,26,8,5,0.56,1.9,1.14
38.8,4,4,26,8,5,1.08,1.29,1.1004166666666666
25.1,3,4,26,8,5,0.34,1.94,1.0591666666666666
32.2,1,4,26,8,5,0.95,1.65,1.0591666666666666
24.0,2,4,26,8,5,1.65,1.52,1.0629166666666667
4.7,2,6,26,8,5,1.61,0.71,1.0599999999999998
27.6,1,8,26,8,5,0.64,0.7,1.0929166666666668
30.7,3,9,26,8,5,1.49,1.78,1.045
24.5,1,9,26,8,5,0.63,0.61,1.0633333333333332
22.5,2,10,26,8,5,1.05,0.22,1.0725
6.4,3,11,26,8,5,0.44,0.27,1.13125
26.3,5,12,26,8,5,1.68,1.76,1.08625
2.3,3,14,26,8,5,0.68,1.08,1.09375
9.8,4,14,26,8,5,1.26,0.99,1.07375
6.0,1,15,26,8,5,0.51,1.37,1.0279166666666668
-7.4,2,15,26,8,5,0.27,1.99,1.0266666666666666
-7.7,5,16,26,8,5,1.96,1.42,1.0083333333333335
30.8,3,17,26,8,5,0.98,0.37,1.0020833333333334
-8.8,1,18,26,8,5,0.22,1.05,0.9829166666666667
-5.7,4,19,26,8,5,0.59,1.27,1.0095833333333333
18.1,2,19,26,8,5,1.91,1.81,0.9929166666666668
-6.2,2,21,26,8,5,1.41,1.03,1.01625
10.1,1,22,26,8,5,1.59,0.89,1.015
-9.4,2,23,26,8,5,0.86,0.56,1.0441666666666667
-3.2,1,23,26,8,5,1.26,1.08,1.0208333333333333
16.4,2,0,27,8,6,0.52,0.34,1.0445833333333334
-8.2,3,2,27,8,6,0.91,0.95,1.06
22.0,1,3,27,8,6,1.32,1.65,1.0737500000000002
22.7,1,4,27,8,6,1.98,1.61,1.0825
6.7,3,5,27,8,6,1.82,0.64,1.12
26.1,5,6,27,8,6,1.54,1.49,1.0708333333333333
25.3,4,8,27,8,6,0.31,0.63,1.1208333333333333
-2.3,4,9,27,8,6,1.83,1.05,1.1341666666666665
-7.4,4,9,27,8,6,1.37,0.44,1.1295833333333334
21.1,4,9,27,8,6,0.33,1.68,1.1395833333333332
25.3,5,10,27,8,6,1.92,0.68,1.13375
38.8,1,10,27,8,6,0.54,1.26,1.0966666666666667
5.9,2,12,27,8,6,0.37,0.51,1.1204166666666666
9.1,5,13,27,8,6,1.08,0.27,1.125
37.0,4,13,27,8,6,0.38,1.96,1.0866666666666667
-8.9,1,14,27,8,6,1.04,0.98,1.0766666666666667
-2.8,1,14,27,8,6,0.74,0.22,1.1191666666666666
15.8,1,14,27,8,6,1.24,0.59,1.1387500000000002
3.8,4,15,27,8,6,1.06,1.91,1.1229166666666666
32.7,4,15,27,8,6,1.53,1.41,1.0941666666666667
33.0,1,16,27,8,6,0.72,1.59,1.1070833333333334
-6.4,2,18,27,8,6,1.9,0.86,1.1383333333333334
16.8,4,20,27,8,6,1.61,1.26,1.1566666666666665
21.8,3,1,28,8,0,1.7,0.52,1.1525
5.5,4,2,28,8,0,0.42,0.91,1.1741666666666666
5.7,4,2,28,8,0,1.43,1.32,1.1904166666666667
34.9,3,3,28,8,0,1.71,1.98,1.1325
28.2,5,4,28,8,0,0.59,1.82,1.1116666666666666
-0.5,5,5,28,8,0,1.32,1.54,1.1179166666666667
31.1,3,7,28,8,0,1.69,0.31,1.1491666666666667
2.4,2,10,28,8,0,1.06,1.83,1.1525
17.1,3,10,28,8,0,1.91,1.37,1.1587500000000002
16.2,1,12,28,8,0,1.52,0.33,1.17125
-2.7,5,12,28,8,0,0.63,1.92,1.1654166666666668
25.8,4,13,28,8,0,1.78,0.54,1.1516666666666666
-7.1,5,13,28,8,0,0.21,0.37,1.2129166666666666
14.9,2,14,28,8,0,1.84,1.08,1.1941666666666666
-6.7,1,15,28,8,0,0.63,0.38,1.23375
28.4,1,17,28,8,0,1.33,1.04,1.2654166666666666
39.2,2,17,28,8,0,1.8,0.74,1.3099999999999998
1.2,1,19,28,8,0,1.81,1.24,1.3083333333333333
-3.2,5,20,28,8,0,1.2,1.06,1.3316666666666666
24.9,3,21,28,8,0,1.62,1.53,1.3191666666666666
21.5,4,22,28,8,0,1.23,0.72,1.3279166666666666
10.0,5,23,28,8,0,0.93,1.9,1.26
31.0,3,0,29,8,1,0.27,1.61,1.2083333333333333
-2.4,4,0,29,8,1,0.37,1.7,1.2116666666666667
8.6,4,0,29,8,1,1.78,0.42,1.2029166666666666
16.0,4,1,29,8,1,0.21,1.43,1.1983333333333335
12.7,1,1,29,8,1,1.32,1.71,1.14875
27.2,5,3,29,8,1,0.52,0.59,1.1466666666666667
13.3,1,3,29,8,1,0.54,1.32,1.1329166666666666
28.2,1,4,29,8,1,0.99,1.69,1.1254166666666667
-1.4,1,5,29,8,1,1.51,1.06,1.1004166666666666
15.6,5,6,29,8,1,0.46,1.91,1.10375
37.7,5,7,29,8,1,1.99,1.52,1.1175
13.0,1,8,29,8,1,1.85,0.63,1.1641666666666668
22.8,5,9,29,8,1,1.75,1.78,1.1616666666666666
22.0,1,10,29,8,1,1.72,0.21,1.1704166666666669
15.6,4,11,29,8,1,0.42,1.84,1.14375
38.5,1,11,29,8,1,1.2,0.63,1.1841666666666666
-9.4,3,12,29,8,1,1.6,1.33,1.1679166666666667
4.8,2,15,29,8,1,0.94,1.8,1.1716666666666666
4.4,2,16,29,8,1,1.89,1.81,1.125
33.0,1,17,29,8,1,0.69,1.2,1.1470833333333332
-3.3,1,17,29,8,1,1.73,1.62,1.1625
12.7,2,17,29,8,1,1.99,1.23,1.1725
-3.0,1,17,29,8,1,1.47,0.93,1.1920833333333334
19.4,2,18,29,8,1,1.4,0.27,1.2229166666666667
-0.2,1,19,29,8,1,1.01,0.37,1.2675
29.2,1,19,29,8,1,1.44,1.78,1.2154166666666666
16.8,3,19,29,8,1,0.53,0.21,1.2774999999999999
18.0,4,21,29,8,1,1.7,1.32,1.2391666666666665
1.1,5,21,29,8,1,0.4,0.52,1.3004166666666666
-2.7,1,22,29,8,1,1.99,0.54,1.3254166666666667
20.8,2,22,29,8,1,1.14,0.99,1.32125
-8.3,5,1,30,8,2,0.89,1.51,1.2966666666666666
-6.5,4,1,30,8,2,0.92,0.46,1.2979166666666666
29.1,1,1,30,8,2,0.49,1.99,1.2733333333333332
19.3,3,3,30,8,2,1.4,1.85,1.2183333333333333
37.0,1,3,30,8,2,0.53,1.75,1.1766666666666665
15.1,3,3,30,8,2,0.75,1.72,1.1741666666666666
28.7,4,4,30,8,2,1.66,0.42,1.20125
23.0,4,5,30,8,2,1.07,1.2,1.2091666666666667
30.5,5,8,30,8,2,1.39,1.6,1.2225
0.9,3,9,30,8,2,1.92,0.94,1.22125
16.2,3,9,30,8,2,0.91,1.89,1.2120833333333334
36.8,4,10,30,8,2,1.67,0.69,1.2341666666666666
31.1,1,11,30,8,2,1.22,1.73,1.21
6.1,4,13,30,8,2,1.15,1.99,1.13625
23.8,5,15,30,8,2,0.22,1.47,1.1004166666666666
22.3,2,17,30,8,2,0.61,1.4,1.1233333333333333
25.2,2,17,30,8,2,1.95,1.01,1.1120833333333333
-3.2,4,18,30,8,2,0.74,1.44,1.1141666666666665
39.2,5,18,30,8,2,1.49,0.53,1.10125
35.3,3,19,30,8,2,0.22,1.7,1.0783333333333334
16.4,1,19,30,8,2,1.15,0.4,1.10125
17.5,4,20,30,8,2,0.95,1.99,1.0375
4.2,1,21,30,8,2,0.46,1.14,1.0645833333333334
33.7,4,22,30,8,2,1.79,0.89,1.1045833333333333
-9.8,5,22,30,8,2,1.85,0.92,1.0958333333333332
-0.3,4,22,30,8,2,0.71,0.49,1.11375
14.6,5,0,31,8,3,0.92,1.4,1.1387500000000002
-8.1,3,1,31,8,3,2.0,0.53,1.1529166666666666
-0.3,4,1,31,8,3,0.87,0.75,1.19625
-2.3,1,1,31,8,3,1.79,1.66,1.1641666666666668
12.1,4,2,31,8,3,0.89,1.07,1.1495833333333334
35.3,4,2,31,8,3,0.72,1.39,1.1658333333333333
24.6,4,4,31,8,3,1.78,1.92,1.1
11.7,3,4,31,8,3,0.34,0.91,1.095
39.5,5,4,31,8,3,0.79,1.67,1.0366666666666666
23.9,3,5,31,8,3,0.27,1.22,1.0645833333333334
26.9,1,5,31,8,3,1.89,1.15,1.0254166666666669
30.5,3,9,31,8,3,0.21,0.22,1.05875
17.6,5,11,31,8,3,1.02,0.61,1.0687499999999999
6.9,4,13,31,8,3,0.85,1.95,1.0304166666666668
17.2,3,14,31,8,3,1.03,0.74,1.0720833333333333
30.8,3,14,31,8,3,1.74,1.49,1.0775
16.3,1,14,31,8,3,1.62,0.22,1.1025
7.9,1,14,31,8,3,0.82,1.15,1.1345833333333333
-0.1,2,15,31,8,3,1.92,0.95,1.17625
16.7,5,15,31,8,3,1.95,0.46,1.2375
-3.1,4,15,31,8,3,1.93,1.79,1.17875
1.8,4,15,31,8,3,0.38,1.85,1.1537499999999998
31.7,3,16,31,8,3,1.25,0.71,1.1825
-9.0,2,17,31,8,3,1.4,0.92,1.2133333333333332
33.2,4,18,31,8,3,1.66,2.0,1.17
22.6,5,18,31,8,3,0.96,0.87,1.2129166666666669
21.8,1,19,31,8,3,1.9,1.79,1.1724999999999999
32.8,2,19,31,8,3,0.82,0.89,1.19
0.1,3,21,31,8,3,1.31,0.72,1.2420833333333332
-4.2,3,21,31,8,3,1.97,1.78,1.2220833333333332
0.7,1,22,31,8,3,1.3,0.34,1.2391666666666665
16.1,5,22,31,8,3,0.75,0.79,1.2870833333333334
-7.5,4,0,1,9,4,1.94,0.27,1.3566666666666667
4.8,2,0,1,9,4,1.94,1.89,1.32875
37.1,3,2,1,9,4,1.22,0.21,1.38375
19.1,3,2,1,9,4,1.53,1.02,1.4216666666666669
2.3,3,3,1,9,4,1.93,0.85,1.3966666666666667
20.3,2,3,1,9,4,0.25,1.03,1.4316666666666666
2.4,5,3,1,9,4,1.87,1.74,1.4162499999999998
15.8,2,4,1,9,4,1.37,1.62,1.4104166666666667
22.8,2,7,1,9,4,1.48,0.82,1.4024999999999999
37.5,1,9,1,9,4,0.63,1.92,1.3470833333333332
-6.2,2,9,1,9,4,0.59,1.95,1.2762499999999999
34.1,2,9,1,9,4,0.25,1.93,1.215
13.2,2,11,1,9,4,0.46,0.38,1.2820833333333332
-2.0,5,12,1,9,4,1.99,1.25,1.2741666666666667
32.9,5,14,1,9,4,1.06,1.4,1.2454166666666666
-8.2,3,14,1,9,4,0.71,1.66,1.25
-3.8,1,15,1,9,4,1.77,0.96,1.2416666666666667
27.1,5,18,1,9,4,0.76,1.9,1.1745833333333333
18.8,5,18,1,9,4,0.29,0.82,1.2233333333333334
29.5,5,19,1,9,4,1.99,1.31,1.2208333333333334
24.1,4,20,1,9,4,1.25,1.97,1.205
33.8,4,22,1,9,4,1.59,1.3,1.2304166666666667
6.6,4,22,1,9,4,1.91,0.75,1.27875
17.1,3,23,1,9,4,1.91,1.94,1.2341666666666666
20.2,1,0,2,9,5,0.87,1.94,1.1900000000000002
16.2,4,1,2,9,5,0.88,1.22,1.2074999999999998
-2.6,1,1,2,9,5,1.64,1.53,1.215
26.4,4,1,2,9,5,1.71,1.93,1.19625
30.9,2,2,2,9,5,1.48,0.25,1.2170833333333333
-7.3,4,3,2,9,5,0.75,1.87,1.205
29.2,4,5,2,9,5,1.58,1.37,1.1737499999999998
16.6,5,5,2,9,5,0.62,1.48,1.1420833333333333
7.9,1,7,2,9,5,0.72,0.63,1.1508333333333334
6.9,5,8,2,9,5,0.84,0.59,1.175
1.6,2,8,2,9,5,1.17,0.25,1.1920833333333334
35.6,5,9,2,9,5,0.66,0.46,1.24375
38.5,4,10,2,9,5,1.7,1.99,1.1833333333333333
13.0,1,11,2,9,5,0.54,1.06,1.16
-9.5,3,12,2,9,5,0.5,0.71,1.1470833333333335
11.6,5,13,2,9,5,0.4,1.77,1.12375
14.3,1,14,2,9,5,1.21,0.76,1.1179166666666667
7.9,4,14,2,9,5,0.62,0.29,1.1841666666666668
12.5,5,14,2,9,5,1.88,1.99,1.1212499999999999
27.6,3,15,2,9,5,0.48,1.25,1.0779166666666666
32.3,2,16,2,9,5,0.21,1.59,1.065
10.7,2,16,2,9,5,1.28,1.91,1.0633333333333332
17.9,3,18,2,9,5,1.87,1.91,1.0108333333333333
19.7,2,20,2,9,5,0.65,0.87,1.0145833333333334
29.9,3,20,2,9,5,0.96,0.88,1.0258333333333332
4.6,1,21,2,9,5,1.15,1.64,0.9912500000000001
36.7,2,21,2,9,5,0.81,1.71,0.9375
14.2,1,23,2,9,5,0.42,1.48,0.9095833333333333
13.6,1,0,3,9,6,0.81,0.75,0.9474999999999999
23.9,5,1,3,9,6,1.66,1.58,0.9108333333333333
-3.2,3,1,3,9,6,0.7,0.62,0.9175
2.6,4,1,3,9,6,0.78,0.72,0.9679166666666665
3.8,3,4,3,9,6,1.93,0.84,0.9662499999999999
18.0,4,5,3,9,6,0.8,1.17,0.9566666666666667
22.3,4,5,3,9,6,0.94,0.66,0.9812500000000001
32.0,4,6,3,9,6,1.25,1.7,0.9458333333333333
3.1,5,7,3,9,6,0.85,0.54,0.9404166666666666
34.0,3,7,3,9,6,0.41,0.5,0.94625
25.1,1,8,3,9,6,0.64,0.4,0.94375
36.5,2,8,3,9,6,0.34,1.21,0.90625
9.1,4,9,3,9,6,0.31,0.62,0.9075000000000001
10.7,3,9,3,9,6,0.65,1.88,0.8591666666666665
26.1,3,10,3,9,6,0.72,0.48,0.8958333333333334
38.1,4,10,3,9,6,1.36,0.21,0.9458333333333333
-2.8,5,11,3,9,6,1.41,1.28,0.9629166666666666
7.1,3,11,3,9,6,1.69,1.87,0.9079166666666666
-1.4,1,12,3,9,6,0.55,0.65,0.89
3.0,2,14,3,9,6,0.22,0.96,0.8808333333333334
19.4,5,15,3,9,6,0.74,1.15,0.8633333333333333
13.0,2,17,3,9,6,0.73,0.81,0.9112499999999999
28.7,1,17,3,9,6,1.96,0.42,0.9091666666666667
23.2,4,17,3,9,6,0.37,0.81,0.8891666666666665
25.2,4,18,3,9,6,0.33,1.66,0.9016666666666667
22.2,2,19,3,9,6,1.96,0.7,0.9479166666666666
33.9,3,19,3,9,6,1.81,0.78,0.9366666666666666
8.3,2,23,3,9,6,0.51,1.93,0.9054166666666666
29.4,3,0,4,9,0,1.18,0.8,0.9500000000000001
36.1,1,0,4,9,0,1.87,0.94,0.9516666666666667
35.5,2,0,4,9,0,0.98,1.25,0.9445833333333332
7.3,3,2,4,9,0,1.08,0.85,0.9354166666666668
-4.7,2,2,4,9,0,0.63,0.41,0.9700000000000001
31.1,5,2,4,9,0,1.24,0.64,1.0154166666666666
21.1,5,3,4,9,0,1.73,0.34,1.0229166666666667
13.2,5,3,4,9,0,0.52,0.31,1.0279166666666666
25.6,5,4,4,9,0,0.43,0.65,1.065
27.1,5,5,4,9,0,1.54,0.72,1.05125
-5.3,4,5,4,9,0,0.39,1.36,1.0229166666666665
30.3,5,5,4,9,0,0.68,1.41,1.0454166666666667
24.9,3,5,4,9,0,1.95,1.69,1.0529166666666667
32.1,3,5,4,9,0,1.87,0.55,1.05125
4.1,3,6,4,9,0,0.51,0.22,1.0533333333333335
24.5,3,6,4,9,0,0.27,0.74,1.0745833333333332
36.4,2,10,4,9,0,1.25,0.73,1.08625
26.9,3,10,4,9,0,1.01,1.96,1.02375
-9.1,3,10,4,9,0,0.46,0.37,1.0895833333333333
11.6,5,11,4,9,0,1.95,0.33,1.0975000000000001
23.9,5,11,4,9,0,0.52,1.96,1.0554166666666667
28.3,4,11,4,9,0,0.95,1.81,0.9995833333333333
1.0,3,12,4,9,0,0.47,0.51,0.9991666666666666
32.7,1,13,4,9,0,0.5,1.18,0.9970833333333333
30.4,3,14,4,9,0,1.13,1.87,0.9841666666666667
34.8,2,14,4,9,0,1.56,0.98,1.01125
-6.6,2,16,4,9,0,1.63,1.08,0.9929166666666668
32.5,2,16,4,9,0,0.64,0.63,1.0079166666666666
-4.2,1,17,4,9,0,0.99,1.24,0.9833333333333334
25.9,1,17,4,9,0,0.65,1.73,0.9433333333333334
18.2,1,18,4,9,0,0.77,0.52,1.0016666666666667
36.0,5,19,4,9,0,1.92,0.43,1.0545833333333332
32.8,1,19,4,9,0,1.7,1.54,1.0091666666666668
37.7,1,19,4,9,0,0.45,0.39,1.0604166666666666
25.0,4,19,4,9,0,1.62,0.68,1.0766666666666667
34.6,5,20,4,9,0,1.07,1.95,1.0483333333333333
20.4,4,20,4,9,0,1.27,1.87,1.0366666666666666
20.7,4,0,5,9,1,1.59,0.51,1.0420833333333333
25.1,2,0,5,9,1,0.64,0.27,1.0591666666666666
7.0,3,2,5,9,1,0.68,1.25,1.0354166666666667
-6.2,2,2,5,9,1,0.68,1.01,1.00375
30.8,2,4,5,9,1,0.25,0.46,1.05375
12.7,4,5,5,9,1,1.66,1.95,1.0058333333333334
6.7,4,5,5,9,1,0.8,0.52,1.06375
8.8,4,6,5,9,1,1.91,0.95,1.0983333333333334
22.8,1,6,5,9,1,1.78,0.47,1.1395833333333334
33.3,4,9,5,9,1,1.46,0.5,1.1616666666666666
28.4,1,9,5,9,1,1.03,1.13,1.1570833333333332
27.3,1,9,5,9,1,1.02,1.56,1.10125
26.4,1,10,5,9,1,0.22,1.63,1.0945833333333332
-2.0,5,10,5,9,1,1.47,0.64,1.1245833333333333
5.3,3,11,5,9,1,1.36,0.99,1.1612500000000001
7.2,2,11,5,9,1,1.87,0.65,1.2129166666666666
-10.0,4,14,5,9,1,1.89,0.77,1.25875
3.5,5,14,5,9,1,1.87,1.92,1.2083333333333333
21.7,2,14,5,9,1,0.71,1.7,1.2166666666666668
37.2,3,15,5,9,1,1.9,0.45,1.2566666666666666
37.4,2,16,5,9,1,1.41,1.62,1.25875
16.7,4,16,5,9,1,1.67,1.07,1.2754166666666666
36.6,1,17,5,9,1,1.47,1.27,1.2466666666666668
38.5,2,20,5,9,1,0.58,1.59,1.1975
39.9,3,21,5,9,1,0.41,0.64,1.2204166666666667
33.6,1,22,5,9,1,1.19,0.68,1.2212500000000002
11.4,4,0,6,9,2,0.7,0.68,1.2116666666666667
31.8,4,0,6,9,2,0.45,0.25,1.2225
0.3,2,1,6,9,2,0.51,1.66,1.2316666666666667
18.8,3,1,6,9,2,1.88,0.8,1.23375
23.3,3,2,6,9,2,0.85,1.91,1.19875
1.9,3,2,6,9,2,1.07,1.78,1.1470833333333332
9.3,3,3,6,9,2,0.54,1.46,1.1312499999999999
5.4,3,3,6,9,2,1.08,1.03,1.1454166666666667
7.1,1,4,6,9,2,1.37,1.02,1.1233333333333333
26.1,4,4,6,9,2,0.49,0.22,1.1620833333333331
8.1,2,5,6,9,2,1.15,1.47,1.1754166666666668
35.3,3,7,6,9,2,1.79,1.36,1.195
34.9,4,7,6,9,2,1.83,1.87,1.1308333333333334
26.5,3,9,6,9,2,0.33,1.89,1.10875
21.6,2,11,6,9,2,1.36,1.87,1.0933333333333335
-8.0,3,11,6,9,2,1.5,0.71,1.08375
24.3,4,11,6,9,2,0.48,1.9,1.0129166666666667
29.3,5,13,6,9,2,0.2,1.41,0.9795833333333333
31.4,4,13,6,9,2,0.61,1.67,0.9508333333333333
19.2,5,14,6,9,2,0.98,1.47,0.9400000000000001
7.0,4,15,6,9,2,1.21,0.58,0.98375
-6.8,4,15,6,9,2,1.63,0.41,1.0354166666666667
36.5,3,16,6,9,2,1.65,1.19,1.0141666666666667
16.8,2,16,6,9,2,0.68,0.7,1.04375
24.3,3,18,6,9,2,1.41,0.45,1.0454166666666667
-6.3,3,18,6,9,2,0.49,0.51,1.0770833333333334
36.3,4,18,6,9,2,1.27,1.88,1.0483333333333333
34.5,5,19,6,9,2,1.19,0.85,1.02375
5.6,4,20,6,9,2,0.26,1.07,1.06
24.2,1,20,6,9,2,1.94,0.54,1.1075000000000002
11.5,1,23,6,9,2,1.68,1.08,1.0929166666666668
20.8,3,0,7,9,3,0.73,1.37,1.0766666666666667
6.9,2,0,7,9,3,0.98,0.49,1.0654166666666667
22.2,5,1,7,9,3,0.22,1.15,1.0295833333333333
2.0,2,1,7,9,3,0.29,1.79,1.02375
23.2,2,1,7,9,3,1.65,1.83,1.0041666666666667
38.4,2,2,7,9,3,1.36,0.33,1.0291666666666666
16.0,5,3,7,9,3,0.93,1.36,1.0
13.8,5,4,7,9,3,0.66,1.5,0.9954166666666667
16.4,5,4,7,9,3,1.39,0.48,0.9895833333333334
4.1,5,5,7,9,3,0.34,0.2,1.04625
34.3,4,6,7,9,3,1.56,0.61,1.04375
17.0,4,6,7,9,3,0.55,0.98,1.0466666666666666
20.8,5,9,7,9,3,1.05,1.21,1.0204166666666665
31.5,2,9,7,9,3,0.58,1.63,1.0154166666666666
29.9,1,10,7,9,3,1.51,1.65,1.02375
27.0,1,11,7,9,3,1.85,0.68,1.0695833333333333
-9.4,3,11,7,9,3,1.78,1.41,1.0233333333333334
4.0,3,11,7,9,3,0.3,0.49,1.0158333333333334
18.0,1,11,7,9,3,0.31,1.27,1.0362500000000001
18.3,3,12,7,9,3,1.76,1.19,1.03125
34.8,1,15,7,9,3,1.07,0.26,1.0999999999999999
1.4,2,16,7,9,3,1.91,1.94,1.0908333333333333
33.2,3,16,7,9,3,1.72,1.68,1.065
8.0,3,17,7,9,3,1.06,0.73,1.0595833333333333
21.0,1,19,7,9,3,0.6,0.98,1.0645833333333332
19.7,1,19,7,9,3,1.1,0.22,1.1158333333333335
-0.6,3,21,7,9,3,1.45,0.29,1.18375
20.0,1,22,7,9,3,1.92,1.65,1.1633333333333333
12.9,2,22,7,9,3,1.16,1.36,1.1279166666666667
-4.0,3,0,8,9,4,0.51,0.93,1.16875
13.8,3,0,8,9,4,1.91,0.66,1.1558333333333333
32.1,5,1,8,9,4,0.35,1.39,1.1483333333333332
34.5,3,1,8,9,4,1.21,0.34,1.2016666666666667
19.0,1,2,8,9,4,1.62,1.56,1.1725
9.7,5,3,8,9,4,0.86,0.55,1.2249999999999999
22.9,1,4,8,9,4,1.81,1.05,1.2170833333333333
31.8,5,5,8,9,4,0.86,0.58,1.23875
2.5,1,5,8,9,4,1.1,1.51,1.2462499999999999
7.2,2,7,8,9,4,1.69,1.85,1.2070833333333333
6.4,1,7,8,9,4,0.91,1.78,1.1741666666666666
25.9,1,8,8,9,4,0.99,0.3,1.2070833333333333
18.6,4,10,8,9,4,1.09,0.31,1.25
30.7,2,11,8,9,4,1.34,1.76,1.24625
22.4,3,11,8,9,4,1.67,1.07,1.265
5.9,4,11,8,9,4,1.52,1.91,1.2454166666666666
-1.4,4,12,8,9,4,1.44,1.72,1.2316666666666667
27.1,4,13,8,9,4,1.39,1.06,1.26125
37.8,4,15,8,9,4,1.77,0.6,1.2787499999999998
23.8,1,15,8,9,4,1.02,1.1,1.2854166666666667
20.4,1,16,8,9,4,1.26,1.45,1.2870833333333331
18.9,1,18,8,9,4,1.49,1.92,1.2316666666666667
-7.1,1,18,8,9,4,0.59,1.16,1.2249999999999999
39.6,3,20,8,9,4,1.0,0.51,1.2441666666666666
-2.1,4,20,8,9,4,0.97,1.91,1.2233333333333334
-9.8,1,20,8,9,4,1.41,0.35,1.2770833333333333
13.4,2,21,8,9,4,1.64,1.21,1.2570833333333333
20.2,5,23,8,9,4,0.73,1.62,1.2158333333333333
37.5,2,23,8,9,4,0.63,0.86,1.2125
34.4,3,0,9,9,5,0.78,1.81,1.17875
39.5,1,0,9,9,5,1.0,0.86,1.2012500000000002
36.0,1,0,9,9,5,1.4,1.1,1.2366666666666666
-7.8,4,1,9,9,5,1.95,1.69,1.2095833333333335
30.4,2,2,9,9,5,1.04,0.91,1.1875
32.0,2,4,9,9,5,0.38,0.99,1.18375
35.5,5,6,9,9,5,0.9,1.09,1.17625
38.6,3,9,9,9,5,0.91,1.34,1.1733333333333333
38.3,1,10,9,9,5,1.27,1.67,1.1275
-5.9,3,12,9,9,5,0.57,1.52,1.1154166666666667
-7.0,4,12,9,9,5,1.23,1.44,1.1183333333333334
-1.2,4,13,9,9,5,1.51,1.39,1.0983333333333334
20.5,2,13,9,9,5,0.91,1.77,1.0333333333333334
-7.4,3,14,9,9,5,0.21,1.02,1.0391666666666668
16.2,5,16,9,9,5,1.16,1.26,1.0029166666666667
29.4,3,16,9,9,5,0.39,1.49,0.9566666666666667
-7.1,1,17,9,9,5,0.38,0.59,0.9916666666666667
-7.2,5,18,9,9,5,1.43,1.0,0.9812500000000001
36.8,5,19,9,9,5,0.75,0.97,1.0204166666666665
32.7,2,21,9,9,5,1.91,1.41,1.02125
35.7,3,23,9,9,5,1.43,1.64,1.0329166666666667
2.6,3,23,9,9,5,1.92,0.73,1.0483333333333333
4.0,3,2,10,9,6,1.1,0.63,1.0595833333333333
-9.4,5,4,10,9,6,0.9,0.78,1.0533333333333335
3.5,3,5,10,9,6,0.63,1.0,1.0416666666666667
22.1,2,5,10,9,6,0.72,1.4,1.05625
3.3,1,9,10,9,6,1.75,1.95,1.055
33.6,2,10,10,9,6,1.92,1.04,1.0216666666666667
-9.5,4,10,10,9,6,0.24,0.38,1.0816666666666668
2.4,4,10,10,9,6,1.82,0.9,1.1024999999999998
37.3,1,12,10,9,6,1.4,0.91,1.1316666666666666
27.4,4,13,10,9,6,1.61,1.27,1.1145833333333333
12.2,4,13,10,9,6,0.86,0.57,1.1079166666666667
9.4,2,13,10,9,6,0.41,1.23,1.0741666666666665
26.9,2,16,10,9,6,0.42,1.51,1.0475
14.5,5,16,10,9,6,0.87,0.91,1.0741666666666667
-1.3,4,16,10,9,6,1.55,0.21,1.1170833333333332
8.1,3,17,10,9,6,1.24,1.16,1.0808333333333333
-6.9,2,17,10,9,6,0.29,0.39,1.1337499999999998
27.8,2,18,10,9,6,1.66,0.38,1.12875
6.6,3,18,10,9,6,0.26,1.43,1.1366666666666667
-9.3,3,18,10,9,6,1.62,0.75,1.1395833333333334
2.6,1,19,10,9,6,0.82,1.91,1.135
-6.9,4,20,10,9,6,1.8,1.43,1.0966666666666667
14.6,1,20,10,9,6,0.51,1.92,1.0791666666666666
-0.1,1,21,10,9,6,1.5,1.1,1.05375
-3.1,2,22,10,9,6,0.49,0.9,1.09625
39.4,1,23,10,9,6,1.92,0.63,1.1145833333333333
-9.5,5,0,11,9,0,1.07,0.72,1.1187500000000001
29.0,2,2,11,9,0,0.82,1.75,1.115
17.9,2,2,11,9,0,1.66,1.92,1.0999999999999999
11.1,1,4,11,9,0,1.56,0.24,1.1529166666666668
33.3,4,4,11,9,0,1.51,1.82,1.1083333333333334
-7.1,5,5,11,9,0,0.75,1.4,1.1091666666666666
30.4,1,6,11,9,0,1.42,1.61,1.10625
17.3,2,6,11,9,0,1.54,0.86,1.12375
13.5,3,6,11,9,0,1.28,0.41,1.1175
5.6,5,7,11,9,0,0.26,0.42,1.1808333333333334
37.6,3,7,11,9,0,1.94,0.87,1.2137499999999999
6.5,3,7,11,9,0,1.66,1.55,1.2008333333333334
15.5,5,7,11,9,0,1.24,1.24,1.20375
13.3,4,10,11,9,0,1.31,0.29,1.2100000000000002
29.2,5,10,11,9,0,0.44,1.66,1.1670833333333335
30.9,2,11,11,9,0,0.63,0.26,1.2258333333333333
35.7,3,12,11,9,0,1.67,1.62,1.1791666666666665
8.5,5,13,11,9,0,0.5,0.82,1.1579166666666667
-9.6,4,14,11,9,0,0.31,1.8,1.1116666666666666
12.5,3,14,11,9,0,0.69,0.51,1.1104166666666666
24.1,3,15,11,9,0,0.48,1.5,1.0966666666666667
29.3,3,15,11,9,0,1.17,0.49,1.1458333333333333
22.8,1,17,11,9,0,1.67,1.92,1.11375
14.4,1,17,11,9,0,1.15,1.07,1.11375
37.4,4,18,11,9,0,1.07,0.82,1.1508333333333332
-7.9,3,20,11,9,0,1.71,1.66,1.1379166666666667
38.5,2,20,11,9,0,1.35,1.56,1.1229166666666666
7.1,3,20,11,9,0,1.2,1.51,1.09625
-8.8,2,22,11,9,0,0.87,0.75,1.0937499999999998
37.4,3,23,11,9,0,0.69,1.42,1.0704166666666668
15.8,2,1,12,9,1,0.86,1.54,1.0466666666666666
4.9,1,5,12,9,1,0.97,1.28,1.0758333333333334
0.7,5,6,12,9,1,1.98,0.26,1.1195833333333332
22.7,1,7,12,9,1,1.31,1.94,1.0625
-7.3,5,8,12,9,1,0.57,1.66,1.0329166666666667
-3.7,2,9,12,9,1,0.95,1.24,1.0075
19.5,2,10,12,9,1,0.63,1.31,1.0029166666666667
33.3,5,10,12,9,1,1.2,0.44,1.0545833333333332
39.0,5,11,12,9,1,1.68,0.63,1.07125
-0.6,4,11,12,9,1,1.03,1.67,1.0566666666666666
28.2,5,11,12,9,1,1.32,0.5,1.0654166666666667
34.3,2,14,12,9,1,0.71,0.31,1.0658333333333332
-1.6,2,15,12,9,1,0.32,0.69,1.0716666666666668
26.6,5,15,12,9,1,0.83,0.48,1.1120833333333333
-2.4,4,16,12,9,1,1.45,1.17,1.0725
2.2,2,17,12,9,1,0.22,1.67,1.0541666666666667
33.2,2,20,12,9,1,1.23,1.15,1.0491666666666666
25.3,3,22,12,9,1,1.03,1.07,1.0225
38.1,2,22,12,9,1,0.43,1.71,1.0175
7.9,4,22,12,9,1,1.59,1.35,0.9820833333333333
-8.3,1,23,12,9,1,0.5,1.2,0.95125
-2.2,5,0,13,9,2,0.46,0.87,0.9387499999999999
15.3,2,0,13,9,2,0.57,0.69,0.9354166666666668
27.5,1,0,13,9,2,0.61,0.86,0.9345833333333333
-9.0,1,0,13,9,2,0.84,0.97,0.9570833333333333
0.4,5,0,13,9,2,1.51,1.98,0.8916666666666666
23.0,5,1,13,9,2,0.41,1.31,0.8808333333333334
33.3,1,2,13,9,2,1.05,0.57,0.8895833333333334
-2.7,1,3,13,9,2,0.78,0.95,0.8858333333333334
-5.0,2,3,13,9,2,0.86,0.63,0.8724999999999999
29.6,3,3,13,9,2,0.31,1.2,0.8424999999999999
-5.6,2,6,13,9,2,0.48,1.68,0.8241666666666666
-1.0,3,7,13,9,2,1.24,1.03,0.8033333333333333
-5.1,1,7,13,9,2,0.53,1.32,0.775
20.1,5,8,13,9,2,0.64,0.71,0.8245833333333333
10.2,4,10,13,9,2,1.9,0.32,0.8508333333333334
13.7,4,11,13,9,2,0.95,0.83,0.8937499999999999
26.9,5,14,13,9,2,1.86,1.45,0.8966666666666666
-5.6,3,16,13,9,2,1.52,0.22,0.9504166666666666
18.9,2,16,13,9,2,1.51,1.23,0.9420833333333333
18.0,4,16,13,9,2,1.03,1.03,0.9654166666666666
14.4,2,18,13,9,2,1.59,0.43,0.9666666666666667
37.6,2,20,13,9,2,0.46,1.59,0.9558333333333332
8.6,1,21,13,9,2,1.33,0.5,0.9895833333333334
-6.2,5,1,14,9,3,1.31,0.46,1.01375
30.8,2,2,14,9,3,1.04,0.57,1.04875
-0.1,3,2,14,9,3,1.41,0.61,1.0504166666666666
23.2,3,4,14,9,3,0.65,0.84,1.0354166666666667
22.7,3,5,14,9,3,0.48,1.51,1.0279166666666668
4.8,1,7,14,9,3,1.33,0.41,1.0254166666666666
-8.9,1,7,14,9,3,0.35,1.05,1.0308333333333333
14.5,1,7,14,9,3,1.18,0.78,1.03
29.1,1,9,14,9,3,0.76,0.86,1.0616666666666668
6.1,1,10,14,9,3,1.62,0.31,1.1079166666666667
9.1,4,10,14,9,3,1.42,0.48,1.16625
-1.5,4,13,14,9,3,1.88,1.24,1.1704166666666669
31.1,2,13,14,9,3,1.34,0.53,1.20375
2.4,1,14,14,9,3,1.33,0.64,1.2041666666666666
15.5,4,15,14,9,3,0.65,1.9,1.1362500000000002
17.2,5,15,14,9,3,0.27,0.95,1.1125
-4.4,3,16,14,9,3,0.38,1.86,1.08625
20.4,1,16,14,9,3,1.23,1.52,1.1054166666666667
-6.2,1,18,14,9,3,1.98,1.51,1.1095833333333334
25.4,5,19,14,9,3,1.61,1.03,1.0887499999999999
5.0,2,20,14,9,3,0.53,1.59,1.0941666666666667
1.6,5,21,14,9,3,1.72,0.46,1.1358333333333333
17.0,5,21,14,9,3,1.46,1.33,1.0987500000000001
4.9,5,23,14,9,3,0.44,1.31,1.0675
10.6,1,23,14,9,3,0.56,1.04,1.08375
12.2,4,23,14,9,3,1.43,1.41,1.0404166666666665
35.9,2,0,15,9,4,0.37,0.65,1.035
3.7,3,0,15,9,4,0.52,0.48,1.035
10.8,4,2,15,9,4,0.48,1.33,1.0554166666666667
35.9,4,3,15,9,4,1.82,0.35,1.0804166666666666
-2.6,5,5,15,9,4,0.95,1.18,1.0720833333333333
11.6,5,6,15,9,4,0.98,0.76,1.0666666666666667
9.5,5,8,15,9,4,0.63,1.62,1.0391666666666666
39.5,4,9,15,9,4,0.96,1.42,0.9987500000000001
-5.1,1,9,15,9,4,0.45,1.88,0.96625
28.5,2,9,15,9,4,1.1,1.34,0.935
1.2,3,9,15,9,4,0.59,1.33,0.9408333333333333
7.2,3,9,15,9,4,1.47,0.65,0.9416666666666668
20.4,5,10,15,9,4,0.67,0.27,0.9979166666666667
20.1,3,10,15,9,4,1.62,0.38,1.0262499999999999
13.5,2,10,15,9,4,1.06,1.23,0.98875
28.7,5,10,15,9,4,0.33,1.98,0.9766666666666666
32.8,5,11,15,9,4,1.69,1.61,0.9279166666666666
3.3,3,12,15,9,4,0.44,0.53,0.9616666666666668
38.2,2,13,15,9,4,1.34,1.72,0.9379166666666666
18.2,1,13,15,9,4,1.15,1.46,0.9270833333333334
12.9,3,14,15,9,4,1.2,0.44,0.9516666666666667
2.1,5,14,15,9,4,1.03,0.56,0.9445833333333334
14.9,2,14,15,9,4,0.39,1.43,0.9016666666666665
-5.9,3,16,15,9,4,0.4,0.37,0.8966666666666666
37.3,4,16,15,9,4,0.25,0.52,0.9308333333333335
24.4,5,16,15,9,4,1.34,0.48,0.9437500000000001
35.2,5,16,15,9,4,0.79,1.82,0.9458333333333334
19.0,4,19,15,9,4,1.87,0.95,0.9158333333333334
18.7,4,22,15,9,4,0.23,0.98,0.8975000000000001
6.1,5,1,16,9,5,0.54,0.63,0.89
16.3,3,2,16,9,5,0.45,0.96,0.8925000000000001
34.8,1,2,16,9,5,1.02,0.45,0.9141666666666666
-8.8,1,2,16,9,5,0.97,1.1,0.9437500000000001
-5.1,3,3,16,9,5,1.81,0.59,0.9933333333333333
-6.1,2,4,16,9,5,1.78,1.47,0.96125
-10.0,4,4,16,9,5,0.7,0.67,0.9641666666666667
12.6,4,5,16,9,5,0.74,1.62,0.9354166666666667
33.1,1,6,16,9,5,0.93,1.06,0.9495833333333333
39.6,3,9,16,9,5,1.4,0.33,1.0183333333333333
22.6,5,10,16,9,5,1.98,1.69,1.0108333333333335
13.2,2,12,16,9,5,1.51,0.44,1.0050000000000001
12.1,3,12,16,9,5,0.3,1.34,1.0275
-8.6,1,13,16,9,5,1.88,1.15,1.0604166666666668
38.0,3,14,16,9,5,1.94,1.2,1.0495833333333333
38.2,5,14,16,9,5,0.94,1.03,1.0383333333333333
15.7,5,16,16,9,5,0.76,0.39,1.0916666666666666
32.0,3,16,16,9,5,1.67,0.4,1.145
13.7,1,17,16,9,5,1.68,0.25,1.145
-3.5,3,18,16,9,5,0.25,1.34,1.16375
11.7,3,18,16,9,5,1.79,0.79,1.15875
30.1,2,19,16,9,5,0.67,1.87,1.1304166666666666
-1.2,1,20,16,9,5,1.19,0.23,1.1733333333333333
4.5,5,20,16,9,5,1.26,0.54,1.1704166666666664
38.1,1,20,16,9,5,0.47,0.45,1.22625
25.7,5,20,16,9,5,1.79,1.02,1.1995833333333332
-4.0,2,20,16,9,5,0.38,0.97,1.175
32.4,5,23,16,9,5,0.38,1.81,1.1220833333333333
1.6,4,0,17,9,6,0.54,1.78,1.0625
17.3,3,0,17,9,6,0.35,0.7,1.0683333333333331
29.6,4,1,17,9,6,0.84,0.74,1.0770833333333332
2.5,1,1,17,9,6,0.95,0.93,1.0574999999999999
-1.4,3,1,17,9,6,0.46,1.4,1.0391666666666668
19.0,2,1,17,9,6,0.96,1.98,0.9787500000000001
17.0,1,1,17,9,6,0.53,1.51,0.9845833333333333
6.0,1,1,17,9,6,1.65,0.3,1.01125
34.4,5,4,17,9,6,0.94,1.88,0.96375
10.4,1,5,17,9,6,0.74,1.94,0.9137499999999998
19.0,1,5,17,9,6,0.74,0.94,0.9362499999999999
-6.8,4,6,17,9,6,1.48,0.76,0.9175
36.0,1,7,17,9,6,0.31,1.67,0.9129166666666667
19.8,4,8,17,9,6,1.56,1.68,0.8616666666666667
17.5,5,8,17,9,6,0.45,0.25,0.9066666666666667
33.7,3,8,17,9,6,1.33,1.79,0.9020833333333332
-9.5,5,9,17,9,6,1.68,0.67,0.9116666666666666
6.7,4,10,17,9,6,0.9,1.19,0.9316666666666666
-7.8,2,11,17,9,6,1.67,1.26,0.9254166666666667
-1.4,3,12,17,9,6,1.11,0.47,0.9408333333333334
0.1,2,13,17,9,6,0.84,1.79,0.8954166666666666
11.1,1,14,17,9,6,0.7,0.38,0.9387500000000001
14.1,5,14,17,9,6,1.42,0.38,0.9325000000000001
32.9,3,16,17,9,6,0.23,0.54,0.9829166666666665
15.1,5,16,17,9,6,1.75,0.35,0.9804166666666667
21.4,1,17,17,9,6,0.29,0.84,0.9758333333333334
26.1,5,20,17,9,6,0.73,0.95,0.94875
36.5,3,20,17,9,6,0.3,0.46,0.98375
36.7,3,20,17,9,6,1.3,0.96,1.0108333333333333
12.7,4,20,17,9,6,1.61,0.53,1.03
26.6,4,21,17,9,6,0.99,1.65,0.9795833333333334
23.0,3,22,17,9,6,0.44,0.94,0.9787499999999999
19.1,4,22,17,9,6,0.92,0.74,1.0091666666666665
-1.4,4,22,17,9,6,1.47,0.74,1.0016666666666667
22.5,1,23,17,9,6,0.56,1.48,0.965
33.2,1,23,17,9,6,0.6,0.31,0.9933333333333333
8.9,2,0,18,9,0,0.99,1.56,0.9495833333333333
-3.7,3,0,18,9,0,0.51,0.45,0.9458333333333334
6.4,1,2,18,9,0,0.36,1.33,0.93375
25.5,1,3,18,9,0,1.04,1.68,0.9308333333333333
21.9,1,6,18,9,0,1.61,0.9,0.9270833333333334
6.7,4,6,18,9,0,0.81,1.67,0.88375
-2.2,1,10,18,9,0,0.63,1.11,0.8775
4.0,4,12,18,9,0,0.96,0.84,0.8941666666666667
34.1,3,13,18,9,0,1.24,0.7,0.8879166666666668
-8.0,1,13,18,9,0,0.55,1.42,0.9049999999999999
17.3,5,14,18,9,0,1.83,0.23,0.9329166666666665
-0.8,3,17,18,9,0,0.9,1.75,0.8691666666666668
2.9,3,17,18,9,0,0.22,0.29,0.91125
12.1,4,20,18,9,0,1.3,0.73,0.8999999999999999
9.8,2,21,18,9,0,0.46,0.3,0.9079166666666668
33.4,3,21,18,9,0,0.49,1.3,0.8766666666666668
5.0,4,21,18,9,0,0.55,1.61,0.8679166666666668
6.3,4,22,18,9,0,1.4,0.99,0.8733333333333334
31.3,4,23,18,9,0,1.12,0.44,0.9208333333333333
13.8,4,1,19,9,1,1.58,0.92,0.9458333333333333
29.2,3,1,19,9,1,1.52,1.47,0.9479166666666666
6.2,2,1,19,9,1,1.52,0.56,1.0041666666666667
11.0,4,3,19,9,1,1.91,0.6,1.00125
18.2,2,3,19,9,1,0.53,0.99,1.0308333333333333
7.3,2,7,19,9,1,1.7,0.51,1.0420833333333335
14.0,5,7,19,9,1,0.78,0.36,1.0808333333333333
30.0,2,8,19,9,1,1.29,1.04,1.11875
21.6,1,8,19,9,1,1.95,1.61,1.1187500000000001
-6.2,3,9,19,9,1,1.61,0.81,1.1616666666666668
18.1,4,9,19,9,1,1.84,0.63,1.1504166666666666
37.7,1,10,19,9,1,0.36,0.96,1.185
-0.1,1,11,19,9,1,1.79,1.24,1.18625
24.8,5,12,19,9,1,1.27,0.55,1.1941666666666666
14.9,2,13,19,9,1,0.74,1.83,1.1733333333333333
9.7,4,18,19,9,1,1.33,0.9,1.1695833333333334
1.4,5,19,19,9,1,0.81,0.22,1.2016666666666667
22.5,2,19,19,9,1,0.99,1.3,1.1849999999999998
1.0,1,21,19,9,1,0.9,0.46,1.2358333333333336
27.1,1,23,19,9,1,1.68,0.49,1.2562499999999999
32.6,2,23,19,9,1,0.98,0.55,1.3116666666666668
3.6,4,23,19,9,1,1.88,1.4,1.2720833333333335
36.7,5,1,20,9,2,0.45,1.12,1.2783333333333333
21.5,2,3,20,9,2,1.27,1.58,1.2608333333333335
5.9,3,3,20,9,2,1.16,1.52,1.2433333333333334
36.4,3,4,20,9,2,1.1,1.52,1.2166666666666666
14.9,5,4,20,9,2,0.88,1.91,1.1645833333333335
-5.4,1,5,20,9,2,0.66,0.53,1.1908333333333334
3.3,5,5,20,9,2,1.16,1.7,1.1454166666666667
32.0,5,6,20,9,2,0.61,0.78,1.1604166666666667
7.8,4,7,20,9,2,1.14,1.29,1.1779166666666667
14.9,2,10,20,9,2,1.71,1.95,1.1091666666666666
-4.1,1,12,20,9,2,0.3,1.61,1.1095833333333334
18.9,4,13,20,9,2,1.62,1.84,1.1154166666666667
8.7,1,13,20,9,2,1.98,0.36,1.1154166666666667
15.9,4,15,20,9,2,0.36,1.79,1.12125
16.3,4,15,20,9,2,1.93,1.27,1.1391666666666667
5.9,3,17,20,9,2,1.7,0.74,1.1558333333333333
19.3,5,19,20,9,2,1.14,1.33,1.155
20.3,3,19,20,9,2,1.31,0.81,1.1941666666666666
19.9,4,20,20,9,2,1.75,0.99,1.2254166666666666
29.5,4,21,20,9,2,1.74,0.9,1.2550000000000001
-0.0,4,23,20,9,2,1.61,1.68,1.2375
-9.5,4,23,20,9,2,1.26,0.98,1.2683333333333333
32.5,5,23,20,9,2,1.72,1.88,1.21
24.4,5,0,21,9,3,0.48,0.45,1.2133333333333332
-4.7,4,1,21,9,3,0.53,1.27,1.2125
-9.1,4,3,21,9,3,1.25,1.16,1.2154166666666666
15.8,2,3,21,9,3,1.23,1.1,1.2166666666666668
37.6,4,5,21,9,3,1.13,0.88,1.1895833333333332
-6.6,3,5,21,9,3,0.23,0.66,1.2162499999999998
38.8,2,8,21,9,3,1.3,1.16,1.2249999999999999
-3.2,4,10,21,9,3,1.37,0.61,1.2629166666666667
8.6,5,12,21,9,3,1.52,1.14,1.2320833333333334
4.1,3,15,21,9,3,0.4,1.71,1.2004166666666667
32.5,1,18,21,9,3,0.95,0.3,1.2533333333333334
-6.6,5,19,21,9,3,1.57,1.62,1.2354166666666666
-3.7,2,20,21,9,3,1.19,1.98,1.1670833333333333
-3.3,4,1,22,9,4,0.34,0.36,1.2241666666666666
21.6,3,2,22,9,4,1.73,1.93,1.1554166666666668
11.4,3,2,22,9,4,0.28,1.7,1.0945833333333332
-8.2,2,3,22,9,4,0.24,1.14,1.1220833333333333
10.0,1,3,22,9,4,1.8,1.31,1.1400000000000001
15.1,1,3,22,9,4,1.74,1.75,1.0825
26.1,4,3,22,9,4,0.37,1.74,1.0808333333333333
-2.0,5,3,22,9,4,1.7,1.61,1.0504166666666668
-3.8,3,5,22,9,4,0.88,1.26,1.0229166666666665
8.7,5,6,22,9,4,0.6,1.72,1.0262499999999999
19.0,5,7,22,9,4,1.8,0.48,1.0345833333333332
34.9,1,7,22,9,4,0.68,0.53,1.0570833333333334
16.9,4,7,22,9,4,1.07,1.25,1.0233333333333334
28.6,3,8,22,9,4,0.44,1.23,1.04875
36.3,3,9,22,9,4,1.84,1.13,1.0104166666666667
28.5,5,11,22,9,4,0.21,0.23,1.0483333333333336
20.2,3,12,22,9,4,1.14,1.3,1.0195833333333335
10.3,1,13,22,9,4,0.61,1.37,1.0404166666666665
-8.0,2,14,22,9,4,1.87,1.52,1.04625
24.4,5,14,22,9,4,1.66,0.4,1.1020833333333333
25.1,1,15,22,9,4,1.74,0.95,1.145
0.4,4,16,22,9,4,1.98,1.57,1.15625
33.3,3,16,22,9,4,1.84,1.19,1.1525
15.9,3,17,22,9,4,1.1,0.34,1.17375
29.0,1,18,22,9,4,0.85,1.73,1.1416666666666668
-5.5,1,20,22,9,4,0.96,0.28,1.2029166666666666
29.9,4,21,22,9,4,1.75,0.24,1.2066666666666668
1.1,2,22,22,9,4,0.33,1.8,1.1754166666666668
-5.4,3,23,22,9,4,1.05,1.74,1.1820833333333332
31.3,1,0,23,9,5,1.9,0.37,1.1945833333333333
23.8,5,0,23,9,5,0.67,1.7,1.1929166666666666
-7.9,3,2,23,9,5,1.66,0.88,1.2145833333333333
22.3,5,3,23,9,5,1.4,0.6,1.2166666666666668
-5.0,5,3,23,9,5,0.65,1.8,1.1970833333333333
26.7,2,4,23,9,5,1.33,0.68,1.2279166666666665
15.8,2,7,23,9,5,1.42,1.07,1.23
-3.8,2,7,23,9,5,1.12,0.44,1.2495833333333333
15.2,1,8,23,9,5,0.91,1.84,1.255
18.2,2,9,23,9,5,1.97,0.21,1.26125
37.0,3,9,23,9,5,0.36,1.14,1.2708333333333333
0.1,1,10,23,9,5,1.37,0.61,1.3074999999999999
13.7,4,12,23,9,5,1.49,1.87,1.2466666666666668
-6.2,2,13,23,9,5,0.41,1.66,1.1933333333333334
-6.7,3,14,23,9,5,0.38,1.74,1.1766666666666665
21.4,4,16,23,9,5,1.34,1.98,1.1416666666666666
4.7,1,17,23,9,5,1.14,1.84,1.0845833333333332
28.4,5,17,23,9,5,0.47,1.1,1.0595833333333333
20.4,2,18,23,9,5,0.5,0.85,1.1033333333333333
16.2,2,18,23,9,5,1.9,0.96,1.1341666666666665
2.7,5,18,23,9,5,1.7,1.75,1.0725
32.0,4,18,23,9,5,0.27,0.33,1.08625
21.0,1,19,23,9,5,0.66,1.05,1.1070833333333334
7.2,1,19,23,9,5,1.55,1.9,1.0904166666666668
21.0,5,21,23,9,5,1.5,0.67,1.1129166666666668
14.4,3,22,23,9,5,1.21,1.66,1.0779166666666666
31.7,5,22,23,9,5,0.82,1.4,1.05
-7.7,3,23,23,9,5,0.73,0.65,1.0895833333333333
-6.3,1,23,23,9,5,1.6,1.33,1.0483333333333333
-9.7,1,0,24,9,6,0.34,1.42,1.06
25.0,3,0,24,9,6,1.7,1.12,1.0829166666666667
9.9,4,2,24,9,6,1.67,0.91,1.0545833333333334
11.1,5,2,24,9,6,0.23,1.97,0.9900000000000001
21.3,5,2,24,9,6,0.42,0.36,0.9966666666666666
35.0,5,3,24,9,6,0.52,1.37,0.9954166666666667
17.1,4,3,24,9,6,1.34,1.49,0.9429166666666666
24.6,1,4,24,9,6,0.23,0.41,0.9958333333333332
40.0,5,5,24,9,6,1.68,0.38,1.0320833333333332
22.4,4,5,24,9,6,1.25,1.34,1.00375
8.6,3,7,24,9,6,0.66,1.14,1.03
28.6,3,8,24,9,6,1.77,0.47,1.01875
28.7,3,8,24,9,6,0.2,0.5,1.0141666666666667
13.2,5,10,24,9,6,0.39,1.9,0.945
0.8,2,11,24,9,6,0.24,1.7,0.8954166666666666
2.1,3,12,24,9,6,0.51,0.27,0.9383333333333334
-7.3,1,13,24,9,6,1.3,0.66,0.9333333333333332
-2.9,4,13,24,9,6,0.54,1.55,0.9187500000000001
25.6,3,14,24,9,6,1.2,1.5,0.9104166666666665
6.1,1,14,24,9,6,1.3,1.21,0.8770833333333333
-5.4,4,16,24,9,6,0.41,0.82,0.8529166666666668
21.2,3,17,24,9,6,0.24,0.73,0.9033333333333333
19.6,4,17,24,9,6,1.94,1.6,0.86875
24.7,3,19,24,9,6,0.77,0.34,0.8891666666666667
32.7,1,22,24,9,6,0.83,1.7,0.8408333333333333
-4.5,2,0,25,9,0,0.54,1.67,0.7883333333333332
0.6,3,2,25,9,0,0.41,0.23,0.8416666666666667
7.5,4,2,25,9,0,1.51,0.42,0.8666666666666667
-4.7,1,3,25,9,0,1.02,0.52,0.8858333333333334
27.4,5,3,25,9,0,0.98,1.34,0.8975
18.2,5,4,25,9,0,1.62,0.23,0.9645833333333335
21.0,3,4,25,9,0,1.84,1.68,0.90625
9.7,1,4,25,9,0,0.28,1.25,0.8679166666666668
31.6,4,5,25,9,0,0.33,0.66,0.8795833333333333
30.8,3,5,25,9,0,0.94,1.77,0.82625
14.1,3,8,25,9,0,0.49,0.2,0.8783333333333334
34.3,4,9,25,9,0,1.45,0.39,0.9020833333333335
18.1,2,10,25,9,0,0.96,0.24,0.9595833333333333
7.2,5,11,25,9,0,1.62,0.51,0.9562500000000002
10.1,3,12,25,9,0,0.43,1.3,0.9495833333333333
38.1,3,13,25,9,0,1.14,0.54,0.96875
18.6,5,13,25,9,0,1.0,1.2,0.9283333333333332
29.6,3,14,25,9,0,0.23,1.3,0.9341666666666667
5.1,2,14,25,9,0,1.44,0.41,0.9358333333333334
37.8,5,15,25,9,0,0.45,0.24,1.00125
5.8,5,16,25,9,0,1.81,1.94,0.9645833333333335
33.6,1,16,25,9,0,1.06,0.77,0.9666666666666668
0.1,5,16,25,9,0,0.82,0.83,0.9820833333333333
30.2,2,17,25,9,0,1.2,0.54,1.0170833333333333
31.3,2,18,25,9,0,1.38,0.41,1.08
29.6,3,20,25,9,0,1.92,1.51,1.08375
-3.6,4,20,25,9,0,1.6,1.02,1.11625
-1.5,3,21,25,9,0,1.8,0.98,1.1583333333333332
-1.2,1,22,25,9,0,1.99,1.62,1.1041666666666667
35.7,5,23,25,9,0,0.32,1.84,1.0716666666666665
13.5,1,0,26,9,1,1.06,0.28,1.1387500000000002
7.6,1,0,26,9,1,1.89,0.33,1.1816666666666666
9.1,3,0,26,9,1,1.36,0.94,1.1833333333333333
7.0,3,3,26,9,1,0.98,0.49,1.1754166666666666
35.0,1,3,26,9,1,0.3,1.45,1.1675
-4.7,1,3,26,9,1,1.26,0.96,1.1833333333333333
33.2,5,4,26,9,1,1.34,1.62,1.1658333333333333
22.5,5,5,26,9,1,1.2,0.43,1.1770833333333333
0.2,3,6,26,9,1,0.7,1.14,1.2066666666666668
-9.0,1,7,26,9,1,1.85,1.0,1.1770833333333333
3.9,4,8,26,9,1,0.29,0.23,1.17875
1.2,2,8,26,9,1,0.27,1.44,1.1458333333333333
30.9,4,10,26,9,1,0.65,0.45,1.1604166666666667
36.0,2,11,26,9,1,0.8,1.81,1.1595833333333334
16.0,5,12,26,9,1,1.79,1.06,1.13875
20.6,4,13,26,9,1,0.56,0.82,1.1333333333333333
12.8,2,13,26,9,1,0.69,1.2,1.1370833333333332
25.9,5,14,26,9,1,1.29,1.38,1.0958333333333334
-1.7,5,15,26,9,1,0.39,1.92,1.0475
2.5,4,15,26,9,1,0.76,1.6,1.0454166666666667
2.4,3,19,26,9,1,1.55,1.8,0.9995833333333334
-8.6,1,19,26,9,1,0.7,1.99,0.9579166666666666
29.4,5,21,26,9,1,0.99,0.32,0.97375
11.3,2,23,26,9,1,0.7,1.06,0.9795833333333333
32.6,5,0,27,9,2,1.2,1.89,0.9170833333333333
21.6,2,2,27,9,2,0.39,1.36,0.8808333333333334
-9.9,3,2,27,9,2,0.49,0.98,0.8616666666666667
8.5,4,4,27,9,2,0.52,0.3,0.9291666666666667
39.9,2,5,27,9,2,1.92,1.26,0.94125
13.2,4,5,27,9,2,1.55,1.34,0.9608333333333333
37.8,4,5,27,9,2,1.81,1.2,0.93
-3.4,3,5,27,9,2,0.46,0.7,0.9608333333333333
12.8,3,6,27,9,2,1.44,1.85,0.9091666666666667
-9.1,4,7,27,9,2,0.61,0.29,0.9470833333333334
36.3,5,8,27,9,2,1.2,0.27,0.9875000000000002
26.6,2,9,27,9,2,1.24,0.65,0.9879166666666667
-6.2,5,9,27,9,2,0.66,0.8,1.0033333333333332
0.3,4,10,27,9,2,1.17,1.79,0.9854166666666666
16.9,4,11,27,9,2,1.36,0.56,0.9866666666666667
25.3,4,11,27,9,2,0.59,0.69,0.9833333333333333
16.6,1,11,27,9,2,0.61,1.29,0.97125
0.3,1,11,27,9,2,1.0,0.39,1.0183333333333333
8.2,5,12,27,9,2,1.52,0.76,1.0095833333333333
9.7,5,14,27,9,2,0.55,1.55,1.0137500000000002
-7.1,2,15,27,9,2,1.65,0.7,1.0541666666666665
24.1,5,15,27,9,2,1.67,0.99,1.0679166666666666
-0.7,4,17,27,9,2,1.32,0.7,1.0920833333333333
36.1,2,18,27,9,2,1.28,1.2,1.1229166666666666
11.6,5,18,27,9,2,1.94,0.39,1.1695833333333334
-7.8,3,18,27,9,2,1.51,0.49,1.2304166666666665
-3.8,3,19,27,9,2,1.95,0.52,1.2329166666666667
-0.4,5,21,27,9,2,0.58,1.92,1.2275
13.5,5,21,27,9,2,1.79,1.55,1.2075
14.1,5,22,27,9,2,1.07,1.81,1.1604166666666667
-3.7,5,23,27,9,2,0.68,0.46,1.1791666666666667
35.4,2,0,28,9,3,0.91,1.44,1.1729166666666666
0.9,3,0,28,9,3,1.29,0.61,1.165
31.7,2,1,28,9,3,0.42,1.2,1.1658333333333333
36.9,2,1,28,9,3,1.22,1.24,1.1508333333333332
28.1,3,2,28,9,3,0.88,0.66,1.1429166666666666
21.2,3,2,28,9,3,0.47,1.17,1.1429166666666666
38.6,3,2,28,9,3,1.17,1.36,1.1199999999999999
20.6,3,3,28,9,3,0.81,0.59,1.1116666666666666
18.7,3,4,28,9,3,0.39,0.61,1.1291666666666667
25.9,1,4,28,9,3,1.03,1.0,1.1058333333333334
19.2,1,5,28,9,3,0.44,1.52,1.0791666666666668
35.8,5,6,28,9,3,0.88,0.55,1.1095833333333334
35.5,1,6,28,9,3,1.28,1.65,1.0824999999999998
-5.3,1,6,28,9,3,1.0,1.67,1.0491666666666666
12.0,3,9,28,9,3,0.87,1.32,1.0591666666666668
38.1,5,9,28,9,3,1.56,1.28,1.04
-9.5,4,9,28,9,3,0.82,1.94,0.9912500000000001
22.2,2,10,28,9,3,0.77,1.51,0.94875
9.0,1,10,28,9,3,0.49,1.95,0.93
5.4,5,11,28,9,3,1.5,0.58,0.9725
30.4,2,11,28,9,3,1.6,1.79,0.9229166666666666
-7.8,5,11,28,9,3,0.6,1.07,0.9025
26.5,1,12,28,9,3,0.58,0.68,0.90875
30.1,1,13,28,9,3,0.83,0.91,0.9354166666666667
19.1,5,15,28,9,3,1.55,1.29,0.9229166666666667
12.3,5,16,28,9,3,0.99,0.42,0.9345833333333333
-8.6,4,17,28,9,3,0.7,1.22,0.9387500000000001
7.0,5,17,28,9,3,1.32,0.88,0.9595833333333333
19.1,4,18,28,9,3,1.38,0.47,0.9933333333333333
39.8,2,18,28,9,3,1.28,1.17,1.0054166666666666
17.2,4,19,28,9,3,1.46,0.81,1.0504166666666668
7.3,2,20,28,9,3,1.89,0.39,1.0625
10.3,3,23,28,9,3,0.68,1.03,1.0345833333333332
15.4,5,0,29,9,4,0.36,0.44,1.0275
3.5,5,0,29,9,4,0.27,0.88,1.02375
8.5,1,0,29,9,4,0.79,1.28,0.9920833333333333
-2.9,4,2,29,9,4,0.52,1.0,1.00875
36.5,5,3,29,9,4,1.4,0.87,1.015
2.1,3,5,29,9,4,1.02,1.56,0.9737499999999999
8.3,5,5,29,9,4,0.57,0.82,0.9870833333333332
-1.9,5,5,29,9,4,1.14,0.77,1.0116666666666665
22.3,1,5,29,9,4,1.36,0.49,1.0558333333333334
-3.7,5,7,29,9,4,1.55,1.5,1.0070833333333333
22.6,4,8,29,9,4,0.33,1.6,0.9504166666666666
8.4,3,8,29,9,4,0.24,0.6,1.0041666666666667
14.6,5,8,29,9,4,1.89,0.58,1.0458333333333332
9.2,2,8,29,9,4,1.58,0.83,1.06875
25.1,1,11,29,9,4,1.38,1.55,1.0304166666666668
20.2,2,13,29,9,4,0.63,0.99,1.0487499999999998
-9.1,4,16,29,9,4,1.43,0.7,1.0804166666666666
-1.6,1,17,29,9,4,1.46,1.32,1.0608333333333333
14.3,3,18,29,9,4,0.85,1.38,1.0799999999999998
33.3,3,18,29,9,4,1.84,1.28,1.0441666666666667
29.5,2,19,29,9,4,0.42,1.46,0.9975
4.2,5,19,29,9,4,0.34,1.89,0.9575
27.2,4,20,29,9,4,0.93,0.68,0.98375
10.5,3,21,29,9,4,1.31,0.36,1.0104166666666667
25.6,5,22,29,9,4,1.0,0.27,1.0466666666666666
12.5,4,23,29,9,4,1.14,0.79,1.0316666666666665
4.0,4,0,30,9,5,0.43,0.52,1.0358333333333334
25.9,2,0,30,9,5,0.62,1.4,1.0125
4.8,3,3,30,9,5,0.84,1.02,1.0145833333333334
-3.7,3,4,30,9,5,1.07,0.57,1.0116666666666667
25.9,2,7,30,9,5,0.5,1.14,0.99375
-9.2,5,8,30,9,5,0.71,1.36,0.94625
21.8,2,9,30,9,5,0.22,1.55,0.9295833333333333
-4.3,4,9,30,9,5,1.15,0.33,0.9616666666666666
22.3,5,9,30,9,5,1.1,0.24,1.0079166666666668
-3.5,3,9,30,9,5,1.35,1.89,0.9983333333333334
15.7,1,9,30,9,5,1.66,1.58,1.0104166666666667
15.2,2,9,30,9,5,1.87,1.38,1.0174999999999998
2.9,1,10,30,9,5,1.55,0.63,1.0291666666666666
31.7,1,12,30,9,5,0.91,1.43,1.0133333333333334
3.9,1,12,30,9,5,1.05,1.46,0.9733333333333333
22.5,3,13,30,9,5,0.5,0.85,0.9608333333333334
-2.2,2,14,30,9,5,0.55,1.84,0.9283333333333333
24.2,5,14,30,9,5,1.06,0.42,0.9820833333333333
28.2,1,15,30,9,5,1.71,0.34,0.9929166666666668
10.6,4,16,30,9,5,0.6,0.93,1.0154166666666666
9.2,4,17,30,9,5,1.47,1.31,1.0166666666666668
-0.9,5,18,30,9,5,1.34,1.0,1.0179166666666668
25.1,1,18,30,9,5,1.03,1.14,1.0254166666666669
40.0,3,19,30,9,5,1.32,0.43,1.02625
21.8,4,20,30,9,5,0.45,0.62,1.0108333333333335
32.5,3,22,30,9,5,0.25,0.84,1.0416666666666667
16.9,1,22,30,9,5,1.58,1.07,1.0516666666666667
1.7,4,23,30,9,5,1.31,0.5,1.1120833333333333
-4.5,2,23,30,9,5,1.95,0.71,1.1279166666666667
10.4,5,0,1,10,6,1.09,0.22,1.1729166666666668
33.5,3,2,1,10,6,1.3,1.15,1.2033333333333334
-8.8,4,5,1,10,6,1.88,1.1,1.1979166666666667
39.5,5,5,1,10,6,0.97,1.35,1.1504166666666666
-6.9,1,5,1,10,6,0.21,1.66,1.16375
7.8,5,6,1,10,6,1.98,1.87,1.1275000000000002
16.9,3,6,1,10,6,1.0,1.55,1.0716666666666668
33.0,2,6,1,10,6,0.21,0.91,1.0595833333333333
-2.9,2,7,1,10,6,0.62,1.05,1.0279166666666668
11.0,2,7,1,10,6,0.29,0.5,1.0275
20.2,3,7,1,10,6,0.49,0.55,1.0245833333333334
35.6,5,7,1,10,6,0.48,1.06,1.0316666666666667
31.9,1,9,1,10,6,1.23,1.71,1.0270833333333333
29.9,4,10,1,10,6,1.6,0.6,1.0666666666666667
24.7,2,10,1,10,6,1.55,1.47,1.01875
0.3,5,11,1,10,6,0.32,1.34,1.0374999999999999
-1.1,3,12,1,10,6,1.79,1.03,1.0645833333333332
-4.6,5,12,1,10,6,1.68,1.32,1.0583333333333333
10.4,3,13,1,10,6,1.17,0.45,1.1079166666666667
-6.9,3,13,1,10,6,1.64,0.25,1.1670833333333333
10.6,3,13,1,10,6,1.67,1.58,1.1254166666666667
-9.7,2,14,1,10,6,0.58,1.31,1.12875
36.4,1,14,1,10,6,1.39,1.95,1.1291666666666667
7.8,3,16,1,10,6,1.96,1.09,1.0945833333333332
2.7,3,16,1,10,6,0.26,1.3,1.0645833333333332
4.2,3,18,1,10,6,0.58,1.88,1.0191666666666668
-3.4,2,18,1,10,6,0.79,0.97,0.9945833333333334
20.5,2,19,1,10,6,0.38,0.21,0.9970833333333333
19.8,4,20,1,10,6,0.27,1.98,0.9829166666666667
-3.5,4,20,1,10,6,1.64,1.0,1.0183333333333333
22.7,5,22,1,10,6,1.85,0.21,1.0633333333333332
-0.8,2,23,1,10,6,1.29,0.62,1.0566666666666666
10.3,1,0,2,10,0,0.46,0.29,1.0716666666666665
24.9,1,1,2,10,0,0.65,0.49,1.09625
6.2,3,1,2,10,0,1.08,0.48,1.0920833333333333
-2.6,2,2,2,10,0,0.38,1.23,1.0779166666666666
35.7,5,2,2,10,0,0.89,1.6,1.05125
-4.6,1,2,2,10,0,0.96,1.55,1.015
2.0,5,2,2,10,0,0.68,0.32,1.0620833333333335
24.7,2,3,2,10,0,1.45,1.79,1.0158333333333334
-8.1,5,3,2,10,0,0.68,1.68,0.9975
13.8,4,3,2,10,0,1.24,1.17,1.0262499999999999
13.5,2,4,2,10,0,1.86,1.64,0.9824999999999999
2.5,2,4,2,10,0,0.59,1.67,0.9670833333333334
13.5,2,7,2,10,0,1.3,0.58,0.9779166666666667
33.0,5,7,2,10,0,0.84,1.39,0.995
7.8,1,9,2,10,0,1.8,1.96,0.9920833333333334
-1.2,4,9,2,10,0,1.89,0.26,1.0174999999999998
34.0,3,13,2,10,0,0.87,0.58,1.0095833333333333
20.4,1,15,2,10,0,0.39,0.79,1.0216666666666667
-4.3,5,15,2,10,0,1.08,0.38,1.045
11.1,4,16,2,10,0,0.94,0.27,1.0779166666666666
18.7,4,16,2,10,0,1.06,1.64,1.0825
20.7,2,17,2,10,0,1.75,1.85,1.0450000000000002
27.0,3,17,2,10,0,0.95,1.29,1.0629166666666665
1.5,4,19,2,10,0,1.72,0.46,1.0745833333333334
-2.9,4,20,2,10,0,0.74,0.65,1.1025
17.1,4,20,2,10,0,1.32,1.08,1.1008333333333333
16.0,4,21,2,10,0,1.04,0.38,1.1304166666666666
-3.5,2,22,2,10,0,1.09,0.89,1.1608333333333334
5.1,1,23,2,10,0,1.62,0.96,1.1629166666666666
31.6,4,1,3,10,1,1.01,0.68,1.2020833333333334
24.5,4,1,3,10,1,1.62,1.45,1.1783333333333332
-4.4,3,2,3,10,1,0.88,0.68,1.16
26.4,5,2,3,10,1,0.24,1.24,1.1820833333333334
34.2,4,2,3,10,1,1.77,1.86,1.165
8.0,5,3,3,10,1,1.45,0.59,1.1566666666666667
2.6,2,3,3,10,1,0.39,1.3,1.1316666666666666
33.9,1,4,3,10,1,0.7,0.84,1.1225
-1.3,2,4,3,10,1,0.62,1.8,1.0574999999999999
20.0,2,6,3,10,1,0.24,1.89,1.0008333333333332
-2.8,4,7,3,10,1,0.53,0.87,1.0470833333333334
31.0,4,7,3,10,1,1.98,0.39,1.0504166666666668
8.5,3,8,3,10,1,0.47,1.08,1.0683333333333334
21.8,5,10,3,10,1,1.51,0.94,1.1070833333333334
4.1,5,11,3,10,1,1.87,1.06,1.1445833333333333
28.6,5,11,3,10,1,1.96,1.75,1.1091666666666666
38.3,4,12,3,10,1,0.9,0.95,1.1204166666666666
-4.2,2,13,3,10,1,1.22,1.72,1.1204166666666666
21.5,4,13,3,10,1,1.72,0.74,1.15
6.8,4,14,3,10,1,1.45,1.32,1.1308333333333334
27.1,5,15,3,10,1,0.86,1.04,1.1416666666666666
37.5,5,16,3,10,1,1.3,1.09,1.1408333333333334
-3.4,5,17,3,10,1,1.07,1.62,1.1083333333333332
18.7,4,18,3,10,1,0.84,1.01,1.1416666666666668
-3.8,2,18,3,10,1,1.81,1.62,1.1545833333333333
0.2,1,19,3,10,1,1.93,0.88,1.16
19.8,5,19,3,10,1,1.01,0.24,1.2295833333333333
11.7,1,20,3,10,1,1.91,1.77,1.1908333333333332
1.2,3,21,3,10,1,0.84,1.45,1.2108333333333332
23.8,3,23,3,10,1,1.93,0.39,1.2683333333333333
4.3,2,23,3,10,1,1.77,0.7,1.3091666666666668
-5.2,3,23,3,10,1,1.68,0.62,1.3020833333333333
-7.8,4,1,4,10,2,0.45,0.24,1.3375000000000001
13.2,4,1,4,10,2,1.09,0.53,1.3254166666666667
13.5,1,1,4,10,2,0.24,1.98,1.2695833333333333
19.4,2,4,4,10,2,0.64,0.47,1.3195833333333333
24.6,3,5,4,10,2,1.67,1.51,1.27125
25.3,1,5,4,10,2,0.35,1.87,1.2354166666666668
0.5,4,5,4,10,2,1.01,1.96,1.2095833333333335
6.9,3,6,4,10,2,1.34,0.9,1.22
33.8,3,6,4,10,2,1.15,1.22,1.2404166666666667
25.6,5,7,4,10,2,1.71,1.72,1.2083333333333333
27.0,2,7,4,10,2,0.95,1.45,1.1791666666666667
24.5,3,8,4,10,2,0.75,0.86,1.1524999999999999
28.8,4,8,4,10,2,0.22,1.3,1.13375
27.7,1,8,4,10,2,0.85,1.07,1.1270833333333334
-2.1,3,9,4,10,2,0.91,0.84,1.1658333333333333
20.8,4,9,4,10,2,1.77,1.81,1.1724999999999999
-7.8,5,10,4,10,2,1.97,1.93,1.1333333333333333
26.9,4,11,4,10,2,0.99,1.01,1.1529166666666668
-4.7,5,11,4,10,2,1.48,1.91,1.0904166666666668
35.7,1,11,4,10,2,0.41,0.84,1.0683333333333334
32.1,5,13,4,10,2,0.31,1.93,0.9966666666666667
23.6,1,13,4,10,2,0.21,1.77,0.9966666666666666
36.9,2,14,4,10,2,1.77,1.68,0.98
16.6,1,15,4,10,2,1.28,0.45,0.9816666666666666
7.5,1,17,4,10,2,0.49,1.09,1.0179166666666666
5.7,2,18,4,10,2,1.96,0.24,1.0270833333333333
27.6,4,19,4,10,2,0.46,0.64,1.06375
-9.2,2,21,4,10,2,1.52,1.67,1.045
30.0,5,22,4,10,2,1.22,0.35,1.0583333333333333
1.7,3,1,5,10,3,0.67,1.01,1.0262499999999999
31.7,3,1,5,10,3,0.24,1.34,1.0016666666666667
39.4,2,2,5,10,3,0.75,1.15,1.0058333333333334
-5.4,2,3,5,10,3,1.25,1.71,0.9458333333333333
13.3,5,6,5,10,3,0.27,0.95,0.9520833333333334
2.1,2,9,5,10,3,1.1,0.75,0.9704166666666666
39.8,1,10,5,10,3,1.19,0.22,1.0320833333333335
4.1,2,15,5,10,3,1.7,0.85,1.02875
22.7,1,16,5,10,3,0.77,0.91,1.0525
-2.9,3,16,5,10,3,1.48,1.77,1.0374999999999999
36.9,1,18,5,10,3,1.41,1.97,1.0075
-2.5,5,22,5,10,3,1.25,0.99,0.9866666666666667
39.6,5,22,5,10,3,0.49,1.48,0.9587499999999999
1.4,5,22,5,10,3,0.81,0.41,0.9504166666666666
1.7,1,23,5,10,3,0.21,0.31,0.98
-4.9,2,0,6,10,4,1.02,0.21,1.0541666666666667
13.4,4,1,6,10,4,1.99,1.77,1.0570833333333334
21.5,2,1,6,10,4,1.84,1.28,1.0287499999999998
16.2,1,1,6,10,4,0.6,0.49,1.0329166666666667
-9.0,4,4,6,10,4,0.59,1.96,1.0133333333333334
31.9,4,4,6,10,4,1.49,0.46,1.0374999999999999
15.2,2,5,6,10,4,1.04,1.52,1.04625
36.8,4,5,6,10,4,1.73,1.22,1.0225
32.7,5,7,6,10,4,0.65,0.67,1.045
22.5,3,7,6,10,4,1.21,0.24,1.06125
13.9,1,8,6,10,4,0.63,0.75,1.07875
19.9,5,8,6,10,4,1.17,1.25,1.07875
-6.8,5,9,6,10,4,1.25,0.27,1.0770833333333334
20.9,2,9,6,10,4,0.23,1.1,1.0470833333333334
34.4,1,11,6,10,4,0.38,1.19,1.0583333333333333
22.7,4,11,6,10,4,1.46,1.7,1.0474999999999999
5.1,3,11,6,10,4,1.44,0.77,1.0587499999999999
-5.0,2,12,6,10,4,1.04,1.48,1.0525
6.4,3,12,6,10,4,1.33,1.41,1.0208333333333333
16.8,1,12,6,10,4,0.65,1.25,0.9841666666666667
26.5,2,12,6,10,4,0.37,0.49,1.0295833333333333
-1.0,5,12,6,10,4,1.58,0.81,1.0158333333333334
37.5,4,15,6,10,4,0.48,0.21,1.0220833333333335
18.3,3,15,6,10,4,0.36,1.02,1.0191666666666668
1.8,3,15,6,10,4,0.95,1.99,1.0033333333333332
-1.3,4,17,6,10,4,1.61,1.84,0.9758333333333332
4.7,5,17,6,10,4,1.18,0.6,0.97375
37.0,5,17,6,10,4,0.55,0.59,1.0208333333333333
31.7,5,19,6,10,4,1.72,1.49,1.0320833333333332
13.1,1,19,6,10,4,1.76,1.04,0.9991666666666666
23.0,4,21,6,10,4,0.25,1.73,0.9466666666666667
34.9,5,23,6,10,4,0.47,0.65,0.9608333333333334
4.6,5,23,6,10,4,0.99,1.21,0.9908333333333333
19.9,2,23,6,10,4,1.93,0.63,1.01875
16.0,3,23,6,10,4,1.3,1.17,1.0054166666666666
11.6,2,0,7,10,5,0.85,1.25,0.98
23.6,3,0,7,10,5,0.64,0.23,1.0420833333333333
0.1,3,1,7,10,5,1.72,0.38,1.0691666666666666
30.5,1,1,7,10,5,1.03,1.46,1.0254166666666666
36.5,1,2,7,10,5,0.41,1.44,1.0429166666666667
32.1,5,3,7,10,5,1.86,1.04,1.0450000000000002
1.1,3,3,7,10,5,1.09,1.33,1.0033333333333332
-0.2,1,5,7,10,5,0.33,0.65,0.9958333333333335
27.0,5,5,7,10,5,0.47,0.37,0.9979166666666667
2.0,5,5,7,10,5,0.42,1.58,1.0070833333333333
25.2,3,7,7,10,5,1.8,0.48,1.0620833333333333
32.0,4,8,7,10,5,1.8,0.36,1.1133333333333333
3.3,3,11,7,10,5,1.59,0.95,1.1329166666666666
13.5,3,11,7,10,5,1.42,1.61,1.1058333333333332
5.3,5,11,7,10,5,0.96,1.18,1.1308333333333334
12.6,5,13,7,10,5,1.78,0.55,1.1758333333333333
0.8,3,16,7,10,5,1.63,1.72,1.1816666666666666
25.5,4,16,7,10,5,1.86,1.76,1.125
2.6,1,17,7,10,5,0.4,0.25,1.1395833333333332
5.9,2,18,7,10,5,0.6,0.47,1.1916666666666667
4.6,1,20,7,10,5,1.72,0.99,1.1716666666666666
3.2,4,20,7,10,5,0.51,1.93,1.1224999999999998
9.4,4,20,7,10,5,0.75,1.3,1.1366666666666667
33.0,5,21,7,10,5,1.64,0.85,1.16
22.2,3,22,7,10,5,1.41,0.64,1.1670833333333333
22.9,5,22,7,10,5,0.81,1.72,1.17625
34.6,4,23,7,10,5,1.94,1.03,1.18375
38.9,1,23,7,10,5,1.21,0.41,1.1933333333333334
37.5,2,0,8,10,6,0.64,1.86,1.1929166666666666
7.6,4,0,8,10,6,1.85,1.09,1.1691666666666667
11.7,4,1,8,10,6,0.52,0.33,1.1745833333333333
36.9,1,1,8,10,6,0.46,0.47,1.18875
39.4,5,1,8,10,6,0.81,0.42,1.1875
12.2,2,2,8,10,6,0.39,1.8,1.1245833333333335
24.6,5,2,8,10,6,0.29,1.8,1.12875
-4.6,1,2,8,10,6,1.9,1.59,1.0895833333333333
38.2,4,2,8,10,6,0.65,1.42,1.0795833333333331
20.7,2,3,8,10,6,1.18,0.96,1.1020833333333333
10.4,3,3,8,10,6,1.5,1.78,1.0454166666666667
31.1,1,3,8,10,6,0.42,1.63,1.02875
-4.9,5,5,8,10,6,1.23,1.86,0.9983333333333334
24.8,4,5,8,10,6,1.13,0.4,1.0170833333333333
23.7,5,7,8,10,6,0.85,0.6,1.0683333333333334
36.9,3,8,8,10,6,1.83,1.72,1.0687499999999999
19.8,1,8,8,10,6,1.73,0.51,1.0883333333333334
8.7,5,8,8,10,6,0.98,0.75,1.10125
-8.6,1,9,8,10,6,1.06,1.64,1.0725
26.8,4,11,8,10,6,0.95,1.41,1.0520833333333333
6.6,2,12,8,10,6,0.92,0.81,1.0820833333333335
-1.5,5,13,8,10,6,1.53,1.94,1.0691666666666666
-1.5,5,14,8,10,6,1.63,1.21,1.0599999999999998
2.4,5,15,8,10,6,0.99,0.64,1.1154166666666667
-0.3,2,16,8,10,6,1.97,1.85,1.0933333333333335
13.2,3,16,8,10,6,1.32,0.52,1.1179166666666667
-6.1,1,17,8,10,6,1.11,0.46,1.1166666666666667
2.4,2,18,8,10,6,0.43,0.81,1.1325
1.8,5,20,8,10,6,1.19,0.39,1.12625
32.3,3,21,8,10,6,0.24,0.29,1.1466666666666667
18.3,5,22,8,10,6,0.78,1.9,1.0945833333333332
-4.1,5,22,8,10,6,0.65,0.65,1.10125
-9.3,1,0,9,10,0,0.81,1.18,1.0962500000000002
-0.5,5,2,9,10,0,1.06,1.5,1.1058333333333334
-0.8,5,2,9,10,0,1.73,0.42,1.1679166666666667
12.3,1,2,9,10,0,1.91,1.23,1.1979166666666667
3.8,4,6,9,10,0,1.95,1.13,1.1608333333333334
8.0,4,6,9,10,0,0.24,0.85,1.2049999999999998
11.6,4,7,9,10,0,1.91,1.83,1.18875
3.9,4,7,9,10,0,1.44,1.73,1.1391666666666667
28.9,4,7,9,10,0,0.54,0.98,1.14875
10.5,3,8,9,10,0,1.21,1.06,1.1654166666666665
39.2,4,8,9,10,0,1.46,0.95,1.1820833333333334
10.9,4,9,9,10,0,1.35,0.92,1.2220833333333332
-9.2,3,10,9,10,0,1.88,1.53,1.21125
-6.6,2,10,9,10,0,1.27,1.63,1.1933333333333334
35.6,1,12,9,10,0,1.2,0.99,1.2220833333333334
30.3,5,14,9,10,0,1.68,1.97,1.1758333333333333
2.5,1,14,9,10,0,0.86,1.32,1.1683333333333332
16.4,4,15,9,10,0,1.14,1.11,1.1424999999999998
-3.9,1,16,9,10,0,0.49,0.43,1.1804166666666667
17.3,1,17,9,10,0,1.34,1.19,1.1591666666666667
15.7,2,20,9,10,0,0.68,0.24,1.2179166666666668
33.1,1,20,9,10,0,1.65,0.78,1.2191666666666665
5.1,3,20,9,10,0,0.81,0.65,1.25
-1.5,2,20,9,10,0,1.39,0.81,1.2920833333333335
31.0,4,21,9,10,0,1.82,1.06,1.3187499999999999
-9.3,5,21,9,10,0,1.7,1.73,1.2758333333333332
14.2,5,21,9,10,0,0.7,1.91,1.2333333333333332
-0.8,5,22,9,10,0,0.89,1.95,1.2325
5.9,3,22,9,10,0,1.93,0.24,1.2520833333333334
10.3,2,23,9,10,0,0.71,1.91,1.2245833333333334
21.9,4,23,9,10,0,1.25,1.44,1.20375
18.3,4,0,10,10,1,0.94,0.54,1.1916666666666667
8.1,3,0,10,10,1,0.25,1.21,1.2170833333333333
19.6,1,0,10,10,1,1.82,1.46,1.2070833333333335
-7.0,2,1,10,10,1,1.22,1.35,1.16625
12.4,5,1,10,10,1,0.37,1.88,1.1404166666666666
3.4,1,1,10,10,1,1.26,1.27,1.1041666666666667
-5.4,3,2,10,10,1,0.4,1.2,1.0675
5.3,1,3,10,10,1,0.32,1.68,1.0287499999999998
2.1,3,4,10,10,1,0.75,0.86,1.0395833333333333
28.1,4,4,10,10,1,1.12,1.14,1.0279166666666666
4.7,5,4,10,10,1,0.86,0.49,1.02125
5.6,2,5,10,10,1,0.33,1.34,1.0291666666666666
13.4,3,5,10,10,1,1.53,0.68,1.0595833333333333
24.7,4,5,10,10,1,1.41,1.65,1.0695833333333333
13.1,1,5,10,10,1,1.89,0.81,1.0475
8.5,1,6,10,10,1,0.28,1.39,1.06625
25.7,1,7,10,10,1,1.84,1.82,1.0220833333333332
-1.0,5,7,10,10,1,0.76,1.7,0.9770833333333333
-3.7,5,8,10,10,1,0.62,0.7,0.9708333333333333
2.2,2,8,10,10,1,0.55,0.89,0.9550000000000001
-8.6,4,10,10,10,1,0.51,1.93,0.9029166666666667
20.8,1,10,10,10,1,0.68,0.71,0.91
-0.4,3,11,10,10,1,0.88,1.25,0.8875000000000001
0.3,4,11,10,10,1,0.71,0.94,0.9249999999999999
29.6,5,11,10,10,1,1.84,0.25,0.9933333333333335
8.0,5,12,10,10,1,1.89,1.82,0.95375
22.1,5,13,10,10,1,0.87,1.22,0.9166666666666666
36.6,5,14,10,10,1,0.33,0.37,0.9316666666666668
9.3,4,14,10,10,1,0.73,1.26,0.9
29.5,1,17,10,10,1,0.5,0.4,0.8945833333333334
31.1,2,20,10,10,1,0.27,0.32,0.9075000000000001
19.7,1,20,10,10,1,0.63,0.75,0.9595833333333333
32.2,4,22,10,10,1,2.0,1.12,0.9862500000000001
31.3,2,23,10,10,1,1.76,0.86,1.0016666666666667
-5.2,1,0,11,10,2,1.23,0.33,1.0191666666666666
-0.1,5,0,11,10,2,0.75,1.53,1.0225000000000002
27.7,1,1,11,10,2,1.61,1.41,0.9916666666666667
25.4,1,3,11,10,2,0.67,1.89,0.9404166666666667
34.8,3,4,11,10,2,0.66,0.28,0.9729166666666668
33.1,3,4,11,10,2,1.06,1.84,0.9779166666666667
11.4,3,5,11,10,2,1.96,0.76,0.9966666666666667
-5.2,2,5,11,10,2,1.21,0.62,0.9983333333333334
18.5,2,7,11,10,2,0.66,0.55,1.0354166666666667
13.2,2,7,11,10,2,1.44,0.51,1.0579166666666666
8.8,3,9,11,10,2,1.05,0.68,1.0995833333333334
-6.2,4,9,11,10,2,1.68,0.88,1.0858333333333332
36.1,2,10,11,10,2,0.55,0.71,1.1195833333333332
-8.5,2,10,11,10,2,1.52,1.84,1.1154166666666667
29.7,3,11,11,10,2,1.74,1.89,1.0712499999999998
28.5,2,12,11,10,2,0.83,0.87,1.04875
36.8,5,13,11,10,2,0.33,0.33,1.0791666666666666
6.0,3,13,11,10,2,1.06,0.73,1.0841666666666667
18.5,2,16,11,10,2,0.85,0.5,1.1145833333333333
3.4,1,16,11,10,2,1.23,0.27,1.1595833333333332
8.5,3,17,11,10,2,1.35,0.63,1.1729166666666666
4.6,5,18,11,10,2,0.95,2.0,1.1479166666666667
26.7,1,19,11,10,2,1.4,1.76,1.115
-3.6,4,20,11,10,2,0.97,1.23,1.0870833333333334
17.7,1,21,11,10,2,0.56,0.75,1.0925
-6.2,5,0,12,10,3,0.88,1.61,1.0399999999999998
34.5,4,0,12,10,3,0.35,0.67,1.0225
-9.2,2,3,12,10,3,0.25,0.66,1.0425
23.4,4,3,12,10,3,1.14,1.06,1.0575
10.7,2,4,12,10,3,1.42,1.96,1.0404166666666665
24.5,3,5,12,10,3,1.55,1.21,1.0408333333333333
15.6,2,7,12,10,3,1.22,0.66,1.0945833333333332
33.8,3,7,12,10,3,1.95,1.44,1.0512499999999998
21.0,4,9,12,10,3,0.4,1.05,1.05125
-0.8,5,9,12,10,3,1.05,1.68,1.01
-4.4,3,9,12,10,3,0.69,0.55,0.9958333333333335
35.9,1,10,12,10,3,0.21,1.52,0.9616666666666668
21.5,2,11,12,10,3,0.7,1.74,0.92375
12.4,3,11,12,10,3,0.83,0.83,0.96875
13.3,3,11,12,10,3,1.91,0.33,1.0266666666666666
7.8,4,11,12,10,3,1.72,1.06,1.0141666666666667
8.3,4,12,12,10,3,0.76,0.85,0.9916666666666666
37.2,3,14,12,10,3,0.31,1.23,1.0129166666666667
-3.0,4,15,12,10,3,1.74,1.35,1.0104166666666667
-2.6,3,17,12,10,3,1.29,0.95,1.03
38.3,1,17,12,10,3,1.42,1.4,1.0154166666666666
16.6,5,18,12,10,3,1.05,0.97,1.0541666666666667
16.4,1,20,12,10,3,1.9,0.56,1.0520833333333333
18.7,2,21,12,10,3,0.51,0.88,1.0883333333333332
11.5,5,23,12,10,3,1.75,0.35,1.1516666666666666
9.9,4,23,12,10,3,1.87,0.25,1.2241666666666668
21.5,2,0,13,10,4,1.99,1.14,1.22875
11.2,5,0,13,10,4,1.25,1.42,1.2208333333333332
16.6,2,0,13,10,4,1.23,1.55,1.1716666666666666
39.0,1,1,13,10,4,0.37,1.22,1.1879166666666665
20.6,1,1,13,10,4,1.61,1.95,1.1354166666666667
30.5,4,3,13,10,4,0.69,0.4,1.1979166666666667
17.3,5,4,13,10,4,1.9,1.05,1.195
14.9,3,4,13,10,4,0.98,0.69,1.2016666666666667
22.7,1,4,13,10,4,0.85,0.21,1.2508333333333332
14.2,4,8,13,10,4,1.39,0.7,1.2679166666666666
2.9,5,9,13,10,4,1.11,0.83,1.2716666666666667
-1.7,3,11,13,10,4,0.92,1.91,1.2179166666666668
28.9,4,12,13,10,4,0.62,1.72,1.2045833333333331
-6.3,4,13,13,10,4,1.4,0.76,1.2045833333333333
7.2,5,14,13,10,4,0.76,0.31,1.2558333333333334
0.9,2,15,13,10,4,1.54,1.74,1.2116666666666667
36.6,5,15,13,10,4,0.68,1.29,1.2404166666666667
12.1,3,16,13,10,4,1.98,1.42,1.2358333333333333
22.8,3,16,13,10,4,1.31,1.05,1.2208333333333332
-3.7,4,16,13,10,4,0.69,1.9,1.2179166666666668
31.1,2,17,13,10,4,1.83,0.51,1.2291666666666667
21.6,4,18,13,10,4,0.78,1.75,1.2058333333333333
1.6,3,19,13,10,4,1.19,1.87,1.1820833333333334
13.8,4,20,13,10,4,1.3,1.99,1.16125
38.6,1,21,13,10,4,1.49,1.25,1.1762499999999998
24.4,5,21,13,10,4,1.61,1.23,1.1979166666666667
-9.4,1,22,13,10,4,1.75,0.37,1.25375
13.4,5,23,13,10,4,1.71,1.61,1.2329166666666667
10.7,5,23,13,10,4,1.11,0.69,1.2175
26.7,2,1,14,10,5,0.32,1.9,1.1870833333333335
12.7,1,1,14,10,5,1.17,0.98,1.1683333333333334
33.5,2,1,14,10,5,0.53,0.85,1.1508333333333334
30.6,1,2,14,10,5,0.43,1.39,1.1633333333333333
-6.3,1,3,14,10,5,1.69,1.11,1.1616666666666666
39.7,3,5,14,10,5,1.07,0.92,1.1383333333333334
5.8,3,5,14,10,5,0.36,0.62,1.16875
23.1,5,5,14,10,5,1.35,1.4,1.1825
24.3,1,6,14,10,5,1.73,0.76,1.2166666666666666
35.9,2,6,14,10,5,1.58,1.54,1.1858333333333333
5.6,5,6,14,10,5,0.8,0.68,1.1929166666666668
-1.9,2,7,14,10,5,0.85,1.98,1.1925000000000001
34.0,4,8,14,10,5,1.97,1.31,1.1849999999999998
3.4,3,8,14,10,5,1.13,0.69,1.1729166666666668
-2.3,4,9,14,10,5,0.4,1.83,1.1108333333333333
4.8,3,10,14,10,5,0.34,0.78,1.14125
26.8,2,10,14,10,5,1.51,1.19,1.1529166666666668
-2.1,5,11,14,10,5,1.47,1.3,1.1725
7.6,2,11,14,10,5,1.77,1.49,1.14625
31.4,1,12,14,10,5,0.86,1.61,1.1229166666666666
3.5,5,12,14,10,5,1.05,1.75,1.08
25.7,1,12,14,10,5,0.72,1.71,1.0391666666666668
27.9,3,13,14,10,5,0.73,1.11,1.00625
38.0,1,14,14,10,5,0.32,0.32,1.0595833333333333
8.1,5,14,14,10,5,1.6,1.17,1.0354166666666667
11.0,1,15,14,10,5,0.59,0.53,1.0820833333333333
13.8,2,17,14,10,5,1.65,0.43,1.0816666666666666
37.9,4,17,14,10,5,0.42,1.69,1.09
39.2,4,18,14,10,5,1.89,1.07,1.0808333333333333
9.1,2,18,14,10,5,0.85,0.36,1.10625
13.8,2,18,14,10,5,0.97,1.35,1.0966666666666667
18.2,5,20,14,10,5,1.12,1.73,1.0404166666666665
27.1,2,20,14,10,5,0.38,1.58,1.0433333333333332
26.7,1,20,14,10,5,1.65,0.8,1.0887499999999999
-6.8,1,23,14,10,5,1.89,0.85,1.1170833333333332
35.7,2,2,15,10,6,1.53,1.97,1.0579166666666666
-4.7,3,2,15,10,6,0.55,1.13,1.0841666666666667
8.0,2,3,15,10,6,1.76,0.4,1.14625
14.0,1,4,15,10,6,1.89,0.34,1.1666666666666667
-0.1,5,4,15,10,6,0.83,1.51,1.1441666666666668
33.5,3,5,15,10,6,0.97,1.47,1.15
32.7,1,5,15,10,6,1.61,1.77,1.14375
-0.5,2,7,15,10,6,1.62,0.86,1.1233333333333333
31.1,4,9,15,10,6,0.37,1.05,1.1429166666666666
37.5,1,9,15,10,6,1.52,0.72,1.1270833333333334
5.8,5,9,15,10,6,0.34,0.73,1.1424999999999998
14.7,4,10,15,10,6,1.1,0.32,1.1529166666666666
19.0,2,11,15,10,6,0.57,1.6,1.1483333333333334
-7.4,3,11,15,10,6,1.49,0.59,1.1654166666666665
19.4,2,15,15,10,6,1.0,1.65,1.15875
0.9,2,17,15,10,6,1.49,0.42,1.1504166666666669
33.1,1,18,15,10,6,0.22,1.89,1.1541666666666666
25.7,1,19,15,10,6,1.98,0.85,1.1345833333333333
24.1,1,20,15,10,6,0.38,0.97,1.14125
11.2,1,21,15,10,6,1.13,1.12,1.1295833333333334
13.4,1,23,15,10,6,0.84,0.38,1.1329166666666668
9.4,1,0,16,10,0,0.46,1.65,1.10125
17.8,4,0,16,10,0,0.89,1.89,1.0895833333333333
2.4,1,0,16,10,0,1.61,1.53,1.0995833333333334
22.1,1,1,16,10,0,1.77,0.55,1.1091666666666666
18.6,5,1,16,10,0,0.78,1.76,1.0895833333333333
6.1,1,2,16,10,0,1.29,1.89,1.0816666666666668
3.8,1,2,16,10,0,1.7,0.83,1.0779166666666666
30.1,1,4,16,10,0,0.74,0.97,1.0704166666666668
4.2,5,4,16,10,0,0.79,1.61,1.0720833333333333
30.6,4,4,16,10,0,1.65,1.62,1.0675000000000001
38.7,2,5,16,10,0,1.51,0.37,1.07625
0.9,3,5,16,10,0,0.58,1.52,1.0566666666666666
12.2,2,6,16,10,0,1.05,0.34,1.0795833333333333
7.8,5,6,16,10,0,0.89,1.1,1.0870833333333334
16.3,3,7,16,10,0,1.28,0.57,1.1029166666666668
24.9,5,7,16,10,0,0.95,1.49,1.0704166666666666
2.6,2,7,16,10,0,0.71,1.0,1.05875
2.5,4,9,16,10,0,0.72,1.49,1.0520833333333333
34.5,4,9,16,10,0,1.33,0.22,1.1129166666666666
39.2,1,9,16,10,0,1.68,1.98,1.055
-1.8,4,11,16,10,0,0.59,0.38,1.0479166666666666
-3.9,2,11,16,10,0,0.21,1.13,1.0570833333333334
-3.9,2,14,16,10,0,1.35,0.84,1.07375
20.7,3,15,16,10,0,1.24,0.46,1.1020833333333333
35.8,5,17,16,10,0,1.14,0.89,1.1216666666666668
29.2,3,20,16,10,0,1.36,1.61,1.115
-9.5,5,20,16,10,0,1.45,1.77,1.1158333333333335
-3.8,3,21,16,10,0,1.79,0.78,1.1029166666666665
-6.3,1,21,16,10,0,0.47,1.29,1.085
7.0,5,21,16,10,0,0.86,1.7,1.04625
39.0,4,22,16,10,0,0.77,0.74,1.0795833333333333
15.1,4,23,16,10,0,1.54,0.79,1.1016666666666666
22.1,4,23,16,10,0,1.32,1.65,1.1133333333333333
-9.0,4,23,16,10,0,1.93,1.51,1.085
1.0,4,0,17,10,1,0.83,0.58,1.14125
25.6,3,0,17,10,1,1.93,1.05,1.1679166666666667
36.1,4,1,17,10,1,1.69,0.89,1.18375
26.7,2,1,17,10,1,1.27,1.28,1.2058333333333333
15.0,3,1,17,10,1,1.81,0.95,1.2145833333333333
1.0,4,2,17,10,1,1.16,0.71,1.2212500000000002
32.5,3,3,17,10,1,0.87,0.72,1.2233333333333334
-5.5,1,5,17,10,1,0.77,1.33,1.2283333333333333
13.6,3,5,17,10,1,1.45,1.68,1.1883333333333332
25.3,5,6,17,10,1,0.72,0.59,1.2108333333333334
39.3,4,9,17,10,1,1.13,0.21,1.2270833333333333
38.8,1,11,17,10,1,0.6,1.35,1.22375
26.7,3,11,17,10,1,1.27,1.24,1.2408333333333335
11.0,4,11,17,10,1,1.65,1.14,1.2529166666666667
-10.0,5,13,17,10,1,1.43,1.36,1.2479166666666666
35.8,2,17,17,10,1,1.24,1.45,1.2041666666666668
23.9,5,18,17,10,1,0.4,1.79,1.1641666666666666
-2.1,2,19,17,10,1,0.83,0.47,1.20125
29.4,5,20,17,10,1,1.36,0.86,1.19125
34.7,3,0,18,10,2,0.62,0.77,1.2320833333333334
5.8,5,2,18,10,2,1.75,1.54,1.2016666666666667
32.2,4,2,18,10,2,0.81,1.32,1.1816666666666666
15.8,1,3,18,10,2,0.84,1.93,1.1558333333333335
34.6,2,3,18,10,2,1.31,0.83,1.1516666666666666
-4.6,3,3,18,10,2,0.73,1.93,1.0908333333333333
36.5,1,5,18,10,2,0.47,1.69,1.0716666666666668
33.7,2,5,18,10,2,1.23,1.27,1.065
23.9,5,6,18,10,2,1.11,1.81,1.0645833333333334
6.3,5,8,18,10,2,1.8,1.16,1.03375
23.9,4,9,18,10,2,0.42,0.87,1.0374999999999999
31.7,3,10,18,10,2,0.96,0.77,1.0145833333333332
-5.1,2,12,18,10,2,0.22,1.45,0.9679166666666666
-6.4,5,15,18,10,2,0.33,0.72,0.9908333333333333
-3.4,1,15,18,10,2,1.27,1.13,1.0033333333333332
29.2,5,16,18,10,2,1.43,0.6,1.0120833333333332
-0.7,5,16,18,10,2,0.81,1.27,1.0025000000000002
39.4,5,16,18,10,2,1.04,1.65,0.9545833333333333
3.2,4,17,18,10,2,0.5,1.43,0.9474999999999999
3.5,2,17,18,10,2,1.26,1.24,0.9079166666666666
6.6,1,18,18,10,2,0.29,0.4,0.9337499999999999
37.0,3,19,18,10,2,1.02,0.83,0.9279166666666666
-2.2,1,19,18,10,2,0.69,1.36,0.9258333333333333
-2.9,4,20,18,10,2,1.31,0.62,0.9208333333333334
35.3,2,20,18,10,2,0.5,1.75,0.9295833333333333
4.9,5,21,18,10,2,1.96,0.81,0.9720833333333334
0.5,4,21,18,10,2,1.83,0.84,0.96125
4.6,2,21,18,10,2,0.58,1.31,0.9787499999999999
9.2,2,22,18,10,2,1.73,0.73,0.9745833333333332
4.1,5,22,18,10,2,0.63,0.47,0.97625
21.9,5,23,18,10,2,0.51,1.23,1.0
23.0,5,0,19,10,3,1.8,1.11,0.9787499999999999
7.2,4,1,19,10,3,0.6,1.8,0.9220833333333333
28.6,2,3,19,10,3,0.44,0.42,0.9783333333333334
26.7,2,3,19,10,3,1.77,0.96,0.9854166666666666
23.3,5,4,19,10,3,1.13,0.22,1.01875
-9.4,2,4,19,10,3,1.02,0.33,1.0841666666666667
19.0,5,5,19,10,3,1.9,1.27,1.10625
29.2,1,6,19,10,3,1.8,1.43,1.1199999999999999
7.4,3,7,19,10,3,1.76,0.81,1.15125
38.0,2,7,19,10,3,1.56,1.04,1.1708333333333332
26.5,1,8,19,10,3,1.51,0.5,1.2079166666666665
20.2,1,8,19,10,3,1.39,1.26,1.1812500000000001
-0.9,3,8,19,10,3,0.62,0.29,1.19125
-1.7,2,9,19,10,3,0.53,1.02,1.20625
-9.1,2,9,19,10,3,1.38,0.69,1.2045833333333333
24.0,4,9,19,10,3,0.65,1.31,1.2316666666666667
39.9,3,9,19,10,3,1.96,0.5,1.2933333333333334
18.9,2,11,19,10,3,1.98,1.96,1.2879166666666666
-0.5,2,12,19,10,3,1.83,1.83,1.22625
26.7,2,13,19,10,3,0.35,0.58,1.2625
2.5,2,13,19,10,3,1.45,1.73,1.2449999999999999
28.1,4,13,19,10,3,1.31,0.63,1.2333333333333334
3.9,5,15,19,10,3,0.35,0.51,1.2758333333333332
-7.6,3,18,19,10,3,1.53,1.8,1.2195833333333332
29.1,5,18,19,10,3,0.45,0.6,1.22875
19.3,5,18,19,10,3,0.82,0.44,1.2820833333333332
17.6,2,21,19,10,3,1.72,1.77,1.2833333333333334
14.2,1,21,19,10,3,1.8,1.13,1.3004166666666668
-0.3,3,22,19,10,3,1.54,1.02,1.2829166666666667
38.7,4,23,19,10,3,0.6,1.9,1.2658333333333334
-5.7,1,0,20,10,4,1.49,1.8,1.1995833333333332
-2.6,3,1,20,10,4,0.21,1.76,1.1791666666666667
-8.8,1,1,20,10,4,1.27,1.56,1.1441666666666666
9.0,4,4,20,10,4,0.72,1.51,1.095
27.5,1,4,20,10,4,0.33,1.39,1.1083333333333332
34.0,5,4,20,10,4,1.71,0.62,1.1545833333333333
18.1,1,6,20,10,4,1.73,0.53,1.14375
26.5,3,6,20,10,4,0.27,1.38,1.16875
22.9,4,7,20,10,4,1.98,0.65,1.2225
37.2,4,7,20,10,4,1.94,1.96,1.1666666666666667
12.4,4,8,20,10,4,0.62,1.98,1.1337499999999998
13.6,1,9,20,10,4,1.19,1.83,1.0695833333333333
15.1,5,9,20,10,4,0.29,0.35,1.0770833333333332
9.7,4,10,20,10,4,0.53,1.45,1.0854166666666667
24.6,4,11,20,10,4,1.65,1.31,1.09
28.0,5,12,20,10,4,1.42,0.35,1.1341666666666665
12.7,3,12,20,10,4,1.41,1.53,1.1529166666666666
29.3,5,12,20,10,4,1.98,0.45,1.1783333333333332
33.9,5,13,20,10,4,1.06,0.82,1.1829166666666666
25.2,4,15,20,10,4,0.93,1.72,1.1716666666666666
25.5,3,15,20,10,4,1.45,1.8,1.1508333333333332
21.9,2,16,20,10,4,1.3,1.54,1.1537499999999998
32.7,4,16,20,10,4,1.61,0.6,1.1737499999999998
30.6,5,17,20,10,4,1.08,1.49,1.1504166666666666
27.4,4,17,20,10,4,0.93,0.21,1.2229166666666667
10.1,4,20,20,10,4,1.95,1.27,1.2304166666666665
28.4,1,20,20,10,4,1.45,0.72,1.2237500000000001
38.3,2,21,20,10,4,0.56,0.33,1.2566666666666666
31.4,4,22,20,10,4,1.12,1.71,1.2175
0.0,4,22,20,10,4,0.77,1.73,1.2041666666666668
0.5,5,22,20,10,4,1.41,0.27,1.26875
31.8,1,22,20,10,4,1.82,1.98,1.2041666666666668
13.7,3,23,20,10,4,0.43,1.94,1.1454166666666665
13.5,5,0,21,10,5,0.53,0.62,1.1520833333333333
-1.3,3,0,21,10,5,0.78,1.19,1.1158333333333335
17.4,5,2,21,10,5,0.32,0.29,1.1429166666666668
17.9,2,2,21,10,5,0.94,0.53,1.1333333333333333
34.4,4,3,21,10,5,0.3,1.65,1.1091666666666666
25.4,1,4,21,10,5,1.07,1.42,1.07875
13.8,3,4,21,10,5,0.69,1.41,1.0816666666666668
-1.4,4,4,21,10,5,1.48,1.98,1.0308333333333333
17.0,1,8,21,10,5,0.76,1.06,1.0633333333333332
-1.7,2,8,21,10,5,1.84,0.93,1.0483333333333333
16.2,4,9,21,10,5,0.57,1.45,1.0133333333333334
30.0,2,9,21,10,5,0.61,1.3,1.0179166666666666
38.8,1,11,21,10,5,1.41,1.61,0.9912500000000001
7.1,2,12,21,10,5,0.97,1.08,0.9775
-4.8,5,16,21,10,5,0.75,0.93,1.01875
-3.5,5,17,21,10,5,1.92,1.95,0.9920833333333334
24.0,1,18,21,10,5,1.31,1.45,1.0075
-4.9,4,18,21,10,5,1.82,0.56,1.0570833333333334
33.3,5,19,21,10,5,1.75,1.12,1.0766666666666667
31.7,3,19,21,10,5,1.59,0.77,1.0966666666666667
1.2,5,19,21,10,5,1.25,1.41,1.055
28.8,1,19,21,10,5,0.41,1.82,1.0587499999999999
29.3,4,21,21,10,5,1.91,0.43,1.1204166666666666
6.1,4,22,21,10,5,1.91,0.53,1.17625
39.1,5,1,22,10,6,1.87,0.78,1.2216666666666667
26.9,4,1,22,10,6,1.87,0.32,1.22625
10.7,4,1,22,10,6,0.43,0.94,1.2516666666666667
37.4,4,1,22,10,6,1.55,0.3,1.2966666666666666
31.2,4,2,22,10,6,1.38,1.07,1.3191666666666666
-1.2,4,3,22,10,6,1.61,0.69,1.3191666666666666
8.6,4,3,22,10,6,0.69,1.48,1.2708333333333333
3.1,2,6,22,10,6,0.32,0.76,1.2979166666666668
13.0,1,7,22,10,6,1.41,1.84,1.2904166666666668
15.1,5,8,22,10,6,1.66,0.57,1.2816666666666667
-3.8,4,8,22,10,6,0.36,0.61,1.3204166666666666
7.0,4,9,22,10,6,1.54,1.41,1.3412500000000003
-6.6,2,9,22,10,6,1.91,0.97,1.3154166666666667
30.8,3,10,22,10,6,0.35,0.75,1.30875
31.5,2,10,22,10,6,0.59,1.92,1.24875
-8.4,2,11,22,10,6,0.48,1.31,1.2354166666666666
23.0,1,11,22,10,6,0.99,1.82,1.21
-2.4,3,12,22,10,6,1.21,1.75,1.2133333333333332
37.6,5,13,22,10,6,1.83,1.59,1.2133333333333332
-5.9,2,14,22,10,6,1.59,1.25,1.1929166666666666
-8.6,4,14,22,10,6,0.76,0.41,1.2416666666666665
4.4,3,17,22,10,6,1.58,1.91,1.2012500000000002
15.6,2,18,22,10,6,0.94,1.91,1.15375
32.0,3,18,22,10,6,0.77,1.87,1.10125
22.7,5,19,22,10,6,0.61,1.87,1.0604166666666666
40.0,1,20,22,10,6,0.89,0.43,1.08625
7.8,3,21,22,10,6,1.05,1.55,1.0725
3.6,5,22,22,10,6,1.22,1.38,1.0720833333333333
7.0,1,23,22,10,6,1.37,1.61,1.0354166666666667
-6.6,2,23,22,10,6,0.73,0.69,1.0304166666666668
10.3,4,0,23,10,0,0.57,0.32,1.0795833333333333
-8.2,5,0,23,10,0,1.5,1.41,1.0633333333333332
3.0,2,2,23,10,0,1.02,1.66,1.0729166666666667
13.7,4,2,23,10,0,1.89,0.36,1.0799999999999998
35.5,2,3,23,10,0,0.53,1.54,1.0541666666666667
27.9,2,3,23,10,0,0.92,1.91,1.0004166666666667
-0.0,3,4,23,10,0,0.62,0.35,1.0341666666666667
9.9,1,4,23,10,0,1.16,0.59,1.0841666666666667
25.4,2,4,23,10,0,1.79,0.48,1.0791666666666666
33.6,1,5,23,10,0,0.36,0.99,1.1029166666666665
10.8,4,5,23,10,0,1.56,1.21,1.1258333333333332
27.1,5,6,23,10,0,1.76,1.83,1.0595833333333333
30.0,5,8,23,10,0,0.24,1.59,1.02
-2.3,1,9,23,10,0,0.64,0.76,1.06125
17.1,3,10,23,10,0,1.75,1.58,1.0229166666666667
25.3,3,10,23,10,0,0.66,0.94,1.0045833333333334
-0.3,5,10,23,10,0,0.5,0.77,1.0375
19.3,3,12,23,10,0,1.56,0.61,1.0908333333333333
12.7,1,12,23,10,0,1.89,0.89,1.1095833333333334
18.6,3,12,23,10,0,1.34,1.05,1.11375
12.6,2,13,23,10,0,1.15,1.22,1.0829166666666667
37.2,5,13,23,10,0,0.48,1.37,1.04875
17.5,4,17,23,10,0,0.55,0.73,1.0741666666666667
6.4,3,19,23,10,0,1.34,0.57,1.0975
27.1,2,19,23,10,0,1.13,1.5,1.0854166666666667
19.2,5,20,23,10,0,1.21,1.02,1.0958333333333334
5.5,4,20,23,10,0,1.27,1.89,1.0620833333333333
36.1,1,21,23,10,0,1.08,0.53,1.08125
-9.8,4,21,23,10,0,0.99,0.92,1.1204166666666666
8.1,1,22,23,10,0,1.86,0.62,1.1329166666666666
-3.3,3,23,23,10,0,0.92,1.16,1.1624999999999999
-5.2,2,0,24,10,1,1.87,1.79,1.1695833333333334
39.3,3,0,24,10,1,1.96,0.36,1.2379166666666668
33.0,4,1,24,10,1,2.0,1.56,1.1995833333333334
8.6,3,2,24,10,1,0.64,1.76,1.1758333333333333
-6.9,1,2,24,10,1,1.19,0.24,1.2145833333333333
19.3,1,3,24,10,1,1.17,0.64,1.2191666666666667
18.0,5,4,24,10,1,0.75,1.75,1.1925000000000001
10.7,2,4,24,10,1,1.11,0.66,1.2100000000000002
9.3,1,6,24,10,1,1.08,0.5,1.2125000000000001
25.3,1,6,24,10,1,0.56,1.56,1.2116666666666667
28.6,3,7,24,10,1,1.54,1.89,1.1879166666666667
5.7,4,7,24,10,1,1.32,1.34,1.1470833333333335
19.2,4,8,24,10,1,0.36,1.15,1.1570833333333332
32.4,5,8,24,10,1,1.39,0.48,1.1966666666666665
39.7,1,8,24,10,1,1.43,0.55,1.2225
-3.7,1,9,24,10,1,1.17,1.34,1.21875
-8.2,2,10,24,10,1,1.25,1.13,1.1995833333333332
2.8,4,13,24,10,1,0.67,1.21,1.2320833333333334
35.7,1,13,24,10,1,1.99,1.27,1.25125
40.0,5,13,24,10,1,1.73,1.08,1.27875
29.3,1,14,24,10,1,1.74,0.99,1.3133333333333332
19.8,3,14,24,10,1,1.82,1.86,1.2804166666666668
20.7,1,15,24,10,1,1.07,0.92,1.27125
13.2,3,15,24,10,1,0.7,1.87,1.2195833333333332
6.7,1,16,24,10,1,0.63,1.96,1.1491666666666667
30.3,4,16,24,10,1,0.27,2.0,1.1083333333333334
-1.7,3,17,24,10,1,1.02,0.64,1.1325
-2.6,5,17,24,10,1,1.22,1.19,1.1266666666666667
19.8,2,21,24,10,1,1.05,1.17,1.1175
25.4,5,23,24,10,1,0.95,0.75,1.12625
6.9,5,23,24,10,1,0.96,1.11,1.11125
37.5,1,23,24,10,1,0.75,1.08,1.1333333333333333
-8.3,5,0,25,10,2,1.61,0.56,1.1624999999999999
14.1,4,0,25,10,2,1.26,1.54,1.1533333333333333
-9.4,3,2,25,10,2,1.32,1.32,1.1491666666666667
4.4,5,2,25,10,2,1.22,0.36,1.2041666666666668
6.3,5,5,25,10,2,1.68,1.39,1.1629166666666666
12.6,5,6,25,10,2,0.4,1.43,1.1795833333333334
21.1,2,6,25,10,2,1.83,1.17,1.1429166666666666
15.8,2,7,25,10,2,0.29,1.25,1.14375
4.9,4,8,25,10,2,1.27,0.67,1.1629166666666666
-5.2,4,9,25,10,2,1.13,1.99,1.1091666666666666
7.6,2,10,25,10,2,0.7,1.73,1.06125
29.7,1,10,25,10,2,0.58,1.74,1.0579166666666666
-2.8,2,12,25,10,2,1.66,1.82,1.0091666666666665
-6.6,5,12,25,10,2,0.65,1.07,1.0258333333333332
12.0,4,13,25,10,2,1.47,0.7,1.0116666666666667
22.5,5,13,25,10,2,0.36,0.63,1.01
29.7,2,14,25,10,2,0.59,0.27,1.0679166666666668
15.0,2,15,25,10,2,1.66,1.02,1.0879166666666666
4.9,5,16,25,10,2,1.5,1.22,1.11375
5.5,5,16,25,10,2,1.84,1.05,1.0875
-4.9,3,17,25,10,2,0.42,0.95,1.0775
-4.4,1,17,25,10,2,0.71,0.96,1.1041666666666667
-9.9,5,18,25,10,2,1.6,0.75,1.1154166666666667
-0.8,2,18,25,10,2,1.02,1.61,1.065
-4.0,3,18,25,10,2,0.4,1.26,1.0545833333333334
13.8,1,19,25,10,2,1.01,1.32,1.06625
-7.2,2,19,25,10,2,1.6,1.22,1.0529166666666667
18.1,4,19,25,10,2,0.9,1.68,1.0145833333333332
2.5,3,19,25,10,2,0.76,0.4,1.0079166666666668
-10.0,4,19,25,10,2,0.24,1.83,0.9629166666666666
16.5,4,20,25,10,2,0.75,0.29,0.97625
-2.6,2,20,25,10,2,0.61,1.27,0.9941666666666666
28.7,5,21,25,10,2,1.7,1.13,1.0183333333333333
27.2,3,21,25,10,2,1.71,0.7,1.0483333333333333
7.4,3,22,25,10,2,1.42,0.58,1.0679166666666666
-0.6,3,22,25,10,2,1.05,1.66,1.0558333333333334
14.8,2,23,25,10,2,1.37,0.65,1.0633333333333332
4.8,4,1,26,10,3,0.83,1.47,1.07375
-4.2,5,2,26,10,3,1.72,0.36,1.0683333333333334
30.5,4,4,26,10,3,0.23,0.59,1.0725
9.9,3,4,26,10,3,0.69,1.66,1.0399999999999998
3.1,4,4,26,10,3,0.88,1.5,1.0508333333333333
23.0,3,5,26,10,3,1.76,1.84,0.9937499999999999
13.0,3,7,26,10,3,0.47,0.42,1.0475
-9.2,1,7,26,10,3,1.71,0.71,1.0408333333333333
16.6,4,10,26,10,3,0.55,1.6,1.0445833333333334
10.5,4,11,26,10,3,1.69,1.02,1.0483333333333333
3.1,2,13,26,10,3,1.11,0.4,1.10625
33.4,3,14,26,10,3,1.79,1.01,1.14125
28.1,1,15,26,10,3,1.85,1.6,1.1525
16.9,3,15,26,10,3,1.87,0.9,1.1741666666666666
16.7,3,15,26,10,3,1.42,0.76,1.2012500000000002
10.8,1,15,26,10,3,1.41,0.24,1.2183333333333333
10.2,4,16,26,10,3,0.65,0.75,1.2083333333333333
-9.9,4,16,26,10,3,0.51,0.61,1.2120833333333334
33.5,3,18,26,10,3,0.7,1.7,1.2066666666666668
33.9,3,19,26,10,3,1.57,1.71,1.1783333333333335
-3.3,1,19,26,10,3,1.03,1.42,1.1820833333333334
-1.3,4,20,26,10,3,1.51,1.05,1.2183333333333335
38.1,5,21,26,10,3,1.92,1.37,1.18375
-7.2,2,21,26,10,3,0.54,0.83,1.2033333333333334
5.9,4,21,26,10,3,1.3,1.72,1.1558333333333333
21.7,1,22,26,10,3,0.58,0.23,1.2249999999999999
25.6,3,22,26,10,3,1.89,0.69,1.25875
13.0,5,22,26,10,3,1.5,0.88,1.2754166666666669
9.2,3,23,26,10,3,1.28,1.76,1.2583333333333333
35.1,3,23,26,10,3,1.35,0.47,1.2995833333333333
20.4,3,2,27,10,4,1.46,1.71,1.3025
-9.5,1,3,27,10,4,1.78,0.55,1.3566666666666667
39.9,1,3,27,10,4,1.85,1.69,1.3529166666666665
0.5,1,3,27,10,4,1.6,1.11,1.3604166666666666
30.0,5,3,27,10,4,1.29,1.79,1.2966666666666666
19.4,4,3,27,10,4,0.26,1.85,1.2587499999999998
8.3,2,4,27,10,4,0.94,1.87,1.2066666666666668
34.0,1,5,27,10,4,0.62,1.42,1.2137499999999999
21.8,4,6,27,10,4,1.59,1.41,1.1658333333333333
36.8,4,6,27,10,4,0.26,0.65,1.1629166666666666
24.2,5,6,27,10,4,0.58,0.51,1.1975
15.9,1,7,27,10,4,1.34,0.7,1.20625
39.1,2,7,27,10,4,0.91,1.57,1.2216666666666667
27.3,4,8,27,10,4,1.94,1.03,1.2333333333333332
8.3,1,9,27,10,4,1.31,1.51,1.2020833333333334
-0.4,1,9,27,10,4,0.76,1.92,1.1316666666666666
-2.7,5,9,27,10,4,0.23,0.54,1.1275
4.4,5,10,27,10,4,0.44,1.3,1.0858333333333332
20.1,5,11,27,10,4,0.3,0.58,1.0845833333333335
2.5,2,11,27,10,4,0.55,1.89,1.0220833333333335
29.5,3,11,27,10,4,0.39,1.5,0.9812500000000001
3.9,4,13,27,10,4,0.52,1.28,0.9362499999999999
-0.6,3,14,27,10,4,0.2,1.35,0.9050000000000001
-9.7,5,14,27,10,4,0.6,1.46,0.9145833333333333
22.7,3,14,27,10,4,1.69,1.78,0.8691666666666666
15.3,3,15,27,10,4,0.69,1.85,0.8391666666666667
31.8,2,15,27,10,4,1.13,1.6,0.8025000000000001
18.0,2,17,27,10,4,0.72,1.29,0.8316666666666667
8.3,5,17,27,10,4,1.99,0.26,0.8329166666666666
-7.2,4,17,27,10,4,0.29,0.94,0.8508333333333334
18.6,3,18,27,10,4,1.37,0.62,0.8579166666666667
-5.0,1,19,27,10,4,0.79,1.59,0.84
-1.7,1,19,27,10,4,1.16,0.26,0.8937499999999999
36.2,5,20,27,10,4,1.55,0.58,0.8925000000000001
25.8,4,20,27,10,4,0.55,1.34,0.86875
16.1,1,23,27,10,4,0.77,0.91,0.8395833333333335
-0.8,3,23,27,10,4,0.21,1.94,0.8179166666666666
20.1,4,23,27,10,4,1.42,1.31,0.7954166666666667
1.6,3,1,28,10,5,0.77,0.76,0.84
26.1,2,2,28,10,5,1.83,0.23,0.8758333333333334
6.9,5,3,28,10,5,1.09,0.44,0.9195833333333333
16.9,2,3,28,10,5,1.49,0.3,0.9245833333333334
27.7,4,6,28,10,5,0.42,0.55,0.9166666666666666
0.4,4,7,28,10,5,0.36,0.39,0.9362499999999999
8.9,5,9,28,10,5,0.86,0.52,0.92625
38.0,3,9,28,10,5,0.28,0.2,0.9375
2.0,2,9,28,10,5,0.47,0.6,0.9491666666666666
25.8,3,10,28,10,5,0.88,1.69,0.9175000000000001
18.9,2,11,28,10,5,0.93,0.69,0.9079166666666666
17.9,2,11,28,10,5,0.46,1.13,0.9187500000000001
-9.1,3,12,28,10,5,1.39,0.72,0.9291666666666666
7.9,4,12,28,10,5,0.97,1.99,0.8725
38.4,4,16,28,10,5,0.63,0.29,0.9291666666666667
15.6,4,16,28,10,5,1.65,1.37,0.88375
21.5,1,18,28,10,5,0.28,0.79,0.8804166666666667
36.4,1,18,28,10,5,0.71,1.16,0.8562500000000001
-7.0,2,18,28,10,5,0.58,1.55,0.8033333333333333
39.1,5,19,28,10,5,0.28,0.55,0.8166666666666665
-2.4,5,19,28,10,5,0.87,0.77,0.8075
31.7,5,19,28,10,5,0.55,0.21,0.8495833333333334
13.8,3,19,28,10,5,1.22,1.42,0.805
15.3,5,20,28,10,5,0.35,0.77,0.8008333333333334
28.9,3,21,28,10,5,0.67,1.83,0.7908333333333334
13.7,4,21,28,10,5,1.59,1.09,0.7979166666666666
21.1,1,22,28,10,5,1.26,1.49,0.8170833333333333
15.1,1,1,29,10,6,1.95,0.42,0.8541666666666666
7.8,2,1,29,10,6,1.31,0.36,0.8679166666666666
19.9,2,1,29,10,6,0.69,0.86,0.9095833333333334
-8.0,1,1,29,10,6,1.86,0.28,0.9441666666666667
-3.2,4,1,29,10,6,1.11,0.47,0.9812500000000001
27.3,5,4,29,10,6,1.36,0.88,0.9829166666666668
-0.6,2,5,29,10,6,0.92,0.93,0.9779166666666667
13.3,4,5,29,10,6,0.81,0.46,1.0191666666666668
35.1,1,6,29,10,6,1.45,1.39,1.0204166666666667
36.3,1,6,29,10,6,1.42,0.97,1.0308333333333335
28.2,4,6,29,10,6,1.22,0.63,1.0379166666666666
27.3,5,8,29,10,6,0.8,1.65,0.9916666666666667
16.0,3,8,29,10,6,0.54,0.28,1.0454166666666667
14.5,1,9,29,10,6,1.57,0.71,1.0629166666666665
-1.9,3,10,29,10,6,1.13,0.58,1.0887499999999999
-0.7,1,10,29,10,6,1.2,0.28,1.1216666666666666
24.9,5,10,29,10,6,1.07,0.87,1.1108333333333333
7.3,5,12,29,10,6,0.61,0.55,1.11375
0.2,4,13,29,10,6,0.62,1.22,1.0958333333333332
28.7,4,16,29,10,6,0.79,0.35,1.1029166666666668
24.4,5,18,29,10,6,0.52,0.67,1.1241666666666668
37.7,5,18,29,10,6,1.18,1.59,1.1291666666666667
21.4,2,18,29,10,6,1.71,1.26,1.1016666666666668
21.0,4,20,29,10,6,0.6,1.95,1.0420833333333335
-5.7,4,21,29,10,6,0.52,1.31,1.0033333333333332
32.0,1,21,29,10,6,0.38,0.69,1.0254166666666669
33.6,2,22,29,10,6,1.22,1.86,0.98625
8.7,3,0,30,10,0,0.92,1.11,0.9691666666666666
6.3,4,1,30,10,0,0.7,1.36,0.94
33.0,1,2,30,10,0,0.66,0.92,0.9845833333333333
7.3,4,5,30,10,0,1.99,0.81,0.98875
12.0,4,5,30,10,0,0.91,1.45,0.9754166666666667
32.1,2,6,30,10,0,1.13,1.42,0.9691666666666666
8.1,2,6,30,10,0,1.27,1.22,1.0008333333333332
24.5,5,6,30,10,0,1.98,0.8,1.01875
4.5,4,7,30,10,0,1.23,0.54,1.0608333333333333
15.3,3,8,30,10,0,1.55,1.57,1.0566666666666666
-1.6,1,8,30,10,0,1.47,1.13,1.0783333333333334
7.5,5,10,30,10,0,1.65,1.2,1.0941666666666667
34.3,3,11,30,10,0,1.58,1.07,1.0629166666666667
35.9,5,11,30,10,0,0.32,0.61,1.0766666666666667
-2.9,1,12,30,10,0,0.94,0.62,1.10875
16.6,2,12,30,10,0,1.39,0.79,1.1233333333333333
37.3,3,16,30,10,0,1.14,0.52,1.1754166666666666
12.7,2,16,30,10,0,1.77,1.18,1.1595833333333332
20.6,1,16,30,10,0,0.8,1.71,1.1525
-6.5,4,16,30,10,0,1.54,0.6,1.1633333333333333
-0.6,5,16,30,10,0,0.86,0.52,1.1675
-2.6,5,16,30,10,0,0.62,0.38,1.2020833333333334
0.5,2,17,30,10,0,1.21,1.22,1.1908333333333332
39.5,5,18,30,10,0,0.95,0.92,1.1720833333333334
19.6,2,19,30,10,0,0.47,0.7,1.2170833333333333
31.7,4,19,30,10,0,1.78,0.66,1.2258333333333333
-8.5,3,22,30,10,0,0.87,1.99,1.22125
3.4,2,0,31,10,1,1.88,0.91,1.25125
35.9,3,1,31,10,1,1.63,1.13,1.2670833333333333
13.9,3,2,31,10,1,1.51,1.27,1.29375
21.0,5,3,31,10,1,1.91,1.98,1.2204166666666667
36.8,4,4,31,10,1,0.22,1.23,1.1904166666666667
7.9,3,4,31,10,1,0.51,1.55,1.1962499999999998
4.7,2,6,31,10,1,1.69,1.47,1.18875
-5.4,5,6,31,10,1,1.29,1.65,1.1345833333333333
36.2,4,6,31,10,1,0.35,1.58,1.11875
-4.2,1,7,31,10,1,1.2,0.32,1.1254166666666665
19.3,5,8,31,10,1,0.48,0.94,1.1533333333333333
-0.6,2,9,31,10,1,1.61,1.39,1.1629166666666666
-1.1,2,10,31,10,1,1.62,1.14,1.175
5.5,1,11,31,10,1,1.43,1.77,1.1808333333333334
18.7,4,11,31,10,1,1.91,0.8,1.2045833333333333
-2.2,2,12,31,10,1,1.37,1.54,1.1945833333333333
33.6,2,12,31,10,1,1.3,0.86,1.1675
30.2,4,13,31,10,1,0.21,0.62,1.1616666666666666
14.8,2,13,31,10,1,0.48,1.21,1.1858333333333333
21.0,5,16,31,10,1,1.79,0.95,1.15625
35.5,5,17,31,10,1,0.24,0.47,1.2075
39.2,3,19,31,10,1,1.7,1.78,1.1633333333333333
-4.8,3,19,31,10,1,0.72,0.87,1.1845833333333333
22.4,4,19,31,10,1,1.38,1.88,1.1525
22.6,4,20,31,10,1,1.11,1.63,1.1008333333333333
14.1,2,23,31,10,1,0.39,1.51,1.0504166666666668
33.2,4,0,1,11,2,0.3,1.91,1.0225
-2.3,1,0,1,11,2,1.24,0.22,1.0916666666666666
-3.8,2,5,1,11,2,1.88,0.51,1.12625
34.7,4,5,1,11,2,1.34,1.69,1.1308333333333334
2.0,4,5,1,11,2,1.8,1.29,1.1579166666666667
37.3,4,5,1,11,2,1.94,0.35,1.1845833333333333
28.4,4,5,1,11,2,0.99,1.2,1.2079166666666667
27.2,5,5,1,11,2,1.76,0.48,1.2
22.0,2,6,1,11,2,0.29,1.61,1.1783333333333335
34.0,4,7,1,11,2,1.09,1.62,1.1658333333333333
10.4,5,8,1,11,2,1.32,1.43,1.1554166666666668
-7.1,3,8,1,11,2,1.18,1.91,1.1420833333333333
8.4,3,8,1,11,2,1.59,1.37,1.10125
-3.2,2,11,1,11,2,0.39,1.3,1.1283333333333332
-6.2,3,13,1,11,2,1.95,0.21,1.1829166666666666
8.4,1,13,1,11,2,1.52,0.48,1.2241666666666668
17.6,1,14,1,11,2,1.47,1.79,1.2195833333333335
27.7,1,15,1,11,2,1.68,0.24,1.285
25.1,2,16,1,11,2,1.81,1.7,1.2745833333333334
37.6,5,16,1,11,2,1.45,0.72,1.2533333333333334
-6.4,4,17,1,11,2,0.21,1.38,1.2770833333333333
-2.9,4,17,1,11,2,1.95,1.11,1.2895833333333333
15.9,2,18,1,11,2,1.41,0.39,1.2904166666666665
-5.4,2,18,1,11,2,0.41,0.3,1.3329166666666665
20.1,4,18,1,11,2,1.32,1.24,1.3620833333333333
1.6,3,20,1,11,2,1.94,1.88,1.3595833333333334
35.7,1,22,1,11,2,1.82,1.34,1.3729166666666668
5.2,3,23,1,11,2,1.66,1.8,1.3433333333333335
11.4,3,0,2,11,3,1.09,1.94,1.2829166666666667
-7.9,4,1,2,11,3,0.49,0.99,1.2795833333333333
39.3,2,1,2,11,3,0.91,1.76,1.2891666666666666
36.4,3,1,2,11,3,1.99,0.29,1.3295833333333333
30.5,3,3,2,11,3,1.26,1.09,1.29875
39.3,3,3,2,11,3,0.35,1.32,1.26375
24.8,2,6,2,11,3,0.48,1.18,1.2720833333333335
34.9,1,6,2,11,3,1.38,1.59,1.27125
-2.9,4,9,2,11,3,1.57,0.39,1.2862500000000001
30.7,2,9,2,11,3,0.75,1.95,1.2629166666666667
2.1,3,12,2,11,3,1.39,1.52,1.2804166666666668
6.7,2,12,2,11,3,1.94,1.47,1.2899999999999998
-5.0,5,12,2,11,3,1.7,1.68,1.2391666666666665
26.2,5,17,2,11,3,0.46,1.81,1.2045833333333333
4.1,5,17,2,11,3,0.98,1.45,1.1675
-9.6,5,18,2,11,3,0.56,0.21,1.2304166666666667
-8.0,2,19,2,11,3,1.72,1.95,1.2033333333333334
35.9,2,21,2,11,3,1.3,1.41,1.2091666666666667
17.9,4,22,2,11,3,1.55,0.41,1.2091666666666667
34.0,1,22,2,11,3,0.41,1.32,1.2104166666666667
-7.3,1,23,2,11,3,1.35,1.94,1.1424999999999998
38.8,4,23,2,11,3,0.31,1.82,1.1083333333333334
17.5,4,0,3,11,4,1.0,1.66,1.0983333333333334
14.3,3,1,3,11,4,1.42,1.09,1.10625
38.0,4,1,3,11,4,1.28,0.49,1.1291666666666667
-7.9,3,1,3,11,4,1.04,0.91,1.1525
19.6,2,2,3,11,4,1.47,1.99,1.1483333333333334
25.8,3,3,3,11,4,1.89,1.26,1.1116666666666666
-5.5,4,5,3,11,4,0.38,0.35,1.1670833333333333
-1.2,2,6,3,11,4,1.68,0.48,1.2120833333333334
8.1,4,8,3,11,4,1.56,1.38,1.1762499999999998
23.2,4,9,3,11,4,0.52,1.57,1.1758333333333333
-7.0,3,9,3,11,4,1.56,0.75,1.2254166666666666
35.0,3,10,3,11,4,1.94,1.39,1.2070833333333335
0.3,1,10,3,11,4,0.95,1.94,1.1808333333333334
32.3,2,11,3,11,4,1.31,1.7,1.18625
-9.0,5,11,3,11,4,1.83,0.46,1.1937499999999999
-4.5,3,13,3,11,4,0.64,0.98,1.2033333333333334
26.2,3,13,3,11,4,1.21,0.56,1.2091666666666667
-2.4,3,14,3,11,4,0.7,1.72,1.2125
2.1,4,14,3,11,4,1.8,1.3,1.1720833333333334
-0.6,3,16,3,11,4,0.33,1.55,1.1395833333333334
17.2,4,16,3,11,4,0.77,0.41,1.1595833333333334
11.7,2,17,3,11,4,0.89,1.35,1.1383333333333334
15.6,4,21,3,11,4,0.84,0.31,1.1620833333333334
25.5,2,22,3,11,4,0.88,1.0,1.1616666666666666
10.6,4,23,3,11,4,0.99,1.42,1.1308333333333331
15.4,4,0,4,11,5,0.68,1.28,1.1145833333333333
-3.5,5,1,4,11,5,0.89,1.04,1.1479166666666667
-2.7,3,2,4,11,5,1.84,1.47,1.1483333333333332
-0.5,2,6,4,11,5,1.48,1.89,1.09625
-6.4,5,6,4,11,5,0.64,0.38,1.0983333333333334
2.4,3,6,4,11,5,0.43,1.68,1.1004166666666666
17.4,1,8,4,11,5,1.73,1.56,1.0708333333333335
11.1,2,8,4,11,5,0.85,0.52,1.0999999999999999
12.6,1,8,4,11,5,1.22,1.56,1.08375
35.6,1,8,4,11,5,1.17,1.94,1.055
12.4,4,9,4,11,5,1.25,0.95,1.0295833333333333
27.2,1,9,4,11,5,0.34,1.31,1.0445833333333334
17.3,4,11,4,11,5,1.67,1.83,1.0487499999999998
36.3,3,11,4,11,5,1.93,0.64,1.07875
6.8,4,13,4,11,5,1.36,1.21,1.0841666666666667
35.9,1,15,4,11,5,1.34,0.7,1.1104166666666668
-6.0,5,15,4,11,5,1.33,1.8,1.1
2.0,4,16,4,11,5,1.55,0.33,1.1120833333333333
-3.4,3,17,4,11,5,0.62,0.77,1.1479166666666667
4.2,5,18,4,11,5,1.63,0.89,1.13
-3.4,4,20,4,11,5,0.46,0.84,1.1304166666666666
10.2,1,20,4,11,5,0.85,0.88,1.1733333333333333
13.0,2,23,4,11,5,1.91,0.99,1.17375
-5.7,5,23,4,11,5,1.0,0.68,1.1812500000000001
39.6,3,0,5,11,6,0.86,0.89,1.1825
3.0,3,0,5,11,6,0.92,1.84,1.1408333333333334
-7.4,4,1,5,11,6,0.84,1.48,1.1229166666666668
33.0,2,1,5,11,6,1.05,0.64,1.1416666666666668
-2.6,3,3,5,11,6,1.09,0.43,1.1845833333333333
17.2,5,3,5,11,6,1.46,1.73,1.1300000000000001
30.5,4,4,5,11,6,0.42,0.85,1.1429166666666666
2.0,3,4,5,11,6,1.16,1.22,1.1283333333333332
40.0,3,5,5,11,6,0.87,1.17,1.1270833333333332
4.7,1,5,5,11,6,1.14,1.25,1.09875
28.7,5,6,5,11,6,0.57,0.34,1.1229166666666666
28.9,1,8,5,11,6,0.92,1.67,1.0779166666666666
7.3,1,8,5,11,6,0.59,1.93,1.0804166666666666
-3.8,4,11,5,11,6,1.99,1.36,1.0450000000000002
12.1,2,13,5,11,6,0.51,1.34,1.0695833333333333
-6.3,3,13,5,11,6,1.93,1.33,1.0329166666666667
2.5,2,14,5,11,6,0.45,1.55,0.9941666666666666
38.0,4,15,5,11,6,0.62,0.62,0.9954166666666667
1.1,3,16,5,11,6,0.65,1.63,0.9708333333333332
20.5,3,17,5,11,6,1.04,0.46,0.9766666666666667
33.1,3,20,5,11,6,0.6,0.85,1.0125
-6.0,3,20,5,11,6,1.71,1.91,0.9970833333333333
23.0,4,20,5,11,6,1.54,1.0,1.0329166666666667
15.3,5,21,5,11,6,1.86,0.86,1.0420833333333335
39.9,4,22,5,11,6,1.08,0.92,1.0204166666666665
0.8,3,1,6,11,0,0.4,0.84,1.0574999999999999
-4.7,4,2,6,11,0,1.73,1.05,1.0733333333333333
9.1,3,3,6,11,0,1.43,1.09,1.1079166666666667
36.0,4,3,6,11,0,1.92,1.46,1.0679166666666668
26.4,4,4,6,11,0,0.5,0.42,1.13375
38.1,4,4,6,11,0,2.0,1.16,1.1291666666666667
6.2,2,5,6,11,0,1.05,0.87,1.1429166666666668
31.2,4,5,6,11,0,1.2,1.14,1.1395833333333334
-5.1,1,5,6,11,0,1.06,0.57,1.135
32.5,2,6,6,11,0,0.46,0.92,1.1229166666666666
15.6,2,6,6,11,0,0.63,0.59,1.1633333333333333
6.0,4,7,6,11,0,1.56,1.99,1.11125
38.2,3,7,6,11,0,0.74,0.51,1.1016666666666666
-3.9,2,8,6,11,0,0.28,1.93,1.0441666666666667
-6.8,5,9,6,11,0,0.55,0.45,1.0954166666666667
4.8,4,9,6,11,0,1.68,0.62,1.1491666666666667
4.2,3,10,6,11,0,1.91,0.65,1.2033333333333334
5.7,5,11,6,11,0,1.95,1.04,1.1858333333333333
37.6,5,13,6,11,0,0.62,0.6,1.2254166666666666
-3.5,5,14,6,11,0,1.55,1.71,1.1666666666666667
-5.9,1,15,6,11,0,0.3,1.54,1.16625
23.2,3,15,6,11,0,1.53,1.86,1.1625
-6.5,3,20,6,11,0,1.77,1.08,1.1775
37.1,1,22,6,11,0,1.44,0.4,1.1854166666666666
24.3,2,23,6,11,0,0.59,1.73,1.12875
19.2,4,1,7,11,1,0.37,1.43,1.1329166666666668
-9.1,4,2,7,11,1,1.53,1.92,1.1345833333333333
7.8,4,6,7,11,1,1.96,0.5,1.1525
-7.3,3,7,7,11,1,0.93,2.0,1.1345833333333333
35.1,4,7,7,11,1,1.57,1.05,1.1275000000000002
-5.3,5,7,7,11,1,0.88,1.2,1.1112499999999998
37.0,3,8,7,11,1,0.81,1.06,1.1045833333333335
-5.6,3,9,7,11,1,0.9,0.46,1.1370833333333332
13.2,4,9,7,11,1,1.24,0.63,1.1883333333333332
1.9,4,10,7,11,1,1.86,1.56,1.205
19.3,3,13,7,11,1,1.96,0.74,1.2495833333333333
21.1,4,15,7,11,1,1.81,0.28,1.2783333333333335
