Outdoor Temperature (°C),Household Size,hour,day,month,week,lag_1,lag_24,rolling_mean_24
-5.9,1,0,1,1,6,2.21,3.4,3.1229166666666663
22.0,1,0,1,1,6,1.0,2.77,3.0529166666666665
16.1,5,0,1,1,6,1.09,2.17,2.9908333333333332
16.6,5,0,1,1,6,0.68,4.58,2.875
38.4,1,1,1,1,6,1.8,4.26,2.7325
28.8,1,1,1,1,6,0.84,2.42,2.646666666666667
3.9,4,2,1,1,6,0.36,3.2,2.5291666666666663
13.8,2,2,1,1,6,0.38,4.01,2.377083333333333
30.5,3,2,1,1,6,0.36,3.84,2.265416666666667
32.9,1,4,1,1,6,1.16,3.26,2.17625
16.3,4,4,1,1,6,1.12,4.16,2.0483333333333333
-6.1,4,4,1,1,6,1.09,3.26,1.9795833333333335
25.0,4,4,1,1,6,1.61,3.61,1.9037500000000003
22.4,3,5,1,1,6,1.79,3.11,1.8541666666666667
5.8,1,6,1,1,6,1.92,2.45,1.8058333333333334
27.8,5,7,1,1,6,1.29,3.16,1.7320833333333334
-6.1,2,8,1,1,6,1.39,2.55,1.67
27.3,3,8,1,1,6,1.06,4.65,1.5170833333333336
-1.5,5,9,1,1,6,0.98,2.76,1.4400000000000002
27.7,5,10,1,1,6,0.91,2.39,1.3920833333333336
26.8,4,10,1,1,6,1.24,2.99,1.3283333333333334
26.0,3,11,1,1,6,1.46,2.98,1.26875
15.7,4,12,1,1,6,1.55,3.16,1.2020833333333334
-4.1,2,13,1,1,6,1.56,2.21,1.1779166666666667
-5.0,2,14,1,1,6,1.63,1.0,1.1612500000000001
-7.8,2,15,1,1,6,0.6,1.09,1.1433333333333333
-6.5,1,15,1,1,6,0.66,0.68,1.1729166666666668
37.0,3,16,1,1,6,1.39,1.8,1.1095833333333334
9.8,1,20,1,1,6,0.28,0.84,1.0987500000000001
-5.3,5,21,1,1,6,0.58,0.36,1.1129166666666668
13.2,3,21,1,1,6,0.7,0.38,1.17375
16.1,3,21,1,1,6,1.84,0.36,1.2108333333333332
18.4,5,22,1,1,6,1.25,1.16,1.1937499999999999
23.1,5,0,2,1,0,0.75,1.12,1.1866666666666668
33.2,2,0,2,1,0,0.95,1.09,1.2225
23.9,5,1,2,1,0,1.95,1.61,1.16875
20.5,1,3,2,1,0,0.32,1.79,1.1191666666666666
-3.7,1,3,2,1,0,0.6,1.92,1.0666666666666667
3.3,4,4,2,1,0,0.66,1.29,1.0225
32.8,1,4,2,1,0,0.23,1.39,0.9770833333333334
8.5,4,4,2,1,0,0.3,1.06,0.9824999999999999
31.8,2,4,2,1,0,1.19,0.98,1.01125
-9.4,4,6,2,1,0,1.67,0.91,1.0458333333333332
5.9,4,6,2,1,0,1.74,1.24,1.01
5.4,2,7,2,1,0,0.38,1.46,0.9695833333333334
-7.7,3,8,2,1,0,0.49,1.55,0.9404166666666666
12.6,4,8,2,1,0,0.85,1.56,0.8904166666666667
25.2,2,9,2,1,0,0.36,1.63,0.8650000000000001
35.0,4,9,2,1,0,1.02,0.6,0.8795833333333333
35.8,3,10,2,1,0,0.95,0.66,0.9216666666666665
-7.3,1,10,2,1,0,1.67,1.39,0.8833333333333333
7.7,1,11,2,1,0,0.47,0.28,0.9525
-5.6,2,11,2,1,0,1.94,0.58,0.9633333333333333
29.4,4,13,2,1,0,0.84,0.7,0.9908333333333333
17.5,1,14,2,1,0,1.36,1.84,0.9874999999999999
-2.9,1,15,2,1,0,1.76,1.25,0.9874999999999999
26.0,5,17,2,1,0,1.25,0.75,1.0216666666666667
-8.8,4,18,2,1,0,1.57,0.95,0.9966666666666667
19.4,1,18,2,1,0,0.35,1.95,0.9495833333333333
10.0,4,19,2,1,0,0.82,0.32,0.9545833333333333
-3.5,1,22,2,1,0,0.44,0.6,0.9458333333333333
23.3,1,23,2,1,0,0.39,0.66,0.9291666666666667
22.0,2,23,2,1,0,0.26,0.23,0.9774999999999999
1.0,5,0,3,1,1,1.39,0.3,1.0245833333333332
38.2,1,0,3,1,1,1.43,1.19,1.0525
18.9,1,0,3,1,1,1.86,1.67,1.0658333333333332
-7.9,2,1,3,1,1,1.99,1.74,1.06375
23.2,4,2,3,1,1,1.69,0.38,1.075
2.6,1,2,3,1,1,0.65,0.49,1.1279166666666667
8.0,4,2,3,1,1,1.76,0.85,1.1279166666666667
35.0,3,2,3,1,1,0.85,0.36,1.1212499999999999
9.6,2,4,3,1,1,0.2,1.02,1.11875
8.8,2,5,3,1,1,0.96,0.95,1.0916666666666666
31.3,5,10,3,1,1,0.3,1.67,1.03875
21.2,1,10,3,1,1,0.4,0.47,1.0720833333333333
-8.0,5,11,3,1,1,1.27,1.94,1.0179166666666666
15.8,4,12,3,1,1,0.64,0.84,1.01875
21.9,2,12,3,1,1,0.86,1.36,0.9704166666666668
9.6,5,12,3,1,1,0.2,1.76,0.9158333333333334
21.8,3,12,3,1,1,0.45,1.25,0.9070833333333334
23.7,1,13,3,1,1,1.04,1.57,0.8933333333333334
30.6,4,13,3,1,1,1.24,0.35,0.9474999999999999
9.1,1,13,3,1,1,1.65,0.82,0.9329166666666667
3.2,4,13,3,1,1,0.47,0.44,0.9745833333333334
14.3,5,15,3,1,1,1.44,0.39,1.0308333333333333
-5.7,1,16,3,1,1,1.74,0.26,1.0466666666666666
18.9,3,16,3,1,1,0.64,1.39,1.0241666666666667
35.8,2,16,3,1,1,0.85,1.43,1.0225000000000002
3.1,4,17,3,1,1,1.39,1.86,0.9708333333333332
6.4,4,18,3,1,1,0.62,1.99,0.9470833333333334
16.1,3,19,3,1,1,1.42,1.69,0.9541666666666666
-9.4,5,19,3,1,1,1.86,0.65,0.955
10.0,2,19,3,1,1,0.67,1.76,0.9029166666666666
30.8,2,20,3,1,1,0.51,0.85,0.9416666666666668
3.7,3,22,3,1,1,1.78,0.2,0.9708333333333333
13.9,3,23,3,1,1,0.9,0.96,0.9558333333333334
20.7,5,23,3,1,1,0.6,0.3,1.0145833333333334
34.8,3,23,3,1,1,1.71,0.4,1.0079166666666668
16.4,1,0,4,1,2,0.24,1.27,0.9808333333333334
4.5,5,0,4,1,2,0.62,0.64,1.0258333333333334
25.4,4,1,4,1,2,1.72,0.86,1.0458333333333332
28.3,1,1,4,1,2,1.34,0.2,1.0483333333333333
-0.4,3,4,4,1,2,0.26,0.45,1.0754166666666667
24.9,5,4,4,1,2,1.1,1.04,1.1091666666666666
9.7,4,4,4,1,2,1.85,1.24,1.1120833333333333
14.4,1,4,4,1,2,1.31,1.65,1.0891666666666666
31.4,3,4,4,1,2,1.1,0.47,1.0929166666666668
15.6,1,5,4,1,2,0.56,1.44,1.0725
20.9,2,5,4,1,2,0.95,1.74,1.0616666666666668
21.5,1,6,4,1,2,1.48,0.64,1.0970833333333334
9.7,5,6,4,1,2,1.49,0.85,1.1341666666666665
32.6,3,7,4,1,2,1.74,1.39,1.1004166666666666
30.0,1,8,4,1,2,0.58,0.62,1.1079166666666667
2.7,4,9,4,1,2,0.8,1.42,1.0816666666666668
-1.3,3,9,4,1,2,0.79,1.86,1.0262499999999999
24.2,2,9,4,1,2,0.53,0.67,1.0695833333333333
34.8,1,10,4,1,2,1.71,0.51,1.12625
29.2,1,11,4,1,2,1.87,1.78,1.115
0.4,3,12,4,1,2,1.51,0.9,1.1341666666666668
36.4,1,15,4,1,2,1.36,0.6,1.1725
22.9,2,15,4,1,2,1.52,1.71,1.13
7.9,3,16,4,1,2,0.69,0.24,1.195
10.5,1,16,4,1,2,1.8,0.62,1.2329166666666667
17.7,3,17,4,1,2,1.53,1.72,1.1870833333333335
21.1,2,18,4,1,2,0.62,1.34,1.1512499999999999
20.0,5,20,4,1,2,0.48,0.26,1.1720833333333334
16.4,3,20,4,1,2,0.76,1.1,1.1929166666666668
9.1,4,21,4,1,2,1.6,1.85,1.1704166666666667
29.2,5,21,4,1,2,1.31,1.31,1.1495833333333334
10.0,2,22,4,1,2,0.81,1.1,1.1158333333333335
17.9,4,22,4,1,2,0.29,0.56,1.1554166666666668
24.2,3,22,4,1,2,1.51,0.95,1.1675000000000002
0.2,4,23,4,1,2,1.24,1.48,1.1495833333333334
-6.3,5,0,5,1,3,1.05,1.49,1.1366666666666667
20.1,4,2,5,1,3,1.18,1.74,1.1004166666666666
34.6,1,2,5,1,3,0.87,0.58,1.1195833333333332
-8.2,2,3,5,1,3,1.04,0.8,1.1316666666666668
8.7,5,3,5,1,3,1.09,0.79,1.1129166666666668
17.9,2,3,5,1,3,0.34,0.53,1.1470833333333335
-8.6,1,3,5,1,3,1.35,1.71,1.1470833333333335
1.5,2,4,5,1,3,1.71,1.87,1.1312499999999999
12.3,3,4,5,1,3,1.49,1.51,1.1004166666666668
8.4,1,5,5,1,3,0.77,1.36,1.0841666666666667
4.2,2,5,5,1,3,0.97,1.52,1.035
34.4,1,6,5,1,3,0.34,0.69,1.0583333333333333
25.0,2,7,5,1,3,1.25,1.8,0.9945833333333334
4.9,3,8,5,1,3,0.27,1.53,0.9791666666666666
36.8,2,10,5,1,3,1.16,0.62,1.0025
-9.0,4,10,5,1,3,1.18,0.48,1.0516666666666667
13.4,2,11,5,1,3,1.66,0.76,1.0579166666666666
36.9,3,11,5,1,3,0.91,1.6,1.06625
-4.3,1,11,5,1,3,1.8,1.31,1.0829166666666667
10.4,5,12,5,1,3,1.71,0.81,1.08125
9.5,1,13,5,1,3,0.77,0.29,1.15
10.9,3,13,5,1,3,1.94,1.51,1.1529166666666668
-8.8,5,14,5,1,3,1.58,1.24,1.1295833333333334
25.5,3,15,5,1,3,0.68,1.05,1.1295833333333334
29.5,3,17,5,1,3,1.05,1.18,1.135
26.4,2,19,5,1,3,1.31,0.87,1.1804166666666667
2.8,4,20,5,1,3,1.96,1.04,1.1558333333333333
31.5,2,20,5,1,3,0.45,1.09,1.1916666666666667
20.6,3,21,5,1,3,1.95,0.34,1.24875
0.3,2,21,5,1,3,1.71,1.35,1.2733333333333334
4.8,4,22,5,1,3,1.94,1.71,1.235
-7.0,2,23,5,1,3,0.79,1.49,1.2554166666666668
6.9,1,1,6,1,4,1.98,0.77,1.3025
39.1,5,2,6,1,4,1.9,0.97,1.2883333333333333
24.1,5,3,6,1,4,0.63,0.34,1.3520833333333335
14.3,4,5,6,1,4,1.87,1.25,1.345
17.0,1,6,6,1,4,1.08,0.27,1.3791666666666664
18.3,4,6,6,1,4,1.09,1.16,1.3658333333333335
35.5,2,7,6,1,4,0.84,1.18,1.3583333333333334
-3.9,3,7,6,1,4,1.0,1.66,1.3220833333333333
23.3,1,7,6,1,4,0.79,0.91,1.35625
-1.7,1,8,6,1,4,1.73,1.8,1.3462500000000002
39.2,2,8,6,1,4,1.56,1.71,1.3095833333333333
-8.4,4,8,6,1,4,0.83,0.77,1.33375
-2.5,5,9,6,1,4,1.35,1.94,1.33125
14.9,4,10,6,1,4,1.88,1.58,1.2870833333333334
9.0,5,10,6,1,4,0.52,0.68,1.3345833333333335
34.6,4,12,6,1,4,1.82,1.05,1.3366666666666667
33.5,4,13,6,1,4,1.1,1.31,1.3479166666666667
24.8,5,13,6,1,4,1.58,1.96,1.28125
-0.7,2,13,6,1,4,0.36,0.45,1.3116666666666668
9.2,2,13,6,1,4,1.18,1.95,1.24
10.9,2,14,6,1,4,0.23,1.71,1.2204166666666667
-3.3,2,14,6,1,4,1.24,1.94,1.1504166666666669
19.4,1,16,6,1,4,0.26,0.79,1.12625
9.0,2,17,6,1,4,0.21,1.98,1.1116666666666666
-0.6,1,17,6,1,4,1.63,1.9,1.065
30.3,5,17,6,1,4,0.78,0.63,1.04875
19.8,4,18,6,1,4,0.24,1.87,1.04875
18.7,2,19,6,1,4,1.87,1.08,1.0708333333333335
-1.7,1,19,6,1,4,1.61,1.09,1.0579166666666666
0.7,2,20,6,1,4,0.78,0.84,1.0775
8.7,1,20,6,1,4,1.31,1.0,1.06125
6.9,3,23,6,1,4,0.61,0.79,1.0495833333333333
21.4,3,23,6,1,4,0.51,1.73,1.0008333333333332
16.5,2,0,7,1,5,0.56,1.56,0.9495833333333333
-1.8,4,1,7,1,5,0.33,0.83,0.9729166666666665
13.8,3,3,7,1,5,1.39,1.35,0.9945833333333334
-1.4,3,4,7,1,5,1.87,1.88,0.9454166666666667
6.7,3,5,7,1,5,0.7,0.52,0.9783333333333334
17.7,2,6,7,1,5,1.31,1.82,0.9341666666666666
23.5,1,6,7,1,5,0.76,1.1,0.94625
25.7,1,6,7,1,5,1.39,1.58,0.9091666666666667
15.9,3,8,7,1,5,0.69,0.36,0.9554166666666667
-2.8,3,8,7,1,5,1.47,1.18,0.9308333333333333
0.3,3,8,7,1,5,0.59,0.23,0.9804166666666666
-3.2,3,8,7,1,5,1.42,1.24,1.00875
18.1,5,9,7,1,5,1.92,0.26,1.0295833333333333
26.2,2,9,7,1,5,0.76,0.21,1.0533333333333332
2.7,3,10,7,1,5,0.78,1.63,1.0616666666666668
32.9,3,10,7,1,5,1.83,0.78,1.0679166666666668
-6.9,4,11,7,1,5,0.93,0.24,1.1187500000000001
-9.5,1,11,7,1,5,1.46,1.87,1.0545833333333332
26.1,3,11,7,1,5,0.33,1.61,1.0370833333333334
20.5,2,12,7,1,5,1.19,0.78,1.025
36.9,2,14,7,1,5,0.49,1.31,0.9858333333333333
-4.9,1,15,7,1,5,0.37,0.61,0.99375
3.8,4,15,7,1,5,0.8,0.51,1.0291666666666666
20.7,2,16,7,1,5,1.36,0.56,1.0775
26.4,1,16,7,1,5,1.72,0.33,1.1070833333333334
3.2,1,16,7,1,5,1.04,1.39,1.0725
38.2,5,18,7,1,5,0.56,1.87,1.0483333333333333
6.9,3,18,7,1,5,1.29,0.7,1.08
24.9,3,18,7,1,5,1.46,1.31,1.0895833333333333
-8.7,5,18,7,1,5,1.54,0.76,1.1275
5.8,2,19,7,1,5,1.67,1.39,1.09625
-1.5,1,19,7,1,5,0.64,0.69,1.14875
2.4,4,20,7,1,5,1.95,1.47,1.17
18.6,1,22,7,1,5,1.98,0.59,1.1883333333333332
-1.8,5,22,7,1,5,1.03,1.42,1.1491666666666667
21.2,5,0,8,1,6,0.48,1.92,1.1441666666666668
39.8,4,0,8,1,6,1.8,0.76,1.1633333333333333
25.4,1,2,8,1,6,1.22,0.78,1.1720833333333334
33.0,4,2,8,1,6,0.99,1.83,1.16875
9.9,4,5,8,1,6,1.75,0.93,1.1733333333333333
5.9,5,8,8,1,6,1.04,1.46,1.1470833333333335
0.8,5,8,8,1,6,0.83,0.33,1.1591666666666667
-7.3,5,10,8,1,6,0.62,1.19,1.1516666666666666
21.5,3,11,8,1,6,1.01,0.49,1.155
0.4,1,11,8,1,6,0.57,0.37,1.21875
16.4,1,12,8,1,6,1.9,0.8,1.2241666666666666
25.2,1,13,8,1,6,0.93,1.36,1.2020833333333332
19.9,4,15,8,1,6,0.83,1.72,1.1691666666666667
11.0,3,15,8,1,6,0.93,1.04,1.1441666666666668
17.3,1,15,8,1,6,0.44,0.56,1.1979166666666667
31.9,4,17,8,1,6,1.85,1.29,1.17125
-6.9,2,19,8,1,6,0.65,1.46,1.1845833333333333
1.0,4,20,8,1,6,1.78,1.54,1.195
14.3,2,20,8,1,6,1.79,1.67,1.1541666666666668
-3.6,3,0,9,1,0,0.69,0.64,1.1566666666666667
38.7,4,1,9,1,0,0.7,1.95,1.1491666666666667
14.1,1,8,9,1,0,1.77,1.98,1.1004166666666666
13.1,4,9,9,1,0,0.81,1.03,1.1270833333333334
7.2,3,11,9,1,0,1.67,0.48,1.1804166666666667
31.9,4,12,9,1,0,1.76,1.8,1.1245833333333333
8.4,3,12,9,1,0,0.46,1.22,1.1358333333333335
6.1,4,13,9,1,0,1.49,0.99,1.1404166666666666
37.3,4,13,9,1,0,1.1,1.75,1.1095833333333334
28.9,3,14,9,1,0,1.01,1.04,1.0783333333333334
8.4,3,16,9,1,0,0.29,0.83,1.1158333333333335
10.0,4,16,9,1,0,1.73,0.62,1.1616666666666666
-3.5,5,17,9,1,0,1.72,1.01,1.1575
19.2,2,18,9,1,0,0.91,0.57,1.1458333333333333
20.9,5,18,9,1,0,0.29,1.9,1.0908333333333333
32.1,2,20,9,1,0,0.58,0.93,1.0779166666666666
1.2,3,21,9,1,0,0.62,0.83,1.1070833333333334
38.9,2,21,9,1,0,1.53,0.93,1.0970833333333334
30.3,4,21,9,1,0,0.69,0.44,1.09625
29.0,1,21,9,1,0,0.42,1.85,1.0766666666666667
16.5,2,23,9,1,0,1.38,0.65,1.1129166666666668
-1.8,4,23,9,1,0,1.52,1.78,1.0616666666666668
35.0,3,0,10,1,1,0.55,1.79,1.0295833333333333
17.9,2,0,10,1,1,1.02,0.69,1.0716666666666665
2.6,1,2,10,1,1,1.7,0.7,1.1083333333333332
33.6,5,2,10,1,1,1.58,1.77,1.0808333333333333
27.5,4,7,10,1,1,1.11,0.81,1.07875
29.1,3,8,10,1,1,0.76,1.67,1.0833333333333333
36.3,2,8,10,1,1,1.78,1.76,1.0233333333333334
3.1,4,8,10,1,1,0.32,0.46,1.0795833333333333
10.0,1,11,10,1,1,1.81,1.49,1.0983333333333334
-3.1,4,11,10,1,1,1.94,1.1,1.1300000000000001
-4.6,2,12,10,1,1,1.86,1.01,1.1008333333333333
35.0,5,13,10,1,1,0.31,0.29,1.1183333333333334
31.9,2,13,10,1,1,0.71,1.73,1.0958333333333334
1.2,5,14,10,1,1,1.19,1.72,1.07125
-7.6,5,14,10,1,1,1.13,0.91,1.1120833333333333
35.2,1,14,10,1,1,1.89,0.29,1.1525
15.5,5,16,10,1,1,1.26,0.58,1.14
19.3,1,16,10,1,1,0.28,0.62,1.1633333333333333
21.9,1,16,10,1,1,1.18,1.53,1.1545833333333333
14.2,3,17,10,1,1,1.32,0.69,1.1845833333333333
3.2,5,17,10,1,1,1.41,0.42,1.2195833333333335
5.7,4,19,10,1,1,1.26,1.38,1.215
25.4,3,20,10,1,1,1.27,1.52,1.2141666666666666
-4.7,3,21,10,1,1,1.5,0.55,1.2266666666666666
27.2,1,0,11,1,2,0.85,1.02,1.2562499999999999
15.3,1,0,11,1,2,1.73,1.7,1.2683333333333333
8.8,1,1,11,1,2,1.99,1.58,1.2841666666666667
28.8,5,1,11,1,2,1.96,1.11,1.2625
-2.5,4,1,11,1,2,0.59,0.76,1.2795833333333333
-4.0,2,2,11,1,2,1.17,1.78,1.2370833333333333
32.4,1,2,11,1,2,0.76,0.32,1.2533333333333332
22.4,3,2,11,1,2,0.71,1.81,1.2
-9.0,4,2,11,1,2,0.53,1.94,1.1870833333333333
21.6,3,2,11,1,2,1.63,1.86,1.1495833333333334
-9.3,2,5,11,1,2,0.96,0.31,1.2004166666666667
-1.1,4,5,11,1,2,1.53,0.71,1.1824999999999999
-2.5,5,5,11,1,2,0.28,1.19,1.1541666666666666
28.2,1,6,11,1,2,0.51,1.13,1.1470833333333335
33.9,4,6,11,1,2,0.96,1.89,1.0791666666666666
25.7,3,6,11,1,2,0.26,1.26,1.0866666666666667
1.5,1,7,11,1,2,1.44,0.28,1.095
11.8,2,8,11,1,2,0.48,1.18,1.1025
-5.2,1,9,11,1,2,1.36,1.32,1.0745833333333332
8.3,1,11,11,1,2,0.65,1.41,1.0383333333333333
19.5,1,11,11,1,2,0.54,1.26,1.0216666666666667
5.6,4,11,11,1,2,0.86,1.27,1.0504166666666666
36.3,1,12,11,1,2,1.96,1.5,1.0683333333333331
5.3,2,14,11,1,2,1.93,0.85,1.1045833333333335
13.9,3,14,11,1,2,1.72,1.73,1.0483333333333333
26.5,2,16,11,1,2,0.38,1.99,0.9812499999999998
30.3,1,16,11,1,2,0.38,1.96,0.91
-8.5,3,17,11,1,2,0.25,0.59,0.9108333333333333
4.6,2,17,11,1,2,0.61,1.17,0.9104166666666665
15.6,4,18,11,1,2,1.16,0.76,0.9558333333333334
17.6,3,18,11,1,2,1.85,0.71,0.99375
-2.9,1,19,11,1,2,1.62,0.53,1.015
14.5,4,19,11,1,2,1.04,1.63,0.9916666666666667
-4.8,5,20,11,1,2,1.07,0.96,0.9633333333333334
12.2,5,20,11,1,2,0.28,1.53,0.9570833333333333
6.0,2,20,11,1,2,1.38,0.28,0.99125
35.2,5,21,11,1,2,1.1,0.51,1.0516666666666665
29.9,1,22,11,1,2,1.96,0.96,1.085
-3.3,3,0,12,1,3,1.76,0.26,1.115
27.7,3,1,12,1,3,0.98,1.44,1.1070833333333334
11.5,5,3,12,1,3,1.25,0.48,1.1224999999999998
8.5,5,5,12,1,3,0.85,1.36,1.1391666666666667
37.9,4,5,12,1,3,1.76,0.65,1.1612500000000001
37.0,1,6,12,1,3,1.18,0.54,1.1583333333333334
20.3,5,7,12,1,3,0.47,0.86,1.1645833333333333
-2.5,1,7,12,1,3,1.01,1.96,1.0958333333333334
-1.2,2,7,12,1,3,0.31,1.93,1.0425000000000002
-2.4,5,8,12,1,3,0.65,1.72,1.0504166666666668
7.6,1,11,12,1,3,1.91,0.38,1.0525
23.5,1,12,12,1,3,0.43,0.38,1.0820833333333335
-6.5,1,12,12,1,3,1.09,0.25,1.1295833333333334
-5.5,3,13,12,1,3,1.39,0.61,1.1454166666666667
-0.1,3,13,12,1,3,0.99,1.16,1.1095833333333334
6.9,3,14,12,1,3,0.3,1.85,1.0595833333333333
2.3,4,14,12,1,3,0.65,1.62,1.0216666666666667
15.4,4,15,12,1,3,0.71,1.04,1.0191666666666668
21.1,2,15,12,1,3,0.98,1.07,0.9845833333333333
0.6,5,16,12,1,3,0.24,0.28,1.0233333333333332
19.4,4,16,12,1,3,1.21,1.38,0.9908333333333332
38.8,5,17,12,1,3,0.6,1.1,0.9758333333333334
24.4,2,18,12,1,3,0.74,1.96,0.9420833333333333
-1.7,3,18,12,1,3,1.15,1.76,0.9420833333333333
14.4,1,18,12,1,3,1.76,0.98,0.975
38.3,5,18,12,1,3,1.77,1.25,0.9933333333333333
-0.5,3,19,12,1,3,1.69,0.85,1.02
17.4,2,19,12,1,3,1.49,1.76,1.025
1.3,4,20,12,1,3,1.88,1.18,1.0170833333333333
20.1,1,21,12,1,3,0.99,0.47,1.0458333333333334
36.1,3,21,12,1,3,1.16,1.01,1.0808333333333333
14.3,3,22,12,1,3,1.85,0.31,1.14
24.0,3,22,12,1,3,1.73,0.65,1.1637499999999998
25.7,4,23,12,1,3,1.22,1.91,1.1145833333333333
-9.9,3,1,13,1,4,0.73,0.43,1.1337499999999998
9.9,3,1,13,1,4,0.89,1.09,1.1224999999999998
21.0,1,2,13,1,4,0.82,1.39,1.14375
4.8,1,6,13,1,4,1.9,0.99,1.1241666666666668
13.4,5,6,13,1,4,0.52,0.3,1.1895833333333332
-7.1,1,7,13,1,4,1.87,0.65,1.2258333333333333
8.2,3,9,13,1,4,1.52,0.71,1.2108333333333332
-7.6,4,10,13,1,4,0.35,0.98,1.2083333333333333
21.9,3,10,13,1,4,0.92,0.24,1.2475
-5.3,4,12,13,1,4,1.18,1.21,1.2283333333333333
37.0,1,12,13,1,4,0.75,0.6,1.2175
20.2,3,13,13,1,4,0.34,0.74,1.2683333333333333
1.3,1,13,13,1,4,1.96,1.15,1.2695833333333333
5.4,5,13,13,1,4,1.18,1.76,1.24125
3.1,2,15,13,1,4,1.08,1.77,1.195
6.9,1,15,13,1,4,0.66,1.69,1.1895833333333332
38.2,3,16,13,1,4,1.56,1.49,1.205
38.7,2,16,13,1,4,1.86,1.88,1.20625
-2.7,1,17,13,1,4,1.91,0.99,1.19875
27.3,1,18,13,1,4,0.81,1.16,1.20375
17.2,2,19,13,1,4,1.28,1.85,1.2070833333333335
-4.9,5,19,13,1,4,1.93,1.73,1.2
26.1,3,19,13,1,4,1.56,1.22,1.19375
-4.4,4,23,13,1,4,1.07,0.73,1.2170833333333333
36.2,3,23,13,1,4,1.29,0.89,1.23125
18.4,2,0,14,1,5,1.23,0.82,1.21875
33.1,4,2,14,1,5,0.52,1.9,1.20875
15.8,4,4,14,1,5,1.66,0.52,1.26
13.5,1,4,14,1,5,1.75,1.87,1.2029166666666666
23.3,1,4,14,1,5,0.5,1.52,1.2208333333333334
-4.9,4,5,14,1,5,1.95,0.35,1.2883333333333333
-5.3,3,5,14,1,5,1.97,0.92,1.2754166666666666
37.0,2,5,14,1,5,0.61,1.18,1.2654166666666666
38.1,2,6,14,1,5,0.94,0.75,1.2504166666666665
7.6,1,6,14,1,5,0.39,0.34,1.2741666666666667
37.2,1,7,14,1,5,0.91,1.96,1.2625
-9.8,2,10,14,1,5,1.68,1.18,1.2274999999999998
32.7,1,10,14,1,5,0.34,1.08,1.2041666666666666
38.4,5,10,14,1,5,0.52,0.66,1.1916666666666667
14.6,4,10,14,1,5,0.36,1.56,1.1491666666666667
1.7,2,11,14,1,5,0.54,1.86,1.1424999999999998
27.4,2,12,14,1,5,1.7,1.91,1.0887499999999999
-9.3,2,13,14,1,5,0.62,0.81,1.1370833333333332
-3.8,2,13,14,1,5,1.97,1.28,1.1258333333333332
11.3,5,15,14,1,5,1.01,1.93,1.1170833333333332
5.3,4,15,14,1,5,1.72,1.56,1.0941666666666665
35.4,3,18,14,1,5,1.01,1.07,1.1158333333333335
4.2,1,18,14,1,5,1.59,1.29,1.1241666666666668
8.0,3,18,14,1,5,1.49,1.23,1.1395833333333334
1.8,3,18,14,1,5,1.6,0.52,1.1266666666666667
8.6,1,21,14,1,5,0.21,1.66,1.075
24.8,1,21,14,1,5,0.42,1.75,1.0104166666666667
-9.2,1,0,15,1,6,0.2,0.5,1.0433333333333332
12.6,3,2,15,1,6,1.29,1.95,1.0129166666666667
28.7,5,2,15,1,6,1.22,1.97,1.0070833333333333
-5.7,2,2,15,1,6,1.83,0.61,1.0220833333333332
8.7,2,2,15,1,6,0.97,0.94,0.9929166666666668
12.5,5,6,15,1,6,0.24,0.39,1.0033333333333334
7.2,5,6,15,1,6,0.64,0.91,0.9858333333333333
17.8,1,6,15,1,6,0.49,1.68,0.9483333333333334
23.0,4,6,15,1,6,0.78,0.34,0.9804166666666667
39.5,1,7,15,1,6,1.11,0.52,1.03875
10.1,3,8,15,1,6,1.92,0.36,1.0870833333333334
35.8,2,9,15,1,6,1.52,0.54,1.0933333333333333
6.8,5,10,15,1,6,0.69,1.7,1.0366666666666666
-8.3,4,10,15,1,6,0.34,0.62,1.09375
-1.2,2,10,15,1,6,1.99,1.97,1.07
0.1,2,10,15,1,6,1.4,1.01,1.0941666666666665
-6.4,3,11,15,1,6,1.59,1.72,1.06125
24.2,4,13,15,1,6,0.93,1.01,1.0954166666666667
1.6,3,13,15,1,6,1.83,1.59,1.0933333333333335
37.8,4,15,15,1,6,1.54,1.49,1.0525
38.4,5,15,15,1,6,0.51,1.6,1.0104166666666667
12.1,2,17,15,1,6,0.59,0.21,1.0304166666666668
-2.0,2,18,15,1,6,0.69,0.42,1.0583333333333333
22.9,4,21,15,1,6,1.09,0.2,1.0725
2.3,2,21,15,1,6,0.54,1.29,1.09375
11.7,1,23,15,1,6,1.8,1.22,1.1095833333333334
-8.9,4,23,15,1,6,1.6,1.83,1.04375
17.4,4,23,15,1,6,0.25,0.97,1.0462500000000001
6.8,2,0,16,1,0,1.03,0.24,1.0616666666666668
9.0,3,1,16,1,0,0.61,0.64,1.0891666666666666
-2.7,4,1,16,1,0,1.3,0.49,1.1075000000000002
23.0,5,2,16,1,0,0.93,0.78,1.1179166666666667
-5.7,3,2,16,1,0,1.03,1.11,1.0970833333333334
8.5,2,3,16,1,0,0.61,1.92,1.0562500000000001
-2.0,3,3,16,1,0,0.94,1.52,1.0695833333333333
6.5,5,3,16,1,0,1.84,0.69,1.0825
29.4,3,5,16,1,0,1.0,0.34,1.0870833333333334
-1.1,3,5,16,1,0,0.45,1.99,1.0216666666666667
20.6,2,5,16,1,0,0.42,1.4,0.9858333333333333
19.0,3,5,16,1,0,0.54,1.59,0.94875
15.7,4,7,16,1,0,0.7,0.93,0.9633333333333334
-7.4,4,7,16,1,0,1.28,1.83,0.9095833333333333
26.3,5,7,16,1,0,0.54,1.54,0.9091666666666667
-5.7,4,8,16,1,0,1.53,0.51,0.9229166666666666
25.9,3,10,16,1,0,0.84,0.59,0.9787499999999999
22.9,2,10,16,1,0,1.93,0.69,0.9904166666666666
13.3,2,10,16,1,0,0.97,1.09,0.9550000000000001
8.3,5,10,16,1,0,0.24,0.54,0.9550000000000001
37.2,1,12,16,1,0,0.54,1.8,0.9287500000000001
16.7,4,13,16,1,0,1.17,1.6,0.8775
18.5,5,14,16,1,0,0.37,0.25,0.8962500000000001
36.0,3,14,16,1,0,0.7,1.03,0.92125
28.3,4,14,16,1,0,1.63,0.61,0.9758333333333332
-9.8,3,15,16,1,0,1.92,1.3,0.9354166666666667
18.6,3,15,16,1,0,0.33,0.93,0.9470833333333332
25.3,1,18,16,1,0,1.21,1.03,0.93125
27.4,5,19,16,1,0,0.65,0.61,0.9624999999999999
14.1,4,22,16,1,0,1.36,0.94,0.9395833333333333
36.5,5,22,16,1,0,0.39,1.84,0.9333333333333335
-0.5,5,23,16,1,0,1.69,1.0,0.9620833333333333
25.1,1,2,17,1,1,1.69,0.45,0.9566666666666667
7.9,4,4,17,1,1,0.32,0.42,0.9841666666666667
29.7,5,4,17,1,1,1.08,0.54,0.9841666666666667
-0.8,3,4,17,1,1,0.54,0.7,1.0095833333333333
7.8,1,6,17,1,1,1.31,1.28,1.0245833333333334
31.9,1,7,17,1,1,1.64,0.54,1.0850000000000002
30.0,5,8,17,1,1,1.99,1.53,1.0991666666666666
30.7,4,9,17,1,1,1.87,0.84,1.1358333333333335
4.6,1,9,17,1,1,1.72,1.93,1.1
35.8,3,9,17,1,1,1.07,0.97,1.1133333333333335
15.6,4,10,17,1,1,1.29,0.24,1.1529166666666666
8.3,2,10,17,1,1,1.19,0.54,1.16625
19.8,1,10,17,1,1,0.86,1.17,1.1604166666666667
-4.3,5,11,17,1,1,1.03,0.37,1.2245833333333334
32.3,1,12,17,1,1,1.91,0.7,1.2229166666666667
33.4,1,14,17,1,1,0.66,1.63,1.1791666666666667
12.3,1,16,17,1,1,0.58,1.92,1.18
16.7,4,17,17,1,1,1.94,0.33,1.2416666666666667
9.3,4,17,17,1,1,1.81,1.21,1.2379166666666668
-6.8,3,18,17,1,1,1.12,0.65,1.2329166666666667
37.0,2,18,17,1,1,0.53,1.36,1.2166666666666666
4.0,2,19,17,1,1,0.97,0.39,1.24625
-0.6,3,20,17,1,1,1.1,1.69,1.1854166666666666
1.4,2,21,17,1,1,0.23,1.69,1.17625
-0.5,1,22,17,1,1,1.47,0.32,1.1991666666666667
14.5,1,1,18,1,2,0.87,1.08,1.2020833333333332
-6.4,2,1,18,1,2,1.15,0.54,1.2129166666666666
19.1,1,1,18,1,2,0.8,1.31,1.1808333333333334
-2.8,2,1,18,1,2,0.54,1.64,1.1441666666666668
-0.1,5,3,18,1,2,0.76,1.99,1.1404166666666666
4.5,1,3,18,1,2,1.9,1.87,1.135
14.1,3,3,18,1,2,1.74,1.72,1.1041666666666667
-4.2,4,4,18,1,2,0.98,1.07,1.0745833333333332
34.2,1,5,18,1,2,0.36,1.29,1.07875
24.8,2,6,18,1,2,1.39,1.19,1.0408333333333333
33.2,3,6,18,1,2,0.28,0.86,1.065
32.6,5,9,18,1,2,1.44,1.03,1.0595833333333333
4.5,2,10,18,1,2,0.9,1.91,1.0208333333333333
24.4,2,10,18,1,2,0.98,0.66,1.0204166666666667
29.2,1,13,18,1,2,0.65,0.58,1.0295833333333333
18.8,4,13,18,1,2,0.8,1.94,0.985
13.9,3,14,18,1,2,0.87,1.81,0.9295833333333333
10.5,2,15,18,1,2,0.48,1.12,0.94625
33.2,3,15,18,1,2,1.52,0.53,0.9958333333333332
33.8,3,15,18,1,2,1.72,0.97,0.9995833333333334
32.2,3,16,18,1,2,1.06,1.1,0.9841666666666667
-1.6,1,17,18,1,2,0.73,0.23,0.9958333333333332
20.2,1,19,18,1,2,0.51,1.47,0.9866666666666667
17.4,5,21,18,1,2,1.25,0.87,0.9595833333333332
-7.1,3,23,18,1,2,0.22,1.15,0.9862500000000001
-3.3,2,23,18,1,2,1.79,0.8,1.0175
-2.9,1,1,19,1,3,1.55,0.54,1.02125
34.6,3,2,19,1,3,0.63,0.76,1.0033333333333332
13.8,2,4,19,1,3,0.33,1.9,0.9870833333333334
13.8,5,5,19,1,3,1.51,1.74,0.9779166666666667
33.5,2,5,19,1,3,1.52,0.98,0.9604166666666666
7.7,2,9,19,1,3,0.56,0.36,0.9895833333333334
36.8,4,9,19,1,3,1.06,1.39,0.9841666666666665
20.1,3,9,19,1,3,1.26,0.28,0.9975
-4.1,5,11,19,1,3,0.6,1.44,0.9787499999999999
27.0,2,12,19,1,3,0.99,0.9,0.98875
5.4,5,12,19,1,3,1.14,0.98,0.9570833333333333
35.7,4,14,19,1,3,0.22,0.65,0.9433333333333334
8.4,3,15,19,1,3,0.32,0.8,0.9370833333333334
-7.8,5,17,19,1,3,0.65,0.87,0.91125
31.5,1,18,19,1,3,0.25,0.48,0.9741666666666666
20.3,1,18,19,1,3,1.99,1.52,0.9504166666666666
30.4,4,19,19,1,3,0.95,1.72,0.91
21.5,3,19,19,1,3,0.75,1.06,0.915
-0.6,2,19,19,1,3,1.18,0.73,0.9375
-6.2,5,23,19,1,3,1.27,0.51,0.9404166666666667
33.8,1,23,19,1,3,0.58,1.25,0.9591666666666666
30.0,5,0,20,1,4,1.7,0.22,0.9825
24.0,2,1,20,1,4,0.78,1.79,0.9679166666666666
2.9,4,1,20,1,4,1.44,1.55,0.9333333333333332
27.0,5,2,20,1,4,0.72,0.63,0.9779166666666667
7.5,2,3,20,1,4,1.7,0.33,0.9733333333333333
7.8,4,4,20,1,4,0.22,1.51,0.9362499999999999
-1.1,1,5,20,1,4,0.62,1.52,0.8858333333333333
14.0,3,5,20,1,4,0.31,0.56,0.9129166666666667
34.9,2,6,20,1,4,1.21,1.06,0.8966666666666666
4.8,5,6,20,1,4,0.67,1.26,0.8554166666666667
26.4,1,6,20,1,4,0.27,0.6,0.8833333333333333
-8.0,3,7,20,1,4,1.27,0.99,0.8891666666666667
8.1,5,8,20,1,4,1.13,1.14,0.8666666666666667
20.2,5,8,20,1,4,0.6,0.22,0.8975000000000001
25.5,5,9,20,1,4,0.96,0.32,0.9654166666666667
39.6,1,10,20,1,4,1.95,0.65,0.9608333333333333
-1.3,4,10,20,1,4,0.54,0.25,0.975
23.4,2,10,20,1,4,0.59,1.99,0.94625
35.0,4,11,20,1,4,1.3,0.95,0.9833333333333334
25.9,5,14,20,1,4,1.84,0.75,1.0179166666666666
18.1,4,15,20,1,4,1.58,1.18,0.9904166666666668
22.2,5,17,20,1,4,0.52,1.27,0.9795833333333333
10.0,3,18,20,1,4,1.01,0.58,1.0258333333333334
14.0,5,20,20,1,4,1.69,1.7,0.9683333333333334
2.4,1,21,20,1,4,0.32,0.78,0.94625
7.5,1,21,20,1,4,0.25,1.44,0.9149999999999999
26.5,2,22,20,1,4,0.69,0.72,0.9191666666666666
25.8,5,1,21,1,5,0.82,1.7,0.8850000000000001
33.2,4,1,21,1,5,0.88,0.22,0.9091666666666667
31.8,4,2,21,1,5,0.8,0.62,0.91
-5.6,2,2,21,1,5,0.64,0.31,0.9783333333333334
22.2,3,4,21,1,5,1.95,1.21,0.9558333333333334
28.0,2,5,21,1,5,0.67,0.67,0.9583333333333334
8.2,4,6,21,1,5,0.73,0.27,1.0145833333333334
-9.9,2,8,21,1,5,1.62,1.27,1.0108333333333335
17.6,1,9,21,1,5,1.18,1.13,1.0095833333333333
8.1,4,13,21,1,5,1.1,0.6,1.0562500000000001
0.2,5,14,21,1,5,1.72,0.96,1.0525
23.5,4,15,21,1,5,0.87,1.95,0.9866666666666667
-0.9,1,17,21,1,5,0.37,0.54,1.0183333333333333
34.3,3,18,21,1,5,1.3,0.59,1.0425
0.8,5,19,21,1,5,1.17,1.3,1.01375
10.6,5,19,21,1,5,0.61,1.84,0.9491666666666667
7.4,3,20,21,1,5,0.29,1.58,0.9620833333333333
17.1,3,20,21,1,5,1.89,0.52,0.9854166666666666
9.5,4,20,21,1,5,1.08,1.01,0.9787500000000001
16.2,3,22,21,1,5,0.85,1.69,0.9179166666666666
30.4,1,23,21,1,5,0.23,0.32,0.9349999999999999
17.8,1,0,22,1,6,0.73,0.25,0.9879166666666666
39.7,2,0,22,1,6,1.52,0.69,0.9795833333333334
8.2,1,1,22,1,6,0.49,0.82,1.0275
30.5,1,1,22,1,6,1.97,0.88,1.0079166666666668
6.6,3,2,22,1,6,0.41,0.8,1.02
1.2,4,3,22,1,6,1.09,0.64,1.0416666666666667
0.4,4,3,22,1,6,1.16,1.95,1.015
20.3,5,4,22,1,6,1.31,0.67,1.0345833333333332
34.6,3,5,22,1,6,1.14,0.73,1.0845833333333332
-2.8,4,5,22,1,6,1.93,1.62,1.0445833333333332
-6.4,4,8,22,1,6,0.66,1.18,1.0091666666666665
-1.5,5,10,22,1,6,0.33,1.1,1.0195833333333333
4.1,2,10,22,1,6,1.35,1.72,1.0229166666666667
17.4,4,10,22,1,6,1.8,0.87,1.05375
37.1,4,11,22,1,6,1.61,0.37,1.0508333333333333
21.6,4,12,22,1,6,0.3,1.3,1.04375
5.5,2,13,22,1,6,1.13,1.17,1.0233333333333334
19.3,4,13,22,1,6,0.68,0.61,1.0341666666666667
-6.9,4,13,22,1,6,0.87,0.29,1.0991666666666666
18.1,4,13,22,1,6,1.85,1.89,1.0704166666666668
4.3,2,15,22,1,6,1.2,1.08,1.095
-5.0,4,16,22,1,6,1.67,0.85,1.09625
22.9,1,17,22,1,6,0.88,0.23,1.1383333333333334
-6.8,3,17,22,1,6,1.24,0.73,1.1341666666666668
-6.4,5,17,22,1,6,0.63,1.52,1.1370833333333334
18.1,3,18,22,1,6,1.59,0.49,1.1904166666666667
9.8,1,18,22,1,6,1.77,1.97,1.1304166666666666
24.9,5,20,22,1,6,0.53,0.41,1.1579166666666667
17.0,4,20,22,1,6,1.07,1.09,1.1929166666666666
-6.1,4,22,22,1,6,1.93,1.16,1.2233333333333334
-4.7,3,23,22,1,6,1.89,1.31,1.1904166666666667
5.6,5,0,23,1,0,0.52,1.14,1.2095833333333335
3.5,2,1,23,1,0,1.6,1.93,1.1725
31.5,1,2,23,1,0,1.04,0.66,1.2070833333333335
26.8,1,4,23,1,0,1.49,0.33,1.2383333333333333
16.1,1,4,23,1,0,1.08,1.35,1.2591666666666668
24.4,2,5,23,1,0,1.85,1.8,1.2170833333333333
18.2,2,6,23,1,0,0.79,1.61,1.21625
-4.0,4,7,23,1,0,1.59,0.3,1.2216666666666667
-7.1,2,9,23,1,0,0.43,1.13,1.2575
21.3,3,9,23,1,0,1.99,0.68,1.2770833333333333
-4.1,1,9,23,1,0,1.15,0.87,1.2579166666666668
25.9,3,10,23,1,0,0.41,1.85,1.2529166666666667
31.1,4,10,23,1,0,1.73,1.2,1.2745833333333334
16.2,1,11,23,1,0,1.72,1.67,1.23375
33.5,4,14,23,1,0,0.69,0.88,1.2579166666666666
15.5,5,14,23,1,0,1.46,1.24,1.2245833333333334
18.4,1,16,23,1,0,0.44,0.63,1.2483333333333333
10.2,4,18,23,1,0,1.2,1.59,1.2291666666666667
-8.6,4,20,23,1,0,1.13,1.77,1.1995833333333332
5.1,3,21,23,1,0,1.06,0.53,1.2379166666666668
11.6,4,21,23,1,0,1.45,1.07,1.2558333333333334
-8.3,1,22,23,1,0,1.5,1.93,1.19125
20.0,3,22,23,1,0,0.38,1.89,1.1891666666666667
-1.9,5,22,23,1,0,1.84,0.52,1.2504166666666667
31.8,3,0,24,1,1,1.99,1.6,1.2425
38.4,2,1,24,1,1,1.41,1.04,1.2654166666666666
11.9,2,1,24,1,1,1.59,1.49,1.265
38.1,2,4,24,1,1,1.48,1.08,1.2991666666666666
20.4,3,5,24,1,1,1.9,1.85,1.2562499999999999
26.7,2,6,24,1,1,0.82,0.79,1.3
14.4,2,7,24,1,1,1.84,1.59,1.30875
1.7,1,7,24,1,1,1.8,0.43,1.3412499999999998
20.3,5,7,24,1,1,1.21,1.99,1.3395833333333333
-7.5,4,7,24,1,1,1.95,1.15,1.36125
16.3,5,8,24,1,1,1.67,0.41,1.3554166666666667
17.5,1,8,24,1,1,0.27,1.73,1.2970833333333334
39.1,4,10,24,1,1,0.33,1.72,1.29
19.3,4,11,24,1,1,1.55,0.69,1.3154166666666667
1.9,2,12,24,1,1,1.3,1.46,1.2666666666666666
1.5,4,15,24,1,1,0.29,0.44,1.2708333333333333
22.2,3,15,24,1,1,0.54,1.2,1.3
21.5,1,16,24,1,1,1.9,1.13,1.2766666666666666
-4.1,4,16,24,1,1,0.57,1.06,1.26375
7.3,5,18,24,1,1,0.75,1.45,1.2229166666666667
30.7,2,18,24,1,1,0.47,1.5,1.2320833333333334
-7.8,3,18,24,1,1,1.72,0.38,1.2533333333333334
5.7,5,18,24,1,1,0.89,1.84,1.2375
23.3,4,21,24,1,1,1.46,1.99,1.22
17.5,3,22,24,1,1,1.57,1.41,1.2008333333333334
35.0,4,23,24,1,1,0.95,1.59,1.2054166666666666
26.0,4,23,24,1,1,1.7,1.48,1.2120833333333334
9.3,1,23,24,1,1,1.64,1.9,1.1783333333333335
-9.2,3,2,25,1,2,1.09,0.82,1.1733333333333333
9.0,1,3,25,1,2,0.7,1.84,1.1108333333333333
21.0,4,4,25,1,2,0.34,1.8,1.0708333333333333
-7.9,3,4,25,1,2,0.84,1.21,1.0654166666666667
22.4,4,5,25,1,2,1.08,1.95,1.0170833333333333
29.6,1,5,25,1,2,0.79,1.67,0.9683333333333334
11.3,3,5,25,1,2,0.5,0.27,0.9874999999999999
38.3,4,6,25,1,2,0.73,0.33,0.9933333333333333
39.1,2,6,25,1,2,0.47,1.55,0.9445833333333332
-4.0,1,7,25,1,2,0.38,1.3,0.9624999999999999
25.0,3,7,25,1,2,1.73,0.29,0.9795833333333333
16.1,5,7,25,1,2,0.7,0.54,1.0270833333333333
23.3,5,7,25,1,2,1.68,1.9,0.9654166666666667
-3.0,5,9,25,1,2,0.42,0.57,1.0050000000000001
-6.2,4,9,25,1,2,1.52,0.75,1.0070833333333333
18.6,2,10,25,1,2,0.8,0.47,1.0258333333333332
22.3,5,11,25,1,2,0.92,1.72,0.9775
33.3,1,11,25,1,2,0.56,0.89,0.9504166666666666
17.0,1,12,25,1,2,0.24,1.46,0.9574999999999999
35.1,2,12,25,1,2,1.63,1.57,0.9049999999999999
34.0,3,14,25,1,2,0.31,0.95,0.8849999999999999
-7.8,4,16,25,1,2,0.47,1.7,0.8704166666666667
38.5,5,17,25,1,2,1.35,1.64,0.8495833333333334
33.0,5,18,25,1,2,1.14,1.09,0.8475
11.3,1,18,25,1,2,1.04,0.7,0.8829166666666667
0.9,3,20,25,1,2,1.55,0.34,0.90375
38.3,3,22,25,1,2,0.84,0.84,0.9054166666666666
23.6,2,23,25,1,2,0.88,1.08,0.9204166666666665
-0.5,4,23,25,1,2,1.44,0.79,0.9245833333333332
27.4,3,23,25,1,2,0.89,0.5,0.9629166666666666
1.0,2,0,26,1,3,1.42,0.73,0.9504166666666666
12.4,4,0,26,1,3,0.43,0.47,1.0020833333333334
24.5,1,3,26,1,3,1.71,0.38,1.0304166666666668
14.5,3,4,26,1,3,1.06,1.73,0.9670833333333334
15.0,2,5,26,1,3,0.21,0.7,0.95125
-0.8,5,5,26,1,3,0.32,1.68,0.9541666666666667
4.6,5,5,26,1,3,1.75,0.42,1.01375
20.1,5,5,26,1,3,1.85,1.52,0.9641666666666667
15.1,3,5,26,1,3,0.33,0.8,0.9416666666666665
26.0,3,6,26,1,3,0.26,0.92,0.9775
14.7,2,6,26,1,3,1.78,0.56,0.9929166666666666
19.7,2,7,26,1,3,0.93,0.24,0.995
6.4,3,7,26,1,3,0.29,1.63,0.9783333333333334
34.0,4,7,26,1,3,1.23,0.31,1.01125
29.6,3,9,26,1,3,1.1,0.47,1.0725
13.8,1,10,26,1,3,1.94,1.35,1.0370833333333334
7.2,4,11,26,1,3,0.5,1.14,1.0512499999999998
34.2,2,12,26,1,3,1.48,1.04,1.0820833333333333
33.3,1,17,26,1,3,1.78,1.55,1.0316666666666665
-8.6,1,17,26,1,3,0.34,0.84,1.0799999999999998
7.9,2,17,26,1,3,2.0,0.88,1.0620833333333333
33.7,5,18,26,1,3,0.45,1.44,1.045
35.1,2,19,26,1,3,1.03,0.89,1.0691666666666666
13.4,3,19,26,1,3,1.47,1.42,1.0625
39.1,2,20,26,1,3,1.26,0.43,1.1229166666666666
14.2,5,21,26,1,3,1.88,1.71,1.0604166666666666
8.1,1,22,26,1,3,0.21,1.06,1.0483333333333333
22.0,5,22,26,1,3,0.77,0.21,1.0904166666666666
1.0,2,22,26,1,3,1.22,0.32,1.0995833333333334
3.9,2,23,26,1,3,0.54,1.75,1.0416666666666667
35.6,1,2,27,1,4,0.36,1.85,1.0379166666666666
13.5,4,2,27,1,4,1.76,0.33,1.0966666666666667
19.6,5,3,27,1,4,1.74,0.26,1.0970833333333334
29.5,2,3,27,1,4,0.27,1.78,1.09
15.4,2,3,27,1,4,1.61,0.93,1.1312499999999999
9.5,1,4,27,1,4,1.92,0.29,1.1729166666666668
-8.2,2,5,27,1,4,1.29,1.23,1.1454166666666667
19.5,4,5,27,1,4,0.57,1.1,1.145
19.8,3,5,27,1,4,1.09,1.94,1.13
24.4,2,6,27,1,4,1.58,0.5,1.1820833333333332
25.3,4,6,27,1,4,1.75,1.48,1.18625
18.6,5,7,27,1,4,1.58,1.78,1.1233333333333333
25.8,3,7,27,1,4,0.27,0.34,1.1225
9.3,4,9,27,1,4,0.32,2.0,1.1204166666666666
6.1,1,12,27,1,4,1.95,0.45,1.1275000000000002
35.1,1,13,27,1,4,0.62,1.03,1.145
24.1,2,15,27,1,4,1.45,1.47,1.1516666666666666
5.9,3,15,27,1,4,1.63,1.26,1.11375
-2.3,3,18,27,1,4,0.35,1.88,1.1154166666666667
-8.6,3,18,27,1,4,1.92,0.21,1.1570833333333332
19.4,4,19,27,1,4,1.21,0.77,1.1345833333333333
12.1,1,19,27,1,4,0.23,1.22,1.1154166666666667
29.6,1,20,27,1,4,0.76,0.54,1.1120833333333333
19.9,4,21,27,1,4,0.46,0.36,1.1595833333333332
4.2,5,21,27,1,4,1.5,1.76,1.1095833333333334
27.9,1,21,27,1,4,0.56,1.74,1.0554166666666667
-0.9,4,22,27,1,4,0.44,0.27,1.1058333333333332
24.8,3,22,27,1,4,1.48,1.61,1.09625
37.3,2,0,28,1,5,1.38,1.92,1.0475
25.8,4,0,28,1,5,0.75,1.29,1.075
12.8,4,3,28,1,5,1.95,0.57,1.0683333333333331
23.1,4,5,28,1,5,0.41,1.09,1.0670833333333334
3.3,1,8,28,1,5,1.06,1.58,1.0362500000000001
7.6,5,9,28,1,5,0.84,1.75,0.9812500000000001
24.3,5,10,28,1,5,0.43,1.58,0.93375
37.2,1,13,28,1,5,0.44,0.27,0.98625
26.5,1,14,28,1,5,1.53,0.32,0.99125
-9.4,1,14,28,1,5,0.44,1.95,0.9766666666666666
17.8,4,16,28,1,5,1.6,0.62,0.96
-2.7,3,17,28,1,5,0.22,1.45,0.9279166666666666
22.3,2,18,28,1,5,0.68,1.63,0.9162500000000001
8.8,4,18,28,1,5,1.35,0.35,0.96375
12.3,5,20,28,1,5,1.49,1.92,0.93
6.6,3,20,28,1,5,1.11,1.21,0.9095833333333333
9.5,2,20,28,1,5,0.72,0.23,0.9470833333333334
11.5,1,21,28,1,5,1.13,0.76,0.99625
37.6,4,23,28,1,5,1.94,0.46,1.0054166666666666
6.1,1,23,28,1,5,0.68,1.5,1.0091666666666665
20.0,1,23,28,1,5,1.59,0.56,1.01125
36.8,5,2,29,1,6,0.61,0.44,1.0120833333333332
5.0,3,3,29,1,6,0.46,1.48,0.9704166666666666
39.8,4,5,29,1,6,0.48,1.38,0.9304166666666668
35.5,5,6,29,1,6,0.42,0.75,0.9554166666666667
-9.0,3,8,29,1,6,1.35,1.95,0.9162499999999999
30.1,4,8,29,1,6,1.01,0.41,0.9408333333333334
30.1,2,8,29,1,6,1.0,1.06,0.9733333333333333
24.0,5,9,29,1,6,1.84,0.84,0.9525
-8.3,4,10,29,1,6,0.34,0.43,0.9500000000000001
-0.9,4,11,29,1,6,0.37,0.44,1.0008333333333332
-7.0,4,12,29,1,6,1.66,1.53,1.0020833333333334
12.7,5,12,29,1,6,1.56,0.44,1.02
33.5,2,15,29,1,6,0.87,1.6,1.0083333333333335
2.6,3,16,29,1,6,1.32,0.22,1.0283333333333333
10.5,1,16,29,1,6,0.7,0.68,1.0704166666666668
5.5,2,18,29,1,6,1.69,1.35,1.0354166666666667
7.7,2,19,29,1,6,0.51,1.49,1.055
8.2,5,19,29,1,6,1.96,1.11,1.0616666666666668
24.1,4,19,29,1,6,1.27,0.72,1.1145833333333333
9.6,2,19,29,1,6,1.99,1.13,1.1475
8.8,2,20,29,1,6,1.92,1.94,1.1470833333333335
30.3,4,21,29,1,6,1.93,0.68,1.1300000000000001
7.6,5,22,29,1,6,0.27,1.59,1.12125
6.5,1,22,29,1,6,1.38,0.61,1.1675
22.8,1,0,30,1,0,1.72,0.46,1.1975
27.3,1,1,30,1,0,1.18,0.48,1.245
14.0,3,2,30,1,0,1.62,0.42,1.2404166666666667
26.3,1,4,30,1,0,0.31,1.35,1.2591666666666668
24.1,3,5,30,1,0,1.8,1.01,1.2379166666666668
21.1,3,6,30,1,0,0.5,1.0,1.2083333333333333
35.5,2,6,30,1,0,0.29,1.84,1.1937499999999999
0.6,2,6,30,1,0,1.49,0.34,1.24625
33.4,3,6,30,1,0,1.6,0.37,1.28625
38.2,5,7,30,1,0,1.33,1.66,1.2320833333333334
31.5,3,7,30,1,0,0.36,1.56,1.1833333333333333
-7.4,5,8,30,1,0,0.39,0.87,1.15625
28.5,1,8,30,1,0,0.22,1.32,1.1554166666666668
1.2,5,8,30,1,0,1.3,0.7,1.1729166666666666
16.4,1,9,30,1,0,1.12,1.69,1.13
8.2,2,9,30,1,0,0.66,0.51,1.1520833333333333
12.7,2,10,30,1,0,1.04,1.96,1.1233333333333333
20.8,1,10,30,1,0,1.27,1.27,1.0983333333333334
29.7,2,10,30,1,0,0.67,1.99,1.0525
-1.2,4,11,30,1,0,0.89,1.92,1.0154166666666666
1.1,2,11,30,1,0,1.03,1.93,0.9904166666666666
8.2,1,11,30,1,0,1.33,0.27,1.02375
23.8,2,18,30,1,0,1.07,1.38,0.9812500000000001
13.1,5,18,30,1,0,0.36,1.72,0.95375
-7.5,4,19,30,1,0,1.06,1.18,0.9416666666666668
30.2,4,20,30,1,0,0.89,1.62,0.9
38.7,3,20,30,1,0,0.62,0.31,0.9183333333333333
32.2,2,20,30,1,0,0.75,1.8,0.8737499999999999
-4.2,1,22,30,1,0,0.73,0.5,0.9283333333333333
23.6,1,23,30,1,0,1.81,0.29,0.9516666666666667
13.6,2,0,31,1,1,0.85,1.49,0.9329166666666667
22.6,4,1,31,1,1,1.04,1.6,0.9320833333333334
6.5,2,2,31,1,1,1.58,1.33,0.9049999999999999
26.5,3,2,31,1,1,0.68,0.36,0.9199999999999999
39.7,2,2,31,1,1,0.72,0.39,0.9141666666666666
5.3,2,2,31,1,1,0.25,0.22,0.9404166666666667
-5.6,3,3,31,1,1,0.85,1.3,0.9245833333333332
2.6,4,3,31,1,1,0.92,1.12,0.9012500000000001
26.4,5,3,31,1,1,0.56,0.66,0.9237500000000001
19.4,1,3,31,1,1,1.2,1.04,0.96125
2.1,4,5,31,1,1,1.94,1.27,0.9579166666666666
5.8,1,6,31,1,1,1.19,0.67,1.0079166666666668
-6.2,1,6,31,1,1,1.87,0.89,1.0420833333333335
17.0,2,8,31,1,1,1.71,1.03,1.0775
18.8,1,9,31,1,1,1.88,1.33,1.09125
-8.7,4,9,31,1,1,1.66,1.07,1.0904166666666668
13.2,3,9,31,1,1,1.05,0.36,1.1491666666666667
-5.3,4,9,31,1,1,1.77,1.06,1.1258333333333332
19.0,4,9,31,1,1,0.5,0.89,1.1458333333333333
3.2,3,11,31,1,1,1.37,0.62,1.1775
36.1,2,12,31,1,1,1.38,0.75,1.1641666666666668
19.7,5,13,31,1,1,0.43,0.73,1.1533333333333333
-8.9,2,13,31,1,1,0.47,1.81,1.1112499999999998
4.3,1,13,31,1,1,0.8,0.85,1.1045833333333335
-5.5,2,14,31,1,1,0.69,1.04,1.11125
34.4,1,14,31,1,1,1.2,1.58,1.1091666666666666
24.4,5,14,31,1,1,1.53,0.68,1.0983333333333334
-3.1,5,15,31,1,1,0.42,0.72,1.11625
-2.2,1,15,31,1,1,1.15,0.25,1.1516666666666666
-6.5,3,15,31,1,1,1.1,0.85,1.1616666666666666
27.6,1,15,31,1,1,1.09,0.92,1.1829166666666666
29.8,3,15,31,1,1,1.43,0.56,1.1920833333333334
18.5,4,15,31,1,1,0.78,1.2,1.20125
28.6,1,15,31,1,1,1.42,1.94,1.15875
9.5,5,15,31,1,1,0.92,1.19,1.1579166666666667
38.4,3,15,31,1,1,1.17,1.87,1.1020833333333333
-0.6,4,16,31,1,1,0.53,1.71,1.0795833333333333
32.6,5,18,31,1,1,1.17,1.88,1.0475
21.4,5,19,31,1,1,1.11,1.66,1.0262499999999999
24.4,1,21,31,1,1,1.15,1.05,1.0020833333333332
-5.2,5,21,31,1,1,0.47,1.77,0.9375
25.2,2,22,31,1,1,0.22,0.5,0.9266666666666666
16.2,3,22,31,1,1,0.24,1.37,0.8991666666666666
-7.0,3,23,31,1,1,0.71,1.38,0.8562500000000001
12.5,5,23,31,1,1,0.35,0.43,0.9004166666666666
22.0,3,23,31,1,1,1.49,0.47,0.9108333333333333
-1.0,1,1,1,2,2,0.72,0.8,0.9533333333333333
26.4,3,1,1,2,2,1.82,0.69,0.9995833333333333
20.6,4,2,1,2,2,1.8,1.2,0.9908333333333333
-7.6,5,2,1,2,2,0.99,1.53,0.9883333333333333
22.6,4,2,1,2,2,1.47,0.42,0.9970833333333333
35.1,5,2,1,2,2,0.63,1.15,0.9712500000000001
21.1,4,4,1,2,2,0.53,1.1,0.965
-0.1,1,5,1,2,2,0.95,1.09,0.9558333333333334
12.2,4,6,1,2,2,0.87,1.43,0.9504166666666668
11.7,5,8,1,2,2,1.3,0.78,0.9979166666666667
-7.6,5,8,1,2,2,1.92,1.42,0.98375
36.8,3,9,1,2,2,1.08,0.92,0.9970833333333333
11.9,2,9,1,2,2,1.24,1.17,0.9637500000000001
-0.6,1,10,1,2,2,0.37,0.53,1.0225
-4.1,5,10,1,2,2,1.94,1.17,1.035
19.5,1,10,1,2,2,1.47,1.11,1.0254166666666666
35.1,2,11,1,2,2,0.88,1.15,1.0554166666666667
24.3,1,11,1,2,2,1.87,0.47,1.1075000000000002
32.3,2,11,1,2,2,1.72,0.22,1.1808333333333334
33.9,3,13,1,2,2,1.98,0.24,1.1879166666666667
10.2,2,13,1,2,2,0.41,0.71,1.19625
3.5,3,14,1,2,2,0.91,0.35,1.2449999999999999
20.6,1,14,1,2,2,1.52,1.49,1.2525
21.0,3,15,1,2,2,1.67,0.72,1.2820833333333332
39.1,4,16,1,2,2,1.43,1.82,1.2729166666666667
6.3,4,16,1,2,2,1.6,1.8,1.2629166666666667
-9.0,2,19,1,2,2,1.56,0.99,1.2808333333333335
1.8,1,20,1,2,2,1.42,1.47,1.2787499999999998
-7.7,1,23,1,2,2,1.42,0.63,1.32125
36.1,1,2,2,2,3,1.65,0.53,1.3104166666666666
33.3,2,2,2,2,3,0.27,0.95,1.2870833333333334
10.1,4,2,2,2,3,0.39,0.87,1.2666666666666666
16.5,1,2,2,2,3,0.38,1.3,1.25125
13.3,1,3,2,2,3,0.93,1.92,1.2225
33.0,4,4,2,2,3,1.23,1.08,1.24
33.1,4,5,2,2,3,1.5,1.24,1.2379166666666668
3.2,1,5,2,2,3,1.19,0.37,1.2991666666666666
-9.6,4,5,2,2,3,1.84,1.94,1.2958333333333334
19.7,4,5,2,2,3,1.86,1.47,1.2733333333333332
-1.8,2,5,2,2,3,0.93,0.88,1.2770833333333333
25.0,5,6,2,2,3,0.97,1.87,1.2566666666666666
27.6,4,6,2,2,3,1.38,1.72,1.2520833333333334
29.5,3,10,2,2,3,1.61,1.98,1.2275
36.0,4,11,2,2,3,1.39,0.41,1.22625
-8.8,1,11,2,2,3,0.38,0.91,1.2670833333333333
-8.5,5,12,2,2,3,1.89,1.52,1.2170833333333333
38.5,1,13,2,2,3,0.32,1.67,1.18
19.7,2,14,2,2,3,0.78,1.43,1.1362500000000002
35.1,3,16,2,2,3,0.38,1.6,1.0991666666666666
23.7,2,17,2,2,3,0.71,1.56,1.0741666666666667
17.8,5,18,2,2,3,0.96,1.42,1.0445833333333334
-0.3,3,18,2,2,3,0.71,1.42,1.0079166666666668
-7.1,5,19,2,2,3,0.54,1.65,0.9958333333333332
0.3,5,20,2,2,3,1.36,0.27,1.01875
-1.6,1,20,2,2,3,0.82,0.39,1.07125
25.3,1,21,2,2,3,1.65,0.38,1.1179166666666667
24.7,2,22,2,2,3,1.5,0.93,1.1520833333333333
34.4,3,23,2,2,3,1.75,1.23,1.1241666666666668
8.5,1,0,3,2,4,0.56,1.5,1.1070833333333334
29.6,1,0,3,2,4,1.09,1.19,1.13625
36.2,1,1,3,2,4,1.89,1.84,1.1270833333333332
34.1,1,1,3,2,4,1.62,1.86,1.1133333333333333
1.6,4,1,3,2,4,1.53,0.93,1.1491666666666667
31.7,4,2,3,2,4,1.79,0.97,1.1700000000000002
-4.5,3,2,3,2,4,1.47,1.38,1.1291666666666667
6.8,3,4,3,2,4,0.4,1.61,1.1145833333333333
2.9,4,6,3,2,4,1.26,1.39,1.1033333333333333
-8.1,1,6,3,2,4,1.12,0.38,1.1591666666666667
-7.0,4,6,3,2,4,1.72,1.89,1.1195833333333332
20.4,4,6,3,2,4,0.94,0.32,1.1733333333333333
36.4,1,6,3,2,4,1.61,0.78,1.205
6.6,3,7,3,2,4,1.54,0.38,1.2058333333333333
-5.1,2,7,3,2,4,0.4,0.71,1.2070833333333335
37.2,2,7,3,2,4,0.74,0.96,1.2020833333333334
35.4,4,9,3,2,4,0.84,0.71,1.2216666666666667
-6.1,3,10,3,2,4,1.18,0.54,1.2520833333333334
33.3,2,11,3,2,4,1.27,1.36,1.2758333333333334
20.2,5,15,3,2,4,1.93,0.82,1.2716666666666667
17.8,3,16,3,2,4,0.72,1.65,1.2125
31.8,5,16,3,2,4,0.23,1.5,1.23125
33.8,5,16,3,2,4,1.95,1.75,1.1883333333333332
28.6,5,17,3,2,4,0.72,0.56,1.2020833333333334
27.6,2,18,3,2,4,0.89,1.09,1.2004166666666667
0.3,3,19,3,2,4,1.05,1.89,1.1941666666666666
10.0,2,23,3,2,4,1.74,1.62,1.1833333333333333
20.4,4,23,3,2,4,1.36,1.53,1.1708333333333334
19.6,3,0,4,2,5,1.23,1.79,1.1683333333333334
39.7,4,0,4,2,5,1.73,1.47,1.1504166666666666
7.4,3,0,4,2,5,1.04,0.4,1.15625
-1.5,4,1,4,2,5,0.54,1.26,1.1220833333333333
19.7,3,1,4,2,5,0.44,1.12,1.1079166666666669
32.7,5,2,4,2,5,0.78,1.72,1.11
18.1,3,2,4,2,5,1.77,0.94,1.135
-1.4,3,3,4,2,5,1.54,1.61,1.105
-4.9,4,3,4,2,5,0.89,1.54,1.07625
28.4,4,4,4,2,5,0.85,0.4,1.12
21.6,5,5,4,2,5,1.45,0.74,1.09875
-6.3,3,6,4,2,5,0.23,0.84,1.0941666666666665
25.7,2,7,4,2,5,0.73,1.18,1.0954166666666667
-8.4,1,7,4,2,5,1.21,1.27,1.0866666666666667
-9.9,2,8,4,2,5,1.06,1.93,1.0308333333333333
-9.2,5,9,4,2,5,0.59,0.72,1.0650000000000002
6.7,3,12,4,2,5,1.54,0.23,1.1154166666666667
-5.9,1,13,4,2,5,1.44,1.95,1.0679166666666668
4.9,1,15,4,2,5,0.81,0.72,1.1195833333333332
16.0,1,17,4,2,5,1.96,0.89,1.1358333333333333
28.8,1,17,4,2,5,1.28,1.05,1.13375
-0.5,5,17,4,2,5,1.0,1.74,1.1091666666666666
4.3,1,18,4,2,5,1.15,1.36,1.0670833333333334
-5.5,4,18,4,2,5,0.35,1.23,1.0279166666666666
22.8,5,19,4,2,5,0.29,1.73,1.03625
-6.7,4,20,4,2,5,1.93,1.04,1.0291666666666666
-6.6,4,20,4,2,5,0.87,0.54,1.0608333333333333
-8.2,5,21,4,2,5,1.3,0.44,1.0875000000000001
38.4,3,21,4,2,5,1.08,0.78,1.1066666666666667
37.5,1,22,4,2,5,1.24,1.77,1.0608333333333333
10.1,3,23,4,2,5,0.67,1.54,1.0358333333333334
16.7,5,0,5,2,6,0.94,0.89,1.0629166666666665
17.2,5,0,5,2,6,1.54,0.85,1.0525
20.3,5,0,5,2,6,0.6,1.45,1.0383333333333333
23.7,4,1,5,2,6,1.11,0.23,1.0850000000000002
14.7,5,2,5,2,6,1.35,0.73,1.0641666666666667
19.7,3,2,5,2,6,0.23,1.21,1.0829166666666667
25.4,1,2,5,2,6,1.66,1.06,1.09125
7.6,5,2,5,2,6,1.26,0.59,1.1120833333333333
20.8,1,4,5,2,6,1.09,1.54,1.07375
3.4,3,5,5,2,6,0.62,1.44,1.0741666666666667
6.0,3,7,5,2,6,1.45,0.81,1.0891666666666666
37.8,1,7,5,2,6,1.17,1.96,1.0345833333333332
31.3,5,7,5,2,6,0.65,1.28,1.02875
25.0,1,8,5,2,6,1.14,1.0,1.0416666666666667
-8.9,1,9,5,2,6,1.31,1.15,1.0295833333333333
27.1,3,12,5,2,6,0.86,0.35,1.07375
-7.3,2,14,5,2,6,1.41,0.29,1.115
20.7,1,15,5,2,6,1.28,1.93,1.0737500000000002
32.5,2,15,5,2,6,0.94,0.87,1.1133333333333335
35.7,3,18,5,2,6,1.82,1.3,1.0716666666666665
14.9,1,19,5,2,6,0.3,1.08,1.1033333333333335
21.3,5,23,5,2,6,1.84,1.24,1.1004166666666666
30.0,5,23,5,2,6,1.17,0.67,1.0987500000000001
19.8,5,3,6,2,0,0.63,0.94,1.0795833333333333
36.4,3,4,6,2,0,0.48,1.54,1.04
18.1,3,4,6,2,0,0.59,0.6,1.0441666666666667
28.7,2,6,6,2,0,0.7,1.11,1.0275
-5.0,3,6,6,2,0,0.71,1.35,1.0183333333333333
-7.9,1,6,6,2,0,1.13,0.23,1.0266666666666666
6.5,4,7,6,2,0,0.43,1.66,1.0391666666666666
9.1,4,7,6,2,0,1.96,1.26,1.0220833333333335
5.2,2,8,6,2,0,0.85,1.09,1.0562500000000001
-6.0,2,9,6,2,0,1.91,0.62,1.07125
-2.1,1,9,6,2,0,0.98,1.45,1.0250000000000001
19.8,5,11,6,2,0,0.34,1.17,0.9937499999999999
36.4,1,11,6,2,0,0.42,0.65,0.9804166666666667
-1.8,4,11,6,2,0,0.33,1.14,0.965
20.4,1,11,6,2,0,0.77,1.31,0.96125
37.5,4,12,6,2,0,1.22,0.86,1.0004166666666667
37.6,4,12,6,2,0,1.8,1.41,1.0229166666666667
9.9,3,12,6,2,0,1.95,1.28,1.0195833333333333
4.5,2,13,6,2,0,1.2,0.94,1.0566666666666666
4.7,1,15,6,2,0,1.83,1.82,1.0374999999999999
2.4,2,15,6,2,0,1.36,0.3,1.0737500000000002
12.8,5,16,6,2,0,1.17,1.84,1.0312499999999998
37.8,4,16,6,2,0,0.82,1.17,1.0654166666666667
-8.8,4,17,6,2,0,1.99,0.63,1.06125
39.5,1,18,6,2,0,0.53,0.48,1.1070833333333334
-6.3,2,18,6,2,0,1.58,0.59,1.155
34.1,5,18,6,2,0,1.74,0.7,1.15125
14.9,1,19,6,2,0,0.61,0.71,1.1545833333333333
36.4,4,20,6,2,0,0.79,1.13,1.1879166666666667
1.7,2,22,6,2,0,1.93,0.43,1.2012500000000002
39.2,4,23,6,2,0,0.75,1.96,1.2025
1.2,1,1,7,2,1,1.99,0.85,1.2420833333333332
-4.1,4,2,7,2,1,1.8,1.91,1.1866666666666668
23.5,2,3,7,2,1,0.58,0.98,1.1554166666666668
29.1,4,3,7,2,1,0.23,0.34,1.21875
26.3,1,3,7,2,1,1.86,0.42,1.2579166666666668
11.0,5,4,7,2,1,1.36,0.33,1.2833333333333334
-9.7,2,7,7,2,1,0.94,0.77,1.2858333333333334
24.3,2,7,7,2,1,0.83,1.22,1.26125
20.2,5,9,7,2,1,0.63,1.8,1.2566666666666666
3.7,5,9,7,2,1,1.69,1.95,1.2425
0.3,5,9,7,2,1,1.61,1.2,1.2620833333333334
38.4,4,10,7,2,1,1.67,1.83,1.1954166666666668
21.2,4,11,7,2,1,0.23,1.36,1.1666666666666667
33.9,5,11,7,2,1,0.67,1.17,1.1945833333333333
32.6,5,13,7,2,1,1.84,0.82,1.2008333333333334
13.4,1,14,7,2,1,0.97,1.99,1.1791666666666667
35.0,4,15,7,2,1,1.47,0.53,1.17
25.8,3,16,7,2,1,0.31,1.58,1.1316666666666666
3.2,2,17,7,2,1,0.66,1.74,1.0683333333333334
-4.7,5,19,7,2,1,0.22,0.61,1.1079166666666667
7.7,3,20,7,2,1,1.56,0.79,1.15375
6.0,1,21,7,2,1,1.89,1.93,1.1095833333333334
9.6,5,21,7,2,1,0.87,0.75,1.1075
-9.9,4,21,7,2,1,0.7,1.99,1.0462500000000001
17.4,5,22,7,2,1,0.52,1.8,1.0158333333333334
25.3,3,22,7,2,1,1.07,0.58,1.0504166666666666
8.0,2,22,7,2,1,1.41,0.23,1.1095833333333334
30.7,1,23,7,2,1,1.65,1.86,1.0754166666666667
-6.8,4,1,8,2,2,1.04,1.36,1.0933333333333333
2.2,4,2,8,2,2,1.79,0.94,1.1229166666666666
37.2,4,2,8,2,2,1.65,0.83,1.1312499999999999
13.2,3,2,8,2,2,1.03,0.63,1.1658333333333333
17.5,5,4,8,2,2,1.46,1.69,1.1420833333333333
5.3,4,4,8,2,2,1.12,1.61,1.14125
4.5,3,6,8,2,2,1.59,1.67,1.0958333333333332
38.5,2,6,8,2,2,0.58,0.23,1.1491666666666667
20.9,3,7,8,2,2,1.51,0.67,1.1358333333333335
31.7,2,8,8,2,2,0.35,1.84,1.1308333333333334
22.1,2,10,8,2,2,1.72,0.97,1.11125
-7.3,4,13,8,2,2,0.5,1.47,1.0908333333333333
-3.6,1,14,8,2,2,0.98,0.31,1.1270833333333334
4.4,5,15,8,2,2,1.18,0.66,1.1308333333333334
5.8,2,15,8,2,2,0.75,0.22,1.145
26.6,4,16,8,2,2,0.56,1.56,1.1054166666666665
39.8,4,16,8,2,2,0.61,1.89,1.0608333333333333
14.6,3,16,8,2,2,0.82,0.87,1.0858333333333334
18.9,1,16,8,2,2,1.47,0.7,1.12875
-9.5,3,17,8,2,2,1.73,0.52,1.1333333333333333
32.4,2,18,8,2,2,0.63,1.07,1.1600000000000001
14.5,2,21,8,2,2,1.71,1.41,1.1283333333333334
31.1,1,21,8,2,2,0.65,1.65,1.1258333333333332
28.9,4,22,8,2,2,1.59,1.04,1.1316666666666666
36.9,3,22,8,2,2,1.18,1.79,1.1254166666666667
15.9,5,23,8,2,2,1.64,1.65,1.0941666666666665
5.8,1,1,9,2,3,0.9,1.03,1.1329166666666668
22.3,3,3,9,2,3,1.96,1.46,1.105
32.4,1,3,9,2,3,0.79,1.12,1.0891666666666666
-3.8,5,5,9,2,3,0.74,1.59,1.06625
28.6,4,5,9,2,3,1.04,0.58,1.0616666666666668
8.6,3,7,9,2,3,0.47,1.51,1.0075
8.2,4,7,9,2,3,0.21,0.35,1.0479166666666666
11.6,3,8,9,2,3,1.32,1.72,1.055
-2.2,5,8,9,2,3,1.89,0.5,1.1158333333333335
-0.7,1,8,9,2,3,1.96,0.98,1.0879166666666666
26.0,5,9,9,2,3,0.31,1.18,1.1195833333333332
-2.0,2,11,9,2,3,1.94,0.75,1.1279166666666667
20.7,2,11,9,2,3,0.95,0.56,1.1658333333333333
27.2,4,11,9,2,3,1.47,0.61,1.19375
37.7,5,12,9,2,3,1.28,0.82,1.1783333333333335
36.3,1,13,9,2,3,0.45,1.47,1.1283333333333332
-3.3,5,13,9,2,3,0.27,1.73,1.0670833333333334
-8.5,2,14,9,2,3,0.26,0.63,1.12375
27.9,5,14,9,2,3,1.99,1.71,1.11875
12.1,2,14,9,2,3,1.59,0.65,1.1733333333333333
23.9,1,15,9,2,3,1.96,1.59,1.1529166666666666
7.0,5,16,9,2,3,1.1,1.18,1.1329166666666668
-1.9,2,19,9,2,3,0.7,1.64,1.1058333333333332
26.5,4,22,9,2,3,0.99,0.9,1.1341666666666668
17.7,1,22,9,2,3,1.58,1.96,1.10125
3.5,4,23,9,2,3,1.17,0.79,1.1020833333333333
38.3,4,23,9,2,3,0.81,0.74,1.1458333333333333
28.9,5,2,10,2,4,1.79,1.04,1.1158333333333335
-9.9,1,3,10,2,4,0.32,0.47,1.1441666666666668
29.3,4,3,10,2,4,1.15,0.21,1.2179166666666668
20.0,2,5,10,2,4,1.98,1.32,1.1725
34.5,5,5,10,2,4,0.23,1.89,1.17625
35.9,1,7,10,2,4,1.98,1.96,1.1129166666666668
-7.9,2,8,10,2,4,0.44,0.31,1.1145833333333333
10.8,5,9,10,2,4,0.35,1.94,1.05
-7.0,4,10,10,2,4,0.39,0.95,1.0833333333333333
-5.1,4,10,10,2,4,1.75,1.47,1.0445833333333334
16.9,4,11,10,2,4,0.54,1.28,1.0566666666666666
33.8,5,11,10,2,4,1.57,0.45,1.1029166666666665
24.4,4,11,10,2,4,1.56,0.27,1.1095833333333334
4.5,2,13,10,2,4,0.43,0.26,1.14625
29.2,4,14,10,2,4,1.14,1.99,1.1145833333333333
9.0,5,15,10,2,4,1.23,1.59,1.0999999999999999
17.6,1,15,10,2,4,1.24,1.96,1.07
-0.8,1,17,10,2,4,1.24,1.1,1.10125
20.4,3,17,10,2,4,1.85,0.7,1.1449999999999998
16.2,4,19,10,2,4,1.75,0.99,1.1199999999999999
12.3,1,19,10,2,4,0.39,1.58,1.0883333333333332
30.3,2,20,10,2,4,0.82,1.17,1.0666666666666667
20.8,5,20,10,2,4,0.65,0.81,1.08125
32.3,3,20,10,2,4,1.16,1.79,1.0429166666666665
3.7,1,20,10,2,4,0.87,0.32,1.0758333333333334
11.4,3,21,10,2,4,1.11,1.15,1.075
3.1,1,22,10,2,4,1.13,1.98,1.05
7.1,5,23,10,2,4,1.38,0.23,1.0675
25.8,4,23,10,2,4,0.65,1.98,0.9966666666666666
3.5,4,0,11,2,5,0.28,0.44,1.04625
2.6,3,1,11,2,5,1.63,0.35,1.0583333333333333
-10.0,3,1,11,2,5,0.64,0.39,1.0541666666666665
18.5,5,1,11,2,5,0.29,1.75,1.0458333333333332
37.5,4,2,11,2,5,1.55,0.54,1.0608333333333333
-5.2,4,3,11,2,5,0.9,1.57,1.05625
28.4,3,3,11,2,5,1.46,1.56,1.0158333333333334
25.1,2,4,11,2,5,0.59,0.43,1.0716666666666665
-8.5,2,4,11,2,5,1.77,1.14,1.0595833333333333
32.9,1,4,11,2,5,0.85,1.23,1.0445833333333334
4.8,2,5,11,2,5,0.87,1.24,1.02
27.4,5,5,11,2,5,0.65,1.24,1.0225
3.2,3,9,11,2,5,1.3,1.85,0.9679166666666665
14.6,3,9,11,2,5,0.54,1.75,0.9679166666666665
-1.4,4,9,11,2,5,1.75,0.39,0.9879166666666667
6.7,3,10,11,2,5,0.87,0.82,1.02375
0.2,1,10,11,2,5,1.68,0.65,1.01875
-1.1,3,10,11,2,5,0.53,1.16,0.9858333333333332
-9.7,2,11,11,2,5,0.37,0.87,1.0208333333333333
-8.5,3,11,11,2,5,1.71,1.11,1.0358333333333334
0.9,5,12,11,2,5,1.47,1.13,1.0716666666666665
25.2,2,15,11,2,5,1.99,1.38,1.0458333333333332
11.5,2,15,11,2,5,0.76,0.65,1.0766666666666667
-5.0,2,17,11,2,5,1.39,0.28,1.0879166666666666
-7.5,2,18,11,2,5,0.55,1.63,1.0308333333333335
8.4,3,19,11,2,5,0.26,0.64,1.03875
30.0,1,21,11,2,5,0.83,0.29,1.0445833333333334
-6.5,3,21,11,2,5,0.43,1.55,0.98875
34.7,5,22,11,2,5,0.21,0.9,0.9816666666666666
1.7,3,22,11,2,5,0.73,1.46,0.9637500000000001
27.5,5,22,11,2,5,1.03,0.59,0.9550000000000001
27.4,1,23,11,2,5,0.38,1.77,0.9045833333333332
4.6,3,23,11,2,5,0.56,0.85,0.9033333333333333
12.0,4,1,12,2,6,0.82,0.87,0.9199999999999999
-2.4,4,2,12,2,6,1.27,0.65,0.9370833333333334
3.4,3,2,12,2,6,1.06,1.3,0.9645833333333332
14.8,5,2,12,2,6,1.96,0.54,0.9895833333333334
12.3,4,3,12,2,6,1.14,1.75,0.9320833333333334
23.1,3,4,12,2,6,0.37,0.87,0.9683333333333333
17.2,1,4,12,2,6,1.74,1.68,0.9133333333333332
0.1,3,4,12,2,6,0.36,0.53,0.9037499999999999
-5.6,1,5,12,2,6,0.3,0.37,0.9675000000000001
27.1,3,6,12,2,6,1.9,1.71,0.9133333333333334
15.4,3,7,12,2,6,0.41,1.47,0.8829166666666667
20.4,5,10,12,2,6,0.74,1.99,0.8466666666666667
33.3,5,13,12,2,6,1.12,0.76,0.8854166666666666
25.5,1,14,12,2,6,1.69,1.39,0.9095833333333334
21.4,5,16,12,2,6,1.97,0.55,0.9591666666666666
3.6,5,17,12,2,6,1.74,0.26,0.9595833333333332
32.6,3,18,12,2,6,0.27,0.83,1.0066666666666666
4.6,1,21,12,2,6,1.96,0.43,1.0279166666666668
19.7,5,22,12,2,6,0.94,0.21,1.0595833333333333
-3.0,4,23,12,2,6,0.97,0.73,1.0408333333333333
26.4,1,23,12,2,6,0.28,1.03,1.04125
20.8,2,0,13,2,0,1.04,0.38,1.0404166666666665
-0.6,2,1,13,2,0,0.36,0.56,1.0366666666666666
19.9,2,1,13,2,0,0.47,0.82,1.0675000000000001
23.4,1,2,13,2,0,1.56,1.27,1.0783333333333334
15.1,1,2,13,2,0,1.53,1.06,1.0787499999999999
8.3,3,3,13,2,0,1.07,1.96,1.06875
5.0,1,3,13,2,0,1.72,1.14,1.09125
-2.9,3,3,13,2,0,1.68,0.37,1.1229166666666666
30.4,1,7,13,2,0,1.13,1.74,1.0679166666666666
23.5,5,7,13,2,0,0.42,0.36,1.08875
12.8,5,10,13,2,0,0.86,0.3,1.1525
10.8,3,11,13,2,0,1.83,1.9,1.1183333333333334
39.1,3,11,13,2,0,1.08,0.41,1.1479166666666665
-1.5,4,12,13,2,0,1.12,0.74,1.1445833333333333
16.5,3,14,13,2,0,0.66,1.12,1.1275
5.1,5,15,13,2,0,0.71,1.69,1.0775
38.0,5,16,13,2,0,0.49,1.97,1.0158333333333334
1.8,5,16,13,2,0,0.49,1.74,1.0229166666666667
-9.6,5,18,13,2,0,1.91,0.27,1.0308333333333335
10.6,5,18,13,2,0,0.46,1.96,1.0250000000000001
4.6,3,19,13,2,0,1.82,0.94,1.0420833333333333
9.2,5,19,13,2,0,1.35,0.97,1.0291666666666666
-9.9,2,20,13,2,0,0.66,0.28,1.0304166666666668
20.9,1,20,13,2,0,0.31,1.04,1.04125
-0.3,4,20,13,2,0,1.3,0.36,1.08125
-0.0,2,22,13,2,0,1.32,0.47,1.1095833333333334
22.4,5,22,13,2,0,1.15,1.56,1.0608333333333333
-6.1,2,23,13,2,0,0.39,1.53,1.0329166666666667
12.3,4,23,13,2,0,0.86,1.07,1.0091666666666668
18.0,1,4,14,2,1,0.5,1.72,0.965
14.2,2,5,14,2,1,0.66,1.68,0.9395833333333332
12.4,3,6,14,2,1,1.07,1.13,0.9120833333333334
-5.9,5,6,14,2,1,0.47,0.42,0.9550000000000001
3.3,5,7,14,2,1,1.45,0.86,1.00125
0.6,5,8,14,2,1,1.97,1.83,0.99125
-8.1,4,8,14,2,1,1.59,1.08,1.0004166666666665
21.7,1,9,14,2,1,1.3,1.12,0.96625
11.2,4,11,14,2,1,0.3,0.66,1.0170833333333333
11.2,4,11,14,2,1,1.88,0.71,1.0179166666666666
1.6,3,11,14,2,1,0.73,0.49,1.03
25.4,2,11,14,2,1,0.78,0.49,1.0525
21.6,2,12,14,2,1,1.03,1.91,0.9916666666666667
-9.7,2,13,14,2,1,0.45,0.46,1.0016666666666667
25.1,2,13,14,2,1,0.7,1.82,1.0083333333333333
-5.0,3,13,14,2,1,1.98,1.35,1.0083333333333333
22.1,2,14,14,2,1,1.35,0.66,1.0383333333333333
37.6,1,15,14,2,1,1.38,0.31,1.1020833333333333
33.7,4,15,14,2,1,1.84,1.3,1.1083333333333334
7.2,5,16,14,2,1,1.45,1.32,1.09125
-0.8,1,16,14,2,1,0.91,1.15,1.0604166666666666
-6.4,5,17,14,2,1,0.41,0.39,1.1045833333333335
28.4,4,17,14,2,1,1.45,0.86,1.1016666666666666
15.8,1,17,14,2,1,0.79,0.5,1.0904166666666666
-9.9,5,17,14,2,1,0.23,0.66,1.0754166666666667
22.3,2,19,14,2,1,0.3,1.07,1.0675000000000001
6.6,2,19,14,2,1,0.88,0.47,1.1175
37.4,5,20,14,2,1,1.67,1.45,1.07125
21.7,1,22,14,2,1,0.34,1.97,1.0583333333333333
35.6,3,22,14,2,1,1.66,1.59,1.0362500000000001
17.8,2,22,14,2,1,1.06,1.3,1.0379166666666666
37.0,2,23,14,2,1,1.34,0.3,1.0354166666666667
38.9,4,1,15,2,2,0.24,1.88,0.9966666666666667
4.5,5,1,15,2,2,0.95,0.73,1.0470833333333334
23.2,1,2,15,2,2,1.94,0.78,1.0383333333333333
39.5,5,2,15,2,2,0.57,1.03,1.0558333333333334
39.3,1,2,15,2,2,1.45,0.45,1.1083333333333332
9.8,3,2,15,2,2,1.71,0.7,1.1620833333333334
18.7,5,3,15,2,2,1.99,1.98,1.11375
29.6,1,4,15,2,2,0.82,1.35,1.0741666666666667
0.8,1,5,15,2,2,0.4,1.38,1.03
2.2,3,5,15,2,2,0.32,1.84,0.9916666666666666
17.8,4,5,15,2,2,0.92,1.45,0.9720833333333333
36.4,5,5,15,2,2,0.98,0.91,0.98375
30.1,1,8,15,2,2,1.19,0.41,1.0304166666666668
19.3,1,10,15,2,2,1.53,1.45,1.0483333333333333
-1.8,2,11,15,2,2,1.88,0.79,1.0816666666666668
9.1,5,12,15,2,2,1.59,0.23,1.1175
39.4,1,12,15,2,2,1.09,0.3,1.1433333333333333
17.9,1,13,15,2,2,0.92,0.88,1.1595833333333334
27.0,4,15,15,2,2,1.27,1.67,1.1537499999999998
33.9,1,17,15,2,2,1.53,0.34,1.2058333333333333
-1.2,5,19,15,2,2,1.59,1.66,1.2145833333333333
19.8,3,21,15,2,2,1.87,1.06,1.2333333333333334
36.5,2,23,15,2,2,1.51,1.34,1.2570833333333333
17.2,2,0,16,2,3,1.91,0.24,1.2991666666666666
-4.0,4,0,16,2,3,1.25,0.95,1.30875
7.9,5,3,16,2,3,1.18,1.94,1.2766666666666666
-6.7,1,3,16,2,3,1.17,0.57,1.29125
28.4,3,4,16,2,3,0.92,1.45,1.2941666666666667
21.5,5,4,16,2,3,1.52,1.71,1.2854166666666667
-6.8,2,5,16,2,3,1.5,1.99,1.2162499999999998
-3.6,5,5,16,2,3,0.33,0.82,1.2166666666666666
9.2,1,6,16,2,3,0.83,0.4,1.27375
11.3,5,6,16,2,3,1.77,0.32,1.3016666666666665
33.4,1,7,16,2,3,0.99,0.92,1.2950000000000002
27.4,5,7,16,2,3,0.76,0.98,1.3258333333333334
-8.3,2,7,16,2,3,1.72,1.19,1.31125
-9.6,2,8,16,2,3,0.84,1.53,1.2995833333333333
35.1,5,8,16,2,3,1.25,1.88,1.2629166666666667
13.4,3,10,16,2,3,1.0,1.59,1.2437500000000001
-5.9,5,12,16,2,3,1.13,1.09,1.2575
-4.3,2,13,16,2,3,1.42,0.92,1.2641666666666664
26.5,4,13,16,2,3,1.08,1.27,1.2241666666666666
-2.0,3,13,16,2,3,0.31,1.53,1.2266666666666668
1.9,4,15,16,2,3,1.59,1.59,1.2033333333333334
21.8,3,16,16,2,3,1.03,1.87,1.2058333333333333
1.1,1,18,16,2,3,1.93,1.51,1.22
15.4,3,20,16,2,3,1.85,1.91,1.1925
12.1,1,20,16,2,3,1.25,1.25,1.1724999999999999
-4.8,3,20,16,2,3,0.77,1.18,1.1458333333333333
16.1,3,23,16,2,3,0.54,1.17,1.1187500000000001
31.9,2,23,16,2,3,0.52,0.92,1.105
32.3,1,23,16,2,3,0.59,1.52,1.1025
38.3,4,1,17,2,4,1.46,1.5,1.07375
17.2,5,2,17,2,4,0.81,0.33,1.11
10.5,5,2,17,2,4,1.2,0.83,1.1512499999999999
36.8,2,2,17,2,4,1.82,1.77,1.1145833333333333
28.4,1,3,17,2,4,0.89,0.99,1.0929166666666668
12.9,1,6,17,2,4,0.47,0.76,1.1141666666666665
3.6,3,6,17,2,4,1.27,1.72,1.0629166666666667
-6.1,3,6,17,2,4,0.49,0.84,1.0666666666666667
36.0,1,6,17,2,4,0.93,1.25,1.0904166666666668
30.2,1,11,17,2,4,1.82,1.0,1.1
18.4,3,11,17,2,4,1.23,1.13,1.0662500000000001
39.7,4,11,17,2,4,0.32,1.42,1.0329166666666667
-1.5,3,12,17,2,4,0.62,1.08,1.0320833333333335
25.1,2,12,17,2,4,1.06,0.31,1.1004166666666666
18.8,4,13,17,2,4,1.95,1.59,1.0725
-2.0,1,13,17,2,4,0.92,1.03,1.0675
-7.3,3,13,17,2,4,0.91,1.93,1.0383333333333333
12.0,3,13,17,2,4,1.23,1.85,0.9991666666666666
23.7,3,13,17,2,4,0.91,1.25,0.9758333333333334
13.6,4,14,17,2,4,0.69,0.77,1.0079166666666668
-3.3,3,14,17,2,4,1.54,0.54,1.0408333333333333
34.4,4,14,17,2,4,1.33,0.52,1.07375
35.8,4,15,17,2,4,1.31,0.59,1.1187500000000001
34.9,2,16,17,2,4,1.67,1.46,1.1220833333333333
23.6,1,16,17,2,4,1.54,0.81,1.1295833333333334
17.0,1,17,17,2,4,0.99,1.2,1.0970833333333334
11.5,1,17,17,2,4,0.42,1.82,1.0404166666666665
-6.0,1,18,17,2,4,0.46,0.89,1.07
38.1,5,19,17,2,4,1.6,0.47,1.1
32.8,4,19,17,2,4,1.19,1.27,1.1133333333333335
37.0,2,21,17,2,4,1.59,0.49,1.16875
13.9,2,21,17,2,4,1.82,0.93,1.1629166666666666
27.1,4,22,17,2,4,0.79,1.82,1.1500000000000001
16.2,4,22,17,2,4,1.51,1.23,1.14375
9.5,1,23,17,2,4,1.08,0.32,1.1545833333333333
38.7,1,0,18,2,5,0.58,0.62,1.1695833333333334
-6.5,1,1,18,2,5,0.98,1.06,1.13875
28.9,2,1,18,2,5,0.32,1.95,1.0770833333333334
10.4,1,2,18,2,5,0.47,0.92,1.06
-4.6,1,2,18,2,5,0.51,0.91,1.0375
8.5,4,2,18,2,5,0.37,1.23,1.0458333333333334
7.4,1,2,18,2,5,1.43,0.91,1.0179166666666666
22.6,5,4,18,2,5,0.24,0.69,1.0591666666666668
4.4,2,5,18,2,5,1.68,1.54,1.0220833333333335
36.5,1,7,18,2,5,0.65,1.33,1.0291666666666666
4.5,2,8,18,2,5,1.5,1.31,1.0508333333333333
37.8,4,9,18,2,5,1.83,1.67,1.01125
1.6,2,9,18,2,5,0.72,1.54,1.0183333333333333
10.0,2,10,18,2,5,1.71,0.99,1.0016666666666667
24.2,1,11,18,2,5,0.59,0.42,1.01875
3.6,2,12,18,2,5,0.83,0.46,1.0816666666666668
21.0,5,12,18,2,5,1.97,1.6,1.0483333333333333
35.0,5,13,18,2,5,0.8,1.19,1.0629166666666665
17.2,4,13,18,2,5,1.54,1.59,1.0345833333333332
14.3,3,15,18,2,5,0.91,1.82,1.0391666666666666
12.3,2,15,18,2,5,1.93,0.79,1.06
29.1,2,15,18,2,5,1.29,1.51,1.0554166666666667
17.8,5,16,18,2,5,1.4,1.08,1.0887499999999999
37.6,3,16,18,2,5,1.88,0.58,1.11875
35.8,2,16,18,2,5,1.3,0.98,1.15625
10.6,3,18,18,2,5,1.88,0.32,1.1970833333333333
-2.7,1,19,18,2,5,1.3,0.47,1.2541666666666667
39.4,1,20,18,2,5,1.84,0.51,1.2891666666666668
34.4,2,21,18,2,5,1.35,0.37,1.3566666666666667
31.6,1,22,18,2,5,1.99,1.43,1.3329166666666665
37.2,4,22,18,2,5,0.86,0.24,1.3529166666666665
22.8,4,23,18,2,5,0.72,1.68,1.2991666666666668
-4.8,1,23,18,2,5,0.39,0.65,1.28875
-1.2,2,2,19,2,6,0.4,1.5,1.2475
24.8,5,4,19,2,6,0.51,1.83,1.2141666666666666
19.1,2,5,19,2,6,1.03,0.72,1.2249999999999999
1.0,3,7,19,2,6,0.98,1.71,1.1745833333333333
10.3,1,7,19,2,6,0.5,0.59,1.2133333333333334
5.0,3,7,19,2,6,1.52,0.83,1.2125000000000001
38.3,3,7,19,2,6,0.81,1.97,1.1825
22.5,1,8,19,2,6,1.25,0.8,1.20875
-8.3,4,8,19,2,6,1.43,1.54,1.1725
-9.7,4,9,19,2,6,0.67,0.91,1.1833333333333333
-3.5,4,9,19,2,6,1.17,1.93,1.1541666666666668
36.8,5,10,19,2,6,1.23,1.29,1.1183333333333334
-4.1,1,10,19,2,6,0.43,1.4,1.1279166666666667
29.9,1,14,19,2,6,1.63,1.88,1.1129166666666668
4.3,3,14,19,2,6,1.52,1.3,1.0775
33.3,1,15,19,2,6,0.45,1.88,1.0625
-3.0,2,16,19,2,6,1.52,1.3,1.0408333333333333
11.3,5,17,19,2,6,0.78,1.84,1.0295833333333333
9.9,4,17,19,2,6,1.57,1.35,0.99625
34.1,1,18,19,2,6,0.55,1.99,0.9566666666666667
13.3,2,18,19,2,6,1.04,0.86,0.9966666666666667
34.8,4,20,19,2,6,1.82,0.72,0.9941666666666666
32.7,2,23,19,2,6,0.66,0.39,1.0291666666666666
24.3,2,23,19,2,6,1.23,0.4,1.0820833333333333
34.6,2,23,19,2,6,1.67,0.51,1.0925
-4.9,1,0,20,2,0,0.76,1.03,1.1254166666666667
-5.3,5,1,20,2,0,1.82,0.98,1.1116666666666666
12.6,3,2,20,2,0,0.65,0.5,1.1383333333333334
29.1,1,4,20,2,0,1.14,1.52,1.1429166666666666
22.3,3,4,20,2,0,1.63,0.81,1.17
32.4,4,6,20,2,0,1.46,1.25,1.1495833333333334
36.9,3,7,20,2,0,0.76,1.43,1.16
11.6,1,7,20,2,0,1.68,0.67,1.2020833333333334
10.8,1,7,20,2,0,1.68,1.17,1.1654166666666665
26.2,1,8,20,2,0,0.29,1.23,1.17
7.2,2,8,20,2,0,1.34,0.43,1.1833333333333333
-3.9,5,9,20,2,0,0.75,1.63,1.16875
20.6,5,10,20,2,0,1.28,1.52,1.1541666666666666
30.9,2,11,20,2,0,1.17,0.45,1.1645833333333335
7.4,2,12,20,2,0,0.7,1.52,1.1387500000000002
33.9,1,13,20,2,0,0.9,0.78,1.1833333333333333
2.0,1,13,20,2,0,1.85,1.57,1.1295833333333334
2.8,5,14,20,2,0,0.28,0.55,1.1454166666666665
14.0,3,15,20,2,0,0.93,1.04,1.1300000000000001
31.0,2,16,20,2,0,0.67,1.82,1.0654166666666667
4.8,3,16,20,2,0,0.27,0.66,1.0574999999999999
22.4,2,17,20,2,0,0.47,1.23,1.0579166666666666
18.2,1,18,20,2,0,1.24,1.67,1.0683333333333334
34.1,4,18,20,2,0,1.92,0.76,1.1070833333333334
25.8,5,19,20,2,0,1.69,1.82,1.0729166666666667
28.2,5,19,20,2,0,1.0,0.65,1.12375
36.6,5,20,20,2,0,1.87,1.14,1.0858333333333332
33.1,4,20,20,2,0,0.23,1.63,1.0908333333333333
6.1,3,21,20,2,0,1.75,1.46,1.05
11.1,1,21,20,2,0,0.48,0.76,1.075
37.4,4,21,20,2,0,1.36,1.68,1.0254166666666666
8.3,4,21,20,2,0,0.49,1.68,0.9700000000000001
-8.4,5,21,20,2,0,0.35,0.29,1.00375
-3.8,1,22,20,2,0,1.1,1.34,1.0254166666666666
35.8,3,23,20,2,0,1.86,0.75,1.0445833333333334
27.1,5,23,20,2,0,1.21,1.28,1.0041666666666667
32.8,4,1,21,2,1,0.31,1.17,0.99625
30.5,2,5,21,2,1,0.98,0.7,1.0337500000000002
34.5,3,6,21,2,1,1.6,0.9,1.0250000000000001
7.3,5,7,21,2,1,0.69,1.85,1.0158333333333334
23.3,1,9,21,2,1,1.63,0.28,1.07125
-5.3,3,9,21,2,1,1.61,0.93,1.0620833333333335
-3.3,4,10,21,2,1,0.71,0.67,1.1045833333333333
-6.1,5,10,21,2,1,1.69,0.27,1.1225
36.3,1,13,21,2,1,0.7,0.47,1.1433333333333333
21.8,1,15,21,2,1,0.97,1.24,1.15625
19.1,4,15,21,2,1,1.55,1.92,1.12125
33.5,5,16,21,2,1,1.08,1.69,1.0683333333333334
15.0,5,16,21,2,1,0.42,1.0,1.0416666666666667
19.8,4,17,21,2,1,0.36,1.87,0.97625
-4.4,2,17,21,2,1,0.3,0.23,0.9912500000000001
21.3,4,18,21,2,1,0.59,1.75,0.96875
38.8,5,18,21,2,1,1.21,0.48,0.9579166666666667
23.9,5,18,21,2,1,0.22,1.36,0.9325000000000001
-0.8,3,18,21,2,1,0.75,0.49,0.9674999999999999
14.3,1,19,21,2,1,1.33,0.35,0.9854166666666666
9.6,3,20,21,2,1,0.78,1.1,0.9758333333333334
20.7,5,21,21,2,1,0.87,1.86,0.9795833333333334
36.9,3,21,21,2,1,1.95,1.21,0.9966666666666667
-4.2,3,23,21,2,1,1.62,0.31,0.9925
3.6,1,23,21,2,1,0.21,0.98,0.9945833333333334
-0.4,3,0,22,2,2,1.03,1.6,1.0104166666666667
9.0,1,0,22,2,2,1.98,0.69,1.0170833333333333
28.5,2,1,22,2,2,0.85,1.63,0.9791666666666666
-2.3,3,3,22,2,2,0.72,1.61,0.98
8.2,2,3,22,2,2,1.63,0.71,0.9937499999999999
20.8,5,4,22,2,2,1.04,1.69,0.9558333333333334
28.3,4,4,22,2,2,0.78,0.7,0.96375
10.8,1,4,22,2,2,0.89,0.97,0.9466666666666667
-9.9,2,6,22,2,2,0.56,1.55,0.9254166666666667
29.6,2,7,22,2,2,1.04,1.08,0.9566666666666667
31.9,3,7,22,2,2,1.83,0.42,0.9695833333333334
13.1,2,8,22,2,2,0.73,0.36,0.9783333333333334
4.8,4,9,22,2,2,0.57,0.3,0.9879166666666666
-2.7,5,10,22,2,2,0.53,0.59,0.9925
10.5,1,11,22,2,2,0.7,1.21,0.9583333333333334
-7.4,3,14,22,2,2,0.39,0.22,0.9824999999999999
19.2,1,14,22,2,2,0.8,0.75,1.0304166666666668
10.4,1,14,22,2,2,1.9,1.33,1.0183333333333333
35.5,5,15,22,2,2,1.04,0.78,1.0075
-6.3,1,17,22,2,2,0.52,0.87,0.98
27.0,2,17,22,2,2,0.21,1.95,0.9791666666666666
-0.0,2,18,22,2,2,1.93,1.62,0.9554166666666667
34.6,3,18,22,2,2,1.05,0.21,0.9800000000000001
31.4,2,21,22,2,2,0.8,1.03,0.9720833333333334
9.7,1,22,22,2,2,0.84,1.98,0.9554166666666667
0.5,2,23,22,2,2,1.58,0.85,0.9566666666666666
38.2,4,23,22,2,2,0.88,0.72,0.9441666666666667
7.1,5,0,23,2,3,0.42,1.63,0.88625
34.4,3,1,23,2,3,0.24,1.04,0.9045833333333334
8.5,5,4,23,2,3,1.48,0.78,0.9016666666666667
27.1,5,4,23,2,3,0.71,0.89,0.9183333333333333
5.0,5,5,23,2,3,1.29,0.56,0.9229166666666667
1.6,2,6,23,2,3,0.67,1.04,0.8949999999999999
19.4,3,7,23,2,3,0.37,1.83,0.8333333333333334
34.3,5,7,23,2,3,0.35,0.73,0.8775
25.7,3,8,23,2,3,1.79,0.57,0.9066666666666666
36.6,2,9,23,2,3,1.27,0.53,0.93125
22.0,1,12,23,2,3,1.12,0.7,0.9508333333333333
0.8,1,12,23,2,3,1.17,0.39,0.9495833333333333
12.9,4,13,23,2,3,0.36,0.8,0.94625
12.2,5,13,23,2,3,0.72,1.9,0.9120833333333334
21.1,1,14,23,2,3,1.08,1.04,0.9029166666666667
4.9,1,16,23,2,3,0.82,0.52,0.9383333333333334
3.4,2,18,23,2,3,1.37,0.21,0.96875
28.9,4,18,23,2,3,0.94,1.93,0.9575
11.3,2,19,23,2,3,1.66,1.05,0.9316666666666666
16.0,1,20,23,2,3,0.43,0.8,0.9129166666666667
4.7,1,21,23,2,3,0.35,0.84,0.8937499999999999
20.2,5,22,23,2,3,0.38,1.58,0.8908333333333333
37.5,1,22,23,2,3,1.51,0.88,0.8775000000000001
30.3,5,23,23,2,3,0.56,0.42,0.915
35.9,4,1,24,2,4,1.32,0.24,0.9562500000000002
36.2,1,2,24,2,4,1.23,1.48,0.9133333333333334
35.7,4,3,24,2,4,0.45,0.71,0.9458333333333333
29.2,2,3,24,2,4,1.49,1.29,0.9425
38.1,2,4,24,2,4,1.21,0.67,0.9424999999999999
19.2,1,8,24,2,4,0.67,0.37,0.9454166666666667
-2.4,2,9,24,2,4,0.44,0.35,1.0025
-2.2,2,10,24,2,4,1.72,1.79,0.9545833333333333
-0.9,1,11,24,2,4,0.64,1.27,0.92
1.6,1,12,24,2,4,0.44,1.12,0.8841666666666667
9.6,4,12,24,2,4,0.26,1.17,0.9049999999999999
37.5,3,14,24,2,4,1.67,0.36,0.9216666666666665
19.7,1,15,24,2,4,0.76,0.72,0.9733333333333333
-1.2,3,16,24,2,4,1.96,1.08,0.9849999999999999
32.2,2,16,24,2,4,1.36,0.82,1.0125
17.2,1,17,24,2,4,1.48,1.37,1.0145833333333334
-4.9,3,17,24,2,4,1.42,0.94,0.9937499999999999
15.5,1,17,24,2,4,0.44,1.66,0.9891666666666666
31.9,2,17,24,2,4,1.55,0.43,1.0341666666666667
11.4,2,17,24,2,4,1.51,0.35,1.0358333333333334
0.5,4,18,24,2,4,0.39,0.38,1.06125
-1.5,2,18,24,2,4,0.99,1.51,1.0441666666666667
28.3,2,19,24,2,4,1.1,0.56,1.0583333333333333
-0.2,3,19,24,2,4,0.9,1.32,1.07875
33.3,5,20,24,2,4,1.81,1.23,1.06875
13.4,2,21,24,2,4,0.99,0.45,1.0691666666666666
20.1,2,21,24,2,4,0.46,1.49,1.0266666666666666
38.9,5,22,24,2,4,0.47,1.21,1.0120833333333332
12.3,3,23,24,2,4,0.86,0.67,1.0175
-2.0,3,23,24,2,4,0.8,0.44,1.0083333333333333
9.0,3,1,25,2,5,0.22,1.72,0.9641666666666667
20.8,3,1,25,2,5,0.66,0.64,0.9854166666666667
19.5,5,1,25,2,5,1.15,0.44,0.9808333333333333
14.8,1,4,25,2,5,0.33,0.26,1.0408333333333333
26.6,4,5,25,2,5,1.7,1.67,1.0358333333333334
5.3,3,5,25,2,5,1.55,0.76,1.06
25.7,1,5,25,2,5,1.34,1.96,1.0479166666666668
3.1,2,5,25,2,5,1.67,1.36,1.055
39.0,3,7,25,2,5,1.53,1.48,1.0137500000000002
25.6,2,10,25,2,5,0.49,1.42,0.97125
25.9,5,11,25,2,5,0.4,0.44,0.9641666666666667
16.6,4,12,25,2,5,0.27,1.55,0.9691666666666667
-4.5,1,12,25,2,5,1.67,1.51,0.9308333333333333
10.7,5,13,25,2,5,0.59,0.39,0.9429166666666666
25.1,3,16,25,2,5,0.68,0.99,0.935
4.8,5,19,25,2,5,0.8,1.1,0.9354166666666667
11.3,2,19,25,2,5,1.11,0.9,0.9725
17.9,4,19,25,2,5,1.79,1.81,0.9616666666666668
14.7,3,20,25,2,5,1.55,0.99,0.9579166666666666
35.5,2,20,25,2,5,0.9,0.46,0.98375
-4.7,1,21,25,2,5,1.08,0.47,1.0154166666666666
12.0,2,21,25,2,5,1.23,0.86,1.0554166666666667
39.8,5,21,25,2,5,1.82,0.8,1.0495833333333333
2.1,4,21,25,2,5,0.66,0.22,1.1104166666666668
17.5,4,23,25,2,5,1.68,0.66,1.1433333333333333
16.0,3,0,26,2,6,1.45,1.15,1.1475
32.4,2,1,26,2,6,1.25,0.33,1.1558333333333335
14.4,4,1,26,2,6,0.53,1.7,1.1670833333333335
7.4,4,1,26,2,6,1.97,1.55,1.15375
3.9,4,3,26,2,6,1.23,1.34,1.1791666666666667
24.8,4,4,26,2,6,1.95,1.67,1.12625
18.6,5,5,26,2,6,0.4,1.53,1.11
7.4,3,5,26,2,6,1.14,0.49,1.1104166666666666
11.2,1,6,26,2,6,0.5,0.4,1.1304166666666668
-7.8,3,7,26,2,6,0.88,0.27,1.1866666666666668
33.8,2,8,26,2,6,1.62,1.67,1.16375
11.1,3,9,26,2,6,1.12,0.59,1.1954166666666668
-8.2,4,10,26,2,6,1.35,0.68,1.1820833333333334
37.1,3,10,26,2,6,0.36,0.8,1.1595833333333332
-9.8,2,11,26,2,6,0.26,1.11,1.1570833333333332
22.1,3,11,26,2,6,1.05,1.79,1.0966666666666667
13.9,3,12,26,2,6,0.34,1.55,1.0504166666666668
34.9,2,12,26,2,6,0.44,0.9,1.0337500000000002
9.0,4,12,26,2,6,0.5,1.08,1.0266666666666666
-3.5,4,16,26,2,6,0.91,1.23,1.0483333333333333
-6.9,4,16,26,2,6,1.75,1.82,1.0116666666666667
25.4,2,17,26,2,6,0.94,0.66,1.0241666666666667
26.4,4,17,26,2,6,0.96,1.68,0.9833333333333333
-0.6,2,17,26,2,6,0.7,1.45,0.9616666666666668
38.2,1,21,26,2,6,0.93,1.25,0.9575
21.2,1,21,26,2,6,1.15,0.53,0.9716666666666667
5.9,5,21,26,2,6,0.87,1.97,0.90125
31.6,3,21,26,2,6,0.28,1.23,0.9058333333333333
38.0,4,22,26,2,6,1.34,1.95,0.84125
-6.6,3,22,26,2,6,0.4,0.4,0.8504166666666665
6.5,2,23,26,2,6,0.62,1.14,0.8633333333333334
-5.6,1,23,26,2,6,1.45,0.5,0.8908333333333335
-0.8,5,0,27,2,0,1.16,0.88,0.8691666666666666
17.6,1,1,27,2,0,0.36,1.62,0.8345833333333333
32.1,1,1,27,2,0,0.79,1.12,0.8154166666666667
1.5,2,2,27,2,0,0.66,1.35,0.7941666666666666
35.8,1,3,27,2,0,0.84,0.36,0.8141666666666666
30.6,2,3,27,2,0,0.84,0.26,0.8816666666666667
-7.5,1,3,27,2,0,1.88,1.05,0.8733333333333334
24.0,5,4,27,2,0,0.85,0.34,0.875
30.1,4,6,27,2,0,0.38,0.44,0.94
30.5,5,7,27,2,0,2.0,0.5,0.9595833333333333
27.6,3,9,27,2,0,0.97,0.91,0.9841666666666667
1.7,2,9,27,2,0,1.5,1.75,0.9320833333333334
-4.5,2,11,27,2,0,0.5,0.94,0.9670833333333332
-9.7,1,11,27,2,0,1.78,0.96,0.9720833333333334
28.0,1,12,27,2,0,1.08,0.7,0.9908333333333333
19.4,5,12,27,2,0,1.15,0.93,1.005
33.8,5,12,27,2,0,1.27,1.15,1.0170833333333333
6.4,3,13,27,2,0,1.44,0.87,1.0141666666666667
27.8,4,13,27,2,0,0.8,0.28,1.08
29.4,2,15,27,2,0,1.86,1.34,1.04375
34.2,2,15,27,2,0,0.47,0.4,1.0945833333333332
4.0,5,16,27,2,0,1.62,0.62,1.12875
26.2,5,17,27,2,0,1.44,1.45,1.0920833333333333
21.5,4,17,27,2,0,0.57,1.16,1.0908333333333333
1.3,2,18,27,2,0,1.13,0.36,1.1108333333333333
12.7,3,20,27,2,0,0.84,0.79,1.10125
22.5,4,20,27,2,0,0.56,0.66,1.08375
2.8,5,20,27,2,0,0.24,0.84,1.0579166666666666
10.3,4,23,27,2,0,0.22,0.84,1.0608333333333333
15.2,4,0,28,2,1,0.91,1.88,1.05125
19.0,3,1,28,2,1,1.65,0.85,1.0983333333333334
9.4,2,3,28,2,1,1.98,0.38,1.10375
-9.3,4,3,28,2,1,0.51,2.0,1.0391666666666668
31.5,1,4,28,2,1,0.45,0.97,1.0620833333333333
26.9,4,6,28,2,1,1.52,1.5,1.0358333333333334
4.9,5,6,28,2,1,0.87,0.5,1.0741666666666665
34.8,5,6,28,2,1,1.42,1.78,1.03125
38.9,5,7,28,2,1,0.75,1.08,1.0154166666666666
2.5,4,7,28,2,1,0.7,1.15,0.9904166666666666
-6.6,3,9,28,2,1,0.55,1.27,0.9808333333333333
13.4,5,10,28,2,1,1.04,1.44,0.9425
29.1,5,12,28,2,1,0.52,0.8,0.9541666666666666
34.2,3,12,28,2,1,1.08,1.86,0.9458333333333333
24.0,1,14,28,2,1,1.66,0.47,0.9541666666666667
-3.6,3,14,28,2,1,0.67,1.62,0.9458333333333333
25.1,1,14,28,2,1,1.42,1.44,0.9133333333333332
-0.1,5,15,28,2,1,0.66,0.57,0.9670833333333334
-4.2,4,17,28,2,1,1.86,1.13,0.9474999999999999
13.4,2,18,28,2,1,0.66,0.84,0.9754166666666667
-3.6,4,19,28,2,1,1.51,0.56,1.0029166666666667
28.7,1,19,28,2,1,1.22,0.24,1.0645833333333332
25.7,4,20,28,2,1,1.72,0.22,1.0866666666666667
27.2,4,20,28,2,1,0.75,0.91,1.0916666666666666
1.0,4,21,28,2,1,1.03,1.65,1.0475
3.2,2,21,28,2,1,0.59,1.98,0.9995833333333334
27.8,5,23,28,2,1,0.83,0.51,0.995
4.5,2,23,28,2,1,0.4,0.45,1.05125
5.5,3,0,1,3,2,1.8,1.52,1.0141666666666667
6.1,4,0,1,3,2,0.63,0.87,1.0341666666666667
-6.0,3,0,1,3,2,1.35,1.42,1.0208333333333333
11.1,4,0,1,3,2,1.1,0.75,0.9987500000000001
38.6,2,0,1,3,2,0.22,0.7,1.0470833333333334
1.8,4,0,1,3,2,1.86,0.55,1.0775
27.7,4,0,1,3,2,1.28,1.04,1.0491666666666668
0.1,4,0,1,3,2,0.36,0.52,1.0358333333333334
36.7,3,1,1,3,2,0.2,1.08,1.0529166666666667
5.4,2,1,1,3,2,1.49,1.66,0.99625
-7.6,2,2,1,3,2,0.3,0.67,1.0395833333333333
14.3,5,3,1,3,2,1.71,1.42,1.0079166666666668
30.7,3,7,1,3,2,0.66,0.66,1.0233333333333334
3.2,4,7,1,3,2,1.03,1.86,0.9795833333333334
6.8,5,9,1,3,2,0.81,0.66,1.0045833333333334
25.0,4,9,1,3,2,1.26,1.51,1.0133333333333334
34.8,2,10,1,3,2,1.72,1.22,1.0366666666666666
0.9,1,11,1,3,2,1.78,1.72,1.0150000000000001
-6.6,2,14,1,3,2,1.2,0.75,1.0391666666666668
39.6,1,14,1,3,2,1.33,1.03,1.0329166666666667
-1.0,4,15,1,3,2,0.88,0.59,1.0358333333333334
27.4,1,16,1,3,2,0.66,0.83,1.0775
-8.5,4,17,1,3,2,1.83,0.4,1.115
23.2,2,17,1,3,2,1.3,1.8,1.06375
31.6,1,18,1,3,2,0.57,0.63,1.04875
-5.3,1,21,1,3,2,0.27,1.35,1.0216666666666667
1.7,3,21,1,3,2,0.7,1.1,0.9966666666666667
-7.7,3,21,1,3,2,0.5,0.22,1.0654166666666667
26.9,1,22,1,3,2,1.87,1.86,1.0179166666666666
11.8,3,23,1,3,2,0.72,1.28,1.0050000000000001
16.0,2,23,1,3,2,0.97,0.36,1.0004166666666665
19.7,2,23,1,3,2,0.25,0.2,1.0208333333333333
16.3,4,0,2,3,3,0.69,1.49,1.0208333333333333
37.4,4,0,2,3,3,1.49,0.3,1.04125
23.8,4,2,2,3,3,0.79,1.71,1.0316666666666665
-1.8,5,2,2,3,3,1.48,0.66,1.0283333333333333
19.5,1,2,2,3,3,0.58,1.03,1.0491666666666666
1.7,1,3,2,3,3,1.53,0.81,1.0808333333333333
8.0,1,3,2,3,3,1.57,1.26,1.04
28.2,1,3,2,3,3,0.28,1.72,1.05125
16.2,3,4,2,3,3,1.99,1.78,1.0391666666666668
36.8,2,5,2,3,3,1.49,1.2,1.0225
16.2,2,5,2,3,3,0.8,1.33,1.0416666666666667
27.3,5,5,2,3,3,1.79,0.88,1.07875
12.3,1,6,2,3,3,1.77,0.66,1.0608333333333333
3.2,4,11,2,3,3,0.23,1.83,1.0266666666666666
21.7,1,13,2,3,3,1.01,1.3,1.0245833333333334
25.9,4,13,2,3,3,1.25,0.57,1.0695833333333333
-1.2,3,13,2,3,3,1.65,0.27,1.1316666666666666
-0.7,4,14,2,3,3,1.76,0.7,1.1300000000000001
11.9,5,14,2,3,3,0.66,0.5,1.1195833333333334
18.8,3,14,2,3,3,0.25,1.87,1.10375
28.9,2,14,2,3,3,1.49,0.72,1.10125
39.5,3,14,2,3,3,0.66,0.97,1.0741666666666667
26.8,3,15,2,3,3,0.32,0.25,1.0970833333333334
8.0,4,15,2,3,3,0.8,0.69,1.1433333333333333
-8.2,4,15,2,3,3,1.8,1.49,1.145
11.6,1,17,2,3,3,1.53,0.79,1.18375
8.5,3,19,2,3,3,1.72,1.48,1.1891666666666667
3.1,4,19,2,3,3,1.61,0.58,1.2108333333333332
13.4,1,22,2,3,3,1.1,1.53,1.2033333333333334
1.2,2,0,3,3,4,1.35,1.57,1.1991666666666665
13.4,4,1,3,3,4,1.47,0.28,1.2066666666666668
-4.3,5,1,3,3,4,0.46,1.99,1.1429166666666666
18.6,2,2,3,3,4,0.46,1.49,1.1070833333333334
30.1,3,2,3,3,4,0.63,0.8,1.0904166666666668
-0.5,5,2,3,3,4,0.4,1.79,1.0420833333333335
-5.2,4,3,3,3,4,0.63,1.77,1.0333333333333334
2.6,5,4,3,3,4,1.56,0.23,1.0525
7.3,3,4,3,3,4,0.69,1.01,1.0333333333333334
6.0,4,4,3,3,4,0.55,1.25,0.9987499999999999
-8.3,4,5,3,3,4,0.42,1.65,1.0029166666666667
-7.5,3,6,3,3,4,1.75,1.76,0.9995833333333333
18.7,3,6,3,3,4,1.68,0.66,0.9908333333333332
25.5,2,8,3,3,4,0.45,0.25,0.99125
-0.6,5,10,3,3,4,0.26,1.49,1.00375
-3.1,5,11,3,3,4,1.79,0.66,1.0516666666666667
17.9,5,12,3,3,4,1.81,0.32,1.0966666666666667
23.8,1,12,3,3,4,1.4,0.8,1.0766666666666667
-5.6,2,12,3,3,4,0.32,1.8,1.04125
21.7,5,14,3,3,4,0.95,1.53,1.0420833333333335
13.5,2,15,3,3,4,1.55,1.72,1.02
11.0,4,15,3,3,4,1.19,1.61,0.9874999999999999
22.9,5,16,3,3,4,0.83,1.1,1.0075
2.2,4,18,3,3,4,1.58,1.35,0.9816666666666666
12.9,2,19,3,3,4,0.73,1.47,0.9954166666666667
35.8,5,21,3,3,4,1.8,0.46,0.98875
-5.6,5,21,3,3,4,0.3,0.46,1.02375
37.8,3,22,3,3,4,1.3,0.63,1.0479166666666668
36.5,5,22,3,3,4,1.21,0.4,1.0670833333333334
17.9,1,23,3,3,4,0.86,0.63,1.105
30.2,5,0,4,3,5,1.54,1.56,1.0929166666666668
3.8,2,3,4,3,5,1.27,0.69,1.13375
11.7,2,3,4,3,5,1.67,0.55,1.1333333333333333
0.1,3,4,4,3,5,0.54,0.42,1.1666666666666667
8.5,4,4,4,3,5,1.22,1.75,1.1154166666666667
30.7,3,5,4,3,5,0.52,1.68,1.11125
22.3,1,6,4,3,5,1.58,0.45,1.1654166666666668
8.0,5,7,4,3,5,1.75,0.26,1.2166666666666666
-2.3,5,8,4,3,5,1.49,1.79,1.1704166666666667
17.7,1,9,4,3,5,0.68,1.81,1.16375
-9.6,2,11,4,3,5,1.65,1.4,1.1170833333333332
34.5,3,12,4,3,5,0.28,0.32,1.1704166666666667
10.0,1,13,4,3,5,1.6,0.95,1.1433333333333333
39.0,4,13,4,3,5,0.3,1.55,1.1483333333333332
3.5,1,14,4,3,5,1.67,1.19,1.1304166666666666
21.6,2,16,4,3,5,0.76,0.83,1.1170833333333334
15.8,2,17,4,3,5,0.51,1.58,1.1258333333333335
39.6,4,17,4,3,5,1.79,0.73,1.1454166666666667
26.1,1,19,4,3,5,1.2,1.8,1.1125
6.4,3,19,4,3,5,1.01,0.3,1.1591666666666667
17.0,4,20,4,3,5,1.42,1.3,1.1654166666666665
-9.4,2,21,4,3,5,1.45,1.21,1.17875
2.5,5,22,4,3,5,1.53,0.86,1.2208333333333334
7.8,5,22,4,3,5,1.87,1.54,1.1979166666666667
38.5,4,1,5,3,6,0.99,1.27,1.2020833333333334
26.0,4,2,5,3,6,1.37,1.67,1.18
27.1,3,2,5,3,6,1.14,0.54,1.2241666666666666
12.2,4,2,5,3,6,1.6,1.22,1.2425
-4.7,3,3,5,3,6,1.66,0.52,1.25
-0.0,4,4,5,3,6,0.7,1.58,1.2066666666666668
18.1,5,5,5,3,6,0.54,1.75,1.2137499999999999
13.5,2,6,5,3,6,1.92,1.49,1.1679166666666667
-6.8,2,6,5,3,6,0.39,0.68,1.1695833333333334
28.4,4,7,5,3,6,0.72,1.65,1.1279166666666667
-7.0,1,7,5,3,6,0.65,0.28,1.1883333333333335
17.6,3,7,5,3,6,1.73,1.6,1.1929166666666666
29.4,1,7,5,3,6,1.71,0.3,1.26125
28.5,1,8,5,3,6,1.94,1.67,1.2220833333333334
18.0,3,8,5,3,6,0.73,0.76,1.2579166666666668
29.4,2,10,5,3,6,1.62,0.51,1.2974999999999999
-2.6,2,11,5,3,6,1.46,1.79,1.2654166666666666
3.4,3,11,5,3,6,1.02,1.2,1.2741666666666667
34.9,3,13,5,3,6,1.41,1.01,1.2650000000000001
-4.7,2,13,5,3,6,0.79,1.42,1.2570833333333333
29.5,1,15,5,3,6,1.23,1.45,1.2175
7.5,5,15,5,3,6,0.5,1.53,1.1808333333333334
33.4,5,16,5,3,6,0.65,1.87,1.1470833333333332
14.3,2,18,5,3,6,1.06,0.99,1.1154166666666667
-8.4,3,19,5,3,6,0.23,1.37,1.1283333333333332
26.4,3,20,5,3,6,1.68,1.14,1.1229166666666666
15.1,2,21,5,3,6,1.01,1.6,1.0725
-5.5,5,22,5,3,6,0.39,1.66,1.0283333333333333
4.0,2,22,5,3,6,0.6,0.7,1.0308333333333335
38.1,2,22,5,3,6,0.76,0.54,1.0704166666666666
6.5,5,23,5,3,6,1.49,1.92,1.0308333333333335
17.8,5,0,6,3,0,0.97,0.39,1.0441666666666667
12.6,3,1,6,3,0,0.71,0.72,1.0679166666666668
18.4,1,1,6,3,0,1.29,0.65,1.0725
39.7,3,3,6,3,0,0.76,1.73,1.0458333333333332
26.0,2,4,6,3,0,1.09,1.71,0.99375
1.8,2,5,6,3,0,0.46,1.94,0.9516666666666667
18.2,1,6,6,3,0,0.93,0.73,1.0008333333333332
24.0,2,6,6,3,0,1.91,1.62,1.0045833333333334
12.8,5,7,6,3,0,1.71,1.46,0.9683333333333334
2.8,4,8,6,3,0,0.59,1.02,0.9362500000000001
-6.3,1,9,6,3,0,0.25,1.41,0.8958333333333334
4.8,4,11,6,3,0,0.44,0.79,0.9120833333333332
11.9,3,12,6,3,0,1.18,1.23,0.9116666666666666
3.2,5,13,6,3,0,1.22,0.5,0.9420833333333335
18.0,3,13,6,3,0,1.23,0.65,0.9708333333333333
1.9,3,14,6,3,0,1.34,1.06,0.9437500000000001
25.0,3,16,6,3,0,0.41,0.23,0.9720833333333334
8.4,2,16,6,3,0,0.91,1.68,0.9125000000000001
35.0,5,18,6,3,0,0.25,1.01,0.9008333333333333
34.8,1,19,6,3,0,0.73,0.39,0.9054166666666665
-6.4,4,19,6,3,0,0.5,0.6,0.9012500000000001
15.3,3,20,6,3,0,0.5,0.76,0.8829166666666666
35.3,4,20,6,3,0,0.32,1.49,0.8995833333333333
1.7,1,20,6,3,0,1.89,0.97,0.9320833333333333
24.1,4,20,6,3,0,1.75,0.71,0.9379166666666667
33.3,1,21,6,3,0,0.85,1.29,0.9162499999999999
14.5,4,21,6,3,0,0.77,0.76,0.9429166666666666
11.7,5,21,6,3,0,1.4,1.09,0.9725
9.5,2,21,6,3,0,1.8,0.46,0.9941666666666666
16.8,2,21,6,3,0,0.98,0.93,0.9933333333333333
-4.8,4,21,6,3,0,0.91,1.91,0.9775
-7.9,5,21,6,3,0,1.53,1.71,0.9779166666666667
31.1,1,23,6,3,0,1.72,0.59,0.9858333333333333
11.9,2,23,6,3,0,0.78,0.25,1.0358333333333334
18.7,4,1,7,3,1,1.45,0.44,1.0870833333333334
18.2,5,1,7,3,1,1.67,1.18,1.0841666666666667
7.2,2,2,7,3,1,1.11,1.22,1.10875
0.5,4,3,7,3,1,1.81,1.23,1.1404166666666666
7.8,4,3,7,3,1,1.99,1.34,1.14125
-8.1,1,4,7,3,1,1.36,0.41,1.2054166666666666
3.3,4,5,7,3,1,1.95,0.91,1.21875
9.9,1,6,7,3,1,1.23,0.25,1.2270833333333333
19.2,5,6,7,3,1,0.45,0.73,1.23375
33.9,1,7,7,3,1,0.89,0.5,1.2341666666666666
1.6,4,8,7,3,1,0.51,0.5,1.2504166666666665
2.3,3,9,7,3,1,0.89,0.32,1.2845833333333334
27.1,1,9,7,3,1,1.14,1.89,1.2391666666666667
20.2,1,10,7,3,1,0.8,1.75,1.2395833333333333
-0.3,4,13,7,3,1,1.76,0.85,1.2470833333333333
24.2,4,15,7,3,1,1.03,0.77,1.2616666666666667
-5.7,1,15,7,3,1,1.12,1.4,1.2145833333333333
26.8,1,16,7,3,1,0.27,1.8,1.19125
2.1,3,18,7,3,1,1.24,0.98,1.2008333333333334
18.0,5,18,7,3,1,1.21,0.91,1.1870833333333335
-9.7,5,20,7,3,1,0.58,1.53,1.155
-5.0,2,20,7,3,1,0.76,1.72,1.1308333333333334
-7.9,3,21,7,3,1,1.14,0.78,1.15875
8.3,5,21,7,3,1,1.45,1.45,1.1675
25.7,1,22,7,3,1,1.66,1.67,1.1354166666666667
39.2,4,23,7,3,1,0.9,1.11,1.11375
32.6,3,23,7,3,1,0.59,1.81,1.0758333333333334
32.9,1,23,7,3,1,0.9,1.99,1.02125
-7.4,3,23,7,3,1,0.68,1.36,1.0258333333333332
38.5,1,1,8,3,2,1.47,1.95,0.9624999999999999
9.1,2,1,8,3,2,0.43,1.23,0.9941666666666666
-6.1,5,1,8,3,2,1.99,0.45,1.035
0.2,4,1,8,3,2,1.43,0.89,1.03375
-8.9,4,2,8,3,2,0.86,0.51,1.0870833333333334
33.0,5,4,8,3,2,1.79,0.89,1.1300000000000001
-4.8,5,6,8,3,2,1.92,1.14,1.0987500000000001
40.0,5,7,8,3,2,0.39,0.8,1.1408333333333334
36.3,3,8,8,3,2,1.81,1.76,1.1175
35.5,1,9,8,3,2,1.2,1.03,1.1295833333333334
8.0,4,9,8,3,2,1.32,1.12,1.1633333333333333
4.0,2,9,8,3,2,1.93,0.27,1.2070833333333333
3.3,2,10,8,3,2,1.32,1.24,1.1966666666666668
31.1,1,10,8,3,2,0.99,1.21,1.1733333333333333
2.4,1,11,8,3,2,0.65,0.58,1.1708333333333332
-0.9,4,12,8,3,2,0.52,0.76,1.1491666666666667
4.8,4,13,8,3,2,0.24,1.14,1.165
30.0,4,13,8,3,2,1.52,1.45,1.1129166666666668
2.7,5,14,8,3,2,0.2,1.66,1.1025
5.5,5,17,8,3,2,1.41,0.9,1.0799999999999998
14.4,2,18,8,3,2,0.36,0.59,1.0870833333333334
13.4,2,19,8,3,2,0.76,0.9,1.0995833333333334
27.2,2,19,8,3,2,1.2,0.68,1.0858333333333332
12.8,4,20,8,3,2,0.35,1.47,1.0470833333333334
-6.7,5,21,8,3,2,0.54,0.43,1.08
32.5,4,22,8,3,2,1.22,1.99,1.0745833333333332
28.8,5,22,8,3,2,1.86,1.43,1.0241666666666667
33.1,3,22,8,3,2,0.22,0.86,1.0083333333333333
-8.0,4,22,8,3,2,0.48,1.79,0.9891666666666667
31.2,4,23,8,3,2,1.33,1.92,0.9333333333333332
26.0,2,0,9,3,3,0.58,0.39,0.9341666666666666
-2.8,1,3,9,3,3,0.41,1.81,0.9145833333333333
37.4,5,3,9,3,3,1.34,1.2,0.9104166666666668
-8.3,1,4,9,3,3,1.1,1.32,0.9237500000000001
28.2,4,5,9,3,3,1.64,1.93,0.8658333333333333
14.9,2,5,9,3,3,0.54,1.32,0.8929166666666667
3.6,5,6,9,3,3,1.97,0.99,0.88625
39.6,2,7,9,3,3,0.83,0.65,0.89125
9.1,5,8,9,3,3,0.77,0.52,0.9320833333333334
1.0,1,8,9,3,3,1.5,0.24,0.9458333333333333
6.7,5,8,9,3,3,0.57,1.52,0.9370833333333333
-2.5,2,14,9,3,3,1.31,0.2,0.9625
33.8,1,15,9,3,3,0.81,1.41,0.9541666666666666
27.4,5,17,9,3,3,1.21,0.36,0.9545833333333333
2.7,4,19,9,3,3,0.37,0.76,0.9349999999999999
17.5,2,19,9,3,3,0.29,1.2,0.9054166666666666
35.0,3,20,9,3,3,0.49,0.35,0.9545833333333333
-5.0,4,21,9,3,3,1.53,0.54,1.0095833333333333
-7.5,3,21,9,3,3,1.86,1.22,0.9833333333333334
12.3,4,21,9,3,3,0.59,1.86,0.9679166666666666
21.1,2,21,9,3,3,1.49,0.22,1.0275
9.4,4,22,9,3,3,1.65,0.48,1.0295833333333333
24.7,2,22,9,3,3,0.53,1.33,1.0054166666666666
36.9,4,23,9,3,3,0.75,0.58,1.0491666666666666
-8.2,2,23,9,3,3,1.63,0.41,1.0983333333333334
-6.9,5,0,10,3,4,1.59,1.34,1.11125
-1.7,5,2,10,3,4,1.65,1.1,1.0895833333333333
-2.3,4,2,10,3,4,0.58,1.64,1.0595833333333333
22.5,2,3,10,3,4,0.92,0.54,1.0945833333333332
17.6,4,5,10,3,4,1.38,1.97,1.0520833333333333
13.6,3,6,10,3,4,0.95,0.83,1.0341666666666667
24.7,5,6,10,3,4,0.4,0.77,1.06125
33.3,5,6,10,3,4,1.42,1.5,1.0504166666666668
-9.2,5,7,10,3,4,1.24,0.57,1.05875
35.3,5,7,10,3,4,0.77,1.31,1.0204166666666667
17.9,1,7,10,3,4,0.39,0.81,1.0087499999999998
-7.7,5,7,10,3,4,0.53,1.21,1.01125
29.0,4,8,10,3,4,1.27,0.37,1.0145833333333334
-4.8,4,8,10,3,4,0.45,0.29,1.0341666666666667
26.2,1,9,10,3,4,0.76,0.49,1.0841666666666667
0.2,1,9,10,3,4,1.69,1.53,1.0833333333333333
31.8,4,10,10,3,4,1.51,1.86,1.02375
30.3,2,11,10,3,4,0.43,0.59,1.0308333333333333
22.4,3,12,10,3,4,0.76,1.49,1.0025
19.9,3,14,10,3,4,0.81,1.65,0.9425
11.3,1,14,10,3,4,0.21,0.53,0.9870833333333334
16.1,3,14,10,3,4,1.6,0.75,1.0016666666666667
40.0,4,15,10,3,4,1.1,1.63,0.985
30.2,2,15,10,3,4,1.23,1.59,0.9833333333333334
5.8,3,15,10,3,4,1.55,1.65,0.9716666666666667
-8.4,5,16,10,3,4,1.37,0.58,0.9645833333333335
21.4,4,16,10,3,4,0.41,0.92,0.9570833333333333
17.5,3,17,10,3,4,0.74,1.38,0.9225
14.4,1,17,10,3,4,0.55,0.95,0.91125
-2.0,1,17,10,3,4,0.68,0.4,0.9254166666666666
2.9,3,18,10,3,4,0.74,1.42,0.9325000000000001
19.8,5,18,10,3,4,1.59,1.24,0.9629166666666666
29.3,4,20,10,3,4,1.97,0.77,0.9725
-7.5,4,20,10,3,4,1.0,0.39,0.9870833333333332
19.0,1,22,10,3,4,0.74,0.53,1.0275
30.8,1,23,10,3,4,1.5,1.27,1.02875
1.1,5,23,10,3,4,1.3,0.45,1.0816666666666666
14.6,5,1,11,3,5,1.72,0.76,1.08375
10.0,2,2,11,3,5,0.81,1.69,1.0445833333333334
-9.0,2,2,11,3,5,0.75,1.51,1.0429166666666667
-6.3,3,2,11,3,5,1.47,0.43,1.1066666666666667
22.5,4,2,11,3,5,1.96,0.76,1.1520833333333333
31.1,1,4,11,3,5,1.85,0.81,1.1833333333333333
-4.0,2,6,11,3,5,1.56,0.21,1.2570833333333333
13.4,2,7,11,3,5,1.98,1.6,1.26375
25.5,5,7,11,3,5,1.76,1.1,1.23875
22.2,4,9,11,3,5,0.5,1.23,1.2041666666666668
38.3,5,9,11,3,5,0.4,1.55,1.1945833333333333
20.7,1,10,11,3,5,1.32,1.37,1.1745833333333333
22.3,5,11,11,3,5,0.89,0.41,1.1933333333333334
37.9,2,12,11,3,5,0.86,0.74,1.1883333333333332
22.8,4,12,11,3,5,0.62,0.55,1.2233333333333334
30.2,3,15,11,3,5,1.39,0.68,1.2758333333333334
24.4,3,15,11,3,5,1.94,0.74,1.26
9.2,2,16,11,3,5,0.36,1.59,1.2658333333333334
-6.1,2,18,11,3,5,1.73,1.97,1.2366666666666666
4.5,3,18,11,3,5,1.27,1.0,1.2433333333333334
9.2,3,19,11,3,5,1.16,0.74,1.28125
4.0,2,19,11,3,5,1.65,1.5,1.2304166666666667
1.7,5,21,11,3,5,0.28,1.3,1.215
26.3,1,22,11,3,5,0.93,1.72,1.2154166666666668
36.7,3,22,11,3,5,1.73,0.81,1.2054166666666666
19.7,2,22,11,3,5,0.57,0.75,1.2249999999999999
-5.2,2,0,12,3,6,1.22,1.47,1.2325
32.9,2,1,12,3,6,1.65,1.96,1.2329166666666667
28.1,2,1,12,3,6,1.97,1.85,1.1916666666666667
35.9,1,2,12,3,6,0.86,1.56,1.1733333333333333
29.3,3,3,12,3,6,1.12,1.98,1.13
-7.9,5,3,12,3,6,0.94,1.76,1.1125
-6.8,1,4,12,3,6,1.34,0.5,1.1129166666666668
5.9,3,5,12,3,6,0.51,0.4,1.1458333333333333
17.5,1,5,12,3,6,1.19,1.32,1.12375
5.6,4,6,12,3,6,0.79,0.89,1.1658333333333333
15.5,3,7,12,3,6,1.9,0.86,1.13875
26.7,3,11,12,3,6,0.21,0.62,1.1279166666666667
33.3,2,11,12,3,6,0.36,1.39,1.1479166666666667
17.1,1,11,12,3,6,1.87,1.94,1.07875
10.0,5,11,12,3,6,0.28,0.36,1.0770833333333332
32.6,2,12,12,3,6,0.32,1.73,1.0579166666666666
0.5,1,13,12,3,6,1.27,1.27,1.0574999999999999
12.2,4,15,12,3,6,1.26,1.16,1.0741666666666667
25.4,5,18,12,3,6,1.56,1.65,1.08125
-4.0,5,19,12,3,6,1.82,0.28,1.1458333333333333
20.7,1,20,12,3,6,1.83,0.93,1.1366666666666667
17.5,1,20,12,3,6,0.71,1.73,1.0766666666666667
-9.8,5,20,12,3,6,0.29,0.57,1.0675000000000001
5.7,2,21,12,3,6,0.35,1.22,1.0375
11.1,5,21,12,3,6,0.5,1.65,0.9787499999999999
6.9,4,23,12,3,6,0.24,1.97,0.9091666666666667
11.6,3,0,13,3,0,0.3,0.86,0.9179166666666667
33.4,4,1,13,3,0,1.07,1.12,0.9433333333333334
11.1,4,2,13,3,0,1.73,0.94,0.9683333333333334
10.0,3,2,13,3,0,1.54,1.34,0.9279166666666668
11.3,2,2,13,3,0,0.37,0.51,0.9249999999999999
39.6,2,3,13,3,0,0.44,1.19,0.88625
4.9,4,3,13,3,0,0.26,0.79,0.9249999999999999
11.3,2,3,13,3,0,1.72,1.9,0.8729166666666668
17.4,4,6,13,3,0,0.65,0.21,0.94625
24.6,5,6,13,3,0,1.97,0.36,0.9666666666666667
2.0,4,6,13,3,0,0.85,1.87,0.9195833333333333
28.2,3,7,13,3,0,0.74,0.28,0.96875
-7.5,4,7,13,3,0,1.46,0.32,1.0341666666666667
14.6,5,8,13,3,0,1.89,1.27,1.0395833333333333
-1.1,5,8,13,3,0,1.4,1.26,1.03875
31.2,5,10,13,3,0,1.24,1.56,0.99125
1.8,5,13,13,3,0,0.42,1.82,0.9308333333333332
18.7,4,14,13,3,0,0.37,1.83,0.9158333333333334
19.2,1,16,13,3,0,1.47,0.71,0.9533333333333333
21.3,5,16,13,3,0,1.61,0.29,0.9904166666666666
2.6,1,17,13,3,0,1.18,0.35,1.0195833333333333
2.5,5,19,13,3,0,1.05,0.5,1.0645833333333332
34.3,5,19,13,3,0,1.58,0.24,1.0716666666666665
29.7,2,21,13,3,0,0.41,0.3,1.1358333333333333
23.3,2,21,13,3,0,1.84,1.07,1.1541666666666666
-5.8,1,21,13,3,0,1.51,1.73,1.0908333333333333
-6.2,1,21,13,3,0,0.21,1.54,1.06125
13.9,1,22,13,3,0,0.83,0.37,1.0558333333333334
-9.9,3,23,13,3,0,0.24,0.44,1.0491666666666666
9.6,1,0,14,3,1,0.28,0.26,1.1091666666666666
15.2,2,0,14,3,1,1.7,1.72,1.1079166666666667
27.6,5,0,14,3,1,1.69,0.65,1.1466666666666667
-5.8,1,2,14,3,1,1.58,1.97,1.1354166666666667
15.7,4,3,14,3,1,1.7,0.85,1.1245833333333335
24.8,1,3,14,3,1,0.59,0.74,1.1495833333333334
-4.4,3,6,14,3,1,1.34,1.46,1.1416666666666666
-6.4,4,7,14,3,1,1.27,1.89,1.1058333333333334
37.7,4,7,14,3,1,1.03,1.4,1.1224999999999998
28.8,2,8,14,3,1,1.8,1.24,1.1470833333333335
28.5,3,9,14,3,1,1.83,0.42,1.1537499999999998
16.0,4,12,14,3,1,0.58,0.37,1.1912500000000001
-6.4,5,12,14,3,1,1.27,1.47,1.19125
25.3,4,12,14,3,1,1.47,1.61,1.15625
4.2,4,13,14,3,1,0.77,1.18,1.1433333333333333
27.8,4,14,14,3,1,0.87,1.05,1.1683333333333332
39.2,2,16,14,3,1,1.65,1.58,1.1120833333333333
-7.6,4,17,14,3,1,0.23,0.41,1.1391666666666667
40.0,4,18,14,3,1,1.06,1.84,1.1425
18.9,4,19,14,3,1,1.92,1.51,1.10375
19.2,5,19,14,3,1,0.58,0.21,1.1579166666666667
-7.3,4,21,14,3,1,1.51,0.83,1.1775
0.3,1,21,14,3,1,1.3,0.24,1.1904166666666667
27.6,2,21,14,3,1,0.55,0.28,1.2058333333333333
16.8,5,21,14,3,1,0.65,1.7,1.2141666666666666
-9.7,3,22,14,3,1,1.9,1.69,1.1779166666666667
-8.4,4,22,14,3,1,0.82,1.58,1.1533333333333333
9.7,1,22,14,3,1,0.99,1.7,1.1633333333333333
15.6,3,1,15,3,2,1.94,0.59,1.2133333333333332
7.2,3,1,15,3,2,1.79,1.34,1.23375
0.9,5,1,15,3,2,1.83,1.27,1.2191666666666667
23.0,4,1,15,3,2,0.92,1.03,1.2541666666666667
10.6,2,2,15,3,2,1.87,1.8,1.2333333333333332
-2.0,2,3,15,3,2,1.3,1.83,1.2291666666666667
36.7,5,5,15,3,2,1.73,0.58,1.2816666666666667
21.1,2,5,15,3,2,1.84,1.27,1.24625
23.6,5,6,15,3,2,0.42,1.47,1.2304166666666667
-3.5,5,6,15,3,2,1.09,0.77,1.2258333333333333
16.5,2,7,15,3,2,0.66,0.87,1.2120833333333334
14.7,1,7,15,3,2,0.54,1.65,1.2179166666666668
27.6,4,9,15,3,2,1.79,0.23,1.22625
28.4,1,10,15,3,2,0.43,1.06,1.2020833333333334
34.0,1,11,15,3,2,0.48,1.92,1.1916666666666667
29.4,4,11,15,3,2,1.67,0.58,1.2429166666666667
14.2,1,11,15,3,2,1.81,1.51,1.2175
31.0,5,13,15,3,2,0.9,1.3,1.2025
6.3,1,13,15,3,2,0.94,0.55,1.2100000000000002
31.2,4,15,15,3,2,0.73,0.65,1.21875
19.0,3,16,15,3,2,0.86,1.9,1.17875
39.8,2,18,15,3,2,0.94,0.82,1.1791666666666667
5.1,4,18,15,3,2,0.83,0.99,1.1508333333333332
27.0,2,19,15,3,2,0.31,1.94,1.1433333333333333
37.6,4,21,15,3,2,1.76,1.79,1.0854166666666665
29.4,4,21,15,3,2,0.4,1.83,1.0870833333333334
31.8,1,21,15,3,2,1.87,0.92,1.0741666666666665
2.2,1,22,15,3,2,0.61,1.87,1.0108333333333335
9.2,4,23,15,3,2,0.35,1.3,1.0154166666666666
-5.5,1,0,16,3,3,1.41,1.73,1.0254166666666666
10.0,2,2,16,3,3,1.97,1.84,1.0308333333333333
13.7,5,2,16,3,3,1.97,0.42,1.0845833333333332
16.8,1,2,16,3,3,1.71,1.09,1.0766666666666664
-2.7,5,3,16,3,3,0.9,0.66,1.0879166666666666
27.8,1,3,16,3,3,0.93,0.54,1.1333333333333333
-1.0,5,3,16,3,3,1.63,1.79,1.0854166666666667
-7.9,1,4,16,3,3,0.64,0.43,1.10125
14.1,4,4,16,3,3,0.81,0.48,1.1537499999999998
22.2,3,5,16,3,3,1.74,1.67,1.1383333333333334
30.7,3,7,16,3,3,1.3,1.81,1.07375
37.4,5,9,16,3,3,0.26,0.9,1.0991666666666666
-0.2,3,10,16,3,3,1.51,0.94,1.1195833333333332
0.9,3,10,16,3,3,1.43,0.73,1.155
13.7,5,10,16,3,3,1.58,0.86,1.1445833333333333
30.3,5,11,16,3,3,0.61,0.94,1.1270833333333334
37.9,3,12,16,3,3,0.52,0.83,1.1312499999999999
16.5,1,14,16,3,3,0.93,0.31,1.145
30.3,5,15,16,3,3,0.64,1.76,1.0991666666666666
18.7,3,15,16,3,3,0.66,0.4,1.1433333333333333
36.0,5,16,16,3,3,1.46,1.87,1.0933333333333333
-7.5,2,16,16,3,3,0.67,0.61,1.1233333333333333
25.9,2,17,16,3,3,1.33,0.35,1.1404166666666666
-4.4,3,18,16,3,3,0.76,1.41,1.1483333333333332
24.3,2,18,16,3,3,1.6,1.97,1.1091666666666666
-4.0,1,22,16,3,3,1.03,1.97,1.0504166666666668
13.2,4,0,17,3,4,0.56,1.71,1.0320833333333332
17.4,4,0,17,3,4,1.27,0.9,1.0245833333333334
25.0,4,2,17,3,4,0.72,0.93,1.0345833333333332
36.5,1,2,17,3,4,1.17,1.63,1.0154166666666666
25.8,2,2,17,3,4,1.17,0.64,1.0516666666666665
0.1,2,2,17,3,4,1.51,0.81,1.02875
-8.2,4,3,17,3,4,0.26,1.74,0.9904166666666668
1.4,5,3,17,3,4,0.82,1.3,1.0112500000000002
8.5,1,4,17,3,4,1.8,0.26,1.0145833333333334
-3.2,2,4,17,3,4,0.34,1.51,0.97375
5.9,2,5,17,3,4,0.53,1.43,0.99125
29.8,1,5,17,3,4,1.85,1.58,0.94125
9.9,5,5,17,3,4,0.38,0.61,0.9391666666666668
17.4,5,6,17,3,4,0.56,0.52,0.9575
33.0,1,7,17,3,4,0.96,0.93,0.9895833333333334
19.1,5,7,17,3,4,1.7,0.64,1.0020833333333334
-1.8,1,8,17,3,4,0.94,0.66,1.0337500000000002
27.0,3,8,17,3,4,1.42,1.46,1.02125
24.4,3,9,17,3,4,1.16,0.67,1.0433333333333334
-5.0,4,9,17,3,4,1.2,1.33,1.0687499999999999
6.8,3,11,17,3,4,1.94,0.76,1.0670833333333334
-9.1,2,11,17,3,4,0.72,1.6,1.0254166666666666
27.1,3,13,17,3,4,0.6,1.03,1.065
27.5,2,13,17,3,4,1.98,0.56,1.0962500000000002
-6.6,5,14,17,3,4,1.31,1.27,1.0595833333333333
6.0,1,14,17,3,4,0.39,0.72,1.05625
7.6,3,15,17,3,4,0.64,1.17,1.0791666666666666
8.6,2,16,17,3,4,1.72,1.17,1.09375
32.7,2,16,17,3,4,1.52,1.51,1.1104166666666668
12.1,5,17,17,3,4,1.91,0.26,1.1491666666666667
-8.7,4,17,17,3,4,1.19,0.82,1.1808333333333334
30.0,1,18,17,3,4,1.58,1.8,1.1145833333333333
35.3,2,19,17,3,4,0.21,0.34,1.1116666666666666
-4.9,1,19,17,3,4,0.27,0.53,1.1183333333333334
14.4,3,20,17,3,4,0.69,1.85,1.0633333333333332
31.6,4,20,17,3,4,0.53,0.38,1.0766666666666667
33.6,3,20,17,3,4,0.7,0.56,1.1045833333333333
39.0,1,22,17,3,4,1.23,0.96,1.10375
39.5,4,22,17,3,4,0.94,1.7,1.0520833333333333
11.2,3,23,17,3,4,0.46,0.94,1.0445833333333334
38.3,5,23,17,3,4,0.76,1.42,1.0291666666666666
27.0,3,0,18,3,5,1.05,1.16,1.04375
-0.8,1,2,18,3,5,1.51,1.2,1.03875
25.5,3,5,18,3,5,1.08,1.94,1.0041666666666667
39.0,4,7,18,3,5,1.11,0.72,1.0220833333333332
13.0,4,7,18,3,5,1.15,0.6,1.0575
27.4,5,7,18,3,5,1.45,1.98,1.0295833333333333
12.8,4,7,18,3,5,1.31,1.31,0.9979166666666667
7.9,1,8,18,3,5,0.55,0.39,1.0275
16.0,3,9,18,3,5,1.1,0.64,1.0816666666666668
6.1,5,10,18,3,5,1.94,1.72,1.0770833333333334
4.2,3,12,18,3,5,1.61,1.52,1.0904166666666666
-8.0,1,12,18,3,5,1.84,1.91,1.03625
9.5,1,14,18,3,5,0.61,1.19,1.0404166666666668
5.9,5,14,18,3,5,1.29,1.58,1.0420833333333333
-5.4,1,14,18,3,5,1.62,0.21,1.1016666666666668
33.6,4,16,18,3,5,1.64,0.27,1.1458333333333333
-7.5,3,17,18,3,5,1.33,0.69,1.13375
27.5,5,17,18,3,5,0.4,0.53,1.1866666666666668
33.7,3,23,18,3,5,1.8,0.7,1.2125000000000001
38.9,3,23,18,3,5,1.32,1.23,1.1704166666666667
21.2,2,0,19,3,6,0.22,0.94,1.1633333333333333
10.8,1,1,19,3,6,0.77,0.46,1.1541666666666668
10.4,4,3,19,3,6,0.24,0.76,1.2008333333333334
-9.7,3,3,19,3,6,1.88,1.05,1.20875
21.5,3,3,19,3,6,1.24,1.51,1.2133333333333334
-1.9,3,4,19,3,6,1.62,1.08,1.2054166666666666
19.1,3,5,19,3,6,0.89,1.11,1.2033333333333334
27.0,2,5,19,3,6,1.06,1.15,1.2341666666666666
36.3,1,5,19,3,6,1.89,1.45,1.2550000000000001
2.8,3,9,19,3,6,1.95,1.31,1.2491666666666668
-2.0,3,9,19,3,6,1.17,0.55,1.2833333333333334
39.8,4,10,19,3,6,1.37,1.1,1.2908333333333333
30.7,5,12,19,3,6,1.28,1.94,1.2304166666666667
19.3,2,12,19,3,6,0.49,1.61,1.2029166666666666
31.7,3,12,19,3,6,0.95,1.84,1.1504166666666666
-7.7,3,13,19,3,6,0.58,0.61,1.1891666666666667
1.5,4,15,19,3,6,1.54,1.29,1.2175
38.6,3,16,19,3,6,1.97,1.62,1.1975
10.9,1,16,19,3,6,1.14,1.64,1.1829166666666666
-2.6,3,18,19,3,6,1.29,1.33,1.1383333333333334
34.0,2,20,19,3,6,0.26,0.4,1.1979166666666667
3.1,2,21,19,3,6,1.83,1.8,1.1408333333333334
7.0,5,22,19,3,6,0.43,1.32,1.1175
11.6,2,22,19,3,6,0.76,0.22,1.1845833333333333
-8.8,4,23,19,3,6,1.83,0.77,1.1654166666666668
32.7,5,0,20,3,0,0.31,0.24,1.1654166666666665
-4.9,3,0,20,3,0,0.24,1.88,1.1670833333333333
17.6,1,0,20,3,0,1.92,1.24,1.1970833333333333
12.4,5,1,20,3,0,1.96,1.62,1.1441666666666668
16.8,4,1,20,3,0,0.35,0.89,1.175
14.7,2,3,20,3,0,1.63,1.06,1.18875
29.8,1,4,20,3,0,1.39,1.89,1.1354166666666667
37.0,5,5,20,3,0,0.61,1.95,1.1025
-0.9,2,5,20,3,0,1.16,1.17,1.1354166666666667
39.0,2,5,20,3,0,1.96,1.37,1.1145833333333333
30.0,2,5,20,3,0,0.87,1.28,1.0820833333333333
1.0,2,6,20,3,0,0.5,0.49,1.0820833333333333
22.3,3,6,20,3,0,0.49,0.95,1.09
-9.8,4,7,20,3,0,1.14,0.58,1.105
-6.2,4,7,20,3,0,0.94,1.54,1.1137499999999998
6.1,5,8,20,3,0,1.75,1.97,1.0445833333333334
19.3,5,12,20,3,0,0.31,1.14,1.0533333333333332
12.6,5,14,20,3,0,1.35,1.29,1.0254166666666666
-5.1,5,14,20,3,0,0.62,0.26,1.0558333333333334
-3.0,2,15,20,3,0,0.99,1.83,1.0016666666666667
33.1,4,15,20,3,0,0.53,0.43,1.0633333333333332
18.4,1,16,20,3,0,1.91,0.76,1.0712499999999998
-5.6,3,17,20,3,0,0.95,1.83,1.0125
-8.0,2,17,20,3,0,0.42,0.31,1.0408333333333333
11.8,1,18,20,3,0,0.99,0.24,1.1020833333333333
38.6,4,19,20,3,0,1.71,1.92,1.1008333333333333
13.3,1,20,20,3,0,1.89,1.96,1.08
30.2,1,22,20,3,0,1.46,0.35,1.1108333333333333
17.0,3,22,20,3,0,1.09,1.63,1.11
20.6,1,23,20,3,0,1.61,1.39,1.1266666666666667
0.7,3,1,21,3,1,1.79,0.61,1.1500000000000001
-6.4,2,2,21,3,1,1.17,1.16,1.1341666666666665
30.0,5,2,21,3,1,0.78,1.96,1.1091666666666666
-9.3,1,2,21,3,1,1.36,0.87,1.1283333333333334
24.1,5,4,21,3,1,1.33,0.5,1.1729166666666668
15.3,1,4,21,3,1,1.57,0.49,1.2354166666666666
9.1,1,4,21,3,1,1.99,1.14,1.23
-2.4,4,5,21,3,1,1.01,0.94,1.2225
-4.7,5,7,21,3,1,0.76,1.75,1.2225
-8.5,1,7,21,3,1,1.75,0.31,1.21875
35.0,2,8,21,3,1,0.22,1.35,1.185
27.9,2,8,21,3,1,0.54,0.62,1.2249999999999999
32.5,1,8,21,3,1,1.58,0.99,1.2191666666666665
12.2,2,9,21,3,1,0.85,0.53,1.2479166666666666
39.0,1,9,21,3,1,1.22,1.91,1.2441666666666666
33.9,1,9,21,3,1,1.82,0.95,1.2145833333333333
-6.9,3,9,21,3,1,0.24,0.42,1.2529166666666667
19.0,2,10,21,3,1,1.34,0.99,1.245
23.2,3,10,21,3,1,0.8,1.71,1.2308333333333332
0.5,5,10,21,3,1,1.37,1.89,1.1716666666666666
24.8,4,11,21,3,1,0.47,1.46,1.14875
-7.7,1,11,21,3,1,0.91,1.09,1.1745833333333333
16.7,5,12,21,3,1,1.71,1.61,1.1695833333333334
8.6,1,12,21,3,1,1.49,1.79,1.1625
34.7,5,15,21,3,1,1.62,1.17,1.1683333333333332
3.6,3,15,21,3,1,1.31,0.78,1.1625
-7.7,5,15,21,3,1,0.64,1.36,1.1187500000000001
35.2,4,16,21,3,1,0.31,1.33,1.0887499999999999
16.9,5,17,21,3,1,0.61,1.57,1.07375
22.3,2,18,21,3,1,1.21,1.99,1.01875
35.4,1,18,21,3,1,0.67,1.01,1.02875
25.9,1,18,21,3,1,1.25,0.76,1.0716666666666668
7.4,1,21,21,3,1,1.79,1.75,1.0270833333333333
-4.1,4,22,21,3,1,0.68,0.22,1.0625
23.4,3,22,21,3,1,1.07,0.54,1.1045833333333335
-7.3,3,23,21,3,1,1.55,1.58,1.0516666666666665
13.3,1,23,21,3,1,0.31,0.85,1.0491666666666666
28.2,3,23,21,3,1,0.79,1.22,1.0208333333333335
32.4,4,23,21,3,1,0.54,1.82,0.9950000000000001
32.5,1,0,22,3,2,1.2,0.24,1.015
-7.7,5,2,22,3,2,0.72,1.34,0.9854166666666666
9.2,2,2,22,3,2,0.63,0.8,0.9920833333333333
-0.3,3,3,22,3,2,0.96,1.37,0.9437500000000001
35.9,2,3,22,3,2,0.21,0.47,0.9424999999999999
-6.6,1,5,22,3,2,0.44,0.91,0.9266666666666666
9.3,3,5,22,3,2,0.53,1.71,0.8662500000000001
12.6,1,8,22,3,2,0.26,1.49,0.8233333333333334
30.6,4,10,22,3,2,0.46,1.62,0.8099999999999999
-1.5,4,12,22,3,2,1.3,1.31,0.8325
26.2,1,13,22,3,2,1.85,0.64,0.8870833333333333
14.1,4,14,22,3,2,1.95,0.31,0.9545833333333333
11.9,2,15,22,3,2,1.93,0.61,0.9600000000000001
8.8,1,18,22,3,2,0.74,1.21,0.9554166666666667
25.4,2,18,22,3,2,1.1,0.67,0.9429166666666666
-8.8,5,19,22,3,2,0.37,1.25,0.9258333333333333
12.8,5,19,22,3,2,0.84,1.79,0.8608333333333333
1.1,5,22,22,3,2,0.23,0.68,0.8954166666666666
37.7,4,0,23,3,3,1.51,1.07,0.8933333333333334
31.5,2,0,23,3,3,1.02,1.55,0.8920833333333333
3.9,2,0,23,3,3,1.52,0.31,0.9375
9.5,3,1,23,3,3,1.4,0.79,0.9812500000000001
26.6,5,1,23,3,3,1.84,0.54,1.0020833333333332
28.0,4,2,23,3,3,1.04,1.2,1.01625
2.7,1,2,23,3,3,1.54,0.72,1.02875
-5.9,2,3,23,3,3,1.02,0.63,1.0779166666666666
-2.7,3,3,23,3,3,1.81,0.96,1.0975
25.4,4,3,23,3,3,1.43,0.21,1.1458333333333333
27.3,2,3,23,3,3,1.37,0.44,1.2100000000000002
-5.9,4,4,23,3,3,1.98,0.53,1.2433333333333334
37.3,1,4,23,3,3,1.33,0.26,1.2816666666666665
29.5,2,4,23,3,3,1.18,0.46,1.3366666666666667
19.2,2,9,23,3,3,1.78,1.3,1.3125
-9.3,5,9,23,3,3,0.72,1.85,1.2475
24.1,4,9,23,3,3,0.29,1.95,1.2333333333333334
24.2,5,10,23,3,3,1.61,1.93,1.175
-5.6,3,10,23,3,3,0.53,0.74,1.1995833333333332
39.5,4,11,23,3,3,1.33,1.1,1.1670833333333335
3.0,2,12,23,3,3,0.32,0.37,1.2083333333333333
36.8,3,12,23,3,3,1.36,0.84,1.2429166666666667
4.6,3,13,23,3,3,1.67,0.23,1.3045833333333332
11.1,1,13,23,3,3,1.71,1.51,1.2500000000000002
4.5,3,15,23,3,3,0.2,1.02,1.2458333333333333
11.4,4,16,23,3,3,0.92,1.52,1.2362499999999998
10.8,5,17,23,3,3,1.29,1.4,1.2175
4.1,4,17,23,3,3,0.95,1.84,1.1554166666666668
-3.3,4,19,23,3,3,0.35,1.04,1.1708333333333334
24.9,1,20,23,3,3,1.41,1.54,1.145
5.0,4,20,23,3,3,0.92,1.02,1.1854166666666666
31.2,1,23,23,3,3,1.99,1.81,1.1729166666666668
-3.5,3,23,23,3,3,1.51,1.43,1.1520833333333333
1.7,4,0,24,3,4,0.93,1.37,1.1541666666666666
10.9,4,0,24,3,4,1.42,1.98,1.0908333333333333
23.1,2,1,24,3,4,0.46,1.33,1.0541666666666667
6.4,5,3,24,3,4,0.45,1.18,1.02375
23.8,5,3,24,3,4,0.45,1.78,0.9829166666666667
18.0,4,4,24,3,4,0.8,0.72,0.9866666666666668
37.2,2,5,24,3,4,0.81,0.29,1.0091666666666665
-0.8,2,7,24,3,4,0.83,1.61,1.02375
2.6,1,8,24,3,4,1.96,0.53,1.05625
16.5,3,8,24,3,4,1.31,1.33,1.0316666666666667
9.1,4,8,24,3,4,0.74,0.32,1.0275
-9.7,1,8,24,3,4,0.22,1.36,1.0433333333333332
19.8,4,9,24,3,4,1.74,1.67,0.9904166666666666
2.9,5,10,24,3,4,0.4,1.71,0.9341666666666667
-0.9,2,11,24,3,4,0.36,0.2,0.9391666666666666
8.5,3,12,24,3,4,0.32,0.92,0.9145833333333333
20.0,3,13,24,3,4,0.33,1.29,0.9258333333333334
37.2,4,16,24,3,4,1.56,0.95,0.9587499999999999
6.9,2,16,24,3,4,1.74,0.35,1.0175
37.8,3,16,24,3,4,1.76,1.41,0.9874999999999999
24.1,1,16,24,3,4,0.69,0.92,0.9804166666666666
29.3,5,16,24,3,4,0.75,1.99,0.945
38.4,1,17,24,3,4,1.14,1.51,0.9083333333333332
32.0,4,20,24,3,4,0.63,0.93,0.9183333333333333
6.8,1,20,24,3,4,1.17,1.42,0.9183333333333333
21.6,5,20,24,3,4,1.42,0.46,0.9575
5.3,3,21,24,3,4,1.4,0.45,0.9825
38.6,5,22,24,3,4,1.05,0.45,0.9975
35.3,3,23,24,3,4,0.81,0.8,1.0091666666666668
27.3,1,1,25,3,5,1.08,0.81,1.035
25.5,4,2,25,3,5,1.43,0.83,1.0225
28.6,2,3,25,3,5,0.53,1.96,1.0116666666666667
25.2,3,3,25,3,5,1.7,1.31,0.9970833333333333
5.3,5,4,25,3,5,0.96,0.74,0.9937499999999999
21.4,4,4,25,3,5,0.66,0.22,1.0
37.8,2,5,25,3,5,0.37,1.74,0.9458333333333334
0.7,5,5,25,3,5,0.44,0.4,0.9779166666666667
-8.4,1,5,25,3,5,1.17,0.36,1.00875
25.6,5,8,25,3,5,1.1,0.32,1.0445833333333334
35.1,2,9,25,3,5,1.18,0.33,1.105
26.8,2,9,25,3,5,1.78,1.56,1.1145833333333333
4.2,3,11,25,3,5,1.79,1.74,1.0975
12.4,1,11,25,3,5,1.33,1.76,1.0704166666666666
27.8,4,11,25,3,5,1.11,0.69,1.0525
36.4,2,11,25,3,5,0.26,0.75,1.0525
-7.3,3,12,25,3,5,0.75,1.14,1.0704166666666668
-1.7,1,12,25,3,5,1.57,0.63,1.0629166666666667
27.7,3,14,25,3,5,0.45,1.17,1.0666666666666667
-0.7,3,14,25,3,5,1.26,1.42,1.0379166666666666
-2.5,5,14,25,3,5,0.73,1.4,0.9925
-1.4,5,15,25,3,5,0.31,1.05,0.9866666666666667
36.1,2,15,25,3,5,0.91,0.81,1.0262499999999999
26.9,2,17,25,3,5,1.76,1.08,0.9966666666666666
20.2,2,17,25,3,5,0.37,1.43,0.98625
29.0,3,17,25,3,5,1.18,0.53,0.9979166666666668
-0.3,1,20,25,3,5,0.81,1.7,0.9416666666666665
29.3,5,21,25,3,5,0.35,0.96,0.92
8.6,4,22,25,3,5,0.44,0.66,0.91375
-7.0,3,23,25,3,5,0.51,0.37,0.9700000000000001
-9.8,5,23,25,3,5,1.72,0.44,0.98625
7.3,5,23,25,3,5,0.83,1.17,0.9633333333333334
3.1,2,23,25,3,5,0.62,1.1,0.98625
12.6,2,0,26,3,6,1.65,1.18,0.9779166666666667
-2.1,5,2,26,3,6,0.98,1.78,0.9204166666666667
30.8,4,2,26,3,6,0.4,1.79,0.855
-1.0,4,3,26,3,6,0.22,1.33,0.8375
27.4,1,4,26,3,6,0.91,1.11,0.8491666666666667
-0.9,3,6,26,3,6,1.39,0.26,0.8945833333333333
32.8,2,6,26,3,6,1.35,0.75,0.8745833333333333
17.5,5,6,26,3,6,0.27,1.57,0.8583333333333333
27.9,2,8,26,3,6,1.18,0.45,0.9091666666666667
25.0,3,10,26,3,6,1.67,1.26,0.8870833333333333
11.6,5,11,26,3,6,0.73,0.73,0.8783333333333334
19.1,1,11,26,3,6,0.52,0.31,0.9191666666666666
20.7,1,13,26,3,6,1.29,0.91,0.9020833333333332
2.9,4,16,26,3,6,0.5,1.76,0.8620833333333334
25.7,5,16,26,3,6,0.8,0.37,0.90625
15.2,3,16,26,3,6,1.43,1.18,0.9175
18.1,5,17,26,3,6,1.45,0.81,0.94125
23.2,1,20,26,3,6,1.38,0.35,0.9975
15.2,4,20,26,3,6,1.7,0.44,1.0016666666666667
18.5,4,21,26,3,6,0.54,0.51,1.0616666666666668
32.7,4,21,26,3,6,1.95,1.72,1.0258333333333332
11.0,1,21,26,3,6,0.86,0.83,1.0395833333333333
17.6,2,22,26,3,6,1.16,0.62,1.0429166666666665
12.6,2,22,26,3,6,0.7,1.65,0.9854166666666666
28.5,5,0,27,3,0,0.27,0.98,0.9595833333333333
-0.9,5,0,27,3,0,0.36,0.4,0.9845833333333335
38.8,4,1,27,3,0,1.0,0.22,0.9845833333333333
-4.5,1,2,27,3,0,0.22,0.91,0.9925
19.9,4,2,27,3,0,1.1,1.39,1.0108333333333333
32.1,3,2,27,3,0,1.83,1.35,0.99375
8.5,1,4,27,3,0,0.94,0.27,1.0179166666666666
19.9,2,6,27,3,0,0.85,1.18,1.0333333333333334
33.3,5,12,27,3,0,1.55,1.67,0.9820833333333333
26.3,2,15,27,3,0,0.44,0.73,1.0245833333333334
36.6,3,21,27,3,0,1.75,0.52,1.0454166666666667
20.8,2,21,27,3,0,1.02,1.29,1.0270833333333333
25.3,5,22,27,3,0,0.85,0.5,1.0295833333333333
20.7,2,22,27,3,0,0.56,0.8,1.015
19.3,5,23,27,3,0,0.45,1.43,0.9733333333333333
-2.8,4,0,28,3,1,0.43,1.45,0.9595833333333333
19.4,5,0,28,3,1,1.12,1.38,0.9191666666666668
39.7,2,1,28,3,1,0.41,1.7,0.87125
-1.2,1,1,28,3,1,0.55,0.54,0.8579166666666667
11.2,1,2,28,3,1,0.22,1.95,0.8208333333333333
3.9,2,3,28,3,1,1.06,0.86,0.8029166666666666
39.9,3,4,28,3,1,0.43,1.16,0.8354166666666667
36.4,5,5,28,3,1,1.94,0.7,0.8845833333333334
9.6,1,7,28,3,1,1.88,0.27,0.8825000000000002
38.3,4,8,28,3,1,0.22,0.36,0.9474999999999999
20.7,5,8,28,3,1,1.92,1.0,0.955
-5.2,3,9,28,3,1,1.18,0.22,1.0204166666666665
-1.6,2,11,28,3,1,1.79,1.1,0.995
8.5,3,13,28,3,1,0.49,1.83,0.9629166666666666
10.5,2,14,28,3,1,1.06,0.94,0.9987499999999999
25.5,1,15,28,3,1,1.8,0.85,1.0208333333333333
-5.5,1,15,28,3,1,1.38,1.55,1.0354166666666667
26.7,5,16,28,3,1,1.9,0.44,1.0754166666666667
-1.1,4,16,28,3,1,1.4,1.75,1.0820833333333333
22.4,2,16,28,3,1,1.91,1.02,1.0995833333333334
13.1,1,17,28,3,1,1.44,0.85,1.1408333333333334
12.6,4,18,28,3,1,1.84,0.56,1.1491666666666667
28.3,4,18,28,3,1,0.76,0.45,1.15875
-3.7,3,20,28,3,1,0.68,0.43,1.1691666666666667
14.0,5,23,28,3,1,0.68,1.12,1.18
18.3,2,0,29,3,2,1.38,0.41,1.1733333333333333
-0.7,3,1,29,3,2,0.25,0.55,1.1654166666666665
30.8,5,2,29,3,2,0.36,0.22,1.1929166666666666
17.0,2,3,29,3,2,0.88,1.06,1.2004166666666667
17.8,5,4,29,3,2,1.24,0.43,1.2570833333333333
11.6,5,4,29,3,2,1.79,1.94,1.2516666666666667
18.0,2,9,29,3,2,1.81,1.88,1.195
19.1,2,10,29,3,2,0.52,0.22,1.2454166666666666
6.8,5,10,29,3,2,1.43,1.92,1.1937499999999999
17.0,1,11,29,3,2,0.68,1.18,1.1925000000000001
8.9,2,12,29,3,2,1.15,1.79,1.1725
4.9,4,13,29,3,2,1.31,0.49,1.1616666666666666
18.6,5,14,29,3,2,0.23,1.06,1.1491666666666667
19.8,3,14,29,3,2,0.76,1.8,1.1270833333333334
38.6,2,14,29,3,2,1.27,1.38,1.1083333333333334
-1.9,4,19,29,3,2,0.93,1.9,1.0425
21.7,1,20,29,3,2,0.32,1.4,1.0054166666666666
-9.1,5,20,29,3,2,0.51,1.91,0.9975
-3.0,5,21,29,3,2,1.72,1.44,0.97625
-0.2,2,21,29,3,2,0.93,1.84,0.9154166666666667
11.9,3,22,29,3,2,0.38,0.76,0.93
8.1,1,23,29,3,2,1.11,0.68,0.9541666666666667
10.5,5,1,30,3,3,1.26,0.68,0.9870833333333334
-0.3,3,3,30,3,3,1.47,1.38,0.9812499999999998
26.7,2,4,30,3,3,1.24,0.25,0.9945833333333333
9.2,4,4,30,3,3,0.57,0.36,1.0270833333333333
-3.5,3,5,30,3,3,1.14,0.88,1.0554166666666667
11.3,5,5,30,3,3,1.56,1.24,1.0245833333333332
13.2,4,6,30,3,3,0.5,1.79,1.02125
25.9,1,7,30,3,3,1.71,1.81,0.9862500000000001
26.3,2,8,30,3,3,0.97,0.52,1.00875
17.4,2,9,30,3,3,1.06,1.43,0.9712500000000001
33.2,5,9,30,3,3,0.53,0.68,0.9641666666666667
27.1,1,9,30,3,3,0.51,1.15,0.9737499999999999
25.6,1,11,30,3,3,1.38,1.31,0.9829166666666667
4.4,4,12,30,3,3,1.53,0.23,1.04375
-6.3,4,12,30,3,3,1.69,0.76,1.04625
8.3,1,14,30,3,3,0.82,1.27,1.0679166666666666
-7.5,5,14,30,3,3,1.79,0.93,1.0795833333333333
27.1,1,16,30,3,3,1.21,0.32,1.1337499999999998
19.9,4,17,30,3,3,1.62,0.51,1.18625
35.6,3,17,30,3,3,1.77,1.72,1.15875
33.9,3,18,30,3,3,1.06,0.93,1.1616666666666666
35.0,4,18,30,3,3,1.0,0.38,1.1945833333333333
-1.2,3,18,30,3,3,1.17,1.11,1.1570833333333332
26.9,4,20,30,3,3,0.21,1.26,1.14375
-8.4,5,20,30,3,3,0.94,1.47,1.1608333333333334
-3.4,1,22,30,3,3,1.88,1.24,1.14
-2.7,2,23,30,3,3,0.74,0.57,1.1925000000000001
23.7,3,0,31,3,4,1.83,1.14,1.1941666666666666
0.8,5,1,31,3,4,1.18,1.56,1.2
38.7,5,2,31,3,4,1.7,0.5,1.2545833333333334
7.4,5,3,31,3,4,1.81,1.71,1.2429166666666667
32.2,5,3,31,3,4,1.43,0.97,1.2679166666666666
25.3,1,4,31,3,4,1.57,1.06,1.2645833333333332
27.8,3,5,31,3,4,0.98,0.53,1.26
1.3,2,6,31,3,4,0.42,0.51,1.31625
-5.0,3,6,31,3,4,1.86,1.38,1.3275
37.4,5,6,31,3,4,1.65,1.53,1.3366666666666667
29.4,5,7,31,3,4,1.75,1.69,1.29625
37.6,5,7,31,3,4,0.72,0.82,1.3033333333333332
-8.2,1,7,31,3,4,0.99,1.79,1.27
33.4,5,7,31,3,4,0.99,1.21,1.2466666666666666
31.1,4,12,31,3,4,0.65,1.62,1.235
28.5,5,12,31,3,4,1.34,1.77,1.2425
37.0,4,13,31,3,4,1.95,1.06,1.2154166666666666
6.7,3,15,31,3,4,0.41,1.0,1.1833333333333333
22.7,1,15,31,3,4,0.23,1.17,1.1920833333333334
30.8,3,16,31,3,4,1.38,0.21,1.1941666666666666
5.5,5,16,31,3,4,0.26,0.94,1.1816666666666666
32.7,5,17,31,3,4,0.64,1.88,1.1829166666666666
14.3,1,19,31,3,4,1.91,0.74,1.17625
21.8,1,19,31,3,4,0.58,1.83,1.1300000000000001
33.0,3,19,31,3,4,0.72,1.18,1.1466666666666667
21.5,1,19,31,3,4,1.58,1.7,1.1375
6.7,5,20,31,3,4,1.48,1.81,1.1175
-7.5,4,20,31,3,4,1.33,1.43,1.0666666666666667
-8.8,2,21,31,3,4,0.21,1.57,1.0787499999999999
10.9,1,22,31,3,4,1.86,0.98,1.08625
14.4,4,22,31,3,4,1.16,0.42,1.1316666666666666
34.4,2,22,31,3,4,1.51,1.86,1.0725
39.2,1,22,31,3,4,0.44,1.65,1.075
5.5,5,22,31,3,4,1.71,1.75,1.0191666666666666
-2.3,5,23,31,3,4,0.41,0.72,1.06625
35.1,2,23,31,3,4,1.85,0.99,1.0566666666666666
5.3,2,0,1,4,5,0.76,0.99,1.0891666666666666
21.7,5,0,1,4,5,1.77,0.65,1.0820833333333333
39.9,5,1,1,4,5,0.48,1.34,1.055
6.5,2,1,1,4,5,0.69,1.95,1.0083333333333333
2.8,2,1,1,4,5,0.83,0.41,1.0254166666666666
19.6,5,1,1,4,5,0.82,0.23,1.0745833333333332
34.7,2,5,1,4,5,1.41,1.38,1.0945833333333332
3.8,4,7,1,4,5,1.86,0.26,1.1445833333333333
39.9,4,8,1,4,5,1.46,0.64,1.1779166666666667
7.3,1,8,1,4,5,1.44,1.91,1.1816666666666666
11.2,1,9,1,4,5,2.0,0.58,1.175
-5.8,4,10,1,4,5,0.42,0.72,1.1866666666666665
5.3,1,12,1,4,5,1.0,1.58,1.1812500000000001
-5.6,2,12,1,4,5,1.45,1.48,1.1358333333333333
4.2,1,14,1,4,5,0.39,1.33,1.1245833333333335
25.8,3,14,1,4,5,1.06,0.21,1.1354166666666667
13.6,2,16,1,4,5,0.47,1.86,1.0795833333333333
5.6,4,16,1,4,5,0.52,1.16,1.0941666666666667
4.1,2,18,1,4,5,1.51,1.51,1.1145833333333333
15.7,5,19,1,4,5,2.0,0.44,1.1666666666666667
15.0,3,21,1,4,5,1.69,1.71,1.1079166666666667
16.9,2,21,1,4,5,0.3,0.41,1.1158333333333335
37.0,5,3,2,4,6,0.6,1.85,1.0895833333333333
1.9,1,4,2,4,6,1.22,0.76,1.0804166666666666
32.8,1,5,2,4,6,0.54,1.77,1.0341666666666667
21.1,4,5,2,4,6,0.66,0.48,1.03125
27.0,5,5,2,4,6,0.41,0.69,1.0374999999999999
24.1,3,7,2,4,6,0.84,0.83,1.0479166666666668
-5.7,5,8,2,4,6,1.08,0.82,1.0258333333333334
36.6,3,11,2,4,6,0.29,1.41,0.9979166666666667
28.3,5,11,2,4,6,0.74,1.86,0.9529166666666667
18.6,2,11,2,4,6,0.78,1.46,0.9108333333333333
19.5,4,14,2,4,6,0.45,1.44,0.8866666666666667
38.8,1,15,2,4,6,0.86,2.0,0.8545833333333333
-4.2,4,15,2,4,6,1.23,0.42,0.8816666666666667
8.3,4,17,2,4,6,1.07,1.0,0.9075000000000001
-4.7,4,19,2,4,6,1.62,1.45,0.8799999999999999
8.3,2,19,2,4,6,0.79,0.39,0.8979166666666667
3.0,4,21,2,4,6,0.82,1.06,0.8975
24.6,4,21,2,4,6,1.05,0.47,0.8966666666666666
38.0,2,22,2,4,6,0.45,0.52,0.9437500000000001
17.7,1,23,2,4,6,1.65,1.51,0.9516666666666667
22.3,2,23,2,4,6,1.7,2.0,0.9245833333333332
-2.0,1,23,2,4,6,1.35,1.69,0.9075000000000001
21.5,3,3,3,4,0,1.28,0.3,0.9404166666666667
-5.4,5,5,3,4,0,1.09,0.6,0.9816666666666666
6.2,1,5,3,4,0,1.59,1.22,1.00625
32.1,2,6,3,4,0,1.81,0.54,0.9958333333333335
33.4,1,6,3,4,0,0.29,0.66,0.9966666666666667
0.9,5,6,3,4,0,0.68,0.41,1.0329166666666667
19.7,5,6,3,4,0,1.28,0.84,1.0291666666666668
27.5,3,7,3,4,0,0.75,1.08,1.0541666666666667
33.8,2,9,3,4,0,1.68,0.29,1.0620833333333335
39.3,1,9,3,4,0,0.48,0.74,1.0475
25.5,4,14,3,4,0,0.39,0.78,1.08875
2.5,1,16,3,4,0,1.77,0.45,1.1341666666666668
22.3,2,16,3,4,0,1.54,0.86,1.1375
8.3,4,16,3,4,0,0.94,1.23,1.1245833333333335
4.3,4,16,3,4,0,0.92,1.07,1.0958333333333334
5.9,1,17,3,4,0,0.38,1.62,1.0629166666666667
17.7,2,19,3,4,0,0.83,0.79,1.1033333333333333
39.7,4,19,3,4,0,1.76,0.82,1.11625
15.8,1,20,3,4,0,1.13,1.05,1.1170833333333332
15.8,3,21,3,4,0,1.07,0.45,1.1716666666666666
12.0,4,21,3,4,0,1.76,1.65,1.1404166666666666
11.5,3,21,3,4,0,0.9,1.7,1.0891666666666666
32.3,3,23,3,4,0,0.47,1.35,1.0641666666666667
32.5,4,23,3,4,0,0.75,1.28,1.0291666666666666
31.5,2,0,4,4,1,0.44,1.09,1.0362500000000001
21.3,5,1,4,4,1,1.26,1.59,0.9812500000000001
-7.2,4,1,4,4,1,0.27,1.81,0.9820833333333333
13.5,3,1,4,4,1,1.83,0.29,1.0208333333333333
35.2,1,2,4,4,1,1.22,0.68,1.03875
1.2,3,3,4,4,1,1.11,1.28,1.005
25.6,1,3,4,4,1,0.47,0.75,1.0370833333333334
10.6,4,3,4,4,1,1.52,1.68,1.0325
-4.3,1,4,4,4,1,1.57,0.48,1.0845833333333332
6.7,1,4,4,4,1,1.73,0.39,1.1395833333333334
7.0,5,5,4,4,1,1.71,1.77,1.0891666666666666
24.6,2,6,4,4,1,0.56,1.54,1.1083333333333334
33.5,2,8,4,4,1,2.0,0.94,1.08
17.7,5,9,4,4,1,0.26,0.92,1.10375
7.3,3,10,4,4,1,1.49,0.38,1.1162500000000002
17.9,4,10,4,4,1,0.68,0.83,1.1641666666666666
-9.2,2,12,4,4,1,1.98,1.76,1.1175
-6.4,5,12,4,4,1,0.64,1.13,1.0895833333333333
10.1,2,13,4,4,1,0.46,1.07,1.0916666666666668
-5.5,5,15,4,4,1,1.12,1.76,1.0504166666666668
38.7,2,15,4,4,1,0.77,0.9,1.0608333333333333
35.6,1,15,4,4,1,1.15,0.47,1.10625
33.1,1,18,4,4,1,1.56,0.75,1.1416666666666666
-6.0,4,20,4,4,1,1.6,0.44,1.2045833333333336
-1.2,4,23,4,4,1,1.95,1.26,1.20625
32.9,4,0,5,4,2,1.3,0.27,1.2541666666666667
-6.8,2,3,5,4,2,1.42,1.83,1.1995833333333332
24.7,4,4,5,4,2,0.52,1.22,1.2020833333333334
5.0,2,8,5,4,2,1.28,1.11,1.2095833333333335
25.9,2,10,5,4,2,1.29,0.47,1.2625
-2.4,5,10,5,4,2,1.74,1.52,1.2795833333333333
32.0,5,11,5,4,2,1.93,1.57,1.2241666666666668
28.4,4,11,5,4,2,0.24,1.73,1.2320833333333334
14.6,3,13,5,4,2,1.92,1.71,1.2437500000000001
35.9,2,13,5,4,2,1.99,0.56,1.2345833333333334
29.8,1,14,5,4,2,0.34,2.0,1.1958333333333335
5.2,2,15,5,4,2,1.07,0.26,1.25875
-9.8,4,16,5,4,2,1.77,1.49,1.2708333333333333
-8.8,4,16,5,4,2,1.78,0.68,1.2529166666666667
4.6,5,17,5,4,2,0.25,1.98,1.2116666666666667
25.1,5,17,5,4,2,0.99,0.64,1.1958333333333335
32.4,3,18,5,4,2,0.26,0.46,1.2329166666666667
13.9,5,19,5,4,2,1.35,1.12,1.2245833333333334
35.4,2,19,5,4,2,0.92,0.77,1.2133333333333334
20.1,2,20,5,4,2,0.5,1.15,1.1791666666666667
18.1,2,20,5,4,2,0.33,1.56,1.1345833333333333
13.4,2,21,5,4,2,0.49,1.6,1.1091666666666666
-1.5,5,21,5,4,2,0.99,1.95,1.0841666666666667
-6.2,4,21,5,4,2,1.35,1.3,1.09
15.5,3,21,5,4,2,1.44,1.42,1.0987500000000001
36.7,5,22,5,4,2,1.63,0.52,1.0920833333333333
30.2,2,0,6,4,3,0.36,1.28,1.0729166666666667
36.1,2,3,6,4,3,0.82,1.29,1.0395833333333333
-8.4,2,4,6,4,3,0.49,1.74,1.0095833333333333
30.5,3,6,6,4,3,1.02,1.93,0.9558333333333334
-9.4,2,6,6,4,3,0.64,0.24,0.9729166666666668
-4.1,1,7,6,4,3,0.65,1.92,0.9758333333333334
8.9,5,8,6,4,3,1.99,1.99,0.96125
-6.9,3,10,6,4,3,1.64,0.34,0.9779166666666667
11.4,1,11,6,4,3,0.74,1.07,0.9533333333333333
15.4,5,11,6,4,3,0.48,1.77,0.9429166666666666
8.0,5,14,6,4,3,1.52,1.78,0.9349999999999999
16.6,1,17,6,4,3,1.59,0.25,0.9379166666666666
0.1,2,17,6,4,3,0.32,0.99,0.9258333333333333
36.6,4,17,6,4,3,0.7,0.26,0.9424999999999999
18.8,2,18,6,4,3,0.66,1.35,0.9583333333333334
29.0,4,18,6,4,3,1.73,0.92,0.9608333333333333
3.8,1,20,6,4,3,0.98,0.5,0.9966666666666666
20.2,5,20,6,4,3,1.36,0.33,1.0445833333333334
-8.3,5,22,6,4,3,1.48,0.49,1.0708333333333333
21.7,2,22,6,4,3,1.12,0.99,1.06125
-6.3,2,22,6,4,3,0.76,1.35,1.0666666666666667
21.8,3,0,7,4,4,1.48,1.44,1.0591666666666668
2.4,3,0,7,4,4,1.26,1.63,1.01625
18.9,5,0,7,4,4,0.6,0.36,1.0599999999999998
17.0,4,1,7,4,4,1.41,0.82,1.1058333333333332
-2.6,4,2,7,4,4,1.92,0.49,1.1520833333333333
-6.8,3,2,7,4,4,1.6,1.02,1.1716666666666666
0.7,4,3,7,4,4,1.49,0.64,1.17125
14.0,2,3,7,4,4,0.63,0.65,1.2191666666666667
-0.0,5,3,7,4,4,1.8,1.99,1.1620833333333334
21.2,5,3,7,4,4,0.62,1.64,1.1683333333333332
11.9,2,4,7,4,4,1.79,0.74,1.1841666666666668
-7.8,4,4,7,4,4,1.12,0.48,1.2408333333333335
6.8,1,4,7,4,4,1.84,1.52,1.2591666666666668
-1.4,3,5,7,4,4,1.96,1.59,1.2195833333333335
3.3,3,6,7,4,4,0.64,0.32,1.2779166666666668
-2.3,2,6,7,4,4,1.72,0.7,1.3295833333333336
8.5,5,9,7,4,4,1.94,0.66,1.3641666666666667
38.2,3,9,7,4,4,1.49,1.73,1.3158333333333334
23.5,3,9,7,4,4,0.57,0.98,1.3429166666666668
29.2,2,11,7,4,4,1.63,1.36,1.3320833333333335
32.7,3,12,7,4,4,1.1,1.48,1.3295833333333333
37.9,4,12,7,4,4,1.42,1.12,1.32375
30.4,3,13,7,4,4,0.98,0.76,1.3645833333333333
35.1,5,14,7,4,4,1.74,1.48,1.3704166666666666
5.6,5,14,7,4,4,1.62,1.26,1.36125
-6.9,5,15,7,4,4,1.04,0.6,1.3975
36.5,4,16,7,4,4,1.47,1.41,1.3891666666666669
22.4,1,20,7,4,4,1.21,1.92,1.3304166666666666
-6.4,5,20,7,4,4,0.51,1.6,1.275
22.2,3,21,7,4,4,0.27,1.49,1.2245833333333334
5.4,4,21,7,4,4,0.28,0.63,1.2533333333333334
15.2,2,22,7,4,4,1.32,1.8,1.235
20.0,1,22,7,4,4,1.36,0.62,1.2825
28.4,2,23,7,4,4,1.76,1.79,1.2208333333333334
17.1,2,23,7,4,4,0.31,1.12,1.23125
7.6,2,0,8,4,5,1.37,1.84,1.2083333333333333
3.7,3,1,8,4,5,1.29,1.96,1.19875
20.7,1,1,8,4,5,1.73,0.64,1.1841666666666666
13.1,1,1,8,4,5,0.29,1.72,1.1258333333333332
26.6,1,3,8,4,5,0.32,1.94,1.0875
33.7,5,4,8,4,5,1.02,1.49,1.0770833333333334
4.0,5,6,8,4,5,1.24,0.57,1.1020833333333333
40.0,3,7,8,4,5,1.17,1.63,1.1116666666666666
-1.0,1,8,8,4,5,1.86,1.1,1.0908333333333333
0.3,3,8,8,4,5,0.6,1.42,1.0491666666666666
23.9,4,9,8,4,5,0.42,0.98,1.06625
31.5,1,9,8,4,5,1.39,1.74,1.0429166666666665
34.9,4,13,8,4,5,1.18,1.62,1.02625
-0.8,1,13,8,4,5,1.22,1.04,1.0383333333333333
8.9,5,14,8,4,5,1.33,1.47,1.0183333333333333
0.5,1,16,8,4,5,0.99,1.21,0.9958333333333332
-3.4,1,17,8,4,5,0.67,0.51,1.0320833333333332
8.0,5,18,8,4,5,1.38,0.27,1.0904166666666668
0.5,5,19,8,4,5,1.67,0.28,1.1333333333333333
19.2,3,19,8,4,5,1.31,1.32,1.1475
38.2,2,20,8,4,5,1.66,1.36,1.1054166666666667
19.2,1,21,8,4,5,0.35,1.76,1.1008333333333333
20.2,3,21,8,4,5,1.65,0.31,1.1379166666666667
4.9,1,0,9,4,6,1.2,1.37,1.1191666666666666
39.6,5,1,9,4,6,0.92,1.29,1.0758333333333334
-5.3,4,2,9,4,6,0.25,1.73,1.0645833333333334
29.7,4,3,9,4,6,1.46,0.29,1.0991666666666666
1.9,4,3,9,4,6,1.12,0.32,1.1500000000000001
-3.5,5,4,9,4,6,1.54,1.02,1.1512499999999999
6.4,3,4,9,4,6,1.05,1.24,1.15
25.4,5,5,9,4,6,1.21,1.17,1.1408333333333334
17.2,4,5,9,4,6,0.95,1.86,1.1091666666666666
15.5,4,6,9,4,6,1.1,0.6,1.1116666666666666
17.6,4,7,9,4,6,0.66,0.42,1.1445833333333335
-5.9,5,9,9,4,6,1.21,1.39,1.1575
-5.8,5,10,9,4,6,1.7,1.18,1.1329166666666668
12.8,2,10,9,4,6,0.59,1.22,1.15
-9.9,2,10,9,4,6,1.63,1.33,1.1275000000000002
13.3,5,11,9,4,6,0.79,0.99,1.1045833333333333
-10.0,4,11,9,4,6,0.44,0.67,1.0941666666666667
-5.7,4,12,9,4,6,0.42,1.38,1.0475
-2.7,3,13,9,4,6,0.26,1.67,1.0595833333333333
3.0,1,16,9,4,6,1.96,1.31,1.0675000000000001
20.9,2,16,9,4,6,1.5,1.66,1.0329166666666667
-8.7,2,17,9,4,6,0.83,0.35,1.04625
-2.8,3,18,9,4,6,0.67,1.65,0.9966666666666667
-3.0,4,19,9,4,6,0.46,1.2,0.9900000000000001
35.1,1,19,9,4,6,1.04,0.92,1.0191666666666668
-0.4,2,20,9,4,6,1.62,0.25,1.0254166666666666
4.7,3,20,9,4,6,0.4,1.46,1.0233333333333332
34.9,1,20,9,4,6,1.41,1.12,1.04875
24.7,5,21,9,4,6,1.73,1.54,0.9995833333333333
31.8,1,23,9,4,6,0.36,1.05,1.0008333333333335
37.2,1,0,10,4,0,1.08,1.21,0.99625
31.0,3,0,10,4,0,1.1,0.95,0.9966666666666667
23.3,1,1,10,4,0,0.96,1.1,0.9891666666666667
-4.1,1,1,10,4,0,0.92,0.66,1.015
15.9,3,5,10,4,0,1.28,1.21,0.99625
2.3,2,5,10,4,0,0.76,1.7,0.94125
12.4,1,6,10,4,0,0.38,0.59,0.9670833333333334
3.2,3,6,10,4,0,1.21,1.63,0.9633333333333334
5.4,2,7,10,4,0,1.54,0.79,0.96
-9.0,3,8,10,4,0,0.71,0.44,1.0025000000000002
-5.8,5,9,10,4,0,1.46,0.42,1.0445833333333334
19.1,2,10,10,4,0,1.43,0.26,1.1020833333333335
9.2,3,10,10,4,0,1.64,1.96,1.03
14.0,4,11,10,4,0,0.23,1.5,1.05
-5.1,3,12,10,4,0,1.98,0.83,1.0408333333333333
35.0,5,12,10,4,0,0.61,0.67,1.0216666666666667
8.7,5,12,10,4,0,0.21,0.46,1.0370833333333334
0.5,1,13,10,4,0,0.83,1.04,1.03
3.2,4,14,10,4,0,0.87,1.62,1.0454166666666667
9.2,1,15,10,4,0,1.99,0.4,1.065
-8.4,3,15,10,4,0,0.87,1.41,1.07
27.9,1,18,10,4,0,1.53,1.73,1.0475
-6.5,3,20,10,4,0,1.19,0.36,1.0975
14.9,5,20,10,4,0,1.56,1.08,1.1141666666666665
-6.1,4,21,10,4,0,1.48,1.1,1.10625
-0.5,5,23,10,4,0,0.91,0.96,1.14
-7.8,3,23,10,4,0,1.77,0.92,1.1629166666666666
20.7,5,0,11,4,1,1.47,1.28,1.125
32.1,4,0,11,4,1,0.37,0.76,1.1429166666666666
12.9,5,2,11,4,1,1.19,0.38,1.195
25.7,3,4,11,4,1,1.63,1.21,1.1620833333333334
0.4,1,4,11,4,1,0.42,1.54,1.15375
19.9,1,5,11,4,1,1.34,0.71,1.2016666666666667
-9.1,5,5,11,4,1,1.86,1.46,1.1795833333333332
9.0,3,6,11,4,1,0.93,1.43,1.1483333333333332
39.6,3,8,11,4,1,0.68,1.64,1.13375
-7.6,2,9,11,4,1,1.29,0.23,1.1508333333333334
7.5,4,9,11,4,1,0.64,1.98,1.12375
38.8,1,11,11,4,1,1.33,0.61,1.1466666666666667
21.6,1,12,11,4,1,1.16,0.21,1.1520833333333333
19.1,1,12,11,4,1,0.34,0.83,1.1566666666666665
37.5,1,15,11,4,1,0.94,0.87,1.1879166666666667
31.8,2,17,11,4,1,1.62,1.99,1.115
-1.9,4,18,11,4,1,0.24,0.87,1.1295833333333334
28.1,1,18,11,4,1,1.22,1.53,1.0916666666666666
19.2,5,19,11,4,1,0.62,1.19,1.07125
19.7,1,20,11,4,1,0.7,1.56,1.0516666666666667
11.4,1,20,11,4,1,1.09,1.48,1.0191666666666668
19.3,1,22,11,4,1,0.7,0.91,1.0133333333333334
12.7,3,0,12,4,2,0.77,1.77,1.0170833333333333
-1.2,1,0,12,4,2,1.86,1.47,0.9991666666666666
32.2,3,1,12,4,2,1.04,0.37,0.9954166666666667
38.3,2,1,12,4,2,0.28,1.19,0.9554166666666667
-6.8,1,2,12,4,2,0.23,1.63,0.92
0.9,4,3,12,4,2,0.78,0.42,0.9391666666666666
22.1,2,4,12,4,2,0.88,1.34,0.9558333333333332
25.5,3,4,12,4,2,1.74,1.86,0.9525
-9.0,2,5,12,4,2,1.78,0.93,0.9550000000000001
22.5,2,6,12,4,2,0.99,0.68,0.9550000000000001
16.4,2,6,12,4,2,0.68,1.29,0.9295833333333334
15.5,5,8,12,4,2,0.68,0.64,0.93375
23.1,2,10,12,4,2,0.74,1.33,0.8962499999999999
-6.7,4,10,12,4,2,0.43,1.16,0.8820833333333334
26.6,5,10,12,4,2,0.82,0.34,0.9075000000000001
2.6,3,10,12,4,2,0.95,0.94,0.9066666666666667
33.1,2,11,12,4,2,0.92,1.62,0.8929166666666667
22.3,1,11,12,4,2,1.29,0.24,0.9654166666666667
13.1,2,13,12,4,2,1.98,1.22,0.9666666666666667
1.9,3,14,12,4,2,1.25,0.62,0.9929166666666668
19.9,4,16,12,4,2,1.25,0.7,1.0416666666666667
30.2,1,17,12,4,2,1.87,1.09,1.0566666666666666
34.7,4,20,12,4,2,1.45,0.7,1.08125
-2.3,4,20,12,4,2,1.29,0.77,1.1020833333333333
8.2,3,21,12,4,2,1.27,1.86,1.085
12.2,1,21,12,4,2,1.45,1.04,1.0895833333333333
-2.2,2,21,12,4,2,1.15,0.28,1.125
2.6,5,21,12,4,2,1.13,0.23,1.1954166666666668
25.3,2,21,12,4,2,1.92,0.78,1.1954166666666666
22.7,2,21,12,4,2,0.78,0.88,1.1841666666666666
3.8,2,23,12,4,2,0.61,1.74,1.1579166666666667
6.2,1,0,13,4,3,1.11,1.78,1.1270833333333334
1.3,1,1,13,4,3,1.04,0.99,1.0979166666666667
21.7,5,3,13,4,3,0.29,0.68,1.1254166666666665
3.9,4,3,13,4,3,1.34,0.68,1.1170833333333332
22.7,1,3,13,4,3,0.48,0.74,1.1070833333333334
8.6,4,6,13,4,3,0.5,0.43,1.1279166666666667
20.3,5,7,13,4,3,0.93,0.82,1.135
30.7,3,7,13,4,3,0.99,0.95,1.16
39.6,4,9,13,4,3,1.55,0.92,1.15875
-9.9,2,10,13,4,3,0.89,1.29,1.1695833333333334
15.6,1,11,13,4,3,1.55,1.98,1.1416666666666666
12.1,3,11,13,4,3,1.31,1.25,1.1512499999999999
-0.5,2,11,13,4,3,1.48,1.25,1.16375
38.6,2,13,13,4,3,1.55,1.87,1.1629166666666666
12.7,3,14,13,4,3,1.85,1.45,1.1141666666666665
13.7,3,14,13,4,3,0.28,1.29,1.1154166666666667
36.2,2,15,13,4,3,1.32,1.27,1.0745833333333334
-8.9,5,16,13,4,3,0.29,1.45,1.04125
32.5,3,17,13,4,3,0.65,1.15,1.05
-2.1,5,18,13,4,3,1.36,1.13,1.0441666666666667
19.4,2,18,13,4,3,0.99,1.92,1.03625
21.6,2,18,13,4,3,1.73,0.78,1.0341666666666667
29.7,1,20,13,4,3,0.73,0.61,1.0770833333333334
2.7,4,21,13,4,3,1.64,1.11,1.09
24.4,4,21,13,4,3,1.42,1.04,1.0791666666666666
17.6,5,22,13,4,3,0.78,0.29,1.1054166666666667
-3.0,5,22,13,4,3,0.92,1.34,1.1020833333333333
-9.7,1,23,13,4,3,1.26,0.48,1.1616666666666666
-7.4,4,0,14,4,4,1.91,0.5,1.19875
25.9,2,0,14,4,4,1.39,0.93,1.21625
36.9,4,2,14,4,4,1.35,0.99,1.2379166666666666
3.3,4,2,14,4,4,1.51,1.55,1.2379166666666668
4.8,4,2,14,4,4,1.55,0.89,1.2254166666666666
35.4,5,2,14,4,4,0.59,1.55,1.1695833333333334
13.6,4,3,14,4,4,0.21,1.31,1.1804166666666667
19.3,2,3,14,4,4,1.57,1.48,1.2012500000000002
24.5,4,3,14,4,4,1.98,1.55,1.1920833333333334
5.0,3,4,14,4,4,1.33,1.85,1.1795833333333332
19.3,3,4,14,4,4,1.55,0.28,1.1791666666666667
14.2,2,5,14,4,4,0.27,1.32,1.1345833333333333
37.3,2,5,14,4,4,0.25,0.29,1.1383333333333332
21.8,3,5,14,4,4,0.38,0.65,1.1241666666666668
6.2,1,5,14,4,4,0.31,1.36,1.13625
2.8,2,5,14,4,4,1.65,0.99,1.1524999999999999
17.3,4,6,14,4,4,1.38,1.73,1.1020833333333335
29.9,3,6,14,4,4,0.52,0.73,1.0941666666666667
14.5,3,8,14,4,4,0.54,1.64,1.1020833333333333
39.7,2,8,14,4,4,1.83,1.42,1.0645833333333332
18.8,1,10,14,4,4,0.52,0.78,1.0504166666666668
33.9,2,11,14,4,4,0.44,0.92,1.0504166666666668
27.5,3,13,14,4,4,0.92,1.26,1.0466666666666666
-3.3,1,13,14,4,4,1.17,1.91,1.01875
33.9,1,14,14,4,4,1.24,1.39,0.9716666666666667
21.4,4,15,14,4,4,0.26,1.35,0.9816666666666666
17.2,4,15,14,4,4,1.59,1.51,0.9775
-6.2,3,17,14,4,4,1.41,1.55,0.9908333333333333
25.7,4,17,14,4,4,1.87,0.59,1.0495833333333333
32.2,3,18,14,4,4,2.0,0.21,1.0625
18.2,5,18,14,4,4,0.52,1.57,1.0104166666666667
21.6,5,18,14,4,4,0.32,1.98,1.01
30.6,1,18,14,4,4,1.97,1.33,1.0070833333333333
-5.8,4,19,14,4,4,1.26,1.55,1.0154166666666666
-8.4,5,20,14,4,4,1.75,0.27,1.0620833333333335
34.1,1,21,14,4,4,1.39,0.25,1.0779166666666666
15.5,2,22,14,4,4,0.63,0.38,1.1208333333333333
12.9,4,22,14,4,4,1.41,0.31,1.1208333333333333
0.4,3,22,14,4,4,0.31,1.65,1.0633333333333332
-6.3,2,23,14,4,4,0.27,1.38,1.0620833333333335
18.0,4,23,14,4,4,1.35,0.52,1.0554166666666667
9.9,3,2,15,4,5,0.36,0.54,1.0741666666666667
10.0,2,2,15,4,5,0.99,1.83,1.0625
-3.3,2,2,15,4,5,1.55,0.52,1.055
-7.1,2,3,15,4,5,0.34,0.44,1.09
31.4,5,4,15,4,5,1.28,0.92,1.0929166666666668
4.0,1,5,15,4,5,0.99,1.17,1.1191666666666666
28.9,3,6,15,4,5,1.8,1.24,1.1129166666666666
32.8,1,7,15,4,5,1.09,0.26,1.1791666666666667
37.7,2,7,15,4,5,1.85,1.59,1.1508333333333334
-0.5,1,8,15,4,5,0.91,1.41,1.1620833333333334
19.0,2,10,15,4,5,1.68,1.87,1.1341666666666665
17.6,2,10,15,4,5,1.2,2.0,1.0841666666666667
16.6,5,12,15,4,5,0.8,0.52,1.1391666666666667
30.1,3,15,15,4,5,1.84,0.32,1.1583333333333334
24.0,1,16,15,4,5,0.78,1.97,1.1308333333333334
16.2,1,18,15,4,5,1.31,1.26,1.1183333333333334
24.3,1,20,15,4,5,0.96,1.75,1.0975
25.7,3,21,15,4,5,1.25,1.39,1.1170833333333332
-9.4,1,22,15,4,5,1.86,0.63,1.10125
-2.2,5,22,15,4,5,0.25,1.41,1.11375
-9.3,5,23,15,4,5,1.71,0.31,1.14625
-10.0,1,23,15,4,5,1.09,0.27,1.2058333333333333
-6.2,1,23,15,4,5,1.7,1.35,1.1729166666666668
-3.9,4,0,16,4,6,0.56,0.36,1.1833333333333333
37.3,2,0,16,4,6,0.61,0.99,1.1804166666666667
27.1,4,1,16,4,6,0.92,1.55,1.1675000000000002
26.0,3,3,16,4,6,1.24,0.34,1.1945833333333333
24.9,5,4,16,4,6,0.99,1.28,1.1608333333333334
36.0,2,4,16,4,6,0.47,0.99,1.1691666666666667
-8.9,2,5,16,4,6,1.19,1.8,1.1725
24.0,1,7,16,4,6,1.88,1.09,1.1391666666666669
-5.4,1,7,16,4,6,0.29,1.85,1.0816666666666668
21.5,2,7,16,4,6,0.47,0.91,1.1154166666666667
-1.7,5,7,16,4,6,1.72,1.68,1.0650000000000002
32.7,5,8,16,4,6,0.47,1.2,1.0304166666666668
-2.9,5,8,16,4,6,0.37,0.8,1.0758333333333334
25.9,1,9,16,4,6,1.89,1.84,1.0429166666666667
-9.4,1,9,16,4,6,1.05,0.78,1.0891666666666666
-7.2,1,9,16,4,6,1.89,1.31,1.0866666666666667
24.0,2,9,16,4,6,1.25,0.96,1.10625
17.4,3,10,16,4,6,1.43,1.25,1.0766666666666667
36.7,3,11,16,4,6,0.54,1.86,1.0345833333333334
-5.8,2,11,16,4,6,0.85,0.25,1.0833333333333333
16.5,5,11,16,4,6,1.42,1.71,1.0408333333333333
39.9,5,11,16,4,6,0.69,1.09,1.0454166666666667
29.4,3,12,16,4,6,1.2,1.7,1.0433333333333332
18.1,3,13,16,4,6,1.65,0.56,1.0687499999999999
12.4,3,14,16,4,6,1.17,0.61,1.1216666666666666
26.5,2,15,16,4,6,1.88,0.92,1.15375
25.8,2,17,16,4,6,1.69,1.24,1.1195833333333332
2.1,3,18,16,4,6,0.42,0.99,1.1083333333333332
-3.4,3,19,16,4,6,0.72,0.47,1.1008333333333333
22.3,1,20,16,4,6,0.29,1.19,1.1079166666666667
37.6,5,21,16,4,6,1.36,1.88,1.0879166666666666
21.5,4,21,16,4,6,1.4,0.29,1.1320833333333333
36.5,3,21,16,4,6,1.35,0.47,1.1295833333333334
38.4,1,21,16,4,6,0.41,1.72,1.0999999999999999
35.1,5,22,16,4,6,1.01,0.47,1.13125
18.9,4,22,16,4,6,1.22,0.37,1.1483333333333332
27.4,4,23,16,4,6,0.78,1.89,1.1254166666666665
9.7,3,0,17,4,0,1.34,1.05,1.1054166666666665
7.5,4,0,17,4,0,0.57,1.89,1.0354166666666667
30.4,5,0,17,4,0,0.21,1.25,1.0208333333333333
11.1,2,1,17,4,0,0.9,1.43,1.0104166666666667
11.8,2,1,17,4,0,1.18,0.54,1.0591666666666666
20.6,3,1,17,4,0,1.71,0.85,1.0504166666666666
8.5,2,4,17,4,0,0.64,1.42,1.0529166666666667
14.0,1,5,17,4,0,1.48,0.69,1.0391666666666666
26.9,3,5,17,4,0,0.36,1.2,1.0541666666666665
16.4,5,8,17,4,0,1.56,1.65,1.05375
16.0,2,8,17,4,0,1.64,1.17,1.0687499999999999
29.5,5,9,17,4,0,1.53,1.88,1.0379166666666666
29.7,2,9,17,4,0,1.14,1.69,0.98625
36.4,1,11,17,4,0,0.45,0.42,1.0395833333333333
8.6,2,12,17,4,0,1.7,0.72,1.0820833333333335
34.2,5,13,17,4,0,1.74,0.29,1.1470833333333332
27.0,1,13,17,4,0,1.85,1.36,1.1066666666666667
10.8,2,14,17,4,0,0.39,1.4,1.07875
17.2,5,14,17,4,0,0.73,1.35,1.03875
36.2,1,15,17,4,0,0.39,0.41,1.0754166666666667
21.9,3,16,17,4,0,1.29,1.01,1.0925
9.8,1,18,17,4,0,1.42,1.22,1.0875
34.6,2,19,17,4,0,1.1,0.78,1.1379166666666667
0.4,5,19,17,4,0,1.99,1.34,1.0916666666666668
-1.9,5,20,17,4,0,0.23,0.57,1.1108333333333333
-2.3,1,21,17,4,0,1.03,0.21,1.1441666666666668
-4.1,3,22,17,4,0,1.01,0.9,1.1529166666666668
32.9,2,22,17,4,0,1.11,1.18,1.15625
2.5,2,23,17,4,0,1.26,1.71,1.1566666666666667
39.3,5,1,18,4,1,1.72,0.64,1.1854166666666666
20.3,2,1,18,4,1,1.33,1.48,1.1504166666666666
31.3,3,2,18,4,1,0.64,0.36,1.2008333333333334
-5.9,4,2,18,4,1,1.57,1.56,1.1983333333333333
2.7,3,3,18,4,1,1.5,1.64,1.1666666666666667
18.4,4,3,18,4,1,0.88,1.53,1.16875
-4.7,4,4,18,4,1,1.58,1.14,1.17
7.8,3,4,18,4,1,1.17,0.45,1.2008333333333334
11.7,3,6,18,4,1,1.19,1.7,1.1533333333333333
-7.6,5,8,18,4,1,0.56,1.74,1.0983333333333334
20.2,1,9,18,4,1,0.42,1.85,1.0666666666666667
7.4,1,10,18,4,1,1.09,0.39,1.1199999999999999
2.3,1,12,18,4,1,1.67,0.73,1.12125
-8.3,2,13,18,4,1,0.76,0.39,1.1854166666666666
21.2,4,14,18,4,1,1.93,1.29,1.2008333333333334
-10.0,1,18,18,4,1,1.66,1.42,1.1795833333333332
12.9,3,19,18,4,1,0.91,1.1,1.2075
29.9,1,19,18,4,1,1.77,1.99,1.18
17.5,4,20,18,4,1,1.33,0.23,1.2058333333333333
1.4,3,23,18,4,1,0.85,1.03,1.2154166666666668
35.5,2,23,18,4,1,1.26,1.01,1.1933333333333334
-9.0,3,2,19,4,2,0.48,1.11,1.1833333333333333
-2.3,5,2,19,4,2,0.87,1.26,1.14625
29.9,1,2,19,4,2,0.37,1.72,1.0933333333333333
-8.6,1,3,19,4,2,0.45,1.33,1.0529166666666667
31.6,4,4,19,4,2,0.36,0.64,1.0445833333333334
31.8,2,4,19,4,2,0.44,1.57,0.9987499999999999
8.0,5,4,19,4,2,0.47,1.5,1.0029166666666667
9.6,3,5,19,4,2,1.6,0.88,1.0141666666666667
18.8,4,7,19,4,2,1.15,1.58,1.01625
8.9,1,7,19,4,2,1.63,1.17,1.0383333333333333
14.7,1,9,19,4,2,1.7,1.19,1.0120833333333332
6.6,1,9,19,4,2,0.56,0.56,1.0391666666666668
34.9,3,10,19,4,2,1.21,0.42,1.0695833333333333
-9.3,3,10,19,4,2,1.15,1.09,1.0466666666666666
21.3,2,10,19,4,2,0.54,1.67,1.0108333333333335
33.8,1,12,19,4,2,0.81,0.76,1.0029166666666667
14.4,4,12,19,4,2,0.57,1.93,0.9758333333333334
5.4,3,13,19,4,2,1.28,1.66,0.9620833333333333
26.3,3,14,19,4,2,1.33,0.91,0.9441666666666667
-8.8,2,14,19,4,2,0.48,1.77,0.8966666666666666
0.8,1,15,19,4,2,0.63,1.33,0.8904166666666665
26.1,3,16,19,4,2,1.18,0.85,0.9054166666666666
17.2,2,17,19,4,2,1.21,1.26,0.88625
4.5,2,17,19,4,2,0.8,0.48,0.9079166666666666
8.6,5,17,19,4,2,1.0,0.87,0.8916666666666667
22.0,4,18,19,4,2,0.48,0.37,0.9054166666666666
3.6,4,18,19,4,2,0.7,0.45,0.9670833333333334
12.1,1,18,19,4,2,1.93,0.36,1.0279166666666668
4.3,4,19,19,4,2,1.82,0.44,1.0633333333333332
31.8,2,19,19,4,2,1.29,0.47,1.1183333333333334
33.8,1,19,19,4,2,1.79,1.6,1.1220833333333333
-3.3,5,20,19,4,2,1.69,1.15,1.1525
7.9,5,22,19,4,2,1.88,1.63,1.1108333333333333
1.5,1,22,19,4,2,0.63,1.7,1.1104166666666666
-2.4,1,23,19,4,2,1.69,0.56,1.15625
32.8,3,23,19,4,2,1.66,1.21,1.1808333333333334
23.5,5,23,19,4,2,1.8,1.15,1.1608333333333334
-2.2,1,2,20,4,3,0.67,0.54,1.2004166666666667
7.1,3,2,20,4,3,1.49,0.81,1.2233333333333334
36.7,1,2,20,4,3,1.36,0.57,1.2541666666666667
-2.9,2,3,20,4,3,1.31,1.28,1.2654166666666666
23.1,4,6,20,4,3,1.55,1.33,1.2750000000000001
-2.9,3,6,20,4,3,1.56,0.48,1.2870833333333334
27.1,4,7,20,4,3,0.77,0.63,1.2883333333333333
21.2,2,8,20,4,3,0.66,1.18,1.25
29.5,4,8,20,4,3,0.26,1.21,1.2104166666666667
6.0,4,9,20,4,3,0.26,0.8,1.1854166666666666
29.2,5,10,20,4,3,0.2,1.0,1.1745833333333333
26.8,3,10,20,4,3,0.74,0.48,1.2245833333333334
7.4,5,10,20,4,3,1.68,0.7,1.2408333333333335
-6.6,4,11,20,4,3,1.09,1.93,1.215
32.3,2,12,20,4,3,1.31,1.82,1.1833333333333333
20.9,2,12,20,4,3,1.06,1.29,1.2008333333333334
26.3,5,14,20,4,3,1.71,1.79,1.2045833333333333
4.1,4,14,20,4,3,1.88,1.69,1.16
31.0,3,14,20,4,3,0.62,1.88,1.1141666666666667
36.2,2,16,20,4,3,0.78,0.63,1.1575
17.6,4,18,20,4,3,1.67,1.69,1.1700000000000002
-6.8,5,18,20,4,3,1.99,1.66,1.1479166666666667
38.1,5,20,20,4,3,1.13,1.8,1.14625
4.5,2,20,20,4,3,1.76,0.67,1.1579166666666667
30.9,4,20,20,4,3,0.95,1.49,1.1191666666666666
39.6,4,21,20,4,3,0.56,1.36,1.14375
-6.2,2,22,20,4,3,1.95,1.31,1.1420833333333333
-4.5,4,0,21,4,4,1.27,1.55,1.1345833333333333
27.0,2,2,21,4,4,1.37,1.56,1.1075
14.3,5,3,21,4,4,0.91,0.77,1.10375
22.3,1,5,21,4,4,0.68,0.66,1.1191666666666666
19.7,2,5,21,4,4,1.03,0.26,1.1225
-9.4,4,5,21,4,4,0.34,0.26,1.14125
4.2,3,6,21,4,4,0.71,0.2,1.1954166666666668
33.8,4,7,21,4,4,1.5,0.74,1.2270833333333335
31.3,2,7,21,4,4,1.5,1.68,1.2041666666666666
14.7,5,8,21,4,4,1.13,1.09,1.2133333333333332
5.9,1,9,21,4,4,1.31,1.31,1.1824999999999999
8.0,2,11,21,4,4,0.57,1.06,1.1920833333333334
24.0,5,11,21,4,4,1.29,1.71,1.1766666666666667
9.0,2,11,21,4,4,1.34,1.88,1.1087500000000001
-1.9,5,13,21,4,4,0.25,0.62,1.1187500000000001
17.7,2,14,21,4,4,0.86,0.78,1.0999999999999999
-7.7,4,15,21,4,4,0.33,1.67,1.10875
38.6,1,15,21,4,4,1.88,1.99,1.0720833333333333
30.1,1,16,21,4,4,1.11,1.13,1.0458333333333334
18.6,2,20,21,4,4,0.5,1.76,1.0283333333333335
39.4,1,21,21,4,4,1.34,0.95,1.0245833333333334
7.8,3,22,21,4,4,0.86,0.56,1.0191666666666668
12.6,4,22,21,4,4,0.43,1.95,0.9970833333333333
-0.2,5,23,21,4,4,1.42,1.27,1.0225000000000002
17.8,2,0,22,4,5,1.88,1.37,0.9975
13.8,5,0,22,4,5,0.77,0.91,1.0170833333333333
36.0,5,2,22,4,5,1.38,0.68,1.0166666666666668
4.0,3,4,22,4,5,0.67,1.03,1.0495833333333333
8.3,4,6,22,4,5,1.82,0.34,1.0508333333333333
3.0,1,6,22,4,5,0.37,0.71,1.0408333333333333
-3.2,3,7,22,4,5,0.47,1.5,1.0229166666666665
37.1,3,8,22,4,5,1.07,1.5,0.9870833333333332
34.1,2,9,22,4,5,0.64,1.13,1.0029166666666667
39.6,2,10,22,4,5,1.51,1.31,0.9695833333333334
-7.3,2,10,22,4,5,0.51,0.57,0.9741666666666667
31.3,3,13,22,4,5,0.68,1.29,0.9670833333333334
16.1,3,14,22,4,5,1.12,1.34,0.9499999999999998
21.8,2,14,22,4,5,0.93,0.25,0.99125
1.2,5,15,22,4,5,1.24,0.86,0.9870833333333332
27.6,5,15,22,4,5,0.76,0.33,1.0545833333333334
18.3,5,15,22,4,5,1.95,1.88,1.0116666666666667
0.8,2,15,22,4,5,0.85,1.11,0.9916666666666666
24.3,1,16,22,4,5,0.63,0.5,1.0258333333333332
22.4,3,17,22,4,5,1.32,1.34,1.0341666666666667
29.8,5,17,22,4,5,1.54,0.86,1.0604166666666666
-9.1,4,17,22,4,5,1.49,0.43,1.0529166666666667
4.5,2,18,22,4,5,0.25,1.42,1.0266666666666666
25.1,5,19,22,4,5,0.79,1.88,1.03125
25.4,1,20,22,4,5,1.99,0.77,1.06125
0.7,1,20,22,4,5,1.49,1.38,1.0250000000000001
12.0,5,21,22,4,5,0.51,0.67,1.0070833333333333
-6.5,5,22,22,4,5,0.24,1.82,1.0025000000000002
9.3,5,22,22,4,5,1.71,0.37,1.0125
23.7,1,22,22,4,5,0.61,0.47,1.0287499999999998
37.7,3,23,22,4,5,0.86,1.07,1.02375
-7.0,2,0,23,4,6,0.95,0.64,1.0204166666666667
26.4,2,1,23,4,6,0.56,1.51,1.0095833333333333
8.5,3,2,23,4,6,1.25,0.51,1.00375
30.5,5,3,23,4,6,0.37,0.68,1.01
14.8,3,5,23,4,6,0.83,1.12,1.0366666666666668
21.0,5,5,23,4,6,1.76,0.93,1.0616666666666668
-6.2,1,7,23,4,6,1.53,1.24,1.065
35.5,4,8,23,4,6,1.32,0.76,1.0720833333333333
34.8,4,8,23,4,6,0.93,1.95,1.0720833333333333
-1.6,3,9,23,4,6,1.95,0.85,1.0966666666666667
-7.8,2,11,23,4,6,1.44,0.63,1.1216666666666668
32.5,3,12,23,4,6,1.23,1.32,1.0991666666666668
31.1,1,13,23,4,6,0.78,1.54,1.0512499999999998
-5.7,2,14,23,4,6,0.39,1.49,1.0320833333333332
-9.1,5,15,23,4,6,1.03,0.25,1.0791666666666666
-2.9,5,15,23,4,6,1.38,0.79,1.0616666666666668
13.7,3,15,23,4,6,0.37,1.99,1.0154166666666666
15.1,1,16,23,4,6,0.88,1.49,1.02875
31.9,5,16,23,4,6,1.81,0.51,1.0879166666666666
30.3,5,17,23,4,6,1.93,0.24,1.1183333333333334
30.2,5,18,23,4,6,0.97,1.71,1.0608333333333333
18.4,2,18,23,4,6,0.33,0.61,1.0887499999999999
31.2,5,18,23,4,6,1.28,0.86,1.0641666666666667
0.3,4,19,23,4,6,0.27,0.95,1.0641666666666667
17.1,4,19,23,4,6,0.95,0.56,1.0875
9.2,1,20,23,4,6,1.12,1.25,1.09375
1.2,5,20,23,4,6,1.4,0.37,1.1141666666666667
3.1,2,20,23,4,6,0.86,0.83,1.1016666666666668
-3.1,1,21,23,4,6,0.53,1.76,1.1058333333333332
33.4,1,22,23,4,6,1.86,1.53,1.0841666666666667
4.8,3,23,23,4,6,1.01,1.32,1.0475
18.0,4,23,23,4,6,0.44,0.93,1.0804166666666666
2.4,5,4,24,4,0,1.72,1.95,1.0341666666666667
8.7,5,8,24,4,0,0.84,1.44,1.0395833333333333
-6.3,3,8,24,4,0,1.57,1.23,1.02875
-0.6,4,9,24,4,0,0.97,0.78,1.03
18.4,5,9,24,4,0,0.81,0.39,1.09375
28.8,5,11,24,4,0,1.92,1.03,1.06625
26.6,4,12,24,4,0,0.37,1.38,1.0879166666666666
22.5,3,13,24,4,0,1.9,0.37,1.0983333333333334
-9.9,1,13,24,4,0,0.62,0.88,1.1029166666666668
-9.1,5,14,24,4,0,0.99,1.81,1.0404166666666665
29.1,3,15,24,4,0,0.31,1.93,0.9766666666666666
-9.2,1,15,24,4,0,0.4,0.97,0.9458333333333333
36.5,4,15,24,4,0,0.23,0.33,0.9741666666666666
23.9,2,16,24,4,0,1.01,1.28,0.9633333333333334
10.6,5,16,24,4,0,1.02,0.27,1.0308333333333335
15.0,2,18,24,4,0,1.89,0.95,1.0541666666666665
2.0,2,21,24,4,0,1.51,1.12,1.0495833333333333
14.1,2,21,24,4,0,1.01,1.4,1.0687499999999999
32.1,4,22,24,4,0,1.86,0.86,1.07875
-8.4,3,22,24,4,0,1.1,0.53,1.1308333333333331
28.4,3,23,24,4,0,1.78,1.86,1.115
-7.2,4,1,25,4,1,1.48,1.01,1.11375
-8.0,3,2,25,4,1,0.98,0.44,1.1045833333333335
-8.8,1,4,25,4,1,0.22,1.72,1.0579166666666666
26.7,1,5,25,4,1,0.6,0.84,1.0616666666666668
21.6,2,5,25,4,1,0.93,1.57,1.03125
19.6,5,6,25,4,1,0.84,0.97,1.0354166666666667
22.3,5,6,25,4,1,1.07,0.81,1.0783333333333334
-2.6,2,6,25,4,1,1.84,1.92,1.0341666666666667
24.4,1,8,25,4,1,0.86,0.37,1.05125
-9.0,5,8,25,4,1,0.78,1.9,1.01875
-7.6,5,9,25,4,1,1.12,0.62,1.0141666666666667
-7.4,2,9,25,4,1,0.51,0.99,1.0466666666666666
-2.5,3,9,25,4,1,1.77,0.31,1.06
-2.5,4,9,25,4,1,0.63,0.4,1.0616666666666668
11.8,3,10,25,4,1,0.44,0.23,1.1
38.4,2,10,25,4,1,1.15,1.01,1.0779166666666666
14.8,1,11,25,4,1,0.48,1.02,1.06625
27.5,2,11,25,4,1,0.74,1.89,1.0583333333333333
11.5,1,12,25,4,1,1.7,1.51,1.0429166666666667
-0.5,3,14,25,4,1,1.14,1.01,1.0775
-6.8,3,16,25,4,1,1.84,1.86,1.06625
20.2,5,17,25,4,1,1.59,1.1,1.0525
38.4,1,17,25,4,1,0.77,1.78,1.0291666666666668
31.4,1,18,25,4,1,1.22,1.48,1.0208333333333333
36.4,4,18,25,4,1,1.28,0.98,1.0154166666666666
2.3,5,20,25,4,1,0.85,0.22,1.0487499999999998
31.9,1,20,25,4,1,1.02,0.6,1.0908333333333333
27.5,3,22,25,4,1,1.61,0.93,1.1275000000000002
22.2,5,22,25,4,1,1.81,0.84,1.1625
8.4,1,22,25,4,1,1.68,1.07,1.1475
-3.4,4,22,25,4,1,0.71,1.84,1.08125
35.9,1,23,25,4,1,0.25,0.86,1.0745833333333334
21.0,4,0,26,4,2,0.7,0.78,1.0691666666666666
20.1,2,0,26,4,2,0.65,1.12,1.0516666666666665
18.9,1,2,26,4,2,0.7,0.51,1.0841666666666667
4.0,2,3,26,4,2,1.29,1.77,1.0708333333333335
-4.6,2,3,26,4,2,1.45,0.63,1.0829166666666665
21.8,5,4,26,4,2,0.92,0.44,1.1370833333333332
-9.8,4,4,26,4,2,1.74,1.15,1.14625
18.2,1,4,26,4,2,1.37,0.48,1.2083333333333333
-5.1,1,5,26,4,2,1.97,0.74,1.2104166666666667
31.3,5,6,26,4,2,0.79,1.7,1.1620833333333334
12.4,5,6,26,4,2,0.54,1.14,1.1824999999999999
25.9,5,7,26,4,2,1.63,1.84,1.1154166666666667
26.7,3,8,26,4,2,0.23,1.59,1.1275
-2.5,1,8,26,4,2,1.88,0.77,1.155
25.0,3,9,26,4,2,1.43,1.22,1.1316666666666666
-3.6,2,9,26,4,2,0.66,1.28,1.0958333333333334
-2.6,3,10,26,4,2,0.42,0.85,1.0970833333333332
18.2,5,11,26,4,2,0.88,1.02,1.105
-7.9,2,11,26,4,2,1.21,1.61,1.0620833333333333
29.9,3,11,26,4,2,0.58,1.81,1.0479166666666666
23.3,4,12,26,4,2,1.47,1.68,1.0116666666666665
4.8,2,12,26,4,2,0.81,0.71,1.0075
-6.8,2,12,26,4,2,0.61,0.25,1.0620833333333335
11.6,4,12,26,4,2,1.56,0.7,1.0683333333333331
35.1,1,13,26,4,2,0.85,0.65,1.0579166666666666
4.7,2,13,26,4,2,0.4,0.7,1.0887499999999999
10.3,3,14,26,4,2,1.44,1.29,1.1029166666666665
9.4,1,15,26,4,2,1.63,1.45,1.0875
-1.5,5,16,26,4,2,1.08,0.92,1.1120833333333333
31.1,5,17,26,4,2,1.51,1.74,1.0987500000000001
29.5,4,18,26,4,2,1.42,1.37,1.06375
28.9,5,19,26,4,2,0.53,1.97,0.9958333333333332
14.4,2,20,26,4,2,0.34,0.79,1.0275
-0.9,5,20,26,4,2,1.55,0.54,1.0633333333333332
30.1,3,21,26,4,2,1.4,1.63,1.0383333333333333
16.3,4,21,26,4,2,1.03,0.23,1.0445833333333334
10.5,5,22,26,4,2,0.38,1.88,0.9983333333333334
11.1,4,22,26,4,2,0.77,1.43,1.01625
27.0,2,0,27,4,3,1.86,0.66,1.0316666666666667
19.3,1,2,27,4,3,1.03,0.42,1.03
8.8,2,4,27,4,3,0.38,0.88,1.0629166666666667
25.7,1,5,27,4,3,1.67,1.21,1.05125
11.1,1,5,27,4,3,0.93,0.58,1.0975000000000001
36.1,2,6,27,4,3,1.69,1.47,1.0820833333333333
38.0,2,8,27,4,3,1.1,0.81,1.0945833333333332
-1.7,2,8,27,4,3,1.11,0.61,1.1316666666666666
1.1,2,10,27,4,3,1.5,1.56,1.0879166666666666
8.3,5,10,27,4,3,0.51,0.85,1.0620833333333335
-0.8,1,10,27,4,3,0.23,0.4,1.055
13.8,4,11,27,4,3,0.23,1.44,1.0554166666666667
22.7,5,12,27,4,3,1.45,1.63,1.0491666666666668
-4.7,5,13,27,4,3,1.48,1.08,1.0179166666666666
11.6,3,14,27,4,3,0.33,1.51,0.9920833333333333
14.3,2,14,27,4,3,0.89,1.42,0.9570833333333333
11.5,5,15,27,4,3,0.58,0.53,0.98
-1.9,2,19,27,4,3,1.08,0.34,1.0475
36.1,1,20,27,4,3,1.96,1.55,1.0470833333333334
-7.1,2,21,27,4,3,1.54,1.4,1.0345833333333334
36.0,3,21,27,4,3,1.1,1.03,1.0595833333333333
32.8,3,23,27,4,3,1.63,0.38,1.1008333333333333
2.0,5,2,28,4,4,1.37,0.77,1.10375
-3.5,2,3,28,4,4,0.84,1.86,1.0462500000000001
0.7,2,3,28,4,4,0.48,1.03,1.0216666666666667
27.6,4,4,28,4,4,0.44,0.38,1.08875
34.9,1,4,28,4,4,1.99,1.67,1.0308333333333333
-1.2,2,5,28,4,4,0.28,0.93,1.0383333333333333
23.4,4,5,28,4,4,1.11,1.69,1.0433333333333334
3.7,5,6,28,4,4,1.81,1.1,1.08
13.6,4,6,28,4,4,1.98,1.11,1.0720833333333333
22.3,2,7,28,4,4,0.92,1.5,1.06
14.8,5,7,28,4,4,1.21,0.51,1.0954166666666667
1.5,5,8,28,4,4,1.36,0.23,1.0995833333333334
-9.6,2,10,28,4,4,0.33,0.23,1.1629166666666666
-6.4,2,11,28,4,4,1.75,1.45,1.1175
3.3,1,11,28,4,4,0.36,1.48,1.1104166666666666
-8.2,1,11,28,4,4,1.31,0.33,1.16
5.0,4,12,28,4,4,1.52,0.89,1.1629166666666666
29.8,3,12,28,4,4,0.96,0.58,1.1779166666666667
7.4,5,13,28,4,4,0.94,1.08,1.1479166666666667
31.3,1,13,28,4,4,0.36,1.96,1.1041666666666667
36.2,1,13,28,4,4,0.91,1.54,1.1095833333333334
39.6,3,14,28,4,4,1.67,1.1,1.0808333333333333
26.3,1,15,28,4,4,0.41,1.63,1.0420833333333333
33.9,2,16,28,4,4,0.7,1.37,1.0491666666666666
38.9,1,18,28,4,4,1.54,0.84,1.0658333333333332
-9.7,1,19,28,4,4,1.24,0.48,1.10125
-3.6,2,20,28,4,4,1.33,0.44,1.1075000000000002
7.0,4,20,28,4,4,0.59,1.99,1.0716666666666665
5.0,4,21,28,4,4,1.13,0.28,1.1295833333333334
13.5,3,21,28,4,4,1.67,1.11,1.1358333333333335
-3.7,2,23,28,4,4,1.26,1.81,1.0887499999999999
2.9,4,0,29,4,5,0.68,1.98,1.05125
6.1,5,0,29,4,5,1.08,0.92,1.0762500000000002
-2.1,2,1,29,4,5,1.52,1.21,1.0533333333333335
18.2,5,2,29,4,5,0.66,1.36,1.0570833333333334
-0.9,1,2,29,4,5,1.45,0.33,1.1170833333333332
6.8,1,3,29,4,5,1.77,1.75,1.0979166666666667
-2.0,4,4,29,4,5,1.29,0.36,1.1441666666666668
39.0,1,4,29,4,5,1.47,1.31,1.155
0.3,4,4,29,4,5,1.57,1.52,1.1079166666666667
18.4,3,5,29,4,5,0.39,0.96,1.1254166666666667
-5.7,2,5,29,4,5,1.38,0.94,1.1170833333333332
-2.1,5,5,29,4,5,0.74,0.36,1.1129166666666668
-9.8,4,8,29,4,5,0.26,0.91,1.095
4.0,4,9,29,4,5,0.48,1.67,1.03875
-0.8,4,9,29,4,5,0.32,0.41,1.0579166666666666
-5.0,1,10,29,4,5,0.87,0.7,1.0545833333333332
0.7,1,11,29,4,5,0.62,1.54,1.04625
-0.9,2,11,29,4,5,1.34,1.24,1.0079166666666668
25.4,3,11,29,4,5,0.32,1.33,0.9733333333333333
-3.9,1,12,29,4,5,0.5,0.59,0.9904166666666666
-2.4,1,13,29,4,5,1.0,1.13,1.0145833333333334
1.7,4,13,29,4,5,1.71,1.67,0.9620833333333333
12.7,1,13,29,4,5,0.41,1.26,0.9725
0.9,5,14,29,4,5,1.51,0.68,1.0095833333333333
6.7,1,15,29,4,5,1.57,1.08,1.0079166666666666
31.3,3,16,29,4,5,1.04,1.52,0.9941666666666666
26.9,3,16,29,4,5,1.19,0.66,1.0275
13.8,1,16,29,4,5,1.46,1.45,1.0458333333333332
12.1,2,17,29,4,5,1.89,1.77,1.0204166666666665
-9.6,2,17,29,4,5,1.16,1.29,1.0008333333333332
18.0,2,18,29,4,5,0.82,1.47,1.0070833333333333
18.8,2,18,29,4,5,1.62,1.57,0.9825
19.9,4,19,29,4,5,0.98,0.39,1.0070833333333333
30.3,2,20,29,4,5,0.98,1.38,0.9945833333333333
15.4,2,21,29,4,5,1.08,0.74,0.9791666666666666
33.5,1,21,29,4,5,0.37,0.26,1.0416666666666667
39.4,1,22,29,4,5,1.76,0.48,1.095
-0.7,3,22,29,4,5,1.76,0.32,1.1533333333333333
19.1,4,23,29,4,5,1.72,0.87,1.1333333333333333
2.7,5,0,30,4,6,0.39,0.62,1.1829166666666666
35.3,5,2,30,4,6,1.81,1.34,1.1954166666666666
10.4,2,3,30,4,6,1.64,0.32,1.2554166666666666
18.4,3,3,30,4,6,1.76,0.5,1.3004166666666668
-9.2,3,4,30,4,6,1.58,1.0,1.2879166666666666
9.0,5,5,30,4,6,0.7,1.71,1.2699999999999998
2.2,2,5,30,4,6,1.28,0.41,1.2879166666666666
-6.9,2,6,30,4,6,0.84,1.51,1.2395833333333333
-0.7,4,7,30,4,6,0.35,1.57,1.2345833333333334
16.9,1,7,30,4,6,1.45,1.04,1.2208333333333334
32.2,4,8,30,4,6,0.71,1.19,1.2075
-0.4,2,8,30,4,6,0.87,1.46,1.2258333333333333
-8.2,5,8,30,4,6,1.9,1.89,1.1691666666666667
-3.3,4,8,30,4,6,0.53,1.16,1.1587500000000002
4.3,2,9,30,4,6,0.91,0.82,1.1591666666666667
11.6,3,9,30,4,6,0.83,1.62,1.1120833333333333
32.4,2,10,30,4,6,0.49,0.98,1.1541666666666666
12.8,1,10,30,4,6,1.99,0.98,1.14125
27.7,4,11,30,4,6,0.67,1.08,1.1295833333333334
-0.2,5,11,30,4,6,0.8,0.37,1.1716666666666666
39.7,4,11,30,4,6,1.38,1.76,1.1808333333333332
10.2,1,12,30,4,6,1.98,1.76,1.1320833333333333
-7.2,4,13,30,4,6,0.59,1.72,1.1245833333333335
5.1,1,13,30,4,6,1.54,0.39,1.14125
20.1,1,13,30,4,6,0.79,1.81,1.1479166666666665
2.5,3,14,30,4,6,1.97,1.64,1.14875
3.3,5,15,30,4,6,1.66,1.76,1.1358333333333333
-4.1,5,15,30,4,6,1.45,1.58,1.08
9.6,3,18,30,4,6,0.24,0.7,1.0695833333333333
24.2,5,18,30,4,6,0.45,1.28,1.0954166666666667
36.0,4,21,30,4,6,1.9,0.84,1.10625
-4.9,2,21,30,4,6,1.1,0.35,1.1633333333333333
7.4,2,23,30,4,6,1.72,1.45,1.1375
4.5,3,0,1,5,0,0.83,0.71,1.1266666666666667
29.8,4,0,1,5,0,0.45,0.87,1.10625
35.8,2,1,1,5,0,0.38,1.9,1.0741666666666667
7.6,2,3,1,5,0,1.13,0.53,1.08625
-2.1,1,4,1,5,0,0.82,0.91,1.0820833333333333
14.2,2,4,1,5,0,0.81,0.83,1.0766666666666667
19.7,4,6,1,5,0,0.7,0.49,1.10625
6.3,3,6,1,5,0,1.2,1.99,1.0520833333333333
26.7,1,7,1,5,0,0.69,0.67,1.1004166666666666
36.0,5,7,1,5,0,1.83,0.8,1.1095833333333334
19.7,3,7,1,5,0,1.02,1.38,1.1112499999999998
29.4,3,8,1,5,0,1.42,1.98,1.0683333333333331
20.8,2,8,1,5,0,0.95,0.59,1.0754166666666667
-1.0,4,12,1,5,0,0.76,1.54,1.0712499999999998
-3.7,2,12,1,5,0,1.44,0.79,1.0570833333333334
9.1,1,13,1,5,0,0.45,1.97,1.0083333333333333
31.5,4,16,1,5,0,0.8,1.66,0.9725
10.4,1,17,1,5,0,0.8,1.45,0.9908333333333333
24.0,5,18,1,5,0,1.89,0.24,1.0075
5.1,4,19,1,5,0,0.64,0.45,0.9983333333333334
-6.3,3,19,1,5,0,0.23,1.9,0.9333333333333335
32.0,4,20,1,5,0,0.34,1.1,0.9362499999999999
35.2,5,21,1,5,0,1.17,1.72,0.8970833333333333
-4.1,2,21,1,5,0,0.78,0.83,0.9091666666666667
4.7,5,21,1,5,0,1.12,0.45,0.9375
-2.2,2,21,1,5,0,1.13,0.38,0.9654166666666667
32.2,3,22,1,5,0,1.05,1.13,0.9537499999999999
29.5,5,23,1,5,0,0.85,0.82,0.9358333333333334
-5.5,4,0,2,5,1,0.39,0.81,0.9816666666666666
30.4,4,0,2,5,1,1.91,0.7,0.9975
20.9,1,1,2,5,1,1.08,1.2,1.0091666666666665
14.8,5,1,2,5,1,1.48,0.69,1.055
15.1,1,2,2,5,1,1.79,1.83,1.0362500000000001
26.7,3,3,2,5,1,1.38,1.02,1.06125
2.2,4,3,2,5,1,1.62,1.42,1.0225
19.7,3,4,2,5,1,0.49,0.95,1.06
30.2,1,5,2,5,1,1.85,0.76,1.0758333333333334
38.1,1,5,2,5,1,1.14,1.44,1.0929166666666668
29.4,1,11,2,5,1,1.85,0.45,1.135
20.9,5,11,2,5,1,1.46,0.8,1.1604166666666667
32.6,4,11,2,5,1,1.41,0.8,1.1512499999999999
4.7,4,12,2,5,1,0.58,1.89,1.1179166666666667
24.7,1,13,2,5,1,1.09,0.64,1.1345833333333333
-0.8,4,14,2,5,1,1.04,0.23,1.1845833333333333
-9.5,5,14,2,5,1,1.43,0.34,1.2329166666666667
37.2,5,14,2,5,1,1.5,1.17,1.2375
3.2,5,15,2,5,1,1.28,0.78,1.2758333333333334
3.7,3,16,2,5,1,1.7,1.12,1.24
18.8,3,16,2,5,1,0.26,1.13,1.26125
8.1,4,16,2,5,1,1.64,1.05,1.2441666666666666
-2.8,2,16,2,5,1,0.64,0.85,1.2237500000000001
28.4,2,18,2,5,1,0.36,0.39,1.2479166666666666
3.1,2,20,2,5,1,0.97,1.91,1.25
7.2,3,20,2,5,1,1.96,1.08,1.2595833333333333
-9.5,4,20,2,5,1,1.31,1.48,1.245
34.8,2,21,2,5,1,1.13,1.79,1.23
31.1,4,21,2,5,1,1.43,1.38,1.1833333333333333
28.5,3,23,2,5,1,0.26,1.62,1.1495833333333334
9.0,2,3,3,5,2,0.81,0.49,1.2095833333333335
18.5,1,3,3,5,2,1.93,1.85,1.1616666666666666
-7.0,2,3,3,5,2,0.7,1.14,1.1345833333333333
24.8,4,4,3,5,2,0.49,1.85,1.1145833333333333
10.6,2,6,3,5,2,1.37,1.46,1.0941666666666665
37.5,3,6,3,5,2,0.97,1.41,1.0754166666666667
0.7,4,7,3,5,2,0.96,0.58,1.0625
3.0,5,9,3,5,2,0.27,1.09,1.0512499999999998
34.8,4,17,3,5,2,0.82,1.04,1.0691666666666666
33.7,5,17,3,5,2,1.47,1.43,1.0391666666666666
29.8,2,18,3,5,2,0.71,1.5,1.0416666666666667
8.4,1,19,3,5,2,1.56,1.28,1.0370833333333331
-1.3,3,19,3,5,2,1.17,1.7,0.9925
25.5,2,20,3,5,2,0.63,0.26,1.0083333333333333
34.1,5,21,3,5,2,0.64,1.64,0.9795833333333334
-1.8,5,21,3,5,2,0.95,0.64,0.99625
-0.7,1,0,4,5,3,1.04,0.36,1.03875
15.4,3,1,4,5,3,1.38,0.97,1.02875
-5.1,5,1,4,5,3,0.73,1.96,0.9695833333333334
29.1,2,4,4,5,3,0.54,1.31,0.94625
37.7,3,4,4,5,3,0.75,1.13,0.9254166666666666
15.5,4,4,4,5,3,0.63,1.43,0.88
2.4,1,6,4,5,3,0.34,0.26,0.9220833333333335
-10.0,3,7,4,5,3,1.27,0.81,0.9149999999999999
23.0,4,9,4,5,3,0.64,1.93,0.8683333333333333
7.4,5,10,4,5,3,0.81,0.7,0.8883333333333333
-1.7,4,10,4,5,3,1.18,0.49,0.9129166666666667
31.4,5,12,4,5,3,1.08,1.37,0.8695833333333334
-5.6,5,13,4,5,3,0.33,0.97,0.8599999999999999
20.9,1,14,4,5,3,0.74,0.96,0.9033333333333333
29.8,3,15,4,5,3,2.0,0.27,0.9129166666666667
37.1,5,18,4,5,3,0.5,0.82,0.9420833333333333
8.7,3,19,4,5,3,1.52,1.47,0.9520833333333333
19.7,5,19,4,5,3,1.71,0.71,0.9375
20.8,4,20,4,5,3,0.36,1.56,0.9175
-9.1,1,21,4,5,3,1.08,1.17,0.9054166666666666
38.1,5,22,4,5,3,0.88,0.63,0.9125
31.7,3,23,4,5,3,0.8,0.64,0.9329166666666667
-0.4,4,0,5,5,4,1.13,0.95,0.9266666666666666
22.0,1,0,5,5,4,0.8,1.04,0.91
9.9,5,2,5,5,4,0.64,1.38,0.8962500000000001
37.9,2,2,5,5,4,1.05,0.73,0.9258333333333333
0.2,1,3,5,5,4,1.44,0.54,0.9775
-4.7,2,4,5,5,4,1.78,0.75,0.9587500000000001
32.1,1,5,5,5,4,0.3,0.63,0.9920833333333334
33.0,1,5,5,5,4,1.43,0.34,1.0025
21.0,4,8,5,5,4,0.59,1.27,0.9991666666666665
26.8,4,8,5,5,4,1.19,0.64,1.0150000000000001
35.4,3,9,5,5,4,1.02,0.81,1.0183333333333333
31.4,5,9,5,5,4,0.89,1.18,1.0066666666666666
-5.0,3,10,5,5,4,0.9,1.08,1.0137500000000002
0.9,1,12,5,5,4,1.25,0.33,1.0775
-3.7,5,13,5,5,4,1.86,0.74,1.0895833333333333
34.6,1,13,5,5,4,1.03,2.0,1.0508333333333335
31.8,4,14,5,5,4,1.07,0.5,1.1016666666666668
36.2,3,15,5,5,4,1.72,1.52,1.0850000000000002
29.3,4,18,5,5,4,1.12,1.71,1.08875
19.9,5,18,5,5,4,1.8,0.36,1.1208333333333333
24.0,5,18,5,5,4,1.13,1.08,1.0879166666666666
5.4,4,19,5,5,4,0.29,0.88,1.0925
36.2,5,19,5,5,4,0.99,0.8,1.1008333333333333
0.9,1,20,5,5,4,1.0,1.13,1.11
11.4,1,21,5,5,4,1.35,0.8,1.1004166666666666
28.1,5,22,5,5,4,0.57,0.64,1.1045833333333333
25.2,4,23,5,5,4,0.74,1.05,1.0916666666666666
18.9,4,1,6,5,5,0.74,1.44,1.1075000000000002
29.0,3,2,6,5,5,1.82,1.78,1.0641666666666667
15.5,5,2,6,5,5,0.74,0.3,1.0975
-9.4,2,2,6,5,5,1.1,1.43,1.0666666666666667
-2.7,1,3,6,5,5,0.69,0.59,1.09
-4.5,5,3,6,5,5,1.15,1.19,1.0954166666666667
20.0,1,4,6,5,5,1.32,1.02,1.1033333333333333
16.6,2,5,6,5,5,1.21,0.89,1.1070833333333334
32.7,3,6,6,5,5,0.98,0.9,1.08375
16.7,1,7,6,5,5,0.34,1.25,1.0554166666666667
-6.7,1,7,6,5,5,0.57,1.86,1.0229166666666667
36.3,1,7,6,5,5,1.08,1.03,0.9933333333333333
-7.6,2,8,6,5,5,0.32,1.07,0.9979166666666667
7.0,1,9,6,5,5,1.18,1.72,0.95125
10.4,5,9,6,5,5,0.6,1.12,0.9725
-5.5,5,10,6,5,5,1.63,1.8,0.9320833333333333
17.7,2,11,6,5,5,0.83,1.13,0.9154166666666667
2.3,1,11,6,5,5,0.73,0.29,0.9566666666666667
18.3,5,11,6,5,5,1.28,0.99,0.9529166666666665
3.5,4,13,6,5,5,0.9,1.0,0.97625
28.0,4,15,6,5,5,1.56,1.35,0.9641666666666667
23.6,3,16,6,5,5,1.06,0.57,0.9841666666666667
-6.5,5,17,6,5,5,1.05,0.74,1.00875
21.6,1,17,6,5,5,1.33,0.74,1.0487499999999998
39.9,4,18,6,5,5,1.7,1.82,1.0020833333333334
1.5,2,19,6,5,5,0.7,0.74,0.9933333333333333
13.9,1,19,6,5,5,0.53,1.1,0.9658333333333333
38.9,5,19,6,5,5,0.44,0.69,0.9554166666666667
-9.2,1,20,6,5,5,0.44,1.15,0.92875
-9.2,4,20,6,5,5,0.51,1.32,0.9191666666666666
17.6,4,21,6,5,5,1.09,1.21,0.8999999999999999
15.2,5,22,6,5,5,0.75,0.98,0.8762499999999999
0.5,5,22,6,5,5,0.41,0.34,0.9370833333333333
0.2,2,23,6,5,5,1.8,0.57,0.9950000000000001
0.7,1,23,6,5,5,1.96,1.08,0.995
13.5,4,23,6,5,5,1.08,0.32,1.0345833333333332
17.0,2,0,7,5,6,1.27,1.18,1.0408333333333333
36.4,1,1,7,5,6,1.33,0.6,1.09375
17.2,5,2,7,5,6,1.87,1.63,1.0887499999999999
-8.0,2,3,7,5,6,1.51,0.83,1.0966666666666667
16.2,4,3,7,5,6,1.02,0.73,1.0816666666666668
24.6,1,5,7,5,6,0.37,1.28,1.1070833333333334
8.7,3,5,7,5,6,1.89,0.9,1.0829166666666667
32.2,3,6,7,5,6,0.32,1.56,1.0954166666666667
6.6,1,7,7,5,6,1.86,1.06,1.1320833333333333
12.9,3,7,7,5,6,1.94,1.05,1.165
-3.1,5,8,7,5,6,1.84,1.33,1.1583333333333334
-1.4,2,8,7,5,6,1.17,1.7,1.1341666666666668
-5.0,1,8,7,5,6,1.12,0.7,1.1283333333333332
25.3,4,9,7,5,6,0.56,0.53,1.1195833333333334
35.8,4,9,7,5,6,0.32,0.44,1.1629166666666666
-6.9,5,10,7,5,6,1.48,0.44,1.2075
10.6,5,11,7,5,6,1.51,0.51,1.20375
21.7,2,11,7,5,6,0.42,1.09,1.1845833333333333
4.0,3,12,7,5,6,0.63,0.75,1.1916666666666667
16.1,5,13,7,5,6,0.92,0.41,1.2420833333333334
35.6,3,14,7,5,6,1.62,1.8,1.1812500000000001
3.6,5,14,7,5,6,0.34,1.96,1.10875
9.3,5,15,7,5,6,0.22,1.08,1.1295833333333334
-1.3,3,17,7,5,6,1.58,1.27,1.1433333333333333
27.8,1,18,7,5,6,1.6,1.33,1.1591666666666667
8.4,1,21,7,5,6,1.71,1.87,1.1133333333333335
31.7,1,21,7,5,6,0.77,1.51,1.1225
32.9,1,21,7,5,6,1.73,1.02,1.095
7.6,5,22,7,5,6,0.36,0.37,1.1395833333333334
2.5,4,1,8,5,0,1.44,1.89,1.0775
17.3,5,3,8,5,0,0.4,0.32,1.0975
-7.8,1,3,8,5,0,0.8,1.86,1.04375
31.4,5,6,8,5,0,0.57,1.94,1.0370833333333331
11.8,4,7,8,5,0,1.78,1.84,1.00125
1.8,1,9,8,5,0,0.98,1.17,0.9645833333333335
-2.3,5,10,8,5,0,0.29,1.12,0.9295833333333333
-1.9,2,11,8,5,0,0.28,0.56,0.9341666666666667
23.4,5,11,8,5,0,0.67,0.32,0.9508333333333333
30.7,2,12,8,5,0,0.72,1.48,0.9512499999999999
14.8,4,12,8,5,0,1.49,1.51,0.9387499999999999
-9.3,2,12,8,5,0,1.21,0.42,1.0008333333333332
12.3,3,12,8,5,0,1.91,0.63,1.0079166666666668
0.0,3,13,8,5,0,0.8,0.92,0.9987499999999999
16.9,4,13,8,5,0,0.7,1.62,0.9533333333333333
17.4,2,14,8,5,0,0.53,0.34,0.9833333333333333
-7.8,2,14,8,5,0,1.06,0.22,1.0316666666666665
39.6,3,14,8,5,0,1.38,1.58,1.0233333333333334
14.2,2,15,8,5,0,1.38,1.6,0.9904166666666666
11.8,1,16,8,5,0,0.81,1.71,0.9899999999999999
3.7,3,16,8,5,0,1.7,0.77,1.0191666666666668
11.3,5,17,8,5,0,1.47,1.73,1.0195833333333333
15.2,1,17,8,5,0,1.74,0.36,1.0608333333333333
32.6,4,20,8,5,0,1.35,1.44,1.0429166666666665
-5.3,4,21,8,5,0,1.01,0.4,1.1058333333333332
25.1,3,21,8,5,0,1.91,0.8,1.1066666666666667
16.4,3,23,8,5,0,0.82,0.57,1.1466666666666667
23.4,2,0,9,5,1,1.53,1.78,1.1545833333333333
30.3,5,2,9,5,1,1.97,0.98,1.1808333333333334
38.1,2,2,9,5,1,1.61,0.29,1.2158333333333333
-6.5,3,4,9,5,1,1.13,0.28,1.26
30.6,1,4,9,5,1,1.34,0.67,1.2683333333333333
1.1,4,5,9,5,1,0.87,0.72,1.2562499999999999
16.8,2,6,9,5,1,0.43,1.49,1.2045833333333331
13.9,5,6,9,5,1,0.25,1.21,1.185
37.2,3,6,9,5,1,0.74,1.91,1.1166666666666667
28.7,3,7,9,5,1,0.27,0.8,1.1512499999999999
19.4,5,7,9,5,1,1.63,0.7,1.1345833333333333
16.4,2,9,9,5,1,0.3,0.53,1.14125
27.0,2,10,9,5,1,0.69,1.06,1.1375
-1.8,2,11,9,5,1,0.97,1.38,1.1504166666666669
29.9,3,14,9,5,1,1.69,1.38,1.1629166666666666
-4.7,2,14,9,5,1,1.68,0.81,1.1829166666666666
30.2,1,14,9,5,1,1.29,1.7,1.1516666666666666
25.4,5,15,9,5,1,0.95,1.47,1.1233333333333333
37.3,2,19,9,5,1,0.79,1.74,1.0591666666666668
35.8,1,19,9,5,1,0.2,1.35,1.0216666666666667
36.5,1,22,9,5,1,0.45,1.01,1.0216666666666667
29.0,1,22,9,5,1,1.01,1.91,0.9829166666666667
1.5,3,1,10,5,2,0.98,0.82,0.9824999999999999
33.3,2,1,10,5,2,0.81,1.53,0.9362499999999999
33.3,1,1,10,5,2,0.42,1.97,0.8833333333333333
7.5,5,2,10,5,2,0.7,1.61,0.8458333333333333
-3.3,5,4,10,5,2,0.71,1.13,0.8179166666666667
7.9,5,4,10,5,2,0.46,1.34,0.7870833333333332
34.8,4,5,10,5,2,0.6,0.87,0.7654166666666667
8.4,3,5,10,5,2,0.35,0.43,0.8079166666666667
37.1,2,6,10,5,2,1.45,0.25,0.85125
-5.0,1,9,10,5,2,1.29,0.74,0.8641666666666666
-9.6,4,9,10,5,2,1.05,0.27,0.9108333333333333
-5.5,1,10,10,5,2,1.39,1.63,0.8745833333333334
29.4,2,10,10,5,2,0.76,0.3,0.92875
32.6,4,12,10,5,2,1.6,0.69,0.9308333333333333
38.4,1,13,10,5,2,0.74,0.97,0.9674999999999999
-1.8,2,14,10,5,2,1.85,1.69,0.91375
30.3,1,15,10,5,2,0.4,1.68,0.9154166666666667
2.2,3,16,10,5,2,1.72,1.29,0.9141666666666667
14.3,4,16,10,5,2,1.26,0.95,0.8920833333333333
6.6,4,16,10,5,2,0.42,0.79,0.9054166666666666
8.4,1,17,10,5,2,1.11,0.2,0.9441666666666665
4.4,4,17,10,5,2,1.13,0.45,0.9366666666666666
-8.6,1,17,10,5,2,0.27,1.01,0.9225
5.2,3,17,10,5,2,0.67,0.98,0.9029166666666667
29.6,5,17,10,5,2,0.51,0.81,0.9245833333333332
-4.9,5,19,10,5,2,1.33,0.42,0.9587500000000001
18.8,2,19,10,5,2,1.24,0.7,0.9545833333333333
2.2,3,20,10,5,2,0.6,0.71,0.9500000000000001
2.8,2,20,10,5,2,0.6,0.46,0.9670833333333334
-1.7,5,21,10,5,2,0.87,0.6,0.9895833333333334
-5.6,5,22,10,5,2,1.14,0.35,1.0083333333333333
38.0,3,23,10,5,2,0.8,1.45,0.9783333333333334
32.1,1,23,10,5,2,0.73,1.29,0.9841666666666667
0.5,2,2,11,5,3,1.43,1.05,0.9595833333333333
12.7,1,3,11,5,3,0.46,1.39,0.9616666666666666
17.5,5,6,11,5,3,1.44,0.76,0.9991666666666665
2.8,1,8,11,5,3,1.66,1.6,0.9975
36.6,3,9,11,5,3,1.56,0.74,0.9954166666666665
1.5,3,9,11,5,3,0.69,1.85,0.9658333333333333
18.0,5,10,11,5,3,1.14,0.4,0.9774999999999999
25.1,1,11,11,5,3,0.68,1.72,0.975
7.5,4,15,11,5,3,1.66,1.26,1.0029166666666665
36.1,5,16,11,5,3,1.93,0.42,1.0520833333333333
16.9,1,16,11,5,3,1.6,1.11,1.0508333333333333
-9.4,4,17,11,5,3,1.08,1.13,1.0804166666666666
8.9,2,18,11,5,3,1.84,0.27,1.1283333333333332
12.6,3,19,11,5,3,1.42,0.67,1.1320833333333333
3.5,4,19,11,5,3,0.76,0.51,1.1616666666666666
-9.8,2,21,11,5,3,1.22,1.33,1.1254166666666667
0.3,2,22,11,5,3,0.46,1.24,1.1341666666666665
20.8,3,0,12,5,4,1.45,0.6,1.17625
15.3,5,1,12,5,4,1.61,0.6,1.1995833333333332
-7.4,3,2,12,5,4,1.16,0.87,1.22375
5.1,1,2,12,5,4,1.45,1.14,1.2079166666666667
29.6,1,4,12,5,4,0.76,0.8,1.2233333333333334
-9.5,4,4,12,5,4,1.17,0.73,1.2016666666666667
-0.2,1,10,12,5,4,0.21,1.43,1.185
6.0,1,13,12,5,4,1.03,0.46,1.1991666666666665
31.1,4,13,12,5,4,0.8,1.44,1.1766666666666665
37.6,5,15,12,5,4,0.9,1.66,1.17625
-5.2,2,15,12,5,4,1.65,1.56,1.1325
36.0,1,16,12,5,4,0.51,0.69,1.1145833333333333
37.6,3,16,12,5,4,0.26,1.14,1.0995833333333334
27.7,5,16,12,5,4,0.78,0.68,1.1508333333333334
37.3,5,16,12,5,4,1.91,1.66,1.1354166666666667
35.2,1,16,12,5,4,1.29,1.93,1.1045833333333335
35.6,5,16,12,5,4,1.19,1.6,1.1029166666666665
6.7,2,17,12,5,4,1.56,1.08,1.10625
-5.7,4,17,12,5,4,1.16,1.84,1.0979166666666667
4.1,4,18,12,5,4,1.64,1.42,1.0933333333333333
38.7,4,18,12,5,4,1.31,0.76,1.1229166666666666
-8.9,1,19,12,5,4,1.47,1.22,1.1329166666666666
21.8,4,19,12,5,4,1.46,0.46,1.1616666666666666
29.7,1,20,12,5,4,1.15,1.45,1.1266666666666667
-0.7,3,22,12,5,4,0.61,1.61,1.1104166666666666
13.4,5,22,12,5,4,1.22,1.16,1.0895833333333333
-3.1,5,23,12,5,4,0.66,1.45,1.0941666666666667
37.4,2,0,13,5,5,1.56,0.76,1.0733333333333333
22.5,5,2,13,5,5,0.26,1.17,1.06375
30.2,3,2,13,5,5,0.94,0.21,1.125
20.1,4,3,13,5,5,1.68,1.03,1.1125
12.3,2,3,13,5,5,0.73,0.8,1.1116666666666666
6.0,1,3,13,5,5,0.78,0.9,1.0866666666666667
29.9,2,4,13,5,5,0.3,1.65,1.06875
21.6,4,6,13,5,5,1.22,0.51,1.0991666666666666
22.6,5,7,13,5,5,1.24,0.26,1.1208333333333333
31.7,3,7,13,5,5,0.78,0.78,1.1366666666666667
29.6,3,8,13,5,5,1.16,1.91,1.0999999999999999
11.0,3,9,13,5,5,1.03,1.29,1.0604166666666666
23.0,4,9,13,5,5,0.34,1.19,1.0645833333333334
21.2,3,11,13,5,5,1.29,1.56,1.0091666666666668
1.2,5,11,13,5,5,0.23,1.16,0.9695833333333334
28.4,4,11,13,5,5,0.21,1.64,0.9391666666666666
30.2,2,11,13,5,5,0.91,1.31,0.9266666666666667
-9.0,3,11,13,5,5,1.01,1.47,0.88125
21.3,2,11,13,5,5,0.38,1.46,0.8608333333333333
6.5,4,12,13,5,5,0.97,1.15,0.8724999999999999
28.0,2,13,13,5,5,1.43,0.61,0.9275000000000001
38.3,5,14,13,5,5,1.93,1.22,0.9283333333333333
4.6,5,16,13,5,5,1.24,0.66,0.9241666666666667
17.7,3,17,13,5,5,0.56,1.56,0.9312499999999999
10.1,4,18,13,5,5,1.73,0.26,0.95125
14.0,2,19,13,5,5,0.74,0.94,0.9404166666666667
25.5,2,19,13,5,5,0.68,1.68,0.9279166666666666
-8.6,2,19,13,5,5,1.38,0.73,0.9341666666666666
19.1,5,21,13,5,5,0.88,0.78,0.9275000000000001
30.0,4,21,13,5,5,0.62,0.3,0.9829166666666667
6.5,4,22,13,5,5,1.63,1.22,0.9612499999999998
18.9,4,22,13,5,5,0.7,1.24,0.95375
4.6,2,23,13,5,5,1.06,0.78,0.9970833333333333
37.0,5,0,14,5,6,1.82,1.16,1.0066666666666666
7.0,5,1,14,5,6,1.39,1.03,1.0175
18.9,5,2,14,5,6,1.29,0.34,1.0770833333333334
32.4,2,2,14,5,6,1.77,1.29,1.0629166666666665
30.5,3,3,14,5,6,0.95,0.23,1.1341666666666665
-5.3,5,3,14,5,6,1.94,0.21,1.135
25.7,3,3,14,5,6,0.23,0.91,1.1325
14.0,4,6,14,5,6,0.85,1.01,1.1595833333333332
26.0,1,7,14,5,6,1.66,0.38,1.1558333333333333
39.6,1,8,14,5,6,0.29,0.97,1.17375
36.4,1,8,14,5,6,1.4,1.43,1.1795833333333334
1.9,3,8,14,5,6,1.57,1.93,1.18
34.7,5,8,14,5,6,1.94,1.24,1.1849999999999998
-3.0,3,8,14,5,6,1.36,0.56,1.1983333333333335
34.4,3,9,14,5,6,0.88,1.73,1.1700000000000002
5.2,5,10,14,5,6,1.05,0.74,1.1570833333333332
10.5,3,10,14,5,6,0.43,0.68,1.1545833333333333
-2.5,2,12,14,5,6,0.62,1.38,1.1125
4.4,2,12,14,5,6,0.37,0.88,1.1541666666666666
4.6,2,12,14,5,6,1.88,0.62,1.19875
12.0,5,12,14,5,6,1.69,1.63,1.1529166666666668
24.8,2,14,14,5,6,0.53,0.7,1.1879166666666667
38.0,4,14,14,5,6,1.54,1.06,1.1983333333333333
33.7,1,15,14,5,6,1.31,1.82,1.1895833333333332
20.3,2,17,14,5,6,1.61,1.39,1.1704166666666667
26.9,5,18,14,5,6,0.93,1.29,1.12875
2.9,3,18,14,5,6,0.29,1.77,1.1254166666666665
20.6,4,18,14,5,6,1.69,0.95,1.095
34.0,4,18,14,5,6,0.22,1.94,1.0695833333333333
32.9,2,20,14,5,6,1.33,0.23,1.1175
-2.5,2,21,14,5,6,1.38,0.85,1.1325
3.5,1,1,15,5,0,1.21,1.66,1.0841666666666667
-2.4,3,2,15,5,0,0.5,0.29,1.1225
2.3,3,2,15,5,0,1.21,1.4,1.0745833333333332
25.1,2,2,15,5,0,0.25,1.57,1.0825
-4.7,1,4,15,5,0,1.76,1.94,1.0520833333333333
23.1,3,6,15,5,0,1.21,1.36,1.0316666666666667
6.0,1,7,15,5,0,0.87,0.88,1.0145833333333332
0.3,2,7,15,5,0,0.47,1.05,1.0229166666666665
-5.3,1,8,15,5,0,1.25,0.43,1.0404166666666665
23.8,4,8,15,5,0,0.85,0.62,1.0875000000000001
22.7,4,9,15,5,0,1.75,0.37,1.1520833333333333
37.9,2,11,15,5,0,1.92,1.88,1.1529166666666668
3.1,2,14,15,5,0,1.9,1.69,1.1283333333333332
-9.4,1,15,15,5,0,1.1,0.53,1.1470833333333332
-4.8,1,15,15,5,0,0.98,1.54,1.1520833333333333
35.5,1,16,15,5,0,1.66,1.31,1.1075000000000002
23.2,5,16,15,5,0,0.24,1.61,1.065
1.2,2,16,15,5,0,0.59,0.93,1.1075
10.7,2,17,15,5,0,1.95,0.29,1.1458333333333333
-5.3,5,18,15,5,0,1.21,1.69,1.0845833333333335
23.0,1,19,15,5,0,0.22,0.22,1.1558333333333333
15.6,3,20,15,5,0,1.93,1.33,1.1216666666666668
-5.2,5,21,15,5,0,0.51,1.38,1.0912499999999998
4.0,4,22,15,5,0,0.65,1.21,1.0720833333333333
32.9,2,22,15,5,0,0.75,0.5,1.06
3.4,3,22,15,5,0,0.21,1.21,1.0845833333333335
39.5,4,23,15,5,0,1.8,0.25,1.1183333333333334
24.8,4,0,16,5,1,1.06,1.76,1.0779166666666666
28.4,1,0,16,5,1,0.79,1.21,1.0962500000000002
27.4,5,0,16,5,1,1.65,0.87,1.1345833333333333
36.9,5,1,16,5,1,1.79,0.47,1.1704166666666667
31.2,5,2,16,5,1,1.33,1.25,1.1904166666666667
-0.9,1,2,16,5,1,1.73,0.85,1.1816666666666666
4.7,3,3,16,5,1,0.64,1.75,1.17375
26.4,3,3,16,5,1,1.56,1.92,1.1170833333333332
-0.6,5,4,16,5,1,0.56,1.9,1.0633333333333332
-4.6,5,4,16,5,1,0.61,1.1,1.0841666666666667
35.3,2,5,16,5,1,1.6,0.98,1.0958333333333334
-4.6,3,5,16,5,1,1.26,1.66,1.0445833333333334
-6.5,2,6,16,5,1,0.43,0.24,1.0633333333333332
14.7,4,7,16,5,1,0.69,0.59,1.0504166666666668
25.2,5,7,16,5,1,0.28,1.95,1.0183333333333333
11.4,3,7,16,5,1,1.18,1.21,1.0370833333333334
25.3,3,7,16,5,1,1.66,0.22,1.08
2.1,2,8,16,5,1,1.25,1.93,1.06125
11.4,1,9,16,5,1,1.48,0.51,1.06625
24.9,3,14,16,5,1,0.63,0.65,1.05
28.1,3,15,16,5,1,0.26,0.75,1.06125
-9.8,3,16,16,5,1,1.02,0.21,1.0733333333333333
-4.4,5,20,16,5,1,0.5,1.8,1.05625
-6.7,5,21,16,5,1,1.39,1.06,1.0562500000000001
-7.0,5,21,16,5,1,1.06,0.79,1.0641666666666667
21.5,4,21,16,5,1,0.98,1.65,1.0416666666666667
-7.7,5,21,16,5,1,1.11,1.79,1.0458333333333332
22.1,2,21,16,5,1,1.89,1.33,1.0008333333333332
10.1,5,22,16,5,1,0.25,1.73,0.9587500000000001
-7.5,4,23,16,5,1,0.72,0.64,0.96875
-9.7,1,0,17,5,2,0.88,1.56,0.9729166666666665
9.2,5,1,17,5,2,1.66,0.56,0.9954166666666667
-2.0,2,1,17,5,2,1.1,0.61,1.0445833333333334
-7.8,5,3,17,5,2,1.79,1.6,1.0545833333333332
-3.4,3,5,17,5,2,1.84,1.26,1.0666666666666667
31.5,3,7,17,5,2,1.55,0.43,1.0762500000000002
-3.0,4,7,17,5,2,0.66,0.69,1.0733333333333333
32.7,1,8,17,5,2,0.62,0.28,1.1395833333333332
24.4,1,8,17,5,2,1.87,1.18,1.1333333333333333
37.1,3,9,17,5,2,1.03,1.66,1.0791666666666666
12.4,4,9,17,5,2,0.36,1.25,1.0999999999999999
27.8,3,9,17,5,2,1.75,1.48,1.1120833333333333
0.7,5,13,17,5,2,1.77,0.63,1.1545833333333333
27.0,5,13,17,5,2,1.65,0.26,1.1595833333333334
-6.6,5,15,17,5,2,0.38,1.02,1.1983333333333335
28.7,3,15,17,5,2,1.95,0.5,1.2116666666666667
-6.2,2,16,17,5,2,0.82,1.39,1.1908333333333334
39.0,2,18,17,5,2,0.89,1.06,1.2225
17.6,5,18,17,5,2,1.82,0.98,1.2483333333333333
9.8,3,21,17,5,2,1.6,1.11,1.2491666666666668
28.0,4,21,17,5,2,1.13,1.89,1.1825
27.4,3,21,17,5,2,0.29,0.25,1.1958333333333335
-2.9,2,23,17,5,2,0.57,0.72,1.2183333333333333
31.8,4,0,18,5,3,1.26,0.88,1.2391666666666667
8.2,5,2,18,5,3,1.38,1.66,1.20125
-6.0,5,2,18,5,3,0.75,1.1,1.1679166666666665
33.7,3,3,18,5,3,0.3,1.79,1.1458333333333333
30.2,2,3,18,5,3,1.26,1.84,1.1091666666666666
25.7,1,3,18,5,3,0.96,1.55,1.065
18.5,3,4,18,5,3,0.49,0.66,1.11625
19.1,3,6,18,5,3,1.89,0.62,1.14875
11.9,3,6,18,5,3,1.4,1.87,1.1508333333333334
35.6,4,8,18,5,3,1.92,1.03,1.1395833333333332
34.2,3,9,18,5,3,0.76,0.36,1.1541666666666666
10.1,5,10,18,5,3,0.71,1.75,1.11875
-1.4,1,10,18,5,3,0.9,1.77,1.1229166666666666
23.5,4,11,18,5,3,1.87,1.65,1.075
7.4,1,11,18,5,3,0.5,0.38,1.0870833333333334
9.4,1,12,18,5,3,0.67,1.95,1.02
22.0,3,16,18,5,3,0.34,0.82,0.9983333333333334
33.3,5,18,18,5,3,0.3,0.89,1.04375
17.8,4,18,18,5,3,1.98,1.82,0.995
29.9,3,19,18,5,3,0.65,1.6,1.0045833333333334
-7.1,5,20,18,5,3,1.83,1.13,1.01875
16.4,1,21,18,5,3,1.47,0.29,1.0470833333333334
3.5,3,22,18,5,3,0.97,0.57,1.07375
9.4,1,22,18,5,3,1.21,1.26,1.1029166666666665
27.1,1,23,18,5,3,1.96,1.38,1.0966666666666665
24.0,2,0,19,5,4,1.23,0.75,1.0795833333333333
2.4,4,2,19,5,4,0.34,0.3,1.0966666666666667
24.4,1,2,19,5,4,0.71,1.26,1.12375
32.4,3,2,19,5,4,1.91,0.96,1.1470833333333332
20.9,5,3,19,5,4,1.52,0.49,1.1925000000000001
23.1,1,4,19,5,4,1.58,1.89,1.1508333333333334
30.9,4,5,19,5,4,0.89,1.4,1.14625
31.2,4,5,19,5,4,1.29,1.92,1.1016666666666666
13.5,3,7,19,5,4,0.85,0.76,1.14625
37.3,5,7,19,5,4,1.83,0.71,1.1795833333333334
15.0,1,7,19,5,4,1.51,0.9,1.2
18.5,1,8,19,5,4,1.39,1.87,1.1375
36.1,1,8,19,5,4,0.37,0.5,1.1929166666666668
-4.9,2,8,19,5,4,1.83,0.67,1.1795833333333332
-5.8,1,8,19,5,4,0.35,0.34,1.2104166666666667
33.9,3,9,19,5,4,1.08,0.3,1.2491666666666668
31.4,1,9,19,5,4,1.23,1.98,1.2183333333333333
7.8,3,10,19,5,4,1.24,0.65,1.2104166666666667
-5.3,1,10,19,5,4,0.46,1.83,1.1766666666666667
-3.2,1,10,19,5,4,1.02,1.47,1.1545833333333333
1.0,5,11,19,5,4,0.94,0.97,1.1483333333333332
7.8,4,11,19,5,4,0.82,1.21,1.1483333333333332
36.7,2,11,19,5,4,1.21,1.96,1.0941666666666667
30.9,2,12,19,5,4,0.66,1.23,1.0820833333333335
-3.1,2,13,19,5,4,0.94,0.34,1.11
19.7,2,13,19,5,4,1.01,0.71,1.1320833333333333
35.5,2,13,19,5,4,1.24,1.91,1.0991666666666668
15.2,3,15,19,5,4,1.12,1.52,1.0791666666666668
21.0,5,17,19,5,4,1.04,1.58,1.05375
2.9,2,17,19,5,4,0.97,0.89,1.0383333333333333
35.2,3,18,19,5,4,0.52,1.29,1.06
7.0,1,18,19,5,4,1.81,0.85,1.06125
-5.4,2,19,19,5,4,0.88,1.83,1.0483333333333333
26.8,2,21,19,5,4,1.52,1.51,1.0554166666666667
34.8,2,22,19,5,4,1.68,1.39,1.02125
19.1,2,23,19,5,4,0.57,0.37,1.0533333333333335
24.7,2,1,20,5,5,1.14,1.83,1.0520833333333333
31.7,4,2,20,5,5,1.8,0.35,1.0783333333333334
23.1,3,3,20,5,5,0.98,1.08,1.0758333333333334
5.4,4,3,20,5,5,1.02,1.23,1.0899999999999999
5.6,1,4,20,5,5,1.57,1.24,1.0683333333333334
7.6,1,4,20,5,5,0.72,0.46,1.0820833333333333
36.8,4,5,20,5,5,0.79,1.02,1.0970833333333332
33.5,5,6,20,5,5,1.38,0.94,1.1229166666666666
-1.4,2,6,20,5,5,1.56,0.82,1.1595833333333334
0.2,5,7,20,5,5,1.7,1.21,1.125
16.7,4,9,20,5,5,0.38,0.66,1.1604166666666667
28.0,3,10,20,5,5,1.51,0.94,1.1691666666666667
28.2,2,11,20,5,5,1.15,1.01,1.1841666666666668
7.6,2,11,20,5,5,1.37,1.24,1.175
-3.4,5,12,20,5,5,1.02,1.12,1.1579166666666667
28.6,1,12,20,5,5,0.71,1.04,1.1916666666666667
-0.0,3,14,20,5,5,1.85,0.97,1.1945833333333333
-2.8,4,14,20,5,5,1.04,0.52,1.2554166666666668
5.7,2,14,20,5,5,1.98,1.81,1.2595833333333333
29.3,3,15,20,5,5,1.91,0.88,1.235
20.1,4,15,20,5,5,0.29,1.52,1.2191666666666665
13.6,2,16,20,5,5,1.14,1.68,1.165
9.3,3,16,20,5,5,0.38,0.57,1.2054166666666666
37.3,5,16,20,5,5,1.54,1.14,1.20625
8.8,3,16,20,5,5,1.16,1.8,1.1870833333333333
-5.7,1,18,20,5,5,1.34,0.98,1.2025000000000001
30.1,1,19,20,5,5,1.35,1.02,1.21
27.7,2,20,20,5,5,1.2,1.57,1.1829166666666666
24.1,5,20,20,5,5,0.92,0.72,1.22125
32.7,1,20,20,5,5,1.64,0.79,1.2691666666666668
35.7,1,21,20,5,5,1.94,1.38,1.2870833333333334
4.0,3,23,20,5,5,1.81,1.56,1.2395833333333333
12.2,5,2,21,5,6,0.42,1.7,1.2345833333333334
-7.3,3,2,21,5,6,1.58,0.38,1.2591666666666665
28.1,4,3,21,5,6,0.97,1.51,1.23
12.9,3,5,21,5,6,0.81,1.15,1.2079166666666667
19.6,3,9,21,5,6,0.62,1.37,1.2029166666666666
29.3,1,9,21,5,6,1.25,1.02,1.2208333333333334
2.5,4,11,21,5,6,1.45,0.71,1.2520833333333332
30.4,5,11,21,5,6,1.46,1.85,1.2458333333333333
31.6,4,14,21,5,6,1.7,1.04,1.2433333333333332
16.3,1,14,21,5,6,0.98,1.98,1.2045833333333333
13.7,4,15,21,5,6,1.05,1.91,1.1933333333333334
37.1,2,16,21,5,6,1.64,0.29,1.2641666666666667
9.6,2,16,21,5,6,1.99,1.14,1.27625
11.8,1,17,21,5,6,1.43,0.38,1.3204166666666666
29.7,3,17,21,5,6,1.44,1.54,1.30375
27.5,3,18,21,5,6,1.14,1.16,1.31125
15.5,2,18,21,5,6,1.34,1.34,1.2841666666666667
38.8,1,19,21,5,6,0.69,1.35,1.2816666666666665
4.8,1,19,21,5,6,1.29,1.2,1.3016666666666665
26.5,4,20,21,5,6,1.68,0.92,1.2995833333333333
31.6,5,21,21,5,6,0.87,1.64,1.24875
22.0,4,22,21,5,6,0.42,1.94,1.2329166666666667
0.5,5,22,21,5,6,1.56,1.81,1.2308333333333332
33.9,1,23,21,5,6,1.76,0.42,1.2904166666666665
33.9,1,23,21,5,6,1.85,1.58,1.2470833333333333
13.4,1,23,21,5,6,0.54,0.97,1.2520833333333334
-6.2,4,1,22,5,0,1.09,0.81,1.2625
5.0,3,1,22,5,0,1.06,0.62,1.2895833333333333
27.2,1,2,22,5,0,1.27,1.25,1.30125
12.0,3,3,22,5,0,1.53,1.45,1.2899999999999998
-7.9,2,3,22,5,0,1.18,1.46,1.2695833333333335
23.5,3,5,22,5,0,0.97,1.7,1.2145833333333333
21.3,2,5,22,5,0,0.38,0.98,1.215
16.5,3,7,22,5,0,0.99,1.05,1.2445833333333334
2.3,5,8,22,5,0,1.76,1.64,1.2025
-4.4,2,8,22,5,0,0.63,1.99,1.1308333333333331
18.8,3,10,22,5,0,0.27,1.43,1.0920833333333333
-7.9,5,10,22,5,0,0.5,1.44,1.1108333333333333
-6.7,1,10,22,5,0,1.89,1.14,1.115
-5.5,1,12,22,5,0,1.24,1.34,1.1379166666666667
39.0,3,13,22,5,0,1.89,0.69,1.15
6.9,1,15,22,5,0,0.98,1.29,1.1220833333333333
1.5,4,17,22,5,0,0.62,1.68,1.0629166666666667
15.8,1,17,22,5,0,0.26,0.87,1.0995833333333334
15.7,1,19,22,5,0,1.75,0.42,1.1570833333333332
16.1,5,19,22,5,0,1.8,1.56,1.1608333333333334
5.2,2,20,22,5,0,1.65,1.76,1.1704166666666667
-8.7,2,20,22,5,0,1.99,1.85,1.1404166666666666
24.3,2,22,22,5,0,1.13,0.54,1.1583333333333334
21.0,1,23,22,5,0,0.97,1.09,1.1654166666666665
34.8,3,1,23,5,1,1.26,1.06,1.1937499999999999
0.4,2,1,23,5,1,1.74,1.27,1.1783333333333332
24.2,4,2,23,5,1,0.9,1.53,1.1916666666666667
13.9,1,3,23,5,1,1.85,1.18,1.1608333333333334
33.0,3,5,23,5,1,0.44,0.97,1.1383333333333334
10.7,3,5,23,5,1,0.43,0.38,1.1612500000000001
-7.5,2,5,23,5,1,0.93,0.99,1.1858333333333333
13.9,2,7,23,5,1,1.58,1.76,1.1216666666666668
12.3,2,7,23,5,1,0.22,0.63,1.1495833333333334
17.6,1,8,23,5,1,1.3,0.27,1.1933333333333334
25.5,2,9,23,5,1,1.32,0.5,1.2191666666666667
0.8,5,9,23,5,1,1.12,1.89,1.15375
32.7,4,10,23,5,1,0.32,1.24,1.1366666666666665
18.0,5,12,23,5,1,0.83,1.89,1.1025
-6.3,3,17,23,5,1,1.07,0.98,1.075
3.5,1,19,23,5,1,0.32,0.62,1.12625
13.4,1,20,23,5,1,1.85,0.26,1.18
11.1,5,21,23,5,1,1.55,1.75,1.1820833333333332
18.3,1,21,23,5,1,1.8,1.8,1.1475000000000002
7.4,4,21,23,5,1,0.97,1.65,1.1500000000000001
13.9,2,22,23,5,1,1.71,1.99,1.1479166666666667
11.1,4,23,23,5,1,1.94,1.13,1.14375
1.3,2,1,24,5,2,1.03,0.97,1.1254166666666667
27.2,2,2,24,5,2,0.53,1.26,1.115
26.6,4,4,24,5,2,1.01,1.74,1.0616666666666668
37.3,4,6,24,5,2,0.46,0.9,1.1066666666666667
29.0,1,6,24,5,2,1.98,1.85,1.0795833333333333
39.1,5,6,24,5,2,1.2,0.44,1.0854166666666665
8.1,3,7,24,5,2,0.58,0.43,1.1495833333333334
18.3,2,7,24,5,2,1.97,0.93,1.1441666666666668
-4.2,1,8,24,5,2,0.8,1.58,1.1404166666666666
5.2,2,9,24,5,2,1.49,0.22,1.195
-7.8,4,10,24,5,2,1.53,1.3,1.1783333333333335
35.6,4,11,24,5,2,0.9,1.32,1.1475000000000002
6.0,3,13,24,5,2,0.58,1.12,1.1258333333333332
-3.0,3,13,24,5,2,0.6,0.32,1.1620833333333334
14.0,1,15,24,5,2,1.19,0.83,1.1875
0.6,4,17,24,5,2,1.44,1.07,1.1966666666666668
28.6,5,17,24,5,2,1.29,0.32,1.2320833333333334
15.1,2,19,24,5,2,1.17,1.85,1.2008333333333334
24.7,3,19,24,5,2,1.1,1.55,1.1591666666666667
-6.1,4,20,24,5,2,0.55,1.8,1.1479166666666667
17.2,4,20,24,5,2,1.53,0.97,1.18
18.3,2,21,24,5,2,1.74,1.71,1.1591666666666665
-1.1,5,23,24,5,2,1.21,1.94,1.1483333333333334
-9.2,5,1,25,5,3,1.68,1.03,1.1783333333333335
21.4,4,1,25,5,3,1.75,0.53,1.1833333333333333
37.3,1,2,25,5,3,0.65,1.01,1.2075
29.3,3,3,25,5,3,1.59,0.46,1.2383333333333333
23.6,3,3,25,5,3,1.2,1.98,1.2329166666666667
29.9,5,3,25,5,3,1.85,1.2,1.2025
4.7,5,4,25,5,3,0.47,0.58,1.1933333333333334
18.5,2,4,25,5,3,0.36,1.97,1.1316666666666666
0.9,5,4,25,5,3,0.49,0.8,1.1379166666666667
4.3,4,5,25,5,3,0.95,1.49,1.1045833333333335
11.2,2,5,25,5,3,0.69,1.53,1.1241666666666665
6.5,3,5,25,5,3,2.0,0.9,1.1695833333333334
27.0,4,6,25,5,3,1.99,0.58,1.1925
14.8,2,7,25,5,3,1.13,0.6,1.24875
17.2,1,8,25,5,3,1.95,1.19,1.2375
31.3,2,8,25,5,3,0.92,1.44,1.2216666666666667
13.9,2,9,25,5,3,1.06,1.29,1.2425
21.0,1,9,25,5,3,1.79,1.17,1.2491666666666668
32.0,1,10,25,5,3,1.33,1.1,1.22125
-10.0,3,11,25,5,3,0.43,0.55,1.2783333333333333
10.2,5,11,25,5,3,1.92,1.53,1.2966666666666666
3.0,1,12,25,5,3,1.97,1.74,1.2933333333333332
14.2,2,15,25,5,3,1.66,1.21,1.2558333333333334
-0.3,4,20,25,5,3,0.31,1.68,1.2504166666666667
33.7,1,20,25,5,3,1.55,1.75,1.2249999999999999
34.1,2,20,25,5,3,1.14,0.65,1.2674999999999998
8.1,1,21,25,5,3,1.67,1.59,1.2241666666666666
9.6,4,21,25,5,3,0.55,1.2,1.2249999999999999
20.4,2,21,25,5,3,1.22,1.85,1.2229166666666667
3.0,4,22,25,5,3,1.8,0.47,1.2404166666666667
36.7,4,22,25,5,3,0.89,0.36,1.2820833333333332
26.2,3,0,26,5,4,1.36,0.49,1.3012499999999998
-2.4,3,0,26,5,4,0.95,0.95,1.3383333333333332
14.2,5,1,26,5,4,1.84,0.69,1.3695833333333332
4.9,5,2,26,5,4,1.44,2.0,1.3291666666666666
18.4,2,3,26,5,4,1.03,1.99,1.3074999999999999
30.4,4,6,26,5,4,1.47,1.13,1.2933333333333332
-8.4,4,7,26,5,4,0.79,1.95,1.2862500000000001
1.9,4,7,26,5,4,1.78,0.92,1.3279166666666666
-0.8,1,7,26,5,4,1.92,1.06,1.3570833333333334
28.9,4,8,26,5,4,1.76,1.79,1.3175000000000001
15.9,1,8,26,5,4,0.84,1.33,1.2762499999999999
4.3,4,8,26,5,4,0.34,0.43,1.3187499999999999
9.6,5,8,26,5,4,1.45,1.92,1.2833333333333332
11.4,1,9,26,5,4,1.07,1.97,1.2108333333333332
27.8,5,11,26,5,4,0.23,1.66,1.1629166666666666
5.5,1,11,26,5,4,0.51,0.31,1.1758333333333333
-9.4,4,12,26,5,4,0.62,1.55,1.1641666666666668
10.3,1,14,26,5,4,1.27,1.14,1.1675
11.9,1,15,26,5,4,1.22,1.67,1.11125
-0.0,3,15,26,5,4,0.32,0.55,1.1075000000000002
13.3,4,16,26,5,4,0.46,1.22,1.1308333333333334
15.9,3,16,26,5,4,1.78,1.8,1.1141666666666667
33.9,1,17,26,5,4,1.4,0.89,1.0887499999999999
-7.2,5,18,26,5,4,0.28,1.36,1.06
-2.2,5,18,26,5,4,0.67,0.95,1.0670833333333334
18.5,1,18,26,5,4,1.12,1.84,1.0416666666666667
26.7,1,19,26,5,4,1.23,1.44,1.0562500000000001
19.9,5,20,26,5,4,1.79,1.03,1.04125
14.4,3,23,26,5,4,0.67,1.47,1.02
26.5,4,23,26,5,4,0.96,0.79,1.02625
28.3,4,0,27,5,5,0.94,1.78,1.00125
27.2,4,0,27,5,5,1.18,1.92,0.9779166666666667
21.4,1,4,27,5,5,1.36,1.76,0.9750000000000001
14.3,4,4,27,5,5,1.69,0.84,0.9750000000000001
28.9,1,4,27,5,5,0.84,0.34,0.98375
26.4,1,6,27,5,5,0.55,1.45,0.9395833333333333
-0.6,1,6,27,5,5,0.39,1.07,0.9775
-7.3,1,7,27,5,5,1.98,0.23,0.98375
1.9,3,7,27,5,5,0.38,0.51,1.0383333333333333
-0.6,5,8,27,5,5,1.82,0.62,1.0583333333333333
13.6,3,8,27,5,5,1.1,1.27,1.0516666666666665
37.6,5,10,27,5,5,1.11,1.22,1.0175
23.1,3,10,27,5,5,0.4,0.32,1.0741666666666667
35.2,1,12,27,5,5,1.68,0.46,1.0770833333333332
2.1,4,13,27,5,5,0.53,1.78,1.0120833333333334
-8.1,3,15,27,5,5,0.22,1.4,1.0262499999999999
22.7,2,15,27,5,5,1.74,0.28,1.0416666666666667
10.4,1,18,27,5,5,0.65,0.67,1.0395833333333333
-6.3,2,19,27,5,5,0.62,1.12,1.065
37.1,3,20,27,5,5,1.73,1.23,1.065
-3.0,3,20,27,5,5,1.23,1.79,1.0279166666666666
0.2,1,21,27,5,5,0.9,0.67,1.0233333333333334
-1.3,1,21,27,5,5,0.56,0.96,1.0479166666666666
12.8,5,21,27,5,5,1.55,0.94,1.0599999999999998
29.6,5,21,27,5,5,1.23,1.18,1.0262499999999999
29.2,3,22,27,5,5,0.37,1.36,0.9966666666666667
19.9,4,23,27,5,5,0.65,1.69,0.9987499999999999
2.2,5,0,28,5,6,1.74,0.84,0.9816666666666666
3.9,3,0,28,5,6,0.43,0.55,1.00875
32.7,2,0,28,5,6,1.2,0.39,1.0216666666666667
15.5,1,2,28,5,6,0.7,1.98,0.9900000000000001
4.3,4,3,28,5,6,1.22,0.38,1.0308333333333335
13.8,5,4,28,5,6,1.36,1.82,0.9754166666666667
-1.1,3,5,28,5,6,0.49,1.1,1.0
-4.7,5,5,28,5,6,1.69,1.11,0.9845833333333333
6.0,1,5,28,5,6,0.74,0.4,1.0258333333333332
16.7,5,6,28,5,6,1.39,1.68,0.9899999999999999
10.4,3,6,28,5,6,0.82,0.53,1.04
8.0,1,6,28,5,6,1.73,0.22,1.0541666666666665
-1.1,3,6,28,5,6,0.56,1.74,1.03375
0.5,4,6,28,5,6,1.25,0.65,1.0616666666666668
16.6,3,6,28,5,6,1.32,0.62,1.0562500000000001
-0.7,2,7,28,5,6,0.49,1.73,1.04625
-1.2,1,8,28,5,6,1.49,1.23,1.07125
14.1,2,8,28,5,6,1.83,0.9,1.095
12.8,4,8,28,5,6,1.47,0.56,1.0891666666666666
36.0,3,8,28,5,6,0.42,1.55,1.04875
36.2,3,9,28,5,6,0.58,1.23,1.0641666666666667
1.9,4,15,28,5,6,1.6,0.37,1.1083333333333334
-4.0,2,16,28,5,6,1.43,0.65,1.10125
-3.2,1,16,28,5,6,0.48,1.74,1.0641666666666667
-7.5,3,16,28,5,6,0.85,0.43,1.11125
24.9,5,17,28,5,6,1.56,1.2,1.09375
-1.2,4,18,28,5,6,0.78,0.7,1.14125
-5.9,3,20,28,5,6,1.84,1.22,1.1483333333333332
35.0,1,20,28,5,6,1.39,1.36,1.1379166666666667
5.4,4,21,28,5,6,1.11,0.49,1.1758333333333335
-0.9,1,21,28,5,6,1.4,1.69,1.1383333333333334
24.3,3,21,28,5,6,0.79,0.74,1.12625
15.7,2,21,28,5,6,0.45,1.39,1.1383333333333334
-6.4,3,22,28,5,6,1.68,0.82,1.1304166666666666
38.1,4,22,28,5,6,0.63,1.73,1.1366666666666667
19.5,5,23,28,5,6,1.88,0.56,1.1420833333333333
14.6,1,1,29,5,0,0.69,1.25,1.1416666666666668
13.0,4,2,29,5,0,1.24,1.32,1.15375
28.1,3,2,29,5,0,1.61,0.49,1.1725
11.1,1,2,29,5,0,0.94,1.49,1.1512499999999999
5.7,4,2,29,5,0,0.98,1.83,1.0895833333333333
35.0,3,6,29,5,0,0.35,1.47,1.1112499999999998
30.9,5,6,29,5,0,1.99,0.42,1.1491666666666667
-8.0,4,8,29,5,0,1.33,0.58,1.1408333333333334
-8.5,2,8,29,5,0,0.38,1.6,1.0912499999999998
-6.7,3,8,29,5,0,0.41,1.43,1.0641666666666667
11.1,5,9,29,5,0,0.78,0.48,1.1141666666666665
-9.2,2,10,29,5,0,1.68,0.85,1.0916666666666666
13.0,1,10,29,5,0,0.31,1.56,1.1050000000000002
29.1,1,11,29,5,0,1.88,0.78,1.1270833333333334
34.6,3,12,29,5,0,1.31,1.84,1.0883333333333334
0.7,3,14,29,5,0,0.91,1.39,1.0895833333333333
35.2,4,16,29,5,0,1.42,1.11,1.12375
16.0,2,16,29,5,0,1.93,1.4,1.0954166666666667
-2.1,5,16,29,5,0,0.72,0.79,1.0758333333333334
12.0,5,17,29,5,0,0.32,0.45,1.0975
39.2,5,17,29,5,0,0.97,1.68,1.0491666666666666
1.2,1,18,29,5,0,0.52,0.63,1.0695833333333333
27.7,3,18,29,5,0,1.12,1.88,1.0366666666666666
1.8,1,19,29,5,0,1.09,0.69,1.04
22.4,2,20,29,5,0,0.77,1.24,1.0525
31.3,3,20,29,5,0,1.54,1.61,1.0316666666666665
20.9,4,23,29,5,0,1.11,0.94,1.03875
0.5,5,0,30,5,1,1.11,0.98,1.0141666666666669
32.1,3,2,30,5,1,0.39,0.35,1.04
18.8,2,2,30,5,1,0.97,1.99,1.01
29.2,1,2,30,5,1,1.27,1.33,0.9804166666666667
15.0,5,4,30,5,1,0.62,0.38,1.0016666666666667
-6.9,4,4,30,5,1,0.89,0.41,1.0095833333333333
25.7,5,5,30,5,1,0.6,0.78,1.0325
38.5,5,6,30,5,1,1.33,1.68,1.02
17.7,3,6,30,5,1,1.38,0.31,1.0325
10.5,2,6,30,5,1,0.61,1.88,1.0183333333333333
29.7,5,7,30,5,1,1.54,1.31,0.9720833333333333
30.2,2,7,30,5,1,0.2,0.91,1.00875
18.9,2,8,30,5,1,1.79,1.42,1.0083333333333335
7.3,3,9,30,5,1,1.41,1.93,0.9437500000000001
20.2,4,10,30,5,1,0.38,0.72,0.9658333333333333
26.8,4,10,30,5,1,1.25,0.32,0.9812499999999998
36.0,1,10,30,5,1,0.69,0.97,0.9495833333333333
23.0,3,11,30,5,1,0.21,0.52,0.9674999999999999
25.1,5,11,30,5,1,0.95,1.12,0.9904166666666666
33.7,2,11,30,5,1,1.67,1.09,1.0104166666666667
29.4,4,12,30,5,1,1.57,0.77,1.0466666666666666
39.7,3,13,30,5,1,1.64,1.54,1.0658333333333334
0.6,3,13,30,5,1,2.0,1.11,1.0933333333333333
-7.1,1,14,30,5,1,1.77,1.11,1.1104166666666666
32.9,5,14,30,5,1,1.52,0.39,1.1320833333333333
-4.8,3,14,30,5,1,0.91,0.97,1.1183333333333334
10.5,1,15,30,5,1,0.64,1.27,1.0975
0.0,4,15,30,5,1,0.77,0.62,1.1041666666666667
16.9,4,15,30,5,1,0.78,0.89,1.11875
19.0,3,15,30,5,1,1.24,0.6,1.1675
22.3,5,16,30,5,1,1.77,1.33,1.1395833333333332
10.9,5,16,30,5,1,0.66,1.38,1.1004166666666666
37.9,1,18,30,5,1,0.44,0.61,1.1441666666666668
31.0,2,20,30,5,1,1.66,1.54,1.1391666666666667
37.0,1,20,30,5,1,1.42,0.2,1.1983333333333335
39.0,5,20,30,5,1,1.62,1.79,1.1624999999999999
-9.8,3,21,30,5,1,0.93,1.41,1.1616666666666666
30.4,1,22,30,5,1,1.39,0.38,1.1975
21.2,1,23,30,5,1,1.24,1.25,1.1754166666666668
32.3,2,1,31,5,2,0.72,0.69,1.1870833333333335
3.6,5,1,31,5,2,0.97,0.21,1.19875
-0.9,1,5,31,5,2,0.49,0.95,1.1754166666666668
6.7,2,6,31,5,2,0.39,1.67,1.1741666666666666
30.1,4,7,31,5,2,1.64,1.57,1.1741666666666666
7.6,2,7,31,5,2,1.57,1.64,1.1458333333333333
12.7,4,8,31,5,2,0.96,2.0,1.1158333333333332
22.9,4,8,31,5,2,1.28,1.77,1.0654166666666667
-4.8,3,9,31,5,2,0.56,1.52,1.07375
-9.6,1,9,31,5,2,1.72,0.91,1.1129166666666668
13.1,2,10,31,5,2,1.85,0.64,1.10625
-3.8,3,11,31,5,2,0.48,0.77,1.1466666666666667
7.4,5,11,31,5,2,1.74,0.78,1.1370833333333332
21.2,3,12,31,5,2,0.55,1.24,1.1475
-3.0,2,13,31,5,2,1.49,1.77,1.1104166666666668
6.9,4,14,31,5,2,0.88,0.66,1.1458333333333333
13.5,5,14,31,5,2,1.51,0.44,1.1379166666666667
-4.8,2,15,31,5,2,0.25,1.66,1.1291666666666667
3.2,5,18,31,5,2,1.45,1.42,1.0858333333333334
7.8,1,18,31,5,2,0.38,1.62,1.0333333333333334
28.3,5,20,31,5,2,0.36,0.93,1.0179166666666666
-1.6,2,21,31,5,2,0.56,1.39,0.9716666666666667
22.3,4,21,31,5,2,0.28,1.24,1.0029166666666667
-6.7,2,22,31,5,2,1.99,0.72,1.015
33.2,3,0,1,6,3,1.01,0.97,1.0345833333333332
-1.6,3,1,1,6,3,1.44,0.49,1.055
36.0,5,1,1,6,3,0.98,0.39,1.1170833333333334
18.2,2,1,1,6,3,1.88,1.64,1.1091666666666666
20.4,4,2,1,6,3,1.45,1.57,1.09125
32.7,4,3,1,6,3,1.14,0.96,1.0695833333333333
4.9,5,4,1,6,3,0.44,1.28,1.0625
34.2,3,4,1,6,3,1.11,0.56,1.05875
-0.8,3,5,1,6,3,0.47,1.72,1.0679166666666666
38.6,5,6,1,6,3,1.94,1.85,1.01
-9.0,1,7,1,6,3,0.46,0.48,1.0041666666666667
-0.8,2,7,1,6,3,0.34,1.74,0.9683333333333333
36.4,4,8,1,6,3,0.88,0.55,0.9691666666666666
21.6,5,8,1,6,3,0.57,1.49,0.9870833333333334
0.0,3,9,1,6,3,1.92,0.88,0.9783333333333332
32.5,3,10,1,6,3,0.67,1.51,0.9441666666666667
8.1,2,10,1,6,3,0.69,0.25,1.0070833333333333
35.9,1,10,1,6,3,1.76,1.45,0.9716666666666667
17.0,1,10,1,6,3,0.6,0.38,1.0325
-1.5,3,10,1,6,3,1.84,0.36,1.0704166666666666
9.8,3,11,1,6,3,1.27,0.56,1.1008333333333333
14.4,1,11,1,6,3,1.29,0.28,1.0991666666666666
15.5,1,12,1,6,3,0.24,1.99,1.0945833333333332
25.6,3,13,1,6,3,1.88,1.01,1.065
35.4,3,16,1,6,3,0.3,1.44,1.0370833333333334
1.6,1,16,1,6,3,0.77,0.98,1.0729166666666667
-4.8,4,18,1,6,3,1.84,1.88,1.0741666666666665
31.2,2,18,1,6,3,1.91,1.45,1.02375
24.9,4,19,1,6,3,0.24,1.14,1.0545833333333332
6.5,2,19,1,6,3,1.88,0.44,1.0525
22.3,2,19,1,6,3,0.39,1.11,1.0420833333333335
1.8,1,19,1,6,3,0.86,0.47,1.0554166666666667
16.3,5,20,1,6,3,0.79,1.94,1.0520833333333333
5.3,1,20,1,6,3,1.86,0.46,1.0870833333333334
12.2,3,20,1,6,3,1.3,0.34,1.1283333333333334
10.9,2,21,1,6,3,1.33,0.88,1.1008333333333333
7.4,1,21,1,6,3,0.22,0.57,1.1404166666666666
-3.5,4,21,1,6,3,1.52,1.92,1.1020833333333333
11.5,2,22,1,6,3,1.0,0.67,1.115
10.5,4,22,1,6,3,0.98,0.69,1.1291666666666667
4.2,1,0,2,6,4,1.03,1.76,1.0883333333333334
11.1,1,1,2,6,4,0.78,0.6,1.0791666666666668
-5.2,5,1,2,6,4,0.38,1.84,1.0533333333333335
4.5,3,2,2,6,4,1.22,1.27,1.0675000000000001
2.8,1,6,2,6,4,1.61,1.29,1.0687499999999999
32.7,5,6,2,6,4,1.32,0.24,1.0825
12.3,4,7,2,6,4,0.57,1.88,1.0716666666666668
-0.9,5,8,2,6,4,1.62,0.3,1.1387500000000002
-7.9,5,8,2,6,4,1.91,0.77,1.1820833333333334
36.6,4,8,2,6,4,1.81,1.84,1.17125
2.3,1,8,2,6,4,1.58,1.91,1.155
-3.9,3,9,2,6,4,1.52,0.24,1.1875
-3.2,3,10,2,6,4,1.02,1.88,1.15875
18.3,2,10,2,6,4,1.19,0.39,1.1554166666666668
35.8,2,10,2,6,4,0.31,0.86,1.1441666666666668
17.8,1,11,2,6,4,0.59,0.79,1.1391666666666667
21.7,3,12,2,6,4,0.67,1.86,1.1045833333333335
-8.5,1,13,2,6,4,1.03,1.3,1.1245833333333335
3.9,4,14,2,6,4,1.78,1.33,1.1166666666666665
2.8,2,14,2,6,4,1.14,0.22,1.1804166666666667
22.8,3,15,2,6,4,1.75,1.52,1.1320833333333333
8.5,1,15,2,6,4,0.36,1.0,1.1508333333333334
39.7,3,17,2,6,4,1.45,0.98,1.1608333333333334
22.8,3,17,2,6,4,1.22,1.03,1.1737499999999998
27.9,1,17,2,6,4,1.34,0.78,1.1945833333333333
33.3,4,17,2,6,4,1.28,0.38,1.2520833333333332
33.7,4,19,2,6,4,1.76,1.22,1.2658333333333334
36.2,3,19,2,6,4,1.55,1.61,1.2216666666666667
-3.4,1,20,2,6,4,0.55,1.32,1.2404166666666667
14.2,2,20,2,6,4,1.77,0.57,1.2858333333333334
29.0,1,22,2,6,4,1.66,1.62,1.2366666666666666
17.7,3,22,2,6,4,0.44,1.91,1.1745833333333333
-4.1,1,22,2,6,4,0.42,1.81,1.1695833333333334
30.1,3,23,2,6,4,1.69,1.58,1.12875
25.6,4,23,2,6,4,0.6,1.52,1.0875
33.5,3,0,3,6,5,0.53,1.02,1.0558333333333334
21.8,5,0,3,6,5,0.26,1.19,1.0175
21.7,3,0,3,6,5,0.27,0.31,1.0554166666666667
22.5,5,0,3,6,5,1.22,0.59,1.0870833333333334
31.1,3,1,3,6,5,1.35,0.67,1.1220833333333333
-2.9,2,4,3,6,5,1.51,1.03,1.1591666666666667
-8.9,4,5,3,6,5,1.92,1.78,1.1229166666666666
0.9,3,5,3,6,5,0.91,1.14,1.12
-0.5,4,6,3,6,5,1.07,1.75,1.0979166666666667
34.8,3,6,3,6,5,1.22,0.36,1.1104166666666666
27.3,5,7,3,6,5,0.66,1.45,1.0733333333333333
27.6,3,7,3,6,5,0.56,1.22,1.0574999999999999
19.9,5,8,3,6,5,0.84,1.34,1.0483333333333333
4.0,2,8,3,6,5,1.12,1.28,1.0679166666666666
-6.2,4,9,3,6,5,1.75,1.76,1.0404166666666668
24.1,1,11,3,6,5,1.1,1.55,1.04625
-6.6,2,11,3,6,5,1.69,0.55,1.0729166666666667
5.6,1,12,3,6,5,1.19,1.77,1.0620833333333335
0.3,1,12,3,6,5,1.51,1.66,1.00375
36.9,2,13,3,6,5,0.26,0.44,1.00375
37.8,5,14,3,6,5,0.44,0.42,1.0379166666666666
-3.4,5,15,3,6,5,1.24,1.69,1.0141666666666667
17.5,2,16,3,6,5,1.12,0.6,1.04875
5.6,4,17,3,6,5,1.43,0.53,1.05875
4.1,2,18,3,6,5,0.77,0.26,1.1270833333333334
20.8,5,19,3,6,5,1.9,0.27,1.14
14.9,3,20,3,6,5,0.58,1.22,1.1204166666666666
9.5,2,22,3,6,5,0.75,1.35,1.11875
29.9,2,0,4,6,6,1.31,1.51,1.0779166666666666
-0.3,5,0,4,6,6,0.53,1.92,1.0645833333333334
3.1,4,0,4,6,6,1.6,0.91,1.0875
2.1,3,1,4,6,6,1.46,1.07,1.0675
6.2,5,1,4,6,6,0.59,1.22,1.07375
16.0,4,2,4,6,6,1.37,0.66,1.0829166666666667
25.9,1,2,4,6,6,0.88,0.56,1.08125
-0.4,3,3,4,6,6,0.52,0.84,1.1179166666666667
39.0,2,4,4,6,6,1.72,1.12,1.0929166666666668
29.6,2,4,4,6,6,0.52,1.75,1.0666666666666667
37.9,3,5,4,6,6,1.12,1.1,1.0670833333333334
30.4,5,8,4,6,6,1.11,1.69,1.0316666666666667
2.0,1,9,4,6,6,0.84,1.19,1.0616666666666668
17.7,3,10,4,6,6,1.91,1.51,1.0195833333333333
22.5,5,12,4,6,6,0.5,0.26,1.0362500000000001
0.6,1,12,4,6,6,0.66,0.44,1.0970833333333332
7.4,5,13,4,6,6,1.9,1.24,1.0541666666666667
32.2,2,13,4,6,6,0.21,1.12,1.0370833333333334
35.8,2,14,4,6,6,0.71,1.43,1.0379166666666666
2.7,2,14,4,6,6,1.45,0.77,1.07
-7.5,1,15,4,6,6,1.54,1.9,1.0129166666666667
26.6,5,15,4,6,6,0.53,0.58,1.0362500000000001
37.3,2,15,4,6,6,1.14,0.75,1.0616666666666668
16.9,3,17,4,6,6,1.36,1.31,1.0333333333333334
-8.4,2,18,4,6,6,0.63,0.53,1.0420833333333335
-4.0,3,18,4,6,6,0.74,1.6,0.9995833333333333
2.7,1,19,4,6,6,0.58,1.46,0.9529166666666667
20.9,2,20,4,6,6,0.34,0.59,0.9829166666666668
24.5,2,21,4,6,6,1.31,1.37,0.9375
-5.3,1,23,4,6,6,0.28,0.88,0.9387499999999999
5.9,4,1,5,6,0,0.91,0.52,0.9604166666666666
38.4,2,4,5,6,0,1.04,1.72,0.9562499999999999
15.2,3,5,5,6,0,1.62,0.52,0.9879166666666667
31.8,1,6,5,6,0,1.28,1.12,0.9562499999999999
-5.7,3,8,5,6,0,0.36,1.11,0.9445833333333334
21.5,5,9,5,6,0,0.83,0.84,0.9179166666666667
-1.0,3,9,5,6,0,0.2,1.91,0.895
27.4,3,9,5,6,0,1.36,0.5,0.8937499999999999
9.0,4,9,5,6,0,0.47,0.66,0.92625
5.1,4,10,5,6,0,1.44,1.9,0.9145833333333334
17.9,4,10,5,6,0,1.62,0.21,0.9845833333333333
6.6,2,11,5,6,0,1.89,0.71,0.9758333333333332
29.5,3,12,5,6,0,0.5,1.45,0.98875
13.4,5,13,5,6,0,1.76,1.54,0.9704166666666668
30.7,5,14,5,6,0,1.1,0.53,1.00875
15.2,3,14,5,6,0,1.45,1.14,0.9720833333333333
24.0,1,14,5,6,0,0.26,1.36,0.9925
10.6,5,15,5,6,0,1.85,0.63,0.9995833333333334
23.5,4,17,5,6,0,0.8,0.74,1.0333333333333334
34.9,3,17,5,6,0,1.55,0.58,1.0529166666666667
24.2,4,18,5,6,0,1.05,0.34,1.07375
2.9,4,18,5,6,0,0.84,1.31,1.0779166666666666
-7.4,4,22,5,6,0,1.41,0.28,1.1233333333333333
10.8,5,23,5,6,0,1.37,0.91,1.1145833333333333
17.5,3,23,5,6,0,0.7,1.04,1.0933333333333335
1.0,2,0,6,6,1,0.53,1.62,1.0641666666666667
5.1,4,2,6,6,1,0.92,1.28,1.0616666666666668
-8.4,3,3,6,6,1,1.22,0.36,1.11625
20.7,1,4,6,6,1,1.67,0.83,1.1383333333333334
2.1,1,4,6,6,1,1.36,0.2,1.1870833333333333
15.3,5,5,6,6,1,1.37,1.36,1.1529166666666668
37.8,1,5,6,6,1,0.54,0.47,1.1741666666666666
33.4,5,5,6,6,1,0.98,1.44,1.1429166666666666
19.6,2,8,6,6,1,0.69,1.62,1.1466666666666667
36.5,5,9,6,6,1,1.71,1.89,1.10375
7.1,2,9,6,6,1,0.86,0.5,1.0966666666666667
3.4,3,9,6,6,1,0.33,1.76,1.0420833333333335
3.3,3,10,6,6,1,0.45,1.1,1.0054166666666666
-5.0,5,10,6,6,1,0.22,1.45,1.0216666666666667
-6.7,1,11,6,6,1,1.84,0.26,1.0245833333333334
18.7,3,13,6,6,1,0.33,1.85,0.9595833333333333
39.8,3,13,6,6,1,0.29,0.8,1.0025
19.3,2,14,6,6,1,1.83,1.55,0.9916666666666666
14.4,4,14,6,6,1,1.29,1.05,1.02125
-1.1,4,14,6,6,1,1.76,0.84,1.0625000000000002
-0.6,3,15,6,6,1,1.83,1.41,1.0670833333333334
22.3,4,17,6,6,1,1.52,1.37,1.0254166666666666
-4.3,2,17,6,6,1,0.37,0.7,1.0558333333333334
-6.4,2,17,6,6,1,1.43,0.53,1.06125
10.4,5,20,6,6,1,0.66,0.92,1.0912499999999998
37.4,3,22,6,6,1,1.64,1.22,1.0833333333333333
-4.4,4,22,6,6,1,1.03,1.67,1.0483333333333333
-0.4,3,23,6,6,1,0.83,1.36,1.0029166666666667
9.6,5,0,7,6,2,0.27,1.37,0.9941666666666666
-2.0,2,0,7,6,2,1.16,0.54,1.0399999999999998
-0.9,3,2,7,6,2,1.64,0.98,1.03
25.2,4,2,7,6,2,0.74,0.69,1.08375
21.8,1,3,7,6,2,1.98,1.71,1.0304166666666668
2.6,1,5,7,6,2,0.43,0.86,1.00375
37.1,4,6,7,6,2,0.22,0.33,1.0108333333333335
3.8,3,6,7,6,2,0.5,0.45,1.0408333333333333
33.4,5,9,7,6,2,1.17,0.22,1.10125
33.4,3,10,7,6,2,1.67,1.84,1.0408333333333333
15.3,1,10,7,6,2,0.39,0.33,1.0616666666666665
25.2,1,11,7,6,2,0.83,0.29,1.11
26.9,4,11,7,6,2,1.45,1.83,1.0554166666666667
1.5,3,12,7,6,2,0.52,1.29,1.0495833333333333
37.1,1,13,7,6,2,1.15,1.76,1.01125
-1.5,2,14,7,6,2,0.84,1.83,0.9445833333333332
3.3,2,14,7,6,2,0.23,1.52,0.9474999999999999
15.2,4,14,7,6,2,1.59,0.37,0.9858333333333333
25.8,1,16,7,6,2,1.29,1.43,0.9541666666666666
2.1,1,16,7,6,2,0.67,0.66,1.00875
9.1,1,17,7,6,2,1.97,1.64,0.9820833333333333
29.0,2,17,7,6,2,1.0,1.03,0.9620833333333333
12.1,2,18,7,6,2,0.55,0.83,0.9779166666666668
14.4,2,19,7,6,2,1.21,0.27,1.035
1.6,2,20,7,6,2,1.64,1.16,0.9954166666666667
13.8,5,20,7,6,2,0.21,1.64,0.9708333333333333
20.1,5,21,7,6,2,1.05,0.74,0.9770833333333333
4.6,4,21,7,6,2,0.89,1.98,0.9204166666666667
19.6,5,21,7,6,2,0.62,0.43,0.9595833333333332
-6.6,4,22,7,6,2,1.37,0.22,1.015
39.6,1,22,7,6,2,1.55,0.5,1.0304166666666668
39.1,3,22,7,6,2,0.87,1.17,1.0508333333333335
12.4,3,23,7,6,2,1.66,1.67,0.9920833333333333
10.9,1,23,7,6,2,0.26,0.39,1.0058333333333334
12.2,2,23,7,6,2,0.72,0.83,1.00625
29.7,5,1,8,6,3,0.84,1.45,0.9820833333333333
-1.4,5,1,8,6,3,0.87,0.52,0.9979166666666667
15.8,5,3,8,6,3,0.9,1.15,0.9829166666666667
34.4,3,4,8,6,3,0.79,0.84,1.0204166666666667
26.5,4,4,8,6,3,1.74,0.23,1.0629166666666667
35.2,2,6,8,6,3,1.25,1.59,1.0345833333333334
27.4,3,6,8,6,3,0.91,1.29,1.0420833333333335
18.0,5,7,8,6,3,1.47,0.67,1.0433333333333332
31.4,4,8,8,6,3,0.7,1.97,1.0245833333333334
29.2,3,9,8,6,3,1.52,1.0,0.9925
36.6,4,12,8,6,3,0.23,0.55,1.0329166666666667
11.6,4,13,8,6,3,1.52,1.21,1.0166666666666666
25.4,5,13,8,6,3,0.82,1.64,0.97125
30.0,1,14,8,6,3,0.55,0.21,0.9795833333333334
18.5,5,15,8,6,3,0.41,1.05,0.98
9.1,5,15,8,6,3,1.06,0.89,1.0204166666666665
-3.6,5,16,8,6,3,1.86,0.62,1.0254166666666666
31.2,2,16,8,6,3,0.74,1.37,1.01
21.8,3,17,8,6,3,1.0,1.55,1.0270833333333333
14.5,2,19,8,6,3,1.96,0.87,1.0154166666666666
-0.7,4,19,8,6,3,0.59,1.66,1.0104166666666667
17.8,3,19,8,6,3,1.54,0.26,1.0150000000000001
33.9,4,20,8,6,3,0.37,0.72,1.0391666666666666
33.0,3,21,8,6,3,1.3,0.84,1.0204166666666665
29.5,2,21,8,6,3,0.39,0.87,1.0116666666666665
36.4,1,22,8,6,3,0.66,0.9,1.0079166666666668
-2.0,2,23,8,6,3,0.81,0.79,1.0279166666666668
32.6,2,23,8,6,3,1.27,1.74,0.9891666666666666
35.5,1,23,8,6,3,0.81,1.25,0.9987499999999999
5.5,4,0,9,6,4,1.48,0.91,0.9883333333333333
2.9,4,1,9,6,4,0.66,1.47,0.9570833333333333
34.4,2,2,9,6,4,0.72,0.7,0.96875
-6.9,4,4,9,6,4,0.98,1.52,0.9554166666666667
19.3,2,5,9,6,4,1.2,0.23,1.0233333333333332
29.7,4,5,9,6,4,1.86,1.52,1.0179166666666666
18.3,2,6,9,6,4,1.39,0.82,1.06125
27.7,3,7,9,6,4,1.86,0.55,1.0670833333333334
33.3,2,8,9,6,4,0.69,0.41,1.1199999999999999
21.0,5,9,9,6,4,1.68,1.06,1.1283333333333334
37.2,3,10,9,6,4,1.26,1.86,1.1241666666666668
24.0,1,11,9,6,4,1.76,0.74,1.1199999999999999
33.4,4,11,9,6,4,0.64,1.0,1.1470833333333335
38.3,3,12,9,6,4,1.65,1.96,1.1208333333333333
27.4,2,14,9,6,4,1.33,0.59,1.1745833333333333
28.4,1,14,9,6,4,1.88,1.54,1.1916666666666667
3.0,5,14,9,6,4,1.95,0.37,1.2074999999999998
8.7,4,16,9,6,4,0.75,1.3,1.18625
23.7,5,16,9,6,4,0.79,0.39,1.1808333333333334
35.6,5,19,9,6,4,0.26,0.66,1.2191666666666667
21.2,1,21,9,6,4,1.58,0.81,1.2441666666666666
33.9,5,22,9,6,4,1.41,1.27,1.2079166666666665
22.6,1,0,10,6,5,0.4,0.81,1.1866666666666668
25.0,3,1,10,6,5,0.3,1.48,1.16875
35.6,1,2,10,6,5,1.05,0.66,1.1658333333333333
37.0,5,2,10,6,5,0.59,0.72,1.1725
3.4,5,4,10,6,5,0.88,0.98,1.2141666666666666
-3.1,1,4,10,6,5,1.98,1.2,1.2445833333333334
13.8,4,7,10,6,5,1.93,1.86,1.1812500000000001
1.5,3,7,10,6,5,0.34,1.39,1.2012500000000002
5.5,2,7,10,6,5,1.87,1.86,1.15375
6.7,2,10,10,6,5,0.72,0.69,1.1775
37.2,1,10,10,6,5,1.26,1.68,1.1704166666666667
27.3,2,11,10,6,5,1.51,1.26,1.14625
-4.9,5,14,10,6,5,0.68,1.76,1.0816666666666668
25.5,3,15,10,6,5,0.21,0.64,1.1316666666666666
14.2,4,16,10,6,5,1.84,1.65,1.1125
-4.9,1,16,10,6,5,1.19,1.33,1.10375
34.7,3,17,10,6,5,1.12,1.88,1.0733333333333335
31.1,1,17,10,6,5,1.15,1.95,1.0420833333333335
2.0,3,19,10,6,5,1.2,0.75,1.0537500000000002
36.3,2,19,10,6,5,1.03,0.79,1.075
9.2,2,20,10,6,5,1.3,0.26,1.1441666666666668
-1.5,3,20,10,6,5,1.92,1.58,1.1320833333333333
11.8,2,21,10,6,5,1.29,1.41,1.0912499999999998
12.2,2,21,10,6,5,0.43,0.4,1.1525
-2.0,5,0,11,6,6,1.87,0.3,1.1612500000000001
39.4,4,0,11,6,6,0.51,1.05,1.1295833333333334
27.9,4,0,11,6,6,0.29,0.59,1.13
15.7,4,2,11,6,6,0.6,0.88,1.1520833333333333
15.6,2,3,11,6,6,1.41,1.98,1.1329166666666668
5.1,3,4,11,6,6,1.52,1.93,1.12125
3.0,3,5,11,6,6,1.65,0.34,1.1475
13.1,5,5,11,6,6,0.97,1.87,1.1445833333333333
-4.5,5,8,11,6,6,1.8,0.72,1.16625
-9.0,3,9,11,6,6,1.24,1.26,1.1516666666666666
11.6,5,9,11,6,6,0.91,1.51,1.16875
19.1,1,10,11,6,6,1.92,0.68,1.1766666666666667
18.6,1,10,11,6,6,0.87,0.21,1.20375
31.9,3,11,11,6,6,0.86,1.84,1.1725
20.3,3,11,11,6,6,1.09,1.19,1.1691666666666667
28.0,2,11,11,6,6,1.11,1.12,1.1583333333333332
26.4,2,12,11,6,6,0.86,1.15,1.11875
29.9,3,13,11,6,6,0.2,1.2,1.1454166666666667
34.0,3,14,11,6,6,1.84,1.03,1.1733333333333333
16.1,5,15,11,6,6,1.7,1.3,1.1858333333333333
-5.1,3,15,11,6,6,1.6,1.92,1.17875
0.9,4,17,11,6,6,1.75,1.29,1.1604166666666667
5.0,1,18,11,6,6,0.85,0.43,1.1545833333333333
34.0,3,19,11,6,6,0.29,1.87,1.11
-4.0,3,22,11,6,6,0.8,0.51,1.0999999999999999
-6.5,3,22,11,6,6,0.27,0.29,1.1283333333333332
-1.0,5,23,11,6,6,0.97,0.6,1.1158333333333332
26.4,5,0,12,6,0,0.3,1.41,1.12375
-9.8,5,3,12,6,0,1.6,1.52,1.0975
38.9,5,3,12,6,0,0.89,1.65,1.0416666666666667
31.3,2,3,12,6,0,0.31,0.97,1.0725
7.1,1,4,12,6,0,1.71,1.8,1.0358333333333334
8.9,3,5,12,6,0,0.92,1.24,1.0320833333333332
10.8,2,5,12,6,0,1.15,0.91,1.0350000000000001
20.7,3,5,12,6,0,0.98,1.92,0.9900000000000001
-3.2,1,8,12,6,0,0.84,0.87,0.9816666666666666
2.2,4,10,12,6,0,0.67,0.86,0.9879166666666667
1.7,3,10,12,6,0,1.01,1.09,1.0045833333333334
8.1,3,10,12,6,0,1.49,1.11,0.99125
-9.7,4,11,12,6,0,0.79,0.86,0.9741666666666667
39.3,3,11,12,6,0,0.45,0.2,1.0425000000000002
31.6,4,12,12,6,0,1.84,1.84,1.0225
20.4,2,13,12,6,0,1.36,1.7,1.0050000000000001
-4.9,2,14,12,6,0,1.28,1.6,0.9575
-6.8,2,15,12,6,0,0.46,1.75,0.9029166666666667
3.3,2,15,12,6,0,0.44,0.85,0.8995833333333333
-5.2,2,16,12,6,0,0.77,0.29,0.95125
-4.4,5,17,12,6,0,1.53,0.8,0.93375
10.8,5,17,12,6,0,0.38,0.27,0.9983333333333334
20.7,5,17,12,6,0,1.82,0.97,1.0391666666666668
-0.3,3,17,12,6,0,1.95,0.3,1.0666666666666667
0.5,4,18,12,6,0,0.96,1.6,1.0245833333333334
-5.5,3,22,12,6,0,0.59,0.89,1.04
-0.1,5,23,12,6,0,1.26,0.31,1.0983333333333334
-1.1,2,23,12,6,0,1.71,1.71,1.0441666666666667
34.0,1,0,13,6,1,0.41,0.92,1.0379166666666666
31.8,4,1,13,6,1,0.77,1.15,1.01625
11.4,1,3,13,6,1,0.63,0.98,0.9933333333333333
22.8,1,4,13,6,1,0.43,0.84,1.0279166666666666
29.7,3,4,13,6,1,1.67,0.67,1.0137500000000002
-0.1,5,6,13,6,1,0.33,1.01,0.9808333333333333
-9.7,2,7,13,6,1,0.22,1.49,0.9695833333333334
-2.3,5,7,13,6,1,1.22,0.79,0.99375
19.2,1,7,13,6,1,1.37,0.45,1.0041666666666667
0.8,2,8,13,6,1,0.7,1.84,0.9737499999999999
12.5,5,8,13,6,1,1.11,1.36,0.97375
10.4,4,9,13,6,1,1.36,1.28,0.9791666666666666
-6.4,4,11,13,6,1,1.41,0.46,1.04
17.8,4,11,13,6,1,1.92,0.44,1.0758333333333334
13.8,4,12,13,6,1,1.3,0.77,1.0854166666666667
32.6,2,13,13,6,1,1.0,1.53,1.0766666666666667
-6.7,2,13,13,6,1,1.32,0.38,1.1275
8.9,1,13,13,6,1,1.6,1.82,1.0791666666666666
-1.5,5,14,13,6,1,0.66,1.95,1.05375
-1.9,2,14,13,6,1,1.34,0.96,1.05375
1.9,1,14,13,6,1,0.96,0.59,1.09
30.4,4,15,13,6,1,1.46,1.26,1.0616666666666665
15.5,2,16,13,6,1,0.58,1.71,1.04875
21.6,5,18,13,6,1,1.4,0.41,1.0479166666666668
34.5,2,18,13,6,1,0.39,0.77,1.0562500000000001
8.5,1,18,13,6,1,0.97,0.63,1.0975
13.5,3,18,13,6,1,1.62,0.43,1.1195833333333332
33.9,3,20,13,6,1,0.96,1.67,1.11
38.8,1,20,13,6,1,1.44,0.33,1.1475
12.4,2,21,13,6,1,1.23,0.22,1.1525
-1.3,1,21,13,6,1,0.34,1.22,1.1529166666666668
18.4,5,22,13,6,1,1.23,1.37,1.1083333333333334
4.4,4,23,13,6,1,0.3,0.7,1.0966666666666667
-6.0,3,1,14,6,2,0.42,1.11,1.1162500000000002
8.9,3,1,14,6,2,1.58,1.36,1.0799999999999998
29.2,4,2,14,6,2,0.49,1.41,1.07625
-2.7,1,4,14,6,2,1.32,1.92,1.0179166666666666
10.5,5,5,14,6,2,0.52,1.3,0.9991666666666666
-4.4,1,5,14,6,2,0.85,1.0,1.0241666666666667
18.9,5,5,14,6,2,1.6,1.32,1.0191666666666668
7.7,1,6,14,6,2,1.2,1.6,0.9825
24.5,5,6,14,6,2,0.72,0.66,0.9804166666666667
19.7,4,6,14,6,2,0.61,1.34,1.00125
15.4,5,7,14,6,2,1.84,0.96,1.0008333333333332
7.4,5,7,14,6,2,0.95,1.46,0.9516666666666667
4.1,2,7,14,6,2,0.28,0.58,0.9841666666666667
21.7,5,7,14,6,2,1.36,1.4,0.9891666666666666
-2.0,5,8,14,6,2,1.52,0.39,1.0541666666666667
18.9,3,9,14,6,2,1.95,0.97,1.0733333333333335
4.8,3,11,14,6,2,1.43,1.62,1.0595833333333333
-0.8,4,11,14,6,2,1.29,0.96,1.0333333333333332
16.9,3,12,14,6,2,0.33,1.44,0.9983333333333334
14.5,1,12,14,6,2,0.6,1.23,1.0125
32.8,5,12,14,6,2,1.57,0.34,1.0395833333333333
-4.3,5,13,14,6,2,0.99,1.23,1.06625
10.4,1,13,14,6,2,1.87,0.3,1.1045833333333333
0.0,4,14,14,6,2,1.22,0.42,1.15625
37.2,3,14,14,6,2,1.66,1.58,1.1629166666666666
-6.2,1,15,14,6,2,1.74,0.49,1.17625
31.7,1,20,14,6,2,0.81,1.32,1.1308333333333334
9.0,3,22,14,6,2,0.23,0.52,1.1208333333333333
2.9,3,22,14,6,2,0.28,0.85,1.1220833333333333
12.0,2,22,14,6,2,0.88,1.6,1.085
37.1,2,23,14,6,2,0.71,1.2,1.0708333333333333
-5.7,4,23,14,6,2,0.86,0.72,1.1187500000000001
14.5,5,1,15,6,3,1.87,0.61,1.1395833333333334
25.8,4,3,15,6,3,1.11,1.84,1.0858333333333334
24.2,3,3,15,6,3,0.55,0.95,1.0666666666666667
-4.0,5,5,15,6,3,0.49,0.28,1.1316666666666666
2.2,2,6,15,6,3,1.84,1.36,1.1183333333333334
-7.6,1,8,15,6,3,1.04,1.52,1.0795833333333333
-2.2,5,8,15,6,3,0.59,1.95,1.0429166666666665
2.3,5,10,15,6,3,1.07,1.43,1.01375
13.8,1,12,15,6,3,0.73,1.29,0.9808333333333333
15.5,3,12,15,6,3,0.5,0.33,1.0233333333333334
34.7,1,16,15,6,3,1.35,0.6,1.0304166666666668
8.4,2,16,15,6,3,0.77,1.57,1.015
-0.1,5,17,15,6,3,1.2,0.99,0.9929166666666668
27.9,4,18,15,6,3,0.46,1.87,0.9816666666666668
17.8,1,19,15,6,3,1.6,1.22,0.9733333333333335
29.0,2,21,15,6,3,1.02,1.66,0.9308333333333335
14.9,2,21,15,6,3,0.64,1.74,0.8741666666666666
29.9,5,21,15,6,3,0.38,0.81,0.92
13.6,1,22,15,6,3,1.91,0.23,0.9387500000000001
23.9,2,0,16,6,4,0.68,0.28,1.00875
19.3,2,4,16,6,4,1.96,0.88,1.0379166666666666
4.1,1,4,16,6,4,1.58,0.71,1.0891666666666666
8.4,5,5,16,6,4,1.94,0.86,1.0854166666666667
2.4,1,6,16,6,4,0.77,1.87,1.0599999999999998
21.1,5,7,16,6,4,1.26,1.11,1.0458333333333334
13.9,2,7,16,6,4,0.77,0.55,1.1025
8.7,5,7,16,6,4,1.91,0.49,1.1470833333333335
-0.2,1,9,16,6,4,1.56,1.84,1.1187500000000001
38.6,2,9,16,6,4,1.16,1.04,1.1183333333333334
37.9,2,10,16,6,4,1.03,0.59,1.12125
-0.6,4,10,16,6,4,0.66,1.07,1.0870833333333334
24.1,3,10,16,6,4,0.25,0.73,1.1116666666666666
34.0,1,12,16,6,4,1.32,0.5,1.10125
11.6,5,12,16,6,4,0.25,1.35,1.0633333333333332
36.5,2,14,16,6,4,0.44,0.77,1.0704166666666668
13.4,5,14,16,6,4,0.94,1.2,1.1020833333333333
28.7,1,15,16,6,4,1.96,0.46,1.115
-3.1,3,16,16,6,4,0.77,1.6,1.0604166666666666
29.8,4,17,16,6,4,0.29,1.02,1.0695833333333333
-0.8,2,17,16,6,4,1.24,0.64,1.0579166666666666
0.6,4,18,16,6,4,0.36,0.38,1.12125
1.5,5,18,16,6,4,1.9,1.91,1.0841666666666667
19.2,3,19,16,6,4,1.02,0.68,1.1041666666666667
24.2,5,21,16,6,4,1.16,1.96,1.0466666666666666
7.2,1,21,16,6,4,0.58,1.58,1.0620833333333335
39.3,2,21,16,6,4,1.95,1.94,1.0320833333333332
11.7,4,23,16,6,4,1.22,0.77,1.0745833333333332
28.6,3,23,16,6,4,1.79,1.26,1.0379166666666666
35.8,4,0,17,6,5,0.38,0.77,1.06375
-0.7,4,0,17,6,5,1.39,1.91,1.0441666666666667
31.3,5,2,17,6,5,1.44,1.56,1.0
16.3,4,3,17,6,5,0.5,1.16,0.9829166666666667
32.4,1,4,17,6,5,0.75,1.03,0.9895833333333334
4.0,1,4,17,6,5,1.19,0.66,0.9820833333333333
-0.5,4,5,17,6,5,0.48,0.25,0.9933333333333333
16.1,4,8,17,6,5,0.52,1.32,1.0137500000000002
20.9,3,10,17,6,5,1.81,0.25,1.0670833333333334
5.6,2,10,17,6,5,1.53,0.44,1.1229166666666666
-0.7,2,10,17,6,5,1.78,0.94,1.0945833333333332
-8.0,3,11,17,6,5,0.26,1.96,1.0654166666666667
5.0,1,11,17,6,5,1.26,0.77,1.08375
0.3,4,11,17,6,5,1.21,0.29,1.135
-7.7,2,11,17,6,5,1.52,1.24,1.0966666666666667
-7.1,1,12,17,6,5,0.32,0.36,1.1066666666666667
23.1,5,12,17,6,5,0.6,1.9,1.0383333333333333
-4.8,1,13,17,6,5,0.26,1.02,1.0541666666666667
37.0,5,18,17,6,5,1.4,1.16,1.0204166666666665
2.7,1,18,17,6,5,0.35,0.58,1.0220833333333335
-1.9,4,19,17,6,5,0.62,1.95,1.0120833333333332
35.4,4,21,17,6,5,1.71,1.22,1.0183333333333333
36.2,3,22,17,6,5,1.37,1.79,0.9845833333333333
33.3,5,22,17,6,5,0.98,0.38,0.985
26.9,2,23,17,6,5,0.39,1.39,0.9679166666666666
-2.7,3,23,17,6,5,0.98,1.44,0.9441666666666667
26.5,2,23,17,6,5,0.87,0.5,0.9474999999999999
9.0,1,0,18,6,6,0.58,0.75,0.9970833333333333
-0.3,5,1,18,6,6,1.94,1.19,1.0179166666666666
17.7,5,2,18,6,6,1.69,0.48,1.0733333333333335
28.3,3,3,18,6,6,1.81,0.52,1.0775
18.2,5,5,18,6,6,0.62,1.81,1.0687499999999999
14.3,2,6,18,6,6,1.6,1.53,1.0620833333333335
24.8,5,7,18,6,6,1.37,1.78,1.0058333333333334
6.7,3,8,18,6,6,0.43,0.26,1.04375
19.9,4,8,18,6,6,1.17,1.26,1.0308333333333335
37.6,4,10,18,6,6,0.95,1.21,0.9991666666666666
-6.2,2,10,18,6,6,0.45,1.52,0.96375
19.4,3,10,18,6,6,0.67,0.32,0.9804166666666667
-9.4,5,10,18,6,6,0.72,0.6,0.9829166666666667
38.7,5,11,18,6,6,0.66,0.26,1.0129166666666667
-6.5,2,12,18,6,6,0.98,1.4,0.96375
36.7,1,12,18,6,6,0.22,0.35,0.9854166666666667
9.2,4,13,18,6,6,0.87,0.62,0.96875
17.6,1,13,18,6,6,0.22,1.71,0.9199999999999999
10.5,4,13,18,6,6,0.54,1.37,0.8920833333333333
23.1,3,14,18,6,6,0.7,0.98,0.8704166666666667
4.4,5,14,18,6,6,0.46,0.39,0.9179166666666667
36.0,5,16,18,6,6,1.53,0.98,0.9525
12.3,5,18,18,6,6,1.81,0.87,0.9916666666666666
-5.9,4,19,18,6,6,1.81,0.58,1.0116666666666667
-4.8,5,19,18,6,6,1.06,1.94,1.0129166666666667
37.3,1,20,18,6,6,1.97,1.69,1.0216666666666667
39.5,2,20,18,6,6,1.9,1.81,0.9812500000000001
6.5,4,20,18,6,6,0.84,0.62,0.9729166666666668
-5.9,4,22,18,6,6,0.42,1.6,0.9508333333333333
16.6,5,22,18,6,6,1.07,1.37,0.9166666666666666
14.9,3,23,18,6,6,0.55,0.43,0.9787499999999999
-6.9,4,0,19,6,0,1.92,1.17,0.9891666666666667
-5.1,4,1,19,6,0,1.42,0.95,0.9954166666666667
24.9,1,1,19,6,0,1.1,0.45,1.04625
-1.3,3,3,19,6,0,1.67,0.67,1.0337500000000002
16.0,4,6,19,6,0,0.37,0.72,1.0666666666666667
15.1,4,6,19,6,0,1.51,0.66,1.1195833333333332
4.2,2,7,19,6,0,1.93,0.98,1.1079166666666664
11.7,2,10,19,6,0,0.7,0.22,1.1570833333333332
12.6,4,10,19,6,0,1.4,0.87,1.1420833333333331
4.8,1,10,19,6,0,0.51,0.22,1.1429166666666666
33.6,2,10,19,6,0,0.24,0.54,1.2033333333333334
31.8,5,10,19,6,0,1.99,0.7,1.2016666666666667
20.3,4,12,19,6,0,0.66,0.46,1.21875
19.3,3,14,19,6,0,0.87,1.53,1.2208333333333332
22.9,4,15,19,6,0,1.58,1.81,1.1541666666666666
11.6,5,15,19,6,0,0.21,1.81,1.1029166666666668
4.2,3,15,19,6,0,0.58,1.06,1.1229166666666666
34.0,1,15,19,6,0,1.54,1.97,1.0887499999999999
-1.3,1,15,19,6,0,1.15,1.9,1.0533333333333332
-5.6,3,16,19,6,0,1.05,0.84,1.0270833333333333
26.2,5,16,19,6,0,0.21,0.42,1.02125
25.8,1,19,19,6,0,0.28,1.07,0.9995833333333333
7.1,1,20,19,6,0,0.55,0.55,1.0425
10.2,5,22,19,6,0,1.58,1.92,1.0241666666666667
24.4,3,22,19,6,0,1.48,1.42,1.0479166666666666
3.2,4,0,20,6,1,1.99,1.1,1.0379166666666666
25.6,3,0,20,6,1,0.86,1.67,1.0075
34.5,4,1,20,6,1,0.94,0.37,1.0095833333333333
32.5,4,2,20,6,1,0.42,1.51,0.9891666666666667
-0.3,3,5,20,6,1,1.02,1.93,0.9587500000000001
2.3,3,6,20,6,1,1.2,0.7,0.9720833333333334
29.3,1,7,20,6,1,1.02,1.4,0.9241666666666667
-7.7,3,8,20,6,1,0.25,0.51,0.9570833333333334
28.4,3,8,20,6,1,1.3,0.24,0.9812500000000001
25.9,1,10,20,6,1,0.82,1.99,0.9800000000000001
34.1,1,11,20,6,1,1.96,0.66,0.9912500000000001
22.3,4,11,20,6,1,0.93,0.87,1.0004166666666667
1.2,4,12,20,6,1,1.09,1.58,0.9695833333333334
24.3,4,12,20,6,1,0.84,0.21,1.0158333333333334
7.5,4,12,20,6,1,1.32,0.58,1.0241666666666667
-0.4,1,12,20,6,1,0.78,1.54,1.0354166666666667
5.8,2,13,20,6,1,1.81,1.15,1.0070833333333333
23.8,3,14,20,6,1,0.47,1.05,1.0133333333333334
39.5,1,16,20,6,1,1.2,0.21,1.04
37.8,1,16,20,6,1,0.85,0.28,1.1112499999999998
4.7,5,18,20,6,1,1.99,0.55,1.1204166666666666
17.7,1,21,20,6,1,0.77,1.58,1.0975
28.8,1,21,20,6,1,1.03,1.48,1.0454166666666667
16.6,2,21,20,6,1,0.23,1.99,1.0329166666666667
6.1,4,22,20,6,1,1.69,0.86,1.0208333333333333
31.7,5,0,21,6,2,0.57,0.94,1.0558333333333334
-1.9,2,0,21,6,2,1.78,0.42,1.0529166666666667
3.4,2,1,21,6,2,0.35,1.02,1.0574999999999999
34.4,3,1,21,6,2,1.13,1.2,1.0325
26.6,4,1,21,6,2,0.6,1.02,1.05375
20.7,3,1,21,6,2,1.53,0.25,1.055
-0.0,5,2,21,6,2,0.28,1.3,1.0654166666666667
-6.1,2,2,21,6,2,1.55,0.82,1.10875
38.7,5,2,21,6,2,1.86,1.96,1.0604166666666666
16.8,1,4,21,6,2,0.8,0.93,1.065
11.5,5,4,21,6,2,1.04,1.09,1.0866666666666667
0.8,3,7,21,6,2,1.61,0.84,1.12875
9.7,4,8,21,6,2,1.85,1.32,1.0875
16.1,2,8,21,6,2,0.33,0.78,1.12125
13.1,5,8,21,6,2,1.59,1.81,1.0766666666666667
14.2,4,9,21,6,2,0.74,0.47,1.135
24.2,1,9,21,6,2,1.87,1.2,1.1020833333333335
20.2,5,9,21,6,2,0.41,0.85,1.1433333333333333
-2.8,5,10,21,6,2,1.84,1.99,1.0883333333333334
21.5,3,10,21,6,2,0.67,0.77,1.1395833333333334
13.5,1,11,21,6,2,2.0,1.03,1.1716666666666666
10.2,1,14,21,6,2,1.8,0.23,1.1779166666666667
-1.3,1,15,21,6,2,0.38,1.69,1.18375
8.5,3,15,21,6,2,1.83,0.57,1.18625
3.5,3,15,21,6,2,0.63,1.78,1.1404166666666666
21.2,3,16,21,6,2,0.68,0.35,1.1575
-1.1,2,17,21,6,2,0.76,1.13,1.1325
5.0,2,19,21,6,2,0.53,0.6,1.1241666666666668
39.2,2,20,21,6,2,0.4,1.53,1.08875
-6.6,1,20,21,6,2,0.68,0.28,1.08875
11.3,4,21,21,6,2,0.28,1.55,1.0504166666666668
16.4,2,21,21,6,2,0.63,1.86,1.0120833333333332
8.0,4,22,21,6,2,0.94,0.8,1.0233333333333332
1.8,2,22,21,6,2,1.07,1.04,1.0241666666666667
-0.7,4,0,22,6,3,1.06,1.61,1.0037500000000001
6.1,5,1,22,6,3,1.12,1.85,0.9354166666666667
4.6,1,2,22,6,3,0.21,0.33,0.9408333333333334
-0.4,1,3,22,6,3,0.46,1.59,0.9233333333333335
38.7,5,4,22,6,3,1.17,0.74,0.9745833333333334
28.3,1,4,22,6,3,1.97,1.87,0.9533333333333333
13.5,4,6,22,6,3,1.36,0.41,0.9883333333333333
-2.1,1,7,22,6,3,1.25,1.84,0.9229166666666666
25.2,5,7,22,6,3,0.27,0.67,0.9129166666666667
15.4,5,10,22,6,3,0.43,2.0,0.8704166666666667
14.8,2,10,22,6,3,0.98,1.8,0.8375
2.2,3,11,22,6,3,1.01,0.38,0.8762500000000001
15.6,1,11,22,6,3,1.31,1.83,0.8770833333333333
29.6,3,12,22,6,3,1.85,0.63,0.8833333333333333
24.3,2,13,22,6,3,0.78,0.68,0.8691666666666666
-8.6,3,14,22,6,3,0.34,0.76,0.9041666666666667
-8.5,4,15,22,6,3,1.6,0.53,0.9370833333333334
22.4,5,16,22,6,3,1.32,0.4,0.9766666666666667
-2.1,4,17,22,6,3,1.35,0.68,0.9854166666666666
-0.7,4,18,22,6,3,0.89,0.28,1.0158333333333334
38.0,2,19,22,6,3,1.01,0.63,1.0616666666666668
19.2,2,20,22,6,3,1.73,0.94,1.0937500000000002
12.1,5,22,22,6,3,1.71,1.07,1.0941666666666667
27.1,4,22,22,6,3,1.08,1.06,1.0687499999999999
34.1,5,23,22,6,3,0.45,1.12,1.0820833333333335
25.5,1,23,22,6,3,1.44,0.21,1.1329166666666668
1.6,3,23,22,6,3,1.43,0.46,1.18875
30.0,3,0,23,6,4,1.8,1.17,1.1616666666666666
7.1,4,0,23,6,4,0.52,1.97,1.1570833333333332
17.2,3,1,23,6,4,1.86,1.36,1.1754166666666668
35.6,5,3,23,6,4,1.8,1.25,1.1429166666666666
11.8,5,3,23,6,4,0.47,0.27,1.1866666666666668
17.7,4,3,23,6,4,1.32,0.43,1.2195833333333335
31.3,2,3,23,6,4,1.22,0.98,1.23625
7.1,1,4,23,6,4,1.38,1.01,1.2083333333333333
0.5,4,7,23,6,4,0.34,1.31,1.2045833333333333
-8.6,2,9,23,6,4,1.22,1.85,1.1470833333333332
8.8,2,9,23,6,4,0.47,0.78,1.1433333333333333
38.3,3,10,23,6,4,0.69,0.34,1.1483333333333334
11.0,1,11,23,6,4,0.46,1.6,1.0975
0.7,2,11,23,6,4,0.38,1.32,1.1225
20.6,4,11,23,6,4,1.92,1.35,1.11625
5.9,4,11,23,6,4,1.2,0.89,1.10375
-4.5,4,12,23,6,4,0.59,1.01,1.1079166666666667
14.6,1,12,23,6,4,1.11,1.73,1.0666666666666667
-8.0,2,13,23,6,4,0.74,1.71,1.0216666666666667
39.7,1,13,23,6,4,0.63,1.08,1.0545833333333334
8.0,3,13,23,6,4,1.87,0.45,1.1033333333333333
15.7,4,14,23,6,4,1.62,1.44,1.1175
18.6,1,16,23,6,4,1.78,1.43,1.1366666666666667
-9.0,3,17,23,6,4,1.89,1.8,1.1112499999999998
39.1,1,18,23,6,4,1.19,0.52,1.1008333333333333
-2.2,4,18,23,6,4,0.27,1.86,1.0741666666666667
-6.1,2,21,23,6,4,1.22,1.8,1.0729166666666667
39.8,4,21,23,6,4,1.77,0.47,1.105
13.3,3,22,23,6,4,1.24,1.32,1.0883333333333334
34.8,1,23,23,6,4,0.92,1.22,1.0708333333333333
5.6,1,23,23,6,4,0.8,1.38,1.0341666666666667
13.0,5,23,23,6,4,0.5,0.34,1.0545833333333332
2.8,2,23,23,6,4,0.83,1.22,1.0158333333333334
15.9,4,23,23,6,4,0.29,0.47,1.05875
3.0,4,0,24,6,5,1.5,0.69,1.1016666666666668
0.3,4,0,24,6,5,1.72,0.46,1.15625
1.9,3,0,24,6,5,1.77,0.38,1.2104166666666667
30.4,3,1,24,6,5,1.68,1.92,1.1824999999999999
25.7,3,4,24,6,5,1.25,1.2,1.1841666666666666
20.6,3,5,24,6,5,1.24,0.59,1.2116666666666667
-8.7,4,6,24,6,5,1.25,1.11,1.2333333333333334
31.1,1,7,24,6,5,1.63,0.74,1.24625
2.1,5,9,24,6,5,1.05,0.63,1.2866666666666666
30.2,3,9,24,6,5,1.6,1.87,1.2533333333333332
22.6,2,9,24,6,5,1.07,1.62,1.22625
31.6,5,9,24,6,5,0.97,1.78,1.22875
-8.5,3,10,24,6,5,1.84,1.89,1.2033333333333334
3.8,4,11,24,6,5,1.28,1.19,1.2
19.1,2,11,24,6,5,1.11,0.27,1.2116666666666667
34.6,5,12,24,6,5,0.55,1.22,1.2370833333333333
-5.0,4,13,24,6,5,1.83,1.77,1.1833333333333333
-0.3,4,14,24,6,5,0.48,1.24,1.18875
-4.5,2,16,24,6,5,1.37,0.92,1.2079166666666665
-3.4,1,17,24,6,5,1.38,0.8,1.2045833333333333
11.3,4,18,24,6,5,0.72,0.5,1.2291666666666667
-7.4,2,18,24,6,5,1.09,0.83,1.25375
14.4,1,19,24,6,5,1.42,0.29,1.3016666666666667
27.3,2,20,24,6,5,1.44,1.5,1.2616666666666667
4.9,2,21,24,6,5,0.54,1.72,1.2133333333333334
11.3,4,22,24,6,5,0.56,1.77,1.1591666666666667
29.5,2,23,24,6,5,0.47,1.68,1.1016666666666668
15.7,4,1,25,6,6,0.3,1.25,1.0887499999999999
9.6,2,2,25,6,6,0.94,1.24,1.0616666666666668
32.9,1,2,25,6,6,0.59,1.25,1.0304166666666668
25.3,2,3,25,6,6,0.5,1.63,0.9733333333333333
18.7,4,5,25,6,6,0.26,1.05,0.9425
21.7,1,6,25,6,6,0.31,1.6,0.9479166666666666
35.8,2,7,25,6,6,1.73,1.07,0.9754166666666667
39.4,4,8,25,6,6,1.73,0.97,0.9804166666666667
20.5,5,8,25,6,6,1.09,1.84,0.9695833333333335
-1.1,4,9,25,6,6,1.58,1.28,0.9441666666666667
14.8,1,10,25,6,6,0.67,1.11,0.9508333333333333
29.0,4,11,25,6,6,1.27,0.55,0.9816666666666668
-2.8,2,13,25,6,6,1.29,1.83,0.9766666666666666
-5.4,1,13,25,6,6,1.71,0.48,1.0241666666666667
23.4,1,14,25,6,6,1.62,1.37,1.0358333333333334
-3.4,1,16,25,6,6,1.65,1.38,1.0270833333333333
13.1,1,16,25,6,6,1.17,0.72,1.07
39.2,4,17,25,6,6,1.75,1.09,1.07
30.9,2,17,25,6,6,1.09,1.42,1.0870833333333334
12.5,4,20,25,6,6,1.83,1.44,1.0716666666666665
14.8,1,21,25,6,6,1.07,0.54,1.08625
-9.4,2,21,25,6,6,0.89,0.56,1.12375
29.5,1,22,25,6,6,1.46,0.47,1.1583333333333334
-5.7,5,22,25,6,6,1.3,0.3,1.1970833333333333
31.3,2,23,25,6,6,1.23,0.94,1.2245833333333334
19.3,1,23,25,6,6,1.6,0.59,1.2658333333333334
3.9,2,2,26,6,0,1.58,0.5,1.2641666666666669
10.8,2,3,26,6,0,0.46,0.26,1.2895833333333333
13.3,4,3,26,6,0,0.87,0.31,1.3245833333333334
12.1,1,4,26,6,0,1.15,1.73,1.3016666666666667
11.5,5,5,26,6,0,1.18,1.73,1.26
20.2,4,5,26,6,0,0.73,1.09,1.29125
-0.3,1,6,26,6,0,1.84,1.58,1.2554166666666666
22.4,3,8,26,6,0,0.72,0.67,1.2608333333333335
23.7,1,9,26,6,0,0.8,1.27,1.2779166666666668
24.3,4,9,26,6,0,1.68,1.29,1.2441666666666669
-1.6,4,10,26,6,0,0.48,1.71,1.22
18.5,4,11,26,6,0,1.13,1.62,1.2216666666666667
-5.0,2,11,26,6,0,1.66,1.65,1.2066666666666668
9.5,4,11,26,6,0,1.29,1.17,1.2366666666666666
-7.2,1,11,26,6,0,1.89,1.75,1.2437500000000001
-4.2,3,12,26,6,0,1.92,1.09,1.26125
26.1,3,12,26,6,0,1.51,1.83,1.2475
-2.1,1,14,26,6,0,1.5,1.07,1.2445833333333334
10.8,4,15,26,6,0,1.0,0.89,1.2254166666666666
3.5,4,15,26,6,0,0.43,1.46,1.2408333333333335
8.1,4,16,26,6,0,1.83,1.3,1.2479166666666666
18.5,2,17,26,6,0,1.47,1.23,1.2229166666666667
-4.8,4,19,26,6,0,0.63,1.6,1.2125000000000001
19.8,1,19,26,6,0,1.35,1.58,1.1766666666666665
0.6,3,21,26,6,0,0.72,0.46,1.1820833333333332
8.8,4,21,26,6,0,0.59,0.87,1.1554166666666668
14.4,2,21,26,6,0,0.23,1.15,1.1416666666666666
9.0,2,23,26,6,0,0.82,1.18,1.1649999999999998
8.9,3,23,26,6,0,1.74,0.73,1.1441666666666666
17.8,4,0,27,6,1,0.23,1.84,1.14875
32.2,1,1,27,6,1,1.95,0.72,1.1666666666666667
17.0,4,2,27,6,1,1.15,0.8,1.18375
7.2,3,2,27,6,1,1.21,1.68,1.12625
11.0,3,2,27,6,1,0.3,0.48,1.1766666666666665
7.7,1,3,27,6,1,1.69,1.13,1.1770833333333333
-7.5,5,3,27,6,1,1.14,1.66,1.1341666666666665
38.5,4,4,27,6,1,0.63,1.29,1.1495833333333334
4.5,4,5,27,6,1,1.66,1.89,1.11
-9.5,2,5,27,6,1,0.94,1.92,1.05375
2.2,1,7,27,6,1,0.57,1.51,1.07125
30.7,1,8,27,6,1,1.93,1.5,1.0691666666666666
16.0,3,9,27,6,1,1.45,1.0,1.1066666666666667
8.5,5,9,27,6,1,1.9,0.43,1.1608333333333334
20.8,5,14,27,6,1,1.73,1.83,1.1191666666666666
-5.2,5,15,27,6,1,0.83,1.47,1.1279166666666667
6.2,3,15,27,6,1,1.68,0.63,1.12125
18.2,4,15,27,6,1,0.47,1.35,1.0975
-4.1,2,15,27,6,1,0.78,0.72,1.0908333333333333
39.9,1,16,27,6,1,0.56,0.59,1.0841666666666667
14.2,3,16,27,6,1,0.43,0.23,1.0858333333333332
0.2,2,17,27,6,1,0.27,0.82,1.1075
35.4,3,19,27,6,1,1.34,1.74,1.0575
-3.6,5,19,27,6,1,0.54,0.23,1.1166666666666667
-9.9,2,21,27,6,1,1.65,1.95,1.0879166666666669
4.3,2,21,27,6,1,1.26,1.15,1.0941666666666665
18.3,3,22,27,6,1,1.3,1.21,1.1170833333333332
17.1,2,0,28,6,2,1.76,0.3,1.1654166666666668
10.7,5,0,28,6,2,1.46,1.69,1.1695833333333334
-7.9,2,3,28,6,2,1.79,1.14,1.1641666666666666
0.7,3,4,28,6,2,1.01,0.63,1.21125
-0.7,3,4,28,6,2,1.76,1.66,1.1700000000000002
26.6,1,7,28,6,2,0.67,0.94,1.19
35.1,4,7,28,6,2,1.42,0.57,1.22875
33.9,2,7,28,6,2,1.5,1.93,1.1770833333333333
23.8,3,8,28,6,2,0.69,1.45,1.19
9.8,4,8,28,6,2,1.76,1.9,1.1641666666666668
21.1,5,9,28,6,2,1.28,1.73,1.12375
3.9,4,9,28,6,2,0.76,0.83,1.1279166666666667
-9.1,1,13,28,6,2,0.93,1.68,1.10625
33.8,3,14,28,6,2,1.16,0.47,1.11625
8.9,2,15,28,6,2,0.71,0.78,1.1141666666666665
20.8,3,15,28,6,2,0.73,0.56,1.1558333333333335
32.1,5,15,28,6,2,1.56,0.43,1.1929166666666668
-3.5,5,16,28,6,2,1.32,0.27,1.21375
-3.6,1,17,28,6,2,0.77,1.34,1.2245833333333334
37.2,3,17,28,6,2,1.6,0.54,1.2825
-2.9,5,18,28,6,2,1.93,1.65,1.2566666666666666
6.2,4,18,28,6,2,1.03,1.26,1.22875
9.0,4,18,28,6,2,0.59,1.3,1.2325000000000002
4.9,2,19,28,6,2,1.39,1.76,1.2325
-9.5,1,19,28,6,2,1.76,1.46,1.2220833333333332
26.0,5,19,28,6,2,1.21,1.79,1.2058333333333333
-5.7,5,19,28,6,2,1.4,1.01,1.2029166666666666
38.9,4,20,28,6,2,0.94,1.76,1.1483333333333332
32.2,3,21,28,6,2,0.45,0.67,1.1808333333333334
22.0,3,0,29,6,3,1.45,1.42,1.1833333333333333
31.1,3,1,29,6,3,1.48,1.5,1.1483333333333332
14.9,4,4,29,6,3,0.66,0.69,1.165
9.9,1,4,29,6,3,1.09,1.76,1.1708333333333334
31.7,5,6,29,6,3,1.9,1.28,1.1612500000000001
21.5,5,7,29,6,3,1.05,0.76,1.2066666666666666
-0.2,5,8,29,6,3,1.85,0.93,1.1916666666666667
2.7,5,9,29,6,3,0.57,1.16,1.16125
-0.7,2,9,29,6,3,0.43,0.71,1.1754166666666668
33.3,2,15,29,6,3,1.05,0.73,1.2120833333333334
5.1,5,15,29,6,3,1.61,1.56,1.1741666666666666
-8.5,5,17,29,6,3,0.65,1.32,1.1954166666666666
8.2,3,17,29,6,3,1.83,0.77,1.2454166666666666
-6.5,4,18,29,6,3,1.97,1.6,1.2325000000000002
17.9,1,18,29,6,3,1.29,1.93,1.2029166666666666
-0.3,1,20,29,6,3,1.22,1.03,1.21625
7.3,5,20,29,6,3,1.35,0.59,1.2525000000000002
32.9,5,21,29,6,3,1.46,1.39,1.2108333333333332
-5.0,4,22,29,6,3,0.39,1.76,1.21375
38.6,1,22,29,6,3,1.83,1.21,1.2012500000000002
13.7,3,23,29,6,3,0.91,1.4,1.20375
-5.0,4,23,29,6,3,1.46,0.94,1.2
6.2,2,0,30,6,4,0.85,0.45,1.2441666666666669
24.7,3,3,30,6,4,1.51,1.45,1.2345833333333334
33.7,1,3,30,6,4,1.22,1.48,1.2420833333333334
-9.9,5,4,30,6,4,1.66,0.66,1.2812500000000002
0.4,5,4,30,6,4,1.6,1.09,1.2954166666666669
24.3,3,9,30,6,4,1.43,1.9,1.2341666666666666
26.3,1,9,30,6,4,0.43,1.05,1.2525
6.1,2,11,30,6,4,1.49,1.85,1.2245833333333334
19.9,1,12,30,6,4,1.18,0.57,1.2829166666666667
12.3,4,12,30,6,4,1.97,0.43,1.31375
18.6,2,13,30,6,4,1.17,1.05,1.3041666666666667
34.9,4,14,30,6,4,0.82,1.61,1.3195833333333333
26.1,5,14,30,6,4,1.98,0.65,1.3754166666666665
-8.0,5,14,30,6,4,1.99,1.83,1.3529166666666665
13.4,5,14,30,6,4,1.29,1.97,1.2908333333333333
18.4,3,17,30,6,4,0.48,1.29,1.27125
26.9,4,21,30,6,4,0.82,1.22,1.2691666666666668
24.1,3,21,30,6,4,1.17,1.35,1.2787499999999998
8.8,5,22,30,6,4,1.58,1.46,1.2308333333333332
8.5,4,4,1,7,5,0.31,0.39,1.2508333333333332
12.6,4,5,1,7,5,0.87,1.83,1.2445833333333332
33.4,2,5,1,7,5,1.68,0.91,1.2845833333333332
30.4,5,6,1,7,5,1.87,1.46,1.3054166666666667
38.7,5,7,1,7,5,1.96,0.85,1.2875
-5.8,2,7,1,7,5,0.42,1.51,1.2695833333333333
0.2,4,8,1,7,5,1.08,1.22,1.2616666666666667
9.1,3,9,1,7,5,1.03,1.66,1.2408333333333335
1.1,4,9,1,7,5,1.16,1.6,1.2029166666666666
35.7,3,10,1,7,5,0.69,1.43,1.1929166666666666
-6.7,5,11,1,7,5,1.19,0.43,1.1979166666666667
32.4,5,12,1,7,5,0.55,1.49,1.18625
12.5,4,14,1,7,5,1.21,1.18,1.19875
8.4,5,15,1,7,5,1.48,1.97,1.1441666666666666
29.3,2,16,1,7,5,0.66,1.17,1.1500000000000001
19.8,3,18,1,7,5,1.31,0.82,1.1704166666666667
12.3,2,19,1,7,5,1.31,1.98,1.12875
-5.6,1,19,1,7,5,0.98,1.99,1.06375
3.8,5,20,1,7,5,0.43,1.29,1.0395833333333333
26.9,3,20,1,7,5,0.71,0.48,1.0879166666666666
30.6,4,21,1,7,5,1.64,0.82,1.1075000000000002
30.7,2,21,1,7,5,1.29,1.17,1.0708333333333333
25.6,5,22,1,7,5,0.29,1.58,1.0445833333333334
7.2,4,23,1,7,5,0.95,0.31,1.0529166666666667
37.8,1,23,1,7,5,0.51,0.87,1.0854166666666667
5.3,2,23,1,7,5,1.65,1.68,1.055
-8.3,5,0,2,7,6,0.95,1.87,0.9908333333333333
35.9,5,1,2,7,6,0.33,1.96,0.9904166666666666
11.3,5,4,2,7,6,1.95,0.42,0.9824999999999999
39.9,3,4,2,7,6,0.23,1.08,0.9766666666666666
30.3,3,5,2,7,6,0.94,1.03,0.9824999999999999
-4.1,3,6,2,7,6,1.17,1.16,1.0129166666666667
18.2,2,6,2,7,6,1.89,0.69,1.0470833333333334
14.7,4,8,2,7,6,1.51,1.19,1.0720833333333333
11.9,1,8,2,7,6,1.79,0.55,1.1320833333333333
31.2,5,9,2,7,6,1.99,1.21,1.1558333333333335
-9.6,2,9,2,7,6,1.78,1.48,1.1045833333333335
31.0,5,10,2,7,6,0.25,0.66,1.0954166666666667
-8.0,5,10,2,7,6,0.44,1.31,1.1120833333333333
21.9,2,10,2,7,6,1.71,1.31,1.0820833333333333
-1.4,4,10,2,7,6,0.59,0.98,1.075
33.9,4,12,2,7,6,0.81,0.43,1.1108333333333333
37.1,3,14,2,7,6,1.29,0.71,1.105
-4.1,2,14,2,7,6,0.57,1.64,1.0954166666666667
32.8,1,15,2,7,6,1.41,1.29,1.0745833333333332
9.6,4,16,2,7,6,0.79,0.29,1.1333333333333333
23.1,2,16,2,7,6,1.7,0.95,1.1616666666666666
22.4,4,18,2,7,6,1.63,0.51,1.1841666666666666
12.4,2,20,2,7,6,1.05,1.65,1.1512499999999999
15.1,4,22,2,7,6,0.86,0.95,1.1725
-6.3,5,22,2,7,6,1.46,0.33,1.20625
8.4,1,23,2,7,6,1.14,1.95,1.1624999999999999
-8.6,1,23,2,7,6,0.9,0.23,1.2016666666666667
36.1,2,23,2,7,6,1.17,0.94,1.20625
6.1,4,1,3,7,0,1.05,1.17,1.2004166666666667
15.4,2,1,3,7,0,1.03,1.89,1.1395833333333332
0.2,3,2,3,7,0,0.43,1.51,1.1441666666666668
6.6,2,2,3,7,0,1.62,1.79,1.0779166666666666
15.2,2,3,3,7,0,0.2,1.99,1.0574999999999999
24.9,3,4,3,7,0,1.5,1.78,1.0258333333333332
39.4,4,4,3,7,0,1.02,0.25,1.0533333333333332
30.0,1,6,3,7,0,0.91,0.44,1.08125
-4.2,5,7,3,7,0,1.11,1.71,1.0595833333333333
-5.1,4,7,3,7,0,1.19,0.59,1.0666666666666667
3.2,4,8,3,7,0,0.76,0.81,1.0599999999999998
3.4,1,9,3,7,0,0.65,1.29,1.0208333333333333
13.8,4,9,3,7,0,0.35,0.57,1.0775
10.0,2,11,3,7,0,1.93,1.41,1.0933333333333333
18.6,1,12,3,7,0,1.79,0.79,1.1358333333333333
8.5,2,16,3,7,0,1.81,1.7,1.0866666666666667
5.6,3,16,3,7,0,0.52,1.63,1.0729166666666667
-6.3,1,16,3,7,0,1.3,1.05,1.06
-5.2,5,17,3,7,0,0.74,0.86,1.0383333333333333
-3.9,2,22,3,7,0,0.34,1.46,1.02
35.2,2,22,3,7,0,1.02,1.14,0.9925
21.9,4,1,4,7,1,0.48,0.9,1.0241666666666667
2.4,1,2,4,7,1,1.66,1.17,1.0
34.0,4,3,4,7,1,0.59,1.05,1.0108333333333333
33.4,4,3,4,7,1,1.31,1.03,0.9945833333333334
2.7,5,3,4,7,1,0.64,0.43,1.0445833333333334
17.6,5,4,4,7,1,1.63,1.62,1.0329166666666667
33.8,2,6,4,7,1,1.34,0.2,1.0608333333333333
18.6,3,7,4,7,1,0.87,1.5,1.0425
14.4,4,7,4,7,1,1.06,1.02,1.0620833333333335
-1.1,1,7,4,7,1,1.49,0.91,1.0654166666666667
3.8,4,7,4,7,1,0.99,1.11,1.0683333333333334
0.5,2,8,4,7,1,1.18,1.19,1.0516666666666667
21.8,1,10,4,7,1,0.79,0.76,1.0758333333333334
12.5,1,11,4,7,1,1.34,0.65,1.0829166666666667
32.1,5,13,4,7,1,0.82,0.35,1.1424999999999998
12.9,1,14,4,7,1,1.78,1.93,1.1245833333333333
21.4,3,14,4,7,1,1.5,1.79,1.0608333333333333
9.3,2,15,4,7,1,0.26,1.81,0.9970833333333333
2.7,4,15,4,7,1,0.28,0.52,1.03375
18.2,5,16,4,7,1,1.4,1.3,1.0358333333333334
26.8,3,18,4,7,1,1.35,0.74,1.0491666666666666
37.9,1,18,4,7,1,1.06,0.34,1.0783333333333334
11.5,1,20,4,7,1,1.04,1.02,1.0979166666666667
30.8,1,20,4,7,1,1.49,0.48,1.1491666666666667
6.6,2,20,4,7,1,1.71,1.66,1.1445833333333333
23.0,3,21,4,7,1,1.55,0.59,1.2
6.3,1,22,4,7,1,1.92,1.31,1.155
4.2,4,23,4,7,1,0.23,0.64,1.1979166666666667
32.8,2,23,4,7,1,1.67,1.63,1.1775
1.1,2,23,4,7,1,1.14,1.34,1.19875
-1.1,4,23,4,7,1,1.85,0.87,1.2170833333333333
-6.3,3,0,5,7,2,1.31,1.06,1.2120833333333334
9.4,4,1,5,7,2,0.94,1.49,1.1933333333333334
0.5,2,1,5,7,2,1.04,0.99,1.1995833333333332
38.8,3,1,5,7,2,1.14,1.18,1.17375
7.8,2,3,5,7,2,0.56,0.79,1.1829166666666666
13.7,1,4,5,7,2,1.01,1.34,1.21
4.5,4,5,5,7,2,1.99,0.82,1.1849999999999998
26.9,2,5,5,7,2,0.22,1.78,1.1670833333333335
34.0,3,6,5,7,2,1.35,1.5,1.1275000000000002
6.9,5,7,5,7,2,0.55,0.26,1.1325
35.0,3,7,5,7,2,0.38,0.28,1.1741666666666666
1.7,1,8,5,7,2,1.28,1.4,1.1891666666666667
27.0,2,8,5,7,2,1.76,1.35,1.1920833333333334
31.8,1,10,5,7,2,1.42,1.06,1.2183333333333333
-2.6,4,11,5,7,2,1.69,1.04,1.1983333333333335
3.9,5,13,5,7,2,0.56,1.49,1.1858333333333333
36.9,1,14,5,7,2,1.19,1.71,1.1291666666666667
-9.0,2,14,5,7,2,0.35,1.55,1.1079166666666667
21.5,4,14,5,7,2,1.04,1.92,1.055
37.6,1,14,5,7,2,0.65,0.23,1.1070833333333332
25.7,3,17,5,7,2,1.48,1.67,1.1166666666666667
18.0,3,18,5,7,2,1.9,1.14,1.1079166666666667
-9.8,3,19,5,7,2,0.93,1.85,1.04375
32.5,2,19,5,7,2,0.31,1.31,1.0291666666666666
-0.3,4,21,5,7,2,0.96,0.94,1.055
21.6,1,22,5,7,2,1.56,1.04,1.0483333333333333
2.5,2,23,5,7,2,0.88,1.14,1.0433333333333334
-7.7,2,23,5,7,2,1.02,0.56,1.0866666666666667
4.6,1,0,6,7,3,1.6,1.01,1.1216666666666668
9.2,4,1,6,7,3,1.85,1.99,1.0933333333333333
34.0,1,3,6,7,3,1.31,0.22,1.1075000000000002
-6.5,1,3,6,7,3,0.56,1.35,1.1295833333333334
7.1,5,3,6,7,3,1.88,0.55,1.1245833333333333
13.7,2,5,6,7,3,0.43,0.38,1.1879166666666665
2.1,5,6,6,7,3,1.9,1.28,1.1658333333333333
-5.4,4,6,6,7,3,0.75,1.76,1.1058333333333332
31.9,2,7,6,7,3,0.32,1.42,1.0625
36.2,4,7,6,7,3,0.38,1.69,1.0337500000000002
5.3,4,8,6,7,3,1.0,0.56,1.0708333333333333
-1.4,1,8,6,7,3,1.45,1.19,1.0329166666666667
-3.1,1,9,6,7,3,0.28,0.35,1.0995833333333334
-0.6,3,11,6,7,3,1.95,1.04,1.1295833333333334
20.0,5,11,6,7,3,1.76,0.65,1.1208333333333333
25.5,5,11,6,7,3,0.44,1.48,1.13375
39.0,1,13,6,7,3,1.79,1.9,1.07875
19.1,3,14,6,7,3,0.58,0.93,1.0729166666666667
16.2,1,17,6,7,3,0.79,0.31,1.1095833333333334
18.4,5,19,6,7,3,1.19,0.96,1.1429166666666666
22.2,4,20,6,7,3,1.76,1.56,1.0966666666666667
20.9,5,21,6,7,3,0.45,0.88,1.1204166666666666
15.8,1,0,7,7,4,1.45,1.02,1.1104166666666666
19.4,2,1,7,7,4,0.78,1.6,1.0820833333333335
-4.7,1,1,7,7,4,0.92,1.85,1.07125
11.0,5,2,7,7,4,1.59,1.31,1.0733333333333335
-7.8,3,3,7,7,4,1.36,0.56,1.075
4.7,3,3,7,7,4,0.6,1.88,1.04125
8.7,1,4,7,7,4,1.07,0.43,1.07875
-9.7,2,5,7,7,4,1.33,1.9,1.0654166666666667
8.3,2,5,7,7,4,1.58,0.75,1.0966666666666667
11.8,5,6,7,7,4,1.5,0.32,1.1175
32.7,4,7,7,7,4,0.82,0.38,1.1775
14.9,4,7,7,7,4,1.82,1.0,1.1866666666666668
9.8,1,7,7,7,4,1.22,1.45,1.1954166666666668
10.5,3,7,7,7,4,1.66,0.28,1.2525000000000002
1.2,1,8,7,7,4,1.65,1.95,1.2479166666666666
25.7,2,9,7,7,4,1.84,1.76,1.1925000000000001
19.5,1,10,7,7,4,0.43,0.44,1.21625
2.0,5,10,7,7,4,1.01,1.79,1.1808333333333334
2.9,3,14,7,7,4,0.94,0.58,1.1808333333333334
31.5,4,14,7,7,4,0.58,0.79,1.2041666666666666
-0.7,1,14,7,7,4,1.35,1.19,1.2241666666666668
6.4,5,15,7,7,4,1.67,1.76,1.1929166666666666
-3.9,2,15,7,7,4,1.01,0.45,1.2225
35.3,3,15,7,7,4,1.16,1.45,1.2041666666666668
23.9,1,15,7,7,4,1.01,0.78,1.2004166666666667
18.5,2,16,7,7,4,0.69,0.92,1.2395833333333333
30.0,5,16,7,7,4,1.86,1.59,1.1849999999999998
7.0,3,17,7,7,4,0.28,1.36,1.1970833333333333
27.0,3,19,7,7,4,1.65,0.6,1.1970833333333333
-4.7,3,19,7,7,4,0.6,1.07,1.16625
-3.2,5,19,7,7,4,0.33,1.33,1.1683333333333332
6.1,5,20,7,7,4,1.38,1.58,1.1395833333333334
19.6,4,20,7,7,4,0.89,1.5,1.1558333333333335
4.4,3,0,8,7,5,1.89,0.82,1.1583333333333334
35.4,5,3,8,7,5,0.88,1.82,1.1045833333333335
14.2,3,4,8,7,5,0.53,1.22,1.0733333333333333
36.8,5,5,8,7,5,0.47,1.66,1.03875
36.4,3,5,8,7,5,0.83,1.65,1.0404166666666665
26.3,5,6,8,7,5,1.69,1.84,1.0245833333333334
-2.3,3,8,8,7,5,1.46,0.43,1.0483333333333333
34.6,3,9,8,7,5,1.0,1.01,1.04625
26.1,2,10,8,7,5,0.96,0.94,1.0633333333333332
3.8,5,10,8,7,5,1.35,0.58,1.05375
-9.9,1,11,8,7,5,0.35,1.35,1.0129166666666667
20.4,4,12,8,7,5,0.37,1.67,0.9741666666666666
25.3,3,12,8,7,5,0.74,1.01,0.9479166666666666
26.5,3,12,8,7,5,0.38,1.16,0.9804166666666667
-3.2,3,13,8,7,5,1.94,1.01,0.9937499999999999
18.7,2,13,8,7,5,1.33,0.69,1.01
-2.8,5,14,8,7,5,1.08,1.86,0.9916666666666666
2.1,4,14,8,7,5,1.42,0.28,0.9929166666666668
0.6,4,16,8,7,5,0.31,1.65,0.9516666666666667
22.1,3,17,8,7,5,0.66,0.6,0.9979166666666667
30.3,5,17,8,7,5,1.71,0.33,1.0454166666666667
-8.5,2,18,8,7,5,1.47,1.38,1.0445833333333334
10.6,4,18,8,7,5,1.36,0.89,1.04
3.7,5,18,8,7,5,0.78,1.89,1.0179166666666666
24.0,2,18,8,7,5,1.36,0.88,1.06375
-6.5,2,19,8,7,5,1.98,0.53,1.1133333333333333
6.4,5,19,8,7,5,1.72,0.47,1.1604166666666667
17.9,3,21,8,7,5,1.6,0.83,1.1691666666666667
28.1,2,21,8,7,5,1.04,1.69,1.1512499999999999
26.3,3,22,8,7,5,1.26,1.46,1.15625
14.1,1,23,8,7,5,1.58,1.0,1.1725
29.2,3,1,9,7,6,1.39,0.96,1.1775
-4.9,1,1,9,7,6,1.08,1.35,1.1808333333333334
13.9,1,2,9,7,6,1.43,0.35,1.2354166666666666
29.6,1,2,9,7,6,1.66,0.37,1.2495833333333333
19.1,4,4,9,7,6,0.71,0.74,1.2895833333333333
0.8,2,4,9,7,6,1.7,0.38,1.3
35.2,1,5,9,7,6,0.63,1.94,1.2545833333333334
-8.5,3,6,9,7,6,0.85,1.33,1.2658333333333334
36.5,2,6,9,7,6,1.6,1.08,1.25125
6.2,5,7,9,7,6,0.73,1.42,1.20875
-7.2,3,7,9,7,6,0.4,0.31,1.2258333333333333
20.7,5,8,9,7,6,0.72,0.66,1.23125
22.3,5,8,9,7,6,0.79,1.71,1.2433333333333334
39.0,2,8,9,7,6,2.0,1.47,1.2275
21.9,3,8,9,7,6,1.09,1.36,1.2254166666666666
-4.1,4,12,9,7,6,1.31,0.78,1.2708333333333333
0.1,3,13,9,7,6,1.87,1.36,1.2362499999999998
10.5,5,14,9,7,6,0.53,1.98,1.2091666666666667
8.1,4,16,9,7,6,1.33,1.72,1.19125
26.7,1,16,9,7,6,1.29,1.6,1.2033333333333334
-8.2,4,17,9,7,6,1.89,1.04,1.1770833333333333
-1.8,3,17,9,7,6,0.41,1.26,1.1616666666666668
22.2,4,17,9,7,6,0.89,1.58,1.1083333333333334
18.4,5,18,9,7,6,0.3,1.39,1.13
-7.6,2,18,9,7,6,1.91,1.08,1.1508333333333334
22.6,5,19,9,7,6,1.58,1.43,1.1241666666666668
-6.3,2,20,9,7,6,0.79,1.66,1.0945833333333332
16.6,2,20,9,7,6,0.95,0.71,1.0995833333333334
32.5,3,21,9,7,6,0.83,1.7,1.0370833333333334
18.4,3,21,9,7,6,0.2,0.63,1.05125
27.0,4,21,9,7,6,0.97,0.85,1.0366666666666666
8.6,1,23,9,7,6,0.5,1.6,1.0041666666666667
3.0,3,23,9,7,6,0.82,0.73,1.03375
10.4,2,2,10,7,0,1.44,0.4,1.06
-1.6,5,2,10,7,0,1.03,0.72,1.0858333333333334
24.5,4,3,10,7,0,1.34,0.79,1.0920833333333333
37.6,3,3,10,7,0,0.94,2.0,1.0245833333333334
33.9,3,4,10,7,0,0.38,1.09,1.055
11.1,5,5,10,7,0,1.82,1.31,1.0754166666666667
21.5,5,5,10,7,0,1.8,1.87,1.0554166666666667
14.4,3,6,10,7,0,1.39,0.53,1.0691666666666666
38.8,2,11,10,7,0,0.86,1.33,1.03
8.9,3,11,10,7,0,0.39,1.29,1.0516666666666667
-6.5,2,13,10,7,0,1.81,1.89,0.9854166666666666
19.9,2,13,10,7,0,0.3,0.41,1.0362500000000001
35.2,5,14,10,7,0,1.63,0.89,1.0616666666666668
15.6,3,14,10,7,0,1.5,0.3,1.06125
0.4,2,16,10,7,0,0.29,1.91,1.0466666666666666
-3.8,5,16,10,7,0,1.56,1.58,1.0504166666666668
11.3,1,19,10,7,0,1.67,0.79,1.0316666666666667
28.9,3,19,10,7,0,0.34,0.95,1.00125
15.3,5,20,10,7,0,0.22,0.83,0.9975
-5.6,4,21,10,7,0,0.74,0.2,1.0145833333333334
39.7,2,23,10,7,0,0.61,0.97,1.0033333333333334
29.9,2,23,10,7,0,0.7,0.5,0.9908333333333333
6.0,2,23,10,7,0,0.2,0.82,1.0008333333333335
26.2,3,23,10,7,0,1.06,1.44,0.9716666666666667
26.1,5,23,10,7,0,0.74,1.03,0.9474999999999999
22.3,2,0,11,7,1,0.45,1.34,0.96
12.1,5,0,11,7,1,1.64,0.94,0.93125
20.7,1,1,11,7,1,0.25,0.38,0.9312499999999999
-8.5,4,3,11,7,1,0.38,1.82,0.8995833333333333
11.8,4,4,11,7,1,1.06,1.8,0.8375
1.5,5,4,11,7,1,0.31,1.39,0.8562500000000001
6.6,1,4,11,7,1,1.84,0.86,0.84
-5.5,2,5,11,7,1,0.47,0.39,0.88
-8.1,3,6,11,7,1,1.35,1.81,0.8408333333333333
29.9,1,7,11,7,1,0.87,0.3,0.8825
36.0,4,9,11,7,1,1.3,1.63,0.8445833333333334
33.4,1,10,11,7,1,0.72,1.5,0.8275
35.0,4,10,11,7,1,1.09,0.29,0.8816666666666667
8.8,2,10,11,7,1,1.59,1.56,0.8995833333333333
39.8,2,10,11,7,1,1.99,1.67,0.88125
-1.2,5,11,11,7,1,1.23,0.34,0.8908333333333333
33.5,4,11,11,7,1,0.57,0.22,0.9483333333333334
38.4,1,12,11,7,1,1.6,0.74,0.9645833333333332
5.3,4,12,11,7,1,1.13,0.61,0.9479166666666666
25.0,4,12,11,7,1,0.21,0.7,0.9470833333333334
26.8,4,13,11,7,1,0.68,0.2,0.9983333333333334
39.8,4,13,11,7,1,1.43,1.06,1.01125
17.7,1,13,11,7,1,1.37,0.74,1.0183333333333333
36.0,5,14,11,7,1,0.91,0.45,1.0166666666666668
18.0,2,16,11,7,1,0.41,1.64,0.9608333333333333
28.9,3,16,11,7,1,0.3,0.25,0.9883333333333333
29.0,2,16,11,7,1,0.91,0.38,1.035
23.2,3,16,11,7,1,1.5,1.06,1.0029166666666667
18.2,5,17,11,7,1,0.29,0.31,1.0262499999999999
-2.2,5,19,11,7,1,0.87,1.84,0.9645833333333332
9.9,4,22,11,7,1,0.36,0.47,0.9670833333333334
6.5,1,22,11,7,1,0.53,1.35,0.9270833333333334
17.6,3,22,11,7,1,0.39,0.87,0.9458333333333333
7.9,1,22,11,7,1,1.32,1.3,0.94875
0.3,5,23,11,7,1,1.37,0.72,0.9629166666666666
35.1,3,23,11,7,1,1.06,1.09,0.9816666666666666
33.2,2,23,11,7,1,1.54,1.59,0.9479166666666666
38.3,2,0,12,7,2,0.78,1.99,0.9187500000000001
38.4,3,1,12,7,2,1.29,1.23,0.9366666666666666
7.2,1,2,12,7,2,1.66,0.57,0.9695833333333334
38.0,1,2,12,7,2,1.36,1.6,0.9233333333333333
13.6,1,4,12,7,2,0.49,1.13,0.9325
25.1,4,6,12,7,2,1.35,0.21,0.9704166666666666
34.4,3,7,12,7,2,1.12,0.68,1.0129166666666667
-7.6,5,7,12,7,2,1.7,1.43,1.015
38.6,4,7,12,7,2,1.48,1.37,0.9754166666666667
8.3,3,10,12,7,2,0.42,0.91,1.0133333333333334
3.7,2,11,12,7,2,1.82,0.41,1.0229166666666665
37.7,1,12,12,7,2,0.64,0.3,1.0650000000000002
-6.1,3,14,12,7,2,1.31,0.91,1.0395833333333335
13.4,5,15,12,7,2,0.3,1.5,1.0129166666666667
26.6,4,15,12,7,2,0.86,0.29,1.0479166666666666
37.9,4,18,12,7,2,1.13,0.87,1.0904166666666668
27.8,3,18,12,7,2,1.89,0.36,1.1441666666666668
14.6,3,18,12,7,2,1.65,0.53,1.1633333333333333
13.4,4,19,12,7,2,0.99,0.39,1.1779166666666667
0.4,2,19,12,7,2,0.74,1.32,1.1624999999999999
0.3,5,19,12,7,2,0.95,1.37,1.1208333333333333
1.9,3,20,12,7,2,0.37,1.06,1.14125
17.2,2,20,12,7,2,1.55,1.54,1.1066666666666667
-2.8,5,20,12,7,2,0.71,0.78,1.1354166666666667
-8.3,5,23,12,7,2,1.47,1.29,1.1033333333333333
29.7,5,23,12,7,2,0.52,1.66,1.0845833333333335
15.1,4,3,13,7,3,1.21,1.36,1.0383333333333333
29.1,2,5,13,7,3,0.25,0.49,1.0754166666666667
26.3,3,5,13,7,3,1.38,1.35,1.04625
8.9,3,6,13,7,3,0.65,1.12,1.0095833333333333
14.3,3,6,13,7,3,0.24,1.7,0.9987499999999999
39.8,1,7,13,7,3,1.44,1.48,0.9708333333333333
-1.3,2,8,13,7,3,0.81,0.42,0.9620833333333333
-0.3,3,11,13,7,3,0.21,1.82,0.9537499999999999
27.3,3,12,13,7,3,1.62,0.64,1.0
28.9,3,12,13,7,3,1.75,1.31,0.985
11.4,1,13,13,7,3,0.95,0.3,1.03625
13.3,5,13,13,7,3,1.53,0.86,1.0508333333333333
35.1,1,14,13,7,3,1.21,1.13,1.0404166666666665
16.2,5,14,13,7,3,0.88,1.89,1.0095833333333333
2.2,3,16,13,7,3,1.15,1.65,1.0004166666666667
38.3,2,17,13,7,3,1.43,0.99,0.9933333333333333
-6.4,4,18,13,7,3,0.82,0.74,1.0108333333333333
29.4,1,19,13,7,3,1.16,0.95,1.03
-8.4,2,19,13,7,3,1.41,0.37,1.0354166666666667
0.3,2,23,13,7,3,0.5,1.55,1.0258333333333332
10.5,1,0,14,7,4,1.32,0.71,1.0170833333333331
-5.8,4,3,14,7,4,0.5,1.47,0.9679166666666666
2.6,1,3,14,7,4,0.29,0.52,0.98
18.3,2,4,14,7,4,0.81,1.21,0.98625
25.9,5,5,14,7,4,1.36,0.25,1.0545833333333332
6.0,4,8,14,7,4,1.89,1.38,1.0541666666666667
26.1,1,9,14,7,4,1.37,0.65,1.0541666666666667
-2.7,5,10,14,7,4,0.65,0.24,1.0983333333333334
22.6,1,13,14,7,4,1.3,1.44,1.1045833333333335
38.4,3,14,14,7,4,1.59,0.81,1.0799999999999998
36.9,5,15,14,7,4,0.22,0.21,1.1512499999999999
36.0,1,15,14,7,4,1.92,1.62,1.15125
12.4,1,15,14,7,4,1.62,1.75,1.1591666666666667
-7.5,4,16,14,7,4,1.94,0.95,1.1833333333333333
35.9,2,17,14,7,4,1.53,1.53,1.1479166666666667
21.2,4,18,14,7,4,0.68,1.21,1.1575
39.6,4,21,14,7,4,1.44,0.88,1.14625
14.3,1,21,14,7,4,0.61,1.15,1.13
-5.9,2,21,14,7,4,0.76,1.43,1.1370833333333332
37.6,3,21,14,7,4,1.6,0.82,1.16625
-2.4,2,23,14,7,4,1.52,1.16,1.1970833333333333
20.7,2,0,15,7,5,1.9,1.41,1.1670833333333335
32.1,5,1,15,7,5,0.69,0.5,1.22625
18.9,3,2,15,7,5,1.92,1.32,1.2408333333333335
4.4,1,3,15,7,5,1.67,0.5,1.3020833333333333
38.0,3,3,15,7,5,1.97,0.29,1.3341666666666665
7.9,4,3,15,7,5,1.06,0.81,1.33625
40.0,5,4,15,7,5,0.86,1.36,1.31125
1.3,4,4,15,7,5,0.76,1.89,1.2416666666666667
5.7,5,7,15,7,5,0.22,1.37,1.22375
10.6,4,8,15,7,5,0.94,0.65,1.2208333333333334
2.7,2,9,15,7,5,0.58,1.3,1.1816666666666666
30.8,4,9,15,7,5,0.36,1.59,1.19625
10.7,1,11,15,7,5,1.94,0.22,1.2404166666666667
31.4,5,11,15,7,5,1.28,1.92,1.2316666666666667
-9.1,2,12,15,7,5,1.71,1.62,1.1866666666666665
7.4,4,12,15,7,5,0.54,1.94,1.1429166666666666
30.8,1,13,15,7,5,0.89,1.53,1.125
-8.4,4,13,15,7,5,1.1,0.68,1.1079166666666667
24.9,3,13,15,7,5,0.27,1.44,1.105
-2.6,1,14,15,7,5,1.37,0.61,1.12875
29.0,1,14,15,7,5,1.18,0.76,1.1320833333333333
18.5,2,15,15,7,5,0.84,1.6,1.0758333333333334
-2.6,1,15,15,7,5,0.25,1.52,1.0770833333333334
5.4,1,15,15,7,5,1.55,1.9,1.0445833333333334
20.1,4,15,15,7,5,1.12,0.69,1.0516666666666667
18.5,1,16,15,7,5,0.86,1.92,1.0133333333333334
31.5,4,19,15,7,5,1.0,1.67,1.0091666666666665
22.9,5,19,15,7,5,1.57,1.97,0.9870833333333334
7.4,2,20,15,7,5,1.44,1.06,0.9779166666666667
15.9,1,21,15,7,5,0.84,0.86,0.9995833333333333
16.8,2,22,15,7,5,1.38,0.76,1.0075
0.7,5,23,15,7,5,0.95,0.22,1.0641666666666667
-1.3,1,23,15,7,5,1.58,0.94,1.04375
11.6,5,0,16,7,6,0.45,0.58,1.0825
24.8,1,2,16,7,6,1.51,0.36,1.1133333333333333
-2.8,2,2,16,7,6,1.1,1.94,1.0920833333333333
5.0,3,5,16,7,6,1.43,1.28,1.0554166666666667
10.2,5,5,16,7,6,0.4,1.71,1.0508333333333333
-1.7,5,5,16,7,6,1.6,0.54,1.0616666666666668
34.9,1,7,16,7,6,0.8,0.89,1.1041666666666667
7.0,1,8,16,7,6,1.91,1.1,1.1379166666666667
1.4,5,10,16,7,6,1.91,0.27,1.16375
30.6,2,11,16,7,6,0.89,1.37,1.1566666666666665
7.4,1,11,16,7,6,1.2,1.18,1.12125
36.0,1,15,16,7,6,0.33,0.84,1.1341666666666665
-1.0,5,15,16,7,6,1.15,0.25,1.19125
-6.1,1,16,16,7,6,1.62,1.55,1.1883333333333332
14.5,2,17,16,7,6,1.48,1.12,1.2145833333333333
39.8,3,17,16,7,6,1.75,0.86,1.2479166666666666
27.9,3,18,16,7,6,1.66,1.0,1.2479166666666666
29.4,1,18,16,7,6,1.0,1.57,1.2366666666666666
23.1,5,18,16,7,6,1.3,1.44,1.1979166666666667
26.2,4,18,16,7,6,0.51,0.84,1.1870833333333335
-3.7,5,19,16,7,6,0.58,1.38,1.1404166666666666
17.6,3,20,16,7,6,0.26,0.95,1.1304166666666666
19.5,2,21,16,7,6,0.71,1.58,1.1108333333333333
22.3,3,21,16,7,6,1.11,0.45,1.1408333333333334
26.4,4,21,16,7,6,1.17,1.51,1.15875
29.9,2,22,16,7,6,1.94,1.1,1.1658333333333333
-9.3,1,23,16,7,6,1.27,1.43,1.1341666666666665
27.2,1,23,16,7,6,0.67,0.4,1.1833333333333333
30.2,1,23,16,7,6,1.58,1.6,1.19125
21.7,3,0,17,7,0,1.79,0.8,1.1704166666666667
22.6,4,1,17,7,0,0.3,1.91,1.13625
3.7,3,1,17,7,0,1.09,1.91,1.0916666666666666
9.9,4,2,17,7,0,0.84,0.89,1.1258333333333332
28.8,3,2,17,7,0,1.71,1.2,1.1429166666666666
13.9,5,2,17,7,0,1.61,0.33,1.1691666666666667
17.7,2,3,17,7,0,0.96,1.15,1.1300000000000001
0.2,4,3,17,7,0,0.21,1.62,1.0833333333333333
32.7,2,3,17,7,0,0.5,1.48,1.10125
-9.3,4,3,17,7,0,1.91,1.75,1.0579166666666666
-1.3,4,4,17,7,0,0.71,1.66,1.0158333333333334
36.0,4,4,17,7,0,0.65,1.0,0.9891666666666666
-5.9,3,4,17,7,0,0.36,1.3,0.9858333333333332
30.2,3,4,17,7,0,1.22,0.51,0.9966666666666667
18.5,1,5,17,7,0,0.77,0.58,1.0045833333333334
26.3,4,5,17,7,0,0.77,0.26,1.0325
27.1,3,8,17,7,0,0.93,0.71,1.0829166666666665
20.9,1,8,17,7,0,1.92,1.11,1.1125
23.2,4,8,17,7,0,1.82,1.17,1.145
25.1,4,10,17,7,0,1.95,1.94,1.12125
1.3,1,11,17,7,0,1.37,1.27,1.1387500000000002
18.4,1,11,17,7,0,1.69,0.67,1.1279166666666667
22.0,1,11,17,7,0,0.41,1.58,1.1133333333333335
10.8,4,12,17,7,0,1.23,1.79,1.0675
4.9,3,12,17,7,0,0.69,0.3,1.1175
9.7,4,16,17,7,0,1.5,1.09,1.0875000000000001
18.5,1,17,17,7,0,0.37,0.84,1.09375
-5.2,5,18,17,7,0,0.99,1.71,1.035
24.4,3,19,17,7,0,0.3,1.61,1.0016666666666667
-4.0,5,19,17,7,0,0.81,0.96,1.0033333333333332
-2.3,2,19,17,7,0,1.0,0.21,1.0062499999999999
32.6,3,20,17,7,0,0.28,0.5,1.0208333333333333
30.3,5,21,17,7,0,0.85,1.91,1.0133333333333334
-3.3,5,21,17,7,0,1.73,0.71,1.0525
7.3,1,23,17,7,0,1.65,0.65,1.0645833333333334
29.3,5,23,17,7,0,0.94,0.36,1.1312499999999999
23.1,4,23,17,7,0,1.96,1.22,1.1116666666666666
26.7,5,0,18,7,1,0.75,0.77,1.1195833333333332
29.0,3,1,18,7,1,0.96,0.77,1.1137499999999998
1.0,5,1,18,7,1,0.63,0.93,1.0875
24.3,1,3,18,7,1,0.3,1.92,1.075
-5.2,2,3,18,7,1,1.62,1.82,1.0804166666666666
-9.4,2,3,18,7,1,1.95,1.95,1.0129166666666667
11.8,4,7,18,7,1,0.33,1.37,0.9725
7.4,3,7,18,7,1,0.4,1.69,0.9683333333333333
28.3,1,9,18,7,1,1.59,0.41,1.0295833333333333
26.1,2,9,18,7,1,1.88,1.23,1.0058333333333331
7.0,1,10,18,7,1,0.66,0.69,1.0025
28.2,2,10,18,7,1,0.61,1.5,0.9708333333333333
1.6,3,11,18,7,1,0.74,0.37,0.9941666666666666
8.2,2,11,18,7,1,0.93,0.99,1.0050000000000001
14.4,5,11,18,7,1,1.25,0.3,1.00875
9.1,1,11,18,7,1,0.39,0.81,1.0445833333333332
-2.7,3,13,18,7,1,1.67,1.0,1.0225000000000002
3.3,4,15,18,7,1,0.47,0.28,1.0608333333333333
35.1,2,15,18,7,1,1.2,0.85,1.0470833333333334
11.8,3,17,18,7,1,0.52,1.73,1.0208333333333333
22.2,5,18,18,7,1,1.1,1.65,0.9824999999999999
4.8,5,18,18,7,1,0.73,0.94,0.9904166666666666
34.2,1,19,18,7,1,1.13,1.96,0.9870833333333334
11.7,1,19,18,7,1,1.88,0.75,0.9720833333333334
5.0,2,19,18,7,1,0.39,0.96,0.9495833333333333
22.8,5,19,18,7,1,0.42,0.63,0.9641666666666667
13.8,1,21,18,7,1,0.98,0.3,1.0241666666666667
-1.1,1,22,18,7,1,1.74,1.62,1.0066666666666666
4.6,2,1,19,7,2,1.2,1.95,1.0029166666666667
3.5,3,4,19,7,2,1.86,0.33,1.03125
0.2,1,4,19,7,2,1.01,0.4,1.075
-1.2,5,5,19,7,2,1.45,1.59,1.0175
28.4,1,5,19,7,2,0.21,1.88,1.0033333333333334
35.2,2,5,19,7,2,1.54,0.66,1.0145833333333334
27.9,2,9,19,7,2,0.93,0.61,1.0629166666666667
32.1,1,10,19,7,2,1.77,0.74,1.0891666666666666
3.8,3,11,19,7,2,1.37,0.93,1.1300000000000001
3.8,5,12,19,7,2,1.91,1.25,1.10875
3.4,3,13,19,7,2,0.74,0.39,1.11875
25.6,3,15,19,7,2,0.63,1.67,1.0683333333333334
38.6,3,15,19,7,2,0.46,0.47,1.0745833333333332
-9.2,3,17,19,7,2,0.62,1.2,1.07375
-5.5,5,18,19,7,2,1.18,0.52,1.0654166666666667
14.1,1,20,19,7,2,0.32,1.1,1.09375
31.7,1,20,19,7,2,1.78,0.73,1.0958333333333334
35.0,1,20,19,7,2,0.78,1.13,1.0945833333333332
-8.4,1,22,19,7,2,1.1,1.88,1.03375
18.5,2,22,19,7,2,0.42,0.39,1.0395833333333333
3.5,2,23,19,7,2,0.53,0.42,1.0962500000000002
36.2,1,23,19,7,2,1.78,0.98,1.1129166666666668
20.9,1,23,19,7,2,1.38,1.74,1.0491666666666666
21.7,2,23,19,7,2,0.21,1.2,1.0816666666666668
28.7,4,1,20,7,3,1.98,1.86,1.05375
27.0,3,1,20,7,3,1.19,1.01,1.0799999999999998
22.0,4,3,20,7,3,1.64,1.45,1.04
29.2,4,6,20,7,3,0.49,0.21,1.0804166666666666
2.2,5,6,20,7,3,1.18,1.54,1.0262499999999999
28.2,3,8,20,7,3,0.24,0.93,1.0358333333333334
-9.8,4,9,20,7,3,1.16,1.77,0.9833333333333334
-6.2,3,9,20,7,3,0.51,1.37,0.9395833333333332
-8.4,1,10,20,7,3,0.32,1.91,0.9116666666666666
-2.9,1,13,20,7,3,1.24,0.74,0.9091666666666667
9.8,5,13,20,7,3,0.68,0.63,0.92
27.3,3,13,20,7,3,0.89,0.46,0.9304166666666668
6.5,4,13,20,7,3,0.71,0.62,0.96375
20.8,2,14,20,7,3,1.42,1.18,0.9295833333333333
6.1,5,16,20,7,3,0.36,0.32,0.9383333333333334
1.4,4,17,20,7,3,0.53,1.78,0.8937499999999999
25.9,1,17,20,7,3,0.71,0.78,0.9170833333333334
6.8,4,18,20,7,3,1.34,1.1,0.88125
28.2,3,18,20,7,3,0.24,0.42,0.9087500000000001
17.0,4,19,20,7,3,1.08,0.53,0.8962500000000001
-7.8,2,19,20,7,3,0.23,1.78,0.8937499999999999
18.9,4,19,20,7,3,1.72,1.38,0.8925000000000001
21.4,3,19,20,7,3,1.35,0.21,0.94125
-4.2,5,20,20,7,3,1.38,1.98,0.9216666666666665
12.2,2,20,20,7,3,1.51,1.19,0.9533333333333335
-1.9,3,20,20,7,3,1.95,1.64,0.9133333333333334
-1.5,3,20,20,7,3,0.68,0.49,0.9125
-1.9,3,21,20,7,3,0.47,1.18,0.9037499999999999
29.8,1,21,20,7,3,0.97,0.24,0.9362499999999999
19.6,5,21,20,7,3,1.02,1.16,0.9445833333333334
38.5,3,22,20,7,3,1.36,0.51,1.0029166666666667
-1.1,5,22,20,7,3,1.91,0.32,1.04
29.6,2,23,20,7,3,1.21,1.24,1.0141666666666667
22.5,3,23,20,7,3,0.62,0.68,1.0533333333333335
3.8,2,23,20,7,3,1.62,0.89,1.06625
-5.3,3,23,20,7,3,1.2,0.71,1.0741666666666665
4.2,2,1,21,7,4,0.9,1.42,1.0933333333333335
29.1,3,2,21,7,4,1.88,0.36,1.1566666666666667
28.3,1,6,21,7,4,1.88,0.53,1.1475
35.3,3,7,21,7,4,0.31,0.71,1.1395833333333332
12.6,1,7,21,7,4,0.52,1.34,1.1504166666666666
19.4,4,8,21,7,4,1.6,0.24,1.2016666666666667
19.9,2,9,21,7,4,1.47,1.08,1.1820833333333332
15.3,1,12,21,7,4,0.61,0.23,1.2504166666666665
-2.3,3,14,21,7,4,1.87,1.72,1.2229166666666667
39.8,4,14,21,7,4,1.06,1.35,1.2449999999999999
-3.1,5,14,21,7,4,1.88,1.38,1.24
-0.3,1,19,21,7,4,1.26,1.51,1.1895833333333334
13.8,2,20,21,7,4,0.3,1.95,1.1704166666666669
-6.5,2,20,21,7,4,1.49,0.68,1.1941666666666666
23.4,4,21,21,7,4,1.25,0.47,1.2079166666666667
30.4,2,22,21,7,4,0.8,0.97,1.2458333333333333
23.7,5,22,21,7,4,1.88,1.02,1.235
37.3,5,0,22,7,5,0.76,1.36,1.19
-3.7,4,2,22,7,5,0.28,1.91,1.1412499999999999
33.9,5,2,22,7,5,0.74,1.21,1.1541666666666668
-10.0,2,2,22,7,5,1.52,0.62,1.2083333333333333
21.5,5,2,22,7,5,1.92,1.62,1.1654166666666665
17.8,1,3,22,7,5,0.59,1.2,1.1908333333333332
-3.2,3,3,22,7,5,1.81,0.9,1.2066666666666668
15.4,5,3,22,7,5,1.28,1.88,1.1583333333333332
16.1,3,3,22,7,5,0.72,1.88,1.155
29.0,3,4,22,7,5,1.8,0.31,1.2041666666666668
29.1,2,4,22,7,5,1.49,0.52,1.2458333333333333
26.6,4,4,22,7,5,1.52,1.6,1.1891666666666667
26.2,4,4,22,7,5,0.24,1.47,1.2041666666666668
-5.2,4,6,22,7,5,1.83,0.61,1.2141666666666666
15.1,5,7,22,7,5,0.85,1.87,1.18875
-7.8,3,8,22,7,5,1.26,1.06,1.1729166666666666
8.0,1,9,22,7,5,0.68,1.88,1.1229166666666666
-5.0,3,11,22,7,5,0.68,1.26,1.07875
21.7,3,11,22,7,5,0.2,0.3,1.0858333333333334
-6.6,4,13,22,7,5,0.47,1.49,1.0879166666666666
39.2,4,13,22,7,5,1.54,1.25,1.06625
25.1,4,14,22,7,5,0.73,0.8,1.0775
14.0,3,15,22,7,5,1.07,1.88,1.0108333333333333
-8.4,5,17,22,7,5,0.28,0.76,1.0204166666666667
21.5,3,17,22,7,5,0.99,0.28,1.0645833333333334
3.5,2,19,22,7,5,1.34,0.74,1.055
26.3,5,20,22,7,5,0.51,1.52,1.005
-8.6,1,20,22,7,5,0.32,1.92,0.9895833333333334
24.1,2,20,22,7,5,1.55,0.59,1.0270833333333333
13.3,1,20,22,7,5,1.49,1.81,0.9845833333333335
11.8,3,22,22,7,5,0.79,1.28,0.9716666666666667
28.4,5,0,23,7,6,0.97,0.72,1.01875
30.9,1,1,23,7,6,1.85,1.8,0.9658333333333334
34.8,5,1,23,7,6,0.53,1.49,0.9254166666666667
38.7,4,2,23,7,6,0.52,1.52,0.88875
19.5,1,3,23,7,6,0.64,0.24,0.9379166666666667
-9.1,2,4,23,7,6,1.42,1.83,0.8945833333333333
20.4,3,4,23,7,6,0.79,0.85,0.9304166666666668
28.2,2,5,23,7,6,1.71,1.26,0.9495833333333333
18.4,5,6,23,7,6,1.72,0.68,0.9895833333333334
38.2,3,6,23,7,6,1.64,0.68,1.04375
14.1,2,6,23,7,6,1.98,0.2,1.1116666666666666
22.8,1,7,23,7,6,1.83,0.47,1.1141666666666665
23.6,3,7,23,7,6,0.53,1.54,1.0833333333333333
4.4,3,8,23,7,6,0.8,0.73,1.1229166666666666
7.6,2,8,23,7,6,1.68,1.07,1.115
13.8,3,9,23,7,6,0.88,0.28,1.1520833333333333
9.7,2,12,23,7,6,1.17,0.99,1.17875
-5.1,2,12,23,7,6,1.63,1.34,1.1941666666666666
38.3,4,14,23,7,6,1.71,0.51,1.1983333333333333
-1.4,3,14,23,7,6,0.61,0.32,1.2550000000000001
38.2,1,14,23,7,6,1.68,1.55,1.27
-9.0,1,15,23,7,6,1.91,1.49,1.2816666666666665
20.8,2,15,23,7,6,1.77,0.79,1.30375
2.8,1,17,23,7,6,1.32,0.97,1.2904166666666668
4.8,3,18,23,7,6,0.65,1.85,1.2408333333333335
17.3,2,20,23,7,6,0.66,0.53,1.2645833333333332
35.9,3,21,23,7,6,1.1,0.52,1.2575
33.5,4,2,24,7,0,0.35,0.64,1.2583333333333333
35.8,1,2,24,7,0,0.66,1.42,1.2729166666666667
-5.4,2,4,24,7,0,1.77,0.79,1.2529166666666667
12.1,2,4,24,7,0,0.31,1.71,1.2258333333333333
2.7,4,5,24,7,0,1.06,1.72,1.2212500000000002
30.3,4,5,24,7,0,1.61,1.64,1.1875
29.3,2,6,24,7,0,0.83,1.98,1.1700000000000002
7.6,3,7,24,7,0,1.56,1.83,1.1624999999999999
21.1,1,7,24,7,0,1.65,0.53,1.2145833333333333
36.2,5,9,24,7,0,1.78,0.8,1.1958333333333333
5.8,3,9,24,7,0,0.35,1.68,1.2016666666666667
-2.0,1,14,24,7,0,1.82,0.88,1.2304166666666667
30.8,4,19,24,7,0,1.57,1.17,1.22125
38.4,3,19,24,7,0,0.95,1.63,1.1666666666666667
1.8,3,21,24,7,0,0.32,1.71,1.1220833333333333
11.3,1,23,24,7,0,0.64,0.61,1.1508333333333334
22.2,5,0,25,7,1,1.3,1.68,1.09
0.5,2,0,25,7,1,0.22,1.91,1.0358333333333334
12.0,5,1,25,7,1,0.61,1.77,1.0429166666666667
-5.7,1,1,25,7,1,1.94,1.32,1.0516666666666667
17.4,5,3,25,7,1,1.53,0.65,1.10125
-5.4,5,3,25,7,1,1.84,0.66,1.1387500000000002
21.1,1,3,25,7,1,1.56,1.1,1.1354166666666667
36.9,4,4,25,7,1,1.02,0.35,1.1454166666666665
36.3,5,5,25,7,1,0.59,0.66,1.19125
-7.8,3,5,25,7,1,1.76,1.77,1.1991666666666667
18.4,5,6,25,7,1,1.96,0.31,1.2225
-2.0,3,6,25,7,1,0.87,1.06,1.2154166666666666
35.4,5,7,25,7,1,0.89,1.61,1.1970833333333333
29.5,1,8,25,7,1,1.17,0.83,1.2254166666666666
-9.8,4,9,25,7,1,1.51,1.56,1.1849999999999998
39.8,1,9,25,7,1,0.59,1.65,1.1766666666666667
20.9,2,10,25,7,1,1.45,1.78,1.12375
36.3,5,10,25,7,1,0.51,0.35,1.1508333333333334
23.9,3,11,25,7,1,1.0,1.82,1.0845833333333335
-8.3,4,11,25,7,1,0.23,1.57,1.0783333333333334
-8.2,2,12,25,7,1,1.42,0.95,1.0758333333333334
11.0,5,12,25,7,1,0.89,0.32,1.1408333333333334
8.8,2,13,25,7,1,1.88,0.64,1.1758333333333333
9.8,4,15,25,7,1,1.48,1.3,1.1808333333333334
-6.8,2,17,25,7,1,1.42,0.22,1.23125
19.8,5,18,25,7,1,1.43,0.61,1.27875
23.8,2,19,25,7,1,1.75,1.94,1.2279166666666665
4.8,3,19,25,7,1,0.72,1.53,1.2329166666666667
22.7,4,19,25,7,1,1.65,1.84,1.23
24.0,2,19,25,7,1,1.77,1.56,1.2316666666666667
19.7,5,22,25,7,1,1.6,1.02,1.2595833333333333
15.3,1,22,25,7,1,1.69,0.59,1.2491666666666668
16.8,1,23,25,7,1,0.34,1.76,1.2470833333333333
32.7,5,0,26,7,2,1.71,1.96,1.1766666666666665
2.1,3,1,26,7,2,0.27,0.87,1.2170833333333333
-9.7,3,1,26,7,2,1.84,0.89,1.215
38.9,2,5,26,7,2,0.84,1.17,1.1841666666666666
0.2,5,7,26,7,2,0.43,1.51,1.1716666666666666
32.2,4,9,26,7,2,1.21,0.59,1.19375
26.8,2,10,26,7,2,1.12,1.45,1.2054166666666666
38.8,1,10,26,7,2,1.73,0.51,1.215
-4.7,1,12,26,7,2,0.74,1.0,1.2437500000000001
-7.7,5,14,26,7,2,1.69,0.23,1.2795833333333333
15.9,5,14,26,7,2,1.09,1.42,1.2975
17.5,4,15,26,7,2,1.85,0.89,1.30875
-0.2,2,15,26,7,2,1.16,1.88,1.2537500000000001
33.3,1,17,26,7,2,0.56,1.48,1.2420833333333334
5.7,1,18,26,7,2,1.2,1.42,1.2391666666666665
15.2,3,19,26,7,2,1.35,1.43,1.2283333333333333
1.0,1,19,26,7,2,1.17,1.75,1.1845833333333333
32.3,1,20,26,7,2,0.7,0.72,1.2275
11.9,2,21,26,7,2,1.75,1.65,1.2195833333333332
22.4,1,22,26,7,2,1.46,1.77,1.1791666666666667
25.2,2,23,26,7,2,0.8,1.6,1.1383333333333334
-5.8,4,23,26,7,2,0.62,1.69,1.0808333333333333
1.7,2,2,27,7,3,0.31,0.34,1.1312499999999999
7.9,5,3,27,7,3,1.55,1.71,1.07875
28.1,5,6,27,7,3,0.45,0.27,1.12625
19.5,1,7,27,7,3,1.41,1.84,1.1179166666666667
0.7,4,11,27,7,3,1.64,0.84,1.0925
33.4,4,14,27,7,3,0.23,0.43,1.1304166666666666
11.5,4,15,27,7,3,1.34,1.21,1.1554166666666668
11.8,5,16,27,7,3,1.81,1.12,1.1583333333333332
-8.2,4,17,27,7,3,1.19,1.73,1.1666666666666667
-1.9,4,18,27,7,3,1.93,0.74,1.1716666666666666
4.2,2,19,27,7,3,0.86,1.69,1.1608333333333334
8.9,2,21,27,7,3,1.43,1.09,1.1533333333333333
39.6,5,21,27,7,3,0.91,1.85,1.1320833333333333
35.4,2,22,27,7,3,1.34,1.16,1.1258333333333332
24.7,2,23,27,7,3,1.01,0.56,1.1404166666666666
5.3,4,1,28,7,4,0.91,1.2,1.14
38.5,2,2,28,7,4,1.19,1.35,1.1504166666666666
-0.4,4,3,28,7,4,1.6,1.17,1.1179166666666667
8.8,2,3,28,7,4,0.39,0.7,1.1529166666666668
-4.6,4,5,28,7,4,1.54,1.75,1.1358333333333335
1.6,5,5,28,7,4,1.34,1.46,1.15
2.4,4,7,28,7,4,1.8,0.8,1.1412499999999999
3.8,1,9,28,7,4,0.59,0.62,1.1558333333333335
9.1,5,10,28,7,4,0.97,0.31,1.1758333333333333
14.5,4,10,28,7,4,0.79,1.55,1.1383333333333334
31.3,4,10,28,7,4,0.65,0.45,1.1737499999999998
18.5,2,11,28,7,4,1.3,1.41,1.1729166666666666
16.3,3,11,28,7,4,1.39,1.64,1.1579166666666667
39.5,2,11,28,7,4,1.28,0.23,1.1966666666666668
-9.0,1,13,28,7,4,1.16,1.34,1.20875
39.1,5,13,28,7,4,1.63,1.81,1.15875
14.8,3,13,28,7,4,0.61,1.19,1.145
32.7,3,14,28,7,4,0.86,1.93,1.1404166666666666
1.0,5,15,28,7,4,1.82,0.86,1.1416666666666666
13.6,1,15,28,7,4,0.89,1.43,1.1266666666666667
13.9,4,16,28,7,4,1.07,0.91,1.0995833333333331
31.2,2,16,28,7,4,0.26,1.34,1.065
34.6,4,17,28,7,4,0.51,1.01,1.0716666666666665
39.0,5,20,28,7,4,1.17,0.91,1.0566666666666666
28.1,2,20,28,7,4,0.55,1.19,1.03
17.8,4,21,28,7,4,0.55,1.6,1.0341666666666667
26.9,2,22,28,7,4,1.7,0.39,1.0858333333333334
18.2,2,23,28,7,4,1.63,1.54,1.0625
32.4,1,0,29,7,5,0.98,1.34,1.0395833333333333
13.3,4,2,29,7,5,0.79,1.8,1.0216666666666667
-7.3,1,2,29,7,5,1.37,0.59,1.0154166666666666
12.1,4,2,29,7,5,0.44,0.97,0.9870833333333332
20.5,1,3,29,7,5,0.29,0.79,1.02125
-9.8,4,4,29,7,5,1.61,0.65,1.0341666666666667
17.1,4,5,29,7,5,0.96,1.3,1.0541666666666667
3.6,1,5,29,7,5,1.78,1.39,1.0083333333333333
27.7,5,6,29,7,5,0.29,1.28,1.00125
30.4,3,9,29,7,5,1.11,1.16,0.9945833333333333
11.5,3,10,29,7,5,1.0,1.63,0.9458333333333333
13.9,4,12,29,7,5,0.46,0.61,0.9491666666666667
9.5,4,13,29,7,5,0.69,0.86,0.9954166666666667
-6.6,4,13,29,7,5,1.97,1.82,0.9587500000000001
27.7,1,13,29,7,5,0.94,0.89,1.0004166666666665
39.9,2,14,29,7,5,1.89,1.07,0.9658333333333333
19.6,3,14,29,7,5,0.24,0.26,0.9729166666666668
9.9,1,15,29,7,5,0.43,0.51,1.0275
23.2,1,15,29,7,5,1.82,1.17,1.02625
19.1,2,15,29,7,5,1.14,0.55,1.0679166666666668
-9.1,1,15,29,7,5,1.55,0.55,1.1241666666666668
-6.2,4,16,29,7,5,1.9,1.7,1.1341666666666668
-3.1,5,17,29,7,5,1.94,1.63,1.0833333333333333
29.8,4,18,29,7,5,0.41,0.98,1.0916666666666668
27.4,2,18,29,7,5,1.18,0.79,1.1220833333333333
3.8,3,18,29,7,5,1.52,1.37,1.1387500000000002
13.6,2,19,29,7,5,1.77,0.44,1.1945833333333333
-8.8,1,20,29,7,5,1.78,0.29,1.2279166666666668
6.8,5,21,29,7,5,1.09,1.61,1.1816666666666666
21.1,5,1,30,7,6,0.5,0.96,1.1904166666666667
19.5,2,1,30,7,6,1.17,1.78,1.1937499999999999
29.0,2,2,30,7,6,1.86,0.29,1.20875
26.0,1,3,30,7,6,0.65,1.11,1.1954166666666668
13.8,5,4,30,7,6,0.79,1.0,1.2179166666666668
2.7,1,5,30,7,6,1.54,0.46,1.26125
27.1,3,6,30,7,6,1.5,0.69,1.26375
32.8,5,9,30,7,6,0.75,1.97,1.2291666666666667
17.1,1,9,30,7,6,1.14,0.94,1.2162499999999998
8.2,4,9,30,7,6,0.63,1.89,1.2154166666666666
22.4,5,11,30,7,6,1.87,0.24,1.2733333333333332
-6.5,4,12,30,7,6,1.63,0.43,1.2725
31.8,4,12,30,7,6,0.41,1.82,1.2066666666666668
0.3,1,15,30,7,6,0.24,1.14,1.2245833333333334
34.3,5,16,30,7,6,1.57,1.55,1.1779166666666667
-3.6,1,16,30,7,6,0.43,1.9,1.1270833333333334
38.3,3,17,30,7,6,0.68,1.94,1.0625
29.8,4,17,30,7,6,0.39,0.41,1.0704166666666666
20.2,4,18,30,7,6,0.6,1.18,1.0574999999999999
32.5,5,18,30,7,6,0.87,1.52,1.0391666666666666
4.4,2,18,30,7,6,1.08,1.77,1.0287499999999998
0.2,5,19,30,7,6,1.52,1.78,1.0191666666666666
30.9,3,20,30,7,6,1.55,1.09,0.98375
2.2,4,23,30,7,6,0.24,0.5,1.01125
-3.8,5,0,31,7,0,1.16,1.17,1.0045833333333334
32.7,4,1,31,7,0,1.01,1.86,0.9833333333333334
34.0,5,2,31,7,0,1.35,0.65,0.9754166666666667
12.6,4,3,31,7,0,0.46,0.79,0.9791666666666666
39.5,3,3,31,7,0,0.88,1.54,0.96
-8.6,5,4,31,7,0,1.08,1.5,0.9479166666666666
1.5,4,4,31,7,0,1.21,0.75,0.9633333333333334
20.6,4,5,31,7,0,1.12,1.14,0.9325
14.5,1,5,31,7,0,0.4,0.63,0.9770833333333334
6.4,5,6,31,7,0,1.7,1.87,0.9716666666666667
9.4,5,7,31,7,0,1.74,1.63,0.9725
-5.7,5,8,31,7,0,1.65,0.41,1.0341666666666667
6.9,2,8,31,7,0,1.89,0.24,1.07375
14.4,2,8,31,7,0,1.19,1.57,1.0533333333333332
34.2,1,9,31,7,0,1.08,0.43,1.07
11.4,4,11,31,7,0,0.83,0.68,1.1116666666666666
34.4,4,12,31,7,0,1.68,0.39,1.13625
32.4,3,12,31,7,0,0.98,0.6,1.1300000000000001
34.9,1,13,31,7,0,0.45,0.87,1.1283333333333332
6.0,1,13,31,7,0,0.83,1.08,1.1308333333333334
2.0,5,14,31,7,0,1.14,1.52,1.1308333333333331
24.8,1,14,31,7,0,1.52,1.55,1.1229166666666666
6.2,3,16,31,7,0,1.36,0.24,1.1333333333333333
30.4,4,16,31,7,0,0.49,1.16,1.1075
16.0,5,17,31,7,0,0.54,1.01,1.1225
-6.4,4,17,31,7,0,1.37,1.35,1.11375
25.9,2,18,31,7,0,1.14,0.46,1.175
-2.8,2,18,31,7,0,1.93,0.88,1.19625
17.7,4,19,31,7,0,1.39,1.08,1.2120833333333334
29.2,1,19,31,7,0,1.46,1.21,1.1758333333333333
5.8,3,20,31,7,0,0.34,1.12,1.1891666666666667
31.3,2,21,31,7,0,1.44,0.4,1.2416666666666667
5.0,1,21,31,7,0,1.66,1.7,1.2125000000000001
22.0,4,22,31,7,0,1.0,1.74,1.16875
-2.0,2,23,31,7,0,0.69,1.65,1.1175
-5.7,3,23,31,7,0,0.42,1.89,1.075
34.7,3,0,1,8,1,0.87,1.19,1.0391666666666666
30.3,3,1,1,8,1,0.33,1.08,1.0133333333333334
37.3,5,4,1,8,1,0.46,0.83,1.0374999999999999
21.5,3,4,1,8,1,1.41,1.68,1.0379166666666666
-1.7,5,5,1,8,1,1.69,0.98,1.03625
10.4,2,7,1,8,1,0.94,0.45,1.0954166666666667
8.8,1,7,1,8,1,1.87,0.83,1.095
22.3,3,8,1,8,1,0.82,1.14,1.0916666666666666
28.5,3,9,1,8,1,1.06,1.52,1.04625
13.6,3,10,1,8,1,0.43,1.36,1.00625
-1.0,2,10,1,8,1,0.4,0.49,1.0658333333333332
27.1,4,10,1,8,1,1.92,0.54,1.0825
26.5,1,10,1,8,1,0.94,1.37,1.0991666666666666
34.2,3,11,1,8,1,1.77,1.14,1.0616666666666665
-4.5,4,11,1,8,1,0.24,1.93,1.06125
31.9,4,12,1,8,1,1.92,1.39,1.0479166666666666
-6.5,4,15,1,8,1,1.07,1.46,1.0066666666666666
30.9,2,15,1,8,1,0.47,0.34,1.00625
-4.7,2,15,1,8,1,0.33,1.44,0.9674999999999999
7.9,1,15,1,8,1,0.51,1.66,0.9720833333333333
18.6,3,16,1,8,1,1.77,1.0,0.9587499999999999
29.2,1,17,1,8,1,0.68,0.69,0.9554166666666667
28.1,4,17,1,8,1,0.61,0.42,0.9674999999999999
-4.5,1,17,1,8,1,0.71,0.87,0.975
11.2,3,18,1,8,1,1.05,0.33,0.9920833333333334
-9.5,1,18,1,8,1,0.74,0.46,1.0475
2.3,2,18,1,8,1,1.79,1.41,1.0554166666666667
10.8,1,18,1,8,1,1.6,1.69,1.0504166666666666
21.0,3,20,1,8,1,1.57,0.94,1.0670833333333334
38.2,5,20,1,8,1,1.34,1.87,1.0516666666666667
-2.7,4,21,1,8,1,1.5,0.82,1.0570833333333334
35.4,1,22,1,8,1,0.95,1.06,1.0858333333333334
-0.3,3,23,1,8,1,1.75,0.43,1.10625
14.9,4,23,1,8,1,0.92,0.4,1.1529166666666666
35.0,5,3,2,8,2,1.52,1.92,1.1520833333333333
33.6,4,5,2,8,2,1.9,0.94,1.18875
29.8,2,6,2,8,2,1.82,1.77,1.16375
31.5,5,7,2,8,2,1.17,0.24,1.2095833333333335
25.9,2,8,2,8,2,1.34,1.92,1.21125
3.5,2,8,2,8,2,1.96,1.07,1.1854166666666666
17.4,1,8,2,8,2,0.45,0.47,1.1829166666666666
39.9,4,8,2,8,2,0.41,0.33,1.2295833333333333
38.4,4,9,2,8,2,1.45,0.51,1.27
29.4,3,10,2,8,2,1.48,1.77,1.2375
18.8,1,10,2,8,2,0.99,0.68,1.2520833333333334
9.1,1,11,2,8,2,1.03,0.61,1.3091666666666666
-6.5,2,13,2,8,2,1.98,0.71,1.3345833333333335
20.6,5,14,2,8,2,1.32,1.05,1.3
11.8,5,14,2,8,2,0.22,0.74,1.28125
29.8,5,16,2,8,2,0.29,1.79,1.2316666666666667
35.9,5,17,2,8,2,0.6,1.6,1.2320833333333334
23.1,1,18,2,8,2,1.61,1.57,1.185
3.7,5,21,2,8,2,0.44,1.34,1.1545833333333333
5.6,2,21,2,8,2,0.61,1.5,1.1541666666666668
24.5,4,22,2,8,2,1.49,0.95,1.1433333333333333
-1.2,2,22,2,8,2,0.69,1.75,1.1275
-4.8,2,0,3,8,3,1.37,0.92,1.1695833333333334
23.8,5,0,3,8,3,1.93,1.52,1.1370833333333334
18.7,2,1,3,8,3,0.74,1.9,1.1175
25.2,1,2,3,8,3,1.43,1.82,1.0516666666666665
25.2,4,3,3,8,3,0.24,1.17,1.02375
-8.8,3,4,3,8,3,0.5,1.34,0.9904166666666666
-7.8,1,4,3,8,3,0.54,1.96,0.9249999999999999
6.5,3,4,3,8,3,0.39,0.45,0.9645833333333335
11.1,2,7,3,8,3,1.4,0.41,0.9720833333333334
18.1,3,8,3,8,3,0.59,1.45,0.9679166666666666
30.1,4,8,3,8,3,1.35,1.48,0.9870833333333334
-8.2,3,10,3,8,3,1.94,0.99,0.9691666666666666
-8.3,4,10,3,8,3,0.56,1.03,0.9633333333333334
17.3,3,11,3,8,3,0.89,1.98,0.9258333333333334
19.1,4,11,3,8,3,1.08,1.32,0.9245833333333334
-7.8,4,12,3,8,3,1.29,0.22,0.9783333333333332
37.6,2,13,3,8,3,1.51,0.29,1.0004166666666665
34.7,3,14,3,8,3,0.82,0.6,0.9991666666666666
6.4,1,16,3,8,3,0.57,1.61,0.9520833333333333
33.3,5,17,3,8,3,0.48,0.44,0.985
6.4,3,19,3,8,3,1.23,0.61,0.9816666666666668
15.6,5,19,3,8,3,0.53,1.49,0.9758333333333332
0.3,1,21,3,8,3,1.35,0.69,1.0133333333333334
18.4,5,0,4,8,4,1.59,1.37,0.9770833333333333
28.6,4,1,4,8,4,0.5,1.93,0.935
-4.2,4,1,4,8,4,0.92,0.74,0.9558333333333332
32.2,2,2,4,8,4,1.24,1.43,0.9641666666666667
-9.8,2,3,4,8,4,1.63,0.24,1.0120833333333332
36.7,1,3,4,8,4,1.39,0.5,1.0008333333333332
12.4,4,3,4,8,4,0.23,0.54,1.0558333333333334
11.4,1,4,4,8,4,1.86,0.39,1.1145833333333333
31.0,1,4,4,8,4,1.8,1.4,1.1312499999999999
30.4,5,5,4,8,4,1.8,0.59,1.1316666666666666
37.2,4,6,4,8,4,0.6,1.35,1.1566666666666667
22.3,5,6,4,8,4,1.95,1.94,1.1016666666666668
31.4,5,7,4,8,4,0.62,0.56,1.1154166666666667
0.4,5,7,4,8,4,0.89,0.89,1.1020833333333333
32.2,5,7,4,8,4,0.57,1.08,1.1154166666666667
12.0,2,8,4,8,4,1.4,1.29,1.1166666666666667
19.4,1,8,4,8,4,1.32,1.51,1.1141666666666667
20.5,4,10,4,8,4,1.45,0.82,1.1175
26.7,1,10,4,8,4,0.9,0.57,1.155
10.0,1,10,4,8,4,1.47,0.48,1.1695833333333334
32.4,5,11,4,8,4,0.83,1.23,1.1300000000000001
34.5,4,11,4,8,4,0.28,0.53,1.16375
29.9,5,12,4,8,4,1.34,1.35,1.145
26.6,5,13,4,8,4,0.9,1.59,1.1595833333333334
15.2,3,15,4,8,4,1.94,0.5,1.2020833333333334
31.3,1,15,4,8,4,1.52,0.92,1.2408333333333335
-7.3,5,15,4,8,4,1.85,1.24,1.2070833333333335
29.3,5,15,4,8,4,0.43,1.63,1.1916666666666667
10.2,4,15,4,8,4,1.26,1.39,1.1629166666666666
4.6,4,15,4,8,4,0.7,0.23,1.2316666666666667
1.8,5,16,4,8,4,1.88,1.86,1.2354166666666668
-6.5,5,17,4,8,4,1.95,1.8,1.235
23.6,1,18,4,8,4,1.79,1.8,1.1925000000000001
-0.1,1,18,4,8,4,0.78,0.6,1.2225
11.5,3,19,4,8,4,1.32,1.95,1.1529166666666666
26.6,5,21,4,8,4,0.28,0.62,1.1941666666666666
17.8,1,22,4,8,4,1.61,0.89,1.1708333333333334
12.0,3,22,4,8,4,0.33,0.57,1.2175
32.2,3,22,4,8,4,1.69,1.4,1.19875
10.3,2,22,4,8,4,0.95,1.32,1.2195833333333332
11.0,1,23,4,8,4,1.82,1.45,1.2195833333333332
24.4,4,0,5,8,5,1.45,0.9,1.1983333333333335
38.6,3,0,5,8,5,0.39,1.47,1.1929166666666666
7.3,3,0,5,8,5,1.34,0.83,1.2375
30.4,4,0,5,8,5,1.9,0.28,1.2449999999999999
25.4,3,1,5,8,5,0.46,1.34,1.2691666666666668
9.3,1,1,5,8,5,1.92,0.9,1.3083333333333333
21.6,5,2,5,8,5,1.84,1.94,1.3054166666666667
11.3,5,3,5,8,5,1.87,1.52,1.2620833333333332
20.9,5,4,5,8,5,0.48,1.85,1.2254166666666666
-2.2,2,6,5,8,5,0.97,0.43,1.2333333333333332
-0.1,4,7,5,8,5,0.62,1.26,1.25125
25.5,5,8,5,8,5,1.69,0.7,1.2433333333333334
39.2,4,9,5,8,5,0.51,1.88,1.2433333333333334
-7.7,2,9,5,8,5,1.88,1.95,1.195
39.2,1,10,5,8,5,0.79,1.79,1.1770833333333333
6.3,2,11,5,8,5,1.36,0.78,1.1583333333333334
33.5,1,11,5,8,5,0.33,1.32,1.1758333333333333
32.6,5,11,5,8,5,1.74,0.28,1.1908333333333334
13.2,4,12,5,8,5,0.64,1.61,1.1533333333333333
6.1,2,13,5,8,5,0.71,0.33,1.1591666666666667
20.5,4,16,5,8,5,0.47,1.69,1.1479166666666667
34.2,3,16,5,8,5,1.42,0.95,1.1791666666666667
37.0,2,18,5,8,5,1.7,1.82,1.1808333333333334
12.0,1,20,5,8,5,1.86,1.45,1.14875
27.0,3,21,5,8,5,0.68,0.39,1.2079166666666667
-5.7,5,22,5,8,5,1.81,1.34,1.1804166666666667
26.5,1,23,5,8,5,0.68,1.9,1.1341666666666668
23.6,4,0,6,8,6,0.79,0.46,1.13625
20.5,2,2,6,8,6,0.51,1.92,1.0920833333333333
37.7,4,2,6,8,6,0.86,1.84,1.09375
29.4,4,3,6,8,6,1.88,1.87,1.0241666666666667
8.8,2,4,6,8,6,0.2,0.48,1.07875
25.3,3,4,6,8,6,1.79,0.97,1.0679166666666666
-3.8,3,4,6,8,6,0.71,0.62,1.1041666666666667
16.5,1,5,6,8,6,1.49,1.69,1.0991666666666666
38.4,2,6,6,8,6,1.57,0.51,1.1416666666666666
26.3,1,7,6,8,6,1.53,1.88,1.1070833333333334
37.8,3,7,6,8,6,1.05,0.79,1.1004166666666666
9.3,5,9,6,8,6,0.63,1.36,1.0695833333333333
-5.8,4,9,6,8,6,0.62,0.33,1.0854166666666667
21.7,1,11,6,8,6,0.71,1.74,1.03875
-5.6,5,11,6,8,6,0.62,0.64,1.035
-9.2,4,12,6,8,6,0.55,0.71,1.0716666666666665
31.1,1,12,6,8,6,1.59,0.47,1.0854166666666667
8.0,3,13,6,8,6,0.8,1.42,1.0608333333333333
37.9,1,14,6,8,6,0.83,1.7,1.0354166666666667
-7.2,2,14,6,8,6,1.09,1.86,1.0145833333333334
22.9,1,15,6,8,6,1.36,0.68,1.0445833333333334
29.4,1,16,6,8,6,1.4,1.81,0.9974999999999999
2.0,5,16,6,8,6,0.68,0.68,0.9841666666666665
-5.2,4,16,6,8,6,0.36,0.79,0.9833333333333334
-3.0,3,18,6,8,6,0.77,0.51,1.0283333333333335
21.1,4,19,6,8,6,1.59,0.86,1.0608333333333333
30.9,2,21,6,8,6,1.64,1.88,1.0216666666666667
11.2,2,21,6,8,6,0.94,0.2,1.0516666666666667
13.3,4,22,6,8,6,0.92,1.79,1.0370833333333334
7.6,5,23,6,8,6,1.44,0.71,1.07125
26.4,3,23,6,8,6,1.53,1.49,1.0841666666666667
14.9,3,1,7,8,0,1.8,1.57,1.0629166666666667
-1.6,2,3,7,8,0,1.06,1.53,1.0658333333333334
37.0,3,4,7,8,0,1.6,1.05,1.0329166666666667
23.3,5,4,7,8,0,0.26,0.63,1.0354166666666667
-2.6,3,4,7,8,0,0.69,0.62,1.0766666666666667
17.3,5,5,7,8,0,1.61,0.71,1.0783333333333334
26.7,4,5,7,8,0,0.75,0.62,1.0833333333333335
14.0,2,5,7,8,0,0.74,0.55,1.0916666666666668
30.1,2,6,7,8,0,0.75,1.59,1.1054166666666667
5.7,5,6,7,8,0,1.92,0.8,1.135
-4.1,5,7,7,8,0,1.51,0.83,1.1295833333333334
30.8,2,7,7,8,0,0.7,1.09,1.1129166666666666
19.4,3,8,7,8,0,0.69,1.36,1.0929166666666668
-8.3,5,8,7,8,0,0.88,1.4,1.1020833333333335
19.8,1,10,7,8,0,1.62,0.68,1.1075000000000002
31.6,2,11,7,8,0,0.81,0.36,1.1466666666666667
-6.2,2,12,7,8,0,1.3,0.77,1.13875
14.1,5,14,7,8,0,0.58,1.59,1.0975
13.6,5,14,7,8,0,0.6,1.64,1.0795833333333336
8.7,2,15,7,8,0,1.21,0.94,1.0783333333333334
7.4,1,18,7,8,0,0.91,0.92,1.0825
19.9,2,18,7,8,0,1.02,1.44,1.0579166666666666
23.4,1,21,7,8,0,0.85,1.53,1.0475
3.5,5,22,7,8,0,1.28,1.8,0.98625
12.5,4,23,7,8,0,0.33,1.06,1.0191666666666668
13.3,1,0,8,8,1,1.85,1.6,0.9812500000000001
-0.8,2,1,8,8,1,0.69,0.26,1.0216666666666667
38.5,5,2,8,8,1,1.23,0.69,1.0358333333333334
10.2,2,3,8,8,1,1.03,1.61,1.0054166666666666
-7.2,1,4,8,8,1,0.88,0.75,0.9833333333333334
35.4,5,4,8,8,1,0.22,0.74,0.9916666666666666
6.2,5,4,8,8,1,0.94,0.75,0.9937499999999999
-8.0,4,5,8,8,1,0.8,1.92,0.9874999999999999
18.1,5,5,8,8,1,1.77,1.51,0.965
3.8,5,6,8,8,1,0.97,0.7,0.9833333333333334
32.5,2,7,8,8,1,1.14,0.69,1.0033333333333334
34.7,4,7,8,8,1,1.17,0.88,1.0420833333333333
19.7,5,9,8,8,1,1.81,1.62,1.0345833333333334
37.8,1,9,8,8,1,1.44,0.81,1.04
28.9,2,12,8,8,1,0.94,1.3,1.0625
-2.8,4,13,8,8,1,1.84,0.58,1.0725
30.8,4,13,8,8,1,0.82,0.6,1.11
10.0,4,13,8,8,1,1.5,1.21,1.1320833333333333
-9.2,1,14,8,8,1,1.74,0.91,1.1508333333333334
35.8,5,14,8,8,1,1.36,1.02,1.1758333333333333
21.3,3,15,8,8,1,1.62,0.85,1.1604166666666667
5.3,2,15,8,8,1,0.48,1.28,1.1533333333333333
28.7,3,16,8,8,1,1.11,0.33,1.1866666666666668
18.5,2,17,8,8,1,1.13,1.85,1.1270833333333334
18.7,3,17,8,8,1,0.42,0.69,1.1533333333333333
7.3,5,21,8,8,1,1.32,1.23,1.1633333333333333
4.1,3,22,8,8,1,1.47,1.03,1.1970833333333333
26.4,2,23,8,8,1,1.84,0.88,1.1991666666666667
28.1,4,23,8,8,1,0.93,0.22,1.26375
15.0,3,23,8,8,1,1.77,0.94,1.2879166666666668
38.4,5,0,9,8,2,1.52,0.8,1.3075
36.8,5,1,9,8,2,1.27,1.77,1.2929166666666667
-6.1,2,1,9,8,2,1.42,0.97,1.3041666666666667
25.5,3,2,9,8,2,1.24,1.14,1.2975
12.4,3,2,9,8,2,0.98,1.17,1.3283333333333334
-1.1,3,4,9,8,2,1.91,1.81,1.3145833333333334
-3.4,2,4,9,8,2,1.48,1.44,1.2833333333333334
-9.5,5,5,9,8,2,0.69,0.94,1.3241666666666665
0.4,5,6,9,8,2,1.92,1.84,1.2754166666666666
35.7,5,6,9,8,2,0.67,0.82,1.2583333333333333
24.3,2,10,9,8,2,0.41,1.5,1.2695833333333333
1.0,1,10,9,8,2,1.77,1.74,1.2258333333333333
-4.1,4,11,9,8,2,0.69,1.36,1.2220833333333334
22.6,4,12,9,8,2,1.27,1.62,1.1916666666666667
34.6,5,12,9,8,2,0.89,0.48,1.2179166666666668
22.7,5,16,9,8,2,1.11,1.11,1.2137499999999999
25.0,2,16,9,8,2,1.01,1.13,1.1829166666666666
24.9,1,17,9,8,2,0.39,0.42,1.2116666666666667
18.2,1,18,9,8,2,1.11,1.32,1.1766666666666665
25.9,2,21,9,8,2,0.48,1.47,1.185
28.9,1,22,9,8,2,1.67,1.84,1.1345833333333333
35.8,5,1,10,8,3,0.63,0.93,1.1716666666666666
31.5,5,1,10,8,3,1.82,1.77,1.1566666666666667
-6.6,5,2,10,8,3,1.41,1.52,1.1066666666666667
16.2,5,3,10,8,3,0.32,1.27,1.1224999999999998
21.4,4,4,10,8,3,1.65,1.42,1.0816666666666668
-6.2,3,6,10,8,3,0.44,1.24,1.0970833333333332
-7.0,2,6,10,8,3,1.61,0.98,1.0758333333333334
30.2,3,7,10,8,3,0.47,1.91,1.0537500000000002
23.3,5,8,10,8,3,1.38,1.48,1.0641666666666667
20.8,3,9,10,8,3,1.73,0.69,1.0775
-4.7,5,9,10,8,3,1.01,1.92,1.0466666666666666
-7.4,2,10,10,8,3,1.18,0.67,1.0820833333333333
31.2,5,11,10,8,3,1.52,0.41,1.0841666666666667
6.6,3,11,10,8,3,0.46,1.77,1.0225
6.6,1,12,10,8,3,0.29,0.69,1.07
16.2,2,12,10,8,3,1.83,1.27,1.0579166666666666
2.4,1,13,10,8,3,0.98,0.89,1.0345833333333332
14.0,4,14,10,8,3,0.33,1.11,1.0233333333333332
37.2,5,15,10,8,3,0.84,1.01,1.0270833333333333
7.0,4,18,10,8,3,1.1,0.39,1.0533333333333335
14.6,5,19,10,8,3,1.02,1.11,1.0366666666666668
34.8,5,19,10,8,3,0.71,0.48,1.0366666666666668
-1.9,3,22,10,8,3,0.48,1.67,1.0475
17.1,3,22,10,8,3,1.93,0.63,1.0945833333333332
29.4,1,23,10,8,3,1.76,1.82,1.095
17.3,2,23,10,8,3,1.83,1.41,1.0558333333333334
23.6,2,0,11,8,4,0.47,0.32,1.0599999999999998
36.1,4,4,11,8,4,0.42,1.65,1.06875
34.9,2,5,11,8,4,1.86,0.44,1.1320833333333333
22.8,1,5,11,8,4,1.96,1.61,1.1266666666666667
29.5,5,6,11,8,4,1.48,0.47,1.1900000000000002
13.0,5,7,11,8,4,1.99,1.38,1.1704166666666667
-5.6,1,8,11,8,4,0.91,1.73,1.115
-2.7,1,10,11,8,4,0.4,1.01,1.0887499999999999
21.6,3,11,11,8,4,0.38,1.18,1.0525
27.8,2,13,11,8,4,0.31,1.52,1.0258333333333334
18.9,1,13,11,8,4,0.88,0.46,1.0883333333333334
33.5,3,15,11,8,4,1.96,0.29,1.1041666666666667
34.9,3,16,11,8,4,0.67,1.83,1.0875
9.1,2,17,11,8,4,1.43,0.98,1.07375
37.3,5,17,11,8,4,0.65,0.33,1.1033333333333333
12.4,4,17,11,8,4,1.04,0.84,1.08125
37.4,4,17,11,8,4,0.31,1.1,1.1166666666666667
3.6,2,20,11,8,4,1.95,1.02,1.1545833333333333
37.7,4,20,11,8,4,1.93,0.71,1.1458333333333333
24.9,4,21,11,8,4,0.5,0.48,1.1375
6.2,3,23,11,8,4,0.28,1.93,1.1095833333333334
0.6,1,0,12,8,5,1.26,1.76,1.0816666666666668
37.5,4,1,12,8,5,1.09,1.83,1.0745833333333332
11.3,3,1,12,8,5,1.66,0.47,1.1291666666666667
18.6,4,2,12,8,5,1.78,0.42,1.1929166666666668
5.3,4,5,12,8,5,1.95,1.86,1.1970833333333333
31.6,5,5,12,8,5,1.96,1.96,1.1858333333333333
37.8,4,7,12,8,5,1.69,1.48,1.1520833333333333
15.3,5,11,12,8,5,0.67,1.99,1.0883333333333332
21.3,4,11,12,8,5,0.46,0.91,1.0912499999999998
30.0,5,11,12,8,5,0.98,0.4,1.1225
15.5,2,12,12,8,5,1.15,0.38,1.1645833333333335
16.7,5,13,12,8,5,1.39,0.31,1.1633333333333333
39.3,2,13,12,8,5,0.28,0.88,1.1766666666666665
15.4,1,17,12,8,5,1.2,1.96,1.1358333333333333
21.4,5,18,12,8,5,0.98,0.67,1.1183333333333334
36.6,1,20,12,8,5,0.25,1.43,1.0995833333333334
17.7,2,22,12,8,5,0.98,0.65,1.14875
8.7,1,23,12,8,5,1.83,1.04,1.1483333333333332
29.1,4,23,12,8,5,1.03,0.31,1.1495833333333334
3.8,3,1,13,8,6,0.34,1.95,1.1370833333333332
10.1,2,1,13,8,6,1.65,1.93,1.1391666666666667
29.6,1,2,13,8,6,1.98,0.5,1.1408333333333334
18.6,1,4,13,8,6,0.54,0.28,1.2104166666666667
11.4,4,5,13,8,6,1.95,1.26,1.22625
14.5,2,5,13,8,6,1.64,1.09,1.2179166666666668
-4.6,4,6,13,8,6,0.89,1.66,1.1841666666666666
-2.9,1,7,13,8,6,0.85,1.78,1.1554166666666665
31.8,3,8,13,8,6,1.09,1.95,1.0887499999999999
29.5,2,8,13,8,6,0.35,1.96,1.0241666666666667
7.6,3,8,13,8,6,0.41,1.69,1.0320833333333332
27.4,5,9,13,8,6,1.88,0.67,1.0416666666666667
14.8,3,9,13,8,6,0.9,0.46,1.0545833333333334
-2.8,2,9,13,8,6,0.77,0.98,1.0650000000000002
-1.6,2,10,13,8,6,1.23,1.15,1.0525
21.6,2,12,13,8,6,0.85,1.39,1.0391666666666666
24.1,2,14,13,8,6,1.07,0.28,1.0595833333333333
-1.4,2,14,13,8,6,0.77,1.2,1.0516666666666667
14.6,5,15,13,8,6,1.01,0.98,1.0670833333333334
37.7,1,16,13,8,6,1.35,0.25,1.0729166666666667
7.4,2,17,13,8,6,0.39,0.98,1.0691666666666666
-2.9,3,18,13,8,6,0.89,1.83,1.0229166666666665
-0.6,1,19,13,8,6,0.72,1.03,0.9966666666666667
-3.3,2,21,13,8,6,0.4,0.34,0.9966666666666667
1.3,3,21,13,8,6,0.34,1.65,0.975
10.4,1,21,13,8,6,1.13,1.98,0.9304166666666666
-9.7,2,21,13,8,6,0.91,0.54,0.9691666666666666
29.3,2,21,13,8,6,1.47,1.95,0.9554166666666667
35.6,2,22,13,8,6,1.62,1.64,0.9199999999999999
31.1,3,23,13,8,6,0.79,0.89,0.9170833333333333
34.7,5,0,14,8,0,0.82,0.85,0.9562500000000002
33.8,5,0,14,8,0,1.79,1.09,0.9920833333333334
20.4,5,0,14,8,0,1.95,0.35,1.05125
12.7,2,0,14,8,0,1.77,0.41,1.0479166666666666
30.9,4,1,14,8,0,0.33,1.88,0.9945833333333334
29.0,1,1,14,8,0,0.6,0.9,1.01875
37.3,1,2,14,8,0,1.48,0.77,1.0029166666666667
29.2,2,2,14,8,0,0.39,1.23,1.0054166666666666
34.9,5,3,14,8,0,1.29,0.85,1.0175
23.0,2,3,14,8,0,1.14,1.07,0.9970833333333333
9.3,3,4,14,8,0,0.58,0.77,1.0016666666666667
27.4,4,4,14,8,0,0.88,1.01,0.9866666666666667
-3.2,4,5,14,8,0,0.65,1.35,0.94625
21.1,3,8,14,8,0,0.38,0.39,0.9891666666666667
5.2,4,8,14,8,0,1.42,0.89,1.0091666666666665
28.3,4,9,14,8,0,1.37,0.72,1.04
17.2,4,10,14,8,0,1.46,0.4,1.0508333333333333
35.8,4,12,14,8,0,0.66,0.34,1.0775
12.1,3,13,14,8,0,0.98,1.13,1.1025
36.2,4,13,14,8,0,1.73,0.91,1.0975
-7.2,2,13,14,8,0,0.79,1.47,1.09375
15.6,1,14,14,8,0,1.38,1.62,1.08625
0.9,5,14,14,8,0,1.44,0.79,1.0970833333333334
7.8,3,14,14,8,0,1.05,0.82,1.1008333333333333
28.4,3,14,14,8,0,0.91,1.79,1.0650000000000002
13.3,5,16,14,8,0,0.93,1.95,1.055
8.7,2,16,14,8,0,1.71,1.77,1.05125
29.6,3,16,14,8,0,1.68,0.33,1.055
8.8,3,19,14,8,0,0.42,0.6,1.0954166666666667
0.7,1,21,14,8,0,1.57,1.48,1.0454166666666667
2.8,4,22,14,8,0,0.28,0.39,1.09875
33.3,2,0,15,8,1,1.67,1.29,1.0675000000000001
16.1,1,0,15,8,1,0.54,1.14,1.0799999999999998
30.4,3,0,15,8,1,1.44,0.58,1.1358333333333335
-2.0,2,1,15,8,1,1.92,0.88,1.1529166666666668
9.2,5,1,15,8,1,1.29,0.65,1.1454166666666665
-7.3,5,1,15,8,1,0.47,0.38,1.1491666666666667
35.2,4,3,15,8,1,0.47,1.42,1.1645833333333333
6.7,5,3,15,8,1,1.79,1.37,1.1629166666666666
-8.8,3,6,15,8,1,1.33,1.46,1.1658333333333333
27.0,1,6,15,8,1,1.53,0.66,1.2041666666666666
5.5,5,7,15,8,1,1.58,0.98,1.1929166666666666
6.1,1,8,15,8,1,0.71,1.73,1.13375
10.3,5,9,15,8,1,0.31,0.79,1.1187500000000001
13.3,5,9,15,8,1,0.43,1.38,1.0829166666666667
6.5,5,9,15,8,1,0.52,1.44,1.0633333333333332
3.8,1,10,15,8,1,0.97,1.05,1.0670833333333334
18.9,5,10,15,8,1,1.14,0.91,1.0816666666666668
3.4,1,11,15,8,1,1.26,0.93,1.0825
17.4,5,13,15,8,1,0.95,1.71,1.035
6.6,4,13,15,8,1,0.57,1.68,1.0195833333333333
-9.8,1,13,15,8,1,1.31,0.42,1.04125
10.7,5,15,15,8,1,0.94,1.57,1.0295833333333333
34.9,4,16,15,8,1,1.29,0.28,1.0516666666666665
7.1,5,17,15,8,1,0.81,1.67,1.02875
9.8,3,17,15,8,1,1.12,0.54,1.0429166666666665
1.4,4,17,15,8,1,0.88,1.44,1.0608333333333333
10.0,1,18,15,8,1,1.87,1.92,1.0383333333333333
23.8,3,19,15,8,1,1.38,1.29,1.02875
16.6,2,20,15,8,1,1.06,0.47,1.0775
-9.7,2,21,15,8,1,1.64,0.47,1.0691666666666666
-5.1,5,21,15,8,1,0.27,1.79,1.0429166666666667
20.3,3,22,15,8,1,1.16,1.33,1.0091666666666668
-6.7,3,22,15,8,1,0.52,1.53,0.9587500000000001
16.9,1,22,15,8,1,0.32,1.58,0.9299999999999998
16.9,2,23,15,8,1,0.89,0.71,0.9695833333333334
39.4,5,0,16,8,2,1.66,0.31,0.9741666666666666
-8.9,5,0,16,8,2,0.42,0.43,1.0129166666666667
33.4,3,0,16,8,2,1.36,0.52,1.0270833333333333
-9.8,3,1,16,8,2,0.86,0.97,1.0254166666666666
10.0,5,3,16,8,2,0.93,1.14,1.04375
38.9,1,5,16,8,2,1.58,1.26,1.0533333333333332
33.8,2,5,16,8,2,1.49,0.95,1.0399999999999998
23.0,2,5,16,8,2,0.63,0.57,1.0995833333333334
0.8,2,6,16,8,2,2.0,1.31,1.0741666666666667
11.5,2,6,16,8,2,0.7,0.94,1.0720833333333333
27.9,3,8,16,8,2,0.89,1.29,1.0887499999999999
-3.3,4,9,16,8,2,1.69,0.81,1.1254166666666667
-2.3,4,9,16,8,2,1.69,1.12,1.1575
-6.4,2,10,16,8,2,1.89,0.88,1.19125
8.8,5,11,16,8,2,1.69,1.87,1.14125
20.5,4,14,16,8,2,0.67,1.38,1.1495833333333334
29.0,5,15,16,8,2,1.58,1.06,1.13
37.8,2,15,16,8,2,0.59,1.64,1.09
36.7,4,16,16,8,2,0.68,0.27,1.12875
26.7,4,16,16,8,2,1.2,1.16,1.1354166666666667
3.6,2,16,16,8,2,1.32,0.52,1.1341666666666665
27.7,5,17,16,8,2,0.49,0.32,1.18
13.1,4,19,16,8,2,1.42,0.89,1.2183333333333335
24.6,4,21,16,8,2,1.81,1.66,1.2025
17.5,1,21,16,8,2,1.28,0.42,1.25375
6.1,2,22,16,8,2,1.65,1.36,1.2445833333333334
2.5,2,0,17,8,3,1.14,0.86,1.2254166666666666
19.4,4,1,17,8,3,0.4,0.93,1.2233333333333334
11.2,2,2,17,8,3,0.88,1.58,1.1975
0.2,3,2,17,8,3,0.96,1.49,1.1766666666666667
26.9,2,3,17,8,3,0.99,0.63,1.1916666666666667
-1.3,5,5,17,8,3,0.99,2.0,1.1670833333333335
11.9,1,5,17,8,3,1.41,0.7,1.1945833333333333
26.5,1,5,17,8,3,1.36,0.89,1.19125
17.0,4,6,17,8,3,0.81,1.69,1.1612500000000001
38.1,5,7,17,8,3,0.97,1.69,1.1429166666666666
38.7,2,7,17,8,3,1.25,1.89,1.0904166666666666
2.6,2,10,17,8,3,0.63,1.69,1.0875000000000001
25.0,5,10,17,8,3,1.62,0.67,1.12375
20.5,3,11,17,8,3,1.54,1.58,1.1291666666666667
24.0,1,13,17,8,3,1.71,0.59,1.1629166666666666
9.5,2,14,17,8,3,1.4,0.68,1.1725
-4.6,5,14,17,8,3,0.91,1.2,1.19875
8.5,4,14,17,8,3,1.83,1.32,1.2233333333333334
31.4,2,15,17,8,3,1.91,0.49,1.2541666666666667
12.4,2,16,17,8,3,1.23,1.42,1.2345833333333334
18.4,3,16,17,8,3,0.95,1.81,1.195
-8.4,2,17,17,8,3,0.86,1.28,1.1716666666666666
29.2,3,17,17,8,3,0.72,1.65,1.1375
-8.5,4,17,17,8,3,0.83,1.14,1.1408333333333334
17.9,4,17,17,8,3,1.22,0.4,1.1420833333333333
25.3,5,17,17,8,3,0.43,0.88,1.1429166666666666
31.5,1,17,17,8,3,0.9,0.96,1.1858333333333333
36.3,3,17,17,8,3,1.99,0.99,1.20875
12.3,5,18,17,8,3,1.54,0.99,1.2449999999999999
1.5,1,18,17,8,3,1.86,1.41,1.2341666666666666
14.2,4,18,17,8,3,1.15,1.36,1.2029166666666666
35.8,1,18,17,8,3,0.61,0.81,1.23625
3.8,3,18,17,8,3,1.61,0.97,1.2529166666666667
15.0,5,19,17,8,3,1.37,1.25,1.2291666666666667
13.2,5,20,17,8,3,0.68,0.63,1.2845833333333334
29.3,5,21,17,8,3,1.96,1.62,1.2416666666666667
-8.1,2,22,17,8,3,0.59,1.54,1.2529166666666667
29.4,3,22,17,8,3,1.81,1.71,1.1908333333333332
7.3,1,0,18,8,4,0.22,1.4,1.1754166666666668
16.6,4,2,18,8,4,1.03,0.91,1.1483333333333334
36.9,2,2,18,8,4,0.26,1.83,1.0958333333333334
4.2,3,3,18,8,4,0.57,1.91,1.0770833333333332
-0.7,1,3,18,8,4,1.46,1.23,1.0683333333333334
11.6,2,3,18,8,4,1.02,0.95,1.04125
7.9,3,3,18,8,4,0.3,0.86,1.0529166666666667
1.4,4,4,18,8,4,1.14,0.72,1.0566666666666666
-5.0,5,4,18,8,4,0.81,0.83,1.085
35.2,5,5,18,8,4,1.51,1.22,1.1029166666666665
39.0,5,5,18,8,4,1.65,0.43,1.1575
15.6,2,6,18,8,4,1.74,0.9,1.1625
38.4,4,9,18,8,4,1.02,1.99,1.0887499999999999
4.1,2,9,18,8,4,0.22,1.54,1.0708333333333335
-4.2,3,10,18,8,4,1.11,1.86,1.0104166666666667
27.0,4,11,18,8,4,0.41,1.15,0.9845833333333333
0.7,2,11,18,8,4,0.53,0.61,1.0416666666666667
8.4,1,11,18,8,4,1.98,1.61,0.9983333333333334
13.1,1,12,18,8,4,0.57,1.37,0.98
1.6,2,12,18,8,4,0.93,0.68,0.9987499999999999
6.9,2,13,18,8,4,1.13,1.96,0.9641666666666667
36.0,4,13,18,8,4,1.13,0.59,0.9587499999999999
-2.7,3,14,18,8,4,0.46,1.81,0.9054166666666666
3.6,2,16,18,8,4,0.53,0.22,0.9791666666666666
11.0,5,17,18,8,4,1.99,1.03,0.94625
11.0,4,17,18,8,4,0.24,0.26,0.995
13.7,4,18,18,8,4,1.43,0.57,1.05375
-5.0,5,19,18,8,4,1.98,1.46,1.0345833333333334
12.0,5,19,18,8,4,1.0,1.02,1.0683333333333334
0.9,1,20,18,8,4,1.83,0.3,1.0958333333333334
24.6,5,20,18,8,4,0.96,1.14,1.0929166666666668
-5.8,4,20,18,8,4,1.07,0.81,1.0908333333333333
9.1,5,22,18,8,4,0.76,1.51,1.085
9.9,1,0,19,8,5,1.37,1.65,1.0908333333333333
31.4,3,1,19,8,5,1.79,1.74,1.0374999999999999
3.6,2,1,19,8,5,0.46,1.02,1.0558333333333334
9.6,4,2,19,8,5,1.46,0.22,1.1095833333333334
36.4,1,3,19,8,5,1.51,1.11,1.1220833333333333
3.6,4,4,19,8,5,1.41,0.41,1.1187500000000001
33.0,5,7,19,8,5,0.33,0.53,1.14875
10.7,3,8,19,8,5,1.25,1.98,1.1183333333333334
39.2,1,9,19,8,5,1.25,0.57,1.1116666666666666
22.6,5,9,19,8,5,0.41,0.93,1.1025
13.5,1,9,19,8,5,0.71,1.13,1.0962500000000002
26.2,3,9,19,8,5,0.98,1.13,1.1170833333333332
23.5,2,10,19,8,5,1.63,0.46,1.1725
25.3,2,10,19,8,5,1.79,0.53,1.2166666666666666
-4.7,5,11,19,8,5,1.59,1.99,1.1504166666666669
16.1,1,11,19,8,5,0.4,0.24,1.1545833333333333
-4.3,1,11,19,8,5,0.34,1.43,1.1654166666666665
13.0,2,13,19,8,5,1.69,1.98,1.1066666666666667
12.9,5,13,19,8,5,0.57,1.0,1.1204166666666666
30.4,1,14,19,8,5,1.33,1.83,1.0808333333333333
29.3,1,14,19,8,5,0.88,0.96,1.1079166666666667
8.2,2,15,19,8,5,1.61,1.07,1.0979166666666667
24.7,1,16,19,8,5,0.83,0.76,1.1079166666666669
8.5,3,16,19,8,5,1.0,1.37,1.0879166666666666
12.5,3,17,19,8,5,0.89,1.79,1.0391666666666668
17.1,5,17,19,8,5,0.62,0.46,1.08125
32.3,4,18,19,8,5,1.47,1.46,1.0541666666666667
34.1,3,20,19,8,5,0.81,1.51,1.0374999999999999
4.1,4,20,19,8,5,1.11,1.41,1.0154166666666666
27.6,5,20,19,8,5,0.88,0.33,1.0304166666666668
5.5,4,21,19,8,5,0.69,1.25,0.9966666666666667
-7.6,3,22,19,8,5,0.44,1.25,1.0029166666666667
-5.9,2,23,19,8,5,1.4,0.41,1.0366666666666666
21.3,5,23,19,8,5,1.22,0.71,1.0766666666666667
6.4,5,1,20,8,6,1.67,0.98,1.0733333333333333
7.3,1,2,20,8,6,0.9,1.63,1.0570833333333334
37.0,1,5,20,8,6,1.24,1.79,1.0558333333333334
33.1,2,6,20,8,6,1.76,1.59,1.0154166666666666
9.3,1,6,20,8,6,0.62,0.4,1.0379166666666666
30.5,2,6,20,8,6,0.94,0.34,1.0416666666666667
21.5,4,6,20,8,6,0.43,1.69,0.9816666666666668
28.2,4,7,20,8,6,0.25,0.57,0.9779166666666667
34.8,1,10,20,8,6,0.48,1.33,0.9420833333333333
25.4,5,10,20,8,6,0.47,0.88,0.9333333333333332
-3.1,4,11,20,8,6,0.67,1.61,0.9491666666666667
32.8,4,11,20,8,6,1.99,0.83,0.9716666666666667
20.9,2,12,20,8,6,1.37,1.0,1.01125
19.3,2,13,20,8,6,1.95,0.89,1.0537500000000002
-5.2,4,14,20,8,6,1.91,0.62,1.07375
39.2,3,15,20,8,6,1.1,1.47,1.0266666666666666
15.2,5,16,20,8,6,0.34,0.81,1.0391666666666666
14.1,4,17,20,8,6,1.11,1.11,1.0441666666666667
27.4,1,19,20,8,6,1.23,0.88,1.0366666666666668
19.1,2,21,20,8,6,0.7,0.69,1.0858333333333332
-0.9,1,21,20,8,6,1.87,0.44,1.0783333333333334
17.0,5,22,20,8,6,0.26,1.4,1.07875
6.4,5,22,20,8,6,1.41,1.22,1.0670833333333334
36.0,1,23,20,8,6,0.94,1.67,1.03875
35.0,5,0,21,8,0,0.99,0.9,1.0820833333333333
39.3,5,2,21,8,0,1.94,1.24,1.0995833333333331
19.9,4,3,21,8,0,1.66,1.76,1.035
15.9,3,3,21,8,0,0.21,0.62,1.0579166666666666
7.9,1,4,21,8,0,1.17,0.94,1.0599999999999998
33.5,2,5,21,8,0,0.99,0.43,1.0999999999999999
-7.2,1,6,21,8,0,1.39,0.25,1.10875
12.9,2,7,21,8,0,0.46,0.48,1.1220833333333333
29.9,4,10,21,8,0,0.8,0.47,1.1633333333333333
7.3,4,11,21,8,0,1.46,0.67,1.1470833333333335
-9.1,4,11,21,8,0,0.28,1.99,1.1079166666666667
18.3,4,13,21,8,0,1.05,1.37,1.1229166666666666
9.9,3,13,21,8,0,1.73,1.95,1.1099999999999999
19.2,1,14,21,8,0,1.64,1.91,1.0854166666666665
-4.4,1,15,21,8,0,1.32,1.1,1.0970833333333334
31.8,2,17,21,8,0,1.38,0.34,1.1191666666666666
15.9,5,18,21,8,0,0.87,1.11,1.1066666666666667
4.2,5,18,21,8,0,0.81,1.23,1.1141666666666667
20.8,2,19,21,8,0,1.41,0.7,1.1608333333333334
19.5,1,22,21,8,0,1.82,1.87,1.1179166666666667
10.2,2,3,22,8,1,0.84,0.26,1.12375
40.0,2,4,22,8,1,0.4,1.41,1.0783333333333334
7.2,5,4,22,8,1,0.32,0.94,1.0741666666666667
3.0,4,6,22,8,1,0.84,0.99,1.0670833333333334
-4.1,3,7,22,8,1,0.82,1.94,1.0658333333333334
12.8,5,8,22,8,1,1.91,1.66,1.06875
1.0,4,9,22,8,1,1.73,0.21,1.1283333333333332
-1.1,4,9,22,8,1,1.64,1.17,1.1229166666666666
-2.2,1,10,22,8,1,1.04,0.99,1.1575
-0.6,4,10,22,8,1,1.82,1.39,1.1737499999999998
32.8,4,11,22,8,1,1.78,0.46,1.2295833333333333
-4.3,5,11,22,8,1,1.8,0.8,1.2495833333333335
31.6,4,12,22,8,1,1.28,1.46,1.2658333333333334
23.5,5,12,22,8,1,1.85,0.28,1.3345833333333335
-9.8,2,14,22,8,1,1.93,1.05,1.3345833333333335
2.2,5,15,22,8,1,1.05,1.73,1.3020833333333333
5.5,5,17,22,8,1,0.95,1.64,1.2925
-8.1,1,17,22,8,1,1.41,1.32,1.3
2.7,5,18,22,8,1,1.5,1.38,1.29125
28.8,5,18,22,8,1,1.17,0.87,1.285
19.1,5,18,22,8,1,0.72,0.81,1.27125
8.8,4,20,22,8,1,0.48,1.41,1.2916666666666667
22.8,4,22,22,8,1,1.9,1.82,1.2670833333333331
14.1,3,23,22,8,1,1.23,0.84,1.305
-4.1,2,23,22,8,1,1.75,0.4,1.3179166666666666
-1.3,3,23,22,8,1,0.71,0.32,1.3245833333333332
9.6,1,0,23,8,2,0.48,0.84,1.3412499999999998
32.7,3,0,23,8,2,1.24,0.82,1.3316666666666666
26.5,1,1,23,8,2,0.59,1.91,1.3179166666666666
7.1,4,1,23,8,2,1.58,1.73,1.3054166666666667
23.8,1,5,23,8,2,1.43,1.64,1.2641666666666667
15.9,2,5,23,8,2,0.65,1.04,1.2645833333333332
17.2,5,7,23,8,2,1.05,1.82,1.2541666666666667
10.2,1,7,23,8,2,1.57,1.78,1.2495833333333335
-7.5,3,7,23,8,2,1.67,1.8,1.18375
-3.9,1,8,23,8,2,0.22,1.28,1.2075
26.8,4,10,23,8,2,1.85,1.85,1.1875
-8.1,5,10,23,8,2,1.37,1.93,1.1812500000000001
14.7,1,10,23,8,2,1.78,1.05,1.1929166666666668
15.0,5,12,23,8,2,1.33,0.95,1.2149999999999999
34.0,2,13,23,8,2,1.48,1.41,1.20875
-8.5,5,13,23,8,2,1.26,1.5,1.2083333333333333
12.3,2,13,23,8,2,1.49,1.17,1.2041666666666666
14.4,4,14,23,8,2,1.07,0.72,1.1895833333333334
-1.7,5,17,23,8,2,0.37,0.48,1.20375
-4.9,4,18,23,8,2,0.82,1.9,1.1908333333333334
39.6,2,21,23,8,2,1.59,1.23,1.15375
-9.4,4,22,23,8,2,0.34,1.75,1.1362500000000002
36.8,5,0,24,8,3,1.33,0.71,1.1166666666666667
23.2,1,5,24,8,3,0.24,0.48,1.1525
7.0,2,6,24,8,3,1.34,1.24,1.18375
35.9,4,7,24,8,3,1.99,0.59,1.2029166666666666
15.1,2,8,24,8,3,1.05,1.58,1.2016666666666667
2.1,2,9,24,8,3,1.55,1.43,1.16375
32.6,1,9,24,8,3,0.52,0.65,1.1875000000000002
-0.2,5,11,24,8,3,1.22,1.05,1.21375
30.7,3,12,24,8,3,1.68,1.57,1.1575
-9.2,5,12,24,8,3,0.22,1.67,1.1420833333333333
-7.9,2,13,24,8,3,1.3,0.22,1.1429166666666666
3.1,5,14,24,8,3,0.24,1.85,1.1354166666666667
-3.6,2,14,24,8,3,1.67,1.37,1.1079166666666669
18.7,4,16,24,8,3,0.71,1.78,1.05375
6.2,3,17,24,8,3,0.48,1.33,1.0799999999999998
4.9,2,17,24,8,3,1.96,1.48,1.0308333333333335
20.5,5,17,24,8,3,0.3,1.26,1.0295833333333333
14.4,1,18,24,8,3,1.23,1.49,0.9870833333333334
-8.3,1,20,24,8,3,0.47,1.07,0.96875
34.0,2,20,24,8,3,0.63,0.37,1.0337500000000002
33.9,2,21,24,8,3,1.93,0.82,1.0108333333333335
23.1,1,21,24,8,3,0.27,1.59,1.0075
-5.7,3,21,24,8,3,1.51,0.34,1.0566666666666666
24.4,2,0,25,8,4,1.52,1.33,1.0545833333333332
-8.2,3,1,25,8,4,1.28,0.24,1.09375
26.5,3,3,25,8,4,1.18,1.34,1.0716666666666665
9.8,5,4,25,8,4,0.81,1.99,1.01
16.4,2,5,25,8,4,0.51,1.05,0.9908333333333333
21.2,2,5,25,8,4,0.59,1.55,0.9475000000000001
9.2,5,5,25,8,4,0.51,0.52,0.9883333333333334
-4.0,3,6,25,8,4,1.5,1.22,1.0008333333333332
4.9,3,6,25,8,4,1.52,1.68,0.9866666666666667
12.3,2,7,25,8,4,1.34,0.22,1.0404166666666665
-7.8,2,8,25,8,4,1.51,1.3,1.0525
29.6,1,9,25,8,4,1.59,0.24,1.1162500000000002
-8.8,1,9,25,8,4,1.77,1.67,1.1095833333333334
23.8,5,10,25,8,4,1.51,0.71,1.0958333333333334
-1.5,2,10,25,8,4,0.38,0.48,1.12
27.6,3,12,25,8,4,1.06,1.96,1.0695833333333333
18.7,2,12,25,8,4,0.75,0.3,1.06625
25.5,3,13,25,8,4,0.22,1.23,1.0533333333333335
18.3,4,13,25,8,4,0.92,0.47,1.0650000000000002
32.1,5,14,25,8,4,0.75,0.63,1.0845833333333335
36.7,4,16,25,8,4,1.1,1.93,1.0470833333333334
11.9,5,17,25,8,4,1.03,0.27,1.07625
12.0,1,18,25,8,4,0.97,1.51,1.03
21.6,4,18,25,8,4,0.4,1.52,1.0004166666666667
16.7,1,19,25,8,4,0.81,1.28,0.9941666666666666
10.8,3,19,25,8,4,1.13,1.18,0.9891666666666667
0.7,2,19,25,8,4,1.06,0.81,1.0270833333333333
12.7,1,21,25,8,4,1.72,0.51,1.03125
32.1,4,23,25,8,4,0.61,0.59,1.0483333333333333
38.9,3,0,26,8,5,1.0,0.51,1.05875
-8.1,1,0,26,8,5,0.76,1.5,1.0491666666666666
23.5,4,1,26,8,5,1.27,1.52,1.01375
37.0,2,1,26,8,5,0.67,1.34,0.96625
2.3,4,2,26,8,5,0.2,1.51,0.9391666666666668
36.3,3,3,26,8,5,0.86,1.59,0.9012500000000001
38.1,4,5,26,8,5,0.68,1.77,0.8983333333333333
11.7,1,5,26,8,5,1.7,1.51,0.9045833333333334
-8.5,3,5,26,8,5,1.66,0.38,0.9616666666666668
3.7,2,6,26,8,5,1.75,1.06,0.9854166666666666
14.3,4,6,26,8,5,1.63,0.75,0.985
21.2,3,7,26,8,5,0.74,0.22,1.04
17.4,3,7,26,8,5,1.54,0.92,1.0616666666666665
8.4,3,8,26,8,5,1.44,0.75,1.1095833333333334
2.4,2,8,26,8,5,1.9,1.1,1.1425
4.9,3,9,26,8,5,1.89,1.03,1.1575
2.2,2,11,26,8,5,1.39,0.97,1.1291666666666667
-9.2,5,12,26,8,5,0.29,0.4,1.1412499999999999
23.9,1,12,26,8,5,0.69,0.81,1.1820833333333334
11.6,5,13,26,8,5,1.79,1.13,1.18875
25.8,3,16,26,8,5,1.29,1.06,1.1649999999999998
36.0,4,19,26,8,5,0.49,1.72,1.13625
16.8,2,21,26,8,5,1.03,0.61,1.1375
11.0,5,21,26,8,5,0.64,1.0,1.1554166666666668
12.0,2,21,26,8,5,1.43,0.76,1.1354166666666667
-5.6,2,22,26,8,5,0.28,1.27,1.1466666666666667
10.4,5,23,26,8,5,1.54,0.67,1.1625
-9.6,3,0,27,8,6,1.05,0.2,1.1920833333333334
1.2,3,0,27,8,6,0.91,0.86,1.2066666666666666
9.7,4,1,27,8,6,1.21,0.68,1.1908333333333332
15.1,2,1,27,8,6,0.3,1.7,1.16375
31.5,1,2,27,8,6,1.05,1.66,1.1454166666666665
26.9,5,2,27,8,6,1.22,1.75,1.0891666666666666
-1.2,3,3,27,8,6,0.4,1.63,1.0670833333333334
36.2,4,4,27,8,6,1.1,0.74,1.0483333333333333
8.3,3,4,27,8,6,0.29,1.54,0.9991666666666666
31.3,5,4,27,8,6,0.36,1.44,0.9916666666666666
24.3,4,4,27,8,6,1.26,1.9,0.9345833333333333
-2.3,4,6,27,8,6,0.53,1.89,0.8779166666666667
11.1,5,7,27,8,6,0.53,1.39,0.8991666666666666
24.2,3,8,27,8,6,1.9,0.29,0.9354166666666667
0.4,3,8,27,8,6,1.16,0.69,0.9545833333333333
29.0,5,9,27,8,6,1.15,1.79,0.9462499999999999
14.1,1,9,27,8,6,1.59,1.29,0.91375
-0.5,1,10,27,8,6,0.51,0.49,0.97625
20.8,5,10,27,8,6,1.99,1.03,1.0008333333333332
0.7,3,12,27,8,6,1.62,0.64,1.0495833333333333
-5.2,2,15,27,8,6,1.81,1.43,1.0291666666666666
-7.1,2,17,27,8,6,0.94,0.28,1.0733333333333333
1.1,2,18,27,8,6,1.34,1.54,1.0466666666666666
7.8,5,18,27,8,6,0.9,1.05,1.0825
-6.9,3,18,27,8,6,1.91,0.91,1.0658333333333332
9.6,4,19,27,8,6,0.51,1.21,1.08375
35.9,1,19,27,8,6,1.64,0.3,1.12375
-2.7,3,21,27,8,6,1.26,1.05,1.1312499999999999
9.0,4,21,27,8,6,1.23,1.22,1.1087500000000001
29.6,3,0,28,8,0,0.68,0.4,1.1158333333333332
23.3,3,0,28,8,0,0.57,1.1,1.1362500000000002
-1.4,2,0,28,8,0,1.59,0.29,1.1979166666666667
15.6,5,1,28,8,0,1.77,0.36,1.2258333333333333
39.7,5,2,28,8,0,1.03,1.26,1.2154166666666668
-2.5,4,2,28,8,0,1.01,0.53,1.2270833333333333
3.1,3,3,28,8,0,0.81,0.53,1.2345833333333334
27.8,5,5,28,8,0,0.71,1.9,1.2166666666666666
9.3,4,5,28,8,0,1.47,1.16,1.2270833333333333
23.2,4,7,28,8,0,1.41,1.15,1.19125
-7.1,1,7,28,8,0,0.29,1.59,1.1466666666666667
36.6,5,9,28,8,0,0.52,0.51,1.1454166666666667
1.1,4,10,28,8,0,0.48,1.99,1.0716666666666668
6.7,1,10,28,8,0,0.22,1.62,1.0845833333333335
10.9,2,10,28,8,0,1.93,1.81,1.0633333333333332
39.4,4,12,28,8,0,1.3,0.94,1.0562500000000001
26.0,2,13,28,8,0,0.77,1.34,1.0420833333333335
20.6,5,14,28,8,0,1.0,0.9,1.0470833333333334
33.2,5,14,28,8,0,1.02,1.91,0.9758333333333332
36.1,4,15,28,8,0,0.2,0.51,0.9833333333333334
38.0,1,16,28,8,0,0.69,1.64,0.99625
23.0,3,19,28,8,0,1.95,1.26,0.9633333333333333
5.5,4,19,28,8,0,0.47,1.23,0.9304166666666668
-1.4,2,19,28,8,0,0.44,0.68,0.9387499999999999
1.2,5,20,28,8,0,0.88,0.57,0.9566666666666667
35.6,3,21,28,8,0,1.0,1.59,0.9325
9.0,3,21,28,8,0,1.01,1.77,0.9066666666666666
10.3,4,22,28,8,0,1.15,1.03,0.90625
31.3,5,22,28,8,0,1.02,1.01,0.88375
37.0,1,22,28,8,0,0.47,0.81,0.9116666666666666
9.2,4,23,28,8,0,1.48,0.71,0.9370833333333333
-2.3,4,23,28,8,0,1.32,1.47,0.8970833333333333
1.9,1,23,28,8,0,0.51,1.41,0.8729166666666667
-7.8,4,23,28,8,0,0.83,0.29,0.8795833333333335
-4.7,1,0,29,8,1,0.45,0.52,0.9254166666666666
27.5,4,1,29,8,1,1.62,0.48,0.9691666666666666
-2.6,1,3,29,8,1,1.53,0.22,1.0283333333333333
18.1,3,4,29,8,1,1.64,1.93,1.0066666666666666
31.5,1,4,29,8,1,1.41,1.3,1.0220833333333332
-0.0,2,5,29,8,1,1.67,0.77,1.0687499999999999
29.5,1,6,29,8,1,1.89,1.0,1.0641666666666667
-9.0,3,8,29,8,1,0.89,1.02,1.0845833333333335
16.3,4,8,29,8,1,1.51,0.2,1.1320833333333333
-9.7,3,9,29,8,1,1.34,0.69,1.1695833333333334
6.0,3,10,29,8,1,1.59,1.95,1.11375
28.5,4,11,29,8,1,0.61,0.47,1.1329166666666668
15.3,5,12,29,8,1,0.93,0.44,1.19
17.3,1,14,29,8,1,1.81,0.88,1.2341666666666666
16.4,5,15,29,8,1,1.94,1.0,1.2241666666666666
-0.9,5,16,29,8,1,0.76,1.01,1.21
31.2,5,16,29,8,1,0.67,1.15,1.1820833333333334
21.5,2,17,29,8,1,0.48,1.02,1.1729166666666668
11.3,5,18,29,8,1,0.8,0.47,1.2008333333333334
20.8,4,18,29,8,1,1.14,1.48,1.1820833333333334
26.3,4,19,29,8,1,1.03,1.32,1.1425
16.0,2,21,29,8,1,0.37,0.51,1.1979166666666667
22.6,3,22,29,8,1,1.84,0.83,1.2008333333333334
31.3,4,23,29,8,1,0.9,0.45,1.24625
25.7,5,0,30,8,2,1.54,1.62,1.2125000000000001
-9.5,2,1,30,8,2,0.81,1.53,1.2029166666666666
6.9,2,1,30,8,2,1.3,1.64,1.2104166666666667
-1.2,4,3,30,8,2,1.82,1.41,1.1929166666666666
-8.6,1,3,30,8,2,0.99,1.67,1.1495833333333334
16.1,2,3,30,8,2,0.63,1.89,1.15125
15.7,2,7,30,8,2,1.93,0.89,1.1904166666666667
-9.5,2,8,30,8,2,1.83,1.51,1.1408333333333334
-5.7,2,8,30,8,2,0.32,1.34,1.1258333333333332
-6.1,3,9,30,8,2,0.98,1.59,1.095
37.0,5,9,30,8,2,0.85,0.61,1.1145833333333333
26.7,2,10,30,8,2,1.08,0.93,1.0920833333333333
28.4,4,11,30,8,2,0.39,1.81,1.0616666666666668
29.9,5,11,30,8,2,1.08,1.94,1.0270833333333333
33.8,4,12,30,8,2,1.11,0.76,1.0266666666666666
-5.4,4,14,30,8,2,0.75,0.67,1.0083333333333333
14.0,4,16,30,8,2,0.23,0.48,1.0466666666666666
35.2,5,18,30,8,2,1.4,0.8,1.0574999999999999
21.7,1,18,30,8,2,1.06,1.14,1.0508333333333335
33.0,5,22,30,8,2,0.98,1.03,1.0170833333333333
-2.5,1,23,30,8,2,0.22,0.37,1.035
14.3,3,0,31,8,3,0.8,1.84,1.0079166666666668
5.3,2,0,31,8,3,1.19,0.9,1.0441666666666667
-10.0,5,1,31,8,3,1.77,1.54,1.0341666666666667
6.1,3,1,31,8,3,1.3,0.81,1.0783333333333334
18.1,2,4,31,8,3,1.87,1.3,1.1054166666666667
10.1,3,6,31,8,3,1.95,1.82,1.0604166666666666
2.9,3,7,31,8,3,0.74,0.99,1.02875
24.8,1,9,31,8,3,0.23,0.63,1.0804166666666668
5.2,4,11,31,8,3,1.87,1.93,1.0704166666666666
-2.1,2,12,31,8,3,1.69,1.83,1.0554166666666667
6.6,5,13,31,8,3,1.47,0.32,1.07875
34.1,1,13,31,8,3,0.88,0.98,1.0741666666666667
39.2,1,13,31,8,3,0.87,0.85,1.0958333333333334
32.9,5,13,31,8,3,1.37,1.08,1.1183333333333334
26.3,2,16,31,8,3,1.62,0.39,1.1624999999999999
-8.4,4,17,31,8,3,1.45,1.08,1.14375
32.6,5,18,31,8,3,0.63,1.11,1.1579166666666667
26.0,5,19,31,8,3,1.45,0.75,1.2091666666666667
31.2,2,20,31,8,3,1.98,0.23,1.2470833333333333
33.3,2,20,31,8,3,1.14,1.4,1.26625
36.5,1,21,31,8,3,1.86,1.06,1.2391666666666667
17.1,2,22,31,8,3,0.41,0.98,1.2379166666666668
-2.7,2,22,31,8,3,0.95,0.22,1.2479166666666668
25.8,3,22,31,8,3,0.46,0.8,1.2845833333333334
38.8,5,23,31,8,3,1.68,1.19,1.2879166666666666
20.0,1,0,1,9,4,1.27,1.77,1.2591666666666665
5.6,1,1,1,9,4,1.08,1.3,1.2674999999999998
22.7,4,1,1,9,4,1.5,1.87,1.2295833333333335
-6.1,3,1,1,9,4,0.96,1.95,1.2116666666666667
16.8,5,2,1,9,4,1.52,0.74,1.2041666666666666
36.2,4,2,1,9,4,0.56,0.23,1.2179166666666668
-7.4,4,4,1,9,4,0.56,1.87,1.1691666666666667
-5.5,4,5,1,9,4,0.7,1.69,1.15375
30.9,5,5,1,9,4,1.32,1.47,1.1066666666666667
35.1,1,5,1,9,4,0.34,0.88,1.1175
8.1,2,5,1,9,4,1.14,0.87,1.1258333333333332
35.8,5,5,1,9,4,1.07,1.37,1.12625
22.9,3,6,1,9,4,1.38,1.62,1.1145833333333333
11.0,3,6,1,9,4,1.34,1.45,1.0695833333333333
22.0,4,6,1,9,4,0.37,0.63,1.1070833333333334
15.5,4,6,1,9,4,1.53,1.45,1.09
20.0,5,7,1,9,4,1.04,1.98,1.03
8.4,5,8,1,9,4,0.54,1.14,1.0245833333333334
21.0,1,10,1,9,4,1.01,1.86,1.0270833333333333
-2.4,1,10,1,9,4,1.92,0.41,1.0808333333333333
39.1,5,11,1,9,4,1.7,0.95,1.0920833333333333
32.8,5,12,1,9,4,1.22,0.46,1.1016666666666666
17.1,3,13,1,9,4,0.69,1.68,1.0695833333333333
15.6,3,14,1,9,4,0.91,1.27,1.04625
-9.7,2,14,1,9,4,0.71,1.08,1.04625
25.7,1,15,1,9,4,1.08,1.5,1.01875
27.8,3,16,1,9,4,0.84,0.96,1.0379166666666666
22.5,5,16,1,9,4,1.42,1.52,0.9945833333333334
22.4,4,17,1,9,4,0.48,0.56,1.0408333333333333
37.0,4,18,1,9,4,1.67,0.56,1.0729166666666667
16.9,4,18,1,9,4,1.33,0.7,1.0591666666666666
20.2,1,18,1,9,4,0.37,1.32,1.0304166666666668
-9.2,3,19,1,9,4,0.63,0.34,1.0416666666666667
7.9,4,22,1,9,4,0.61,1.14,1.03375
-1.5,3,22,1,9,4,0.95,1.07,1.0087499999999998
-6.2,3,22,1,9,4,0.47,1.38,1.0325
31.6,4,0,2,9,5,1.95,1.34,1.0558333333333334
33.4,5,1,2,9,5,1.9,0.37,1.1229166666666666
15.5,4,1,2,9,5,1.98,1.53,1.135
25.2,4,4,2,9,5,1.82,1.04,1.1566666666666665
20.0,2,4,2,9,5,1.56,0.54,1.2108333333333332
-2.5,1,5,2,9,5,1.84,1.01,1.2333333333333332
-2.1,1,6,2,9,5,1.55,1.92,1.1937499999999999
2.2,4,6,2,9,5,0.97,1.7,1.15625
15.0,1,9,2,9,5,0.8,1.22,1.125
1.7,2,10,2,9,5,0.47,0.69,1.1241666666666668
20.4,3,11,2,9,5,0.67,0.91,1.0987500000000001
27.1,1,14,2,9,5,0.3,0.71,1.0820833333333333
-8.4,5,16,2,9,5,0.31,1.08,1.0954166666666667
13.8,2,17,2,9,5,1.4,0.84,1.0725
12.3,3,18,2,9,5,0.29,1.42,1.0545833333333332
33.4,3,19,2,9,5,0.99,0.48,1.09875
19.1,4,19,2,9,5,1.54,1.67,1.0395833333333335
-2.0,4,21,2,9,5,0.25,1.33,1.0441666666666667
27.8,1,0,3,9,6,1.44,0.37,1.0575
30.2,2,2,3,9,6,0.69,0.63,1.0641666666666667
28.0,2,2,3,9,6,0.79,0.61,1.0504166666666668
-4.6,4,3,3,9,6,0.28,0.95,1.0820833333333333
17.2,2,4,3,9,6,1.71,0.47,1.0895833333333333
23.0,3,5,3,9,6,0.65,1.95,1.0379166666666666
1.7,4,7,3,9,6,0.71,1.9,1.0404166666666665
1.7,4,9,3,9,6,1.96,1.98,0.9691666666666666
27.8,2,9,3,9,6,0.27,1.82,0.9175
38.9,4,10,3,9,6,0.58,1.56,0.93
-6.5,5,11,3,9,6,1.86,1.84,0.9025
29.7,1,12,3,9,6,1.18,1.55,0.8783333333333333
31.8,1,12,3,9,6,0.97,0.97,0.9020833333333335
11.4,2,13,3,9,6,1.54,0.8,0.9329166666666667
-9.2,5,14,3,9,6,1.54,0.47,0.9562500000000002
-3.7,1,14,3,9,6,1.03,0.67,0.98375
6.9,3,16,3,9,6,1.33,0.3,1.0358333333333334
1.8,1,16,3,9,6,1.55,0.31,1.0945833333333332
-6.5,4,16,3,9,6,1.72,1.4,1.0875
20.8,5,17,3,9,6,1.23,0.29,1.1395833333333332
-6.3,2,17,3,9,6,1.54,0.99,1.1295833333333334
26.8,1,17,3,9,6,0.75,1.54,1.1133333333333335
36.2,1,18,3,9,6,1.15,0.25,1.1833333333333333
32.7,3,18,3,9,6,1.93,1.44,1.1704166666666667
23.1,4,20,3,9,6,1.13,0.69,1.2208333333333332
27.4,3,21,3,9,6,1.9,0.79,1.265
22.5,2,22,3,9,6,1.85,0.28,1.3045833333333332
-10.0,2,22,3,9,6,1.23,1.71,1.3054166666666667
15.4,5,0,4,9,0,1.73,0.65,1.3170833333333334
11.2,3,3,4,9,0,0.93,0.71,1.36125
37.4,3,4,4,9,0,1.77,1.96,1.31375
4.9,3,5,4,9,0,0.82,0.27,1.3170833333333334
17.5,3,7,4,9,0,0.35,0.58,1.3558333333333332
11.4,4,7,4,9,0,1.51,1.86,1.315
29.3,3,8,4,9,0,0.88,1.18,1.335
27.6,5,8,4,9,0,1.66,0.97,1.3579166666666669
22.4,2,8,4,9,0,1.52,1.54,1.36125
4.2,1,8,4,9,0,1.62,1.54,1.3283333333333334
4.8,4,9,4,9,0,0.75,1.03,1.3408333333333333
38.8,3,9,4,9,0,1.33,1.33,1.35375
26.3,5,11,4,9,0,1.64,1.55,1.3408333333333333
29.8,3,11,4,9,0,1.24,1.72,1.3054166666666667
8.3,1,12,4,9,0,0.87,1.23,1.3295833333333333
9.9,2,12,4,9,0,1.81,1.54,1.3279166666666666
8.7,3,14,4,9,0,1.5,0.75,1.3266666666666667
1.7,1,15,4,9,0,0.72,1.15,1.3516666666666666
31.5,1,16,4,9,0,1.75,1.93,1.3045833333333332
-0.0,3,17,4,9,0,0.8,1.13,1.2845833333333334
24.3,4,19,4,9,0,0.65,1.9,1.2529166666666667
38.5,4,20,4,9,0,1.14,1.85,1.2212500000000002
34.6,2,21,4,9,0,1.09,1.23,1.2433333333333334
-0.6,3,22,4,9,0,1.76,1.73,1.2279166666666665
8.1,1,23,4,9,0,1.36,0.93,1.2416666666666667
30.4,5,0,5,9,1,1.26,1.77,1.21125
-5.6,4,0,5,9,1,1.04,0.82,1.2249999999999999
27.2,1,1,5,9,1,1.15,0.35,1.23
20.9,4,2,5,9,1,0.47,1.51,1.1875
23.4,1,3,5,9,1,0.49,0.88,1.21625
35.2,3,4,5,9,1,1.57,1.66,1.1829166666666666
15.7,5,4,5,9,1,0.86,1.52,1.1579166666666667
31.9,1,5,5,9,1,0.92,1.62,1.1695833333333334
14.6,1,7,5,9,1,1.9,0.75,1.1483333333333334
3.7,5,7,5,9,1,0.24,1.33,1.1066666666666667
-4.3,4,7,5,9,1,0.33,1.64,1.1079166666666667
7.2,1,8,5,9,1,1.67,1.24,1.08375
2.3,5,11,5,9,1,0.66,0.87,1.07125
13.2,4,11,5,9,1,0.57,1.81,1.0433333333333332
15.1,4,12,5,9,1,1.14,1.5,1.0425
-4.2,5,12,5,9,1,1.48,0.72,1.0420833333333335
3.0,3,14,5,9,1,0.71,1.75,1.0354166666666667
24.6,5,16,5,9,1,1.59,0.8,1.0258333333333334
31.7,1,18,5,9,1,0.57,0.65,1.0091666666666665
24.8,2,20,5,9,1,0.25,1.14,0.9849999999999999
8.5,3,21,5,9,1,0.56,1.09,0.9808333333333333
15.8,3,22,5,9,1,0.99,1.76,0.9354166666666667
20.6,4,22,5,9,1,0.67,1.36,0.8879166666666668
33.3,4,23,5,9,1,0.22,1.26,0.8854166666666666
11.6,4,23,5,9,1,1.2,1.04,0.8737499999999999
35.3,1,0,6,9,2,0.76,1.15,0.90625
20.0,4,0,6,9,2,1.93,0.47,0.9670833333333334
20.3,1,3,6,9,2,1.93,0.49,1.03
29.7,5,6,6,9,2,2.0,1.57,0.9925
23.9,3,6,6,9,2,0.67,0.86,1.02375
39.8,1,7,6,9,2,1.61,0.92,1.0174999999999998
-8.8,1,10,6,9,2,0.77,1.9,0.9987500000000001
17.6,3,10,6,9,2,1.45,0.24,1.0116666666666665
26.0,1,11,6,9,2,0.55,0.33,1.0220833333333335
-4.0,4,11,6,9,2,0.58,1.67,0.985
37.1,1,12,6,9,2,0.78,0.66,0.9908333333333332
27.9,2,13,6,9,2,0.8,0.57,1.0095833333333333
9.5,1,14,6,9,2,1.02,1.14,1.0366666666666668
22.7,4,14,6,9,2,1.79,1.48,1.0379166666666666
10.7,2,15,6,9,2,1.51,0.71,1.0374999999999999
34.6,1,17,6,9,2,0.7,1.59,1.0283333333333333
29.9,2,18,6,9,2,1.37,0.57,1.0229166666666667
0.3,3,19,6,9,2,0.44,0.25,1.0658333333333334
13.7,3,20,6,9,2,1.28,0.56,1.0737500000000002
15.2,3,21,6,9,2,0.75,0.99,1.1045833333333333
36.3,2,22,6,9,2,1.73,0.67,1.1129166666666668
-6.8,1,0,7,9,3,0.87,0.22,1.1704166666666667
-7.5,1,1,7,9,3,1.6,1.2,1.1666666666666667
-1.0,3,1,7,9,3,1.11,0.76,1.1775
15.3,1,2,7,9,3,1.02,1.93,1.1275000000000002
-1.2,4,5,7,9,3,0.73,1.93,1.1300000000000001
1.9,4,5,7,9,3,1.99,2.0,1.0916666666666666
-8.8,4,9,7,9,3,1.08,0.67,1.1233333333333333
3.7,1,12,7,9,3,1.43,1.61,1.13625
-3.5,2,15,7,9,3,1.92,0.77,1.12125
34.7,4,15,7,9,3,0.41,1.45,1.1016666666666666
-6.4,4,16,7,9,3,0.98,0.55,1.1391666666666667
-2.2,1,16,7,9,3,1.45,0.58,1.1820833333333334
8.3,3,19,7,9,3,1.61,0.78,1.1683333333333332
17.0,1,20,7,9,3,0.45,0.8,1.1754166666666668
37.9,1,21,7,9,3,0.97,1.02,1.1945833333333333
2.1,3,22,7,9,3,1.48,1.79,1.19
-6.0,3,23,7,9,3,1.68,1.51,1.1658333333333333
28.3,4,3,8,9,4,0.93,0.7,1.1545833333333333
0.6,5,3,8,9,4,0.43,1.37,1.1095833333333334
-0.7,4,4,8,9,4,0.29,0.44,1.16875
22.0,5,4,8,9,4,1.86,1.28,1.1649999999999998
17.9,5,7,8,9,4,1.19,0.75,1.1558333333333333
-4.2,4,7,8,9,4,0.53,1.73,1.1645833333333335
21.5,2,8,8,9,4,1.94,0.87,1.175
-10.0,3,8,8,9,4,1.12,1.6,1.1675
19.7,2,10,8,9,4,1.42,1.11,1.1958333333333333
16.5,2,11,8,9,4,1.79,1.02,1.21625
38.8,1,12,8,9,4,1.51,0.73,1.2166666666666666
-9.6,2,13,8,9,4,0.74,1.99,1.14875
1.1,2,13,8,9,4,0.36,1.08,1.1395833333333332
7.2,1,14,8,9,4,0.86,1.43,1.155
38.7,4,15,8,9,4,1.8,1.92,1.1233333333333333
23.5,2,15,8,9,4,1.16,0.41,1.1620833333333334
13.7,5,16,8,9,4,1.34,0.98,1.1316666666666666
16.1,4,18,8,9,4,0.25,1.45,1.0933333333333335
13.1,2,18,8,9,4,0.53,1.61,1.0458333333333332
35.9,1,22,8,9,4,0.47,0.45,1.0679166666666666
23.0,1,22,8,9,4,0.98,0.97,1.0625
16.8,4,0,9,9,5,0.84,1.48,1.07875
2.1,3,2,9,9,5,1.87,1.68,1.0362500000000001
-5.8,2,2,9,9,5,0.66,0.93,1.0220833333333335
29.0,1,2,9,9,5,0.59,0.43,1.0216666666666667
0.8,3,2,9,9,5,0.42,0.29,1.0716666666666668
-6.7,5,2,9,9,5,1.49,1.86,1.0266666666666666
-8.4,1,2,9,9,5,0.78,1.19,1.0408333333333333
-3.9,4,3,9,9,5,1.53,0.53,1.0858333333333332
36.6,3,4,9,9,5,1.61,1.94,1.0675
28.4,5,5,9,9,5,1.5,1.12,1.10375
-6.1,4,6,9,9,5,1.99,1.42,1.0641666666666667
38.9,4,6,9,9,5,0.47,1.79,1.0208333333333333
5.9,1,6,9,9,5,0.75,1.51,0.9879166666666666
23.5,5,7,9,9,5,0.72,0.74,0.9941666666666666
16.2,5,10,9,9,5,0.89,0.36,1.05375
10.7,2,10,9,9,5,1.79,0.86,1.0416666666666667
8.3,2,11,9,9,5,0.57,1.8,1.0308333333333335
4.5,3,13,9,9,5,1.54,1.16,1.01625
32.4,1,16,9,9,5,0.81,1.34,1.0179166666666666
-8.9,1,17,9,9,5,1.38,0.25,1.02
37.2,3,19,9,9,5,0.3,0.53,1.0775
-5.9,5,19,9,9,5,1.91,0.47,1.0775
12.3,1,20,9,9,5,0.47,0.98,1.1133333333333333
9.9,3,20,9,9,5,1.84,0.84,1.0879166666666666
28.8,4,20,9,9,5,0.23,1.87,1.07375
-5.2,1,21,9,9,5,1.53,0.66,1.1195833333333332
5.8,1,22,9,9,5,1.76,0.59,1.1720833333333334
36.3,3,22,9,9,5,1.85,0.42,1.2308333333333334
8.7,4,22,9,9,5,1.83,1.49,1.2091666666666667
-0.3,1,23,9,9,5,0.97,0.78,1.1995833333333334
18.4,4,0,10,9,6,0.55,1.53,1.175
-6.1,2,0,10,9,6,0.94,1.61,1.1875
-1.1,4,2,10,9,6,1.91,1.5,1.1883333333333332
0.3,4,3,10,9,6,1.52,1.99,1.1504166666666666
-0.6,4,3,10,9,6,1.08,0.47,1.1466666666666667
30.9,3,3,10,9,6,0.38,0.75,1.185
13.9,5,4,10,9,6,1.67,0.72,1.2004166666666667
-2.7,2,4,10,9,6,1.09,0.89,1.2170833333333333
11.0,3,5,10,9,6,1.29,1.79,1.1900000000000002
18.0,1,5,10,9,6,1.14,0.57,1.1833333333333333
15.1,4,6,10,9,6,0.41,1.54,1.18625
5.2,2,8,10,9,6,1.61,0.81,1.21
15.8,3,10,10,9,6,1.38,1.38,1.1791666666666667
26.2,2,10,10,9,6,0.64,0.3,1.2370833333333333
13.5,3,10,10,9,6,1.69,1.91,1.1820833333333334
0.8,1,10,10,9,6,0.59,0.47,1.1825
16.1,5,11,10,9,6,0.48,1.84,1.1716666666666666
22.5,1,11,10,9,6,1.58,0.23,1.1929166666666668
34.8,5,12,10,9,6,0.74,1.53,1.1879166666666665
-2.7,3,12,10,9,6,1.41,1.76,1.1520833333333333
5.4,4,13,10,9,6,0.9,1.85,1.1145833333333333
5.7,1,13,10,9,6,0.95,1.83,1.0975
31.0,5,14,10,9,6,1.42,0.97,1.0829166666666665
20.2,4,14,10,9,6,0.62,0.55,1.1366666666666665
11.4,4,15,10,9,6,1.84,0.94,1.1391666666666667
17.0,2,15,10,9,6,1.0,1.91,1.1375
20.2,4,15,10,9,6,1.87,1.52,1.1050000000000002
-6.1,2,17,10,9,6,0.74,1.08,1.1054166666666667
0.7,2,17,10,9,6,1.09,0.38,1.0979166666666667
9.6,5,18,10,9,6,0.2,1.67,1.0875
13.4,2,20,10,9,6,1.42,1.09,1.1083333333333332
16.2,2,21,10,9,6,1.59,1.29,1.1145833333333333
28.4,4,0,11,9,0,1.44,1.14,1.0920833333333333
-0.5,5,2,11,9,0,0.6,0.41,1.0904166666666666
7.5,1,3,11,9,0,0.37,1.61,1.045
25.9,3,3,11,9,0,0.52,1.38,1.0429166666666667
18.8,5,3,11,9,0,1.33,0.64,1.0583333333333333
31.0,2,4,11,9,0,1.01,1.69,1.05125
-6.8,4,4,11,9,0,1.52,0.59,1.0545833333333332
8.8,3,4,11,9,0,0.67,0.48,1.0820833333333333
24.0,1,5,11,9,0,1.14,1.58,1.0666666666666667
29.0,3,5,11,9,0,1.21,0.74,1.0625
-8.8,3,5,11,9,0,0.64,1.41,1.0866666666666667
12.4,1,6,11,9,0,1.99,0.9,1.0625
37.0,4,6,11,9,0,0.32,0.95,1.0479166666666666
11.9,2,6,11,9,0,0.6,1.42,1.0341666666666667
39.3,1,7,11,9,0,1.09,0.62,1.0404166666666668
29.6,2,7,11,9,0,0.77,1.84,0.9950000000000001
-2.2,5,8,11,9,0,0.75,1.0,0.9620833333333333
0.0,1,10,11,9,0,0.21,1.87,0.9341666666666667
29.1,4,11,11,9,0,1.2,0.74,0.9195833333333332
21.4,4,14,11,9,0,0.39,1.09,0.9325
28.4,3,14,11,9,0,1.4,0.2,0.9895833333333334
18.6,1,16,11,9,0,1.57,1.42,0.9700000000000001
37.1,2,18,11,9,0,0.95,1.59,0.9195833333333333
-1.8,5,18,11,9,0,0.38,1.44,0.8870833333333333
32.2,2,18,11,9,0,0.66,0.6,0.94125
-4.9,2,19,11,9,0,1.9,0.37,0.9583333333333334
34.0,2,19,11,9,0,0.78,0.52,1.01625
23.3,2,20,11,9,0,1.91,1.33,1.0433333333333332
24.7,1,21,11,9,0,1.98,1.01,1.0558333333333334
-3.0,3,21,11,9,0,1.31,1.52,1.0687499999999999
4.3,4,0,12,9,1,1.83,0.67,1.0779166666666666
33.6,5,1,12,9,1,0.89,1.14,1.0441666666666667
13.1,3,1,12,9,1,0.33,1.21,1.0304166666666668
39.1,2,2,12,9,1,0.88,0.64,1.05625
5.6,2,3,12,9,1,1.26,1.99,1.05375
-1.6,3,3,12,9,1,1.93,0.32,1.1025
22.0,1,3,12,9,1,1.49,0.6,1.1108333333333331
6.9,5,5,12,9,1,0.8,1.09,1.14625
-5.8,2,5,12,9,1,1.94,0.77,1.1820833333333332
27.4,1,5,12,9,1,1.63,0.75,1.1816666666666666
20.9,3,5,12,9,1,0.74,0.21,1.2066666666666668
1.1,2,6,12,9,1,0.81,1.2,1.1933333333333331
12.2,4,6,12,9,1,0.88,0.39,1.2066666666666668
-8.2,4,6,12,9,1,0.71,1.4,1.1991666666666667
8.1,5,7,12,9,1,1.22,1.57,1.1733333333333333
15.0,2,8,12,9,1,0.95,0.95,1.2070833333333333
6.6,4,8,12,9,1,1.76,0.38,1.2204166666666667
33.8,4,9,12,9,1,0.7,0.66,1.23
27.3,4,9,12,9,1,0.89,1.9,1.2320833333333334
20.6,5,10,12,9,1,1.95,0.78,1.2529166666666667
-4.2,2,10,12,9,1,1.28,1.91,1.2212500000000002
-1.9,2,11,12,9,1,1.15,1.98,1.2058333333333333
37.5,2,15,12,9,1,1.61,1.31,1.1620833333333334
-1.8,1,17,12,9,1,0.26,1.83,1.16
-0.8,5,17,12,9,1,1.78,0.89,1.1729166666666666
35.4,1,19,12,9,1,1.2,0.33,1.2033333333333334
11.3,2,21,12,9,1,1.06,0.88,1.22375
-8.9,4,22,12,9,1,1.37,1.26,1.2137499999999999
-5.8,1,23,12,9,1,1.02,1.93,1.1608333333333334
31.7,3,23,12,9,1,0.66,1.49,1.1729166666666666
31.1,2,0,13,9,2,1.78,0.8,1.2229166666666667
37.8,4,0,13,9,2,2.0,1.94,1.16375
30.9,2,2,13,9,2,0.52,1.63,1.1083333333333334
12.7,2,3,13,9,2,0.3,0.74,1.1441666666666668
24.0,4,3,13,9,2,1.6,0.81,1.155
4.8,3,4,13,9,2,1.07,0.88,1.1879166666666667
35.0,2,5,13,9,2,1.67,0.71,1.23375
8.7,1,5,13,9,2,1.81,1.22,1.1995833333333334
-9.2,5,5,13,9,2,0.4,0.95,1.21
2.0,5,5,13,9,2,1.2,1.76,1.15625
11.8,1,6,13,9,2,0.47,0.7,1.1929166666666668
11.5,5,7,13,9,2,1.58,0.89,1.17625
-9.2,4,8,13,9,2,0.49,1.95,1.1066666666666667
8.1,2,9,13,9,2,0.28,1.28,1.0833333333333333
20.3,2,9,13,9,2,0.72,1.15,1.07375
17.5,2,11,13,9,2,0.92,1.61,1.02375
34.3,3,12,13,9,2,0.41,0.26,1.0608333333333333
31.6,3,15,13,9,2,1.15,1.78,1.0404166666666665
6.4,4,15,13,9,2,1.29,1.2,1.0133333333333334
36.7,2,15,13,9,2,0.55,1.06,0.98375
-8.3,2,16,13,9,2,0.35,1.37,0.9745833333333334
-7.0,2,16,13,9,2,1.15,1.02,0.9812500000000001
10.3,3,16,13,9,2,1.18,0.66,1.0033333333333334
22.4,4,17,13,9,2,1.19,1.78,0.9491666666666667
-7.4,3,17,13,9,2,0.48,2.0,0.8833333333333333
12.1,2,18,13,9,2,0.42,0.52,0.8708333333333335
14.2,3,19,13,9,2,0.22,0.3,0.875
-2.4,2,19,13,9,2,0.4,1.6,0.8420833333333332
36.5,1,20,13,9,2,0.81,1.07,0.8258333333333333
-8.8,5,22,13,9,2,0.68,1.67,0.7920833333333334
7.8,4,0,14,9,3,0.86,1.81,0.7312500000000001
18.2,1,0,14,9,3,0.35,0.4,0.7475
6.7,5,2,14,9,3,0.79,1.2,0.7229166666666668
-8.7,1,2,14,9,3,0.61,0.47,0.7816666666666667
29.4,1,2,14,9,3,1.88,1.58,0.7370833333333332
11.7,4,3,14,9,3,0.51,0.49,0.7533333333333334
-4.1,3,3,14,9,3,0.88,0.28,0.7845833333333333
23.8,2,3,14,9,3,1.03,0.72,0.8358333333333334
14.1,4,4,14,9,3,1.95,0.92,0.8066666666666666
14.6,5,4,14,9,3,0.22,0.41,0.8529166666666667
-3.7,2,5,14,9,3,1.52,1.15,0.8766666666666666
11.8,5,5,14,9,3,1.72,1.29,0.9041666666666668
-8.5,3,6,14,9,3,1.95,0.55,0.9225
-6.4,4,7,14,9,3,0.99,0.35,0.9575
36.0,1,7,14,9,3,1.19,1.15,0.9225
36.0,5,8,14,9,3,0.31,1.18,0.9279166666666666
37.1,3,8,14,9,3,1.31,1.19,0.9049999999999999
-9.5,2,8,14,9,3,0.64,0.48,0.9016666666666667
0.5,2,8,14,9,3,0.4,0.42,0.9675000000000001
25.8,3,8,14,9,3,2.0,0.22,1.0116666666666665
26.0,5,9,14,9,3,1.28,0.4,1.0391666666666668
-1.6,5,10,14,9,3,1.06,0.81,1.0833333333333333
36.1,2,10,14,9,3,1.87,0.68,1.10625
30.6,1,10,14,9,3,1.23,0.86,1.1125
24.6,5,11,14,9,3,1.01,0.35,1.16
29.0,4,11,14,9,3,1.49,0.79,1.1366666666666665
37.4,3,12,14,9,3,0.23,0.61,1.1283333333333332
1.9,3,13,14,9,3,0.41,1.88,1.0958333333333334
36.8,4,15,14,9,3,1.1,0.51,1.1337499999999998
17.7,1,17,14,9,3,1.42,0.88,1.1708333333333334
18.0,3,17,14,9,3,1.77,1.03,1.1745833333333333
16.9,4,18,14,9,3,1.12,1.95,1.1416666666666666
38.3,1,19,14,9,3,1.16,0.22,1.1833333333333333
27.0,4,19,14,9,3,1.22,1.52,1.1383333333333334
11.4,4,19,14,9,3,0.44,1.72,1.0945833333333335
23.1,2,20,14,9,3,0.67,1.95,1.085
21.5,2,20,14,9,3,1.72,0.99,1.1170833333333334
28.7,5,22,14,9,3,1.76,1.19,1.13875
24.2,3,0,15,9,4,1.71,0.31,1.1475
33.3,5,0,15,9,4,0.52,1.31,1.1391666666666669
37.9,4,1,15,9,4,1.11,0.64,1.175
33.6,1,2,15,9,4,1.5,0.4,1.1929166666666666
10.6,3,3,15,9,4,0.83,2.0,1.135
9.7,1,3,15,9,4,0.61,1.28,1.135
38.9,2,5,15,9,4,1.28,1.06,1.1104166666666666
37.0,1,5,15,9,4,0.47,1.87,1.1050000000000002
7.6,2,6,15,9,4,1.74,1.23,1.08875
3.7,1,6,15,9,4,0.84,1.01,1.0945833333333332
30.7,4,8,15,9,4,1.15,1.49,1.0891666666666666
30.1,5,9,15,9,4,1.36,0.23,1.1612500000000001
29.4,3,11,15,9,4,1.96,0.41,1.19625
11.3,4,12,15,9,4,1.25,1.1,1.1733333333333333
18.8,4,13,15,9,4,0.55,1.42,1.1779166666666667
37.3,1,13,15,9,4,1.53,1.77,1.1141666666666665
-9.6,2,16,15,9,4,0.24,1.12,1.1445833333333335
12.3,5,16,15,9,4,1.85,1.16,1.17125
18.3,2,17,15,9,4,1.8,1.22,1.1354166666666667
15.6,2,18,15,9,4,0.36,0.44,1.13625
27.1,2,18,15,9,4,0.46,0.67,1.145
18.6,1,20,15,9,4,0.88,1.72,1.1095833333333334
37.7,4,20,15,9,4,0.87,1.76,1.0608333333333333
-4.6,2,21,15,9,4,0.59,1.71,1.0120833333333334
19.1,5,22,15,9,4,0.54,0.52,1.0466666666666666
11.5,2,22,15,9,4,1.35,1.11,1.0320833333333332
20.8,5,0,16,9,5,0.76,1.5,1.0483333333333333
28.1,3,1,16,9,5,1.89,0.83,1.0395833333333333
33.4,1,2,16,9,5,0.62,0.61,1.0908333333333333
23.3,3,2,16,9,5,1.84,1.28,1.1083333333333334
5.9,4,6,16,9,5,1.7,0.47,1.135
-0.4,1,7,16,9,5,1.11,1.74,1.1370833333333332
8.4,4,7,16,9,5,1.79,0.84,1.1716666666666666
-1.6,3,8,16,9,5,1.67,1.15,1.1925000000000001
25.7,3,9,16,9,5,1.65,1.36,1.16625
15.8,2,10,16,9,5,0.73,1.96,1.0991666666666666
33.7,2,11,16,9,5,0.35,1.25,1.065
39.7,4,11,16,9,5,0.43,0.55,1.0533333333333335
29.6,4,13,16,9,5,0.27,1.53,1.06625
31.4,2,14,16,9,5,1.84,0.24,1.0795833333333333
16.9,5,15,16,9,5,0.56,1.85,1.0287499999999998
-3.0,2,15,16,9,5,0.63,1.8,0.9995833333333334
5.2,5,15,16,9,5,1.1,0.36,1.0120833333333332
32.2,5,16,16,9,5,0.66,0.46,1.03875
-4.3,5,17,16,9,5,1.1,0.88,1.0395833333333333
6.2,4,18,16,9,5,0.9,0.87,1.0566666666666669
16.5,5,19,16,9,5,1.28,0.59,1.10125
22.1,2,20,16,9,5,1.66,0.54,1.1358333333333333
29.6,3,20,16,9,5,1.37,1.35,1.1370833333333334
3.2,5,21,16,9,5,1.38,0.76,1.1383333333333334
13.9,3,21,16,9,5,0.79,1.89,1.135
22.3,3,23,16,9,5,1.81,0.62,1.14125
10.1,3,23,16,9,5,0.77,1.84,1.1370833333333334
-0.5,4,0,17,9,6,1.74,1.7,1.0933333333333333
30.3,1,1,17,9,6,0.65,1.11,1.065
40.0,5,1,17,9,6,0.43,1.79,1.0687499999999999
-2.9,4,1,17,9,6,1.88,1.67,1.0625
38.3,3,2,17,9,6,1.52,1.65,1.0395833333333333
11.3,5,2,17,9,6,1.1,0.73,1.07125
-3.9,2,4,17,9,6,1.49,0.35,1.1187500000000001
19.9,3,4,17,9,6,1.49,0.43,1.1179166666666667
23.4,1,5,17,9,6,0.41,0.27,1.1312499999999999
-5.4,1,6,17,9,6,0.59,1.84,1.1033333333333333
8.0,1,6,17,9,6,1.17,0.56,1.135
1.7,4,7,17,9,6,1.32,0.63,1.1270833333333334
-5.9,4,10,17,9,6,0.44,1.1,1.1500000000000001
7.6,4,11,17,9,6,1.65,0.66,1.1441666666666668
31.8,2,13,17,9,6,0.52,1.1,1.1545833333333333
20.9,5,14,17,9,6,1.35,0.9,1.1741666666666666
3.8,3,15,17,9,6,1.37,1.28,1.1683333333333332
-5.6,2,15,17,9,6,1.14,1.66,1.14875
13.2,5,15,17,9,6,1.19,1.37,1.17375
29.0,4,17,17,9,6,1.97,1.38,1.1483333333333332
-0.6,4,18,17,9,6,0.77,0.79,1.1795833333333332
16.7,5,19,17,9,6,1.54,1.81,1.1391666666666667
35.1,3,20,17,9,6,0.84,0.77,1.1775
3.5,3,20,17,9,6,1.69,1.74,1.125
22.7,1,20,17,9,6,0.48,0.65,1.12125
19.4,4,23,17,9,6,0.56,0.43,1.1691666666666667
1.7,4,1,18,9,0,1.58,1.88,1.1279166666666665
2.9,2,1,18,9,0,0.89,1.52,1.0866666666666667
3.9,1,2,18,9,0,0.53,1.1,1.0608333333333333
-5.8,3,3,18,9,0,0.48,1.49,1.0416666666666667
9.4,5,3,18,9,0,1.03,1.49,1.0091666666666665
35.2,3,4,18,9,0,0.71,0.41,1.0633333333333332
33.5,1,4,18,9,0,1.71,0.59,1.1125
8.4,1,4,18,9,0,1.77,1.17,1.11375
16.9,5,4,18,9,0,1.2,1.32,1.0875
31.8,2,5,18,9,0,0.69,0.44,1.13625
-6.2,2,7,18,9,0,1.61,1.65,1.11
18.8,1,7,18,9,0,1.02,0.52,1.1029166666666665
-4.8,5,10,18,9,0,0.35,1.35,1.1125
34.3,5,10,18,9,0,1.58,1.37,1.1304166666666666
8.3,4,11,18,9,0,1.8,1.14,1.0941666666666667
34.3,3,12,18,9,0,0.27,1.19,1.1170833333333332
-2.6,5,12,18,9,0,1.74,1.97,1.0654166666666667
30.3,2,14,18,9,0,0.73,0.77,1.1079166666666667
27.5,4,15,18,9,0,1.79,1.54,1.0666666666666667
17.9,3,15,18,9,0,0.55,0.84,1.0404166666666668
19.8,4,17,18,9,0,0.21,1.69,0.9841666666666667
18.3,5,18,18,9,0,0.34,0.48,1.0425
-7.3,3,19,18,9,0,1.88,0.56,1.0408333333333333
4.0,2,19,18,9,0,0.52,1.58,0.9954166666666667
32.6,5,21,18,9,0,0.49,0.89,1.00125
20.6,3,21,18,9,0,1.03,0.53,1.0308333333333335
25.5,4,23,18,9,0,1.24,0.48,1.0845833333333335
5.6,4,23,18,9,0,1.77,1.03,1.07375
22.2,2,0,19,9,1,0.77,0.71,1.06
26.7,3,3,19,9,1,0.38,1.71,1.0450000000000002
28.8,3,3,19,9,1,1.35,1.77,1.0329166666666667
14.3,1,4,19,9,1,1.48,1.2,1.0295833333333333
32.6,2,4,19,9,1,1.12,0.69,1.0258333333333334
-0.8,5,4,19,9,1,0.6,1.61,0.9691666666666667
-3.7,2,6,19,9,1,0.25,1.02,0.9495833333333334
2.2,3,6,19,9,1,0.55,0.35,0.9879166666666667
-5.5,5,7,19,9,1,1.27,1.58,0.9970833333333333
6.0,5,8,19,9,1,1.8,1.8,0.93125
-8.2,4,10,19,9,1,0.22,0.27,0.9445833333333332
6.7,3,11,19,9,1,0.59,1.74,0.91375
35.3,5,11,19,9,1,1.0,0.73,0.8937499999999999
38.9,5,12,19,9,1,0.25,1.79,0.8500000000000001
23.3,1,13,19,9,1,0.74,0.55,0.9083333333333333
1.1,1,16,19,9,1,1.95,0.21,0.9083333333333333
9.7,1,16,19,9,1,0.21,0.34,0.965
16.1,2,17,19,9,1,1.7,1.88,0.9458333333333333
-8.6,3,17,19,9,1,1.42,0.52,0.9433333333333334
5.3,3,19,19,9,1,0.46,0.49,0.9879166666666666
-5.7,4,20,19,9,1,1.56,1.03,0.9579166666666667
4.8,1,20,19,9,1,0.31,1.24,0.9358333333333332
1.9,2,20,19,9,1,0.71,1.77,0.895
22.6,1,0,20,9,2,0.79,0.77,0.9245833333333334
33.9,2,0,20,9,2,1.48,0.38,0.9716666666666667
34.7,5,0,20,9,2,1.51,1.35,0.94
37.9,2,0,20,9,2,0.59,1.48,0.8874999999999998
6.1,1,1,20,9,2,0.22,1.12,0.8841666666666668
-9.5,2,1,20,9,2,1.04,0.6,0.9279166666666666
11.6,2,3,20,9,2,1.65,0.25,0.9966666666666667
23.9,1,3,20,9,2,1.9,0.55,1.0483333333333333
39.7,4,4,20,9,2,1.79,1.27,1.0775
34.0,2,5,20,9,2,1.97,1.8,1.0233333333333332
5.5,5,5,20,9,2,0.5,0.22,1.0733333333333335
20.8,5,6,20,9,2,1.42,0.59,1.09125
16.8,2,7,20,9,2,1.02,1.0,1.0908333333333333
32.0,2,7,20,9,2,0.99,0.25,1.10125
-4.7,2,7,20,9,2,0.5,0.74,1.1045833333333333
14.4,1,8,20,9,2,0.82,1.95,1.0933333333333333
31.4,4,8,20,9,2,1.68,0.21,1.1495833333333332
30.1,4,8,20,9,2,1.56,1.7,1.14125
25.9,3,9,20,9,2,1.5,1.42,1.1291666666666667
25.0,1,10,20,9,2,1.13,0.46,1.185
10.2,3,11,20,9,2,1.8,1.56,1.2016666666666667
11.5,3,11,20,9,2,1.96,0.31,1.265
17.9,5,12,20,9,2,1.83,0.71,1.2916666666666667
15.5,2,15,20,9,2,1.35,0.79,1.2733333333333332
-2.7,4,16,20,9,2,0.35,1.48,1.2920833333333333
5.0,3,18,20,9,2,1.93,1.51,1.24625
28.3,2,18,20,9,2,0.41,0.59,1.2425
10.4,4,19,20,9,2,0.5,0.22,1.2550000000000001
21.0,3,20,20,9,2,0.52,1.04,1.2620833333333332
12.5,5,21,20,9,2,1.21,1.65,1.2654166666666666
4.1,3,23,20,9,2,1.73,1.9,1.2233333333333334
18.9,2,0,21,9,3,0.89,1.79,1.1641666666666666
30.7,5,2,21,9,3,0.37,1.97,1.12375
1.5,1,2,21,9,3,1.0,0.5,1.1154166666666667
14.0,3,2,21,9,3,0.3,1.42,1.1333333333333333
1.7,1,3,21,9,3,1.85,1.02,1.0995833333333334
37.4,2,4,21,9,3,0.21,0.99,1.0929166666666668
39.7,5,4,21,9,3,0.83,0.5,1.0979166666666667
14.1,5,4,21,9,3,0.62,0.82,1.0929166666666668
-2.0,1,5,21,9,3,0.7,1.68,1.0558333333333334
24.5,1,7,21,9,3,0.79,1.56,1.0258333333333334
-9.8,3,7,21,9,3,0.84,1.5,1.0091666666666665
39.3,3,7,21,9,3,1.1,1.13,0.9704166666666666
-9.8,1,8,21,9,3,0.2,1.8,0.9725
15.7,3,10,21,9,3,1.85,1.96,0.9433333333333334
11.6,3,10,21,9,3,1.26,1.83,0.8975
18.8,2,10,21,9,3,0.73,1.35,0.8879166666666668
39.7,5,10,21,9,3,1.12,0.35,0.9125
37.1,2,11,21,9,3,0.94,1.93,0.8562500000000001
-6.2,5,11,21,9,3,0.58,0.41,0.9075000000000001
30.3,2,11,21,9,3,1.64,0.5,0.9204166666666667
39.1,2,11,21,9,3,0.81,0.52,0.9320833333333334
8.3,3,13,21,9,3,0.8,1.21,0.9191666666666666
20.3,5,13,21,9,3,0.9,1.73,0.9270833333333334
32.2,3,14,21,9,3,1.92,0.89,0.955
-9.5,2,14,21,9,3,1.56,0.37,1.0070833333333333
31.8,4,15,21,9,3,1.62,1.0,1.0241666666666667
29.7,4,15,21,9,3,1.41,0.3,1.0345833333333334
28.6,3,16,21,9,3,0.55,1.85,1.0275
34.6,1,16,21,9,3,1.68,0.21,1.0879166666666666
36.3,5,16,21,9,3,1.66,0.83,1.0891666666666666
22.9,5,17,21,9,3,0.86,0.62,1.1004166666666666
16.0,1,17,21,9,3,0.89,0.7,1.1104166666666666
8.3,5,17,21,9,3,0.94,0.79,1.1158333333333335
17.1,1,18,21,9,3,0.92,0.84,1.0895833333333333
26.6,2,18,21,9,3,0.21,1.1,1.0875000000000001
-6.1,1,19,21,9,3,1.05,0.2,1.145
-9.8,4,19,21,9,3,1.58,1.85,1.125
20.7,1,20,21,9,3,1.37,1.26,1.1145833333333333
23.2,1,21,21,9,3,1.01,0.73,1.16375
-6.9,1,22,21,9,3,1.91,1.12,1.1841666666666666
1.3,5,22,21,9,3,1.61,0.94,1.2233333333333334
16.5,4,23,21,9,3,1.88,0.58,1.23625
28.2,5,23,21,9,3,0.89,1.64,1.2091666666666667
-1.6,4,23,21,9,3,0.99,0.81,1.2345833333333334
14.9,2,23,21,9,3,1.42,0.8,1.2704166666666665
21.4,2,0,22,9,4,1.66,0.9,1.3058333333333334
18.3,2,1,22,9,4,1.75,1.92,1.30375
16.8,1,1,22,9,4,1.87,1.56,1.2995833333333333
0.4,4,2,22,9,4,1.46,1.62,1.2758333333333334
-7.7,1,2,22,9,4,1.05,1.41,1.265
37.0,3,2,22,9,4,1.15,0.55,1.3166666666666667
11.7,2,4,22,9,4,1.79,1.68,1.2683333333333333
12.2,4,5,22,9,4,0.52,1.66,1.2320833333333334
17.1,5,6,22,9,4,0.79,0.86,1.2604166666666667
8.4,4,6,22,9,4,1.54,0.89,1.2454166666666666
11.8,4,7,22,9,4,0.53,0.94,1.2783333333333335
4.5,3,7,22,9,4,1.73,0.92,1.2975
-9.7,3,10,22,9,4,1.38,0.21,1.352083333333333
33.2,3,10,22,9,4,1.52,1.05,1.3412500000000003
0.5,1,10,22,9,4,0.79,1.58,1.3070833333333334
39.2,4,12,22,9,4,0.76,1.37,1.2804166666666668
12.7,4,15,22,9,4,0.73,1.01,1.2683333333333333
10.7,5,16,22,9,4,0.72,1.91,1.2508333333333332
18.4,4,19,22,9,4,1.49,1.61,1.2437500000000001
27.8,3,0,23,9,5,1.44,1.88,1.1808333333333334
21.5,2,1,23,9,5,0.37,0.89,1.2258333333333333
4.6,1,2,23,9,5,1.97,0.99,1.2366666666666666
-1.0,2,5,23,9,5,1.25,1.42,1.2295833333333333
11.6,4,6,23,9,5,1.25,1.66,1.2066666666666668
22.2,5,7,23,9,5,1.11,1.75,1.2025000000000001
19.5,1,9,23,9,5,1.65,1.87,1.2008333333333334
2.1,4,12,23,9,5,1.83,1.46,1.2129166666666666
-6.9,2,14,23,9,5,1.75,1.05,1.2049999999999998
12.4,3,15,23,9,5,0.86,1.15,1.1958333333333333
5.7,5,16,23,9,5,0.93,1.79,1.2045833333333333
-9.4,4,17,23,9,5,2.0,0.52,1.22625
13.0,5,18,23,9,5,1.04,0.79,1.2162499999999998
38.0,1,18,23,9,5,0.55,1.54,1.2320833333333334
17.6,2,19,23,9,5,1.92,0.53,1.2254166666666666
15.7,4,19,23,9,5,0.37,1.73,1.2091666666666667
-5.3,2,19,23,9,5,1.34,1.38,1.1891666666666667
4.7,1,19,23,9,5,0.9,1.52,1.195
24.4,3,20,23,9,5,1.66,0.79,1.23875
27.3,1,20,23,9,5,1.84,0.76,1.2770833333333333
-7.6,2,20,23,9,5,1.68,0.73,1.2899999999999998
12.3,3,21,23,9,5,1.04,0.72,1.3104166666666666
38.0,5,22,23,9,5,1.21,1.49,1.2766666666666666
0.8,2,23,23,9,5,0.68,1.44,1.2879166666666666
29.2,1,23,23,9,5,1.71,0.37,1.345
16.6,3,0,24,9,6,1.74,1.97,1.3175000000000001
-0.2,4,0,24,9,6,1.31,1.25,1.335
19.3,4,2,24,9,6,1.67,1.25,1.3625
18.8,4,4,24,9,6,1.91,1.11,1.3341666666666667
23.4,4,5,24,9,6,0.43,1.65,1.2995833333333333
3.6,4,8,24,9,6,0.82,1.83,1.2845833333333334
6.3,5,8,24,9,6,1.47,1.75,1.29
30.3,4,9,24,9,6,1.88,0.86,1.2679166666666666
19.6,4,10,24,9,6,0.33,0.93,1.24875
-5.5,4,13,24,9,6,0.47,2.0,1.2412500000000002
5.6,3,13,24,9,6,1.82,1.04,1.2283333333333333
5.5,3,15,24,9,6,0.73,0.55,1.24625
18.5,5,15,24,9,6,0.98,1.92,1.1941666666666666
37.9,2,16,24,9,6,0.67,0.37,1.2029166666666666
35.3,5,16,24,9,6,0.58,1.34,1.1783333333333332
30.3,3,16,24,9,6,0.75,0.9,1.22
23.8,5,17,24,9,6,1.9,1.66,1.1816666666666666
-0.7,3,17,24,9,6,0.74,1.84,1.1279166666666667
2.0,4,21,24,9,6,0.55,1.68,1.0920833333333333
1.7,4,21,24,9,6,0.82,1.04,1.0629166666666667
-6.7,3,22,24,9,6,0.34,1.21,1.0725
27.5,4,23,24,9,6,1.44,0.68,1.1129166666666668
13.8,5,23,24,9,6,1.65,1.71,1.0654166666666667
7.6,5,0,25,9,0,0.57,1.74,1.0729166666666667
-0.2,4,0,25,9,0,1.92,1.31,1.0512499999999998
2.1,1,2,25,9,0,0.79,1.67,1.06125
-4.9,4,3,25,9,0,1.91,1.91,1.0529166666666667
33.0,3,3,25,9,0,1.71,0.43,1.0504166666666668
-8.4,2,3,25,9,0,0.37,0.82,1.0366666666666666
32.5,2,3,25,9,0,0.49,1.47,1.0208333333333333
-3.7,4,5,25,9,0,1.09,1.88,1.0095833333333333
1.7,2,5,25,9,0,1.61,0.33,1.0741666666666667
15.4,2,5,25,9,0,1.88,0.47,1.0975
15.6,2,6,25,9,0,1.03,1.82,1.0395833333333333
24.6,5,6,25,9,0,0.43,0.73,1.0595833333333333
19.8,2,7,25,9,0,1.21,0.98,1.035
10.5,5,8,25,9,0,0.39,0.67,1.06625
-4.0,1,9,25,9,0,1.42,0.58,1.0775
-2.7,5,11,25,9,0,0.85,0.75,1.0895833333333333
-9.6,1,11,25,9,0,1.04,1.9,1.0508333333333333
4.7,5,12,25,9,0,0.97,0.74,1.0758333333333334
21.2,1,13,25,9,0,1.34,0.55,1.0695833333333333
-0.6,4,13,25,9,0,0.4,0.82,1.0799999999999998
-5.8,4,16,25,9,0,1.07,0.34,1.0925
8.7,4,16,25,9,0,0.64,1.44,1.1058333333333334
15.4,2,17,25,9,0,1.76,1.65,1.0983333333333334
25.5,1,17,25,9,0,1.47,0.57,1.1370833333333332
11.0,4,17,25,9,0,1.5,1.92,1.1187500000000001
10.0,2,19,25,9,0,1.48,0.79,1.1300000000000001
-9.4,5,19,25,9,0,1.06,1.91,1.1266666666666667
18.0,3,20,25,9,0,1.83,1.71,1.1195833333333334
3.5,1,21,25,9,0,1.54,0.37,1.1245833333333333
17.5,1,21,25,9,0,0.49,0.49,1.1162500000000002
-2.5,5,21,25,9,0,0.29,1.09,1.14875
-3.8,2,21,25,9,0,1.87,1.61,1.1104166666666666
-2.7,3,23,25,9,0,0.69,1.88,1.0929166666666668
6.2,2,23,25,9,0,1.46,1.03,1.0591666666666668
-3.8,3,0,26,9,1,0.22,0.43,1.085
-4.2,4,0,26,9,1,1.05,1.21,1.0854166666666667
0.2,1,1,26,9,1,1.22,0.39,1.1291666666666667
-9.8,1,1,26,9,1,1.44,1.42,1.0795833333333333
12.0,2,3,26,9,1,0.23,0.85,1.1120833333333333
35.3,1,3,26,9,1,1.63,1.04,1.10125
8.9,2,3,26,9,1,0.78,0.97,1.075
33.4,4,7,26,9,1,0.34,1.34,1.0329166666666667
-3.6,5,7,26,9,1,0.33,0.4,1.0591666666666668
25.9,5,7,26,9,1,1.03,1.07,1.0454166666666667
-2.7,3,8,26,9,1,0.74,0.64,1.0845833333333335
22.2,1,8,26,9,1,1.58,1.76,1.0441666666666667
10.7,1,8,26,9,1,0.79,1.47,1.0504166666666668
0.1,2,9,26,9,1,1.62,1.5,1.0433333333333332
-2.0,3,9,26,9,1,1.33,1.48,1.05
30.9,2,11,26,9,1,1.64,1.06,1.0666666666666667
-3.0,5,11,26,9,1,1.46,1.83,1.04
27.1,1,11,26,9,1,1.19,1.54,1.0533333333333335
-3.2,3,11,26,9,1,1.86,0.49,1.0875000000000001
6.4,3,15,26,9,1,1.31,0.29,1.1320833333333333
35.8,2,16,26,9,1,1.36,1.87,1.1033333333333333
-7.0,1,16,26,9,1,1.18,0.69,1.1408333333333334
-6.4,4,16,26,9,1,1.59,1.46,1.1433333333333333
18.3,1,17,26,9,1,1.52,0.22,1.1679166666666667
11.2,1,17,26,9,1,0.81,1.05,1.1483333333333332
-0.8,4,18,26,9,1,0.58,1.22,1.18
16.3,1,18,26,9,1,1.98,1.44,1.1820833333333334
25.7,2,18,26,9,1,1.49,0.23,1.2416666666666667
-0.2,5,19,26,9,1,1.66,1.63,1.23125
-5.5,4,19,26,9,1,1.38,0.78,1.2104166666666667
12.2,5,20,26,9,1,0.28,0.34,1.20875
-7.1,5,21,26,9,1,0.3,0.33,1.2291666666666667
5.8,2,21,26,9,1,0.82,1.03,1.2254166666666666
1.5,1,22,26,9,1,0.94,0.74,1.2658333333333334
39.6,1,22,26,9,1,1.71,1.58,1.2633333333333334
23.0,2,22,26,9,1,1.52,0.79,1.25875
11.9,1,22,26,9,1,0.68,1.62,1.2520833333333334
23.9,5,23,26,9,1,1.46,1.33,1.2645833333333334
-8.5,4,23,26,9,1,1.63,1.64,1.2666666666666666
2.2,2,23,26,9,1,1.69,1.46,1.2783333333333333
6.4,5,0,27,9,2,1.74,1.19,1.2825
19.6,2,1,27,9,2,1.29,1.86,1.26
19.1,4,1,27,9,2,1.32,1.31,1.2249999999999999
24.6,5,1,27,9,2,0.47,1.36,1.2358333333333333
1.7,5,2,27,9,2,1.62,1.18,1.2016666666666667
39.0,5,2,27,9,2,0.36,1.59,1.1900000000000002
-1.9,4,5,27,9,2,1.31,1.52,1.1791666666666665
31.2,5,5,27,9,2,1.26,0.81,1.165
5.9,2,5,27,9,2,0.47,0.58,1.1695833333333334
36.4,5,6,27,9,2,0.69,1.98,1.0966666666666667
39.5,2,8,27,9,2,0.23,1.49,1.0670833333333334
22.9,1,8,27,9,2,0.78,1.66,1.0479166666666666
34.3,2,9,27,9,2,1.2,1.38,1.0283333333333333
-9.1,5,9,27,9,2,0.91,0.28,1.0941666666666665
35.5,5,9,27,9,2,1.86,0.3,1.1179166666666667
16.0,1,9,27,9,2,0.87,0.82,1.1091666666666666
37.5,2,11,27,9,2,0.61,0.94,1.135
15.8,2,12,27,9,2,1.56,1.71,1.1141666666666665
36.3,3,13,27,9,2,1.21,1.52,1.1104166666666666
37.9,4,14,27,9,2,1.43,0.68,1.12125
-0.4,2,14,27,9,2,0.94,1.46,1.0829166666666665
9.3,2,16,27,9,2,0.54,1.63,1.0525
32.1,2,17,27,9,2,0.9,1.69,1.0420833333333335
11.3,5,18,27,9,2,1.44,1.74,0.9995833333333333
38.9,2,19,27,9,2,0.72,1.29,1.0141666666666667
37.2,1,20,27,9,2,1.64,1.32,1.0195833333333333
37.2,3,22,27,9,2,1.45,0.47,1.0679166666666668
35.7,5,0,28,9,3,1.63,1.62,1.0416666666666667
-9.1,2,4,28,9,3,0.99,0.36,1.0933333333333335
20.9,4,4,28,9,3,1.6,1.31,1.1024999999999998
8.2,5,5,28,9,3,1.53,1.26,1.0883333333333334
-6.7,2,10,28,9,3,0.92,0.47,1.09625
6.6,4,12,28,9,3,0.66,0.69,1.0829166666666667
9.5,1,13,28,9,3,0.37,0.23,1.1204166666666666
36.6,4,15,28,9,3,1.13,0.78,1.1320833333333333
9.9,4,16,28,9,3,1.06,1.2,1.1016666666666668
3.3,5,17,28,9,3,0.47,0.91,1.1125
32.0,3,17,28,9,3,1.17,1.86,1.0833333333333333
35.5,5,17,28,9,3,1.16,0.87,1.13
37.2,3,19,28,9,3,1.99,0.61,1.1570833333333332
7.8,1,19,28,9,3,1.26,1.56,1.1658333333333333
26.7,4,20,28,9,3,1.77,1.21,1.1395833333333334
14.5,4,21,28,9,3,0.58,1.43,1.15875
11.6,3,21,28,9,3,1.89,0.94,1.195
32.8,3,23,28,9,3,1.81,0.54,1.1845833333333333
13.1,5,23,28,9,3,0.29,0.9,1.16625
19.6,1,23,28,9,3,0.46,1.44,1.145
34.5,4,0,29,9,4,0.93,0.72,1.18375
32.6,2,0,29,9,4,1.65,1.64,1.1645833333333333
1.0,3,2,29,9,4,1.18,1.45,1.1308333333333334
2.5,2,3,29,9,4,0.64,1.63,1.1029166666666665
35.2,1,3,29,9,4,0.96,0.99,1.0829166666666665
34.5,5,3,29,9,4,0.51,1.6,1.0829166666666665
5.8,5,4,29,9,4,1.6,1.53,1.0316666666666667
30.6,5,5,29,9,4,0.3,0.92,1.0125
6.2,4,8,29,9,4,0.46,0.66,1.0574999999999999
-4.3,5,9,29,9,4,1.74,0.37,1.1033333333333333
4.5,4,10,29,9,4,1.47,1.13,1.1275
-3.2,2,10,29,9,4,1.71,1.06,1.1500000000000001
9.3,5,10,29,9,4,1.6,0.47,1.1783333333333332
38.4,1,11,29,9,4,1.15,1.17,1.165
22.1,2,12,29,9,4,0.85,1.16,1.1475
2.3,5,14,29,9,4,0.74,1.99,1.1066666666666667
20.0,5,15,29,9,4,1.01,1.26,1.0833333333333333
-0.4,1,15,29,9,4,0.7,1.77,1.0691666666666666
8.2,2,15,29,9,4,1.43,0.58,1.0941666666666665
-2.7,3,15,29,9,4,1.18,1.89,1.0891666666666666
39.3,5,15,29,9,4,1.77,1.81,1.0691666666666666
29.6,5,16,29,9,4,1.33,0.29,1.08125
31.8,2,16,29,9,4,0.58,0.46,1.0891666666666666
-0.3,3,16,29,9,4,0.65,0.93,1.11875
17.6,1,20,29,9,4,1.64,1.65,1.08125
37.4,1,22,29,9,4,0.75,1.18,1.075
36.8,5,0,30,9,5,1.03,0.64,1.0954166666666667
39.3,1,0,30,9,5,1.13,0.96,1.0887499999999999
17.0,5,2,30,9,5,0.8,0.51,1.11375
3.2,1,2,30,9,5,1.11,1.6,1.1004166666666666
25.2,4,3,30,9,5,1.28,0.3,1.1358333333333333
14.8,1,4,30,9,5,1.15,0.46,1.1266666666666667
22.7,2,5,30,9,5,0.24,1.74,1.08625
-5.4,5,5,30,9,5,0.77,1.47,1.0450000000000002
11.3,2,8,30,9,5,0.48,1.71,0.98875
30.2,5,10,30,9,5,0.36,1.6,0.9474999999999999
35.3,1,13,30,9,5,0.61,1.15,0.965
28.6,1,13,30,9,5,1.57,0.85,0.9666666666666667
39.6,4,14,30,9,5,0.89,0.74,0.9925
24.0,3,14,30,9,5,1.36,1.01,0.9954166666666667
22.4,1,14,30,9,5,1.08,0.7,1.0374999999999999
22.0,3,15,30,9,5,1.71,1.43,1.0108333333333335
31.2,4,17,30,9,5,0.79,1.18,0.985
15.9,5,17,30,9,5,0.56,1.77,0.9258333333333334
-5.1,4,17,30,9,5,0.35,1.33,0.9229166666666666
34.0,3,17,30,9,5,1.26,0.58,0.9095833333333334
31.9,1,19,30,9,5,0.26,0.65,0.9325
0.3,3,20,30,9,5,1.2,1.64,0.8791666666666668
19.5,3,20,30,9,5,0.36,0.75,0.8858333333333334
9.6,5,21,30,9,5,0.91,1.03,0.8908333333333333
9.6,4,22,30,9,5,1.15,1.13,0.9020833333333335
25.5,2,0,1,10,6,1.4,0.8,0.92125
15.1,2,2,1,10,6,1.26,1.11,0.9416666666666668
9.3,5,6,1,10,6,1.6,1.28,0.9166666666666666
28.3,3,7,1,10,6,0.68,1.15,0.9254166666666667
18.3,3,8,1,10,6,1.36,0.24,0.9241666666666667
-7.8,4,8,1,10,6,0.21,0.77,0.92
36.8,3,9,1,10,6,0.67,0.48,0.9708333333333333
18.5,5,12,1,10,6,1.7,0.36,0.9891666666666667
1.2,3,12,1,10,6,0.8,0.61,0.9925
-0.8,1,12,1,10,6,0.69,1.57,0.9520833333333334
-1.4,2,13,1,10,6,0.6,0.89,0.9945833333333334
-4.0,1,14,1,10,6,1.91,1.36,0.9779166666666667
27.4,4,14,1,10,6,0.96,1.08,0.9754166666666667
16.5,2,16,1,10,6,1.02,1.71,0.9275000000000001
13.6,2,18,1,10,6,0.56,0.79,0.9354166666666667
9.6,3,19,1,10,6,0.98,0.56,0.9820833333333333
31.7,5,20,1,10,6,1.68,0.35,1.0333333333333332
24.8,3,20,1,10,6,1.58,1.26,1.0416666666666667
12.5,3,20,1,10,6,1.46,0.26,1.0912499999999998
37.5,3,20,1,10,6,1.45,1.2,1.0741666666666667
31.4,2,21,1,10,6,0.79,0.36,1.1316666666666666
35.1,4,21,1,10,6,1.74,0.91,1.13375
0.9,5,22,1,10,6,0.96,1.15,1.1541666666666668
32.7,5,23,1,10,6,1.64,1.4,1.1645833333333333
-1.6,4,23,1,10,6,1.65,1.26,1.1791666666666667
11.7,4,23,1,10,6,1.61,1.6,1.1495833333333334
33.2,2,23,1,10,6,0.89,0.68,1.20375
28.6,5,0,2,10,0,1.98,1.36,1.1945833333333333
2.1,4,0,2,10,0,1.14,0.21,1.2458333333333333
12.1,3,0,2,10,0,1.44,0.67,1.2995833333333333
13.7,4,1,2,10,0,1.96,1.7,1.2591666666666665
0.0,5,2,2,10,0,0.73,0.8,1.2779166666666666
-7.0,3,2,2,10,0,1.25,0.69,1.2750000000000001
10.9,4,3,2,10,0,0.62,0.6,1.2670833333333333
31.9,3,3,2,10,0,0.41,1.91,1.2679166666666666
15.1,1,4,2,10,0,1.93,0.96,1.2804166666666665
24.7,3,6,2,10,0,1.26,1.02,1.2766666666666666
8.5,1,7,2,10,0,0.93,0.56,1.28
-8.7,2,7,2,10,0,0.64,0.98,1.28625
26.3,3,7,2,10,0,1.13,1.68,1.2570833333333333
25.2,1,8,2,10,0,0.98,1.58,1.2437500000000001
30.4,1,8,2,10,0,1.26,1.46,1.20375
27.9,1,9,2,10,0,0.5,1.45,1.20375
-0.5,3,9,2,10,0,1.45,0.79,1.2187499999999998
32.1,1,9,2,10,0,1.15,1.74,1.1658333333333333
18.2,5,11,2,10,0,0.47,0.96,1.1875
21.9,5,11,2,10,0,1.48,1.64,1.1325
27.2,3,12,2,10,0,0.32,1.65,1.1029166666666665
3.4,4,12,2,10,0,0.94,1.61,1.05125
3.9,3,13,2,10,0,0.37,0.89,1.0404166666666665
33.6,4,13,2,10,0,0.63,1.98,1.03375
31.2,1,13,2,10,0,1.82,1.14,1.06125
-8.3,4,13,2,10,0,1.8,1.44,1.07875
-9.7,2,14,2,10,0,1.86,1.96,1.0541666666666667
3.1,2,15,2,10,0,1.37,0.73,1.0725
22.1,3,16,2,10,0,1.17,1.25,1.0391666666666668
-1.5,1,17,2,10,0,0.45,0.62,1.0858333333333332
10.9,5,18,2,10,0,1.74,0.41,1.1420833333333333
-9.3,1,19,2,10,0,1.76,1.93,1.0799999999999998
20.4,3,19,2,10,0,0.44,1.26,1.1083333333333334
-7.2,3,21,2,10,0,1.94,0.93,1.1066666666666667
33.4,5,21,2,10,0,0.89,0.64,1.1375
-1.1,1,21,2,10,0,1.38,1.13,1.14
32.5,3,21,2,10,0,1.19,0.98,1.17875
11.7,2,21,2,10,0,1.91,1.26,1.1845833333333333
25.9,4,0,3,10,1,1.4,0.5,1.20875
-8.4,1,3,3,10,1,1.08,1.45,1.23125
34.4,4,4,3,10,1,1.99,1.15,1.2041666666666668
20.1,1,4,3,10,1,0.5,0.47,1.2362499999999998
0.2,2,5,3,10,1,1.24,1.48,1.2245833333333331
17.5,3,7,3,10,1,1.2,0.32,1.2508333333333332
17.8,3,7,3,10,1,0.95,0.94,1.2233333333333334
8.8,4,8,3,10,1,0.28,0.37,1.2804166666666668
15.5,1,9,3,10,1,1.74,0.63,1.29625
4.2,4,9,3,10,1,1.01,1.82,1.27
17.9,4,9,3,10,1,1.19,1.8,1.2391666666666665
15.1,2,10,3,10,1,1.06,1.86,1.18875
7.4,3,12,3,10,1,0.65,1.37,1.1666666666666667
15.2,2,12,3,10,1,0.84,1.17,1.17625
15.2,5,13,3,10,1,1.4,0.45,1.2270833333333333
-5.1,3,14,3,10,1,1.67,1.74,1.2070833333333333
35.8,4,16,3,10,1,1.26,1.76,1.1449999999999998
35.6,5,17,3,10,1,0.27,0.44,1.13625
35.8,4,17,3,10,1,0.23,1.94,1.0708333333333333
31.2,2,18,3,10,1,0.37,0.89,1.0983333333333334
-0.0,3,19,3,10,1,1.55,1.38,1.12375
34.2,3,21,3,10,1,1.99,1.19,1.0883333333333334
33.9,5,22,3,10,1,0.34,1.91,1.0450000000000002
17.6,3,0,4,10,2,0.87,1.4,1.0154166666666666
10.3,3,0,4,10,2,0.69,1.08,1.01125
21.2,4,1,4,10,2,0.98,1.99,0.9375
17.7,1,2,4,10,2,0.22,0.5,0.9349999999999999
3.4,5,3,4,10,2,0.44,1.24,0.9054166666666666
-1.1,4,3,4,10,2,0.53,1.2,0.9
28.1,2,4,4,10,2,1.07,0.95,0.9370833333333333
26.8,3,5,4,10,2,1.84,0.28,1.0033333333333334
37.7,2,6,4,10,2,1.87,1.74,0.9674999999999999
32.1,4,6,4,10,2,0.88,1.01,0.9712500000000001
38.5,1,6,4,10,2,1.1,1.19,0.9883333333333333
37.4,5,7,4,10,2,1.6,1.06,1.01625
8.6,4,7,4,10,2,1.73,0.65,1.0475
-0.9,1,7,4,10,2,1.4,0.84,1.07
23.4,3,7,4,10,2,1.38,1.4,1.0870833333333334
6.1,2,10,4,10,2,1.81,1.67,1.0645833333333332
31.5,4,10,4,10,2,1.13,1.26,1.0954166666666667
10.4,4,11,4,10,2,2.0,0.27,1.1329166666666668
39.6,1,12,4,10,2,1.17,0.23,1.1433333333333333
19.5,3,12,4,10,2,0.48,0.37,1.1620833333333334
33.7,2,13,4,10,2,0.82,1.55,1.14625
6.6,4,13,4,10,2,1.17,1.99,1.0895833333333333
11.4,4,13,4,10,2,0.63,0.34,1.1291666666666667
-8.2,3,14,4,10,2,1.29,0.87,1.1175
37.2,2,14,4,10,2,0.59,0.69,1.1254166666666667
-6.3,5,15,4,10,2,0.88,0.98,1.1491666666666667
33.4,1,18,4,10,2,1.55,0.22,1.16375
10.5,4,18,4,10,2,0.57,0.44,1.15625
-5.6,1,18,4,10,2,0.26,0.53,1.1433333333333333
22.9,3,19,4,10,2,0.22,1.07,1.1291666666666667
-5.9,2,19,4,10,2,0.73,1.84,1.0779166666666666
3.7,4,19,4,10,2,0.61,1.87,1.0416666666666667
32.6,3,20,4,10,2,1.0,0.88,1.0804166666666666
39.1,3,20,4,10,2,1.81,1.1,1.07
14.1,4,20,4,10,2,0.85,1.6,1.0733333333333335
34.1,3,20,4,10,2,1.68,1.73,1.0170833333333333
-7.0,4,21,4,10,2,0.38,1.4,0.9816666666666666
24.3,3,22,4,10,2,0.55,1.38,0.9829166666666667
19.3,4,23,4,10,2,1.41,1.81,0.9741666666666666
34.9,2,23,4,10,2,1.6,1.13,0.99125
36.5,5,0,5,10,3,1.54,2.0,0.9725
26.8,3,1,5,10,3,1.55,1.17,0.9966666666666666
-9.7,1,1,5,10,3,1.75,0.48,1.0183333333333333
5.4,4,6,5,10,3,1.0,0.82,1.05
32.7,4,7,5,10,3,1.58,1.17,1.0520833333333333
36.0,3,8,5,10,3,1.22,0.63,1.0525
30.6,3,9,5,10,3,0.64,1.29,1.0766666666666667
12.5,3,10,5,10,3,1.87,0.59,1.0683333333333334
5.0,5,10,5,10,3,0.39,0.88,1.0887499999999999
36.6,3,11,5,10,3,1.37,1.55,1.0908333333333333
31.0,1,11,5,10,3,1.6,0.57,1.0854166666666667
-8.2,1,13,5,10,3,0.44,0.26,1.14875
2.3,2,13,5,10,3,1.78,0.22,1.1758333333333333
12.4,4,14,5,10,3,0.87,0.73,1.2091666666666667
39.0,4,14,5,10,3,1.53,0.61,1.2304166666666667
22.9,3,15,5,10,3,1.12,1.0,1.23875
32.5,1,16,5,10,3,1.2,1.81,1.21
-6.6,1,17,5,10,3,1.12,0.85,1.2354166666666666
16.6,3,17,5,10,3,1.46,1.68,1.2291666666666667
-9.2,4,17,5,10,3,1.53,0.38,1.2708333333333333
-4.3,1,17,5,10,3,1.38,0.55,1.2879166666666666
-2.7,1,18,5,10,3,0.96,1.41,1.2583333333333333
36.3,2,20,5,10,3,0.7,1.6,1.2591666666666668
21.6,1,20,5,10,3,1.62,1.54,1.2275
-2.3,3,22,5,10,3,0.78,1.55,1.175
-1.9,2,23,5,10,3,0.29,1.75,1.1220833333333335
39.4,3,1,6,10,4,0.48,1.0,1.155
39.5,3,3,6,10,4,1.79,1.58,1.1170833333333332
20.7,4,4,6,10,4,0.67,1.22,1.1025
26.2,2,5,6,10,4,0.87,0.64,1.0875000000000001
18.1,4,5,6,10,4,0.28,1.87,1.03875
13.7,1,6,6,10,4,0.7,0.39,1.1029166666666665
22.3,4,6,6,10,4,1.93,1.37,1.1075000000000002
-5.7,3,6,6,10,4,1.48,1.6,1.085
34.7,4,7,6,10,4,1.06,0.44,1.14625
16.3,5,9,6,10,4,1.91,1.78,1.0941666666666667
-2.0,2,9,6,10,4,0.53,0.87,1.075
38.3,2,11,6,10,4,0.41,1.53,1.0799999999999998
24.9,1,12,6,10,4,1.65,1.12,1.0466666666666666
28.8,3,14,6,10,4,0.32,1.2,1.01125
37.8,2,18,6,10,4,0.35,1.12,0.9741666666666667
28.6,4,20,6,10,4,0.23,1.46,0.9420833333333333
38.5,1,20,6,10,4,0.69,1.53,0.9175
10.7,5,21,6,10,4,0.94,1.38,0.8937499999999999
25.5,5,21,6,10,4,0.81,0.96,0.9216666666666665
1.6,3,22,6,10,4,1.63,0.7,0.9095833333333333
4.8,4,23,6,10,4,0.41,1.62,0.9074999999999999
4.5,5,23,6,10,4,1.57,0.78,0.9433333333333334
38.1,5,2,7,10,5,1.64,0.29,0.9754166666666667
2.6,5,3,7,10,5,1.06,0.48,0.9958333333333332
-6.8,4,4,7,10,5,0.97,1.79,0.9383333333333334
9.8,4,6,7,10,5,0.41,0.67,0.92
16.6,1,6,7,10,5,0.23,0.87,0.9495833333333333
-5.8,4,7,7,10,5,1.58,0.28,0.9866666666666667
18.9,1,7,7,10,5,1.17,0.7,0.9845833333333333
21.1,5,8,7,10,5,0.65,1.93,0.92875
22.3,5,9,7,10,5,0.59,1.48,0.915
12.8,4,10,7,10,5,1.15,1.06,0.9475000000000001
27.5,5,11,7,10,5,1.84,1.91,0.9479166666666666
22.3,5,14,7,10,5,1.92,0.53,0.9983333333333334
26.8,2,14,7,10,5,1.74,0.41,1.0379166666666666
30.0,1,15,7,10,5,1.36,1.65,1.04625
7.0,1,16,7,10,5,1.85,0.32,1.0520833333333333
1.1,2,16,7,10,5,0.46,0.35,1.1004166666666666
6.7,5,18,7,10,5,1.51,0.23,1.1558333333333333
6.3,2,19,7,10,5,1.56,0.69,1.1529166666666668
1.7,4,21,7,10,5,0.62,0.94,1.1820833333333332
2.1,1,21,7,10,5,1.64,0.81,1.1900000000000002
29.3,3,21,7,10,5,1.0,1.63,1.135
12.1,3,21,7,10,5,0.31,0.41,1.1308333333333334
-7.4,2,0,8,10,6,0.31,1.57,1.1366666666666667
33.7,5,1,8,10,6,1.71,1.64,1.105
15.5,5,1,8,10,6,0.88,1.06,1.07625
34.5,4,2,8,10,6,0.37,0.97,1.0929166666666668
-6.2,4,2,8,10,6,1.37,0.41,1.1366666666666667
33.2,2,3,8,10,6,1.46,0.23,1.155
-4.7,5,3,8,10,6,0.67,1.58,1.1683333333333332
16.9,4,5,8,10,6,1.9,1.17,1.16125
10.9,4,5,8,10,6,1.0,0.65,1.1937499999999999
-4.3,2,6,8,10,6,1.43,0.59,1.2220833333333334
35.0,2,7,8,10,6,1.27,1.15,1.1995833333333332
15.4,3,10,8,10,6,0.61,1.84,1.13625
-6.3,5,10,8,10,6,0.32,1.92,1.09125
8.5,5,11,8,10,6,0.84,1.74,1.0808333333333333
13.0,2,11,8,10,6,1.49,1.36,1.0641666666666667
38.4,3,13,8,10,6,0.96,1.85,1.04375
10.0,2,14,8,10,6,1.36,0.46,1.0858333333333332
5.1,1,14,8,10,6,1.47,1.51,1.0325
-6.8,2,17,8,10,6,0.23,1.56,1.0391666666666668
12.3,1,18,8,10,6,1.72,0.62,1.0279166666666666
39.5,4,18,8,10,6,0.35,1.64,1.0108333333333335
3.2,4,20,8,10,6,1.23,1.0,1.0154166666666666
3.4,3,20,8,10,6,1.11,0.31,1.0141666666666667
18.3,3,21,8,10,6,0.28,0.31,1.0645833333333334
15.9,5,21,8,10,6,1.52,1.71,1.0616666666666668
39.1,1,21,8,10,6,1.64,0.88,1.0883333333333334
6.2,2,21,8,10,6,1.52,0.37,1.14375
0.8,3,23,8,10,6,1.7,1.37,1.1583333333333332
17.6,5,23,8,10,6,1.72,1.46,1.1575
17.2,4,1,9,10,0,1.44,0.67,1.1408333333333334
24.5,5,1,9,10,0,0.27,1.9,1.1245833333333335
29.6,4,2,9,10,0,1.51,1.0,1.0920833333333333
25.5,1,2,9,10,0,0.22,1.43,1.0695833333333333
32.0,5,4,9,10,0,0.89,1.27,1.0645833333333332
30.6,1,4,9,10,0,1.15,0.61,1.0704166666666666
-5.9,4,5,9,10,0,0.75,0.32,1.0683333333333331
17.8,3,6,9,10,0,0.27,0.84,1.0787499999999999
-7.8,5,7,9,10,0,1.09,1.49,1.0258333333333334
10.0,4,7,9,10,0,0.22,0.96,1.055
10.2,1,7,9,10,0,1.66,1.36,1.0775
-4.4,2,8,9,10,0,1.9,1.47,1.0420833333333335
7.5,3,9,9,10,0,0.62,0.23,1.0504166666666668
39.1,1,10,9,10,0,0.43,1.72,1.0329166666666667
-3.0,1,10,9,10,0,1.3,0.35,1.0520833333333333
27.4,4,10,9,10,0,0.81,1.23,1.0691666666666666
12.1,5,11,9,10,0,1.64,1.11,1.0445833333333334
22.1,5,11,9,10,0,0.52,0.28,1.0870833333333334
19.8,3,14,9,10,0,1.3,1.52,1.0608333333333333
-7.5,4,15,9,10,0,0.89,1.64,1.0670833333333334
12.3,2,15,9,10,0,1.79,1.52,1.0520833333333333
21.8,5,17,9,10,0,1.16,1.7,1.0266666666666666
19.5,3,17,9,10,0,1.09,1.72,1.0166666666666668
-5.5,3,18,9,10,0,1.48,1.44,1.02
13.4,3,20,9,10,0,1.52,0.27,1.0495833333333333
8.1,2,20,9,10,0,0.98,1.51,0.9958333333333332
29.9,2,21,9,10,0,0.22,0.22,1.0416666666666667
5.9,4,21,9,10,0,1.32,0.89,1.0583333333333333
-8.0,4,22,9,10,0,1.29,1.15,1.05125
17.8,1,22,9,10,0,0.98,0.75,1.0304166666666668
3.6,1,22,9,10,0,0.25,0.27,1.04875
39.3,1,23,9,10,0,0.71,1.09,1.0470833333333334
35.0,1,23,9,10,0,1.05,0.22,1.07
12.4,3,23,9,10,0,0.77,1.66,1.08125
-3.9,3,0,10,10,1,1.93,1.9,1.0262499999999999
4.5,1,0,10,10,1,0.58,0.62,1.0174999999999998
35.2,4,2,10,10,1,0.41,0.43,1.0720833333333333
32.3,1,3,10,10,1,1.74,1.3,1.0716666666666665
21.7,3,4,10,10,1,1.29,0.81,1.1175
-8.0,5,4,10,10,1,1.91,1.64,1.1224999999999998
27.0,4,5,10,10,1,1.76,0.52,1.11625
33.5,1,6,10,10,1,0.37,1.3,1.0879166666666666
-4.1,4,6,10,10,1,0.62,0.89,1.0833333333333333
11.5,3,6,10,10,1,0.78,1.79,1.0508333333333333
0.9,5,7,10,10,1,1.01,1.16,1.0775
2.5,5,8,10,10,1,1.8,1.09,1.0683333333333334
-9.2,2,8,10,10,1,0.87,1.48,1.0795833333333333
38.9,1,9,10,10,1,1.75,1.52,1.0366666666666666
28.4,2,10,10,10,1,0.49,0.98,1.0191666666666668
20.9,3,10,10,10,1,0.56,0.22,1.0508333333333333
17.5,2,10,10,10,1,0.98,1.32,1.0483333333333333
21.5,5,14,10,10,1,1.26,1.29,1.0154166666666666
25.7,1,17,10,10,1,0.5,0.98,1.0416666666666667
34.7,3,18,10,10,1,1.61,0.25,1.0987500000000001
-0.1,5,18,10,10,1,1.62,0.71,1.1058333333333332
7.0,3,20,10,10,1,0.88,1.05,1.1183333333333334
9.2,4,20,10,10,1,1.35,0.77,1.1091666666666666
16.3,3,20,10,10,1,0.55,1.93,1.0458333333333334
17.9,5,20,10,10,1,0.41,0.58,1.0375
24.7,4,21,10,10,1,0.38,0.41,1.0383333333333333
29.1,5,22,10,10,1,0.43,1.74,0.9816666666666666
30.9,1,2,11,10,2,0.38,1.29,0.9645833333333335
39.0,2,3,11,10,2,0.88,1.91,0.9500000000000001
11.2,1,3,11,10,2,1.56,1.76,0.8925
15.4,4,4,11,10,2,0.38,0.37,0.8879166666666668
38.4,3,4,11,10,2,0.26,0.62,0.9070833333333334
28.2,1,5,11,10,2,1.08,0.78,0.91
-5.2,2,7,11,10,2,0.85,1.01,0.8870833333333334
26.4,2,9,11,10,2,0.46,1.8,0.82125
36.8,1,10,11,10,2,0.22,0.87,0.8408333333333333
8.0,5,10,11,10,2,1.34,1.75,0.8250000000000001
21.0,4,10,11,10,2,1.37,0.49,0.82875
26.7,1,10,11,10,2,0.58,0.56,0.8170833333333333
33.2,2,10,11,10,2,0.28,0.98,0.7975
39.6,5,11,11,10,2,0.51,1.26,0.82
7.4,4,12,11,10,2,1.8,0.5,0.83625
14.6,3,13,11,10,2,0.89,1.61,0.7925
33.2,2,13,11,10,2,0.56,1.62,0.7679166666666667
-5.7,3,14,11,10,2,1.03,0.88,0.7791666666666668
27.0,2,14,11,10,2,1.15,1.35,0.8045833333333333
4.6,3,16,11,10,2,1.96,0.55,0.8345833333333332
13.9,2,17,11,10,2,1.27,0.41,0.8758333333333334
23.2,4,18,11,10,2,1.4,0.38,0.93
11.9,3,19,11,10,2,1.68,0.43,0.9275000000000001
-1.7,2,20,11,10,2,0.37,0.38,0.9725
11.4,1,21,11,10,2,1.46,0.88,0.9995833333333333
-2.1,5,22,11,10,2,1.53,1.56,0.9583333333333334
15.4,3,23,11,10,2,0.57,0.38,0.9795833333333334
30.8,3,23,11,10,2,0.89,0.26,1.0366666666666666
8.5,5,1,12,10,3,1.63,1.08,1.0591666666666668
29.3,4,2,12,10,3,1.62,0.85,1.05125
37.3,4,4,12,10,3,0.66,0.46,1.0775
26.9,4,5,12,10,3,1.09,0.22,1.1004166666666666
-4.7,1,6,12,10,3,0.77,1.34,1.1120833333333333
25.8,3,7,12,10,3,1.62,1.37,1.115
6.9,1,7,12,10,3,1.44,0.58,1.1416666666666668
26.0,4,8,12,10,3,1.22,0.28,1.1875
-4.6,2,9,12,10,3,1.38,0.51,1.2416666666666667
18.2,2,11,12,10,3,1.81,1.8,1.1858333333333333
0.5,4,11,12,10,3,0.46,0.89,1.1966666666666665
27.1,2,15,12,10,3,1.15,0.56,1.2379166666666668
6.6,2,17,12,10,3,1.55,1.03,1.23125
30.3,4,18,12,10,3,0.87,1.15,1.26125
33.2,3,18,12,10,3,1.87,1.96,1.205
12.8,5,20,12,10,3,0.61,1.27,1.2225
-1.1,2,20,12,10,3,1.69,1.4,1.2283333333333333
21.3,4,21,12,10,3,1.54,1.68,1.2304166666666667
-6.8,5,21,12,10,3,1.73,0.37,1.2291666666666667
37.0,1,22,12,10,3,0.34,1.46,1.1900000000000002
26.9,4,1,13,10,4,0.52,1.53,1.1725
17.9,3,2,13,10,4,1.11,0.57,1.195
-6.5,2,2,13,10,4,1.11,0.89,1.19125
23.4,2,2,13,10,4,0.8,1.63,1.1933333333333334
20.8,1,3,13,10,4,1.68,1.62,1.1641666666666666
0.5,5,4,13,10,4,0.92,0.66,1.1849999999999998
39.3,5,5,13,10,4,1.16,1.09,1.2054166666666666
-5.4,5,6,13,10,4,1.58,0.77,1.2275
29.9,3,7,13,10,4,1.3,1.62,1.2304166666666665
-8.5,5,7,13,10,4,1.69,1.44,1.2329166666666667
32.8,4,8,13,10,4,1.5,1.22,1.2045833333333333
-7.0,4,8,13,10,4,0.54,1.38,1.1645833333333333
13.3,2,9,13,10,4,0.42,1.81,1.1704166666666667
-0.4,3,10,13,10,4,1.95,0.46,1.2029166666666666
14.1,5,10,13,10,4,1.24,1.15,1.22875
26.7,4,10,13,10,4,1.77,1.55,1.2449999999999999
29.5,4,10,13,10,4,1.94,0.87,1.2816666666666665
2.2,4,12,13,10,4,1.75,1.87,1.28375
11.4,3,12,13,10,4,1.92,0.61,1.3383333333333332
7.9,4,12,13,10,4,1.92,1.69,1.31375
4.7,3,12,13,10,4,1.1,1.54,1.2845833333333332
-9.9,1,14,13,10,4,0.84,1.73,1.2345833333333334
32.9,2,14,13,10,4,0.53,0.34,1.2316666666666667
12.8,3,18,13,10,4,0.27,0.52,1.26875
30.5,5,19,13,10,4,1.41,1.11,1.275
25.3,4,19,13,10,4,1.26,1.11,1.2645833333333334
17.6,3,19,13,10,4,0.86,0.8,1.2416666666666667
13.0,5,20,13,10,4,0.25,1.68,1.2470833333333333
-9.6,3,20,13,10,4,1.81,0.92,1.2295833333333335
1.5,5,20,13,10,4,0.5,1.16,1.2300000000000002
11.3,1,21,13,10,4,1.17,1.58,1.1908333333333332
34.5,5,21,13,10,4,0.64,1.3,1.1829166666666666
16.4,2,22,13,10,4,1.11,1.69,1.1241666666666668
12.4,5,22,13,10,4,0.28,1.5,1.1270833333333334
20.2,3,23,13,10,4,1.57,0.54,1.16375
-4.5,4,23,13,10,4,1.42,0.42,1.2233333333333334
35.7,3,0,14,10,5,1.85,1.95,1.1770833333333333
40.0,2,2,14,10,5,0.84,1.24,1.2033333333333334
10.2,5,2,14,10,5,1.87,1.77,1.15
35.5,5,2,14,10,5,0.49,1.94,1.145
10.2,5,2,14,10,5,1.82,1.75,1.1241666666666668
0.0,2,2,14,10,5,1.25,1.92,1.0695833333333333
22.2,1,3,14,10,5,0.61,1.92,1.0325
11.9,1,5,14,10,5,1.03,1.1,1.0491666666666666
18.8,5,7,14,10,5,1.5,0.84,1.0729166666666667
4.5,2,7,14,10,5,1.41,0.53,1.1025
28.9,5,7,14,10,5,1.24,0.27,1.1595833333333332
22.4,2,7,14,10,5,1.64,1.41,1.1379166666666667
4.1,4,7,14,10,5,0.89,1.26,1.1379166666666667
-0.3,3,9,14,10,5,1.26,0.86,1.1570833333333332
23.4,4,9,14,10,5,1.32,0.25,1.2095833333333332
25.2,1,10,14,10,5,1.51,1.81,1.1525
-5.4,3,12,14,10,5,0.44,0.5,1.17375
34.3,3,13,14,10,5,1.01,1.17,1.16
22.7,1,13,14,10,5,0.84,0.64,1.2145833333333333
22.4,1,17,14,10,5,1.95,1.11,1.1804166666666667
-7.5,4,0,15,10,6,0.29,0.28,1.2358333333333333
14.9,5,0,15,10,6,1.61,1.57,1.2204166666666667
-7.0,5,1,15,10,6,1.2,1.42,1.1979166666666667
2.8,3,2,15,10,6,0.88,1.85,1.1675
21.7,4,4,15,10,6,1.12,0.84,1.15125
-8.4,3,4,15,10,6,0.45,1.87,1.1079166666666667
-2.7,3,4,15,10,6,0.83,0.49,1.1075000000000002
14.4,5,6,15,10,6,0.48,1.82,1.0608333333333333
8.6,3,6,15,10,6,0.7,1.25,1.07875
18.0,4,8,15,10,6,1.68,0.61,1.1175
38.6,2,8,15,10,6,1.54,1.03,1.13625
19.5,4,10,15,10,6,1.48,1.5,1.15125
-6.3,1,11,15,10,6,1.86,1.41,1.1587500000000002
-5.7,3,11,15,10,6,1.59,1.24,1.1791666666666665
35.6,5,12,15,10,6,1.73,1.64,1.1587500000000002
23.1,3,12,15,10,6,1.15,0.89,1.1433333333333333
37.0,1,13,15,10,6,0.52,1.26,1.1608333333333334
-2.6,1,13,15,10,6,1.68,1.32,1.13625
24.0,3,14,15,10,6,0.73,1.51,1.1391666666666667
2.6,2,15,15,10,6,1.58,0.44,1.1775
31.8,5,15,15,10,6,1.36,1.01,1.1966666666666665
27.8,5,16,15,10,6,1.47,0.84,1.2041666666666666
12.1,4,16,15,10,6,1.02,1.95,1.20125
32.8,1,16,15,10,6,1.88,0.29,1.2516666666666667
8.6,1,17,15,10,6,1.5,1.61,1.2008333333333334
15.5,4,17,15,10,6,0.39,1.2,1.2145833333333333
25.1,4,19,15,10,6,1.53,0.88,1.2425
23.5,1,19,15,10,6,1.55,1.12,1.2604166666666667
1.3,3,21,15,10,6,1.55,0.45,1.3041666666666665
7.2,2,21,15,10,6,1.5,0.83,1.3158333333333334
38.3,1,22,15,10,6,1.11,0.48,1.3466666666666667
14.4,1,22,15,10,6,1.22,0.7,1.3295833333333333
29.2,3,23,15,10,6,0.29,1.68,1.31625
29.5,5,1,16,10,0,1.36,1.54,1.2920833333333335
19.2,5,1,16,10,0,0.96,1.48,1.2545833333333334
34.9,4,2,16,10,0,0.58,1.86,1.22875
21.8,2,5,16,10,0,1.24,1.59,1.2404166666666667
19.4,1,5,16,10,0,1.87,1.73,1.20375
32.9,3,10,16,10,0,0.85,1.15,1.1895833333333334
-1.2,3,11,16,10,0,0.81,0.52,1.1983333333333335
12.8,2,11,16,10,0,0.73,1.68,1.1945833333333333
18.7,1,12,16,10,0,1.59,0.73,1.2070833333333333
6.5,4,12,16,10,0,1.03,1.58,1.1570833333333335
-8.9,4,13,16,10,0,0.38,1.36,1.1504166666666666
19.3,2,14,16,10,0,1.2,1.47,1.10625
14.7,5,15,16,10,0,0.41,1.02,1.11375
20.1,3,15,16,10,0,1.2,1.88,1.0537500000000002
2.9,5,16,16,10,0,0.44,1.5,1.0691666666666666
5.5,3,16,16,10,0,1.87,0.39,1.0979166666666667
17.7,3,18,16,10,0,1.08,1.53,1.1083333333333332
7.7,2,21,16,10,0,1.78,1.55,1.09875
9.9,3,22,16,10,0,1.32,1.55,1.0458333333333334
28.6,1,22,16,10,0,0.28,1.5,1.0350000000000001
38.4,3,23,16,10,0,1.24,1.11,1.0262499999999999
-8.0,3,23,16,10,0,0.9,1.22,1.02375
4.5,3,23,16,10,0,1.16,0.29,1.0316666666666667
6.1,1,0,17,10,1,0.48,1.36,0.9979166666666668
20.2,1,1,17,10,1,0.55,0.96,1.0404166666666665
31.5,4,3,17,10,1,1.98,0.58,1.05375
-8.1,4,3,17,10,1,0.9,1.24,1.0175
17.6,1,3,17,10,1,0.37,1.87,0.9974999999999999
29.4,5,5,17,10,1,1.39,0.85,0.9820833333333333
-1.1,4,6,17,10,1,0.48,0.81,0.9816666666666666
37.4,2,8,17,10,1,0.8,0.73,1.0075
-2.8,5,9,17,10,1,1.35,1.59,0.9545833333333333
-0.9,3,10,17,10,1,0.32,1.03,0.9516666666666667
-6.4,5,10,17,10,1,0.96,0.38,0.96125
34.0,1,12,17,10,1,0.61,1.2,0.9775
4.1,1,12,17,10,1,1.59,0.41,0.9745833333333334
-6.4,4,12,17,10,1,0.34,1.2,0.9841666666666667
34.8,1,13,17,10,1,1.43,0.44,1.0141666666666667
-3.2,2,13,17,10,1,1.16,1.87,0.9679166666666666
16.3,2,13,17,10,1,0.76,1.08,0.97625
-2.8,4,14,17,10,1,1.28,1.78,0.9500000000000001
14.3,5,14,17,10,1,1.15,1.32,0.9075000000000001
-6.8,3,15,17,10,1,0.3,0.28,0.9054166666666666
9.7,5,16,17,10,1,0.23,1.24,0.8862500000000001
23.0,3,16,17,10,1,0.78,0.9,0.8729166666666667
6.6,1,17,17,10,1,0.58,1.16,0.8424999999999999
27.1,3,18,17,10,1,0.43,0.48,0.8775
-6.5,1,18,17,10,1,1.32,0.55,0.9345833333333333
4.6,2,18,17,10,1,1.92,1.98,0.875
3.2,3,18,17,10,1,0.55,0.9,0.8779166666666667
5.8,4,19,17,10,1,0.97,0.37,0.94
25.3,5,19,17,10,1,1.86,1.39,0.915
1.5,2,21,17,10,1,0.79,0.48,0.9183333333333334
3.4,3,23,17,10,1,0.56,0.8,0.9354166666666667
30.1,5,23,17,10,1,1.21,1.35,0.9254166666666667
4.0,2,0,18,10,2,1.11,0.32,0.9604166666666666
30.5,5,3,18,10,2,1.16,0.96,0.9762500000000002
37.5,3,4,18,10,2,1.34,0.61,0.9666666666666667
12.2,5,4,18,10,2,0.38,1.59,0.9725
5.6,2,5,18,10,2,1.73,0.34,1.035
27.5,5,5,18,10,2,1.84,1.43,1.0174999999999998
14.5,3,5,18,10,2,1.01,1.16,0.98625
31.8,2,6,18,10,2,0.41,0.76,0.9825
6.3,5,7,18,10,2,0.67,1.28,1.0004166666666667
27.4,3,12,18,10,2,1.71,1.15,0.9983333333333334
33.6,4,12,18,10,2,1.1,0.3,1.0166666666666668
32.5,1,13,18,10,2,0.74,0.23,1.0679166666666666
34.7,3,14,18,10,2,1.46,0.78,1.0999999999999999
-8.8,3,14,18,10,2,1.55,0.58,1.1216666666666668
9.6,3,15,18,10,2,1.1,0.43,1.1383333333333334
-9.9,1,15,18,10,2,0.83,1.32,1.1362500000000002
39.6,4,16,18,10,2,1.27,1.92,1.1108333333333333
15.8,1,17,18,10,2,1.31,0.55,1.1125
5.5,1,19,18,10,2,0.59,0.97,1.0845833333333335
38.1,4,19,18,10,2,0.3,1.86,1.0870833333333334
13.5,3,20,18,10,2,1.92,0.79,1.1
38.9,1,20,18,10,2,1.1,0.56,1.0925
11.2,2,21,18,10,2,0.38,1.21,1.0708333333333335
18.7,3,21,18,10,2,0.69,1.11,1.0945833333333332
-7.0,4,22,18,10,2,1.68,1.16,1.0804166666666666
39.9,1,22,18,10,2,0.82,1.34,1.0599999999999998
28.6,5,23,18,10,2,0.85,0.38,1.1187500000000001
31.8,4,0,19,10,3,1.79,1.73,1.0708333333333333
21.2,1,0,19,10,3,0.58,1.84,1.0679166666666666
15.6,5,0,19,10,3,1.77,1.01,1.0658333333333334
10.5,3,0,19,10,3,0.96,0.41,1.07125
0.3,3,1,19,10,3,0.54,0.67,1.0620833333333333
8.2,5,2,19,10,3,0.45,1.71,1.0658333333333332
-1.7,1,3,19,10,3,1.8,1.1,1.0845833333333335
36.8,1,3,19,10,3,1.55,0.74,1.1329166666666666
8.7,2,4,19,10,3,1.9,1.46,1.1108333333333333
6.5,1,4,19,10,3,0.93,1.55,1.0620833333333335
15.5,4,5,19,10,3,0.38,1.1,1.0345833333333332
29.1,1,7,19,10,3,0.44,0.83,1.0383333333333333
37.5,3,7,19,10,3,0.92,1.27,1.0354166666666667
8.8,4,7,19,10,3,1.2,1.31,1.0045833333333334
7.3,2,8,19,10,3,0.57,0.59,1.0574999999999999
29.0,5,8,19,10,3,1.86,0.3,1.0854166666666665
-0.6,4,9,19,10,3,0.97,1.92,1.085
24.6,5,9,19,10,3,1.91,1.1,1.0945833333333332
16.6,1,12,19,10,3,1.33,0.38,1.1358333333333335
34.5,1,13,19,10,3,1.37,0.69,1.1604166666666667
13.1,3,13,19,10,3,1.28,1.68,1.1641666666666666
18.6,2,17,19,10,3,1.77,0.82,1.1554166666666668
7.4,5,18,19,10,3,0.61,0.85,1.1629166666666666
28.7,1,19,19,10,3,1.03,1.79,1.1312499999999999
-4.1,3,19,19,10,3,1.03,0.58,1.1816666666666666
20.4,4,19,19,10,3,1.79,1.77,1.1775
15.9,5,21,19,10,3,1.67,0.96,1.1891666666666667
32.1,1,22,19,10,3,1.24,0.54,1.2320833333333334
3.2,2,22,19,10,3,1.57,0.45,1.2579166666666668
25.7,3,0,20,10,4,1.07,1.8,1.2020833333333334
-0.4,1,0,20,10,4,0.46,1.55,1.20375
-4.0,1,0,20,10,4,1.59,1.9,1.2033333333333334
36.6,5,0,20,10,4,1.89,0.93,1.2354166666666668
-3.0,3,3,20,10,4,1.7,0.38,1.2783333333333333
-5.5,1,4,20,10,4,1.41,0.44,1.3037500000000002
20.6,3,4,20,10,4,1.05,0.92,1.2829166666666667
12.1,2,5,20,10,4,0.42,1.2,1.3020833333333333
28.0,4,5,20,10,4,1.66,0.57,1.31
22.7,4,7,20,10,4,0.76,1.86,1.2725
37.4,2,10,20,10,4,0.96,0.97,1.2920833333333335
12.5,1,12,20,10,4,1.44,1.91,1.2775
28.2,1,13,20,10,4,1.56,1.33,1.2466666666666666
16.5,1,13,20,10,4,0.59,1.37,1.2241666666666666
14.7,2,14,20,10,4,0.83,1.28,1.1816666666666666
0.6,1,14,20,10,4,0.26,1.77,1.1870833333333335
7.9,2,14,20,10,4,1.9,0.61,1.1866666666666665
11.2,5,16,20,10,4,0.6,1.03,1.2025
21.8,4,16,20,10,4,1.41,1.03,1.2225
8.8,3,17,20,10,4,1.51,1.79,1.1741666666666666
33.8,3,18,20,10,4,0.63,1.67,1.13
33.7,5,18,20,10,4,0.61,1.24,1.1466666666666667
36.7,4,18,20,10,4,1.64,1.57,1.11625
3.4,2,18,20,10,4,0.84,1.07,1.0958333333333334
30.8,2,18,20,10,4,0.58,0.46,1.1241666666666665
12.1,5,22,20,10,4,1.14,1.59,1.1070833333333332
19.7,3,23,20,10,4,1.18,1.89,1.0633333333333332
17.6,5,0,21,10,5,0.84,1.7,1.0120833333333332
-6.7,4,2,21,10,5,0.47,1.41,1.0325
5.6,5,3,21,10,5,1.9,1.05,1.0333333333333332
22.0,3,4,21,10,5,1.07,0.42,1.0479166666666666
22.2,5,5,21,10,5,0.77,1.66,1.0216666666666667
7.6,2,5,21,10,5,1.03,0.76,1.0699999999999998
-6.2,2,5,21,10,5,1.92,0.96,1.0716666666666665
28.7,3,5,21,10,5,1.0,1.44,1.0695833333333333
1.2,5,8,21,10,5,1.39,1.56,1.0645833333333334
0.5,3,9,21,10,5,1.44,0.59,1.0670833333333334
7.1,4,10,21,10,5,0.65,0.83,1.0570833333333332
39.6,3,10,21,10,5,0.59,0.26,1.1254166666666667
7.2,5,11,21,10,5,1.9,1.9,1.05625
39.6,4,11,21,10,5,0.24,0.6,1.0745833333333332
11.9,1,11,21,10,5,1.04,1.41,1.0775
22.8,1,12,21,10,5,1.48,1.51,1.0379166666666666
13.3,5,13,21,10,5,0.56,0.63,1.0408333333333333
6.0,1,13,21,10,5,0.7,0.61,1.0954166666666667
20.7,1,13,21,10,5,1.92,1.64,1.10125
-9.6,5,15,21,10,5,1.78,0.84,1.1458333333333333
29.0,3,16,21,10,5,1.91,0.58,1.1983333333333333
10.6,5,20,21,10,5,1.84,1.14,1.1804166666666667
20.3,5,20,21,10,5,0.71,1.18,1.2129166666666666
29.5,5,20,21,10,5,1.96,0.84,1.1954166666666668
34.4,2,21,21,10,5,0.42,0.47,1.1975
25.7,5,21,21,10,5,0.52,1.9,1.1404166666666666
-3.8,4,21,21,10,5,0.53,1.07,1.1566666666666665
35.9,5,0,22,10,6,1.46,0.77,1.1454166666666667
-7.1,2,1,22,10,6,0.5,1.03,1.1195833333333332
10.5,2,4,22,10,6,0.41,1.92,1.1179166666666667
-3.9,4,6,22,10,6,1.88,1.0,1.0929166666666668
4.5,3,7,22,10,6,0.4,1.39,1.0966666666666667
17.2,4,8,22,10,6,1.48,1.44,1.0654166666666667
22.9,2,9,22,10,6,0.69,0.65,1.1208333333333333
-8.7,2,12,22,10,6,1.98,0.59,1.1583333333333334
4.7,5,12,22,10,6,1.49,1.9,1.0933333333333333
16.9,2,12,22,10,6,0.34,0.24,1.14375
9.3,1,12,22,10,6,1.45,1.04,1.12
3.1,2,13,22,10,6,0.47,1.48,1.0875000000000001
29.4,3,13,22,10,6,0.7,0.56,1.12375
30.5,4,15,22,10,6,1.43,0.7,1.1041666666666667
11.7,3,17,22,10,6,0.23,1.92,1.0645833333333334
29.0,1,17,22,10,6,0.97,1.78,1.0608333333333333
2.5,5,18,22,10,6,1.69,1.91,1.0095833333333333
39.6,5,20,22,10,6,0.68,1.84,0.9845833333333333
4.5,3,21,22,10,6,1.24,0.71,1.0145833333333332
21.9,5,21,22,10,6,1.43,1.96,0.9991666666666666
6.0,5,23,22,10,6,1.59,0.42,1.0275
5.6,2,1,23,10,0,1.1,0.52,1.0154166666666666
-5.4,4,3,23,10,0,0.23,0.53,1.0408333333333333
27.0,1,3,23,10,0,1.14,1.46,0.99375
2.0,4,4,23,10,0,0.33,0.5,1.0554166666666667
29.1,3,4,23,10,0,1.98,0.41,1.0716666666666668
29.6,4,5,23,10,0,0.8,1.88,1.065
-7.3,5,5,23,10,0,1.72,0.4,1.08125
27.3,4,6,23,10,0,0.79,1.48,1.0354166666666667
1.2,4,7,23,10,0,0.38,0.69,1.0566666666666666
23.9,5,9,23,10,0,1.2,1.98,1.0041666666666667
2.7,5,10,23,10,0,0.72,1.49,0.98625
8.6,4,11,23,10,0,1.06,0.34,1.03
22.9,4,11,23,10,0,1.39,1.45,1.0404166666666665
-4.5,4,12,23,10,0,1.7,0.47,1.07875
-2.1,3,13,23,10,0,1.39,0.7,1.09875
-3.7,5,16,23,10,0,1.18,1.43,1.08125
29.1,5,18,23,10,0,1.01,0.23,1.1291666666666667
36.4,5,18,23,10,0,1.38,0.97,1.17125
31.0,1,19,23,10,0,1.98,1.69,1.1195833333333332
13.6,1,19,23,10,0,0.45,0.68,1.1616666666666666
35.4,5,20,23,10,0,1.69,1.24,1.1258333333333332
-10.0,1,22,23,10,0,0.38,1.43,1.0916666666666666
12.4,1,22,23,10,0,0.61,1.59,1.0904166666666668
1.2,2,0,24,10,1,1.56,1.1,1.1029166666666665
12.5,5,0,24,10,1,1.4,0.23,1.1429166666666666
6.5,4,1,24,10,1,1.19,1.14,1.1075
-2.1,4,2,24,10,1,0.29,0.33,1.12125
34.7,4,3,24,10,1,0.66,1.98,1.0574999999999999
33.3,2,3,24,10,1,0.45,0.8,1.0870833333333334
3.1,1,4,24,10,1,1.51,1.72,1.05
3.6,4,4,24,10,1,0.83,0.79,1.0579166666666666
2.4,4,4,24,10,1,0.98,0.38,1.0720833333333333
24.7,2,5,24,10,1,0.72,1.2,1.0966666666666667
24.1,3,6,24,10,1,1.79,0.72,1.1466666666666667
9.9,4,9,24,10,1,1.92,1.06,1.1691666666666667
28.0,3,11,24,10,1,1.6,1.39,1.16875
1.5,5,12,24,10,1,1.38,1.7,1.1220833333333333
32.2,5,13,24,10,1,0.58,1.39,1.1170833333333334
2.4,4,13,24,10,1,1.27,1.18,1.1320833333333333
6.1,1,14,24,10,1,1.54,1.01,1.1641666666666666
20.8,3,15,24,10,1,1.78,1.38,1.1475
4.1,5,16,24,10,1,0.98,1.98,1.0770833333333334
-2.6,2,16,24,10,1,0.29,0.45,1.0933333333333335
3.4,5,17,24,10,1,0.84,1.69,1.0845833333333332
-9.2,2,18,24,10,1,1.48,0.38,1.1375
-0.5,5,18,24,10,1,1.65,0.61,1.1420833333333333
8.7,3,20,24,10,1,0.72,1.56,1.1591666666666665
8.6,4,21,24,10,1,1.97,1.4,1.1279166666666667
10.5,3,21,24,10,1,0.65,1.19,1.1141666666666665
35.7,5,22,24,10,1,0.86,0.29,1.1441666666666668
15.2,4,23,24,10,1,1.01,0.66,1.1383333333333334
-8.5,2,23,24,10,1,0.52,0.45,1.175
35.4,5,23,24,10,1,1.33,1.51,1.1208333333333333
34.7,2,4,25,10,2,0.21,0.83,1.1425
12.2,5,4,25,10,2,1.35,0.98,1.12125
25.8,4,5,25,10,2,0.47,0.72,1.105
-6.2,5,6,25,10,2,0.33,1.79,1.0991666666666666
2.1,2,6,25,10,2,1.65,1.92,1.03125
-5.0,2,7,25,10,2,0.29,1.6,1.0162499999999999
33.5,1,7,25,10,2,1.24,1.38,1.0325
34.7,5,7,25,10,2,1.77,0.58,1.0266666666666666
8.1,2,8,25,10,2,0.44,1.27,1.0199999999999998
16.4,1,9,25,10,2,1.11,1.54,1.0262499999999999
26.9,1,10,25,10,2,1.69,1.78,1.01875
20.1,4,10,25,10,2,1.6,0.98,1.0558333333333334
6.8,5,11,25,10,2,1.87,0.29,1.0691666666666666
-0.7,4,11,25,10,2,0.61,0.84,1.1066666666666667
25.5,3,11,25,10,2,1.74,1.48,1.055
2.0,5,11,25,10,2,0.24,1.65,1.0687499999999999
32.3,4,11,25,10,2,1.98,0.72,1.0704166666666668
-3.2,5,11,25,10,2,0.76,1.97,1.0495833333333333
-9.1,1,13,25,10,2,1.47,0.65,1.0741666666666667
22.1,5,15,25,10,2,1.24,0.86,1.0691666666666666
23.9,2,15,25,10,2,0.74,1.01,1.0845833333333332
-8.6,5,15,25,10,2,1.38,0.52,1.0775
22.2,1,17,25,10,2,0.35,1.33,1.0745833333333332
-7.9,1,17,25,10,2,1.26,0.21,1.14
17.7,5,20,25,10,2,1.78,1.35,1.1666666666666667
7.6,4,23,25,10,2,1.99,0.47,1.2091666666666667
27.9,4,23,25,10,2,1.49,0.33,1.2116666666666667
19.1,5,2,26,10,3,0.39,1.65,1.18
5.6,3,2,26,10,3,0.89,0.29,1.2220833333333334
3.1,1,4,26,10,3,1.3,1.24,1.2125000000000001
17.9,5,5,26,10,3,1.01,1.77,1.2083333333333333
-8.7,3,7,26,10,3,1.67,0.44,1.2041666666666668
24.9,3,8,26,10,3,0.34,1.11,1.1879166666666667
15.8,5,10,26,10,3,0.72,1.69,1.1829166666666666
30.8,5,11,26,10,3,1.57,1.6,1.1416666666666666
-5.9,5,11,26,10,3,0.61,1.87,1.0970833333333334
31.3,5,11,26,10,3,0.8,0.61,1.0895833333333333
30.3,4,11,26,10,3,0.43,1.74,1.0941666666666667
13.9,2,12,26,10,3,1.85,0.24,1.1300000000000001
8.5,3,14,26,10,3,1.1,1.98,1.0558333333333334
0.9,4,14,26,10,3,0.2,0.76,1.0525
1.0,4,14,26,10,3,0.68,1.47,1.0129166666666667
8.2,2,15,26,10,3,0.52,1.24,1.03875
12.5,5,16,26,10,3,1.86,0.74,1.0195833333333335
-2.8,3,16,26,10,3,0.28,1.38,1.0420833333333335
35.9,1,17,26,10,3,1.92,0.35,1.0808333333333333
21.6,5,18,26,10,3,1.28,1.26,1.0854166666666665
3.2,4,18,26,10,3,1.37,1.78,1.02125
37.5,4,18,26,10,3,0.24,1.99,1.0020833333333334
25.0,1,19,26,10,3,1.53,1.49,0.9691666666666667
23.1,1,19,26,10,3,0.7,0.39,0.9900000000000001
-0.3,3,20,26,10,3,0.89,0.89,1.0316666666666665
-1.3,2,21,26,10,3,1.89,1.3,0.9958333333333332
11.4,3,21,26,10,3,0.44,1.01,1.0183333333333333
31.4,5,21,26,10,3,1.55,1.67,1.0050000000000001
12.5,5,23,26,10,3,1.35,0.34,1.0616666666666668
-6.8,1,0,27,10,4,1.7,0.72,1.0658333333333334
30.9,1,3,27,10,4,0.82,1.57,1.0479166666666666
-6.0,4,4,27,10,4,1.14,0.61,1.0895833333333333
3.4,2,5,27,10,4,1.61,0.8,1.0833333333333333
30.0,1,8,27,10,4,0.65,0.43,1.1441666666666668
-0.1,5,10,27,10,4,1.89,1.85,1.1433333333333333
21.1,5,11,27,10,4,1.83,1.1,1.1216666666666668
36.6,4,13,27,10,4,0.58,0.2,1.1287500000000001
32.5,3,14,27,10,4,0.37,0.68,1.1404166666666666
11.4,3,14,27,10,4,0.96,0.52,1.1529166666666666
0.7,1,14,27,10,4,0.82,1.86,1.0908333333333333
-7.0,4,15,27,10,4,0.37,0.28,1.10125
11.0,5,17,27,10,4,0.53,1.92,1.06
29.8,5,18,27,10,4,0.93,1.28,1.0741666666666667
18.3,1,18,27,10,4,1.62,1.37,1.04
28.2,3,18,27,10,4,0.55,0.24,1.0816666666666668
34.9,5,19,27,10,4,1.24,1.53,1.0845833333333332
22.6,4,19,27,10,4,1.6,0.7,1.0866666666666667
-3.7,3,21,27,10,4,0.75,0.89,1.075
19.4,1,22,27,10,4,0.61,1.89,1.02625
1.0,3,23,27,10,4,0.72,0.44,1.0391666666666668
-6.9,3,23,27,10,4,0.75,1.55,1.0404166666666665
26.2,3,23,27,10,4,1.58,1.35,1.0091666666666665
38.4,2,23,27,10,4,0.6,1.7,0.9624999999999999
37.0,1,2,28,10,5,0.58,0.82,0.9583333333333334
24.6,1,3,28,10,5,0.72,1.14,0.9845833333333333
39.5,2,4,28,10,5,1.77,1.61,0.9608333333333333
-4.7,5,5,28,10,5,1.04,0.65,0.9783333333333334
15.3,1,5,28,10,5,1.07,1.89,0.9358333333333334
10.8,2,6,28,10,5,0.87,1.83,0.8775000000000001
14.9,1,7,28,10,5,0.43,0.58,0.9362499999999999
36.3,4,7,28,10,5,1.99,0.37,0.9908333333333332
3.7,1,8,28,10,5,1.68,0.96,1.00875
3.4,4,8,28,10,5,1.39,0.82,0.9979166666666668
35.9,1,9,28,10,5,0.56,0.37,1.02375
36.8,1,10,28,10,5,0.99,0.53,1.0229166666666667
21.9,4,11,28,10,5,0.51,0.93,1.0641666666666667
23.9,1,11,28,10,5,1.92,1.62,1.0691666666666668
14.6,1,12,28,10,5,1.74,0.55,1.1070833333333334
27.3,3,12,28,10,5,1.46,1.24,1.1370833333333332
18.0,1,13,28,10,5,1.96,1.6,1.1283333333333334
21.5,2,14,28,10,5,1.39,0.75,1.1529166666666668
33.9,1,15,28,10,5,1.34,0.61,1.1983333333333333
32.0,2,16,28,10,5,1.7,0.72,1.2449999999999999
-8.1,3,18,28,10,5,1.84,0.75,1.24875
31.5,2,19,28,10,5,0.84,1.58,1.25375
18.8,5,20,28,10,5,1.7,0.6,1.2954166666666667
9.3,4,20,28,10,5,1.6,0.58,1.3504166666666668
38.5,3,21,28,10,5,1.9,0.72,1.3733333333333333
25.9,4,21,28,10,5,1.27,1.77,1.3620833333333333
32.6,1,21,28,10,5,1.5,1.04,1.3341666666666667
21.7,2,1,29,10,6,0.37,1.07,1.3158333333333332
1.0,1,3,29,10,6,0.63,0.87,1.3525
5.1,5,4,29,10,6,1.75,0.43,1.36625
7.1,1,5,29,10,6,0.76,1.99,1.325
-3.6,4,5,29,10,6,1.0,1.68,1.3229166666666667
35.8,4,6,29,10,6,1.63,1.39,1.3466666666666667
28.7,5,6,29,10,6,1.96,0.56,1.3708333333333333
9.1,5,9,29,10,6,1.14,0.99,1.3425
20.3,4,10,29,10,6,0.31,0.51,1.37625
19.5,5,10,29,10,6,1.32,1.92,1.3229166666666667
8.2,1,12,29,10,6,0.64,1.74,1.3108333333333333
30.2,3,13,29,10,6,1.45,1.46,1.2883333333333333
34.1,4,15,29,10,6,0.92,1.96,1.2258333333333333
-4.4,2,15,29,10,6,0.46,1.39,1.2170833333333333
10.4,1,15,29,10,6,1.18,1.34,1.2083333333333333
20.3,4,16,29,10,6,1.13,1.7,1.1804166666666667
-0.4,1,18,29,10,6,1.03,1.84,1.1500000000000001
4.1,4,18,29,10,6,1.11,0.84,1.19125
5.9,4,18,29,10,6,1.83,1.7,1.1479166666666667
-5.3,2,21,29,10,6,0.66,1.6,1.1199999999999999
4.1,5,22,29,10,6,0.93,1.9,1.0995833333333334
22.2,1,22,29,10,6,1.41,1.27,1.1125
11.6,2,0,30,10,0,1.58,1.5,1.0604166666666668
13.3,5,0,30,10,0,0.25,0.37,1.0566666666666666
10.6,5,0,30,10,0,0.28,0.63,1.1033333333333333
30.5,1,0,30,10,0,1.75,1.75,1.0899999999999999
33.6,1,1,30,10,0,1.43,0.76,1.0999999999999999
3.0,2,1,30,10,0,1.0,1.0,1.0716666666666665
-2.3,4,2,30,10,0,0.32,1.63,1.0783333333333334
-7.0,5,2,30,10,0,1.79,1.96,1.0483333333333333
-5.0,5,3,30,10,0,1.24,1.14,1.0320833333333332
16.7,2,5,30,10,0,0.75,0.31,1.0783333333333334
-8.9,2,6,30,10,0,1.42,1.32,1.0629166666666667
15.9,1,8,30,10,0,0.95,0.64,1.0645833333333334
5.5,4,10,30,10,0,0.68,1.45,1.0675000000000001
14.7,2,10,30,10,0,1.52,0.92,1.0533333333333332
-0.7,2,13,30,10,0,0.58,0.46,1.0808333333333333
32.3,5,14,30,10,0,1.12,1.18,1.0579166666666666
33.1,2,16,30,10,0,0.63,1.13,1.0516666666666665
-5.8,5,16,30,10,0,0.98,1.03,1.0591666666666666
-8.3,2,17,30,10,0,1.21,1.11,1.05125
29.2,5,19,30,10,0,0.92,1.83,1.0066666666666666
12.2,2,19,30,10,0,0.76,0.66,0.9970833333333333
-3.8,4,22,30,10,0,0.43,0.93,0.9670833333333334
27.4,4,0,31,10,1,0.21,1.41,0.94875
-1.7,5,1,31,10,1,0.97,1.58,0.9316666666666666
27.2,5,1,31,10,1,1.17,0.25,0.98375
26.2,5,2,31,10,1,1.5,0.28,1.0112500000000002
17.9,2,2,31,10,1,0.94,1.75,0.9945833333333334
-7.3,5,3,31,10,1,1.35,1.43,0.9608333333333333
35.9,4,4,31,10,1,0.62,1.0,0.9441666666666667
32.6,5,4,31,10,1,0.6,0.32,0.9445833333333334
27.1,5,6,31,10,1,0.33,1.79,0.8795833333333333
17.3,3,8,31,10,1,0.23,1.24,0.9008333333333334
17.4,1,9,31,10,1,1.75,0.75,0.9354166666666667
7.7,2,9,31,10,1,1.58,1.42,0.9570833333333333
16.0,5,13,31,10,1,1.94,0.95,0.9320833333333334
26.8,5,14,31,10,1,0.35,0.68,0.9691666666666666
5.0,1,15,31,10,1,1.57,1.52,0.9320833333333334
30.6,3,17,31,10,1,0.63,0.58,0.9375000000000001
2.1,5,17,31,10,1,0.71,1.12,0.9641666666666667
14.7,2,18,31,10,1,1.76,0.63,0.9691666666666666
-7.5,1,19,31,10,1,0.75,0.98,0.9416666666666668
-9.0,5,19,31,10,1,0.32,1.21,0.9683333333333334
33.3,3,23,31,10,1,1.85,0.92,0.955
15.5,5,23,31,10,1,0.6,0.76,0.99625
13.8,5,1,1,11,2,1.75,0.43,1.0183333333333333
14.2,2,2,1,11,2,0.96,0.21,1.03125
24.4,4,3,1,11,2,0.52,0.97,1.0695833333333333
17.0,5,4,1,11,2,1.89,1.17,1.04375
37.1,5,5,1,11,2,0.55,1.5,1.0608333333333333
9.6,1,6,1,11,2,1.91,0.94,1.0654166666666667
15.2,4,6,1,11,2,1.05,1.35,1.07875
7.9,1,6,1,11,2,1.67,0.62,1.0816666666666668
-3.2,3,6,1,11,2,0.69,0.6,1.08
-8.9,4,6,1,11,2,0.56,0.33,1.08625
-2.8,2,7,1,11,2,0.48,0.23,1.1216666666666666
7.7,5,8,1,11,2,1.08,1.75,1.0695833333333333
30.3,3,8,1,11,2,0.5,1.58,1.0825
30.9,5,8,1,11,2,1.89,1.94,1.07125
26.6,3,10,1,11,2,1.67,0.35,1.0716666666666665
19.5,5,10,1,11,2,0.36,1.57,1.02125
28.0,4,11,1,11,2,0.36,0.63,1.0083333333333333
38.4,3,12,1,11,2,0.32,0.71,1.0445833333333332
29.7,4,13,1,11,2,1.58,1.76,0.9900000000000001
12.8,5,13,1,11,2,0.45,0.75,0.9916666666666667
12.3,4,15,1,11,2,0.79,0.32,1.02125
15.6,1,15,1,11,2,1.03,1.85,0.9533333333333333
6.2,3,15,1,11,2,0.22,0.6,0.99625
12.4,2,15,1,11,2,1.63,1.75,0.9754166666666667
6.8,5,16,1,11,2,1.25,0.96,1.0108333333333333
10.8,5,16,1,11,2,1.81,0.52,1.0554166666666667
-0.8,2,17,1,11,2,1.59,1.89,1.0316666666666665
29.1,4,17,1,11,2,1.32,0.55,1.0174999999999998
-2.2,5,18,1,11,2,0.21,1.91,0.9833333333333333
0.7,2,18,1,11,2,1.09,1.05,0.9987499999999999
1.9,3,18,1,11,2,1.42,1.67,0.9870833333333334
-9.4,5,19,1,11,2,1.39,0.69,1.03875
-9.0,2,19,1,11,2,1.93,0.56,1.0916666666666666
10.1,1,22,1,11,2,1.83,0.48,1.1545833333333333
7.4,5,22,1,11,2,1.99,1.08,1.1225
39.3,1,1,2,11,3,0.31,0.5,1.17125
0.3,2,1,2,11,3,1.67,1.89,1.1683333333333332
9.0,5,1,2,11,3,1.82,1.67,1.1575
25.6,4,1,2,11,3,1.41,0.36,1.2170833333333333
39.3,3,2,2,11,3,1.79,0.36,1.2108333333333332
7.1,5,2,2,11,3,0.21,0.32,1.265
2.9,2,2,2,11,3,1.62,1.58,1.2579166666666668
-7.7,3,3,2,11,3,1.41,0.45,1.3212499999999998
20.8,4,3,2,11,3,1.97,0.79,1.3308333333333333
29.4,3,5,2,11,3,1.02,1.03,1.3591666666666666
15.6,5,6,2,11,3,1.71,0.22,1.375
-8.8,3,6,2,11,3,0.6,1.63,1.3445833333333335
12.1,2,7,2,11,3,0.9,1.25,1.3275
35.6,4,7,2,11,3,0.84,1.81,1.3220833333333333
29.8,4,7,2,11,3,1.68,1.59,1.3033333333333332
5.4,4,8,2,11,3,1.14,1.32,1.29
-1.2,5,8,2,11,3,1.0,0.21,1.3016666666666667
36.8,2,8,2,11,3,0.49,1.09,1.3133333333333332
-3.4,1,9,2,11,3,1.37,1.42,1.3291666666666666
22.6,4,9,2,11,3,1.8,1.39,1.3258333333333334
34.7,1,9,2,11,3,1.31,1.93,1.2904166666666665
-6.6,4,10,2,11,3,1.08,1.83,1.2929166666666667
7.0,4,10,2,11,3,1.89,1.99,1.23125
21.5,5,10,2,11,3,0.51,0.31,1.2745833333333334
-6.0,3,11,2,11,3,1.35,1.67,1.2854166666666667
9.2,5,12,2,11,3,1.93,1.82,1.2304166666666667
-5.1,3,12,2,11,3,0.5,1.41,1.2275
3.9,5,12,2,11,3,1.34,1.79,1.1791666666666665
-3.8,5,13,2,11,3,0.63,0.21,1.1825
30.7,1,13,2,11,3,0.29,1.62,1.19125
39.8,4,13,2,11,3,1.83,1.41,1.1879166666666667
14.6,4,13,2,11,3,1.33,1.97,1.1387500000000002
6.6,1,15,2,11,3,0.79,1.02,1.1708333333333334
30.4,4,16,2,11,3,1.79,1.71,1.1387500000000002
1.2,1,16,2,11,3,0.94,0.6,1.1691666666666667
-2.5,4,17,2,11,3,1.33,0.9,1.1954166666666668
5.9,3,17,2,11,3,1.53,0.84,1.1879166666666667
4.3,2,18,2,11,3,0.66,1.68,1.195
6.6,1,18,2,11,3,1.85,1.14,1.1633333333333333
38.5,1,19,2,11,3,0.38,1.0,1.1529166666666668
-6.1,4,19,2,11,3,0.75,0.49,1.1566666666666665
5.8,1,19,2,11,3,0.58,1.37,1.1129166666666668
30.8,3,21,2,11,3,0.32,1.8,1.0533333333333335
5.8,5,23,2,11,3,0.37,1.31,1.0675
39.2,3,23,2,11,3,1.65,1.08,1.0529166666666667
3.8,2,23,2,11,3,0.73,1.89,1.0016666666666667
10.9,2,0,3,11,4,0.66,0.51,1.06125
36.9,5,0,3,11,4,1.94,1.35,1.0654166666666667
22.0,5,1,3,11,4,1.45,1.93,1.02
24.1,2,1,3,11,4,0.84,0.5,1.0395833333333333
-4.6,5,2,3,11,4,0.97,1.34,1.0129166666666667
8.7,2,3,3,11,4,0.7,0.63,1.0533333333333335
-8.8,2,4,3,11,4,1.6,0.29,1.06375
38.5,1,5,3,11,4,0.54,1.83,1.0366666666666668
-0.5,3,5,3,11,4,1.18,1.33,1.0325
0.0,4,6,3,11,4,1.23,0.79,1.0804166666666666
17.0,2,8,3,11,4,1.94,1.79,1.0841666666666667
16.3,5,9,3,11,4,1.88,0.94,1.0545833333333332
36.4,1,9,3,11,4,0.23,1.33,1.0645833333333334
26.3,3,11,3,11,4,1.57,1.53,1.0216666666666667
-4.1,2,11,3,11,4,0.5,0.66,1.0266666666666666
18.4,2,11,3,11,4,0.78,1.85,1.0116666666666665
32.3,1,12,3,11,4,1.49,0.38,1.0516666666666665
32.9,5,13,3,11,4,1.34,0.75,1.02875
-8.9,1,13,3,11,4,0.2,0.58,1.0191666666666668
26.0,5,14,3,11,4,0.35,0.32,1.0879166666666666
24.8,4,16,3,11,4,1.97,0.37,1.1395833333333334
-3.1,3,18,3,11,4,1.61,1.65,1.09375
31.5,5,20,3,11,4,0.55,0.73,1.14375
14.6,5,22,3,11,4,1.93,0.66,1.15375
29.1,2,0,4,11,5,0.9,1.94,1.1420833333333333
21.8,5,2,4,11,5,1.66,1.45,1.1483333333333334
0.5,5,4,4,11,5,1.6,0.84,1.1629166666666666
8.4,5,4,4,11,5,1.19,0.97,1.2033333333333334
20.1,3,4,4,11,5,1.94,0.7,1.1920833333333334
-2.5,4,5,4,11,5,0.43,1.6,1.1554166666666668
12.6,3,7,4,11,5,0.72,0.54,1.1616666666666666
6.0,5,7,4,11,5,0.69,1.18,1.1724999999999999
-7.2,1,8,4,11,5,1.44,1.23,1.1533333333333333
25.5,3,10,4,11,5,0.77,1.94,1.14375
-8.9,1,10,4,11,5,1.71,1.88,1.1145833333333333
25.9,3,10,4,11,5,1.18,0.23,1.14
-4.4,5,13,4,11,5,0.84,1.57,1.0958333333333334
0.2,4,14,4,11,5,0.51,0.5,1.1083333333333334
-2.3,2,15,4,11,5,0.8,0.78,1.1312499999999999
15.8,5,16,4,11,5,1.33,1.49,1.1216666666666668
20.0,3,17,4,11,5,1.26,1.34,1.1375
-6.6,3,18,4,11,5,1.72,0.2,1.1883333333333332
37.6,1,18,4,11,5,1.42,0.35,1.2075
21.6,3,19,4,11,5,0.81,1.97,1.1570833333333335
38.1,4,20,4,11,5,0.76,1.61,1.1416666666666666
16.4,5,20,4,11,5,1.24,0.55,1.14125
12.6,3,22,4,11,5,0.54,1.93,1.08875
22.1,3,23,4,11,5,0.67,0.9,1.0770833333333334
-9.5,1,0,5,11,6,0.62,1.66,1.0191666666666668
34.3,4,0,5,11,6,0.27,1.6,1.0141666666666664
-8.7,2,1,5,11,6,1.48,1.19,1.02375
26.7,2,1,5,11,6,1.42,1.94,0.9779166666666667
39.1,2,3,5,11,6,0.84,0.43,0.9916666666666667
1.5,5,4,5,11,6,0.76,0.72,1.0275
34.5,3,4,5,11,6,1.58,0.69,1.0216666666666667
-6.6,1,6,5,11,6,0.55,1.44,1.03875
5.8,3,6,5,11,6,1.85,0.77,1.0654166666666667
13.1,4,6,5,11,6,1.41,1.71,1.0445833333333334
39.7,4,7,5,11,6,1.21,1.18,1.04375
34.1,1,8,5,11,6,1.16,0.84,1.0875000000000001
-7.3,5,9,5,11,6,1.89,0.51,1.1225
24.9,3,9,5,11,6,1.35,0.8,1.1183333333333334
12.2,5,9,5,11,6,0.7,1.33,1.1020833333333333
11.8,1,12,5,11,6,0.94,1.26,1.1020833333333333
37.2,5,12,5,11,6,1.26,1.72,1.07375
24.6,1,12,5,11,6,1.04,1.42,1.0695833333333333
32.7,3,14,5,11,6,1.32,0.81,1.0883333333333334
35.8,1,15,5,11,6,1.26,0.76,1.1291666666666667
-0.6,4,15,5,11,6,1.74,1.24,1.10375
33.2,2,15,5,11,6,0.63,0.54,1.1329166666666668
-3.3,5,17,5,11,6,1.24,0.67,1.1491666666666667
8.4,1,17,5,11,6,1.06,0.62,1.1712500000000001
35.9,3,17,5,11,6,1.15,0.27,1.2058333333333333
8.6,4,19,5,11,6,1.1,1.48,1.1958333333333335
-5.9,4,20,5,11,6,1.24,1.42,1.1516666666666666
12.8,5,22,5,11,6,0.36,0.84,1.1829166666666666
27.7,4,22,5,11,6,1.59,0.76,1.2270833333333333
-8.0,1,0,6,11,0,1.82,1.58,1.2204166666666667
23.6,4,2,6,11,0,1.42,0.55,1.2362499999999998
8.5,2,4,6,11,0,0.93,1.85,1.1954166666666666
11.5,3,4,6,11,0,0.87,1.41,1.165
21.7,2,4,6,11,0,0.68,1.21,1.1479166666666667
35.0,1,4,6,11,0,0.8,1.16,1.13375
33.2,1,5,6,11,0,0.82,1.89,1.1225
-3.0,3,5,6,11,0,1.62,1.35,1.1245833333333333
30.1,2,5,6,11,0,1.4,0.7,1.1054166666666667
-0.5,4,6,6,11,0,0.24,0.94,1.1291666666666667
19.2,4,7,6,11,0,1.51,1.26,1.1175
38.6,1,8,6,11,0,0.98,1.04,1.1166666666666667
-10.0,2,11,6,11,0,1.02,1.32,1.1429166666666666
12.4,5,12,6,11,0,1.95,1.26,1.1441666666666668
15.8,3,13,6,11,0,1.29,1.74,1.0816666666666668
15.3,2,14,6,11,0,0.24,0.63,1.12125
21.4,2,15,6,11,0,1.58,1.24,1.1470833333333335
39.9,4,16,6,11,0,1.86,1.06,1.1625
