hour,day,weekday,month,lag_1,lag_24,rolling_mean_24
1,1,6,1,3.22,0.91,1.3170833333333338
2,1,6,1,4.01,1.19,1.367916666666667
3,1,6,1,2.41,2.81,1.2825000000000004
4,1,6,1,0.76,0.0,1.3625000000000005
5,1,6,1,1.92,0.0,1.3625000000000005
6,1,6,1,0.0,3.53,1.215416666666667
7,1,6,1,0.0,0.0,1.254166666666667
8,1,6,1,0.93,0.42,1.3720833333333335
9,1,6,1,3.25,0.0,1.5404166666666672
10,1,6,1,4.04,0.0,1.6320833333333338
11,1,6,1,2.2,3.76,1.6241666666666672
12,1,6,1,3.5700000000000003,1.74,1.551666666666667
13,1,6,1,0.0,2.74,1.4820833333333336
14,1,6,1,1.0699999999999998,0.0,1.504166666666667
15,1,6,1,0.53,0.0,1.5733333333333335
16,1,6,1,1.66,1.24,1.6533333333333335
17,1,6,1,3.16,0.63,1.6875000000000007
18,1,6,1,1.4500000000000002,0.47,1.6679166666666674
19,1,6,1,0.0,0.0,1.7495833333333337
20,1,6,1,1.96,0.0,1.7700000000000005
21,1,6,1,0.49,0.0,1.849583333333334
22,1,6,1,1.91,3.88,1.6879166666666672
23,1,6,1,0.0,1.97,1.6162500000000006
0,2,0,1,0.25,3.22,1.5854166666666671
1,2,0,1,2.48,4.01,1.4183333333333337
2,2,0,1,0.0,2.41,1.317916666666667
3,2,0,1,0.0,0.76,1.341666666666667
4,2,0,1,1.33,1.92,1.261666666666667
5,2,0,1,0.0,0.0,1.3116666666666672
6,2,0,1,1.2,0.0,1.4045833333333337
7,2,0,1,2.23,0.93,1.3658333333333337
8,2,0,1,0.0,3.25,1.3783333333333339
9,2,0,1,3.55,4.04,1.264166666666667
10,2,0,1,1.3,2.2,1.1950000000000003
11,2,0,1,0.54,3.5700000000000003,1.0612500000000002
12,2,0,1,0.36,0.0,1.159166666666667
13,2,0,1,2.35,1.0699999999999998,1.1575000000000004
14,2,0,1,1.03,0.53,1.1354166666666672
15,2,0,1,0.0,1.66,1.1737500000000003
16,2,0,1,2.58,3.16,1.0420833333333337
17,2,0,1,0.0,1.4500000000000002,1.045416666666667
18,2,0,1,1.53,0.0,1.1262500000000004
19,2,0,1,1.94,1.96,1.1179166666666671
20,2,0,1,1.7599999999999998,0.49,1.242916666666667
21,2,0,1,3.49,1.91,1.2495833333333335
22,2,0,1,2.07,0.0,1.2495833333333335
23,2,0,1,0.0,0.25,1.239166666666667
0,3,1,1,0.0,2.48,1.1358333333333335
1,3,1,1,0.0,0.0,1.1358333333333335
2,3,1,1,0.0,0.0,1.1358333333333335
3,3,1,1,0.0,1.33,1.080416666666667
4,3,1,1,0.0,0.0,1.251666666666667
5,3,1,1,4.11,1.2,1.3275000000000003
6,3,1,1,3.02,2.23,1.3570833333333336
7,3,1,1,2.94,0.0,1.3570833333333336
8,3,1,1,0.0,3.55,1.3183333333333336
9,3,1,1,2.62,1.3,1.3100000000000003
10,3,1,1,1.1,0.54,1.3570833333333336
11,3,1,1,1.67,0.36,1.4050000000000002
12,3,1,1,1.51,2.35,1.3570833333333336
13,3,1,1,1.2,1.03,1.3141666666666671
14,3,1,1,0.0,0.0,1.3141666666666671
15,3,1,1,0.0,2.58,1.281666666666667
16,3,1,1,1.8,0.0,1.3420833333333337
17,3,1,1,1.45,1.53,1.394583333333334
18,3,1,1,2.79,1.94,1.3137500000000004
19,3,1,1,0.0,1.7599999999999998,1.240416666666667
20,3,1,1,0.0,3.49,1.141666666666667
21,3,1,1,1.12,2.07,1.0554166666666671
22,3,1,1,0.0,0.0,1.0554166666666671
23,3,1,1,0.0,0.0,1.1187500000000004
0,4,2,1,1.52,0.0,1.2116666666666671
1,4,2,1,2.23,0.0,1.2220833333333336
2,4,2,1,0.25,0.0,1.3050000000000004
3,4,2,1,1.99,0.0,1.3050000000000004
4,4,2,1,0.0,4.11,1.1337500000000003
5,4,2,1,0.0,3.02,1.007916666666667
6,4,2,1,0.0,2.94,0.9195833333333336
7,4,2,1,0.82,0.0,1.0933333333333337
8,4,2,1,4.17,2.62,1.082916666666667
9,4,2,1,2.37,1.1,1.2100000000000004
10,4,2,1,4.15,1.67,1.2012500000000004
11,4,2,1,1.46,1.51,1.3187500000000003
12,4,2,1,4.33,1.2,1.2787500000000005
13,4,2,1,0.24,0.0,1.3820833333333338
14,4,2,1,2.48,0.0,1.444166666666667
15,4,2,1,1.49,1.8,1.429166666666667
16,4,2,1,1.44,1.45,1.4425000000000006
17,4,2,1,1.77,2.79,1.3412500000000003
18,4,2,1,0.36,0.0,1.3412500000000003
19,4,2,1,0.0,0.0,1.4212500000000003
20,4,2,1,1.92,1.12,1.479583333333334
21,4,2,1,2.52,0.0,1.479583333333334
22,4,2,1,0.0,0.0,1.479583333333334
23,4,2,1,0.0,1.52,1.4162500000000005
0,5,3,1,0.0,2.23,1.4337500000000005
1,5,3,1,2.65,0.25,1.4233333333333338
2,5,3,1,0.0,1.99,1.432916666666667
3,5,3,1,2.22,0.0,1.432916666666667
4,5,3,1,0.0,0.0,1.4995833333333337
5,5,3,1,1.6,0.0,1.532916666666667
6,5,3,1,0.8,0.82,1.542916666666667
7,5,3,1,1.06,4.17,1.4275000000000002
8,5,3,1,1.4,2.37,1.3287500000000003
9,5,3,1,0.0,4.15,1.2904166666666672
10,5,3,1,3.2300000000000004,1.46,1.2645833333333338
11,5,3,1,0.84,4.33,1.145416666666667
12,5,3,1,1.4700000000000002,0.24,1.1354166666666672
13,5,3,1,0.0,2.48,1.1083333333333336
14,5,3,1,1.83,1.49,1.0462500000000003
15,5,3,1,0.0,1.44,0.9862500000000004
16,5,3,1,0.0,1.77,0.9125000000000004
17,5,3,1,0.0,0.36,0.8975000000000004
18,5,3,1,0.0,0.0,0.8975000000000004
19,5,3,1,0.0,1.92,0.8525000000000004
20,5,3,1,0.84,2.52,0.7475000000000004
21,5,3,1,0.0,0.0,0.7475000000000004
22,5,3,1,0.0,0.0,0.8387500000000004
23,5,3,1,2.19,0.0,0.9312500000000004
0,6,4,1,2.22,2.65,0.8208333333333337
1,6,4,1,0.0,0.0,0.8208333333333337
2,6,4,1,0.0,2.22,0.8687500000000004
3,6,4,1,3.37,0.0,0.8687500000000004
4,6,4,1,0.0,1.6,0.8662500000000004
5,6,4,1,1.54,0.8,0.8854166666666671
6,6,4,1,1.26,1.06,0.9700000000000003
7,6,4,1,3.09,1.4,0.9116666666666671
8,6,4,1,0.0,0.0,1.1041666666666672
9,6,4,1,4.62,3.2300000000000004,0.9695833333333338
10,6,4,1,0.0,0.84,1.1220833333333338
11,6,4,1,4.5,1.4700000000000002,1.1837500000000005
12,6,4,1,2.95,0.0,1.2220833333333339
13,6,4,1,0.92,1.83,1.1458333333333337
14,6,4,1,0.0,0.0,1.1458333333333337
15,6,4,1,0.0,0.0,1.161666666666667
16,6,4,1,0.38,0.0,1.2175000000000005
17,6,4,1,1.34,0.0,1.2175000000000005
18,6,4,1,0.0,0.0,1.296666666666667
19,6,4,1,1.9,0.84,1.2737500000000004
20,6,4,1,0.29,0.0,1.3512500000000003
21,6,4,1,1.86,0.0,1.3512500000000003
22,6,4,1,0.0,2.19,1.3666666666666671
23,6,4,1,2.56,2.22,1.2741666666666671
0,7,5,1,0.0,0.0,1.3862500000000004
1,7,5,1,2.69,0.0,1.4350000000000005
2,7,5,1,1.17,3.37,1.349166666666667
3,7,5,1,1.31,0.0,1.437916666666667
4,7,5,1,2.13,1.54,1.425416666666667
5,7,5,1,1.24,1.26,1.489166666666667
6,7,5,1,2.79,3.09,1.3845833333333335
7,7,5,1,0.58,0.0,1.3845833333333335
8,7,5,1,0.0,4.62,1.3408333333333335
9,7,5,1,3.5700000000000003,0.0,1.4983333333333337
10,7,5,1,3.78,4.5,1.4137500000000003
11,7,5,1,2.47,2.95,1.3583333333333336
12,7,5,1,1.62,0.92,1.3341666666666672
13,7,5,1,0.34,0.0,1.3895833333333336
14,7,5,1,1.33,0.0,1.546666666666667
15,7,5,1,3.77,0.38,1.5987500000000001
16,7,5,1,1.63,1.34,1.542916666666667
17,7,5,1,0.0,0.0,1.6325000000000005
18,7,5,1,2.15,1.9,1.685833333333334
19,7,5,1,3.18,0.29,1.6737500000000007
20,7,5,1,0.0,1.86,1.6329166666666668
21,7,5,1,0.88,0.0,1.7245833333333336
22,7,5,1,2.2,2.56,1.801666666666667
23,7,5,1,4.41,0.0,1.9062500000000007
0,8,6,1,2.51,2.69,1.7941666666666671
1,8,6,1,0.0,1.17,1.756666666666667
2,8,6,1,0.27,1.31,1.7020833333333336
3,8,6,1,0.0,2.13,1.645416666666667
4,8,6,1,0.77,1.24,1.5937500000000007
5,8,6,1,0.0,2.79,1.5137500000000002
6,8,6,1,0.87,0.58,1.4895833333333337
7,8,6,1,0.0,0.0,1.652916666666667
8,8,6,1,3.92,3.5700000000000003,1.5312500000000002
9,8,6,1,0.65,3.78,1.430416666666667
10,8,6,1,1.36,2.47,1.3275000000000003
11,8,6,1,0.0,1.62,1.2600000000000005
12,8,6,1,0.0,0.34,1.2458333333333338
13,8,6,1,0.0,1.33,1.190416666666667
14,8,6,1,0.0,3.77,1.1041666666666672
15,8,6,1,1.7,1.63,1.1075000000000004
16,8,6,1,1.71,0.0,1.2012500000000004
17,8,6,1,2.25,2.15,1.111666666666667
18,8,6,1,0.0,3.18,1.0620833333333337
19,8,6,1,1.99,0.0,1.1933333333333336
20,8,6,1,3.15,0.88,1.2200000000000004
21,8,6,1,1.52,2.2,1.1283333333333336
22,8,6,1,0.0,4.41,0.9445833333333337
23,8,6,1,0.0,2.51,0.8850000000000003
0,9,0,1,1.08,0.0,1.034166666666667
1,9,0,1,3.58,0.27,1.1487500000000004
2,9,0,1,3.02,0.0,1.250416666666667
3,9,0,1,2.44,0.77,1.2937500000000004
4,9,0,1,1.81,0.0,1.3054166666666671
5,9,0,1,0.28,0.87,1.4033333333333335
6,9,0,1,3.22,0.0,1.4033333333333335
7,9,0,1,0.0,3.92,1.2629166666666671
8,9,0,1,0.55,0.65,1.2970833333333336
9,9,0,1,1.47,1.36,1.240416666666667
10,9,0,1,0.0,0.0,1.240416666666667
11,9,0,1,0.0,0.0,1.2887500000000003
12,9,0,1,1.16,0.0,1.314166666666667
13,9,0,1,0.61,0.0,1.314166666666667
14,9,0,1,0.0,1.7,1.315416666666667
15,9,0,1,1.73,1.71,1.2441666666666669
16,9,0,1,0.0,2.25,1.160416666666667
17,9,0,1,0.24,0.0,1.160416666666667
18,9,0,1,0.0,1.99,1.0775000000000003
19,9,0,1,0.0,3.15,0.9462500000000004
20,9,0,1,0.0,1.52,0.9550000000000004
21,9,0,1,1.73,0.0,0.9550000000000004
22,9,0,1,0.0,0.0,0.9666666666666669
23,9,0,1,0.28,1.08,0.9895833333333338
0,10,1,1,1.63,3.58,0.8841666666666669
1,10,1,1,1.05,3.02,0.8483333333333336
2,10,1,1,2.16,2.44,0.805416666666667
3,10,1,1,1.41,1.81,0.8500000000000004
4,10,1,1,2.88,0.28,0.9670833333333338
5,10,1,1,3.09,3.22,0.8329166666666671
6,10,1,1,0.0,0.0,0.8329166666666671
7,10,1,1,0.0,0.55,0.8100000000000004
8,10,1,1,0.0,1.47,0.766666666666667
9,10,1,1,0.43,0.0,0.8191666666666669
10,10,1,1,1.26,0.0,0.8495833333333337
11,10,1,1,0.73,1.16,0.8170833333333337
12,10,1,1,0.38,0.61,0.7916666666666671
13,10,1,1,0.0,0.0,0.7916666666666671
14,10,1,1,0.0,1.73,0.745416666666667
15,10,1,1,0.62,0.0,0.7537500000000003
16,10,1,1,0.2,0.24,0.7437500000000004
17,10,1,1,0.0,0.0,0.7983333333333338
18,10,1,1,1.31,0.0,0.8445833333333338
19,10,1,1,1.11,0.0,0.9208333333333337
20,10,1,1,1.83,1.73,0.8487500000000004
21,10,1,1,0.0,0.0,0.8758333333333338
22,10,1,1,0.65,0.28,0.8925000000000004
23,10,1,1,0.68,1.63,0.9370833333333337
0,11,2,1,2.7,1.05,0.8933333333333336
1,11,2,1,0.0,2.16,0.8033333333333337
2,11,2,1,0.0,1.41,0.8137500000000003
3,11,2,1,1.66,2.88,0.7412500000000004
4,11,2,1,1.14,3.09,0.6125000000000004
5,11,2,1,0.0,0.0,0.6437500000000004
6,11,2,1,0.75,0.0,0.6604166666666671
7,11,2,1,0.4,0.0,0.681666666666667
8,11,2,1,0.51,0.43,0.6637500000000004
9,11,2,1,0.0,1.26,0.6750000000000004
10,11,2,1,1.53,0.73,0.679166666666667
11,11,2,1,0.83,0.38,0.7337500000000005
12,11,2,1,1.69,0.0,0.8550000000000004
13,11,2,1,2.91,0.0,0.9070833333333338
14,11,2,1,1.25,0.62,0.9962500000000003
15,11,2,1,2.76,0.2,1.0625000000000002
16,11,2,1,1.79,0.0,1.0625000000000002
17,11,2,1,0.0,1.31,1.0745833333333337
18,11,2,1,1.6,1.11,1.1395833333333336
19,11,2,1,2.67,1.83,1.0633333333333337
20,11,2,1,0.0,0.0,1.0633333333333337
21,11,2,1,0.0,0.65,1.0362500000000006
22,11,2,1,0.0,0.68,1.0079166666666672
23,11,2,1,0.0,2.7,0.9650000000000003
0,12,3,1,1.67,0.0,1.0433333333333337
1,12,3,1,1.88,0.0,1.0433333333333337
2,12,3,1,0.0,1.66,0.974166666666667
3,12,3,1,0.0,1.14,0.992916666666667
4,12,3,1,1.59,0.0,0.9929166666666669
5,12,3,1,0.0,0.75,0.972916666666667
6,12,3,1,0.27,0.4,0.9562500000000004
7,12,3,1,0.0,0.51,0.9350000000000005
8,12,3,1,0.0,0.0,1.0104166666666672
9,12,3,1,1.81,1.53,0.9466666666666671
10,12,3,1,0.0,0.83,0.9412500000000003
11,12,3,1,0.7,1.69,0.9395833333333338
12,12,3,1,1.65,2.91,0.8183333333333337
13,12,3,1,0.0,1.25,0.8416666666666671
14,12,3,1,1.81,2.76,0.726666666666667
15,12,3,1,0.0,1.79,0.6520833333333337
16,12,3,1,0.0,0.0,0.6520833333333337
17,12,3,1,0.0,1.6,0.6595833333333337
18,12,3,1,1.7799999999999998,2.67,0.6354166666666671
19,12,3,1,2.09,0.0,0.6650000000000004
20,12,3,1,0.71,0.0,0.7583333333333337
21,12,3,1,2.24,0.0,0.8095833333333338
22,12,3,1,1.23,0.0,0.851666666666667
23,12,3,1,1.01,1.67,0.8504166666666669
0,13,4,1,1.64,1.88,0.7720833333333337
1,13,4,1,0.0,0.0,0.8500000000000004
2,13,4,1,1.87,0.0,0.8837500000000004
3,13,4,1,0.81,1.59,0.8175000000000003
4,13,4,1,0.0,0.0,0.885416666666667
5,13,4,1,1.63,0.27,0.874166666666667
6,13,4,1,0.0,0.0,0.874166666666667
7,13,4,1,0.0,0.0,1.0187500000000005
8,13,4,1,3.47,1.81,1.0712500000000005
9,13,4,1,3.0700000000000003,0.0,1.1275000000000004
10,13,4,1,1.35,0.7,1.135416666666667
11,13,4,1,0.89,1.65,1.066666666666667
12,13,4,1,0.0,0.0,1.066666666666667
13,13,4,1,0.0,1.81,0.9912500000000004
14,13,4,1,0.0,0.0,1.0583333333333338
15,13,4,1,1.61,0.0,1.0583333333333338
16,13,4,1,0.0,0.0,1.1600000000000004
17,13,4,1,2.44,1.7799999999999998,1.1995833333333337
18,13,4,1,2.73,2.09,1.1450000000000005
19,13,4,1,0.78,0.71,1.1154166666666672
20,13,4,1,0.0,2.24,1.0695833333333338
21,13,4,1,1.14,1.23,1.0183333333333338
22,13,4,1,0.0,1.01,0.9762500000000003
23,13,4,1,0.0,1.64,0.9079166666666669
0,14,5,1,0.0,0.0,1.0083333333333335
1,14,5,1,2.41,1.87,0.9787500000000003
2,14,5,1,1.16,0.81,0.9741666666666671
3,14,5,1,0.7,0.0,1.0325000000000004
4,14,5,1,1.4,1.63,1.1383333333333336
5,14,5,1,4.17,0.0,1.2458333333333338
6,14,5,1,2.58,0.0,1.310416666666667
7,14,5,1,1.55,3.47,1.2575000000000005
8,14,5,1,2.2,3.0700000000000003,1.2716666666666672
9,14,5,1,3.41,1.35,1.2316666666666671
10,14,5,1,0.39,0.89,1.364166666666667
11,14,5,1,4.07,0.0,1.469166666666667
12,14,5,1,2.52,0.0,1.636666666666667
13,14,5,1,4.02,0.0,1.636666666666667
14,14,5,1,0.0,1.61,1.7762500000000003
15,14,5,1,4.96,0.0,1.8375000000000004
16,14,5,1,1.47,2.44,1.7800000000000005
17,14,5,1,1.06,2.73,1.6662500000000005
18,14,5,1,0.0,0.78,1.737916666666667
19,14,5,1,2.5,0.0,1.7962500000000003
20,14,5,1,1.4,1.14,1.8695833333333338
21,14,5,1,2.9,0.0,1.8695833333333338
22,14,5,1,0.0,0.0,1.8695833333333338
23,14,5,1,0.0,0.0,1.9400000000000004
0,15,6,1,1.69,2.41,1.917083333333334
1,15,6,1,1.86,1.16,1.9100000000000004
2,15,6,1,0.99,0.7,1.8808333333333336
3,15,6,1,0.0,1.4,1.8420833333333337
4,15,6,1,0.47,4.17,1.737916666666667
5,15,6,1,1.67,2.58,1.7116666666666671
6,15,6,1,1.95,1.55,1.6683333333333337
7,15,6,1,0.51,2.2,1.576666666666667
8,15,6,1,0.0,3.41,1.5216666666666672
9,15,6,1,2.09,0.39,1.505416666666667
10,15,6,1,0.0,4.07,1.3358333333333334
11,15,6,1,0.0,2.52,1.2308333333333337
12,15,6,1,0.0,4.02,1.0633333333333337
13,15,6,1,0.0,0.0,1.1525000000000005
14,15,6,1,2.14,4.96,1.0808333333333338
15,15,6,1,3.24,1.47,1.0758333333333336
16,15,6,1,1.35,1.06,1.1983333333333337
17,15,6,1,4.0,0.0,1.1983333333333337
18,15,6,1,0.0,2.5,1.1379166666666671
19,15,6,1,1.05,1.4,1.1837500000000005
20,15,6,1,2.5,2.9,1.062916666666667
21,15,6,1,0.0,0.0,1.062916666666667
22,15,6,1,0.0,0.0,1.270416666666667
23,15,6,1,4.98,1.69,1.3725000000000005
0,16,0,1,4.140000000000001,1.86,1.2950000000000004
1,16,0,1,0.0,0.99,1.432916666666667
2,16,0,1,4.3,0.0,1.432916666666667
3,16,0,1,0.0,0.47,1.4133333333333338
4,16,0,1,0.0,1.67,1.355416666666667
5,16,0,1,0.28,1.95,1.2741666666666671
6,16,0,1,0.0,0.51,1.252916666666667
7,16,0,1,0.0,0.0,1.320416666666667
8,16,0,1,1.62,2.09,1.3095833333333335
9,16,0,1,1.83,0.0,1.4004166666666669
10,16,0,1,2.18,0.0,1.475416666666667
11,16,0,1,1.8,0.0,1.8075000000000003
12,16,0,1,7.97,0.0,1.8800000000000001
13,16,0,1,1.74,2.14,1.7908333333333335
14,16,0,1,0.0,3.24,1.6558333333333337
15,16,0,1,0.0,1.35,1.5995833333333336
16,16,0,1,0.0,4.0,1.4991666666666672
17,16,0,1,1.59,0.0,1.6362500000000004
18,16,0,1,3.29,1.05,1.6662500000000005
19,16,0,1,1.77,2.5,1.5620833333333337
20,16,0,1,0.0,0.0,1.5620833333333337
21,16,0,1,0.0,0.0,1.5870833333333334
22,16,0,1,0.6,4.98,1.5225000000000006
23,16,0,1,3.43,4.140000000000001,1.3500000000000005
0,17,1,1,0.0,0.0,1.3583333333333336
1,17,1,1,0.2,4.3,1.224166666666667
2,17,1,1,1.08,0.0,1.424166666666667
3,17,1,1,4.8,0.0,1.424166666666667
4,17,1,1,0.0,0.28,1.4495833333333337
5,17,1,1,0.89,0.0,1.4495833333333337
6,17,1,1,0.0,0.0,1.4937500000000004
7,17,1,1,1.06,1.62,1.526666666666667
8,17,1,1,2.41,1.83,1.4504166666666671
9,17,1,1,0.0,2.18,1.3595833333333338
10,17,1,1,0.0,1.8,1.2845833333333336
11,17,1,1,0.0,7.97,0.9525000000000005
12,17,1,1,0.0,1.74,0.9287500000000004
13,17,1,1,1.17,0.0,0.9679166666666671
14,17,1,1,0.94,0.0,1.0125000000000004
15,17,1,1,1.07,0.0,1.0725000000000005
16,17,1,1,1.44,1.59,1.0062500000000003
17,17,1,1,0.0,3.29,0.869166666666667
18,17,1,1,0.0,1.77,0.8045833333333338
19,17,1,1,0.22,0.0,0.885416666666667
20,17,1,1,1.94,0.0,0.9379166666666671
21,17,1,1,1.26,0.6,0.9775000000000005
22,17,1,1,1.55,3.43,0.8812500000000002
23,17,1,1,1.12,0.0,0.8812500000000002
0,18,2,1,0.0,0.2,0.9312500000000004
1,18,2,1,1.4,1.08,1.006666666666667
2,18,2,1,2.89,4.8,0.8850000000000003
3,18,2,1,1.88,0.0,0.8850000000000003
4,18,2,1,0.0,0.89,0.976666666666667
5,18,2,1,3.09,0.0,0.987916666666667
6,18,2,1,0.27,1.06,0.9437500000000004
7,18,2,1,0.0,2.41,0.8933333333333336
8,18,2,1,1.2,0.0,0.981666666666667
9,18,2,1,2.12,0.0,0.981666666666667
10,18,2,1,0.0,0.0,0.981666666666667
11,18,2,1,0.0,0.0,0.981666666666667
12,18,2,1,0.0,1.17,1.0133333333333336
13,18,2,1,1.93,0.94,1.1462500000000004
14,18,2,1,4.13,1.07,1.101666666666667
15,18,2,1,0.0,1.44,1.041666666666667
16,18,2,1,0.0,0.0,1.041666666666667
17,18,2,1,0.0,0.0,1.1225000000000003
18,18,2,1,1.94,0.22,1.1133333333333337
19,18,2,1,0.0,1.94,1.0325000000000004
20,18,2,1,0.0,1.26,0.9800000000000004
21,18,2,1,0.0,1.55,0.9154166666666671
22,18,2,1,0.0,1.12,0.9950000000000004
23,18,2,1,3.03,0.0,0.9950000000000004
0,19,3,1,0.0,1.4,0.9366666666666671
1,19,3,1,0.0,2.89,0.8162500000000005
2,19,3,1,0.0,1.88,0.8166666666666669
3,19,3,1,1.89,0.0,0.8729166666666671
4,19,3,1,1.35,3.09,0.8058333333333336
5,19,3,1,1.48,0.27,0.8350000000000003
6,19,3,1,0.97,0.0,0.8350000000000003
7,19,3,1,0.0,1.2,0.859166666666667
8,19,3,1,1.78,2.12,0.7708333333333336
9,19,3,1,0.0,0.0,0.7708333333333336
10,19,3,1,0.0,0.0,0.7708333333333336
11,19,3,1,0.0,0.0,0.7708333333333336
12,19,3,1,0.0,1.93,0.690416666666667
13,19,3,1,0.0,4.13,0.5491666666666669
14,19,3,1,0.74,0.0,0.589166666666667
15,19,3,1,0.96,0.0,0.589166666666667
16,19,3,1,0.0,0.0,0.6445833333333336
17,19,3,1,1.33,1.94,0.6645833333333336
18,19,3,1,2.42,0.0,0.6645833333333336
19,19,3,1,0.0,0.0,0.7337500000000002
20,19,3,1,1.66,0.0,0.7750000000000004
21,19,3,1,0.99,0.0,0.7750000000000004
22,19,3,1,0.0,3.03,0.695416666666667
23,19,3,1,1.12,0.0,0.814166666666667
0,20,4,1,2.85,0.0,0.814166666666667
1,20,4,1,0.0,0.0,0.9183333333333338
2,20,4,1,2.5,1.89,0.8754166666666671
3,20,4,1,0.86,1.35,0.8191666666666672
4,20,4,1,0.0,1.48,0.8108333333333338
5,20,4,1,1.28,0.97,0.8458333333333337
6,20,4,1,1.81,0.0,0.9062500000000003
7,20,4,1,1.45,1.78,0.8812500000000004
8,20,4,1,1.18,0.0,0.8812500000000004
9,20,4,1,0.0,0.0,0.9016666666666672
10,20,4,1,0.49,0.0,0.9562500000000004
11,20,4,1,1.31,0.0,0.9562500000000004
12,20,4,1,0.0,0.0,0.9895833333333338
13,20,4,1,0.8,0.74,1.0025000000000004
14,20,4,1,1.05,0.96,1.1470833333333337
15,20,4,1,4.43,0.0,1.209166666666667
16,20,4,1,1.49,1.33,1.2408333333333337
17,20,4,1,2.09,2.42,1.185416666666667
18,20,4,1,1.09,0.0,1.3041666666666671
19,20,4,1,2.85,1.66,1.2350000000000005
20,20,4,1,0.0,0.99,1.1937500000000003
21,20,4,1,0.0,0.0,1.3383333333333338
22,20,4,1,3.47,1.12,1.3925000000000003
23,20,4,1,2.42,2.85,1.3025000000000004
0,21,5,1,0.69,0.0,1.3595833333333338
1,21,5,1,1.37,2.5,1.3758333333333337
2,21,5,1,2.89,0.86,1.3400000000000005
3,21,5,1,0.0,0.0,1.3400000000000005
4,21,5,1,0.0,1.28,1.316666666666667
5,21,5,1,0.72,1.81,1.280416666666667
6,21,5,1,0.94,1.45,1.2200000000000004
7,21,5,1,0.0,1.18,1.1708333333333336
8,21,5,1,0.0,0.0,1.1708333333333336
9,21,5,1,0.0,0.49,1.1737500000000003
10,21,5,1,0.56,1.31,1.1987500000000002
11,21,5,1,1.91,0.0,1.280416666666667
12,21,5,1,1.96,0.8,1.2470833333333338
13,21,5,1,0.0,1.05,1.2687500000000005
14,21,5,1,1.57,4.43,1.107916666666667
15,21,5,1,0.57,1.49,1.0458333333333336
16,21,5,1,0.0,2.09,0.9587500000000003
17,21,5,1,0.0,1.09,0.9133333333333337
18,21,5,1,0.0,2.85,0.7945833333333336
19,21,5,1,0.0,0.0,0.8912500000000003
20,21,5,1,2.32,0.0,0.8912500000000003
21,21,5,1,0.0,3.47,0.746666666666667
22,21,5,1,0.0,2.42,0.6458333333333337
23,21,5,1,0.0,0.69,0.6170833333333338
0,22,6,1,0.0,1.37,0.5600000000000004
1,22,6,1,0.0,2.89,0.5183333333333336
2,22,6,1,1.89,0.0,0.5183333333333336
3,22,6,1,0.0,0.0,0.601666666666667
4,22,6,1,2.0,0.72,0.5716666666666671
5,22,6,1,0.0,0.94,0.730416666666667
6,22,6,1,4.75,0.0,0.8587500000000005
7,22,6,1,3.08,0.0,0.9408333333333337
8,22,6,1,1.97,0.0,1.056666666666667
9,22,6,1,2.78,0.56,1.0908333333333338
10,22,6,1,1.38,1.91,1.0112500000000004
11,22,6,1,0.0,1.96,0.9295833333333338
12,22,6,1,0.0,0.0,0.9295833333333338
13,22,6,1,0.0,1.57,0.9350000000000004
14,22,6,1,1.7,0.57,0.9737500000000003
15,22,6,1,1.5,0.0,0.9829166666666671
16,22,6,1,0.22,0.0,0.9829166666666671
17,22,6,1,0.0,0.0,1.0770833333333336
18,22,6,1,2.26,0.0,1.0975000000000004
19,22,6,1,0.49,2.32,1.0008333333333337
20,22,6,1,0.0,0.0,1.066666666666667
21,22,6,1,1.58,0.0,1.129166666666667
22,22,6,1,1.5,0.0,1.227916666666667
23,22,6,1,2.37,0.0,1.2858333333333338
0,23,0,1,1.39,0.0,1.3654166666666672
1,23,0,1,1.91,1.89,1.2970833333333338
2,23,0,1,0.25,0.0,1.3208333333333335
3,23,0,1,0.57,2.0,1.269166666666667
4,23,0,1,0.76,0.0,1.299166666666667
5,23,0,1,0.72,4.75,1.2429166666666671
6,23,0,1,3.4,3.08,1.1837500000000005
7,23,0,1,1.66,1.97,1.144166666666667
8,23,0,1,1.02,2.78,1.0720833333333337
9,23,0,1,1.05,1.38,1.0145833333333336
10,23,0,1,0.0,0.0,1.134166666666667
11,23,0,1,2.87,0.0,1.230416666666667
12,23,0,1,2.31,0.0,1.2612500000000002
13,23,0,1,0.74,1.7,1.2462500000000003
14,23,0,1,1.34,1.5,1.2208333333333337
15,23,0,1,0.89,0.22,1.3908333333333338
16,23,0,1,4.3,0.0,1.5075000000000003
17,23,0,1,2.8,2.26,1.4770833333333337
18,23,0,1,1.53,0.49,1.517916666666667
19,23,0,1,1.47,0.0,1.5595833333333335
20,23,0,1,1.0,1.58,1.6087500000000006
21,23,0,1,2.76,1.5,1.644583333333334
22,23,0,1,2.36,2.37,1.572916666666667
23,23,0,1,0.65,1.39,1.6008333333333333
0,24,1,1,2.06,1.91,1.562916666666667
1,24,1,1,1.0,0.25,1.6958333333333337
2,24,1,1,3.44,0.57,1.6720833333333338
3,24,1,1,0.0,0.76,1.6800000000000004
4,24,1,1,0.95,0.72,1.699583333333334
5,24,1,1,1.19,3.4,1.620416666666667
6,24,1,1,1.5,1.66,1.5512500000000005
7,24,1,1,0.0,1.02,1.5087500000000003
8,24,1,1,0.0,1.05,1.590416666666667
9,24,1,1,3.01,0.0,1.6987500000000004
10,24,1,1,2.6,2.87,1.5987500000000006
11,24,1,1,0.47,2.31,1.6320833333333338
12,24,1,1,3.11,0.74,1.6687500000000002
13,24,1,1,1.62,1.34,1.627916666666667
14,24,1,1,0.36,0.89,1.5908333333333335
15,24,1,1,0.0,4.3,1.4808333333333337
16,24,1,1,1.66,2.8,1.364166666666667
17,24,1,1,0.0,1.53,1.347916666666667
18,24,1,1,1.14,1.47,1.435416666666667
19,24,1,1,3.5700000000000003,1.0,1.3937500000000005
20,24,1,1,0.0,2.76,1.329166666666667
21,24,1,1,1.21,2.36,1.2633333333333336
22,24,1,1,0.78,0.65,1.2362500000000003
23,24,1,1,0.0,2.06,1.150416666666667
0,25,2,1,0.0,1.0,1.2287500000000005
1,25,2,1,2.88,3.44,1.085416666666667
2,25,2,1,0.0,0.0,1.1912500000000004
3,25,2,1,2.54,0.95,1.1808333333333338
4,25,2,1,0.7,1.19,1.2725000000000002
5,25,2,1,3.39,1.5,1.2100000000000002
6,25,2,1,0.0,0.0,1.2637500000000004
7,25,2,1,1.29,0.0,1.2908333333333337
8,25,2,1,0.65,3.01,1.165416666666667
9,25,2,1,0.0,2.6,1.1804166666666671
10,25,2,1,2.96,0.47,1.1608333333333338
11,25,2,1,0.0,3.11,1.053333333333334
12,25,2,1,0.53,1.62,1.0650000000000004
13,25,2,1,1.9,0.36,1.1687500000000004
14,25,2,1,2.85,0.0,1.2912500000000005
15,25,2,1,2.94,1.66,1.2220833333333336
16,25,2,1,0.0,0.0,1.2220833333333336
17,25,2,1,0.0,1.14,1.1962500000000003
18,25,2,1,0.52,3.5700000000000003,1.0825000000000002
19,25,2,1,0.84,0.0,1.152916666666667
20,25,2,1,1.69,1.21,1.1500000000000004
21,25,2,1,1.14,0.78,1.1908333333333336
22,25,2,1,1.76,0.0,1.319166666666667
23,25,2,1,3.08,0.0,1.319166666666667
0,26,3,1,0.0,2.88,1.199166666666667
1,26,3,1,0.0,0.0,1.2412500000000002
2,26,3,1,1.01,2.54,1.1595833333333336
3,26,3,1,0.58,0.7,1.130416666666667
4,26,3,1,0.0,3.39,1.010416666666667
5,26,3,1,0.51,0.0,1.054166666666667
6,26,3,1,1.0499999999999998,1.29,1.000416666666667
7,26,3,1,0.0,0.65,1.0012500000000004
8,26,3,1,0.67,0.0,1.069166666666667
9,26,3,1,1.63,2.96,0.9658333333333338
10,26,3,1,0.48,0.0,0.9658333333333338
11,26,3,1,0.0,0.53,1.0016666666666671
12,26,3,1,1.39,1.9,0.9741666666666671
13,26,3,1,1.24,2.85,0.887916666666667
14,26,3,1,0.78,2.94,0.7808333333333336
15,26,3,1,0.37,0.0,0.8537500000000002
16,26,3,1,1.75,0.0,0.8637500000000004
17,26,3,1,0.24,0.52,0.8962500000000003
18,26,3,1,1.3,0.84,0.9195833333333336
19,26,3,1,1.4,1.69,0.8491666666666671
20,26,3,1,0.0,1.14,0.8016666666666671
21,26,3,1,0.0,1.76,0.8750000000000003
22,26,3,1,3.5200000000000005,3.08,0.8995833333333337
23,26,3,1,3.67,0.0,1.0212500000000004
0,27,4,1,2.92,0.0,1.0487500000000003
1,27,4,1,0.66,1.01,1.006666666666667
2,27,4,1,0.0,0.58,1.1179166666666671
3,27,4,1,3.25,0.0,1.1370833333333337
4,27,4,1,0.46,0.51,1.195416666666667
5,27,4,1,1.91,1.0499999999999998,1.2633333333333336
6,27,4,1,2.68,0.0,1.4087500000000004
7,27,4,1,3.49,0.67,1.3808333333333336
8,27,4,1,0.0,1.63,1.3129166666666672
9,27,4,1,0.0,0.48,1.5387500000000003
10,27,4,1,5.9,0.0,1.6087500000000006
11,27,4,1,1.68,1.39,1.550833333333334
12,27,4,1,0.0,1.24,1.621666666666667
13,27,4,1,2.94,0.78,1.679166666666667
14,27,4,1,2.16,0.37,1.7900000000000003
15,27,4,1,3.03,1.75,1.7170833333333337
16,27,4,1,0.0,0.24,1.7183333333333337
17,27,4,1,0.27,1.3,1.752916666666667
18,27,4,1,2.13,1.4,1.7725000000000006
19,27,4,1,1.87,0.0,1.8512500000000005
20,27,4,1,1.89,0.0,1.9533333333333338
21,27,4,1,2.45,3.5200000000000005,1.8858333333333335
22,27,4,1,1.9,3.67,1.8325000000000002
23,27,4,1,2.39,2.92,1.8216666666666672
0,28,5,1,2.66,0.66,1.7941666666666671
1,28,5,1,0.0,0.0,1.872916666666667
2,28,5,1,1.89,3.25,1.7375000000000005
3,28,5,1,0.0,0.46,1.7995833333333335
4,28,5,1,1.95,1.91,1.7200000000000004
5,28,5,1,0.0,2.68,1.693333333333334
6,28,5,1,2.04,3.49,1.5479166666666668
7,28,5,1,0.0,0.0,1.6950000000000003
8,28,5,1,3.53,0.0,1.6950000000000003
9,28,5,1,0.0,5.9,1.4866666666666672
10,28,5,1,0.9,1.68,1.4758333333333338
11,28,5,1,1.42,0.0,1.4758333333333338
12,28,5,1,0.0,2.94,1.4895833333333337
13,28,5,1,3.2700000000000005,2.16,1.3995833333333338
14,28,5,1,0.0,3.03,1.2970833333333338
15,28,5,1,0.57,0.0,1.3283333333333338
16,28,5,1,0.75,0.27,1.3441666666666672
17,28,5,1,0.65,2.13,1.255416666666667
18,28,5,1,0.0,1.87,1.2720833333333337
19,28,5,1,2.27,1.89,1.2420833333333337
20,28,5,1,1.17,2.45,1.2183333333333337
21,28,5,1,1.88,1.9,1.1679166666666672
22,28,5,1,0.69,2.39,1.2308333333333337
23,28,5,1,3.9,2.66,1.1200000000000003
0,29,6,1,0.0,0.0,1.1637500000000005
1,29,6,1,1.05,1.89,1.1312500000000003
2,29,6,1,1.11,0.0,1.277916666666667
3,29,6,1,3.52,1.95,1.3662500000000002
4,29,6,1,4.07,0.0,1.3662500000000002
5,29,6,1,0.0,2.04,1.449583333333334
6,29,6,1,4.04,0.0,1.489583333333334
7,29,6,1,0.96,3.53,1.3425000000000005
8,29,6,1,0.0,0.0,1.3425000000000005
9,29,6,1,0.0,0.9,1.3975000000000002
10,29,6,1,2.22,1.42,1.3612500000000003
11,29,6,1,0.55,0.0,1.3612500000000007
12,29,6,1,0.0,3.2700000000000005,1.246666666666667
13,29,6,1,0.52,0.0,1.246666666666667
14,29,6,1,0.0,0.57,1.222916666666667
15,29,6,1,0.0,0.75,1.214166666666667
16,29,6,1,0.54,0.65,1.1870833333333337
17,29,6,1,0.0,0.0,1.1870833333333337
18,29,6,1,0.0,2.27,1.0925000000000005
19,29,6,1,0.0,1.17,1.0437500000000004
20,29,6,1,0.0,1.88,0.980416666666667
21,29,6,1,0.36,0.69,1.0000000000000004
22,29,6,1,1.16,3.9,0.8679166666666669
23,29,6,1,0.73,0.0,0.9400000000000003
0,30,0,1,1.73,1.05,0.9358333333333338
1,30,0,1,0.95,1.11,0.8895833333333337
2,30,0,1,0.0,3.52,0.742916666666667
3,30,0,1,0.0,4.07,0.5733333333333337
4,30,0,1,0.0,0.0,0.5733333333333337
5,30,0,1,0.0,4.04,0.5725000000000003
6,30,0,1,4.02,0.96,0.7262500000000003
7,30,0,1,4.65,0.0,0.7262500000000003
8,30,0,1,0.0,0.0,0.831666666666667
9,30,0,1,2.53,2.22,0.8137500000000003
10,30,0,1,1.79,0.55,0.7991666666666671
11,30,0,1,0.2,0.0,0.9750000000000004
12,30,0,1,4.220000000000001,0.52,0.9533333333333337
13,30,0,1,0.0,0.0,0.9533333333333337
14,30,0,1,0.0,0.0,0.9533333333333337
15,30,0,1,0.0,0.54,1.032916666666667
16,30,0,1,2.45,0.0,1.0825000000000002
17,30,0,1,1.19,0.0,1.1433333333333338
18,30,0,1,1.46,0.0,1.2020833333333336
19,30,0,1,1.41,0.0,1.2362500000000003
20,30,0,1,0.82,0.36,1.2212500000000002
21,30,0,1,0.0,1.16,1.251666666666667
22,30,0,1,1.89,0.73,1.2212500000000004
23,30,0,1,0.0,1.73,1.1491666666666671
0,31,1,1,0.0,0.95,1.2329166666666669
1,31,1,1,2.96,0.0,1.2329166666666669
2,31,1,1,0.0,0.0,1.2900000000000003
3,31,1,1,1.37,0.0,1.3570833333333336
4,31,1,1,1.61,0.0,1.4095833333333336
5,31,1,1,1.26,4.02,1.3604166666666673
6,31,1,1,2.84,4.65,1.166666666666667
7,31,1,1,0.0,0.0,1.166666666666667
8,31,1,1,0.0,2.53,1.191666666666667
9,31,1,1,3.13,1.79,1.1708333333333336
10,31,1,1,1.29,0.2,1.1625000000000003
11,31,1,1,0.0,4.220000000000001,1.0683333333333336
12,31,1,1,1.96,0.0,1.0683333333333336
13,31,1,1,0.0,0.0,1.1458333333333337
14,31,1,1,1.86,0.0,1.3487500000000001
15,31,1,1,4.87,2.45,1.3250000000000004
16,31,1,1,1.88,1.19,1.3050000000000004
17,31,1,1,0.71,1.46,1.244166666666667
18,31,1,1,0.0,1.41,1.254166666666667
19,31,1,1,1.65,0.82,1.2200000000000004
20,31,1,1,0.0,0.0,1.2200000000000004
21,31,1,1,0.0,1.89,1.2525000000000004
22,31,1,1,2.67,0.0,1.2525000000000004
23,31,1,1,0.0,0.0,1.2525000000000004
0,1,2,2,0.0,2.96,1.129166666666667
1,1,2,2,0.0,0.0,1.2370833333333338
2,1,2,2,2.59,1.37,1.2575000000000005
3,1,2,2,1.86,1.61,1.236666666666667
4,1,2,2,1.11,1.26,1.2358333333333336
5,1,2,2,1.24,2.84,1.1691666666666671
6,1,2,2,1.24,0.0,1.3100000000000003
7,1,2,2,3.38,0.0,1.3100000000000003
8,1,2,2,0.0,3.13,1.2412500000000004
9,1,2,2,1.48,1.29,1.216666666666667
10,1,2,2,0.7,0.0,1.2379166666666672
11,1,2,2,0.51,1.96,1.1983333333333337
12,1,2,2,1.01,0.0,1.2383333333333337
13,1,2,2,0.96,1.86,1.2062500000000005
14,1,2,2,1.09,4.87,1.0970833333333336
15,1,2,2,2.25,1.88,1.0654166666666671
16,1,2,2,1.12,0.71,1.0358333333333338
17,1,2,2,0.0,0.0,1.1266666666666671
18,1,2,2,2.18,1.65,1.0775000000000003
19,1,2,2,0.47,0.0,1.0775000000000003
20,1,2,2,0.0,0.0,1.0775000000000003
21,1,2,2,0.0,2.67,1.0945833333333337
22,1,2,2,3.08,0.0,1.1554166666666672
23,1,2,2,1.46,0.0,1.2383333333333337
0,2,3,2,1.99,0.0,1.2983333333333338
1,2,3,2,1.44,2.59,1.2458333333333338
2,2,3,2,1.33,1.86,1.2570833333333338
3,2,3,2,2.13,1.11,1.2108333333333337
4,2,3,2,0.0,1.24,1.159166666666667
5,2,3,2,0.0,1.24,1.2008333333333339
6,2,3,2,2.24,3.38,1.0600000000000003
7,2,3,2,0.0,0.0,1.1537500000000003
8,2,3,2,2.25,1.48,1.0920833333333337
9,2,3,2,0.0,0.7,1.062916666666667
10,2,3,2,0.0,0.51,1.0416666666666672
11,2,3,2,0.0,1.01,0.9995833333333337
12,2,3,2,0.0,0.96,1.1062500000000004
13,2,3,2,3.52,1.09,1.1875000000000002
14,2,3,2,3.04,2.25,1.0937500000000002
15,2,3,2,0.0,1.12,1.0650000000000004
16,2,3,2,0.43,0.0,1.1008333333333338
17,2,3,2,0.86,2.18,1.0100000000000005
18,2,3,2,0.0,0.47,1.1079166666666669
19,2,3,2,2.8200000000000003,0.0,1.1300000000000003
20,2,3,2,0.53,0.0,1.1945833333333338
21,2,3,2,1.5499999999999998,3.08,1.0662500000000004
22,2,3,2,0.0,1.46,1.005416666666667
23,2,3,2,0.0,1.99,0.9625000000000005
0,3,4,2,0.96,1.44,1.0175000000000003
1,3,4,2,2.76,1.33,1.1329166666666668
2,3,4,2,4.1,2.13,1.0441666666666671
3,3,4,2,0.0,0.0,1.0925000000000002
4,3,4,2,1.16,0.0,1.226666666666667
5,3,4,2,3.22,2.24,1.1333333333333337
6,3,4,2,0.0,0.0,1.257916666666667
7,3,4,2,2.99,2.25,1.2295833333333337
8,3,4,2,1.57,0.0,1.2637500000000004
9,3,4,2,0.82,0.0,1.316666666666667
10,3,4,2,1.27,0.0,1.4437500000000003
11,3,4,2,3.05,0.0,1.479166666666667
12,3,4,2,0.85,3.52,1.4929166666666671
13,3,4,2,3.85,3.04,1.4300000000000004
14,3,4,2,1.53,0.0,1.6412500000000005
15,3,4,2,5.07,0.43,1.6233333333333337
16,3,4,2,0.0,0.86,1.599166666666667
17,3,4,2,0.28,0.0,1.599166666666667
18,3,4,2,0.0,2.8200000000000003,1.574583333333334
19,3,4,2,2.23,0.53,1.639166666666667
20,3,4,2,2.08,1.5499999999999998,1.7329166666666669
21,3,4,2,3.8,0.0,1.809166666666667
22,3,4,2,1.83,0.0,1.809166666666667
23,3,4,2,0.0,0.96,1.7887500000000003
0,4,5,2,0.47,2.76,1.8662500000000002
1,4,5,2,4.62,4.1,1.6954166666666672
2,4,5,2,0.0,0.0,1.9108333333333338
3,4,5,2,5.17,1.16,1.8625000000000005
4,4,5,2,0.0,3.22,1.7408333333333337
5,4,5,2,0.3,0.0,1.7787500000000005
6,4,5,2,0.91,2.99,1.7308333333333337
7,4,5,2,1.84,1.57,1.7041666666666668
8,4,5,2,0.93,0.82,1.6700000000000002
9,4,5,2,0.0,1.27,1.7104166666666671
10,4,5,2,2.24,3.05,1.5833333333333337
11,4,5,2,0.0,0.85,1.5479166666666668
12,4,5,2,0.0,3.85,1.3875000000000004
13,4,5,2,0.0,1.53,1.3237500000000004
14,4,5,2,0.0,5.07,1.1125000000000005
15,4,5,2,0.0,0.0,1.2487500000000005
16,4,5,2,3.27,0.28,1.2370833333333338
17,4,5,2,0.0,0.0,1.2887500000000005
18,4,5,2,1.24,2.23,1.1958333333333337
19,4,5,2,0.0,2.08,1.1812500000000006
20,4,5,2,1.73,3.8,1.0229166666666671
21,4,5,2,0.0,1.83,0.9466666666666671
22,4,5,2,0.0,0.0,0.9466666666666671
23,4,5,2,0.0,0.47,0.9512500000000004
0,5,6,2,0.58,4.62,0.8683333333333336
1,5,6,2,2.63,0.0,0.8808333333333337
2,5,6,2,0.3,5.17,0.7416666666666671
3,5,6,2,1.83,0.0,0.7416666666666671
4,5,6,2,0.0,0.3,0.7562500000000004
5,5,6,2,0.65,0.91,0.7900000000000004
6,5,6,2,1.72,1.84,0.7933333333333338
7,5,6,2,1.92,0.93,0.780416666666667
8,5,6,2,0.62,0.0,0.780416666666667
9,5,6,2,0.0,2.24,0.7933333333333336
10,5,6,2,2.55,0.0,0.871666666666667
11,5,6,2,1.88,0.0,0.871666666666667
12,5,6,2,0.0,0.0,0.8912500000000003
13,5,6,2,0.47,0.0,0.8912500000000003
14,5,6,2,0.0,0.0,0.8912500000000003
15,5,6,2,0.0,3.27,0.8325000000000004
16,5,6,2,1.86,0.0,0.8325000000000004
17,5,6,2,0.0,1.24,0.8358333333333338
18,5,6,2,1.32,0.0,0.8358333333333338
19,5,6,2,0.0,1.73,0.7775000000000003
20,5,6,2,0.33,0.0,0.9195833333333336
21,5,6,2,3.41,0.0,0.9950000000000004
22,5,6,2,1.81,0.0,0.9950000000000004
23,5,6,2,0.0,0.58,1.1425000000000003
0,6,0,2,4.12,2.63,1.0812500000000003
1,6,0,2,1.16,0.3,1.0862500000000004
2,6,0,2,0.42,1.83,1.0100000000000005
3,6,0,2,0.0,0.0,1.0641666666666671
4,6,0,2,1.2999999999999998,0.65,1.0983333333333338
5,6,0,2,1.47,1.72,1.336666666666667
6,6,0,2,7.439999999999999,1.92,1.3600000000000003
7,6,0,2,2.48,0.62,1.4150000000000003
8,6,0,2,1.94,0.0,1.4362500000000005
9,6,0,2,0.51,2.55,1.3500000000000003
10,6,0,2,0.48,1.88,1.271666666666667
11,6,0,2,0.0,0.0,1.271666666666667
12,6,0,2,0.0,0.47,1.2520833333333337
13,6,0,2,0.0,0.0,1.3495833333333336
14,6,0,2,2.34,0.0,1.3495833333333336
15,6,0,2,0.0,1.86,1.2720833333333337
16,6,0,2,0.0,0.0,1.3500000000000003
17,6,0,2,1.87,1.32,1.3075000000000003
18,6,0,2,0.3,0.0,1.3075000000000003
19,6,0,2,0.0,0.33,1.3712500000000005
20,6,0,2,1.86,3.41,1.229166666666667
21,6,0,2,0.0,1.81,1.2033333333333338
22,6,0,2,1.19,0.0,1.2175000000000005
23,6,0,2,0.34,4.12,1.227916666666667
0,7,1,2,4.37,1.16,1.2650000000000003
1,7,1,2,2.05,0.42,1.2475000000000003
2,7,1,2,0.0,0.0,1.3312500000000005
3,7,1,2,2.01,1.2999999999999998,1.2770833333333338
4,7,1,2,0.0,1.47,1.2958333333333336
5,7,1,2,1.92,7.439999999999999,0.9858333333333337
6,7,1,2,0.0,2.48,0.965416666666667
7,7,1,2,1.99,1.94,1.0391666666666672
8,7,1,2,3.71,0.51,1.029166666666667
9,7,1,2,0.27,0.48,1.009166666666667
10,7,1,2,0.0,0.0,1.0758333333333336
11,7,1,2,1.6,0.0,1.0900000000000003
12,7,1,2,0.34,0.0,1.1466666666666672
13,7,1,2,1.36,2.34,1.049166666666667
14,7,1,2,0.0,0.0,1.049166666666667
15,7,1,2,0.0,0.0,1.1175000000000004
16,7,1,2,1.64,1.87,1.1625000000000005
17,7,1,2,2.95,0.3,1.178333333333334
18,7,1,2,0.68,0.0,1.2362500000000003
19,7,1,2,1.39,1.86,1.1587500000000004
20,7,1,2,0.0,0.0,1.201666666666667
21,7,1,2,1.03,1.19,1.1675000000000004
22,7,1,2,0.37,0.34,1.2320833333333339
23,7,1,2,1.89,4.37,1.0750000000000004
0,8,2,2,0.6,2.05,1.0875000000000004
1,8,2,2,2.35,0.0,1.1262500000000004
2,8,2,2,0.93,2.01,1.2258333333333338
3,8,2,2,4.4,0.0,1.2487500000000005
4,8,2,2,0.55,1.92,1.1687500000000004
5,8,2,2,0.0,0.0,1.194166666666667
6,8,2,2,0.61,1.99,1.1112500000000003
7,8,2,2,0.0,3.71,0.9712500000000004
8,8,2,2,0.35,0.27,1.0062500000000003
9,8,2,2,1.11,0.0,1.0637500000000004
10,8,2,2,1.38,1.6,1.116666666666667
11,8,2,2,2.87,0.34,1.1025000000000003
12,8,2,2,0.0,1.36,1.1241666666666672
13,8,2,2,1.88,0.0,1.1241666666666672
14,8,2,2,0.0,0.0,1.1725000000000003
15,8,2,2,1.16,1.64,1.129166666666667
16,8,2,2,0.6,2.95,1.040416666666667
17,8,2,2,0.8200000000000001,0.68,1.0220833333333337
18,8,2,2,0.24,1.39,0.9750000000000004
19,8,2,2,0.26,0.0,1.0037500000000004
20,8,2,2,0.69,1.03,1.0437500000000004
21,8,2,2,1.99,0.37,1.1016666666666672
22,8,2,2,1.76,1.89,1.1045833333333337
23,8,2,2,1.96,0.6,1.0795833333333336
0,9,3,2,0.0,2.35,1.1145833333333337
1,9,3,2,3.19,0.93,1.1145833333333337
2,9,3,2,0.93,4.4,1.0470833333333338
3,9,3,2,2.78,0.55,1.0241666666666671
4,9,3,2,0.0,0.0,1.0437500000000004
5,9,3,2,0.47,0.61,1.0533333333333337
6,9,3,2,0.84,0.0,1.092916666666667
7,9,3,2,0.95,0.35,1.1450000000000002
8,9,3,2,1.6,1.11,1.110416666666667
9,9,3,2,0.28,1.38,1.0529166666666672
10,9,3,2,0.0,2.87,0.9333333333333337
11,9,3,2,0.0,0.0,1.0479166666666668
12,9,3,2,2.75,1.88,1.0470833333333338
13,9,3,2,1.86,0.0,1.1500000000000004
14,9,3,2,2.47,1.16,1.1175000000000004
15,9,3,2,0.38,0.6,1.1662500000000002
16,9,3,2,1.77,0.8200000000000001,1.2733333333333337
17,9,3,2,3.39,0.24,1.386666666666667
18,9,3,2,2.96,0.26,1.420416666666667
19,9,3,2,1.07,0.69,1.3916666666666668
20,9,3,2,0.0,1.99,1.3787500000000004
21,9,3,2,1.68,1.76,1.3054166666666671
22,9,3,2,0.0,1.96,1.2812500000000002
23,9,3,2,1.38,0.0,1.2937500000000004
0,10,4,2,0.3,3.19,1.3508333333333338
1,10,4,2,4.56,0.93,1.3729166666666668
2,10,4,2,1.46,2.78,1.2570833333333338
3,10,4,2,0.0,0.0,1.3200000000000005
4,10,4,2,1.51,0.47,1.300416666666667
5,10,4,2,0.0,0.84,1.315416666666667
6,10,4,2,1.2,0.95,1.320416666666667
7,10,4,2,1.07,1.6,1.390416666666667
8,10,4,2,3.28,0.28,1.4520833333333336
9,10,4,2,1.7600000000000002,0.0,1.4520833333333336
10,10,4,2,0.0,0.0,1.5083333333333337
11,10,4,2,1.35,2.75,1.4095833333333336
12,10,4,2,0.38,1.86,1.3320833333333337
13,10,4,2,0.0,2.47,1.2458333333333336
14,10,4,2,0.4,0.38,1.3537500000000005
15,10,4,2,2.97,1.77,1.412916666666667
16,10,4,2,3.19,3.39,1.2912500000000002
17,10,4,2,0.47,2.96,1.246666666666667
18,10,4,2,1.89,1.07,1.2945833333333339
19,10,4,2,2.22,0.0,1.2945833333333339
20,10,4,2,0.0,1.68,1.2525000000000002
21,10,4,2,0.67,0.0,1.330416666666667
22,10,4,2,1.87,1.38,1.3350000000000002
23,10,4,2,1.49,0.3,1.3829166666666668
0,11,5,2,1.45,4.56,1.192916666666667
1,11,5,2,0.0,1.46,1.1616666666666668
2,11,5,2,0.71,0.0,1.161666666666667
3,11,5,2,0.0,1.51,1.0987500000000003
4,11,5,2,0.0,0.0,1.1737500000000003
5,11,5,2,1.8,1.2,1.1325000000000005
6,11,5,2,0.21,1.07,1.1612500000000003
7,11,5,2,1.76,3.28,1.1975000000000005
8,11,5,2,4.15,1.7600000000000002,1.2470833333333338
9,11,5,2,2.95,0.0,1.2470833333333338
10,11,5,2,0.0,1.35,1.1908333333333336
11,11,5,2,0.0,0.38,1.2916666666666672
12,11,5,2,2.8,0.0,1.4137500000000005
13,11,5,2,2.93,0.4,1.5791666666666673
14,11,5,2,4.37,2.97,1.6245833333333337
15,11,5,2,4.06,3.19,1.5745833333333337
16,11,5,2,1.99,0.47,1.5550000000000004
17,11,5,2,0.0,1.89,1.4762500000000003
18,11,5,2,0.0,2.22,1.4112500000000006
19,11,5,2,0.66,0.0,1.4408333333333339
20,11,5,2,0.71,0.67,1.4279166666666672
21,11,5,2,0.36,1.87,1.4279166666666672
22,11,5,2,1.87,1.49,1.3658333333333337
23,11,5,2,0.0,1.45,1.3575000000000006
0,12,6,2,1.25,0.0,1.3575000000000006
1,12,6,2,0.0,0.71,1.3516666666666672
2,12,6,2,0.57,0.0,1.3950000000000005
3,12,6,2,1.04,0.0,1.3950000000000005
4,12,6,2,0.0,1.8,1.3200000000000003
5,12,6,2,0.0,0.21,1.410416666666667
6,12,6,2,2.38,1.76,1.350416666666667
7,12,6,2,0.32,4.15,1.1775000000000004
8,12,6,2,0.0,2.95,1.0970833333333336
9,12,6,2,1.02,0.0,1.0970833333333336
10,12,6,2,0.0,0.0,1.1337500000000003
11,12,6,2,0.88,2.8,1.1208333333333338
12,12,6,2,2.49,2.93,1.0866666666666671
13,12,6,2,2.11,4.37,0.9720833333333335
14,12,6,2,1.62,4.06,0.8029166666666671
15,12,6,2,0.0,1.99,0.754166666666667
16,12,6,2,0.82,0.0,0.8083333333333337
17,12,6,2,1.3,0.0,0.8854166666666671
18,12,6,2,1.85,0.66,0.8908333333333337
19,12,6,2,0.79,0.71,0.949166666666667
20,12,6,2,2.1100000000000003,0.36,1.0008333333333337
21,12,6,2,1.6,1.87,0.9533333333333337
22,12,6,2,0.73,0.0,1.0104166666666672
23,12,6,2,1.37,1.25,1.0337500000000004
0,13,0,2,1.81,0.0,1.0337500000000004
1,13,0,2,0.0,0.57,1.0100000000000005
2,13,0,2,0.0,1.04,1.111666666666667
3,13,0,2,3.48,0.0,1.2945833333333336
4,13,0,2,4.39,0.0,1.3425000000000002
5,13,0,2,1.15,2.38,1.3270833333333336
6,13,0,2,2.01,0.32,1.347916666666667
7,13,0,2,0.82,0.0,1.4395833333333339
8,13,0,2,2.2,1.02,1.3970833333333337
9,13,0,2,0.0,0.0,1.5616666666666668
10,13,0,2,3.95,0.88,1.5250000000000004
11,13,0,2,0.0,2.49,1.4683333333333337
12,13,0,2,1.13,2.11,1.4033333333333335
13,13,0,2,0.55,1.62,1.3358333333333334
14,13,0,2,0.0,0.0,1.3358333333333334
15,13,0,2,0.0,0.82,1.301666666666667
16,13,0,2,0.0,1.3,1.4300000000000004
17,13,0,2,4.38,1.85,1.4950000000000003
18,13,0,2,3.41,0.79,1.4858333333333336
19,13,0,2,0.57,2.1100000000000003,1.456666666666667
20,13,0,2,1.41,1.6,1.4412500000000001
21,13,0,2,1.23,0.73,1.4108333333333336
22,13,0,2,0.0,1.37,1.3950000000000002
23,13,0,2,0.99,1.81,1.3300000000000003
0,14,1,2,0.25,0.0,1.3300000000000003
1,14,1,2,0.0,0.0,1.4375000000000002
2,14,1,2,2.58,3.48,1.331666666666667
3,14,1,2,0.94,4.39,1.1712500000000003
4,14,1,2,0.54,1.15,1.170416666666667
5,14,1,2,1.13,2.01,1.1933333333333336
6,14,1,2,2.56,0.82,1.2162500000000003
7,14,1,2,1.37,2.2,1.2225000000000004
8,14,1,2,2.35,0.0,1.2225000000000004
9,14,1,2,0.0,3.95,1.0733333333333337
10,14,1,2,0.37,0.0,1.0937500000000004
11,14,1,2,0.49,1.13,1.0554166666666671
12,14,1,2,0.21,0.55,1.0429166666666672
13,14,1,2,0.25,0.0,1.0887500000000003
14,14,1,2,1.1,0.0,1.1558333333333337
15,14,1,2,1.61,0.0,1.292083333333334
16,14,1,2,3.27,4.38,1.141666666666667
17,14,1,2,0.77,3.41,0.9995833333333337
18,14,1,2,0.0,0.57,1.0050000000000006
19,14,1,2,0.7,1.41,0.9462500000000005
20,14,1,2,0.0,1.23,0.9412500000000005
21,14,1,2,1.11,0.0,1.1641666666666672
22,14,1,2,5.35,0.99,1.122916666666667
23,14,1,2,0.0,0.25,1.2100000000000002
0,15,2,2,2.34,0.0,1.2100000000000002
1,15,2,2,0.0,2.58,1.1025000000000003
2,15,2,2,0.0,0.94,1.0775000000000003
3,15,2,2,0.34,0.54,1.0550000000000004
4,15,2,2,0.0,1.13,1.0079166666666672
5,15,2,2,0.0,2.56,0.9545833333333337
6,15,2,2,1.28,1.37,0.8975000000000003
7,15,2,2,0.0,2.35,0.8487500000000003
8,15,2,2,1.18,0.0,1.031666666666667
9,15,2,2,4.390000000000001,0.37,1.099166666666667
10,15,2,2,1.99,0.49,1.1995833333333337
11,15,2,2,2.9,0.21,1.2845833333333336
12,15,2,2,2.25,0.25,1.2741666666666671
13,15,2,2,0.0,1.1,1.3266666666666669
14,15,2,2,2.36,1.61,1.3070833333333336
15,15,2,2,1.14,3.27,1.1708333333333336
16,15,2,2,0.0,0.77,1.1387500000000004
17,15,2,2,0.0,0.0,1.1762500000000002
18,15,2,2,0.9,0.7,1.1470833333333337
19,15,2,2,0.0,0.0,1.1962500000000003
20,15,2,2,1.18,1.11,1.1791666666666671
21,15,2,2,0.7,5.35,1.0533333333333337
22,15,2,2,2.33,0.0,1.2129166666666669
23,15,2,2,3.83,2.34,1.2700000000000002
0,16,3,2,3.71,0.0,1.2700000000000002
1,16,3,2,0.0,0.0,1.3295833333333336
2,16,3,2,1.43,0.34,1.3712500000000005
3,16,3,2,1.34,0.0,1.3712500000000005
4,16,3,2,0.0,0.0,1.4262500000000005
5,16,3,2,1.32,1.28,1.372916666666667
6,16,3,2,0.0,0.0,1.372916666666667
7,16,3,2,0.0,1.18,1.3345833333333337
8,16,3,2,0.26,4.390000000000001,1.2558333333333336
9,16,3,2,2.5,1.99,1.172916666666667
10,16,3,2,0.0,2.9,1.1145833333333337
11,16,3,2,1.5,2.25,1.0208333333333337
12,16,3,2,0.0,0.0,1.0208333333333337
13,16,3,2,0.0,2.36,0.9537500000000003
14,16,3,2,0.75,1.14,0.9062500000000004
15,16,3,2,0.0,0.0,0.9804166666666672
16,16,3,2,1.78,0.0,1.097916666666667
17,16,3,2,2.8200000000000003,0.9,1.1475000000000002
18,16,3,2,2.09,0.0,1.2125000000000004
19,16,3,2,1.56,1.18,1.1633333333333338
20,16,3,2,0.0,0.7,1.155416666666667
21,16,3,2,0.51,2.33,1.0583333333333336
22,16,3,2,0.0,3.83,0.9466666666666671
23,16,3,2,1.15,3.71,0.7920833333333337
0,17,4,2,0.0,0.0,0.8141666666666669
1,17,4,2,0.53,1.43,0.8900000000000002
2,17,4,2,3.25,1.34,0.9129166666666669
3,17,4,2,1.89,0.0,0.9241666666666669
4,17,4,2,0.27,1.32,0.869166666666667
5,17,4,2,0.0,0.0,0.869166666666667
6,17,4,2,0.0,0.0,1.0287500000000003
7,17,4,2,3.83,0.26,1.1145833333333337
8,17,4,2,2.32,2.5,1.1575000000000004
9,17,4,2,3.53,0.0,1.1575000000000004
10,17,4,2,0.0,1.5,1.204166666666667
11,17,4,2,2.62,0.0,1.3487500000000006
12,17,4,2,3.47,0.0,1.4250000000000005
13,17,4,2,1.83,0.75,1.514166666666667
14,17,4,2,2.89,0.0,1.541666666666667
15,17,4,2,0.66,1.78,1.542083333333334
16,17,4,2,1.79,2.8200000000000003,1.5033333333333339
17,17,4,2,1.89,2.09,1.4162500000000005
18,17,4,2,0.0,1.56,1.3512500000000005
19,17,4,2,0.0,0.0,1.4300000000000004
20,17,4,2,1.89,0.51,1.5658333333333339
21,17,4,2,3.77,0.0,1.6241666666666672
22,17,4,2,1.4,1.15,1.6437500000000005
23,17,4,2,1.62,0.0,1.7225000000000001
0,18,5,2,1.89,0.53,1.7004166666666667
1,18,5,2,0.0,3.25,1.705
2,18,5,2,3.36,1.89,1.7529166666666673
3,18,5,2,3.04,0.27,1.8208333333333337
4,18,5,2,1.9,0.0,1.884166666666667
5,18,5,2,1.52,0.0,1.9991666666666672
6,18,5,2,2.76,3.83,1.8395833333333338
7,18,5,2,0.0,2.32,1.7716666666666672
8,18,5,2,0.69,3.53,1.6408333333333338
9,18,5,2,0.39,0.0,1.7620833333333337
10,18,5,2,2.91,2.62,1.652916666666667
11,18,5,2,0.0,3.47,1.5083333333333335
12,18,5,2,0.0,1.83,1.5358333333333336
13,18,5,2,2.49,2.89,1.415416666666667
14,18,5,2,0.0,0.66,1.488333333333334
15,18,5,2,2.41,1.79,1.4137500000000005
16,18,5,2,0.0,1.89,1.4925000000000004
17,18,5,2,3.78,0.0,1.5175000000000003
18,18,5,2,0.6,0.0,1.5175000000000003
19,18,5,2,0.0,1.89,1.4537500000000003
20,18,5,2,0.36,3.77,1.3550000000000004
21,18,5,2,1.4,1.4,1.3287500000000003
22,18,5,2,0.77,1.62,1.4162500000000005
23,18,5,2,3.72,1.89,1.3375000000000004
0,19,6,2,0.0,0.0,1.4395833333333334
1,19,6,2,2.45,3.36,1.2995833333333338
2,19,6,2,0.0,3.04,1.241666666666667
3,19,6,2,1.65,1.9,1.3250000000000004
4,19,6,2,3.9,1.52,1.261666666666667
5,19,6,2,0.0,2.76,1.191666666666667
6,19,6,2,1.08,0.0,1.226666666666667
7,19,6,2,0.84,0.69,1.1979166666666672
8,19,6,2,0.0,0.39,1.2745833333333338
9,19,6,2,2.23,2.91,1.3387500000000003
10,19,6,2,4.45,0.0,1.3975000000000002
11,19,6,2,1.41,0.0,1.3975000000000002
12,19,6,2,0.0,2.49,1.3833333333333337
13,19,6,2,2.15,0.0,1.3833333333333337
14,19,6,2,0.0,2.41,1.3187500000000003
15,19,6,2,0.86,0.0,1.5395833333333337
16,19,6,2,5.3,3.78,1.3820833333333338
17,19,6,2,0.0,0.6,1.3570833333333339
18,19,6,2,0.0,0.0,1.3779166666666673
19,19,6,2,0.5,0.36,1.362916666666667
20,19,6,2,0.0,1.4,1.3045833333333337
21,19,6,2,0.0,0.77,1.3745833333333337
22,19,6,2,2.45,3.72,1.2195833333333337
23,19,6,2,0.0,0.0,1.2195833333333337
0,20,0,2,0.0,2.45,1.256666666666667
1,20,0,2,3.34,0.0,1.256666666666667
2,20,0,2,0.0,1.65,1.257916666666667
3,20,0,2,1.68,3.9,1.1691666666666671
4,20,0,2,1.77,0.0,1.1691666666666671
5,20,0,2,0.0,1.08,1.1241666666666672
6,20,0,2,0.0,0.84,1.2283333333333337
7,20,0,2,3.3400000000000003,0.0,1.457916666666667
8,20,0,2,5.51,2.23,1.3650000000000004
9,20,0,2,0.0,4.45,1.362916666666667
10,20,0,2,4.4,1.41,1.3041666666666671
11,20,0,2,0.0,0.0,1.3675000000000004
12,20,0,2,1.52,2.15,1.3358333333333337
13,20,0,2,1.39,0.0,1.3358333333333337
14,20,0,2,0.0,0.86,1.3795833333333336
15,20,0,2,1.91,5.3,1.1587500000000004
16,20,0,2,0.0,0.0,1.2033333333333338
17,20,0,2,1.07,0.0,1.2033333333333338
18,20,0,2,0.0,0.5,1.3654166666666672
19,20,0,2,4.390000000000001,0.0,1.3654166666666672
20,20,0,2,0.0,0.0,1.437916666666667
21,20,0,2,1.74,2.45,1.3800000000000001
22,20,0,2,1.06,0.0,1.4041666666666668
23,20,0,2,0.58,0.0,1.4041666666666668
0,21,1,2,0.0,3.34,1.4050000000000002
1,21,1,2,3.36,0.0,1.5537500000000002
2,21,1,2,3.5700000000000003,1.68,1.4837500000000003
3,21,1,2,0.0,1.77,1.4904166666666667
4,21,1,2,1.93,0.0,1.7058333333333335
5,21,1,2,5.17,0.0,1.7058333333333335
6,21,1,2,0.0,3.3400000000000003,1.5950000000000004
7,21,1,2,0.68,5.51,1.411666666666667
8,21,1,2,1.11,0.0,1.411666666666667
9,21,1,2,0.0,4.4,1.3112500000000005
10,21,1,2,1.99,0.0,1.3516666666666672
11,21,1,2,0.97,1.52,1.4237500000000003
12,21,1,2,3.25,1.39,1.3658333333333337
13,21,1,2,0.0,0.0,1.3658333333333337
14,21,1,2,0.0,1.91,1.4437500000000005
15,21,1,2,3.78,0.0,1.510416666666667
16,21,1,2,1.6,1.07,1.4658333333333335
17,21,1,2,0.0,0.0,1.505416666666667
18,21,1,2,0.95,4.390000000000001,1.3775000000000004
19,21,1,2,1.32,0.0,1.5233333333333337
20,21,1,2,3.5,1.74,1.495416666666667
21,21,1,2,1.07,1.06,1.4512500000000006
22,21,1,2,0.0,0.58,1.564166666666667
23,21,1,2,3.29,0.0,1.6087500000000003
0,22,2,2,1.07,3.36,1.6145833333333337
1,22,2,2,3.5,3.5700000000000003,1.5175000000000003
2,22,2,2,1.24,0.0,1.5175000000000003
3,22,2,2,0.0,1.93,1.4370833333333337
4,22,2,2,0.0,5.17,1.276666666666667
5,22,2,2,1.32,0.0,1.4087500000000004
6,22,2,2,3.17,0.68,1.5150000000000003
7,22,2,2,3.23,1.11,1.4687500000000002
8,22,2,2,0.0,0.0,1.4687500000000002
9,22,2,2,0.0,1.99,1.4495833333333337
10,22,2,2,1.53,0.97,1.5566666666666669
11,22,2,2,3.54,3.25,1.4945833333333338
12,22,2,2,1.76,0.0,1.6462500000000004
13,22,2,2,3.64,0.0,1.7812500000000002
14,22,2,2,3.24,3.78,1.6333333333333337
15,22,2,2,0.23,1.6,1.566666666666667
16,22,2,2,0.0,0.0,1.566666666666667
17,22,2,2,0.0,0.95,1.5270833333333338
18,22,2,2,0.0,1.32,1.5612500000000005
19,22,2,2,2.14,3.5,1.4362500000000005
20,22,2,2,0.5,1.07,1.3916666666666673
21,22,2,2,0.0,0.0,1.4545833333333338
22,22,2,2,1.51,3.29,1.3175000000000006
23,22,2,2,0.0,1.07,1.3175000000000006
0,23,3,2,1.07,3.5,1.171666666666667
1,23,3,2,0.0,1.24,1.219166666666667
2,23,3,2,2.38,0.0,1.3225000000000005
3,23,3,2,2.48,0.0,1.3225000000000005
4,23,3,2,0.0,1.32,1.3408333333333335
5,23,3,2,1.7600000000000002,3.17,1.2837500000000006
6,23,3,2,1.8,3.23,1.2083333333333337
7,23,3,2,1.42,0.0,1.2304166666666672
8,23,3,2,0.53,0.0,1.3258333333333339
9,23,3,2,2.29,1.53,1.3133333333333337
10,23,3,2,1.23,3.54,1.1658333333333337
11,23,3,2,0.0,1.76,1.1570833333333337
12,23,3,2,1.55,3.64,1.0841666666666672
13,23,3,2,1.89,3.24,1.0145833333333336
14,23,3,2,1.57,0.23,1.062916666666667
15,23,3,2,1.39,0.0,1.062916666666667
16,23,3,2,0.0,0.0,1.062916666666667
17,23,3,2,0.0,0.0,1.1383333333333339
18,23,3,2,1.81,2.14,1.049166666666667
19,23,3,2,0.0,0.5,1.0954166666666671
20,23,3,2,1.61,0.0,1.0954166666666671
21,23,3,2,0.0,1.51,1.0850000000000002
22,23,3,2,1.26,0.0,1.0850000000000002
23,23,3,2,0.0,1.07,1.1075000000000004
0,24,4,2,1.61,0.0,1.1395833333333338
1,24,4,2,0.77,2.38,1.0662500000000004
2,24,4,2,0.62,2.48,0.9750000000000004
3,24,4,2,0.29,0.0,1.0800000000000003
4,24,4,2,2.52,1.7600000000000002,1.105416666666667
5,24,4,2,2.37,1.8,1.2404166666666672
6,24,4,2,5.04,1.42,1.3987500000000004
7,24,4,2,5.22,0.53,1.376666666666667
8,24,4,2,0.0,2.29,1.336666666666667
9,24,4,2,1.33,1.23,1.3245833333333337
10,24,4,2,0.94,0.0,1.3875000000000004
11,24,4,2,1.51,1.55,1.417083333333334
12,24,4,2,2.26,1.89,1.3383333333333338
13,24,4,2,0.0,1.57,1.272916666666667
14,24,4,2,0.0,1.39,1.3412500000000003
15,24,4,2,3.03,0.0,1.3412500000000003
16,24,4,2,0.0,0.0,1.3412500000000003
17,24,4,2,0.0,1.81,1.3420833333333337
18,24,4,2,1.83,0.0,1.3420833333333337
19,24,4,2,0.0,1.61,1.2750000000000004
20,24,4,2,0.0,0.0,1.4233333333333338
21,24,4,2,3.56,1.26,1.4508333333333339
22,24,4,2,1.92,0.0,1.4508333333333339
23,24,4,2,0.0,1.61,1.4720833333333336
0,25,5,2,2.12,0.77,1.5079166666666672
1,25,5,2,1.63,0.62,1.5762500000000006
2,25,5,2,2.26,0.29,1.7162500000000003
3,25,5,2,3.65,2.52,1.671666666666667
4,25,5,2,1.45,2.37,1.5729166666666672
5,25,5,2,0.0,5.04,1.362916666666667
6,25,5,2,0.0,5.22,1.145416666666667
7,25,5,2,0.0,0.0,1.145416666666667
8,25,5,2,0.0,1.33,1.1983333333333337
9,25,5,2,2.6,0.94,1.3291666666666668
10,25,5,2,4.08,1.51,1.2820833333333337
11,25,5,2,0.38,2.26,1.187916666666667
12,25,5,2,0.0,0.0,1.187916666666667
13,25,5,2,0.0,0.0,1.267916666666667
14,25,5,2,1.92,3.03,1.1762500000000005
15,25,5,2,0.83,0.0,1.2083333333333337
16,25,5,2,0.77,0.0,1.2083333333333337
17,25,5,2,0.0,1.83,1.1320833333333338
18,25,5,2,0.0,0.0,1.1779166666666672
19,25,5,2,1.1,0.0,1.1779166666666672
20,25,5,2,0.0,3.56,1.0295833333333337
21,25,5,2,0.0,1.92,1.0033333333333336
22,25,5,2,1.29,0.0,1.090416666666667
23,25,5,2,2.09,2.12,1.0020833333333339
0,26,6,2,0.0,1.63,1.006666666666667
1,26,6,2,1.7400000000000002,2.26,0.9125000000000004
2,26,6,2,0.0,3.65,0.760416666666667
3,26,6,2,0.0,1.45,0.7733333333333338
4,26,6,2,1.76,0.0,0.8595833333333337
5,26,6,2,2.0700000000000003,0.0,0.9316666666666671
6,26,6,2,1.73,0.0,1.014166666666667
7,26,6,2,1.98,0.0,1.0595833333333338
8,26,6,2,1.09,2.6,0.9787500000000006
9,26,6,2,0.66,4.08,0.8350000000000004
10,26,6,2,0.63,0.38,0.8191666666666672
11,26,6,2,0.0,0.0,0.8300000000000004
12,26,6,2,0.26,0.0,0.8300000000000004
13,26,6,2,0.0,1.92,0.8700000000000004
14,26,6,2,2.88,0.83,0.9295833333333338
15,26,6,2,2.26,0.77,0.9120833333333338
16,26,6,2,0.35,0.0,0.9120833333333338
17,26,6,2,0.0,0.0,0.9212500000000005
18,26,6,2,0.22,1.1,0.9083333333333337
19,26,6,2,0.79,0.0,1.0329166666666671
20,26,6,2,2.99,0.0,1.1145833333333337
21,26,6,2,1.96,1.29,1.0608333333333337
22,26,6,2,0.0,2.09,0.9737500000000004
23,26,6,2,0.0,0.0,1.0183333333333338
0,27,0,2,1.07,1.7400000000000002,0.9458333333333336
1,27,0,2,0.0,0.0,0.9458333333333336
2,27,0,2,0.0,0.0,0.9458333333333336
3,27,0,2,0.0,1.76,1.0112500000000004
4,27,0,2,3.33,2.0700000000000003,0.9529166666666672
5,27,0,2,0.67,1.73,0.9420833333333337
6,27,0,2,1.47,1.98,0.887916666666667
7,27,0,2,0.68,1.09,0.8425000000000004
8,27,0,2,0.0,0.66,0.8150000000000004
9,27,0,2,0.0,0.63,0.7887500000000004
10,27,0,2,0.0,0.0,0.797916666666667
11,27,0,2,0.22,0.26,0.8654166666666671
12,27,0,2,1.88,0.0,0.920416666666667
13,27,0,2,1.3199999999999998,2.88,0.800416666666667
14,27,0,2,0.0,2.26,0.7333333333333337
15,27,0,2,0.65,0.35,0.7704166666666671
16,27,0,2,1.24,0.0,0.8195833333333337
17,27,0,2,1.18,0.22,0.8762500000000003
18,27,0,2,1.58,0.79,0.8433333333333337
19,27,0,2,0.0,2.99,0.7187500000000004
20,27,0,2,0.0,1.96,0.7166666666666671
21,27,0,2,1.91,0.0,0.7570833333333337
22,27,0,2,0.97,0.0,0.840416666666667
23,27,0,2,2.0,1.07,0.8333333333333336
0,28,1,2,0.9,0.0,0.862916666666667
1,28,1,2,0.71,0.0,0.862916666666667
2,28,1,2,0.0,0.0,0.8875000000000003
3,28,1,2,0.59,3.33,0.7487500000000002
4,28,1,2,0.0,0.67,0.7808333333333337
5,28,1,2,1.44,1.47,0.7195833333333338
6,28,1,2,0.0,0.68,0.7591666666666671
7,28,1,2,1.63,0.0,0.7591666666666671
8,28,1,2,0.0,0.0,0.870416666666667
9,28,1,2,2.67,0.0,0.870416666666667
10,28,1,2,0.0,0.22,0.8612500000000004
11,28,1,2,0.0,1.88,0.7829166666666669
12,28,1,2,0.0,1.3199999999999998,0.7279166666666669
13,28,1,2,0.0,0.0,0.7900000000000004
14,28,1,2,1.49,0.65,0.8100000000000004
15,28,1,2,1.13,1.24,0.8366666666666669
16,28,1,2,1.88,1.18,0.7875000000000002
17,28,1,2,0.0,1.58,0.7358333333333337
18,28,1,2,0.34,0.0,0.8250000000000003
19,28,1,2,2.14,0.0,0.8670833333333338
20,28,1,2,1.01,1.91,0.8379166666666671
21,28,1,2,1.21,0.97,0.8275000000000002
22,28,1,2,0.72,2.0,0.7950000000000003
23,28,1,2,1.22,0.9,0.7575000000000003
0,1,2,3,0.0,0.71,0.754166666666667
1,1,2,3,0.63,0.0,0.8175000000000003
2,1,2,3,1.52,0.59,0.8258333333333336
3,1,2,3,0.79,0.0,0.8258333333333336
4,1,2,3,0.0,1.44,0.9850000000000003
5,1,2,3,5.26,0.0,1.0554166666666671
6,1,2,3,1.69,1.63,0.9875000000000003
7,1,2,3,0.0,0.0,1.0150000000000003
8,1,2,3,0.66,2.67,0.9037500000000004
9,1,2,3,0.0,0.0,0.9037500000000004
10,1,2,3,0.0,0.0,0.9037500000000004
11,1,2,3,0.0,0.0,1.1020833333333337
12,1,2,3,4.76,0.0,1.1804166666666671
13,1,2,3,1.88,1.49,1.1183333333333336
14,1,2,3,0.0,1.13,1.0712500000000003
15,1,2,3,0.0,1.88,0.992916666666667
16,1,2,3,0.0,0.0,1.035416666666667
17,1,2,3,1.02,0.34,1.0212500000000004
18,1,2,3,0.0,2.14,0.9320833333333337
19,1,2,3,0.0,1.01,0.8900000000000002
20,1,2,3,0.0,1.21,0.8395833333333337
21,1,2,3,0.0,0.72,0.9512500000000003
22,1,2,3,3.4,1.22,0.9287500000000003
23,1,2,3,0.68,0.0,0.9287500000000003
0,2,3,3,0.0,0.63,0.950416666666667
1,2,3,3,1.15,1.52,0.9425000000000003
2,2,3,3,1.33,0.79,0.9770833333333336
3,2,3,3,1.62,0.0,1.0575000000000003
4,2,3,3,1.93,5.26,0.9950000000000004
5,2,3,3,3.76,1.69,0.9245833333333335
6,2,3,3,0.0,0.0,0.9245833333333335
7,2,3,3,0.0,0.66,0.8970833333333337
8,2,3,3,0.0,0.0,0.8970833333333337
9,2,3,3,0.0,0.0,0.8970833333333337
10,2,3,3,0.0,0.0,0.8970833333333337
11,2,3,3,0.0,4.76,0.8175000000000003
12,2,3,3,2.85,1.88,0.7637500000000004
13,2,3,3,0.59,0.0,0.7637500000000004
14,2,3,3,0.0,0.0,0.8579166666666671
15,2,3,3,2.26,0.0,0.9208333333333337
16,2,3,3,1.51,1.02,0.9270833333333338
17,2,3,3,1.17,0.0,0.9512500000000004
18,2,3,3,0.5800000000000001,0.0,0.9995833333333337
19,2,3,3,1.16,0.0,0.9995833333333337
20,2,3,3,0.0,0.0,1.0929166666666672
21,2,3,3,2.24,3.4,0.9512500000000004
22,2,3,3,0.0,0.68,1.095416666666667
23,2,3,3,4.140000000000001,0.0,1.156666666666667
0,3,4,3,1.47,1.15,1.1283333333333336
1,3,4,3,0.47,1.33,1.2537500000000004
2,3,4,3,4.34,1.62,1.2033333333333336
3,3,4,3,0.41,1.93,1.1995833333333337
4,3,4,3,1.84,3.76,1.0670833333333336
5,3,4,3,0.58,0.0,1.0875000000000004
6,3,4,3,0.49,0.0,1.1691666666666671
7,3,4,3,1.96,0.0,1.2108333333333337
8,3,4,3,1.0,0.0,1.286666666666667
9,3,4,3,1.82,0.0,1.3620833333333335
10,3,4,3,1.81,0.0,1.4170833333333335
11,3,4,3,1.32,2.85,1.3983333333333337
12,3,4,3,2.4000000000000004,0.59,1.3737500000000005
13,3,4,3,0.0,0.0,1.3737500000000005
14,3,4,3,0.0,2.26,1.2795833333333337
15,3,4,3,0.0,1.51,1.312916666666667
16,3,4,3,2.31,1.17,1.264166666666667
17,3,4,3,0.0,0.5800000000000001,1.250416666666667
18,3,4,3,0.25,1.16,1.279166666666667
19,3,4,3,1.85,0.0,1.279166666666667
20,3,4,3,0.0,2.24,1.3133333333333337
21,3,4,3,3.06,0.0,1.3133333333333337
22,3,4,3,0.0,4.140000000000001,1.2020833333333336
23,3,4,3,1.47,1.47,1.2550000000000006
0,4,5,3,2.74,0.47,1.2354166666666668
1,4,5,3,0.0,4.34,1.0545833333333337
2,4,5,3,0.0,0.41,1.1058333333333337
3,4,5,3,1.64,1.84,1.0512500000000005
4,4,5,3,0.53,0.58,1.0270833333333338
5,4,5,3,0.0,0.49,1.0687500000000003
6,4,5,3,1.49,1.96,0.9870833333333336
7,4,5,3,0.0,1.0,0.945416666666667
8,4,5,3,0.0,1.82,0.8695833333333337
9,4,5,3,0.0,1.81,0.8562500000000005
10,4,5,3,1.49,1.32,0.8012500000000005
11,4,5,3,0.0,2.4000000000000004,0.856666666666667
12,4,5,3,3.73,0.0,0.9891666666666671
13,4,5,3,3.18,0.0,1.067916666666667
14,4,5,3,1.89,0.0,1.067916666666667
15,4,5,3,0.0,2.31,1.060416666666667
16,4,5,3,2.13,0.0,1.0733333333333337
17,4,5,3,0.31,0.25,1.161666666666667
18,4,5,3,2.37,1.85,1.134166666666667
19,4,5,3,1.19,0.0,1.174166666666667
20,4,5,3,0.96,3.06,1.1354166666666672
21,4,5,3,2.13,0.0,1.192916666666667
22,4,5,3,1.38,1.47,1.2000000000000004
23,4,5,3,1.64,2.74,1.120416666666667
0,5,6,3,0.83,0.0,1.1512500000000003
1,5,6,3,0.74,0.0,1.1512500000000003
2,5,6,3,0.0,1.64,1.082916666666667
3,5,6,3,0.0,0.53,1.0608333333333337
4,5,6,3,0.0,0.0,1.0712500000000003
5,5,6,3,0.25,1.49,1.0562500000000004
6,5,6,3,1.13,0.0,1.0562500000000004
7,5,6,3,0.0,0.0,1.0562500000000004
8,5,6,3,0.0,0.0,1.1370833333333337
9,5,6,3,1.94,1.49,1.1154166666666672
10,5,6,3,0.97,0.0,1.1154166666666672
11,5,6,3,0.0,3.73,0.9995833333333337
12,5,6,3,0.95,3.18,0.9320833333333338
13,5,6,3,1.56,1.89,0.9512500000000004
14,5,6,3,2.35,0.0,0.9512500000000004
15,5,6,3,0.0,2.13,0.8625000000000004
16,5,6,3,0.0,0.31,0.9220833333333337
17,5,6,3,1.74,2.37,0.8675000000000003
18,5,6,3,1.06,1.19,0.835416666666667
19,5,6,3,0.42,0.96,0.795416666666667
20,5,6,3,0.0,2.13,0.7916666666666671
21,5,6,3,2.04,1.38,0.7637500000000005
22,5,6,3,0.71,1.64,0.7612500000000004
23,5,6,3,1.58,0.83,0.726666666666667
0,6,0,3,0.0,0.74,0.7275000000000005
1,6,0,3,0.76,0.0,0.8441666666666671
2,6,0,3,2.8,0.0,0.8441666666666671
3,6,0,3,0.0,0.0,0.8987500000000005
4,6,0,3,1.31,0.25,1.036666666666667
5,6,0,3,3.56,1.13,1.0487500000000003
6,6,0,3,1.42,0.0,1.0600000000000003
7,6,0,3,0.27,0.0,1.104583333333334
8,6,0,3,1.07,1.94,1.0237500000000004
9,6,0,3,0.0,0.97,0.9833333333333338
10,6,0,3,0.0,0.0,0.9833333333333338
11,6,0,3,0.0,0.95,1.0837500000000004
12,6,0,3,3.36,1.56,1.0620833333333337
13,6,0,3,1.04,2.35,1.0037500000000004
14,6,0,3,0.95,0.0,1.0462500000000003
15,6,0,3,1.02,0.0,1.0462500000000003
16,6,0,3,0.0,1.74,1.004166666666667
17,6,0,3,0.73,1.06,1.192916666666667
18,6,0,3,5.59,0.42,1.2500000000000002
19,6,0,3,1.79,0.0,1.2720833333333337
20,6,0,3,0.53,2.04,1.246666666666667
21,6,0,3,1.43,0.71,1.440416666666667
22,6,0,3,5.359999999999999,1.58,1.4987500000000005
23,6,0,3,2.98,0.0,1.5837500000000004
0,7,1,3,2.04,0.76,1.6008333333333333
1,7,1,3,1.17,2.8,1.4841666666666669
2,7,1,3,0.0,0.0,1.6091666666666669
3,7,1,3,3.0,1.31,1.5545833333333334
4,7,1,3,0.0,3.56,1.5020833333333339
5,7,1,3,2.3,1.42,1.442916666666667
6,7,1,3,0.0,0.27,1.5862500000000004
7,7,1,3,3.71,1.07,1.6120833333333335
8,7,1,3,1.69,0.0,1.6120833333333335
9,7,1,3,0.0,0.0,1.7583333333333335
10,7,1,3,3.51,0.0,1.8133333333333335
11,7,1,3,1.32,3.36,1.7112500000000004
12,7,1,3,0.91,1.04,1.7587500000000003
13,7,1,3,2.18,0.95,1.7725000000000006
14,7,1,3,1.28,1.02,1.7433333333333338
15,7,1,3,0.32,0.0,1.8862500000000004
16,7,1,3,3.43,0.73,1.9945833333333338
17,7,1,3,3.33,5.59,1.761666666666667
18,7,1,3,0.0,1.79,1.7295833333333335
19,7,1,3,1.02,0.53,1.7075000000000002
20,7,1,3,0.0,1.43,1.7295833333333335
21,7,1,3,1.96,5.359999999999999,1.5325000000000004
22,7,1,3,0.63,2.98,1.5333333333333339
23,7,1,3,3.0,2.04,1.448333333333334
0,8,2,3,0.0,1.17,1.3995833333333338
1,8,2,3,0.0,0.0,1.4745833333333336
2,8,2,3,1.8,3.0,1.4054166666666672
3,8,2,3,1.34,0.0,1.4054166666666672
4,8,2,3,0.0,2.3,1.370416666666667
5,8,2,3,1.46,0.0,1.4462500000000003
6,8,2,3,1.82,3.71,1.3625000000000005
7,8,2,3,1.7,1.69,1.292083333333334
8,8,2,3,0.0,0.0,1.5045833333333338
9,8,2,3,5.1,3.51,1.4816666666666667
10,8,2,3,2.96,1.32,1.426666666666667
11,8,2,3,0.0,0.91,1.4670833333333337
12,8,2,3,1.88,2.18,1.4537500000000003
13,8,2,3,1.86,1.28,1.4004166666666669
14,8,2,3,0.0,0.32,1.500416666666667
15,8,2,3,2.72,3.43,1.3741666666666668
16,8,2,3,0.4,3.33,1.3533333333333337
17,8,2,3,2.83,0.0,1.3533333333333337
18,8,2,3,0.0,1.02,1.3820833333333338
19,8,2,3,1.71,0.0,1.3820833333333338
20,8,2,3,0.0,1.96,1.320416666666667
21,8,2,3,0.48,0.63,1.4275000000000004
22,8,2,3,3.2,3.0,1.3025000000000004
23,8,2,3,0.0,0.0,1.3025000000000004
0,9,3,3,0.0,0.0,1.4800000000000004
1,9,3,3,4.26,1.8,1.4870833333333335
2,9,3,3,1.97,1.34,1.4633333333333338
3,9,3,3,0.77,0.0,1.5045833333333336
4,9,3,3,0.99,1.46,1.4437500000000003
5,9,3,3,0.0,1.82,1.367916666666667
6,9,3,3,0.0,1.7,1.2970833333333338
7,9,3,3,0.0,0.0,1.390416666666667
8,9,3,3,2.24,5.1,1.2062500000000003
9,9,3,3,0.68,2.96,1.107916666666667
10,9,3,3,0.6,0.0,1.225416666666667
11,9,3,3,2.82,1.88,1.1800000000000004
12,9,3,3,0.79,1.86,1.1025000000000003
13,9,3,3,0.0,0.0,1.1333333333333335
14,9,3,3,0.74,2.72,1.069166666666667
15,9,3,3,1.18,0.4,1.192916666666667
16,9,3,3,3.37,2.83,1.0750000000000004
17,9,3,3,0.0,0.0,1.1266666666666671
18,9,3,3,1.24,1.71,1.1300000000000003
19,9,3,3,1.79,0.0,1.2016666666666669
20,9,3,3,1.72,0.48,1.1816666666666669
21,9,3,3,0.0,3.2,1.0483333333333336
22,9,3,3,0.0,0.0,1.0483333333333336
23,9,3,3,0.0,0.0,1.1462500000000004
0,10,4,3,2.35,4.26,0.9687500000000004
1,10,4,3,0.0,1.97,0.886666666666667
2,10,4,3,0.0,0.77,0.8545833333333337
3,10,4,3,0.0,0.99,0.9887500000000005
4,10,4,3,4.21,0.0,1.0308333333333337
5,10,4,3,1.01,0.0,1.060416666666667
6,10,4,3,0.71,0.0,1.060416666666667
7,10,4,3,0.0,2.24,1.1525000000000003
8,10,4,3,4.45,0.68,1.1495833333333336
9,10,4,3,0.61,0.6,1.2091666666666672
10,10,4,3,2.03,2.82,1.1433333333333338
11,10,4,3,1.24,0.79,1.1925000000000001
12,10,4,3,1.97,0.0,1.2170833333333337
13,10,4,3,0.59,0.74,1.241666666666667
14,10,4,3,1.33,1.18,1.3012500000000002
15,10,4,3,2.61,3.37,1.1608333333333336
16,10,4,3,0.0,0.0,1.1608333333333336
17,10,4,3,0.0,1.24,1.1687500000000004
18,10,4,3,1.43,1.79,1.1650000000000003
19,10,4,3,1.7,1.72,1.231666666666667
20,10,4,3,3.32,0.0,1.2520833333333337
21,10,4,3,0.49,0.0,1.2520833333333337
22,10,4,3,0.0,0.0,1.2520833333333337
23,10,4,3,0.0,2.35,1.154166666666667
0,11,5,3,0.0,0.0,1.154166666666667
1,11,5,3,0.0,0.0,1.2458333333333338
2,11,5,3,2.2,0.0,1.3533333333333337
3,11,5,3,2.58,4.21,1.1779166666666672
4,11,5,3,0.0,1.01,1.1745833333333338
5,11,5,3,0.93,0.71,1.1450000000000005
6,11,5,3,0.0,0.0,1.1450000000000005
7,11,5,3,0.0,4.45,1.0237500000000004
8,11,5,3,1.54,0.61,1.1112500000000003
9,11,5,3,2.71,2.03,1.1325000000000005
10,11,5,3,2.54,1.24,1.2520833333333337
11,11,5,3,4.11,1.97,1.2775000000000005
12,11,5,3,2.58,0.59,1.3000000000000005
13,11,5,3,1.13,1.33,1.4366666666666672
14,11,5,3,4.61,2.61,1.3883333333333336
15,11,5,3,1.45,0.0,1.4270833333333337
16,11,5,3,0.93,0.0,1.4270833333333337
17,11,5,3,0.0,1.43,1.3675000000000004
18,11,5,3,0.0,1.7,1.3341666666666672
19,11,5,3,0.9,3.32,1.264166666666667
20,11,5,3,1.64,0.49,1.2437500000000004
21,11,5,3,0.0,0.0,1.3100000000000005
22,11,5,3,1.59,0.0,1.385833333333334
23,11,5,3,1.82,0.0,1.3970833333333337
0,12,6,3,0.27,0.0,1.435416666666667
1,12,6,3,0.92,2.2,1.3437500000000002
2,12,6,3,0.0,2.58,1.2362500000000003
3,12,6,3,0.0,0.0,1.4141666666666672
4,12,6,3,4.2700000000000005,0.93,1.4270833333333337
5,12,6,3,1.24,0.0,1.4270833333333337
6,12,6,3,0.0,0.0,1.6491666666666671
7,12,6,3,5.33,1.54,1.5958333333333339
8,12,6,3,0.26,2.71,1.482916666666667
9,12,6,3,0.0,2.54,1.3770833333333339
10,12,6,3,0.0,4.11,1.2150000000000005
11,12,6,3,0.22,2.58,1.1620833333333338
12,12,6,3,1.31,1.13,1.244166666666667
13,12,6,3,3.1,4.61,1.0520833333333337
14,12,6,3,0.0,1.45,1.042916666666667
15,12,6,3,1.23,0.93,1.004166666666667
16,12,6,3,0.0,0.0,1.004166666666667
17,12,6,3,0.0,0.0,1.004166666666667
18,12,6,3,0.0,0.9,1.009166666666667
19,12,6,3,1.02,1.64,1.0020833333333339
20,12,6,3,1.47,0.0,1.1208333333333338
21,12,6,3,2.85,1.59,1.2775000000000005
22,12,6,3,5.35,1.82,1.319166666666667
23,12,6,3,2.8200000000000003,0.27,1.307916666666667
0,13,0,3,0.0,0.92,1.345416666666667
1,13,0,3,1.82,0.0,1.4262500000000005
2,13,0,3,1.94,0.0,1.5616666666666672
3,13,0,3,3.25,4.2700000000000005,1.5983333333333336
4,13,0,3,5.15,1.24,1.546666666666667
5,13,0,3,0.0,0.0,1.546666666666667
6,13,0,3,0.0,5.33,1.424166666666667
7,13,0,3,2.39,0.26,1.4737500000000006
8,13,0,3,1.45,0.0,1.4737500000000006
9,13,0,3,0.0,0.0,1.4737500000000006
10,13,0,3,0.0,0.22,1.6504166666666673
11,13,0,3,4.46,1.31,1.6375000000000004
12,13,0,3,1.0,3.1,1.5616666666666672
13,13,0,3,1.28,0.0,1.706666666666667
14,13,0,3,3.48,1.23,1.8208333333333337
15,13,0,3,3.97,0.0,1.879166666666667
16,13,0,3,1.4,0.0,1.9391666666666671
17,13,0,3,1.44,0.0,1.9391666666666671
18,13,0,3,0.0,1.02,1.9383333333333337
19,13,0,3,1.0,1.47,1.892916666666667
20,13,0,3,0.38,2.85,1.800416666666667
21,13,0,3,0.63,5.35,1.7316666666666671
22,13,0,3,3.7,2.8200000000000003,1.614166666666667
23,13,0,3,0.0,0.0,1.6933333333333336
0,14,1,3,1.9,1.82,1.6175000000000004
1,14,1,3,0.0,1.94,1.5700000000000003
2,14,1,3,0.8,3.25,1.4708333333333339
3,14,1,3,0.87,5.15,1.2562500000000003
4,14,1,3,0.0,0.0,1.2562500000000003
5,14,1,3,0.0,0.0,1.3245833333333337
6,14,1,3,1.64,2.39,1.2412500000000004
7,14,1,3,0.39,1.45,1.1995833333333337
8,14,1,3,0.45,0.0,1.1995833333333337
9,14,1,3,0.0,0.0,1.286666666666667
10,14,1,3,2.09,4.46,1.1712500000000003
11,14,1,3,1.69,1.0,1.1425000000000003
12,14,1,3,0.31,1.28,1.1425000000000003
13,14,1,3,1.28,3.48,1.1154166666666672
14,14,1,3,2.83,3.97,1.0108333333333337
15,14,1,3,1.46,1.4,0.9525000000000005
16,14,1,3,0.0,1.44,0.8925000000000004
17,14,1,3,0.0,0.0,1.0795833333333338
18,14,1,3,4.49,1.0,1.037916666666667
19,14,1,3,0.0,0.38,1.0220833333333337
20,14,1,3,0.0,0.63,1.0375000000000005
21,14,1,3,1.0,3.7,1.0858333333333337
22,14,1,3,4.859999999999999,0.0,1.2250000000000003
23,14,1,3,3.34,1.9,1.192916666666667
0,15,2,3,1.13,0.0,1.224166666666667
1,15,2,3,0.75,0.8,1.3008333333333337
2,15,2,3,2.64,0.87,1.2645833333333336
3,15,2,3,0.0,0.0,1.2970833333333336
4,15,2,3,0.78,0.0,1.3283333333333336
5,15,2,3,0.75,1.64,1.2920833333333337
6,15,2,3,0.77,0.39,1.3370833333333338
7,15,2,3,1.47,0.45,1.3583333333333336
8,15,2,3,0.96,0.0,1.4450000000000003
9,15,2,3,2.08,2.09,1.457916666666667
10,15,2,3,2.4,1.69,1.4595833333333337
11,15,2,3,1.73,0.31,1.4904166666666672
12,15,2,3,1.05,1.28,1.465416666666667
13,15,2,3,0.68,2.83,1.3475000000000004
14,15,2,3,0.0,1.46,1.286666666666667
15,15,2,3,0.0,0.0,1.3345833333333337
16,15,2,3,1.15,0.0,1.3345833333333337
17,15,2,3,0.0,4.49,1.1475000000000002
18,15,2,3,0.0,0.0,1.3620833333333338
19,15,2,3,5.15,0.0,1.4308333333333338
20,15,2,3,1.65,1.0,1.389166666666667
21,15,2,3,0.0,4.859999999999999,1.2583333333333337
22,15,2,3,1.72,3.34,1.119166666666667
23,15,2,3,0.0,1.13,1.1333333333333337
0,16,3,3,1.47,0.75,1.1179166666666671
1,16,3,3,0.38,2.64,1.007916666666667
2,16,3,3,0.0,0.0,1.071666666666667
3,16,3,3,1.53,0.78,1.1266666666666671
4,16,3,3,2.1,0.75,1.147916666666667
5,16,3,3,1.26,0.77,1.1770833333333337
6,16,3,3,1.47,1.47,1.1158333333333337
7,16,3,3,0.0,0.96,1.190416666666667
8,16,3,3,2.75,2.08,1.2266666666666672
9,16,3,3,2.95,2.4,1.1804166666666671
10,16,3,3,1.29,1.73,1.152916666666667
11,16,3,3,1.07,1.05,1.1712500000000003
12,16,3,3,1.49,0.68,1.1908333333333336
13,16,3,3,1.15,0.0,1.1908333333333336
14,16,3,3,0.0,0.0,1.282916666666667
15,16,3,3,2.21,1.15,1.3141666666666671
16,16,3,3,1.9,0.0,1.3141666666666671
17,16,3,3,0.0,0.0,1.3141666666666671
18,16,3,3,0.0,5.15,1.0995833333333336
19,16,3,3,0.0,1.65,1.0662500000000004
20,16,3,3,0.85,0.0,1.1562500000000002
21,16,3,3,2.16,1.72,1.2816666666666672
22,16,3,3,4.73,0.0,1.4287500000000006
23,16,3,3,3.53,1.47,1.4237500000000003
0,17,4,3,1.35,0.38,1.4941666666666669
1,17,4,3,2.07,0.0,1.5483333333333338
2,17,4,3,1.3,1.53,1.6687500000000004
3,17,4,3,4.42,2.1,1.7570833333333338
4,17,4,3,4.220000000000001,1.26,1.760833333333334
5,17,4,3,1.35,1.47,1.737916666666667
6,17,4,3,0.92,0.0,1.8029166666666672
7,17,4,3,1.56,2.75,1.6883333333333337
8,17,4,3,0.0,2.95,1.6225000000000003
9,17,4,3,1.37,1.29,1.7262500000000003
10,17,4,3,3.78,1.07,1.7495833333333337
11,17,4,3,1.63,1.49,1.7000000000000004
12,17,4,3,0.3,1.15,1.760416666666667
13,17,4,3,2.6,0.0,1.8258333333333336
14,17,4,3,1.57,2.21,1.748333333333334
15,17,4,3,0.35,1.9,1.7162500000000003
16,17,4,3,1.13,0.0,1.8070833333333336
17,17,4,3,2.18,0.0,1.8070833333333336
18,17,4,3,0.0,0.0,1.9075000000000004
19,17,4,3,2.41,0.85,1.9470833333333337
20,17,4,3,1.8,2.16,1.9045833333333337
21,17,4,3,1.14,4.73,1.7075000000000002
22,17,4,3,0.0,3.53,1.560416666666667
23,17,4,3,0.0,1.35,1.6962500000000003
0,18,5,3,4.61,2.07,1.6100000000000003
1,18,5,3,0.0,1.3,1.623333333333334
2,18,5,3,1.62,4.42,1.4391666666666671
3,18,5,3,0.0,4.220000000000001,1.3550000000000004
4,18,5,3,2.2,1.35,1.375416666666667
5,18,5,3,1.84,0.92,1.4158333333333335
6,18,5,3,1.89,1.56,1.465416666666667
7,18,5,3,2.75,0.0,1.465416666666667
8,18,5,3,0.0,1.37,1.4420833333333336
9,18,5,3,0.81,3.78,1.379166666666667
10,18,5,3,2.27,1.63,1.3112500000000005
11,18,5,3,0.0,0.3,1.2987500000000003
12,18,5,3,0.0,2.6,1.2458333333333338
13,18,5,3,1.33,1.57,1.2025000000000003
14,18,5,3,0.53,0.35,1.2208333333333339
15,18,5,3,0.79,1.13,1.3045833333333337
16,18,5,3,3.14,2.18,1.247916666666667
17,18,5,3,0.82,0.0,1.403333333333334
18,18,5,3,3.73,2.41,1.410416666666667
19,18,5,3,2.58,1.8,1.335416666666667
20,18,5,3,0.0,1.14,1.3429166666666672
21,18,5,3,1.32,0.0,1.3745833333333337
22,18,5,3,0.76,0.0,1.3745833333333337
23,18,5,3,0.0,4.61,1.3950000000000005
0,19,6,3,5.1,0.0,1.3950000000000005
1,19,6,3,0.0,1.62,1.3275000000000003
2,19,6,3,0.0,0.0,1.5362500000000006
3,19,6,3,5.01,2.2,1.4995833333333337
4,19,6,3,1.32,1.84,1.4229166666666673
5,19,6,3,0.0,1.89,1.4158333333333337
6,19,6,3,1.72,2.75,1.4700000000000004
7,19,6,3,4.05,0.0,1.535416666666667
8,19,6,3,1.57,0.81,1.501666666666667
9,19,6,3,0.0,2.27,1.5025000000000004
10,19,6,3,2.29,0.0,1.6570833333333337
11,19,6,3,3.71,0.0,1.677083333333334
12,19,6,3,0.48,1.33,1.6854166666666668
13,19,6,3,1.53,0.53,1.684166666666667
14,19,6,3,0.5,0.79,1.7533333333333336
15,19,6,3,2.45,3.14,1.6537500000000005
16,19,6,3,0.75,0.82,1.6195833333333338
17,19,6,3,0.0,3.73,1.534166666666667
18,19,6,3,1.68,2.58,1.5212500000000004
19,19,6,3,2.27,0.0,1.5312500000000002
20,19,6,3,0.24,1.32,1.5520833333333337
21,19,6,3,1.82,0.76,1.5316666666666672
22,19,6,3,0.27,0.0,1.5316666666666672
23,19,6,3,0.0,5.1,1.3379166666666669
0,20,0,3,0.45,0.0,1.4237500000000003
1,20,0,3,2.06,0.0,1.4450000000000003
2,20,0,3,0.51,5.01,1.3300000000000003
3,20,0,3,2.25,1.32,1.2750000000000004
4,20,0,3,0.0,0.0,1.3429166666666672
5,20,0,3,1.63,1.72,1.2712500000000004
6,20,0,3,0.0,4.05,1.1025000000000003
7,20,0,3,0.0,1.57,1.0866666666666671
8,20,0,3,1.19,0.0,1.1370833333333337
9,20,0,3,1.21,2.29,1.0416666666666672
10,20,0,3,0.0,3.71,1.0745833333333337
11,20,0,3,4.5,0.48,1.0545833333333337
12,20,0,3,0.0,1.53,1.2516666666666671
13,20,0,3,6.26,0.5,1.372916666666667
14,20,0,3,3.41,2.45,1.2945833333333336
15,20,0,3,0.57,0.75,1.2633333333333336
16,20,0,3,0.0,0.0,1.2633333333333336
17,20,0,3,0.0,1.68,1.2245833333333336
18,20,0,3,0.75,2.27,1.1300000000000003
19,20,0,3,0.0,0.24,1.1908333333333336
20,20,0,3,1.7,1.82,1.167916666666667
21,20,0,3,1.27,0.27,1.156666666666667
22,20,0,3,0.0,0.0,1.2400000000000004
23,20,0,3,2.0,0.45,1.2429166666666671
0,21,1,3,0.52,2.06,1.1570833333333337
1,21,1,3,0.0,0.51,1.1962500000000005
2,21,1,3,1.45,2.25,1.1762500000000002
3,21,1,3,1.77,0.0,1.2404166666666672
4,21,1,3,1.54,1.63,1.220416666666667
5,21,1,3,1.15,0.0,1.220416666666667
6,21,1,3,0.0,0.0,1.2870833333333336
7,21,1,3,1.6,1.19,1.269166666666667
8,21,1,3,0.76,1.21,1.2545833333333338
9,21,1,3,0.86,0.0,1.2545833333333338
10,21,1,3,0.0,4.5,1.1250000000000002
11,21,1,3,1.39,0.0,1.2008333333333336
12,21,1,3,1.82,6.26,1.0704166666666672
13,21,1,3,3.13,3.41,1.0879166666666669
14,21,1,3,3.83,0.57,1.1225000000000005
15,21,1,3,1.4,0.0,1.1225000000000005
16,21,1,3,0.0,0.0,1.3275000000000003
17,21,1,3,4.92,0.75,1.4475000000000005
18,21,1,3,3.63,0.0,1.4937500000000004
19,21,1,3,1.11,1.7,1.5362500000000001
20,21,1,3,2.72,1.27,1.6150000000000004
21,21,1,3,3.16,0.0,1.7512500000000004
22,21,1,3,3.27,2.0,1.739166666666667
23,21,1,3,1.71,0.52,1.7175000000000002
0,22,2,3,0.0,0.0,1.7487500000000002
1,22,2,3,0.75,1.45,1.6883333333333335
2,22,2,3,0.0,1.77,1.7162500000000005
3,22,2,3,2.44,1.54,1.6520833333333338
4,22,2,3,0.0,1.15,1.7033333333333338
5,22,2,3,2.38,0.0,1.7650000000000006
6,22,2,3,1.48,1.6,1.715416666666667
7,22,2,3,0.41,0.76,1.6950000000000005
8,22,2,3,0.27,0.86,1.659166666666667
9,22,2,3,0.0,0.0,1.7491666666666668
10,22,2,3,2.16,1.39,1.6912500000000001
11,22,2,3,0.0,1.82,1.7825000000000006
12,22,2,3,4.01,3.13,1.6520833333333336
13,22,2,3,0.0,3.83,1.5175000000000003
14,22,2,3,0.6,1.4,1.572916666666667
15,22,2,3,2.73,0.0,1.5950000000000004
16,22,2,3,0.53,4.92,1.4837500000000006
17,22,2,3,2.25,3.63,1.3800000000000006
18,22,2,3,1.14,1.11,1.3337500000000004
19,22,2,3,0.0,2.72,1.2858333333333338
20,22,2,3,1.57,3.16,1.2487500000000005
21,22,2,3,2.27,3.27,1.1812500000000004
22,22,2,3,1.65,1.71,1.1100000000000003
23,22,2,3,0.0,0.0,1.182916666666667
0,23,3,3,1.75,0.75,1.2408333333333337
1,23,3,3,2.14,0.0,1.2408333333333337
2,23,3,3,0.0,2.44,1.154166666666667
3,23,3,3,0.36,0.0,1.154166666666667
4,23,3,3,0.0,2.38,1.1625000000000003
5,23,3,3,2.58,1.48,1.1895833333333337
6,23,3,3,2.13,0.41,1.237916666666667
7,23,3,3,1.5699999999999998,0.27,1.226666666666667
8,23,3,3,0.0,0.0,1.2933333333333337
9,23,3,3,1.6,2.16,1.2287500000000005
10,23,3,3,0.61,0.0,1.2287500000000005
11,23,3,3,0.0,4.01,1.2000000000000004
12,23,3,3,3.32,0.0,1.2358333333333338
13,23,3,3,0.8600000000000001,0.6,1.2362500000000003
14,23,3,3,0.61,2.73,1.1225000000000003
15,23,3,3,0.0,0.53,1.1575000000000004
16,23,3,3,1.37,2.25,1.127916666666667
17,23,3,3,1.54,1.14,1.1120833333333338
18,23,3,3,0.76,0.0,1.1304166666666668
19,23,3,3,0.44,1.57,1.104583333333334
20,23,3,3,0.95,2.27,1.0100000000000005
21,23,3,3,0.0,1.65,1.0183333333333338
22,23,3,3,1.85,0.0,1.0958333333333337
23,23,3,3,1.86,1.75,1.101666666666667
0,24,4,3,1.89,2.14,1.100416666666667
1,24,4,3,2.11,0.0,1.177916666666667
2,24,4,3,1.86,0.36,1.1987500000000004
3,24,4,3,0.86,0.0,1.1987500000000004
4,24,4,3,0.0,2.58,1.0912500000000005
5,24,4,3,0.0,2.13,1.1475000000000002
6,24,4,3,3.48,1.5699999999999998,1.1100000000000003
7,24,4,3,0.67,0.0,1.1100000000000003
8,24,4,3,0.0,1.6,1.3108333333333337
9,24,4,3,6.42,0.61,1.285416666666667
10,24,4,3,0.0,0.0,1.4379166666666672
11,24,4,3,3.66,3.32,1.2995833333333338
12,24,4,3,0.0,0.8600000000000001,1.2637500000000006
13,24,4,3,0.0,0.61,1.416666666666667
14,24,4,3,4.28,0.0,1.532916666666667
15,24,4,3,2.79,1.37,1.497916666666667
16,24,4,3,0.53,1.54,1.5387500000000005
17,24,4,3,2.52,0.76,1.5070833333333338
18,24,4,3,0.0,0.44,1.5129166666666671
19,24,4,3,0.58,0.95,1.4733333333333338
20,24,4,3,0.0,0.0,1.5900000000000005
21,24,4,3,2.8,1.85,1.5625000000000007
22,24,4,3,1.19,1.86,1.542916666666667
23,24,4,3,1.39,1.89,1.4762500000000005
0,25,5,3,0.29,2.11,1.4612500000000006
1,25,5,3,1.75,1.86,1.5341666666666673
2,25,5,3,3.61,0.86,1.51
3,25,5,3,0.28,0.0,1.51
4,25,5,3,0.0,0.0,1.51
5,25,5,3,0.0,3.48,1.510416666666667
6,25,5,3,3.49,0.67,1.4825000000000002
7,25,5,3,0.0,0.0,1.4825000000000002
8,25,5,3,0.0,6.42,1.2150000000000005
9,25,5,3,0.0,0.0,1.2437500000000004
10,25,5,3,0.69,3.66,1.222916666666667
11,25,5,3,3.16,0.0,1.2808333333333337
12,25,5,3,1.39,0.0,1.2808333333333337
13,25,5,3,0.0,4.28,1.1933333333333336
14,25,5,3,2.18,2.79,1.1450000000000002
15,25,5,3,1.63,0.53,1.2687500000000003
16,25,5,3,3.5,2.52,1.1637500000000003
17,25,5,3,0.0,0.0,1.1995833333333337
18,25,5,3,0.86,0.58,1.175416666666667
19,25,5,3,0.0,0.0,1.175416666666667
20,25,5,3,0.0,2.8,1.0587500000000003
21,25,5,3,0.0,1.19,1.0637500000000004
22,25,5,3,1.31,1.39,1.1037500000000005
23,25,5,3,2.35,0.29,1.091666666666667
0,26,6,3,0.0,1.75,1.1012500000000003
1,26,6,3,1.98,3.61,1.0283333333333335
2,26,6,3,1.86,0.28,1.152916666666667
3,26,6,3,3.27,0.0,1.1645833333333337
4,26,6,3,0.28,0.0,1.1645833333333337
5,26,6,3,0.0,3.49,1.0554166666666671
6,26,6,3,0.87,0.0,1.132916666666667
7,26,6,3,1.86,0.0,1.321666666666667
8,26,6,3,4.529999999999999,0.0,1.4787500000000005
9,26,6,3,3.77,0.69,1.4500000000000004
10,26,6,3,0.0,3.16,1.425
11,26,6,3,2.56,1.39,1.4158333333333335
12,26,6,3,1.17,0.0,1.4883333333333335
13,26,6,3,1.74,2.18,1.4775000000000003
14,26,6,3,1.92,1.63,1.4237500000000003
15,26,6,3,0.34,3.5,1.2945833333333336
16,26,6,3,0.4,0.0,1.4820833333333336
17,26,6,3,4.5,0.86,1.472916666666667
18,26,6,3,0.64,0.0,1.542916666666667
19,26,6,3,1.68,0.0,1.634166666666667
20,26,6,3,2.19,0.0,1.665416666666667
21,26,6,3,0.75,1.31,1.6108333333333336
22,26,6,3,0.0,2.35,1.5129166666666671
23,26,6,3,0.0,0.0,1.5129166666666671
0,27,0,3,0.0,1.98,1.4570833333333335
1,27,0,3,0.64,1.86,1.4366666666666672
2,27,0,3,1.37,3.27,1.3654166666666672
3,27,0,3,1.56,0.28,1.3537500000000005
4,27,0,3,0.0,0.0,1.4325000000000003
5,27,0,3,1.89,0.87,1.4775000000000003
6,27,0,3,1.95,1.86,1.4875000000000005
7,27,0,3,2.1,4.529999999999999,1.377916666666667
8,27,0,3,1.9,3.77,1.2800000000000005
9,27,0,3,1.42,0.0,1.4070833333333337
10,27,0,3,3.05,2.56,1.3625000000000005
11,27,0,3,1.4899999999999998,1.17,1.3137500000000004
12,27,0,3,0.0,1.74,1.3645833333333337
13,27,0,3,2.96,1.92,1.475416666666667
14,27,0,3,4.58,0.34,1.7462500000000005
15,27,0,3,6.84,0.4,1.7716666666666672
16,27,0,3,1.01,4.5,1.6500000000000004
17,27,0,3,1.58,0.64,1.6325000000000003
18,27,0,3,0.22,1.68,1.5762500000000002
19,27,0,3,0.33,2.19,1.6550000000000005
20,27,0,3,4.08,0.75,1.7425000000000004
21,27,0,3,2.85,0.0,1.7666666666666673
22,27,0,3,0.58,0.0,1.7666666666666673
23,27,0,3,0.0,0.0,1.890416666666667
0,28,1,3,2.97,0.64,1.9004166666666669
1,28,1,3,0.88,1.37,1.8962500000000004
2,28,1,3,1.27,1.56,1.9095833333333339
3,28,1,3,1.88,0.0,1.9637500000000003
4,28,1,3,1.3,1.89,1.975416666666667
5,28,1,3,2.17,1.95,1.894166666666667
6,28,1,3,0.0,2.1,1.8066666666666673
7,28,1,3,0.0,1.9,1.9495833333333337
8,28,1,3,5.33,1.42,2.107083333333334
9,28,1,3,5.2,3.05,1.991666666666667
10,28,1,3,0.28,1.4899999999999998,1.9295833333333337
11,28,1,3,0.0,0.0,1.9641666666666673
12,28,1,3,0.83,2.96,1.840833333333334
13,28,1,3,0.0,4.58,1.6500000000000004
14,28,1,3,0.0,6.84,1.4083333333333339
15,28,1,3,1.04,1.01,1.4075000000000006
16,28,1,3,0.99,1.58,1.487916666666667
17,28,1,3,3.51,0.22,1.562916666666667
18,28,1,3,2.02,0.33,1.549166666666667
19,28,1,3,0.0,4.08,1.448333333333334
20,28,1,3,1.66,2.85,1.3295833333333338
21,28,1,3,0.0,0.58,1.3475000000000004
22,28,1,3,1.01,0.0,1.4187500000000002
23,28,1,3,1.71,2.97,1.2950000000000004
0,29,2,3,0.0,0.88,1.2583333333333337
1,29,2,3,0.0,1.27,1.205416666666667
2,29,2,3,0.0,1.88,1.1270833333333337
3,29,2,3,0.0,1.3,1.0729166666666672
4,29,2,3,0.0,2.17,1.0470833333333338
5,29,2,3,1.55,0.0,1.322916666666667
6,29,2,3,6.62,0.0,1.455416666666667
7,29,2,3,3.18,5.33,1.4704166666666671
8,29,2,3,5.69,5.2,1.2537500000000004
9,29,2,3,0.0,0.28,1.2420833333333337
10,29,2,3,0.0,0.0,1.3375000000000004
11,29,2,3,2.29,0.83,1.4045833333333337
12,29,2,3,2.44,0.0,1.421666666666667
13,29,2,3,0.41,0.0,1.421666666666667
14,29,2,3,0.0,1.04,1.3875000000000004
15,29,2,3,0.22,0.99,1.469166666666667
16,29,2,3,2.95,3.51,1.362916666666667
17,29,2,3,0.96,2.02,1.3054166666666671
18,29,2,3,0.64,0.0,1.317916666666667
19,29,2,3,0.3,1.66,1.3141666666666671
20,29,2,3,1.57,0.0,1.4287500000000006
21,29,2,3,2.75,1.01,1.4383333333333337
22,29,2,3,1.24,1.71,1.404166666666667
23,29,2,3,0.89,0.0,1.4600000000000006
0,30,3,3,1.34,0.0,1.4600000000000006
1,30,3,3,0.0,0.0,1.5308333333333337
2,30,3,3,1.7,0.0,1.5633333333333337
3,30,3,3,0.78,0.0,1.6083333333333336
4,30,3,3,1.08,1.55,1.6520833333333336
5,30,3,3,2.6,6.62,1.3762500000000004
6,30,3,3,0.0,3.18,1.4391666666666671
7,30,3,3,4.69,5.69,1.3120833333333337
8,30,3,3,2.64,0.0,1.3120833333333337
9,30,3,3,0.0,0.0,1.3120833333333337
10,30,3,3,0.0,2.29,1.216666666666667
11,30,3,3,0.0,2.44,1.151666666666667
12,30,3,3,0.88,0.41,1.1345833333333337
13,30,3,3,0.0,0.0,1.2658333333333338
14,30,3,3,3.15,0.22,1.256666666666667
15,30,3,3,0.0,2.95,1.3050000000000004
16,30,3,3,4.11,0.96,1.3658333333333337
17,30,3,3,2.42,0.64,1.339166666666667
18,30,3,3,0.0,0.3,1.326666666666667
19,30,3,3,0.0,1.57,1.2612500000000004
20,30,3,3,0.0,2.75,1.2629166666666671
21,30,3,3,2.79,1.24,1.2112500000000004
22,30,3,3,0.0,0.89,1.229583333333334
23,30,3,3,1.33,1.34,1.3766666666666671
0,31,4,3,4.87,0.0,1.4866666666666672
1,31,4,3,2.64,1.7,1.441666666666667
2,31,4,3,0.62,0.78,1.409166666666667
3,31,4,3,0.0,1.08,1.364166666666667
4,31,4,3,0.0,2.6,1.2558333333333338
5,31,4,3,0.0,0.0,1.333333333333334
6,31,4,3,1.86,4.69,1.1620833333333336
7,31,4,3,0.58,2.64,1.1120833333333338
8,31,4,3,1.44,0.0,1.182916666666667
9,31,4,3,1.7,0.0,1.182916666666667
10,31,4,3,0.0,0.0,1.290416666666667
11,31,4,3,2.58,0.88,1.2537500000000004
12,31,4,3,0.0,0.0,1.5566666666666669
13,31,4,3,7.27,3.15,1.5575000000000003
14,31,4,3,3.17,0.0,1.6579166666666671
15,31,4,3,2.41,4.11,1.4866666666666672
16,31,4,3,0.0,2.42,1.5020833333333339
17,31,4,3,2.79,0.0,1.5633333333333337
18,31,4,3,1.47,0.0,1.6158333333333337
19,31,4,3,1.26,0.0,1.6312500000000005
20,31,4,3,0.37,2.79,1.5150000000000006
21,31,4,3,0.0,0.0,1.5554166666666671
22,31,4,3,0.97,1.33,1.5000000000000007
23,31,4,3,0.0,4.87,1.3787500000000004
0,1,5,4,1.96,2.64,1.3050000000000004
1,1,5,4,0.87,0.62,1.432916666666667
2,1,5,4,3.69,0.0,1.432916666666667
3,1,5,4,0.0,0.0,1.4687500000000002
4,1,5,4,0.86,0.0,1.4687500000000002
5,1,5,4,0.0,1.86,1.519583333333334
6,1,5,4,3.08,0.58,1.584583333333334
7,1,5,4,2.14,1.44,1.5633333333333337
8,1,5,4,0.93,1.7,1.5629166666666672
9,1,5,4,1.69,0.0,1.6570833333333337
10,1,5,4,2.26,2.58,1.6170833333333334
11,1,5,4,1.62,0.0,1.660416666666667
12,1,5,4,1.04,7.27,1.3575000000000006
13,1,5,4,0.0,3.17,1.3520833333333337
14,1,5,4,3.04,2.41,1.2770833333333338
15,1,5,4,0.61,0.0,1.424166666666667
16,1,5,4,3.53,2.79,1.3508333333333338
17,1,5,4,1.03,1.47,1.2895833333333337
18,1,5,4,0.0,1.26,1.3558333333333337
19,1,5,4,2.85,0.37,1.340416666666667
20,1,5,4,0.0,0.0,1.3766666666666671
21,1,5,4,0.87,0.97,1.380833333333334
22,1,5,4,1.07,0.0,1.4783333333333337
23,1,5,4,2.34,1.96,1.495416666666667
0,2,6,4,2.37,0.87,1.4970833333333335
1,2,6,4,0.91,3.69,1.3962500000000002
2,2,6,4,1.27,0.0,1.3962500000000002
3,2,6,4,0.0,0.86,1.3604166666666668
4,2,6,4,0.0,0.0,1.3604166666666668
5,2,6,4,0.0,3.08,1.287916666666667
6,2,6,4,1.34,2.14,1.1987500000000004
7,2,6,4,0.0,0.93,1.3045833333333337
8,2,6,4,3.47,1.69,1.2500000000000004
9,2,6,4,0.38,2.26,1.1558333333333337
10,2,6,4,0.0,1.62,1.2633333333333339
11,2,6,4,4.2,1.04,1.2745833333333336
12,2,6,4,1.31,0.0,1.3362500000000004
13,2,6,4,1.48,3.04,1.3012500000000005
14,2,6,4,2.2,0.61,1.2758333333333338
15,2,6,4,0.0,3.53,1.1487500000000004
16,2,6,4,0.48,1.03,1.2637500000000006
17,2,6,4,3.79,0.0,1.3270833333333338
18,2,6,4,1.52,2.85,1.2083333333333337
19,2,6,4,0.0,0.0,1.2083333333333337
20,2,6,4,0.0,0.87,1.1720833333333338
21,2,6,4,0.0,1.07,1.2350000000000003
22,2,6,4,2.58,2.34,1.2120833333333338
23,2,6,4,1.79,2.37,1.1270833333333339
0,3,0,4,0.33,0.91,1.1058333333333337
1,3,0,4,0.4,1.27,1.1200000000000006
2,3,0,4,1.61,0.0,1.3045833333333337
3,3,0,4,4.43,0.0,1.3637500000000002
4,3,0,4,1.42,0.0,1.429166666666667
5,3,0,4,1.57,1.34,1.3733333333333337
6,3,0,4,0.0,0.0,1.3733333333333337
7,3,0,4,0.0,3.47,1.3450000000000004
8,3,0,4,2.79,0.38,1.3783333333333339
9,3,0,4,1.18,0.0,1.3783333333333339
10,3,0,4,0.0,4.2,1.381666666666667
11,3,0,4,4.28,1.31,1.469166666666667
12,3,0,4,3.41,1.48,1.4075000000000006
13,3,0,4,0.0,2.2,1.3800000000000006
14,3,0,4,1.54,0.0,1.4095833333333339
15,3,0,4,0.71,0.48,1.4587500000000004
16,3,0,4,1.66,3.79,1.3525000000000003
17,3,0,4,1.24,1.52,1.289166666666667
18,3,0,4,0.0,0.0,1.289166666666667
19,3,0,4,0.0,0.0,1.289166666666667
20,3,0,4,0.0,0.0,1.2995833333333338
21,3,0,4,0.25,2.58,1.2487500000000005
22,3,0,4,1.36,1.79,1.3008333333333337
23,3,0,4,3.04,0.33,1.2983333333333338
0,4,1,4,0.27,0.4,1.331666666666667
1,4,1,4,1.2,1.61,1.3550000000000004
2,4,1,4,2.17,4.43,1.2012500000000004
3,4,1,4,0.74,1.42,1.2116666666666671
4,4,1,4,1.67,1.57,1.1462500000000004
5,4,1,4,0.0,0.0,1.1462500000000004
6,4,1,4,0.0,0.0,1.207916666666667
7,4,1,4,1.48,2.79,1.1433333333333338
8,4,1,4,1.24,1.18,1.210416666666667
9,4,1,4,2.79,0.0,1.210416666666667
10,4,1,4,0.0,4.28,1.0966666666666671
11,4,1,4,1.55,3.41,0.9545833333333338
12,4,1,4,0.0,0.0,1.082916666666667
13,4,1,4,3.08,1.54,1.0187500000000003
14,4,1,4,0.0,0.71,1.0512500000000005
15,4,1,4,1.49,1.66,0.9820833333333338
16,4,1,4,0.0,1.24,1.0129166666666671
17,4,1,4,1.98,0.0,1.0129166666666671
18,4,1,4,0.0,0.0,1.180416666666667
19,4,1,4,4.02,0.0,1.3125000000000002
20,4,1,4,3.17,0.25,1.3654166666666672
21,4,1,4,1.52,1.36,1.3600000000000003
22,4,1,4,1.23,3.04,1.2954166666666669
23,4,1,4,1.49,0.27,1.3220833333333337
0,5,2,4,0.91,1.2,1.3187500000000003
1,5,2,4,1.12,2.17,1.2283333333333337
2,5,2,4,0.0,0.74,1.2700000000000005
3,5,2,4,1.7400000000000002,1.67,1.2004166666666671
4,5,2,4,0.0,0.0,1.2800000000000005
5,5,2,4,1.91,0.0,1.3050000000000004
6,5,2,4,0.6,1.48,1.2970833333333336
7,5,2,4,1.29,1.24,1.3533333333333337
8,5,2,4,2.59,2.79,1.266666666666667
9,5,2,4,0.71,0.0,1.2666666666666668
10,5,2,4,0.0,1.55,1.2020833333333336
11,5,2,4,0.0,0.0,1.2520833333333337
12,5,2,4,1.2,3.08,1.1900000000000002
13,5,2,4,1.59,0.0,1.234166666666667
14,5,2,4,1.06,1.49,1.2195833333333337
15,5,2,4,1.14,0.0,1.2937500000000004
16,5,2,4,1.78,1.98,1.2387500000000002
17,5,2,4,0.66,0.0,1.291666666666667
18,5,2,4,1.27,4.02,1.124166666666667
19,5,2,4,0.0,3.17,1.0995833333333338
20,5,2,4,2.58,1.52,1.0362500000000003
21,5,2,4,0.0,1.23,0.9850000000000003
22,5,2,4,0.0,1.49,1.0425000000000004
23,5,2,4,2.87,0.91,1.0045833333333338
0,6,3,4,0.0,1.12,1.0866666666666671
1,6,3,4,3.09,0.0,1.1179166666666671
2,6,3,4,0.75,1.7400000000000002,1.1595833333333336
3,6,3,4,2.74,0.0,1.1595833333333336
4,6,3,4,0.0,1.91,1.1283333333333336
5,6,3,4,1.16,0.6,1.1608333333333336
6,6,3,4,1.38,1.29,1.2429166666666671
7,6,3,4,3.26,2.59,1.2320833333333336
8,6,3,4,2.33,0.71,1.2025000000000003
9,6,3,4,0.0,0.0,1.2025000000000003
10,6,3,4,0.0,0.0,1.304166666666667
11,6,3,4,2.44,1.2,1.3170833333333336
12,6,3,4,1.51,1.59,1.3162500000000004
13,6,3,4,1.5699999999999998,1.06,1.3033333333333337
14,6,3,4,0.75,1.14,1.2558333333333336
15,6,3,4,0.0,1.78,1.1900000000000004
16,6,3,4,0.2,0.66,1.2050000000000003
17,6,3,4,1.02,1.27,1.227916666666667
18,6,3,4,1.82,0.0,1.227916666666667
19,6,3,4,0.0,2.58,1.2225000000000004
20,6,3,4,2.45,0.0,1.2695833333333337
21,6,3,4,1.13,0.0,1.3650000000000004
22,6,3,4,2.29,2.87,1.346666666666667
23,6,3,4,2.43,0.0,1.361666666666667
0,7,4,4,0.36,3.09,1.232916666666667
1,7,4,4,0.0,0.75,1.2829166666666671
2,7,4,4,1.95,2.74,1.1687500000000004
3,7,4,4,0.0,0.0,1.1687500000000004
4,7,4,4,0.0,1.16,1.1520833333333336
5,7,4,4,0.76,1.38,1.0945833333333337
6,7,4,4,0.0,3.26,1.0575000000000003
7,7,4,4,2.37,2.33,1.0358333333333336
8,7,4,4,1.81,0.0,1.1058333333333337
9,7,4,4,1.6800000000000002,0.0,1.2608333333333337
10,7,4,4,3.72,2.44,1.1591666666666671
11,7,4,4,0.0,1.51,1.0962500000000004
12,7,4,4,0.0,1.5699999999999998,1.0787500000000003
13,7,4,4,1.15,0.75,1.0575000000000003
14,7,4,4,0.24,0.0,1.0762500000000004
15,7,4,4,0.45,0.2,1.067916666666667
16,7,4,4,0.0,1.02,1.0750000000000004
17,7,4,4,1.19,1.82,1.0125000000000004
18,7,4,4,0.32,0.0,1.0125000000000004
19,7,4,4,0.0,2.45,0.9683333333333337
20,7,4,4,1.39,1.13,0.994166666666667
21,7,4,4,1.75,2.29,0.9962500000000003
22,7,4,4,2.34,2.43,0.8950000000000004
23,7,4,4,0.0,0.36,0.9354166666666671
0,8,5,4,1.33,0.0,1.0208333333333337
1,8,5,4,2.05,1.95,0.9395833333333338
2,8,5,4,0.0,0.0,0.952916666666667
3,8,5,4,0.32,0.0,1.0212500000000004
4,8,5,4,1.64,0.76,1.0912500000000003
5,8,5,4,2.44,0.0,1.136666666666667
6,8,5,4,1.09,2.37,1.037916666666667
7,8,5,4,0.0,1.81,0.9625000000000004
8,8,5,4,0.0,1.6800000000000002,0.8925000000000004
9,8,5,4,0.0,3.72,0.7375000000000004
10,8,5,4,0.0,0.0,0.7683333333333336
11,8,5,4,0.74,0.0,0.7683333333333336
12,8,5,4,0.0,1.15,0.7204166666666669
13,8,5,4,0.0,0.24,0.746666666666667
14,8,5,4,0.87,0.45,0.7570833333333337
15,8,5,4,0.7,0.0,0.9008333333333338
16,8,5,4,3.45,1.19,0.8512500000000003
17,8,5,4,0.0,0.32,0.9154166666666671
18,8,5,4,1.86,0.0,0.9154166666666671
19,8,5,4,0.0,1.39,0.8575000000000004
20,8,5,4,0.0,1.75,0.7845833333333337
21,8,5,4,0.0,2.34,0.7350000000000003
22,8,5,4,1.15,0.0,0.7350000000000003
23,8,5,4,0.0,1.33,0.8608333333333338
0,9,6,4,4.35,2.05,0.7850000000000003
1,9,6,4,0.23,0.0,0.7850000000000003
2,9,6,4,0.0,0.32,0.8437500000000003
3,9,6,4,1.73,1.64,0.8970833333333337
4,9,6,4,2.92,2.44,0.8229166666666671
5,9,6,4,0.66,1.09,0.7775000000000004
6,9,6,4,0.0,0.0,0.7775000000000004
7,9,6,4,0.0,0.0,0.8379166666666671
8,9,6,4,1.45,0.0,0.8379166666666671
9,9,6,4,0.0,0.0,0.8379166666666671
10,9,6,4,0.0,0.74,0.9554166666666669
11,9,6,4,3.56,0.0,1.0475000000000003
12,9,6,4,2.21,0.0,1.059166666666667
13,9,6,4,0.28,0.87,1.022916666666667
14,9,6,4,0.0,0.7,0.9937500000000004
15,9,6,4,0.0,3.45,0.8500000000000004
16,9,6,4,0.0,0.0,0.9083333333333337
17,9,6,4,1.4,1.86,0.8841666666666671
18,9,6,4,1.28,0.0,0.8841666666666671
19,9,6,4,0.0,0.0,0.9858333333333337
20,9,6,4,2.44,0.0,1.1195833333333336
21,9,6,4,3.21,1.15,1.2258333333333336
22,9,6,4,3.7,0.0,1.2483333333333337
23,9,6,4,0.54,4.35,1.1545833333333337
0,10,0,4,2.1,0.23,1.185416666666667
1,10,0,4,0.97,0.0,1.185416666666667
2,10,0,4,0.0,1.73,1.1133333333333337
3,10,0,4,0.0,2.92,1.1062500000000004
4,10,0,4,2.75,0.66,1.2587500000000003
5,10,0,4,4.32,0.0,1.3733333333333337
6,10,0,4,2.75,0.0,1.6508333333333338
7,10,0,4,6.66,1.45,1.6329166666666668
8,10,0,4,1.02,0.0,1.6329166666666668
9,10,0,4,0.0,0.0,1.6329166666666668
10,10,0,4,0.0,3.56,1.5725000000000005
11,10,0,4,2.11,2.21,1.5125000000000004
12,10,0,4,0.77,0.28,1.5812500000000005
13,10,0,4,1.93,0.0,1.5812500000000005
14,10,0,4,0.0,0.0,1.6583333333333339
15,10,0,4,1.85,0.0,1.796666666666667
16,10,0,4,3.3200000000000003,1.4,1.738333333333334
17,10,0,4,0.0,1.28,1.754166666666667
18,10,0,4,1.66,0.0,1.816666666666667
19,10,0,4,1.5,2.44,1.7150000000000005
20,10,0,4,0.0,3.21,1.6891666666666671
21,10,0,4,2.59,3.7,1.5350000000000004
22,10,0,4,0.0,0.54,1.660416666666667
23,10,0,4,3.55,2.1,1.6637500000000003
0,11,1,4,2.18,0.97,1.6595833333333339
1,11,1,4,0.87,0.0,1.6595833333333339
2,11,1,4,0.0,0.0,1.7012500000000006
3,11,1,4,1.0,2.75,1.6750000000000005
4,11,1,4,2.12,4.32,1.577916666666667
5,11,1,4,1.99,2.75,1.5137500000000006
6,11,1,4,1.21,6.66,1.2362500000000003
7,11,1,4,0.0,1.02,1.1937500000000003
8,11,1,4,0.0,0.0,1.1937500000000003
9,11,1,4,0.0,0.0,1.2233333333333338
10,11,1,4,0.71,2.11,1.1354166666666672
11,11,1,4,0.0,0.77,1.1570833333333337
12,11,1,4,1.29,1.93,1.141666666666667
13,11,1,4,1.56,0.0,1.214166666666667
14,11,1,4,1.74,1.85,1.2608333333333337
15,11,1,4,2.97,3.3200000000000003,1.1225000000000003
16,11,1,4,0.0,0.0,1.1812500000000004
17,11,1,4,1.41,1.66,1.1120833333333338
18,11,1,4,0.0,1.5,1.132916666666667
19,11,1,4,2.0,0.0,1.201666666666667
20,11,1,4,1.65,2.59,1.185416666666667
21,11,1,4,2.2,0.0,1.185416666666667
22,11,1,4,0.0,3.55,1.0375000000000003
23,11,1,4,0.0,2.18,1.002916666666667
0,12,2,4,1.35,0.87,1.0270833333333338
1,12,2,4,1.45,0.0,1.0270833333333338
2,12,2,4,0.0,1.0,1.0245833333333336
3,12,2,4,0.94,2.12,0.9362500000000004
4,12,2,4,0.0,1.99,0.941666666666667
5,12,2,4,2.12,1.21,1.0633333333333337
6,12,2,4,4.13,0.0,1.0970833333333336
7,12,2,4,0.81,0.0,1.155416666666667
8,12,2,4,1.4,0.0,1.155416666666667
9,12,2,4,0.0,0.71,1.329166666666667
10,12,2,4,4.88,0.0,1.3916666666666673
11,12,2,4,1.5,1.29,1.3379166666666673
12,12,2,4,0.0,1.56,1.362916666666667
13,12,2,4,2.16,1.74,1.4137500000000003
14,12,2,4,2.96,2.97,1.3483333333333336
15,12,2,4,1.4,0.0,1.4270833333333337
16,12,2,4,1.89,1.41,1.3683333333333338
17,12,2,4,0.0,0.0,1.3683333333333338
18,12,2,4,0.0,2.0,1.3008333333333335
19,12,2,4,0.38,1.65,1.2320833333333336
20,12,2,4,0.0,2.2,1.1608333333333338
21,12,2,4,0.49,0.0,1.1608333333333338
22,12,2,4,0.0,0.0,1.1608333333333338
23,12,2,4,0.0,1.35,1.1045833333333337
0,13,3,4,0.0,1.45,1.1266666666666671
1,13,3,4,1.98,0.0,1.186666666666667
2,13,3,4,1.44,0.94,1.202916666666667
3,13,3,4,1.33,0.0,1.202916666666667
4,13,3,4,0.0,2.12,1.197916666666667
5,13,3,4,2.0,4.13,1.0612500000000002
6,13,3,4,0.85,0.81,1.0275000000000003
7,13,3,4,0.0,1.4,0.991666666666667
8,13,3,4,0.54,0.0,0.9916666666666671
9,13,3,4,0.0,4.88,0.9712500000000004
10,13,3,4,4.39,1.5,0.9087500000000004
11,13,3,4,0.0,0.0,0.9820833333333336
12,13,3,4,1.76,2.16,0.9412500000000003
13,13,3,4,1.18,2.96,0.8808333333333338
14,13,3,4,1.51,1.4,0.8754166666666671
15,13,3,4,1.27,1.89,0.8500000000000002
16,13,3,4,1.28,0.0,0.9154166666666669
17,13,3,4,1.57,0.0,0.9762500000000003
18,13,3,4,1.46,0.38,0.981666666666667
19,13,3,4,0.51,0.0,0.981666666666667
20,13,3,4,0.0,0.49,0.9700000000000005
21,13,3,4,0.21,0.0,0.9700000000000005
22,13,3,4,0.0,0.0,1.0841666666666672
23,13,3,4,2.74,0.0,1.1620833333333338
0,14,4,4,1.87,1.98,1.2212500000000004
1,14,4,4,3.4,1.44,1.222916666666667
2,14,4,4,1.48,1.33,1.1675000000000004
3,14,4,4,0.0,0.0,1.2033333333333338
4,14,4,4,0.86,2.0,1.2458333333333338
5,14,4,4,3.02,0.85,1.3125000000000002
6,14,4,4,2.45,0.0,1.3125000000000002
7,14,4,4,0.0,0.54,1.371666666666667
8,14,4,4,1.96,0.0,1.4875000000000005
9,14,4,4,2.78,4.39,1.385833333333334
10,14,4,4,1.95,0.0,1.385833333333334
11,14,4,4,0.0,1.76,1.361666666666667
12,14,4,4,1.18,1.18,1.3712500000000005
13,14,4,4,1.41,1.51,1.3083333333333338
14,14,4,4,0.0,1.27,1.255416666666667
15,14,4,4,0.0,1.28,1.2020833333333336
16,14,4,4,0.0,1.57,1.259166666666667
17,14,4,4,2.94,1.46,1.277916666666667
18,14,4,4,1.91,0.51,1.256666666666667
19,14,4,4,0.0,0.0,1.2687500000000005
20,14,4,4,0.29,0.21,1.2600000000000005
21,14,4,4,0.0,0.0,1.3525000000000003
22,14,4,4,2.22,2.74,1.2783333333333335
23,14,4,4,0.96,1.87,1.2700000000000005
0,15,5,4,1.67,3.4,1.166666666666667
1,15,5,4,0.92,1.48,1.1333333333333337
2,15,5,4,0.68,0.0,1.207916666666667
3,15,5,4,1.79,0.86,1.2116666666666671
4,15,5,4,0.95,3.02,1.1800000000000004
5,15,5,4,2.26,2.45,1.1758333333333337
6,15,5,4,2.35,0.0,1.2812500000000002
7,15,5,4,2.53,1.96,1.2600000000000002
8,15,5,4,1.45,2.78,1.144166666666667
9,15,5,4,0.0,1.95,1.062916666666667
10,15,5,4,0.0,0.0,1.2483333333333337
11,15,5,4,4.45,1.18,1.199166666666667
12,15,5,4,0.0,1.41,1.1970833333333337
13,15,5,4,1.36,0.0,1.2950000000000002
14,15,5,4,2.35,0.0,1.2950000000000002
15,15,5,4,0.0,0.0,1.2950000000000002
16,15,5,4,0.0,2.94,1.2220833333333336
17,15,5,4,1.19,1.91,1.1425000000000003
18,15,5,4,0.0,0.0,1.2112500000000004
19,15,5,4,1.65,0.29,1.199166666666667
20,15,5,4,0.0,0.0,1.2245833333333338
21,15,5,4,0.61,2.22,1.1320833333333338
22,15,5,4,0.0,0.96,1.2662500000000003
23,15,5,4,4.18,1.67,1.260416666666667
0,16,6,4,1.53,0.92,1.247916666666667
1,16,6,4,0.62,0.68,1.260416666666667
2,16,6,4,0.98,1.79,1.347916666666667
3,16,6,4,3.89,0.95,1.3083333333333338
4,16,6,4,0.0,2.26,1.2545833333333336
5,16,6,4,0.97,2.35,1.156666666666667
6,16,6,4,0.0,2.53,1.116666666666667
7,16,6,4,1.57,1.45,1.0754166666666671
8,16,6,4,0.46,0.0,1.0754166666666671
9,16,6,4,0.0,0.0,1.1458333333333337
10,16,6,4,1.69,4.45,1.0425000000000004
11,16,6,4,1.97,0.0,1.0425000000000004
12,16,6,4,0.0,1.36,0.9858333333333338
13,16,6,4,0.0,2.35,0.9708333333333337
14,16,6,4,1.99,0.0,1.0800000000000003
15,16,6,4,2.62,0.0,1.2062500000000005
16,16,6,4,3.03,1.19,1.2150000000000003
17,16,6,4,1.4,0.0,1.2150000000000003
18,16,6,4,0.0,1.65,1.174166666666667
19,16,6,4,0.67,0.0,1.2233333333333338
20,16,6,4,1.18,0.61,1.1979166666666672
21,16,6,4,0.0,0.0,1.215416666666667
22,16,6,4,0.42,4.18,1.0845833333333337
23,16,6,4,1.04,1.53,1.1358333333333337
0,17,0,4,2.76,0.62,1.1775000000000004
1,17,0,4,1.62,0.98,1.136666666666667
2,17,0,4,0.0,3.89,0.9745833333333338
3,17,0,4,0.0,0.0,0.9745833333333338
4,17,0,4,0.0,0.97,1.0108333333333337
5,17,0,4,1.84,0.0,1.1583333333333337
6,17,0,4,3.54,1.57,1.109166666666667
7,17,0,4,0.39,0.46,1.1533333333333338
8,17,0,4,1.52,0.0,1.1633333333333338
9,17,0,4,0.24,1.69,1.141666666666667
10,17,0,4,1.17,1.97,1.0595833333333338
11,17,0,4,0.0,0.0,1.2075000000000005
12,17,0,4,3.55,0.0,1.2787500000000005
13,17,0,4,1.71,1.99,1.259166666666667
14,17,0,4,1.52,2.62,1.2108333333333337
15,17,0,4,1.46,3.03,1.150416666666667
16,17,0,4,1.58,1.4,1.1433333333333338
17,17,0,4,1.23,0.0,1.2158333333333338
18,17,0,4,1.74,0.67,1.2220833333333336
19,17,0,4,0.82,1.18,1.172916666666667
20,17,0,4,0.0,0.0,1.2870833333333338
21,17,0,4,2.74,0.42,1.2783333333333335
22,17,0,4,0.21,1.04,1.2695833333333337
23,17,0,4,0.83,2.76,1.1950000000000005
0,18,1,4,0.97,1.62,1.2758333333333338
1,18,1,4,3.56,0.0,1.2758333333333338
2,18,1,4,0.0,0.0,1.4933333333333338
3,18,1,4,5.22,0.0,1.6245833333333337
4,18,1,4,3.15,1.84,1.6650000000000003
5,18,1,4,2.81,3.54,1.5175000000000003
6,18,1,4,0.0,0.39,1.5645833333333334
7,18,1,4,1.52,1.52,1.5475000000000003
8,18,1,4,1.11,0.24,1.6158333333333337
9,18,1,4,1.88,1.17,1.5670833333333336
10,18,1,4,0.0,0.0,1.614166666666667
11,18,1,4,1.13,3.55,1.537916666666667
12,18,1,4,1.72,1.71,1.482916666666667
13,18,1,4,0.39,1.52,1.479166666666667
14,18,1,4,1.43,1.46,1.418333333333334
15,18,1,4,0.0,1.58,1.3525000000000003
16,18,1,4,0.0,1.23,1.4154166666666672
17,18,1,4,2.74,1.74,1.3429166666666668
18,18,1,4,0.0,0.82,1.3087500000000003
19,18,1,4,0.0,0.0,1.331666666666667
20,18,1,4,0.55,2.74,1.2175000000000005
21,18,1,4,0.0,0.21,1.2087500000000004
22,18,1,4,0.0,0.83,1.3245833333333337
23,18,1,4,3.61,0.97,1.309166666666667
0,19,2,4,0.6,3.56,1.2429166666666671
1,19,2,4,1.97,0.0,1.2745833333333336
2,19,2,4,0.76,5.22,1.0570833333333336
3,19,2,4,0.0,3.15,1.074166666666667
4,19,2,4,3.56,2.81,0.971666666666667
5,19,2,4,0.35,0.0,0.971666666666667
6,19,2,4,0.0,1.52,0.9083333333333337
7,19,2,4,0.0,1.11,0.9712500000000004
8,19,2,4,2.62,1.88,0.8929166666666669
9,19,2,4,0.0,0.0,0.9191666666666669
10,19,2,4,0.63,1.13,0.8887500000000004
11,19,2,4,0.4,1.72,0.8400000000000004
12,19,2,4,0.55,0.39,0.9108333333333337
13,19,2,4,2.09,1.43,1.032916666666667
14,19,2,4,4.359999999999999,0.0,1.032916666666667
15,19,2,4,0.0,0.0,1.1212500000000003
16,19,2,4,2.12,2.74,1.0570833333333336
17,19,2,4,1.2,0.0,1.205416666666667
18,19,2,4,3.56,0.0,1.205416666666667
19,19,2,4,0.0,0.55,1.2558333333333336
20,19,2,4,1.76,0.0,1.2887500000000005
21,19,2,4,0.79,0.0,1.3983333333333337
22,19,2,4,2.63,3.61,1.247916666666667
23,19,2,4,0.0,0.6,1.2470833333333335
0,20,3,4,0.58,1.97,1.2200000000000004
1,20,3,4,1.32,0.76,1.2362500000000003
2,20,3,4,1.15,0.0,1.2362500000000003
3,20,3,4,0.0,3.56,1.289166666666667
4,20,3,4,4.83,0.35,1.2745833333333336
5,20,3,4,0.0,0.0,1.3462500000000004
6,20,3,4,1.72,0.0,1.3462500000000004
7,20,3,4,0.0,2.62,1.2725000000000002
8,20,3,4,0.85,0.0,1.2725000000000002
9,20,3,4,0.0,0.63,1.3370833333333334
10,20,3,4,2.18,0.4,1.3620833333333338
11,20,3,4,1.0,0.55,1.3391666666666666
12,20,3,4,0.0,2.09,1.2520833333333337
13,20,3,4,0.0,4.359999999999999,1.070416666666667
14,20,3,4,0.0,0.0,1.1383333333333336
15,20,3,4,1.63,2.12,1.0500000000000003
16,20,3,4,0.0,1.2,1.0262500000000003
17,20,3,4,0.63,3.56,0.8779166666666671
18,20,3,4,0.0,0.0,0.9400000000000004
19,20,3,4,1.49,1.76,0.934166666666667
20,20,3,4,1.62,0.79,0.9012500000000004
21,20,3,4,0.0,2.63,0.8687500000000004
22,20,3,4,1.85,0.0,0.914166666666667
23,20,3,4,1.09,0.58,0.8900000000000002
0,21,4,4,0.0,1.32,0.8350000000000003
1,21,4,4,0.0,1.15,0.8854166666666671
2,21,4,4,2.3600000000000003,0.0,0.8854166666666671
3,21,4,4,0.0,4.83,0.684166666666667
4,21,4,4,0.0,0.0,0.7575000000000003
5,21,4,4,1.76,1.72,0.7641666666666671
6,21,4,4,1.88,0.0,0.7870833333333337
7,21,4,4,0.55,0.85,0.751666666666667
8,21,4,4,0.0,0.0,1.0087500000000005
9,21,4,4,6.17,2.18,0.967916666666667
10,21,4,4,1.2,1.0,1.0095833333333337
11,21,4,4,2.0,0.0,1.0920833333333337
12,21,4,4,1.98,0.0,1.130416666666667
13,21,4,4,0.92,0.0,1.2133333333333336
14,21,4,4,1.99,1.63,1.145416666666667
15,21,4,4,0.0,0.0,1.2020833333333336
16,21,4,4,1.36,0.63,1.3670833333333337
17,21,4,4,4.59,0.0,1.3670833333333337
18,21,4,4,0.0,1.49,1.346666666666667
19,21,4,4,1.0,1.62,1.292083333333334
20,21,4,4,0.31,0.0,1.417083333333334
21,21,4,4,3.0,1.85,1.410416666666667
22,21,4,4,1.69,1.09,1.5216666666666672
23,21,4,4,3.76,0.0,1.5304166666666672
0,22,5,4,0.21,0.0,1.5662500000000004
1,22,5,4,0.86,2.3600000000000003,1.6700000000000002
2,22,5,4,4.85,0.0,1.746666666666667
3,22,5,4,1.84,0.0,1.746666666666667
4,22,5,4,0.0,1.76,1.6733333333333338
5,22,5,4,0.0,1.88,1.5950000000000004
6,22,5,4,0.0,0.55,1.627916666666667
7,22,5,4,1.34,0.0,1.627916666666667
8,22,5,4,0.0,6.17,1.4591666666666672
9,22,5,4,2.12,1.2,1.4091666666666673
10,22,5,4,0.0,2.0,1.379166666666667
11,22,5,4,1.28,1.98,1.296666666666667
12,22,5,4,0.0,0.92,1.2770833333333338
13,22,5,4,0.45,1.99,1.2670833333333336
14,22,5,4,1.75,0.0,1.277916666666667
15,22,5,4,0.26,1.36,1.2625000000000004
16,22,5,4,0.99,4.59,1.1300000000000003
17,22,5,4,1.41,0.0,1.1300000000000003
18,22,5,4,0.0,1.0,1.1283333333333336
19,22,5,4,0.96,0.31,1.2562500000000003
20,22,5,4,3.38,3.0,1.1933333333333336
21,22,5,4,1.49,1.69,1.122916666666667
22,22,5,4,0.0,3.76,1.0437500000000004
23,22,5,4,1.86,0.21,1.057916666666667
0,23,6,4,0.55,0.86,1.1300000000000006
1,23,6,4,2.59,4.85,0.9750000000000004
2,23,6,4,1.13,1.84,0.9295833333333338
3,23,6,4,0.75,0.0,0.9295833333333338
4,23,6,4,0.0,0.0,1.0645833333333337
5,23,6,4,3.24,0.0,1.125416666666667
6,23,6,4,1.46,1.34,1.1308333333333336
7,23,6,4,1.47,0.0,1.2429166666666671
8,23,6,4,2.69,2.12,1.2533333333333336
9,23,6,4,2.37,0.0,1.2533333333333336
10,23,6,4,0.0,1.28,1.2462500000000005
11,23,6,4,1.11,0.0,1.2462500000000005
12,23,6,4,0.0,0.45,1.2275000000000003
13,23,6,4,0.0,1.75,1.2208333333333337
14,23,6,4,1.59,0.26,1.3025000000000004
15,23,6,4,2.22,0.99,1.3116666666666672
16,23,6,4,1.21,1.41,1.2529166666666671
17,23,6,4,0.0,0.0,1.2529166666666671
18,23,6,4,0.0,0.96,1.212916666666667
19,23,6,4,0.0,3.38,1.174166666666667
20,23,6,4,2.45,1.49,1.1804166666666671
21,23,6,4,1.64,0.0,1.2333333333333336
22,23,6,4,1.27,1.86,1.3912500000000003
23,23,6,4,5.65,0.55,1.3683333333333338
0,24,0,4,0.0,2.59,1.2604166666666672
1,24,0,4,0.0,1.13,1.2133333333333338
2,24,0,4,0.0,0.75,1.2962500000000003
3,24,0,4,2.74,0.0,1.3812500000000005
4,24,0,4,2.04,3.24,1.3812500000000003
5,24,0,4,3.24,1.46,1.4220833333333338
6,24,0,4,2.44,1.47,1.5216666666666672
7,24,0,4,3.86,2.69,1.4095833333333339
8,24,0,4,0.0,2.37,1.326666666666667
9,24,0,4,0.38,0.0,1.3875000000000004
10,24,0,4,1.46,1.11,1.401666666666667
11,24,0,4,1.45,0.0,1.401666666666667
12,24,0,4,0.0,0.0,1.449583333333334
13,24,0,4,1.15,1.59,1.4470833333333335
14,24,0,4,1.53,2.22,1.5395833333333337
15,24,0,4,4.44,1.21,1.569166666666667
16,24,0,4,1.92,0.0,1.569166666666667
17,24,0,4,0.0,0.0,1.6387500000000002
18,24,0,4,1.67,0.0,1.6650000000000003
19,24,0,4,0.63,2.45,1.6279166666666673
20,24,0,4,1.56,1.64,1.635833333333334
21,24,0,4,1.83,1.27,1.614166666666667
22,24,0,4,0.75,5.65,1.495416666666667
23,24,0,4,2.8,0.0,1.506666666666667
0,25,1,4,0.27,0.0,1.506666666666667
1,25,1,4,0.0,0.0,1.506666666666667
2,25,1,4,0.0,2.74,1.3925000000000003
3,25,1,4,0.0,2.04,1.3075000000000003
4,25,1,4,0.0,3.24,1.1725000000000003
5,25,1,4,0.0,2.44,1.1433333333333338
6,25,1,4,1.74,3.86,0.9825000000000004
7,25,1,4,0.0,0.0,1.039166666666667
8,25,1,4,1.36,0.38,1.059166666666667
9,25,1,4,0.86,1.46,1.120416666666667
10,25,1,4,2.93,1.45,1.0600000000000005
11,25,1,4,0.0,0.0,1.0600000000000005
12,25,1,4,0.0,1.15,1.0658333333333336
13,25,1,4,1.29,1.53,1.016666666666667
14,25,1,4,0.35,4.44,0.9433333333333338
15,25,1,4,2.68,1.92,0.8633333333333337
16,25,1,4,0.0,0.0,0.9087500000000004
17,25,1,4,1.09,1.67,0.8391666666666672
18,25,1,4,0.0,0.63,0.8362500000000003
19,25,1,4,0.56,1.56,0.836666666666667
20,25,1,4,1.57,1.83,0.7604166666666671
21,25,1,4,0.0,0.75,0.8116666666666671
22,25,1,4,1.98,2.8,0.7508333333333338
23,25,1,4,1.34,0.27,0.7670833333333338
0,26,2,4,0.66,0.0,0.8429166666666671
1,26,2,4,1.82,0.0,0.8429166666666671
2,26,2,4,0.0,0.0,0.9233333333333338
3,26,2,4,1.93,0.0,1.0575000000000003
4,26,2,4,3.22,0.0,1.0575000000000003
5,26,2,4,0.0,1.74,1.0000000000000002
6,26,2,4,0.36,0.0,1.0000000000000002
7,26,2,4,0.0,1.36,1.0037500000000004
8,26,2,4,1.45,0.86,1.0337500000000004
9,26,2,4,1.58,2.93,0.9325000000000004
10,26,2,4,0.5,0.0,1.0170833333333338
11,26,2,4,2.03,0.0,1.0687500000000003
12,26,2,4,1.24,1.29,1.0737500000000004
13,26,2,4,1.41,0.35,1.1408333333333338
14,26,2,4,1.96,2.68,1.0841666666666672
15,26,2,4,1.32,0.0,1.2116666666666671
16,26,2,4,3.06,1.09,1.181666666666667
17,26,2,4,0.37,0.0,1.2095833333333337
18,26,2,4,0.67,0.56,1.3062500000000004
19,26,2,4,2.88,1.57,1.3025000000000004
20,26,2,4,1.48,0.0,1.349166666666667
21,26,2,4,1.12,1.98,1.266666666666667
22,26,2,4,0.0,1.34,1.2108333333333337
23,26,2,4,0.0,0.66,1.1950000000000005
0,27,3,4,0.28,1.82,1.2000000000000004
1,27,3,4,1.94,0.0,1.266666666666667
2,27,3,4,1.6,1.93,1.310416666666667
3,27,3,4,2.98,3.22,1.1762500000000002
4,27,3,4,0.0,0.0,1.1762500000000002
5,27,3,4,0.0,0.36,1.2258333333333338
6,27,3,4,1.55,0.0,1.256666666666667
7,27,3,4,0.74,1.45,1.2250000000000003
8,27,3,4,0.69,1.58,1.1795833333333337
9,27,3,4,0.49,0.5,1.3266666666666669
10,27,3,4,4.029999999999999,2.03,1.315416666666667
11,27,3,4,1.7599999999999998,1.24,1.344166666666667
12,27,3,4,1.93,1.41,1.285416666666667
13,27,3,4,0.0,1.96,1.2183333333333337
14,27,3,4,0.35,1.32,1.2179166666666672
15,27,3,4,1.31,3.06,1.090416666666667
16,27,3,4,0.0,0.37,1.1745833333333338
17,27,3,4,2.39,0.67,1.237916666666667
18,27,3,4,2.19,2.88,1.1179166666666671
19,27,3,4,0.0,1.48,1.099166666666667
20,27,3,4,1.03,1.12,1.1125000000000003
21,27,3,4,1.44,0.0,1.1870833333333337
22,27,3,4,1.79,0.0,1.1870833333333337
23,27,3,4,0.0,0.28,1.2737500000000004
0,28,4,4,2.3600000000000003,1.94,1.2733333333333337
1,28,4,4,1.93,1.6,1.2583333333333335
2,28,4,4,1.24,2.98,1.134166666666667
3,28,4,4,0.0,0.0,1.134166666666667
4,28,4,4,0.0,0.0,1.2658333333333336
5,28,4,4,3.16,1.55,1.2100000000000002
6,28,4,4,0.21,0.74,1.3670833333333337
7,28,4,4,4.51,0.69,1.4466666666666672
8,28,4,4,2.6,0.49,1.4262500000000005
9,28,4,4,0.0,4.029999999999999,1.2583333333333335
10,28,4,4,0.0,1.7599999999999998,1.2225000000000004
11,28,4,4,0.9,1.93,1.3512500000000003
12,28,4,4,5.02,0.0,1.3512500000000003
13,28,4,4,0.0,0.35,1.3625000000000005
14,28,4,4,0.62,1.31,1.380416666666667
15,28,4,4,1.74,0.0,1.4225000000000003
16,28,4,4,1.01,2.39,1.3512500000000003
17,28,4,4,0.68,2.19,1.4250000000000005
18,28,4,4,3.96,0.0,1.5304166666666672
19,28,4,4,2.53,1.03,1.6016666666666672
20,28,4,4,2.74,1.44,1.6487500000000006
21,28,4,4,2.5700000000000003,1.79,1.6270833333333334
22,28,4,4,1.27,0.0,1.6508333333333336
23,28,4,4,0.57,2.3600000000000003,1.5883333333333336
0,29,5,4,0.86,1.93,1.6945833333333338
1,29,5,4,4.48,1.24,1.699583333333334
2,29,5,4,1.36,0.0,1.699583333333334
3,29,5,4,0.0,0.0,1.747916666666667
4,29,5,4,1.16,3.16,1.7508333333333337
5,29,5,4,3.23,0.21,1.769166666666667
6,29,5,4,0.65,4.51,1.6512500000000003
7,29,5,4,1.68,2.6,1.542916666666667
8,29,5,4,0.0,0.0,1.542916666666667
9,29,5,4,0.0,0.0,1.542916666666667
10,29,5,4,0.0,0.9,1.5633333333333337
11,29,5,4,1.39,5.02,1.492083333333334
12,29,5,4,3.31,0.0,1.6279166666666673
13,29,5,4,3.26,0.62,1.747916666666667
14,29,5,4,3.5,1.74,1.675416666666667
15,29,5,4,0.0,1.01,1.6333333333333337
16,29,5,4,0.0,0.68,1.6954166666666672
17,29,5,4,2.17,3.96,1.574166666666667
18,29,5,4,1.05,2.53,1.5675000000000001
19,29,5,4,2.37,2.74,1.5791666666666673
20,29,5,4,3.02,2.5700000000000003,1.5541666666666671
21,29,5,4,1.97,1.27,1.5445833333333336
22,29,5,4,1.04,0.57,1.5845833333333337
23,29,5,4,1.53,0.86,1.589166666666667
0,30,6,4,0.97,4.48,1.4025000000000005
1,30,6,4,0.0,1.36,1.379166666666667
2,30,6,4,0.8,0.0,1.379166666666667
3,30,6,4,0.0,1.16,1.3575000000000002
4,30,6,4,0.64,3.23,1.2687500000000005
5,30,6,4,1.1,0.65,1.327916666666667
6,30,6,4,2.07,1.68,1.4050000000000005
7,30,6,4,3.53,0.0,1.4250000000000005
8,30,6,4,0.48,0.0,1.4700000000000004
9,30,6,4,1.08,0.0,1.4700000000000004
10,30,6,4,0.0,1.39,1.435416666666667
11,30,6,4,0.56,3.31,1.355416666666667
12,30,6,4,1.39,3.26,1.3045833333333337
13,30,6,4,2.04,3.5,1.2408333333333337
14,30,6,4,1.97,0.0,1.2408333333333337
15,30,6,4,0.0,0.0,1.376666666666667
16,30,6,4,3.26,2.17,1.2862500000000001
17,30,6,4,0.0,1.05,1.2425000000000004
18,30,6,4,0.0,2.37,1.2037500000000003
19,30,6,4,1.44,3.02,1.077916666666667
20,30,6,4,0.0,1.97,1.0633333333333337
21,30,6,4,1.62,1.04,1.0475000000000003
22,30,6,4,0.66,1.53,0.9837500000000005
23,30,6,4,0.0,0.97,0.9862500000000004
0,1,0,5,1.03,0.0,1.146666666666667
1,1,0,5,3.85,0.8,1.1858333333333337
2,1,0,5,1.74,0.0,1.3658333333333337
3,1,0,5,4.32,0.64,1.339166666666667
4,1,0,5,0.0,1.1,1.3550000000000004
5,1,0,5,1.48,2.07,1.2687500000000003
6,1,0,5,0.0,3.53,1.2258333333333338
7,1,0,5,2.5,0.48,1.2058333333333338
8,1,0,5,0.0,1.08,1.2500000000000002
9,1,0,5,2.14,0.0,1.2500000000000002
10,1,0,5,0.0,0.56,1.244166666666667
11,1,0,5,0.42,1.39,1.2312500000000004
12,1,0,5,1.08,2.04,1.1658333333333337
13,1,0,5,0.47,1.97,1.1295833333333336
14,1,0,5,1.1,0.0,1.1295833333333336
15,1,0,5,0.0,3.26,0.9937500000000004
16,1,0,5,0.0,0.0,1.0841666666666672
17,1,0,5,2.17,0.0,1.0962500000000004
18,1,0,5,0.29,1.44,1.0362500000000003
19,1,0,5,0.0,0.0,1.0875000000000004
20,1,0,5,1.23,1.62,1.0629166666666672
21,1,0,5,1.03,0.66,1.1150000000000004
22,1,0,5,1.91,0.0,1.1770833333333337
23,1,0,5,1.49,1.03,1.234166666666667
0,2,1,5,2.4,3.85,1.0737500000000002
1,2,1,5,0.0,1.74,1.0012500000000004
2,2,1,5,0.0,4.32,0.8587500000000005
3,2,1,5,0.9,0.0,0.8587500000000005
4,2,1,5,0.0,1.48,0.8562500000000003
5,2,1,5,1.42,0.0,0.8562500000000003
6,2,1,5,0.0,2.5,0.8458333333333337
7,2,1,5,2.25,0.0,0.8458333333333337
8,2,1,5,0.0,2.14,0.8175000000000003
9,2,1,5,1.46,0.0,0.8608333333333337
10,2,1,5,1.04,0.42,0.9054166666666671
11,2,1,5,1.49,1.08,0.8945833333333336
12,2,1,5,0.82,0.47,1.0070833333333338
13,2,1,5,3.17,1.1,0.9612500000000003
14,2,1,5,0.0,0.0,0.9612500000000003
15,2,1,5,0.0,0.0,0.9612500000000003
16,2,1,5,0.0,2.17,0.9420833333333337
17,2,1,5,1.71,0.29,0.9891666666666671
18,2,1,5,1.42,0.0,1.0995833333333338
19,2,1,5,2.65,1.23,1.1266666666666671
20,2,1,5,1.88,1.03,1.1295833333333336
21,2,1,5,1.1,1.91,1.0500000000000005
22,2,1,5,0.0,1.49,1.0483333333333338
23,2,1,5,1.45,2.4,1.0150000000000003
0,3,2,5,1.6,0.0,1.1770833333333337
1,3,2,5,3.89,0.0,1.2412500000000002
2,3,2,5,1.54,0.9,1.2037500000000003
3,3,2,5,0.0,0.0,1.285416666666667
4,3,2,5,1.96,1.42,1.2262500000000003
5,3,2,5,0.0,0.0,1.2262500000000003
6,3,2,5,0.0,2.25,1.185416666666667
7,3,2,5,1.27,0.0,1.2870833333333336
8,3,2,5,2.4400000000000004,1.46,1.3054166666666671
9,3,2,5,1.9,1.04,1.2620833333333337
10,3,2,5,0.0,1.49,1.289166666666667
11,3,2,5,2.14,0.82,1.2550000000000003
12,3,2,5,0.0,3.17,1.2120833333333338
13,3,2,5,2.14,0.0,1.2120833333333338
14,3,2,5,0.0,0.0,1.2120833333333338
15,3,2,5,0.0,0.0,1.2120833333333338
16,3,2,5,0.0,1.71,1.329166666666667
17,3,2,5,4.52,1.42,1.3487500000000006
18,3,2,5,1.89,2.65,1.3183333333333338
19,3,2,5,1.92,1.88,1.2400000000000004
20,3,2,5,0.0,1.1,1.3525000000000003
21,3,2,5,3.8,0.0,1.432916666666667
22,3,2,5,1.93,1.45,1.3945833333333335
23,3,2,5,0.53,1.6,1.3720833333333335
0,4,3,5,1.06,3.89,1.2525000000000004
1,4,3,5,1.02,1.54,1.1883333333333337
2,4,3,5,0.0,0.0,1.2625000000000004
3,4,3,5,1.78,1.96,1.3908333333333338
4,4,3,5,5.04,0.0,1.4337500000000005
5,4,3,5,1.03,0.0,1.4337500000000005
6,4,3,5,0.0,1.27,1.380833333333334
7,4,3,5,0.0,2.4400000000000004,1.3375000000000004
8,4,3,5,1.4,1.9,1.3887500000000002
9,4,3,5,3.13,0.0,1.3887500000000002
10,4,3,5,0.0,2.14,1.2995833333333338
11,4,3,5,0.0,0.0,1.2995833333333338
12,4,3,5,0.0,2.14,1.3600000000000003
13,4,3,5,3.59,0.0,1.3879166666666671
14,4,3,5,0.67,0.0,1.5025000000000004
15,4,3,5,2.75,0.0,1.5466666666666669
16,4,3,5,1.06,4.52,1.4150000000000003
17,4,3,5,1.36,1.89,1.4058333333333337
18,4,3,5,1.67,1.92,1.5425000000000004
19,4,3,5,5.2,0.0,1.5425000000000004
20,4,3,5,0.0,3.8,1.4512500000000006
21,4,3,5,1.61,1.93,1.380833333333334
22,4,3,5,0.24,0.53,1.3587500000000006
23,4,3,5,0.0,1.06,1.4150000000000003
0,5,4,5,2.41,1.02,1.3725000000000005
1,5,4,5,0.0,0.0,1.4025000000000005
2,5,4,5,0.72,1.78,1.3633333333333335
3,5,4,5,0.84,5.04,1.255416666666667
4,5,4,5,2.45,1.03,1.3895833333333336
5,5,4,5,4.25,0.0,1.440416666666667
6,5,4,5,1.22,0.0,1.4725000000000004
7,5,4,5,0.77,1.4,1.4375000000000002
8,5,4,5,0.56,3.13,1.3829166666666672
9,5,4,5,1.82,0.0,1.4475000000000005
10,5,4,5,1.55,0.0,1.4908333333333337
11,5,4,5,1.04,0.0,1.5162500000000003
12,5,4,5,0.61,3.59,1.366666666666667
13,5,4,5,0.0,0.67,1.5133333333333339
14,5,4,5,4.19,2.75,1.5175000000000007
15,5,4,5,2.85,1.06,1.4733333333333338
16,5,4,5,0.0,1.36,1.4691666666666672
17,5,4,5,1.26,1.67,1.3995833333333338
18,5,4,5,0.0,5.2,1.2087500000000004
19,5,4,5,0.62,0.0,1.2087500000000004
20,5,4,5,0.0,1.61,1.1512500000000003
21,5,4,5,0.23,0.24,1.1412500000000003
22,5,4,5,0.0,0.0,1.2820833333333337
23,5,4,5,3.38,2.41,1.2295833333333337
0,6,5,5,1.15,0.0,1.341666666666667
1,6,5,5,2.69,0.72,1.3612500000000003
2,6,5,5,1.19,0.84,1.3262500000000004
3,6,5,5,0.0,2.45,1.2537500000000004
4,6,5,5,0.71,4.25,1.1225000000000005
5,6,5,5,1.1,1.22,1.1258333333333337
6,6,5,5,1.3,0.77,1.0937500000000002
7,6,5,5,0.0,0.56,1.070416666666667
8,6,5,5,0.0,1.82,1.0220833333333337
9,6,5,5,0.66,1.55,0.9987500000000004
10,6,5,5,0.99,1.04,0.9554166666666671
11,6,5,5,0.0,0.61,0.9300000000000005
12,6,5,5,0.0,0.0,0.9300000000000005
13,6,5,5,0.0,4.19,0.8358333333333338
14,6,5,5,1.93,2.85,0.990416666666667
15,6,5,5,6.5600000000000005,0.0,0.990416666666667
16,6,5,5,0.0,1.26,1.0050000000000003
17,6,5,5,1.61,0.0,1.111666666666667
18,6,5,5,2.56,0.62,1.2129166666666669
19,6,5,5,3.05,0.0,1.2129166666666669
20,6,5,5,0.0,0.23,1.251666666666667
21,6,5,5,1.16,0.0,1.3483333333333336
22,6,5,5,2.32,3.38,1.2075000000000002
23,6,5,5,0.0,1.15,1.1725000000000005
0,7,6,5,0.31,2.69,1.1345833333333337
1,7,6,5,1.78,1.19,1.1158333333333337
2,7,6,5,0.74,0.0,1.1420833333333336
3,7,6,5,0.63,0.71,1.1125000000000005
4,7,6,5,0.0,1.1,1.066666666666667
5,7,6,5,0.0,1.3,1.027916666666667
6,7,6,5,0.37,0.0,1.095416666666667
7,7,6,5,1.62,0.0,1.1720833333333338
8,7,6,5,1.84,0.66,1.1708333333333336
9,7,6,5,0.63,0.99,1.1800000000000004
10,7,6,5,1.21,0.0,1.2233333333333338
11,7,6,5,1.04,0.0,1.3258333333333339
12,7,6,5,2.46,0.0,1.345416666666667
13,7,6,5,0.47,1.93,1.3845833333333337
14,7,6,5,2.87,6.5600000000000005,1.1375000000000004
15,7,6,5,0.63,0.0,1.2300000000000002
16,7,6,5,2.22,1.61,1.234166666666667
17,7,6,5,1.71,2.56,1.1579166666666671
18,7,6,5,0.73,3.05,1.1258333333333337
19,7,6,5,2.28,0.0,1.2995833333333338
20,7,6,5,4.17,1.16,1.3270833333333336
21,7,6,5,1.82,2.32,1.230416666666667
22,7,6,5,0.0,0.0,1.2845833333333336
23,7,6,5,1.3,0.31,1.2825000000000004
0,8,0,5,0.26,1.78,1.3087500000000003
1,8,0,5,2.41,0.74,1.290416666666667
2,8,0,5,0.3,0.63,1.2641666666666669
3,8,0,5,0.0,0.0,1.3445833333333337
4,8,0,5,1.93,0.0,1.3445833333333337
5,8,0,5,0.0,0.37,1.339166666666667
6,8,0,5,0.24,1.62,1.2716666666666672
7,8,0,5,0.0,1.84,1.2775000000000003
8,8,0,5,1.98,0.63,1.265416666666667
9,8,0,5,0.34,1.21,1.3420833333333337
10,8,0,5,3.05,1.04,1.4558333333333338
11,8,0,5,3.77,2.46,1.416666666666667
12,8,0,5,1.52,0.47,1.417083333333334
13,8,0,5,0.48,2.87,1.3658333333333337
14,8,0,5,1.64,0.63,1.377916666666667
15,8,0,5,0.92,2.22,1.285416666666667
16,8,0,5,0.0,1.71,1.214166666666667
17,8,0,5,0.0,0.73,1.2508333333333337
18,8,0,5,1.61,2.28,1.244166666666667
19,8,0,5,2.12,4.17,1.1241666666666672
20,8,0,5,1.29,1.82,1.0483333333333338
21,8,0,5,0.0,0.0,1.0483333333333338
22,8,0,5,0.0,1.3,1.0737500000000004
23,8,0,5,1.91,0.26,1.062916666666667
0,9,1,5,0.0,2.41,1.0945833333333337
1,9,1,5,3.17,0.3,1.0820833333333335
2,9,1,5,0.0,0.0,1.1100000000000003
3,9,1,5,0.6699999999999999,1.93,1.0295833333333337
4,9,1,5,0.0,0.0,1.0408333333333337
5,9,1,5,0.27,0.24,1.1387500000000004
6,9,1,5,2.59,0.0,1.3637500000000005
7,9,1,5,5.4,1.98,1.327916666666667
8,9,1,5,1.12,0.34,1.3908333333333338
9,9,1,5,1.85,3.05,1.355416666666667
10,9,1,5,2.2,3.77,1.2250000000000003
11,9,1,5,0.64,1.52,1.161666666666667
12,9,1,5,0.0,0.48,1.141666666666667
13,9,1,5,0.0,1.64,1.1087500000000003
14,9,1,5,0.85,0.92,1.0704166666666672
15,9,1,5,0.0,0.0,1.0704166666666672
16,9,1,5,0.0,0.0,1.1700000000000006
17,9,1,5,2.39,1.61,1.1362500000000004
18,9,1,5,0.8,2.12,1.1412500000000005
19,9,1,5,2.24,1.29,1.0875000000000006
20,9,1,5,0.0,0.0,1.1841666666666673
21,9,1,5,2.32,0.0,1.340416666666667
22,9,1,5,3.75,1.91,1.3358333333333337
23,9,1,5,1.8,0.0,1.4558333333333338
0,10,2,5,2.88,3.17,1.3366666666666671
1,10,2,5,0.31,0.0,1.3366666666666671
2,10,2,5,0.0,0.6699999999999999,1.3733333333333337
3,10,2,5,1.55,0.0,1.411666666666667
4,10,2,5,0.92,0.27,1.4816666666666671
5,10,2,5,1.95,2.59,1.3737500000000005
6,10,2,5,0.0,5.4,1.2216666666666671
7,10,2,5,1.75,1.12,1.329166666666667
8,10,2,5,3.7,1.85,1.2962500000000003
9,10,2,5,1.06,2.2,1.2045833333333336
10,10,2,5,0.0,0.64,1.2283333333333337
11,10,2,5,1.21,0.0,1.3737500000000005
12,10,2,5,3.49,0.0,1.417916666666667
13,10,2,5,1.06,0.85,1.4087500000000004
14,10,2,5,0.63,0.0,1.4691666666666672
15,10,2,5,1.45,0.0,1.626666666666667
16,10,2,5,3.78,2.39,1.6070833333333336
17,10,2,5,1.92,0.8,1.684166666666667
18,10,2,5,2.65,2.24,1.6845833333333335
19,10,2,5,2.25,0.0,1.7925000000000004
20,10,2,5,2.59,2.32,1.7233333333333336
21,10,2,5,0.66,3.75,1.620416666666667
22,10,2,5,1.28,1.8,1.5958333333333339
23,10,2,5,1.21,2.88,1.5383333333333338
0,11,3,5,1.5,0.31,1.5254166666666669
1,11,3,5,0.0,0.0,1.555416666666667
2,11,3,5,0.72,1.55,1.591666666666667
3,11,3,5,2.42,0.92,1.675416666666667
4,11,3,5,2.93,1.95,1.594166666666667
5,11,3,5,0.0,0.0,1.7579166666666668
6,11,3,5,3.93,1.75,1.7316666666666667
7,11,3,5,1.12,3.7,1.6595833333333339
8,11,3,5,1.97,1.06,1.6154166666666672
9,11,3,5,0.0,0.0,1.651666666666667
10,11,3,5,0.87,1.21,1.6012500000000003
11,11,3,5,0.0,3.49,1.4558333333333338
12,11,3,5,0.0,1.06,1.425833333333334
13,11,3,5,0.34,0.63,1.3995833333333338
14,11,3,5,0.0,1.45,1.3391666666666673
15,11,3,5,0.0,3.78,1.254166666666667
16,11,3,5,1.74,1.92,1.3312500000000005
17,11,3,5,3.77,2.65,1.3358333333333337
18,11,3,5,2.76,2.25,1.3041666666666671
19,11,3,5,1.49,2.59,1.3083333333333338
20,11,3,5,2.69,0.66,1.3483333333333338
21,11,3,5,1.62,1.28,1.3637500000000005
22,11,3,5,1.65,1.21,1.3133333333333337
23,11,3,5,0.0,1.5,1.3266666666666669
0,12,4,5,1.82,0.0,1.3266666666666669
1,12,4,5,0.0,0.72,1.296666666666667
2,12,4,5,0.0,2.42,1.2595833333333337
3,12,4,5,1.53,2.93,1.155416666666667
4,12,4,5,0.43,0.0,1.2033333333333336
5,12,4,5,1.15,3.93,1.0395833333333335
6,12,4,5,0.0,1.12,1.154166666666667
7,12,4,5,3.87,1.97,1.1720833333333338
8,12,4,5,2.4000000000000004,0.0,1.1720833333333338
9,12,4,5,0.0,0.87,1.214166666666667
10,12,4,5,1.88,0.0,1.401666666666667
11,12,4,5,4.5,0.0,1.5537500000000002
12,12,4,5,3.65,0.34,1.5395833333333337
13,12,4,5,0.0,0.0,1.5554166666666671
14,12,4,5,0.38,0.0,1.6833333333333338
15,12,4,5,3.0700000000000003,1.74,1.6108333333333338
16,12,4,5,0.0,3.77,1.4537500000000003
17,12,4,5,0.0,2.76,1.4375000000000002
18,12,4,5,2.37,1.49,1.4454166666666668
19,12,4,5,1.68,2.69,1.385416666666667
20,12,4,5,1.25,1.62,1.317916666666667
21,12,4,5,0.0,1.65,1.4750000000000003
22,12,4,5,5.42,0.0,1.4750000000000003
23,12,4,5,0.0,1.82,1.452916666666667
0,13,5,5,1.29,0.0,1.452916666666667
1,13,5,5,0.0,0.0,1.5137500000000006
2,13,5,5,1.46,1.53,1.7129166666666669
3,13,5,5,6.3100000000000005,0.43,1.8420833333333337
4,13,5,5,3.53,1.15,1.8983333333333337
5,13,5,5,2.5,0.0,1.8983333333333337
6,13,5,5,0.0,3.87,1.8012500000000005
7,13,5,5,1.54,2.4000000000000004,1.7012500000000002
8,13,5,5,0.0,0.0,1.7637500000000002
9,13,5,5,1.5,1.88,1.685416666666667
10,13,5,5,0.0,4.5,1.5737500000000004
11,13,5,5,1.82,3.65,1.5012500000000006
12,13,5,5,1.91,0.0,1.5570833333333338
13,13,5,5,1.34,0.38,1.5870833333333338
14,13,5,5,1.1,3.0700000000000003,1.4908333333333337
15,13,5,5,0.76,0.0,1.5304166666666672
16,13,5,5,0.95,0.0,1.5304166666666672
17,13,5,5,0.0,2.37,1.4316666666666673
18,13,5,5,0.0,1.68,1.411666666666667
19,13,5,5,1.2,1.25,1.3595833333333338
20,13,5,5,0.0,0.0,1.3595833333333338
21,13,5,5,0.0,5.42,1.2283333333333337
22,13,5,5,2.27,0.0,1.3120833333333337
23,13,5,5,2.01,1.29,1.2937500000000004
0,14,6,5,0.85,0.0,1.3058333333333336
1,14,6,5,0.29,1.46,1.321666666666667
2,14,6,5,1.84,6.3100000000000005,1.079166666666667
3,14,6,5,0.49,3.53,0.9320833333333337
4,14,6,5,0.0,2.5,0.8670833333333335
5,14,6,5,0.94,0.0,0.9120833333333337
6,14,6,5,1.08,1.54,0.847916666666667
7,14,6,5,0.0,0.0,0.8587500000000002
8,14,6,5,0.26,1.5,0.7962500000000002
9,14,6,5,0.0,0.0,0.8304166666666669
10,14,6,5,0.82,1.82,0.7545833333333336
11,14,6,5,0.0,1.91,0.7445833333333337
12,14,6,5,1.67,1.34,0.7250000000000004
13,14,6,5,0.87,1.1,0.6791666666666671
14,14,6,5,0.0,0.76,0.6475000000000003
15,14,6,5,0.0,0.95,0.6537500000000004
16,14,6,5,1.1,0.0,0.7170833333333336
17,14,6,5,1.52,0.0,0.7908333333333338
18,14,6,5,1.77,1.2,0.7408333333333337
19,14,6,5,0.0,0.0,0.7587500000000005
20,14,6,5,0.43,0.0,0.8591666666666672
21,14,6,5,2.41,2.27,0.8795833333333336
22,14,6,5,2.76,2.01,0.8754166666666671
23,14,6,5,1.91,0.85,0.8400000000000003
0,15,0,5,0.0,0.29,0.827916666666667
1,15,0,5,0.0,1.84,0.8179166666666671
2,15,0,5,1.6,0.49,0.7975000000000004
3,15,0,5,0.0,0.0,0.9108333333333337
4,15,0,5,2.72,0.94,0.9116666666666671
5,15,0,5,0.96,1.08,0.8666666666666671
6,15,0,5,0.0,0.0,0.8666666666666671
7,15,0,5,0.0,0.26,0.8933333333333336
8,15,0,5,0.9,0.0,0.8933333333333336
9,15,0,5,0.0,0.82,0.8775000000000004
10,15,0,5,0.44,0.0,0.9745833333333337
11,15,0,5,2.33,1.67,0.9050000000000004
12,15,0,5,0.0,0.87,1.035416666666667
13,15,0,5,4.0,0.0,1.0820833333333337
14,15,0,5,1.12,0.0,1.0820833333333337
15,15,0,5,0.0,1.1,1.0362500000000003
16,15,0,5,0.0,1.52,0.972916666666667
17,15,0,5,0.0,1.77,0.899166666666667
18,15,0,5,0.0,0.0,0.9887500000000004
19,15,0,5,2.15,0.43,0.9825000000000004
20,15,0,5,0.28,2.41,0.9345833333333338
21,15,0,5,1.26,2.76,0.8195833333333337
22,15,0,5,0.0,1.91,0.7933333333333336
23,15,0,5,1.28,0.0,0.817916666666667
0,16,1,5,0.59,0.0,0.919166666666667
1,16,1,5,2.43,1.6,0.8883333333333338
2,16,1,5,0.86,0.0,0.8883333333333338
3,16,1,5,0.0,2.72,0.8558333333333336
4,16,1,5,1.94,0.96,0.8854166666666671
5,16,1,5,1.67,0.0,0.9183333333333338
6,16,1,5,0.79,0.0,0.9183333333333338
7,16,1,5,0.0,0.9,1.066666666666667
8,16,1,5,4.46,0.0,1.0837500000000004
9,16,1,5,0.41,0.44,1.1950000000000005
10,16,1,5,3.11,2.33,1.141666666666667
11,16,1,5,1.05,0.0,1.1920833333333336
12,16,1,5,1.21,4.0,1.1295833333333336
13,16,1,5,2.5,1.12,1.082916666666667
14,16,1,5,0.0,0.0,1.198333333333334
15,16,1,5,2.77,0.0,1.198333333333334
16,16,1,5,0.0,0.0,1.198333333333334
17,16,1,5,0.0,0.0,1.2312500000000004
18,16,1,5,0.79,2.15,1.1750000000000005
19,16,1,5,0.8,0.28,1.1633333333333338
20,16,1,5,0.0,1.26,1.1887500000000004
21,16,1,5,1.87,0.0,1.2179166666666672
22,16,1,5,0.7,1.28,1.3108333333333337
23,16,1,5,3.51,0.59,1.319166666666667
0,17,2,5,0.79,2.43,1.2295833333333337
1,17,2,5,0.28,0.86,1.1937500000000003
2,17,2,5,0.0,0.0,1.1937500000000003
3,17,2,5,0.0,1.94,1.1945833333333338
4,17,2,5,1.96,1.67,1.2020833333333336
5,17,2,5,1.85,0.79,1.1833333333333338
6,17,2,5,0.34,0.0,1.2429166666666671
7,17,2,5,1.43,4.46,1.0570833333333338
8,17,2,5,0.0,0.41,1.0920833333333337
9,17,2,5,1.25,3.11,0.9825000000000004
10,17,2,5,0.48,1.05,1.0137500000000004
11,17,2,5,1.8,1.21,0.9945833333333337
12,17,2,5,0.75,2.5,0.9108333333333337
13,17,2,5,0.49,0.0,0.9195833333333336
14,17,2,5,0.21,2.77,0.9041666666666671
15,17,2,5,2.4,0.0,1.0212500000000004
16,17,2,5,2.81,0.0,1.1858333333333337
17,17,2,5,3.95,0.79,1.2929166666666672
18,17,2,5,3.36,0.8,1.2595833333333337
19,17,2,5,0.0,0.0,1.341666666666667
20,17,2,5,1.97,1.87,1.3525000000000003
21,17,2,5,2.13,0.7,1.394166666666667
22,17,2,5,1.7,3.51,1.247916666666667
23,17,2,5,0.0,0.79,1.2670833333333336
0,18,3,5,1.25,0.28,1.2554166666666668
1,18,3,5,0.0,0.0,1.2554166666666668
2,18,3,5,0.0,0.0,1.4258333333333335
3,18,3,5,4.09,1.96,1.344166666666667
4,18,3,5,0.0,1.85,1.3408333333333335
5,18,3,5,1.77,0.34,1.326666666666667
6,18,3,5,0.0,1.43,1.2670833333333338
7,18,3,5,0.0,0.0,1.3654166666666672
8,18,3,5,2.36,1.25,1.3133333333333337
9,18,3,5,0.0,0.48,1.3408333333333335
10,18,3,5,1.14,1.8,1.330416666666667
11,18,3,5,1.55,0.75,1.4012500000000003
12,18,3,5,2.45,0.49,1.4958333333333336
13,18,3,5,2.76,0.21,1.4870833333333338
14,18,3,5,0.0,2.4,1.4062500000000002
15,18,3,5,0.46,2.81,1.4583333333333337
16,18,3,5,4.0600000000000005,3.95,1.3337500000000004
17,18,3,5,0.96,3.36,1.1937500000000003
18,18,3,5,0.0,0.0,1.2737500000000004
19,18,3,5,1.92,1.97,1.191666666666667
20,18,3,5,0.0,2.13,1.102916666666667
21,18,3,5,0.0,1.7,1.151666666666667
22,18,3,5,2.87,0.0,1.151666666666667
23,18,3,5,0.0,1.25,1.1575000000000004
0,19,4,5,1.39,0.0,1.2500000000000004
1,19,4,5,2.22,0.0,1.376666666666667
2,19,4,5,3.04,4.09,1.2062500000000005
3,19,4,5,0.0,0.0,1.2270833333333337
4,19,4,5,0.5,1.77,1.1700000000000004
5,19,4,5,0.4,0.0,1.2004166666666671
6,19,4,5,0.73,0.0,1.2004166666666671
7,19,4,5,0.0,2.36,1.1804166666666671
8,19,4,5,1.88,0.0,1.292083333333334
9,19,4,5,2.68,1.14,1.3204166666666672
10,19,4,5,1.82,1.55,1.3420833333333337
11,19,4,5,2.07,2.45,1.2400000000000004
12,19,4,5,0.0,2.76,1.171666666666667
13,19,4,5,1.12,0.0,1.1962500000000003
14,19,4,5,0.5900000000000001,0.46,1.2258333333333338
15,19,4,5,1.17,4.0600000000000005,1.056666666666667
16,19,4,5,0.0,0.96,1.065416666666667
17,19,4,5,1.17,0.0,1.1287500000000004
18,19,4,5,1.52,1.92,1.1295833333333338
19,19,4,5,1.94,0.0,1.2258333333333338
20,19,4,5,2.31,0.0,1.2258333333333338
21,19,4,5,0.0,2.87,1.156666666666667
22,19,4,5,1.21,0.0,1.156666666666667
23,19,4,5,0.0,1.39,1.1545833333333337
0,20,5,5,1.34,2.22,1.0620833333333337
1,20,5,5,0.0,3.04,1.0570833333333338
2,20,5,5,2.92,0.0,1.1237500000000005
3,20,5,5,1.6,0.5,1.102916666666667
4,20,5,5,0.0,0.4,1.2975000000000003
5,20,5,5,5.07,0.73,1.2670833333333338
6,20,5,5,0.0,0.0,1.3408333333333335
7,20,5,5,1.77,1.88,1.4466666666666672
8,20,5,5,4.42,2.68,1.4037500000000005
9,20,5,5,1.65,1.82,1.3379166666666669
10,20,5,5,0.24,2.07,1.341666666666667
11,20,5,5,2.16,0.0,1.4737500000000006
12,20,5,5,3.17,1.12,1.427083333333334
13,20,5,5,0.0,0.5900000000000001,1.4025000000000005
14,20,5,5,0.0,1.17,1.4608333333333337
15,20,5,5,2.5700000000000003,0.0,1.4608333333333337
16,20,5,5,0.0,1.17,1.412083333333334
17,20,5,5,0.0,1.52,1.3487500000000006
18,20,5,5,0.0,1.94,1.267916666666667
19,20,5,5,0.0,2.31,1.171666666666667
20,20,5,5,0.0,0.0,1.2675000000000003
21,20,5,5,2.3000000000000003,1.21,1.2170833333333337
22,20,5,5,0.0,0.0,1.2170833333333337
23,20,5,5,0.0,1.34,1.1891666666666671
0,21,6,5,0.67,0.0,1.1891666666666671
1,21,6,5,0.0,2.92,1.0675000000000006
2,21,6,5,0.0,1.6,1.0008333333333337
3,21,6,5,0.0,0.0,1.0345833333333336
4,21,6,5,0.81,5.07,0.882916666666667
5,21,6,5,1.43,0.0,1.0470833333333338
6,21,6,5,3.94,1.77,0.9733333333333337
7,21,6,5,0.0,4.42,0.8475000000000005
8,21,6,5,1.4,1.65,0.845416666666667
9,21,6,5,1.6,0.24,0.8354166666666671
10,21,6,5,0.0,2.16,0.7454166666666672
11,21,6,5,0.0,3.17,0.697916666666667
12,21,6,5,2.03,0.0,0.8370833333333336
13,21,6,5,3.34,0.0,0.8650000000000003
14,21,6,5,0.67,2.5700000000000003,0.7675000000000004
15,21,6,5,0.23,0.0,0.8320833333333337
16,21,6,5,1.55,0.0,0.8962500000000003
17,21,6,5,1.54,0.0,1.0033333333333336
18,21,6,5,2.57,0.0,1.0133333333333336
19,21,6,5,0.24,0.0,1.0133333333333336
20,21,6,5,0.0,2.3000000000000003,0.9645833333333336
21,21,6,5,1.13,0.0,1.0220833333333337
22,21,6,5,1.38,0.0,1.0575000000000003
23,21,6,5,0.85,0.67,1.0295833333333337
0,22,0,5,0.0,0.0,1.056666666666667
1,22,0,5,0.65,0.0,1.056666666666667
2,22,0,5,0.0,0.0,1.1287500000000004
3,22,0,5,1.73,0.81,1.0950000000000004
4,22,0,5,0.0,1.43,1.1220833333333335
5,22,0,5,2.08,3.94,0.9825000000000004
6,22,0,5,0.59,0.0,1.0562500000000004
7,22,0,5,1.77,1.4,0.9979166666666669
8,22,0,5,0.0,1.6,1.010416666666667
9,22,0,5,1.9,0.0,1.010416666666667
10,22,0,5,0.0,0.0,1.1475000000000004
11,22,0,5,3.29,2.03,1.062916666666667
12,22,0,5,0.0,3.34,1.0045833333333336
13,22,0,5,1.94,0.67,0.976666666666667
14,22,0,5,0.0,0.23,1.1625000000000003
15,22,0,5,4.69,1.55,1.097916666666667
16,22,0,5,0.0,1.54,1.2075000000000005
17,22,0,5,4.17,2.57,1.1745833333333338
18,22,0,5,1.78,0.24,1.1645833333333335
19,22,0,5,0.0,0.0,1.2320833333333336
20,22,0,5,1.62,1.13,1.1850000000000003
21,22,0,5,0.0,1.38,1.1712500000000003
22,22,0,5,1.05,0.85,1.2500000000000002
23,22,0,5,2.74,0.0,1.2645833333333336
0,23,1,5,0.35,0.65,1.2520833333333337
1,23,1,5,0.35,0.0,1.2837500000000004
2,23,1,5,0.76,1.73,1.3525000000000003
3,23,1,5,3.38,0.0,1.4133333333333338
4,23,1,5,1.46,2.08,1.326666666666667
5,23,1,5,0.0,0.59,1.3308333333333338
6,23,1,5,0.69,1.77,1.2783333333333335
7,23,1,5,0.51,0.0,1.3158333333333336
8,23,1,5,0.9,1.9,1.3275000000000003
9,23,1,5,2.18,0.0,1.3275000000000003
10,23,1,5,0.0,3.29,1.1904166666666671
11,23,1,5,0.0,0.0,1.2683333333333338
12,23,1,5,1.87,1.94,1.1958333333333337
13,23,1,5,0.2,0.0,1.1958333333333337
14,23,1,5,0.0,4.69,1.1162500000000004
15,23,1,5,2.78,0.0,1.2175000000000002
16,23,1,5,2.43,4.17,1.1362500000000004
17,23,1,5,2.22,1.78,1.092916666666667
18,23,1,5,0.74,0.0,1.167916666666667
19,23,1,5,1.8,1.62,1.2137500000000003
20,23,1,5,2.72,0.0,1.2137500000000003
21,23,1,5,0.0,1.05,1.1700000000000006
22,23,1,5,0.0,2.74,1.0558333333333338
23,23,1,5,0.0,0.35,1.0812500000000005
0,24,2,5,0.96,0.35,1.1825000000000003
1,24,2,5,2.78,0.76,1.2837500000000004
2,24,2,5,3.19,3.38,1.1658333333333337
3,24,2,5,0.55,1.46,1.222916666666667
4,24,2,5,2.83,0.0,1.3583333333333336
5,24,2,5,3.25,0.69,1.4250000000000005
6,24,2,5,2.29,0.51,1.4037500000000005
7,24,2,5,0.0,0.9,1.4133333333333338
8,24,2,5,1.13,2.18,1.4733333333333338
9,24,2,5,3.62,0.0,1.5220833333333337
10,24,2,5,1.17,0.0,1.6166666666666671
11,24,2,5,2.27,1.87,1.5387500000000003
12,24,2,5,0.0,0.2,1.5525000000000004
13,24,2,5,0.53,0.0,1.6254166666666672
14,24,2,5,1.75,2.78,1.5095833333333337
15,24,2,5,0.0,2.43,1.5837500000000002
16,24,2,5,4.21,2.22,1.4912500000000002
17,24,2,5,0.0,0.74,1.542916666666667
18,24,2,5,1.98,1.8,1.512083333333334
19,24,2,5,1.06,2.72,1.3987500000000004
20,24,2,5,0.0,0.0,1.501666666666667
21,24,2,5,2.47,0.0,1.6475000000000002
22,24,2,5,3.5,0.0,1.705
23,24,2,5,1.38,0.96,1.7370833333333338
0,25,3,5,1.73,2.78,1.6212500000000005
1,25,3,5,0.0,3.19,1.6491666666666671
2,25,3,5,3.86,0.55,1.7345833333333338
3,25,3,5,2.6,2.83,1.6662500000000005
4,25,3,5,1.19,3.25,1.5620833333333337
5,25,3,5,0.75,2.29,1.5275000000000005
6,25,3,5,1.46,0.0,1.5275000000000005
7,25,3,5,0.0,1.13,1.571666666666667
8,25,3,5,2.19,3.62,1.479166666666667
9,25,3,5,1.4,1.17,1.430416666666667
10,25,3,5,0.0,2.27,1.3358333333333334
11,25,3,5,0.0,0.0,1.3945833333333335
12,25,3,5,1.41,0.53,1.3725000000000005
13,25,3,5,0.0,1.75,1.3450000000000004
14,25,3,5,1.09,0.0,1.4383333333333337
15,25,3,5,2.24,4.21,1.262916666666667
16,25,3,5,0.0,0.0,1.5137500000000006
17,25,3,5,6.02,1.98,1.5166666666666668
18,25,3,5,2.05,1.06,1.550416666666667
19,25,3,5,1.87,0.0,1.5625000000000007
20,25,3,5,0.29,2.47,1.4595833333333337
21,25,3,5,0.0,3.5,1.3933333333333338
22,25,3,5,1.91,1.38,1.4325000000000003
23,25,3,5,2.3200000000000003,1.73,1.3604166666666673
0,26,4,5,0.0,0.0,1.4520833333333336
1,26,4,5,2.2,3.86,1.4633333333333338
2,26,4,5,4.13,2.6,1.3550000000000004
3,26,4,5,0.0,1.19,1.3537500000000005
4,26,4,5,1.16,0.75,1.3508333333333338
5,26,4,5,0.68,1.46,1.2900000000000005
6,26,4,5,0.0,0.0,1.2900000000000005
7,26,4,5,0.0,2.19,1.3141666666666671
8,26,4,5,2.77,1.4,1.3625000000000005
9,26,4,5,2.56,0.0,1.3625000000000005
10,26,4,5,0.0,0.0,1.3625000000000005
11,26,4,5,0.0,1.41,1.3625000000000005
12,26,4,5,1.41,0.0,1.4220833333333338
13,26,4,5,1.43,1.09,1.376666666666667
14,26,4,5,0.0,2.24,1.4150000000000003
15,26,4,5,3.16,0.0,1.4858333333333338
16,26,4,5,1.7,6.02,1.2350000000000003
17,26,4,5,0.0,2.05,1.2275000000000003
18,26,4,5,1.87,1.87,1.2829166666666671
19,26,4,5,3.2,0.29,1.2920833333333337
20,26,4,5,0.51,0.0,1.3683333333333338
21,26,4,5,1.83,1.91,1.2887500000000005
22,26,4,5,0.0,2.3200000000000003,1.1920833333333338
23,26,4,5,0.0,0.0,1.230416666666667
0,27,5,5,0.92,2.2,1.2508333333333337
1,27,5,5,2.69,4.13,1.1554166666666672
2,27,5,5,1.84,0.0,1.215416666666667
3,27,5,5,1.44,1.16,1.1670833333333337
4,27,5,5,0.0,0.68,1.2220833333333339
5,27,5,5,2.0,0.0,1.2716666666666672
6,27,5,5,1.19,0.0,1.3058333333333338
7,27,5,5,0.82,2.77,1.2012500000000006
8,27,5,5,0.26,2.56,1.186666666666667
9,27,5,5,2.21,0.0,1.250416666666667
10,27,5,5,1.53,0.0,1.250416666666667
11,27,5,5,0.0,1.41,1.191666666666667
12,27,5,5,0.0,1.43,1.1320833333333338
13,27,5,5,0.0,0.0,1.2008333333333336
14,27,5,5,1.65,3.16,1.1375000000000004
15,27,5,5,1.64,1.7,1.1662500000000005
16,27,5,5,2.39,0.0,1.2512500000000004
17,27,5,5,2.04,1.87,1.3962500000000002
18,27,5,5,5.35,3.2,1.2750000000000004
19,27,5,5,0.29,0.51,1.2537500000000004
20,27,5,5,0.0,1.83,1.2037500000000003
21,27,5,5,0.63,0.0,1.4208333333333336
22,27,5,5,5.21,0.0,1.4808333333333337
23,27,5,5,1.44,0.92,1.4425000000000001
0,28,6,5,0.0,2.69,1.4083333333333339
1,28,6,5,1.87,1.84,1.486666666666667
2,28,6,5,3.72,1.44,1.5075000000000005
3,28,6,5,1.94,0.0,1.5075000000000005
4,28,6,5,0.0,2.0,1.45625
5,28,6,5,0.77,1.19,1.4370833333333337
6,28,6,5,0.73,0.82,1.4758333333333338
7,28,6,5,1.75,0.26,1.519583333333334
8,28,6,5,1.31,2.21,1.4683333333333337
9,28,6,5,0.98,1.53,1.4045833333333337
10,28,6,5,0.0,0.0,1.4045833333333337
11,28,6,5,0.0,0.0,1.4662500000000003
12,28,6,5,1.48,0.0,1.4662500000000003
13,28,6,5,0.0,1.65,1.5050000000000006
14,28,6,5,2.58,1.64,1.4987500000000002
15,28,6,5,1.4900000000000002,2.39,1.4262500000000005
16,28,6,5,0.65,2.04,1.3412500000000005
17,28,6,5,0.0,5.35,1.1775000000000004
18,28,6,5,1.42,0.29,1.2425000000000004
19,28,6,5,1.85,0.0,1.2425000000000004
20,28,6,5,0.0,0.63,1.2162500000000003
21,28,6,5,0.0,5.21,1.0095833333333337
22,28,6,5,0.25,1.44,0.9495833333333338
23,28,6,5,0.0,0.0,1.049166666666667
0,29,0,5,2.39,1.87,0.9712500000000004
1,29,0,5,0.0,3.72,0.8287500000000004
2,29,0,5,0.3,1.94,0.8720833333333338
3,29,0,5,2.98,0.0,0.8720833333333338
4,29,0,5,0.0,0.77,0.8908333333333337
5,29,0,5,1.22,0.73,0.932916666666667
6,29,0,5,1.7399999999999998,1.75,0.9166666666666671
7,29,0,5,1.36,1.31,0.8620833333333339
8,29,0,5,0.0,0.98,0.8212500000000005
9,29,0,5,0.0,0.0,0.8362500000000005
10,29,0,5,0.36,0.0,0.8891666666666671
11,29,0,5,1.27,1.48,0.8700000000000004
12,29,0,5,1.02,0.0,0.9137500000000004
13,29,0,5,1.05,2.58,0.8800000000000003
14,29,0,5,1.77,1.4900000000000002,0.8683333333333337
15,29,0,5,1.21,0.65,0.8412500000000004
16,29,0,5,0.0,0.0,0.9187500000000003
17,29,0,5,1.86,1.42,1.0000000000000004
18,29,0,5,3.37,1.85,1.0433333333333337
19,29,0,5,2.89,0.0,1.0812500000000003
20,29,0,5,0.91,0.0,1.0812500000000003
21,29,0,5,0.0,0.25,1.1520833333333338
22,29,0,5,1.95,0.0,1.1520833333333338
23,29,0,5,0.0,2.39,1.0525000000000004
0,30,1,5,0.0,0.0,1.2266666666666668
1,30,1,5,4.18,0.3,1.2950000000000004
2,30,1,5,1.94,2.98,1.1708333333333336
3,30,1,5,0.0,0.0,1.1708333333333336
4,30,1,5,0.0,1.22,1.1200000000000003
5,30,1,5,0.0,1.7399999999999998,1.2525000000000004
6,30,1,5,4.92,1.36,1.260416666666667
7,30,1,5,1.55,0.0,1.3170833333333336
8,30,1,5,1.36,0.0,1.4383333333333337
9,30,1,5,2.91,0.36,1.4233333333333338
10,30,1,5,0.0,1.27,1.4383333333333335
11,30,1,5,1.63,1.02,1.3958333333333337
12,30,1,5,0.0,1.05,1.3520833333333335
13,30,1,5,0.0,1.77,1.3120833333333337
14,30,1,5,0.81,1.21,1.341666666666667
15,30,1,5,1.92,0.0,1.3687500000000004
16,30,1,5,0.65,1.86,1.2912500000000005
17,30,1,5,0.0,3.37,1.1925000000000003
18,30,1,5,1.0,2.89,1.0720833333333337
19,30,1,5,0.0,0.91,1.034166666666667
20,30,1,5,0.0,0.0,1.034166666666667
21,30,1,5,0.0,1.95,1.0800000000000003
22,30,1,5,3.05,0.0,1.1200000000000003
23,30,1,5,0.96,0.0,1.1425000000000003
0,31,2,5,0.54,4.18,0.9683333333333337
1,31,2,5,0.0,1.94,0.8875000000000003
2,31,2,5,0.0,0.0,0.8875000000000003
3,31,2,5,0.0,0.0,1.0308333333333335
4,31,2,5,3.44,0.0,1.0983333333333336
5,31,2,5,1.62,4.92,0.8933333333333336
6,31,2,5,0.0,1.55,0.8287500000000003
7,31,2,5,0.0,1.36,0.7720833333333337
8,31,2,5,0.0,2.91,0.7241666666666671
9,31,2,5,1.76,0.0,0.7241666666666671
10,31,2,5,0.0,1.63,0.6562500000000003
11,31,2,5,0.0,0.0,0.7195833333333336
12,31,2,5,1.52,0.0,0.9083333333333337
13,31,2,5,4.53,0.81,0.9725000000000005
14,31,2,5,2.35,1.92,1.0083333333333335
15,31,2,5,2.78,0.65,0.9812500000000003
16,31,2,5,0.0,0.0,1.016666666666667
17,31,2,5,0.85,1.0,0.9750000000000004
18,31,2,5,0.0,0.0,0.9750000000000004
19,31,2,5,0.0,0.0,1.0483333333333336
20,31,2,5,1.76,0.0,1.0808333333333338
21,31,2,5,0.78,3.05,1.0125000000000004
22,31,2,5,1.41,0.96,1.016666666666667
23,31,2,5,1.06,0.54,0.994166666666667
0,1,3,6,0.0,0.0,1.1100000000000003
1,1,3,6,2.78,0.0,1.1704166666666669
2,1,3,6,1.45,0.0,1.2004166666666671
3,1,3,6,0.72,3.44,1.247916666666667
4,1,3,6,4.58,1.62,1.4229166666666668
5,1,3,6,5.82,0.0,1.4550000000000003
6,1,3,6,0.77,0.0,1.5920833333333337
7,1,3,6,3.29,0.0,1.6745833333333338
8,1,3,6,1.98,1.76,1.6012500000000005
9,1,3,6,0.0,0.0,1.6012500000000005
10,1,3,6,0.0,0.0,1.7258333333333338
11,1,3,6,2.99,1.52,1.8662500000000002
12,1,3,6,4.89,4.53,1.6775000000000002
13,1,3,6,0.0,2.35,1.6583333333333334
14,1,3,6,1.89,2.78,1.635833333333334
15,1,3,6,2.24,0.0,1.6579166666666671
16,1,3,6,0.53,0.85,1.6225000000000005
17,1,3,6,0.0,0.0,1.6912500000000004
18,1,3,6,1.65,0.0,1.6912500000000004
19,1,3,6,0.0,1.76,1.7662500000000005
20,1,3,6,3.56,0.78,1.859166666666667
21,1,3,6,3.01,1.41,1.9150000000000003
22,1,3,6,2.75,1.06,1.880833333333334
23,1,3,6,0.24,0.0,1.880833333333334
0,2,4,6,0.0,2.78,1.785416666666667
1,2,4,6,0.49,1.45,1.7562500000000003
2,2,4,6,0.75,0.72,1.7987500000000003
3,2,4,6,1.74,4.58,1.6387500000000006
4,2,4,6,0.74,5.82,1.4887500000000005
5,2,4,6,2.22,0.77,1.6620833333333336
6,2,4,6,4.93,3.29,1.5250000000000004
7,2,4,6,0.0,1.98,1.489166666666667
8,2,4,6,1.12,0.0,1.489166666666667
9,2,4,6,0.0,0.0,1.5495833333333338
10,2,4,6,1.45,2.99,1.532916666666667
11,2,4,6,2.59,4.89,1.567916666666667
12,2,4,6,5.73,0.0,1.567916666666667
13,2,4,6,0.0,1.89,1.489166666666667
14,2,4,6,0.0,2.24,1.4120833333333336
15,2,4,6,0.39,0.53,1.5245833333333338
16,2,4,6,3.2300000000000004,0.0,1.546666666666667
17,2,4,6,0.53,1.65,1.477916666666667
18,2,4,6,0.0,0.0,1.511666666666667
19,2,4,6,0.81,3.56,1.3829166666666672
20,2,4,6,0.47,3.01,1.2933333333333337
21,2,4,6,0.86,2.75,1.2100000000000004
22,2,4,6,0.75,0.24,1.2000000000000004
23,2,4,6,0.0,0.0,1.2000000000000004
0,3,5,6,0.0,0.49,1.2604166666666672
1,3,5,6,1.94,0.75,1.2291666666666672
2,3,5,6,0.0,1.74,1.156666666666667
3,3,5,6,0.0,0.74,1.1258333333333337
4,3,5,6,0.0,2.22,1.1695833333333339
5,3,5,6,3.27,4.93,0.964166666666667
6,3,5,6,0.0,0.0,0.964166666666667
7,3,5,6,0.0,1.12,0.9320833333333338
8,3,5,6,0.35,0.0,1.0079166666666672
9,3,5,6,1.82,1.45,0.9970833333333338
10,3,5,6,1.19,2.59,0.9454166666666671
11,3,5,6,1.35,5.73,0.706666666666667
12,3,5,6,0.0,0.0,0.757916666666667
13,3,5,6,1.23,0.0,0.8916666666666672
14,3,5,6,3.21,0.39,0.8754166666666672
15,3,5,6,0.0,3.2300000000000004,0.7645833333333337
16,3,5,6,0.57,0.53,0.8750000000000003
17,3,5,6,3.18,0.0,0.9312500000000004
18,3,5,6,1.35,0.81,0.8975000000000004
19,3,5,6,0.0,0.47,0.9170833333333337
20,3,5,6,0.94,0.86,0.9066666666666671
21,3,5,6,0.61,0.75,0.8754166666666671
22,3,5,6,0.0,0.0,0.9470833333333336
23,3,5,6,1.72,0.0,0.999166666666667
0,4,6,6,1.25,1.94,0.9800000000000003
1,4,6,6,1.48,0.0,0.9800000000000004
2,4,6,6,0.0,0.0,0.9800000000000004
3,4,6,6,0.0,0.0,0.9800000000000004
4,4,6,6,0.0,3.27,0.8954166666666671
5,4,6,6,1.24,0.0,0.8954166666666671
6,4,6,6,0.0,0.0,1.0620833333333337
7,4,6,6,4.0,0.35,1.0770833333333336
8,4,6,6,0.71,1.82,1.0012500000000004
9,4,6,6,0.0,1.19,1.0720833333333337
10,4,6,6,2.89,1.35,1.1441666666666672
11,4,6,6,3.08,0.0,1.1995833333333337
12,4,6,6,1.33,1.23,1.1483333333333337
13,4,6,6,0.0,3.21,1.1512500000000003
14,4,6,6,3.28,0.0,1.1512500000000003
15,4,6,6,0.0,0.57,1.1275000000000004
16,4,6,6,0.0,3.18,1.0762500000000004
17,4,6,6,1.95,1.35,1.0200000000000002
18,4,6,6,0.0,0.0,1.0825000000000002
19,4,6,6,1.5,0.94,1.0433333333333337
20,4,6,6,0.0,0.61,1.0662500000000004
21,4,6,6,1.16,0.0,1.0808333333333338
22,4,6,6,0.35,1.72,1.0695833333333338
23,4,6,6,1.45,1.25,1.062916666666667
0,5,0,6,1.09,1.48,1.0012500000000004
1,5,0,6,0.0,0.0,1.0395833333333335
2,5,0,6,0.92,0.0,1.0395833333333335
3,5,0,6,0.0,0.0,1.0395833333333335
4,5,0,6,0.0,1.24,0.987916666666667
5,5,0,6,0.0,0.0,1.0550000000000004
6,5,0,6,1.61,4.0,1.0383333333333338
7,5,0,6,3.6,0.71,1.0087500000000003
8,5,0,6,0.0,0.0,1.0087500000000003
9,5,0,6,0.0,2.89,1.015416666666667
10,5,0,6,3.05,3.08,0.9358333333333336
11,5,0,6,1.17,1.33,0.9095833333333335
12,5,0,6,0.7,0.0,0.9287500000000003
13,5,0,6,0.46,3.28,0.8745833333333337
14,5,0,6,1.98,0.0,0.9570833333333337
15,5,0,6,1.98,0.0,1.0400000000000003
16,5,0,6,1.99,1.95,0.9587500000000003
17,5,0,6,0.0,0.0,1.0820833333333337
18,5,0,6,2.96,1.5,1.0587500000000005
19,5,0,6,0.94,0.0,1.0683333333333338
20,5,0,6,0.23,1.16,1.0200000000000005
21,5,0,6,0.0,0.35,1.1175000000000004
22,5,0,6,2.69,1.45,1.0570833333333336
23,5,0,6,0.0,1.09,1.076666666666667
0,6,1,6,1.56,0.0,1.1425000000000003
1,6,1,6,1.58,0.92,1.2016666666666669
2,6,1,6,2.34,0.0,1.2750000000000004
3,6,1,6,1.76,0.0,1.425416666666667
4,6,1,6,3.61,0.0,1.4737500000000001
5,6,1,6,1.16,1.61,1.406666666666667
6,6,1,6,0.0,3.6,1.4437500000000003
7,6,1,6,4.49,0.0,1.4437500000000003
8,6,1,6,0.0,0.0,1.465
9,6,1,6,0.51,3.05,1.4100000000000004
10,6,1,6,1.73,1.17,1.440416666666667
11,6,1,6,1.9,0.7,1.4875000000000005
12,6,1,6,1.83,0.46,1.4916666666666671
13,6,1,6,0.56,1.98,1.480416666666667
14,6,1,6,1.71,1.98,1.3979166666666671
15,6,1,6,0.0,1.99,1.4533333333333338
16,6,1,6,3.32,0.0,1.4750000000000003
17,6,1,6,0.52,2.96,1.3516666666666668
18,6,1,6,0.0,0.94,1.3125000000000004
19,6,1,6,0.0,0.23,1.3029166666666672
20,6,1,6,0.0,0.0,1.359166666666667
21,6,1,6,1.35,2.69,1.3412500000000003
22,6,1,6,2.26,0.0,1.4187500000000002
23,6,1,6,1.86,1.56,1.35375
0,7,2,6,0.0,1.58,1.3245833333333337
1,7,2,6,0.88,2.34,1.2920833333333337
2,7,2,6,1.56,1.76,1.2308333333333337
3,7,2,6,0.29,3.61,1.136666666666667
4,7,2,6,1.35,1.16,1.139166666666667
5,7,2,6,1.22,0.0,1.139166666666667
6,7,2,6,0.0,4.49,0.9720833333333337
7,7,2,6,0.48,0.0,0.9720833333333337
8,7,2,6,0.0,0.51,1.0008333333333337
9,7,2,6,1.2,1.73,0.9400000000000004
10,7,2,6,0.27,1.9,0.8608333333333337
11,7,2,6,0.0,1.83,0.8450000000000003
12,7,2,6,1.45,0.56,0.8804166666666671
13,7,2,6,1.41,1.71,0.8870833333333338
14,7,2,6,1.87,0.0,0.9979166666666671
15,7,2,6,2.66,3.32,1.0520833333333337
16,7,2,6,4.62,0.52,1.1570833333333337
17,7,2,6,3.04,0.0,1.1958333333333337
18,7,2,6,0.93,0.0,1.230416666666667
19,7,2,6,0.83,0.0,1.3725000000000005
20,7,2,6,3.41,1.35,1.435416666666667
21,7,2,6,2.8600000000000003,2.26,1.4020833333333338
22,7,2,6,1.46,1.86,1.4120833333333336
23,7,2,6,2.1,0.0,1.4650000000000005
0,8,3,6,1.27,0.88,1.5050000000000006
1,8,3,6,1.84,1.56,1.511666666666667
2,8,3,6,1.72,0.29,1.5833333333333337
3,8,3,6,2.01,1.35,1.5270833333333336
4,8,3,6,0.0,1.22,1.5420833333333335
5,8,3,6,1.58,0.0,1.674166666666667
6,8,3,6,3.17,0.48,1.732916666666667
7,8,3,6,1.89,0.0,1.782916666666667
8,8,3,6,1.2,1.2,1.9354166666666668
9,8,3,6,4.86,0.27,1.9645833333333338
10,8,3,6,0.97,0.0,1.979583333333334
11,8,3,6,0.36,1.45,2.110833333333334
12,8,3,6,4.6,1.41,2.052083333333334
13,8,3,6,0.0,1.87,2.0708333333333333
14,8,3,6,2.3200000000000003,2.66,1.9766666666666672
15,8,3,6,0.4,4.62,1.846666666666667
16,8,3,6,1.5,3.04,1.7200000000000004
17,8,3,6,0.0,0.93,1.8545833333333335
18,8,3,6,4.16,0.83,1.8658333333333337
19,8,3,6,1.1,3.41,1.7491666666666672
20,8,3,6,0.61,2.8600000000000003,1.7850000000000001
21,8,3,6,3.72,1.46,1.9600000000000006
22,8,3,6,5.66,2.1,1.8725000000000005
23,8,3,6,0.0,1.27,1.8900000000000003
0,9,4,6,1.69,1.84,1.927083333333334
1,9,4,6,2.73,1.72,1.9208333333333336
2,9,4,6,1.57,2.01,1.955416666666667
3,9,4,6,2.84,0.0,1.955416666666667
4,9,4,6,0.0,1.58,1.917916666666667
5,9,4,6,0.68,3.17,1.7858333333333336
6,9,4,6,0.0,1.89,1.8337500000000002
7,9,4,6,3.04,1.2,1.8395833333333338
8,9,4,6,1.34,4.86,1.637083333333334
9,9,4,6,0.0,0.97,1.5966666666666673
10,9,4,6,0.0,0.36,1.5816666666666672
11,9,4,6,0.0,4.6,1.4208333333333336
12,9,4,6,0.74,0.0,1.5662500000000004
13,9,4,6,3.49,2.3200000000000003,1.4695833333333337
14,9,4,6,0.0,0.4,1.5329166666666671
15,9,4,6,1.92,1.5,1.4704166666666671
16,9,4,6,0.0,0.0,1.4900000000000004
17,9,4,6,0.47,4.16,1.3550000000000004
18,9,4,6,0.92,1.1,1.4225000000000003
19,9,4,6,2.72,0.61,1.3970833333333337
20,9,4,6,0.0,3.72,1.2420833333333337
21,9,4,6,0.0,5.66,1.0812500000000005
22,9,4,6,1.8,0.0,1.0812500000000005
23,9,4,6,0.0,1.69,1.1066666666666671
0,10,5,6,2.3,2.73,1.1841666666666673
1,10,5,6,4.59,1.57,1.1187500000000006
2,10,5,6,0.0,2.84,1.0600000000000005
3,10,5,6,1.43,0.0,1.1600000000000004
4,10,5,6,2.4,0.68,1.131666666666667
5,10,5,6,0.0,0.0,1.131666666666667
6,10,5,6,0.0,3.04,1.0458333333333336
7,10,5,6,0.98,1.34,1.0512500000000002
8,10,5,6,1.47,0.0,1.0512500000000002
9,10,5,6,0.0,0.0,1.0512500000000002
10,10,5,6,0.0,0.0,1.080416666666667
11,10,5,6,0.7,0.74,1.114166666666667
12,10,5,6,1.55,3.49,0.9950000000000004
13,10,5,6,0.63,0.0,1.1262500000000004
14,10,5,6,3.15,1.92,1.0962500000000004
15,10,5,6,1.2,0.0,1.2145833333333338
16,10,5,6,2.84,0.47,1.222916666666667
17,10,5,6,0.67,0.92,1.2750000000000004
18,10,5,6,2.17,2.72,1.272916666666667
19,10,5,6,2.67,0.0,1.272916666666667
20,10,5,6,0.0,0.0,1.3245833333333337
21,10,5,6,1.24,1.8,1.277916666666667
22,10,5,6,0.68,0.0,1.277916666666667
23,10,5,6,0.0,2.3,1.1820833333333336
0,11,6,6,0.0,4.59,0.9908333333333337
1,11,6,6,0.0,0.0,0.9908333333333337
2,11,6,6,0.0,1.43,0.9483333333333337
3,11,6,6,0.41,2.4,0.8725000000000004
4,11,6,6,0.58,0.0,0.9308333333333336
5,11,6,6,1.4,0.0,0.9858333333333337
6,11,6,6,1.32,0.98,1.100416666666667
7,11,6,6,3.73,1.47,1.039166666666667
8,11,6,6,0.0,0.0,1.1162500000000002
9,11,6,6,1.85,0.0,1.196666666666667
10,11,6,6,1.93,0.7,1.221666666666667
11,11,6,6,1.3,1.55,1.2325000000000004
12,11,6,6,1.81,0.63,1.257916666666667
13,11,6,6,1.24,3.15,1.169166666666667
14,11,6,6,1.02,1.2,1.256666666666667
15,11,6,6,3.3,2.84,1.1808333333333336
16,11,6,6,1.02,0.67,1.292916666666667
17,11,6,6,3.36,2.17,1.225416666666667
18,11,6,6,0.55,2.67,1.160416666666667
19,11,6,6,1.11,0.0,1.174166666666667
20,11,6,6,0.33,1.24,1.1225000000000003
21,11,6,6,0.0,0.68,1.1508333333333336
22,11,6,6,1.36,0.0,1.2445833333333336
23,11,6,6,2.25,0.0,1.2445833333333336
0,12,0,6,0.0,0.0,1.377916666666667
1,12,0,6,3.2,0.0,1.377916666666667
2,12,0,6,0.0,0.41,1.3608333333333338
3,12,0,6,0.0,0.58,1.380416666666667
4,12,0,6,1.05,1.4,1.3470833333333336
5,12,0,6,0.6,1.32,1.420416666666667
6,12,0,6,3.08,3.73,1.299166666666667
7,12,0,6,0.82,0.0,1.299166666666667
8,12,0,6,0.0,1.85,1.2345833333333338
9,12,0,6,0.3,1.93,1.154166666666667
10,12,0,6,0.0,1.3,1.1000000000000003
11,12,0,6,0.0,1.81,1.0245833333333338
12,12,0,6,0.0,1.24,1.042916666666667
13,12,0,6,1.6800000000000002,1.02,1.0733333333333337
14,12,0,6,1.75,3.3,0.9358333333333336
15,12,0,6,0.0,1.02,0.8933333333333336
16,12,0,6,0.0,3.36,0.7533333333333337
17,12,0,6,0.0,0.55,0.730416666666667
18,12,0,6,0.0,1.11,0.684166666666667
19,12,0,6,0.0,0.33,0.7266666666666671
20,12,0,6,1.35,0.0,0.7962500000000005
21,12,0,6,1.67,1.36,0.7395833333333338
22,12,0,6,0.0,2.25,0.6983333333333337
23,12,0,6,1.26,0.0,0.754166666666667
0,13,1,6,1.34,3.2,0.8495833333333338
1,13,1,6,5.49,0.0,0.9175000000000004
2,13,1,6,1.63,0.0,1.0729166666666672
3,13,1,6,3.73,1.05,1.0462500000000003
4,13,1,6,0.41,0.6,1.0433333333333337
5,13,1,6,0.53,3.08,0.9150000000000004
6,13,1,6,0.0,0.82,0.8808333333333337
7,13,1,6,0.0,0.0,0.8808333333333337
8,13,1,6,0.0,0.3,0.9441666666666669
9,13,1,6,1.82,0.0,0.972916666666667
10,13,1,6,0.69,0.0,0.972916666666667
11,13,1,6,0.0,0.0,0.972916666666667
12,13,1,6,0.0,1.6800000000000002,0.9783333333333336
13,13,1,6,1.81,1.75,1.051666666666667
14,13,1,6,3.51,0.0,1.051666666666667
15,13,1,6,0.0,0.0,1.051666666666667
16,13,1,6,0.0,0.0,1.1633333333333338
17,13,1,6,2.68,0.0,1.2770833333333338
18,13,1,6,2.73,0.0,1.3070833333333336
19,13,1,6,0.72,1.35,1.2508333333333337
20,13,1,6,0.0,1.67,1.2841666666666671
21,13,1,6,2.47,0.0,1.3487500000000006
22,13,1,6,1.55,1.26,1.395416666666667
23,13,1,6,2.38,1.34,1.411666666666667
0,14,2,6,1.73,5.49,1.182916666666667
1,14,2,6,0.0,1.63,1.2475000000000005
2,14,2,6,3.18,3.73,1.2300000000000004
3,14,2,6,3.31,0.41,1.259166666666667
4,14,2,6,1.11,0.53,1.2370833333333338
5,14,2,6,0.0,0.0,1.3345833333333337
6,14,2,6,2.34,0.0,1.3345833333333337
7,14,2,6,0.0,0.0,1.390416666666667
8,14,2,6,1.34,1.82,1.4195833333333336
9,14,2,6,2.52,0.69,1.4437500000000005
10,14,2,6,1.27,0.0,1.5158333333333338
11,14,2,6,1.73,0.0,1.5158333333333338
12,14,2,6,0.0,1.81,1.440416666666667
13,14,2,6,0.0,3.51,1.3312500000000005
14,14,2,6,0.89,0.0,1.4329166666666673
15,14,2,6,2.44,0.0,1.451666666666667
16,14,2,6,0.45,2.68,1.3400000000000005
17,14,2,6,0.0,2.73,1.2262500000000003
18,14,2,6,0.0,0.72,1.267916666666667
19,14,2,6,1.72,0.0,1.3308333333333338
20,14,2,6,1.51,2.47,1.275416666666667
21,14,2,6,1.14,1.55,1.3587500000000003
22,14,2,6,3.55,2.38,1.2595833333333337
23,14,2,6,0.0,1.73,1.1962500000000003
0,15,3,6,0.21,0.0,1.1962500000000003
1,15,3,6,0.0,3.18,1.0637500000000004
2,15,3,6,0.0,3.31,0.9258333333333336
3,15,3,6,0.0,1.11,0.9308333333333336
4,15,3,6,1.23,0.0,0.9462500000000004
5,15,3,6,0.37,2.34,0.8487500000000003
6,15,3,6,0.0,0.0,0.9245833333333336
7,15,3,6,1.82,1.34,1.0575000000000003
8,15,3,6,4.53,2.52,1.0212500000000004
9,15,3,6,1.65,1.27,1.0408333333333337
10,15,3,6,1.74,1.73,1.0883333333333336
11,15,3,6,2.87,0.0,1.1658333333333337
12,15,3,6,1.86,0.0,1.2637500000000004
13,15,3,6,2.35,0.89,1.226666666666667
14,15,3,6,0.0,2.44,1.1583333333333337
15,15,3,6,0.8,0.45,1.1395833333333336
16,15,3,6,0.0,0.0,1.1583333333333337
17,15,3,6,0.45,0.0,1.2912500000000002
18,15,3,6,3.19,1.72,1.2195833333333337
19,15,3,6,0.0,1.51,1.2287500000000002
20,15,3,6,1.73,1.14,1.1812500000000004
21,15,3,6,0.0,3.55,1.124166666666667
22,15,3,6,2.18,0.0,1.2058333333333338
23,15,3,6,1.96,0.21,1.1970833333333337
0,16,4,6,0.0,0.0,1.355416666666667
1,16,4,6,3.8,0.0,1.4158333333333337
2,16,4,6,1.4500000000000002,0.0,1.5100000000000005
3,16,4,6,2.26,1.23,1.4950000000000003
4,16,4,6,0.87,0.37,1.6704166666666669
5,16,4,6,4.58,0.0,1.7754166666666669
6,16,4,6,2.52,1.82,1.7570833333333338
7,16,4,6,1.38,4.53,1.6400000000000006
8,16,4,6,1.72,1.65,1.7270833333333335
9,16,4,6,3.74,1.74,1.761666666666667
10,16,4,6,2.57,2.87,1.6420833333333336
11,16,4,6,0.0,1.86,1.6000000000000003
12,16,4,6,0.85,2.35,1.5020833333333334
13,16,4,6,0.0,0.0,1.5020833333333334
14,16,4,6,0.0,0.8,1.4687500000000002
15,16,4,6,0.0,0.0,1.4687500000000002
16,16,4,6,0.0,0.45,1.4500000000000002
17,16,4,6,0.0,3.19,1.367916666666667
18,16,4,6,1.22,0.0,1.4237500000000003
19,16,4,6,1.34,1.73,1.3516666666666672
20,16,4,6,0.0,0.0,1.4112500000000006
21,16,4,6,1.43,2.18,1.320416666666667
22,16,4,6,0.0,1.96,1.3545833333333335
23,16,4,6,2.78,0.0,1.3950000000000002
0,17,5,6,0.97,3.8,1.2912500000000005
1,17,5,6,1.31,1.4500000000000002,1.4008333333333336
2,17,5,6,4.08,2.26,1.306666666666667
3,17,5,6,0.0,0.87,1.317916666666667
4,17,5,6,1.14,4.58,1.1270833333333339
5,17,5,6,0.0,2.52,1.0570833333333338
6,17,5,6,0.84,1.38,1.0395833333333335
7,17,5,6,0.96,1.72,0.967916666666667
8,17,5,6,0.0,3.74,0.8704166666666672
9,17,5,6,1.4,2.57,0.8337500000000003
10,17,5,6,1.69,0.0,0.856666666666667
11,17,5,6,0.55,0.85,0.8687500000000004
12,17,5,6,1.14,0.0,0.8687500000000004
13,17,5,6,0.0,0.0,0.8687500000000004
14,17,5,6,0.0,0.0,0.8687500000000004
15,17,5,6,0.0,0.0,1.0250000000000004
16,17,5,6,3.75,0.0,1.0250000000000004
17,17,5,6,0.0,1.22,1.051666666666667
18,17,5,6,1.86,1.34,0.9958333333333337
19,17,5,6,0.0,0.0,1.089166666666667
20,17,5,6,2.24,1.43,1.1762500000000005
21,17,5,6,3.52,0.0,1.3841666666666672
22,17,5,6,4.99,2.78,1.2970833333333338
23,17,5,6,0.69,0.97,1.256666666666667
0,18,6,6,0.0,1.31,1.2300000000000004
1,18,6,6,0.67,4.08,1.1112500000000003
2,18,6,6,1.23,0.0,1.286666666666667
3,18,6,6,4.21,1.14,1.239166666666667
4,18,6,6,0.0,0.0,1.3566666666666671
5,18,6,6,2.8200000000000003,0.84,1.4004166666666673
6,18,6,6,1.89,0.96,1.394166666666667
7,18,6,6,0.81,0.0,1.394166666666667
8,18,6,6,0.0,1.4,1.4770833333333337
9,18,6,6,3.39,1.69,1.4737500000000006
10,18,6,6,1.61,0.55,1.5175000000000003
11,18,6,6,1.6,1.14,1.5020833333333339
12,18,6,6,0.77,0.0,1.5020833333333339
13,18,6,6,0.0,0.0,1.5762500000000002
14,18,6,6,1.78,0.0,1.621666666666667
15,18,6,6,1.09,3.75,1.465416666666667
16,18,6,6,0.0,0.0,1.5470833333333338
17,18,6,6,1.96,1.86,1.5162500000000003
18,18,6,6,1.12,0.0,1.5162500000000003
19,18,6,6,0.0,2.24,1.455416666666667
20,18,6,6,0.78,3.52,1.341666666666667
21,18,6,6,0.79,4.99,1.1337500000000003
22,18,6,6,0.0,0.69,1.164166666666667
23,18,6,6,1.42,0.0,1.4054166666666668
0,19,0,6,5.79,0.67,1.3775000000000002
1,19,0,6,0.0,1.23,1.3412500000000005
2,19,0,6,0.36,4.21,1.1658333333333337
3,19,0,6,0.0,0.0,1.3379166666666669
4,19,0,6,4.13,2.8200000000000003,1.3008333333333337
5,19,0,6,1.93,1.89,1.2220833333333336
6,19,0,6,0.0,0.81,1.2712500000000004
7,19,0,6,1.99,0.0,1.5008333333333337
8,19,0,6,5.51,3.39,1.495416666666667
9,19,0,6,3.26,1.61,1.5433333333333337
10,19,0,6,2.76,1.6,1.4766666666666668
11,19,0,6,0.0,0.77,1.4445833333333338
12,19,0,6,0.0,0.0,1.614166666666667
13,19,0,6,4.07,1.78,1.5400000000000003
14,19,0,6,0.0,1.09,1.6333333333333335
15,19,0,6,3.33,0.0,1.7025000000000003
16,19,0,6,1.66,1.96,1.6958333333333335
17,19,0,6,1.8,1.12,1.7237500000000001
18,19,0,6,1.79,0.0,1.7237500000000001
19,19,0,6,0.0,0.78,1.7070833333333335
20,19,0,6,0.38,0.79,1.674166666666667
21,19,0,6,0.0,0.0,1.756666666666667
22,19,0,6,1.98,1.42,1.7912500000000005
23,19,0,6,2.25,5.79,1.5958333333333334
0,20,1,6,1.1,0.0,1.5958333333333334
1,20,1,6,0.0,0.36,1.5808333333333335
2,20,1,6,0.0,0.0,1.8270833333333336
3,20,1,6,5.91,4.13,1.7400000000000004
4,20,1,6,2.04,1.93,1.7670833333333336
5,20,1,6,2.58,0.0,1.8908333333333334
6,20,1,6,2.97,1.99,1.9508333333333336
7,20,1,6,3.43,5.51,1.9150000000000003
8,20,1,6,4.65,3.26,1.8041666666666671
9,20,1,6,0.6,2.76,1.6891666666666671
10,20,1,6,0.0,0.0,1.6891666666666671
11,20,1,6,0.0,0.0,1.6891666666666671
12,20,1,6,0.0,4.07,1.542916666666667
13,20,1,6,0.56,0.0,1.7300000000000004
14,20,1,6,4.49,3.33,1.732916666666667
15,20,1,6,3.4000000000000004,1.66,1.6637500000000003
16,20,1,6,0.0,1.8,1.7575000000000005
17,20,1,6,4.05,1.79,1.6829166666666673
18,20,1,6,0.0,0.0,1.7875000000000005
19,20,1,6,2.51,0.38,1.9433333333333336
20,20,1,6,4.12,0.0,1.9433333333333336
21,20,1,6,0.0,1.98,1.8962500000000004
22,20,1,6,0.85,2.25,1.8025000000000004
23,20,1,6,0.0,1.1,1.8795833333333338
0,21,2,6,2.95,0.0,1.9512500000000006
1,21,2,6,1.7200000000000002,0.0,1.9512500000000006
2,21,2,6,0.0,5.91,1.814166666666667
3,21,2,6,2.62,2.04,1.747916666666667
4,21,2,6,0.45,2.58,1.640416666666667
5,21,2,6,0.0,2.97,1.6312500000000005
6,21,2,6,2.75,3.43,1.488333333333334
7,21,2,6,0.0,4.65,1.4225000000000003
8,21,2,6,3.07,0.6,1.442916666666667
9,21,2,6,1.09,0.0,1.442916666666667
10,21,2,6,0.0,0.0,1.5000000000000002
11,21,2,6,1.37,0.0,1.5000000000000002
12,21,2,6,0.0,0.56,1.5450000000000006
13,21,2,6,1.64,4.49,1.357916666666667
14,21,2,6,0.0,3.4000000000000004,1.370416666666667
15,21,2,6,3.7,0.0,1.3883333333333336
16,21,2,6,0.43,4.05,1.2195833333333337
17,21,2,6,0.0,0.0,1.2883333333333338
18,21,2,6,1.65,2.51,1.264166666666667
19,21,2,6,1.93,4.12,1.105416666666667
20,21,2,6,0.31,0.0,1.1762500000000005
21,21,2,6,1.7,0.85,1.2045833333333336
22,21,2,6,1.5299999999999998,0.0,1.3483333333333336
23,21,2,6,3.45,2.95,1.3062500000000004
0,22,3,6,1.94,1.7200000000000002,1.4058333333333337
1,22,3,6,4.109999999999999,0.0,1.4737500000000006
2,22,3,6,1.63,2.62,1.5600000000000005
3,22,3,6,4.69,0.45,1.652916666666667
4,22,3,6,2.68,0.0,1.7437500000000004
5,22,3,6,2.18,2.75,1.684166666666667
6,22,3,6,1.32,0.0,1.7191666666666672
7,22,3,6,0.84,3.07,1.6050000000000004
8,22,3,6,0.33,1.09,1.5687500000000003
9,22,3,6,0.22,0.0,1.5687500000000003
10,22,3,6,0.0,1.37,1.5725000000000005
11,22,3,6,1.46,0.0,1.7020833333333336
12,22,3,6,3.11,1.64,1.6729166666666668
13,22,3,6,0.94,0.0,1.7175000000000002
14,22,3,6,1.07,3.7,1.5633333333333337
15,22,3,6,0.0,0.43,1.6858333333333337
16,22,3,6,3.37,0.0,1.6858333333333337
17,22,3,6,0.0,1.65,1.7275000000000003
18,22,3,6,2.65,1.93,1.6970833333333335
19,22,3,6,1.2,0.31,1.7520833333333339
20,22,3,6,1.63,1.7,1.7337500000000003
21,22,3,6,1.26,1.5299999999999998,1.7070833333333335
22,22,3,6,0.89,3.45,1.5783333333333338
23,22,3,6,0.36,1.94,1.5725000000000005
0,23,4,6,1.8,4.109999999999999,1.4762500000000003
1,23,4,6,1.8,1.63,1.5179166666666672
2,23,4,6,2.63,4.69,1.3225000000000005
3,23,4,6,0.0,2.68,1.2554166666666668
4,23,4,6,1.07,2.18,1.2050000000000003
5,23,4,6,0.97,1.32,1.187916666666667
6,23,4,6,0.91,0.84,1.152916666666667
7,23,4,6,0.0,0.33,1.1870833333333337
8,23,4,6,1.15,0.22,1.2033333333333336
9,23,4,6,0.61,0.0,1.2362500000000003
10,23,4,6,0.79,1.46,1.2183333333333337
11,23,4,6,1.03,3.11,1.0887500000000003
12,23,4,6,0.0,0.94,1.1095833333333338
13,23,4,6,1.44,1.07,1.135416666666667
14,23,4,6,1.69,0.0,1.197916666666667
15,23,4,6,1.5,3.37,1.071666666666667
16,23,4,6,0.34,0.0,1.2658333333333338
17,23,4,6,4.66,2.65,1.2645833333333336
18,23,4,6,2.62,1.2,1.310416666666667
19,23,4,6,2.3,1.63,1.347916666666667
20,23,4,6,2.53,1.26,1.3620833333333338
21,23,4,6,1.6,0.89,1.3250000000000004
22,23,4,6,0.0,0.36,1.3100000000000003
23,23,4,6,0.0,1.8,1.2350000000000003
0,24,5,6,0.0,1.8,1.1837500000000003
1,24,5,6,0.57,2.63,1.1358333333333337
2,24,5,6,1.48,0.0,1.1358333333333337
3,24,5,6,0.0,1.07,1.1825000000000003
4,24,5,6,2.19,0.97,1.1420833333333338
5,24,5,6,0.0,0.91,1.1041666666666672
6,24,5,6,0.0,0.0,1.1041666666666672
7,24,5,6,0.0,1.15,1.129166666666667
8,24,5,6,1.75,0.61,1.2475000000000003
9,24,5,6,3.45,0.79,1.3483333333333336
10,24,5,6,3.21,1.03,1.3870833333333337
11,24,5,6,1.96,0.0,1.439166666666667
12,24,5,6,1.25,1.44,1.379166666666667
13,24,5,6,0.0,1.69,1.371666666666667
14,24,5,6,1.51,1.5,1.309166666666667
15,24,5,6,0.0,0.34,1.370416666666667
16,24,5,6,1.81,4.66,1.1762500000000002
17,24,5,6,0.0,2.62,1.105416666666667
18,24,5,6,0.92,2.3,1.1583333333333339
19,24,5,6,3.57,2.53,1.0529166666666672
20,24,5,6,0.0,1.6,1.0387500000000003
21,24,5,6,1.26,0.0,1.166666666666667
22,24,5,6,3.0700000000000003,0.0,1.277916666666667
23,24,5,6,2.67,0.0,1.3108333333333337
0,25,6,6,0.79,0.57,1.4100000000000004
1,25,6,6,2.95,1.48,1.3483333333333338
2,25,6,6,0.0,0.0,1.6104166666666673
3,25,6,6,6.29,2.19,1.572916666666667
4,25,6,6,1.29,0.0,1.6075000000000002
5,25,6,6,0.8300000000000001,0.0,1.6075000000000002
6,25,6,6,0.0,0.0,1.6908333333333336
7,25,6,6,2.0,1.75,1.6570833333333335
8,25,6,6,0.94,3.45,1.5133333333333336
9,25,6,6,0.0,3.21,1.3795833333333336
10,25,6,6,0.0,1.96,1.306666666666667
11,25,6,6,0.21,1.25,1.3500000000000003
12,25,6,6,2.29,0.0,1.4195833333333336
13,25,6,6,1.67,1.51,1.5320833333333337
14,25,6,6,4.21,0.0,1.5320833333333337
15,25,6,6,0.0,1.81,1.5095833333333337
16,25,6,6,1.27,0.0,1.5095833333333337
17,25,6,6,0.0,0.92,1.4829166666666669
18,25,6,6,0.28,3.57,1.362916666666667
19,25,6,6,0.69,0.0,1.4225000000000003
20,25,6,6,1.43,1.26,1.5170833333333338
21,25,6,6,3.53,3.0700000000000003,1.402916666666667
22,25,6,6,0.33,2.67,1.341666666666667
23,25,6,6,1.2,0.79,1.3087500000000005
0,26,0,6,0.0,2.95,1.1858333333333337
1,26,0,6,0.0,0.0,1.2287500000000005
2,26,0,6,1.03,6.29,0.9666666666666671
3,26,0,6,0.0,1.29,1.1670833333333337
4,26,0,6,6.1,0.8300000000000001,1.2208333333333337
5,26,0,6,2.12,0.0,1.2208333333333337
6,26,0,6,0.0,2.0,1.2062500000000003
7,26,0,6,1.65,0.94,1.2375000000000005
8,26,0,6,1.69,0.0,1.3525000000000003
9,26,0,6,2.76,0.0,1.3525000000000003
10,26,0,6,0.0,0.21,1.3437500000000002
11,26,0,6,0.0,2.29,1.2483333333333337
12,26,0,6,0.0,1.67,1.1787500000000002
13,26,0,6,0.0,4.21,1.1270833333333337
14,26,0,6,2.97,0.0,1.1270833333333339
15,26,0,6,0.0,1.27,1.196666666666667
16,26,0,6,2.94,0.0,1.205416666666667
17,26,0,6,0.21,0.28,1.3604166666666668
18,26,0,6,4.0,0.69,1.331666666666667
19,26,0,6,0.0,1.43,1.4695833333333337
20,26,0,6,4.74,3.53,1.3225000000000005
21,26,0,6,0.0,0.33,1.4350000000000005
22,26,0,6,3.03,1.2,1.4295833333333337
23,26,0,6,1.07,0.0,1.4825000000000002
0,27,1,6,1.27,0.0,1.4825000000000002
1,27,1,6,0.0,1.03,1.4900000000000004
2,27,1,6,1.21,0.0,1.5620833333333335
3,27,1,6,1.73,6.1,1.3937500000000005
4,27,1,6,2.06,2.12,1.3825000000000003
5,27,1,6,1.85,0.0,1.3825000000000003
6,27,1,6,0.0,1.65,1.3904166666666669
7,27,1,6,1.84,1.69,1.3925000000000003
8,27,1,6,1.74,2.76,1.5250000000000004
9,27,1,6,5.94,0.0,1.691666666666667
10,27,1,6,4.0,0.0,1.691666666666667
11,27,1,6,0.0,0.0,1.7370833333333338
12,27,1,6,1.09,0.0,1.8183333333333336
13,27,1,6,1.95,2.97,1.7104166666666671
14,27,1,6,0.38,0.0,1.7525000000000004
15,27,1,6,1.01,2.94,1.6937500000000005
16,27,1,6,1.53,0.21,1.7325000000000006
17,27,1,6,1.14,4.0,1.6691666666666671
18,27,1,6,2.48,0.0,1.6891666666666671
19,27,1,6,0.48,4.74,1.5087500000000003
20,27,1,6,0.41,0.0,1.5883333333333338
21,27,1,6,1.91,3.03,1.4620833333333338
22,27,1,6,0.0,1.07,1.4175000000000004
23,27,1,6,0.0,1.27,1.364583333333334
0,28,2,6,0.0,0.0,1.3741666666666672
1,28,2,6,0.23,1.21,1.3750000000000007
2,28,2,6,1.23,1.73,1.3029166666666672
3,28,2,6,0.0,2.06,1.2795833333333337
4,28,2,6,1.5,1.85,1.2620833333333337
5,28,2,6,1.43,0.0,1.2620833333333337
6,28,2,6,0.0,1.84,1.2412500000000004
7,28,2,6,1.34,1.74,1.1687500000000004
8,28,2,6,0.0,5.94,1.0675000000000003
9,28,2,6,3.51,4.0,0.9750000000000004
10,28,2,6,1.78,0.0,1.022916666666667
11,28,2,6,1.15,1.09,0.9950000000000002
12,28,2,6,0.42,1.95,0.995416666666667
13,28,2,6,1.96,0.38,0.9795833333333337
14,28,2,6,0.0,1.01,1.001666666666667
15,28,2,6,1.54,1.53,0.9379166666666671
16,28,2,6,0.0,1.14,1.0862500000000004
17,28,2,6,4.7,2.48,1.0275000000000003
18,28,2,6,1.07,0.48,1.0075000000000003
19,28,2,6,0.0,0.41,0.990416666666667
20,28,2,6,0.0,1.91,0.9108333333333336
21,28,2,6,0.0,0.0,1.005416666666667
22,28,2,6,2.27,0.0,1.005416666666667
23,28,2,6,0.0,0.0,1.0375000000000003
0,29,3,6,0.77,0.23,1.027916666666667
1,29,3,6,0.0,1.23,1.0816666666666672
2,29,3,6,2.52,0.0,1.0970833333333336
3,29,3,6,0.37,1.5,1.0525000000000004
4,29,3,6,0.43,1.43,0.992916666666667
5,29,3,6,0.0,0.0,1.0412500000000005
6,29,3,6,1.16,1.34,1.072916666666667
7,29,3,6,2.1,0.0,1.189166666666667
8,29,3,6,2.79,3.51,1.1258333333333337
9,29,3,6,1.99,1.78,1.0670833333333338
10,29,3,6,0.37,1.15,1.0683333333333338
11,29,3,6,1.18,0.42,1.1125000000000005
12,29,3,6,1.48,1.96,1.1600000000000004
13,29,3,6,3.1,0.0,1.1600000000000004
14,29,3,6,0.0,1.54,1.236666666666667
15,29,3,6,3.38,0.0,1.279166666666667
16,29,3,6,1.02,4.7,1.1179166666666671
17,29,3,6,0.83,1.07,1.1079166666666669
18,29,3,6,0.83,0.0,1.1079166666666669
19,29,3,6,0.0,0.0,1.179166666666667
20,29,3,6,1.71,0.0,1.4170833333333335
21,29,3,6,5.71,2.27,1.3225000000000005
22,29,3,6,0.0,0.0,1.4262500000000005
23,29,3,6,2.49,0.77,1.589166666666667
0,30,4,6,4.68,0.0,1.6925000000000001
1,30,4,6,2.48,2.52,1.6362500000000004
2,30,4,6,1.17,0.37,1.6512500000000003
3,30,4,6,0.73,0.43,1.6895833333333334
4,30,4,6,1.35,0.0,1.6895833333333334
5,30,4,6,0.0,1.16,1.6583333333333339
6,30,4,6,0.41,2.1,1.720416666666667
7,30,4,6,3.59,2.79,1.6962500000000003
8,30,4,6,2.21,1.99,1.666666666666667
9,30,4,6,1.28,0.37,1.6850000000000005
10,30,4,6,0.81,1.18,1.7191666666666672
11,30,4,6,2.0,1.48,1.7820833333333337
12,30,4,6,2.99,3.1,1.6837500000000005
13,30,4,6,0.74,0.0,1.6837500000000005
14,30,4,6,0.0,3.38,1.6420833333333338
15,30,4,6,2.38,1.02,1.599583333333334
16,30,4,6,0.0,0.83,1.5650000000000004
17,30,4,6,0.0,0.83,1.5533333333333337
18,30,4,6,0.55,0.0,1.5950000000000004
19,30,4,6,1.0,1.71,1.5795833333333338
20,30,4,6,1.34,5.71,1.430416666666667
21,30,4,6,2.13,0.0,1.465416666666667
22,30,4,6,0.84,2.49,1.40125
23,30,4,6,0.95,4.68,1.2062500000000005
0,1,5,7,0.0,2.48,1.102916666666667
1,1,5,7,0.0,1.17,1.0541666666666671
2,1,5,7,0.0,0.73,1.0633333333333337
3,1,5,7,0.95,1.35,1.072916666666667
4,1,5,7,1.58,0.0,1.072916666666667
5,1,5,7,0.0,0.41,1.0675000000000003
6,1,5,7,0.28,3.59,0.9808333333333338
7,1,5,7,1.51,2.21,0.9045833333333336
8,1,5,7,0.38,1.28,0.9845833333333337
9,1,5,7,3.2,0.81,0.9712500000000004
10,1,5,7,0.49,2.0,0.9487500000000003
11,1,5,7,1.46,2.99,0.9037500000000004
12,1,5,7,1.91,0.74,0.945416666666667
13,1,5,7,1.74,0.0,1.0662500000000004
14,1,5,7,2.9,2.38,0.9670833333333336
15,1,5,7,0.0,0.0,1.0375000000000003
16,1,5,7,1.69,0.0,1.2400000000000004
17,1,5,7,4.86,0.55,1.2808333333333337
18,1,5,7,1.53,1.0,1.2695833333333337
19,1,5,7,0.73,1.34,1.2325000000000004
20,1,5,7,0.45,2.13,1.2025000000000003
21,1,5,7,1.41,0.84,1.2975000000000003
22,1,5,7,3.12,0.95,1.3183333333333338
23,1,5,7,1.45,0.0,1.4925000000000004
0,2,6,7,4.18,0.0,1.4925000000000004
1,2,6,7,0.0,0.0,1.5487500000000003
2,2,6,7,1.35,0.95,1.567916666666667
3,2,6,7,1.41,1.58,1.5670833333333336
4,2,6,7,1.56,0.0,1.7487500000000002
5,2,6,7,4.359999999999999,0.28,1.7558333333333336
6,2,6,7,0.45,1.51,1.7179166666666672
7,2,6,7,0.6,0.38,1.724166666666667
8,2,6,7,0.53,3.2,1.590833333333334
9,2,6,7,0.0,0.49,1.7500000000000002
10,2,6,7,4.31,1.46,1.746666666666667
11,2,6,7,1.38,1.91,1.7454166666666673
12,2,6,7,1.88,1.74,1.6729166666666668
13,2,6,7,0.0,2.9,1.574583333333334
14,2,6,7,0.54,0.0,1.6575000000000004
15,2,6,7,1.99,1.69,1.5870833333333334
16,2,6,7,0.0,4.86,1.397916666666667
17,2,6,7,0.32,1.53,1.3341666666666667
18,2,6,7,0.0,0.73,1.517916666666667
19,2,6,7,5.14,0.45,1.4991666666666668
20,2,6,7,0.0,1.41,1.4962500000000005
21,2,6,7,1.34,3.12,1.5358333333333336
22,2,6,7,4.07,1.45,1.475416666666667
23,2,6,7,0.0,4.18,1.375416666666667
0,3,0,7,1.78,0.0,1.425416666666667
1,3,0,7,1.2,1.35,1.4229166666666668
2,3,0,7,1.29,1.41,1.364166666666667
3,3,0,7,0.0,1.56,1.3820833333333338
4,3,0,7,1.99,4.359999999999999,1.257916666666667
5,3,0,7,1.38,0.45,1.239166666666667
6,3,0,7,0.0,0.6,1.214166666666667
7,3,0,7,0.0,0.53,1.234166666666667
8,3,0,7,1.01,0.0,1.234166666666667
9,3,0,7,0.0,4.31,1.134166666666667
10,3,0,7,1.91,1.38,1.147916666666667
11,3,0,7,1.71,1.88,1.0695833333333338
12,3,0,7,0.0,0.0,1.1062500000000004
13,3,0,7,0.88,0.54,1.1120833333333338
14,3,0,7,0.68,1.99,1.029166666666667
15,3,0,7,0.0,0.0,1.176666666666667
16,3,0,7,3.54,0.32,1.1633333333333338
17,3,0,7,0.0,0.0,1.3650000000000002
18,3,0,7,4.84,5.14,1.3066666666666669
19,3,0,7,3.74,0.0,1.3066666666666669
20,3,0,7,0.0,1.34,1.3262500000000004
21,3,0,7,1.81,4.07,1.2012500000000004
22,3,0,7,1.07,0.0,1.2162500000000003
23,3,0,7,0.36,1.78,1.198333333333334
0,4,1,7,1.35,1.2,1.227916666666667
1,4,1,7,1.91,1.29,1.174166666666667
2,4,1,7,0.0,0.0,1.2358333333333336
3,4,1,7,1.48,1.99,1.1950000000000005
4,4,1,7,1.01,1.38,1.2312500000000004
5,4,1,7,2.25,0.0,1.3325000000000002
6,4,1,7,2.43,0.0,1.3325000000000002
7,4,1,7,0.0,1.01,1.4466666666666672
8,4,1,7,3.75,0.0,1.5845833333333337
9,4,1,7,3.31,1.91,1.5050000000000001
10,4,1,7,0.0,1.71,1.4629166666666673
11,4,1,7,0.7,0.0,1.538333333333334
12,4,1,7,1.81,0.88,1.6100000000000003
13,4,1,7,2.6,0.68,1.6187500000000004
14,4,1,7,0.89,0.0,1.754166666666667
15,4,1,7,3.25,3.54,1.7929166666666674
16,4,1,7,4.47,0.0,1.8362500000000006
17,4,1,7,1.04,4.84,1.6345833333333337
18,4,1,7,0.0,3.74,1.6033333333333335
19,4,1,7,2.99,0.0,1.6720833333333338
20,4,1,7,1.65,1.81,1.6708333333333336
21,4,1,7,1.78,1.07,1.6862500000000005
22,4,1,7,1.4400000000000002,0.36,1.7545833333333338
23,4,1,7,2.0,1.35,1.776666666666667
0,5,2,7,1.88,1.91,1.7787500000000003
1,5,2,7,1.96,0.0,1.8083333333333336
2,5,2,7,0.71,1.48,1.746666666666667
3,5,2,7,0.0,1.01,1.8054166666666671
4,5,2,7,2.42,2.25,1.7387500000000005
5,5,2,7,0.65,2.43,1.7191666666666672
6,5,2,7,1.96,0.0,1.7191666666666672
7,5,2,7,0.0,3.75,1.5629166666666672
8,5,2,7,0.0,3.31,1.4250000000000005
9,5,2,7,0.0,0.0,1.4250000000000005
10,5,2,7,0.0,0.7,1.3958333333333337
11,5,2,7,0.0,1.81,1.385416666666667
12,5,2,7,1.56,2.6,1.4358333333333337
13,5,2,7,3.81,0.89,1.4545833333333338
14,5,2,7,1.34,3.25,1.3550000000000004
15,5,2,7,0.86,4.47,1.1925000000000006
16,5,2,7,0.57,1.04,1.230416666666667
17,5,2,7,1.95,0.0,1.266666666666667
18,5,2,7,0.87,2.99,1.1420833333333338
19,5,2,7,0.0,1.65,1.0733333333333337
20,5,2,7,0.0,1.78,1.0620833333333337
21,5,2,7,1.51,1.4400000000000002,1.0020833333333337
22,5,2,7,0.0,2.0,0.9187500000000003
23,5,2,7,0.0,1.88,0.9066666666666671
0,6,3,7,1.59,1.96,0.8500000000000004
1,6,3,7,0.6,0.71,0.9570833333333336
2,6,3,7,3.28,0.0,0.9570833333333336
3,6,3,7,0.0,2.42,0.9687500000000004
4,6,3,7,2.7,0.65,1.0287500000000003
5,6,3,7,2.09,1.96,1.0433333333333337
6,6,3,7,2.31,0.0,1.0433333333333337
7,6,3,7,0.0,0.0,1.0625000000000004
8,6,3,7,0.46,0.0,1.1708333333333336
9,6,3,7,2.6,0.0,1.2520833333333339
10,6,3,7,1.95,0.0,1.303333333333334
11,6,3,7,1.23,1.56,1.2770833333333338
12,6,3,7,0.93,3.81,1.2450000000000003
13,6,3,7,3.04,1.34,1.2045833333333338
14,6,3,7,0.37,0.86,1.212916666666667
15,6,3,7,1.06,0.57,1.2775000000000005
16,6,3,7,2.12,1.95,1.1962500000000005
17,6,3,7,0.0,0.87,1.2325000000000004
18,6,3,7,1.74,0.0,1.2887500000000005
19,6,3,7,1.35,0.0,1.2887500000000005
20,6,3,7,0.0,1.51,1.2483333333333337
21,6,3,7,0.54,0.0,1.2483333333333337
22,6,3,7,0.0,0.0,1.4525000000000003
23,6,3,7,4.9,1.59,1.3862500000000004
0,7,4,7,0.0,0.6,1.4250000000000005
1,7,4,7,1.53,3.28,1.3170833333333338
2,7,4,7,0.69,0.0,1.3170833333333338
3,7,4,7,0.0,2.7,1.2045833333333338
4,7,4,7,0.0,2.09,1.1970833333333337
5,7,4,7,1.91,2.31,1.1462500000000004
6,7,4,7,1.09,0.0,1.1700000000000004
7,7,4,7,0.57,0.46,1.3037500000000004
8,7,4,7,3.67,2.6,1.204166666666667
9,7,4,7,0.21,1.95,1.122916666666667
10,7,4,7,0.0,1.23,1.1270833333333339
11,7,4,7,1.33,0.93,1.1470833333333337
12,7,4,7,1.41,3.04,1.020416666666667
13,7,4,7,0.0,0.37,1.2475000000000005
14,7,4,7,5.82,1.06,1.2033333333333338
15,7,4,7,0.0,2.12,1.2916666666666672
16,7,4,7,4.24,0.0,1.2916666666666672
17,7,4,7,0.0,1.74,1.3012500000000002
18,7,4,7,1.97,1.35,1.2895833333333337
19,7,4,7,1.07,0.0,1.3154166666666671
20,7,4,7,0.62,0.54,1.3875000000000004
21,7,4,7,2.27,0.0,1.3979166666666671
22,7,4,7,0.25,4.9,1.1937500000000003
23,7,4,7,0.0,0.0,1.2750000000000004
0,8,5,7,1.95,1.53,1.2112500000000004
1,8,5,7,0.0,0.69,1.198333333333334
2,8,5,7,0.38,0.0,1.2075000000000005
3,8,5,7,0.22,0.0,1.2900000000000005
4,8,5,7,1.98,1.91,1.3441666666666672
5,8,5,7,3.21,1.09,1.3820833333333338
6,8,5,7,2.0,0.57,1.4854166666666673
7,8,5,7,3.05,3.67,1.346666666666667
8,8,5,7,0.34,0.21,1.404166666666667
9,8,5,7,1.59,0.0,1.4183333333333337
10,8,5,7,0.34,1.33,1.362916666666667
11,8,5,7,0.0,1.41,1.304166666666667
12,8,5,7,0.0,0.0,1.4633333333333338
13,8,5,7,3.82,5.82,1.311666666666667
14,8,5,7,2.18,0.0,1.4662500000000005
15,8,5,7,3.71,4.24,1.3512500000000003
16,8,5,7,1.48,0.0,1.3512500000000003
17,8,5,7,0.0,1.97,1.269166666666667
18,8,5,7,0.0,1.07,1.2629166666666671
19,8,5,7,0.92,0.62,1.2370833333333338
20,8,5,7,0.0,2.27,1.2287500000000005
21,8,5,7,2.0700000000000003,0.25,1.3645833333333337
22,8,5,7,3.51,0.0,1.3750000000000002
23,8,5,7,0.25,1.95,1.4095833333333336
0,9,6,7,2.78,0.0,1.434166666666667
1,9,6,7,0.59,0.38,1.4900000000000002
2,9,6,7,1.72,0.22,1.5958333333333334
3,9,6,7,2.76,1.98,1.5441666666666671
4,9,6,7,0.74,3.21,1.501666666666667
5,9,6,7,2.19,2.0,1.4320833333333336
6,9,6,7,0.33,3.05,1.3179166666666668
7,9,6,7,0.31,0.34,1.3820833333333338
8,9,6,7,1.88,1.59,1.3837500000000003
9,9,6,7,1.63,0.34,1.3695833333333338
10,9,6,7,0.0,0.0,1.4191666666666671
11,9,6,7,1.19,0.0,1.5175000000000003
12,9,6,7,2.36,3.82,1.372916666666667
13,9,6,7,0.35,2.18,1.3254166666666671
14,9,6,7,1.04,3.71,1.2220833333333336
15,9,6,7,1.23,1.48,1.191666666666667
16,9,6,7,0.75,0.0,1.255416666666667
17,9,6,7,1.53,0.0,1.3441666666666672
18,9,6,7,2.13,0.92,1.3058333333333336
19,9,6,7,0.0,0.0,1.3775000000000004
20,9,6,7,1.72,2.0700000000000003,1.3637500000000002
21,9,6,7,1.74,3.51,1.2683333333333338
22,9,6,7,1.22,0.25,1.2579166666666668
23,9,6,7,0.0,2.78,1.1420833333333336
0,10,0,7,0.0,0.59,1.1745833333333338
1,10,0,7,1.37,1.72,1.1858333333333337
2,10,0,7,1.99,2.76,1.1437500000000005
3,10,0,7,1.75,0.74,1.112916666666667
4,10,0,7,0.0,2.19,1.0670833333333338
5,10,0,7,1.09,0.33,1.067916666666667
6,10,0,7,0.35,0.31,1.151666666666667
7,10,0,7,2.32,1.88,1.2575000000000003
8,10,0,7,4.42,1.63,1.269166666666667
9,10,0,7,1.91,0.0,1.3000000000000005
10,10,0,7,0.74,1.19,1.250416666666667
11,10,0,7,0.0,2.36,1.1520833333333338
12,10,0,7,0.0,0.35,1.2954166666666669
13,10,0,7,3.79,1.04,1.2520833333333337
14,10,0,7,0.0,1.23,1.2233333333333336
15,10,0,7,0.54,0.75,1.2100000000000002
16,10,0,7,0.43,1.53,1.3500000000000003
17,10,0,7,4.890000000000001,2.13,1.2612500000000004
18,10,0,7,0.0,0.0,1.3870833333333337
19,10,0,7,3.02,1.72,1.3670833333333337
20,10,0,7,1.24,1.74,1.2945833333333336
21,10,0,7,0.0,1.22,1.4000000000000004
22,10,0,7,3.75,0.0,1.4658333333333335
23,10,0,7,1.58,0.0,1.4658333333333335
0,11,1,7,0.0,1.37,1.4975000000000005
1,11,1,7,2.13,1.99,1.4550000000000003
2,11,1,7,0.97,1.75,1.3820833333333338
3,11,1,7,0.0,0.0,1.4233333333333338
4,11,1,7,0.99,1.09,1.4437500000000003
5,11,1,7,1.58,0.35,1.4595833333333337
6,11,1,7,0.73,2.32,1.402916666666667
7,11,1,7,0.96,4.42,1.2187500000000004
8,11,1,7,0.0,1.91,1.276666666666667
9,11,1,7,3.3,0.74,1.2458333333333338
10,11,1,7,0.0,0.0,1.2458333333333338
11,11,1,7,0.0,0.0,1.2458333333333338
12,11,1,7,0.0,3.79,1.1237500000000005
13,11,1,7,0.86,0.0,1.1237500000000005
14,11,1,7,0.0,0.54,1.1012500000000005
15,11,1,7,0.0,0.43,1.0833333333333337
16,11,1,7,0.0,4.890000000000001,0.8795833333333337
17,11,1,7,0.0,0.0,0.9129166666666669
18,11,1,7,0.8,3.02,0.9300000000000003
19,11,1,7,3.43,1.24,1.031666666666667
20,11,1,7,3.68,0.0,1.1083333333333336
21,11,1,7,1.84,3.75,0.9812500000000003
22,11,1,7,0.7,1.58,1.0145833333333336
23,11,1,7,2.38,0.0,1.087916666666667
0,12,2,7,1.76,2.13,1.1283333333333336
1,12,2,7,3.1,0.97,1.169166666666667
2,12,2,7,1.95,0.0,1.169166666666667
3,12,2,7,0.0,0.99,1.127916666666667
4,12,2,7,0.0,1.58,1.2000000000000004
5,12,2,7,3.31,0.73,1.1695833333333339
6,12,2,7,0.0,0.96,1.1695833333333336
7,12,2,7,0.96,0.0,1.1820833333333336
8,12,2,7,0.3,3.3,1.1012500000000003
9,12,2,7,1.36,0.0,1.1362500000000004
10,12,2,7,0.8400000000000001,0.0,1.1362500000000004
11,12,2,7,0.0,0.0,1.1362500000000004
12,12,2,7,0.0,0.86,1.1337500000000003
13,12,2,7,0.8,0.0,1.1983333333333337
14,12,2,7,1.55,0.0,1.3245833333333337
15,12,2,7,3.03,0.0,1.3525000000000003
16,12,2,7,0.67,0.0,1.3525000000000003
17,12,2,7,0.0,0.8,1.319166666666667
18,12,2,7,0.0,3.43,1.1950000000000003
19,12,2,7,0.45,3.68,1.041666666666667
20,12,2,7,0.0,1.84,1.0754166666666671
21,12,2,7,2.6500000000000004,0.7,1.1266666666666671
22,12,2,7,1.93,2.38,1.1083333333333336
23,12,2,7,1.94,1.76,1.0745833333333337
0,13,3,7,0.95,3.1,0.9900000000000003
1,13,3,7,1.07,1.95,0.9200000000000004
2,13,3,7,0.27,0.0,0.9579166666666671
3,13,3,7,0.91,0.0,1.0295833333333337
4,13,3,7,1.72,3.31,0.9716666666666671
5,13,3,7,1.92,0.0,0.9716666666666671
6,13,3,7,0.0,0.96,0.9316666666666671
7,13,3,7,0.0,0.3,0.919166666666667
8,13,3,7,0.0,1.36,0.9375000000000003
9,13,3,7,1.7999999999999998,0.8400000000000001,0.9791666666666671
10,13,3,7,1.84,0.0,1.107916666666667
11,13,3,7,3.09,0.0,1.1870833333333337
12,13,3,7,1.9,0.8,1.2162500000000003
13,13,3,7,1.5,1.55,1.151666666666667
14,13,3,7,0.0,3.03,1.1020833333333337
15,13,3,7,1.84,0.67,1.1025000000000003
16,13,3,7,0.68,0.0,1.1025000000000003
17,13,3,7,0.0,0.0,1.1025000000000003
18,13,3,7,0.0,0.45,1.197916666666667
19,13,3,7,2.74,0.0,1.2137500000000003
20,13,3,7,0.38,2.6500000000000004,1.1033333333333337
21,13,3,7,0.0,1.93,1.022916666666667
22,13,3,7,0.0,1.94,0.9420833333333337
23,13,3,7,0.0,0.95,1.037916666666667
0,14,4,7,3.25,1.07,1.0520833333333337
1,14,4,7,1.41,0.27,1.0700000000000005
2,14,4,7,0.7,0.91,1.0954166666666671
3,14,4,7,1.52,1.72,1.1245833333333337
4,14,4,7,2.42,1.92,1.1545833333333337
5,14,4,7,2.64,0.0,1.191666666666667
6,14,4,7,0.89,0.0,1.2237500000000003
7,14,4,7,0.77,0.0,1.2237500000000003
8,14,4,7,0.0,1.7999999999999998,1.297916666666667
9,14,4,7,3.58,1.84,1.2212500000000004
10,14,4,7,0.0,3.09,1.2045833333333338
11,14,4,7,2.69,1.9,1.1850000000000005
12,14,4,7,1.43,1.5,1.2925000000000004
13,14,4,7,4.08,0.0,1.3262500000000004
14,14,4,7,0.81,1.84,1.2495833333333337
15,14,4,7,0.0,0.68,1.2825000000000004
16,14,4,7,1.47,0.0,1.4225000000000003
17,14,4,7,3.36,0.0,1.4225000000000003
18,14,4,7,0.0,2.74,1.461666666666667
19,14,4,7,3.68,0.38,1.4458333333333335
20,14,4,7,0.0,0.0,1.4570833333333335
21,14,4,7,0.27,0.0,1.4570833333333335
22,14,4,7,0.0,0.0,1.4570833333333335
23,14,4,7,0.0,3.25,1.321666666666667
0,15,5,7,0.0,1.41,1.2629166666666671
1,15,5,7,0.0,0.7,1.2787500000000005
2,15,5,7,1.08,1.52,1.312916666666667
3,15,5,7,2.34,2.42,1.2312500000000004
4,15,5,7,0.46,2.64,1.202916666666667
5,15,5,7,1.96,0.89,1.2500000000000002
6,15,5,7,2.02,0.77,1.217916666666667
7,15,5,7,0.0,0.0,1.256666666666667
8,15,5,7,0.93,3.58,1.1250000000000004
9,15,5,7,0.42,0.0,1.2370833333333338
10,15,5,7,2.6900000000000004,2.69,1.1837500000000003
11,15,5,7,1.41,1.43,1.205416666666667
12,15,5,7,1.95,4.08,1.035416666666667
13,15,5,7,0.0,0.81,1.1079166666666669
14,15,5,7,2.55,0.0,1.2175000000000005
15,15,5,7,2.63,1.47,1.1562500000000004
16,15,5,7,0.0,3.36,1.0162500000000005
17,15,5,7,0.0,0.0,1.0162500000000005
18,15,5,7,0.0,3.68,0.9958333333333337
19,15,5,7,3.19,0.0,0.9958333333333337
20,15,5,7,0.0,0.27,0.9845833333333337
21,15,5,7,0.0,0.0,1.0037500000000004
22,15,5,7,0.46,0.0,1.0308333333333337
23,15,5,7,0.65,0.0,1.1033333333333337
0,16,6,7,1.74,0.0,1.174166666666667
1,16,6,7,1.7,1.08,1.129166666666667
2,16,6,7,0.0,2.34,1.1337500000000003
3,16,6,7,2.45,0.46,1.1145833333333337
4,16,6,7,0.0,1.96,1.032916666666667
5,16,6,7,0.0,2.02,0.9487500000000003
6,16,6,7,0.0,0.0,1.007916666666667
7,16,6,7,1.42,0.93,0.9820833333333336
8,16,6,7,0.31,0.42,1.0045833333333338
9,16,6,7,0.96,2.6900000000000004,0.8925000000000004
10,16,6,7,0.0,1.41,0.901666666666667
11,16,6,7,1.63,1.95,0.820416666666667
12,16,6,7,0.0,0.0,0.8491666666666671
13,16,6,7,0.69,2.55,0.7925000000000003
14,16,6,7,1.19,2.63,0.682916666666667
15,16,6,7,0.0,0.0,0.682916666666667
16,16,6,7,0.0,0.0,0.7954166666666671
17,16,6,7,2.7,0.0,0.8475000000000005
18,16,6,7,1.25,3.19,0.8025000000000003
19,16,6,7,2.11,0.0,0.8025000000000003
20,16,6,7,0.0,0.0,0.8120833333333337
21,16,6,7,0.23,0.46,0.792916666666667
22,16,6,7,0.0,0.65,0.7658333333333337
23,16,6,7,0.0,1.74,0.6933333333333338
0,17,0,7,0.0,1.7,0.702916666666667
1,17,0,7,1.93,0.0,0.7733333333333338
2,17,0,7,1.69,2.45,0.7295833333333337
3,17,0,7,1.4,0.0,0.7295833333333337
4,17,0,7,0.0,0.0,0.7295833333333337
5,17,0,7,0.0,0.0,0.886666666666667
6,17,0,7,3.77,1.42,0.9045833333333336
7,17,0,7,1.85,0.31,1.020416666666667
8,17,0,7,3.09,0.96,0.980416666666667
9,17,0,7,0.0,0.0,0.980416666666667
10,17,0,7,0.0,1.63,0.9125000000000004
11,17,0,7,0.0,0.0,0.9308333333333337
12,17,0,7,0.44,0.69,0.9600000000000003
13,17,0,7,1.39,1.19,1.0104166666666672
14,17,0,7,2.4,0.0,1.070416666666667
15,17,0,7,1.44,0.0,1.1208333333333338
16,17,0,7,1.21,2.7,1.0083333333333335
17,17,0,7,0.0,1.25,0.9562500000000003
18,17,0,7,0.0,2.11,0.9545833333333337
19,17,0,7,2.07,0.0,1.0054166666666668
20,17,0,7,1.22,0.23,0.9958333333333336
21,17,0,7,0.0,0.0,1.1225000000000003
22,17,0,7,3.04,0.0,1.167916666666667
23,17,0,7,1.09,0.0,1.167916666666667
0,18,1,7,0.0,1.93,1.1504166666666669
1,18,1,7,1.51,1.69,1.131666666666667
2,18,1,7,1.24,1.4,1.184166666666667
3,18,1,7,2.66,0.0,1.2637500000000002
4,18,1,7,1.91,0.0,1.375416666666667
5,18,1,7,2.68,3.77,1.362916666666667
6,18,1,7,3.47,1.85,1.2858333333333338
7,18,1,7,0.0,3.09,1.2650000000000003
8,18,1,7,2.59,0.0,1.3558333333333337
9,18,1,7,2.18,0.0,1.3795833333333336
10,18,1,7,0.57,0.0,1.4229166666666673
11,18,1,7,1.04,0.44,1.4800000000000002
12,18,1,7,1.81,1.39,1.6066666666666671
13,18,1,7,4.43,2.4,1.6045833333333335
14,18,1,7,2.35,1.44,1.6425000000000003
15,18,1,7,2.35,1.21,1.6712500000000003
16,18,1,7,1.9,0.0,1.7633333333333336
17,18,1,7,2.21,0.0,1.9975000000000003
18,18,1,7,5.62,2.07,1.9708333333333334
19,18,1,7,1.43,1.22,2.0475000000000003
20,18,1,7,3.06,0.0,2.0962500000000004
21,18,1,7,1.17,3.04,2.0025000000000004
22,18,1,7,0.79,1.09,2.0125
23,18,1,7,1.33,0.0,2.1475000000000004
0,19,2,7,3.24,1.51,2.0845833333333337
1,19,2,7,0.0,1.24,2.0983333333333336
2,19,2,7,1.57,2.66,2.0087500000000005
3,19,2,7,0.51,1.91,1.9291666666666671
4,19,2,7,0.0,2.68,1.8175000000000001
5,19,2,7,0.0,3.47,1.7004166666666671
6,19,2,7,0.66,0.0,1.7633333333333336
7,19,2,7,1.51,2.59,1.685416666666667
8,19,2,7,0.72,2.18,1.6708333333333336
9,19,2,7,1.83,0.57,1.8075000000000003
10,19,2,7,3.85,1.04,1.8883333333333336
11,19,2,7,2.9799999999999995,1.81,1.8933333333333338
12,19,2,7,1.93,4.43,1.787916666666667
13,19,2,7,1.9,2.35,1.8312500000000005
14,19,2,7,3.39,2.35,1.7333333333333336
15,19,2,7,0.0,1.9,1.715416666666667
16,19,2,7,1.47,2.21,1.6233333333333337
17,19,2,7,0.0,5.62,1.4004166666666669
18,19,2,7,0.27,1.43,1.3408333333333335
19,19,2,7,0.0,3.06,1.3462500000000004
20,19,2,7,3.19,1.17,1.2975000000000003
21,19,2,7,0.0,0.79,1.3458333333333339
22,19,2,7,1.95,1.33,1.290416666666667
23,19,2,7,0.0,3.24,1.155416666666667
0,20,3,7,0.0,0.0,1.227916666666667
1,20,3,7,1.74,1.57,1.185416666666667
2,20,3,7,0.55,0.51,1.2350000000000003
3,20,3,7,1.7,0.0,1.3137500000000004
4,20,3,7,1.89,0.0,1.3137500000000004
5,20,3,7,0.0,0.66,1.2862500000000003
6,20,3,7,0.0,1.51,1.3141666666666671
7,20,3,7,2.18,0.72,1.284166666666667
8,20,3,7,0.0,1.83,1.332916666666667
9,20,3,7,3.0,3.85,1.1725000000000003
10,20,3,7,0.0,2.9799999999999995,1.0787500000000005
11,20,3,7,0.73,1.93,0.9983333333333336
12,20,3,7,0.0,1.9,0.9375000000000003
13,20,3,7,0.44,3.39,0.7962500000000002
14,20,3,7,0.0,0.0,0.7962500000000002
15,20,3,7,0.0,1.47,0.7350000000000003
16,20,3,7,0.0,0.0,0.7350000000000003
17,20,3,7,0.0,0.27,0.7237500000000003
18,20,3,7,0.0,0.0,0.7883333333333337
19,20,3,7,1.55,3.19,0.804166666666667
20,20,3,7,3.5700000000000003,0.0,0.804166666666667
21,20,3,7,0.0,1.95,0.811666666666667
22,20,3,7,2.13,0.0,0.811666666666667
23,20,3,7,0.0,0.0,0.811666666666667
0,21,4,7,0.0,1.74,0.8191666666666672
1,21,4,7,1.92,0.55,0.840416666666667
2,21,4,7,1.06,1.7,0.7695833333333337
3,21,4,7,0.0,1.89,0.7808333333333337
4,21,4,7,2.16,0.0,0.7808333333333337
5,21,4,7,0.0,0.0,0.8695833333333337
6,21,4,7,2.13,2.18,0.7925000000000004
7,21,4,7,0.33,0.0,0.8495833333333338
8,21,4,7,1.37,3.0,0.7983333333333338
9,21,4,7,1.77,0.0,0.9279166666666671
10,21,4,7,3.11,0.73,0.8975000000000004
11,21,4,7,0.0,0.0,0.9575000000000005
12,21,4,7,1.44,0.44,0.9587500000000003
13,21,4,7,0.47,0.0,1.042916666666667
14,21,4,7,2.02,0.0,1.042916666666667
15,21,4,7,0.0,0.0,1.042916666666667
16,21,4,7,0.0,0.0,1.1525000000000003
17,21,4,7,2.63,0.0,1.1525000000000003
18,21,4,7,0.0,1.55,1.101666666666667
19,21,4,7,0.33,3.5700000000000003,1.0858333333333337
20,21,4,7,3.19,0.0,1.1462500000000004
21,21,4,7,1.45,2.13,1.1120833333333338
22,21,4,7,1.31,0.0,1.1720833333333338
23,21,4,7,1.44,0.0,1.2412500000000002
0,22,5,7,1.66,1.92,1.2358333333333338
1,22,5,7,1.79,1.06,1.2687500000000003
2,22,5,7,1.85,0.0,1.2687500000000003
3,22,5,7,0.0,2.16,1.1787500000000002
4,22,5,7,0.0,0.0,1.2370833333333338
5,22,5,7,1.4,2.13,1.1804166666666671
6,22,5,7,0.77,0.33,1.1666666666666672
7,22,5,7,0.0,1.37,1.2004166666666671
8,22,5,7,2.18,1.77,1.1395833333333336
9,22,5,7,0.31,3.11,1.1412500000000005
10,22,5,7,3.15,0.0,1.2695833333333337
11,22,5,7,3.08,1.44,1.2095833333333337
12,22,5,7,0.0,0.47,1.2733333333333337
13,22,5,7,2.0,2.02,1.2183333333333335
14,22,5,7,0.7,0.0,1.2320833333333339
15,22,5,7,0.33,0.0,1.4583333333333337
16,22,5,7,5.43,2.63,1.5400000000000003
17,22,5,7,4.59,0.0,1.5783333333333338
18,22,5,7,0.92,0.33,1.6229166666666668
19,22,5,7,1.4,3.19,1.4900000000000002
20,22,5,7,0.0,1.45,1.470416666666667
21,22,5,7,0.98,1.31,1.4887500000000005
22,22,5,7,1.75,1.44,1.4287500000000002
23,22,5,7,0.0,1.66,1.4625000000000004
0,23,6,7,2.47,1.79,1.5391666666666672
1,23,6,7,3.63,1.85,1.514166666666667
2,23,6,7,1.25,0.0,1.6645833333333337
3,23,6,7,3.61,0.0,1.6645833333333337
4,23,6,7,0.0,1.4,1.6545833333333337
5,23,6,7,1.16,0.77,1.6225000000000003
6,23,6,7,0.0,0.0,1.6545833333333337
7,23,6,7,0.77,2.18,1.6362500000000002
8,23,6,7,1.7399999999999998,0.31,1.6233333333333337
9,23,6,7,0.0,3.15,1.4920833333333334
10,23,6,7,0.0,3.08,1.3637500000000002
11,23,6,7,0.0,0.0,1.4837500000000003
12,23,6,7,2.88,2.0,1.4004166666666669
13,23,6,7,0.0,0.7,1.4512500000000006
14,23,6,7,1.92,0.33,1.5420833333333335
15,23,6,7,2.51,5.43,1.3158333333333336
16,23,6,7,0.0,4.59,1.1245833333333337
17,23,6,7,0.0,0.92,1.129166666666667
18,23,6,7,1.03,1.4,1.0708333333333337
19,23,6,7,0.0,0.0,1.0708333333333337
20,23,6,7,0.0,0.98,1.0887500000000003
21,23,6,7,1.41,1.75,1.1062500000000004
22,23,6,7,2.17,0.0,1.1062500000000004
23,23,6,7,0.0,2.47,1.0195833333333335
0,24,0,7,0.39,3.63,0.9666666666666671
1,24,0,7,2.3600000000000003,1.25,1.002916666666667
2,24,0,7,2.12,3.61,0.9170833333333337
3,24,0,7,1.55,0.0,1.035416666666667
4,24,0,7,2.84,1.16,1.0212500000000004
5,24,0,7,0.82,0.0,1.1045833333333337
6,24,0,7,2.0,0.77,1.1683333333333337
7,24,0,7,2.3,1.7399999999999998,1.0958333333333339
8,24,0,7,0.0,0.0,1.1554166666666672
9,24,0,7,1.43,0.0,1.2200000000000004
10,24,0,7,1.55,0.0,1.3808333333333336
11,24,0,7,3.86,2.88,1.411666666666667
12,24,0,7,3.62,0.0,1.411666666666667
13,24,0,7,0.0,1.92,1.581666666666667
14,24,0,7,6.0,2.51,1.4770833333333337
15,24,0,7,0.0,0.0,1.4770833333333337
16,24,0,7,0.0,0.0,1.4770833333333337
17,24,0,7,0.0,1.03,1.5133333333333336
18,24,0,7,1.9,0.0,1.609166666666667
19,24,0,7,2.3,0.0,1.6362500000000004
20,24,0,7,0.65,1.41,1.5945833333333335
21,24,0,7,0.41,2.17,1.6550000000000005
22,24,0,7,3.62,0.0,1.709583333333334
23,24,0,7,1.31,0.39,1.7741666666666671
0,25,1,7,1.94,2.3600000000000003,1.7958333333333336
1,25,1,7,2.88,2.12,1.7266666666666668
2,25,1,7,0.46,1.55,1.6620833333333336
3,25,1,7,0.0,2.84,1.5437500000000002
4,25,1,7,0.0,0.82,1.7087500000000002
5,25,1,7,4.78,2.0,1.6862500000000002
6,25,1,7,1.46,2.3,1.7025000000000003
7,25,1,7,2.69,0.0,1.7975000000000003
8,25,1,7,2.28,1.43,1.7762500000000003
9,25,1,7,0.92,1.55,1.7116666666666671
10,25,1,7,0.0,3.86,1.620416666666667
11,25,1,7,1.67,3.62,1.4858333333333338
12,25,1,7,0.39,0.0,1.5670833333333336
13,25,1,7,1.95,6.0,1.3170833333333336
14,25,1,7,0.0,0.0,1.3287500000000003
15,25,1,7,0.28,0.0,1.4000000000000004
16,25,1,7,1.71,0.0,1.4000000000000004
17,25,1,7,0.0,1.9,1.3441666666666672
18,25,1,7,0.56,2.3,1.2483333333333337
19,25,1,7,0.0,0.65,1.2641666666666669
20,25,1,7,1.03,0.41,1.401666666666667
21,25,1,7,3.71,3.62,1.394583333333334
22,25,1,7,3.45,1.31,1.3400000000000005
23,25,1,7,0.0,1.94,1.301666666666667
0,26,2,7,1.02,2.88,1.1816666666666669
1,26,2,7,0.0,0.46,1.2250000000000003
2,26,2,7,1.5,0.0,1.265416666666667
3,26,2,7,0.97,0.0,1.2820833333333337
4,26,2,7,0.4,4.78,1.1637500000000003
5,26,2,7,1.94,1.46,1.247916666666667
6,26,2,7,3.48,2.69,1.1358333333333337
7,26,2,7,0.0,2.28,1.060416666666667
8,26,2,7,0.47,0.92,1.1816666666666669
9,26,2,7,3.83,0.0,1.2337500000000003
10,26,2,7,1.25,1.67,1.210416666666667
11,26,2,7,1.11,0.39,1.194166666666667
12,26,2,7,0.0,1.95,1.112916666666667
13,26,2,7,0.0,0.0,1.112916666666667
14,26,2,7,0.0,0.28,1.119166666666667
15,26,2,7,0.43,1.71,1.0479166666666673
16,26,2,7,0.0,0.0,1.0841666666666672
17,26,2,7,0.87,0.56,1.121666666666667
18,26,2,7,1.46,0.0,1.1379166666666671
19,26,2,7,0.39,1.03,1.1612500000000003
20,26,2,7,1.59,3.71,1.110416666666667
21,26,2,7,2.49,3.45,1.0441666666666671
22,26,2,7,1.86,0.0,1.0650000000000004
23,26,2,7,0.5,1.02,1.1491666666666671
0,27,3,7,3.04,0.0,1.1675000000000002
1,27,3,7,0.44,1.5,1.2583333333333337
2,27,3,7,3.68,0.97,1.2716666666666672
3,27,3,7,1.29,0.4,1.2550000000000006
4,27,3,7,0.0,1.94,1.174166666666667
5,27,3,7,0.0,3.48,1.197916666666667
6,27,3,7,4.05,0.0,1.2116666666666671
7,27,3,7,0.33,0.47,1.2433333333333338
8,27,3,7,1.23,3.83,1.0975000000000004
9,27,3,7,0.33,1.25,1.1070833333333336
10,27,3,7,1.48,1.11,1.1891666666666671
11,27,3,7,3.08,0.0,1.1891666666666671
12,27,3,7,0.0,0.0,1.2670833333333338
13,27,3,7,1.87,0.0,1.4833333333333336
14,27,3,7,5.19,0.43,1.6987500000000004
15,27,3,7,5.6,0.0,1.782916666666667
16,27,3,7,2.02,0.87,1.746666666666667
17,27,3,7,0.0,1.46,1.6858333333333337
18,27,3,7,0.0,0.39,1.6695833333333336
19,27,3,7,0.0,1.59,1.629166666666667
20,27,3,7,0.62,2.49,1.5254166666666673
21,27,3,7,0.0,1.86,1.4662500000000003
22,27,3,7,0.44,0.5,1.55875
23,27,3,7,2.72,3.04,1.4941666666666669
0,28,4,7,1.49,0.44,1.5445833333333336
1,28,4,7,1.65,3.68,1.4662500000000005
2,28,4,7,1.8,1.29,1.4125000000000005
3,28,4,7,0.0,0.0,1.4125000000000005
4,28,4,7,0.0,0.0,1.5475000000000003
5,28,4,7,3.24,4.05,1.4037500000000003
6,28,4,7,0.6,0.33,1.3900000000000003
7,28,4,7,0.0,1.23,1.5512500000000005
8,28,4,7,5.1,0.33,1.5958333333333339
9,28,4,7,1.4,1.48,1.5950000000000004
10,28,4,7,1.46,3.08,1.466666666666667
11,28,4,7,0.0,0.0,1.466666666666667
12,28,4,7,0.0,1.87,1.4229166666666673
13,28,4,7,0.82,5.19,1.3008333333333335
14,28,4,7,2.26,5.6,1.1458333333333337
15,28,4,7,1.88,2.02,1.0616666666666672
16,28,4,7,0.0,0.0,1.1237500000000005
17,28,4,7,1.49,0.0,1.2262500000000005
18,28,4,7,2.46,0.0,1.2262500000000005
19,28,4,7,0.0,0.62,1.301666666666667
20,28,4,7,2.43,0.0,1.536666666666667
21,28,4,7,5.64,0.44,1.581666666666667
22,28,4,7,1.52,2.72,1.4683333333333335
23,28,4,7,0.0,1.49,1.4062500000000002
0,29,5,7,0.0,1.65,1.514166666666667
1,29,5,7,4.24,1.8,1.439166666666667
2,29,5,7,0.0,0.0,1.4550000000000003
3,29,5,7,0.38,0.0,1.4550000000000003
4,29,5,7,0.0,3.24,1.3654166666666672
5,29,5,7,1.09,0.6,1.340416666666667
6,29,5,7,0.0,0.0,1.4366666666666668
7,29,5,7,2.31,5.1,1.3029166666666672
8,29,5,7,1.89,1.4,1.2445833333333336
9,29,5,7,0.0,1.46,1.2100000000000004
10,29,5,7,0.63,0.0,1.2883333333333338
11,29,5,7,1.88,0.0,1.3675000000000004
12,29,5,7,1.9,0.82,1.3533333333333337
13,29,5,7,0.48,2.26,1.2708333333333337
14,29,5,7,0.28,1.88,1.1925000000000003
15,29,5,7,0.0,0.0,1.1925000000000003
16,29,5,7,0.0,1.49,1.130416666666667
17,29,5,7,0.0,2.46,1.059166666666667
18,29,5,7,0.75,0.0,1.1008333333333338
19,29,5,7,1.0,2.43,0.9995833333333337
20,29,5,7,0.0,5.64,0.8312500000000004
21,29,5,7,1.6,1.52,0.7995833333333336
22,29,5,7,0.76,0.0,0.8754166666666671
23,29,5,7,1.82,0.0,0.9583333333333338
0,30,6,7,1.99,4.24,0.7991666666666671
1,30,6,7,0.42,0.0,0.8258333333333336
2,30,6,7,0.64,0.38,0.8100000000000004
3,30,6,7,0.0,0.0,0.8929166666666669
4,30,6,7,1.99,1.09,0.9412500000000005
5,30,6,7,2.25,0.0,1.0045833333333338
6,30,6,7,1.52,2.31,0.9083333333333338
7,30,6,7,0.0,1.89,0.897916666666667
8,30,6,7,1.64,0.0,0.897916666666667
9,30,6,7,0.0,0.63,1.009166666666667
10,30,6,7,3.3000000000000003,1.88,0.9545833333333337
11,30,6,7,0.57,1.9,0.8754166666666671
12,30,6,7,0.0,0.48,0.8720833333333338
13,30,6,7,0.4,0.28,0.860416666666667
14,30,6,7,0.0,0.0,0.860416666666667
15,30,6,7,0.0,0.0,0.860416666666667
16,30,6,7,0.0,0.0,0.9137500000000003
17,30,6,7,1.28,0.75,0.9150000000000004
18,30,6,7,0.78,1.0,0.902916666666667
19,30,6,7,0.71,0.0,0.902916666666667
20,30,6,7,0.0,1.6,0.8362500000000005
21,30,6,7,0.0,0.76,0.8045833333333338
22,30,6,7,0.0,1.82,0.7287500000000003
23,30,6,7,0.0,1.99,0.6458333333333337
0,31,0,7,0.0,0.42,0.6283333333333337
1,31,0,7,0.0,0.64,0.601666666666667
2,31,0,7,0.0,0.0,0.601666666666667
3,31,0,7,0.0,1.99,0.5187500000000004
4,31,0,7,0.0,2.25,0.544166666666667
5,31,0,7,2.86,1.52,0.4808333333333337
6,31,0,7,0.0,0.0,0.4808333333333337
7,31,0,7,0.0,1.64,0.470416666666667
8,31,0,7,1.39,0.0,0.517916666666667
9,31,0,7,1.14,3.3000000000000003,0.46250000000000036
10,31,0,7,1.97,0.57,0.511666666666667
11,31,0,7,1.75,0.0,0.7362500000000004
12,31,0,7,5.39,0.4,0.8183333333333337
13,31,0,7,2.37,0.0,0.8183333333333337
14,31,0,7,0.0,0.0,0.8183333333333337
15,31,0,7,0.0,0.0,0.8637500000000004
16,31,0,7,1.09,1.28,0.8104166666666671
17,31,0,7,0.0,0.78,0.8712500000000003
18,31,0,7,2.24,0.71,0.8416666666666669
19,31,0,7,0.0,0.0,0.8566666666666669
20,31,0,7,0.36,0.0,1.002916666666667
21,31,0,7,3.51,0.0,1.0512500000000002
22,31,0,7,1.16,0.0,1.0512500000000002
23,31,0,7,0.0,0.0,1.065416666666667
0,1,1,8,0.34,0.0,1.142916666666667
1,1,1,8,1.86,0.0,1.2470833333333335
2,1,1,8,2.5,0.0,1.330416666666667
3,1,1,8,2.0,0.0,1.330416666666667
4,1,1,8,0.0,2.86,1.2212500000000002
5,1,1,8,0.24,0.0,1.2212500000000002
6,1,1,8,0.0,0.0,1.375416666666667
7,1,1,8,3.7,1.39,1.3175000000000003
8,1,1,8,0.0,1.14,1.330416666666667
9,1,1,8,1.45,1.97,1.2812500000000002
10,1,1,8,0.79,1.75,1.3325000000000002
11,1,1,8,2.98,5.39,1.2670833333333338
12,1,1,8,3.82,2.37,1.2258333333333338
13,1,1,8,1.38,0.0,1.2820833333333337
14,1,1,8,1.35,0.0,1.3375000000000004
15,1,1,8,1.33,1.09,1.4366666666666672
16,1,1,8,3.47,0.0,1.457916666666667
17,1,1,8,0.51,2.24,1.3645833333333337
18,1,1,8,0.0,0.0,1.389166666666667
19,1,1,8,0.59,0.36,1.4225000000000003
20,1,1,8,1.16,3.51,1.2929166666666672
21,1,1,8,0.4,1.16,1.2445833333333338
22,1,1,8,0.0,0.0,1.2445833333333338
23,1,1,8,0.0,0.34,1.2729166666666671
0,2,2,8,1.02,1.86,1.2145833333333336
1,2,2,8,0.46,2.5,1.149166666666667
2,2,2,8,0.93,2.0,1.2708333333333337
3,2,2,8,4.92,0.0,1.3375000000000004
4,2,2,8,1.6,0.24,1.3383333333333338
5,2,2,8,0.26,0.0,1.3383333333333338
6,2,2,8,0.0,3.7,1.2995833333333338
7,2,2,8,2.77,0.0,1.3720833333333335
8,2,2,8,1.74,1.45,1.3879166666666671
9,2,2,8,1.83,0.79,1.474166666666667
10,2,2,8,2.8600000000000003,2.98,1.3500000000000003
11,2,2,8,0.0,3.82,1.1908333333333339
12,2,2,8,0.0,1.38,1.177916666666667
13,2,2,8,1.07,1.35,1.2708333333333337
14,2,2,8,3.58,1.33,1.249166666666667
15,2,2,8,0.81,3.47,1.1625000000000003
16,2,2,8,1.39,0.51,1.1412500000000003
17,2,2,8,0.0,0.0,1.2470833333333335
18,2,2,8,2.54,0.59,1.3033333333333337
19,2,2,8,1.94,1.16,1.3312500000000005
20,2,2,8,1.83,0.4,1.3645833333333337
21,2,2,8,1.2,0.0,1.3645833333333337
22,2,2,8,0.0,0.0,1.4750000000000005
23,2,2,8,2.65,1.02,1.4795833333333335
0,3,3,8,1.13,0.46,1.4779166666666672
1,3,3,8,0.42,0.93,1.5600000000000003
2,3,3,8,2.9,4.92,1.3937500000000005
3,3,3,8,0.93,1.6,1.3270833333333336
4,3,3,8,0.0,0.26,1.4862500000000003
5,3,3,8,4.08,0.0,1.5541666666666671
6,3,3,8,1.63,2.77,1.4600000000000006
7,3,3,8,0.51,1.74,1.4400000000000004
8,3,3,8,1.26,1.83,1.3637500000000005
9,3,3,8,0.0,2.8600000000000003,1.2445833333333336
10,3,3,8,0.0,0.0,1.257916666666667
11,3,3,8,0.32,0.0,1.257916666666667
12,3,3,8,0.0,1.07,1.2133333333333336
13,3,3,8,0.0,3.58,1.2120833333333336
14,3,3,8,3.55,0.81,1.1783333333333337
15,3,3,8,0.0,1.39,1.190416666666667
16,3,3,8,1.68,0.0,1.2016666666666669
17,3,3,8,0.27,2.54,1.1133333333333337
18,3,3,8,0.42,1.94,1.0325000000000004
19,3,3,8,0.0,1.83,1.030416666666667
20,3,3,8,1.78,1.2,1.051666666666667
21,3,3,8,1.71,0.0,1.051666666666667
22,3,3,8,0.0,2.65,1.1137500000000002
23,3,3,8,4.14,1.13,1.096666666666667
0,4,4,8,0.72,0.42,1.1325000000000003
1,4,4,8,1.28,2.9,1.011666666666667
2,4,4,8,0.0,0.93,1.042916666666667
3,4,4,8,1.68,0.0,1.101666666666667
4,4,4,8,1.41,4.08,0.9933333333333336
5,4,4,8,1.48,1.63,1.0250000000000004
6,4,4,8,2.39,0.51,1.2570833333333338
7,4,4,8,6.08,1.26,1.2045833333333336
8,4,4,8,0.0,0.0,1.219166666666667
9,4,4,8,0.35,0.0,1.219166666666667
10,4,4,8,0.0,0.32,1.289166666666667
11,4,4,8,2.0,0.0,1.3591666666666669
12,4,4,8,1.68,0.0,1.3591666666666669
13,4,4,8,0.0,3.55,1.2620833333333337
14,4,4,8,1.22,0.0,1.3458333333333334
15,4,4,8,2.01,1.68,1.346666666666667
16,4,4,8,1.7000000000000002,0.27,1.3354166666666671
17,4,4,8,0.0,0.42,1.3979166666666671
18,4,4,8,1.92,0.0,1.3979166666666671
19,4,4,8,0.0,1.78,1.4387500000000004
20,4,4,8,2.76,1.71,1.571666666666667
21,4,4,8,4.9,0.0,1.571666666666667
22,4,4,8,0.0,4.14,1.399166666666667
23,4,4,8,0.0,0.72,1.479166666666667
0,5,5,8,2.64,1.28,1.4258333333333335
1,5,5,8,0.0,0.0,1.4258333333333335
2,5,5,8,0.0,1.68,1.4745833333333336
3,5,5,8,2.85,1.41,1.4158333333333337
4,5,5,8,0.0,1.48,1.354166666666667
5,5,5,8,0.0,2.39,1.2691666666666672
6,5,5,8,0.35,6.08,1.091666666666667
7,5,5,8,1.82,0.0,1.091666666666667
8,5,5,8,0.0,0.35,1.2045833333333338
9,5,5,8,3.06,0.0,1.2045833333333338
10,5,5,8,0.0,2.0,1.2233333333333338
11,5,5,8,2.45,1.68,1.2633333333333339
12,5,5,8,2.64,0.0,1.2633333333333339
13,5,5,8,0.0,1.22,1.2125000000000004
14,5,5,8,0.0,2.01,1.1287500000000004
15,5,5,8,0.0,1.7000000000000002,1.081666666666667
16,5,5,8,0.57,0.0,1.1645833333333335
17,5,5,8,1.99,1.92,1.0845833333333337
18,5,5,8,0.0,0.0,1.134166666666667
19,5,5,8,1.19,2.76,1.072916666666667
20,5,5,8,1.29,4.9,0.8687500000000004
21,5,5,8,0.0,0.0,0.985416666666667
22,5,5,8,2.8,0.0,0.985416666666667
23,5,5,8,0.0,2.64,0.9266666666666671
0,6,6,8,1.23,0.0,0.950416666666667
1,6,6,8,0.57,0.0,0.950416666666667
2,6,6,8,0.0,2.85,0.9033333333333337
3,6,6,8,1.72,0.0,0.9033333333333337
4,6,6,8,0.0,0.0,0.9862500000000004
5,6,6,8,1.99,0.35,0.9716666666666671
6,6,6,8,0.0,1.82,0.8958333333333338
7,6,6,8,0.0,0.0,0.9458333333333337
8,6,6,8,1.2,3.06,0.8183333333333338
9,6,6,8,0.0,0.0,0.8183333333333338
10,6,6,8,0.0,2.45,0.7812500000000003
11,6,6,8,1.56,2.64,0.7025000000000002
12,6,6,8,0.75,0.0,0.8237500000000003
13,6,6,8,2.91,0.0,0.8237500000000004
14,6,6,8,0.0,0.0,0.8237500000000004
15,6,6,8,0.0,0.57,0.8933333333333339
16,6,6,8,2.24,1.99,0.9100000000000005
17,6,6,8,2.39,0.0,0.9100000000000005
18,6,6,8,0.0,1.19,0.9475000000000006
19,6,6,8,2.0900000000000003,1.29,0.9037500000000004
20,6,6,8,0.24,0.0,0.9120833333333337
21,6,6,8,0.2,2.8,1.0150000000000003
22,6,6,8,5.27,0.0,1.0712500000000003
23,6,6,8,1.35,1.23,1.0200000000000005
0,7,0,8,0.0,0.57,1.0554166666666671
1,7,0,8,1.42,0.0,1.0554166666666671
2,7,0,8,0.0,1.72,0.9837500000000002
3,7,0,8,0.0,0.0,1.0258333333333336
4,7,0,8,1.01,1.99,0.9429166666666671
5,7,0,8,0.0,0.0,0.9595833333333337
6,7,0,8,0.4,0.0,0.9595833333333337
7,7,0,8,0.0,1.2,0.9095833333333337
8,7,0,8,0.0,0.0,0.9883333333333337
9,7,0,8,1.89,0.0,0.9883333333333337
10,7,0,8,0.0,1.56,1.047916666666667
11,7,0,8,2.99,0.75,1.127916666666667
12,7,0,8,2.67,2.91,1.179166666666667
13,7,0,8,4.14,0.0,1.179166666666667
14,7,0,8,0.0,0.0,1.179166666666667
15,7,0,8,0.0,2.24,1.0858333333333337
16,7,0,8,0.0,2.39,0.9862500000000004
17,7,0,8,0.0,0.0,1.1145833333333337
18,7,0,8,3.08,2.0900000000000003,1.0275000000000005
19,7,0,8,0.0,0.24,1.1125000000000003
20,7,0,8,2.28,0.2,1.104166666666667
21,7,0,8,0.0,5.27,0.8845833333333336
22,7,0,8,0.0,1.35,0.8608333333333338
23,7,0,8,0.78,0.0,0.8608333333333338
0,8,1,8,0.0,1.42,0.8262500000000004
1,8,1,8,0.59,0.0,0.9062500000000003
2,8,1,8,1.92,0.0,0.9062500000000003
3,8,1,8,0.0,1.01,0.9837500000000005
4,8,1,8,2.87,0.0,1.009166666666667
5,8,1,8,0.61,0.4,0.9925000000000003
6,8,1,8,0.0,0.0,0.9925000000000003
7,8,1,8,0.0,0.0,1.0587500000000003
8,8,1,8,1.59,1.89,0.990416666666667
9,8,1,8,0.25,0.0,1.0637500000000004
10,8,1,8,1.76,2.99,0.9712500000000004
11,8,1,8,0.77,2.67,0.8600000000000003
12,8,1,8,0.0,4.14,0.6875000000000003
13,8,1,8,0.0,0.0,0.6875000000000003
14,8,1,8,0.0,0.0,0.6995833333333336
15,8,1,8,0.29,0.0,0.737916666666667
16,8,1,8,0.92,0.0,0.7791666666666669
17,8,1,8,0.99,3.08,0.7641666666666671
18,8,1,8,2.72,0.0,1.0183333333333338
19,8,1,8,6.1,2.28,0.9233333333333337
20,8,1,8,0.0,0.0,1.0095833333333337
21,8,1,8,2.0700000000000003,0.0,1.112916666666667
22,8,1,8,2.48,0.78,1.080416666666667
23,8,1,8,0.0,0.0,1.1533333333333338
0,9,2,8,1.75,0.59,1.1287500000000004
1,9,2,8,0.0,1.92,1.1320833333333338
2,9,2,8,2.0,0.0,1.2641666666666669
3,9,2,8,3.17,2.87,1.1820833333333336
4,9,2,8,0.9,0.61,1.272916666666667
5,9,2,8,2.79,0.0,1.412916666666667
6,9,2,8,3.3600000000000003,0.0,1.4912500000000002
7,9,2,8,1.88,1.59,1.4400000000000004
8,9,2,8,0.36,0.25,1.4295833333333337
9,9,2,8,0.0,1.76,1.3687500000000004
10,9,2,8,0.3,0.77,1.3583333333333336
11,9,2,8,0.52,0.0,1.4233333333333338
12,9,2,8,1.56,0.0,1.4233333333333338
13,9,2,8,0.0,0.0,1.4233333333333338
14,9,2,8,0.0,0.29,1.4112500000000006
15,9,2,8,0.0,0.92,1.4558333333333338
16,9,2,8,1.99,0.99,1.4145833333333337
17,9,2,8,0.0,2.72,1.3012500000000002
18,9,2,8,0.0,6.1,1.0470833333333338
19,9,2,8,0.0,0.0,1.0470833333333338
20,9,2,8,0.0,2.0700000000000003,1.1441666666666672
21,9,2,8,4.4,2.48,1.120416666666667
22,9,2,8,1.91,0.0,1.2333333333333338
23,9,2,8,2.71,1.75,1.160416666666667
0,10,3,8,0.0,0.0,1.160416666666667
1,10,3,8,0.0,2.0,1.1216666666666673
2,10,3,8,1.07,3.17,0.9895833333333338
3,10,3,8,0.0,0.9,0.9520833333333338
4,10,3,8,0.0,2.79,0.8358333333333338
5,10,3,8,0.0,3.3600000000000003,0.6958333333333337
6,10,3,8,0.0,1.88,0.6450000000000004
7,10,3,8,0.66,0.36,0.7075000000000005
8,10,3,8,1.86,0.0,0.8054166666666672
9,10,3,8,2.35,0.3,0.8829166666666671
10,10,3,8,2.16,0.52,0.8858333333333338
11,10,3,8,0.59,1.56,0.9200000000000005
12,10,3,8,2.38,0.0,0.9637500000000006
13,10,3,8,1.05,0.0,0.9820833333333338
14,10,3,8,0.44,0.0,1.115833333333334
15,10,3,8,3.21,1.99,1.0854166666666671
16,10,3,8,1.26,0.0,1.0854166666666671
17,10,3,8,0.0,0.0,1.0854166666666671
18,10,3,8,0.0,0.0,1.0854166666666671
19,10,3,8,0.0,0.0,1.0854166666666671
20,10,3,8,0.0,4.4,1.0050000000000006
21,10,3,8,2.47,1.91,0.9254166666666671
22,10,3,8,0.0,2.71,0.9541666666666672
23,10,3,8,3.4000000000000004,0.0,0.9541666666666672
0,11,4,8,0.0,0.0,1.0325000000000004
1,11,4,8,1.88,1.07,0.9879166666666671
2,11,4,8,0.0,0.0,0.9879166666666671
3,11,4,8,0.0,0.0,1.1691666666666671
4,11,4,8,4.35,0.0,1.2416666666666671
5,11,4,8,1.74,0.0,1.307916666666667
6,11,4,8,1.59,0.66,1.2804166666666672
7,11,4,8,0.0,1.86,1.3141666666666671
8,11,4,8,2.67,2.35,1.3600000000000003
9,11,4,8,3.45,2.16,1.2700000000000005
10,11,4,8,0.0,0.59,1.245416666666667
11,11,4,8,0.0,2.38,1.1970833333333337
12,11,4,8,1.22,1.05,1.1533333333333338
13,11,4,8,0.0,0.44,1.176666666666667
14,11,4,8,1.0,3.21,1.2737500000000004
15,11,4,8,5.54,1.26,1.2912500000000005
16,11,4,8,1.68,0.0,1.3008333333333337
17,11,4,8,0.23,0.0,1.3458333333333339
18,11,4,8,1.08,0.0,1.3458333333333339
19,11,4,8,0.0,0.0,1.5050000000000006
20,11,4,8,3.82,2.47,1.4250000000000005
21,11,4,8,0.55,0.0,1.4250000000000005
22,11,4,8,0.0,3.4000000000000004,1.402916666666667
23,11,4,8,2.87,0.0,1.5375000000000003
0,12,5,8,3.23,1.88,1.4591666666666667
1,12,5,8,0.0,0.0,1.5170833333333336
2,12,5,8,1.39,0.0,1.5520833333333337
3,12,5,8,0.84,4.35,1.3708333333333338
4,12,5,8,0.0,1.74,1.416666666666667
5,12,5,8,2.84,1.59,1.424166666666667
6,12,5,8,1.77,0.0,1.5300000000000002
7,12,5,8,2.54,2.67,1.4287500000000006
8,12,5,8,0.24,3.45,1.2850000000000004
9,12,5,8,0.0,0.0,1.2850000000000004
10,12,5,8,0.0,0.0,1.2987500000000003
11,12,5,8,0.33,1.22,1.247916666666667
12,12,5,8,0.0,0.0,1.247916666666667
13,12,5,8,0.0,1.0,1.2637500000000004
14,12,5,8,1.38,5.54,1.032916666666667
15,12,5,8,0.0,1.68,0.962916666666667
16,12,5,8,0.0,0.23,1.0962500000000004
17,12,5,8,3.43,1.08,1.0512500000000002
18,12,5,8,0.0,0.0,1.105416666666667
19,12,5,8,1.3,3.82,1.0195833333333337
20,12,5,8,1.76,0.55,1.0395833333333335
21,12,5,8,1.03,0.0,1.0395833333333335
22,12,5,8,0.0,2.87,0.9733333333333337
23,12,5,8,1.28,3.23,0.9054166666666671
0,13,6,8,1.6,0.0,0.9054166666666671
1,13,6,8,0.0,1.39,0.866666666666667
2,13,6,8,0.46,0.84,0.831666666666667
3,13,6,8,0.0,0.0,0.985416666666667
4,13,6,8,3.69,2.84,0.9250000000000004
5,13,6,8,1.39,1.77,0.9050000000000004
6,13,6,8,1.29,2.54,0.8162500000000005
7,13,6,8,0.41,0.24,0.8412500000000004
8,13,6,8,0.84,0.0,0.8687500000000004
9,13,6,8,0.66,0.0,0.9325000000000004
10,13,6,8,1.53,0.33,1.0125000000000004
11,13,6,8,2.25,0.0,1.120416666666667
12,13,6,8,2.59,0.0,1.1387500000000004
13,13,6,8,0.44,1.38,1.122916666666667
14,13,6,8,1.0,0.0,1.1391666666666669
15,13,6,8,0.39,0.0,1.261666666666667
16,13,6,8,2.9400000000000004,3.43,1.1187500000000004
17,13,6,8,0.0,0.0,1.1187500000000004
18,13,6,8,0.0,1.3,1.194166666666667
19,13,6,8,3.11,1.76,1.184166666666667
20,13,6,8,1.52,1.03,1.1512500000000003
21,13,6,8,0.24,0.0,1.2237500000000003
22,13,6,8,1.74,1.28,1.170416666666667
23,13,6,8,0.0,1.6,1.1691666666666671
0,14,0,8,1.5699999999999998,0.0,1.2712500000000004
1,14,0,8,2.45,0.46,1.2620833333333337
2,14,0,8,0.24,0.0,1.2620833333333337
3,14,0,8,0.0,3.69,1.1083333333333336
4,14,0,8,0.0,1.39,1.160416666666667
5,14,0,8,2.64,1.29,1.1066666666666671
6,14,0,8,0.0,0.41,1.1295833333333336
7,14,0,8,0.96,0.84,1.1258333333333337
8,14,0,8,0.75,0.66,1.0983333333333336
9,14,0,8,0.0,1.53,1.0345833333333336
10,14,0,8,0.0,2.25,0.9508333333333338
11,14,0,8,0.24,2.59,0.8608333333333338
12,14,0,8,0.43,0.44,0.8845833333333336
13,14,0,8,1.01,1.0,0.9145833333333337
14,14,0,8,1.72,0.39,0.9466666666666671
15,14,0,8,1.16,2.9400000000000004,0.824166666666667
16,14,0,8,0.0,0.0,0.8975000000000003
17,14,0,8,1.76,0.0,0.8975000000000003
18,14,0,8,0.0,3.11,0.7679166666666669
19,14,0,8,0.0,1.52,0.7566666666666669
20,14,0,8,1.25,0.24,0.8558333333333338
21,14,0,8,2.62,1.74,0.7833333333333337
22,14,0,8,0.0,0.0,0.8795833333333336
23,14,0,8,2.31,1.5699999999999998,0.8400000000000003
0,15,1,8,0.62,2.45,0.7987500000000004
1,15,1,8,1.46,0.24,0.831666666666667
2,15,1,8,1.03,0.0,0.9570833333333337
3,15,1,8,3.01,0.0,0.9958333333333337
4,15,1,8,0.93,2.64,0.8858333333333337
5,15,1,8,0.0,0.0,0.9433333333333337
6,15,1,8,1.38,0.96,0.9720833333333337
7,15,1,8,1.65,0.75,0.9937500000000004
8,15,1,8,1.27,0.0,1.027916666666667
9,15,1,8,0.82,0.0,1.0454166666666669
10,15,1,8,0.42,0.24,1.1033333333333337
11,15,1,8,1.63,0.43,1.0854166666666671
12,15,1,8,0.0,1.01,1.2262500000000003
13,15,1,8,4.39,1.72,1.2658333333333338
14,15,1,8,2.67,1.16,1.3741666666666672
15,15,1,8,3.76,0.0,1.4745833333333336
16,15,1,8,2.41,1.76,1.4279166666666672
17,15,1,8,0.64,0.0,1.4279166666666672
18,15,1,8,0.0,0.0,1.506666666666667
19,15,1,8,1.89,1.25,1.6020833333333337
20,15,1,8,3.54,2.62,1.492916666666667
21,15,1,8,0.0,0.0,1.5529166666666667
22,15,1,8,1.44,2.31,1.506666666666667
23,15,1,8,1.2,0.62,1.5337500000000004
0,16,2,8,1.27,1.46,1.5879166666666669
1,16,2,8,2.76,1.03,1.5450000000000006
2,16,2,8,0.0,3.01,1.4845833333333334
3,16,2,8,1.56,0.93,1.554166666666667
4,16,2,8,2.6,0.0,1.7175000000000002
5,16,2,8,3.92,1.38,1.7354166666666673
6,16,2,8,1.81,1.65,1.666666666666667
7,16,2,8,0.0,1.27,1.6333333333333337
8,16,2,8,0.47,0.82,1.6558333333333337
9,16,2,8,1.36,0.42,1.6475000000000002
10,16,2,8,0.22,1.63,1.6275000000000002
11,16,2,8,1.15,0.0,1.6691666666666667
12,16,2,8,1.0,4.39,1.5037500000000004
13,16,2,8,0.42,2.67,1.497916666666667
14,16,2,8,2.53,3.76,1.3829166666666672
15,16,2,8,1.0,2.41,1.2825000000000004
16,16,2,8,0.0,0.64,1.3520833333333337
17,16,2,8,2.31,0.0,1.3520833333333337
18,16,2,8,0.0,1.89,1.2950000000000004
19,16,2,8,0.52,3.54,1.226666666666667
20,16,2,8,1.9,0.0,1.226666666666667
21,16,2,8,0.0,1.44,1.1666666666666672
22,16,2,8,0.0,1.2,1.1166666666666671
23,16,2,8,0.0,1.27,1.1562500000000002
0,17,3,8,2.22,2.76,1.1466666666666672
1,17,3,8,2.53,0.0,1.1733333333333336
2,17,3,8,0.64,1.56,1.1083333333333336
3,17,3,8,0.0,2.6,1.0000000000000002
4,17,3,8,0.0,3.92,0.9375000000000003
5,17,3,8,2.42,1.81,0.9362500000000004
6,17,3,8,1.78,0.0,1.0141666666666669
7,17,3,8,1.87,0.47,1.1450000000000005
8,17,3,8,3.61,1.36,1.0883333333333338
9,17,3,8,0.0,0.22,1.0983333333333336
10,17,3,8,0.46,1.15,1.050416666666667
11,17,3,8,0.0,1.0,1.0825000000000002
12,17,3,8,1.77,0.42,1.105416666666667
13,17,3,8,0.97,2.53,1.0000000000000004
14,17,3,8,0.0,1.0,1.0275000000000005
15,17,3,8,1.66,0.0,1.0275000000000005
16,17,3,8,0.0,2.31,1.0962500000000002
17,17,3,8,3.96,0.0,1.174166666666667
18,17,3,8,1.87,0.52,1.1525000000000003
19,17,3,8,0.0,1.9,1.145416666666667
20,17,3,8,1.73,0.0,1.2045833333333338
21,17,3,8,1.42,0.0,1.2045833333333338
22,17,3,8,0.0,0.0,1.250416666666667
23,17,3,8,1.1,2.22,1.2870833333333336
0,18,4,8,3.1,2.53,1.259166666666667
1,18,4,8,1.86,0.64,1.2937500000000004
2,18,4,8,1.47,0.0,1.2937500000000004
3,18,4,8,0.0,0.0,1.2937500000000004
4,18,4,8,0.0,2.42,1.3250000000000004
5,18,4,8,3.17,1.78,1.4200000000000006
6,18,4,8,4.06,1.87,1.4675000000000005
7,18,4,8,3.01,3.61,1.4108333333333336
8,18,4,8,2.25,0.0,1.480416666666667
9,18,4,8,1.67,0.46,1.5275000000000005
10,18,4,8,1.59,0.0,1.602916666666667
11,18,4,8,1.81,1.77,1.6537500000000005
12,18,4,8,2.99,0.97,1.6133333333333335
13,18,4,8,0.0,0.0,1.7158333333333335
14,18,4,8,2.46,1.66,1.6466666666666672
15,18,4,8,0.0,0.0,1.7220833333333339
16,18,4,8,1.81,3.96,1.5908333333333335
17,18,4,8,0.81,1.87,1.5333333333333339
18,18,4,8,0.49,0.0,1.5837500000000004
19,18,4,8,1.21,1.73,1.6625000000000003
20,18,4,8,3.62,1.42,1.6983333333333335
21,18,4,8,2.28,0.0,1.7162500000000003
22,18,4,8,0.43,1.1,1.785416666666667
23,18,4,8,2.76,3.1,1.6562500000000002
0,19,5,8,0.0,1.86,1.7045833333333338
1,19,5,8,3.02,1.47,1.7004166666666671
2,19,5,8,1.37,0.0,1.832916666666667
3,19,5,8,3.18,0.0,1.9100000000000004
4,19,5,8,1.85,3.17,1.9358333333333337
5,19,5,8,3.79,4.06,1.7666666666666668
6,19,5,8,0.0,3.01,1.7591666666666672
7,19,5,8,2.83,2.25,1.6654166666666672
8,19,5,8,0.0,1.67,1.6095833333333338
9,19,5,8,0.33,1.59,1.6500000000000004
10,19,5,8,2.56,1.81,1.6537500000000005
11,19,5,8,1.9,2.99,1.5725000000000005
12,19,5,8,1.04,0.0,1.6508333333333336
13,19,5,8,1.88,2.46,1.5970833333333336
14,19,5,8,1.17,0.0,1.6125000000000005
15,19,5,8,0.37,1.81,1.6191666666666673
16,19,5,8,1.97,0.81,1.5854166666666671
17,19,5,8,0.0,0.49,1.604166666666667
18,19,5,8,0.94,1.21,1.697916666666667
19,19,5,8,3.46,3.62,1.5470833333333338
20,19,5,8,0.0,2.28,1.524166666666667
21,19,5,8,1.73,0.43,1.5512500000000005
22,19,5,8,1.08,2.76,1.4362500000000005
23,19,5,8,0.0,0.0,1.4704166666666671
0,20,6,8,0.82,3.02,1.3445833333333337
1,20,6,8,0.0,1.37,1.3341666666666672
2,20,6,8,1.12,3.18,1.2358333333333338
3,20,6,8,0.82,1.85,1.2200000000000004
4,20,6,8,1.47,3.79,1.109166666666667
5,20,6,8,1.13,0.0,1.1737500000000003
6,20,6,8,1.55,2.83,1.1225000000000003
7,20,6,8,1.6,0.0,1.186666666666667
8,20,6,8,1.54,0.33,1.2375000000000005
9,20,6,8,1.55,2.56,1.1525000000000003
10,20,6,8,0.52,1.9,1.1750000000000005
11,20,6,8,2.44,1.04,1.202916666666667
12,20,6,8,1.71,1.88,1.1245833333333337
13,20,6,8,0.0,1.17,1.1895833333333337
14,20,6,8,2.73,0.37,1.250416666666667
15,20,6,8,1.83,1.97,1.1683333333333337
16,20,6,8,0.0,0.0,1.1683333333333337
17,20,6,8,0.0,0.94,1.129166666666667
18,20,6,8,0.0,3.46,1.0312500000000004
19,20,6,8,1.11,0.0,1.1037500000000005
20,20,6,8,1.74,1.73,1.031666666666667
21,20,6,8,0.0,1.08,1.1887500000000004
22,20,6,8,4.85,0.0,1.1887500000000004
23,20,6,8,0.0,0.82,1.2250000000000003
0,21,0,8,1.69,0.0,1.2250000000000003
1,21,0,8,0.0,1.12,1.2137500000000003
2,21,0,8,0.85,0.82,1.3150000000000004
3,21,0,8,3.25,1.47,1.2537500000000004
4,21,0,8,0.0,1.13,1.206666666666667
5,21,0,8,0.0,1.55,1.2200000000000004
6,21,0,8,1.87,1.6,1.1933333333333336
7,21,0,8,0.96,1.54,1.129166666666667
8,21,0,8,0.0,1.55,1.0645833333333339
9,21,0,8,0.0,0.52,1.1137500000000005
10,21,0,8,1.7,2.44,1.1612500000000003
11,21,0,8,3.58,1.71,1.1445833333333337
12,21,0,8,1.31,0.0,1.2545833333333336
13,21,0,8,2.64,2.73,1.1408333333333338
14,21,0,8,0.0,1.83,1.089166666666667
15,21,0,8,0.59,0.0,1.1691666666666671
16,21,0,8,1.92,0.0,1.2895833333333337
17,21,0,8,2.89,0.0,1.2895833333333337
18,21,0,8,0.0,1.11,1.2845833333333336
19,21,0,8,0.99,1.74,1.2120833333333336
20,21,0,8,0.0,0.0,1.235416666666667
21,21,0,8,0.56,4.85,1.2345833333333338
22,21,0,8,4.83,0.0,1.2345833333333338
23,21,0,8,0.0,1.69,1.2220833333333336
0,22,1,8,1.39,0.0,1.281666666666667
1,22,1,8,1.43,0.85,1.2858333333333338
2,22,1,8,0.95,3.25,1.3062500000000004
3,22,1,8,3.74,0.0,1.3062500000000004
4,22,1,8,0.0,0.0,1.4558333333333335
5,22,1,8,3.59,1.87,1.527916666666667
6,22,1,8,3.6,0.96,1.487916666666667
7,22,1,8,0.0,0.0,1.5600000000000005
8,22,1,8,1.73,0.0,1.630416666666667
9,22,1,8,1.6900000000000002,1.7,1.5595833333333335
10,22,1,8,0.0,3.58,1.465416666666667
11,22,1,8,1.32,1.31,1.4991666666666668
12,22,1,8,2.12,2.64,1.3891666666666669
13,22,1,8,0.0,0.0,1.3891666666666669
14,22,1,8,0.0,0.59,1.3645833333333337
15,22,1,8,0.0,1.92,1.2845833333333336
16,22,1,8,0.0,2.89,1.1779166666666672
17,22,1,8,0.33,0.0,1.3095833333333338
18,22,1,8,3.16,0.99,1.2683333333333338
19,22,1,8,0.0,0.0,1.3295833333333336
20,22,1,8,1.47,0.56,1.3062500000000004
21,22,1,8,0.0,4.83,1.1191666666666669
22,22,1,8,0.34,0.0,1.162916666666667
23,22,1,8,1.05,1.39,1.2187500000000002
0,23,2,8,2.73,1.43,1.216666666666667
1,23,2,8,1.38,0.95,1.206666666666667
2,23,2,8,0.71,3.74,1.107916666666667
3,23,2,8,1.37,0.0,1.1200000000000003
4,23,2,8,0.29,3.59,0.9970833333333338
5,23,2,8,0.64,3.6,0.9062500000000004
6,23,2,8,1.42,0.0,0.9687500000000004
7,23,2,8,1.5,1.73,1.007916666666667
8,23,2,8,2.67,1.6900000000000002,0.9729166666666672
9,23,2,8,0.85,0.0,0.9729166666666672
10,23,2,8,0.0,1.32,0.9179166666666672
11,23,2,8,0.0,2.12,0.855416666666667
12,23,2,8,0.62,0.0,0.855416666666667
13,23,2,8,0.0,0.0,0.855416666666667
14,23,2,8,0.0,0.0,1.0470833333333338
15,23,2,8,4.6,0.0,1.0470833333333338
16,23,2,8,0.0,0.33,1.0520833333333337
17,23,2,8,0.45,3.16,0.9704166666666669
18,23,2,8,1.2,0.0,1.1487500000000004
19,23,2,8,4.279999999999999,1.47,1.137916666666667
20,23,2,8,1.21,0.0,1.256666666666667
21,23,2,8,2.85,0.34,1.2425000000000004
22,23,2,8,0.0,1.05,1.1987500000000002
23,23,2,8,0.0,2.73,1.0850000000000002
0,24,3,8,0.0,1.38,1.1475000000000002
1,24,3,8,2.88,0.71,1.117916666666667
2,24,3,8,0.0,1.37,1.0608333333333337
3,24,3,8,0.0,0.29,1.0487500000000003
4,24,3,8,0.0,0.64,1.0220833333333335
5,24,3,8,0.0,1.42,0.962916666666667
6,24,3,8,0.0,1.5,0.9787500000000002
7,24,3,8,1.88,2.67,0.8945833333333337
8,24,3,8,0.65,0.85,0.984166666666667
9,24,3,8,3.0,0.0,0.984166666666667
10,24,3,8,0.0,0.0,1.004166666666667
11,24,3,8,0.48,0.62,0.9783333333333336
12,24,3,8,0.0,0.0,1.0612500000000002
13,24,3,8,1.99,0.0,1.0612500000000002
14,24,3,8,0.0,4.6,0.9354166666666671
15,24,3,8,1.58,0.0,0.9354166666666671
16,24,3,8,0.0,0.45,0.961666666666667
17,24,3,8,1.08,1.2,0.911666666666667
18,24,3,8,0.0,4.279999999999999,0.7537500000000005
19,24,3,8,0.49,1.21,0.7495833333333337
20,24,3,8,1.11,2.85,0.6562500000000003
21,24,3,8,0.61,0.0,0.7250000000000004
22,24,3,8,1.65,0.0,0.962916666666667
23,24,3,8,5.71,0.0,0.962916666666667
0,25,4,8,0.0,2.88,0.914166666666667
1,25,4,8,1.71,0.0,0.914166666666667
2,25,4,8,0.0,0.0,0.914166666666667
3,25,4,8,0.0,0.0,0.9575000000000005
4,25,4,8,1.04,0.0,0.9575000000000005
5,25,4,8,0.0,0.0,1.006666666666667
6,25,4,8,1.18,1.88,0.9941666666666671
7,25,4,8,1.58,0.65,1.0700000000000003
8,25,4,8,2.47,3.0,0.9450000000000003
9,25,4,8,0.0,0.0,0.9450000000000003
10,25,4,8,0.0,0.48,0.9250000000000004
11,25,4,8,0.0,0.0,1.042916666666667
12,25,4,8,2.83,1.99,0.9600000000000004
13,25,4,8,0.0,0.0,1.007916666666667
14,25,4,8,1.15,1.58,0.9420833333333336
15,25,4,8,0.0,0.0,0.972916666666667
16,25,4,8,0.74,1.08,0.9825000000000004
17,25,4,8,1.31,0.0,1.0370833333333338
18,25,4,8,1.31,0.49,1.194166666666667
19,25,4,8,4.26,1.11,1.147916666666667
20,25,4,8,0.0,0.61,1.1675000000000004
21,25,4,8,1.08,1.65,1.130416666666667
22,25,4,8,0.76,5.71,1.0554166666666671
23,25,4,8,3.91,0.0,1.0883333333333336
0,26,5,8,0.79,1.71,1.0450000000000004
1,26,5,8,0.67,0.0,1.0450000000000004
2,26,5,8,0.0,0.0,1.1145833333333337
3,26,5,8,1.67,1.04,1.139166666666667
4,26,5,8,1.63,0.0,1.1912500000000004
5,26,5,8,1.25,1.18,1.2033333333333338
6,26,5,8,1.47,1.58,1.272916666666667
7,26,5,8,3.25,2.47,1.2200000000000004
8,26,5,8,1.2,0.0,1.2912500000000005
9,26,5,8,1.71,0.0,1.3062500000000004
10,26,5,8,0.36,0.0,1.3420833333333337
11,26,5,8,0.86,2.83,1.224166666666667
12,26,5,8,0.0,0.0,1.2650000000000003
13,26,5,8,0.98,1.15,1.241666666666667
14,26,5,8,0.59,0.0,1.2754166666666669
15,26,5,8,0.81,0.74,1.319166666666667
16,26,5,8,1.79,1.31,1.290416666666667
17,26,5,8,0.62,1.31,1.2358333333333336
18,26,5,8,0.0,4.26,1.0583333333333336
19,26,5,8,0.0,0.0,1.0583333333333336
20,26,5,8,0.0,1.08,1.0475000000000003
21,26,5,8,0.82,0.76,1.1545833333333337
22,26,5,8,3.33,3.91,0.9916666666666671
23,26,5,8,0.0,0.79,0.9587500000000003
0,27,6,8,0.0,0.67,1.0104166666666672
1,27,6,8,1.91,0.0,1.0104166666666672
2,27,6,8,0.0,1.67,1.0120833333333337
3,27,6,8,1.71,1.63,0.9441666666666669
4,27,6,8,0.0,1.25,0.9350000000000004
5,27,6,8,1.03,1.47,0.891666666666667
6,27,6,8,0.43,3.25,0.7562500000000004
7,27,6,8,0.0,1.2,0.8025000000000005
8,27,6,8,2.31,1.71,0.7312500000000005
9,27,6,8,0.0,0.36,0.7804166666666671
10,27,6,8,1.54,0.86,0.7445833333333338
11,27,6,8,0.0,0.0,0.7983333333333338
12,27,6,8,1.29,0.98,0.7575000000000004
13,27,6,8,0.0,0.59,0.7608333333333338
14,27,6,8,0.67,0.81,0.7270833333333337
15,27,6,8,0.0,1.79,0.7566666666666672
16,27,6,8,2.5,0.62,0.7308333333333336
17,27,6,8,0.0,0.0,0.7308333333333336
18,27,6,8,0.0,0.0,0.7308333333333336
19,27,6,8,0.0,0.0,0.7462500000000003
20,27,6,8,0.37,0.82,0.7120833333333336
21,27,6,8,0.0,3.33,0.6237500000000004
22,27,6,8,1.21,0.0,0.6925000000000003
23,27,6,8,1.65,0.0,0.6925000000000003
0,28,0,8,0.0,1.91,0.6129166666666671
1,28,0,8,0.0,0.0,0.6775000000000003
2,28,0,8,1.5499999999999998,1.71,0.6466666666666671
3,28,0,8,0.97,0.0,0.6908333333333337
4,28,0,8,1.06,1.03,0.647916666666667
5,28,0,8,0.0,0.43,0.6495833333333337
6,28,0,8,0.47,0.0,0.6495833333333337
7,28,0,8,0.0,2.31,0.679166666666667
8,28,0,8,3.02,0.0,0.7070833333333337
9,28,0,8,0.67,1.54,0.7220833333333337
10,28,0,8,1.9,0.0,0.7787500000000004
11,28,0,8,1.36,1.29,0.7762500000000002
12,28,0,8,1.23,0.0,0.7762500000000004
13,28,0,8,0.0,0.67,0.7483333333333336
14,28,0,8,0.0,0.0,0.7483333333333336
15,28,0,8,0.0,2.5,0.644166666666667
16,28,0,8,0.0,0.0,0.644166666666667
17,28,0,8,0.0,0.0,0.6812500000000004
18,28,0,8,0.89,0.0,0.6812500000000004
19,28,0,8,0.0,0.37,0.6808333333333337
20,28,0,8,0.36,0.0,0.7637500000000004
21,28,0,8,1.99,1.21,0.7883333333333337
22,28,0,8,1.8,1.65,0.742916666666667
23,28,0,8,0.56,0.0,0.8641666666666671
0,29,1,8,2.91,0.0,0.8641666666666671
1,29,1,8,0.0,1.5499999999999998,0.8675000000000003
2,29,1,8,1.63,0.97,0.8270833333333337
3,29,1,8,0.0,1.06,0.8350000000000003
4,29,1,8,1.25,0.0,0.8483333333333336
5,29,1,8,0.32,0.47,0.8287500000000003
6,29,1,8,0.0,0.0,0.8787500000000005
7,29,1,8,1.2,3.02,0.7945833333333338
8,29,1,8,1.0,0.67,0.8762500000000003
9,29,1,8,2.63,1.9,1.1170833333333337
10,29,1,8,7.68,1.36,1.1320833333333338
11,29,1,8,1.7200000000000002,1.23,1.194166666666667
12,29,1,8,2.72,0.0,1.2283333333333337
13,29,1,8,0.8200000000000001,0.0,1.3237500000000004
14,29,1,8,2.29,0.0,1.4304166666666671
15,29,1,8,2.56,0.0,1.4304166666666671
16,29,1,8,0.0,0.0,1.4304166666666671
17,29,1,8,0.0,0.89,1.4487500000000004
18,29,1,8,1.33,0.0,1.4787500000000005
19,29,1,8,0.72,0.36,1.5487500000000003
20,29,1,8,2.04,1.99,1.4850000000000003
21,29,1,8,0.46,1.8,1.5225000000000006
22,29,1,8,2.7,0.56,1.4991666666666672
23,29,1,8,0.0,2.91,1.4716666666666673
0,30,2,8,2.25,0.0,1.5575000000000003
1,30,2,8,2.06,1.63,1.4895833333333337
2,30,2,8,0.0,0.0,1.4895833333333337
3,30,2,8,0.0,1.25,1.5616666666666672
4,30,2,8,2.98,0.32,1.5483333333333338
5,30,2,8,0.0,0.0,1.5641666666666671
6,30,2,8,0.38,1.2,1.571666666666667
7,30,2,8,1.38,1.0,1.5795833333333336
8,30,2,8,1.19,2.63,1.496666666666667
9,30,2,8,0.64,7.68,1.307916666666667
10,30,2,8,3.15,1.7200000000000002,1.2587500000000003
11,30,2,8,0.54,2.72,1.2287500000000005
12,30,2,8,2.0,0.8200000000000001,1.2562500000000003
13,30,2,8,1.48,2.29,1.2195833333333337
14,30,2,8,1.41,2.56,1.112916666666667
15,30,2,8,0.0,0.0,1.166666666666667
16,30,2,8,1.29,0.0,1.166666666666667
17,30,2,8,0.0,1.33,1.1112500000000003
18,30,2,8,0.0,0.72,1.0812500000000003
19,30,2,8,0.0,2.04,0.9962500000000003
20,30,2,8,0.0,0.46,1.090416666666667
21,30,2,8,2.72,2.7,0.9779166666666671
22,30,2,8,0.0,0.0,1.0570833333333336
23,30,2,8,1.9,2.25,1.124166666666667
0,31,3,8,3.86,2.06,1.0383333333333338
1,31,3,8,0.0,0.0,1.082916666666667
2,31,3,8,1.07,0.0,1.082916666666667
3,31,3,8,0.0,2.98,0.9587500000000003
4,31,3,8,0.0,0.0,1.0083333333333337
5,31,3,8,1.19,0.38,0.9925000000000003
6,31,3,8,0.0,1.38,1.0037500000000004
7,31,3,8,1.65,1.19,1.0187500000000005
8,31,3,8,1.55,0.64,1.1041666666666672
9,31,3,8,2.6900000000000004,3.15,1.0612500000000002
10,31,3,8,2.12,0.54,1.0387500000000003
11,31,3,8,0.0,2.0,0.9554166666666669
12,31,3,8,0.0,1.48,0.9645833333333337
13,31,3,8,1.7,1.41,0.9612500000000003
14,31,3,8,1.33,0.0,1.0250000000000004
15,31,3,8,1.53,1.29,1.1012500000000005
16,31,3,8,3.12,0.0,1.1666666666666672
17,31,3,8,1.57,0.0,1.1666666666666672
18,31,3,8,0.0,0.0,1.1858333333333337
19,31,3,8,0.46,0.0,1.1858333333333337
20,31,3,8,0.0,2.72,1.309166666666667
21,31,3,8,5.68,0.0,1.3645833333333337
22,31,3,8,1.33,1.9,1.297916666666667
23,31,3,8,0.3,3.86,1.1370833333333337
0,1,4,9,0.0,0.0,1.1370833333333337
1,1,4,9,0.0,1.07,1.122916666666667
2,1,4,9,0.73,0.0,1.165416666666667
3,1,4,9,1.02,0.0,1.2050000000000003
4,1,4,9,0.95,1.19,1.2100000000000004
5,1,4,9,1.31,0.0,1.2100000000000004
6,1,4,9,0.0,1.65,1.1695833333333336
7,1,4,9,0.68,1.55,1.1050000000000004
8,1,4,9,0.0,2.6900000000000004,1.192916666666667
9,1,4,9,4.8,2.12,1.176666666666667
10,1,4,9,1.73,0.0,1.2008333333333336
11,1,4,9,0.58,0.0,1.2183333333333337
12,1,4,9,0.42,1.7,1.2037500000000003
13,1,4,9,1.35,1.33,1.2025000000000003
14,1,4,9,1.3,1.53,1.1387500000000004
15,1,4,9,0.0,3.12,1.0087500000000003
16,1,4,9,0.0,1.57,1.0216666666666672
17,1,4,9,1.88,0.0,1.0937500000000002
18,1,4,9,1.73,0.46,1.2116666666666671
19,1,4,9,3.29,0.0,1.2116666666666671
20,1,4,9,0.0,5.68,1.0120833333333337
21,1,4,9,0.89,1.33,0.9825000000000004
22,1,4,9,0.62,0.3,0.9887500000000005
23,1,4,9,0.45,0.0,0.9887500000000005
0,2,5,9,0.0,0.0,1.0345833333333336
1,2,5,9,1.1,0.73,1.0129166666666671
2,2,5,9,0.21,1.02,1.0129166666666671
3,2,5,9,1.02,0.95,0.9733333333333337
4,2,5,9,0.0,1.31,0.9187500000000003
5,2,5,9,0.0,0.0,1.0025000000000004
6,2,5,9,2.01,0.68,0.990416666666667
7,2,5,9,0.39,0.0,1.0183333333333338
8,2,5,9,0.67,4.8,0.8483333333333336
9,2,5,9,0.72,1.73,0.7929166666666672
10,2,5,9,0.4,0.58,0.9137500000000003
11,2,5,9,3.48,0.42,0.9308333333333337
12,2,5,9,0.83,1.35,0.8745833333333337
13,2,5,9,0.0,1.3,0.9695833333333338
14,2,5,9,3.58,0.0,1.0470833333333338
15,2,5,9,1.86,0.0,1.1008333333333338
16,2,5,9,1.29,1.88,1.0616666666666672
17,2,5,9,0.94,1.73,0.9895833333333338
18,2,5,9,0.0,3.29,0.9545833333333338
19,2,5,9,2.45,0.0,1.0087500000000005
20,2,5,9,1.3,0.89,1.0787500000000003
21,2,5,9,2.5700000000000003,0.62,1.197916666666667
22,2,5,9,3.4800000000000004,0.45,1.2483333333333337
23,2,5,9,1.66,0.0,1.3429166666666672
0,3,6,9,2.27,1.1,1.4470833333333337
1,3,6,9,3.6,0.21,1.4383333333333337
2,3,6,9,0.0,1.02,1.4395833333333339
3,3,6,9,1.05,0.0,1.4679166666666672
4,3,6,9,0.68,0.0,1.715416666666667
5,3,6,9,5.94,2.01,1.795833333333334
6,3,6,9,3.94,0.39,1.8375000000000006
7,3,6,9,1.39,0.67,1.8458333333333339
8,3,6,9,0.87,0.72,1.8158333333333339
9,3,6,9,0.0,0.4,1.8420833333333337
10,3,6,9,1.03,3.48,1.7975000000000003
11,3,6,9,2.41,0.83,1.8995833333333338
12,3,6,9,3.28,0.0,1.8995833333333338
13,3,6,9,0.0,3.58,1.8191666666666668
14,3,6,9,1.65,1.86,1.8308333333333335
15,3,6,9,2.14,1.29,1.8341666666666672
16,3,6,9,1.37,0.94,1.8520833333333337
17,3,6,9,1.37,0.0,1.8520833333333337
18,3,6,9,0.0,2.45,1.795416666666667
19,3,6,9,1.09,1.3,1.7737500000000004
20,3,6,9,0.78,2.5700000000000003,1.7200000000000004
21,3,6,9,1.28,3.4800000000000004,1.6420833333333338
22,3,6,9,1.61,1.66,1.5870833333333338
23,3,6,9,0.34,2.27,1.5925000000000002
0,4,0,9,2.4,3.6,1.4425000000000006
1,4,0,9,0.0,0.0,1.529166666666667
2,4,0,9,2.08,1.05,1.5308333333333337
3,4,0,9,1.09,0.68,1.5825000000000005
4,4,0,9,1.92,5.94,1.4020833333333338
5,4,0,9,1.61,3.94,1.237916666666667
6,4,0,9,0.0,1.39,1.2345833333333338
7,4,0,9,1.31,0.87,1.198333333333334
8,4,0,9,0.0,0.0,1.225416666666667
9,4,0,9,0.65,1.03,1.4575000000000005
10,4,0,9,6.6,2.41,1.5220833333333337
11,4,0,9,3.96,3.28,1.4275000000000004
12,4,0,9,1.01,0.0,1.4450000000000005
13,4,0,9,0.42,1.65,1.395416666666667
14,4,0,9,0.46,2.14,1.3062500000000004
15,4,0,9,0.0,1.37,1.249166666666667
16,4,0,9,0.0,1.37,1.1920833333333336
17,4,0,9,0.0,0.0,1.2762500000000003
18,4,0,9,2.02,1.09,1.2308333333333337
19,4,0,9,0.0,0.78,1.2091666666666672
20,4,0,9,0.26,1.28,1.3295833333333336
21,4,0,9,4.17,1.61,1.2912500000000005
22,4,0,9,0.69,0.34,1.3587500000000003
23,4,0,9,1.96,2.4,1.2783333333333338
0,5,1,9,0.47,0.0,1.504166666666667
1,5,1,9,5.42,2.08,1.5312500000000002
2,5,1,9,2.73,1.09,1.6550000000000002
3,5,1,9,4.0600000000000005,1.92,1.7041666666666673
4,5,1,9,3.1,1.61,1.7850000000000004
5,5,1,9,3.55,0.0,1.8533333333333337
6,5,1,9,1.64,1.31,1.8795833333333336
7,5,1,9,1.94,0.0,1.901666666666667
8,5,1,9,0.53,0.65,1.9141666666666672
9,5,1,9,0.95,6.6,1.6487500000000004
10,5,1,9,0.23,3.96,1.5087500000000003
11,5,1,9,0.6,1.01,1.466666666666667
12,5,1,9,0.0,0.42,1.5150000000000003
13,5,1,9,1.58,0.46,1.7333333333333336
14,5,1,9,5.7,0.0,1.7333333333333336
15,5,1,9,0.0,0.0,1.7450000000000003
16,5,1,9,0.28,0.0,1.7450000000000003
17,5,1,9,0.0,2.02,1.9233333333333338
18,5,1,9,6.3,0.0,1.9233333333333338
19,5,1,9,0.0,0.26,1.9125000000000003
20,5,1,9,0.0,4.17,1.788333333333334
21,5,1,9,1.19,0.69,1.7912500000000005
22,5,1,9,0.76,1.96,1.7095833333333337
23,5,1,9,0.0,0.47,1.7400000000000002
0,6,2,9,1.2,5.42,1.5141666666666669
1,6,2,9,0.0,2.73,1.4520833333333336
2,6,2,9,1.24,4.0600000000000005,1.341666666666667
3,6,2,9,1.41,3.1,1.2250000000000003
4,6,2,9,0.3,3.55,1.1495833333333338
5,6,2,9,1.74,1.64,1.0812500000000005
6,6,2,9,0.0,1.94,1.0004166666666672
7,6,2,9,0.0,0.53,0.9783333333333338
8,6,2,9,0.0,0.95,0.9387500000000003
9,6,2,9,0.0,0.23,0.9429166666666671
10,6,2,9,0.33,0.6,0.9695833333333336
11,6,2,9,1.24,0.0,0.9695833333333336
12,6,2,9,0.0,1.58,0.9645833333333337
13,6,2,9,1.46,5.7,0.7270833333333337
14,6,2,9,0.0,0.0,0.7270833333333337
15,6,2,9,0.0,0.28,0.8337500000000003
16,6,2,9,2.84,0.0,0.8337500000000003
17,6,2,9,0.0,6.3,0.601666666666667
18,6,2,9,0.73,0.0,0.6708333333333337
19,6,2,9,1.66,0.0,0.7758333333333337
20,6,2,9,2.52,1.19,0.7262500000000003
21,6,2,9,0.0,0.76,0.7308333333333338
22,6,2,9,0.87,0.0,0.7308333333333338
23,6,2,9,0.0,1.2,0.6808333333333337
0,7,3,9,0.0,0.0,0.7670833333333338
1,7,3,9,2.0700000000000003,1.24,0.901666666666667
2,7,3,9,4.47,1.41,0.8633333333333337
3,7,3,9,0.49,0.3,0.9195833333333336
4,7,3,9,1.65,1.74,0.9875000000000004
5,7,3,9,3.37,0.0,1.002916666666667
6,7,3,9,0.37,0.0,1.050416666666667
7,7,3,9,1.14,0.0,1.050416666666667
8,7,3,9,0.0,0.0,1.1100000000000003
9,7,3,9,1.43,0.33,1.0962500000000004
10,7,3,9,0.0,1.24,1.1833333333333338
11,7,3,9,3.33,0.0,1.321666666666667
12,7,3,9,3.32,1.46,1.311666666666667
13,7,3,9,1.22,0.0,1.311666666666667
14,7,3,9,0.0,0.0,1.311666666666667
15,7,3,9,0.0,2.84,1.220416666666667
16,7,3,9,0.65,0.0,1.220416666666667
17,7,3,9,0.0,0.73,1.1900000000000002
18,7,3,9,0.0,1.66,1.1995833333333337
19,7,3,9,1.89,2.52,1.1270833333333337
20,7,3,9,0.78,0.0,1.1270833333333337
21,7,3,9,0.0,0.87,1.0908333333333338
22,7,3,9,0.0,0.0,1.1587500000000004
23,7,3,9,1.63,0.0,1.2308333333333337
0,8,4,9,1.73,2.0700000000000003,1.2129166666666669
1,8,4,9,1.64,4.47,1.0762500000000002
2,8,4,9,1.19,0.49,1.1033333333333337
3,8,4,9,1.14,1.65,1.0345833333333336
4,8,4,9,0.0,3.37,1.027916666666667
5,8,4,9,3.21,0.37,1.0862500000000004
6,8,4,9,1.77,1.14,1.092916666666667
7,8,4,9,1.3,0.0,1.1337500000000003
8,8,4,9,0.98,1.43,1.136666666666667
9,8,4,9,1.5,0.0,1.194166666666667
10,8,4,9,1.38,3.33,1.1100000000000003
11,8,4,9,1.31,3.32,0.971666666666667
12,8,4,9,0.0,1.22,1.049166666666667
13,8,4,9,3.08,0.0,1.1108333333333338
14,8,4,9,1.48,0.0,1.1750000000000005
15,8,4,9,1.54,0.65,1.147916666666667
16,8,4,9,0.0,0.0,1.147916666666667
17,8,4,9,0.0,0.0,1.184166666666667
18,8,4,9,0.87,1.89,1.105416666666667
19,8,4,9,0.0,0.78,1.139166666666667
20,8,4,9,1.59,0.0,1.2562500000000003
21,8,4,9,2.81,0.0,1.4445833333333338
22,8,4,9,4.52,1.63,1.434166666666667
23,8,4,9,1.38,1.73,1.392916666666667
0,9,5,9,0.74,1.64,1.377916666666667
1,9,5,9,1.28,1.19,1.3283333333333338
2,9,5,9,0.0,1.14,1.3000000000000003
3,9,5,9,0.46,0.0,1.3112500000000005
4,9,5,9,0.27,3.21,1.3420833333333337
5,9,5,9,3.95,1.77,1.3845833333333335
6,9,5,9,2.79,1.3,1.3762500000000004
7,9,5,9,1.1,0.98,1.335416666666667
8,9,5,9,0.0,1.5,1.4150000000000003
9,9,5,9,3.41,1.38,1.4295833333333337
10,9,5,9,1.73,1.31,1.4295833333333337
11,9,5,9,1.31,0.0,1.4725000000000004
12,9,5,9,1.03,3.08,1.344166666666667
13,9,5,9,0.0,1.48,1.2825000000000004
14,9,5,9,0.0,1.54,1.3233333333333337
15,9,5,9,2.52,0.0,1.3233333333333337
16,9,5,9,0.0,0.0,1.4325000000000003
17,9,5,9,2.62,0.87,1.4112500000000006
18,9,5,9,0.36,0.0,1.4600000000000006
19,9,5,9,1.17,1.59,1.3937500000000005
20,9,5,9,0.0,2.81,1.3520833333333337
21,9,5,9,1.81,4.52,1.1637500000000003
22,9,5,9,0.0,1.38,1.1062500000000004
23,9,5,9,0.0,0.74,1.1587500000000004
0,10,6,9,2.0,1.28,1.131666666666667
1,10,6,9,0.63,0.0,1.205416666666667
2,10,6,9,1.77,0.46,1.2795833333333337
3,10,6,9,2.24,0.27,1.2683333333333338
4,10,6,9,0.0,3.95,1.167083333333334
5,10,6,9,1.52,2.79,1.084583333333334
6,10,6,9,0.81,1.1,1.0812500000000005
7,10,6,9,1.02,0.0,1.0812500000000005
8,10,6,9,0.0,3.41,0.939166666666667
9,10,6,9,0.0,1.73,0.9258333333333337
10,10,6,9,1.41,1.31,0.9150000000000005
11,10,6,9,1.05,1.03,0.9670833333333336
12,10,6,9,2.28,0.0,0.9670833333333336
13,10,6,9,0.0,0.0,0.9975000000000004
14,10,6,9,0.73,2.52,0.9095833333333337
15,10,6,9,0.41,0.0,1.0483333333333338
16,10,6,9,3.33,2.62,1.0070833333333338
17,10,6,9,1.63,0.36,1.0858333333333337
18,10,6,9,2.25,1.17,1.249166666666667
19,10,6,9,5.09,0.0,1.249166666666667
20,10,6,9,0.0,1.81,1.1737500000000003
21,10,6,9,0.0,0.0,1.1995833333333337
22,10,6,9,0.62,0.0,1.1995833333333337
23,10,6,9,0.0,2.0,1.1983333333333337
0,11,0,9,1.97,0.63,1.2600000000000005
1,11,0,9,2.11,1.77,1.247916666666667
2,11,0,9,1.48,2.24,1.2600000000000005
3,11,0,9,2.53,0.0,1.3341666666666672
4,11,0,9,1.78,1.52,1.3270833333333336
5,11,0,9,1.35,0.81,1.2933333333333337
6,11,0,9,0.0,1.02,1.2958333333333336
7,11,0,9,1.08,0.0,1.4433333333333336
8,11,0,9,3.54,0.0,1.607916666666667
9,11,0,9,3.95,1.41,1.626666666666667
10,11,0,9,1.86,1.05,1.6550000000000005
11,11,0,9,1.73,2.28,1.696666666666667
12,11,0,9,3.28,0.0,1.8350000000000002
13,11,0,9,3.3200000000000003,0.73,1.8045833333333337
14,11,0,9,0.0,0.41,1.7875000000000003
15,11,0,9,0.0,3.33,1.6487500000000004
16,11,0,9,0.0,1.63,1.5808333333333335
17,11,0,9,0.0,2.25,1.604166666666667
18,11,0,9,2.81,5.09,1.4500000000000004
19,11,0,9,1.39,0.0,1.4500000000000004
20,11,0,9,0.0,0.0,1.4500000000000004
21,11,0,9,0.0,0.62,1.510416666666667
22,11,0,9,2.0700000000000003,0.0,1.510416666666667
23,11,0,9,0.0,1.97,1.5391666666666672
0,12,1,9,2.66,2.11,1.4512500000000006
1,12,1,9,0.0,1.48,1.3895833333333336
2,12,1,9,0.0,2.53,1.2841666666666671
3,12,1,9,0.0,1.78,1.2662500000000005
4,12,1,9,1.35,1.35,1.2100000000000006
5,12,1,9,0.0,0.0,1.2100000000000006
6,12,1,9,0.0,1.08,1.207916666666667
7,12,1,9,1.03,3.54,1.0833333333333337
8,12,1,9,0.55,3.95,0.9316666666666671
9,12,1,9,0.31,1.86,0.854166666666667
10,12,1,9,0.0,1.73,0.8379166666666671
11,12,1,9,1.34,3.28,0.7300000000000004
12,12,1,9,0.69,3.3200000000000003,0.5916666666666671
13,12,1,9,0.0,0.0,0.5916666666666671
14,12,1,9,0.0,0.0,0.5916666666666671
15,12,1,9,0.0,0.0,0.5916666666666671
16,12,1,9,0.0,0.0,0.6637500000000004
17,12,1,9,1.73,2.81,0.680416666666667
18,12,1,9,3.21,1.39,0.642916666666667
19,12,1,9,0.49,0.0,0.642916666666667
20,12,1,9,0.0,0.0,0.642916666666667
21,12,1,9,0.0,2.0700000000000003,0.5862500000000004
22,12,1,9,0.71,0.0,0.752916666666667
23,12,1,9,4.0,2.66,0.699166666666667
0,13,2,9,1.37,0.0,0.7150000000000004
1,13,2,9,0.38,0.0,0.9812500000000003
2,13,2,9,6.39,0.0,1.065416666666667
3,13,2,9,2.02,1.35,1.026666666666667
4,13,2,9,0.42,0.0,1.157916666666667
5,13,2,9,3.1500000000000004,0.0,1.2062500000000003
6,13,2,9,1.16,1.03,1.2650000000000003
7,13,2,9,2.44,0.55,1.2420833333333337
8,13,2,9,0.0,0.31,1.2291666666666672
9,13,2,9,0.0,0.0,1.2291666666666672
10,13,2,9,0.0,1.34,1.1733333333333336
11,13,2,9,0.0,0.69,1.1666666666666672
12,13,2,9,0.53,0.0,1.187916666666667
13,13,2,9,0.51,0.0,1.2133333333333336
14,13,2,9,0.61,0.0,1.2133333333333336
15,13,2,9,0.0,0.0,1.2800000000000005
16,13,2,9,1.6,1.73,1.207916666666667
17,13,2,9,0.0,3.21,1.1158333333333337
18,13,2,9,1.0,0.49,1.0954166666666671
19,13,2,9,0.0,0.0,1.1279166666666671
20,13,2,9,0.78,0.0,1.2100000000000004
21,13,2,9,1.97,0.71,1.3250000000000004
22,13,2,9,3.47,4.0,1.1683333333333337
23,13,2,9,0.24,1.37,1.1600000000000004
0,14,3,9,1.17,0.38,1.2258333333333338
1,14,3,9,1.96,6.39,0.9595833333333337
2,14,3,9,0.0,2.02,0.8887500000000004
3,14,3,9,0.32,0.42,0.9412500000000005
4,14,3,9,1.68,3.1500000000000004,0.9266666666666671
5,14,3,9,2.8,1.16,0.927916666666667
6,14,3,9,1.19,2.44,0.9487500000000003
7,14,3,9,2.9400000000000004,0.0,0.9487500000000004
8,14,3,9,0.0,0.0,0.9487500000000004
9,14,3,9,0.0,0.0,1.0191666666666672
10,14,3,9,1.69,0.0,1.019166666666667
11,14,3,9,0.0,0.53,1.131666666666667
12,14,3,9,3.2300000000000004,0.51,1.110416666666667
13,14,3,9,0.0,0.61,1.2537500000000004
14,14,3,9,4.05,0.0,1.2537500000000004
15,14,3,9,0.0,1.6,1.1870833333333337
16,14,3,9,0.0,0.0,1.1870833333333337
17,14,3,9,0.0,1.0,1.187916666666667
18,14,3,9,1.02,0.0,1.2420833333333337
19,14,3,9,1.3,0.78,1.247916666666667
20,14,3,9,0.92,1.97,1.1658333333333337
21,14,3,9,0.0,3.47,1.0212500000000004
22,14,3,9,0.0,0.24,1.0441666666666671
23,14,3,9,0.79,1.17,1.0333333333333337
0,15,4,9,0.91,1.96,0.951666666666667
1,15,4,9,0.0,0.0,1.1162500000000002
2,15,4,9,3.95,0.32,1.1850000000000005
3,15,4,9,1.97,1.68,1.1995833333333337
4,15,4,9,2.03,2.8,1.082916666666667
5,15,4,9,0.0,1.19,1.0583333333333338
6,15,4,9,0.6,2.9400000000000004,1.006666666666667
7,15,4,9,1.7,0.0,1.061666666666667
8,15,4,9,1.32,0.0,1.061666666666667
9,15,4,9,0.0,1.69,1.0175000000000003
10,15,4,9,0.63,0.0,1.091666666666667
11,15,4,9,1.78,3.2300000000000004,0.9570833333333337
12,15,4,9,0.0,0.0,0.9570833333333337
13,15,4,9,0.0,4.05,0.7883333333333337
14,15,4,9,0.0,0.0,0.7883333333333337
15,15,4,9,0.0,0.0,0.8187500000000004
16,15,4,9,0.73,0.0,0.8729166666666671
17,15,4,9,1.3,1.02,0.8304166666666671
18,15,4,9,0.0,1.3,0.8029166666666671
19,15,4,9,0.64,0.92,0.7645833333333338
20,15,4,9,0.0,0.0,0.9075000000000005
21,15,4,9,3.43,0.0,0.9195833333333338
22,15,4,9,0.29,0.79,0.9625000000000004
23,15,4,9,1.82,0.91,0.994166666666667
0,16,5,9,1.67,0.0,1.059166666666667
1,16,5,9,1.56,3.95,0.8945833333333337
2,16,5,9,0.0,1.97,0.851666666666667
3,16,5,9,0.94,2.03,0.867916666666667
4,16,5,9,2.42,0.0,0.8912500000000003
5,16,5,9,0.56,0.6,0.8662500000000003
6,16,5,9,0.0,1.7,0.8362500000000003
7,16,5,9,0.98,1.32,0.7812500000000003
8,16,5,9,0.0,0.0,0.7812500000000003
9,16,5,9,0.0,0.63,0.7550000000000003
10,16,5,9,0.0,1.78,0.8787500000000003
11,16,5,9,4.75,0.0,0.8787500000000003
12,16,5,9,0.0,0.0,0.8787500000000003
13,16,5,9,0.0,0.0,0.9233333333333337
14,16,5,9,1.0699999999999998,0.0,0.9233333333333337
15,16,5,9,0.0,0.73,0.9937500000000004
16,16,5,9,2.42,1.3,1.1533333333333338
17,16,5,9,5.13,0.0,1.1533333333333338
18,16,5,9,0.0,0.64,1.1266666666666671
19,16,5,9,0.0,0.0,1.2558333333333338
20,16,5,9,3.1,3.43,1.3358333333333337
21,16,5,9,5.35,0.29,1.3995833333333338
22,16,5,9,1.82,1.82,1.3737500000000005
23,16,5,9,1.2,1.67,1.4445833333333338
0,17,6,9,3.37,1.56,1.4075000000000004
1,17,6,9,0.67,0.0,1.5095833333333335
2,17,6,9,2.45,0.94,1.5900000000000005
3,17,6,9,2.87,2.42,1.5479166666666668
4,17,6,9,1.41,0.56,1.6700000000000006
5,17,6,9,3.49,0.0,1.778333333333334
6,17,6,9,2.6,0.98,1.9233333333333338
7,17,6,9,4.46,0.0,1.9570833333333335
8,17,6,9,0.81,0.0,1.9945833333333336
9,17,6,9,0.9,0.0,1.9945833333333336
10,17,6,9,0.0,4.75,1.7966666666666669
11,17,6,9,0.0,0.0,1.7966666666666669
12,17,6,9,0.0,0.0,1.841666666666667
13,17,6,9,1.08,1.0699999999999998,1.7970833333333338
14,17,6,9,0.0,0.0,1.7970833333333338
15,17,6,9,0.0,2.42,1.6962500000000003
16,17,6,9,0.0,5.13,1.5162500000000003
17,17,6,9,0.81,0.0,1.542083333333334
18,17,6,9,0.62,0.0,1.6170833333333337
19,17,6,9,1.8,3.1,1.550416666666667
20,17,6,9,1.5,5.35,1.4712500000000004
21,17,6,9,3.45,1.82,1.5937500000000002
22,17,6,9,4.76,1.2,1.7133333333333338
23,17,6,9,4.07,3.37,1.6545833333333337
0,18,0,9,1.96,0.67,1.6462500000000004
1,18,0,9,0.47,2.45,1.5441666666666671
2,18,0,9,0.0,2.87,1.5125000000000004
3,18,0,9,2.1100000000000003,1.41,1.4537500000000003
4,18,0,9,0.0,3.49,1.3841666666666672
5,18,0,9,1.82,2.6,1.3350000000000002
6,18,0,9,1.42,4.46,1.1491666666666671
7,18,0,9,0.0,0.81,1.1250000000000004
8,18,0,9,0.23,0.9,1.1979166666666672
9,18,0,9,2.65,0.0,1.1979166666666672
10,18,0,9,0.0,0.0,1.1979166666666672
11,18,0,9,0.0,0.0,1.232916666666667
12,18,0,9,0.84,1.08,1.237916666666667
13,18,0,9,1.2,0.0,1.2862500000000003
14,18,0,9,1.16,0.0,1.3770833333333339
15,18,0,9,2.18,0.0,1.515416666666667
16,18,0,9,3.3200000000000003,0.81,1.4816666666666671
17,18,0,9,0.0,0.62,1.504166666666667
18,18,0,9,1.16,1.8,1.4291666666666671
19,18,0,9,0.0,1.5,1.4175000000000004
20,18,0,9,1.22,3.45,1.3441666666666672
21,18,0,9,1.69,4.76,1.3208333333333337
22,18,0,9,4.199999999999999,4.07,1.1512500000000003
23,18,0,9,0.0,1.96,1.1508333333333336
0,19,1,9,1.95,0.47,1.1641666666666668
1,19,1,9,0.79,0.0,1.2395833333333337
2,19,1,9,1.81,2.1100000000000003,1.151666666666667
3,19,1,9,0.0,0.0,1.2125000000000004
4,19,1,9,1.46,1.82,1.384166666666667
5,19,1,9,5.94,1.42,1.3337500000000004
6,19,1,9,0.21,0.0,1.3337500000000004
7,19,1,9,0.0,0.23,1.417916666666667
8,19,1,9,2.25,2.65,1.3725000000000005
9,19,1,9,1.56,0.0,1.3725000000000005
10,19,1,9,0.0,0.0,1.392916666666667
11,19,1,9,0.49,0.84,1.432916666666667
12,19,1,9,1.8,1.2,1.4554166666666672
13,19,1,9,1.74,1.16,1.417916666666667
14,19,1,9,0.26,2.18,1.5270833333333336
15,19,1,9,4.8,3.3200000000000003,1.3887500000000002
16,19,1,9,0.0,0.0,1.5295833333333337
17,19,1,9,3.38,1.16,1.4812500000000004
18,19,1,9,0.0,0.0,1.4812500000000004
19,19,1,9,0.0,1.22,1.4900000000000004
20,19,1,9,1.4300000000000002,1.69,1.4433333333333336
21,19,1,9,0.57,4.199999999999999,1.3454166666666671
22,19,1,9,1.85,0.0,1.4250000000000005
23,19,1,9,1.91,1.95,1.3437500000000002
0,20,2,9,0.0,0.79,1.3445833333333337
1,20,2,9,0.81,1.81,1.3450000000000004
2,20,2,9,1.82,0.0,1.3450000000000004
3,20,2,9,0.0,1.46,1.2841666666666671
4,20,2,9,0.0,5.94,1.0833333333333337
5,20,2,9,1.12,0.21,1.1237500000000002
6,20,2,9,1.18,0.0,1.182916666666667
7,20,2,9,1.42,2.25,1.2358333333333336
8,20,2,9,3.52,1.56,1.1891666666666671
9,20,2,9,0.44,0.0,1.1891666666666671
10,20,2,9,0.0,0.49,1.236666666666667
11,20,2,9,1.63,1.8,1.2400000000000004
12,20,2,9,1.88,1.74,1.2041666666666668
13,20,2,9,0.88,0.26,1.2158333333333338
14,20,2,9,0.54,4.8,1.0158333333333338
15,20,2,9,0.0,0.0,1.097916666666667
16,20,2,9,1.97,3.38,0.9737500000000003
17,20,2,9,0.4,0.0,0.9737500000000003
18,20,2,9,0.0,0.0,0.9875000000000004
19,20,2,9,0.33,1.4300000000000002,0.941666666666667
20,20,2,9,0.33,0.57,0.9979166666666671
21,20,2,9,1.92,1.85,1.0454166666666669
22,20,2,9,2.99,1.91,1.0025000000000004
23,20,2,9,0.88,0.0,1.0850000000000002
0,21,3,9,1.98,0.81,1.0512500000000005
1,21,3,9,0.0,1.82,1.0225000000000004
2,21,3,9,1.13,0.0,1.160416666666667
3,21,3,9,3.31,0.0,1.160416666666667
4,21,3,9,0.0,1.12,1.1770833333333337
5,21,3,9,1.52,1.18,1.2625000000000004
6,21,3,9,3.23,1.42,1.2033333333333338
7,21,3,9,0.0,3.52,1.0566666666666669
8,21,3,9,0.0,0.44,1.0383333333333338
9,21,3,9,0.0,0.0,1.071666666666667
10,21,3,9,0.8,1.63,1.1475000000000004
11,21,3,9,3.45,1.88,1.069166666666667
12,21,3,9,0.0,0.88,1.091666666666667
13,21,3,9,1.42,0.54,1.114166666666667
14,21,3,9,1.08,0.0,1.114166666666667
15,21,3,9,0.0,1.97,1.0570833333333338
16,21,3,9,0.6,0.4,1.1179166666666671
17,21,3,9,1.86,0.0,1.2920833333333337
18,21,3,9,4.18,0.33,1.3037500000000004
19,21,3,9,0.61,0.33,1.3587500000000003
20,21,3,9,1.65,1.92,1.4683333333333337
21,21,3,9,4.55,2.99,1.3437500000000002
22,21,3,9,0.0,0.88,1.3875000000000004
23,21,3,9,1.93,1.98,1.457916666666667
0,22,4,9,3.67,0.0,1.536666666666667
1,22,4,9,1.89,1.13,1.5841666666666667
2,22,4,9,2.27,3.31,1.5162500000000003
3,22,4,9,1.68,0.0,1.550833333333334
4,22,4,9,0.83,1.52,1.5462500000000003
5,22,4,9,1.41,3.23,1.4575000000000005
6,22,4,9,1.1,0.0,1.480416666666667
7,22,4,9,0.55,0.0,1.5391666666666672
8,22,4,9,1.41,0.0,1.5566666666666673
9,22,4,9,0.42,0.8,1.55875
10,22,4,9,0.85,3.45,1.5158333333333338
11,22,4,9,2.42,0.0,1.573333333333334
12,22,4,9,1.38,1.42,1.6537500000000005
13,22,4,9,3.35,1.08,1.6891666666666671
14,22,4,9,1.93,0.0,1.7675000000000003
15,22,4,9,1.88,0.6,1.7750000000000004
16,22,4,9,0.78,1.86,1.8245833333333337
17,22,4,9,3.05,4.18,1.7112500000000004
18,22,4,9,1.46,0.61,1.6858333333333337
19,22,4,9,0.0,1.65,1.7979166666666668
20,22,4,9,4.34,4.55,1.642916666666667
21,22,4,9,0.83,0.0,1.642916666666667
22,22,4,9,0.0,1.93,1.6091666666666669
23,22,4,9,1.12,3.67,1.6037500000000005
0,23,5,9,3.54,1.89,1.8333333333333337
1,23,5,9,7.4,2.27,1.8262500000000006
2,23,5,9,2.1,1.68,1.7675000000000003
3,23,5,9,0.27,0.83,1.8029166666666672
4,23,5,9,1.68,1.41,1.7870833333333336
5,23,5,9,1.03,1.1,1.7412500000000002
6,23,5,9,0.0,0.55,1.7183333333333337
7,23,5,9,0.0,1.41,1.6595833333333336
8,23,5,9,0.0,0.42,1.765416666666667
9,23,5,9,2.96,0.85,1.7300000000000004
10,23,5,9,0.0,2.42,1.6483333333333337
11,23,5,9,0.46,1.38,1.6158333333333337
12,23,5,9,0.6,3.35,1.629166666666667
13,23,5,9,3.67,1.93,1.5770833333333336
14,23,5,9,0.68,1.88,1.5662500000000004
15,23,5,9,1.62,0.78,1.6570833333333337
16,23,5,9,2.96,3.05,1.6087500000000006
17,23,5,9,1.89,1.46,1.5479166666666673
18,23,5,9,0.0,0.0,1.5858333333333337
19,23,5,9,0.91,4.34,1.554583333333334
20,23,5,9,3.59,0.83,1.6512500000000003
21,23,5,9,3.15,0.0,1.7270833333333337
22,23,5,9,1.82,1.12,1.8379166666666673
23,23,5,9,3.78,3.54,1.7500000000000007
0,24,6,9,1.4300000000000002,7.4,1.5095833333333335
1,24,6,9,1.63,2.1,1.4220833333333338
2,24,6,9,0.0,0.27,1.426666666666667
3,24,6,9,0.38,1.68,1.4620833333333338
4,24,6,9,2.53,1.03,1.4191666666666671
5,24,6,9,0.0,0.0,1.4191666666666671
6,24,6,9,0.0,0.0,1.5645833333333334
7,24,6,9,3.49,0.0,1.5645833333333334
8,24,6,9,0.0,2.96,1.5237500000000004
9,24,6,9,1.98,0.0,1.5237500000000004
10,24,6,9,0.0,0.46,1.5045833333333336
11,24,6,9,0.0,0.6,1.5716666666666672
12,24,6,9,2.21,3.67,1.447916666666667
13,24,6,9,0.7,0.68,1.5479166666666668
14,24,6,9,3.08,1.62,1.4804166666666667
15,24,6,9,0.0,2.96,1.3691666666666673
16,24,6,9,0.29,1.89,1.3691666666666669
17,24,6,9,1.89,0.0,1.4050000000000002
18,24,6,9,0.86,0.91,1.3670833333333337
19,24,6,9,0.0,3.59,1.2175000000000002
20,24,6,9,0.0,3.15,1.112916666666667
21,24,6,9,0.64,1.82,1.0858333333333337
22,24,6,9,1.17,3.78,0.9283333333333337
23,24,6,9,0.0,1.4300000000000002,0.9770833333333336
0,25,0,9,2.6,1.63,0.909166666666667
1,25,0,9,0.0,0.0,0.932916666666667
2,25,0,9,0.57,0.38,0.9904166666666671
3,25,0,9,1.76,2.53,0.8850000000000003
4,25,0,9,0.0,0.0,0.9662500000000004
5,25,0,9,1.95,0.0,1.1462500000000004
6,25,0,9,4.32,3.49,1.0008333333333337
7,25,0,9,0.0,0.0,1.1158333333333337
8,25,0,9,2.76,1.98,1.0737500000000004
9,25,0,9,0.97,0.0,1.0737500000000004
10,25,0,9,0.0,0.0,1.0737500000000004
11,25,0,9,0.0,2.21,1.022916666666667
12,25,0,9,0.99,0.7,0.9937500000000004
13,25,0,9,0.0,3.08,0.9029166666666671
14,25,0,9,0.9,0.0,0.9858333333333337
15,25,0,9,1.99,0.29,1.157916666666667
16,25,0,9,4.42,1.89,1.1370833333333337
17,25,0,9,1.39,0.86,1.1675000000000002
18,25,0,9,1.59,0.0,1.3508333333333338
19,25,0,9,4.4,0.0,1.3508333333333338
20,25,0,9,0.0,0.64,1.3920833333333338
21,25,0,9,1.63,1.17,1.3837500000000003
22,25,0,9,0.97,0.0,1.4629166666666669
23,25,0,9,1.9,2.6,1.365833333333334
0,26,1,9,0.27,0.0,1.365833333333334
1,26,1,9,0.0,0.57,1.364583333333334
2,26,1,9,0.54,1.76,1.4125000000000005
3,26,1,9,2.91,0.0,1.4287500000000006
4,26,1,9,0.39,1.95,1.4437500000000003
5,26,1,9,2.31,4.32,1.305416666666667
6,26,1,9,1.0,0.0,1.3800000000000001
7,26,1,9,1.79,2.76,1.4420833333333336
8,26,1,9,4.25,0.97,1.4108333333333338
9,26,1,9,0.22,0.0,1.4316666666666673
10,26,1,9,0.5,0.0,1.5795833333333338
11,26,1,9,3.55,0.99,1.5383333333333338
12,26,1,9,0.0,0.0,1.699166666666667
13,26,1,9,3.86,0.9,1.661666666666667
14,26,1,9,0.0,1.99,1.6883333333333337
15,26,1,9,2.63,4.42,1.504166666666667
16,26,1,9,0.0,1.39,1.5237500000000006
17,26,1,9,1.86,1.59,1.502916666666667
18,26,1,9,1.09,4.4,1.3195833333333338
19,26,1,9,0.0,0.0,1.394583333333334
20,26,1,9,1.8,1.63,1.409166666666667
21,26,1,9,1.98,0.97,1.4212500000000003
22,26,1,9,1.26,1.9,1.3420833333333337
23,26,1,9,0.0,0.27,1.3308333333333338
0,27,2,9,0.0,0.0,1.5183333333333335
1,27,2,9,4.5,0.54,1.4958333333333336
2,27,2,9,0.0,2.91,1.3745833333333337
3,27,2,9,0.0,0.39,1.3583333333333336
4,27,2,9,0.0,2.31,1.3908333333333338
5,27,2,9,3.09,1.0,1.349166666666667
6,27,2,9,0.0,1.79,1.3175000000000003
7,27,2,9,1.03,4.25,1.2062500000000005
8,27,2,9,1.58,0.22,1.1970833333333337
9,27,2,9,0.0,0.5,1.1762500000000002
10,27,2,9,0.0,3.55,1.156666666666667
11,27,2,9,3.08,0.0,1.1937500000000003
12,27,2,9,0.89,3.86,1.167083333333334
13,27,2,9,3.22,0.0,1.212916666666667
14,27,2,9,1.1,2.63,1.132916666666667
15,27,2,9,0.71,0.0,1.1658333333333337
16,27,2,9,0.79,1.86,1.0883333333333336
17,27,2,9,0.0,1.09,1.1250000000000002
18,27,2,9,1.97,0.0,1.1250000000000002
19,27,2,9,0.0,1.8,1.0945833333333337
20,27,2,9,1.07,1.98,1.1320833333333338
21,27,2,9,2.88,1.26,1.0795833333333338
22,27,2,9,0.0,0.0,1.202916666666667
23,27,2,9,2.96,0.0,1.2437500000000004
0,28,3,9,0.98,4.5,1.1520833333333338
1,28,3,9,2.3,0.0,1.216666666666667
2,28,3,9,1.55,0.0,1.3966666666666672
3,28,3,9,4.32,0.0,1.416666666666667
4,28,3,9,0.48,3.09,1.287916666666667
5,28,3,9,0.0,0.0,1.3387500000000003
6,28,3,9,1.22,1.03,1.4487500000000004
7,28,3,9,3.67,1.58,1.3829166666666672
8,28,3,9,0.0,0.0,1.4450000000000003
9,28,3,9,1.49,0.0,1.4925000000000004
10,28,3,9,1.14,3.08,1.4362500000000005
11,28,3,9,1.73,0.89,1.4629166666666673
12,28,3,9,1.53,3.22,1.4600000000000002
13,28,3,9,3.1499999999999995,1.1,1.4141666666666668
14,28,3,9,0.0,0.71,1.457916666666667
15,28,3,9,1.76,0.79,1.435416666666667
16,28,3,9,0.25,0.0,1.5100000000000005
17,28,3,9,1.79,1.97,1.4279166666666672
18,28,3,9,0.0,0.0,1.446666666666667
19,28,3,9,0.45,1.07,1.4395833333333334
20,28,3,9,0.9,2.88,1.4962500000000005
21,28,3,9,4.24,0.0,1.4962500000000005
22,28,3,9,0.0,2.96,1.4558333333333335
23,28,3,9,1.99,0.98,1.4783333333333337
0,29,4,9,1.52,2.3,1.4904166666666672
1,29,4,9,2.59,1.55,1.5812500000000005
2,29,4,9,3.73,4.32,1.5166666666666668
3,29,4,9,2.77,0.48,1.5450000000000002
4,29,4,9,1.16,0.0,1.6300000000000001
5,29,4,9,2.04,1.22,1.604166666666667
6,29,4,9,0.6000000000000001,3.67,1.474583333333334
7,29,4,9,0.56,0.0,1.474583333333334
8,29,4,9,0.0,1.49,1.6566666666666672
9,29,4,9,5.86,1.14,1.6775000000000004
10,29,4,9,1.64,1.73,1.605416666666667
11,29,4,9,0.0,1.53,1.6175000000000006
12,29,4,9,1.82,3.1499999999999995,1.5795833333333338
13,29,4,9,2.24,0.0,1.6162500000000006
14,29,4,9,0.88,1.76,1.5545833333333337
15,29,4,9,0.28,0.25,1.6275000000000004
16,29,4,9,2.0,1.79,1.6058333333333337
17,29,4,9,1.27,0.0,1.6058333333333337
18,29,4,9,0.0,0.45,1.6400000000000003
19,29,4,9,1.27,0.9,1.7012500000000002
20,29,4,9,2.37,4.24,1.7183333333333337
21,29,4,9,4.65,0.0,1.7808333333333337
22,29,4,9,1.5,1.99,1.8529166666666672
23,29,4,9,3.72,1.52,1.8633333333333335
0,30,5,9,1.77,2.59,1.8595833333333338
1,30,5,9,2.5,3.73,1.7041666666666668
2,30,5,9,0.0,2.77,1.6137500000000005
3,30,5,9,0.6,1.16,1.649166666666667
4,30,5,9,2.01,2.04,1.599166666666667
5,30,5,9,0.84,0.6000000000000001,1.651666666666667
6,30,5,9,1.86,0.56,1.6283333333333339
7,30,5,9,0.0,0.0,1.6283333333333339
8,30,5,9,0.0,5.86,1.3841666666666672
9,30,5,9,0.0,1.64,1.3995833333333338
10,30,5,9,2.01,0.0,1.4800000000000004
11,30,5,9,1.93,1.82,1.404166666666667
12,30,5,9,0.0,2.24,1.3108333333333337
13,30,5,9,0.0,0.88,1.4316666666666669
14,30,5,9,3.78,0.28,1.5529166666666667
15,30,5,9,3.19,2.0,1.5529166666666667
16,30,5,9,2.0,1.27,1.515416666666667
17,30,5,9,0.37,0.0,1.515416666666667
18,30,5,9,0.0,1.27,1.4625000000000004
19,30,5,9,0.0,2.37,1.4541666666666673
20,30,5,9,2.17,4.65,1.260416666666667
21,30,5,9,0.0,1.5,1.2195833333333337
22,30,5,9,0.52,3.72,1.1437500000000005
23,30,5,9,1.9,1.77,1.0700000000000005
0,1,6,10,0.0,2.5,1.0441666666666671
1,1,6,10,1.88,0.0,1.0950000000000004
2,1,6,10,1.22,0.6,1.140416666666667
3,1,6,10,1.69,2.01,1.120416666666667
4,1,6,10,1.53,0.84,1.2162500000000003
5,1,6,10,3.14,1.86,1.1387500000000002
6,1,6,10,0.0,0.0,1.1895833333333337
7,1,6,10,1.22,0.0,1.2375000000000003
8,1,6,10,1.15,0.0,1.3150000000000002
9,1,6,10,1.86,2.01,1.2312500000000004
10,1,6,10,0.0,1.93,1.2775000000000005
11,1,6,10,3.04,0.0,1.4037500000000005
12,1,6,10,3.03,0.0,1.4475000000000005
13,1,6,10,1.05,3.78,1.412916666666667
14,1,6,10,2.95,3.19,1.2800000000000005
15,1,6,10,0.0,2.0,1.2208333333333339
16,1,6,10,0.58,0.37,1.205416666666667
17,1,6,10,0.0,0.0,1.2420833333333337
18,1,6,10,0.88,0.0,1.3562500000000004
19,1,6,10,2.74,2.17,1.401666666666667
20,1,6,10,3.26,0.0,1.471666666666667
21,1,6,10,1.6800000000000002,0.52,1.4870833333333338
22,1,6,10,0.89,1.9,1.407916666666667
23,1,6,10,0.0,0.0,1.407916666666667
0,2,0,10,0.0,1.88,1.3295833333333338
1,2,0,10,0.0,1.22,1.3995833333333338
2,2,0,10,2.9000000000000004,1.69,1.4191666666666671
3,2,0,10,2.16,1.53,1.355416666666667
4,2,0,10,0.0,3.14,1.2387500000000005
5,2,0,10,0.34,0.0,1.2387500000000005
6,2,0,10,0.0,1.22,1.1879166666666672
7,2,0,10,0.0,1.15,1.1733333333333336
8,2,0,10,0.8,1.86,1.0958333333333337
9,2,0,10,0.0,0.0,1.2091666666666672
10,2,0,10,2.72,3.04,1.156666666666667
11,2,0,10,1.78,3.03,1.1108333333333338
12,2,0,10,1.93,1.05,1.1808333333333338
13,2,0,10,2.73,2.95,1.057916666666667
14,2,0,10,0.0,0.0,1.1270833333333337
15,2,0,10,1.66,0.58,1.1195833333333338
16,2,0,10,0.4,0.0,1.1195833333333338
17,2,0,10,0.0,0.88,1.1525000000000003
18,2,0,10,1.67,2.74,1.059166666666667
19,2,0,10,0.5,3.26,1.0062500000000005
20,2,0,10,1.99,1.6800000000000002,1.0208333333333337
21,2,0,10,2.03,0.89,1.0333333333333339
22,2,0,10,1.19,0.0,1.0541666666666671
23,2,0,10,0.5,0.0,1.2820833333333337
0,3,1,10,5.47,0.0,1.401666666666667
1,3,1,10,2.87,2.9000000000000004,1.2808333333333337
2,3,1,10,0.0,2.16,1.2508333333333337
3,3,1,10,1.4400000000000002,0.0,1.3312500000000005
4,3,1,10,1.93,0.34,1.3170833333333336
5,3,1,10,0.0,0.0,1.381666666666667
6,3,1,10,1.55,0.0,1.4279166666666672
7,3,1,10,1.11,0.8,1.4591666666666672
8,3,1,10,1.55,0.0,1.604583333333334
9,3,1,10,3.49,2.72,1.5420833333333335
10,3,1,10,1.22,1.78,1.5408333333333337
11,3,1,10,1.75,1.93,1.5895833333333338
12,3,1,10,3.1,2.73,1.4758333333333338
13,3,1,10,0.0,0.0,1.5229166666666671
14,3,1,10,1.13,1.66,1.4537500000000005
15,3,1,10,0.0,0.4,1.5070833333333338
16,3,1,10,1.68,0.0,1.5825000000000002
17,3,1,10,1.81,1.67,1.5129166666666671
18,3,1,10,0.0,0.5,1.5737500000000004
19,3,1,10,1.96,1.99,1.5075000000000003
20,3,1,10,0.4,2.03,1.4229166666666668
21,3,1,10,0.0,1.19,1.3733333333333337
22,3,1,10,0.0,0.5,1.4187500000000004
23,3,1,10,1.59,5.47,1.2875000000000005
0,4,2,10,2.3200000000000003,2.87,1.2125000000000006
1,4,2,10,1.07,0.0,1.2275000000000005
2,4,2,10,0.36,1.4400000000000002,1.2445833333333336
3,4,2,10,1.85,1.93,1.164166666666667
4,4,2,10,0.0,0.0,1.164166666666667
5,4,2,10,0.0,1.55,1.0995833333333336
6,4,2,10,0.0,1.11,1.0533333333333337
7,4,2,10,0.0,1.55,1.046666666666667
8,4,2,10,1.39,3.49,0.9012500000000004
9,4,2,10,0.0,1.22,0.8504166666666669
10,4,2,10,0.0,1.75,0.8075000000000004
11,4,2,10,0.72,3.1,0.6783333333333337
12,4,2,10,0.0,0.0,0.7550000000000004
13,4,2,10,1.84,1.13,0.8070833333333337
14,4,2,10,2.38,0.0,0.8070833333333338
15,4,2,10,0.0,1.68,0.7750000000000004
16,4,2,10,0.91,1.81,0.6995833333333338
17,4,2,10,0.0,0.0,0.7687500000000004
18,4,2,10,1.66,1.96,0.765416666666667
19,4,2,10,1.88,0.4,0.7904166666666671
20,4,2,10,1.0,0.0,0.8320833333333337
21,4,2,10,1.0,0.0,0.9050000000000004
22,4,2,10,1.75,1.59,0.8387500000000004
23,4,2,10,0.0,2.3200000000000003,0.8675000000000003
0,5,3,10,3.01,1.07,0.822916666666667
1,5,3,10,0.0,0.36,0.807916666666667
2,5,3,10,0.0,1.85,0.7608333333333337
3,5,3,10,0.72,0.0,0.8620833333333336
4,5,3,10,2.43,0.0,0.9425000000000003
5,5,3,10,1.93,0.0,0.9687500000000003
6,5,3,10,0.63,0.0,1.0720833333333337
7,5,3,10,2.48,1.39,1.0141666666666669
8,5,3,10,0.0,0.0,1.091666666666667
9,5,3,10,1.86,0.0,1.1308333333333336
10,5,3,10,0.94,0.72,1.1612500000000003
11,5,3,10,1.45,0.0,1.315416666666667
12,5,3,10,3.7,1.84,1.3470833333333336
13,5,3,10,2.6,2.38,1.3662500000000002
14,5,3,10,2.84,0.0,1.4237500000000003
15,5,3,10,1.38,0.91,1.4375000000000002
16,5,3,10,1.24,0.0,1.6450000000000002
17,5,3,10,4.98,1.66,1.5758333333333336
18,5,3,10,0.0,1.88,1.5166666666666668
19,5,3,10,0.46,1.0,1.5425000000000004
20,5,3,10,1.62,1.0,1.5008333333333337
21,5,3,10,0.0,1.75,1.5833333333333337
22,5,3,10,3.73,0.0,1.6262500000000004
23,5,3,10,1.03,3.01,1.5370833333333336
0,6,4,10,0.87,0.0,1.5987500000000006
1,6,4,10,1.48,0.0,1.5987500000000006
2,6,4,10,0.0,0.72,1.6308333333333336
3,6,4,10,1.49,2.43,1.636666666666667
4,6,4,10,2.57,1.93,1.5562500000000004
5,6,4,10,0.0,0.63,1.5412500000000005
6,6,4,10,0.27,2.48,1.4925000000000004
7,6,4,10,1.31,0.0,1.5891666666666673
8,6,4,10,2.3200000000000003,1.86,1.653333333333334
9,6,4,10,3.4000000000000004,0.94,1.6333333333333337
10,6,4,10,0.46,1.45,1.5729166666666672
11,6,4,10,0.0,3.7,1.5208333333333337
12,6,4,10,2.45,2.6,1.4125000000000003
13,6,4,10,0.0,2.84,1.412083333333334
14,6,4,10,2.83,1.38,1.412916666666667
15,6,4,10,1.4,1.24,1.3612500000000003
16,6,4,10,0.0,4.98,1.4345833333333335
17,6,4,10,6.74,0.0,1.4345833333333335
18,6,4,10,0.0,0.46,1.4562500000000005
19,6,4,10,0.98,1.62,1.3887500000000006
20,6,4,10,0.0,0.0,1.4766666666666672
21,6,4,10,2.1100000000000003,3.73,1.3212500000000005
22,6,4,10,0.0,1.03,1.2783333333333338
23,6,4,10,0.0,0.87,1.3337500000000004
0,7,5,10,2.2,1.48,1.3383333333333338
1,7,5,10,1.59,0.0,1.4387500000000004
2,7,5,10,2.41,1.49,1.376666666666667
3,7,5,10,0.0,2.57,1.269583333333334
4,7,5,10,0.0,0.0,1.269583333333334
5,7,5,10,0.0,0.27,1.3150000000000006
6,7,5,10,1.36,1.31,1.3170833333333338
7,7,5,10,1.36,2.3200000000000003,1.2350000000000005
8,7,5,10,0.35,3.4000000000000004,1.2087500000000004
9,7,5,10,2.77,0.46,1.2012500000000004
10,7,5,10,0.28,0.0,1.212916666666667
11,7,5,10,0.28,2.45,1.212916666666667
12,7,5,10,2.45,0.0,1.2845833333333339
13,7,5,10,1.72,2.83,1.1970833333333337
14,7,5,10,0.73,1.4,1.1387500000000004
15,7,5,10,0.0,0.0,1.1387500000000004
16,7,5,10,0.0,6.74,0.8579166666666671
17,7,5,10,0.0,0.0,0.9191666666666672
18,7,5,10,1.47,0.98,1.0191666666666672
19,7,5,10,3.38,0.0,1.0191666666666672
20,7,5,10,0.0,2.1100000000000003,1.0162500000000003
21,7,5,10,2.04,0.0,1.0725000000000005
22,7,5,10,1.35,0.0,1.1133333333333337
23,7,5,10,0.98,2.2,1.0216666666666672
0,8,6,10,0.0,1.59,1.0033333333333336
1,8,6,10,1.15,2.41,1.0104166666666672
2,8,6,10,2.58,0.0,1.0883333333333336
3,8,6,10,1.87,0.0,1.1579166666666671
4,8,6,10,1.67,0.0,1.226666666666667
5,8,6,10,1.65,1.36,1.244166666666667
6,8,6,10,1.78,1.36,1.209583333333334
7,8,6,10,0.53,0.35,1.2600000000000005
8,8,6,10,1.56,2.77,1.2383333333333337
9,8,6,10,2.25,0.28,1.226666666666667
10,8,6,10,0.0,0.28,1.2675000000000005
11,8,6,10,1.26,2.45,1.3650000000000002
12,8,6,10,4.79,1.72,1.3083333333333338
13,8,6,10,0.36,0.73,1.3500000000000003
14,8,6,10,1.73,0.0,1.3500000000000003
15,8,6,10,0.0,0.0,1.3500000000000003
16,8,6,10,0.0,0.0,1.4183333333333337
17,8,6,10,1.64,1.47,1.3570833333333336
18,8,6,10,0.0,3.38,1.2350000000000003
19,8,6,10,0.45,0.0,1.2608333333333335
20,8,6,10,0.62,2.04,1.2708333333333337
21,8,6,10,2.28,1.35,1.5358333333333338
22,8,6,10,7.71,0.98,1.5425000000000002
23,8,6,10,1.14,0.0,1.629166666666667
0,9,0,10,2.08,1.15,1.6170833333333337
1,9,0,10,0.86,2.58,1.5754166666666671
2,9,0,10,1.58,1.87,1.5525000000000004
3,9,0,10,1.32,1.67,1.482916666666667
4,9,0,10,0.0,1.65,1.4141666666666672
5,9,0,10,0.0,1.78,1.3850000000000005
6,9,0,10,1.08,0.53,1.380416666666667
7,9,0,10,0.42,1.56,1.4370833333333337
8,9,0,10,2.92,2.25,1.4487500000000004
9,9,0,10,2.53,0.0,1.469166666666667
10,9,0,10,0.49,1.26,1.416666666666667
11,9,0,10,0.0,4.79,1.3358333333333337
12,9,0,10,2.85,0.36,1.3429166666666672
13,9,0,10,0.53,1.73,1.417083333333334
14,9,0,10,3.51,0.0,1.4637500000000003
15,9,0,10,1.12,0.0,1.5320833333333337
16,9,0,10,1.64,1.64,1.4637500000000003
17,9,0,10,0.0,0.0,1.505416666666667
18,9,0,10,1.0,0.45,1.486666666666667
19,9,0,10,0.0,0.62,1.4850000000000003
20,9,0,10,0.58,2.28,1.446666666666667
21,9,0,10,1.36,7.71,1.1345833333333337
22,9,0,10,0.22,1.14,1.1195833333333338
23,9,0,10,0.78,2.08,1.0566666666666669
0,10,1,10,0.57,0.86,1.1037500000000005
1,10,1,10,1.99,1.58,1.0983333333333338
2,10,1,10,1.45,1.32,1.0433333333333337
3,10,1,10,0.0,0.0,1.0433333333333337
4,10,1,10,0.0,0.0,1.0433333333333337
5,10,1,10,0.0,1.08,1.040416666666667
6,10,1,10,1.01,0.42,1.0333333333333339
7,10,1,10,0.25,2.92,0.9425000000000003
8,10,1,10,0.74,2.53,0.8466666666666671
9,10,1,10,0.23,0.49,0.8262500000000004
10,10,1,10,0.0,0.0,0.8262500000000004
11,10,1,10,0.0,2.85,0.7904166666666671
12,10,1,10,1.99,0.53,0.7683333333333336
13,10,1,10,0.0,3.51,0.7075000000000004
14,10,1,10,2.05,1.12,0.680416666666667
15,10,1,10,0.47,1.64,0.654166666666667
16,10,1,10,1.01,0.0,0.6875000000000003
17,10,1,10,0.8,1.0,0.6458333333333337
18,10,1,10,0.0,0.0,0.6458333333333337
19,10,1,10,0.0,0.58,0.621666666666667
20,10,1,10,0.0,1.36,0.5887500000000003
21,10,1,10,0.57,0.22,0.6008333333333337
22,10,1,10,0.51,0.78,0.5683333333333337
23,10,1,10,0.0,0.57,0.6037500000000003
0,11,2,10,1.42,1.99,0.5208333333333336
1,11,2,10,0.0,1.45,0.460416666666667
2,11,2,10,0.0,0.0,0.48375000000000035
3,11,2,10,0.56,0.0,0.48375000000000035
4,11,2,10,0.0,0.0,0.48375000000000035
5,11,2,10,0.0,1.01,0.44166666666666704
6,11,2,10,0.0,0.25,0.4658333333333337
7,11,2,10,0.83,0.74,0.43500000000000033
8,11,2,10,0.0,0.23,0.4933333333333337
9,11,2,10,1.63,0.0,0.6354166666666671
10,11,2,10,3.41,0.0,0.7975000000000003
11,11,2,10,3.89,1.99,0.7258333333333337
12,11,2,10,0.27,0.0,0.7600000000000003
13,11,2,10,0.8200000000000001,2.05,0.7537500000000005
14,11,2,10,1.9,0.47,0.7341666666666672
15,11,2,10,0.0,1.01,0.797916666666667
16,11,2,10,2.54,0.8,0.8962500000000003
17,11,2,10,3.16,0.0,0.967916666666667
18,11,2,10,1.72,0.0,0.967916666666667
19,11,2,10,0.0,0.0,1.041666666666667
20,11,2,10,1.77,0.57,1.017916666666667
21,11,2,10,0.0,0.51,0.996666666666667
22,11,2,10,0.0,0.0,1.0720833333333337
23,11,2,10,1.81,1.42,1.0683333333333336
0,12,3,10,1.33,0.0,1.0683333333333336
1,12,3,10,0.0,0.0,1.0683333333333336
2,12,3,10,0.0,0.56,1.1016666666666672
3,12,3,10,1.36,0.0,1.1383333333333339
4,12,3,10,0.88,0.0,1.1383333333333339
5,12,3,10,0.0,0.0,1.1720833333333338
6,12,3,10,0.81,0.83,1.236666666666667
7,12,3,10,2.38,0.0,1.3050000000000004
8,12,3,10,1.64,1.63,1.2370833333333338
9,12,3,10,0.0,3.41,1.1412500000000003
10,12,3,10,1.11,3.89,1.0187500000000005
11,12,3,10,0.95,0.27,1.100416666666667
12,12,3,10,2.23,0.8200000000000001,1.1245833333333337
13,12,3,10,1.4,1.9,1.0662500000000004
14,12,3,10,0.5,0.0,1.172916666666667
15,12,3,10,2.56,2.54,1.1270833333333337
16,12,3,10,1.44,3.16,1.0383333333333338
17,12,3,10,1.03,1.72,1.091666666666667
18,12,3,10,3.0,0.0,1.2400000000000004
19,12,3,10,3.56,1.77,1.2333333333333336
20,12,3,10,1.61,0.0,1.2333333333333336
21,12,3,10,0.0,0.0,1.2333333333333336
22,12,3,10,0.0,1.81,1.3570833333333336
23,12,3,10,4.78,1.33,1.3708333333333336
0,13,4,10,1.66,0.0,1.3708333333333336
1,13,4,10,0.0,0.0,1.4270833333333337
2,13,4,10,1.35,1.36,1.3979166666666671
3,13,4,10,0.66,0.88,1.4229166666666668
4,13,4,10,1.48,0.0,1.4229166666666668
5,13,4,10,0.0,0.81,1.389166666666667
6,13,4,10,0.0,2.38,1.2900000000000003
7,13,4,10,0.0,1.64,1.367916666666667
8,13,4,10,3.51,0.0,1.417916666666667
9,13,4,10,1.2,1.11,1.4500000000000004
10,13,4,10,1.88,0.95,1.4608333333333334
11,13,4,10,1.21,2.23,1.4245833333333338
12,13,4,10,1.36,1.4,1.4950000000000003
13,13,4,10,3.09,0.5,1.5541666666666671
14,13,4,10,1.92,2.56,1.4475000000000005
15,13,4,10,0.0,1.44,1.3875000000000004
16,13,4,10,0.0,1.03,1.3445833333333337
17,13,4,10,0.0,3.0,1.2195833333333337
18,13,4,10,0.0,3.56,1.141666666666667
19,13,4,10,1.69,1.61,1.0745833333333337
20,13,4,10,0.0,0.0,1.1345833333333337
21,13,4,10,1.44,0.0,1.1345833333333337
22,13,4,10,0.0,4.78,0.9354166666666671
23,13,4,10,0.0,1.66,0.987916666666667
0,14,5,10,2.92,0.0,1.0425000000000004
1,14,5,10,1.31,1.35,1.0787500000000003
2,14,5,10,2.22,0.66,1.136666666666667
3,14,5,10,2.05,1.48,1.1208333333333336
4,14,5,10,1.1,0.0,1.1208333333333336
5,14,5,10,0.0,0.0,1.1208333333333336
6,14,5,10,0.0,0.0,1.1208333333333336
7,14,5,10,0.0,3.51,0.9887500000000004
8,14,5,10,0.34,1.2,1.000416666666667
9,14,5,10,1.48,1.88,0.9220833333333336
10,14,5,10,0.0,1.21,0.9462500000000005
11,14,5,10,1.79,1.36,0.9241666666666669
12,14,5,10,0.83,3.09,0.8216666666666671
13,14,5,10,0.63,1.92,0.822916666666667
14,14,5,10,1.95,0.0,0.822916666666667
15,14,5,10,0.0,0.0,0.8683333333333337
16,14,5,10,1.09,0.0,0.922916666666667
17,14,5,10,1.31,0.0,0.922916666666667
18,14,5,10,0.0,1.69,0.8525000000000004
19,14,5,10,0.0,0.0,0.8525000000000004
20,14,5,10,0.0,1.44,0.8704166666666672
21,14,5,10,1.87,0.0,0.9379166666666671
22,14,5,10,1.62,0.0,1.045416666666667
23,14,5,10,2.58,2.92,0.9429166666666671
0,15,6,10,0.46,1.31,0.9362500000000004
1,15,6,10,1.15,2.22,0.8437500000000003
2,15,6,10,0.0,2.05,0.8733333333333338
3,15,6,10,2.76,1.1,0.8400000000000003
4,15,6,10,0.3,0.0,0.9912500000000004
5,15,6,10,3.63,0.0,0.9912500000000004
6,15,6,10,0.0,0.0,1.0400000000000003
7,15,6,10,1.17,0.34,1.0783333333333338
8,15,6,10,1.26,1.48,1.016666666666667
9,15,6,10,0.0,0.0,1.096666666666667
10,15,6,10,1.92,1.79,1.054166666666667
11,15,6,10,0.77,0.83,1.096666666666667
12,15,6,10,1.85,0.63,1.070416666666667
13,15,6,10,0.0,1.95,1.0195833333333337
14,15,6,10,0.73,0.0,1.097916666666667
15,15,6,10,1.88,1.09,1.0525000000000004
16,15,6,10,0.0,1.31,1.120416666666667
17,15,6,10,2.94,0.0,1.1358333333333337
18,15,6,10,0.37,0.0,1.154166666666667
19,15,6,10,0.44,0.0,1.154166666666667
20,15,6,10,0.0,1.87,1.1095833333333338
21,15,6,10,0.8,1.62,1.0683333333333336
22,15,6,10,0.63,2.58,1.1212500000000005
23,15,6,10,3.85,0.46,1.1020833333333337
0,16,0,10,0.0,1.15,1.054166666666667
1,16,0,10,0.0,0.0,1.154166666666667
2,16,0,10,2.4,2.76,1.039166666666667
3,16,0,10,0.0,0.3,1.0870833333333336
4,16,0,10,1.45,3.63,1.049166666666667
5,16,0,10,2.72,0.0,1.2075000000000005
6,16,0,10,3.8,1.17,1.3083333333333336
7,16,0,10,3.59,1.26,1.3054166666666671
8,16,0,10,1.19,0.0,1.3054166666666671
9,16,0,10,0.0,1.92,1.2495833333333337
10,16,0,10,0.58,0.77,1.3345833333333337
11,16,0,10,2.81,1.85,1.4095833333333339
12,16,0,10,3.65,0.0,1.4333333333333338
13,16,0,10,0.57,0.73,1.402916666666667
14,16,0,10,0.0,1.88,1.3487500000000001
15,16,0,10,0.58,0.0,1.3745833333333337
16,16,0,10,0.62,2.94,1.3116666666666672
17,16,0,10,1.43,0.37,1.3408333333333335
18,16,0,10,1.07,0.44,1.3887500000000002
19,16,0,10,1.59,0.0,1.4245833333333335
20,16,0,10,0.86,0.8,1.417083333333334
21,16,0,10,0.62,0.63,1.3908333333333338
22,16,0,10,0.0,3.85,1.2745833333333338
23,16,0,10,1.06,0.0,1.3900000000000003
0,17,1,10,2.77,0.0,1.3900000000000003
1,17,1,10,0.0,2.4,1.3570833333333336
2,17,1,10,1.61,0.0,1.5037500000000004
3,17,1,10,3.52,1.45,1.4575000000000005
4,17,1,10,0.34,2.72,1.4308333333333334
5,17,1,10,2.08,3.8,1.3487500000000006
6,17,1,10,1.83,3.59,1.316666666666667
7,17,1,10,2.8200000000000003,1.19,1.285416666666667
8,17,1,10,0.44,0.0,1.4387500000000004
9,17,1,10,3.68,0.58,1.4633333333333338
10,17,1,10,1.17,2.81,1.4133333333333338
11,17,1,10,1.61,3.65,1.3483333333333336
12,17,1,10,2.09,0.57,1.3245833333333337
13,17,1,10,0.0,0.0,1.3245833333333337
14,17,1,10,0.0,0.58,1.4350000000000005
15,17,1,10,3.23,0.62,1.435833333333334
16,17,1,10,0.64,1.43,1.434583333333334
17,17,1,10,1.4,1.07,1.435416666666667
18,17,1,10,1.09,1.59,1.5404166666666672
19,17,1,10,4.109999999999999,0.86,1.5045833333333338
20,17,1,10,0.0,0.62,1.4787500000000005
21,17,1,10,0.0,0.0,1.5112500000000004
22,17,1,10,0.78,1.06,1.5125000000000004
23,17,1,10,1.09,2.77,1.3970833333333337
0,18,2,10,0.0,0.0,1.3970833333333337
1,18,2,10,0.0,1.61,1.3300000000000003
2,18,2,10,0.0,3.52,1.235416666666667
3,18,2,10,1.25,0.34,1.2212500000000004
4,18,2,10,0.0,2.08,1.1345833333333337
5,18,2,10,0.0,1.83,1.094166666666667
6,18,2,10,0.86,2.8200000000000003,0.976666666666667
7,18,2,10,0.0,0.44,0.9941666666666671
8,18,2,10,0.86,3.68,0.9237500000000004
9,18,2,10,1.99,1.17,0.8750000000000003
10,18,2,10,0.0,1.61,0.807916666666667
11,18,2,10,0.0,2.09,0.7412500000000004
12,18,2,10,0.49,0.0,0.8100000000000004
13,18,2,10,1.65,0.0,0.836666666666667
14,18,2,10,0.64,3.23,0.7641666666666671
15,18,2,10,1.49,0.64,0.7375000000000004
16,18,2,10,0.0,1.4,0.6791666666666671
17,18,2,10,0.0,1.09,0.7975000000000003
18,18,2,10,3.93,4.109999999999999,0.6262500000000003
19,18,2,10,0.0,0.0,0.6262500000000003
20,18,2,10,0.0,0.0,0.6975000000000003
21,18,2,10,1.71,0.78,0.6762500000000005
22,18,2,10,0.27,1.09,0.711666666666667
23,18,2,10,1.94,0.0,0.8470833333333337
0,19,3,10,3.25,0.0,0.8470833333333337
1,19,3,10,0.0,0.0,0.8725000000000004
2,19,3,10,0.61,1.25,0.8650000000000003
3,19,3,10,1.07,0.0,0.8995833333333337
4,19,3,10,0.83,0.0,0.917916666666667
5,19,3,10,0.44,0.86,0.9125000000000004
6,19,3,10,0.73,0.0,0.9125000000000004
7,19,3,10,0.0,0.86,0.9687500000000003
8,19,3,10,2.21,1.99,0.956666666666667
9,19,3,10,1.7,0.0,0.956666666666667
10,19,3,10,0.0,0.0,1.0708333333333337
11,19,3,10,2.74,0.49,1.0850000000000004
12,19,3,10,0.83,1.65,1.1108333333333336
13,19,3,10,2.27,0.64,1.187916666666667
14,19,3,10,2.49,1.49,1.1258333333333337
15,19,3,10,0.0,0.0,1.2087500000000004
16,19,3,10,1.99,0.0,1.2875000000000003
17,19,3,10,1.89,3.93,1.1433333333333338
18,19,3,10,0.47,0.0,1.1433333333333338
19,19,3,10,0.0,0.0,1.1433333333333338
20,19,3,10,0.0,1.71,1.0720833333333337
21,19,3,10,0.0,0.27,1.0608333333333337
22,19,3,10,0.0,1.94,1.035416666666667
23,19,3,10,1.33,3.25,0.9241666666666669
0,20,4,10,0.5800000000000001,0.0,0.9241666666666669
1,20,4,10,0.0,0.61,0.9470833333333336
2,20,4,10,1.16,1.07,0.9025000000000003
3,20,4,10,0.0,0.83,0.867916666666667
4,20,4,10,0.0,0.44,1.0254166666666669
5,20,4,10,4.22,0.73,1.0487500000000003
6,20,4,10,1.29,0.0,1.1275000000000004
7,20,4,10,1.89,2.21,1.0683333333333336
8,20,4,10,0.79,1.7,1.1170833333333337
9,20,4,10,2.87,0.0,1.1170833333333337
10,20,4,10,0.0,2.74,1.0525000000000004
11,20,4,10,1.19,0.83,1.1087500000000003
12,20,4,10,2.18,2.27,1.0141666666666669
13,20,4,10,0.0,2.49,0.9345833333333338
14,20,4,10,0.58,0.0,0.9550000000000004
15,20,4,10,0.49,1.99,0.9129166666666669
16,20,4,10,0.98,1.89,0.9041666666666669
17,20,4,10,1.68,0.47,0.8845833333333336
