Appliance Type,hour,day,weekday,month,lag1,lag24,rolling_mean
Computer,1,1,6,1,4.85,8.73,4.140416666666667
Computer,2,1,6,1,1.6,4.85,4.17875
Computer,3,1,6,1,3.9,1.6,4.2325
Computer,4,1,6,1,1.29,3.9,4.2325
Computer,5,1,6,1,0.0,1.29,3.8670833333333334
Computer,6,1,6,1,1.81,0.0,3.8954166666666663
Computer,7,1,6,1,0.68,1.81,3.5116666666666667
Computer,8,1,6,1,1.47,0.68,3.37125
Computer,9,1,6,1,0.0,1.47,3.004583333333333
Computer,10,1,6,1,0.0,0.0,3.12875
Computer,11,1,6,1,2.9800000000000004,0.0,2.9908333333333332
Computer,12,1,6,1,1.09,2.9800000000000004,3.1041666666666665
Computer,13,1,6,1,2.72,1.09,3.01125
Computer,14,1,6,1,0.0,2.72,3.01125
Computer,15,1,6,1,0.0,0.0,2.9066666666666663
Computer,16,1,6,1,1.74,0.0,2.935
Computer,17,1,6,1,0.68,1.74,2.4208333333333334
Computer,18,1,6,1,0.89,0.68,2.2708333333333335
Computer,19,1,6,1,0.0,0.89,2.2708333333333335
Computer,20,1,6,1,0.0,0.0,2.3312500000000003
Computer,21,1,6,1,3.48,0.0,2.2154166666666666
Computer,22,1,6,1,1.99,3.48,1.6625000000000003
Computer,23,1,6,1,0.0,1.99,1.3095833333333333
Computer,0,2,0,1,0.26,0.0,1.1854166666666666
Computer,1,2,0,1,1.87,0.26,1.1575
Computer,2,2,0,1,0.93,1.87,1.0458333333333334
Computer,3,2,0,1,1.22,0.93,1.0141666666666667
Computer,4,2,0,1,0.53,1.22,1.0654166666666667
Computer,5,2,0,1,1.23,0.53,1.0466666666666666
Computer,6,2,0,1,1.36,1.23,1.0566666666666669
Computer,7,2,0,1,0.92,1.36,0.9954166666666667
Computer,8,2,0,1,0.0,0.92,0.9954166666666667
Computer,9,2,0,1,0.0,0.0,1.0254166666666666
Computer,10,2,0,1,0.72,0.0,0.92
Computer,11,2,0,1,0.45,0.72,1.0458333333333332
Computer,12,2,0,1,4.109999999999999,0.45,0.9325
Computer,13,2,0,1,0.0,4.109999999999999,0.9529166666666667
Computer,14,2,0,1,0.49,0.0,0.9824999999999999
Computer,15,2,0,1,0.71,0.49,0.9341666666666667
Computer,16,2,0,1,0.58,0.71,0.9058333333333333
Computer,17,2,0,1,0.0,0.58,0.86875
Computer,18,2,0,1,0.0,0.0,0.9391666666666666
Computer,19,2,0,1,1.69,0.0,0.9783333333333334
Computer,20,2,0,1,0.94,1.69,0.9058333333333334
Computer,21,2,0,1,1.74,0.94,0.9412499999999998
Computer,22,2,0,1,2.84,1.74,0.9412499999999998
Computer,23,2,0,1,0.0,2.84,1.0425
Computer,0,3,1,1,2.69,0.0,0.9954166666666667
Computer,1,3,1,1,0.74,2.69,0.9566666666666667
Computer,2,3,1,1,0.0,0.74,0.9841666666666667
Computer,3,3,1,1,1.88,0.0,1.045
Computer,4,3,1,1,1.99,1.88,0.9937499999999999
Computer,5,3,1,1,0.0,1.99,1.0008333333333332
Computer,6,3,1,1,1.53,0.0,0.9624999999999999
Computer,7,3,1,1,0.0,1.53,0.9624999999999999
Computer,8,3,1,1,0.0,0.0,1.0141666666666664
Computer,9,3,1,1,1.24,0.0,0.9841666666666665
Computer,10,3,1,1,0.0,1.24,0.9654166666666666
Computer,11,3,1,1,0.0,0.0,0.8137500000000001
Computer,12,3,1,1,0.47,0.0,0.8304166666666667
Computer,13,3,1,1,0.4,0.47,0.8720833333333333
Computer,14,3,1,1,1.49,0.4,0.8854166666666666
Computer,15,3,1,1,1.03,1.49,0.9408333333333333
Computer,16,3,1,1,1.91,1.03,0.9562499999999999
Computer,17,3,1,1,0.37,1.91,1.0199999999999998
Computer,18,3,1,1,1.53,0.37,1.015
Computer,19,3,1,1,1.57,1.53,1.1220833333333333
Computer,20,3,1,1,3.51,1.57,1.2425
Computer,21,3,1,1,4.63,3.51,1.1541666666666666
Computer,22,3,1,1,0.72,4.63,1.1541666666666668
Computer,23,3,1,1,0.0,0.72,1.0779166666666666
Computer,0,4,2,1,0.86,0.0,1.0470833333333334
Computer,1,4,2,1,0.0,0.86,1.1045833333333333
Computer,2,4,2,1,1.38,0.0,1.0570833333333332
Computer,3,4,2,1,0.74,1.38,1.04375
Computer,4,4,2,1,1.67,0.74,1.1229166666666666
Computer,5,4,2,1,1.9,1.67,1.0591666666666666
Computer,6,4,2,1,0.0,1.9,1.1683333333333332
Computer,7,4,2,1,2.62,0.0,1.3
Computer,8,4,2,1,3.16,2.62,1.31875
Computer,9,4,2,1,1.69,3.16,1.3570833333333334
Computer,10,4,2,1,0.92,1.69,1.3891666666666669
Computer,11,4,2,1,0.77,0.92,1.4875
Computer,12,4,2,1,2.83,0.77,1.5941666666666665
Computer,13,4,2,1,2.96,2.83,1.5320833333333335
Computer,14,4,2,1,0.0,2.96,1.4891666666666667
Computer,15,4,2,1,0.0,0.0,1.4224999999999997
Computer,16,4,2,1,0.31,0.0,1.4070833333333332
Computer,17,4,2,1,0.0,0.31,1.4491666666666667
Computer,18,4,2,1,2.54,0.0,1.4749999999999999
Computer,19,4,2,1,2.19,2.54,1.3795833333333334
Computer,20,4,2,1,1.22,2.19,1.1866666666666668
Computer,21,4,2,1,0.0,1.22,1.2362499999999998
Computer,22,4,2,1,1.91,0.0,1.2362499999999998
Computer,23,4,2,1,0.0,1.91,1.3670833333333334
Computer,0,5,3,1,4.0,0.0,1.4058333333333335
Computer,1,5,3,1,0.93,4.0,1.365
Computer,2,5,3,1,0.4,0.93,1.3879166666666667
Computer,3,5,3,1,1.29,0.4,1.3775000000000002
Computer,4,5,3,1,1.42,1.29,1.2983333333333333
Computer,5,5,3,1,0.0,1.42,1.2983333333333333
Computer,6,5,3,1,0.0,0.0,1.2191666666666667
Computer,7,5,3,1,0.72,0.0,1.1495833333333334
Computer,8,5,3,1,1.49,0.72,1.0791666666666666
Computer,9,5,3,1,0.0,1.49,1.1325
Computer,10,5,3,1,2.2,0.0,1.1004166666666666
Computer,11,5,3,1,0.0,2.2,1.04125
Computer,12,5,3,1,1.41,0.0,1.0370833333333334
Computer,13,5,3,1,2.86,1.41,1.0370833333333334
Computer,14,5,3,1,0.0,2.86,1.0370833333333334
Computer,15,5,3,1,0.0,0.0,1.0887499999999999
Computer,16,5,3,1,1.55,0.0,1.0887499999999999
Computer,17,5,3,1,0.0,1.55,1.1183333333333334
Computer,18,5,3,1,3.25,0.0,1.0270833333333333
Computer,19,5,3,1,0.0,3.25,0.97625
Computer,20,5,3,1,0.0,0.0,1.1333333333333333
Computer,21,5,3,1,3.77,0.0,1.1254166666666665
Computer,22,5,3,1,1.72,3.77,1.1254166666666665
Computer,23,5,3,1,0.0,1.72,0.98
Computer,0,6,4,1,0.51,0.0,1.0574999999999999
Computer,1,6,4,1,2.79,0.51,1.0408333333333333
Computer,2,6,4,1,0.0,2.79,1.0666666666666667
Computer,3,6,4,1,1.91,0.0,1.0191666666666668
Computer,4,6,4,1,0.28,1.91,1.165
Computer,5,6,4,1,3.5,0.28,1.21
Computer,6,6,4,1,1.08,3.5,1.2416666666666665
Computer,7,6,4,1,1.48,1.08,1.20875
Computer,8,6,4,1,0.7,1.48,1.2770833333333333
Computer,9,6,4,1,1.64,0.7,1.1854166666666666
Computer,10,6,4,1,0.0,1.64,1.37
Computer,11,6,4,1,4.43,0.0,1.3712499999999999
Computer,12,6,4,1,1.44,4.43,1.2958333333333334
Computer,13,6,4,1,1.05,1.44,1.3520833333333335
Computer,14,6,4,1,1.35,1.05,1.4241666666666666
Computer,15,6,4,1,1.73,1.35,1.3595833333333331
Computer,16,6,4,1,0.0,1.73,1.3595833333333331
Computer,17,6,4,1,0.0,0.0,1.2241666666666666
Computer,18,6,4,1,0.0,0.0,1.2633333333333334
Computer,19,6,4,1,0.94,0.0,1.2633333333333334
Computer,20,6,4,1,0.0,0.94,1.10625
Computer,21,6,4,1,0.0,0.0,1.0854166666666667
Computer,22,6,4,1,1.22,0.0,1.1491666666666667
Computer,23,6,4,1,1.53,1.22,1.25375
Computer,0,7,5,1,3.02,1.53,1.1375
Computer,1,7,5,1,0.0,3.02,1.24125
Computer,2,7,5,1,2.49,0.0,1.3183333333333334
Computer,3,7,5,1,3.76,2.49,1.3066666666666666
Computer,4,7,5,1,0.0,3.76,1.28125
Computer,5,7,5,1,2.89,0.0,1.23625
Computer,6,7,5,1,0.0,2.89,1.1745833333333333
Computer,7,7,5,1,0.0,0.0,1.1454166666666667
Computer,8,7,5,1,0.0,0.0,1.1191666666666666
Computer,9,7,5,1,1.01,0.0,1.1191666666666666
Computer,10,7,5,1,0.0,1.01,1.0691666666666666
Computer,11,7,5,1,3.23,0.0,1.13875
Computer,12,7,5,1,3.11,3.23,1.095
Computer,13,7,5,1,0.0,3.11,1.2045833333333333
Computer,14,7,5,1,3.98,0.0,1.2008333333333334
Computer,15,7,5,1,1.64,3.98,1.2495833333333335
Computer,16,7,5,1,1.17,1.64,1.3058333333333334
Computer,17,7,5,1,1.35,1.17,1.3779166666666667
Computer,18,7,5,1,1.73,1.35,1.4254166666666668
Computer,19,7,5,1,2.08,1.73,1.445
Computer,20,7,5,1,0.47,2.08,1.4608333333333334
Computer,21,7,5,1,0.38,0.47,1.41
Computer,22,7,5,1,0.0,0.38,1.3462500000000002
Computer,23,7,5,1,0.0,0.0,1.3029166666666667
Computer,0,8,6,1,1.98,0.0,1.3529166666666665
Computer,1,8,6,1,1.2,1.98,1.2491666666666665
Computer,2,8,6,1,0.0,1.2,1.12625
Computer,3,8,6,1,0.81,0.0,1.1691666666666667
Computer,4,8,6,1,1.03,0.81,1.0487499999999998
Computer,5,8,6,1,0.0,1.03,1.0487499999999998
Computer,6,8,6,1,0.0,0.0,1.1479166666666665
Computer,7,8,6,1,2.38,0.0,1.16625
Computer,8,8,6,1,0.44,2.38,1.2645833333333334
Computer,9,8,6,1,3.37,0.44,1.3358333333333334
Computer,10,8,6,1,1.71,3.37,1.28
Computer,11,8,6,1,1.89,1.71,1.2091666666666667
Computer,12,8,6,1,1.41,1.89,1.3108333333333333
Computer,13,8,6,1,2.44,1.41,1.2145833333333333
Computer,14,8,6,1,1.6700000000000002,2.44,1.1883333333333332
Computer,15,8,6,1,1.01,1.6700000000000002,1.16
Computer,16,8,6,1,0.49,1.01,1.2016666666666667
Computer,17,8,6,1,2.35,0.49,1.1425
Computer,18,8,6,1,0.31,2.35,1.0558333333333334
Computer,19,8,6,1,0.0,0.31,1.1133333333333333
Computer,20,8,6,1,1.85,0.0,1.1154166666666667
Computer,21,8,6,1,0.43,1.85,1.1154166666666667
Computer,22,8,6,1,0.0,0.43,1.1154166666666667
Computer,23,8,6,1,0.0,0.0,1.1454166666666667
Computer,0,9,0,1,2.7,0.0,1.1570833333333335
Computer,1,9,0,1,1.48,2.7,1.1570833333333335
Computer,2,9,0,1,0.0,1.48,1.1420833333333333
Computer,3,9,0,1,0.45,0.0,1.0991666666666668
Computer,4,9,0,1,0.0,0.45,1.0991666666666668
Computer,5,9,0,1,0.0,0.0,1.0991666666666668
Computer,6,9,0,1,0.0,0.0,1.015
Computer,7,9,0,1,0.36,0.0,1.0562500000000001
Computer,8,9,0,1,1.43,0.36,0.9158333333333334
Computer,9,9,0,1,0.0,1.43,0.9141666666666666
Computer,10,9,0,1,1.67,0.0,0.8991666666666668
Computer,11,9,0,1,1.53,1.67,0.8404166666666667
Computer,12,9,0,1,0.0,1.53,0.73875
Computer,13,9,0,1,0.0,0.0,0.6691666666666666
Computer,14,9,0,1,0.0,0.0,0.6629166666666667
Computer,15,9,0,1,0.86,0.0,0.7183333333333334
Computer,16,9,0,1,1.82,0.86,0.6704166666666667
Computer,17,9,0,1,1.2,1.82,0.6995833333333333
Computer,18,9,0,1,1.01,1.2,0.8562500000000001
Computer,19,9,0,1,3.76,1.01,0.7791666666666667
Computer,20,9,0,1,0.0,3.76,0.7858333333333333
Computer,21,9,0,1,0.59,0.0,0.7858333333333333
Computer,22,9,0,1,0.0,0.59,0.9320833333333333
Computer,23,9,0,1,3.51,0.0,0.8195833333333334
Computer,0,10,1,1,0.0,3.51,0.8395833333333332
Computer,1,10,1,1,1.96,0.0,0.8975
Computer,2,10,1,1,1.39,1.96,0.87875
Computer,3,10,1,1,0.0,1.39,0.9408333333333333
Computer,4,10,1,1,1.49,0.0,0.9408333333333333
Computer,5,10,1,1,0.0,1.49,0.9525
Computer,6,10,1,1,0.28,0.0,0.9904166666666666
Computer,7,10,1,1,1.27,0.28,0.9875000000000002
Computer,8,10,1,1,1.36,1.27,1.1170833333333334
Computer,9,10,1,1,3.1100000000000003,1.36,1.0475
Computer,10,10,1,1,0.0,3.1100000000000003,1.1683333333333332
Computer,11,10,1,1,4.43,0.0,1.2375
Computer,12,10,1,1,1.66,4.43,1.3716666666666668
Computer,13,10,1,1,3.22,1.66,1.4754166666666666
Computer,14,10,1,1,2.49,3.22,1.4395833333333332
Computer,15,10,1,1,0.0,2.49,1.4795833333333333
Computer,16,10,1,1,2.78,0.0,1.4295833333333334
Computer,17,10,1,1,0.0,2.78,1.3875
Computer,18,10,1,1,0.0,0.0,1.2987499999999998
Computer,19,10,1,1,1.63,0.0,1.3170833333333334
Computer,20,10,1,1,0.44,1.63,1.2925
Computer,21,10,1,1,0.0,0.44,1.3608333333333331
Computer,22,10,1,1,1.64,0.0,1.2145833333333333
Computer,23,10,1,1,0.0,1.64,1.2370833333333333
Computer,0,11,2,1,0.54,0.0,1.31375
Computer,1,11,2,1,3.8,0.54,1.2991666666666666
Computer,2,11,2,1,1.04,3.8,1.2991666666666666
Computer,3,11,2,1,0.0,1.04,1.2370833333333333
Computer,4,11,2,1,0.0,0.0,1.2987499999999998
Computer,5,11,2,1,1.48,0.0,1.3308333333333333
Computer,6,11,2,1,1.05,1.48,1.3754166666666665
Computer,7,11,2,1,2.34,1.05,1.3470833333333332
Computer,8,11,2,1,0.68,2.34,1.29125
Computer,9,11,2,1,1.77,0.68,1.3949999999999998
Computer,10,11,2,1,2.49,1.77,1.23
Computer,11,11,2,1,0.47,2.49,1.1820833333333332
Computer,12,11,2,1,0.51,0.47,1.1295833333333334
Computer,13,11,2,1,1.96,0.51,1.0258333333333332
Computer,14,11,2,1,0.0,1.96,1.0441666666666667
Computer,15,11,2,1,0.44,0.0,1.0704166666666668
Computer,16,11,2,1,3.41,0.44,1.0704166666666668
Computer,17,11,2,1,0.0,3.41,1.0704166666666668
Computer,18,11,2,1,0.0,0.0,1.0520833333333333
Computer,19,11,2,1,1.19,0.0,1.2358333333333333
Computer,20,11,2,1,4.85,1.19,1.2358333333333333
Computer,21,11,2,1,0.0,4.85,1.2208333333333334
Computer,22,11,2,1,1.28,0.0,1.24875
Computer,23,11,2,1,0.67,1.28,1.22625
Computer,0,12,3,1,0.0,0.67,1.0841666666666667
Computer,1,12,3,1,0.39,0.0,1.0766666666666667
Computer,2,12,3,1,0.86,0.39,1.1416666666666668
Computer,3,12,3,1,1.56,0.86,1.2258333333333333
Computer,4,12,3,1,2.02,1.56,1.1891666666666667
Computer,5,12,3,1,0.6,2.02,1.1454166666666665
Computer,6,12,3,1,0.0,0.6,1.0479166666666666
Computer,7,12,3,1,0.0,0.0,1.0891666666666666
Computer,8,12,3,1,1.67,0.0,1.0154166666666666
Computer,9,12,3,1,0.0,1.67,0.9520833333333334
Computer,10,12,3,1,0.97,0.0,1.0058333333333334
Computer,11,12,3,1,1.76,0.97,0.9845833333333335
Computer,12,12,3,1,0.0,1.76,0.99125
Computer,13,12,3,1,2.12,0.0,1.0304166666666668
Computer,14,12,3,1,0.94,2.12,1.1849999999999998
Computer,15,12,3,1,4.15,0.94,1.0429166666666667
Computer,16,12,3,1,0.0,4.15,1.1366666666666667
Computer,17,12,3,1,2.25,0.0,1.2295833333333333
Computer,18,12,3,1,2.23,2.25,1.2808333333333335
Computer,19,12,3,1,2.42,2.23,1.07875
Computer,20,12,3,1,0.0,2.42,1.07875
Computer,21,12,3,1,0.0,0.0,1.0254166666666666
Computer,22,12,3,1,0.0,0.0,1.0454166666666667
Computer,23,12,3,1,1.15,0.0,1.0454166666666667
Computer,0,13,4,1,0.0,1.15,1.0879166666666666
Computer,1,13,4,1,1.41,0.0,1.0520833333333333
Computer,2,13,4,1,0.0,1.41,1.0975
Computer,3,13,4,1,2.65,0.0,1.0654166666666667
Computer,4,13,4,1,1.25,2.65,1.1595833333333334
Computer,5,13,4,1,2.8600000000000003,1.25,1.2845833333333334
Computer,6,13,4,1,3.0,2.8600000000000003,1.2845833333333334
Computer,7,13,4,1,0.0,3.0,1.3029166666666667
Computer,8,13,4,1,2.11,0.0,1.3029166666666667
Computer,9,13,4,1,0.0,2.11,1.3183333333333334
Computer,10,13,4,1,1.34,0.0,1.343333333333333
Computer,11,13,4,1,2.36,1.34,1.41125
Computer,12,13,4,1,1.63,2.36,1.4158333333333335
Computer,13,13,4,1,2.23,1.63,1.4933333333333332
Computer,14,13,4,1,2.8,2.23,1.3504166666666666
Computer,15,13,4,1,0.72,2.8,1.38
Computer,16,13,4,1,0.71,0.72,1.28625
Computer,17,13,4,1,0.0,0.71,1.3258333333333334
Computer,18,13,4,1,3.18,0.0,1.4345833333333333
Computer,19,13,4,1,5.03,3.18,1.4345833333333333
Computer,20,13,4,1,0.0,5.03,1.6233333333333333
Computer,21,13,4,1,4.53,0.0,1.6233333333333333
Computer,22,13,4,1,0.0,4.53,1.6516666666666666
Computer,23,13,4,1,1.83,0.0,1.6516666666666666
Computer,0,14,5,1,0.0,1.83,1.7879166666666666
Computer,1,14,5,1,4.68,0.0,1.843333333333333
Computer,2,14,5,1,1.33,4.68,1.7870833333333334
Computer,3,14,5,1,1.3,1.33,1.7837499999999997
Computer,4,14,5,1,1.17,1.3,1.664583333333333
Computer,5,14,5,1,0.0,1.17,1.5829166666666667
Computer,6,14,5,1,1.04,0.0,1.5829166666666667
Computer,7,14,5,1,0.0,1.04,1.5291666666666666
Computer,8,14,5,1,0.82,0.0,1.66125
Computer,9,14,5,1,3.17,0.82,1.679166666666667
Computer,10,14,5,1,1.77,3.17,1.6420833333333331
Computer,11,14,5,1,1.47,1.77,1.6587500000000002
Computer,12,14,5,1,2.03,1.47,1.5658333333333332
Computer,13,14,5,1,0.0,2.03,1.4854166666666666
Computer,14,14,5,1,0.87,0.0,1.5508333333333333
Computer,15,14,5,1,2.29,0.87,1.52125
Computer,16,14,5,1,0.0,2.29,1.6041666666666667
Computer,17,14,5,1,1.99,0.0,1.4716666666666667
Computer,18,14,5,1,0.0,1.99,1.3425
Computer,19,14,5,1,1.93,0.0,1.4283333333333335
Computer,20,14,5,1,2.06,1.93,1.2395833333333333
Computer,21,14,5,1,0.0,2.06,1.2779166666666668
Computer,22,14,5,1,0.92,0.0,1.28375
Computer,23,14,5,1,1.97,0.92,1.3245833333333332
Computer,0,15,6,1,0.98,1.97,1.1295833333333334
Computer,1,15,6,1,0.0,0.98,1.24625
Computer,2,15,6,1,4.13,0.0,1.1920833333333334
Computer,3,15,6,1,0.0,4.13,1.1433333333333333
Computer,4,15,6,1,0.0,0.0,1.2233333333333334
Computer,5,15,6,1,1.92,0.0,1.2620833333333332
Computer,6,15,6,1,1.97,1.92,1.2620833333333332
Computer,7,15,6,1,0.0,1.97,1.3304166666666666
Computer,8,15,6,1,2.46,0.0,1.2316666666666667
Computer,9,15,6,1,0.8,2.46,1.3575
Computer,10,15,6,1,4.79,0.8,1.3595833333333334
Computer,11,15,6,1,1.52,4.79,1.343333333333333
Computer,12,15,6,1,1.64,1.52,1.343333333333333
Computer,13,15,6,1,0.0,1.64,1.3070833333333334
Computer,14,15,6,1,0.0,0.0,1.2516666666666667
Computer,15,15,6,1,0.96,0.0,1.27125
Computer,16,15,6,1,0.47,0.96,1.2891666666666666
Computer,17,15,6,1,2.42,0.47,1.315
Computer,18,15,6,1,0.62,2.42,1.2345833333333334
Computer,19,15,6,1,0.0,0.62,1.2283333333333333
Computer,20,15,6,1,1.91,0.0,1.2283333333333333
Computer,21,15,6,1,0.0,1.91,1.3045833333333332
Computer,22,15,6,1,2.75,0.0,1.3025
Computer,23,15,6,1,1.92,2.75,1.3325
Computer,0,16,0,1,1.7,1.92,1.3325
Computer,1,16,0,1,0.0,1.7,1.1816666666666666
Computer,2,16,0,1,0.51,0.0,1.1816666666666666
Computer,3,16,0,1,0.0,0.51,1.2729166666666667
Computer,4,16,0,1,2.1900000000000004,0.0,1.1929166666666666
Computer,5,16,0,1,0.0,2.1900000000000004,1.1608333333333334
Computer,6,16,0,1,1.2000000000000002,0.0,1.3091666666666668
Computer,7,16,0,1,3.56,1.2000000000000002,1.3533333333333333
Computer,8,16,0,1,3.52,3.56,1.445
Computer,9,16,0,1,3.0,3.52,1.3495833333333334
Computer,10,16,0,1,2.5,3.0,1.3279166666666666
Computer,11,16,0,1,1.0,2.5,1.2595833333333333
Computer,12,16,0,1,0.0,1.0,1.4304166666666667
Computer,13,16,0,1,4.1,0.0,1.4304166666666667
Computer,14,16,0,1,0.0,4.1,1.3904166666666666
Computer,15,16,0,1,0.0,0.0,1.5229166666666665
Computer,16,16,0,1,3.65,0.0,1.4220833333333331
Computer,17,16,0,1,0.0,3.65,1.5625
Computer,18,16,0,1,3.99,0.0,1.5625
Computer,19,16,0,1,0.0,3.99,1.5775
Computer,20,16,0,1,2.27,0.0,1.6587499999999997
Computer,21,16,0,1,1.95,2.27,1.6312499999999999
Computer,22,16,0,1,2.09,1.95,1.60875
Computer,23,16,0,1,1.38,2.09,1.6008333333333333
Computer,0,17,1,1,1.51,1.38,1.6912500000000001
Computer,1,17,1,1,2.17,1.51,1.8233333333333335
Computer,2,17,1,1,3.68,2.17,1.8233333333333335
Computer,3,17,1,1,0.0,3.68,1.7958333333333332
Computer,4,17,1,1,1.53,0.0,1.8333333333333333
Computer,5,17,1,1,0.9,1.53,1.8004166666666668
Computer,6,17,1,1,0.41,0.9,1.6520833333333333
Computer,7,17,1,1,0.0,0.41,1.5054166666666668
Computer,8,17,1,1,0.0,0.0,1.3804166666666668
Computer,9,17,1,1,0.0,0.0,1.2895833333333333
Computer,10,17,1,1,0.32,0.0,1.3904166666666666
Computer,11,17,1,1,3.42,0.32,1.3904166666666666
Computer,12,17,1,1,0.0,3.42,1.2195833333333332
Computer,13,17,1,1,0.0,0.0,1.2195833333333335
Computer,14,17,1,1,0.0,0.0,1.2195833333333335
Computer,15,17,1,1,0.0,0.0,1.09
Computer,16,17,1,1,0.54,0.0,1.1458333333333333
Computer,17,17,1,1,1.34,0.54,1.0470833333333334
Computer,18,17,1,1,1.62,1.34,1.1325
Computer,19,17,1,1,2.05,1.62,1.0829166666666665
Computer,20,17,1,1,1.08,2.05,1.10125
Computer,21,17,1,1,2.39,1.08,1.0408333333333333
Computer,22,17,1,1,0.64,2.39,1.0254166666666666
Computer,23,17,1,1,1.01,0.64,0.9737499999999999
Computer,0,18,2,1,0.27,1.01,1.0058333333333334
Computer,1,18,2,1,2.94,0.27,0.9233333333333333
Computer,2,18,2,1,1.7,2.94,0.9233333333333333
Computer,3,18,2,1,0.0,1.7,0.8595833333333333
Computer,4,18,2,1,0.0,0.0,0.8220833333333334
Computer,5,18,2,1,0.0,0.0,0.8545833333333334
Computer,6,18,2,1,1.19,0.0,0.9195833333333333
Computer,7,18,2,1,1.56,1.19,0.9195833333333333
Computer,8,18,2,1,0.0,1.56,0.9195833333333333
Computer,9,18,2,1,0.0,0.0,0.9704166666666666
Computer,10,18,2,1,1.54,0.0,0.9395833333333332
Computer,11,18,2,1,2.68,1.54,0.9774999999999999
Computer,12,18,2,1,0.91,2.68,1.0345833333333332
Computer,13,18,2,1,1.37,0.91,1.0345833333333332
Computer,14,18,2,1,0.0,1.37,1.0912499999999998
Computer,15,18,2,1,1.36,0.0,1.1904166666666667
Computer,16,18,2,1,2.92,1.36,1.1633333333333333
Computer,17,18,2,1,0.69,2.92,1.0958333333333334
Computer,18,18,2,1,0.0,0.69,1.0891666666666666
Computer,19,18,2,1,1.89,0.0,1.1533333333333333
Computer,20,18,2,1,2.62,1.89,1.05375
Computer,21,18,2,1,0.0,2.62,1.0270833333333333
Computer,22,18,2,1,0.0,0.0,0.985
Computer,23,18,2,1,0.0,0.0,1.0662500000000001
Computer,0,19,3,1,2.22,0.0,0.9816666666666668
Computer,1,19,3,1,0.91,2.22,1.0195833333333335
Computer,2,19,3,1,2.61,0.91,1.1120833333333333
Computer,3,19,3,1,2.22,2.61,1.1120833333333333
Computer,4,19,3,1,0.0,2.22,1.1120833333333333
Computer,5,19,3,1,0.0,0.0,1.0970833333333334
Computer,6,19,3,1,0.83,0.0,1.0320833333333335
Computer,7,19,3,1,0.0,0.83,1.09375
Computer,8,19,3,1,1.48,0.0,1.1504166666666669
Computer,9,19,3,1,1.36,1.48,1.0862500000000002
Computer,10,19,3,1,0.0,1.36,0.9870833333333332
Computer,11,19,3,1,0.3,0.0,1.0608333333333335
Computer,12,19,3,1,2.68,0.3,1.0320833333333335
Computer,13,19,3,1,0.68,2.68,1.1304166666666668
Computer,14,19,3,1,2.36,0.68,1.1141666666666667
Computer,15,19,3,1,0.97,2.36,1.14875
Computer,16,19,3,1,3.75,0.97,1.1199999999999999
Computer,17,19,3,1,0.0,3.75,1.1199999999999999
Computer,18,19,3,1,0.0,0.0,1.04125
Computer,19,19,3,1,0.0,0.0,0.9320833333333334
Computer,20,19,3,1,0.0,0.0,1.0270833333333333
Computer,21,19,3,1,2.28,0.0,1.0270833333333333
Computer,22,19,3,1,0.0,2.28,1.0395833333333335
Computer,23,19,3,1,0.3,0.0,1.0054166666666666
Computer,0,20,4,1,1.4,0.3,1.30625
Computer,1,20,4,1,8.129999999999999,1.4,1.2474999999999998
Computer,2,20,4,1,1.2,8.129999999999999,1.2308333333333332
Computer,3,20,4,1,1.82,1.2,1.2570833333333333
Computer,4,20,4,1,0.63,1.82,1.3495833333333334
Computer,5,20,4,1,2.22,0.63,1.315
Computer,6,20,4,1,0.0,2.22,1.3695833333333332
Computer,7,20,4,1,1.31,0.0,1.3691666666666666
Computer,8,20,4,1,1.47,1.31,1.4570833333333333
Computer,9,20,4,1,3.47,1.47,1.4570833333333333
Computer,10,20,4,1,0.0,3.47,1.4445833333333333
Computer,11,20,4,1,0.0,0.0,1.3729166666666666
Computer,12,20,4,1,0.96,0.0,1.3445833333333332
Computer,13,20,4,1,0.0,0.96,1.2462499999999999
Computer,14,20,4,1,0.0,0.0,1.3325
Computer,15,20,4,1,3.04,0.0,1.1920833333333334
Computer,16,20,4,1,0.38,3.04,1.1920833333333334
Computer,17,20,4,1,0.0,0.38,1.1920833333333334
Computer,18,20,4,1,0.0,0.0,1.2604166666666667
Computer,19,20,4,1,1.64,0.0,1.2604166666666667
Computer,20,20,4,1,0.0,1.64,1.265
Computer,21,20,4,1,2.39,0.0,1.3716666666666668
Computer,22,20,4,1,2.56,2.39,1.4475
Computer,23,20,4,1,2.12,2.56,1.4620833333333332
Computer,0,21,5,1,1.75,2.12,1.2691666666666668
Computer,1,21,5,1,3.5,1.75,1.2191666666666667
Computer,2,21,5,1,0.0,3.5,1.1433333333333333
Computer,3,21,5,1,0.0,0.0,1.1170833333333334
Computer,4,21,5,1,0.0,0.0,1.10625
Computer,5,21,5,1,1.96,0.0,1.1933333333333334
Computer,6,21,5,1,2.09,1.96,1.1512499999999999
Computer,7,21,5,1,0.3,2.09,1.09
Computer,8,21,5,1,0.0,0.3,1.0041666666666667
Computer,9,21,5,1,1.41,0.0,1.0041666666666667
Computer,10,21,5,1,0.0,1.41,1.0374999999999999
Computer,11,21,5,1,0.8,0.0,0.9974999999999999
Computer,12,21,5,1,0.0,0.8,0.9974999999999999
Computer,13,21,5,1,0.0,0.0,1.0262499999999999
Computer,14,21,5,1,0.69,0.0,0.9983333333333334
Computer,15,21,5,1,2.37,0.69,1.0341666666666667
Computer,16,21,5,1,1.24,2.37,1.1141666666666665
Computer,17,21,5,1,1.92,1.24,1.1141666666666665
Computer,18,21,5,1,0.0,1.92,1.2075
Computer,19,21,5,1,3.88,0.0,1.2825
Computer,20,21,5,1,1.8,3.88,1.315
Computer,21,21,5,1,3.17,1.8,1.2237500000000001
Computer,22,21,5,1,0.37,3.17,1.1679166666666665
Computer,23,21,5,1,0.78,0.37,1.095
Computer,0,22,6,1,0.0,0.78,1.0912499999999998
Computer,1,22,6,1,3.41,0.0,1.2095833333333332
Computer,2,22,6,1,2.84,3.41,1.3825
Computer,3,22,6,1,4.15,2.84,1.4649999999999999
Computer,4,22,6,1,1.98,4.15,1.4370833333333335
Computer,5,22,6,1,1.29,1.98,1.4270833333333333
Computer,6,22,6,1,1.85,1.29,1.414583333333333
Computer,7,22,6,1,0.0,1.85,1.5720833333333333
Computer,8,22,6,1,3.78,0.0,1.7075000000000002
Computer,9,22,6,1,4.66,3.78,1.7795833333333333
Computer,10,22,6,1,1.73,4.66,1.8258333333333334
Computer,11,22,6,1,1.91,1.73,1.8374999999999997
Computer,12,22,6,1,0.28,1.91,1.8374999999999997
Computer,13,22,6,1,0.0,0.28,1.8945833333333333
Computer,14,22,6,1,2.06,0.0,1.852916666666667
Computer,15,22,6,1,1.37,2.06,1.8404166666666668
Computer,16,22,6,1,0.94,1.37,1.8220833333333333
Computer,17,22,6,1,1.48,0.94,1.8595833333333334
Computer,18,22,6,1,0.9,1.48,1.759166666666667
Computer,19,22,6,1,1.47,0.9,1.6841666666666668
Computer,20,22,6,1,0.0,1.47,1.6891666666666667
Computer,21,22,6,1,3.29,0.0,1.67375
Computer,22,22,6,1,0.0,3.29,1.64125
Computer,23,22,6,1,0.0,0.0,1.7691666666666668
Computer,0,23,0,1,3.07,0.0,1.68875
Computer,1,23,0,1,1.48,3.07,1.6041666666666667
Computer,2,23,0,1,0.81,1.48,1.5108333333333333
Computer,3,23,0,1,1.91,0.81,1.4283333333333335
Computer,4,23,0,1,0.0,1.91,1.4279166666666665
Computer,5,23,0,1,1.28,0.0,1.3983333333333334
Computer,6,23,0,1,1.14,1.28,1.5145833333333334
Computer,7,23,0,1,2.79,1.14,1.4191666666666667
Computer,8,23,0,1,1.49,2.79,1.2716666666666667
Computer,9,23,0,1,1.12,1.49,1.22875
Computer,10,23,0,1,0.7,1.12,1.185
Computer,11,23,0,1,0.86,0.7,1.2320833333333334
Computer,12,23,0,1,1.41,0.86,1.3066666666666666
Computer,13,23,0,1,1.79,1.41,1.2208333333333334
Computer,14,23,0,1,0.0,1.79,1.2366666666666666
Computer,15,23,0,1,1.75,0.0,1.1975
Computer,16,23,0,1,0.0,1.75,1.1841666666666666
Computer,17,23,0,1,1.16,0.0,1.1466666666666667
Computer,18,23,0,1,0.0,1.16,1.2929166666666667
Computer,19,23,0,1,4.98,0.0,1.2929166666666667
Computer,20,23,0,1,0.0,4.98,1.2479166666666666
Computer,21,23,0,1,2.21,0.0,1.2966666666666666
Computer,22,23,0,1,1.17,2.21,1.3595833333333334
Computer,23,23,0,1,1.51,1.17,1.33125
Computer,0,24,1,1,2.39,1.51,1.2870833333333336
Computer,1,24,1,1,0.42,2.39,1.2533333333333334
Computer,2,24,1,1,0.0,0.42,1.1975
Computer,3,24,1,1,0.57,0.0,1.3375000000000001
Computer,4,24,1,1,3.3600000000000003,0.57,1.407916666666667
Computer,5,24,1,1,2.97,3.3600000000000003,1.4058333333333335
Computer,6,24,1,1,1.09,2.97,1.2895833333333335
Computer,7,24,1,1,0.0,1.09,1.2420833333333334
Computer,8,24,1,1,0.35,0.0,1.22625
Computer,9,24,1,1,0.74,0.35,1.2491666666666668
Computer,10,24,1,1,1.25,0.74,1.2133333333333334
Computer,11,24,1,1,0.0,1.25,1.2691666666666668
Computer,12,24,1,1,2.75,0.0,1.2612500000000002
Computer,13,24,1,1,1.6,2.75,1.2612500000000002
Computer,14,24,1,1,0.0,1.6,1.2583333333333335
Computer,15,24,1,1,1.68,0.0,1.3770833333333334
Computer,16,24,1,1,2.85,1.68,1.4458333333333335
Computer,17,24,1,1,2.81,2.85,1.5625
Computer,18,24,1,1,2.8,2.81,1.4929166666666667
Computer,19,24,1,1,3.31,2.8,1.5266666666666666
Computer,20,24,1,1,0.81,3.31,1.4800000000000002
Computer,21,24,1,1,1.09,0.81,1.5020833333333334
Computer,22,24,1,1,1.7,1.09,1.5024999999999997
Computer,23,24,1,1,1.52,1.7,1.4454166666666668
Computer,0,25,2,1,1.02,1.52,1.524166666666667
Computer,1,25,2,1,2.31,1.02,1.524166666666667
Computer,2,25,2,1,0.0,2.31,1.500416666666667
Computer,3,25,2,1,0.0,0.0,1.42375
Computer,4,25,2,1,1.52,0.0,1.4133333333333333
Computer,5,25,2,1,2.72,1.52,1.3679166666666667
Computer,6,25,2,1,0.0,2.72,1.3679166666666667
Computer,7,25,2,1,0.0,0.0,1.3533333333333335
Computer,8,25,2,1,0.0,0.0,1.3604166666666666
Computer,9,25,2,1,0.91,0.0,1.4395833333333334
Computer,10,25,2,1,3.1500000000000004,0.91,1.53875
Computer,11,25,2,1,2.38,3.1500000000000004,1.4241666666666666
Computer,12,25,2,1,0.0,2.38,1.3933333333333333
Computer,13,25,2,1,0.8600000000000001,0.0,1.3933333333333333
Computer,14,25,2,1,0.0,0.8600000000000001,1.3233333333333335
Computer,15,25,2,1,0.0,0.0,1.2045833333333336
Computer,16,25,2,1,0.0,0.0,1.2291666666666667
Computer,17,25,2,1,3.4,0.0,1.1866666666666668
Computer,18,25,2,1,1.78,3.4,1.1204166666666666
Computer,19,25,2,1,1.72,1.78,1.0987500000000001
Computer,20,25,2,1,0.29,1.72,1.0533333333333335
Computer,21,25,2,1,0.0,0.29,1.13375
Computer,22,25,2,1,3.63,0.0,1.1541666666666666
Computer,23,25,2,1,2.01,3.63,1.1116666666666666
Computer,0,26,3,1,0.0,2.01,1.1220833333333333
Computer,1,26,3,1,2.56,0.0,1.1729166666666668
Computer,2,26,3,1,1.22,2.56,1.2345833333333334
Computer,3,26,3,1,1.48,1.22,1.1929166666666668
Computer,4,26,3,1,0.52,1.48,1.1579166666666667
Computer,5,26,3,1,1.88,0.52,1.2158333333333333
Computer,6,26,3,1,1.39,1.88,1.2158333333333333
Computer,7,26,3,1,0.0,1.39,1.2595833333333333
Computer,8,26,3,1,1.05,0.0,1.2699999999999998
Computer,9,26,3,1,1.16,1.05,1.13875
Computer,10,26,3,1,0.0,1.16,1.039583333333333
Computer,11,26,3,1,0.0,0.0,1.0716666666666665
Computer,12,26,3,1,0.77,0.0,1.0954166666666667
Computer,13,26,3,1,1.43,0.77,1.1762499999999998
Computer,14,26,3,1,1.94,1.43,1.2587499999999998
Computer,15,26,3,1,1.98,1.94,1.2587499999999998
Computer,16,26,3,1,0.0,1.98,1.29
Computer,17,26,3,1,4.15,0.0,1.2158333333333333
Computer,18,26,3,1,0.0,4.15,1.1845833333333333
Computer,19,26,3,1,0.97,0.0,1.1725
Computer,20,26,3,1,0.0,0.97,1.1725
Computer,21,26,3,1,0.0,0.0,1.0891666666666666
Computer,22,26,3,1,1.63,0.0,1.0054166666666666
Computer,23,26,3,1,0.0,1.63,1.0379166666666666
Computer,0,27,4,1,0.78,0.0,0.93125
Computer,1,27,4,1,0.0,0.78,0.9270833333333334
Computer,2,27,4,1,1.12,0.0,0.9162499999999999
Computer,3,27,4,1,1.22,1.12,0.8945833333333333
Computer,4,27,4,1,0.0,1.22,0.81625
Computer,5,27,4,1,0.0,0.0,0.7583333333333333
Computer,6,27,4,1,0.0,0.0,0.86875
Computer,7,27,4,1,2.65,0.0,0.8383333333333333
Computer,8,27,4,1,0.32,2.65,0.8095833333333334
Computer,9,27,4,1,0.47,0.32,0.9654166666666666
Computer,10,27,4,1,3.74,0.47,0.9654166666666667
Computer,11,27,4,1,0.0,3.74,0.9333333333333332
Computer,12,27,4,1,0.0,0.0,0.9816666666666666
Computer,13,27,4,1,2.59,0.0,0.9008333333333334
Computer,14,27,4,1,0.0,2.59,0.8183333333333334
Computer,15,27,4,1,0.0,0.0,0.8329166666666667
Computer,16,27,4,1,0.35,0.0,0.66
Computer,17,27,4,1,0.0,0.35,0.765
Computer,18,27,4,1,2.52,0.0,0.7245833333333334
Computer,19,27,4,1,0.0,2.52,0.7854166666666668
Computer,20,27,4,1,1.46,0.0,0.7854166666666668
Computer,21,27,4,1,0.0,1.46,0.7175000000000001
Computer,22,27,4,1,0.0,0.0,0.7879166666666667
Computer,23,27,4,1,1.69,0.0,0.9125
Computer,0,28,5,1,3.77,1.69,0.92625
Computer,1,28,5,1,0.33,3.77,1.0170833333333333
Computer,2,28,5,1,3.3,0.33,1.1041666666666667
Computer,3,28,5,1,3.31,3.3,1.1041666666666667
Computer,4,28,5,1,0.0,3.31,1.2041666666666668
Computer,5,28,5,1,2.4000000000000004,0.0,1.2375
Computer,6,28,5,1,0.8,2.4000000000000004,1.1270833333333332
Computer,7,28,5,1,0.0,0.8,1.2195833333333335
Computer,8,28,5,1,2.54,0.0,1.2
Computer,9,28,5,1,0.0,2.54,1.0691666666666666
Computer,10,28,5,1,0.6,0.0,1.0691666666666666
Computer,11,28,5,1,0.0,0.6,1.0691666666666666
Computer,12,28,5,1,0.0,0.0,1.0266666666666666
Computer,13,28,5,1,1.57,0.0,1.0266666666666666
Computer,14,28,5,1,0.0,1.57,1.0266666666666666
Computer,15,28,5,1,0.0,0.0,1.13625
Computer,16,28,5,1,2.98,0.0,1.13625
Computer,17,28,5,1,0.0,2.98,1.03125
Computer,18,28,5,1,0.0,0.0,1.05125
Computer,19,28,5,1,0.48,0.0,1.00125
Computer,20,28,5,1,0.26,0.48,1.00125
Computer,21,28,5,1,0.0,0.26,1.07875
Computer,22,28,5,1,1.86,0.0,1.0579166666666666
Computer,23,28,5,1,1.19,1.86,0.9454166666666666
Computer,0,29,6,1,1.07,1.19,1.14
Computer,1,29,6,1,5.0,1.07,1.1470833333333335
Computer,2,29,6,1,3.47,5.0,1.1358333333333335
Computer,3,29,6,1,3.04,3.47,1.1358333333333335
Computer,4,29,6,1,0.0,3.04,1.07125
Computer,5,29,6,1,0.8500000000000001,0.0,1.0379166666666668
Computer,6,29,6,1,0.0,0.8500000000000001,1.0958333333333334
Computer,7,29,6,1,1.39,0.0,1.0195833333333333
Computer,8,29,6,1,0.71,1.39,1.0195833333333333
Computer,9,29,6,1,0.0,0.71,1.0391666666666668
Computer,10,29,6,1,1.07,0.0,1.0391666666666668
Computer,11,29,6,1,0.0,1.07,1.2404166666666667
Computer,12,29,6,1,4.83,0.0,1.21875
Computer,13,29,6,1,1.05,4.83,1.21875
Computer,14,29,6,1,0.0,1.05,1.21875
Computer,15,29,6,1,0.0,0.0,1.17125
Computer,16,29,6,1,1.84,0.0,1.17125
Computer,17,29,6,1,0.0,1.84,1.17125
Computer,18,29,6,1,0.0,0.0,1.1891666666666667
Computer,19,29,6,1,0.91,0.0,1.2229166666666667
Computer,20,29,6,1,1.07,0.91,1.2229166666666667
Computer,21,29,6,1,0.0,1.07,1.2033333333333334
Computer,22,29,6,1,1.39,0.0,1.2012500000000002
Computer,23,29,6,1,1.14,1.39,1.2583333333333335
Computer,0,30,0,1,2.44,1.14,1.05
Computer,1,30,0,1,0.0,2.44,0.9054166666666665
Computer,2,30,0,1,0.0,0.0,0.7958333333333333
Computer,3,30,0,1,0.41,0.0,0.8566666666666666
Computer,4,30,0,1,1.46,0.41,0.8979166666666667
Computer,5,30,0,1,1.84,1.46,0.955
Computer,6,30,0,1,1.37,1.84,0.94875
Computer,7,30,0,1,1.24,1.37,0.97125
Computer,8,30,0,1,1.25,1.24,0.97125
Computer,9,30,0,1,0.0,1.25,0.9708333333333333
Computer,10,30,0,1,1.06,0.0,1.0687499999999999
Computer,11,30,0,1,2.35,1.06,0.8970833333333333
Computer,12,30,0,1,0.71,2.35,0.9179166666666667
Computer,13,30,0,1,1.5499999999999998,0.71,0.9179166666666667
Computer,14,30,0,1,0.0,1.5499999999999998,1.1241666666666668
Computer,15,30,0,1,4.95,0.0,1.0475
Computer,16,30,0,1,0.0,4.95,1.0475
Computer,17,30,0,1,0.0,0.0,1.1491666666666667
Computer,18,30,0,1,2.44,0.0,1.2004166666666667
Computer,19,30,0,1,2.14,2.44,1.2108333333333334
Computer,20,30,0,1,1.32,2.14,1.31375
Computer,21,30,0,1,2.47,1.32,1.2558333333333334
Computer,22,30,0,1,0.0,2.47,1.2666666666666666
Computer,23,30,0,1,1.4,0.0,1.165
Computer,0,31,1,1,0.0,1.4,1.3729166666666668
Computer,1,31,1,1,4.99,0.0,1.4816666666666667
Computer,2,31,1,1,2.6100000000000003,4.99,1.6370833333333332
Computer,3,31,1,1,4.14,2.6100000000000003,1.5854166666666665
Computer,4,31,1,1,0.22,4.14,1.6066666666666667
Computer,5,31,1,1,2.35,0.22,1.5495833333333333
Computer,6,31,1,1,0.0,2.35,1.5675000000000001
Computer,7,31,1,1,1.67,0.0,1.5154166666666669
Computer,8,31,1,1,0.0,1.67,1.5308333333333335
Computer,9,31,1,1,0.37,0.0,1.4866666666666666
Computer,10,31,1,1,0.0,0.37,1.4641666666666666
Computer,11,31,1,1,1.81,0.0,1.5816666666666668
Computer,12,31,1,1,3.53,1.81,1.5916666666666668
Computer,13,31,1,1,1.79,3.53,1.5916666666666668
Computer,14,31,1,1,0.0,1.79,1.4870833333333333
Computer,15,31,1,1,2.44,0.0,1.6458333333333333
Computer,16,31,1,1,3.81,2.44,1.6891666666666667
Computer,17,31,1,1,1.04,3.81,1.6504166666666666
Computer,18,31,1,1,1.51,1.04,1.6175
Computer,19,31,1,1,1.35,1.51,1.625
Computer,20,31,1,1,1.5,1.35,1.5220833333333335
Computer,21,31,1,1,0.0,1.5,1.5220833333333335
Computer,22,31,1,1,0.0,0.0,1.46375
Computer,23,31,1,1,0.0,0.0,1.50875
Computer,0,1,2,2,1.08,0.0,1.3008333333333333
Computer,1,1,2,2,0.0,1.08,1.1920833333333334
Computer,2,1,2,2,0.0,0.0,1.0354166666666667
Computer,3,1,2,2,0.38,0.0,1.0520833333333333
Computer,4,1,2,2,0.62,0.38,0.9541666666666666
Computer,5,1,2,2,0.0,0.62,0.9541666666666666
Computer,6,1,2,2,0.0,0.0,0.9841666666666665
Computer,7,1,2,2,2.39,0.0,1.0458333333333332
Computer,8,1,2,2,1.48,2.39,1.0641666666666667
Computer,9,1,2,2,0.81,1.48,1.0641666666666667
Computer,10,1,2,2,0.0,0.81,0.9887499999999999
Computer,11,1,2,2,0.0,0.0,0.8416666666666668
Computer,12,1,2,2,0.0,0.0,0.7670833333333335
Computer,13,1,2,2,0.0,0.0,0.7670833333333335
Computer,14,1,2,2,0.0,0.0,0.69625
Computer,15,1,2,2,0.74,0.0,0.61875
Computer,16,1,2,2,1.95,0.74,0.5754166666666666
Computer,17,1,2,2,0.0,1.95,0.6370833333333333
Computer,18,1,2,2,2.99,0.0,0.6016666666666667
Computer,19,1,2,2,0.5,2.99,0.7183333333333334
Computer,20,1,2,2,4.300000000000001,0.5,0.7183333333333334
Computer,21,1,2,2,0.0,4.300000000000001,0.7770833333333332
Computer,22,1,2,2,1.41,0.0,0.8354166666666667
Computer,23,1,2,2,1.4,1.41,0.8220833333333334
Computer,0,2,3,2,0.76,1.4,0.8220833333333334
Computer,1,2,3,2,0.0,0.76,0.8220833333333334
Computer,2,2,3,2,0.0,0.0,0.8062499999999999
Computer,3,2,3,2,0.0,0.0,0.7804166666666666
Computer,4,2,3,2,0.0,0.0,0.8516666666666667
Computer,5,2,3,2,1.71,0.0,0.9254166666666667
Computer,6,2,3,2,1.77,1.71,1.0025000000000002
Computer,7,2,3,2,4.24,1.77,1.1366666666666667
Computer,8,2,3,2,4.7,4.24,1.265
Computer,9,2,3,2,3.89,4.7,1.265
Computer,10,2,3,2,0.0,3.89,1.3299999999999998
Computer,11,2,3,2,1.56,0.0,1.3645833333333333
Computer,12,2,3,2,0.83,1.56,1.61
Computer,13,2,3,2,5.89,0.83,1.61
Computer,14,2,3,2,0.0,5.89,1.7795833333333333
Computer,15,2,3,2,4.8100000000000005,0.0,1.7695833333333333
Computer,16,2,3,2,1.71,4.8100000000000005,1.8237499999999998
Computer,17,2,3,2,1.3,1.71,1.6991666666666667
Computer,18,2,3,2,0.0,1.3,1.75
Computer,19,2,3,2,1.72,0.0,1.6212499999999999
Computer,20,2,3,2,1.21,1.72,1.6212499999999999
Computer,21,2,3,2,0.0,1.21,1.7541666666666667
Computer,22,2,3,2,4.6,0.0,1.7083333333333333
Computer,23,2,3,2,0.3,4.6,1.7433333333333332
Computer,0,3,4,2,1.6,0.3,1.755
Computer,1,3,4,2,0.28,1.6,1.8566666666666665
Computer,2,3,4,2,2.44,0.28,1.8566666666666665
Computer,3,3,4,2,0.0,2.44,1.9733333333333334
Computer,4,3,4,2,2.8,0.0,1.9891666666666665
Computer,5,3,4,2,2.09,2.8,1.9154166666666665
Computer,6,3,4,2,0.0,2.09,1.8087499999999999
Computer,7,3,4,2,1.68,0.0,1.7416666666666665
Computer,8,3,4,2,3.09,1.68,1.5795833333333336
Computer,9,3,4,2,0.0,3.09,1.5795833333333336
Computer,10,3,4,2,0.0,0.0,1.5941666666666665
Computer,11,3,4,2,1.91,0.0,1.5825000000000002
Computer,12,3,4,2,0.55,1.91,1.4454166666666666
Computer,13,3,4,2,2.6,0.55,1.4758333333333333
Computer,14,3,4,2,0.73,2.6,1.3825
Computer,15,3,4,2,2.5700000000000003,0.73,1.31125
Computer,16,3,4,2,0.0,2.5700000000000003,1.3370833333333332
Computer,17,3,4,2,1.92,0.0,1.4879166666666663
Computer,18,3,4,2,3.62,1.92,1.4395833333333332
Computer,19,3,4,2,0.56,3.62,1.4624999999999997
Computer,20,3,4,2,1.7599999999999998,0.56,1.4624999999999997
Computer,21,3,4,2,0.0,1.7599999999999998,1.4091666666666667
Computer,22,3,4,2,3.3200000000000003,0.0,1.3966666666666667
Computer,23,3,4,2,0.0,3.3200000000000003,1.4091666666666667
Computer,0,4,5,2,1.9,0.0,1.4504166666666667
Computer,1,4,5,2,1.27,1.9,1.4870833333333335
Computer,2,4,5,2,3.3200000000000003,1.27,1.61125
Computer,3,4,5,2,2.98,3.3200000000000003,1.4945833333333332
Computer,4,4,5,2,0.0,2.98,1.5766666666666669
Computer,5,4,5,2,4.0600000000000005,0.0,1.5766666666666669
Computer,6,4,5,2,0.0,4.0600000000000005,1.58875
Computer,7,4,5,2,1.97,0.0,1.6379166666666667
Computer,8,4,5,2,4.27,1.97,1.6379166666666667
Computer,9,4,5,2,0.0,4.27,1.6379166666666667
Computer,10,4,5,2,0.0,0.0,1.5583333333333336
Computer,11,4,5,2,0.0,0.0,1.6179166666666667
Computer,12,4,5,2,1.98,0.0,1.5095833333333335
Computer,13,4,5,2,0.0,1.98,1.5304166666666665
Computer,14,4,5,2,1.23,0.0,1.4233333333333331
Computer,15,4,5,2,0.0,1.23,1.5129166666666667
Computer,16,4,5,2,2.1500000000000004,0.0,1.48375
Computer,17,4,5,2,1.22,2.1500000000000004,1.4441666666666666
Computer,18,4,5,2,2.67,1.22,1.5512499999999998
Computer,19,4,5,2,3.13,2.67,1.5341666666666667
Computer,20,4,5,2,1.35,3.13,1.63875
Computer,21,4,5,2,2.51,1.35,1.5004166666666665
Computer,22,4,5,2,0.0,2.51,1.6266666666666667
Computer,23,4,5,2,3.03,0.0,1.5475
Computer,0,5,6,2,0.0,3.03,1.4945833333333332
Computer,1,5,6,2,0.0,0.0,1.35625
Computer,2,5,6,2,0.0,0.0,1.2995833333333333
Computer,3,5,6,2,1.62,0.0,1.5291666666666668
Computer,4,5,6,2,5.51,1.62,1.3937499999999998
Computer,5,5,6,2,0.81,5.51,1.3937499999999998
Computer,6,5,6,2,0.0,0.81,1.3658333333333335
Computer,7,5,6,2,1.3,0.0,1.2154166666666666
Computer,8,5,6,2,0.66,1.3,1.3033333333333335
Computer,9,5,6,2,2.11,0.66,1.3383333333333332
Computer,10,5,6,2,0.84,2.11,1.385
Computer,11,5,6,2,1.12,0.84,1.3025
Computer,12,5,6,2,0.0,1.12,1.3025
Computer,13,5,6,2,0.0,0.0,1.3883333333333334
Computer,14,5,6,2,3.29,0.0,1.5195833333333333
Computer,15,5,6,2,3.1500000000000004,3.29,1.5120833333333332
Computer,16,5,6,2,1.97,3.1500000000000004,1.4883333333333333
Computer,17,5,6,2,0.65,1.97,1.4829166666666669
Computer,18,5,6,2,2.54,0.65,1.3524999999999998
Computer,19,5,6,2,0.0,2.54,1.3154166666666667
Computer,20,5,6,2,0.46,0.0,1.2666666666666668
Computer,21,5,6,2,1.34,0.46,1.29125
Computer,22,5,6,2,0.59,1.34,1.1804166666666667
Computer,23,5,6,2,0.37,0.59,1.2208333333333334
Computer,0,6,0,2,0.97,0.37,1.2208333333333334
Computer,1,6,0,2,0.0,0.97,1.2570833333333333
Computer,2,6,0,2,0.87,0.0,1.4054166666666665
Computer,3,6,0,2,5.18,0.87,1.3925
Computer,4,6,0,2,5.2,5.18,1.4541666666666666
Computer,5,6,0,2,2.29,5.2,1.5304166666666665
Computer,6,6,0,2,1.83,2.29,1.47625
Computer,7,6,0,2,0.0,1.83,1.4641666666666666
Computer,8,6,0,2,0.37,0.0,1.4158333333333333
Computer,9,6,0,2,0.95,0.37,1.5287500000000003
Computer,10,6,0,2,3.55,0.95,1.555
Computer,11,6,0,2,1.75,3.55,1.555
Computer,12,6,0,2,0.0,1.75,1.5637499999999998
Computer,13,6,0,2,0.21,0.0,1.4266666666666665
Computer,14,6,0,2,0.0,0.21,1.2954166666666667
Computer,15,6,0,2,0.0,0.0,1.2133333333333334
Computer,16,6,0,2,0.0,0.0,1.2683333333333333
Computer,17,6,0,2,1.97,0.0,1.1624999999999999
Computer,18,6,0,2,0.0,1.97,1.3141666666666667
Computer,19,6,0,2,3.64,0.0,1.4858333333333331
Computer,20,6,0,2,4.58,3.64,1.5029166666666667
Computer,21,6,0,2,1.75,4.58,1.5091666666666665
Computer,22,6,0,2,0.74,1.75,1.6050000000000002
Computer,23,6,0,2,2.67,0.74,1.5645833333333334
Computer,0,7,1,2,0.0,2.67,1.5645833333333334
Computer,1,7,1,2,0.0,0.0,1.5429166666666667
Computer,2,7,1,2,0.35,0.0,1.352083333333333
Computer,3,7,1,2,0.6,0.35,1.1691666666666667
Computer,4,7,1,2,0.81,0.6,1.1383333333333334
Computer,5,7,1,2,1.55,0.81,1.1304166666666668
Computer,6,7,1,2,1.64,1.55,1.24
Computer,7,7,1,2,2.63,1.64,1.2345833333333334
Computer,8,7,1,2,0.24,2.63,1.195
Computer,9,7,1,2,0.0,0.24,1.0641666666666667
Computer,10,7,1,2,0.41,0.0,1.0191666666666668
Computer,11,7,1,2,0.67,0.41,1.04125
Computer,12,7,1,2,0.53,0.67,1.2216666666666667
Computer,13,7,1,2,4.54,0.53,1.3129166666666667
Computer,14,7,1,2,2.19,4.54,1.3129166666666667
Computer,15,7,1,2,0.0,2.19,1.3333333333333333
Computer,16,7,1,2,0.49,0.0,1.25125
Computer,17,7,1,2,0.0,0.49,1.3170833333333334
Computer,18,7,1,2,1.58,0.0,1.1654166666666668
Computer,19,7,1,2,0.0,1.58,1.0154166666666666
Computer,20,7,1,2,0.98,0.0,1.0845833333333335
Computer,21,7,1,2,3.41,0.98,1.05375
Computer,22,7,1,2,0.0,3.41,0.9624999999999999
Computer,23,7,1,2,0.48,0.0,1.0391666666666668
Computer,0,8,2,2,1.84,0.48,1.1658333333333333
Computer,1,8,2,2,3.04,1.84,1.2950000000000002
Computer,2,8,2,2,3.45,3.04,1.4258333333333333
Computer,3,8,2,2,3.74,3.45,1.555
Computer,4,8,2,2,3.91,3.74,1.4904166666666667
Computer,5,8,2,2,0.0,3.91,1.4658333333333333
Computer,6,8,2,2,1.05,0.0,1.4008333333333332
Computer,7,8,2,2,1.07,1.05,1.5170833333333336
Computer,8,8,2,2,3.03,1.07,1.5429166666666667
Computer,9,8,2,2,0.62,3.03,1.5258333333333332
Computer,10,8,2,2,0.0,0.62,1.5883333333333336
Computer,11,8,2,2,2.17,0.0,1.6516666666666666
Computer,12,8,2,2,2.0500000000000003,2.17,1.5270833333333333
Computer,13,8,2,2,1.55,2.0500000000000003,1.4979166666666668
Computer,14,8,2,2,1.49,1.55,1.54125
Computer,15,8,2,2,1.04,1.49,1.5558333333333332
Computer,16,8,2,2,0.84,1.04,1.5841666666666665
Computer,17,8,2,2,0.68,0.84,1.6641666666666666
Computer,18,8,2,2,3.5,0.68,1.7154166666666668
Computer,19,8,2,2,1.23,3.5,1.6745833333333335
Computer,20,8,2,2,0.0,1.23,1.54375
Computer,21,8,2,2,0.27,0.0,1.7179166666666665
Computer,22,8,2,2,4.18,0.27,1.6979166666666667
Computer,23,8,2,2,0.0,4.18,1.6212499999999999
Computer,0,9,3,2,0.0,0.0,1.5841666666666665
Computer,1,9,3,2,2.15,0.0,1.5366666666666664
Computer,2,9,3,2,2.31,2.15,1.3808333333333334
Computer,3,9,3,2,0.0,2.31,1.3441666666666665
Computer,4,9,3,2,3.03,0.0,1.4983333333333333
Computer,5,9,3,2,3.7,3.03,1.4545833333333336
Computer,6,9,3,2,0.0,3.7,1.4100000000000001
Computer,7,9,3,2,0.0,0.0,1.28375
Computer,8,9,3,2,0.0,0.0,1.3499999999999999
Computer,9,9,3,2,2.21,0.0,1.3499999999999999
Computer,10,9,3,2,0.0,2.21,1.2595833333333333
Computer,11,9,3,2,0.0,0.0,1.2308333333333332
Computer,12,9,3,2,1.36,0.0,1.2720833333333332
Computer,13,9,3,2,2.54,1.36,1.2633333333333334
Computer,14,9,3,2,1.28,2.54,1.3
Computer,15,9,3,2,1.92,1.28,1.265
Computer,16,9,3,2,0.0,1.92,1.3120833333333333
Computer,17,9,3,2,1.81,0.0,1.2987499999999998
Computer,18,9,3,2,3.18,1.81,1.4083333333333332
Computer,19,9,3,2,3.86,3.18,1.4820833333333334
Computer,20,9,3,2,1.77,3.86,1.4708333333333334
Computer,21,9,3,2,0.0,1.77,1.2966666666666666
Computer,22,9,3,2,0.0,0.0,1.2966666666666666
Computer,23,9,3,2,0.0,0.0,1.4345833333333333
Computer,0,10,4,2,3.31,0.0,1.5037500000000001
Computer,1,10,4,2,3.81,3.31,1.4075
Computer,2,10,4,2,0.0,3.81,1.4583333333333333
Computer,3,10,4,2,1.22,0.0,1.3320833333333333
Computer,4,10,4,2,0.0,1.22,1.1779166666666667
Computer,5,10,4,2,0.0,0.0,1.2529166666666667
Computer,6,10,4,2,1.8,0.0,1.4183333333333332
Computer,7,10,4,2,3.97,1.8,1.4312500000000001
Computer,8,10,4,2,0.31,3.97,1.3391666666666666
Computer,9,10,4,2,0.0,0.31,1.3391666666666666
Computer,10,10,4,2,0.0,0.0,1.3791666666666667
Computer,11,10,4,2,0.96,0.0,1.3683333333333334
Computer,12,10,4,2,1.1,0.96,1.3345833333333335
Computer,13,10,4,2,1.73,1.1,1.30875
Computer,14,10,4,2,0.66,1.73,1.2795833333333333
Computer,15,10,4,2,1.22,0.66,1.2945833333333334
Computer,16,10,4,2,0.36,1.22,1.2466666666666668
Computer,17,10,4,2,0.66,0.36,1.3095833333333333
Computer,18,10,4,2,4.69,0.66,1.14875
Computer,19,10,4,2,0.0,4.69,1.1075000000000002
Computer,20,10,4,2,0.78,0.0,1.195
Computer,21,10,4,2,2.1,0.78,1.2541666666666667
Computer,22,10,4,2,1.42,2.1,1.3550000000000002
Computer,23,10,4,2,2.42,1.42,1.2170833333333333
Computer,0,11,5,2,0.0,2.42,1.07375
Computer,1,11,5,2,0.37,0.0,1.07375
Computer,2,11,5,2,0.0,0.37,1.2591666666666668
Computer,3,11,5,2,5.67,0.0,1.2875
Computer,4,11,5,2,0.68,5.67,1.2875
Computer,5,11,5,2,0.0,0.68,1.2125000000000001
Computer,6,11,5,2,0.0,0.0,1.1358333333333335
Computer,7,11,5,2,2.13,0.0,1.1229166666666666
Computer,8,11,5,2,0.0,2.13,1.1229166666666666
Computer,9,11,5,2,0.0,0.0,1.1229166666666666
Computer,10,11,5,2,0.0,0.0,1.2120833333333334
Computer,11,11,5,2,3.1,0.0,1.2870833333333334
Computer,12,11,5,2,2.9,3.1,1.215
Computer,13,11,5,2,0.0,2.9,1.2454166666666666
Computer,14,11,5,2,1.39,0.0,1.1945833333333333
Computer,15,11,5,2,0.0,1.39,1.1795833333333332
Computer,16,11,5,2,0.0,0.0,1.1758333333333333
Computer,17,11,5,2,0.57,0.0,1.0570833333333334
Computer,18,11,5,2,1.84,0.57,1.0725
Computer,19,11,5,2,0.37,1.84,1.0608333333333333
Computer,20,11,5,2,0.5,0.37,0.9733333333333333
Computer,21,11,5,2,0.0,0.5,0.9141666666666667
Computer,22,11,5,2,0.0,0.0,0.8133333333333335
Computer,23,11,5,2,0.0,0.0,0.8491666666666667
Computer,0,12,6,2,0.86,0.0,1.0595833333333333
Computer,1,12,6,2,5.42,0.86,1.1495833333333334
Computer,2,12,6,2,2.16,5.42,0.9833333333333333
Computer,3,12,6,2,1.68,2.16,0.955
Computer,4,12,6,2,0.0,1.68,1.0287499999999998
Computer,5,12,6,2,1.77,0.0,1.0287499999999998
Computer,6,12,6,2,0.0,1.77,0.99125
Computer,7,12,6,2,1.23,0.0,1.0079166666666668
Computer,8,12,6,2,0.4,1.23,1.0866666666666667
Computer,9,12,6,2,1.89,0.4,1.10875
Computer,10,12,6,2,0.53,1.89,0.9795833333333333
Computer,11,12,6,2,0.0,0.53,0.915
Computer,12,12,6,2,1.35,0.0,0.99125
Computer,13,12,6,2,1.83,1.35,0.9754166666666667
Computer,14,12,6,2,1.01,1.83,0.9845833333333333
Computer,15,12,6,2,0.22,1.01,1.0358333333333334
Computer,16,12,6,2,1.23,0.22,1.1533333333333333
Computer,17,12,6,2,3.39,1.23,1.0766666666666667
Computer,18,12,6,2,0.0,3.39,1.1220833333333333
Computer,19,12,6,2,1.46,0.0,1.1708333333333332
Computer,20,12,6,2,1.67,1.46,1.1708333333333332
Computer,21,12,6,2,0.0,1.67,1.28
Computer,22,12,6,2,2.62,0.0,1.2995833333333333
Computer,23,12,6,2,0.47,2.62,1.4024999999999999
Computer,0,13,0,2,3.33,0.47,1.1766666666666667
Computer,1,13,0,2,0.0,3.33,1.1666666666666667
Computer,2,13,0,2,1.92,0.0,1.1658333333333333
Computer,3,13,0,2,1.66,1.92,1.28875
Computer,4,13,0,2,2.95,1.66,1.2812500000000002
Computer,5,13,0,2,1.59,2.95,1.3962500000000002
Computer,6,13,0,2,2.76,1.59,1.5566666666666666
Computer,7,13,0,2,5.08,2.76,1.5504166666666668
Computer,8,13,0,2,0.25,5.08,1.5325
Computer,9,13,0,2,1.46,0.25,1.5104166666666667
Computer,10,13,0,2,0.0,1.46,1.5404166666666665
Computer,11,13,0,2,0.72,0.0,1.5195833333333335
Computer,12,13,0,2,0.85,0.72,1.6183333333333332
Computer,13,13,0,2,4.2,0.85,1.57625
Computer,14,13,0,2,0.0,4.2,1.6916666666666667
Computer,15,13,0,2,2.99,0.0,1.6508333333333332
Computer,16,13,0,2,0.25,2.99,1.5095833333333335
Computer,17,13,0,2,0.0,0.25,1.6345833333333335
Computer,18,13,0,2,3.0,0.0,1.6158333333333335
Computer,19,13,0,2,1.01,3.0,1.6233333333333333
Computer,20,13,0,2,1.85,1.01,1.6233333333333333
Computer,21,13,0,2,0.0,1.85,1.5625000000000002
Computer,22,13,0,2,1.16,0.0,1.5429166666666667
Computer,23,13,0,2,0.0,1.16,1.4041666666666668
Computer,0,14,1,2,0.0,0.0,1.4041666666666668
Computer,1,14,1,2,0.0,0.0,1.3241666666666667
Computer,2,14,1,2,0.0,0.0,1.2550000000000001
Computer,3,14,1,2,0.0,0.0,1.1525
Computer,4,14,1,2,0.49,0.0,1.1175
Computer,5,14,1,2,0.75,0.49,1.01875
Computer,6,14,1,2,0.39,0.75,0.8295833333333333
Computer,7,14,1,2,0.54,0.39,0.9345833333333334
Computer,8,14,1,2,2.77,0.54,0.9437500000000001
Computer,9,14,1,2,1.68,2.77,1.08125
Computer,10,14,1,2,3.3,1.68,1.10375
Computer,11,14,1,2,1.26,3.3,1.145
Computer,12,14,1,2,1.84,1.26,0.9808333333333334
Computer,13,14,1,2,0.26,1.84,0.9808333333333333
Computer,14,14,1,2,0.0,0.26,0.8562500000000001
Computer,15,14,1,2,0.0,0.0,0.8458333333333333
Computer,16,14,1,2,0.0,0.0,0.90125
Computer,17,14,1,2,1.33,0.0,0.8095833333333333
Computer,18,14,1,2,0.8,1.33,0.83
Computer,19,14,1,2,1.5,0.8,0.7529166666666667
Computer,20,14,1,2,0.0,1.5,0.7529166666666667
Computer,21,14,1,2,0.0,0.0,0.7045833333333333
Computer,22,14,1,2,0.0,0.0,0.7433333333333333
Computer,23,14,1,2,0.93,0.0,0.7825000000000001
Computer,0,15,2,2,0.94,0.93,0.8054166666666668
Computer,1,15,2,2,0.55,0.94,0.8395833333333332
Computer,2,15,2,2,0.82,0.55,0.88625
Computer,3,15,2,2,1.12,0.82,0.8833333333333333
Computer,4,15,2,2,0.42,1.12,0.8520833333333333
Computer,5,15,2,2,0.0,0.42,0.8358333333333334
Computer,6,15,2,2,0.0,0.0,0.8291666666666666
Computer,7,15,2,2,0.38,0.0,0.7745833333333333
Computer,8,15,2,2,1.46,0.38,0.745
Computer,9,15,2,2,0.97,1.46,0.6075
Computer,10,15,2,2,0.0,0.97,0.5754166666666667
Computer,11,15,2,2,0.49,0.0,0.5295833333333334
Computer,12,15,2,2,0.74,0.49,0.51875
Computer,13,15,2,2,0.0,0.74,0.5916666666666667
Computer,14,15,2,2,1.75,0.0,0.6629166666666667
Computer,15,15,2,2,1.71,1.75,0.82125
Computer,16,15,2,2,3.8,1.71,0.7658333333333333
Computer,17,15,2,2,0.0,3.8,0.7833333333333332
Computer,18,15,2,2,1.22,0.0,0.7641666666666667
Computer,19,15,2,2,1.04,1.22,0.7866666666666667
Computer,20,15,2,2,0.54,1.04,0.7866666666666667
Computer,21,15,2,2,0.0,0.54,0.8225000000000001
Computer,22,15,2,2,0.86,0.0,0.8412499999999999
Computer,23,15,2,2,1.38,0.86,0.9429166666666667
Computer,0,16,3,2,3.38,1.38,0.96
Computer,1,16,3,2,0.96,3.38,1.0045833333333334
Computer,2,16,3,2,1.89,0.96,0.9954166666666665
Computer,3,16,3,2,0.9,1.89,1.00875
Computer,4,16,3,2,0.74,0.9,1.0683333333333334
Computer,5,16,3,2,1.43,0.74,1.0683333333333334
Computer,6,16,3,2,0.0,1.43,1.1283333333333334
Computer,7,16,3,2,1.82,0.0,1.0675000000000001
Computer,8,16,3,2,0.0,1.82,1.1191666666666666
Computer,9,16,3,2,2.21,0.0,1.1191666666666666
Computer,10,16,3,2,0.0,2.21,1.1254166666666667
Computer,11,16,3,2,0.64,0.0,1.2654166666666666
Computer,12,16,3,2,4.1,0.64,1.2654166666666666
Computer,13,16,3,2,0.0,4.1,1.1925000000000001
Computer,14,16,3,2,0.0,0.0,1.2145833333333333
Computer,15,16,3,2,2.24,0.0,1.0562500000000001
Computer,16,16,3,2,0.0,2.24,1.1170833333333332
Computer,17,16,3,2,1.46,0.0,1.0883333333333334
Computer,18,16,3,2,0.53,1.46,1.1145833333333333
Computer,19,16,3,2,1.67,0.53,1.1354166666666667
Computer,20,16,3,2,1.04,1.67,1.2541666666666667
Computer,21,16,3,2,2.85,1.04,1.2183333333333333
Computer,22,16,3,2,0.0,2.85,1.1608333333333334
Computer,23,16,3,2,0.0,0.0,1.0599999999999998
Computer,0,17,4,2,0.96,0.0,1.0554166666666667
Computer,1,17,4,2,0.8500000000000001,0.96,0.9766666666666667
Computer,2,17,4,2,0.0,0.8500000000000001,0.9391666666666668
Computer,3,17,4,2,0.0,0.0,1.0041666666666667
Computer,4,17,4,2,2.3,0.0,1.1029166666666665
Computer,5,17,4,2,3.8,2.3,1.1029166666666665
Computer,6,17,4,2,0.0,3.8,1.04125
Computer,7,17,4,2,0.34,0.0,1.10875
Computer,8,17,4,2,1.62,0.34,1.05
Computer,9,17,4,2,0.8,1.62,1.09375
Computer,10,17,4,2,1.05,0.8,1.0670833333333334
Computer,11,17,4,2,0.0,1.05,0.8962500000000001
Computer,12,17,4,2,0.0,0.0,0.9704166666666666
Computer,13,17,4,2,1.78,0.0,0.9704166666666666
Computer,14,17,4,2,0.0,1.78,0.9404166666666666
Computer,15,17,4,2,1.52,0.0,0.9604166666666667
Computer,16,17,4,2,0.48,1.52,0.8995833333333333
Computer,17,17,4,2,0.0,0.48,0.9308333333333333
Computer,18,17,4,2,1.28,0.0,0.8612500000000001
Computer,19,17,4,2,0.0,1.28,0.8179166666666666
Computer,20,17,4,2,0.0,0.0,0.8466666666666667
Computer,21,17,4,2,3.54,0.0,0.8466666666666667
Computer,22,17,4,2,0.0,3.54,0.8958333333333334
Computer,23,17,4,2,1.18,0.0,0.8708333333333332
Computer,0,18,5,2,0.36,1.18,0.8354166666666666
Computer,1,18,5,2,0.0,0.36,1.0345833333333332
Computer,2,18,5,2,4.78,0.0,1.0595833333333333
Computer,3,18,5,2,0.6,4.78,0.9637500000000001
Computer,4,18,5,2,0.0,0.6,0.9566666666666667
Computer,5,18,5,2,3.63,0.0,0.9566666666666667
Computer,6,18,5,2,0.0,3.63,1.02
Computer,7,18,5,2,1.86,0.0,1.0833333333333333
Computer,8,18,5,2,3.14,1.86,1.1033333333333333
Computer,9,18,5,2,1.28,3.14,1.0716666666666665
Computer,10,18,5,2,0.29,1.28,1.1133333333333333
Computer,11,18,5,2,1.0,0.29,1.1325
Computer,12,18,5,2,0.46,1.0,1.1070833333333334
Computer,13,18,5,2,1.17,0.46,1.1683333333333334
Computer,14,18,5,2,1.47,1.17,1.1050000000000002
Computer,15,18,5,2,0.0,1.47,1.1170833333333334
Computer,16,18,5,2,0.77,0.0,1.1554166666666668
Computer,17,18,5,2,0.92,0.77,1.1533333333333333
Computer,18,18,5,2,1.23,0.92,1.1533333333333333
Computer,19,18,5,2,0.0,1.23,1.16625
Computer,20,18,5,2,0.31,0.0,1.01875
Computer,21,18,5,2,0.0,0.31,1.06125
Computer,22,18,5,2,1.02,0.0,1.1275000000000002
Computer,23,18,5,2,2.77,1.02,1.2225000000000001
Computer,0,19,6,2,2.64,2.77,1.32
Computer,1,19,6,2,2.34,2.64,1.1208333333333333
Computer,2,19,6,2,0.0,2.34,1.0958333333333334
Computer,3,19,6,2,0.0,0.0,1.0958333333333334
Computer,4,19,6,2,0.0,0.0,1.0041666666666667
Computer,5,19,6,2,1.43,0.0,1.0041666666666667
Computer,6,19,6,2,0.0,1.43,0.9533333333333335
Computer,7,19,6,2,0.64,0.0,0.8225000000000001
Computer,8,19,6,2,0.0,0.64,0.8975
Computer,9,19,6,2,3.08,0.0,0.9525
Computer,10,19,6,2,1.61,3.08,0.9108333333333333
Computer,11,19,6,2,0.0,1.61,0.9025
Computer,12,19,6,2,0.26,0.0,1.0441666666666667
Computer,13,19,6,2,4.57,0.26,0.9829166666666667
Computer,14,19,6,2,0.0,4.57,1.1366666666666667
Computer,15,19,6,2,3.69,0.0,1.1545833333333333
Computer,16,19,6,2,1.2,3.69,1.2058333333333333
Computer,17,19,6,2,2.1500000000000004,1.2,1.1545833333333333
Computer,18,19,6,2,0.0,2.1500000000000004,1.1545833333333333
Computer,19,19,6,2,0.0,0.0,1.1995833333333332
Computer,20,19,6,2,1.39,0.0,1.2820833333333332
Computer,21,19,6,2,1.98,1.39,1.3412499999999998
Computer,22,19,6,2,2.44,1.98,1.2554166666666666
Computer,23,19,6,2,0.71,2.44,1.2254166666666666
Computer,0,20,0,2,1.92,0.71,1.1279166666666667
Computer,1,20,0,2,0.0,1.92,1.1679166666666667
Computer,2,20,0,2,0.96,0.0,1.24375
Computer,3,20,0,2,1.82,0.96,1.24375
Computer,4,20,0,2,0.0,1.82,1.2395833333333333
Computer,5,20,0,2,1.33,0.0,1.5354166666666667
Computer,6,20,0,2,7.1,1.33,1.6208333333333333
Computer,7,20,0,2,2.6900000000000004,7.1,1.6208333333333333
Computer,8,20,0,2,0.0,2.6900000000000004,1.5733333333333333
Computer,9,20,0,2,1.94,0.0,1.5554166666666667
Computer,10,20,0,2,1.18,1.94,1.5554166666666667
Computer,11,20,0,2,0.0,1.18,1.5445833333333334
Computer,12,20,0,2,0.0,0.0,1.4029166666666668
Computer,13,20,0,2,1.17,0.0,1.4133333333333333
Computer,14,20,0,2,0.25,1.17,1.2595833333333333
Computer,15,20,0,2,0.0,0.25,1.2895833333333333
Computer,16,20,0,2,1.92,0.0,1.2533333333333334
Computer,17,20,0,2,1.28,1.92,1.2533333333333334
Computer,18,20,0,2,0.0,1.28,1.3025
Computer,19,20,0,2,1.18,0.0,1.2808333333333333
Computer,20,20,0,2,0.87,1.18,1.1983333333333333
Computer,21,20,0,2,0.0,0.87,1.2508333333333335
Computer,22,20,0,2,3.7,0.0,1.3220833333333333
Computer,23,20,0,2,2.42,3.7,1.3625
Computer,0,21,1,2,2.89,2.42,1.3625
Computer,1,21,1,2,0.0,2.89,1.4208333333333334
Computer,2,21,1,2,2.3600000000000003,0.0,1.42
Computer,3,21,1,2,1.8,2.3600000000000003,1.42
Computer,4,21,1,2,0.0,1.8,1.3645833333333333
Computer,5,21,1,2,0.0,0.0,1.1533333333333333
Computer,6,21,1,2,2.03,0.0,1.1258333333333332
Computer,7,21,1,2,2.03,2.03,1.1366666666666667
Computer,8,21,1,2,0.26,2.03,1.0558333333333334
Computer,9,21,1,2,0.0,0.26,1.0508333333333333
Computer,10,21,1,2,1.06,0.0,1.12375
Computer,11,21,1,2,1.75,1.06,1.1941666666666666
Computer,12,21,1,2,1.69,1.75,1.1812500000000001
Computer,13,21,1,2,0.86,1.69,1.3345833333333335
Computer,14,21,1,2,3.93,0.86,1.4754166666666668
Computer,15,21,1,2,3.38,3.93,1.4487500000000002
Computer,16,21,1,2,1.28,3.38,1.4720833333333332
Computer,17,21,1,2,1.84,1.28,1.4979166666666666
Computer,18,21,1,2,0.62,1.84,1.4891666666666667
Computer,19,21,1,2,0.97,0.62,1.531666666666667
Computer,20,21,1,2,1.89,0.97,1.60875
Computer,21,21,1,2,1.85,1.89,1.4545833333333331
Computer,22,21,1,2,0.0,1.85,1.5337499999999997
Computer,23,21,1,2,4.32,0.0,1.465
Computer,0,22,2,2,1.24,4.32,1.5333333333333332
Computer,1,22,2,2,1.64,1.24,1.4349999999999998
Computer,2,22,2,2,0.0,1.64,1.36
Computer,3,22,2,2,0.0,0.0,1.4070833333333335
Computer,4,22,2,2,1.13,0.0,1.5270833333333333
Computer,5,22,2,2,2.88,1.13,1.4616666666666667
Computer,6,22,2,2,0.46,2.88,1.42
Computer,7,22,2,2,1.03,0.46,1.6095833333333334
Computer,8,22,2,2,4.8100000000000005,1.03,1.6095833333333334
Computer,9,22,2,2,0.0,4.8100000000000005,1.6141666666666665
Computer,10,22,2,2,1.17,0.0,1.58
Computer,11,22,2,2,0.93,1.17,1.6366666666666667
Computer,12,22,2,2,3.05,0.93,1.67
Computer,13,22,2,2,1.66,3.05,1.6170833333333334
Computer,14,22,2,2,2.66,1.66,1.5108333333333333
Computer,15,22,2,2,0.83,2.66,1.5304166666666665
Computer,16,22,2,2,1.75,0.83,1.5141666666666669
Computer,17,22,2,2,1.45,1.75,1.5987500000000001
Computer,18,22,2,2,2.6500000000000004,1.45,1.6033333333333333
Computer,19,22,2,2,1.08,2.6500000000000004,1.5683333333333334
Computer,20,22,2,2,1.05,1.08,1.4912500000000002
Computer,21,22,2,2,0.0,1.05,1.5000000000000002
Computer,22,22,2,2,0.21,0.0,1.3729166666666668
Computer,23,22,2,2,1.27,0.21,1.3470833333333332
Computer,0,23,3,2,0.62,1.27,1.30375
Computer,1,23,3,2,0.6,0.62,1.385
Computer,2,23,3,2,1.95,0.6,1.385
Computer,3,23,3,2,0.0,1.95,1.3379166666666666
Computer,4,23,3,2,0.0,0.0,1.2179166666666668
Computer,5,23,3,2,0.0,0.0,1.2820833333333335
Computer,6,23,3,2,2.0,0.0,1.3412499999999998
Computer,7,23,3,2,2.45,2.0,1.3220833333333333
Computer,8,23,3,2,4.35,2.45,1.3391666666666666
Computer,9,23,3,2,0.41,4.35,1.35875
Computer,10,23,3,2,1.64,0.41,1.32
Computer,11,23,3,2,0.0,1.64,1.2729166666666667
Computer,12,23,3,2,1.92,0.0,1.2475
Computer,13,23,3,2,1.05,1.92,1.2091666666666667
Computer,14,23,3,2,1.7399999999999998,1.05,1.1745833333333333
Computer,15,23,3,2,0.0,1.7399999999999998,1.16875
Computer,16,23,3,2,1.61,0.0,1.1654166666666668
Computer,17,23,3,2,1.37,1.61,1.055
Computer,18,23,3,2,0.0,1.37,1.0241666666666667
Computer,19,23,3,2,0.34,0.0,0.9804166666666667
Computer,20,23,3,2,0.0,0.34,1.0562500000000001
Computer,21,23,3,2,1.82,0.0,1.0475
Computer,22,23,3,2,0.0,1.82,1.04125
Computer,23,23,3,2,1.12,0.0,1.045
Computer,0,24,4,2,0.71,1.12,1.0508333333333333
Computer,1,24,4,2,0.74,0.71,1.0795833333333333
Computer,2,24,4,2,2.64,0.74,1.0795833333333333
Computer,3,24,4,2,0.0,2.64,1.1808333333333334
Computer,4,24,4,2,2.43,0.0,1.2016666666666667
Computer,5,24,4,2,0.5,2.43,1.1183333333333334
Computer,6,24,4,2,0.0,0.5,1.0470833333333334
Computer,7,24,4,2,0.74,0.0,0.8658333333333333
Computer,8,24,4,2,0.0,0.74,0.9600000000000001
Computer,9,24,4,2,2.67,0.0,1.00625
Computer,10,24,4,2,2.75,2.67,1.1145833333333333
Computer,11,24,4,2,2.6,2.75,1.0345833333333332
Computer,12,24,4,2,0.0,2.6,1.0441666666666667
Computer,13,24,4,2,1.28,0.0,0.9716666666666667
Computer,14,24,4,2,0.0,1.28,1.0245833333333334
Computer,15,24,4,2,1.27,0.0,0.9575
Computer,16,24,4,2,0.0,1.27,0.9704166666666666
Computer,17,24,4,2,1.68,0.0,1.0125
Computer,18,24,4,2,1.01,1.68,0.9983333333333334
Computer,19,24,4,2,0.0,1.01,1.1183333333333334
Computer,20,24,4,2,2.88,0.0,1.1408333333333334
Computer,21,24,4,2,2.3600000000000003,2.88,1.18875
Computer,22,24,4,2,1.15,2.3600000000000003,1.2083333333333333
Computer,23,24,4,2,1.59,1.15,1.2470833333333333
Computer,0,25,5,2,1.64,1.59,1.2162499999999998
Computer,1,25,5,2,0.0,1.64,1.2408333333333332
Computer,2,25,5,2,3.23,0.0,1.2408333333333332
Computer,3,25,5,2,0.0,3.23,1.2216666666666667
Computer,4,25,5,2,1.97,0.0,1.24375
Computer,5,25,5,2,1.03,1.97,1.3416666666666668
Computer,6,25,5,2,2.35,1.03,1.4341666666666668
Computer,7,25,5,2,2.96,2.35,1.4341666666666668
Computer,8,25,5,2,0.0,2.96,1.3683333333333332
Computer,9,25,5,2,1.09,0.0,1.3141666666666667
Computer,10,25,5,2,1.45,1.09,1.2637500000000002
Computer,11,25,5,2,1.39,1.45,1.375
Computer,12,25,5,2,2.67,1.39,1.4649999999999999
Computer,13,25,5,2,3.44,2.67,1.5250000000000001
Computer,14,25,5,2,1.44,3.44,1.4720833333333332
Computer,15,25,5,2,0.0,1.44,1.6424999999999998
Computer,16,25,5,2,4.09,0.0,1.6670833333333333
Computer,17,25,5,2,2.27,4.09,1.76
Computer,18,25,5,2,3.24,2.27,1.76
Computer,19,25,5,2,0.0,3.24,1.66125
Computer,20,25,5,2,0.51,0.0,1.5954166666666667
Computer,21,25,5,2,0.78,0.51,1.5475
Computer,22,25,5,2,0.0,0.78,1.4812500000000002
Computer,23,25,5,2,0.0,0.0,1.4129166666666668
Computer,0,26,6,2,0.0,0.0,1.4129166666666668
Computer,1,26,6,2,0.0,0.0,1.2941666666666667
Computer,2,26,6,2,0.38,0.0,1.3520833333333335
Computer,3,26,6,2,1.39,0.38,1.3154166666666667
Computer,4,26,6,2,1.09,1.39,1.2725000000000002
Computer,5,26,6,2,0.0,1.09,1.2070833333333333
Computer,6,26,6,2,0.78,0.0,1.08375
Computer,7,26,6,2,0.0,0.78,1.1624999999999999
Computer,8,26,6,2,1.89,0.0,1.1441666666666666
Computer,9,26,6,2,0.65,1.89,1.1195833333333334
Computer,10,26,6,2,0.86,0.65,1.1266666666666667
Computer,11,26,6,2,1.56,0.86,1.0745833333333332
Computer,12,26,6,2,1.42,1.56,0.93125
Computer,13,26,6,2,0.0,1.42,0.8712500000000002
Computer,14,26,6,2,0.0,0.0,0.8712500000000002
Computer,15,26,6,2,0.0,0.0,0.7008333333333333
Computer,16,26,6,2,0.0,0.0,0.69625
Computer,17,26,6,2,2.16,0.0,0.5929166666666666
Computer,18,26,6,2,0.76,2.16,0.6491666666666667
Computer,19,26,6,2,1.35,0.76,0.6383333333333333
Computer,20,26,6,2,0.25,1.35,0.6058333333333333
Computer,21,26,6,2,0.0,0.25,0.6687500000000001
Computer,22,26,6,2,1.51,0.0,0.6687500000000001
Computer,23,26,6,2,0.0,1.51,0.7108333333333333
Computer,0,27,0,2,1.01,0.0,0.7216666666666667
Computer,1,27,0,2,0.26,1.01,0.7754166666666666
Computer,2,27,0,2,1.67,0.26,0.7174999999999999
Computer,3,27,0,2,0.0,1.67,0.6720833333333333
Computer,4,27,0,2,0.0,0.0,0.8150000000000001
Computer,5,27,0,2,3.43,0.0,0.8475
Computer,6,27,0,2,1.56,3.43,1.0058333333333334
Computer,7,27,0,2,3.8,1.56,0.9270833333333334
Computer,8,27,0,2,0.0,3.8,0.9
Computer,9,27,0,2,0.0,0.0,0.8962500000000001
Computer,10,27,0,2,0.77,0.0,0.8591666666666667
Computer,11,27,0,2,0.67,0.77,0.84875
Computer,12,27,0,2,1.17,0.67,0.8916666666666666
Computer,13,27,0,2,1.03,1.17,0.98375
Computer,14,27,0,2,2.21,1.03,1.04625
Computer,15,27,0,2,1.5,2.21,1.0816666666666668
Computer,16,27,0,2,0.85,1.5,1.06125
Computer,17,27,0,2,1.6700000000000002,0.85,1.0599999999999998
Computer,18,27,0,2,0.73,1.6700000000000002,1.0704166666666668
Computer,19,27,0,2,1.6,0.73,1.1033333333333333
Computer,20,27,0,2,1.04,1.6,1.1429166666666666
Computer,21,27,0,2,0.95,1.04,1.1295833333333334
Computer,22,27,0,2,1.19,0.95,1.1624999999999999
Computer,23,27,0,2,0.79,1.19,1.1533333333333333
Computer,0,28,1,2,0.79,0.79,1.1424999999999998
Computer,1,28,1,2,0.0,0.79,1.12375
Computer,2,28,1,2,1.22,0.0,1.2383333333333335
Computer,3,28,1,2,2.75,1.22,1.3416666666666668
Computer,4,28,1,2,2.48,2.75,1.2620833333333334
Computer,5,28,1,2,1.52,2.48,1.2516666666666667
Computer,6,28,1,2,1.31,1.52,1.0933333333333333
Computer,7,28,1,2,0.0,1.31,1.1937499999999999
Computer,8,28,1,2,2.41,0.0,1.2345833333333334
Computer,9,28,1,2,0.98,2.41,1.2025
Computer,10,28,1,2,0.0,0.98,1.19125
Computer,11,28,1,2,0.4,0.0,1.1424999999999998
Computer,12,28,1,2,0.0,0.4,1.0995833333333334
Computer,13,28,1,2,0.0,0.0,1.0395833333333335
Computer,14,28,1,2,0.77,0.0,0.9770833333333334
Computer,15,28,1,2,0.0,0.77,0.9779166666666667
Computer,16,28,1,2,0.87,0.0,0.9487500000000001
Computer,17,28,1,2,0.97,0.87,0.9183333333333334
Computer,18,28,1,2,0.0,0.97,0.9216666666666667
Computer,19,28,1,2,1.6800000000000002,0.0,0.8979166666666667
Computer,20,28,1,2,0.47,1.6800000000000002,0.9154166666666668
Computer,21,28,1,2,1.37,0.47,0.8658333333333333
Computer,22,28,1,2,0.0,1.37,0.91375
Computer,23,28,1,2,1.94,0.0,0.9820833333333333
Computer,0,1,2,3,2.43,1.94,1.1195833333333334
Computer,1,1,2,3,3.3,2.43,1.1133333333333333
Computer,2,1,2,3,1.07,3.3,1.0804166666666666
Computer,3,1,2,3,1.96,1.07,0.9770833333333333
Computer,4,1,2,3,0.0,1.96,1.0325
Computer,5,1,2,3,2.85,0.0,0.9779166666666667
Computer,6,1,2,3,0.0,2.85,1.0025000000000002
Computer,7,1,2,3,0.59,0.0,0.9020833333333335
Computer,8,1,2,3,0.0,0.59,0.8841666666666667
Computer,9,1,2,3,0.55,0.0,0.8841666666666667
Computer,10,1,2,3,0.0,0.55,0.9750000000000001
Computer,11,1,2,3,2.58,0.0,1.1145833333333333
Computer,12,1,2,3,3.35,2.58,1.14875
Computer,13,1,2,3,0.82,3.35,1.2241666666666666
Computer,14,1,2,3,2.58,0.82,1.3808333333333334
Computer,15,1,2,3,3.76,2.58,1.3904166666666669
Computer,16,1,2,3,1.1,3.76,1.3500000000000003
Computer,17,1,2,3,0.0,1.1,1.3500000000000003
Computer,18,1,2,3,0.0,0.0,1.3508333333333333
Computer,19,1,2,3,1.7,0.0,1.5125
Computer,20,1,2,3,4.35,1.7,1.4554166666666666
Computer,21,1,2,3,0.0,4.35,1.4554166666666666
Computer,22,1,2,3,0.0,0.0,1.5249999999999997
Computer,23,1,2,3,3.61,0.0,1.5
Computer,0,2,3,3,1.83,3.61,1.3625
Computer,1,2,3,3,0.0,1.83,1.39875
Computer,2,2,3,3,1.94,0.0,1.48625
Computer,3,2,3,3,4.0600000000000005,1.94,1.6008333333333333
Computer,4,2,3,3,2.75,4.0600000000000005,1.5779166666666666
Computer,5,2,3,3,2.3,2.75,1.7341666666666666
Computer,6,2,3,3,3.75,2.3,1.7837500000000002
Computer,7,2,3,3,1.78,3.75,1.8320833333333333
Computer,8,2,3,3,1.16,1.78,1.865
Computer,9,2,3,3,1.34,1.16,1.9008333333333332
Computer,10,2,3,3,0.86,1.34,1.8045833333333334
Computer,11,2,3,3,0.27,0.86,1.7687499999999998
Computer,12,2,3,3,2.49,0.27,1.755
Computer,13,2,3,3,0.49,2.49,1.6475
Computer,14,2,3,3,0.0,0.49,1.5020833333333334
Computer,15,2,3,3,0.27,0.0,1.45625
Computer,16,2,3,3,0.0,0.27,1.45625
Computer,17,2,3,3,0.0,0.0,1.4754166666666668
Computer,18,2,3,3,0.46,0.0,1.4045833333333333
Computer,19,2,3,3,0.0,0.46,1.3183333333333334
Computer,20,2,3,3,2.28,0.0,1.405
Computer,21,2,3,3,2.08,2.28,1.405
Computer,22,2,3,3,0.0,2.08,1.2545833333333334
Computer,23,2,3,3,0.0,0.0,1.2454166666666666
Computer,0,3,4,3,1.61,0.0,1.2454166666666666
Computer,1,3,4,3,0.0,1.61,1.1645833333333333
Computer,2,3,4,3,0.0,0.0,1.0620833333333335
Computer,3,3,4,3,1.6,0.0,0.9675000000000001
Computer,4,3,4,3,0.48,1.6,0.9250000000000002
Computer,5,3,4,3,1.28,0.48,0.9400000000000001
Computer,6,3,4,3,4.11,1.28,0.8658333333333333
Computer,7,3,4,3,0.0,4.11,0.8175
Computer,8,3,4,3,0.0,0.0,0.7945833333333333
Computer,9,3,4,3,0.79,0.0,0.75875
Computer,10,3,4,3,0.0,0.79,0.8045833333333334
Computer,11,3,4,3,1.37,0.0,0.7833333333333333
Computer,12,3,4,3,1.98,1.37,0.9195833333333333
Computer,13,3,4,3,3.76,1.98,1.0275
Computer,14,3,4,3,2.59,3.76,1.0908333333333335
Computer,15,3,4,3,1.79,2.59,1.0908333333333335
Computer,16,3,4,3,0.0,1.79,1.0908333333333335
Computer,17,3,4,3,0.0,0.0,1.0716666666666668
Computer,18,3,4,3,0.0,0.0,1.1979166666666667
Computer,19,3,4,3,3.03,0.0,1.1029166666666665
Computer,20,3,4,3,0.0,3.03,1.1341666666666668
Computer,21,3,4,3,2.83,0.0,1.2358333333333333
Computer,22,3,4,3,2.44,2.83,1.3683333333333334
Computer,23,3,4,3,3.18,2.44,1.3012500000000002
Computer,0,4,5,3,0.0,3.18,1.3650000000000002
Computer,1,4,5,3,1.53,0.0,1.3650000000000002
Computer,2,4,5,3,0.0,1.53,1.3641666666666667
Computer,3,4,5,3,1.58,0.0,1.3829166666666668
Computer,4,4,5,3,0.93,1.58,1.3295833333333333
Computer,5,4,5,3,0.0,0.93,1.215
Computer,6,4,5,3,1.36,0.0,1.2745833333333334
Computer,7,4,5,3,1.43,1.36,1.2745833333333334
Computer,8,4,5,3,0.0,1.43,1.2416666666666667
Computer,9,4,5,3,0.0,0.0,1.2620833333333332
Computer,10,4,5,3,0.49,0.0,1.265
Computer,11,4,5,3,1.44,0.49,1.2329166666666667
Computer,12,4,5,3,1.21,1.44,1.1433333333333333
Computer,13,4,5,3,1.61,1.21,1.0666666666666667
Computer,14,4,5,3,0.75,1.61,1.0666666666666667
Computer,15,4,5,3,1.79,0.75,1.0666666666666667
Computer,16,4,5,3,0.0,1.79,1.2154166666666666
Computer,17,4,5,3,3.5700000000000003,0.0,1.2362499999999998
Computer,18,4,5,3,0.5,3.5700000000000003,1.11
Computer,19,4,5,3,0.0,0.5,1.11
Computer,20,4,5,3,0.0,0.0,0.9920833333333333
Computer,21,4,5,3,0.0,0.0,0.8904166666666667
Computer,22,4,5,3,0.0,0.0,0.9175
Computer,23,4,5,3,3.83,0.0,0.9962500000000002
Computer,0,5,6,3,1.89,3.83,0.9875000000000002
Computer,1,5,6,3,1.32,1.89,0.9875000000000002
Computer,2,5,6,3,0.0,1.32,0.9891666666666666
Computer,3,5,6,3,1.62,0.0,1.0770833333333334
Computer,4,5,6,3,3.04,1.62,1.1995833333333332
Computer,5,5,6,3,2.9400000000000004,3.04,1.1429166666666666
Computer,6,5,6,3,0.0,2.9400000000000004,1.0833333333333333
Computer,7,5,6,3,0.0,0.0,1.0929166666666668
Computer,8,5,6,3,0.23,0.0,1.1645833333333333
Computer,9,5,6,3,1.72,0.23,1.1912500000000001
Computer,10,5,6,3,1.13,1.72,1.1725
Computer,11,5,6,3,0.99,1.13,1.1733333333333333
Computer,12,5,6,3,1.23,0.99,1.10625
Computer,13,5,6,3,0.0,1.23,1.0904166666666668
Computer,14,5,6,3,0.37,0.0,1.0991666666666668
Computer,15,5,6,3,2.0,0.37,1.1575
Computer,16,5,6,3,1.4,2.0,1.0987500000000001
Computer,17,5,6,3,2.16,1.4,1.1416666666666668
Computer,18,5,6,3,1.53,2.16,1.1416666666666668
Computer,19,5,6,3,0.0,1.53,1.1416666666666668
Computer,20,5,6,3,0.0,0.0,1.1833333333333333
Computer,21,5,6,3,1.0,0.0,1.2195833333333335
Computer,22,5,6,3,0.87,1.0,1.06
Computer,23,5,6,3,0.0,0.87,1.0429166666666665
Computer,0,6,0,3,1.48,0.0,1.04125
Computer,1,6,0,3,1.28,1.48,1.04125
Computer,2,6,0,3,0.0,1.28,0.97375
Computer,3,6,0,3,0.0,0.0,1.0091666666666665
Computer,4,6,0,3,3.89,0.0,0.89875
Computer,5,6,0,3,0.29,3.89,1.015
Computer,6,6,0,3,2.79,0.29,1.015
Computer,7,6,0,3,0.0,2.79,1.0054166666666668
Computer,8,6,0,3,0.0,0.0,0.9683333333333334
Computer,9,6,0,3,0.83,0.0,0.9641666666666667
Computer,10,6,0,3,1.03,0.83,1.01125
Computer,11,6,0,3,2.12,1.03,0.9783333333333334
Computer,12,6,0,3,0.44,2.12,0.9783333333333334
Computer,13,6,0,3,0.0,0.44,0.9629166666666666
Computer,14,6,0,3,0.0,0.0,0.9758333333333332
Computer,15,6,0,3,2.31,0.0,1.0666666666666667
Computer,16,6,0,3,3.58,2.31,1.0333333333333334
Computer,17,6,0,3,1.36,3.58,1.0525
Computer,18,6,0,3,1.99,1.36,1.2245833333333334
Computer,19,6,0,3,4.13,1.99,1.2449999999999999
Computer,20,6,0,3,0.49,4.13,1.2779166666666666
Computer,21,6,0,3,1.79,0.49,1.2958333333333332
Computer,22,6,0,3,1.3,1.79,1.4579166666666667
Computer,23,6,0,3,3.89,1.3,1.4412500000000001
Computer,0,7,1,3,1.08,3.89,1.4079166666666667
Computer,1,7,1,3,0.48,1.08,1.49625
Computer,2,7,1,3,2.12,0.48,1.5508333333333333
Computer,3,7,1,3,1.31,2.12,1.38875
Computer,4,7,1,3,0.0,1.31,1.4558333333333333
Computer,5,7,1,3,1.9,0.0,1.4033333333333333
Computer,6,7,1,3,1.53,1.9,1.4033333333333333
Computer,7,7,1,3,0.0,1.53,1.4225
Computer,8,7,1,3,0.46,0.0,1.4004166666666669
Computer,9,7,1,3,0.3,0.46,1.3575000000000002
Computer,10,7,1,3,0.0,0.3,1.3075
Computer,11,7,1,3,0.92,0.0,1.31
Computer,12,7,1,3,0.5,0.92,1.4016666666666666
Computer,13,7,1,3,2.2,0.5,1.4754166666666668
Computer,14,7,1,3,1.77,2.2,1.4337499999999999
Computer,15,7,1,3,1.31,1.77,1.3354166666666665
Computer,16,7,1,3,1.22,1.31,1.4283333333333335
Computer,17,7,1,3,3.59,1.22,1.3454166666666667
Computer,18,7,1,3,0.0,3.59,1.1733333333333333
Computer,19,7,1,3,0.0,0.0,1.1779166666666667
Computer,20,7,1,3,0.6,0.0,1.1520833333333333
Computer,21,7,1,3,1.17,0.6,1.1187500000000001
Computer,22,7,1,3,0.5,1.17,0.9566666666666667
Computer,23,7,1,3,0.0,0.5,0.9995833333333333
Computer,0,8,2,3,2.1100000000000003,0.0,0.9795833333333333
Computer,1,8,2,3,0.0,2.1100000000000003,0.89125
Computer,2,8,2,3,0.0,0.0,0.8804166666666666
Computer,3,8,2,3,1.05,0.0,0.8804166666666666
Computer,4,8,2,3,0.0,1.05,0.80125
Computer,5,8,2,3,0.0,0.0,0.805
Computer,6,8,2,3,1.62,0.0,0.8529166666666667
Computer,7,8,2,3,1.15,1.62,0.8841666666666668
Computer,8,8,2,3,1.21,1.15,0.9370833333333334
Computer,9,8,2,3,1.57,1.21,0.9575
Computer,10,8,2,3,0.49,1.57,1.0008333333333332
Computer,11,8,2,3,1.96,0.49,1.0266666666666666
Computer,12,8,2,3,1.12,1.96,0.9870833333333334
Computer,13,8,2,3,1.25,1.12,0.9133333333333334
Computer,14,8,2,3,0.0,1.25,0.9587499999999999
Computer,15,8,2,3,2.4,0.0,0.97625
Computer,16,8,2,3,1.64,2.4,0.8266666666666667
Computer,17,8,2,3,0.0,1.64,0.8266666666666667
Computer,18,8,2,3,0.0,0.0,0.8741666666666666
Computer,19,8,2,3,1.14,0.0,0.9725
Computer,20,8,2,3,2.96,1.14,1.0070833333333333
Computer,21,8,2,3,2.0,2.96,1.0225
Computer,22,8,2,3,0.87,2.0,1.0966666666666667
Computer,23,8,2,3,1.78,0.87,1.0562500000000001
Computer,0,9,3,3,1.14,1.78,1.0562500000000001
Computer,1,9,3,3,0.0,1.14,1.1183333333333334
Computer,2,9,3,3,1.49,0.0,1.0745833333333332
Computer,3,9,3,3,0.0,1.49,1.1133333333333333
Computer,4,9,3,3,0.93,0.0,1.1854166666666666
Computer,5,9,3,3,1.73,0.93,1.1704166666666667
Computer,6,9,3,3,1.26,1.73,1.1225
Computer,7,9,3,3,0.0,1.26,1.1029166666666665
Computer,8,9,3,3,0.74,0.0,1.0966666666666667
Computer,9,9,3,3,1.42,0.74,1.1095833333333334
Computer,10,9,3,3,0.8,1.42,1.1316666666666666
Computer,11,9,3,3,2.49,0.8,1.085
Computer,12,9,3,3,0.0,2.49,1.1033333333333333
Computer,13,9,3,3,1.69,0.0,1.1033333333333333
Computer,14,9,3,3,0.0,1.69,1.0220833333333335
Computer,15,9,3,3,0.45,0.0,1.0366666666666666
Computer,16,9,3,3,1.99,0.45,1.10875
Computer,17,9,3,3,1.73,1.99,1.10875
Computer,18,9,3,3,0.0,1.73,1.12625
Computer,19,9,3,3,1.56,0.0,1.0029166666666667
Computer,20,9,3,3,0.0,1.56,0.9195833333333333
Computer,21,9,3,3,0.0,0.0,0.8833333333333333
Computer,22,9,3,3,0.0,0.0,0.8545833333333333
Computer,23,9,3,3,1.09,0.0,0.8070833333333333
Computer,0,10,4,3,0.0,1.09,0.8504166666666667
Computer,1,10,4,3,1.04,0.0,0.8675
Computer,2,10,4,3,1.9,1.04,0.8675
Computer,3,10,4,3,0.0,1.9,0.8666666666666667
Computer,4,10,4,3,0.91,0.0,0.8250000000000001
Computer,5,10,4,3,0.73,0.91,0.8212499999999999
Computer,6,10,4,3,1.17,0.73,0.8808333333333332
Computer,7,10,4,3,1.43,1.17,0.93
Computer,8,10,4,3,1.92,1.43,0.9112499999999999
Computer,9,10,4,3,0.97,1.92,0.93
Computer,10,10,4,3,1.25,0.97,0.8262499999999999
Computer,11,10,4,3,0.0,1.25,0.9666666666666667
Computer,12,10,4,3,3.37,0.0,0.9858333333333333
Computer,13,10,4,3,2.15,3.37,0.9858333333333333
Computer,14,10,4,3,0.0,2.15,0.9670833333333332
Computer,15,10,4,3,0.0,0.0,0.8841666666666667
Computer,16,10,4,3,0.0,0.0,0.8854166666666666
Computer,17,10,4,3,1.76,0.0,0.8854166666666666
Computer,18,10,4,3,0.0,1.76,0.8925000000000001
Computer,19,10,4,3,1.73,0.0,0.8925000000000001
Computer,20,10,4,3,0.0,1.73,0.8925000000000001
Computer,21,10,4,3,0.0,0.0,0.9558333333333334
Computer,22,10,4,3,1.52,0.0,0.9104166666666668
Computer,23,10,4,3,0.0,1.52,1.0075
Computer,0,11,5,3,2.33,0.0,1.2137499999999999
Computer,1,11,5,3,5.99,2.33,1.2079166666666665
Computer,2,11,5,3,1.76,5.99,1.2079166666666665
Computer,3,11,5,3,0.0,1.76,1.17
Computer,4,11,5,3,0.0,0.0,1.1995833333333332
Computer,5,11,5,3,1.44,0.0,1.1508333333333334
Computer,6,11,5,3,0.0,1.44,1.1645833333333335
Computer,7,11,5,3,1.76,0.0,1.1112499999999998
Computer,8,11,5,3,0.64,1.76,1.0708333333333333
Computer,9,11,5,3,0.0,0.64,1.01875
Computer,10,11,5,3,0.0,0.0,1.1770833333333333
Computer,11,11,5,3,3.8,0.0,1.0366666666666666
Computer,12,11,5,3,0.0,3.8,1.0054166666666668
Computer,13,11,5,3,1.4,0.0,1.0054166666666668
Computer,14,11,5,3,0.0,1.4,1.0766666666666667
Computer,15,11,5,3,1.71,0.0,1.1195833333333334
Computer,16,11,5,3,1.03,1.71,1.06125
Computer,17,11,5,3,0.36,1.03,1.0999999999999999
Computer,18,11,5,3,0.93,0.36,1.095
Computer,19,11,5,3,1.61,0.93,1.095
Computer,20,11,5,3,0.0,1.61,1.1566666666666665
Computer,21,11,5,3,1.48,0.0,1.0933333333333333
Computer,22,11,5,3,0.0,1.48,1.0933333333333333
Computer,23,11,5,3,0.0,0.0,1.04
Computer,0,12,6,3,1.05,0.0,0.7904166666666667
Computer,1,12,6,3,0.0,1.05,0.7325
Computer,2,12,6,3,0.37,0.0,0.8016666666666667
Computer,3,12,6,3,1.66,0.37,0.81625
Computer,4,12,6,3,0.35,1.66,0.8275
Computer,5,12,6,3,1.71,0.35,0.8979166666666667
Computer,6,12,6,3,1.69,1.71,0.89
Computer,7,12,6,3,1.57,1.69,0.9400000000000001
Computer,8,12,6,3,1.84,1.57,0.9400000000000001
Computer,9,12,6,3,0.0,1.84,1.1675000000000002
Computer,10,12,6,3,5.46,0.0,1.0091666666666665
Computer,11,12,6,3,0.0,5.46,1.0633333333333332
Computer,12,12,6,3,1.3,0.0,1.1445833333333333
Computer,13,12,6,3,3.35,1.3,1.1445833333333333
Computer,14,12,6,3,0.0,3.35,1.0891666666666666
Computer,15,12,6,3,0.38,0.0,1.1791666666666667
Computer,16,12,6,3,3.1900000000000004,0.38,1.1641666666666668
Computer,17,12,6,3,0.0,3.1900000000000004,1.2
Computer,18,12,6,3,1.79,0.0,1.1525
Computer,19,12,6,3,0.47,1.79,1.19375
Computer,20,12,6,3,0.99,0.47,1.1320833333333333
Computer,21,12,6,3,0.0,0.99,1.2354166666666668
Computer,22,12,6,3,2.48,0.0,1.4004166666666666
Computer,23,12,6,3,3.96,2.48,1.5029166666666667
Computer,0,13,0,3,3.51,3.96,1.54625
Computer,1,13,0,3,1.04,3.51,1.6466666666666665
Computer,2,13,0,3,2.78,1.04,1.6679166666666667
Computer,3,13,0,3,2.17,2.78,1.6533333333333333
Computer,4,13,0,3,0.0,2.17,1.6704166666666669
Computer,5,13,0,3,2.12,0.0,1.6758333333333335
Computer,6,13,0,3,1.82,2.12,1.742916666666667
Computer,7,13,0,3,3.18,1.82,1.66625
Computer,8,13,0,3,0.0,3.18,1.80375
Computer,9,13,0,3,3.3000000000000003,0.0,1.57625
Computer,10,13,0,3,0.0,3.3000000000000003,1.6720833333333331
Computer,11,13,0,3,2.3,0.0,1.6179166666666667
Computer,12,13,0,3,0.0,2.3,1.5904166666666668
Computer,13,13,0,3,2.69,0.0,1.7079166666666667
Computer,14,13,0,3,2.8200000000000003,2.69,1.6920833333333334
Computer,15,13,0,3,0.0,2.8200000000000003,1.6566666666666665
Computer,16,13,0,3,2.34,0.0,1.7025
Computer,17,13,0,3,1.1,2.34,1.6279166666666667
Computer,18,13,0,3,0.0,1.1,1.7295833333333335
Computer,19,13,0,3,2.91,0.0,1.7058333333333333
Computer,20,13,0,3,0.42,2.91,1.7316666666666667
Computer,21,13,0,3,0.62,0.42,1.6283333333333336
Computer,22,13,0,3,0.0,0.62,1.5350000000000001
Computer,23,13,0,3,1.72,0.0,1.4804166666666667
Computer,0,14,1,3,2.2,1.72,1.5633333333333332
Computer,1,14,1,3,3.03,2.2,1.4474999999999998
Computer,2,14,1,3,0.0,3.03,1.3570833333333334
Computer,3,14,1,3,0.0,0.0,1.4075
Computer,4,14,1,3,1.21,0.0,1.3191666666666666
Computer,5,14,1,3,0.0,1.21,1.265
Computer,6,14,1,3,0.52,0.0,1.19625
Computer,7,14,1,3,1.53,0.52,1.19625
Computer,8,14,1,3,0.0,1.53,1.10125
Computer,9,14,1,3,1.02,0.0,1.2091666666666667
Computer,10,14,1,3,2.59,1.02,1.1133333333333333
Computer,11,14,1,3,0.0,2.59,1.1133333333333333
Computer,12,14,1,3,0.0,0.0,1.0629166666666667
Computer,13,14,1,3,1.48,0.0,0.9454166666666666
Computer,14,14,1,3,0.0,1.48,1.0708333333333333
Computer,15,14,1,3,3.01,0.0,1.0225
Computer,16,14,1,3,1.18,3.01,1.0595833333333333
Computer,17,14,1,3,1.99,1.18,1.1379166666666667
Computer,18,14,1,3,1.88,1.99,1.0591666666666668
Computer,19,14,1,3,1.02,1.88,1.0416666666666667
Computer,20,14,1,3,0.0,1.02,1.0454166666666667
Computer,21,14,1,3,0.71,0.0,1.0633333333333332
Computer,22,14,1,3,0.43,0.71,0.9916666666666666
Computer,23,14,1,3,0.0,0.43,0.9441666666666667
Computer,0,15,2,3,1.06,0.0,0.8179166666666666
Computer,1,15,2,3,0.0,1.06,0.9424999999999999
Computer,2,15,2,3,2.99,0.0,1.0329166666666667
Computer,3,15,2,3,2.17,2.99,1.1333333333333335
Computer,4,15,2,3,3.62,2.17,1.2020833333333334
Computer,5,15,2,3,1.65,3.62,1.2508333333333332
Computer,6,15,2,3,1.69,1.65,1.1870833333333335
Computer,7,15,2,3,0.0,1.69,1.3275
Computer,8,15,2,3,3.37,0.0,1.3220833333333333
Computer,9,15,2,3,0.89,3.37,1.5441666666666667
Computer,10,15,2,3,7.92,0.89,1.6033333333333335
Computer,11,15,2,3,1.42,7.92,1.7216666666666667
Computer,12,15,2,3,2.84,1.42,1.7416666666666665
Computer,13,15,2,3,1.96,2.84,1.7416666666666665
Computer,14,15,2,3,0.0,1.96,1.61625
Computer,15,15,2,3,0.0,0.0,1.6925
Computer,16,15,2,3,3.01,0.0,1.6095833333333331
Computer,17,15,2,3,0.0,3.01,1.6133333333333333
Computer,18,15,2,3,1.97,0.0,1.6070833333333334
Computer,19,15,2,3,0.87,1.97,1.6070833333333334
Computer,20,15,2,3,0.0,0.87,1.5775
Computer,21,15,2,3,0.0,0.0,1.5595833333333333
Computer,22,15,2,3,0.0,0.0,1.5595833333333333
Computer,23,15,2,3,0.0,0.0,1.5366666666666668
Computer,0,16,3,3,0.51,0.0,1.5545833333333334
Computer,1,16,3,3,0.43,0.51,1.5033333333333332
Computer,2,16,3,3,1.76,0.43,1.4408333333333332
Computer,3,16,3,3,0.67,1.76,1.29
Computer,4,16,3,3,0.0,0.67,1.2975
Computer,5,16,3,3,1.83,0.0,1.3375000000000001
Computer,6,16,3,3,2.65,1.83,1.4295833333333334
Computer,7,16,3,3,2.21,2.65,1.4208333333333334
Computer,8,16,3,3,3.16,2.21,1.4041666666666668
Computer,9,16,3,3,0.49,3.16,1.14
Computer,10,16,3,3,1.58,0.49,1.1416666666666666
Computer,11,16,3,3,1.46,1.58,1.0416666666666667
Computer,12,16,3,3,0.44,1.46,1.0858333333333332
Computer,13,16,3,3,3.02,0.44,1.0858333333333332
Computer,14,16,3,3,0.0,3.02,1.2091666666666667
Computer,15,16,3,3,2.96,0.0,1.1075000000000002
Computer,16,16,3,3,0.57,2.96,1.2170833333333333
Computer,17,16,3,3,2.63,0.57,1.2941666666666667
Computer,18,16,3,3,3.82,2.63,1.3316666666666668
Computer,19,16,3,3,1.77,3.82,1.4541666666666666
Computer,20,16,3,3,2.94,1.77,1.6954166666666666
Computer,21,16,3,3,5.79,2.94,1.7308333333333332
Computer,22,16,3,3,0.85,5.79,1.83875
Computer,23,16,3,3,2.59,0.85,1.8887500000000002
Computer,0,17,4,3,1.71,2.59,1.9083333333333334
Computer,1,17,4,3,0.8999999999999999,1.71,1.835
Computer,2,17,4,3,0.0,0.8999999999999999,1.8524999999999998
Computer,3,17,4,3,1.09,0.0,1.8612499999999998
Computer,4,17,4,3,0.21,1.09,1.835
Computer,5,17,4,3,1.2,0.21,1.7245833333333334
Computer,6,17,4,3,0.0,1.2,1.6575
Computer,7,17,4,3,0.6,0.0,1.5258333333333336
Computer,8,17,4,3,0.0,0.6,1.6937499999999999
Computer,9,17,4,3,4.52,0.0,1.6279166666666667
Computer,10,17,4,3,0.0,4.52,1.6391666666666669
Computer,11,17,4,3,1.73,0.0,1.6208333333333336
Computer,12,17,4,3,0.0,1.73,1.495
Computer,13,17,4,3,0.0,0.0,1.5133333333333334
Computer,14,17,4,3,0.44,0.0,1.39
Computer,15,17,4,3,0.0,0.44,1.3958333333333333
Computer,16,17,4,3,0.71,0.0,1.3504166666666666
Computer,17,17,4,3,1.54,0.71,1.2225
Computer,18,17,4,3,0.75,1.54,1.14875
Computer,19,17,4,3,0.0,0.75,1.0262499999999999
Computer,20,17,4,3,0.0,0.0,0.8591666666666665
Computer,21,17,4,3,1.7799999999999998,0.0,0.8237499999999999
Computer,22,17,4,3,0.0,1.7799999999999998,0.7512499999999999
Computer,23,17,4,3,0.85,0.0,0.68
Computer,0,18,5,3,0.0,0.85,0.7087499999999999
Computer,1,18,5,3,1.59,0.0,0.7087499999999999
Computer,2,18,5,3,0.0,1.59,0.7112499999999998
Computer,3,18,5,3,1.15,0.0,0.7624999999999998
Computer,4,18,5,3,1.44,1.15,0.7124999999999999
Computer,5,18,5,3,0.0,1.44,0.7124999999999999
Computer,6,18,5,3,0.0,0.0,0.8091666666666667
Computer,7,18,5,3,2.92,0.0,0.8091666666666667
Computer,8,18,5,3,0.0,2.92,0.7033333333333333
Computer,9,18,5,3,1.98,0.0,0.7295833333333334
Computer,10,18,5,3,0.63,1.98,0.7554166666666666
Computer,11,18,5,3,2.35,0.63,0.7554166666666666
Computer,12,18,5,3,0.0,2.35,0.7704166666666666
Computer,13,18,5,3,0.36,0.0,0.9166666666666666
Computer,14,18,5,3,3.95,0.36,0.94375
Computer,15,18,5,3,0.65,3.95,0.9141666666666666
Computer,16,18,5,3,0.0,0.65,0.9816666666666666
Computer,17,18,5,3,3.16,0.0,0.9804166666666666
Computer,18,18,5,3,0.72,3.16,1.0870833333333334
Computer,19,18,5,3,2.56,0.72,1.1595833333333332
Computer,20,18,5,3,1.74,2.56,1.1520833333333333
Computer,21,18,5,3,1.6,1.74,1.1520833333333333
Computer,22,18,5,3,0.0,1.6,1.1766666666666665
Computer,23,18,5,3,1.44,0.0,1.3866666666666667
Computer,0,19,6,3,5.04,1.44,1.4033333333333333
Computer,1,19,6,3,1.99,5.04,1.4033333333333333
Computer,2,19,6,3,0.0,1.99,1.3554166666666667
Computer,3,19,6,3,0.0,0.0,1.2954166666666667
Computer,4,19,6,3,0.0,0.0,1.2954166666666667
Computer,5,19,6,3,0.0,0.0,1.3741666666666668
Computer,6,19,6,3,1.89,0.0,1.3812499999999999
Computer,7,19,6,3,3.09,1.89,1.3812499999999999
Computer,8,19,6,3,0.0,3.09,1.3641666666666667
Computer,9,19,6,3,1.57,0.0,1.4866666666666666
Computer,10,19,6,3,3.5700000000000003,1.57,1.38875
Computer,11,19,6,3,0.0,3.5700000000000003,1.4941666666666666
Computer,12,19,6,3,2.53,0.0,1.5533333333333335
Computer,13,19,6,3,1.78,2.53,1.3887500000000002
Computer,14,19,6,3,0.0,1.78,1.4425
Computer,15,19,6,3,1.94,0.0,1.4425
Computer,16,19,6,3,0.0,1.94,1.4279166666666667
Computer,17,19,6,3,2.81,0.0,1.445
Computer,18,19,6,3,1.13,2.81,1.3633333333333333
Computer,19,19,6,3,0.6,1.13,1.2908333333333333
Computer,20,19,6,3,0.0,0.6,1.3295833333333333
Computer,21,19,6,3,2.53,0.0,1.3295833333333333
Computer,22,19,6,3,0.0,2.53,1.2695833333333335
Computer,23,19,6,3,0.0,0.0,1.1120833333333333
Computer,0,20,0,3,1.26,0.0,1.0291666666666666
Computer,1,20,0,3,0.0,1.26,1.1683333333333332
Computer,2,20,0,3,3.34,0.0,1.2904166666666665
Computer,3,20,0,3,2.93,3.34,1.3687500000000001
Computer,4,20,0,3,1.88,2.93,1.3687500000000001
Computer,5,20,0,3,0.0,1.88,1.3404166666666668
Computer,6,20,0,3,1.21,0.0,1.2370833333333333
Computer,7,20,0,3,0.61,1.21,1.2916666666666667
Computer,8,20,0,3,1.31,0.61,1.22625
Computer,9,20,0,3,0.0,1.31,1.1845833333333333
Computer,10,20,0,3,2.5700000000000003,0.0,1.1845833333333333
Computer,11,20,0,3,0.0,2.5700000000000003,1.1537499999999998
Computer,12,20,0,3,1.79,0.0,1.1591666666666667
Computer,13,20,0,3,1.91,1.79,1.1591666666666667
Computer,14,20,0,3,0.0,1.91,1.2508333333333332
Computer,15,20,0,3,4.14,0.0,1.2745833333333334
Computer,16,20,0,3,0.57,4.14,1.1575
Computer,17,20,0,3,0.0,0.57,1.1104166666666666
Computer,18,20,0,3,0.0,0.0,1.1291666666666667
Computer,19,20,0,3,1.05,0.0,1.1791666666666667
Computer,20,20,0,3,1.2,1.05,1.1345833333333333
Computer,21,20,0,3,1.46,1.2,1.2129166666666666
Computer,22,20,0,3,1.88,1.46,1.2541666666666667
Computer,23,20,0,3,0.99,1.88,1.2708333333333333
Computer,0,21,1,3,1.66,0.99,1.4000000000000001
Computer,1,21,1,3,3.1,1.66,1.2608333333333335
Computer,2,21,1,3,0.0,3.1,1.1387500000000002
Computer,3,21,1,3,0.0,0.0,1.0604166666666666
Computer,4,21,1,3,0.0,0.0,1.1354166666666667
Computer,5,21,1,3,1.7999999999999998,0.0,1.1825
Computer,6,21,1,3,2.34,1.7999999999999998,1.1683333333333332
Computer,7,21,1,3,0.27,2.34,1.30375
Computer,8,21,1,3,4.5600000000000005,0.27,1.3870833333333332
Computer,9,21,1,3,2.0,4.5600000000000005,1.3208333333333333
Computer,10,21,1,3,0.98,2.0,1.3208333333333333
Computer,11,21,1,3,0.0,0.98,1.3554166666666667
Computer,12,21,1,3,2.62,0.0,1.2758333333333334
Computer,13,21,1,3,0.0,2.62,1.3554166666666667
Computer,14,21,1,3,1.91,0.0,1.1829166666666666
Computer,15,21,1,3,0.0,1.91,1.1733333333333333
Computer,16,21,1,3,0.34,0.0,1.23125
Computer,17,21,1,3,1.39,0.34,1.2754166666666666
Computer,18,21,1,3,1.06,1.39,1.3245833333333334
Computer,19,21,1,3,2.23,1.06,1.3575
Computer,20,21,1,3,1.99,2.23,1.3337500000000002
Computer,21,21,1,3,0.89,1.99,1.2554166666666666
Computer,22,21,1,3,0.0,0.89,1.2141666666666666
Computer,23,21,1,3,0.0,0.0,1.145
Computer,0,22,2,3,0.0,0.0,1.0783333333333334
Computer,1,22,2,3,1.5,0.0,1.0783333333333334
Computer,2,22,2,3,0.0,1.5,1.1179166666666667
Computer,3,22,2,3,0.95,0.0,1.18125
Computer,4,22,2,3,1.52,0.95,1.20875
Computer,5,22,2,3,2.46,1.52,1.11125
Computer,6,22,2,3,0.0,2.46,1.0999999999999999
Computer,7,22,2,3,0.0,0.0,0.91
Computer,8,22,2,3,0.0,0.0,0.8266666666666667
Computer,9,22,2,3,0.0,0.0,0.7999999999999999
Computer,10,22,2,3,0.34,0.0,0.89125
Computer,11,22,2,3,2.19,0.34,0.9729166666666665
Computer,12,22,2,3,4.58,2.19,0.9974999999999999
Computer,13,22,2,3,0.59,4.58,0.9179166666666666
Computer,14,22,2,3,0.0,0.59,0.9962499999999999
Computer,15,22,2,3,1.88,0.0,0.9820833333333332
Computer,16,22,2,3,0.0,1.88,0.9241666666666667
Computer,17,22,2,3,0.0,0.0,0.9333333333333332
Computer,18,22,2,3,1.28,0.0,0.9058333333333333
Computer,19,22,2,3,1.57,1.28,0.8816666666666667
Computer,20,22,2,3,1.41,1.57,0.8445833333333334
Computer,21,22,2,3,0.0,1.41,1.0066666666666666
Computer,22,22,2,3,3.89,0.0,1.0066666666666666
Computer,23,22,2,3,0.0,3.89,1.1170833333333332
Computer,0,23,3,3,2.65,0.0,1.0775
Computer,1,23,3,3,0.55,2.65,1.16125
Computer,2,23,3,3,2.01,0.55,1.1791666666666667
Computer,3,23,3,3,1.38,2.01,1.19875
Computer,4,23,3,3,1.99,1.38,1.1224999999999998
Computer,5,23,3,3,0.63,1.99,1.2504166666666665
Computer,6,23,3,3,3.0700000000000003,0.63,1.35375
Computer,7,23,3,3,2.48,3.0700000000000003,1.4170833333333333
Computer,8,23,3,3,1.52,2.48,1.4979166666666668
Computer,9,23,3,3,1.94,1.52,1.5420833333333333
Computer,10,23,3,3,1.4,1.94,1.5225
Computer,11,23,3,3,1.72,1.4,1.38875
Computer,12,23,3,3,1.37,1.72,1.4066666666666665
Computer,13,23,3,3,1.02,1.37,1.4066666666666665
Computer,14,23,3,3,0.0,1.02,1.4508333333333334
Computer,15,23,3,3,2.9400000000000004,0.0,1.4508333333333334
Computer,16,23,3,3,0.0,2.9400000000000004,1.5337500000000002
Computer,17,23,3,3,1.99,0.0,1.4804166666666667
Computer,18,23,3,3,0.0,1.99,1.415
Computer,19,23,3,3,0.0,0.0,1.3562500000000002
Computer,20,23,3,3,0.0,0.0,1.3562500000000002
Computer,21,23,3,3,0.0,0.0,1.1941666666666666
Computer,22,23,3,3,0.0,0.0,1.3345833333333335
Computer,23,23,3,3,3.37,0.0,1.35375
Computer,0,24,4,3,3.1100000000000003,3.37,1.3966666666666667
Computer,1,24,4,3,1.5799999999999998,3.1100000000000003,1.4358333333333333
Computer,2,24,4,3,2.95,1.5799999999999998,1.5583333333333333
Computer,3,24,4,3,4.32,2.95,1.5191666666666668
Computer,4,24,4,3,1.05,4.32,1.5633333333333335
Computer,5,24,4,3,1.69,1.05,1.4354166666666668
Computer,6,24,4,3,0.0,1.69,1.4804166666666667
Computer,7,24,4,3,3.56,0.0,1.4741666666666668
Computer,8,24,4,3,1.37,3.56,1.4037500000000003
Computer,9,24,4,3,0.25,1.37,1.345416666666667
Computer,10,24,4,3,0.0,0.25,1.3466666666666667
Computer,11,24,4,3,1.75,0.0,1.2895833333333333
Computer,12,24,4,3,0.0,1.75,1.29875
Computer,13,24,4,3,1.24,0.0,1.3529166666666665
Computer,14,24,4,3,1.3,1.24,1.2304166666666667
Computer,15,24,4,3,0.0,1.3,1.2304166666666667
Computer,16,24,4,3,0.0,0.0,1.1475
Computer,17,24,4,3,0.0,0.0,1.1475
Computer,18,24,4,3,0.0,0.0,1.2270833333333333
Computer,19,24,4,3,1.91,0.0,1.305
Computer,20,24,4,3,1.87,1.91,1.3454166666666667
Computer,21,24,4,3,0.97,1.87,1.4100000000000001
Computer,22,24,4,3,1.55,0.97,1.2695833333333333
Computer,23,24,4,3,0.0,1.55,1.14
Computer,0,25,5,3,0.0,0.0,1.0741666666666667
Computer,1,25,5,3,0.0,0.0,0.9512499999999999
Computer,2,25,5,3,0.0,0.0,0.8062499999999999
Computer,3,25,5,3,0.84,0.0,0.8020833333333334
Computer,4,25,5,3,0.95,0.84,0.8708333333333332
Computer,5,25,5,3,3.34,0.95,0.8708333333333332
Computer,6,25,5,3,0.0,3.34,0.7895833333333333
Computer,7,25,5,3,1.61,0.0,0.7658333333333335
Computer,8,25,5,3,0.8,1.61,0.7554166666666667
Computer,9,25,5,3,0.0,0.8,0.7554166666666667
Computer,10,25,5,3,0.0,0.0,0.6825000000000001
Computer,11,25,5,3,0.0,0.0,0.7675000000000001
Computer,12,25,5,3,2.04,0.0,0.7991666666666667
Computer,13,25,5,3,2.0,2.04,0.8470833333333334
Computer,14,25,5,3,2.45,2.0,0.8470833333333333
Computer,15,25,5,3,0.0,2.45,0.9937499999999999
Computer,16,25,5,3,3.52,0.0,1.0054166666666668
Computer,17,25,5,3,0.28,3.52,1.0333333333333334
Computer,18,25,5,3,0.67,0.28,0.9862500000000001
Computer,19,25,5,3,0.78,0.67,0.9083333333333333
Computer,20,25,5,3,0.0,0.78,1.1341666666666665
Computer,21,25,5,3,6.39,0.0,1.17375
Computer,22,25,5,3,2.5,6.39,1.2658333333333334
Computer,23,25,5,3,2.21,2.5,1.2658333333333334
Computer,0,26,6,3,0.0,2.21,1.29125
Computer,1,26,6,3,0.61,0.0,1.4191666666666667
Computer,2,26,6,3,3.07,0.61,1.3841666666666665
Computer,3,26,6,3,0.0,3.07,1.4004166666666666
Computer,4,26,6,3,1.34,0.0,1.26125
Computer,5,26,6,3,0.0,1.34,1.2612500000000002
Computer,6,26,6,3,0.0,0.0,1.2541666666666667
Computer,7,26,6,3,1.44,0.0,1.30375
Computer,8,26,6,3,1.99,1.44,1.3575
Computer,9,26,6,3,1.29,1.99,1.4095833333333332
Computer,10,26,6,3,1.25,1.29,1.4095833333333332
Computer,11,26,6,3,0.0,1.25,1.3245833333333332
Computer,12,26,6,3,0.0,0.0,1.3204166666666666
Computer,13,26,6,3,1.9,0.0,1.3483333333333334
Computer,14,26,6,3,3.12,1.9,1.3712499999999999
Computer,15,26,6,3,0.55,3.12,1.2862500000000001
Computer,16,26,6,3,1.48,0.55,1.3645833333333333
Computer,17,26,6,3,2.16,1.48,1.5
Computer,18,26,6,3,3.92,2.16,1.49875
Computer,19,26,6,3,0.75,3.92,1.49875
Computer,20,26,6,3,0.0,0.75,1.2325
Computer,21,26,6,3,0.0,0.0,1.1283333333333332
Computer,22,26,6,3,0.0,0.0,1.11625
Computer,23,26,6,3,1.92,0.0,1.1545833333333333
Computer,0,27,0,3,0.92,1.92,1.1291666666666667
Computer,1,27,0,3,0.0,0.92,1.00125
Computer,2,27,0,3,0.0,0.0,1.00125
Computer,3,27,0,3,0.0,0.0,1.0912499999999998
Computer,4,27,0,3,3.5,0.0,1.1141666666666665
Computer,5,27,0,3,0.55,3.5,1.1841666666666666
Computer,6,27,0,3,1.68,0.55,1.1954166666666668
Computer,7,27,0,3,1.71,1.68,1.2316666666666667
Computer,8,27,0,3,2.86,1.71,1.2566666666666666
Computer,9,27,0,3,1.89,2.86,1.2529166666666667
Computer,10,27,0,3,1.16,1.89,1.3358333333333334
Computer,11,27,0,3,1.99,1.16,1.405
Computer,12,27,0,3,1.66,1.99,1.3966666666666667
Computer,13,27,0,3,1.7,1.66,1.2841666666666667
Computer,14,27,0,3,0.42,1.7,1.3379166666666666
Computer,15,27,0,3,1.84,0.42,1.315
Computer,16,27,0,3,0.93,1.84,1.2249999999999999
Computer,17,27,0,3,0.0,0.93,1.2066666666666668
Computer,18,27,0,3,3.48,0.0,1.1754166666666668
Computer,19,27,0,3,0.0,3.48,1.1754166666666668
Computer,20,27,0,3,0.0,0.0,1.2170833333333333
Computer,21,27,0,3,1.0,0.0,1.3083333333333333
Computer,22,27,0,3,2.19,1.0,1.2920833333333333
Computer,23,27,0,3,1.53,2.19,1.3083333333333333
Computer,0,28,1,3,1.31,1.53,1.3083333333333333
Computer,1,28,1,3,0.0,1.31,1.3425
Computer,2,28,1,3,0.82,0.0,1.3425
Computer,3,28,1,3,0.0,0.82,1.2929166666666667
Computer,4,28,1,3,2.31,0.0,1.3054166666666667
Computer,5,28,1,3,0.85,2.31,1.2354166666666666
Computer,6,28,1,3,0.0,0.85,1.1641666666666666
Computer,7,28,1,3,0.0,0.0,1.1670833333333335
Computer,8,28,1,3,2.93,0.0,1.1512499999999999
Computer,9,28,1,3,1.51,2.93,1.1029166666666665
Computer,10,28,1,3,0.0,1.51,1.0825
Computer,11,28,1,3,1.5,0.0,1.1225
Computer,12,28,1,3,2.62,1.5,1.0679166666666668
Computer,13,28,1,3,0.39,2.62,1.1233333333333333
Computer,14,28,1,3,1.75,0.39,1.0466666666666666
Computer,15,28,1,3,0.0,1.75,1.1258333333333332
Computer,16,28,1,3,2.83,0.0,1.1691666666666667
Computer,17,28,1,3,1.04,2.83,1.1058333333333332
Computer,18,28,1,3,1.96,1.04,1.1241666666666668
Computer,19,28,1,3,0.44,1.96,1.2354166666666666
Computer,20,28,1,3,2.67,0.44,1.3033333333333335
Computer,21,28,1,3,2.63,2.67,1.2120833333333334
Computer,22,28,1,3,0.0,2.63,1.2141666666666666
Computer,23,28,1,3,1.58,0.0,1.235
Computer,0,29,2,3,1.81,1.58,1.4383333333333332
Computer,1,29,2,3,4.88,1.81,1.4354166666666668
Computer,2,29,2,3,0.75,4.88,1.4854166666666666
Computer,3,29,2,3,1.2,0.75,1.4437500000000003
Computer,4,29,2,3,1.31,1.2,1.4083333333333334
Computer,5,29,2,3,0.0,1.31,1.4591666666666667
Computer,6,29,2,3,1.22,0.0,1.4841666666666669
Computer,7,29,2,3,0.6,1.22,1.3620833333333335
Computer,8,29,2,3,0.0,0.6,1.2991666666666666
Computer,9,29,2,3,0.0,0.0,1.37625
Computer,10,29,2,3,1.85,0.0,1.31375
Computer,11,29,2,3,0.0,1.85,1.2783333333333333
Computer,12,29,2,3,1.77,0.0,1.4495833333333332
Computer,13,29,2,3,4.5,1.77,1.3766666666666667
Computer,14,29,2,3,0.0,4.5,1.3766666666666667
Computer,15,29,2,3,0.0,0.0,1.2891666666666668
Computer,16,29,2,3,0.73,0.0,1.2916666666666667
Computer,17,29,2,3,1.1,0.73,1.2100000000000002
Computer,18,29,2,3,0.0,1.1,1.2720833333333335
Computer,19,29,2,3,1.93,0.0,1.2045833333333333
Computer,20,29,2,3,1.05,1.93,1.10375
Computer,21,29,2,3,0.21,1.05,1.1233333333333333
Computer,22,29,2,3,0.47,0.21,1.1058333333333334
Computer,23,29,2,3,1.16,0.47,1.3533333333333333
Computer,0,30,3,3,7.75,1.16,1.1500000000000001
Computer,1,30,3,3,0.0,7.75,1.19125
Computer,2,30,3,3,1.74,0.0,1.1866666666666668
Computer,3,30,3,3,1.09,1.74,1.17125
Computer,4,30,3,3,0.94,1.09,1.265
Computer,5,30,3,3,2.25,0.94,1.2866666666666666
Computer,6,30,3,3,1.74,2.25,1.2616666666666667
Computer,7,30,3,3,0.0,1.74,1.3083333333333333
Computer,8,30,3,3,1.12,0.0,1.3083333333333333
Computer,9,30,3,3,0.0,1.12,1.26375
Computer,10,30,3,3,0.78,0.0,1.26375
Computer,11,30,3,3,0.0,0.78,1.1900000000000002
Computer,12,30,3,3,0.0,0.0,1.0025000000000002
Computer,13,30,3,3,0.0,0.0,1.0795833333333333
Computer,14,30,3,3,1.85,0.0,1.1591666666666667
Computer,15,30,3,3,1.91,1.85,1.1895833333333334
Computer,16,30,3,3,1.46,1.91,1.1675
Computer,17,30,3,3,0.57,1.46,1.2416666666666665
Computer,18,30,3,3,1.78,0.57,1.16125
Computer,19,30,3,3,0.0,1.78,1.2699999999999998
Computer,20,30,3,3,3.66,0.0,1.26125
Computer,21,30,3,3,0.0,3.66,1.2416666666666665
Computer,22,30,3,3,0.0,0.0,1.2408333333333332
Computer,23,30,3,3,1.14,0.0,0.9179166666666667
Computer,0,31,4,3,0.0,1.14,1.0129166666666667
Computer,1,31,4,3,2.28,0.0,1.02375
Computer,2,31,4,3,2.0,2.28,1.02375
Computer,3,31,4,3,1.09,2.0,1.0608333333333333
Computer,4,31,4,3,1.83,1.09,0.9670833333333332
Computer,5,31,4,3,0.0,1.83,0.8945833333333333
Computer,6,31,4,3,0.0,0.0,0.9387500000000001
Computer,7,31,4,3,1.06,0.0,0.8920833333333333
Computer,8,31,4,3,0.0,1.06,0.96125
Computer,9,31,4,3,1.66,0.0,1.0029166666666665
Computer,10,31,4,3,1.78,1.66,1.08125
Computer,11,31,4,3,1.88,1.78,1.0962500000000002
Computer,12,31,4,3,0.36,1.88,1.1716666666666666
Computer,13,31,4,3,1.81,0.36,1.0945833333333332
Computer,14,31,4,3,0.0,1.81,1.1033333333333333
Computer,15,31,4,3,2.12,0.0,1.0425
Computer,16,31,4,3,0.0,2.12,1.07625
Computer,17,31,4,3,1.38,0.0,1.0020833333333334
Computer,18,31,4,3,0.0,1.38,1.1829166666666666
Computer,19,31,4,3,4.34,0.0,1.0854166666666667
Computer,20,31,4,3,1.32,4.34,1.15375
Computer,21,31,4,3,1.64,1.32,1.2533333333333334
Computer,22,31,4,3,2.39,1.64,1.2666666666666666
Computer,23,31,4,3,1.46,2.39,1.33875
Computer,0,1,5,4,1.73,1.46,1.24375
Computer,1,1,5,4,0.0,1.73,1.1604166666666667
Computer,2,1,5,4,0.0,0.0,1.1370833333333332
Computer,3,1,5,4,0.53,0.0,1.0608333333333333
Computer,4,1,5,4,0.0,0.53,1.16625
Computer,5,1,5,4,2.53,0.0,1.2016666666666667
Computer,6,1,5,4,0.85,2.53,1.4141666666666666
Computer,7,1,5,4,6.16,0.85,1.4529166666666666
Computer,8,1,5,4,0.93,6.16,1.4645833333333333
Computer,9,1,5,4,1.94,0.93,1.5870833333333334
Computer,10,1,5,4,4.72,1.94,1.5087499999999998
Computer,11,1,5,4,0.0,4.72,1.4937499999999997
Computer,12,1,5,4,0.0,0.0,1.4312499999999997
Computer,13,1,5,4,0.31,0.0,1.4912499999999997
Computer,14,1,5,4,1.44,0.31,1.48125
Computer,15,1,5,4,1.88,1.44,1.5204166666666665
Computer,16,1,5,4,0.94,1.88,1.5224999999999997
Computer,17,1,5,4,1.43,0.94,1.6054166666666665
Computer,18,1,5,4,1.99,1.43,1.45375
Computer,19,1,5,4,0.7,1.99,1.39875
Computer,20,1,5,4,0.0,0.7,1.3304166666666666
Computer,21,1,5,4,0.0,0.0,1.2308333333333332
Computer,22,1,5,4,0.0,0.0,1.34375
Computer,23,1,5,4,4.17,0.0,1.3095833333333333
Computer,0,2,6,4,0.91,4.17,1.5091666666666665
Computer,1,2,6,4,4.79,0.91,1.6458333333333333
Computer,2,2,6,4,3.28,4.79,1.6616666666666664
Computer,3,2,6,4,0.91,3.28,1.6616666666666664
Computer,4,2,6,4,0.0,0.91,1.5562499999999997
Computer,5,2,6,4,0.0,0.0,1.5791666666666666
Computer,6,2,6,4,1.4,0.0,1.41875
Computer,7,2,6,4,2.31,1.4,1.38
Computer,8,2,6,4,0.0,2.31,1.3991666666666667
Computer,9,2,6,4,2.4000000000000004,0.0,1.2025
Computer,10,2,6,4,0.0,2.4000000000000004,1.30125
Computer,11,2,6,4,2.37,0.0,1.30125
Computer,12,2,6,4,0.0,2.37,1.4983333333333333
Computer,13,2,6,4,5.04,0.0,1.4520833333333332
Computer,14,2,6,4,0.33,5.04,1.37375
Computer,15,2,6,4,0.0,0.33,1.3345833333333335
Computer,16,2,6,4,0.0,0.0,1.3795833333333334
Computer,17,2,6,4,2.51,0.0,1.2966666666666666
Computer,18,2,6,4,0.0,2.51,1.2674999999999998
Computer,19,2,6,4,0.0,0.0,1.3324999999999998
Computer,20,2,6,4,1.56,0.0,1.3979166666666665
Computer,21,2,6,4,1.57,1.56,1.5475
Computer,22,2,6,4,3.59,1.57,1.4566666666666663
Computer,23,2,6,4,1.99,3.59,1.4904166666666665
Computer,0,3,0,4,1.72,1.99,1.3395833333333333
Computer,1,3,0,4,1.17,1.72,1.3779166666666667
Computer,2,3,0,4,4.2,1.17,1.34
Computer,3,3,0,4,0.0,4.2,1.4804166666666667
Computer,4,3,0,4,3.37,0.0,1.7000000000000002
Computer,5,3,0,4,5.27,3.37,1.7683333333333333
Computer,6,3,0,4,3.04,5.27,1.6720833333333334
Computer,7,3,0,4,0.0,3.04,1.7045833333333336
Computer,8,3,0,4,0.78,0.0,1.6499999999999997
Computer,9,3,0,4,1.09,0.78,1.6499999999999997
Computer,10,3,0,4,0.0,1.09,1.5733333333333333
Computer,11,3,0,4,0.53,0.0,1.5733333333333333
Computer,12,3,0,4,0.0,0.53,1.3954166666666667
Computer,13,3,0,4,0.77,0.0,1.41375
Computer,14,3,0,4,0.77,0.77,1.41375
Computer,15,3,0,4,0.0,0.77,1.4704166666666667
Computer,16,3,0,4,1.36,0.0,1.4325
Computer,17,3,0,4,1.6,1.36,1.4529166666666666
Computer,18,3,0,4,0.49,1.6,1.4529166666666669
Computer,19,3,0,4,0.0,0.49,1.5041666666666667
Computer,20,3,0,4,2.79,0.0,1.43875
Computer,21,3,0,4,0.0,2.79,1.4216666666666669
Computer,22,3,0,4,3.18,0.0,1.3775000000000002
Computer,23,3,0,4,0.93,3.18,1.3820833333333333
Computer,0,4,1,4,1.83,0.93,1.3920833333333331
Computer,1,4,1,4,1.41,1.83,1.32375
Computer,2,4,1,4,2.56,1.41,1.3412499999999998
Computer,3,4,1,4,0.42,2.56,1.2541666666666667
Computer,4,4,1,4,1.28,0.42,1.1166666666666665
Computer,5,4,1,4,1.97,1.28,0.9899999999999999
Computer,6,4,1,4,0.0,1.97,1.2145833333333333
Computer,7,4,1,4,5.39,0.0,1.2979166666666668
Computer,8,4,1,4,2.78,5.39,1.29125
Computer,9,4,1,4,0.93,2.78,1.29125
Computer,10,4,1,4,0.0,0.93,1.3275
Computer,11,4,1,4,1.4,0.0,1.3724999999999998
Computer,12,4,1,4,1.08,1.4,1.3695833333333332
Computer,13,4,1,4,0.7,1.08,1.3375000000000001
Computer,14,4,1,4,0.0,0.7,1.3458333333333334
Computer,15,4,1,4,0.2,0.0,1.4079166666666667
Computer,16,4,1,4,2.85,0.2,1.3412499999999998
Computer,17,4,1,4,0.0,2.85,1.5645833333333332
Computer,18,4,1,4,5.85,0.0,1.5645833333333332
Computer,19,4,1,4,0.0,5.85,1.5491666666666666
Computer,20,4,1,4,2.42,0.0,1.6575
Computer,21,4,1,4,2.6,2.42,1.5804166666666666
Computer,22,4,1,4,1.33,2.6,1.6991666666666667
Computer,23,4,1,4,3.78,1.33,1.6445833333333333
Computer,0,5,2,4,0.52,3.78,1.6120833333333333
Computer,1,5,2,4,0.63,0.52,1.5545833333333332
Computer,2,5,2,4,1.18,0.63,1.5666666666666667
Computer,3,5,2,4,0.71,1.18,1.5133333333333334
Computer,4,5,2,4,0.0,0.71,1.5370833333333334
Computer,5,5,2,4,2.54,0.0,1.6216666666666668
Computer,6,5,2,4,2.03,2.54,1.3970833333333335
Computer,7,5,2,4,0.0,2.03,1.2966666666666666
Computer,8,5,2,4,0.37,0.0,1.3958333333333333
Computer,9,5,2,4,3.31,0.37,1.3958333333333333
Computer,10,5,2,4,0.0,3.31,1.3375000000000001
Computer,11,5,2,4,0.0,0.0,1.32625
Computer,12,5,2,4,0.81,0.0,1.2970833333333334
Computer,13,5,2,4,0.0,0.81,1.3233333333333335
Computer,14,5,2,4,0.63,0.0,1.3708333333333333
Computer,15,5,2,4,1.34,0.63,1.35125
Computer,16,5,2,4,2.38,1.34,1.4695833333333332
Computer,17,5,2,4,2.84,2.38,1.3491666666666664
Computer,18,5,2,4,2.96,2.84,1.383333333333333
Computer,19,5,2,4,0.82,2.96,1.315
Computer,20,5,2,4,0.78,0.82,1.2066666666666666
Computer,21,5,2,4,0.0,0.78,1.1512499999999999
Computer,22,5,2,4,0.0,0.0,1.0825
Computer,23,5,2,4,2.13,0.0,1.11375
Computer,0,6,3,4,1.27,2.13,1.0875000000000001
Computer,1,6,3,4,0.0,1.27,1.08625
Computer,2,6,3,4,1.15,0.0,1.1745833333333333
Computer,3,6,3,4,2.83,1.15,1.3945833333333333
Computer,4,6,3,4,5.28,2.83,1.28875
Computer,5,6,3,4,0.0,5.28,1.2041666666666666
Computer,6,6,3,4,0.0,0.0,1.21625
Computer,7,6,3,4,0.29,0.0,1.2583333333333333
Computer,8,6,3,4,1.38,0.29,1.1925000000000001
Computer,9,6,3,4,1.73,1.38,1.2795833333333333
Computer,10,6,3,4,2.09,1.73,1.3383333333333332
Computer,11,6,3,4,1.41,2.09,1.3045833333333334
Computer,12,6,3,4,0.0,1.41,1.3045833333333334
Computer,13,6,3,4,0.0,0.0,1.2783333333333333
Computer,14,6,3,4,0.0,0.0,1.2225
Computer,15,6,3,4,0.0,0.0,1.1233333333333333
Computer,16,6,3,4,0.0,0.0,1.0266666666666666
Computer,17,6,3,4,0.52,0.0,0.9145833333333333
Computer,18,6,3,4,0.27,0.52,1.04375
Computer,19,6,3,4,3.92,0.27,1.0620833333333335
Computer,20,6,3,4,1.22,3.92,1.0620833333333335
Computer,21,6,3,4,0.0,1.22,1.0620833333333335
Computer,22,6,3,4,0.0,0.0,1.0545833333333332
Computer,23,6,3,4,1.95,0.0,1.0016666666666667
Computer,0,7,4,4,0.0,1.95,1.0016666666666667
Computer,1,7,4,4,0.0,0.0,0.95375
Computer,2,7,4,4,0.0,0.0,0.93
Computer,3,7,4,4,2.26,0.0,0.745
Computer,4,7,4,4,0.84,2.26,0.80125
Computer,5,7,4,4,1.35,0.84,0.8012499999999999
Computer,6,7,4,4,0.0,1.35,0.8883333333333332
Computer,7,7,4,4,2.38,0.0,0.9166666666666666
Computer,8,7,4,4,2.06,2.38,0.8691666666666666
Computer,9,7,4,4,0.59,2.06,0.9262499999999999
Computer,10,7,4,4,3.46,0.59,0.9879166666666666
Computer,11,7,4,4,2.89,3.46,1.035
Computer,12,7,4,4,1.13,2.89,1.035
Computer,13,7,4,4,0.0,1.13,1.10625
Computer,14,7,4,4,1.71,0.0,1.1270833333333332
Computer,15,7,4,4,0.5,1.71,1.1962499999999998
Computer,16,7,4,4,1.66,0.5,1.2075
Computer,17,7,4,4,0.79,1.66,1.3658333333333335
Computer,18,7,4,4,4.07,0.79,1.2645833333333332
Computer,19,7,4,4,1.49,4.07,1.3266666666666667
Computer,20,7,4,4,2.71,1.49,1.3266666666666667
Computer,21,7,4,4,0.0,2.71,1.3266666666666667
Computer,22,7,4,4,0.0,0.0,1.2975
Computer,23,7,4,4,1.25,0.0,1.2975
Computer,0,8,5,4,0.0,1.25,1.2975
Computer,1,8,5,4,0.0,0.0,1.4108333333333334
Computer,2,8,5,4,2.72,0.0,1.4016666666666666
Computer,3,8,5,4,2.04,2.72,1.3666666666666665
Computer,4,8,5,4,0.0,2.04,1.4354166666666668
Computer,5,8,5,4,3.0,0.0,1.5599999999999998
Computer,6,8,5,4,2.99,3.0,1.5345833333333332
Computer,7,8,5,4,1.77,2.99,1.4487500000000002
Computer,8,8,5,4,0.0,1.77,1.4454166666666666
Computer,9,8,5,4,0.51,0.0,1.3741666666666665
Computer,10,8,5,4,1.75,0.51,1.2537500000000001
Computer,11,8,5,4,0.0,1.75,1.2445833333333334
Computer,12,8,5,4,0.91,0.0,1.2554166666666666
Computer,13,8,5,4,0.26,0.91,1.2066666666666668
Computer,14,8,5,4,0.54,0.26,1.1858333333333333
Computer,15,8,5,4,0.0,0.54,1.2083333333333335
Computer,16,8,5,4,2.2,0.0,1.2570833333333333
Computer,17,8,5,4,1.96,2.2,1.0875000000000001
Computer,18,8,5,4,0.0,1.96,1.0254166666666666
Computer,19,8,5,4,0.0,0.0,0.9320833333333334
Computer,20,8,5,4,0.47,0.0,0.9320833333333334
Computer,21,8,5,4,0.0,0.47,0.9320833333333334
Computer,22,8,5,4,0.0,0.0,0.9362499999999999
Computer,23,8,5,4,1.35,0.0,1.0629166666666665
Computer,0,9,6,4,3.04,1.35,1.175
Computer,1,9,6,4,2.69,3.04,1.0616666666666668
Computer,2,9,6,4,0.0,2.69,1.0566666666666669
Computer,3,9,6,4,1.92,0.0,1.0741666666666667
Computer,4,9,6,4,0.42,1.92,1.0354166666666667
Computer,5,9,6,4,2.07,0.42,0.9362499999999999
Computer,6,9,6,4,0.61,2.07,1.10625
Computer,7,9,6,4,5.8500000000000005,0.61,1.1187500000000001
Computer,8,9,6,4,0.3,5.8500000000000005,1.0975
Computer,9,9,6,4,0.0,0.3,1.1033333333333333
Computer,10,9,6,4,1.89,0.0,1.1591666666666667
Computer,11,9,6,4,1.34,1.89,1.2370833333333333
Computer,12,9,6,4,2.78,1.34,1.29125
Computer,13,9,6,4,1.56,2.78,1.32
Computer,14,9,6,4,1.23,1.56,1.32
Computer,15,9,6,4,0.0,1.23,1.2283333333333333
Computer,16,9,6,4,0.0,0.0,1.3970833333333335
Computer,17,9,6,4,6.01,0.0,1.4245833333333333
Computer,18,9,6,4,0.66,6.01,1.4766666666666666
Computer,19,9,6,4,1.25,0.66,1.6516666666666666
Computer,20,9,6,4,4.67,1.25,1.7004166666666667
Computer,21,9,6,4,1.17,4.67,1.765
Computer,22,9,6,4,1.55,1.17,1.7695833333333333
Computer,23,9,6,4,1.46,1.55,1.6429166666666666
Computer,0,10,0,4,0.0,1.46,1.6408333333333331
Computer,1,10,0,4,2.64,0.0,1.6408333333333331
Computer,2,10,0,4,0.0,2.64,1.58125
Computer,3,10,0,4,0.49,0.0,1.6408333333333334
Computer,4,10,0,4,1.85,0.49,1.5545833333333334
Computer,5,10,0,4,0.0,1.85,1.5291666666666668
Computer,6,10,0,4,0.0,0.0,1.5058333333333334
Computer,7,10,0,4,5.29,0.0,1.4933333333333334
Computer,8,10,0,4,0.0,5.29,1.5741666666666667
Computer,9,10,0,4,1.94,0.0,1.4954166666666666
Computer,10,10,0,4,0.0,1.94,1.4395833333333332
Computer,11,10,0,4,0.0,0.0,1.3733333333333333
Computer,12,10,0,4,1.19,0.0,1.3083333333333333
Computer,13,10,0,4,0.0,1.19,1.3808333333333334
Computer,14,10,0,4,2.97,0.0,1.3808333333333334
Computer,15,10,0,4,0.0,2.97,1.4729166666666667
Computer,16,10,0,4,2.21,0.0,1.3399999999999999
Computer,17,10,0,4,2.82,2.21,1.35625
Computer,18,10,0,4,1.05,2.82,1.3041666666666667
Computer,19,10,0,4,0.0,1.05,1.2416666666666667
Computer,20,10,0,4,3.17,0.0,1.1929166666666666
Computer,21,10,0,4,0.0,3.17,1.1475
Computer,22,10,0,4,0.46,0.0,1.2220833333333332
Computer,23,10,0,4,3.25,0.46,1.2220833333333332
Computer,0,11,1,4,0.0,3.25,1.1120833333333333
Computer,1,11,1,4,0.0,0.0,1.1312499999999999
Computer,2,11,1,4,0.46,0.0,1.25375
Computer,3,11,1,4,3.43,0.46,1.2370833333333333
Computer,4,11,1,4,1.45,3.43,1.3554166666666667
Computer,5,11,1,4,2.84,1.45,1.3554166666666667
Computer,6,11,1,4,0.0,2.84,1.1716666666666666
Computer,7,11,1,4,0.88,0.0,1.2454166666666666
Computer,8,11,1,4,1.77,0.88,1.1645833333333333
Computer,9,11,1,4,0.0,1.77,1.2329166666666667
Computer,10,11,1,4,1.64,0.0,1.375
Computer,11,11,1,4,3.41,1.64,1.3724999999999998
Computer,12,11,1,4,1.13,3.41,1.3724999999999998
Computer,13,11,1,4,0.0,1.13,1.3416666666666668
Computer,14,11,1,4,2.23,0.0,1.3416666666666668
Computer,15,11,1,4,0.0,2.23,1.2495833333333333
Computer,16,11,1,4,0.0,0.0,1.1320833333333333
Computer,17,11,1,4,0.0,0.0,1.1595833333333332
Computer,18,11,1,4,1.71,0.0,1.2845833333333332
Computer,19,11,1,4,3.0,1.71,1.1525
Computer,20,11,1,4,0.0,3.0,1.1525
Computer,21,11,1,4,0.0,0.0,1.165
Computer,22,11,1,4,0.76,0.0,1.0295833333333333
Computer,23,11,1,4,0.0,0.76,1.23125
Computer,0,12,2,4,4.84,0.0,1.3279166666666666
Computer,1,12,2,4,2.3200000000000003,4.84,1.5129166666666667
Computer,2,12,2,4,4.9,2.3200000000000003,1.4191666666666667
Computer,3,12,2,4,1.18,4.9,1.475833333333333
Computer,4,12,2,4,2.81,1.18,1.3575
Computer,5,12,2,4,0.0,2.81,1.3575
Computer,6,12,2,4,0.0,0.0,1.3770833333333334
Computer,7,12,2,4,1.35,0.0,1.3033333333333335
Computer,8,12,2,4,0.0,1.35,1.3554166666666667
Computer,9,12,2,4,1.25,0.0,1.2870833333333334
Computer,10,12,2,4,0.0,1.25,1.145
Computer,11,12,2,4,0.0,0.0,1.0979166666666667
Computer,12,12,2,4,0.0,0.0,1.1241666666666668
Computer,13,12,2,4,0.63,0.0,1.1779166666666667
Computer,14,12,2,4,3.52,0.63,1.4316666666666666
Computer,15,12,2,4,6.09,3.52,1.5308333333333335
Computer,16,12,2,4,2.38,6.09,1.6820833333333336
Computer,17,12,2,4,3.63,2.38,1.6220833333333333
Computer,18,12,2,4,0.27,3.63,1.5608333333333333
Computer,19,12,2,4,1.53,0.27,1.6079166666666669
Computer,20,12,2,4,1.13,1.53,1.6500000000000001
Computer,21,12,2,4,1.01,1.13,1.6183333333333334
Computer,22,12,2,4,0.0,1.01,1.65125
Computer,23,12,2,4,0.79,0.0,1.5354166666666667
Computer,0,13,3,4,2.06,0.79,1.51
Computer,1,13,3,4,1.71,2.06,1.3866666666666667
Computer,2,13,3,4,1.94,1.71,1.4066666666666665
Computer,3,13,3,4,1.66,1.94,1.2895833333333333
Computer,4,13,3,4,0.0,1.66,1.4658333333333333
Computer,5,13,3,4,4.23,0.0,1.4779166666666665
Computer,6,13,3,4,0.29,4.23,1.5233333333333332
Computer,7,13,3,4,2.44,0.29,1.5233333333333332
Computer,8,13,3,4,0.0,2.44,1.5283333333333333
Computer,9,13,3,4,1.37,0.0,1.5283333333333333
Computer,10,13,3,4,0.0,1.37,1.5283333333333333
Computer,11,13,3,4,0.0,0.0,1.5283333333333333
Computer,12,13,3,4,0.0,0.0,1.5708333333333335
Computer,13,13,3,4,1.65,0.0,1.4241666666666666
Computer,14,13,3,4,0.0,1.65,1.1879166666666665
Computer,15,13,3,4,0.42,0.0,1.2570833333333333
Computer,16,13,3,4,4.04,0.42,1.1058333333333332
Computer,17,13,3,4,0.0,4.04,1.1808333333333334
Computer,18,13,3,4,2.0700000000000003,0.0,1.1945833333333333
Computer,19,13,3,4,1.86,2.0700000000000003,1.2170833333333333
Computer,20,13,3,4,1.67,1.86,1.1979166666666667
Computer,21,13,3,4,0.55,1.67,1.2425
Computer,22,13,3,4,1.07,0.55,1.24625
Computer,23,13,3,4,0.88,1.07,1.2975
Computer,0,14,4,4,3.29,0.88,1.22625
Computer,1,14,4,4,0.0,3.29,1.1454166666666667
Computer,2,14,4,4,0.0,0.0,1.1404166666666666
Computer,3,14,4,4,1.54,0.0,1.1404166666666666
Computer,4,14,4,4,0.0,1.54,1.1845833333333333
Computer,5,14,4,4,5.29,0.0,1.1725
Computer,6,14,4,4,0.0,5.29,1.0708333333333333
Computer,7,14,4,4,0.0,0.0,1.0708333333333333
Computer,8,14,4,4,0.0,0.0,1.08
Computer,9,14,4,4,1.59,0.0,1.1604166666666667
Computer,10,14,4,4,1.93,1.59,1.3045833333333334
Computer,11,14,4,4,3.46,1.93,1.3841666666666665
Computer,12,14,4,4,1.91,3.46,1.4191666666666667
Computer,13,14,4,4,2.49,1.91,1.4891666666666667
Computer,14,14,4,4,1.68,2.49,1.5379166666666666
Computer,15,14,4,4,1.59,1.68,1.4841666666666666
Computer,16,14,4,4,2.75,1.59,1.7116666666666667
Computer,17,14,4,4,5.46,2.75,1.67
Computer,18,14,4,4,1.07,5.46,1.6674999999999998
Computer,19,14,4,4,1.8,1.07,1.5979166666666664
Computer,20,14,4,4,0.0,1.8,1.6058333333333332
Computer,21,14,4,4,0.74,0.0,1.6316666666666666
Computer,22,14,4,4,1.69,0.74,1.5949999999999998
Computer,23,14,4,4,0.0,1.69,1.499583333333333
Computer,0,15,5,4,1.0,0.0,1.508333333333333
Computer,1,15,5,4,0.21,1.0,1.5583333333333333
Computer,2,15,5,4,1.2000000000000002,0.21,1.5262499999999999
Computer,3,15,5,4,0.77,1.2000000000000002,1.7479166666666668
Computer,4,15,5,4,5.32,0.77,1.5975000000000001
Computer,5,15,5,4,1.68,5.32,1.7270833333333335
Computer,6,15,5,4,3.11,1.68,1.7270833333333335
Computer,7,15,5,4,0.0,3.11,1.7979166666666666
Computer,8,15,5,4,1.7,0.0,1.7687499999999998
Computer,9,15,5,4,0.89,1.7,1.6883333333333332
Computer,10,15,5,4,0.0,0.89,1.5441666666666667
Computer,11,15,5,4,0.0,0.0,1.5416666666666667
Computer,12,15,5,4,1.85,0.0,1.4725
Computer,13,15,5,4,0.83,1.85,1.4024999999999999
Computer,14,15,5,4,0.0,0.83,1.3645833333333333
Computer,15,15,5,4,0.68,0.0,1.3729166666666668
Computer,16,15,5,4,2.95,0.68,1.4575000000000002
Computer,17,15,5,4,7.49,2.95,1.4458333333333335
Computer,18,15,5,4,0.79,7.49,1.4750000000000003
Computer,19,15,5,4,2.5,0.79,1.4750000000000003
Computer,20,15,5,4,0.0,2.5,1.4441666666666668
Computer,21,15,5,4,0.0,0.0,1.4062500000000002
Computer,22,15,5,4,0.78,0.0,1.45375
Computer,23,15,5,4,1.14,0.78,1.4666666666666668
Computer,0,16,6,4,1.31,1.14,1.595
Computer,1,16,6,4,3.29,1.31,1.545
Computer,2,16,6,4,0.0,3.29,1.5129166666666667
Computer,3,16,6,4,0.0,0.0,1.3470833333333332
Computer,4,16,6,4,1.34,0.0,1.3429166666666668
Computer,5,16,6,4,1.58,1.34,1.2833333333333334
Computer,6,16,6,4,1.68,1.58,1.3812499999999999
Computer,7,16,6,4,2.35,1.68,1.3104166666666668
Computer,8,16,6,4,0.0,2.35,1.2733333333333334
Computer,9,16,6,4,0.0,0.0,1.2733333333333334
Computer,10,16,6,4,0.0,0.0,1.3800000000000001
Computer,11,16,6,4,2.56,0.0,1.3029166666666667
Computer,12,16,6,4,0.0,2.56,1.3316666666666668
Computer,13,16,6,4,1.52,0.0,1.367916666666667
Computer,14,16,6,4,0.87,1.52,1.4808333333333337
Computer,15,16,6,4,3.39,0.87,1.47
Computer,16,16,6,4,2.69,3.39,1.2695833333333335
Computer,17,16,6,4,2.68,2.69,1.2366666666666666
Computer,18,16,6,4,0.0,2.68,1.2291666666666667
Computer,19,16,6,4,2.3200000000000003,0.0,1.2291666666666667
Computer,20,16,6,4,0.0,2.3200000000000003,1.28
Computer,21,16,6,4,1.22,0.0,1.2716666666666667
Computer,22,16,6,4,0.58,1.22,1.3429166666666668
Computer,23,16,6,4,2.85,0.58,1.40125
Computer,0,17,0,4,2.71,2.85,1.275
Computer,1,17,0,4,0.26,2.71,1.275
Computer,2,17,0,4,0.0,0.26,1.3716666666666668
Computer,3,17,0,4,2.3200000000000003,0.0,1.3508333333333333
Computer,4,17,0,4,0.84,2.3200000000000003,1.2850000000000001
Computer,5,17,0,4,0.0,0.84,1.3166666666666667
Computer,6,17,0,4,2.44,0.0,1.2975
Computer,7,17,0,4,1.89,2.44,1.45625
Computer,8,17,0,4,3.810000000000001,1.89,1.45625
Computer,9,17,0,4,0.0,3.810000000000001,1.5245833333333334
Computer,10,17,0,4,1.64,0.0,1.5108333333333333
Computer,11,17,0,4,2.23,1.64,1.5266666666666666
Computer,12,17,0,4,0.38,2.23,1.5220833333333335
Computer,13,17,0,4,1.41,0.38,1.4858333333333331
Computer,14,17,0,4,0.0,1.41,1.3558333333333332
Computer,15,17,0,4,0.27,0.0,1.2816666666666667
Computer,16,17,0,4,0.91,0.27,1.1783333333333335
Computer,17,17,0,4,0.2,0.91,1.1783333333333335
Computer,18,17,0,4,0.0,0.2,1.1154166666666667
Computer,19,17,0,4,0.81,0.0,1.1154166666666667
Computer,20,17,0,4,0.0,0.81,1.1295833333333334
Computer,21,17,0,4,1.56,0.0,1.1854166666666666
Computer,22,17,0,4,1.92,1.56,1.0666666666666667
Computer,23,17,0,4,0.0,1.92,1.1708333333333334
Computer,0,18,1,4,5.21,0.0,1.2870833333333334
Computer,1,18,1,4,3.05,5.21,1.4183333333333332
Computer,2,18,1,4,3.15,3.05,1.3829166666666668
Computer,3,18,1,4,1.47,3.15,1.46
Computer,4,18,1,4,2.69,1.47,1.46
Computer,5,18,1,4,0.0,2.69,1.3583333333333334
Computer,6,18,1,4,0.0,0.0,1.2795833333333333
Computer,7,18,1,4,0.0,0.0,1.1975
Computer,8,18,1,4,1.84,0.0,1.3229166666666667
Computer,9,18,1,4,3.01,1.84,1.32875
Computer,10,18,1,4,1.7800000000000002,3.01,1.2358333333333333
Computer,11,18,1,4,0.0,1.7800000000000002,1.22
Computer,12,18,1,4,0.0,0.0,1.2391666666666665
Computer,13,18,1,4,1.87,0.0,1.2829166666666667
Computer,14,18,1,4,1.05,1.87,1.3495833333333334
Computer,15,18,1,4,1.87,1.05,1.3445833333333332
Computer,16,18,1,4,0.79,1.87,1.3545833333333335
Computer,17,18,1,4,0.44,0.79,1.4079166666666667
Computer,18,18,1,4,1.28,0.44,1.58
Computer,19,18,1,4,4.94,1.28,1.6325
Computer,20,18,1,4,1.26,4.94,1.6037499999999998
Computer,21,18,1,4,0.87,1.26,1.55375
Computer,22,18,1,4,0.72,0.87,1.6362499999999998
Computer,23,18,1,4,1.98,0.72,1.5654166666666667
Computer,0,19,2,4,3.51,1.98,1.475833333333333
Computer,1,19,2,4,0.9,3.51,1.4487499999999998
Computer,2,19,2,4,2.5,0.9,1.4124999999999999
Computer,3,19,2,4,0.6000000000000001,2.5,1.3441666666666665
Computer,4,19,2,4,1.05,0.6000000000000001,1.3441666666666665
Computer,5,19,2,4,0.0,1.05,1.47875
Computer,6,19,2,4,3.23,0.0,1.47875
Computer,7,19,2,4,0.0,3.23,1.4020833333333336
Computer,8,19,2,4,0.0,0.0,1.3070833333333334
Computer,9,19,2,4,0.73,0.0,1.2329166666666667
Computer,10,19,2,4,0.0,0.73,1.3074999999999999
Computer,11,19,2,4,1.79,0.0,1.4516666666666669
Computer,12,19,2,4,3.46,1.79,1.4375
Computer,13,19,2,4,1.53,3.46,1.4295833333333332
Computer,14,19,2,4,0.86,1.53,1.3516666666666666
Computer,15,19,2,4,0.0,0.86,1.3187499999999999
Computer,16,19,2,4,0.0,0.0,1.3695833333333332
Computer,17,19,2,4,1.66,0.0,1.3958333333333333
Computer,18,19,2,4,1.91,1.66,1.1900000000000002
Computer,19,19,2,4,0.0,1.91,1.1375
Computer,20,19,2,4,0.0,0.0,1.10125
Computer,21,19,2,4,0.0,0.0,1.1316666666666666
Computer,22,19,2,4,1.45,0.0,1.1504166666666666
Computer,23,19,2,4,2.43,1.45,1.0508333333333335
Computer,0,20,3,4,1.12,2.43,1.0133333333333334
Computer,1,20,3,4,0.0,1.12,0.9841666666666667
Computer,2,20,3,4,1.7999999999999998,0.0,0.9591666666666668
Computer,3,20,3,4,0.0,1.7999999999999998,1.1208333333333333
Computer,4,20,3,4,4.93,0.0,1.1795833333333332
Computer,5,20,3,4,1.41,4.93,1.045
Computer,6,20,3,4,0.0,1.41,1.045
Computer,7,20,3,4,0.0,0.0,1.045
Computer,8,20,3,4,0.0,0.0,1.0145833333333332
Computer,9,20,3,4,0.0,0.0,1.0983333333333334
Computer,10,20,3,4,2.01,0.0,1.02375
Computer,11,20,3,4,0.0,2.01,0.93375
Computer,12,20,3,4,1.3,0.0,0.8795833333333333
Computer,13,20,3,4,0.23,1.3,0.8883333333333333
Computer,14,20,3,4,1.07,0.23,0.9029166666666666
Computer,15,20,3,4,0.35,1.07,0.9029166666666666
Computer,16,20,3,4,0.0,0.35,0.9979166666666667
Computer,17,20,3,4,3.94,0.0,1.0545833333333332
Computer,18,20,3,4,3.27,3.94,1.0895833333333333
Computer,19,20,3,4,0.84,3.27,1.2049999999999998
Computer,20,20,3,4,2.77,0.84,1.28875
Computer,21,20,3,4,2.01,2.77,1.28125
Computer,22,20,3,4,1.27,2.01,1.18
Computer,23,20,3,4,0.0,1.27,1.1929166666666666
Computer,0,21,4,4,1.43,0.0,1.1929166666666666
Computer,1,21,4,4,0.0,1.43,1.2145833333333333
Computer,2,21,4,4,2.32,0.0,1.2145833333333333
Computer,3,21,4,4,0.0,2.32,1.0091666666666665
Computer,4,21,4,4,0.0,0.0,1.0295833333333333
Computer,5,21,4,4,1.9,0.0,1.1791666666666667
Computer,6,21,4,4,3.59,1.9,1.2020833333333334
Computer,7,21,4,4,0.55,3.59,1.2020833333333334
Computer,8,21,4,4,0.0,0.55,1.2020833333333334
Computer,9,21,4,4,0.0,0.0,1.1183333333333334
Computer,10,21,4,4,0.0,0.0,1.1470833333333335
Computer,11,21,4,4,0.69,0.0,1.1283333333333332
Computer,12,21,4,4,0.85,0.69,1.11875
Computer,13,21,4,4,0.0,0.85,1.0741666666666665
Computer,14,21,4,4,0.0,0.0,1.1954166666666668
Computer,15,21,4,4,3.26,0.0,1.23625
Computer,16,21,4,4,0.98,3.26,1.1875
Computer,17,21,4,4,2.77,0.98,1.1370833333333332
Computer,18,21,4,4,2.06,2.77,1.1020833333333333
Computer,19,21,4,4,0.0,2.06,1.1704166666666667
Computer,20,21,4,4,4.41,0.0,1.0866666666666667
Computer,21,21,4,4,0.0,4.41,1.1520833333333333
Computer,22,21,4,4,2.84,0.0,1.2041666666666666
Computer,23,21,4,4,1.25,2.84,1.2154166666666666
Computer,0,22,5,4,1.7,1.25,1.4154166666666665
Computer,1,22,5,4,4.8,1.7,1.3604166666666666
Computer,2,22,5,4,1.0,4.8,1.3970833333333335
Computer,3,22,5,4,0.88,1.0,1.3970833333333335
Computer,4,22,5,4,0.0,0.88,1.3179166666666666
Computer,5,22,5,4,0.0,0.0,1.1683333333333332
Computer,6,22,5,4,0.0,0.0,1.25
Computer,7,22,5,4,2.51,0.0,1.3183333333333334
Computer,8,22,5,4,1.64,2.51,1.3904166666666666
Computer,9,22,5,4,1.73,1.64,1.4245833333333333
Computer,10,22,5,4,0.82,1.73,1.3958333333333333
Computer,11,22,5,4,0.0,0.82,1.4429166666666668
Computer,12,22,5,4,1.98,0.0,1.4429166666666668
Computer,13,22,5,4,0.0,1.98,1.72625
Computer,14,22,5,4,6.8,0.0,1.6970833333333335
Computer,15,22,5,4,2.56,6.8,1.65625
Computer,16,22,5,4,0.0,2.56,1.6316666666666668
Computer,17,22,5,4,2.18,0.0,1.5641666666666667
Computer,18,22,5,4,0.44,2.18,1.5824999999999998
Computer,19,22,5,4,0.44,0.44,1.4883333333333333
Computer,20,22,5,4,2.15,0.44,1.5304166666666665
Computer,21,22,5,4,1.01,2.15,1.5037500000000001
Computer,22,22,5,4,2.2,1.01,1.5483333333333331
Computer,23,22,5,4,2.3200000000000003,2.2,1.56125
Computer,0,23,6,4,2.01,2.3200000000000003,1.5183333333333333
Computer,1,23,6,4,3.77,2.01,1.4766666666666666
Computer,2,23,6,4,0.0,3.77,1.570833333333333
Computer,3,23,6,4,3.14,0.0,1.570833333333333
Computer,4,23,6,4,0.0,3.14,1.6629166666666666
Computer,5,23,6,4,2.21,0.0,1.6966666666666665
Computer,6,23,6,4,0.81,2.21,1.6620833333333334
Computer,7,23,6,4,1.68,0.81,1.6325
Computer,8,23,6,4,0.93,1.68,1.6150000000000002
Computer,9,23,6,4,1.31,0.93,1.719166666666667
Computer,10,23,6,4,3.3200000000000003,1.31,1.7908333333333335
Computer,11,23,6,4,1.7200000000000002,3.3200000000000003,1.9108333333333334
Computer,12,23,6,4,4.859999999999999,1.7200000000000002,1.9108333333333334
Computer,13,23,6,4,0.0,4.859999999999999,1.6975
Computer,14,23,6,4,1.68,0.0,1.727083333333333
Computer,15,23,6,4,3.27,1.68,1.7520833333333332
Computer,16,23,6,4,0.6,3.27,1.66125
Computer,17,23,6,4,0.0,0.6,1.6858333333333333
Computer,18,23,6,4,1.03,0.0,1.6675000000000002
Computer,19,23,6,4,0.0,1.03,1.6454166666666665
Computer,20,23,6,4,1.62,0.0,1.6033333333333333
Computer,21,23,6,4,0.0,1.62,1.5870833333333334
Computer,22,23,6,4,1.81,0.0,1.6349999999999998
Computer,23,23,6,4,3.47,1.81,1.5979166666666667
Computer,0,24,0,4,1.12,3.47,1.5408333333333335
Computer,1,24,0,4,2.4,1.12,1.5408333333333335
Computer,2,24,0,4,0.0,2.4,1.4100000000000001
Computer,3,24,0,4,0.0,0.0,1.437916666666667
Computer,4,24,0,4,0.67,0.0,1.4183333333333332
Computer,5,24,0,4,1.74,0.67,1.5204166666666667
Computer,6,24,0,4,3.26,1.74,1.4504166666666667
Computer,7,24,0,4,0.0,3.26,1.4591666666666665
Computer,8,24,0,4,1.14,0.0,1.4662499999999998
Computer,9,24,0,4,1.48,1.14,1.41375
Computer,10,24,0,4,2.06,1.48,1.3420833333333333
Computer,11,24,0,4,0.0,2.06,1.1395833333333334
Computer,12,24,0,4,0.0,0.0,1.1395833333333334
Computer,13,24,0,4,0.0,0.0,1.1866666666666668
Computer,14,24,0,4,2.81,0.0,1.1791666666666667
Computer,15,24,0,4,3.09,2.81,1.1541666666666668
Computer,16,24,0,4,0.0,3.09,1.1541666666666668
Computer,17,24,0,4,0.0,0.0,1.1845833333333333
Computer,18,24,0,4,1.76,0.0,1.1845833333333333
Computer,19,24,0,4,0.0,1.76,1.1375
Computer,20,24,0,4,0.49,0.0,1.24
Computer,21,24,0,4,2.46,0.49,1.1645833333333333
Computer,22,24,0,4,0.0,2.46,1.08375
Computer,23,24,0,4,1.53,0.0,1.1183333333333334
Computer,0,25,1,4,1.95,1.53,1.1208333333333333
Computer,1,25,1,4,2.46,1.95,1.21875
Computer,2,25,1,4,2.35,2.46,1.3366666666666667
Computer,3,25,1,4,2.83,2.35,1.3845833333333335
Computer,4,25,1,4,1.82,2.83,1.3358333333333332
Computer,5,25,1,4,0.57,1.82,1.3220833333333333
Computer,6,25,1,4,2.93,0.57,1.3833333333333335
Computer,7,25,1,4,1.47,2.93,1.3358333333333334
Computer,8,25,1,4,0.0,1.47,1.3475000000000001
Computer,9,25,1,4,1.7600000000000002,0.0,1.2895833333333335
Computer,10,25,1,4,0.67,1.7600000000000002,1.3620833333333333
Computer,11,25,1,4,1.74,0.67,1.3620833333333333
Computer,12,25,1,4,0.0,1.74,1.4791666666666667
Computer,13,25,1,4,2.81,0.0,1.4333333333333333
Computer,14,25,1,4,1.71,2.81,1.4141666666666666
Computer,15,25,1,4,2.63,1.71,1.4141666666666666
Computer,16,25,1,4,0.0,2.63,1.4670833333333333
Computer,17,25,1,4,1.27,0.0,1.4704166666666667
Computer,18,25,1,4,1.84,1.27,1.48375
Computer,19,25,1,4,0.32,1.84,1.5379166666666666
Computer,20,25,1,4,1.79,0.32,1.4516666666666664
Computer,21,25,1,4,0.39,1.79,1.4516666666666664
Computer,22,25,1,4,0.0,0.39,1.3879166666666665
Computer,23,25,1,4,0.0,0.0,1.3870833333333332
Computer,0,26,2,4,1.93,0.0,1.3254166666666667
Computer,1,26,2,4,0.98,1.93,1.24125
Computer,2,26,2,4,0.33,0.98,1.1341666666666668
Computer,3,26,2,4,0.26,0.33,1.0741666666666667
Computer,4,26,2,4,0.38,0.26,1.1041666666666667
Computer,5,26,2,4,1.29,0.38,1.1308333333333334
Computer,6,26,2,4,3.5700000000000003,1.29,1.0695833333333333
Computer,7,26,2,4,0.0,3.5700000000000003,1.0695833333333333
Computer,8,26,2,4,0.0,0.0,1.04625
Computer,9,26,2,4,1.2,0.0,1.1545833333333333
Computer,10,26,2,4,3.27,1.2,1.1175
Computer,11,26,2,4,0.85,3.27,1.1370833333333332
Computer,12,26,2,4,0.47,0.85,1.02
Computer,13,26,2,4,0.0,0.47,1.0008333333333332
Computer,14,26,2,4,1.25,0.0,0.9275000000000001
Computer,15,26,2,4,0.87,1.25,1.1654166666666665
Computer,16,26,2,4,5.71,0.87,1.1904166666666665
Computer,17,26,2,4,1.87,5.71,1.1666666666666665
Computer,18,26,2,4,1.27,1.87,1.27125
Computer,19,26,2,4,2.83,1.27,1.2620833333333332
Computer,20,26,2,4,1.5699999999999998,2.83,1.2458333333333333
Computer,21,26,2,4,0.0,1.5699999999999998,1.28625
Computer,22,26,2,4,0.97,0.0,1.28625
Computer,23,26,2,4,0.0,0.97,1.2058333333333333
Computer,0,27,3,4,0.0,0.0,1.1983333333333335
Computer,1,27,3,4,0.8,0.0,1.1845833333333333
Computer,2,27,3,4,0.0,0.8,1.22375
Computer,3,27,3,4,1.2,0.0,1.2354166666666666
Computer,4,27,3,4,0.66,1.2,1.2145833333333333
Computer,5,27,3,4,0.79,0.66,1.2008333333333334
Computer,6,27,3,4,3.24,0.79,1.2562499999999999
Computer,7,27,3,4,1.33,3.24,1.3233333333333333
Computer,8,27,3,4,1.61,1.33,1.2733333333333332
Computer,9,27,3,4,0.0,1.61,1.1758333333333335
Computer,10,27,3,4,0.93,0.0,1.1404166666666666
Computer,11,27,3,4,0.0,0.93,1.2025
Computer,12,27,3,4,1.96,0.0,1.2025
Computer,13,27,3,4,0.0,1.96,1.2416666666666667
Computer,14,27,3,4,2.19,0.0,1.30625
Computer,15,27,3,4,2.42,2.19,1.1433333333333333
Computer,16,27,3,4,1.8,2.42,1.1204166666666666
Computer,17,27,3,4,1.32,1.8,1.1375
Computer,18,27,3,4,1.68,1.32,1.0883333333333334
Computer,19,27,3,4,1.65,1.68,1.0229166666666667
Computer,20,27,3,4,0.0,1.65,1.0716666666666665
Computer,21,27,3,4,1.17,0.0,1.0675000000000001
Computer,22,27,3,4,0.87,1.17,1.0775
Computer,23,27,3,4,0.24,0.87,1.1504166666666666
Computer,0,28,4,4,1.75,0.24,1.2154166666666666
Computer,1,28,4,4,2.36,1.75,1.2154166666666666
Computer,2,28,4,4,0.0,2.36,1.1654166666666665
Computer,3,28,4,4,0.0,0.0,1.2229166666666667
Computer,4,28,4,4,2.04,0.0,1.4041666666666668
Computer,5,28,4,4,5.140000000000001,2.04,1.2908333333333333
Computer,6,28,4,4,0.52,5.140000000000001,1.2983333333333333
Computer,7,28,4,4,1.51,0.52,1.335416666666667
Computer,8,28,4,4,2.5,1.51,1.3975
Computer,9,28,4,4,1.49,2.5,1.35875
Computer,10,28,4,4,0.0,1.49,1.35875
Computer,11,28,4,4,0.0,0.0,1.2770833333333333
Computer,12,28,4,4,0.0,0.0,1.2770833333333333
Computer,13,28,4,4,0.0,0.0,1.1858333333333333
Computer,14,28,4,4,0.0,0.0,1.1145833333333333
Computer,15,28,4,4,0.71,0.0,1.0395833333333333
Computer,16,28,4,4,0.0,0.71,1.0483333333333333
Computer,17,28,4,4,1.53,0.0,1.0133333333333334
Computer,18,28,4,4,0.84,1.53,1.01375
Computer,19,28,4,4,1.66,0.84,1.0720833333333333
Computer,20,28,4,4,1.4,1.66,1.0233333333333334
Computer,21,28,4,4,0.0,1.4,0.9870833333333332
Computer,22,28,4,4,0.0,0.0,1.0025000000000002
Computer,23,28,4,4,0.61,0.0,1.0095833333333333
Computer,0,29,5,4,1.92,0.61,1.0604166666666668
Computer,1,29,5,4,3.58,1.92,1.08125
Computer,2,29,5,4,0.5,3.58,1.1420833333333333
Computer,3,29,5,4,1.46,0.5,1.1229166666666666
Computer,4,29,5,4,1.58,1.46,0.9675000000000001
Computer,5,29,5,4,1.41,1.58,0.9458333333333333
Computer,6,29,5,4,0.0,1.41,0.9629166666666666
Computer,7,29,5,4,1.92,0.0,0.9229166666666667
Computer,8,29,5,4,1.54,1.92,0.9774999999999999
Computer,9,29,5,4,2.8,1.54,1.0516666666666665
Computer,10,29,5,4,1.78,2.8,1.0720833333333333
Computer,11,29,5,4,0.49,1.78,1.0720833333333333
Computer,12,29,5,4,0.0,0.49,1.2095833333333332
Computer,13,29,5,4,3.3,0.0,1.2845833333333332
Computer,14,29,5,4,1.8,3.3,1.3325
Computer,15,29,5,4,1.86,1.8,1.3325
Computer,16,29,5,4,0.0,1.86,1.4004166666666666
Computer,17,29,5,4,3.16,0.0,1.3654166666666665
Computer,18,29,5,4,0.0,3.16,1.3179166666666666
Computer,19,29,5,4,0.52,0.0,1.3870833333333332
Computer,20,29,5,4,3.06,0.52,1.5658333333333332
Computer,21,29,5,4,4.29,3.06,1.5904166666666668
Computer,22,29,5,4,0.59,4.29,1.6395833333333334
Computer,23,29,5,4,1.79,0.59,1.7091666666666665
Computer,0,30,6,4,3.59,1.79,1.62625
Computer,1,30,6,4,1.59,3.59,1.7083333333333333
Computer,2,30,6,4,2.47,1.59,1.7912499999999998
Computer,3,30,6,4,3.45,2.47,1.7729166666666665
Computer,4,30,6,4,1.14,3.45,1.7541666666666667
Computer,5,30,6,4,0.96,1.14,2.0204166666666667
Computer,6,30,6,4,6.390000000000001,0.96,1.9404166666666667
Computer,7,30,6,4,0.0,6.390000000000001,1.9854166666666668
Computer,8,30,6,4,2.62,0.0,1.9312500000000001
Computer,9,30,6,4,1.5,2.62,1.9133333333333333
Computer,10,30,6,4,1.35,1.5,1.9262500000000002
Computer,11,30,6,4,0.8,1.35,1.9262500000000002
Computer,12,30,6,4,0.0,0.8,1.9191666666666667
Computer,13,30,6,4,3.13,0.0,1.9225
Computer,14,30,6,4,1.88,3.13,1.9595833333333335
Computer,15,30,6,4,2.75,1.88,1.9945833333333336
Computer,16,30,6,4,0.84,2.75,1.96875
Computer,17,30,6,4,2.54,0.84,2.035416666666667
Computer,18,30,6,4,1.6,2.54,2.09125
Computer,19,30,6,4,1.86,1.6,1.96375
Computer,20,30,6,4,0.0,1.86,1.7850000000000001
Computer,21,30,6,4,0.0,0.0,1.7604166666666667
Computer,22,30,6,4,0.0,0.0,1.6858333333333333
Computer,23,30,6,4,0.0,0.0,1.5845833333333335
Computer,0,1,0,5,1.16,0.0,1.5491666666666666
Computer,1,1,0,5,0.74,1.16,1.44625
Computer,2,1,0,5,0.0,0.74,1.4749999999999999
Computer,3,1,0,5,4.140000000000001,0.0,1.4866666666666666
Computer,4,1,0,5,1.42,4.140000000000001,1.4466666666666665
Computer,5,1,0,5,0.0,1.42,1.2666666666666666
Computer,6,1,0,5,2.07,0.0,1.2666666666666666
Computer,7,1,0,5,0.0,2.07,1.2354166666666668
Computer,8,1,0,5,1.87,0.0,1.3816666666666668
Computer,9,1,0,5,5.01,1.87,1.3254166666666667
Computer,10,1,0,5,0.0,5.01,1.3670833333333334
Computer,11,1,0,5,1.8,0.0,1.4295833333333334
Computer,12,1,0,5,1.5,1.8,1.3645833333333333
Computer,13,1,0,5,1.57,1.5,1.2862500000000001
Computer,14,1,0,5,0.0,1.57,1.2245833333333334
Computer,15,1,0,5,1.27,0.0,1.2291666666666667
Computer,16,1,0,5,0.95,1.27,1.1233333333333333
Computer,17,1,0,5,0.0,0.95,1.1145833333333333
Computer,18,1,0,5,1.39,0.0,1.1504166666666669
Computer,19,1,0,5,2.72,1.39,1.1958333333333335
Computer,20,1,0,5,1.09,2.72,1.2445833333333334
Computer,21,1,0,5,1.17,1.09,1.2745833333333334
Computer,22,1,0,5,0.72,1.17,1.3308333333333333
Computer,23,1,0,5,1.35,0.72,1.5008333333333335
Computer,0,2,1,5,5.24,1.35,1.5420833333333333
Computer,1,2,1,5,1.73,5.24,1.5420833333333333
Computer,2,2,1,5,0.0,1.73,1.3695833333333332
Computer,3,2,1,5,0.0,0.0,1.3266666666666667
Computer,4,2,1,5,0.39,0.0,1.3266666666666667
Computer,5,2,1,5,0.0,0.39,1.2404166666666667
Computer,6,2,1,5,0.0,0.0,1.2404166666666667
Computer,7,2,1,5,0.0,0.0,1.1624999999999999
Computer,8,2,1,5,0.0,0.0,1.0362500000000001
Computer,9,2,1,5,1.98,0.0,1.0925
Computer,10,2,1,5,1.35,1.98,1.0525
Computer,11,2,1,5,0.84,1.35,1.0120833333333334
Computer,12,2,1,5,0.53,0.84,0.9466666666666668
Computer,13,2,1,5,0.0,0.53,0.9720833333333334
Computer,14,2,1,5,0.61,0.0,1.0425000000000002
Computer,15,2,1,5,2.96,0.61,1.1254166666666665
Computer,16,2,1,5,2.9400000000000004,2.96,1.1254166666666665
Computer,17,2,1,5,0.0,2.9400000000000004,1.2366666666666668
Computer,18,2,1,5,4.0600000000000005,0.0,1.3583333333333334
Computer,19,2,1,5,5.640000000000001,4.0600000000000005,1.4400000000000002
Computer,20,2,1,5,3.05,5.640000000000001,1.5054166666666668
Computer,21,2,1,5,2.74,3.05,1.4754166666666668
Computer,22,2,1,5,0.0,2.74,1.7158333333333333
Computer,23,2,1,5,7.12,0.0,1.4975000000000003
Computer,0,3,2,5,0.0,7.12,1.5650000000000002
Computer,1,3,2,5,3.35,0.0,1.5650000000000002
Computer,2,3,2,5,0.0,3.35,1.5833333333333333
Computer,3,3,2,5,0.44,0.0,1.5670833333333334
Computer,4,3,2,5,0.0,0.44,1.8054166666666667
Computer,5,3,2,5,5.72,0.0,1.8054166666666667
Computer,6,3,2,5,0.0,5.72,1.8054166666666667
Computer,7,3,2,5,0.0,0.0,1.8054166666666667
Computer,8,3,2,5,0.0,0.0,1.7229166666666667
Computer,9,3,2,5,0.0,0.0,1.6666666666666667
Computer,10,3,2,5,0.0,0.0,1.7725
Computer,11,3,2,5,3.38,0.0,1.845416666666667
Computer,12,3,2,5,2.28,3.38,1.9108333333333336
Computer,13,3,2,5,1.57,2.28,2.09125
Computer,14,3,2,5,4.94,1.57,1.9679166666666668
Computer,15,3,2,5,0.0,4.94,1.8895833333333334
Computer,16,3,2,5,1.06,0.0,1.95875
Computer,17,3,2,5,1.66,1.06,1.7895833333333335
Computer,18,3,2,5,0.0,1.66,1.6258333333333335
Computer,19,3,2,5,1.71,0.0,1.6354166666666667
Computer,20,3,2,5,3.28,1.71,1.52125
Computer,21,3,2,5,0.0,3.28,1.52125
Computer,22,3,2,5,0.0,0.0,1.4258333333333333
Computer,23,3,2,5,4.83,0.0,1.4258333333333333
Computer,0,4,3,5,0.0,4.83,1.3154166666666665
Computer,1,4,3,5,0.7,0.0,1.3154166666666665
Computer,2,4,3,5,0.0,0.7,1.3454166666666667
Computer,3,4,3,5,1.16,0.0,1.4170833333333333
Computer,4,4,3,5,1.72,1.16,1.1925000000000001
Computer,5,4,3,5,0.33,1.72,1.3258333333333332
Computer,6,4,3,5,3.2,0.33,1.3258333333333334
Computer,7,4,3,5,0.0,3.2,1.4795833333333335
Computer,8,4,3,5,3.69,0.0,1.5616666666666668
Computer,9,4,3,5,1.97,3.69,1.7233333333333334
Computer,10,4,3,5,3.88,1.97,1.6916666666666667
Computer,11,4,3,5,2.62,3.88,1.5966666666666667
Computer,12,4,3,5,0.0,2.62,1.53125
Computer,13,4,3,5,0.0,0.0,1.4395833333333332
Computer,14,4,3,5,2.74,0.0,1.4395833333333332
Computer,15,4,3,5,0.0,2.74,1.43625
Computer,16,4,3,5,0.98,0.0,1.38
Computer,17,4,3,5,0.31,0.98,1.46375
Computer,18,4,3,5,2.01,0.31,1.4041666666666668
Computer,19,4,3,5,0.28,2.01,1.3283333333333334
Computer,20,4,3,5,1.46,0.28,1.3395833333333333
Computer,21,4,3,5,0.27,1.46,1.3395833333333333
Computer,22,4,3,5,0.0,0.27,1.1383333333333334
Computer,23,4,3,5,0.0,0.0,1.1383333333333334
Computer,0,5,4,5,0.0,0.0,1.16875
Computer,1,5,4,5,1.43,0.0,1.16875
Computer,2,5,4,5,0.0,1.43,1.1641666666666668
Computer,3,5,4,5,1.05,0.0,1.2104166666666665
Computer,4,5,4,5,2.83,1.05,1.3225
Computer,5,5,4,5,3.02,2.83,1.23125
Computer,6,5,4,5,1.01,3.02,1.3075
Computer,7,5,4,5,1.83,1.01,1.15375
Computer,8,5,4,5,0.0,1.83,1.0716666666666668
Computer,9,5,4,5,0.0,0.0,0.9100000000000001
Computer,10,5,4,5,0.0,0.0,0.8662500000000001
Computer,11,5,4,5,1.57,0.0,0.9241666666666667
Computer,12,5,4,5,1.39,1.57,0.9929166666666668
Computer,13,5,4,5,1.65,1.39,0.87875
Computer,14,5,4,5,0.0,1.65,0.87875
Computer,15,5,4,5,0.0,0.0,0.8379166666666666
Computer,16,5,4,5,0.0,0.0,0.8620833333333334
Computer,17,5,4,5,0.89,0.0,0.7783333333333333
Computer,18,5,4,5,0.0,0.89,0.8229166666666666
Computer,19,5,4,5,1.35,0.0,0.8158333333333333
Computer,20,5,4,5,1.29,1.35,0.8424999999999999
Computer,21,5,4,5,0.91,1.29,0.91375
Computer,22,5,4,5,1.71,0.91,0.9441666666666667
Computer,23,5,4,5,0.73,1.71,1.0433333333333332
Computer,0,6,5,5,2.38,0.73,1.0508333333333335
Computer,1,6,5,5,1.61,2.38,1.1341666666666668
Computer,2,6,5,5,2.0,1.61,1.0904166666666668
Computer,3,6,5,5,0.0,2.0,1.1170833333333334
Computer,4,6,5,5,3.47,0.0,1.1175
Computer,5,6,5,5,3.03,3.47,1.0754166666666667
Computer,6,6,5,5,0.0,3.03,1.0754166666666667
Computer,7,6,5,5,1.83,0.0,1.0754166666666667
Computer,8,6,5,5,0.0,1.83,1.1208333333333333
Computer,9,6,5,5,1.09,0.0,1.1208333333333333
Computer,10,6,5,5,0.0,1.09,1.1641666666666666
Computer,11,6,5,5,2.61,0.0,1.10625
Computer,12,6,5,5,0.0,2.61,1.0779166666666666
Computer,13,6,5,5,0.97,0.0,1.0779166666666666
Computer,14,6,5,5,0.0,0.97,1.0779166666666666
Computer,15,6,5,5,0.0,0.0,1.1775
Computer,16,6,5,5,2.39,0.0,1.1404166666666666
Computer,17,6,5,5,0.0,2.39,1.1404166666666666
Computer,18,6,5,5,0.0,0.0,1.0841666666666667
Computer,19,6,5,5,0.0,0.0,1.0670833333333334
Computer,20,6,5,5,0.88,0.0,1.0291666666666668
Computer,21,6,5,5,0.0,0.88,0.9579166666666667
Computer,22,6,5,5,0.0,0.0,0.9383333333333334
Computer,23,6,5,5,0.26,0.0,0.9783333333333334
Computer,0,7,6,5,3.34,0.26,0.9112499999999999
Computer,1,7,6,5,0.0,3.34,0.8279166666666665
Computer,2,7,6,5,0.0,0.0,0.8279166666666665
Computer,3,7,6,5,0.0,0.0,0.7637499999999999
Computer,4,7,6,5,1.93,0.0,0.77875
Computer,5,7,6,5,3.39,1.93,0.8075
Computer,6,7,6,5,0.69,3.39,0.7312499999999998
Computer,7,7,6,5,0.0,0.69,0.7891666666666666
Computer,8,7,6,5,1.39,0.0,0.7949999999999999
Computer,9,7,6,5,1.23,1.39,0.9162499999999999
Computer,10,7,6,5,2.91,1.23,0.8716666666666666
Computer,11,7,6,5,1.54,2.91,0.8716666666666666
Computer,12,7,6,5,0.0,1.54,0.8650000000000001
Computer,13,7,6,5,0.81,0.0,1.0308333333333335
Computer,14,7,6,5,3.98,0.81,1.10125
Computer,15,7,6,5,1.69,3.98,1.035
Computer,16,7,6,5,0.8,1.69,1.0770833333333334
Computer,17,7,6,5,1.01,0.8,1.0983333333333334
Computer,18,7,6,5,0.51,1.01,1.2329166666666667
Computer,19,7,6,5,3.23,0.51,1.19625
Computer,20,7,6,5,0.0,3.23,1.2604166666666667
Computer,21,7,6,5,1.54,0.0,1.2604166666666667
Computer,22,7,6,5,0.0,1.54,1.2695833333333333
Computer,23,7,6,5,0.48,0.0,1.1304166666666666
Computer,0,8,0,5,0.0,0.48,1.1304166666666666
Computer,1,8,0,5,0.0,0.0,1.21125
Computer,2,8,0,5,1.94,0.0,1.2245833333333334
Computer,3,8,0,5,0.32,1.94,1.2145833333333333
Computer,4,8,0,5,1.69,0.32,1.1529166666666666
Computer,5,8,0,5,1.91,1.69,1.13625
Computer,6,8,0,5,0.29,1.91,1.13625
Computer,7,8,0,5,0.0,0.29,1.1333333333333333
Computer,8,8,0,5,1.32,0.0,1.0820833333333333
Computer,9,8,0,5,0.0,1.32,0.9608333333333333
Computer,10,8,0,5,0.0,0.0,0.9408333333333334
Computer,11,8,0,5,1.06,0.0,0.9691666666666667
Computer,12,8,0,5,0.68,1.06,0.9595833333333332
Computer,13,8,0,5,0.58,0.68,0.7937499999999998
Computer,14,8,0,5,0.0,0.58,0.82375
Computer,15,8,0,5,2.41,0.0,0.8337500000000001
Computer,16,8,0,5,1.04,2.41,0.7916666666666666
Computer,17,8,0,5,0.0,1.04,0.7704166666666667
Computer,18,8,0,5,0.0,0.0,0.6358333333333334
Computer,19,8,0,5,0.0,0.0,0.7600000000000001
Computer,20,8,0,5,2.9800000000000004,0.0,0.7545833333333335
Computer,21,8,0,5,1.41,2.9800000000000004,1.0058333333333334
Computer,22,8,0,5,6.03,1.41,1.0258333333333334
Computer,23,8,0,5,0.96,6.03,1.0258333333333334
Computer,0,9,1,5,0.0,0.96,1.0258333333333334
Computer,1,9,1,5,0.0,0.0,0.9562499999999999
Computer,2,9,1,5,0.27,0.0,0.9429166666666666
Computer,3,9,1,5,0.0,0.27,1.0104166666666667
Computer,4,9,1,5,3.31,0.0,0.9954166666666667
Computer,5,9,1,5,1.55,3.31,1.0350000000000001
Computer,6,9,1,5,1.24,1.55,1.0350000000000001
Computer,7,9,1,5,0.0,1.24,1.0729166666666667
Computer,8,9,1,5,2.23,0.0,1.0829166666666667
Computer,9,9,1,5,0.24,2.23,1.20375
Computer,10,9,1,5,2.9000000000000004,0.24,1.2304166666666667
Computer,11,9,1,5,1.7,2.9000000000000004,1.2020833333333334
Computer,12,9,1,5,0.0,1.7,1.3254166666666667
Computer,13,9,1,5,3.54,0.0,1.3254166666666667
Computer,14,9,1,5,0.0,3.54,1.3225
Computer,15,9,1,5,2.34,0.0,1.3495833333333334
Computer,16,9,1,5,1.69,2.34,1.4024999999999999
Computer,17,9,1,5,1.27,1.69,1.4425
Computer,18,9,1,5,0.96,1.27,1.6375
Computer,19,9,1,5,4.68,0.96,1.5658333333333336
Computer,20,9,1,5,1.26,4.68,1.5574999999999999
Computer,21,9,1,5,1.21,1.26,1.41875
Computer,22,9,1,5,2.7,1.21,1.4566666666666668
Computer,23,9,1,5,1.87,2.7,1.4566666666666668
Computer,0,10,2,5,0.0,1.87,1.6070833333333334
Computer,1,10,2,5,3.61,0.0,1.6704166666666664
Computer,2,10,2,5,1.79,3.61,1.7249999999999999
Computer,3,10,2,5,1.31,1.79,1.6679166666666667
Computer,4,10,2,5,1.94,1.31,1.6812499999999997
Computer,5,10,2,5,1.87,1.94,1.6295833333333334
Computer,6,10,2,5,0.0,1.87,1.6295833333333334
Computer,7,10,2,5,0.0,0.0,1.5895833333333333
Computer,8,10,2,5,1.27,0.0,1.632083333333333
Computer,9,10,2,5,1.26,1.27,1.6079166666666664
Computer,10,10,2,5,2.32,1.26,1.6345833333333335
Computer,11,10,2,5,2.34,2.32,1.6345833333333335
Computer,12,10,2,5,0.0,2.34,1.5529166666666665
Computer,13,10,2,5,1.58,0.0,1.5529166666666665
Computer,14,10,2,5,0.0,1.58,1.5266666666666666
Computer,15,10,2,5,1.71,0.0,1.5062499999999999
Computer,16,10,2,5,1.2,1.71,1.53
Computer,17,10,2,5,1.84,1.2,1.5566666666666666
Computer,18,10,2,5,1.6,1.84,1.4104166666666667
Computer,19,10,2,5,1.17,1.6,1.36625
Computer,20,10,2,5,0.2,1.17,1.3875
Computer,21,10,2,5,1.72,0.2,1.31
Computer,22,10,2,5,0.84,1.72,1.2483333333333333
Computer,23,10,2,5,0.39,0.84,1.4983333333333333
Computer,0,11,3,5,6.0,0.39,1.4216666666666666
Computer,1,11,3,5,1.77,6.0,1.4175000000000002
Computer,2,11,3,5,1.69,1.77,1.3629166666666668
Computer,3,11,3,5,0.0,1.69,1.2820833333333332
Computer,4,11,3,5,0.0,0.0,1.28875
Computer,5,11,3,5,2.03,0.0,1.28875
Computer,6,11,3,5,0.0,2.03,1.3541666666666667
Computer,7,11,3,5,1.57,0.0,1.41375
Computer,8,11,3,5,2.7,1.57,1.36125
Computer,9,11,3,5,0.0,2.7,1.3079166666666666
Computer,10,11,3,5,1.04,0.0,1.4083333333333332
Computer,11,11,3,5,4.75,1.04,1.4083333333333332
Computer,12,11,3,5,0.0,4.75,1.3616666666666666
Computer,13,11,3,5,0.46,0.0,1.4516666666666669
Computer,14,11,3,5,2.16,0.46,1.4979166666666668
Computer,15,11,3,5,2.8200000000000003,2.16,1.6045833333333335
Computer,16,11,3,5,3.76,2.8200000000000003,1.5279166666666668
Computer,17,11,3,5,0.0,3.76,1.5291666666666666
Computer,18,11,3,5,1.63,0.0,1.4804166666666665
Computer,19,11,3,5,0.0,1.63,1.4720833333333332
Computer,20,11,3,5,0.0,0.0,1.47625
Computer,21,11,3,5,1.82,0.0,1.45375
Computer,22,11,3,5,0.3,1.82,1.4375
Computer,23,11,3,5,0.0,0.3,1.2245833333333331
Computer,0,12,4,5,0.89,0.0,1.1508333333333332
Computer,1,12,4,5,0.0,0.89,1.1304166666666668
Computer,2,12,4,5,1.2,0.0,1.1304166666666668
Computer,3,12,4,5,0.0,1.2,1.1983333333333335
Computer,4,12,4,5,1.63,0.0,1.1470833333333335
Computer,5,12,4,5,0.8,1.63,1.2791666666666666
Computer,6,12,4,5,3.17,0.8,1.30375
Computer,7,12,4,5,2.16,3.17,1.19125
Computer,8,12,4,5,0.0,2.16,1.19125
Computer,9,12,4,5,0.0,0.0,1.1670833333333335
Computer,10,12,4,5,0.46,0.0,0.9925
Computer,11,12,4,5,0.56,0.46,0.9925
Computer,12,12,4,5,0.0,0.56,1.07875
Computer,13,12,4,5,2.53,0.0,1.0254166666666666
Computer,14,12,4,5,0.88,2.53,0.9079166666666666
Computer,15,12,4,5,0.0,0.88,0.8258333333333333
Computer,16,12,4,5,1.79,0.0,0.8395833333333335
Computer,17,12,4,5,0.33,1.79,0.8320833333333333
Computer,18,12,4,5,1.45,0.33,0.8716666666666666
Computer,19,12,4,5,0.95,1.45,1.0154166666666666
Computer,20,12,4,5,3.45,0.95,0.9608333333333333
Computer,21,12,4,5,0.51,3.45,1.0533333333333335
Computer,22,12,4,5,2.52,0.51,1.0533333333333335
Computer,23,12,4,5,0.0,2.52,1.0425
Computer,0,13,5,5,0.63,0.0,1.0425
Computer,1,13,5,5,0.0,0.63,1.0954166666666667
Computer,2,13,5,5,2.47,0.0,1.1366666666666665
Computer,3,13,5,5,0.99,2.47,1.0999999999999999
Computer,4,13,5,5,0.75,0.99,1.0975
Computer,5,13,5,5,0.74,0.75,1.01875
Computer,6,13,5,5,1.28,0.74,1.00125
Computer,7,13,5,5,1.74,1.28,1.0504166666666668
Computer,8,13,5,5,1.18,1.74,1.0504166666666668
Computer,9,13,5,5,0.0,1.18,1.03125
Computer,10,13,5,5,0.0,0.0,1.0079166666666668
Computer,11,13,5,5,0.0,0.0,1.0079166666666668
Computer,12,13,5,5,0.0,0.0,0.9499999999999998
Computer,13,13,5,5,1.14,0.0,0.9554166666666667
Computer,14,13,5,5,1.01,1.14,0.9787499999999999
Computer,15,13,5,5,0.56,1.01,0.9041666666666667
Computer,16,13,5,5,0.0,0.56,0.9116666666666666
Computer,17,13,5,5,0.51,0.0,0.8804166666666666
Computer,18,13,5,5,0.7,0.51,0.9204166666666667
Computer,19,13,5,5,1.91,0.7,0.8266666666666667
Computer,20,13,5,5,1.2,1.91,0.84875
Computer,21,13,5,5,1.04,1.2,0.9420833333333333
Computer,22,13,5,5,4.76,1.04,1.0483333333333333
Computer,23,13,5,5,2.55,4.76,1.0220833333333335
Computer,0,14,6,5,0.0,2.55,1.0408333333333333
Computer,1,14,6,5,0.45,0.0,0.9379166666666666
Computer,2,14,6,5,0.0,0.45,0.8966666666666666
Computer,3,14,6,5,0.0,0.0,0.9758333333333332
Computer,4,14,6,5,2.65,0.0,0.945
Computer,5,14,6,5,0.0,2.65,0.9391666666666666
Computer,6,14,6,5,1.14,0.0,0.8666666666666666
Computer,7,14,6,5,0.0,1.14,0.8733333333333332
Computer,8,14,6,5,1.34,0.0,0.9175
Computer,9,14,6,5,1.06,1.34,0.9404166666666666
Computer,10,14,6,5,0.55,1.06,1.0154166666666666
Computer,11,14,6,5,1.8,0.55,1.09875
Computer,12,14,6,5,2.0,1.8,1.0512499999999998
Computer,13,14,6,5,0.0,2.0,1.0583333333333333
Computer,14,14,6,5,1.18,0.0,1.035
Computer,15,14,6,5,0.0,1.18,1.0604166666666666
Computer,16,14,6,5,0.61,0.0,1.0479166666666666
Computer,17,14,6,5,0.21,0.61,1.135
Computer,18,14,6,5,2.79,0.21,1.2820833333333332
Computer,19,14,6,5,5.44,2.79,1.2320833333333334
Computer,20,14,6,5,0.0,5.44,1.2745833333333334
Computer,21,14,6,5,2.06,0.0,1.0762500000000002
Computer,22,14,6,5,0.0,2.06,0.9954166666666667
Computer,23,14,6,5,0.61,0.0,1.0208333333333333
Computer,0,15,0,5,0.61,0.61,1.0020833333333334
Computer,1,15,0,5,0.0,0.61,1.13875
Computer,2,15,0,5,3.28,0.0,1.2129166666666666
Computer,3,15,0,5,1.78,3.28,1.1025
Computer,4,15,0,5,0.0,1.78,1.1025
Computer,5,15,0,5,0.0,0.0,1.0891666666666666
Computer,6,15,0,5,0.82,0.0,1.2416666666666667
Computer,7,15,0,5,3.66,0.82,1.2791666666666668
Computer,8,15,0,5,2.24,3.66,1.235
Computer,9,15,0,5,0.0,2.24,1.2120833333333334
Computer,10,15,0,5,0.0,0.0,1.2550000000000001
Computer,11,15,0,5,2.83,0.0,1.3325
Computer,12,15,0,5,3.86,2.83,1.3566666666666667
Computer,13,15,0,5,0.58,3.86,1.4183333333333332
Computer,14,15,0,5,2.66,0.58,1.5341666666666667
Computer,15,15,0,5,2.78,2.66,1.5704166666666668
Computer,16,15,0,5,1.48,2.78,1.6566666666666665
Computer,17,15,0,5,2.28,1.48,1.6450000000000002
Computer,18,15,0,5,2.51,2.28,1.4183333333333332
Computer,19,15,0,5,0.0,2.51,1.4924999999999997
Computer,20,15,0,5,1.7799999999999998,0.0,1.406666666666667
Computer,21,15,0,5,0.0,1.7799999999999998,1.4204166666666669
Computer,22,15,0,5,0.33,0.0,1.429166666666667
Computer,23,15,0,5,0.82,0.33,1.4354166666666668
Computer,0,16,1,5,0.76,0.82,1.5195833333333333
Computer,1,16,1,5,2.02,0.76,1.3829166666666666
Computer,2,16,1,5,0.0,2.02,1.30875
Computer,3,16,1,5,0.0,0.0,1.30875
Computer,4,16,1,5,0.0,0.0,1.3370833333333334
Computer,5,16,1,5,0.68,0.0,1.3029166666666667
Computer,6,16,1,5,0.0,0.68,1.2245833333333334
Computer,7,16,1,5,1.78,0.0,1.1958333333333333
Computer,8,16,1,5,1.55,1.78,1.2629166666666667
Computer,9,16,1,5,1.61,1.55,1.43875
Computer,10,16,1,5,4.22,1.61,1.41375
Computer,11,16,1,5,2.23,4.22,1.3404166666666668
Computer,12,16,1,5,2.1,2.23,1.5483333333333331
Computer,13,16,1,5,5.57,2.1,1.4375
Computer,14,16,1,5,0.0,5.57,1.485
Computer,15,16,1,5,3.92,0.0,1.4754166666666666
Computer,16,16,1,5,1.25,3.92,1.469166666666667
Computer,17,16,1,5,2.13,1.25,1.4054166666666665
Computer,18,16,1,5,0.98,2.13,1.4366666666666665
Computer,19,16,1,5,0.75,0.98,1.42375
Computer,20,16,1,5,1.47,0.75,1.5704166666666668
Computer,21,16,1,5,3.52,1.47,1.5566666666666666
Computer,22,16,1,5,0.0,3.52,1.5225
Computer,23,16,1,5,0.0,0.0,1.5641666666666667
Computer,0,17,2,5,1.76,0.0,1.6108333333333331
Computer,1,17,2,5,3.14,1.76,1.6579166666666667
Computer,2,17,2,5,1.13,3.14,1.657916666666667
Computer,3,17,2,5,0.0,1.13,1.657916666666667
Computer,4,17,2,5,0.0,0.0,1.7341666666666666
Computer,5,17,2,5,2.51,0.0,1.9016666666666664
Computer,6,17,2,5,4.02,2.51,1.992916666666667
Computer,7,17,2,5,3.97,4.02,1.9925
Computer,8,17,2,5,1.54,3.97,2.10375
Computer,9,17,2,5,4.28,1.54,1.9758333333333333
Computer,10,17,2,5,1.15,4.28,1.8829166666666668
Computer,11,17,2,5,0.0,1.15,1.93875
Computer,12,17,2,5,3.44,0.0,1.7066666666666668
Computer,13,17,2,5,0.0,3.44,1.8616666666666666
Computer,14,17,2,5,3.72,0.0,1.7316666666666667
Computer,15,17,2,5,0.8,3.72,1.6795833333333334
Computer,16,17,2,5,0.0,0.8,1.5908333333333333
Computer,17,17,2,5,0.0,0.0,1.55
Computer,18,17,2,5,0.0,0.0,1.62
Computer,19,17,2,5,2.43,0.0,1.55875
Computer,20,17,2,5,0.0,2.43,1.4870833333333333
Computer,21,17,2,5,1.8,0.0,1.4870833333333333
Computer,22,17,2,5,0.0,1.8,1.51375
Computer,23,17,2,5,0.64,0.0,1.5016666666666667
Computer,0,18,3,5,1.47,0.64,1.4766666666666666
Computer,1,18,3,5,2.54,1.47,1.4295833333333332
Computer,2,18,3,5,0.0,2.54,1.5195833333333333
Computer,3,18,3,5,2.16,0.0,1.553333333333333
Computer,4,18,3,5,0.81,2.16,1.585
Computer,5,18,3,5,3.27,0.81,1.4425000000000001
Computer,6,18,3,5,0.6,3.27,1.2866666666666666
Computer,7,18,3,5,0.23,0.6,1.2225
Computer,8,18,3,5,0.0,0.23,1.0441666666666667
Computer,9,18,3,5,0.0,0.0,1.0337500000000002
Computer,10,18,3,5,0.9,0.0,1.1116666666666668
Computer,11,18,3,5,1.87,0.9,0.9683333333333334
Computer,12,18,3,5,0.0,1.87,1.0541666666666667
Computer,13,18,3,5,2.06,0.0,0.9079166666666668
Computer,14,18,3,5,0.21,2.06,0.8745833333333334
Computer,15,18,3,5,0.0,0.21,0.8745833333333334
Computer,16,18,3,5,0.0,0.0,1.0166666666666668
Computer,17,18,3,5,3.41,0.0,1.0791666666666668
Computer,18,18,3,5,1.5,3.41,1.00125
Computer,19,18,3,5,0.56,1.5,1.0358333333333334
Computer,20,18,3,5,0.83,0.56,1.035
Computer,21,18,3,5,1.7799999999999998,0.83,1.035
Computer,22,18,3,5,0.0,1.7799999999999998,1.1775
Computer,23,18,3,5,4.0600000000000005,0.0,1.235
Computer,0,19,4,5,2.85,4.0600000000000005,1.1291666666666667
Computer,1,19,4,5,0.0,2.85,1.1291666666666667
Computer,2,19,4,5,0.0,0.0,1.0391666666666666
Computer,3,19,4,5,0.0,0.0,1.085
Computer,4,19,4,5,1.91,0.0,0.9679166666666666
Computer,5,19,4,5,0.46,1.91,0.9429166666666666
Computer,6,19,4,5,0.0,0.46,0.9333333333333335
Computer,7,19,4,5,0.0,0.0,0.9583333333333335
Computer,8,19,4,5,0.6,0.0,1.0000000000000002
Computer,9,19,4,5,1.0,0.6,0.9625
Computer,10,19,4,5,0.0,1.0,0.9283333333333333
Computer,11,19,4,5,1.05,0.0,0.9283333333333333
Computer,12,19,4,5,0.0,1.05,0.8895833333333334
Computer,13,19,4,5,1.13,0.0,0.8808333333333334
Computer,14,19,4,5,0.0,1.13,1.0025
Computer,15,19,4,5,2.92,0.0,1.115
Computer,16,19,4,5,2.7,2.92,0.9729166666666668
Computer,17,19,4,5,0.0,2.7,0.9891666666666666
Computer,18,19,4,5,1.89,0.0,1.0466666666666666
Computer,19,19,4,5,1.94,1.89,1.0120833333333332
Computer,20,19,4,5,0.0,1.94,0.98875
Computer,21,19,4,5,1.22,0.0,1.0508333333333335
Computer,22,19,4,5,1.49,1.22,1.00875
Computer,23,19,4,5,3.05,1.49,0.92625
Computer,0,20,5,5,0.87,3.05,0.9729166666666668
Computer,1,20,5,5,1.12,0.87,1.0783333333333334
Computer,2,20,5,5,2.53,1.12,1.2254166666666666
Computer,3,20,5,5,3.53,2.53,1.2220833333333334
Computer,4,20,5,5,1.83,3.53,1.2704166666666667
Computer,5,20,5,5,1.62,1.83,1.37375
Computer,6,20,5,5,2.48,1.62,1.4329166666666666
Computer,7,20,5,5,1.42,2.48,1.4820833333333334
Computer,8,20,5,5,1.78,1.42,1.5004166666666665
Computer,9,20,5,5,1.44,1.78,1.5004166666666665
Computer,10,20,5,5,0.0,1.44,1.4566666666666668
Computer,11,20,5,5,0.0,0.0,1.5275
Computer,12,20,5,5,1.7,0.0,1.4804166666666667
Computer,13,20,5,5,0.0,1.7,1.6633333333333333
Computer,14,20,5,5,4.39,0.0,1.5820833333333333
Computer,15,20,5,5,0.97,4.39,1.6633333333333333
Computer,16,20,5,5,4.65,0.97,1.6779166666666667
Computer,17,20,5,5,0.35,4.65,1.5991666666666668
Computer,18,20,5,5,0.0,0.35,1.6450000000000002
Computer,19,20,5,5,3.04,0.0,1.6450000000000002
Computer,20,20,5,5,0.0,3.04,1.5941666666666665
Computer,21,20,5,5,0.0,0.0,1.6187500000000001
Computer,22,20,5,5,2.08,0.0,1.57125
Computer,23,20,5,5,1.91,2.08,1.5979166666666667
Computer,0,21,6,5,1.51,1.91,1.5512500000000002
Computer,1,21,6,5,0.0,1.51,1.5112500000000002
Computer,2,21,6,5,1.57,0.0,1.3641666666666667
Computer,3,21,6,5,0.0,1.57,1.3295833333333333
Computer,4,21,6,5,1.0,0.0,1.2620833333333332
Computer,5,21,6,5,0.0,1.0,1.1587500000000002
Computer,6,21,6,5,0.0,0.0,1.12375
Computer,7,21,6,5,0.58,0.0,1.1099999999999999
Computer,8,21,6,5,1.45,0.58,1.06375
Computer,9,21,6,5,0.33,1.45,1.2320833333333334
Computer,10,21,6,5,4.04,0.33,1.2320833333333334
Computer,11,21,6,5,0.0,4.04,1.1991666666666667
Computer,12,21,6,5,0.91,0.0,1.2329166666666667
Computer,13,21,6,5,0.81,0.91,1.1566666666666667
Computer,14,21,6,5,2.56,0.81,1.1162500000000002
Computer,15,21,6,5,0.0,2.56,1.0770833333333334
Computer,16,21,6,5,3.71,0.0,1.1233333333333333
Computer,17,21,6,5,1.46,3.71,1.1233333333333333
Computer,18,21,6,5,0.0,1.46,1.1758333333333333
Computer,19,21,6,5,4.300000000000001,0.0,1.1758333333333333
Computer,20,21,6,5,0.0,4.300000000000001,1.2716666666666667
Computer,21,21,6,5,2.3,0.0,1.185
Computer,22,21,6,5,0.0,2.3,1.1054166666666667
Computer,23,21,6,5,0.0,0.0,1.1020833333333333
Computer,0,22,0,5,1.43,0.0,1.11625
Computer,1,22,0,5,0.34,1.43,1.075
Computer,2,22,0,5,0.58,0.34,1.075
Computer,3,22,0,5,0.0,0.58,1.0333333333333334
Computer,4,22,0,5,0.0,0.0,1.0333333333333334
Computer,5,22,0,5,0.0,0.0,1.0333333333333334
Computer,6,22,0,5,0.0,0.0,1.0091666666666668
Computer,7,22,0,5,0.0,0.0,0.9487500000000001
Computer,8,22,0,5,0.0,0.0,1.0079166666666668
Computer,9,22,0,5,1.75,0.0,0.9358333333333334
Computer,10,22,0,5,2.31,1.75,1.0166666666666668
Computer,11,22,0,5,1.94,2.31,0.9787500000000001
Computer,12,22,0,5,0.0,1.94,0.9729166666666668
Computer,13,22,0,5,0.67,0.0,0.9533333333333333
Computer,14,22,0,5,2.09,0.67,0.9533333333333333
Computer,15,22,0,5,0.0,2.09,0.84875
Computer,16,22,0,5,1.2,0.0,0.7879166666666667
Computer,17,22,0,5,0.0,1.2,0.7879166666666667
Computer,18,22,0,5,0.0,0.0,0.60875
Computer,19,22,0,5,0.0,0.0,0.6833333333333332
Computer,20,22,0,5,1.79,0.0,0.5875
Computer,21,22,0,5,0.0,1.79,0.6495833333333333
Computer,22,22,0,5,1.49,0.0,0.7104166666666667
Computer,23,22,0,5,1.46,1.49,0.7358333333333333
Computer,0,23,1,5,2.04,1.46,0.7391666666666667
Computer,1,23,1,5,0.42,2.04,0.7816666666666666
Computer,2,23,1,5,1.6,0.42,0.85875
Computer,3,23,1,5,1.85,1.6,1.0174999999999998
Computer,4,23,1,5,3.81,1.85,1.0320833333333332
Computer,5,23,1,5,0.35,3.81,1.12625
Computer,6,23,1,5,2.26,0.35,1.3716666666666668
Computer,7,23,1,5,5.89,2.26,1.4229166666666666
Computer,8,23,1,5,1.23,5.89,1.3499999999999999
Computer,9,23,1,5,0.0,1.23,1.2683333333333333
Computer,10,23,1,5,0.35,0.0,1.1979166666666665
Computer,11,23,1,5,0.25,0.35,1.2866666666666666
Computer,12,23,1,5,2.13,0.25,1.27875
Computer,13,23,1,5,0.48,2.13,1.2175
Computer,14,23,1,5,0.62,0.48,1.2175
Computer,15,23,1,5,0.0,0.62,1.27375
Computer,16,23,1,5,2.55,0.0,1.3791666666666667
Computer,17,23,1,5,2.53,2.55,1.49125
Computer,18,23,1,5,2.69,2.53,1.5275
Computer,19,23,1,5,0.87,2.69,1.4891666666666667
Computer,20,23,1,5,0.87,0.87,1.4891666666666667
Computer,21,23,1,5,0.0,0.87,1.4466666666666665
Computer,22,23,1,5,0.47,0.0,1.5274999999999999
Computer,23,23,1,5,3.4000000000000004,0.47,1.5670833333333334
Computer,0,24,2,5,2.99,3.4000000000000004,1.6070833333333334
Computer,1,24,2,5,1.38,2.99,1.6212499999999999
Computer,2,24,2,5,1.94,1.38,1.6245833333333335
Computer,3,24,2,5,1.93,1.94,1.50125
Computer,4,24,2,5,0.85,1.93,1.5525
Computer,5,24,2,5,1.58,0.85,1.5733333333333333
Computer,6,24,2,5,2.76,1.58,1.3279166666666666
Computer,7,24,2,5,0.0,2.76,1.3041666666666667
Computer,8,24,2,5,0.66,0.0,1.3041666666666667
Computer,9,24,2,5,0.0,0.66,1.3529166666666665
Computer,10,24,2,5,1.52,0.0,1.406666666666667
Computer,11,24,2,5,1.54,1.52,1.3179166666666666
Computer,12,24,2,5,0.0,1.54,1.4016666666666666
Computer,13,24,2,5,2.49,0.0,1.42125
Computer,14,24,2,5,1.09,2.49,1.5291666666666668
Computer,15,24,2,5,2.59,1.09,1.4708333333333332
Computer,16,24,2,5,1.15,2.59,1.3833333333333335
Computer,17,24,2,5,0.43,1.15,1.27125
Computer,18,24,2,5,0.0,0.43,1.235
Computer,19,24,2,5,0.0,0.0,1.2166666666666666
Computer,20,24,2,5,0.43,0.0,1.2166666666666666
Computer,21,24,2,5,0.0,0.43,1.2916666666666667
Computer,22,24,2,5,2.27,0.0,1.15
Computer,23,24,2,5,0.0,2.27,1.1241666666666668
Computer,0,25,3,5,2.37,0.0,1.0666666666666667
Computer,1,25,3,5,0.0,2.37,1.01375
Computer,2,25,3,5,0.67,0.0,0.9333333333333332
Computer,3,25,3,5,0.0,0.67,0.9870833333333332
Computer,4,25,3,5,2.14,0.0,0.9858333333333333
Computer,5,25,3,5,1.55,2.14,0.9204166666666667
Computer,6,25,3,5,1.19,1.55,0.9204166666666667
Computer,7,25,3,5,0.0,1.19,0.9441666666666667
Computer,8,25,3,5,1.23,0.0,1.0
Computer,9,25,3,5,1.34,1.23,1.0754166666666667
Computer,10,25,3,5,3.33,1.34,1.01125
Computer,11,25,3,5,0.0,3.33,1.1079166666666667
Computer,12,25,3,5,2.32,0.0,1.0516666666666667
Computer,13,25,3,5,1.14,2.32,1.0062499999999999
Computer,14,25,3,5,0.0,1.14,0.9137500000000002
Computer,15,25,3,5,0.37,0.0,0.9308333333333333
Computer,16,25,3,5,1.56,0.37,0.9725
Computer,17,25,3,5,1.43,1.56,0.9725
Computer,18,25,3,5,0.0,1.43,1.1075
Computer,19,25,3,5,3.24,0.0,1.1316666666666666
Computer,20,25,3,5,1.01,3.24,1.155
Computer,21,25,3,5,0.56,1.01,1.0604166666666666
Computer,22,25,3,5,0.0,0.56,1.2300000000000002
Computer,23,25,3,5,4.07,0.0,1.1312499999999999
Computer,0,26,4,5,0.0,4.07,1.2595833333333333
Computer,1,26,4,5,3.08,0.0,1.3520833333333335
Computer,2,26,4,5,2.89,3.08,1.3520833333333335
Computer,3,26,4,5,0.0,2.89,1.2629166666666667
Computer,4,26,4,5,0.0,0.0,1.2579166666666668
Computer,5,26,4,5,1.43,0.0,1.3862499999999998
Computer,6,26,4,5,4.27,1.43,1.4345833333333333
Computer,7,26,4,5,1.16,4.27,1.43875
Computer,8,26,4,5,1.33,1.16,1.4000000000000001
Computer,9,26,4,5,0.41,1.33,1.3724999999999998
Computer,10,26,4,5,2.67,0.41,1.4158333333333335
Computer,11,26,4,5,1.04,2.67,1.3741666666666668
Computer,12,26,4,5,1.32,1.04,1.3854166666666667
Computer,13,26,4,5,1.41,1.32,1.4254166666666668
Computer,14,26,4,5,0.96,1.41,1.4100000000000001
Computer,15,26,4,5,0.0,0.96,1.345
Computer,16,26,4,5,0.0,0.0,1.31125
Computer,17,26,4,5,0.62,0.0,1.31125
Computer,18,26,4,5,0.0,0.62,1.29375
Computer,19,26,4,5,2.8200000000000003,0.0,1.2854166666666667
Computer,20,26,4,5,0.81,2.8200000000000003,1.3320833333333335
Computer,21,26,4,5,1.68,0.81,1.5816666666666668
Computer,22,26,4,5,5.99,1.68,1.4120833333333334
Computer,23,26,4,5,0.0,5.99,1.42875
Computer,0,27,5,5,0.4,0.0,1.3391666666666666
Computer,1,27,5,5,0.93,0.4,1.21875
Computer,2,27,5,5,0.0,0.93,1.21875
Computer,3,27,5,5,0.0,0.0,1.2866666666666666
Computer,4,27,5,5,1.63,0.0,1.2270833333333333
Computer,5,27,5,5,0.0,1.63,1.0691666666666666
Computer,6,27,5,5,0.48,0.0,1.0208333333333333
Computer,7,27,5,5,0.0,0.48,1.1241666666666668
Computer,8,27,5,5,3.81,0.0,1.1270833333333334
Computer,9,27,5,5,0.48,3.81,1.1529166666666668
Computer,10,27,5,5,3.29,0.48,1.1779166666666667
Computer,11,27,5,5,1.64,3.29,1.2750000000000001
Computer,12,27,5,5,3.65,1.64,1.3604166666666666
Computer,13,27,5,5,3.46,3.65,1.33125
Computer,14,27,5,5,0.26,3.46,1.3854166666666667
Computer,15,27,5,5,1.3,0.26,1.4333333333333333
Computer,16,27,5,5,1.15,1.3,1.4695833333333335
Computer,17,27,5,5,1.49,1.15,1.495
Computer,18,27,5,5,0.61,1.49,1.3970833333333335
Computer,19,27,5,5,0.47,0.61,1.3633333333333333
Computer,20,27,5,5,0.0,0.47,1.2933333333333332
Computer,21,27,5,5,0.0,0.0,1.09625
Computer,22,27,5,5,1.26,0.0,1.1595833333333334
Computer,23,27,5,5,1.52,1.26,1.195
Computer,0,28,6,5,1.25,1.52,1.2658333333333334
Computer,1,28,6,5,2.63,1.25,1.2658333333333334
Computer,2,28,6,5,0.0,2.63,1.32625
Computer,3,28,6,5,1.45,0.0,1.3220833333333333
Computer,4,28,6,5,1.53,1.45,1.3991666666666667
Computer,5,28,6,5,1.85,1.53,1.4933333333333332
Computer,6,28,6,5,2.74,1.85,1.5599999999999998
Computer,7,28,6,5,1.6,2.74,1.4579166666666667
Computer,8,28,6,5,1.36,1.6,1.4379166666666665
Computer,9,28,6,5,0.0,1.36,1.3470833333333332
Computer,10,28,6,5,1.11,0.0,1.27875
Computer,11,28,6,5,0.0,1.11,1.26
Computer,12,28,6,5,3.2,0.0,1.1250000000000002
Computer,13,28,6,5,0.22,3.2,1.1141666666666667
Computer,14,28,6,5,0.0,0.22,1.1429166666666666
Computer,15,28,6,5,1.99,0.0,1.1620833333333334
Computer,16,28,6,5,1.61,1.99,1.1529166666666666
Computer,17,28,6,5,1.27,1.61,1.1275
Computer,18,28,6,5,0.0,1.27,1.2495833333333335
Computer,19,28,6,5,3.4,0.0,1.2495833333333335
Computer,20,28,6,5,0.0,3.4,1.4808333333333332
Computer,21,28,6,5,5.550000000000001,0.0,1.5579166666666666
Computer,22,28,6,5,3.1100000000000003,5.550000000000001,1.6025
Computer,23,28,6,5,2.59,3.1100000000000003,1.5775
Computer,0,29,0,5,0.65,2.59,1.5225
Computer,1,29,0,5,1.31,0.65,1.59375
Computer,2,29,0,5,1.71,1.31,1.61625
Computer,3,29,0,5,1.99,1.71,1.5525
Computer,4,29,0,5,0.0,1.99,1.5408333333333333
Computer,5,29,0,5,1.57,0.0,1.4395833333333332
Computer,6,29,0,5,0.31,1.57,1.3729166666666668
Computer,7,29,0,5,0.0,0.31,1.4041666666666668
Computer,8,29,0,5,2.1100000000000003,0.0,1.4366666666666668
Computer,9,29,0,5,0.78,2.1100000000000003,1.3904166666666669
Computer,10,29,0,5,0.0,0.78,1.4383333333333335
Computer,11,29,0,5,1.15,0.0,1.3050000000000002
Computer,12,29,0,5,0.0,1.15,1.3679166666666667
Computer,13,29,0,5,1.73,0.0,1.4337499999999999
Computer,14,29,0,5,1.58,1.73,1.54625
Computer,15,29,0,5,4.69,1.58,1.6041666666666667
Computer,16,29,0,5,3.0,4.69,1.5512500000000002
Computer,17,29,0,5,0.0,3.0,1.6637500000000003
Computer,18,29,0,5,2.7,0.0,1.5737500000000002
Computer,19,29,0,5,1.24,2.7,1.61125
Computer,20,29,0,5,0.9,1.24,1.38
Computer,21,29,0,5,0.0,0.9,1.2504166666666667
Computer,22,29,0,5,0.0,0.0,1.1520833333333333
Computer,23,29,0,5,0.23,0.0,1.1250000000000002
Computer,0,30,1,5,0.0,0.23,1.105
Computer,1,30,1,5,0.83,0.0,1.0337500000000002
Computer,2,30,1,5,0.0,0.83,1.0216666666666667
Computer,3,30,1,5,1.7,0.0,1.1183333333333334
Computer,4,30,1,5,2.32,1.7,1.0529166666666667
Computer,5,30,1,5,0.0,2.32,1.04
Computer,6,30,1,5,0.0,0.0,1.14875
Computer,7,30,1,5,2.61,0.0,1.1275000000000002
Computer,8,30,1,5,1.6,2.61,1.11
Computer,9,30,1,5,0.36,1.6,1.1891666666666667
Computer,10,30,1,5,1.9,0.36,1.2058333333333333
Computer,11,30,1,5,1.55,1.9,1.2608333333333333
Computer,12,30,1,5,1.32,1.55,1.3162500000000001
Computer,13,30,1,5,3.06,1.32,1.2504166666666667
Computer,14,30,1,5,0.0,3.06,1.1870833333333333
Computer,15,30,1,5,3.17,0.0,1.0620833333333333
Computer,16,30,1,5,0.0,3.17,1.1220833333333333
Computer,17,30,1,5,1.44,0.0,1.0533333333333335
Computer,18,30,1,5,1.05,1.44,1.0016666666666667
Computer,19,30,1,5,0.0,1.05,0.9774999999999999
Computer,20,30,1,5,0.32,0.0,0.9774999999999999
Computer,21,30,1,5,0.0,0.32,0.9879166666666666
Computer,22,30,1,5,0.25,0.0,0.9783333333333332
Computer,23,30,1,5,0.0,0.25,1.0170833333333333
Computer,0,31,2,5,0.93,0.0,0.9825
Computer,1,31,2,5,0.0,0.93,0.9825
Computer,2,31,2,5,0.0,0.0,0.9116666666666667
Computer,3,31,2,5,0.0,0.0,0.8379166666666666
Computer,4,31,2,5,0.55,0.0,0.8650000000000001
Computer,5,31,2,5,0.65,0.55,0.8741666666666666
Computer,6,31,2,5,0.22,0.65,0.7654166666666667
Computer,7,31,2,5,0.0,0.22,0.7324999999999999
Computer,8,31,2,5,0.81,0.0,0.8450000000000001
Computer,9,31,2,5,3.06,0.81,0.8408333333333334
Computer,10,31,2,5,1.7999999999999998,3.06,1.0016666666666667
Computer,11,31,2,5,5.41,1.7999999999999998,0.9841666666666667
Computer,12,31,2,5,0.9,5.41,0.8566666666666666
Computer,13,31,2,5,0.0,0.9,1.0395833333333333
Computer,14,31,2,5,4.390000000000001,0.0,0.9075000000000001
Computer,15,31,2,5,0.0,4.390000000000001,0.9570833333333334
Computer,16,31,2,5,1.19,0.0,0.92875
Computer,17,31,2,5,0.76,1.19,0.8849999999999999
Computer,18,31,2,5,0.0,0.76,1.0075
Computer,19,31,2,5,2.9400000000000004,0.0,0.9941666666666668
Computer,20,31,2,5,0.0,2.9400000000000004,0.9941666666666668
Computer,21,31,2,5,0.0,0.0,0.9837500000000001
Computer,22,31,2,5,0.0,0.0,1.0658333333333334
Computer,23,31,2,5,1.97,0.0,1.0270833333333333
Computer,0,1,3,6,0.0,1.97,1.0795833333333333
Computer,1,1,3,6,1.26,0.0,1.0795833333333333
Computer,2,1,3,6,0.0,1.26,1.16625
Computer,3,1,3,6,2.08,0.0,1.1433333333333333
Computer,4,1,3,6,0.0,2.08,1.2175
Computer,5,1,3,6,2.43,0.0,1.3562500000000002
Computer,6,1,3,6,3.55,2.43,1.4516666666666669
Computer,7,1,3,6,2.29,3.55,1.4345833333333333
Computer,8,1,3,6,0.4,2.29,1.3279166666666666
Computer,9,1,3,6,0.5,0.4,1.2754166666666666
Computer,10,1,3,6,0.54,0.5,1.1295833333333334
Computer,11,1,3,6,1.91,0.54,1.2033333333333334
Computer,12,1,3,6,2.67,1.91,1.2420833333333334
Computer,13,1,3,6,0.93,2.67,1.0879166666666666
Computer,14,1,3,6,0.69,0.93,1.1270833333333334
Computer,15,1,3,6,0.94,0.69,1.1541666666666666
Computer,16,1,3,6,1.84,0.94,1.1225
Computer,17,1,3,6,0.0,1.84,1.1629166666666666
Computer,18,1,3,6,0.97,0.0,1.1070833333333334
Computer,19,1,3,6,1.6,0.97,1.1070833333333334
Computer,20,1,3,6,0.0,1.6,1.14375
Computer,21,1,3,6,0.88,0.0,1.1916666666666667
Computer,22,1,3,6,1.15,0.88,1.1095833333333334
Computer,23,1,3,6,0.0,1.15,1.1095833333333334
Computer,0,2,4,6,0.0,0.0,1.0570833333333334
Computer,1,2,4,6,0.0,0.0,1.1204166666666666
Computer,2,2,4,6,1.52,0.0,1.0804166666666666
Computer,3,2,4,6,1.12,1.52,1.0804166666666666
Computer,4,2,4,6,0.0,1.12,0.9791666666666666
Computer,5,2,4,6,0.0,0.0,0.8312500000000002
Computer,6,2,4,6,0.0,0.0,0.96125
Computer,7,2,4,6,5.41,0.0,0.9445833333333334
Computer,8,2,4,6,0.0,5.41,0.9458333333333333
Computer,9,2,4,6,0.53,0.0,0.9233333333333333
Computer,10,2,4,6,0.0,0.53,0.87875
Computer,11,2,4,6,0.84,0.0,0.7675
Computer,12,2,4,6,0.0,0.84,0.7816666666666666
Computer,13,2,4,6,1.27,0.0,0.7529166666666667
Computer,14,2,4,6,0.0,1.27,0.71375
Computer,15,2,4,6,0.0,0.0,0.6370833333333333
Computer,16,2,4,6,0.0,0.0,0.71
Computer,17,2,4,6,1.75,0.0,0.715
Computer,18,2,4,6,1.09,1.75,0.7316666666666668
Computer,19,2,4,6,2.0,1.09,0.7508333333333334
Computer,20,2,4,6,0.46,2.0,0.7929166666666667
Computer,21,2,4,6,1.89,0.46,0.745
Computer,22,2,4,6,0.0,1.89,0.745
Computer,23,2,4,6,0.0,0.0,0.745
Computer,0,3,5,6,0.0,0.0,0.8895833333333334
Computer,1,3,5,6,3.47,0.0,0.9229166666666666
Computer,2,3,5,6,2.32,3.47,0.8762500000000001
Computer,3,3,5,6,0.0,2.32,0.8762500000000001
Computer,4,3,5,6,0.0,0.0,0.8912500000000002
Computer,5,3,5,6,0.36,0.0,0.96375
Computer,6,3,5,6,1.74,0.36,0.7383333333333333
Computer,7,3,5,6,0.0,1.74,0.8383333333333333
Computer,8,3,5,6,2.4,0.0,0.8658333333333333
Computer,9,3,5,6,1.19,2.4,0.8658333333333333
Computer,10,3,5,6,0.0,1.19,0.89125
Computer,11,3,5,6,1.45,0.0,0.89125
Computer,12,3,5,6,0.0,1.45,0.9570833333333334
Computer,13,3,5,6,2.85,0.0,1.0233333333333334
Computer,14,3,5,6,1.59,2.85,1.0345833333333334
Computer,15,3,5,6,0.27,1.59,1.1008333333333333
Computer,16,3,5,6,1.59,0.27,1.1104166666666668
Computer,17,3,5,6,1.98,1.59,1.0650000000000002
Computer,18,3,5,6,0.0,1.98,1.0037500000000001
Computer,19,3,5,6,0.53,0.0,1.0529166666666667
Computer,20,3,5,6,1.64,0.53,0.9741666666666666
Computer,21,3,5,6,0.0,1.64,0.9958333333333332
Computer,22,3,5,6,0.52,0.0,0.9958333333333332
Computer,23,3,5,6,0.0,0.52,1.075
Computer,0,4,6,6,1.9,0.0,0.9783333333333332
Computer,1,4,6,6,1.15,1.9,0.8920833333333333
Computer,2,4,6,6,0.25,1.15,0.8920833333333333
Computer,3,4,6,6,0.0,0.25,0.8920833333333333
Computer,4,4,6,6,0.0,0.0,0.8770833333333332
Computer,5,4,6,6,0.0,0.0,0.8254166666666666
Computer,6,4,6,6,0.5,0.0,0.9066666666666666
Computer,7,4,6,6,1.95,0.5,0.8066666666666666
Computer,8,4,6,6,0.0,1.95,0.8754166666666666
Computer,9,4,6,6,2.84,0.0,0.9899999999999999
Computer,10,4,6,6,2.75,2.84,1.01125
Computer,11,4,6,6,1.96,2.75,1.01125
Computer,12,4,6,6,0.0,1.96,0.8925
Computer,13,4,6,6,0.0,0.0,0.8379166666666666
Computer,14,4,6,6,0.28,0.0,0.84875
Computer,15,4,6,6,0.53,0.28,0.7825000000000001
Computer,16,4,6,6,0.0,0.53,0.9541666666666666
Computer,17,4,6,6,6.1,0.0,0.9541666666666666
Computer,18,4,6,6,0.0,6.1,0.9966666666666666
Computer,19,4,6,6,1.55,0.0,1.01
Computer,20,4,6,6,1.96,1.55,1.0283333333333333
Computer,21,4,6,6,0.44,1.96,1.0170833333333331
Computer,22,4,6,6,0.25,0.44,1.0170833333333331
Computer,23,4,6,6,0.0,0.25,1.0195833333333333
Computer,0,5,0,6,1.96,0.0,0.9716666666666667
Computer,1,5,0,6,0.0,1.96,1.0050000000000001
Computer,2,5,0,6,1.05,0.0,1.0816666666666668
Computer,3,5,0,6,1.84,1.05,1.2495833333333335
Computer,4,5,0,6,4.03,1.84,1.2695833333333333
Computer,5,5,0,6,0.48,4.03,1.2695833333333333
Computer,6,5,0,6,0.5,0.48,1.1883333333333332
Computer,7,5,0,6,0.0,0.5,1.26125
Computer,8,5,0,6,1.75,0.0,1.21875
Computer,9,5,0,6,1.82,1.75,1.2579166666666668
Computer,10,5,0,6,3.69,1.82,1.17625
Computer,11,5,0,6,0.0,3.69,1.17625
Computer,12,5,0,6,0.0,0.0,1.18875
Computer,13,5,0,6,0.3,0.0,1.2791666666666666
Computer,14,5,0,6,2.45,0.3,1.32375
Computer,15,5,0,6,1.6,2.45,1.32375
Computer,16,5,0,6,0.0,1.6,1.0999999999999999
Computer,17,5,0,6,0.73,0.0,1.0999999999999999
Computer,18,5,0,6,0.0,0.73,1.0354166666666667
Computer,19,5,0,6,0.0,0.0,0.9870833333333332
Computer,20,5,0,6,0.8,0.0,1.0204166666666667
Computer,21,5,0,6,1.24,0.8,1.01
Computer,22,5,0,6,0.0,1.24,1.0370833333333334
Computer,23,5,0,6,0.65,0.0,1.1108333333333333
Computer,0,6,1,6,3.73,0.65,1.1254166666666667
Computer,1,6,1,6,0.35,3.73,1.0816666666666668
Computer,2,6,1,6,0.0,0.35,1.0945833333333332
Computer,3,6,1,6,2.15,0.0,0.9616666666666668
Computer,4,6,1,6,0.84,2.15,0.9416666666666668
Computer,5,6,1,6,0.0,0.84,0.9208333333333334
Computer,6,6,1,6,0.0,0.0,0.9695833333333335
Computer,7,6,1,6,1.17,0.0,1.0133333333333334
Computer,8,6,1,6,2.8,1.17,0.9375
Computer,9,6,1,6,0.0,2.8,0.8158333333333333
Computer,10,6,1,6,0.77,0.0,0.8879166666666666
Computer,11,6,1,6,1.73,0.77,0.8879166666666666
Computer,12,6,1,6,0.0,1.73,0.9454166666666666
Computer,13,6,1,6,1.68,0.0,0.9025
Computer,14,6,1,6,1.42,1.68,0.9858333333333332
Computer,15,6,1,6,3.6,1.42,1.0795833333333331
Computer,16,6,1,6,2.25,3.6,1.1670833333333335
Computer,17,6,1,6,2.83,2.25,1.2966666666666666
Computer,18,6,1,6,3.11,2.83,1.3616666666666666
Computer,19,6,1,6,1.56,3.11,1.4437499999999999
Computer,20,6,1,6,2.77,1.56,1.3920833333333331
Computer,21,6,1,6,0.0,2.77,1.4262499999999998
Computer,22,6,1,6,0.82,0.0,1.3991666666666667
Computer,23,6,1,6,0.0,0.82,1.3545833333333333
Computer,0,7,2,6,2.66,0.0,1.3399999999999999
Computer,1,7,2,6,0.0,2.66,1.4158333333333333
Computer,2,7,2,6,1.82,0.0,1.32625
Computer,3,7,2,6,0.0,1.82,1.3925
Computer,4,7,2,6,2.43,0.0,1.4820833333333334
Computer,5,7,2,6,2.15,2.43,1.5374999999999999
Computer,6,7,2,6,1.33,2.15,1.5512499999999998
Computer,7,7,2,6,1.5,1.33,1.5341666666666667
Computer,8,7,2,6,2.39,1.5,1.6108333333333336
Computer,9,7,2,6,1.84,2.39,1.57875
Computer,10,7,2,6,0.0,1.84,1.5066666666666668
Computer,11,7,2,6,0.0,0.0,1.6216666666666668
Computer,12,7,2,6,2.76,0.0,1.5516666666666667
Computer,13,7,2,6,0.0,2.76,1.5229166666666665
Computer,14,7,2,6,0.73,0.0,1.5470833333333331
Computer,15,7,2,6,4.18,0.73,1.4533333333333331
Computer,16,7,2,6,0.0,4.18,1.4529166666666666
Computer,17,7,2,6,2.82,0.0,1.54375
Computer,18,7,2,6,5.29,2.82,1.5158333333333331
Computer,19,7,2,6,0.89,5.29,1.4004166666666666
Computer,20,7,2,6,0.0,0.89,1.4691666666666665
Computer,21,7,2,6,1.65,0.0,1.4716666666666667
Computer,22,7,2,6,0.88,1.65,1.5041666666666667
Computer,23,7,2,6,0.78,0.88,1.3933333333333333
Computer,0,8,3,6,0.0,0.78,1.6112499999999998
Computer,1,8,3,6,5.23,0.0,1.5354166666666664
Computer,2,8,3,6,0.0,5.23,1.695833333333333
Computer,3,8,3,6,3.85,0.0,1.718333333333333
Computer,4,8,3,6,2.97,3.85,1.6904166666666667
Computer,5,8,3,6,1.48,2.97,1.635
Computer,6,8,3,6,0.0,1.48,1.7070833333333333
Computer,7,8,3,6,3.23,0.0,1.7166666666666668
Computer,8,8,3,6,2.62,3.23,1.64
Computer,9,8,3,6,0.0,2.62,1.64
Computer,10,8,3,6,0.0,0.0,1.7254166666666666
Computer,11,8,3,6,2.05,0.0,1.6283333333333332
Computer,12,8,3,6,0.43,2.05,1.6283333333333332
Computer,13,8,3,6,0.0,0.43,1.5979166666666667
Computer,14,8,3,6,0.0,0.0,1.4645833333333333
Computer,15,8,3,6,0.98,0.0,1.4645833333333333
Computer,16,8,3,6,0.0,0.98,1.3470833333333332
Computer,17,8,3,6,0.0,0.0,1.2579166666666668
Computer,18,8,3,6,3.15,0.0,1.2208333333333334
Computer,19,8,3,6,0.0,3.15,1.2208333333333334
Computer,20,8,3,6,0.0,0.0,1.195
Computer,21,8,3,6,1.03,0.0,1.1824999999999999
Computer,22,8,3,6,0.58,1.03,1.15
Computer,23,8,3,6,0.0,0.58,1.1995833333333332
Computer,0,9,4,6,1.19,0.0,1.0820833333333333
Computer,1,9,4,6,2.41,1.19,1.0820833333333333
Computer,2,9,4,6,0.0,2.41,0.9566666666666667
Computer,3,9,4,6,0.84,0.0,0.9016666666666665
Computer,4,9,4,6,1.65,0.84,0.8399999999999999
Computer,5,9,4,6,0.0,1.65,0.9649999999999999
Computer,6,9,4,6,3.0,0.0,0.8766666666666668
Computer,7,9,4,6,1.11,3.0,0.8466666666666667
Computer,8,9,4,6,1.9,1.11,0.8695833333333334
Computer,9,9,4,6,0.55,1.9,0.9154166666666667
Computer,10,9,4,6,1.1,0.55,0.83
Computer,11,9,4,6,0.0,1.1,0.87
Computer,12,9,4,6,1.39,0.0,0.8941666666666667
Computer,13,9,4,6,0.58,1.39,0.8941666666666667
Computer,14,9,4,6,0.0,0.58,1.1608333333333334
Computer,15,9,4,6,7.38,0.0,1.1991666666666667
Computer,16,9,4,6,0.92,7.38,1.2566666666666666
Computer,17,9,4,6,1.38,0.92,1.34375
Computer,18,9,4,6,5.24,1.38,1.366666666666667
Computer,19,9,4,6,0.55,5.24,1.4425000000000001
Computer,20,9,4,6,1.82,0.55,1.5083333333333335
Computer,21,9,4,6,2.61,1.82,1.4841666666666669
Computer,22,9,4,6,0.0,2.61,1.5633333333333335
Computer,23,9,4,6,1.9,0.0,1.5766666666666664
Computer,0,10,5,6,1.51,1.9,1.5129166666666667
Computer,1,10,5,6,0.88,1.51,1.6008333333333333
Computer,2,10,5,6,2.1100000000000003,0.88,1.6433333333333333
Computer,3,10,5,6,1.86,2.1100000000000003,1.5745833333333332
Computer,4,10,5,6,0.0,1.86,1.633333333333333
Computer,5,10,5,6,1.41,0.0,1.508333333333333
Computer,6,10,5,6,0.0,1.41,1.4620833333333332
Computer,7,10,5,6,0.0,0.0,1.3829166666666666
Computer,8,10,5,6,0.0,0.0,1.4037500000000003
Computer,9,10,5,6,1.05,0.0,1.375416666666667
Computer,10,10,5,6,0.42,1.05,1.4808333333333332
Computer,11,10,5,6,2.53,0.42,1.4229166666666666
Computer,12,10,5,6,0.0,2.53,1.5366666666666668
Computer,13,10,5,6,3.31,0.0,1.6295833333333334
Computer,14,10,5,6,2.23,3.31,1.3220833333333333
Computer,15,10,5,6,0.0,2.23,1.3345833333333335
Computer,16,10,5,6,1.22,0.0,1.4033333333333333
Computer,17,10,5,6,3.03,1.22,1.3195833333333333
Computer,18,10,5,6,3.23,3.03,1.2966666666666666
Computer,19,10,5,6,0.0,3.23,1.3016666666666667
Computer,20,10,5,6,1.94,0.0,1.2433333333333334
Computer,21,10,5,6,1.21,1.94,1.3104166666666666
Computer,22,10,5,6,1.61,1.21,1.2520833333333332
Computer,23,10,5,6,0.5,1.61,1.2437500000000001
Computer,0,11,6,6,1.31,0.5,1.2437500000000001
Computer,1,11,6,6,0.88,1.31,1.30625
Computer,2,11,6,6,3.61,0.88,1.2741666666666667
Computer,3,11,6,6,1.09,3.61,1.4408333333333332
Computer,4,11,6,6,4.0,1.09,1.3820833333333333
Computer,5,11,6,6,0.0,4.0,1.3950000000000002
Computer,6,11,6,6,0.31,0.0,1.3950000000000002
Computer,7,11,6,6,0.0,0.31,1.4087500000000002
Computer,8,11,6,6,0.33,0.0,1.3916666666666666
Computer,9,11,6,6,0.64,0.33,1.5174999999999998
Computer,10,11,6,6,3.44,0.64,1.4120833333333334
Computer,11,11,6,6,0.0,3.44,1.4487500000000002
Computer,12,11,6,6,0.88,0.0,1.5004166666666665
Computer,13,11,6,6,4.55,0.88,1.5625
Computer,14,11,6,6,3.72,4.55,1.6845833333333335
Computer,15,11,6,6,2.93,3.72,1.7816666666666665
Computer,16,11,6,6,3.55,2.93,1.6554166666666668
Computer,17,11,6,6,0.0,3.55,1.5945833333333332
Computer,18,11,6,6,1.77,0.0,1.67375
Computer,19,11,6,6,1.9,1.77,1.5929166666666668
Computer,20,11,6,6,0.0,1.9,1.5912499999999998
Computer,21,11,6,6,1.17,0.0,1.5241666666666667
Computer,22,11,6,6,0.0,1.17,1.5650000000000002
Computer,23,11,6,6,1.48,0.0,1.6079166666666664
Computer,0,12,0,6,2.34,1.48,1.5712499999999998
Computer,1,12,0,6,0.0,2.34,1.5249999999999997
Computer,2,12,0,6,2.5,0.0,1.5033333333333332
Computer,3,12,0,6,0.57,2.5,1.5054166666666668
Computer,4,12,0,6,4.05,0.57,1.5725
Computer,5,12,0,6,1.61,4.05,1.5595833333333333
Computer,6,12,0,6,0.0,1.61,1.575
Computer,7,12,0,6,0.37,0.0,1.6716666666666666
Computer,8,12,0,6,2.65,0.37,1.7404166666666665
Computer,9,12,0,6,2.29,2.65,1.6241666666666668
Computer,10,12,0,6,0.65,2.29,1.7700000000000002
Computer,11,12,0,6,3.5,0.65,1.7333333333333334
Computer,12,12,0,6,0.0,3.5,1.6341666666666665
Computer,13,12,0,6,2.17,0.0,1.5320833333333335
Computer,14,12,0,6,1.27,2.17,1.4100000000000001
Computer,15,12,0,6,0.0,1.27,1.45875
Computer,16,12,0,6,4.72,0.0,1.45875
Computer,17,12,0,6,0.0,4.72,1.6287500000000001
Computer,18,12,0,6,5.85,0.0,1.5495833333333333
Computer,19,12,0,6,0.0,5.85,1.5495833333333333
Computer,20,12,0,6,0.0,0.0,1.5520833333333333
Computer,21,12,0,6,1.23,0.0,1.5520833333333333
Computer,22,12,0,6,0.0,1.23,1.5558333333333332
Computer,23,12,0,6,1.57,0.0,1.5679166666666668
Computer,0,13,1,6,2.63,1.57,1.6345833333333335
Computer,1,13,1,6,1.6,2.63,1.5304166666666668
Computer,2,13,1,6,0.0,1.6,1.57625
Computer,3,13,1,6,1.67,0.0,1.5374999999999999
Computer,4,13,1,6,3.12,1.67,1.5287499999999998
Computer,5,13,1,6,1.4,3.12,1.5287499999999998
Computer,6,13,1,6,0.0,1.4,1.5133333333333334
Computer,7,13,1,6,0.0,0.0,1.4520833333333334
Computer,8,13,1,6,1.18,0.0,1.3566666666666667
Computer,9,13,1,6,0.0,1.18,1.3295833333333333
Computer,10,13,1,6,0.0,0.0,1.18375
Computer,11,13,1,6,0.0,0.0,1.2229166666666667
Computer,12,13,1,6,0.94,0.0,1.2983333333333331
Computer,13,13,1,6,3.98,0.94,1.38375
Computer,14,13,1,6,3.3200000000000003,3.98,1.4495833333333332
Computer,15,13,1,6,1.58,3.3200000000000003,1.2529166666666667
Computer,16,13,1,6,0.0,1.58,1.4070833333333332
Computer,17,13,1,6,3.7,0.0,1.2358333333333331
Computer,18,13,1,6,1.74,3.7,1.2358333333333331
Computer,19,13,1,6,0.0,1.74,1.2716666666666667
Computer,20,13,1,6,0.86,0.0,1.2483333333333333
Computer,21,13,1,6,0.67,0.86,1.3529166666666665
Computer,22,13,1,6,2.51,0.67,1.4333333333333333
Computer,23,13,1,6,3.5,2.51,1.4725
Computer,0,14,2,6,3.57,3.5,1.405833333333333
Computer,1,14,2,6,0.0,3.57,1.405833333333333
Computer,2,14,2,6,0.0,0.0,1.33625
Computer,3,14,2,6,0.0,0.0,1.22
Computer,4,14,2,6,0.33,0.0,1.1616666666666666
Computer,5,14,2,6,0.0,0.33,1.2391666666666665
Computer,6,14,2,6,1.86,0.0,1.3275
Computer,7,14,2,6,2.12,1.86,1.4366666666666665
Computer,8,14,2,6,3.8,2.12,1.5620833333333335
Computer,9,14,2,6,3.01,3.8,1.5620833333333335
Computer,10,14,2,6,0.0,3.01,1.6245833333333335
Computer,11,14,2,6,1.5,0.0,1.585416666666667
Computer,12,14,2,6,0.0,1.5,1.54625
Computer,13,14,2,6,3.04,0.0,1.4662499999999998
Computer,14,14,2,6,1.4,3.04,1.5379166666666666
Computer,15,14,2,6,3.3,1.4,1.6937499999999999
Computer,16,14,2,6,3.74,3.3,1.5825000000000002
Computer,17,14,2,6,1.03,3.74,1.5820833333333333
Computer,18,14,2,6,1.73,1.03,1.6308333333333334
Computer,19,14,2,6,1.17,1.73,1.6925000000000001
Computer,20,14,2,6,2.34,1.17,1.7433333333333334
Computer,21,14,2,6,1.89,2.34,1.6387500000000002
Computer,22,14,2,6,0.0,1.89,1.492916666666667
Computer,23,14,2,6,0.0,0.0,1.5258333333333336
Computer,0,15,3,6,4.359999999999999,0.0,1.5875000000000001
Computer,1,15,3,6,1.48,4.359999999999999,1.60375
Computer,2,15,3,6,0.39,1.48,1.60375
Computer,3,15,3,6,0.0,0.39,1.6450000000000002
Computer,4,15,3,6,1.32,0.0,1.7779166666666668
Computer,5,15,3,6,3.19,1.32,1.7758333333333332
Computer,6,15,3,6,1.81,3.19,1.7616666666666667
Computer,7,15,3,6,1.78,1.81,1.6804166666666667
Computer,8,15,3,6,1.85,1.78,1.6029166666666665
Computer,9,15,3,6,1.15,1.85,1.6029166666666665
Computer,10,15,3,6,0.0,1.15,1.6116666666666666
Computer,11,15,3,6,1.71,0.0,1.6266666666666667
Computer,12,15,3,6,0.36,1.71,1.585
Computer,13,15,3,6,2.04,0.36,1.5716666666666665
Computer,14,15,3,6,1.08,2.04,1.4341666666666668
Computer,15,15,3,6,0.0,1.08,1.4345833333333333
Computer,16,15,3,6,3.75,0.0,1.3916666666666666
Computer,17,15,3,6,0.0,3.75,1.4000000000000001
Computer,18,15,3,6,1.93,0.0,1.5004166666666665
Computer,19,15,3,6,3.58,1.93,1.4029166666666668
Computer,20,15,3,6,0.0,3.58,1.3241666666666667
Computer,21,15,3,6,0.0,0.0,1.4058333333333335
Computer,22,15,3,6,1.96,0.0,1.4308333333333332
Computer,23,15,3,6,0.6,1.96,1.2491666666666668
Computer,0,16,4,6,0.0,0.6,1.1875
Computer,1,16,4,6,0.0,0.0,1.2404166666666667
Computer,2,16,4,6,1.66,0.0,1.4166666666666667
Computer,3,16,4,6,4.23,1.66,1.3862499999999998
Computer,4,16,4,6,0.59,4.23,1.3066666666666666
Computer,5,16,4,6,1.28,0.59,1.3975
Computer,6,16,4,6,3.99,1.28,1.4254166666666668
Computer,7,16,4,6,2.45,3.99,1.4291666666666665
Computer,8,16,4,6,1.94,2.45,1.5083333333333335
Computer,9,16,4,6,3.05,1.94,1.5083333333333335
Computer,10,16,4,6,0.0,3.05,1.55375
Computer,11,16,4,6,2.8,0.0,1.53875
Computer,12,16,4,6,0.0,2.8,1.5095833333333335
Computer,13,16,4,6,1.34,0.0,1.5733333333333335
Computer,14,16,4,6,2.6100000000000003,1.34,1.5733333333333335
Computer,15,16,4,6,0.0,2.6100000000000003,1.4350000000000003
Computer,16,16,4,6,0.43,0.0,1.4825
Computer,17,16,4,6,1.14,0.43,1.4020833333333333
Computer,18,16,4,6,0.0,1.14,1.2529166666666667
Computer,19,16,4,6,0.0,0.0,1.2529166666666667
Computer,20,16,4,6,0.0,0.0,1.3345833333333335
Computer,21,16,4,6,1.96,0.0,1.2529166666666667
Computer,22,16,4,6,0.0,1.96,1.2279166666666665
Computer,23,16,4,6,0.0,0.0,1.2279166666666665
Computer,0,17,5,6,0.0,0.0,1.3108333333333333
Computer,1,17,5,6,1.99,0.0,1.2416666666666667
Computer,2,17,5,6,0.0,1.99,1.2533333333333332
Computer,3,17,5,6,4.51,0.0,1.22875
Computer,4,17,5,6,0.0,4.51,1.3008333333333335
Computer,5,17,5,6,3.01,0.0,1.2562499999999999
Computer,6,17,5,6,2.92,3.01,1.2454166666666666
Computer,7,17,5,6,2.19,2.92,1.2883333333333333
Computer,8,17,5,6,2.97,2.19,1.2533333333333332
Computer,9,17,5,6,2.21,2.97,1.3920833333333331
Computer,10,17,5,6,3.33,2.21,1.3691666666666666
Computer,11,17,5,6,2.25,3.33,1.3883333333333334
Computer,12,17,5,6,0.46,2.25,1.3325
Computer,13,17,5,6,0.0,0.46,1.2545833333333334
Computer,14,17,5,6,0.74,0.0,1.2545833333333334
Computer,15,17,5,6,0.0,0.74,1.31375
Computer,16,17,5,6,1.85,0.0,1.2662499999999999
Computer,17,17,5,6,0.0,1.85,1.2662499999999999
Computer,18,17,5,6,0.0,0.0,1.2662499999999999
Computer,19,17,5,6,0.0,0.0,1.3774999999999997
Computer,20,17,5,6,2.67,0.0,1.32875
Computer,21,17,5,6,0.79,2.67,1.4095833333333332
Computer,22,17,5,6,1.94,0.79,1.4425
Computer,23,17,5,6,0.79,1.94,1.5429166666666667
Computer,0,18,6,6,2.41,0.79,1.46
Computer,1,18,6,6,0.0,2.41,1.585
Computer,2,18,6,6,3.0,0.0,1.4554166666666666
Computer,3,18,6,6,1.4,3.0,1.4554166666666666
Computer,4,18,6,6,0.0,1.4,1.4087500000000002
Computer,5,18,6,6,1.89,0.0,1.2870833333333334
Computer,6,18,6,6,0.0,1.89,1.2120833333333334
Computer,7,18,6,6,0.39,0.0,1.1500000000000001
Computer,8,18,6,6,1.48,0.39,1.10625
Computer,9,18,6,6,1.16,1.48,0.9954166666666665
Computer,10,18,6,6,0.67,1.16,0.9016666666666667
Computer,11,18,6,6,0.0,0.67,0.9533333333333333
Computer,12,18,6,6,1.7,0.0,0.9533333333333333
Computer,13,18,6,6,0.0,1.7,0.9495833333333333
Computer,14,18,6,6,0.65,0.0,1.0458333333333332
Computer,15,18,6,6,2.31,0.65,0.96875
Computer,16,18,6,6,0.0,2.31,1.0833333333333333
Computer,17,18,6,6,2.75,0.0,1.1633333333333333
Computer,18,18,6,6,1.92,2.75,1.1633333333333333
Computer,19,18,6,6,0.0,1.92,1.1566666666666665
Computer,20,18,6,6,2.51,0.0,1.12375
Computer,21,18,6,6,0.0,2.51,1.1179166666666667
Computer,22,18,6,6,1.8,0.0,1.085
Computer,23,18,6,6,0.0,1.8,0.9845833333333333
Computer,0,19,0,6,0.0,0.0,0.9845833333333333
Computer,1,19,0,6,0.0,0.0,0.8683333333333333
Computer,2,19,0,6,0.21,0.0,0.81
Computer,3,19,0,6,0.0,0.21,0.8633333333333333
Computer,4,19,0,6,1.28,0.0,0.8433333333333333
Computer,5,19,0,6,1.41,1.28,0.8975
Computer,6,19,0,6,1.3,1.41,0.9416666666666665
Computer,7,19,0,6,1.45,1.3,0.8799999999999999
Computer,8,19,0,6,0.0,1.45,0.8316666666666666
Computer,9,19,0,6,0.0,0.0,0.8666666666666667
Computer,10,19,0,6,1.51,0.0,0.8666666666666667
Computer,11,19,0,6,0.0,1.51,0.875
Computer,12,19,0,6,1.9,0.0,0.875
Computer,13,19,0,6,0.0,1.9,0.9883333333333333
Computer,14,19,0,6,3.37,0.0,0.9979166666666667
Computer,15,19,0,6,2.54,3.37,1.01625
Computer,16,19,0,6,0.44,2.54,0.9016666666666667
Computer,17,19,0,6,0.0,0.44,0.9316666666666666
Computer,18,19,0,6,2.64,0.0,0.9562499999999999
Computer,19,19,0,6,0.59,2.64,0.8616666666666667
Computer,20,19,0,6,0.24,0.59,0.8708333333333335
Computer,21,19,0,6,0.22,0.24,0.8258333333333333
Computer,22,19,0,6,0.72,0.22,0.8429166666666666
Computer,23,19,0,6,0.41,0.72,0.9208333333333334
Computer,0,20,1,6,1.87,0.41,1.0075
Computer,1,20,1,6,2.08,1.87,1.0804166666666666
Computer,2,20,1,6,1.96,2.08,1.1312499999999999
Computer,3,20,1,6,1.22,1.96,1.1162500000000002
Computer,4,20,1,6,0.92,1.22,1.1691666666666667
Computer,5,20,1,6,2.68,0.92,1.2295833333333335
Computer,6,20,1,6,2.75,2.68,1.23875
Computer,7,20,1,6,1.67,2.75,1.2916666666666667
Computer,8,20,1,6,1.27,1.67,1.3741666666666668
Computer,9,20,1,6,1.98,1.27,1.31125
Computer,10,20,1,6,0.0,1.98,1.31125
Computer,11,20,1,6,0.0,0.0,1.3420833333333333
Computer,12,20,1,6,2.64,0.0,1.4254166666666668
Computer,13,20,1,6,2.0,2.64,1.285
Computer,14,20,1,6,0.0,2.0,1.2591666666666668
Computer,15,20,1,6,1.92,0.0,1.3404166666666668
Computer,16,20,1,6,2.39,1.92,1.4820833333333334
Computer,17,20,1,6,3.4,2.39,1.4333333333333333
Computer,18,20,1,6,1.47,3.4,1.4087500000000002
Computer,19,20,1,6,0.0,1.47,1.5045833333333334
Computer,20,20,1,6,2.54,0.0,1.4954166666666666
Computer,21,20,1,6,0.0,2.54,1.5979166666666667
Computer,22,20,1,6,3.18,0.0,1.5808333333333333
Computer,23,20,1,6,0.0,3.18,1.5029166666666667
Computer,0,21,2,6,0.0,0.0,1.5658333333333332
Computer,1,21,2,6,3.59,0.0,1.5725
Computer,2,21,2,6,2.12,3.59,1.5216666666666665
Computer,3,21,2,6,0.0,2.12,1.54
Computer,4,21,2,6,1.36,0.0,1.4720833333333336
Computer,5,21,2,6,1.05,1.36,1.4225
Computer,6,21,2,6,1.56,1.05,1.4245833333333335
Computer,7,21,2,6,1.72,1.56,1.4483333333333333
Computer,8,21,2,6,1.84,1.72,1.47875
Computer,9,21,2,6,2.71,1.84,1.47875
Computer,10,21,2,6,0.0,2.71,1.47875
Computer,11,21,2,6,0.0,0.0,1.3687500000000001
Computer,12,21,2,6,0.0,0.0,1.3454166666666667
Computer,13,21,2,6,1.44,0.0,1.3454166666666667
Computer,14,21,2,6,0.0,1.44,1.3875
Computer,15,21,2,6,2.93,0.0,1.2879166666666666
Computer,16,21,2,6,0.0,2.93,1.1620833333333334
Computer,17,21,2,6,0.38,0.0,1.1008333333333333
Computer,18,21,2,6,0.0,0.38,1.23125
Computer,19,21,2,6,3.13,0.0,1.1945833333333333
Computer,20,21,2,6,1.66,3.13,1.2550000000000001
Computer,21,21,2,6,1.45,1.66,1.1224999999999998
Computer,22,21,2,6,0.0,1.45,1.1566666666666665
Computer,23,21,2,6,0.82,0.0,1.2979166666666666
Computer,0,22,3,6,3.39,0.82,1.1733333333333333
Computer,1,22,3,6,0.6,3.39,1.1345833333333333
Computer,2,22,3,6,1.19,0.6,1.1345833333333333
Computer,3,22,3,6,0.0,1.19,1.0879166666666666
Computer,4,22,3,6,0.24,0.0,1.1525
Computer,5,22,3,6,2.6,0.24,1.1879166666666665
Computer,6,22,3,6,2.41,2.6,1.11625
Computer,7,22,3,6,0.0,2.41,1.0825
Computer,8,22,3,6,1.03,0.0,1.0345833333333332
Computer,9,22,3,6,1.56,1.03,1.1279166666666667
Computer,10,22,3,6,2.24,1.56,1.31125
Computer,11,22,3,6,4.4,2.24,1.3579166666666669
Computer,12,22,3,6,1.12,4.4,1.2979166666666668
Computer,13,22,3,6,0.0,1.12,1.4066666666666665
Computer,14,22,3,6,2.6100000000000003,0.0,1.3783333333333332
Computer,15,22,3,6,2.25,2.6100000000000003,1.3783333333333332
Computer,16,22,3,6,0.0,2.25,1.4933333333333334
Computer,17,22,3,6,3.14,0.0,1.5429166666666667
Computer,18,22,3,6,1.19,3.14,1.5395833333333335
Computer,19,22,3,6,3.05,1.19,1.4704166666666667
Computer,20,22,3,6,0.0,3.05,1.4100000000000001
Computer,21,22,3,6,0.0,0.0,1.4100000000000001
Computer,22,22,3,6,0.0,0.0,1.4575000000000002
Computer,23,22,3,6,1.96,0.0,1.4075
Computer,0,23,4,6,2.1900000000000004,1.96,1.5199999999999998
Computer,1,23,4,6,3.3,2.1900000000000004,1.55
Computer,2,23,4,6,1.91,3.3,1.55
Computer,3,23,4,6,0.0,1.91,1.6404166666666666
Computer,4,23,4,6,2.41,0.0,1.5320833333333332
Computer,5,23,4,6,0.0,2.41,1.4316666666666666
Computer,6,23,4,6,0.0,0.0,1.4654166666666668
Computer,7,23,4,6,0.81,0.0,1.4833333333333334
Computer,8,23,4,6,1.46,0.81,1.4183333333333332
Computer,9,23,4,6,0.0,1.46,1.3779166666666667
Computer,10,23,4,6,1.27,0.0,1.1945833333333333
Computer,11,23,4,6,0.0,1.27,1.3104166666666666
Computer,12,23,4,6,3.9,0.0,1.4608333333333334
Computer,13,23,4,6,3.61,3.9,1.3729166666666668
Computer,14,23,4,6,0.5,3.61,1.2791666666666668
Computer,15,23,4,6,0.0,0.5,1.3516666666666666
Computer,16,23,4,6,1.74,0.0,1.2208333333333334
Computer,17,23,4,6,0.0,1.74,1.17125
Computer,18,23,4,6,0.0,0.0,1.12125
Computer,19,23,4,6,1.85,0.0,1.12125
Computer,20,23,4,6,0.0,1.85,1.12125
Computer,21,23,4,6,0.0,0.0,1.1841666666666668
Computer,22,23,4,6,1.51,0.0,1.1729166666666668
Computer,23,23,4,6,1.69,1.51,1.19625
Computer,0,24,5,6,2.75,1.69,1.16625
Computer,1,24,5,6,2.58,2.75,1.1145833333333333
Computer,2,24,5,6,0.67,2.58,1.2883333333333333
Computer,3,24,5,6,4.17,0.67,1.1879166666666665
Computer,4,24,5,6,0.0,4.17,1.2754166666666666
Computer,5,24,5,6,2.1,0.0,1.3483333333333334
Computer,6,24,5,6,1.75,2.1,1.3870833333333332
Computer,7,24,5,6,1.74,1.75,1.4691666666666665
Computer,8,24,5,6,3.43,1.74,1.5308333333333335
Computer,9,24,5,6,1.48,3.43,1.5474999999999997
Computer,10,24,5,6,1.67,1.48,1.5475
Computer,11,24,5,6,0.0,1.67,1.4691666666666665
Computer,12,24,5,6,2.02,0.0,1.3425
Computer,13,24,5,6,0.57,2.02,1.4637499999999999
Computer,14,24,5,6,3.41,0.57,1.47625
Computer,15,24,5,6,0.3,3.41,1.4745833333333334
Computer,16,24,5,6,1.7,0.3,1.5337500000000002
Computer,17,24,5,6,1.42,1.7,1.5337500000000002
Computer,18,24,5,6,0.0,1.42,1.4816666666666667
Computer,19,24,5,6,0.6,0.0,1.5116666666666667
Computer,20,24,5,6,0.72,0.6,1.7345833333333334
Computer,21,24,5,6,5.35,0.72,1.749583333333333
Computer,22,24,5,6,1.87,5.35,1.6791666666666665
Computer,23,24,5,6,0.0,1.87,1.5645833333333332
Computer,0,25,6,6,0.0,0.0,1.5091666666666665
Computer,1,25,6,6,1.25,0.0,1.5241666666666667
Computer,2,25,6,6,1.03,1.25,1.3675
Computer,3,25,6,6,0.41,1.03,1.4441666666666666
Computer,4,25,6,6,1.84,0.41,1.495
Computer,5,25,6,6,3.3200000000000003,1.84,1.446666666666667
Computer,6,25,6,6,0.59,3.3200000000000003,1.4258333333333333
Computer,7,25,6,6,1.24,0.59,1.2829166666666667
Computer,8,25,6,6,0.0,1.24,1.27375
Computer,9,25,6,6,1.26,0.0,1.3399999999999999
Computer,10,25,6,6,3.26,1.26,1.38375
Computer,11,25,6,6,1.05,3.26,1.2995833333333333
Computer,12,25,6,6,0.0,1.05,1.34375
Computer,13,25,6,6,1.63,0.0,1.2416666666666667
Computer,14,25,6,6,0.96,1.63,1.2291666666666667
Computer,15,25,6,6,0.0,0.96,1.1583333333333334
Computer,16,25,6,6,0.0,0.0,1.0991666666666668
Computer,17,25,6,6,0.0,0.0,1.0991666666666668
Computer,18,25,6,6,0.0,0.0,1.1516666666666666
Computer,19,25,6,6,1.86,0.0,1.1545833333333333
Computer,20,25,6,6,0.79,1.86,1.0025
Computer,21,25,6,6,1.7,0.79,0.9245833333333332
Computer,22,25,6,6,0.0,1.7,1.0083333333333333
Computer,23,25,6,6,2.01,0.0,1.07875
Computer,0,26,0,6,1.69,2.01,1.1345833333333333
Computer,1,26,0,6,2.59,1.69,1.21375
Computer,2,26,0,6,2.93,2.59,1.3325
Computer,3,26,0,6,3.26,2.93,1.4079166666666667
Computer,4,26,0,6,3.65,3.26,1.3166666666666667
Computer,5,26,0,6,1.13,3.65,1.2920833333333335
Computer,6,26,0,6,0.0,1.13,1.255
Computer,7,26,0,6,0.35,0.0,1.3979166666666665
Computer,8,26,0,6,3.43,0.35,1.4066666666666665
Computer,9,26,0,6,1.47,3.43,1.375
Computer,10,26,0,6,2.5,1.47,1.33125
Computer,11,26,0,6,0.0,2.5,1.3495833333333334
Computer,12,26,0,6,0.44,0.0,1.2816666666666665
Computer,13,26,0,6,0.0,0.44,1.2620833333333332
Computer,14,26,0,6,0.49,0.0,1.3858333333333333
Computer,15,26,0,6,2.97,0.49,1.4825
Computer,16,26,0,6,2.32,2.97,1.4825
Computer,17,26,0,6,0.0,2.32,1.6137499999999998
Computer,18,26,0,6,3.1500000000000004,0.0,1.5916666666666668
Computer,19,26,0,6,1.33,3.1500000000000004,1.55875
Computer,20,26,0,6,0.0,1.33,1.4879166666666668
Computer,21,26,0,6,0.0,0.0,1.4879166666666668
Computer,22,26,0,6,0.0,0.0,1.4870833333333333
Computer,23,26,0,6,1.99,0.0,1.4429166666666668
Computer,0,27,1,6,0.63,1.99,1.4562499999999998
Computer,1,27,1,6,2.91,0.63,1.3758333333333332
Computer,2,27,1,6,1.0,2.91,1.3037500000000002
Computer,3,27,1,6,1.53,1.0,1.2166666666666668
Computer,4,27,1,6,1.56,1.53,1.1695833333333334
Computer,5,27,1,6,0.0,1.56,1.2495833333333333
Computer,6,27,1,6,1.92,0.0,1.235
Computer,7,27,1,6,0.0,1.92,1.0920833333333333
Computer,8,27,1,6,0.0,0.0,1.0308333333333333
Computer,9,27,1,6,0.0,0.0,0.9266666666666666
Computer,10,27,1,6,0.0,0.0,0.9645833333333332
Computer,11,27,1,6,0.91,0.0,0.94625
Computer,12,27,1,6,0.0,0.91,0.94625
Computer,13,27,1,6,0.0,0.0,0.99375
Computer,14,27,1,6,1.63,0.0,0.8700000000000001
Computer,15,27,1,6,0.0,1.63,0.80625
Computer,16,27,1,6,0.79,0.0,0.8716666666666667
Computer,17,27,1,6,1.57,0.79,0.8120833333333333
Computer,18,27,1,6,1.72,1.57,0.80125
Computer,19,27,1,6,1.07,1.72,0.80125
Computer,20,27,1,6,0.0,1.07,0.88375
Computer,21,27,1,6,1.98,0.0,0.88375
Computer,22,27,1,6,0.0,1.98,0.8145833333333332
Computer,23,27,1,6,0.33,0.0,0.8308333333333334
Computer,0,28,2,6,1.02,0.33,0.7920833333333333
Computer,1,28,2,6,1.98,1.02,0.8216666666666667
Computer,2,28,2,6,1.71,1.98,0.8770833333333332
Computer,3,28,2,6,2.86,1.71,0.8520833333333333
Computer,4,28,2,6,0.96,2.86,0.9729166666666665
Computer,5,28,2,6,2.9,0.96,0.9670833333333334
Computer,6,28,2,6,1.78,2.9,1.0254166666666666
Computer,7,28,2,6,1.4,1.78,1.0254166666666666
Computer,8,28,2,6,0.0,1.4,1.1779166666666667
Computer,9,28,2,6,3.66,0.0,1.3308333333333333
Computer,10,28,2,6,3.67,3.66,1.3941666666666668
Computer,11,28,2,6,2.43,3.67,1.4170833333333333
Computer,12,28,2,6,0.55,2.43,1.51375
Computer,13,28,2,6,2.32,0.55,1.445833333333333
Computer,14,28,2,6,0.0,2.32,1.50125
Computer,15,28,2,6,1.33,0.0,1.4683333333333335
Computer,16,28,2,6,0.0,1.33,1.45
Computer,17,28,2,6,1.13,0.0,1.4304166666666667
Computer,18,28,2,6,1.25,1.13,1.51625
Computer,19,28,2,6,3.13,1.25,1.51625
Computer,20,28,2,6,0.0,3.13,1.4987500000000002
Computer,21,28,2,6,1.56,0.0,1.4987500000000002
Computer,22,28,2,6,0.0,1.56,1.485
Computer,23,28,2,6,0.0,0.0,1.5112500000000002
Computer,0,29,3,6,1.65,0.0,1.4808333333333332
Computer,1,29,3,6,1.25,1.65,1.5966666666666665
Computer,2,29,3,6,4.49,1.25,1.5908333333333333
Computer,3,29,3,6,2.72,4.49,1.5687499999999999
Computer,4,29,3,6,0.43,2.72,1.5458333333333334
Computer,5,29,3,6,2.35,0.43,1.5429166666666665
Computer,6,29,3,6,1.71,2.35,1.545
Computer,7,29,3,6,1.45,1.71,1.545
Computer,8,29,3,6,0.0,1.45,1.3925
Computer,9,29,3,6,0.0,0.0,1.2395833333333333
Computer,10,29,3,6,0.0,0.0,1.1495833333333334
Computer,11,29,3,6,0.27,0.0,1.1266666666666667
Computer,12,29,3,6,0.0,0.27,1.03
Computer,13,29,3,6,0.0,0.0,1.03
Computer,14,29,3,6,0.0,0.0,1.0445833333333334
Computer,15,29,3,6,1.68,0.0,1.09375
Computer,16,29,3,6,1.18,1.68,1.0995833333333331
Computer,17,29,3,6,1.27,1.18,1.0475
Computer,18,29,3,6,0.0,1.27,1.03875
Computer,19,29,3,6,2.92,0.0,1.15625
Computer,20,29,3,6,2.82,2.92,1.1329166666666668
Computer,21,29,3,6,1.0,2.82,1.2075
Computer,22,29,3,6,1.79,1.0,1.2470833333333333
Computer,23,29,3,6,0.95,1.79,1.235
Computer,0,30,4,6,1.36,0.95,1.3870833333333337
Computer,1,30,4,6,4.9,1.36,1.2766666666666666
Computer,2,30,4,6,1.84,4.9,1.1791666666666667
Computer,3,30,4,6,0.38,1.84,1.1841666666666668
Computer,4,30,4,6,0.55,0.38,1.08625
Computer,5,30,4,6,0.0,0.55,1.06
Computer,6,30,4,6,1.08,0.0,1.0370833333333334
Computer,7,30,4,6,0.9,1.08,1.1116666666666666
Computer,8,30,4,6,1.79,0.9,1.1612500000000001
Computer,9,30,4,6,1.19,1.79,1.1612500000000001
Computer,10,30,4,6,0.0,1.19,1.1500000000000001
Computer,11,30,4,6,0.0,0.0,1.2225
Computer,12,30,4,6,1.74,0.0,1.2883333333333333
Computer,13,30,4,6,1.58,1.74,1.4566666666666668
Computer,14,30,4,6,4.04,1.58,1.3866666666666667
Computer,15,30,4,6,0.0,4.04,1.3375000000000001
Computer,16,30,4,6,0.0,0.0,1.2845833333333334
Computer,17,30,4,6,0.0,0.0,1.2845833333333334
Computer,18,30,4,6,0.0,0.0,1.25375
Computer,19,30,4,6,2.18,0.0,1.1970833333333333
Computer,20,30,4,6,1.46,2.18,1.1554166666666668
Computer,21,30,4,6,0.0,1.46,1.1170833333333334
Computer,22,30,4,6,0.87,0.0,1.0775000000000001
Computer,23,30,4,6,0.0,0.87,1.1279166666666667
Computer,0,1,5,7,2.57,0.0,0.97375
Computer,1,1,5,7,1.2,2.57,0.8970833333333333
Computer,2,1,5,7,0.0,1.2,0.8812500000000001
Computer,3,1,5,7,0.0,0.0,0.9116666666666666
Computer,4,1,5,7,1.28,0.0,0.9116666666666666
Computer,5,1,5,7,0.0,1.28,1.0566666666666666
Computer,6,1,5,7,4.5600000000000005,0.0,1.0879166666666666
Computer,7,1,5,7,1.65,4.5600000000000005,1.0133333333333334
Computer,8,1,5,7,0.0,1.65,0.9920833333333333
Computer,9,1,5,7,0.68,0.0,1.0104166666666667
Computer,10,1,5,7,0.44,0.68,1.08375
Computer,11,1,5,7,1.76,0.44,1.0112500000000002
Computer,12,1,5,7,0.0,1.76,1.0687499999999999
Computer,13,1,5,7,2.96,0.0,0.9004166666666666
Computer,14,1,5,7,0.0,2.96,0.9004166666666666
Computer,15,1,5,7,0.0,0.0,0.9004166666666666
Computer,16,1,5,7,0.0,0.0,0.9600000000000001
Computer,17,1,5,7,1.43,0.0,0.9600000000000001
Computer,18,1,5,7,0.0,1.43,0.9179166666666667
Computer,19,1,5,7,1.17,0.0,0.8570833333333333
Computer,20,1,5,7,0.0,1.17,0.9641666666666667
Computer,21,1,5,7,2.5700000000000003,0.0,0.9979166666666667
Computer,22,1,5,7,1.68,2.5700000000000003,0.9979166666666667
Computer,23,1,5,7,0.0,1.68,0.9079166666666668
Computer,0,2,6,7,0.41,0.0,0.8683333333333333
Computer,1,2,6,7,0.25,0.41,0.9512499999999999
Computer,2,2,6,7,1.99,0.25,1.0062499999999999
Computer,3,2,6,7,1.32,1.99,0.9529166666666667
Computer,4,2,6,7,0.0,1.32,1.0366666666666668
Computer,5,2,6,7,2.01,0.0,0.8666666666666667
Computer,6,2,6,7,0.48,2.01,0.9270833333333334
Computer,7,2,6,7,3.1,0.48,0.9995833333333334
Computer,8,2,6,7,1.7399999999999998,3.1,1.00875
Computer,9,2,6,7,0.9,1.7399999999999998,0.9904166666666666
Computer,10,2,6,7,0.0,0.9,0.9262499999999999
Computer,11,2,6,7,0.22,0.0,1.06125
Computer,12,2,6,7,3.24,0.22,0.9379166666666666
Computer,13,2,6,7,0.0,3.24,0.9379166666666666
Computer,14,2,6,7,0.0,0.0,1.0174999999999998
Computer,15,2,6,7,1.91,0.0,1.155
Computer,16,2,6,7,3.3,1.91,1.1045833333333333
Computer,17,2,6,7,0.22,3.3,1.2054166666666666
Computer,18,2,6,7,2.42,0.22,1.3158333333333332
Computer,19,2,6,7,3.82,2.42,1.34875
Computer,20,2,6,7,0.79,3.82,1.4454166666666666
Computer,21,2,6,7,4.89,0.79,1.3754166666666665
Computer,22,2,6,7,0.0,4.89,1.3754166666666665
Computer,23,2,6,7,0.0,0.0,1.4129166666666666
Computer,0,3,0,7,1.31,0.0,1.4783333333333333
Computer,1,3,0,7,1.82,1.31,1.5404166666666665
Computer,2,3,0,7,3.48,1.82,1.5579166666666666
Computer,3,3,0,7,1.74,3.48,1.5975000000000001
Computer,4,3,0,7,0.95,1.74,1.64
Computer,5,3,0,7,3.03,0.95,1.67875
Computer,6,3,0,7,1.41,3.03,1.7458333333333333
Computer,7,3,0,7,4.71,1.41,1.7383333333333335
Computer,8,3,0,7,1.56,4.71,1.7008333333333334
Computer,9,3,0,7,0.0,1.56,1.7008333333333334
Computer,10,3,0,7,0.0,0.0,1.74125
Computer,11,3,0,7,1.19,0.0,1.7191666666666665
Computer,12,3,0,7,2.71,1.19,1.8191666666666668
Computer,13,3,0,7,2.4000000000000004,2.71,1.9516666666666664
Computer,14,3,0,7,3.18,2.4000000000000004,1.8720833333333333
Computer,15,3,0,7,0.0,3.18,1.7345833333333334
Computer,16,3,0,7,0.0,0.0,1.7254166666666666
Computer,17,3,0,7,0.0,0.0,1.6900000000000002
Computer,18,3,0,7,1.57,0.0,1.54875
Computer,19,3,0,7,0.43,1.57,1.5158333333333334
Computer,20,3,0,7,0.0,0.43,1.3120833333333335
Computer,21,3,0,7,0.0,0.0,1.3779166666666667
Computer,22,3,0,7,1.58,0.0,1.3779166666666667
Computer,23,3,0,7,0.0,1.58,1.4129166666666666
Computer,0,4,1,7,2.15,0.0,1.4908333333333335
Computer,1,4,1,7,3.69,2.15,1.3458333333333334
Computer,2,4,1,7,0.0,3.69,1.2995833333333333
Computer,3,4,1,7,0.63,0.0,1.3008333333333335
Computer,4,4,1,7,0.98,0.63,1.2975
Computer,5,4,1,7,2.95,0.98,1.23875
Computer,6,4,1,7,0.0,2.95,1.2162499999999998
Computer,7,4,1,7,4.17,0.0,1.15125
Computer,8,4,1,7,0.0,4.17,1.15125
Computer,9,4,1,7,0.0,0.0,1.15125
Computer,10,4,1,7,0.0,0.0,1.2641666666666667
Computer,11,4,1,7,3.9,0.0,1.15125
Computer,12,4,1,7,0.0,3.9,1.1433333333333333
Computer,13,4,1,7,2.21,0.0,1.1695833333333334
Computer,14,4,1,7,3.81,2.21,1.2154166666666668
Computer,15,4,1,7,1.1,3.81,1.2154166666666668
Computer,16,4,1,7,0.0,1.1,1.2154166666666668
Computer,17,4,1,7,0.0,0.0,1.25375
Computer,18,4,1,7,2.49,0.0,1.2641666666666667
Computer,19,4,1,7,0.68,2.49,1.2875
Computer,20,4,1,7,0.56,0.68,1.33625
Computer,21,4,1,7,1.17,0.56,1.42875
Computer,22,4,1,7,3.8,1.17,1.51625
Computer,23,4,1,7,2.1,3.8,1.5337500000000002
Computer,0,5,2,7,2.5700000000000003,2.1,1.4329166666666666
Computer,1,5,2,7,1.27,2.5700000000000003,1.4433333333333334
Computer,2,5,2,7,0.25,1.27,1.4170833333333333
Computer,3,5,2,7,0.0,0.25,1.37625
Computer,4,5,2,7,0.0,0.0,1.3245833333333332
Computer,5,5,2,7,1.71,0.0,1.3245833333333332
Computer,6,5,2,7,0.0,1.71,1.2049999999999998
Computer,7,5,2,7,1.3,0.0,1.2425000000000002
Computer,8,5,2,7,0.9,1.3,1.3120833333333333
Computer,9,5,2,7,1.67,0.9,1.4179166666666667
Computer,10,5,2,7,2.54,1.67,1.3333333333333333
Computer,11,5,2,7,1.87,2.54,1.3904166666666666
Computer,12,5,2,7,1.37,1.87,1.2983333333333333
Computer,13,5,2,7,0.0,1.37,1.27375
Computer,14,5,2,7,3.22,0.0,1.2279166666666665
Computer,15,5,2,7,0.0,3.22,1.3004166666666668
Computer,16,5,2,7,1.74,0.0,1.32375
Computer,17,5,2,7,0.56,1.74,1.3079166666666666
Computer,18,5,2,7,2.1100000000000003,0.56,1.3783333333333332
Computer,19,5,2,7,2.37,2.1100000000000003,1.5112499999999998
Computer,20,5,2,7,3.75,2.37,1.4624999999999997
Computer,21,5,2,7,0.0,3.75,1.3462500000000002
Computer,22,5,2,7,1.01,0.0,1.29
Computer,23,5,2,7,0.75,1.01,1.2225
Computer,0,6,3,7,0.95,0.75,1.1695833333333334
Computer,1,6,3,7,0.0,0.95,1.2333333333333332
Computer,2,6,3,7,1.7799999999999998,0.0,1.2333333333333332
Computer,3,6,3,7,0.0,1.7799999999999998,1.2333333333333332
Computer,4,6,3,7,0.0,0.0,1.31875
Computer,5,6,3,7,3.76,0.0,1.4891666666666667
Computer,6,6,3,7,4.09,3.76,1.4349999999999998
Computer,7,6,3,7,0.0,4.09,1.4749999999999999
Computer,8,6,3,7,1.86,0.0,1.4666666666666666
Computer,9,6,3,7,1.47,1.86,1.3770833333333332
Computer,10,6,3,7,0.39,1.47,1.3795833333333334
Computer,11,6,3,7,1.93,0.39,1.3225
Computer,12,6,3,7,0.0,1.93,1.4845833333333334
Computer,13,6,3,7,3.89,0.0,1.4154166666666665
Computer,14,6,3,7,1.56,3.89,1.4154166666666665
Computer,15,6,3,7,0.0,1.56,1.3429166666666665
Computer,16,6,3,7,0.0,0.0,1.4004166666666666
Computer,17,6,3,7,1.94,0.0,1.3125
Computer,18,6,3,7,0.0,1.94,1.26125
Computer,19,6,3,7,1.14,0.0,1.105
Computer,20,6,3,7,0.0,1.14,1.2108333333333332
Computer,21,6,3,7,2.54,0.0,1.2316666666666667
Computer,22,6,3,7,1.51,2.54,1.26875
Computer,23,6,3,7,1.64,1.51,1.2391666666666665
Computer,0,7,4,7,0.24,1.64,1.30375
Computer,1,7,4,7,1.55,0.24,1.2295833333333335
Computer,2,7,4,7,0.0,1.55,1.3241666666666667
Computer,3,7,4,7,2.27,0.0,1.3891666666666669
Computer,4,7,4,7,1.56,2.27,1.2325
Computer,5,7,4,7,0.0,1.56,1.1033333333333333
Computer,6,7,4,7,0.99,0.0,1.1033333333333333
Computer,7,7,4,7,0.0,0.99,1.2045833333333333
Computer,8,7,4,7,4.29,0.0,1.2083333333333333
Computer,9,7,4,7,1.56,4.29,1.2158333333333333
Computer,10,7,4,7,0.57,1.56,1.1354166666666667
Computer,11,7,4,7,0.0,0.57,1.1354166666666667
Computer,12,7,4,7,0.0,0.0,1.0079166666666668
Computer,13,7,4,7,0.83,0.0,1.07625
Computer,14,7,4,7,3.2,0.83,1.2116666666666667
Computer,15,7,4,7,3.25,3.2,1.3637499999999998
Computer,16,7,4,7,3.65,3.25,1.2829166666666667
Computer,17,7,4,7,0.0,3.65,1.2829166666666667
Computer,18,7,4,7,0.0,0.0,1.365
Computer,19,7,4,7,3.1100000000000003,0.0,1.365
Computer,20,7,4,7,0.0,3.1100000000000003,1.2591666666666668
Computer,21,7,4,7,0.0,0.0,1.19625
Computer,22,7,4,7,0.0,0.0,1.1904166666666667
Computer,23,7,4,7,1.5,0.0,1.1979166666666667
Computer,0,8,5,7,0.42,1.5,1.23375
Computer,1,8,5,7,2.41,0.42,1.29
Computer,2,8,5,7,1.35,2.41,1.1954166666666668
Computer,3,8,5,7,0.0,1.35,1.1900000000000002
Computer,4,8,5,7,1.43,0.0,1.1900000000000002
Computer,5,8,5,7,0.0,1.43,1.14875
Computer,6,8,5,7,0.0,0.0,1.2458333333333333
Computer,7,8,5,7,2.33,0.0,1.0670833333333334
Computer,8,8,5,7,0.0,2.33,1.0020833333333334
Computer,9,8,5,7,0.0,0.0,1.01
Computer,10,8,5,7,0.76,0.0,1.0445833333333334
Computer,11,8,5,7,0.83,0.76,1.0870833333333334
Computer,12,8,5,7,1.02,0.83,1.22625
Computer,13,8,5,7,4.17,1.02,1.1612500000000001
Computer,14,8,5,7,1.64,4.17,1.105
Computer,15,8,5,7,1.9,1.64,0.9529166666666667
Computer,16,8,5,7,0.0,1.9,0.9529166666666667
Computer,17,8,5,7,0.0,0.0,1.0354166666666667
Computer,18,8,5,7,1.98,0.0,0.9058333333333333
Computer,19,8,5,7,0.0,1.98,1.0687499999999999
Computer,20,8,5,7,3.91,0.0,1.0841666666666667
Computer,21,8,5,7,0.37,3.91,1.1595833333333332
Computer,22,8,5,7,1.81,0.37,1.1654166666666665
Computer,23,8,5,7,1.64,1.81,1.1970833333333333
Computer,0,9,6,7,1.18,1.64,1.0966666666666667
Computer,1,9,6,7,0.0,1.18,1.0404166666666665
Computer,2,9,6,7,0.0,0.0,1.0795833333333333
Computer,3,9,6,7,0.94,0.0,1.02
Computer,4,9,6,7,0.0,0.94,1.1783333333333332
Computer,5,9,6,7,3.8,0.0,1.2049999999999998
Computer,6,9,6,7,0.64,3.8,1.2545833333333334
Computer,7,9,6,7,3.52,0.64,1.2545833333333334
Computer,8,9,6,7,0.0,3.52,1.3491666666666668
Computer,9,9,6,7,2.27,0.0,1.3279166666666666
Computer,10,9,6,7,0.25,2.27,1.2933333333333332
Computer,11,9,6,7,0.0,0.25,1.3358333333333334
Computer,12,9,6,7,2.04,0.0,1.1620833333333334
Computer,13,9,6,7,0.0,2.04,1.12375
Computer,14,9,6,7,0.72,0.0,1.0445833333333334
Computer,15,9,6,7,0.0,0.72,1.0933333333333335
Computer,16,9,6,7,1.17,0.0,1.0933333333333335
Computer,17,9,6,7,0.0,1.17,1.0108333333333335
Computer,18,9,6,7,0.0,0.0,1.1083333333333334
Computer,19,9,6,7,2.34,0.0,0.9579166666666666
Computer,20,9,6,7,0.3,2.34,1.0016666666666667
Computer,21,9,6,7,1.42,0.3,0.9370833333333333
Computer,22,9,6,7,0.26,1.42,0.8829166666666666
Computer,23,9,6,7,0.34,0.26,0.8337499999999999
Computer,0,10,0,7,0.0,0.34,0.8649999999999999
Computer,1,10,0,7,0.75,0.0,1.03875
Computer,2,10,0,7,4.17,0.75,1.1366666666666665
Computer,3,10,0,7,3.29,4.17,1.1595833333333332
Computer,4,10,0,7,0.55,3.29,1.16375
Computer,5,10,0,7,3.9,0.55,1.2079166666666667
Computer,6,10,0,7,1.7,3.9,1.1354166666666667
Computer,7,10,0,7,1.78,1.7,1.18625
Computer,8,10,0,7,1.22,1.78,1.2495833333333335
Computer,9,10,0,7,3.79,1.22,1.2391666666666667
Computer,10,10,0,7,0.0,3.79,1.2391666666666667
Computer,11,10,0,7,0.0,0.0,1.1541666666666666
Computer,12,10,0,7,0.0,0.0,1.23
Computer,13,10,0,7,1.82,0.0,1.2
Computer,14,10,0,7,0.0,1.82,1.2
Computer,15,10,0,7,0.0,0.0,1.1729166666666666
Computer,16,10,0,7,0.52,0.0,1.1729166666666666
Computer,17,10,0,7,0.0,0.52,1.1729166666666666
Computer,18,10,0,7,0.0,0.0,1.0754166666666667
Computer,19,10,0,7,0.0,0.0,1.1554166666666668
Computer,20,10,0,7,2.22,0.0,1.1395833333333334
Computer,21,10,0,7,1.04,2.22,1.1625
Computer,22,10,0,7,0.81,1.04,1.2525000000000002
Computer,23,10,0,7,2.5,0.81,1.3691666666666666
Computer,0,11,1,7,2.8,2.5,1.3812500000000003
Computer,1,11,1,7,1.04,2.8,1.2075
Computer,2,11,1,7,0.0,1.04,1.1208333333333333
Computer,3,11,1,7,1.21,0.0,1.13125
Computer,4,11,1,7,0.8,1.21,1.03
Computer,5,11,1,7,1.47,0.8,0.9674999999999999
Computer,6,11,1,7,0.2,1.47,0.8933333333333334
Computer,7,11,1,7,0.0,0.2,0.8825
Computer,8,11,1,7,0.96,0.0,0.7795833333333334
Computer,9,11,1,7,1.32,0.96,0.9766666666666667
Computer,10,11,1,7,4.73,1.32,1.0975
Computer,11,11,1,7,2.9,4.73,1.1341666666666668
Computer,12,11,1,7,0.88,2.9,1.0583333333333333
Computer,13,11,1,7,0.0,0.88,1.0583333333333333
Computer,14,11,1,7,0.0,0.0,1.07125
Computer,15,11,1,7,0.31,0.0,1.1258333333333335
Computer,16,11,1,7,1.83,0.31,1.1258333333333335
Computer,17,11,1,7,0.0,1.83,1.1258333333333335
Computer,18,11,1,7,0.0,0.0,1.1258333333333335
Computer,19,11,1,7,0.0,0.0,1.0866666666666667
Computer,20,11,1,7,1.28,0.0,1.0433333333333332
Computer,21,11,1,7,0.0,1.28,1.0504166666666668
Computer,22,11,1,7,0.98,0.0,0.94625
Computer,23,11,1,7,0.0,0.98,0.8295833333333333
Computer,0,12,2,7,0.0,0.0,0.78625
Computer,1,12,2,7,0.0,0.0,0.90375
Computer,2,12,2,7,2.8200000000000003,0.0,1.0391666666666668
Computer,3,12,2,7,4.46,2.8200000000000003,1.0058333333333334
Computer,4,12,2,7,0.0,4.46,1.00625
Computer,5,12,2,7,1.48,0.0,1.0658333333333334
Computer,6,12,2,7,1.63,1.48,1.0658333333333334
Computer,7,12,2,7,0.0,1.63,1.0704166666666668
Computer,8,12,2,7,1.07,0.0,1.0879166666666666
Computer,9,12,2,7,1.74,1.07,1.0066666666666666
Computer,10,12,2,7,2.78,1.74,0.9562500000000002
Computer,11,12,2,7,1.69,2.78,1.0370833333333334
Computer,12,12,2,7,2.8200000000000003,1.69,1.0370833333333334
Computer,13,12,2,7,0.0,2.8200000000000003,1.0725
Computer,14,12,2,7,0.85,0.0,1.1316666666666666
Computer,15,12,2,7,1.73,0.85,1.0554166666666667
Computer,16,12,2,7,0.0,1.73,1.16875
Computer,17,12,2,7,2.72,0.0,1.16875
Computer,18,12,2,7,0.0,2.72,1.1849999999999998
Computer,19,12,2,7,0.39,0.0,1.1704166666666667
Computer,20,12,2,7,0.93,0.39,1.1704166666666667
Computer,21,12,2,7,0.0,0.93,1.2670833333333333
Computer,22,12,2,7,3.3,0.0,1.2670833333333333
Computer,23,12,2,7,0.0,3.3,1.2670833333333333
Computer,0,13,3,7,0.0,0.0,1.2975
Computer,1,13,3,7,0.73,0.0,1.18
Computer,2,13,3,7,0.0,0.73,0.9941666666666666
Computer,3,13,3,7,0.0,0.0,1.0220833333333332
Computer,4,13,3,7,0.67,0.0,0.9604166666666666
Computer,5,13,3,7,0.0,0.67,0.8925
Computer,6,13,3,7,0.0,0.0,0.9958333333333332
Computer,7,13,3,7,2.48,0.0,1.0308333333333333
Computer,8,13,3,7,1.91,2.48,0.9704166666666666
Computer,9,13,3,7,0.29,1.91,0.8545833333333333
Computer,10,13,3,7,0.0,0.29,0.8162500000000001
Computer,11,13,3,7,0.77,0.0,0.77875
Computer,12,13,3,7,1.92,0.77,0.8354166666666666
Computer,13,13,3,7,1.36,1.92,0.7999999999999999
Computer,14,13,3,7,0.0,1.36,0.7591666666666667
Computer,15,13,3,7,0.75,0.0,0.7591666666666667
Computer,16,13,3,7,0.0,0.75,0.6545833333333333
Computer,17,13,3,7,0.21,0.0,0.6924999999999999
Computer,18,13,3,7,0.91,0.21,0.7512499999999999
Computer,19,13,3,7,1.8,0.91,0.7575
Computer,20,13,3,7,1.08,1.8,0.9029166666666666
Computer,21,13,3,7,3.49,1.08,0.8516666666666666
Computer,22,13,3,7,2.07,3.49,0.91375
Computer,23,13,3,7,1.49,2.07,0.9458333333333333
Computer,0,14,4,7,0.77,1.49,0.9154166666666668
Computer,1,14,4,7,0.0,0.77,0.9154166666666668
Computer,2,14,4,7,0.0,0.0,0.9720833333333334
Computer,3,14,4,7,1.36,0.0,0.9441666666666667
Computer,4,14,4,7,0.0,1.36,0.9695833333333334
Computer,5,14,4,7,0.61,0.0,1.0766666666666667
Computer,6,14,4,7,2.57,0.61,1.14875
Computer,7,14,4,7,4.21,2.57,1.1524999999999999
Computer,8,14,4,7,2.0,4.21,1.1404166666666666
Computer,9,14,4,7,0.0,2.0,1.1725
Computer,10,14,4,7,0.77,0.0,1.2049999999999998
Computer,11,14,4,7,1.55,0.77,1.1249999999999998
Computer,12,14,4,7,0.0,1.55,1.16125
Computer,13,14,4,7,2.23,0.0,1.16125
Computer,14,14,4,7,0.0,2.23,1.13
Computer,15,14,4,7,0.0,0.0,1.13
Computer,16,14,4,7,0.0,0.0,1.1212499999999999
Computer,17,14,4,7,0.0,0.0,1.1645833333333333
Computer,18,14,4,7,1.95,0.0,1.0895833333333333
Computer,19,14,4,7,0.0,1.95,1.0445833333333332
Computer,20,14,4,7,0.0,0.0,0.96875
Computer,21,14,4,7,1.67,0.0,0.8825
Computer,22,14,4,7,0.0,1.67,0.9899999999999999
Computer,23,14,4,7,4.07,0.0,0.9579166666666666
Computer,0,15,5,7,0.0,4.07,0.9579166666666666
Computer,1,15,5,7,0.0,0.0,1.0820833333333333
Computer,2,15,5,7,2.98,0.0,1.2387499999999998
Computer,3,15,5,7,5.12,2.98,1.2525
Computer,4,15,5,7,0.33,5.12,1.2983333333333333
Computer,5,15,5,7,1.71,0.33,1.3566666666666667
Computer,6,15,5,7,3.97,1.71,1.2054166666666666
Computer,7,15,5,7,0.58,3.97,1.3754166666666665
Computer,8,15,5,7,6.08,0.58,1.5020833333333332
Computer,9,15,5,7,3.04,6.08,1.5045833333333334
Computer,10,15,5,7,0.83,3.04,1.4399999999999997
Computer,11,15,5,7,0.0,0.83,1.5754166666666665
Computer,12,15,5,7,3.25,0.0,1.6341666666666665
Computer,13,15,5,7,3.64,3.25,1.71
Computer,14,15,5,7,1.82,3.64,1.7716666666666667
Computer,15,15,5,7,1.48,1.82,1.8275
Computer,16,15,5,7,1.34,1.48,1.9220833333333334
Computer,17,15,5,7,2.27,1.34,1.8675
Computer,18,15,5,7,0.64,2.27,1.8675
Computer,19,15,5,7,0.0,0.64,1.9216666666666666
Computer,20,15,5,7,1.3,0.0,1.866666666666667
Computer,21,15,5,7,0.35,1.3,1.9191666666666667
Computer,22,15,5,7,1.26,0.35,1.749583333333333
Computer,23,15,5,7,0.0,1.26,1.749583333333333
Computer,0,16,6,7,0.0,0.0,1.8575
Computer,1,16,6,7,2.59,0.0,1.7333333333333334
Computer,2,16,6,7,0.0,2.59,1.554166666666667
Computer,3,16,6,7,0.82,0.0,1.6216666666666668
Computer,4,16,6,7,1.95,0.82,1.60375
Computer,5,16,6,7,1.28,1.95,1.6137499999999998
Computer,6,16,6,7,4.21,1.28,1.6633333333333333
Computer,7,16,6,7,1.77,4.21,1.4420833333333334
Computer,8,16,6,7,0.77,1.77,1.3645833333333333
Computer,9,16,6,7,1.18,0.77,1.4079166666666667
Computer,10,16,6,7,1.87,1.18,1.5175
Computer,11,16,6,7,2.63,1.87,1.4545833333333331
Computer,12,16,6,7,1.74,2.63,1.4216666666666666
Computer,13,16,6,7,2.85,1.74,1.3458333333333332
Computer,14,16,6,7,0.0,2.85,1.2841666666666667
Computer,15,16,6,7,0.0,0.0,1.2383333333333333
Computer,16,16,6,7,0.24,0.0,1.14375
Computer,17,16,6,7,0.0,0.24,1.1979166666666667
Computer,18,16,6,7,1.94,0.0,1.2341666666666666
Computer,19,16,6,7,0.87,1.94,1.2058333333333333
Computer,20,16,6,7,0.62,0.87,1.24375
Computer,21,16,6,7,1.26,0.62,1.2141666666666666
Computer,22,16,6,7,0.55,1.26,1.2141666666666666
Computer,23,16,6,7,0.0,0.55,1.2141666666666666
Computer,0,17,0,7,0.0,0.0,1.195
Computer,1,17,0,7,2.13,0.0,1.2625
Computer,2,17,0,7,1.62,2.13,1.2283333333333333
Computer,3,17,0,7,0.0,1.62,1.1470833333333335
Computer,4,17,0,7,0.0,0.0,1.1612500000000001
Computer,5,17,0,7,1.62,0.0,1.0545833333333332
Computer,6,17,0,7,1.65,1.62,1.0304166666666668
Computer,7,17,0,7,1.19,1.65,1.2
Computer,8,17,0,7,4.84,1.19,1.2525000000000002
Computer,9,17,0,7,2.44,4.84,1.1845833333333333
Computer,10,17,0,7,0.24,2.44,1.2245833333333334
Computer,11,17,0,7,3.59,0.24,1.2116666666666667
Computer,12,17,0,7,1.43,3.59,1.0929166666666668
Computer,13,17,0,7,0.0,1.43,1.0929166666666668
Computer,14,17,0,7,0.0,0.0,1.1825
Computer,15,17,0,7,2.15,0.0,1.2125
Computer,16,17,0,7,0.96,2.15,1.2125
Computer,17,17,0,7,0.0,0.96,1.1804166666666667
Computer,18,17,0,7,1.17,0.0,1.1441666666666668
Computer,19,17,0,7,0.0,1.17,1.1808333333333334
Computer,20,17,0,7,1.5,0.0,1.2170833333333333
Computer,21,17,0,7,2.13,1.5,1.20875
Computer,22,17,0,7,0.35,2.13,1.20875
Computer,23,17,0,7,0.0,0.35,1.20875
Computer,0,18,1,7,0.0,0.0,1.1612500000000001
Computer,1,18,1,7,0.99,0.0,1.2129166666666666
Computer,2,18,1,7,2.86,0.99,1.2841666666666667
Computer,3,18,1,7,1.71,2.86,1.3158333333333332
Computer,4,18,1,7,0.76,1.71,1.3154166666666667
Computer,5,18,1,7,1.61,0.76,1.3158333333333334
Computer,6,18,1,7,1.66,1.61,1.3070833333333332
Computer,7,18,1,7,0.98,1.66,1.18375
Computer,8,18,1,7,1.88,0.98,1.0820833333333333
Computer,9,18,1,7,0.0,1.88,1.0720833333333333
Computer,10,18,1,7,0.0,0.0,1.0579166666666666
Computer,11,18,1,7,3.25,0.0,1.0091666666666665
Computer,12,18,1,7,0.26,3.25,1.1158333333333335
Computer,13,18,1,7,2.56,0.26,1.2195833333333332
Computer,14,18,1,7,2.49,2.56,1.13
Computer,15,18,1,7,0.0,2.49,1.1162500000000002
Computer,16,18,1,7,0.63,0.0,1.3254166666666667
Computer,17,18,1,7,5.02,0.63,1.2766666666666666
Computer,18,18,1,7,0.0,5.02,1.2766666666666666
Computer,19,18,1,7,0.0,0.0,1.2141666666666666
Computer,20,18,1,7,0.0,0.0,1.1616666666666666
Computer,21,18,1,7,0.87,0.0,1.3158333333333332
Computer,22,18,1,7,4.05,0.87,1.3158333333333332
Computer,23,18,1,7,0.0,4.05,1.3975
Computer,0,19,2,7,1.96,0.0,1.3895833333333332
Computer,1,19,2,7,0.8,1.96,1.3279166666666666
Computer,2,19,2,7,1.38,0.8,1.2566666666666666
Computer,3,19,2,7,0.0,1.38,1.28
Computer,4,19,2,7,1.32,0.0,1.2129166666666666
Computer,5,19,2,7,0.0,1.32,1.2704166666666665
Computer,6,19,2,7,3.04,0.0,1.3191666666666668
Computer,7,19,2,7,2.1500000000000004,3.04,1.2408333333333335
Computer,8,19,2,7,0.0,2.1500000000000004,1.3225
Computer,9,19,2,7,1.96,0.0,1.3679166666666667
Computer,10,19,2,7,1.09,1.96,1.3366666666666667
Computer,11,19,2,7,2.5,1.09,1.3258333333333334
Computer,12,19,2,7,0.0,2.5,1.3216666666666665
Computer,13,19,2,7,2.46,0.0,1.2929166666666667
Computer,14,19,2,7,1.8,2.46,1.2929166666666667
Computer,15,19,2,7,0.0,1.8,1.3416666666666666
Computer,16,19,2,7,1.8,0.0,1.2929166666666667
Computer,17,19,2,7,3.85,1.8,1.3383333333333336
Computer,18,19,2,7,1.09,3.85,1.3383333333333336
Computer,19,19,2,7,0.0,1.09,1.3383333333333336
Computer,20,19,2,7,0.0,0.0,1.3020833333333333
Computer,21,19,2,7,0.0,0.0,1.1700000000000002
Computer,22,19,2,7,0.88,0.0,1.1700000000000002
Computer,23,19,2,7,0.0,0.88,1.1020833333333333
Computer,0,20,3,7,0.33,0.0,1.1325
Computer,1,20,3,7,1.53,0.33,1.075
Computer,2,20,3,7,0.0,1.53,1.1129166666666668
Computer,3,20,3,7,0.91,0.0,1.1500000000000001
Computer,4,20,3,7,2.21,0.91,1.1925000000000001
Computer,5,20,3,7,1.02,2.21,1.0658333333333334
Computer,6,20,3,7,0.0,1.02,1.055
Computer,7,20,3,7,1.89,0.0,1.0983333333333334
Computer,8,20,3,7,1.04,1.89,1.0733333333333335
Computer,9,20,3,7,1.36,1.04,1.0495833333333333
Computer,10,20,3,7,0.52,1.36,0.9904166666666668
Computer,11,20,3,7,1.08,0.52,0.9904166666666668
Computer,12,20,3,7,0.0,1.08,0.8879166666666668
Computer,13,20,3,7,0.0,0.0,0.8129166666666666
Computer,14,20,3,7,0.0,0.0,0.8891666666666667
Computer,15,20,3,7,1.83,0.0,0.96375
Computer,16,20,3,7,3.59,1.83,0.86
Computer,17,20,3,7,1.36,3.59,0.8691666666666668
Computer,18,20,3,7,1.31,1.36,1.00625
Computer,19,20,3,7,3.29,1.31,1.00625
Computer,20,20,3,7,0.0,3.29,1.0283333333333333
Computer,21,20,3,7,0.53,0.0,1.175
Computer,22,20,3,7,4.4,0.53,1.175
Computer,23,20,3,7,0.0,4.4,1.2066666666666668
Computer,0,21,4,7,1.09,0.0,1.1708333333333334
Computer,1,21,4,7,0.67,1.09,1.1708333333333334
Computer,2,21,4,7,0.0,0.67,1.2058333333333333
Computer,3,21,4,7,1.75,0.0,1.1283333333333334
Computer,4,21,4,7,0.35,1.75,1.1270833333333334
Computer,5,21,4,7,0.99,0.35,1.1824999999999999
Computer,6,21,4,7,1.33,0.99,1.17375
Computer,7,21,4,7,1.68,1.33,1.16625
Computer,8,21,4,7,0.86,1.68,1.1975
Computer,9,21,4,7,2.1100000000000003,0.86,1.2025
Computer,10,21,4,7,0.64,2.1100000000000003,1.1575
Computer,11,21,4,7,0.0,0.64,1.1575
Computer,12,21,4,7,0.0,0.0,1.2775
Computer,13,21,4,7,2.88,0.0,1.2920833333333335
Computer,14,21,4,7,0.35,2.88,1.4175000000000002
Computer,15,21,4,7,4.84,0.35,1.2679166666666666
Computer,16,21,4,7,0.0,4.84,1.2204166666666667
Computer,17,21,4,7,0.22,0.0,1.1658333333333333
Computer,18,21,4,7,0.0,0.22,1.0429166666666667
Computer,19,21,4,7,0.34,0.0,1.105
Computer,20,21,4,7,1.49,0.34,1.0962500000000002
Computer,21,21,4,7,0.32,1.49,0.9129166666666667
Computer,22,21,4,7,0.0,0.32,0.9129166666666667
Computer,23,21,4,7,0.0,0.0,0.89
Computer,0,22,5,7,0.54,0.0,0.8620833333333332
Computer,1,22,5,7,0.0,0.54,0.8708333333333332
Computer,2,22,5,7,0.21,0.0,0.7979166666666666
Computer,3,22,5,7,0.0,0.21,0.8312499999999999
Computer,4,22,5,7,1.15,0.0,0.7899999999999999
Computer,5,22,5,7,0.0,1.15,0.8779166666666667
Computer,6,22,5,7,3.4400000000000004,0.0,0.92875
Computer,7,22,5,7,2.9,3.4400000000000004,0.9720833333333334
Computer,8,22,5,7,1.9,2.9,0.955
Computer,9,22,5,7,1.7,1.9,0.9283333333333333
Computer,10,22,5,7,0.0,1.7,0.9283333333333333
Computer,11,22,5,7,0.0,0.0,0.9695833333333335
Computer,12,22,5,7,0.99,0.0,0.94
Computer,13,22,5,7,2.17,0.99,0.9254166666666667
Computer,14,22,5,7,0.0,2.17,0.72375
Computer,15,22,5,7,0.0,0.0,0.9412500000000001
Computer,16,22,5,7,5.220000000000001,0.0,1.0079166666666666
Computer,17,22,5,7,1.82,5.220000000000001,1.0883333333333332
Computer,18,22,5,7,1.93,1.82,1.0741666666666667
Computer,19,22,5,7,0.0,1.93,1.0516666666666667
Computer,20,22,5,7,0.95,0.0,1.0383333333333333
Computer,21,22,5,7,0.0,0.95,1.0383333333333333
Computer,22,22,5,7,0.0,0.0,1.07125
Computer,23,22,5,7,0.79,0.0,1.1229166666666668
Computer,0,23,6,7,1.78,0.79,1.1229166666666668
Computer,1,23,6,7,0.0,1.78,1.1591666666666667
Computer,2,23,6,7,1.08,0.0,1.1591666666666667
Computer,3,23,6,7,0.0,1.08,1.1516666666666666
Computer,4,23,6,7,0.97,0.0,1.2837500000000002
Computer,5,23,6,7,3.17,0.97,1.19875
Computer,6,23,6,7,1.4,3.17,1.145
Computer,7,23,6,7,1.61,1.4,1.0658333333333334
Computer,8,23,6,7,0.0,1.61,1.0779166666666666
Computer,9,23,6,7,1.99,0.0,1.0779166666666666
Computer,10,23,6,7,0.0,1.99,1.0779166666666666
Computer,11,23,6,7,0.0,0.0,1.0662500000000001
Computer,12,23,6,7,0.71,0.0,1.02
Computer,13,23,6,7,1.06,0.71,1.0683333333333334
Computer,14,23,6,7,1.16,1.06,1.0683333333333334
Computer,15,23,6,7,0.0,1.16,0.8508333333333334
Computer,16,23,6,7,0.0,0.0,0.8175
Computer,17,23,6,7,1.02,0.0,0.7370833333333332
Computer,18,23,6,7,0.0,1.02,0.7520833333333332
Computer,19,23,6,7,0.36,0.0,0.7304166666666666
Computer,20,23,6,7,0.43,0.36,0.7304166666666666
Computer,21,23,6,7,0.0,0.43,0.7783333333333333
Computer,22,23,6,7,1.15,0.0,0.7804166666666666
Computer,23,23,6,7,0.84,1.15,0.8249999999999998
Computer,0,24,0,7,2.85,0.84,0.8249999999999998
Computer,1,24,0,7,0.0,2.85,0.8516666666666667
Computer,2,24,0,7,1.72,0.0,0.9179166666666667
Computer,3,24,0,7,1.59,1.72,0.8775000000000001
Computer,4,24,0,7,0.0,1.59,0.7454166666666667
Computer,5,24,0,7,0.0,0.0,0.6870833333333334
Computer,6,24,0,7,0.0,0.0,0.62
Computer,7,24,0,7,0.0,0.0,0.6558333333333334
Computer,8,24,0,7,0.86,0.0,0.65625
Computer,9,24,0,7,2.0,0.86,0.6683333333333333
Computer,10,24,0,7,0.29,2.0,0.7166666666666667
Computer,11,24,0,7,1.16,0.29,0.6870833333333333
Computer,12,24,0,7,0.0,1.16,0.6945833333333334
Computer,13,24,0,7,1.24,0.0,0.75
Computer,14,24,0,7,2.49,1.24,0.75
Computer,15,24,0,7,0.0,2.49,0.7720833333333333
Computer,16,24,0,7,0.53,0.0,0.8395833333333335
Computer,17,24,0,7,2.64,0.53,0.8395833333333335
Computer,18,24,0,7,0.0,2.64,0.8729166666666668
Computer,19,24,0,7,1.16,0.0,0.9362500000000001
Computer,20,24,0,7,1.95,1.16,0.9550000000000001
Computer,21,24,0,7,0.45,1.95,0.9841666666666667
Computer,22,24,0,7,1.85,0.45,1.1229166666666666
Computer,23,24,0,7,4.17,1.85,1.1029166666666668
Computer,0,25,1,7,2.37,4.17,1.1312499999999999
Computer,1,25,1,7,0.68,2.37,1.07625
Computer,2,25,1,7,0.4,0.68,1.1045833333333335
Computer,3,25,1,7,2.27,0.4,1.2783333333333333
Computer,4,25,1,7,4.17,2.27,1.2945833333333334
Computer,5,25,1,7,0.39,4.17,1.3070833333333334
Computer,6,25,1,7,0.3,0.39,1.33125
Computer,7,25,1,7,0.58,0.3,1.3054166666666667
Computer,8,25,1,7,0.24,0.58,1.3291666666666666
Computer,9,25,1,7,2.5700000000000003,0.24,1.4358333333333333
Computer,10,25,1,7,2.85,2.5700000000000003,1.4695833333333332
Computer,11,25,1,7,1.97,2.85,1.4695833333333332
Computer,12,25,1,7,0.0,1.97,1.4554166666666666
Computer,13,25,1,7,0.9,0.0,1.44625
Computer,14,25,1,7,2.27,0.9,1.44625
Computer,15,25,1,7,0.0,2.27,1.6070833333333334
Computer,16,25,1,7,4.390000000000001,0.0,1.5745833333333332
Computer,17,25,1,7,1.86,4.390000000000001,1.6191666666666666
Computer,18,25,1,7,1.0699999999999998,1.86,1.6541666666666668
Computer,19,25,1,7,2.0,1.0699999999999998,1.6245833333333335
Computer,20,25,1,7,1.24,2.0,1.6058333333333332
Computer,21,25,1,7,0.0,1.24,1.5287500000000003
Computer,22,25,1,7,0.0,0.0,1.45
Computer,23,25,1,7,2.28,0.0,1.3512499999999996
Computer,0,26,2,7,0.0,2.28,1.3891666666666669
Computer,1,26,2,7,1.59,0.0,1.3725000000000003
Computer,2,26,2,7,0.0,1.59,1.3412499999999998
Computer,3,26,2,7,1.52,0.0,1.21
Computer,4,26,2,7,1.02,1.52,1.2816666666666665
Computer,5,26,2,7,2.11,1.02,1.32875
Computer,6,26,2,7,1.43,2.11,1.3870833333333332
Computer,7,26,2,7,1.98,1.43,1.3770833333333332
Computer,8,26,2,7,0.0,1.98,1.2699999999999998
Computer,9,26,2,7,0.0,0.0,1.1512499999999999
Computer,10,26,2,7,0.0,0.0,1.2012500000000002
Computer,11,26,2,7,3.17,0.0,1.3337500000000002
Computer,12,26,2,7,3.18,3.17,1.29625
Computer,13,26,2,7,0.0,3.18,1.27375
Computer,14,26,2,7,1.73,0.0,1.3533333333333333
Computer,15,26,2,7,1.91,1.73,1.1704166666666667
Computer,16,26,2,7,0.0,1.91,1.1641666666666668
Computer,17,26,2,7,1.71,0.0,1.2075
Computer,18,26,2,7,2.1100000000000003,1.71,1.2804166666666668
Computer,19,26,2,7,3.75,2.1100000000000003,1.22875
Computer,20,26,2,7,0.0,3.75,1.3466666666666667
Computer,21,26,2,7,2.83,0.0,1.429166666666667
Computer,22,26,2,7,1.98,2.83,1.3341666666666667
Computer,23,26,2,7,0.0,1.98,1.3341666666666667
Computer,0,27,3,7,0.0,0.0,1.32375
Computer,1,27,3,7,1.34,0.0,1.3895833333333334
Computer,2,27,3,7,1.58,1.34,1.43875
Computer,3,27,3,7,2.7,1.58,1.4658333333333333
Computer,4,27,3,7,1.67,2.7,1.4141666666666666
Computer,5,27,3,7,0.87,1.67,1.3545833333333333
Computer,6,27,3,7,0.0,0.87,1.2720833333333335
Computer,7,27,3,7,0.0,0.0,1.344166666666667
Computer,8,27,3,7,1.73,0.0,1.36125
Computer,9,27,3,7,0.41,1.73,1.36125
Computer,10,27,3,7,0.0,0.41,1.36625
Computer,11,27,3,7,3.29,0.0,1.4575000000000002
Computer,12,27,3,7,5.369999999999999,3.29,1.4575000000000002
Computer,13,27,3,7,0.0,5.369999999999999,1.475833333333333
Computer,14,27,3,7,2.17,0.0,1.4404166666666667
Computer,15,27,3,7,1.06,2.17,1.5041666666666667
Computer,16,27,3,7,1.53,1.06,1.5075
Computer,17,27,3,7,1.79,1.53,1.4195833333333334
Computer,18,27,3,7,0.0,1.79,1.2633333333333334
Computer,19,27,3,7,0.0,0.0,1.3341666666666665
Computer,20,27,3,7,1.7,0.0,1.2983333333333333
Computer,21,27,3,7,1.97,1.7,1.2158333333333333
Computer,22,27,3,7,0.0,1.97,1.2158333333333333
Computer,23,27,3,7,0.0,0.0,1.2158333333333333
Computer,0,28,4,7,0.0,0.0,1.1787500000000002
Computer,1,28,4,7,0.45,0.0,1.2179166666666668
Computer,2,28,4,7,2.52,0.45,1.1054166666666667
Computer,3,28,4,7,0.0,2.52,1.1054166666666665
Computer,4,28,4,7,1.67,0.0,1.1316666666666666
Computer,5,28,4,7,1.5,1.67,1.1741666666666666
Computer,6,28,4,7,1.02,1.5,1.1741666666666666
Computer,7,28,4,7,0.0,1.02,1.1020833333333333
Computer,8,28,4,7,0.0,0.0,1.1266666666666667
Computer,9,28,4,7,1.0,0.0,1.19875
Computer,10,28,4,7,1.73,1.0,1.0899999999999999
Computer,11,28,4,7,0.68,1.73,0.9083333333333333
Computer,12,28,4,7,1.01,0.68,0.9708333333333333
Computer,13,28,4,7,1.5,1.01,0.8804166666666667
Computer,14,28,4,7,0.0,1.5,0.9304166666666666
Computer,15,28,4,7,2.26,0.0,0.8666666666666666
Computer,16,28,4,7,0.0,2.26,0.8529166666666667
Computer,17,28,4,7,1.46,0.0,0.8704166666666667
Computer,18,28,4,7,0.42,1.46,0.98375
Computer,19,28,4,7,2.72,0.42,0.9129166666666667
Computer,20,28,4,7,0.0,2.72,0.8825
Computer,21,28,4,7,1.24,0.0,0.99625
Computer,22,28,4,7,2.73,1.24,1.09
Computer,23,28,4,7,2.25,2.73,1.09
Computer,0,29,5,7,0.0,2.25,1.0712499999999998
Computer,1,29,5,7,0.0,0.0,0.9662499999999999
Computer,2,29,5,7,0.0,0.0,1.01875
Computer,3,29,5,7,1.26,0.0,0.9491666666666667
Computer,4,29,5,7,0.0,1.26,0.9320833333333334
Computer,5,29,5,7,1.09,0.0,0.8895833333333334
Computer,6,29,5,7,0.0,1.09,0.8895833333333334
Computer,7,29,5,7,0.0,0.0,0.91
Computer,8,29,5,7,0.49,0.0,0.9345833333333333
Computer,9,29,5,7,1.59,0.49,1.00875
Computer,10,29,5,7,3.51,1.59,1.0145833333333334
Computer,11,29,5,7,0.82,3.51,1.0075
Computer,12,29,5,7,0.84,0.82,1.0912499999999998
Computer,13,29,5,7,3.51,0.84,1.1595833333333332
Computer,14,29,5,7,1.64,3.51,1.1425
Computer,15,29,5,7,1.85,1.64,1.1512499999999999
Computer,16,29,5,7,0.21,1.85,1.1483333333333332
Computer,17,29,5,7,1.39,0.21,1.2349999999999999
Computer,18,29,5,7,2.5,1.39,1.1216666666666666
Computer,19,29,5,7,0.0,2.5,1.1783333333333332
Computer,20,29,5,7,1.36,0.0,1.13625
Computer,21,29,5,7,0.23,1.36,1.0225
Computer,22,29,5,7,0.0,0.23,1.16
Computer,23,29,5,7,5.55,0.0,1.16
Computer,0,30,6,7,0.0,5.55,1.2329166666666667
Computer,1,30,6,7,1.75,0.0,1.2862500000000001
Computer,2,30,6,7,1.28,1.75,1.4254166666666668
Computer,3,30,6,7,4.6,1.28,1.4254166666666668
Computer,4,30,6,7,0.0,4.6,1.3800000000000001
Computer,5,30,6,7,0.0,0.0,1.4812500000000002
Computer,6,30,6,7,2.43,0.0,1.60125
Computer,7,30,6,7,2.88,2.43,1.625
Computer,8,30,6,7,1.06,2.88,1.6429166666666666
Computer,9,30,6,7,2.02,1.06,1.4966666666666668
Computer,10,30,6,7,0.0,2.02,1.4625000000000001
Computer,11,30,6,7,0.0,0.0,1.500416666666667
Computer,12,30,6,7,1.75,0.0,1.4008333333333332
Computer,13,30,6,7,1.12,1.75,1.3508333333333333
Computer,14,30,6,7,0.44,1.12,1.3408333333333333
Computer,15,30,6,7,1.61,0.44,1.46
Computer,16,30,6,7,3.07,1.61,1.4279166666666667
Computer,17,30,6,7,0.62,3.07,1.32375
Computer,18,30,6,7,0.0,0.62,1.3395833333333333
Computer,19,30,6,7,0.38,0.0,1.3470833333333332
Computer,20,30,6,7,1.54,0.38,1.3374999999999997
Computer,21,30,6,7,0.0,1.54,1.4541666666666666
Computer,22,30,6,7,2.8,0.0,1.2958333333333334
Computer,23,30,6,7,1.75,2.8,1.2958333333333334
Computer,0,31,0,7,0.0,1.75,1.2229166666666667
Computer,1,31,0,7,0.0,0.0,1.2129166666666666
Computer,2,31,0,7,1.04,0.0,1.1500000000000001
Computer,3,31,0,7,3.09,1.04,1.1995833333333332
Computer,4,31,0,7,1.19,3.09,1.2416666666666667
Computer,5,31,0,7,1.01,1.19,1.1500000000000001
Computer,6,31,0,7,0.23,1.01,1.0529166666666667
Computer,7,31,0,7,0.55,0.23,1.00875
Computer,8,31,0,7,0.0,0.55,0.9245833333333334
Computer,9,31,0,7,0.0,0.0,0.9391666666666666
Computer,10,31,0,7,0.35,0.0,1.0070833333333333
Computer,11,31,0,7,1.63,0.35,0.9920833333333333
Computer,12,31,0,7,1.39,1.63,0.9654166666666666
Computer,13,31,0,7,0.48,1.39,1.0591666666666666
Computer,14,31,0,7,2.69,0.48,1.0670833333333334
Computer,15,31,0,7,1.8,2.69,0.9391666666666666
Computer,16,31,0,7,0.0,1.8,0.9133333333333334
Computer,17,31,0,7,0.0,0.0,0.9604166666666667
Computer,18,31,0,7,1.13,0.0,1.0445833333333334
Computer,19,31,0,7,2.4000000000000004,1.13,1.0183333333333333
Computer,20,31,0,7,0.91,2.4000000000000004,1.0504166666666666
Computer,21,31,0,7,0.77,0.91,0.9445833333333332
Computer,22,31,0,7,0.26,0.77,0.9308333333333333
Computer,23,31,0,7,1.42,0.26,0.9508333333333332
Computer,0,1,1,8,0.48,1.42,0.9508333333333333
Computer,1,1,1,8,0.0,0.48,0.9074999999999999
Computer,2,1,1,8,0.0,0.0,0.8566666666666666
Computer,3,1,1,8,1.87,0.0,0.8812500000000001
Computer,4,1,1,8,1.78,1.87,0.9429166666666666
Computer,5,1,1,8,2.49,1.78,0.9333333333333332
Computer,6,1,1,8,0.0,2.49,1.0508333333333333
Computer,7,1,1,8,3.37,0.0,1.0775
Computer,8,1,1,8,0.64,3.37,1.0775
Computer,9,1,1,8,0.0,0.64,1.195
Computer,10,1,1,8,3.17,0.0,1.1962499999999998
Computer,11,1,1,8,1.66,3.17,1.2145833333333333
Computer,12,1,1,8,1.83,1.66,1.20375
Computer,13,1,1,8,0.22,1.83,1.1258333333333332
Computer,14,1,1,8,0.8200000000000001,0.22,1.1241666666666668
Computer,15,1,1,8,1.76,0.8200000000000001,1.1241666666666668
Computer,16,1,1,8,0.0,1.76,1.2266666666666666
Computer,17,1,1,8,2.46,0.0,1.1795833333333332
Computer,18,1,1,8,0.0,2.46,1.16875
Computer,19,1,1,8,2.14,0.0,1.2054166666666666
Computer,20,1,1,8,1.79,2.14,1.1733333333333336
Computer,21,1,1,8,0.0,1.79,1.1624999999999999
Computer,22,1,1,8,0.0,0.0,1.1033333333333335
Computer,23,1,1,8,0.0,0.0,1.0833333333333333
Computer,0,2,2,8,0.0,0.0,1.1004166666666666
Computer,1,2,2,8,0.41,0.0,1.1725
Computer,2,2,2,8,1.73,0.41,1.0945833333333332
Computer,3,2,2,8,0.0,1.73,1.0204166666666665
Computer,4,2,2,8,0.0,0.0,0.965
Computer,5,2,2,8,1.16,0.0,1.0183333333333333
Computer,6,2,2,8,1.28,1.16,0.8779166666666667
Computer,7,2,2,8,0.0,1.28,0.8841666666666667
Computer,8,2,2,8,0.79,0.0,0.9270833333333334
Computer,9,2,2,8,1.03,0.79,0.8587500000000001
Computer,10,2,2,8,1.53,1.03,0.8037500000000001
Computer,11,2,2,8,0.34,1.53,0.8641666666666666
Computer,12,2,2,8,3.28,0.34,0.8895833333333334
Computer,13,2,2,8,0.83,3.28,0.89125
Computer,14,2,2,8,0.86,0.83,0.8654166666666666
Computer,15,2,2,8,1.14,0.86,0.9349999999999999
Computer,16,2,2,8,1.67,1.14,0.985
Computer,17,2,2,8,3.66,1.67,1.0204166666666667
Computer,18,2,2,8,0.85,3.66,1.0004166666666667
Computer,19,2,2,8,1.66,0.85,0.9258333333333333
Computer,20,2,2,8,0.0,1.66,0.9708333333333332
Computer,21,2,2,8,1.08,0.0,0.9708333333333332
Computer,22,2,2,8,0.0,1.08,0.9708333333333332
Computer,23,2,2,8,0.0,0.0,1.02375
Computer,0,3,3,8,1.27,0.0,1.1316666666666666
Computer,1,3,3,8,3.0,1.27,1.1891666666666667
Computer,2,3,3,8,3.1100000000000003,3.0,1.2941666666666667
Computer,3,3,3,8,2.52,3.1100000000000003,1.2941666666666667
Computer,4,3,3,8,0.0,2.52,1.2925000000000002
Computer,5,3,3,8,1.12,0.0,1.31625
Computer,6,3,3,8,1.85,1.12,1.31625
Computer,7,3,3,8,0.0,1.85,1.3279166666666666
Computer,8,3,3,8,1.07,0.0,1.3499999999999999
Computer,9,3,3,8,1.56,1.07,1.3366666666666667
Computer,10,3,3,8,1.21,1.56,1.3775000000000002
Computer,11,3,3,8,1.32,1.21,1.2950000000000002
Computer,12,3,3,8,1.3,1.32,1.29625
Computer,13,3,3,8,0.86,1.3,1.35125
Computer,14,3,3,8,2.18,0.86,1.30375
Computer,15,3,3,8,0.0,2.18,1.4245833333333335
Computer,16,3,3,8,4.57,0.0,1.2829166666666667
Computer,17,3,3,8,0.26,4.57,1.2991666666666666
Computer,18,3,3,8,1.24,0.26,1.23
Computer,19,3,3,8,0.0,1.24,1.3558333333333332
Computer,20,3,3,8,3.02,0.0,1.4345833333333333
Computer,21,3,3,8,2.97,3.02,1.6025
Computer,22,3,3,8,4.029999999999999,2.97,1.7054166666666666
Computer,23,3,3,8,2.47,4.029999999999999,1.7191666666666665
Computer,0,4,4,8,1.6,2.47,1.7116666666666667
Computer,1,4,4,8,2.82,1.6,1.5820833333333333
Computer,2,4,4,8,0.0,2.82,1.492916666666667
Computer,3,4,4,8,0.38,0.0,1.5154166666666669
Computer,4,4,4,8,0.54,0.38,1.5229166666666665
Computer,5,4,4,8,1.3,0.54,1.445833333333333
Computer,6,4,4,8,0.0,1.3,1.6529166666666664
Computer,7,4,4,8,4.97,0.0,1.6358333333333333
Computer,8,4,4,8,0.66,4.97,1.5708333333333335
Computer,9,4,4,8,0.0,0.66,1.5816666666666668
Computer,10,4,4,8,1.47,0.0,1.5266666666666666
Computer,11,4,4,8,0.0,1.47,1.6287500000000001
Computer,12,4,4,8,3.75,0.0,1.5929166666666665
Computer,13,4,4,8,0.0,3.75,1.5591666666666664
Computer,14,4,4,8,1.37,0.0,1.5591666666666664
Computer,15,4,4,8,0.0,1.37,1.5466666666666666
Computer,16,4,4,8,4.2700000000000005,0.0,1.5358333333333334
Computer,17,4,4,8,0.0,4.2700000000000005,1.5616666666666665
Computer,18,4,4,8,1.86,0.0,1.5616666666666665
Computer,19,4,4,8,0.0,1.86,1.6300000000000001
Computer,20,4,4,8,4.66,0.0,1.5062500000000003
Computer,21,4,4,8,0.0,4.66,1.3383333333333336
Computer,22,4,4,8,0.0,0.0,1.2354166666666666
Computer,23,4,4,8,0.0,0.0,1.20375
Computer,0,5,5,8,0.84,0.0,1.08625
Computer,1,5,5,8,0.0,0.84,1.1095833333333334
Computer,2,5,5,8,0.56,0.0,1.1041666666666667
Computer,3,5,5,8,0.25,0.56,1.1075
Computer,4,5,5,8,0.62,0.25,1.0533333333333335
Computer,5,5,5,8,0.0,0.62,1.0533333333333335
Computer,6,5,5,8,0.0,0.0,0.84625
Computer,7,5,5,8,0.0,0.0,0.9516666666666667
Computer,8,5,5,8,3.1900000000000004,0.0,0.9666666666666667
Computer,9,5,5,8,0.36,3.1900000000000004,0.9279166666666668
Computer,10,5,5,8,0.54,0.36,1.0033333333333334
Computer,11,5,5,8,1.81,0.54,0.91125
Computer,12,5,5,8,1.54,1.81,0.91125
Computer,13,5,5,8,0.0,1.54,0.9483333333333334
Computer,14,5,5,8,2.26,0.0,0.9483333333333334
Computer,15,5,5,8,0.0,2.26,0.7704166666666667
Computer,16,5,5,8,0.0,0.0,0.7945833333333333
Computer,17,5,5,8,0.58,0.0,0.7170833333333334
Computer,18,5,5,8,0.0,0.58,0.7937500000000001
Computer,19,5,5,8,1.84,0.0,0.6304166666666667
Computer,20,5,5,8,0.74,1.84,0.7324999999999999
Computer,21,5,5,8,2.45,0.74,0.7733333333333333
Computer,22,5,5,8,0.98,2.45,0.7733333333333333
Computer,23,5,5,8,0.0,0.98,0.8591666666666665
Computer,0,6,6,8,2.9,0.0,0.9037499999999999
Computer,1,6,6,8,1.07,2.9,0.8804166666666666
Computer,2,6,6,8,0.0,1.07,0.8995833333333333
Computer,3,6,6,8,0.71,0.0,0.9387500000000001
Computer,4,6,6,8,1.56,0.71,0.9387500000000001
Computer,5,6,6,8,0.0,1.56,1.0170833333333333
Computer,6,6,6,8,1.88,0.0,1.0920833333333333
Computer,7,6,6,8,1.8,1.88,1.0262499999999999
Computer,8,6,6,8,1.61,1.8,1.0599999999999998
Computer,9,6,6,8,1.17,1.61,1.1545833333333333
Computer,10,6,6,8,2.81,1.17,1.0791666666666668
Computer,11,6,6,8,0.0,2.81,1.015
Computer,12,6,6,8,0.0,0.0,1.1575
Computer,13,6,6,8,3.42,0.0,1.1495833333333334
Computer,14,6,6,8,2.07,3.42,1.2158333333333333
Computer,15,6,6,8,1.59,2.07,1.2158333333333333
Computer,16,6,6,8,0.0,1.59,1.2708333333333333
Computer,17,6,6,8,1.9,0.0,1.3862499999999998
Computer,18,6,6,8,2.77,1.9,1.3095833333333333
Computer,19,6,6,8,0.0,2.77,1.3499999999999999
Computer,20,6,6,8,1.71,0.0,1.2479166666666668
Computer,21,6,6,8,0.0,1.71,1.2783333333333333
Computer,22,6,6,8,1.71,0.0,1.3225
Computer,23,6,6,8,1.06,1.71,1.2016666666666669
Computer,0,7,0,8,0.0,1.06,1.1766666666666667
Computer,1,7,0,8,0.47,0.0,1.2129166666666669
Computer,2,7,0,8,0.87,0.47,1.1833333333333333
Computer,3,7,0,8,0.0,0.87,1.18375
Computer,4,7,0,8,1.57,0.0,1.18375
Computer,5,7,0,8,0.0,1.57,1.1779166666666667
Computer,6,7,0,8,1.7400000000000002,0.0,1.1470833333333335
Computer,7,7,0,8,1.06,1.7400000000000002,1.08
Computer,8,7,0,8,0.0,1.06,1.17375
Computer,9,7,0,8,3.42,0.0,1.0566666666666666
Computer,10,7,0,8,0.0,3.42,1.1033333333333333
Computer,11,7,0,8,1.12,0.0,1.1995833333333332
Computer,12,7,0,8,2.31,1.12,1.20375
Computer,13,7,0,8,3.52,2.31,1.1175
Computer,14,7,0,8,0.0,3.52,1.1291666666666667
Computer,15,7,0,8,1.87,0.0,1.1291666666666667
Computer,16,7,0,8,0.0,1.87,1.0941666666666665
Computer,17,7,0,8,1.06,0.0,1.1045833333333333
Computer,18,7,0,8,3.02,1.06,1.1199999999999999
Computer,19,7,0,8,0.37,3.02,1.04875
Computer,20,7,0,8,0.0,0.37,1.2204166666666667
Computer,21,7,0,8,4.12,0.0,1.1670833333333335
Computer,22,7,0,8,0.43,4.12,1.1604166666666667
Computer,23,7,0,8,0.9,0.43,1.3020833333333333
Computer,0,8,1,8,3.4,0.9,1.33625
Computer,1,8,1,8,1.29,3.4,1.4883333333333333
Computer,2,8,1,8,4.52,1.29,1.5458333333333334
Computer,3,8,1,8,1.38,4.52,1.5583333333333333
Computer,4,8,1,8,1.87,1.38,1.5583333333333333
Computer,5,8,1,8,0.0,1.87,1.5691666666666666
Computer,6,8,1,8,2.0,0.0,1.5250000000000001
Computer,7,8,1,8,0.0,2.0,1.6508333333333336
Computer,8,8,1,8,3.02,0.0,1.5745833333333332
Computer,9,8,1,8,1.59,3.02,1.5966666666666667
Computer,10,8,1,8,0.53,1.59,1.5750000000000002
Computer,11,8,1,8,0.6,0.53,1.47875
Computer,12,8,1,8,0.0,0.6,1.3320833333333333
Computer,13,8,1,8,0.0,0.0,1.3458333333333332
Computer,14,8,1,8,0.33,0.0,1.3391666666666666
Computer,15,8,1,8,1.71,0.33,1.5675
Computer,16,8,1,8,5.48,1.71,1.5233333333333332
Computer,17,8,1,8,0.0,5.48,1.4433333333333334
Computer,18,8,1,8,1.1,0.0,1.4799999999999998
Computer,19,8,1,8,1.25,1.1,1.4799999999999998
Computer,20,8,1,8,0.0,1.25,1.3083333333333333
Computer,21,8,1,8,0.0,0.0,1.2904166666666665
Computer,22,8,1,8,0.0,0.0,1.2529166666666667
Computer,23,8,1,8,0.0,0.0,1.1333333333333333
Computer,0,9,2,8,0.53,0.0,1.0883333333333334
Computer,1,9,2,8,0.21,0.53,0.9579166666666667
Computer,2,9,2,8,1.39,0.21,0.9004166666666668
Computer,3,9,2,8,0.0,1.39,0.8225000000000001
Computer,4,9,2,8,0.0,0.0,0.8225000000000001
Computer,5,9,2,8,0.0,0.0,0.7391666666666667
Computer,6,9,2,8,0.0,0.0,0.75875
Computer,7,9,2,8,0.47,0.0,0.7054166666666667
Computer,8,9,2,8,1.74,0.47,0.7191666666666667
Computer,9,9,2,8,1.92,1.74,0.7070833333333333
Computer,10,9,2,8,0.24,1.92,0.8379166666666668
Computer,11,9,2,8,3.74,0.24,0.9400000000000001
Computer,12,9,2,8,2.45,3.74,0.9400000000000001
Computer,13,9,2,8,0.0,2.45,0.92625
Computer,14,9,2,8,0.0,0.0,1.0050000000000001
Computer,15,9,2,8,3.6,0.0,0.8424999999999999
Computer,16,9,2,8,1.58,3.6,0.8424999999999999
Computer,17,9,2,8,0.0,1.58,0.7966666666666667
Computer,18,9,2,8,0.0,0.0,0.93
Computer,19,9,2,8,4.45,0.0,0.93
Computer,20,9,2,8,0.0,4.45,0.9687500000000001
Computer,21,9,2,8,0.93,0.0,1.0616666666666668
Computer,22,9,2,8,2.23,0.93,1.1870833333333335
Computer,23,9,2,8,3.01,2.23,1.165
Computer,0,10,3,8,0.0,3.01,1.2533333333333332
Computer,1,10,3,8,2.33,0.0,1.1954166666666666
Computer,2,10,3,8,0.0,2.33,1.2645833333333332
Computer,3,10,3,8,1.66,0.0,1.3033333333333335
Computer,4,10,3,8,0.93,1.66,1.3033333333333335
Computer,5,10,3,8,0.0,0.93,1.35375
Computer,6,10,3,8,1.21,0.0,1.4825
Computer,7,10,3,8,3.56,1.21,1.41
Computer,8,10,3,8,0.0,3.56,1.4233333333333336
Computer,9,10,3,8,2.24,0.0,1.5179166666666666
Computer,10,10,3,8,2.51,2.24,1.455416666666667
Computer,11,10,3,8,2.24,2.51,1.3533333333333335
Computer,12,10,3,8,0.0,2.24,1.46375
Computer,13,10,3,8,2.6500000000000004,0.0,1.5858333333333334
Computer,14,10,3,8,2.93,2.6500000000000004,1.5020833333333332
Computer,15,10,3,8,1.59,2.93,1.48625
Computer,16,10,3,8,1.2,1.59,1.5999999999999999
Computer,17,10,3,8,2.73,1.2,1.6304166666666668
Computer,18,10,3,8,0.73,2.73,1.4908333333333335
Computer,19,10,3,8,1.1,0.73,1.5358333333333334
Computer,20,10,3,8,1.08,1.1,1.4970833333333333
Computer,21,10,3,8,0.0,1.08,1.4533333333333334
Computer,22,10,3,8,1.18,0.0,1.3529166666666665
Computer,23,10,3,8,0.6,1.18,1.3529166666666665
Computer,0,11,4,8,0.0,0.6,1.3745833333333335
Computer,1,11,4,8,2.85,0.0,1.4191666666666667
Computer,2,11,4,8,1.07,2.85,1.3908333333333331
Computer,3,11,4,8,0.98,1.07,1.352083333333333
Computer,4,11,4,8,0.0,0.98,1.4799999999999998
Computer,5,11,4,8,3.0700000000000003,0.0,1.4295833333333334
Computer,6,11,4,8,0.0,3.0700000000000003,1.3779166666666667
Computer,7,11,4,8,2.32,0.0,1.4100000000000001
Computer,8,11,4,8,0.77,2.32,1.3166666666666667
Computer,9,11,4,8,0.0,0.77,1.2120833333333334
Computer,10,11,4,8,0.0,0.0,1.1933333333333334
Computer,11,11,4,8,1.79,0.0,1.1933333333333334
Computer,12,11,4,8,0.0,1.79,1.2179166666666668
Computer,13,11,4,8,3.24,0.0,1.1454166666666665
Computer,14,11,4,8,1.19,3.24,1.1870833333333333
Computer,15,11,4,8,2.59,1.19,1.2233333333333334
Computer,16,11,4,8,2.07,2.59,1.12875
Computer,17,11,4,8,0.46,2.07,1.0983333333333334
Computer,18,11,4,8,0.0,0.46,1.1333333333333335
Computer,19,11,4,8,1.94,0.0,1.1220833333333333
Computer,20,11,4,8,0.81,1.94,1.2683333333333333
Computer,21,11,4,8,3.51,0.81,1.3829166666666666
Computer,22,11,4,8,3.93,3.51,1.4487499999999998
Computer,23,11,4,8,2.18,3.93,1.4487499999999998
Computer,0,12,5,8,0.0,2.18,1.3516666666666666
Computer,1,12,5,8,0.52,0.0,1.3820833333333333
Computer,2,12,5,8,1.8,0.52,1.35375
Computer,3,12,5,8,0.3,1.8,1.415416666666667
Computer,4,12,5,8,1.48,0.3,1.2874999999999999
Computer,5,12,5,8,0.0,1.48,1.4041666666666668
Computer,6,12,5,8,2.8,0.0,1.3724999999999998
Computer,7,12,5,8,1.56,2.8,1.4045833333333333
Computer,8,12,5,8,1.54,1.56,1.4229166666666666
Computer,9,12,5,8,0.44,1.54,1.4229166666666668
Computer,10,12,5,8,0.0,0.44,1.3841666666666665
Computer,11,12,5,8,0.86,0.0,1.4925
Computer,12,12,5,8,2.6,0.86,1.3695833333333336
Computer,13,12,5,8,0.29,2.6,1.3641666666666667
Computer,14,12,5,8,1.06,0.29,1.3920833333333336
Computer,15,12,5,8,3.26,1.06,1.4695833333333335
Computer,16,12,5,8,3.93,3.26,1.5320833333333335
Computer,17,12,5,8,1.96,3.93,1.5320833333333335
Computer,18,12,5,8,0.0,1.96,1.4870833333333335
Computer,19,12,5,8,0.86,0.0,1.4662499999999998
Computer,20,12,5,8,0.31,0.86,1.4654166666666668
Computer,21,12,5,8,3.49,0.31,1.3454166666666667
Computer,22,12,5,8,1.05,3.49,1.3783333333333332
Computer,23,12,5,8,2.97,1.05,1.3783333333333332
Computer,0,13,6,8,0.0,2.97,1.3566666666666667
Computer,1,13,6,8,0.0,0.0,1.2816666666666665
Computer,2,13,6,8,0.0,0.0,1.2691666666666668
Computer,3,13,6,8,0.0,0.0,1.2075000000000002
Computer,4,13,6,8,0.0,0.0,1.2304166666666667
Computer,5,13,6,8,0.55,0.0,1.1754166666666668
Computer,6,13,6,8,1.48,0.55,1.1408333333333334
Computer,7,13,6,8,0.73,1.48,1.1020833333333333
Computer,8,13,6,8,0.61,0.73,1.08375
Computer,9,13,6,8,0.0,0.61,1.115
Computer,10,13,6,8,0.75,0.0,1.0791666666666666
Computer,11,13,6,8,0.0,0.75,0.9708333333333333
Computer,12,13,6,8,0.0,0.0,0.9725000000000001
Computer,13,13,6,8,0.33,0.0,1.0108333333333335
Computer,14,13,6,8,1.98,0.33,0.9400000000000001
Computer,15,13,6,8,1.56,1.98,0.8208333333333334
Computer,16,13,6,8,1.07,1.56,0.7645833333333334
Computer,17,13,6,8,0.61,1.07,0.7645833333333334
Computer,18,13,6,8,0.0,0.61,0.8345833333333333
Computer,19,13,6,8,2.54,0.0,0.84
Computer,20,13,6,8,0.44,2.54,0.74375
Computer,21,13,6,8,1.18,0.44,0.7000000000000001
Computer,22,13,6,8,0.0,1.18,0.6358333333333334
Computer,23,13,6,8,1.4300000000000002,0.0,0.7479166666666667
Computer,0,14,0,8,2.69,1.4300000000000002,0.7479166666666667
Computer,1,14,0,8,0.0,2.69,0.8879166666666666
Computer,2,14,0,8,3.36,0.0,0.8879166666666666
Computer,3,14,0,8,0.0,3.36,0.9904166666666666
Computer,4,14,0,8,2.46,0.0,0.9674999999999999
Computer,5,14,0,8,0.0,2.46,0.9058333333333333
Computer,6,14,0,8,0.0,0.0,1.0233333333333332
Computer,7,14,0,8,3.55,0.0,0.9979166666666667
Computer,8,14,0,8,0.0,3.55,0.9979166666666667
Computer,9,14,0,8,0.0,0.0,1.1358333333333333
Computer,10,14,0,8,4.0600000000000005,0.0,1.3841666666666665
Computer,11,14,0,8,5.96,4.0600000000000005,1.4325
Computer,12,14,0,8,1.16,5.96,1.4187500000000002
Computer,13,14,0,8,0.0,1.16,1.3804166666666664
Computer,14,14,0,8,1.06,0.0,1.315416666666667
Computer,15,14,0,8,0.0,1.06,1.3541666666666667
Computer,16,14,0,8,2.0,0.0,1.32875
Computer,17,14,0,8,0.0,2.0,1.36
Computer,18,14,0,8,0.75,0.0,1.3949999999999998
Computer,19,14,0,8,3.38,0.75,1.3766666666666667
Computer,20,14,0,8,0.0,3.38,1.399166666666667
Computer,21,14,0,8,1.72,0.0,1.46
Computer,22,14,0,8,1.46,1.72,1.4004166666666666
Computer,23,14,0,8,0.0,1.46,1.29875
Computer,0,15,1,8,0.25,0.0,1.365
Computer,1,15,1,8,1.59,0.25,1.2966666666666666
Computer,2,15,1,8,1.7200000000000002,1.59,1.36
Computer,3,15,1,8,1.52,1.7200000000000002,1.2575
Computer,4,15,1,8,0.0,1.52,1.2879166666666666
Computer,5,15,1,8,0.73,0.0,1.4395833333333334
Computer,6,15,1,8,3.64,0.73,1.3325
Computer,7,15,1,8,0.98,3.64,1.4004166666666666
Computer,8,15,1,8,1.63,0.98,1.4566666666666668
Computer,9,15,1,8,1.35,1.63,1.3375000000000001
Computer,10,15,1,8,1.2,1.35,1.0891666666666666
Computer,11,15,1,8,0.0,1.2,1.1466666666666667
Computer,12,15,1,8,2.54,0.0,1.1891666666666667
Computer,13,15,1,8,1.02,2.54,1.2429166666666667
Computer,14,15,1,8,2.35,1.02,1.3025
Computer,15,15,1,8,1.43,2.35,1.4595833333333335
Computer,16,15,1,8,5.77,1.43,1.5041666666666664
Computer,17,15,1,8,1.0699999999999998,5.77,1.4729166666666664
Computer,18,15,1,8,0.0,1.0699999999999998,1.53125
Computer,19,15,1,8,4.78,0.0,1.5854166666666665
Computer,20,15,1,8,1.3,4.78,1.5725
Computer,21,15,1,8,1.41,1.3,1.52125
Computer,22,15,1,8,0.23,1.41,1.6475
Computer,23,15,1,8,3.03,0.23,1.6370833333333332
Computer,0,16,2,8,0.0,3.03,1.5708333333333335
Computer,1,16,2,8,0.0,0.0,1.5174999999999998
Computer,2,16,2,8,0.44,0.0,1.5329166666666667
Computer,3,16,2,8,1.89,0.44,1.5629166666666665
Computer,4,16,2,8,0.72,1.89,1.5324999999999998
Computer,5,16,2,8,0.0,0.72,1.3808333333333331
Computer,6,16,2,8,0.0,0.0,1.3399999999999999
Computer,7,16,2,8,0.0,0.0,1.3791666666666667
Computer,8,16,2,8,2.57,0.0,1.4129166666666666
Computer,9,16,2,8,2.16,2.57,1.437083333333333
Computer,10,16,2,8,1.78,2.16,1.437083333333333
Computer,11,16,2,8,0.0,1.78,1.41375
Computer,12,16,2,8,1.98,0.0,1.3712499999999999
Computer,13,16,2,8,0.0,1.98,1.3012499999999998
Computer,14,16,2,8,0.67,0.0,1.3241666666666665
Computer,15,16,2,8,1.98,0.67,1.1333333333333333
Computer,16,16,2,8,1.19,1.98,1.2920833333333333
Computer,17,16,2,8,4.88,1.19,1.3483333333333334
Computer,18,16,2,8,1.35,4.88,1.2583333333333333
Computer,19,16,2,8,2.62,1.35,1.2970833333333334
Computer,20,16,2,8,2.23,2.62,1.285
Computer,21,16,2,8,1.12,2.23,1.3016666666666667
Computer,22,16,2,8,0.63,1.12,1.1883333333333332
Computer,23,16,2,8,0.31,0.63,1.1883333333333332
Computer,0,17,3,8,0.0,0.31,1.1883333333333332
Computer,1,17,3,8,0.0,0.0,1.1700000000000002
Computer,2,17,3,8,0.0,0.0,1.09125
Computer,3,17,3,8,0.0,0.0,1.06125
Computer,4,17,3,8,0.0,0.0,1.06125
Computer,5,17,3,8,0.0,0.0,1.1158333333333332
Computer,6,17,3,8,1.31,0.0,1.155
Computer,7,17,3,8,0.94,1.31,1.1395833333333334
Computer,8,17,3,8,2.2,0.94,1.0495833333333333
Computer,9,17,3,8,0.0,2.2,0.9754166666666667
Computer,10,17,3,8,0.0,0.0,1.1166666666666667
Computer,11,17,3,8,3.39,0.0,1.0341666666666667
Computer,12,17,3,8,0.0,3.39,1.1808333333333334
Computer,13,17,3,8,3.52,0.0,1.1529166666666668
Computer,14,17,3,8,0.0,3.52,1.2245833333333334
Computer,15,17,3,8,3.7,0.0,1.175
Computer,16,17,3,8,0.0,3.7,1.0270833333333333
Computer,17,17,3,8,1.33,0.0,1.0770833333333334
Computer,18,17,3,8,2.55,1.33,1.01
Computer,19,17,3,8,1.01,2.55,0.9170833333333333
Computer,20,17,3,8,0.0,1.01,0.8704166666666667
Computer,21,17,3,8,0.0,0.0,0.9491666666666666
Computer,22,17,3,8,2.52,0.0,0.9812500000000001
Computer,23,17,3,8,1.08,2.52,0.9812500000000001
Computer,0,18,4,8,0.0,1.08,0.9812500000000001
Computer,1,18,4,8,0.0,0.0,1.0266666666666666
Computer,2,18,4,8,1.09,0.0,1.0266666666666666
Computer,3,18,4,8,0.0,1.09,1.0379166666666666
Computer,4,18,4,8,0.27,0.0,1.0645833333333334
Computer,5,18,4,8,0.64,0.27,1.0779166666666666
Computer,6,18,4,8,1.63,0.64,1.0887499999999999
Computer,7,18,4,8,1.2,1.63,0.9970833333333333
Computer,8,18,4,8,0.0,1.2,1.08125
Computer,9,18,4,8,2.02,0.0,1.1225
Computer,10,18,4,8,0.99,2.02,1.1420833333333333
Computer,11,18,4,8,3.86,0.99,1.1420833333333333
Computer,12,18,4,8,0.0,3.86,0.9954166666666667
Computer,13,18,4,8,0.0,0.0,1.1070833333333334
Computer,14,18,4,8,2.68,0.0,0.9641666666666667
Computer,15,18,4,8,0.27,2.68,1.0454166666666667
Computer,16,18,4,8,1.95,0.27,1.0945833333333332
Computer,17,18,4,8,2.51,1.95,1.1108333333333331
Computer,18,18,4,8,2.94,2.51,1.0770833333333334
Computer,19,18,4,8,0.2,2.94,1.1995833333333332
Computer,20,18,4,8,2.9400000000000004,0.2,1.21875
Computer,21,18,4,8,0.46,2.9400000000000004,1.11375
Computer,22,18,4,8,0.0,0.46,1.15
Computer,23,18,4,8,1.95,0.0,1.15
Computer,0,19,5,8,0.0,1.95,1.2562499999999999
Computer,1,19,5,8,2.55,0.0,1.2108333333333332
Computer,2,19,5,8,0.0,2.55,1.3187499999999999
Computer,3,19,5,8,2.59,0.0,1.3549999999999998
Computer,4,19,5,8,1.14,2.59,1.3283333333333334
Computer,5,19,5,8,0.0,1.14,1.2604166666666667
Computer,6,19,5,8,0.0,0.0,1.2616666666666667
Computer,7,19,5,8,1.23,0.0,1.3754166666666665
Computer,8,19,5,8,2.73,1.23,1.3058333333333334
Computer,9,19,5,8,0.35,2.73,1.2758333333333332
Computer,10,19,5,8,0.27,0.35,1.115
Computer,11,19,5,8,0.0,0.27,1.1537499999999998
Computer,12,19,5,8,0.93,0.0,1.1983333333333333
Computer,13,19,5,8,1.07,0.93,1.0866666666666667
Computer,14,19,5,8,0.0,1.07,1.1258333333333332
Computer,15,19,5,8,1.21,0.0,1.0445833333333334
Computer,16,19,5,8,0.0,1.21,0.94
Computer,17,19,5,8,0.0,0.0,0.8175
Computer,18,19,5,8,0.0,0.0,0.8275
Computer,19,19,5,8,0.44,0.0,0.7312500000000001
Computer,20,19,5,8,0.63,0.44,0.7858333333333333
Computer,21,19,5,8,1.77,0.63,0.8479166666666668
Computer,22,19,5,8,1.49,1.77,0.7929166666666667
Computer,23,19,5,8,0.63,1.49,0.8491666666666666
Computer,0,20,6,8,1.35,0.63,0.8104166666666667
Computer,1,20,6,8,1.62,1.35,1.0466666666666666
Computer,2,20,6,8,5.67,1.62,0.9387500000000001
Computer,3,20,6,8,0.0,5.67,0.9129166666666667
Computer,4,20,6,8,0.52,0.0,1.0391666666666666
Computer,5,20,6,8,3.03,0.52,1.0391666666666666
Computer,6,20,6,8,0.0,3.03,1.0687499999999999
Computer,7,20,6,8,1.94,0.0,1.0354166666666667
Computer,8,20,6,8,1.93,1.94,1.0345833333333332
Computer,9,20,6,8,0.33,1.93,1.1654166666666665
Computer,10,20,6,8,3.41,0.33,1.2137499999999999
Computer,11,20,6,8,1.16,3.41,1.3129166666666667
Computer,12,20,6,8,3.31,1.16,1.3254166666666667
Computer,13,20,6,8,1.37,3.31,1.3254166666666667
Computer,14,20,6,8,0.0,1.37,1.2750000000000001
Computer,15,20,6,8,0.0,0.0,1.4091666666666667
Computer,16,20,6,8,3.22,0.0,1.4775
Computer,17,20,6,8,1.64,3.22,1.56375
Computer,18,20,6,8,2.0700000000000003,1.64,1.5658333333333336
Computer,19,20,6,8,0.49,2.0700000000000003,1.6254166666666665
Computer,20,20,6,8,2.06,0.49,1.67
Computer,21,20,6,8,2.84,2.06,1.6804166666666667
Computer,22,20,6,8,1.74,2.84,1.7904166666666665
Computer,23,20,6,8,3.27,1.74,1.7341666666666666
Computer,0,21,0,8,0.0,3.27,1.6983333333333333
Computer,1,21,0,8,0.76,0.0,1.4620833333333332
Computer,2,21,0,8,0.0,0.76,1.4620833333333332
Computer,3,21,0,8,0.0,0.0,1.4404166666666667
Computer,4,21,0,8,0.0,0.0,1.3608333333333336
Computer,5,21,0,8,1.12,0.0,1.4054166666666668
Computer,6,21,0,8,1.07,1.12,1.4087500000000002
Computer,7,21,0,8,2.02,1.07,1.3766666666666667
Computer,8,21,0,8,1.16,2.02,1.5350000000000001
Computer,9,21,0,8,4.13,1.16,1.45125
Computer,10,21,0,8,1.4,4.13,1.5287499999999998
Computer,11,21,0,8,3.02,1.4,1.3908333333333331
Computer,12,21,0,8,0.0,3.02,1.3820833333333333
Computer,13,21,0,8,1.16,0.0,1.3820833333333333
Computer,14,21,0,8,0.0,1.16,1.5120833333333332
Computer,15,21,0,8,3.12,0.0,1.4395833333333334
Computer,16,21,0,8,1.48,3.12,1.4104166666666667
Computer,17,21,0,8,0.94,1.48,1.3608333333333331
Computer,18,21,0,8,0.88,0.94,1.3404166666666664
Computer,19,21,0,8,0.0,0.88,1.2545833333333334
Computer,20,21,0,8,0.0,0.0,1.15125
Computer,21,21,0,8,0.36,0.0,1.165
Computer,22,21,0,8,2.0700000000000003,0.36,1.1054166666666667
Computer,23,21,0,8,1.84,2.0700000000000003,1.28875
Computer,0,22,1,8,4.4,1.84,1.383333333333333
Computer,1,22,1,8,3.03,4.4,1.383333333333333
Computer,2,22,1,8,0.0,3.03,1.4874999999999998
Computer,3,22,1,8,2.5,0.0,1.545
Computer,4,22,1,8,1.38,2.5,1.6441666666666668
Computer,5,22,1,8,3.5,1.38,1.5995833333333334
Computer,6,22,1,8,0.0,3.5,1.6304166666666664
Computer,7,22,1,8,2.76,0.0,1.5820833333333333
Computer,8,22,1,8,0.0,2.76,1.4595833333333335
Computer,9,22,1,8,1.19,0.0,1.5254166666666666
Computer,10,22,1,8,2.98,1.19,1.4775
Computer,11,22,1,8,1.87,2.98,1.5099999999999998
Computer,12,22,1,8,0.78,1.87,1.5287499999999998
Computer,13,22,1,8,1.61,0.78,1.6320833333333333
Computer,14,22,1,8,2.48,1.61,1.5425000000000002
Computer,15,22,1,8,0.97,2.48,1.6045833333333333
Computer,16,22,1,8,2.97,0.97,1.5883333333333336
Computer,17,22,1,8,0.55,2.97,1.6604166666666667
Computer,18,22,1,8,2.6100000000000003,0.55,1.6604166666666667
Computer,19,22,1,8,0.0,2.6100000000000003,1.68875
Computer,20,22,1,8,0.68,0.0,1.67375
Computer,21,22,1,8,0.0,0.68,1.6575
Computer,22,22,1,8,1.68,0.0,1.7166666666666668
Computer,23,22,1,8,3.26,1.68,1.6554166666666665
Computer,0,23,2,8,2.93,3.26,1.555
Computer,1,23,2,8,0.62,2.93,1.555
Computer,2,23,2,8,0.0,0.62,1.5608333333333333
Computer,3,23,2,8,2.64,0.0,1.5408333333333335
Computer,4,23,2,8,0.9,2.64,1.3950000000000002
Computer,5,23,2,8,0.0,0.9,1.3950000000000002
Computer,6,23,2,8,0.0,0.0,1.28
Computer,7,23,2,8,0.0,0.0,1.28
Computer,8,23,2,8,0.0,0.0,1.2304166666666667
Computer,9,23,2,8,0.0,0.0,1.10625
Computer,10,23,2,8,0.0,0.0,1.0283333333333333
Computer,11,23,2,8,0.0,0.0,1.04375
Computer,12,23,2,8,1.15,0.0,0.9766666666666666
Computer,13,23,2,8,0.0,1.15,0.91375
Computer,14,23,2,8,0.97,0.0,0.9554166666666667
Computer,15,23,2,8,1.97,0.97,0.8316666666666667
Computer,16,23,2,8,0.0,1.97,0.8891666666666667
Computer,17,23,2,8,1.93,0.0,0.7804166666666666
Computer,18,23,2,8,0.0,1.93,0.7804166666666666
Computer,19,23,2,8,0.0,0.0,0.7520833333333333
Computer,20,23,2,8,0.0,0.0,0.7833333333333333
Computer,21,23,2,8,0.75,0.0,0.7304166666666667
Computer,22,23,2,8,0.41,0.75,0.5945833333333334
Computer,23,23,2,8,0.0,0.41,0.4725
Computer,0,24,3,8,0.0,0.0,0.4466666666666667
Computer,1,24,3,8,0.0,0.0,0.5487500000000001
Computer,2,24,3,8,2.45,0.0,0.49500000000000005
Computer,3,24,3,8,1.35,2.45,0.5229166666666667
Computer,4,24,3,8,1.57,1.35,0.5945833333333334
Computer,5,24,3,8,1.72,1.57,0.7637499999999999
Computer,6,24,3,8,4.0600000000000005,1.72,0.8775
Computer,7,24,3,8,2.73,4.0600000000000005,0.8775
Computer,8,24,3,8,0.0,2.73,0.9108333333333333
Computer,9,24,3,8,0.8,0.0,0.9108333333333333
Computer,10,24,3,8,0.0,0.8,0.9108333333333333
Computer,11,24,3,8,0.0,0.0,0.9770833333333334
Computer,12,24,3,8,2.74,0.0,1.05125
Computer,13,24,3,8,1.78,2.74,1.0825
Computer,14,24,3,8,1.72,1.78,1.0004166666666667
Computer,15,24,3,8,0.0,1.72,1.0554166666666667
Computer,16,24,3,8,1.3199999999999998,0.0,1.0625
Computer,17,24,3,8,2.1,1.3199999999999998,1.12625
Computer,18,24,3,8,1.53,2.1,1.12625
Computer,19,24,3,8,0.0,1.53,1.16875
Computer,20,24,3,8,1.02,0.0,1.2420833333333334
Computer,21,24,3,8,2.51,1.02,1.3379166666666666
Computer,22,24,3,8,2.71,2.51,1.3695833333333332
Computer,23,24,3,8,0.76,2.71,1.4579166666666667
Computer,0,25,4,8,2.12,0.76,1.4579166666666667
Computer,1,25,4,8,0.0,2.12,1.3558333333333332
Computer,2,25,4,8,0.0,0.0,1.3716666666666668
Computer,3,25,4,8,1.73,0.0,1.5041666666666667
Computer,4,25,4,8,4.75,1.73,1.4325
Computer,5,25,4,8,0.0,4.75,1.3170833333333334
Computer,6,25,4,8,1.29,0.0,1.2033333333333334
Computer,7,25,4,8,0.0,1.29,1.4458333333333335
Computer,8,25,4,8,5.82,0.0,1.4124999999999999
Computer,9,25,4,8,0.0,5.82,1.4416666666666664
Computer,10,25,4,8,0.7,0.0,1.5158333333333331
Computer,11,25,4,8,1.78,0.7,1.4270833333333333
Computer,12,25,4,8,0.61,1.78,1.4466666666666665
Computer,13,25,4,8,2.25,0.61,1.46125
Computer,14,25,4,8,2.0700000000000003,2.25,1.46125
Computer,15,25,4,8,0.0,2.0700000000000003,1.54625
Computer,16,25,4,8,3.3600000000000003,0.0,1.5333333333333334
Computer,17,25,4,8,1.79,3.3600000000000003,1.4695833333333335
Computer,18,25,4,8,0.0,1.79,1.4695833333333335
Computer,19,25,4,8,0.0,0.0,1.4270833333333333
Computer,20,25,4,8,0.0,0.0,1.4945833333333332
Computer,21,25,4,8,4.13,0.0,1.3816666666666666
Computer,22,25,4,8,0.0,4.13,1.3929166666666666
Computer,23,25,4,8,1.03,0.0,1.3045833333333334
Computer,0,26,5,8,0.0,1.03,1.3416666666666668
Computer,1,26,5,8,0.89,0.0,1.3416666666666668
Computer,2,26,5,8,0.0,0.89,1.2929166666666667
Computer,3,26,5,8,0.56,0.0,1.1400000000000001
Computer,4,26,5,8,1.08,0.56,1.3295833333333331
Computer,5,26,5,8,4.55,1.08,1.2758333333333332
Computer,6,26,5,8,0.0,4.55,1.3025
Computer,7,26,5,8,0.64,0.0,1.0599999999999998
Computer,8,26,5,8,0.0,0.64,1.1220833333333333
Computer,9,26,5,8,1.49,0.0,1.1629166666666666
Computer,10,26,5,8,1.6800000000000002,1.49,1.1070833333333334
Computer,11,26,5,8,0.44,1.6800000000000002,1.1516666666666666
Computer,12,26,5,8,1.68,0.44,1.08625
Computer,13,26,5,8,0.68,1.68,1.0
Computer,14,26,5,8,0.0,0.68,1.07375
Computer,15,26,5,8,1.77,0.0,1.0266666666666666
Computer,16,26,5,8,2.23,1.77,0.9929166666666666
Computer,17,26,5,8,0.98,2.23,1.0020833333333334
Computer,18,26,5,8,0.22,0.98,1.0266666666666666
Computer,19,26,5,8,0.59,0.22,1.165
Computer,20,26,5,8,3.32,0.59,0.9929166666666666
Computer,21,26,5,8,0.0,3.32,1.0591666666666666
Computer,22,26,5,8,1.59,0.0,1.0520833333333333
Computer,23,26,5,8,0.86,1.59,1.12625
Computer,0,27,6,8,1.78,0.86,1.1270833333333334
Computer,1,27,6,8,0.91,1.78,1.1270833333333334
Computer,2,27,6,8,0.0,0.91,1.1587500000000002
Computer,3,27,6,8,1.32,0.0,1.1962499999999998
Computer,4,27,6,8,1.98,1.32,1.0824999999999998
Computer,5,27,6,8,1.82,1.98,1.1466666666666667
Computer,6,27,6,8,1.54,1.82,1.1329166666666668
Computer,7,27,6,8,0.31,1.54,1.1329166666666668
Computer,8,27,6,8,0.0,0.31,1.1470833333333332
Computer,9,27,6,8,1.83,0.0,1.2279166666666665
Computer,10,27,6,8,3.62,1.83,1.2474999999999998
Computer,11,27,6,8,0.91,3.62,1.1775
Computer,12,27,6,8,0.0,0.91,1.1941666666666666
Computer,13,27,6,8,1.08,0.0,1.2533333333333332
Computer,14,27,6,8,1.42,1.08,1.3062500000000001
Computer,15,27,6,8,3.04,1.42,1.3070833333333332
Computer,16,27,6,8,2.25,3.04,1.3454166666666667
Computer,17,27,6,8,1.9,2.25,1.33625
Computer,18,27,6,8,0.0,1.9,1.3787500000000001
Computer,19,27,6,8,1.61,0.0,1.2404166666666667
Computer,20,27,6,8,0.0,1.61,1.31125
Computer,21,27,6,8,1.7,0.0,1.2449999999999999
Computer,22,27,6,8,0.0,1.7,1.2091666666666667
Computer,23,27,6,8,0.0,0.0,1.135
Computer,0,28,0,8,0.0,0.0,1.0970833333333332
Computer,1,28,0,8,0.0,0.0,1.1145833333333333
Computer,2,28,0,8,0.42,0.0,1.1904166666666667
Computer,3,28,0,8,3.14,0.42,1.1325
Computer,4,28,0,8,0.59,3.14,1.1116666666666668
Computer,5,28,0,8,1.32,0.59,1.1179166666666667
Computer,6,28,0,8,1.69,1.32,1.105
Computer,7,28,0,8,0.0,1.69,1.1491666666666667
Computer,8,28,0,8,1.06,0.0,1.0729166666666667
Computer,9,28,0,8,0.0,1.06,0.9220833333333335
Computer,10,28,0,8,0.0,0.0,1.0270833333333333
Computer,11,28,0,8,3.43,0.0,1.0270833333333333
Computer,12,28,0,8,0.0,3.43,1.0825
Computer,13,28,0,8,2.41,0.0,1.1087500000000001
Computer,14,28,0,8,2.0500000000000003,2.41,1.0083333333333333
Computer,15,28,0,8,0.63,2.0500000000000003,0.9700000000000001
Computer,16,28,0,8,1.33,0.63,0.8908333333333333
Computer,17,28,0,8,0.0,1.33,1.04125
Computer,18,28,0,8,3.61,0.0,0.9741666666666667
Computer,19,28,0,8,0.0,3.61,1.0241666666666667
Computer,20,28,0,8,1.2,0.0,1.0208333333333333
Computer,21,28,0,8,1.62,1.2,1.0720833333333333
Computer,22,28,0,8,1.23,1.62,1.1108333333333333
Computer,23,28,0,8,0.93,1.23,1.1220833333333335
Computer,0,29,1,8,0.27,0.93,1.2204166666666667
Computer,1,29,1,8,2.3600000000000003,0.27,1.2795833333333333
Computer,2,29,1,8,1.84,2.3600000000000003,1.14875
Computer,3,29,1,8,0.0,1.84,1.1879166666666665
Computer,4,29,1,8,1.53,0.0,1.1958333333333333
Computer,5,29,1,8,1.51,1.53,1.1445833333333335
Computer,6,29,1,8,0.46,1.51,1.2275
Computer,7,29,1,8,1.99,0.46,1.2604166666666667
Computer,8,29,1,8,1.85,1.99,1.3333333333333333
Computer,9,29,1,8,1.75,1.85,1.405
Computer,10,29,1,8,1.72,1.75,1.2795833333333333
Computer,11,29,1,8,0.42,1.72,1.39625
Computer,12,29,1,8,2.8,0.42,1.335
Computer,13,29,1,8,0.94,2.8,1.2495833333333333
Computer,14,29,1,8,0.0,0.94,1.2233333333333334
Computer,15,29,1,8,0.0,0.0,1.2466666666666668
Computer,16,29,1,8,1.89,0.0,1.2754166666666669
Computer,17,29,1,8,0.69,1.89,1.3995833333333332
Computer,18,29,1,8,6.59,0.69,1.4416666666666667
Computer,19,29,1,8,1.01,6.59,1.5445833333333334
Computer,20,29,1,8,3.67,1.01,1.477083333333333
Computer,21,29,1,8,0.0,3.67,1.5254166666666666
Computer,22,29,1,8,2.39,0.0,1.57125
Computer,23,29,1,8,2.03,2.39,1.5599999999999998
Computer,0,30,2,8,0.0,2.03,1.4616666666666667
Computer,1,30,2,8,0.0,0.0,1.5020833333333334
Computer,2,30,2,8,2.81,0.0,1.5020833333333334
Computer,3,30,2,8,0.0,2.81,1.5608333333333333
Computer,4,30,2,8,2.94,0.0,1.5424999999999998
Computer,5,30,2,8,1.07,2.94,1.58125
Computer,6,30,2,8,1.39,1.07,1.4983333333333333
Computer,7,30,2,8,0.0,1.39,1.42125
Computer,8,30,2,8,0.0,0.0,1.4283333333333335
Computer,9,30,2,8,1.92,0.0,1.4641666666666666
Computer,10,30,2,8,2.58,1.92,1.4974999999999998
Computer,11,30,2,8,1.22,2.58,1.42875
Computer,12,30,2,8,1.15,1.22,1.3895833333333332
Computer,13,30,2,8,0.0,1.15,1.3987499999999997
Computer,14,30,2,8,0.22,0.0,1.3987499999999997
Computer,15,30,2,8,0.0,0.22,1.3454166666666667
Computer,16,30,2,8,0.61,0.0,1.3166666666666667
Computer,17,30,2,8,0.0,0.61,1.1541666666666666
Computer,18,30,2,8,2.69,0.0,1.1833333333333333
Computer,19,30,2,8,1.71,2.69,1.1179166666666667
Computer,20,30,2,8,2.1,1.71,1.1370833333333332
Computer,21,30,2,8,0.46,2.1,1.1120833333333333
Computer,22,30,2,8,1.79,0.46,1.1725
Computer,23,30,2,8,3.48,1.79,1.1725
Computer,0,31,3,8,0.0,3.48,1.2558333333333334
Computer,1,31,3,8,2.0,0.0,1.2866666666666668
Computer,2,31,3,8,3.5500000000000003,2.0,1.3908333333333334
Computer,3,31,3,8,2.5,3.5500000000000003,1.2683333333333333
Computer,4,31,3,8,0.0,2.5,1.2820833333333332
Computer,5,31,3,8,1.4,0.0,1.3116666666666668
Computer,6,31,3,8,2.1,1.4,1.3116666666666668
Computer,7,31,3,8,0.0,2.1,1.3116666666666668
Computer,8,31,3,8,0.0,0.0,1.2316666666666667
Computer,9,31,3,8,0.0,0.0,1.1666666666666667
Computer,10,31,3,8,1.02,0.0,1.1158333333333335
Computer,11,31,3,8,0.0,1.02,1.1033333333333333
Computer,12,31,3,8,0.85,0.0,1.1033333333333333
Computer,13,31,3,8,0.0,0.85,1.1370833333333332
Computer,14,31,3,8,1.03,0.0,1.39125
Computer,15,31,3,8,6.1,1.03,1.5954166666666667
Computer,16,31,3,8,5.51,6.1,1.6537499999999998
Computer,17,31,3,8,1.4,5.51,1.6108333333333336
Computer,18,31,3,8,1.66,1.4,1.6587500000000002
Computer,19,31,3,8,2.86,1.66,1.66
Computer,20,31,3,8,2.13,2.86,1.6408333333333331
Computer,21,31,3,8,0.0,2.13,1.7025
Computer,22,31,3,8,3.27,0.0,1.6695833333333334
Computer,23,31,3,8,2.69,3.27,1.6695833333333334
Computer,0,1,4,9,0.0,2.69,1.7179166666666668
Computer,1,1,4,9,3.16,0.0,1.57
Computer,2,1,4,9,0.0,3.16,1.61
Computer,3,1,4,9,3.46,0.0,1.7554166666666664
Computer,4,1,4,9,3.49,3.46,1.75875
Computer,5,1,4,9,1.48,3.49,1.67125
Computer,6,1,4,9,0.0,1.48,1.67125
Computer,7,1,4,9,0.0,0.0,1.6974999999999998
Computer,8,1,4,9,0.63,0.0,1.6974999999999998
Computer,9,1,4,9,0.0,0.63,1.7091666666666667
Computer,10,1,4,9,1.3,0.0,1.7091666666666667
Computer,11,1,4,9,0.0,1.3,1.7566666666666668
Computer,12,1,4,9,1.99,0.0,1.8008333333333333
Computer,13,1,4,9,1.06,1.99,1.7579166666666666
Computer,14,1,4,9,0.0,1.06,1.6070833333333334
Computer,15,1,4,9,2.48,0.0,1.4091666666666667
Computer,16,1,4,9,0.76,2.48,1.3508333333333333
Computer,17,1,4,9,0.0,0.76,1.2816666666666667
Computer,18,1,4,9,0.0,0.0,1.2575
Computer,19,1,4,9,2.28,0.0,1.2208333333333334
Computer,20,1,4,9,1.25,2.28,1.2870833333333334
Computer,21,1,4,9,1.59,1.25,1.1508333333333334
Computer,22,1,4,9,0.0,1.59,1.1979166666666667
Computer,23,1,4,9,3.82,0.0,1.2341666666666666
Computer,0,2,5,9,0.87,3.82,1.1391666666666669
Computer,1,2,5,9,0.88,0.87,1.3404166666666668
Computer,2,2,5,9,4.83,0.88,1.2275
Computer,3,2,5,9,0.75,4.83,1.1479166666666667
Computer,4,2,5,9,1.58,0.75,1.08625
Computer,5,2,5,9,0.0,1.58,1.1420833333333333
Computer,6,2,5,9,1.34,0.0,1.1420833333333333
Computer,7,2,5,9,0.0,1.34,1.1508333333333334
Computer,8,2,5,9,0.84,0.0,1.2270833333333333
Computer,9,2,5,9,1.83,0.84,1.2437500000000001
Computer,10,2,5,9,1.7,1.83,1.26625
Computer,11,2,5,9,0.54,1.7,1.2041666666666668
Computer,12,2,5,9,0.5,0.54,1.1766666666666665
Computer,13,2,5,9,0.4,0.5,1.2270833333333333
Computer,14,2,5,9,1.21,0.4,1.2479166666666666
Computer,15,2,5,9,2.98,1.21,1.225
Computer,16,2,5,9,0.21,2.98,1.3562500000000002
Computer,17,2,5,9,3.1500000000000004,0.21,1.3562500000000002
Computer,18,2,5,9,0.0,3.1500000000000004,1.2883333333333333
Computer,19,2,5,9,0.65,0.0,1.23625
Computer,20,2,5,9,0.0,0.65,1.2579166666666668
Computer,21,2,5,9,2.11,0.0,1.3091666666666668
Computer,22,2,5,9,1.23,2.11,1.1500000000000001
Computer,23,2,5,9,0.0,1.23,1.1475000000000002
Computer,0,3,6,9,0.81,0.0,1.18
Computer,1,3,6,9,1.66,0.81,1.1208333333333333
Computer,2,3,6,9,3.41,1.66,1.0895833333333333
Computer,3,3,6,9,0.0,3.41,1.02375
Computer,4,3,6,9,0.0,0.0,1.0570833333333334
Computer,5,3,6,9,0.8,0.0,1.0925
Computer,6,3,6,9,2.19,0.8,1.1279166666666667
Computer,7,3,6,9,0.85,2.19,1.1366666666666667
Computer,8,3,6,9,1.05,0.85,1.0875000000000001
Computer,9,3,6,9,0.65,1.05,1.07375
Computer,10,3,6,9,1.37,0.65,1.1666666666666667
Computer,11,3,6,9,2.77,1.37,1.2391666666666665
Computer,12,3,6,9,2.24,2.77,1.2316666666666667
Computer,13,3,6,9,0.22,2.24,1.1812500000000001
Computer,14,3,6,9,0.0,0.22,1.0879166666666666
Computer,15,3,6,9,0.74,0.0,1.1095833333333334
Computer,16,3,6,9,0.73,0.74,0.9783333333333334
Computer,17,3,6,9,0.0,0.73,1.0891666666666666
Computer,18,3,6,9,2.66,0.0,1.14375
Computer,19,3,6,9,1.96,2.66,1.2404166666666667
Computer,20,3,6,9,2.3200000000000003,1.96,1.1525
Computer,21,3,6,9,0.0,2.3200000000000003,1.10125
Computer,22,3,6,9,0.0,0.0,1.10125
Computer,23,3,6,9,0.0,0.0,1.1166666666666667
Computer,0,4,0,9,1.18,0.0,1.21125
Computer,1,4,0,9,3.93,1.18,1.0691666666666666
Computer,2,4,0,9,0.0,3.93,1.2191666666666667
Computer,3,4,0,9,3.6,0.0,1.25875
Computer,4,4,0,9,0.95,3.6,1.2895833333333333
Computer,5,4,0,9,1.54,0.95,1.4233333333333336
Computer,6,4,0,9,5.4,1.54,1.45125
Computer,7,4,0,9,1.52,5.4,1.4075
Computer,8,4,0,9,0.0,1.52,1.3804166666666664
Computer,9,4,0,9,0.0,0.0,1.3233333333333335
Computer,10,4,0,9,0.0,0.0,1.3504166666666668
Computer,11,4,0,9,3.42,0.0,1.3379166666666666
Computer,12,4,0,9,1.94,3.42,1.3495833333333334
Computer,13,4,0,9,0.5,1.94,1.3966666666666665
Computer,14,4,0,9,1.13,0.5,1.49875
Computer,15,4,0,9,3.19,1.13,1.4683333333333335
Computer,16,4,0,9,0.0,3.19,1.53625
Computer,17,4,0,9,1.63,0.0,1.4845833333333331
Computer,18,4,0,9,1.42,1.63,1.4829166666666669
Computer,19,4,0,9,1.92,1.42,1.5879166666666666
Computer,20,4,0,9,4.84,1.92,1.7070833333333335
Computer,21,4,0,9,2.8600000000000003,4.84,1.7070833333333335
Computer,22,4,0,9,0.0,2.8600000000000003,1.7070833333333335
Computer,23,4,0,9,0.0,0.0,1.657916666666667
Computer,0,5,1,9,0.0,0.0,1.5491666666666666
Computer,1,5,1,9,1.32,0.0,1.549166666666667
Computer,2,5,1,9,0.0,1.32,1.437916666666667
Computer,3,5,1,9,0.93,0.0,1.3983333333333334
Computer,4,5,1,9,0.0,0.93,1.4033333333333333
Computer,5,5,1,9,1.66,0.0,1.29125
Computer,6,5,1,9,2.71,1.66,1.3629166666666668
Computer,7,5,1,9,3.24,2.71,1.3629166666666668
Computer,8,5,1,9,0.0,3.24,1.3629166666666668
Computer,9,5,1,9,0.0,0.0,1.4574999999999998
Computer,10,5,1,9,2.27,0.0,1.4329166666666666
Computer,11,5,1,9,2.83,2.27,1.50875
Computer,12,5,1,9,3.76,2.83,1.4879166666666668
Computer,13,5,1,9,0.0,3.76,1.4408333333333332
Computer,14,5,1,9,0.0,0.0,1.4945833333333332
Computer,15,5,1,9,4.48,0.0,1.5533333333333335
Computer,16,5,1,9,1.41,4.48,1.6162500000000002
Computer,17,5,1,9,3.14,1.41,1.58125
Computer,18,5,1,9,0.58,3.14,1.50125
Computer,19,5,1,9,0.0,0.58,1.2995833333333333
Computer,20,5,1,9,0.0,0.0,1.1975
Computer,21,5,1,9,0.41,0.0,1.2470833333333333
Computer,22,5,1,9,1.19,0.41,1.27625
Computer,23,5,1,9,0.7,1.19,1.27625
Computer,0,6,2,9,0.0,0.7,1.26125
Computer,1,6,2,9,0.96,0.0,1.375
Computer,2,6,2,9,2.73,0.96,1.4033333333333333
Computer,3,6,2,9,1.61,2.73,1.5054166666666668
Computer,4,6,2,9,2.45,1.61,1.5045833333333334
Computer,5,6,2,9,1.64,2.45,1.4662500000000003
Computer,6,6,2,9,1.79,1.64,1.33125
Computer,7,6,2,9,0.0,1.79,1.42125
Computer,8,6,2,9,2.16,0.0,1.42125
Computer,9,6,2,9,0.0,2.16,1.383333333333333
Computer,10,6,2,9,1.36,0.0,1.2654166666666666
Computer,11,6,2,9,0.0,1.36,1.1995833333333332
Computer,12,6,2,9,2.18,0.0,1.1995833333333332
Computer,13,6,2,9,0.0,2.18,1.2658333333333334
Computer,14,6,2,9,1.59,0.0,1.1295833333333334
Computer,15,6,2,9,1.21,1.59,1.2075
Computer,16,6,2,9,3.28,1.21,1.16375
Computer,17,6,2,9,2.09,3.28,1.1395833333333332
Computer,18,6,2,9,0.0,2.09,1.2625
Computer,19,6,2,9,2.95,0.0,1.2733333333333332
Computer,20,6,2,9,0.26,2.95,1.4070833333333332
Computer,21,6,2,9,3.62,0.26,1.3575
Computer,22,6,2,9,0.0,3.62,1.3283333333333334
Computer,23,6,2,9,0.0,0.0,1.35875
Computer,0,7,3,9,0.73,0.0,1.3687500000000001
Computer,1,7,3,9,1.2,0.73,1.3925
Computer,2,7,3,9,3.3,1.2,1.3641666666666667
Computer,3,7,3,9,0.93,3.3,1.2895833333333333
Computer,4,7,3,9,0.66,0.93,1.2933333333333332
Computer,5,7,3,9,1.73,0.66,1.28375
Computer,6,7,3,9,1.56,1.73,1.3504166666666666
Computer,7,7,3,9,1.6,1.56,1.2604166666666667
Computer,8,7,3,9,0.0,1.6,1.2604166666666667
Computer,9,7,3,9,0.0,0.0,1.2908333333333333
Computer,10,7,3,9,2.09,0.0,1.3679166666666667
Computer,11,7,3,9,1.85,2.09,1.45
Computer,12,7,3,9,4.15,1.85,1.4945833333333332
Computer,13,7,3,9,1.07,4.15,1.4283333333333335
Computer,14,7,3,9,0.0,1.07,1.3779166666666667
Computer,15,7,3,9,0.0,0.0,1.3208333333333333
Computer,16,7,3,9,1.91,0.0,1.3495833333333334
Computer,17,7,3,9,2.78,1.91,1.3745833333333335
Computer,18,7,3,9,0.6,2.78,1.2516666666666667
Computer,19,7,3,9,0.0,0.6,1.3470833333333332
Computer,20,7,3,9,2.55,0.0,1.1962499999999998
Computer,21,7,3,9,0.0,2.55,1.2762499999999999
Computer,22,7,3,9,1.92,0.0,1.3458333333333332
Computer,23,7,3,9,1.67,1.92,1.3154166666666665
Computer,0,8,4,9,0.0,1.67,1.3595833333333331
Computer,1,8,4,9,2.26,0.0,1.34
Computer,2,8,4,9,2.83,2.26,1.3370833333333332
Computer,3,8,4,9,0.86,2.83,1.3849999999999998
Computer,4,8,4,9,1.81,0.86,1.3487500000000001
Computer,5,8,4,9,0.86,1.81,1.4000000000000001
Computer,6,8,4,9,2.79,0.86,1.3333333333333333
Computer,7,8,4,9,0.0,2.79,1.4124999999999999
Computer,8,8,4,9,1.9,0.0,1.4579166666666667
Computer,9,8,4,9,1.09,1.9,1.3708333333333333
Computer,10,8,4,9,0.0,1.09,1.3495833333333334
Computer,11,8,4,9,1.34,0.0,1.3695833333333336
Computer,12,8,4,9,4.63,1.34,1.3829166666666666
Computer,13,8,4,9,1.39,4.63,1.4566666666666668
Computer,14,8,4,9,1.77,1.39,1.4566666666666668
Computer,15,8,4,9,0.0,1.77,1.4720833333333332
Computer,16,8,4,9,2.28,0.0,1.418333333333333
Computer,17,8,4,9,1.49,2.28,1.3933333333333333
Computer,18,8,4,9,0.0,1.49,1.4595833333333335
Computer,19,8,4,9,1.59,0.0,1.3533333333333333
Computer,20,8,4,9,0.0,1.59,1.5208333333333333
Computer,21,8,4,9,4.02,0.0,1.4712500000000002
Computer,22,8,4,9,0.73,4.02,1.4016666666666666
Computer,23,8,4,9,0.0,0.73,1.4604166666666665
Computer,0,9,5,9,1.41,0.0,1.5475
Computer,1,9,5,9,4.35,1.41,1.4729166666666664
Computer,2,9,5,9,1.04,4.35,1.4529166666666666
Computer,3,9,5,9,0.38,1.04,1.3775000000000002
Computer,4,9,5,9,0.0,0.38,1.3791666666666664
Computer,5,9,5,9,0.9,0.0,1.2629166666666667
Computer,6,9,5,9,0.0,0.9,1.3008333333333333
Computer,7,9,5,9,0.91,0.0,1.2216666666666665
Computer,8,9,5,9,0.0,0.91,1.1762499999999998
Computer,9,9,5,9,0.0,0.0,1.2291666666666665
Computer,10,9,5,9,1.27,0.0,1.1970833333333333
Computer,11,9,5,9,0.57,1.27,1.0041666666666667
Computer,12,9,5,9,0.0,0.57,1.0604166666666666
Computer,13,9,5,9,2.74,0.0,1.0333333333333332
Computer,14,9,5,9,1.12,2.74,1.0816666666666666
Computer,15,9,5,9,1.16,1.12,0.9866666666666667
Computer,16,9,5,9,0.0,1.16,0.9566666666666666
Computer,17,9,5,9,0.77,0.0,1.01625
Computer,18,9,5,9,1.43,0.77,0.9812499999999998
Computer,19,9,5,9,0.75,1.43,1.0608333333333333
Computer,20,9,5,9,1.91,0.75,0.8933333333333332
Computer,21,9,5,9,0.0,1.91,0.9225
Computer,22,9,5,9,1.43,0.0,0.9225
Computer,23,9,5,9,0.0,1.43,0.9895833333333334
Computer,0,10,6,9,3.02,0.0,0.8083333333333335
Computer,1,10,6,9,0.0,3.02,0.765
Computer,2,10,6,9,0.0,0.0,0.7866666666666666
Computer,3,10,6,9,0.9,0.0,0.7866666666666666
Computer,4,10,6,9,0.0,0.9,0.7754166666666666
Computer,5,10,6,9,0.63,0.0,0.8783333333333334
Computer,6,10,6,9,2.47,0.63,0.8404166666666667
Computer,7,10,6,9,0.0,2.47,0.8404166666666667
Computer,8,10,6,9,0.0,0.0,0.8404166666666667
Computer,9,10,6,9,0.0,0.0,0.8675
Computer,10,10,6,9,1.92,0.0,0.9879166666666667
Computer,11,10,6,9,3.46,1.92,0.9879166666666667
Computer,12,10,6,9,0.0,3.46,0.9408333333333333
Computer,13,10,6,9,1.61,0.0,0.9645833333333335
Computer,14,10,6,9,1.69,1.61,0.9162500000000001
Computer,15,10,6,9,0.0,1.69,0.9162500000000001
Computer,16,10,6,9,0.0,0.0,1.0366666666666668
Computer,17,10,6,9,3.66,0.0,1.0583333333333333
Computer,18,10,6,9,1.95,3.66,1.1395833333333332
Computer,19,10,6,9,2.7,1.95,1.135
Computer,20,10,6,9,1.8,2.7,1.21875
Computer,21,10,6,9,2.01,1.8,1.1795833333333334
Computer,22,10,6,9,0.49,2.01,1.2595833333333333
Computer,23,10,6,9,1.92,0.49,1.1783333333333332
Computer,0,11,0,9,1.07,1.92,1.2125
Computer,1,11,0,9,0.82,1.07,1.2125
Computer,2,11,0,9,0.0,0.82,1.3091666666666668
Computer,3,11,0,9,3.22,0.0,1.3091666666666668
Computer,4,11,0,9,0.0,3.22,1.3770833333333334
Computer,5,11,0,9,2.26,0.0,1.3333333333333333
Computer,6,11,0,9,1.42,2.26,1.4616666666666667
Computer,7,11,0,9,3.08,1.42,1.7179166666666665
Computer,8,11,0,9,6.15,3.08,1.7179166666666665
Computer,9,11,0,9,0.0,6.15,1.6379166666666665
Computer,10,11,0,9,0.0,0.0,1.538333333333333
Computer,11,11,0,9,1.07,0.0,1.6079166666666669
Computer,12,11,0,9,1.67,1.07,1.5616666666666665
Computer,13,11,0,9,0.5,1.67,1.5041666666666667
Computer,14,11,0,9,0.31,0.5,1.5529166666666665
Computer,15,11,0,9,1.17,0.31,1.67125
Computer,16,11,0,9,2.84,1.17,1.51875
Computer,17,11,0,9,0.0,2.84,1.53
Computer,18,11,0,9,2.22,0.0,1.4887499999999998
Computer,19,11,0,9,1.71,2.22,1.41375
Computer,20,11,0,9,0.0,1.71,1.4725000000000001
Computer,21,11,0,9,3.42,0.0,1.4520833333333334
Computer,22,11,0,9,0.0,3.42,1.4008333333333332
Computer,23,11,0,9,0.69,0.0,1.3920833333333331
Computer,0,12,1,9,0.86,0.69,1.3579166666666664
Computer,1,12,1,9,0.0,0.86,1.3983333333333332
Computer,2,12,1,9,0.97,0.0,1.2641666666666664
Computer,3,12,1,9,0.0,0.97,1.2641666666666664
Computer,4,12,1,9,0.0,0.0,1.17
Computer,5,12,1,9,0.0,0.0,1.1933333333333331
Computer,6,12,1,9,1.98,0.0,1.1195833333333334
Computer,7,12,1,9,1.31,1.98,0.8870833333333333
Computer,8,12,1,9,0.57,1.31,0.9266666666666666
Computer,9,12,1,9,0.95,0.57,0.9529166666666667
Computer,10,12,1,9,0.63,0.95,1.0283333333333333
Computer,11,12,1,9,2.88,0.63,1.08625
Computer,12,12,1,9,3.06,2.88,1.0654166666666667
Computer,13,12,1,9,0.0,3.06,1.0525
Computer,14,12,1,9,0.0,0.0,1.0170833333333333
Computer,15,12,1,9,0.32,0.0,0.9937499999999999
Computer,16,12,1,9,2.28,0.32,1.0029166666666667
Computer,17,12,1,9,0.22,2.28,0.9616666666666666
Computer,18,12,1,9,1.23,0.22,0.8904166666666665
Computer,19,12,1,9,0.0,1.23,0.8904166666666665
Computer,20,12,1,9,0.0,0.0,0.7908333333333334
Computer,21,12,1,9,1.03,0.0,0.7908333333333334
Computer,22,12,1,9,0.0,1.03,0.8670833333333333
Computer,23,12,1,9,2.52,0.0,0.8504166666666667
Computer,0,13,2,9,0.46,2.52,1.0145833333333334
Computer,1,13,2,9,3.94,0.46,1.0179166666666666
Computer,2,13,2,9,1.05,3.94,1.0504166666666668
Computer,3,13,2,9,0.78,1.05,1.1191666666666666
Computer,4,13,2,9,1.65,0.78,1.1191666666666666
Computer,5,13,2,9,0.0,1.65,1.0366666666666668
Computer,6,13,2,9,0.0,0.0,1.03375
Computer,7,13,2,9,1.24,0.0,1.0587499999999999
Computer,8,13,2,9,1.17,1.24,1.0983333333333334
Computer,9,13,2,9,1.9,1.17,1.0720833333333333
Computer,10,13,2,9,0.0,1.9,0.9916666666666667
Computer,11,13,2,9,0.95,0.0,0.9416666666666665
Computer,12,13,2,9,1.86,0.95,0.9416666666666665
Computer,13,13,2,9,0.0,1.86,0.9416666666666665
Computer,14,13,2,9,0.0,0.0,0.9916666666666666
Computer,15,13,2,9,1.52,0.0,0.8966666666666666
Computer,16,13,2,9,0.0,1.52,1.0595833333333333
Computer,17,13,2,9,4.13,0.0,1.0083333333333335
Computer,18,13,2,9,0.0,4.13,1.0275
Computer,19,13,2,9,0.46,0.0,1.0275
Computer,20,13,2,9,0.0,0.46,1.04
Computer,21,13,2,9,1.33,0.0,1.0945833333333332
Computer,22,13,2,9,1.31,1.33,0.9895833333333334
Computer,23,13,2,9,0.0,1.31,0.9704166666666666
Computer,0,14,3,9,0.0,0.0,0.8062499999999999
Computer,1,14,3,9,0.0,0.0,0.8058333333333333
Computer,2,14,3,9,1.04,0.0,0.8591666666666667
Computer,3,14,3,9,2.06,1.04,0.7904166666666667
Computer,4,14,3,9,0.0,2.06,0.8104166666666667
Computer,5,14,3,9,0.48,0.0,0.8658333333333333
Computer,6,14,3,9,1.33,0.48,0.8141666666666666
Computer,7,14,3,9,0.0,1.33,0.8608333333333333
Computer,8,14,3,9,2.29,0.0,0.7816666666666666
Computer,9,14,3,9,0.0,2.29,0.8491666666666666
Computer,10,14,3,9,1.62,0.0,0.9470833333333334
Computer,11,14,3,9,3.3,1.62,0.8695833333333334
Computer,12,14,3,9,0.0,3.3,0.8695833333333334
Computer,13,14,3,9,0.0,0.0,0.9808333333333333
Computer,14,14,3,9,2.67,0.0,0.9445833333333334
Computer,15,14,3,9,0.65,2.67,0.9716666666666667
Computer,16,14,3,9,0.65,0.65,0.9333333333333332
Computer,17,14,3,9,3.21,0.65,0.9333333333333332
Computer,18,14,3,9,0.0,3.21,0.9812500000000001
Computer,19,14,3,9,1.61,0.0,1.0033333333333334
Computer,20,14,3,9,0.53,1.61,1.0195833333333333
Computer,21,14,3,9,1.72,0.53,1.0441666666666667
Computer,22,14,3,9,1.9,1.72,1.0441666666666667
Computer,23,14,3,9,0.0,1.9,1.1425
Computer,0,15,4,9,2.36,0.0,1.1841666666666668
Computer,1,15,4,9,1.0,2.36,1.1408333333333334
Computer,2,15,4,9,0.0,1.0,1.1308333333333334
Computer,3,15,4,9,1.82,0.0,1.1704166666666667
Computer,4,15,4,9,0.95,1.82,1.1504166666666666
Computer,5,15,4,9,0.0,0.95,1.1358333333333335
Computer,6,15,4,9,0.98,0.0,1.1620833333333334
Computer,7,15,4,9,0.63,0.98,1.0666666666666667
Computer,8,15,4,9,0.0,0.63,1.1066666666666667
Computer,9,15,4,9,0.96,0.0,1.2175
Computer,10,15,4,9,4.28,0.96,1.2758333333333334
Computer,11,15,4,9,4.7,4.28,1.2941666666666667
Computer,12,15,4,9,0.44,4.7,1.3499999999999999
Computer,13,15,4,9,1.34,0.44,1.3366666666666667
Computer,14,15,4,9,2.35,1.34,1.3854166666666667
Computer,15,15,4,9,1.82,2.35,1.3583333333333334
Computer,16,15,4,9,0.0,1.82,1.4016666666666666
Computer,17,15,4,9,4.25,0.0,1.4016666666666666
Computer,18,15,4,9,0.0,4.25,1.3345833333333335
Computer,19,15,4,9,0.0,0.0,1.3220833333333333
Computer,20,15,4,9,0.23,0.0,1.2504166666666667
Computer,21,15,4,9,0.0,0.23,1.17125
Computer,22,15,4,9,0.0,0.0,1.1937499999999999
Computer,23,15,4,9,0.54,0.0,1.0954166666666667
Computer,0,16,5,9,0.0,0.54,1.05375
Computer,1,16,5,9,0.0,0.0,1.0725
Computer,2,16,5,9,0.45,0.0,1.155
Computer,3,16,5,9,3.8,0.45,1.1895833333333334
Computer,4,16,5,9,1.78,3.8,1.2495833333333333
Computer,5,16,5,9,1.44,1.78,1.2475
Computer,6,16,5,9,0.93,1.44,1.2795833333333333
Computer,7,16,5,9,1.4,0.93,1.2795833333333333
Computer,8,16,5,9,0.0,1.4,1.2395833333333333
Computer,9,16,5,9,0.0,0.0,1.14375
Computer,10,16,5,9,1.98,0.0,1.0108333333333333
Computer,11,16,5,9,1.51,1.98,0.9925
Computer,12,16,5,9,0.0,1.51,1.0275
Computer,13,16,5,9,2.18,0.0,1.0104166666666667
Computer,14,16,5,9,1.94,2.18,1.0054166666666666
Computer,15,16,5,9,1.7,1.94,1.0054166666666666
Computer,16,16,5,9,0.0,1.7,0.9679166666666666
Computer,17,16,5,9,3.35,0.0,0.9783333333333334
Computer,18,16,5,9,0.25,3.35,1.0808333333333333
Computer,19,16,5,9,2.46,0.25,1.1208333333333333
Computer,20,16,5,9,1.19,2.46,1.2991666666666666
Computer,21,16,5,9,4.28,1.19,1.2991666666666666
Computer,22,16,5,9,0.0,4.28,1.2766666666666666
Computer,23,16,5,9,0.0,0.0,1.2991666666666666
Computer,0,17,6,9,0.54,0.0,1.34875
Computer,1,17,6,9,1.19,0.54,1.55875
Computer,2,17,6,9,5.49,1.19,1.4004166666666666
Computer,3,17,6,9,0.0,5.49,1.32625
Computer,4,17,6,9,0.0,0.0,1.2970833333333334
Computer,5,17,6,9,0.74,0.0,1.3508333333333333
Computer,6,17,6,9,2.22,0.74,1.3054166666666667
Computer,7,17,6,9,0.31,2.22,1.3704166666666666
Computer,8,17,6,9,1.56,0.31,1.5145833333333334
Computer,9,17,6,9,3.46,1.56,1.4695833333333335
Computer,10,17,6,9,0.9,3.46,1.47625
Computer,11,17,6,9,1.67,0.9,1.5225
Computer,12,17,6,9,1.11,1.67,1.4666666666666666
Computer,13,17,6,9,0.84,1.11,1.415
Computer,14,17,6,9,0.7,0.84,1.4129166666666666
Computer,15,17,6,9,1.65,0.7,1.4129166666666666
Computer,16,17,6,9,0.0,1.65,1.3583333333333334
Computer,17,17,6,9,2.04,0.0,1.3783333333333332
Computer,18,17,6,9,0.73,2.04,1.2758333333333332
Computer,19,17,6,9,0.0,0.73,1.22625
Computer,20,17,6,9,0.0,0.0,1.2229166666666667
Computer,21,17,6,9,4.2,0.0,1.24125
Computer,22,17,6,9,0.44,4.2,1.3641666666666667
Computer,23,17,6,9,2.95,0.44,1.4079166666666667
Computer,0,18,0,9,1.59,2.95,1.3945833333333335
Computer,1,18,0,9,0.87,1.59,1.1658333333333333
Computer,2,18,0,9,0.0,0.87,1.2091666666666667
Computer,3,18,0,9,1.04,0.0,1.27625
Computer,4,18,0,9,1.61,1.04,1.2454166666666666
Computer,5,18,0,9,0.0,1.61,1.1529166666666668
Computer,6,18,0,9,0.0,0.0,1.2
Computer,7,18,0,9,1.44,0.0,1.135
Computer,8,18,0,9,0.0,1.44,0.9908333333333332
Computer,9,18,0,9,0.0,0.0,0.9533333333333333
Computer,10,18,0,9,0.0,0.0,0.92375
Computer,11,18,0,9,0.96,0.0,0.8775
Computer,12,18,0,9,0.0,0.96,0.8941666666666667
Computer,13,18,0,9,1.24,0.0,0.9641666666666667
Computer,14,18,0,9,2.38,1.24,0.9329166666666667
Computer,15,18,0,9,0.9,2.38,0.9329166666666667
Computer,16,18,0,9,0.0,0.9,0.8479166666666665
Computer,17,18,0,9,0.0,0.0,0.8808333333333332
Computer,18,18,0,9,1.52,0.0,0.8808333333333334
Computer,19,18,0,9,0.0,1.52,0.8808333333333334
Computer,20,18,0,9,0.0,0.0,0.725
Computer,21,18,0,9,0.46,0.0,0.8083333333333335
Computer,22,18,0,9,2.44,0.46,0.7320833333333333
Computer,23,18,0,9,1.12,2.44,0.7316666666666668
Computer,0,19,1,9,1.58,1.12,0.6954166666666666
Computer,1,19,1,9,0.0,1.58,0.9016666666666667
Computer,2,19,1,9,4.95,0.0,0.8583333333333334
Computer,3,19,1,9,0.0,4.95,0.8841666666666668
Computer,4,19,1,9,2.23,0.0,0.8841666666666668
Computer,5,19,1,9,0.0,2.23,0.8841666666666668
Computer,6,19,1,9,0.0,0.0,0.8241666666666667
Computer,7,19,1,9,0.0,0.0,0.9104166666666668
Computer,8,19,1,9,2.0700000000000003,0.0,1.05875
Computer,9,19,1,9,3.56,2.0700000000000003,1.1504166666666666
Computer,10,19,1,9,2.2,3.56,1.1849999999999998
Computer,11,19,1,9,1.79,2.2,1.2379166666666668
Computer,12,19,1,9,1.27,1.79,1.2170833333333333
Computer,13,19,1,9,0.74,1.27,1.1733333333333336
Computer,14,19,1,9,1.33,0.74,1.1358333333333335
Computer,15,19,1,9,0.0,1.33,1.1358333333333335
Computer,16,19,1,9,0.0,0.0,1.1358333333333335
Computer,17,19,1,9,0.0,0.0,1.0725
Computer,18,19,1,9,0.0,0.0,1.10625
Computer,19,19,1,9,0.81,0.0,1.185
Computer,20,19,1,9,1.89,0.81,1.1658333333333333
Computer,21,19,1,9,0.0,1.89,1.1341666666666668
Computer,22,19,1,9,1.68,0.0,1.0875000000000001
Computer,23,19,1,9,0.0,1.68,1.1595833333333334
Computer,0,20,2,9,3.31,0.0,1.1595833333333332
Computer,1,20,2,9,0.0,3.31,1.0062499999999999
Computer,2,20,2,9,1.27,0.0,1.0062499999999999
Computer,3,20,2,9,0.0,1.27,1.0075
Computer,4,20,2,9,2.26,0.0,1.0716666666666665
Computer,5,20,2,9,1.54,2.26,1.1454166666666665
Computer,6,20,2,9,1.77,1.54,1.1929166666666666
Computer,7,20,2,9,1.14,1.77,1.1779166666666667
Computer,8,20,2,9,1.71,1.14,1.0295833333333333
Computer,9,20,2,9,0.0,1.71,0.9379166666666667
Computer,10,20,2,9,0.0,0.0,0.8758333333333334
Computer,11,20,2,9,0.3,0.0,0.8229166666666666
Computer,12,20,2,9,0.0,0.3,0.8595833333333333
Computer,13,20,2,9,1.62,0.0,0.9016666666666665
Computer,14,20,2,9,2.34,1.62,0.9016666666666665
Computer,15,20,2,9,0.0,2.34,1.0529166666666667
Computer,16,20,2,9,3.63,0.0,1.0529166666666667
Computer,17,20,2,9,0.0,3.63,1.1004166666666666
Computer,18,20,2,9,1.14,0.0,1.0666666666666667
Computer,19,20,2,9,0.0,1.14,1.1154166666666667
Computer,20,20,2,9,3.06,0.0,1.1879166666666665
Computer,21,20,2,9,1.74,3.06,1.1849999999999998
Computer,22,20,2,9,1.61,1.74,1.1849999999999998
Computer,23,20,2,9,0.0,1.61,1.19125
Computer,0,21,3,9,3.46,0.0,1.2133333333333334
Computer,1,21,3,9,0.53,3.46,1.2125000000000001
Computer,2,21,3,9,1.25,0.53,1.2125000000000001
Computer,3,21,3,9,0.0,1.25,1.2166666666666666
Computer,4,21,3,9,2.36,0.0,1.1525
Computer,5,21,3,9,0.0,2.36,1.1425
Computer,6,21,3,9,1.53,0.0,1.095
Computer,7,21,3,9,0.0,1.53,1.02375
Computer,8,21,3,9,0.0,0.0,1.0808333333333333
Computer,9,21,3,9,1.37,0.0,1.0808333333333333
Computer,10,21,3,9,0.0,1.37,1.1316666666666666
Computer,11,21,3,9,1.52,0.0,1.1316666666666666
Computer,12,21,3,9,0.0,1.52,1.0808333333333333
Computer,13,21,3,9,0.4,0.0,0.9833333333333334
Computer,14,21,3,9,0.0,0.4,0.9833333333333334
Computer,15,21,3,9,0.0,0.0,0.8716666666666666
Computer,16,21,3,9,0.95,0.0,0.8716666666666666
Computer,17,21,3,9,0.0,0.95,0.8241666666666667
Computer,18,21,3,9,0.0,0.0,0.8895833333333334
Computer,19,21,3,9,1.57,0.0,0.8116666666666666
Computer,20,21,3,9,1.19,1.57,0.7533333333333334
Computer,21,21,3,9,0.34,1.19,0.6862500000000001
Computer,22,21,3,9,0.0,0.34,0.6862500000000001
Computer,23,21,3,9,0.0,0.0,0.5420833333333334
Computer,0,22,4,9,0.0,0.0,0.52
Computer,1,22,4,9,0.0,0.0,0.5399999999999999
Computer,2,22,4,9,1.73,0.0,0.5616666666666666
Computer,3,22,4,9,0.52,1.73,0.73375
Computer,4,22,4,9,6.49,0.52,0.73375
Computer,5,22,4,9,0.0,6.49,0.695
Computer,6,22,4,9,0.6,0.0,0.77
Computer,7,22,4,9,1.8,0.6,0.86125
Computer,8,22,4,9,2.1900000000000004,1.8,0.8808333333333334
Computer,9,22,4,9,1.84,2.1900000000000004,0.8895833333333334
Computer,10,22,4,9,0.21,1.84,0.8262499999999999
Computer,11,22,4,9,0.0,0.21,0.8737499999999999
Computer,12,22,4,9,1.14,0.0,0.8825
Computer,13,22,4,9,0.61,1.14,0.9604166666666667
Computer,14,22,4,9,1.87,0.61,1.1020833333333333
Computer,15,22,4,9,3.4,1.87,1.145
Computer,16,22,4,9,1.98,3.4,1.2675
Computer,17,22,4,9,2.9400000000000004,1.98,1.3029166666666667
Computer,18,22,4,9,0.85,2.9400000000000004,1.2775
Computer,19,22,4,9,0.96,0.85,1.2279166666666665
Computer,20,22,4,9,0.0,0.96,1.2866666666666666
Computer,21,22,4,9,1.75,0.0,1.3004166666666668
Computer,22,22,4,9,0.33,1.75,1.3441666666666665
Computer,23,22,4,9,1.05,0.33,1.4233333333333331
Computer,0,23,5,9,1.9,1.05,1.5204166666666667
Computer,1,23,5,9,2.33,1.9,1.4483333333333335
Computer,2,23,5,9,0.0,2.33,1.485
Computer,3,23,5,9,1.4,0.0,1.2970833333333334
Computer,4,23,5,9,1.98,1.4,1.3562500000000002
Computer,5,23,5,9,1.42,1.98,1.33125
Computer,6,23,5,9,0.0,1.42,1.2562499999999999
Computer,7,23,5,9,0.0,0.0,1.2495833333333335
Computer,8,23,5,9,2.03,0.0,1.2550000000000001
Computer,9,23,5,9,1.97,2.03,1.3183333333333334
Computer,10,23,5,9,1.73,1.97,1.3804166666666668
Computer,11,23,5,9,1.49,1.73,1.3329166666666667
Computer,12,23,5,9,0.0,1.49,1.3245833333333332
Computer,13,23,5,9,0.41,0.0,1.2625
Computer,14,23,5,9,0.38,0.41,1.1766666666666667
Computer,15,23,5,9,1.34,0.38,1.0941666666666667
Computer,16,23,5,9,0.0,1.34,1.0191666666666668
Computer,17,23,5,9,1.14,0.0,1.0241666666666667
Computer,18,23,5,9,0.97,1.14,1.1729166666666668
Computer,19,23,5,9,4.53,0.97,1.3
Computer,20,23,5,9,3.05,4.53,1.2270833333333335
Computer,21,23,5,9,0.0,3.05,1.26375
Computer,22,23,5,9,1.21,0.0,1.2845833333333332
Computer,23,23,5,9,1.5499999999999998,1.21,1.2862500000000001
Computer,0,24,6,9,1.94,1.5499999999999998,1.3295833333333331
Computer,1,24,6,9,3.37,1.94,1.3295833333333331
Computer,2,24,6,9,0.0,3.37,1.32
Computer,3,24,6,9,1.17,0.0,1.3029166666666667
Computer,4,24,6,9,1.57,1.17,1.31375
Computer,5,24,6,9,1.68,1.57,1.3933333333333333
Computer,6,24,6,9,1.91,1.68,1.3933333333333333
Computer,7,24,6,9,0.0,1.91,1.3825
Computer,8,24,6,9,1.77,0.0,1.325
Computer,9,24,6,9,0.5900000000000001,1.77,1.2529166666666667
Computer,10,24,6,9,0.0,0.5900000000000001,1.2008333333333332
Computer,11,24,6,9,0.24,0.0,1.2220833333333334
Computer,12,24,6,9,0.51,0.24,1.2591666666666668
Computer,13,24,6,9,1.3,0.51,1.3158333333333332
Computer,14,24,6,9,1.74,1.3,1.33125
Computer,15,24,6,9,1.71,1.74,1.33125
Computer,16,24,6,9,0.0,1.71,1.29375
Computer,17,24,6,9,0.24,0.0,1.36625
Computer,18,24,6,9,2.71,0.24,1.1775
Computer,19,24,6,9,0.0,2.71,1.0850000000000002
Computer,20,24,6,9,0.83,0.0,1.085
Computer,21,24,6,9,0.0,0.83,1.0345833333333334
Computer,22,24,6,9,0.0,0.0,0.9925
Computer,23,24,6,9,0.54,0.0,0.9116666666666666
Computer,0,25,0,9,0.0,0.54,0.7883333333333334
Computer,1,25,0,9,0.41,0.0,0.7883333333333334
Computer,2,25,0,9,0.0,0.41,0.8450000000000001
Computer,3,25,0,9,2.53,0.0,0.8879166666666666
Computer,4,25,0,9,2.6,2.53,0.9199999999999999
Computer,5,25,0,9,2.45,2.6,0.8999999999999999
Computer,6,25,0,9,1.43,2.45,0.8999999999999999
Computer,7,25,0,9,0.0,1.43,0.8262499999999999
Computer,8,25,0,9,0.0,0.0,0.8620833333333334
Computer,9,25,0,9,1.45,0.0,0.9020833333333332
Computer,10,25,0,9,0.96,1.45,0.9595833333333333
Computer,11,25,0,9,1.62,0.96,0.9562499999999999
Computer,12,25,0,9,0.43,1.62,0.9495833333333333
Computer,13,25,0,9,1.14,0.43,0.9283333333333333
Computer,14,25,0,9,1.23,1.14,0.9358333333333334
Computer,15,25,0,9,1.89,1.23,1.01125
Computer,16,25,0,9,1.81,1.89,1.1295833333333334
Computer,17,25,0,9,3.08,1.81,1.0741666666666667
Computer,18,25,0,9,1.38,3.08,1.1541666666666666
Computer,19,25,0,9,1.92,1.38,1.1195833333333332
Computer,20,25,0,9,0.0,1.92,1.26125
Computer,21,25,0,9,3.4000000000000004,0.0,1.3441666666666665
Computer,22,25,0,9,1.99,3.4000000000000004,1.335
Computer,23,25,0,9,0.32,1.99,1.3791666666666667
Computer,0,26,1,9,1.06,0.32,1.5383333333333333
Computer,1,26,1,9,4.23,1.06,1.5383333333333333
Computer,2,26,1,9,0.0,4.23,1.4329166666666666
Computer,3,26,1,9,0.0,0.0,1.4454166666666666
Computer,4,26,1,9,2.9000000000000004,0.0,1.3933333333333333
Computer,5,26,1,9,1.2,2.9000000000000004,1.3629166666666668
Computer,6,26,1,9,0.7,1.2,1.4400000000000002
Computer,7,26,1,9,1.85,0.7,1.4520833333333334
Computer,8,26,1,9,0.29,1.85,1.43
Computer,9,26,1,9,0.92,0.29,1.39
Computer,10,26,1,9,0.0,0.92,1.3558333333333332
Computer,11,26,1,9,0.8,0.0,1.4124999999999999
Computer,12,26,1,9,1.79,0.8,1.3883333333333334
Computer,13,26,1,9,0.56,1.79,1.4195833333333336
Computer,14,26,1,9,1.98,0.56,1.3570833333333334
Computer,15,26,1,9,0.39,1.98,1.3779166666666667
Computer,16,26,1,9,2.31,0.39,1.2495833333333335
Computer,17,26,1,9,0.0,2.31,1.1920833333333334
Computer,18,26,1,9,0.0,0.0,1.1120833333333333
Computer,19,26,1,9,0.0,0.0,1.1825
Computer,20,26,1,9,1.69,0.0,1.0408333333333333
Computer,21,26,1,9,0.0,1.69,0.9870833333333334
Computer,22,26,1,9,0.7,0.0,0.97375
Computer,23,26,1,9,0.0,0.7,0.9795833333333334
Computer,0,27,2,9,1.2,0.0,0.8195833333333334
Computer,1,27,2,9,0.39,1.2,0.8195833333333334
Computer,2,27,2,9,0.0,0.39,0.8616666666666668
Computer,3,27,2,9,1.01,0.0,0.7408333333333333
Computer,4,27,2,9,0.0,1.01,0.7708333333333334
Computer,5,27,2,9,1.92,0.0,0.9608333333333334
Computer,6,27,2,9,5.26,1.92,0.9091666666666667
Computer,7,27,2,9,0.61,5.26,0.9470833333333334
Computer,8,27,2,9,1.2,0.61,0.9604166666666666
Computer,9,27,2,9,1.24,1.2,1.0366666666666666
Computer,10,27,2,9,1.83,1.24,1.0599999999999998
Computer,11,27,2,9,1.36,1.83,1.1404166666666666
Computer,12,27,2,9,3.72,1.36,1.14
Computer,13,27,2,9,0.55,3.72,1.0574999999999999
Computer,14,27,2,9,0.0,0.55,1.11
Computer,15,27,2,9,1.65,0.0,1.1383333333333334
Computer,16,27,2,9,2.99,1.65,1.1383333333333334
Computer,17,27,2,9,0.0,2.99,1.1916666666666667
Computer,18,27,2,9,1.28,0.0,1.4166666666666667
Computer,19,27,2,9,5.4,1.28,1.3704166666666666
Computer,20,27,2,9,0.58,5.4,1.3704166666666666
Computer,21,27,2,9,0.0,0.58,1.4604166666666665
Computer,22,27,2,9,2.8600000000000003,0.0,1.4887500000000002
Computer,23,27,2,9,0.68,2.8600000000000003,1.4766666666666666
Computer,0,28,3,9,0.91,0.68,1.5316666666666665
Computer,1,28,3,9,1.71,0.91,1.6191666666666666
Computer,2,28,3,9,2.1,1.71,1.6791666666666665
Computer,3,28,3,9,2.45,2.1,1.6954166666666666
Computer,4,28,3,9,0.39,2.45,1.6766666666666665
Computer,5,28,3,9,1.47,0.39,1.4941666666666666
Computer,6,28,3,9,0.88,1.47,1.5999999999999999
Computer,7,28,3,9,3.15,0.88,1.55
Computer,8,28,3,9,0.0,3.15,1.4983333333333333
Computer,9,28,3,9,0.0,0.0,1.5533333333333335
Computer,10,28,3,9,3.15,0.0,1.5795833333333336
Computer,11,28,3,9,1.99,3.15,1.5404166666666665
Computer,12,28,3,9,2.78,1.99,1.5520833333333333
Computer,13,28,3,9,0.83,2.78,1.616666666666667
Computer,14,28,3,9,1.55,0.83,1.5479166666666668
Computer,15,28,3,9,0.0,1.55,1.4645833333333333
Computer,16,28,3,9,0.99,0.0,1.4937500000000001
Computer,17,28,3,9,0.7,0.99,1.5529166666666667
Computer,18,28,3,9,2.7,0.7,1.4420833333333334
Computer,19,28,3,9,2.74,2.7,1.4966666666666668
Computer,20,28,3,9,1.89,2.74,1.5250000000000001
Computer,21,28,3,9,0.68,1.89,1.405833333333333
Computer,22,28,3,9,0.0,0.68,1.3774999999999997
Computer,23,28,3,9,0.0,0.0,1.3545833333333333
Computer,0,29,4,9,0.36,0.0,1.3491666666666668
Computer,1,29,4,9,1.58,0.36,1.2616666666666665
Computer,2,29,4,9,0.0,1.58,1.2179166666666668
Computer,3,29,4,9,1.4,0.0,1.2441666666666666
Computer,4,29,4,9,1.02,1.4,1.1829166666666666
Computer,5,29,4,9,0.0,1.02,1.33875
Computer,6,29,4,9,4.62,0.0,1.2075000000000002
Computer,7,29,4,9,0.0,4.62,1.2212500000000002
Computer,8,29,4,9,0.33,0.0,1.4333333333333336
Computer,9,29,4,9,5.09,0.33,1.3020833333333333
Computer,10,29,4,9,0.0,5.09,1.2191666666666667
Computer,11,29,4,9,0.0,0.0,1.1295833333333334
Computer,12,29,4,9,0.63,0.0,1.095
Computer,13,29,4,9,0.0,0.63,1.09
Computer,14,29,4,9,1.43,0.0,1.09
Computer,15,29,4,9,0.0,1.43,1.0487499999999998
Computer,16,29,4,9,0.0,0.0,1.0804166666666666
Computer,17,29,4,9,1.46,0.0,1.0033333333333334
Computer,18,29,4,9,0.85,1.46,0.9833333333333333
Computer,19,29,4,9,2.26,0.85,0.9575
Computer,20,29,4,9,1.27,2.26,0.98375
Computer,21,29,4,9,1.31,1.27,1.0254166666666666
Computer,22,29,4,9,1.0,1.31,1.0729166666666667
Computer,23,29,4,9,1.14,1.0,1.0758333333333334
Computer,0,30,5,9,0.43,1.14,1.0708333333333333
Computer,1,30,5,9,1.46,0.43,1.0708333333333333
Computer,2,30,5,9,0.0,1.46,1.0125
Computer,3,30,5,9,0.0,0.0,1.0145833333333332
Computer,4,30,5,9,1.07,0.0,1.0354166666666667
Computer,5,30,5,9,0.5,1.07,0.8429166666666665
Computer,6,30,5,9,0.0,0.5,0.8429166666666665
Computer,7,30,5,9,0.0,0.0,0.85875
Computer,8,30,5,9,0.71,0.0,0.6558333333333334
Computer,9,30,5,9,0.22,0.71,1.0175
Computer,10,30,5,9,8.68,0.22,1.0554166666666667
Computer,11,30,5,9,0.91,8.68,1.0291666666666666
Computer,12,30,5,9,0.0,0.91,1.09375
Computer,13,30,5,9,1.55,0.0,1.0570833333333334
Computer,14,30,5,9,0.55,1.55,1.1725
Computer,15,30,5,9,2.77,0.55,1.1975
Computer,16,30,5,9,0.6,2.77,1.1979166666666667
Computer,17,30,5,9,1.47,0.6,1.2183333333333333
Computer,18,30,5,9,1.34,1.47,1.2220833333333334
Computer,19,30,5,9,2.35,1.34,1.1879166666666667
Computer,20,30,5,9,0.45,2.35,1.14375
Computer,21,30,5,9,0.25,0.45,1.1020833333333333
Computer,22,30,5,9,0.0,0.25,1.175
Computer,23,30,5,9,2.89,0.0,1.28375
Computer,0,1,6,10,3.04,2.89,1.2770833333333333
Computer,1,1,6,10,1.3,3.04,1.2770833333333333
Computer,2,1,6,10,0.0,1.3,1.3554166666666667
Computer,3,1,6,10,1.88,0.0,1.3108333333333333
Computer,4,1,6,10,0.0,1.88,1.29
Computer,5,1,6,10,0.0,0.0,1.4216666666666669
Computer,6,1,6,10,3.16,0.0,1.4979166666666668
Computer,7,1,6,10,1.83,3.16,1.5720833333333335
Computer,8,1,6,10,2.49,1.83,1.562916666666667
Computer,9,1,6,10,0.0,2.49,1.2679166666666668
Computer,10,1,6,10,1.6,0.0,1.3079166666666668
Computer,11,1,6,10,1.87,1.6,1.3825
Computer,12,1,6,10,1.79,1.87,1.4366666666666668
Computer,13,1,6,10,2.85,1.79,1.5758333333333334
Computer,14,1,6,10,3.89,2.85,1.6000000000000003
Computer,15,1,6,10,3.35,3.89,1.575
Computer,16,1,6,10,0.0,3.35,1.54875
Computer,17,1,6,10,0.84,0.0,1.4929166666666667
Computer,18,1,6,10,0.0,0.84,1.4437500000000003
Computer,19,1,6,10,1.17,0.0,1.43625
Computer,20,1,6,10,0.27,1.17,1.57125
Computer,21,1,6,10,3.49,0.27,1.57125
Computer,22,1,6,10,0.0,3.49,1.5045833333333334
Computer,23,1,6,10,1.29,0.0,1.3970833333333335
Computer,0,2,0,10,0.46,1.29,1.37
Computer,1,2,0,10,0.65,0.46,1.4308333333333334
Computer,2,2,0,10,1.46,0.65,1.5183333333333335
Computer,3,2,0,10,3.98,1.46,1.6758333333333333
Computer,4,2,0,10,3.78,3.98,1.7545833333333334
Computer,5,2,0,10,1.89,3.78,1.6229166666666666
Computer,6,2,0,10,0.0,1.89,1.5466666666666666
Computer,7,2,0,10,0.0,0.0,1.5529166666666665
Computer,8,2,0,10,2.64,0.0,1.5529166666666665
Computer,9,2,0,10,0.0,2.64,1.6012500000000003
Computer,10,2,0,10,2.76,0.0,1.5233333333333334
Computer,11,2,0,10,0.0,2.76,1.4487499999999998
Computer,12,2,0,10,0.0,0.0,1.3299999999999998
Computer,13,2,0,10,0.0,0.0,1.1841666666666668
Computer,14,2,0,10,0.39,0.0,1.0445833333333334
Computer,15,2,0,10,0.0,0.39,1.12875
Computer,16,2,0,10,2.02,0.0,1.2108333333333332
Computer,17,2,0,10,2.81,2.02,1.3220833333333333
Computer,18,2,0,10,2.67,2.81,1.2733333333333334
Computer,19,2,0,10,0.0,2.67,1.2929166666666665
Computer,20,2,0,10,0.74,0.0,1.2458333333333333
Computer,21,2,0,10,2.3600000000000003,0.74,1.29125
Computer,22,2,0,10,1.09,2.3600000000000003,1.305
Computer,23,2,0,10,1.62,1.09,1.3279166666666666
Computer,0,3,1,10,1.01,1.62,1.3008333333333333
Computer,1,3,1,10,0.0,1.01,1.3441666666666665
Computer,2,3,1,10,2.5,0.0,1.3225
Computer,3,3,1,10,3.46,2.5,1.2104166666666667
Computer,4,3,1,10,1.09,3.46,1.1675
Computer,5,3,1,10,0.86,1.09,1.1675
Computer,6,3,1,10,0.0,0.86,1.1895833333333334
Computer,7,3,1,10,0.53,0.0,1.1816666666666669
Computer,8,3,1,10,2.45,0.53,1.2445833333333332
Computer,9,3,1,10,1.51,2.45,1.1295833333333334
Computer,10,3,1,10,0.0,1.51,1.2075
Computer,11,3,1,10,1.87,0.0,1.3266666666666667
Computer,12,3,1,10,2.86,1.87,1.3775000000000002
Computer,13,3,1,10,1.22,2.86,1.4933333333333334
Computer,14,3,1,10,3.17,1.22,1.5291666666666668
Computer,15,3,1,10,0.86,3.17,1.4991666666666668
Computer,16,3,1,10,1.3,0.86,1.4266666666666667
Computer,17,3,1,10,1.07,1.3,1.3504166666666666
Computer,18,3,1,10,0.84,1.07,1.5062499999999999
Computer,19,3,1,10,3.74,0.84,1.5970833333333332
Computer,20,3,1,10,2.92,3.74,1.5337500000000002
Computer,21,3,1,10,0.84,2.92,1.5687500000000003
Computer,22,3,1,10,1.93,0.84,1.50125
Computer,23,3,1,10,0.0,1.93,1.6216666666666668
Computer,0,4,2,10,3.9,0.0,1.6216666666666668
Computer,1,4,2,10,0.0,3.9,1.5995833333333334
Computer,2,4,2,10,1.97,0.0,1.4554166666666666
Computer,3,4,2,10,0.0,1.97,1.4100000000000001
Computer,4,4,2,10,0.0,0.0,1.4437500000000003
Computer,5,4,2,10,1.67,0.0,1.5562500000000001
Computer,6,4,2,10,2.7,1.67,1.6533333333333333
Computer,7,4,2,10,2.86,2.7,1.6220833333333333
Computer,8,4,2,10,1.7,2.86,1.6416666666666666
Computer,9,4,2,10,1.98,1.7,1.7975
Computer,10,4,2,10,3.74,1.98,1.7608333333333333
Computer,11,4,2,10,0.99,3.74,1.7333333333333332
Computer,12,4,2,10,2.2,0.99,1.6824999999999999
Computer,13,4,2,10,0.0,2.2,1.6329166666666666
Computer,14,4,2,10,1.98,0.0,1.6504166666666666
Computer,15,4,2,10,1.28,1.98,1.6166666666666665
Computer,16,4,2,10,0.49,1.28,1.5720833333333335
Computer,17,4,2,10,0.0,0.49,1.6187500000000001
Computer,18,4,2,10,1.96,0.0,1.4820833333333334
Computer,19,4,2,10,0.46,1.96,1.42375
Computer,20,4,2,10,1.52,0.46,1.38875
Computer,21,4,2,10,0.0,1.52,1.3591666666666666
Computer,22,4,2,10,1.22,0.0,1.3870833333333332
Computer,23,4,2,10,0.67,1.22,1.2245833333333334
Computer,0,5,3,10,0.0,0.67,1.2245833333333334
Computer,1,5,3,10,0.0,0.0,1.18375
Computer,2,5,3,10,0.99,0.0,1.2358333333333333
Computer,3,5,3,10,1.25,0.99,1.2470833333333333
Computer,4,5,3,10,0.27,1.25,1.1775
Computer,5,5,3,10,0.0,0.27,1.0650000000000002
Computer,6,5,3,10,0.0,0.0,0.9916666666666667
Computer,7,5,3,10,1.1,0.0,0.9208333333333334
Computer,8,5,3,10,0.0,1.1,0.8383333333333334
Computer,9,5,3,10,0.0,0.0,0.7320833333333333
Computer,10,5,3,10,1.19,0.0,0.7616666666666666
Computer,11,5,3,10,1.7,1.19,0.6699999999999999
Computer,12,5,3,10,0.0,1.7,0.6699999999999999
Computer,13,5,3,10,0.0,0.0,0.5875
Computer,14,5,3,10,0.0,0.0,0.5341666666666667
Computer,15,5,3,10,0.0,0.0,0.5458333333333333
Computer,16,5,3,10,0.77,0.0,0.66625
Computer,17,5,3,10,2.89,0.77,0.5845833333333333
Computer,18,5,3,10,0.0,2.89,0.6175
Computer,19,5,3,10,1.25,0.0,0.5541666666666667
Computer,20,5,3,10,0.0,1.25,0.5541666666666667
Computer,21,5,3,10,0.0,0.0,0.5033333333333333
Computer,22,5,3,10,0.0,0.0,0.5383333333333333
Computer,23,5,3,10,1.51,0.0,0.5808333333333333
Computer,0,6,4,10,1.02,1.51,0.66375
Computer,1,6,4,10,1.99,1.02,0.7487499999999999
Computer,2,6,4,10,3.03,1.99,0.6966666666666667
Computer,3,6,4,10,0.0,3.03,0.6854166666666667
Computer,4,6,4,10,0.0,0.0,0.7908333333333334
Computer,5,6,4,10,2.53,0.0,0.89
Computer,6,6,4,10,2.38,2.53,0.8441666666666666
Computer,7,6,4,10,0.0,2.38,0.9208333333333333
Computer,8,6,4,10,1.84,0.0,1.0216666666666667
Computer,9,6,4,10,2.42,1.84,0.9975
Computer,10,6,4,10,0.61,2.42,0.9266666666666667
Computer,11,6,4,10,0.0,0.61,1.0908333333333333
Computer,12,6,4,10,3.94,0.0,1.2745833333333334
Computer,13,6,4,10,4.41,3.94,1.2745833333333334
Computer,14,6,4,10,0.0,4.41,1.2745833333333334
Computer,15,6,4,10,0.0,0.0,1.3641666666666665
Computer,16,6,4,10,2.92,0.0,1.24375
Computer,17,6,4,10,0.0,2.92,1.3875000000000002
Computer,18,6,4,10,3.45,0.0,1.335416666666667
Computer,19,6,4,10,0.0,3.45,1.4191666666666667
Computer,20,6,4,10,2.01,0.0,1.4191666666666667
Computer,21,6,4,10,0.0,2.01,1.43875
Computer,22,6,4,10,0.47,0.0,1.3758333333333332
Computer,23,6,4,10,0.0,0.47,1.5445833333333334
Computer,0,7,5,10,5.07,0.0,1.5599999999999998
Computer,1,7,5,10,2.36,5.07,1.4937499999999997
Computer,2,7,5,10,1.44,2.36,1.5712499999999998
Computer,3,7,5,10,1.86,1.44,1.6304166666666664
Computer,4,7,5,10,1.4200000000000002,1.86,1.5250000000000001
Computer,5,7,5,10,0.0,1.4200000000000002,1.5379166666666668
Computer,6,7,5,10,2.69,0.0,1.5379166666666668
Computer,7,7,5,10,0.0,2.69,1.53625
Computer,8,7,5,10,1.8,0.0,1.501666666666667
Computer,9,7,5,10,1.59,1.8,1.4762500000000003
Computer,10,7,5,10,0.0,1.59,1.4762500000000003
Computer,11,7,5,10,0.0,0.0,1.4854166666666666
Computer,12,7,5,10,4.16,0.0,1.3016666666666667
Computer,13,7,5,10,0.0,4.16,1.3695833333333336
Computer,14,7,5,10,1.63,0.0,1.3695833333333336
Computer,15,7,5,10,0.0,1.63,1.2479166666666666
Computer,16,7,5,10,0.0,0.0,1.3420833333333333
Computer,17,7,5,10,2.26,0.0,1.2233333333333334
Computer,18,7,5,10,0.6,2.26,1.2950000000000002
Computer,19,7,5,10,1.72,0.6,1.21125
Computer,20,7,5,10,0.0,1.72,1.3320833333333333
Computer,21,7,5,10,2.9,0.0,1.3712499999999999
Computer,22,7,5,10,1.41,2.9,1.4858333333333331
Computer,23,7,5,10,2.75,1.41,1.3516666666666666
Computer,0,8,6,10,1.85,2.75,1.3520833333333335
Computer,1,8,6,10,2.37,1.85,1.36125
Computer,2,8,6,10,1.66,2.37,1.45125
Computer,3,8,6,10,4.02,1.66,1.5233333333333332
Computer,4,8,6,10,3.15,4.02,1.5233333333333332
Computer,5,8,6,10,0.0,3.15,1.4937500000000001
Computer,6,8,6,10,1.98,0.0,1.4937500000000001
Computer,7,8,6,10,0.0,1.98,1.495
Computer,8,8,6,10,1.83,0.0,1.5858333333333334
Computer,9,8,6,10,3.77,1.83,1.6254166666666665
Computer,10,8,6,10,0.95,3.77,1.6254166666666665
Computer,11,8,6,10,0.0,0.95,1.4904166666666665
Computer,12,8,6,10,0.92,0.0,1.5541666666666665
Computer,13,8,6,10,1.53,0.92,1.5541666666666665
Computer,14,8,6,10,1.63,1.53,1.5954166666666667
Computer,15,8,6,10,0.99,1.63,1.6775
Computer,16,8,6,10,1.97,0.99,1.6845833333333333
Computer,17,8,6,10,2.43,1.97,1.6775
Computer,18,8,6,10,0.43,2.43,1.6554166666666668
Computer,19,8,6,10,1.19,0.43,1.6554166666666668
Computer,20,8,6,10,0.0,1.19,1.544583333333333
Computer,21,8,6,10,0.24,0.0,1.5183333333333333
Computer,22,8,6,10,0.78,0.24,1.4645833333333333
Computer,23,8,6,10,1.46,0.78,1.3875
Computer,0,9,0,10,0.0,1.46,1.3329166666666667
Computer,1,9,0,10,1.06,0.0,1.2637500000000002
Computer,2,9,0,10,0.0,1.06,1.3291666666666666
Computer,3,9,0,10,5.59,0.0,1.1979166666666667
Computer,4,9,0,10,0.0,5.59,1.1979166666666667
Computer,5,9,0,10,0.0,0.0,1.1154166666666667
Computer,6,9,0,10,0.0,0.0,1.205
Computer,7,9,0,10,2.15,0.0,1.2616666666666667
Computer,8,9,0,10,3.19,2.15,1.2216666666666667
Computer,9,9,0,10,2.81,3.19,1.2604166666666667
Computer,10,9,0,10,1.88,2.81,1.3633333333333333
Computer,11,9,0,10,2.47,1.88,1.325
Computer,12,9,0,10,0.0,2.47,1.33125
Computer,13,9,0,10,1.68,0.0,1.2633333333333334
Computer,14,9,0,10,0.0,1.68,1.3054166666666667
Computer,15,9,0,10,2.0,0.0,1.24375
Computer,16,9,0,10,0.49,2.0,1.1983333333333333
Computer,17,9,0,10,1.34,0.49,1.20875
Computer,18,9,0,10,0.68,1.34,1.1591666666666667
Computer,19,9,0,10,0.0,0.68,1.1591666666666667
Computer,20,9,0,10,0.0,0.0,1.3854166666666667
Computer,21,9,0,10,5.67,0.0,1.49
Computer,22,9,0,10,3.29,5.67,1.5391666666666666
Computer,23,9,0,10,2.64,3.29,1.6304166666666664
Computer,0,10,1,10,2.19,2.64,1.7233333333333334
Computer,1,10,1,10,3.29,2.19,1.8079166666666666
Computer,2,10,1,10,2.03,3.29,1.5883333333333332
Computer,3,10,1,10,0.32,2.03,1.6195833333333332
Computer,4,10,1,10,0.75,0.32,1.7158333333333333
Computer,5,10,1,10,2.31,0.75,1.92875
Computer,6,10,1,10,5.109999999999999,2.31,1.9158333333333333
Computer,7,10,1,10,1.84,5.109999999999999,1.8404166666666668
Computer,8,10,1,10,1.38,1.84,1.7675
Computer,9,10,1,10,1.06,1.38,1.6891666666666667
Computer,10,10,1,10,0.0,1.06,1.6512499999999999
Computer,11,10,1,10,1.56,0.0,1.83625
Computer,12,10,1,10,4.44,1.56,1.8025
Computer,13,10,1,10,0.87,4.44,1.81625
Computer,14,10,1,10,0.33,0.87,1.7841666666666667
Computer,15,10,1,10,1.23,0.33,1.76375
Computer,16,10,1,10,0.0,1.23,1.7079166666666667
Computer,17,10,1,10,0.0,0.0,1.6908333333333332
Computer,18,10,1,10,0.27,0.0,1.6908333333333332
Computer,19,10,1,10,0.0,0.27,1.6908333333333332
Computer,20,10,1,10,0.0,0.0,1.5641666666666667
Computer,21,10,1,10,2.63,0.0,1.4270833333333333
Computer,22,10,1,10,0.0,2.63,1.3904166666666666
Computer,23,10,1,10,1.76,0.0,1.3504166666666668
Computer,0,11,2,10,1.23,1.76,1.3116666666666668
Computer,1,11,2,10,2.3600000000000003,1.23,1.2550000000000001
Computer,2,11,2,10,0.67,2.3600000000000003,1.2416666666666667
Computer,3,11,2,10,0.0,0.67,1.2379166666666668
Computer,4,11,2,10,0.66,0.0,1.2674999999999998
Computer,5,11,2,10,3.02,0.66,1.1325
Computer,6,11,2,10,1.87,3.02,1.0558333333333334
Computer,7,11,2,10,0.0,1.87,1.1020833333333335
Computer,8,11,2,10,2.49,0.0,1.0579166666666668
Computer,9,11,2,10,0.0,2.49,1.1508333333333336
Computer,10,11,2,10,2.23,0.0,1.2216666666666667
Computer,11,11,2,10,3.26,2.23,1.07125
Computer,12,11,2,10,0.83,3.26,1.04875
Computer,13,11,2,10,0.33,0.83,1.1145833333333333
Computer,14,11,2,10,1.91,0.33,1.0633333333333332
Computer,15,11,2,10,0.0,1.91,1.0633333333333332
Computer,16,11,2,10,0.0,0.0,1.1708333333333332
Computer,17,11,2,10,2.58,0.0,1.1991666666666667
Computer,18,11,2,10,0.95,2.58,1.2575
Computer,19,11,2,10,1.4,0.95,1.2979166666666666
Computer,20,11,2,10,0.97,1.4,1.2116666666666667
Computer,21,11,2,10,0.56,0.97,1.2483333333333333
Computer,22,11,2,10,0.88,0.56,1.175
Computer,23,11,2,10,0.0,0.88,1.12375
Computer,0,12,3,10,0.0,0.0,1.0504166666666668
Computer,1,12,3,10,0.6,0.0,1.0225
Computer,2,12,3,10,0.0,0.6,1.0225
Computer,3,12,3,10,0.0,0.0,1.1016666666666668
Computer,4,12,3,10,2.56,0.0,1.0404166666666668
Computer,5,12,3,10,1.55,2.56,1.0133333333333334
Computer,6,12,3,10,1.22,1.55,1.0133333333333334
Computer,7,12,3,10,0.0,1.22,1.0075
Computer,8,12,3,10,2.35,0.0,1.0075
Computer,9,12,3,10,0.0,2.35,0.9958333333333335
Computer,10,12,3,10,1.95,0.0,0.8891666666666667
Computer,11,12,3,10,0.7,1.95,1.0720833333333333
Computer,12,12,3,10,5.22,0.7,1.07125
Computer,13,12,3,10,0.31,5.22,0.9916666666666667
Computer,14,12,3,10,0.0,0.31,1.0641666666666667
Computer,15,12,3,10,1.74,0.0,1.1179166666666667
Computer,16,12,3,10,1.29,1.74,1.0104166666666667
Computer,17,12,3,10,0.0,1.29,1.07375
Computer,18,12,3,10,2.47,0.0,1.0945833333333332
Computer,19,12,3,10,1.9,2.47,1.0541666666666667
Computer,20,12,3,10,0.0,1.9,1.0520833333333333
Computer,21,12,3,10,0.51,0.0,1.0883333333333334
Computer,22,12,3,10,1.75,0.51,1.0883333333333334
Computer,23,12,3,10,0.0,1.75,1.2491666666666668
Computer,0,13,4,10,3.86,0.0,1.3429166666666668
Computer,1,13,4,10,2.85,3.86,1.43875
Computer,2,13,4,10,2.3,2.85,1.43875
Computer,3,13,4,10,0.0,2.3,1.41125
Computer,4,13,4,10,1.9,0.0,1.4808333333333332
Computer,5,13,4,10,3.22,1.9,1.4299999999999997
Computer,6,13,4,10,0.0,3.22,1.4299999999999997
Computer,7,13,4,10,0.0,0.0,1.3320833333333333
Computer,8,13,4,10,0.0,0.0,1.3783333333333332
Computer,9,13,4,10,1.11,0.0,1.3354166666666665
Computer,10,13,4,10,0.92,1.11,1.3062500000000001
Computer,11,13,4,10,0.0,0.92,1.1145833333333333
Computer,12,13,4,10,0.62,0.0,1.16
Computer,13,13,4,10,1.4,0.62,1.1916666666666667
Computer,14,13,4,10,0.76,1.4,1.1833333333333333
Computer,15,13,4,10,1.54,0.76,1.2404166666666667
Computer,16,13,4,10,2.66,1.54,1.4000000000000001
Computer,17,13,4,10,3.83,2.66,1.3295833333333333
Computer,18,13,4,10,0.78,3.83,1.3
Computer,19,13,4,10,1.19,0.78,1.3541666666666667
Computer,20,13,4,10,1.3,1.19,1.3949999999999998
Computer,21,13,4,10,1.49,1.3,1.4620833333333332
Computer,22,13,4,10,3.3600000000000003,1.49,1.5333333333333332
Computer,23,13,4,10,1.71,3.3600000000000003,1.4320833333333332
Computer,0,14,5,10,1.4300000000000002,1.71,1.3133333333333335
Computer,1,14,5,10,0.0,1.4300000000000002,1.3062500000000001
Computer,2,14,5,10,2.13,0.0,1.3766666666666667
Computer,3,14,5,10,1.69,2.13,1.3420833333333333
Computer,4,14,5,10,1.07,1.69,1.2079166666666665
Computer,5,14,5,10,0.0,1.07,1.35125
Computer,6,14,5,10,3.44,0.0,1.4858333333333331
Computer,7,14,5,10,3.23,3.44,1.5679166666666668
Computer,8,14,5,10,1.97,3.23,1.5854166666666665
Computer,9,14,5,10,1.5299999999999998,1.97,1.56125
Computer,10,14,5,10,0.34,1.5299999999999998,1.6854166666666666
Computer,11,14,5,10,2.98,0.34,1.7691666666666668
Computer,12,14,5,10,2.63,2.98,1.8150000000000002
Computer,13,14,5,10,2.5,2.63,1.7966666666666666
Computer,14,14,5,10,0.32,2.5,1.8237499999999998
Computer,15,14,5,10,2.19,0.32,1.7816666666666665
Computer,16,14,5,10,1.65,2.19,1.622083333333333
Computer,17,14,5,10,0.0,1.65,1.6858333333333333
Computer,18,14,5,10,2.31,0.0,1.7587499999999998
Computer,19,14,5,10,2.94,2.31,1.7045833333333331
Computer,20,14,5,10,0.0,2.94,1.8058333333333332
Computer,21,14,5,10,3.92,0.0,1.6658333333333333
Computer,22,14,5,10,0.0,3.92,1.5945833333333332
Computer,23,14,5,10,0.0,0.0,1.59875
Computer,0,15,6,10,1.53,0.0,1.59875
Computer,1,15,6,10,0.0,1.53,1.51
Computer,2,15,6,10,0.0,0.0,1.5358333333333334
Computer,3,15,6,10,2.31,0.0,1.57
Computer,4,15,6,10,1.89,2.31,1.6449999999999998
Computer,5,15,6,10,1.7999999999999998,1.89,1.6362499999999998
Computer,6,15,6,10,3.2300000000000004,1.7999999999999998,1.501666666666667
Computer,7,15,6,10,0.0,3.2300000000000004,1.4349999999999998
Computer,8,15,6,10,0.37,0.0,1.37125
Computer,9,15,6,10,0.0,0.37,1.4804166666666667
Computer,10,15,6,10,2.96,0.0,1.3800000000000001
Computer,11,15,6,10,0.57,2.96,1.3741666666666665
Computer,12,15,6,10,2.49,0.57,1.27
Computer,13,15,6,10,0.0,2.49,1.2566666666666666
Computer,14,15,6,10,0.0,0.0,1.1654166666666665
Computer,15,15,6,10,0.0,0.0,1.15875
Computer,16,15,6,10,1.49,0.0,1.15875
Computer,17,15,6,10,0.0,1.49,1.0716666666666668
Computer,18,15,6,10,0.22,0.0,1.0316666666666665
Computer,19,15,6,10,1.98,0.22,1.0475
Computer,20,15,6,10,0.38,1.98,0.93125
Computer,21,15,6,10,1.13,0.38,0.96625
Computer,22,15,6,10,0.84,1.13,0.96625
Computer,23,15,6,10,0.0,0.84,0.9216666666666667
Computer,0,16,0,10,0.46,0.0,1.0995833333333334
Computer,1,16,0,10,4.2700000000000005,0.46,1.1858333333333333
Computer,2,16,0,10,2.0700000000000003,4.2700000000000005,1.19125
Computer,3,16,0,10,2.44,2.0700000000000003,1.1125
Computer,4,16,0,10,0.0,2.44,1.2020833333333334
Computer,5,16,0,10,3.95,0.0,1.1354166666666667
Computer,6,16,0,10,1.63,3.95,1.2258333333333333
Computer,7,16,0,10,2.17,1.63,1.3095833333333333
Computer,8,16,0,10,2.38,2.17,1.3095833333333333
Computer,9,16,0,10,0.0,2.38,1.33625
Computer,10,16,0,10,3.6,0.0,1.3125
Computer,11,16,0,10,0.0,3.6,1.27375
Computer,12,16,0,10,1.56,0.0,1.27375
Computer,13,16,0,10,0.0,1.56,1.27375
Computer,14,16,0,10,0.0,0.0,1.3254166666666667
Computer,15,16,0,10,1.24,0.0,1.3108333333333333
Computer,16,16,0,10,1.14,1.24,1.3108333333333333
Computer,17,16,0,10,0.0,1.14,1.3583333333333334
Computer,18,16,0,10,1.36,0.0,1.2758333333333334
Computer,19,16,0,10,0.0,1.36,1.26
Computer,20,16,0,10,0.0,0.0,1.3479166666666667
Computer,21,16,0,10,3.24,0.0,1.4004166666666666
Computer,22,16,0,10,2.1,3.24,1.4645833333333333
Computer,23,16,0,10,1.54,2.1,1.6154166666666665
Computer,0,17,1,10,4.08,1.54,1.5883333333333336
Computer,1,17,1,10,3.62,4.08,1.67875
Computer,2,17,1,10,4.24,3.62,1.6133333333333333
Computer,3,17,1,10,0.87,4.24,1.6454166666666667
Computer,4,17,1,10,0.77,0.87,1.4808333333333337
Computer,5,17,1,10,0.0,0.77,1.5033333333333332
Computer,6,17,1,10,2.17,0.0,1.46
Computer,7,17,1,10,1.13,2.17,1.3608333333333336
Computer,8,17,1,10,0.0,1.13,1.3608333333333336
Computer,9,17,1,10,0.0,0.0,1.2358333333333333
Computer,10,17,1,10,0.6,0.0,1.2358333333333331
Computer,11,17,1,10,0.0,0.6,1.3520833333333335
Computer,12,17,1,10,4.35,0.0,1.3520833333333335
Computer,13,17,1,10,0.0,4.35,1.4037499999999998
Computer,14,17,1,10,1.24,0.0,1.352083333333333
Computer,15,17,1,10,0.0,1.24,1.3045833333333332
Computer,16,17,1,10,0.0,0.0,1.3045833333333332
Computer,17,17,1,10,0.0,0.0,1.2645833333333334
Computer,18,17,1,10,0.4,0.0,1.2991666666666666
Computer,19,17,1,10,0.83,0.4,1.3558333333333332
Computer,20,17,1,10,1.36,0.83,1.2466666666666666
Computer,21,17,1,10,0.62,1.36,1.1591666666666667
Computer,22,17,1,10,0.0,0.62,1.095
Computer,23,17,1,10,0.0,0.0,0.9249999999999999
Computer,0,18,2,10,0.0,0.0,0.8470833333333333
Computer,1,18,2,10,1.75,0.0,0.6704166666666667
Computer,2,18,2,10,0.0,1.75,0.7029166666666667
Computer,3,18,2,10,1.65,0.0,0.7754166666666666
Computer,4,18,2,10,2.51,1.65,0.7754166666666666
Computer,5,18,2,10,0.0,2.51,0.7824999999999999
Computer,6,18,2,10,2.34,0.0,0.8104166666666667
Computer,7,18,2,10,1.8,2.34,0.8104166666666667
Computer,8,18,2,10,0.0,1.8,0.8279166666666665
Computer,9,18,2,10,0.42,0.0,0.8429166666666666
Computer,10,18,2,10,0.96,0.42,0.8520833333333334
Computer,11,18,2,10,0.22,0.96,0.6708333333333334
Computer,12,18,2,10,0.0,0.22,0.6845833333333333
Computer,13,18,2,10,0.33,0.0,0.6329166666666667
Computer,14,18,2,10,0.0,0.33,0.6329166666666667
Computer,15,18,2,10,0.0,0.0,0.7454166666666667
Computer,16,18,2,10,2.7,0.0,0.8433333333333333
Computer,17,18,2,10,2.35,2.7,0.89125
Computer,18,18,2,10,1.55,2.35,0.8991666666666666
Computer,19,18,2,10,1.02,1.55,0.9258333333333333
Computer,20,18,2,10,2.0,1.02,1.0025
Computer,21,18,2,10,2.46,2.0,1.175
Computer,22,18,2,10,4.140000000000001,2.46,1.2225
Computer,23,18,2,10,1.14,4.140000000000001,1.2975
Computer,0,19,3,10,1.8,1.14,1.2495833333333333
Computer,1,19,3,10,0.6,1.8,1.2679166666666666
Computer,2,19,3,10,0.44,0.6,1.1991666666666667
Computer,3,19,3,10,0.0,0.44,1.2154166666666666
Computer,4,19,3,10,2.9,0.0,1.3370833333333332
Computer,5,19,3,10,2.92,2.9,1.3145833333333334
Computer,6,19,3,10,1.8,2.92,1.3129166666666667
Computer,7,19,3,10,1.76,1.8,1.4408333333333336
Computer,8,19,3,10,3.0700000000000003,1.76,1.5291666666666668
Computer,9,19,3,10,2.54,3.0700000000000003,1.7379166666666668
Computer,10,19,3,10,5.97,2.54,1.72875
Computer,11,19,3,10,0.0,5.97,1.805
Computer,12,19,3,10,1.83,0.0,1.8058333333333334
Computer,13,19,3,10,0.35,1.83,1.9354166666666668
Computer,14,19,3,10,3.11,0.35,1.9354166666666668
Computer,15,19,3,10,0.0,3.11,1.8866666666666667
Computer,16,19,3,10,1.53,0.0,1.78875
Computer,17,19,3,10,0.0,1.53,1.7241666666666668
Computer,18,19,3,10,0.0,0.0,1.8062499999999997
Computer,19,19,3,10,2.99,0.0,1.7229166666666664
Computer,20,19,3,10,0.0,2.99,1.6204166666666666
Computer,21,19,3,10,0.0,0.0,1.5870833333333334
Computer,22,19,3,10,3.34,0.0,1.5645833333333334
Computer,23,19,3,10,0.6,3.34,1.5516666666666665
Computer,0,20,4,10,1.49,0.6,1.5354166666666664
Computer,1,20,4,10,0.21,1.49,1.5999999999999999
Computer,2,20,4,10,1.99,0.21,1.5999999999999999
Computer,3,20,4,10,0.0,1.99,1.4791666666666667
Computer,4,20,4,10,0.0,0.0,1.5145833333333334
Computer,5,20,4,10,3.77,0.0,1.4395833333333334
Computer,6,20,4,10,0.0,3.77,1.46
Computer,7,20,4,10,2.25,0.0,1.43875
Computer,8,20,4,10,2.56,2.25,1.3825
Computer,9,20,4,10,1.19,2.56,1.1679166666666667
Computer,10,20,4,10,0.8200000000000001,1.19,1.2366666666666668
Computer,11,20,4,10,1.65,0.8200000000000001,1.2195833333333332
Computer,12,20,4,10,1.42,1.65,1.3904166666666666
Computer,13,20,4,10,4.45,1.42,1.2995833333333333
Computer,14,20,4,10,0.93,4.45,1.2995833333333333
Computer,15,20,4,10,0.0,0.93,1.3504166666666668
Computer,16,20,4,10,2.75,0.0,1.4625000000000001
Computer,17,20,4,10,2.6900000000000004,2.75,1.5825000000000002
Computer,18,20,4,10,2.88,2.6900000000000004,1.4579166666666667
