Appliance Type,hour,day,weekday,month,lag1,lag24,rolling_mean
Fridge,0,1,6,1,0.54,0.0,0.9170833333333334
Fridge,1,1,6,1,0.8,0.54,0.94625
Fridge,2,1,6,1,0.7,0.8,0.8637500000000001
Fridge,3,1,6,1,0.0,0.7,0.8304166666666668
Fridge,4,1,6,1,0.0,0.0,0.7650000000000001
Fridge,5,1,6,1,0.0,0.0,0.75875
Fridge,6,1,6,1,0.93,0.0,0.7687499999999999
Fridge,7,1,6,1,0.24,0.93,0.6420833333333335
Fridge,8,1,6,1,0.0,0.24,0.6445833333333334
Fridge,9,1,6,1,0.6499999999999999,0.0,0.665
Fridge,10,1,6,1,0.49,0.6499999999999999,0.6966666666666668
Fridge,11,1,6,1,0.76,0.49,0.7083333333333334
Fridge,12,1,6,1,0.28,0.76,0.5708333333333334
Fridge,13,1,6,1,0.0,0.28,0.505
Fridge,14,1,6,1,0.39,0.0,0.4620833333333334
Fridge,15,1,6,1,0.52,0.39,0.3645833333333334
Fridge,16,1,6,1,0.0,0.52,0.38458333333333333
Fridge,17,1,6,1,0.48,0.0,0.4200000000000001
Fridge,18,1,6,1,0.8500000000000001,0.48,0.3654166666666667
Fridge,19,1,6,1,0.42,0.8500000000000001,0.33541666666666675
Fridge,20,1,6,1,0.0,0.42,0.33541666666666675
Fridge,21,1,6,1,0.0,0.0,0.36625000000000013
Fridge,22,1,6,1,0.74,0.0,0.3991666666666667
Fridge,23,1,6,1,0.79,0.74,0.3970833333333334
Fridge,0,2,0,1,0.49,0.79,0.3637500000000001
Fridge,1,2,0,1,0.0,0.49,0.3345833333333334
Fridge,2,2,0,1,0.0,0.0,0.34958333333333336
Fridge,3,2,0,1,0.36,0.0,0.3629166666666667
Fridge,4,2,0,1,0.32,0.36,0.3629166666666667
Fridge,5,2,0,1,0.0,0.32,0.3804166666666667
Fridge,6,2,0,1,1.35,0.0,0.37041666666666667
Fridge,7,2,0,1,0.0,1.35,0.3887500000000001
Fridge,8,2,0,1,0.44,0.0,0.3950000000000001
Fridge,9,2,0,1,0.8,0.44,0.40625000000000006
Fridge,10,2,0,1,0.76,0.8,0.4050000000000001
Fridge,11,2,0,1,0.73,0.76,0.4125000000000001
Fridge,12,2,0,1,0.46,0.73,0.44875000000000004
Fridge,13,2,0,1,0.87,0.46,0.4445833333333335
Fridge,14,2,0,1,0.29,0.87,0.4229166666666668
Fridge,15,2,0,1,0.0,0.29,0.44250000000000006
Fridge,16,2,0,1,0.47,0.0,0.4404166666666667
Fridge,17,2,0,1,0.43,0.47,0.4304166666666667
Fridge,18,2,0,1,0.61,0.43,0.41750000000000004
Fridge,19,2,0,1,0.11,0.61,0.43250000000000005
Fridge,20,2,0,1,0.36,0.11,0.43708333333333343
Fridge,21,2,0,1,0.11,0.36,0.43750000000000006
Fridge,22,2,0,1,0.75,0.11,0.4491666666666667
Fridge,23,2,0,1,1.0699999999999998,0.75,0.42875
Fridge,0,3,1,1,0.0,1.0699999999999998,0.44625000000000004
Fridge,1,3,1,1,0.42,0.0,0.4583333333333334
Fridge,2,3,1,1,0.29,0.42,0.47041666666666676
Fridge,3,3,1,1,0.6499999999999999,0.29,0.48166666666666674
Fridge,4,3,1,1,0.59,0.6499999999999999,0.48166666666666674
Fridge,5,3,1,1,0.0,0.59,0.4433333333333334
Fridge,6,3,1,1,0.43,0.0,0.4520833333333334
Fridge,7,3,1,1,0.21,0.43,0.4483333333333334
Fridge,8,3,1,1,0.35,0.21,0.4320833333333334
Fridge,9,3,1,1,0.41,0.35,0.42875000000000013
Fridge,10,3,1,1,0.6799999999999999,0.41,0.40291666666666676
Fridge,11,3,1,1,0.11,0.6799999999999999,0.4083333333333334
Fridge,12,3,1,1,0.5900000000000001,0.11,0.38375000000000004
Fridge,13,3,1,1,0.28,0.5900000000000001,0.41125000000000006
Fridge,14,3,1,1,0.95,0.28,0.4316666666666667
Fridge,15,3,1,1,0.49,0.95,0.42958333333333343
Fridge,16,3,1,1,0.42,0.49,0.4229166666666668
Fridge,17,3,1,1,0.27,0.42,0.3975
Fridge,18,3,1,1,0.0,0.27,0.39291666666666675
Fridge,19,3,1,1,0.0,0.0,0.37791666666666673
Fridge,20,3,1,1,0.0,0.0,0.40666666666666673
Fridge,21,3,1,1,0.8,0.0,0.37541666666666673
Fridge,22,3,1,1,0.0,0.8,0.335
Fridge,23,3,1,1,0.1,0.0,0.3479166666666667
Fridge,0,4,2,1,0.31,0.1,0.33041666666666675
Fridge,1,4,2,1,0.0,0.31,0.3295833333333334
Fridge,2,4,2,1,0.27,0.0,0.3025000000000001
Fridge,3,4,2,1,0.0,0.27,0.29666666666666675
Fridge,4,4,2,1,0.45,0.0,0.29666666666666675
Fridge,5,4,2,1,0.0,0.45,0.27875000000000005
Fridge,6,4,2,1,0.0,0.0,0.2845833333333334
Fridge,7,4,2,1,0.35,0.0,0.2700000000000001
Fridge,8,4,2,1,0.0,0.35,0.25291666666666673
Fridge,9,4,2,1,0.0,0.0,0.2362500000000001
Fridge,10,4,2,1,0.28,0.0,0.24916666666666676
Fridge,11,4,2,1,0.42,0.28,0.22458333333333344
Fridge,12,4,2,1,0.0,0.42,0.22708333333333341
Fridge,13,4,2,1,0.34,0.0,0.19666666666666674
Fridge,14,4,2,1,0.22,0.34,0.1762500000000001
Fridge,15,4,2,1,0.0,0.22,0.17833333333333343
Fridge,16,4,2,1,0.47,0.0,0.19125000000000011
Fridge,17,4,2,1,0.58,0.47,0.19125000000000011
Fridge,18,4,2,1,0.0,0.58,0.2050000000000001
Fridge,19,4,2,1,0.33,0.0,0.23708333333333342
Fridge,20,4,2,1,0.77,0.33,0.2170833333333334
Fridge,21,4,2,1,0.32,0.77,0.23625000000000007
Fridge,22,4,2,1,0.46,0.32,0.28166666666666673
Fridge,23,4,2,1,1.19,0.46,0.26875000000000004
Fridge,0,5,3,1,0.0,1.19,0.2804166666666667
Fridge,1,5,3,1,0.28,0.0,0.2691666666666667
Fridge,2,5,3,1,0.0,0.28,0.2954166666666667
Fridge,3,5,3,1,0.63,0.0,0.29875000000000007
Fridge,4,5,3,1,0.53,0.63,0.3079166666666667
Fridge,5,5,3,1,0.22,0.53,0.36125000000000007
Fridge,6,5,3,1,1.28,0.22,0.35125000000000006
Fridge,7,5,3,1,0.11,1.28,0.35125000000000006
Fridge,8,5,3,1,0.0,0.11,0.3687500000000001
Fridge,9,5,3,1,0.42,0.0,0.3870833333333334
Fridge,10,5,3,1,0.72,0.42,0.3695833333333334
Fridge,11,5,3,1,0.0,0.72,0.3887500000000001
Fridge,12,5,3,1,0.46,0.0,0.40583333333333343
Fridge,13,5,3,1,0.75,0.46,0.43958333333333344
Fridge,14,5,3,1,1.03,0.75,0.45875000000000005
Fridge,15,5,3,1,0.4599999999999999,1.03,0.46791666666666676
Fridge,16,5,3,1,0.6900000000000001,0.4599999999999999,0.4437500000000001
Fridge,17,5,3,1,0.0,0.6900000000000001,0.4541666666666668
Fridge,18,5,3,1,0.25,0.0,0.49666666666666676
Fridge,19,5,3,1,1.35,0.25,0.49833333333333346
Fridge,20,5,3,1,0.81,1.35,0.5125000000000001
Fridge,21,5,3,1,0.66,0.81,0.49333333333333346
Fridge,22,5,3,1,0.0,0.66,0.4633333333333334
Fridge,23,5,3,1,0.47,0.0,0.48750000000000004
Fridge,0,6,4,1,0.5800000000000001,0.47,0.5254166666666668
Fridge,1,6,4,1,1.19,0.5800000000000001,0.5254166666666668
Fridge,2,6,4,1,0.0,1.19,0.5245833333333334
Fridge,3,6,4,1,0.61,0.0,0.5683333333333335
Fridge,4,6,4,1,1.58,0.61,0.57875
Fridge,5,6,4,1,0.47,1.58,0.5254166666666668
Fridge,6,6,4,1,0.0,0.47,0.5208333333333334
Fridge,7,6,4,1,0.0,0.0,0.5300000000000001
Fridge,8,6,4,1,0.22,0.0,0.5125000000000001
Fridge,9,6,4,1,0.0,0.22,0.4895833333333334
Fridge,10,6,4,1,0.17,0.0,0.4895833333333334
Fridge,11,6,4,1,0.0,0.17,0.47666666666666674
Fridge,12,6,4,1,0.15,0.0,0.4575
Fridge,13,6,4,1,0.29,0.15,0.4516666666666667
Fridge,14,6,4,1,0.89,0.29,0.43916666666666676
Fridge,15,6,4,1,0.16,0.89,0.41875
Fridge,16,6,4,1,0.2,0.16,0.41875
Fridge,17,6,4,1,0.0,0.2,0.4083333333333334
Fridge,18,6,4,1,0.0,0.0,0.41458333333333336
Fridge,19,6,4,1,1.5,0.0,0.4070833333333334
Fridge,20,6,4,1,0.63,1.5,0.40208333333333335
Fridge,21,6,4,1,0.54,0.63,0.42875
Fridge,22,6,4,1,0.64,0.54,0.40916666666666673
Fridge,23,6,4,1,0.0,0.64,0.4012500000000001
Fridge,0,7,5,1,0.39,0.0,0.35166666666666674
Fridge,1,7,5,1,0.0,0.39,0.3645833333333334
Fridge,2,7,5,1,0.31,0.0,0.3391666666666668
Fridge,3,7,5,1,0.0,0.31,0.28750000000000003
Fridge,4,7,5,1,0.34,0.0,0.27875000000000005
Fridge,5,7,5,1,0.26,0.34,0.28666666666666674
Fridge,6,7,5,1,0.19,0.26,0.3008333333333334
Fridge,7,7,5,1,0.3399999999999999,0.19,0.3158333333333334
Fridge,8,7,5,1,0.58,0.3399999999999999,0.3158333333333334
Fridge,9,7,5,1,0.0,0.58,0.33208333333333345
Fridge,10,7,5,1,0.56,0.0,0.3600000000000001
Fridge,11,7,5,1,0.67,0.56,0.35375000000000006
Fridge,12,7,5,1,0.0,0.67,0.3500000000000001
Fridge,13,7,5,1,0.2,0.0,0.31291666666666673
Fridge,14,7,5,1,0.0,0.2,0.3062500000000001
Fridge,15,7,5,1,0.0,0.0,0.2979166666666667
Fridge,16,7,5,1,0.0,0.0,0.3333333333333334
Fridge,17,7,5,1,0.8500000000000001,0.0,0.3333333333333334
Fridge,18,7,5,1,0.0,0.8500000000000001,0.29875000000000007
Fridge,19,7,5,1,0.67,0.0,0.2725000000000001
Fridge,20,7,5,1,0.0,0.67,0.25500000000000006
Fridge,21,7,5,1,0.12,0.0,0.24666666666666678
Fridge,22,7,5,1,0.44,0.12,0.2583333333333334
Fridge,23,7,5,1,0.28,0.44,0.2420833333333334
Fridge,0,8,6,1,0.0,0.28,0.27791666666666676
Fridge,1,8,6,1,0.86,0.0,0.29041666666666677
Fridge,2,8,6,1,0.61,0.86,0.34125000000000005
Fridge,3,8,6,1,1.22,0.61,0.36416666666666675
Fridge,4,8,6,1,0.89,1.22,0.40291666666666676
Fridge,5,8,6,1,1.19,0.89,0.4712500000000001
Fridge,6,8,6,1,1.83,1.19,0.45708333333333345
Fridge,7,8,6,1,0.0,1.83,0.4637500000000001
Fridge,8,8,6,1,0.74,0.0,0.49833333333333346
Fridge,9,8,6,1,0.8300000000000001,0.74,0.4970833333333335
Fridge,10,8,6,1,0.53,0.8300000000000001,0.48916666666666675
Fridge,11,8,6,1,0.48,0.53,0.48916666666666675
Fridge,12,8,6,1,0.0,0.48,0.48083333333333345
Fridge,13,8,6,1,0.0,0.0,0.49791666666666673
Fridge,14,8,6,1,0.41,0.0,0.5108333333333334
Fridge,15,8,6,1,0.31,0.41,0.5108333333333334
Fridge,16,8,6,1,0.0,0.31,0.47541666666666677
Fridge,17,8,6,1,0.0,0.0,0.4954166666666668
Fridge,18,8,6,1,0.48,0.0,0.4675000000000001
Fridge,19,8,6,1,0.0,0.48,0.4675000000000001
Fridge,20,8,6,1,0.0,0.0,0.4829166666666667
Fridge,21,8,6,1,0.49,0.0,0.5075000000000001
Fridge,22,8,6,1,1.03,0.49,0.5150000000000001
Fridge,23,8,6,1,0.46,1.03,0.545
Fridge,0,9,0,1,0.72,0.46,0.5412500000000001
Fridge,1,9,0,1,0.77,0.72,0.5366666666666667
Fridge,2,9,0,1,0.5,0.77,0.5120833333333334
Fridge,3,9,0,1,0.63,0.5,0.4750000000000001
Fridge,4,9,0,1,0.0,0.63,0.4675
Fridge,5,9,0,1,1.01,0.0,0.39125000000000004
Fridge,6,9,0,1,0.0,1.01,0.4254166666666667
Fridge,7,9,0,1,0.8200000000000001,0.0,0.4041666666666668
Fridge,8,9,0,1,0.23,0.8200000000000001,0.3908333333333334
Fridge,9,9,0,1,0.51,0.23,0.3858333333333334
Fridge,10,9,0,1,0.41,0.51,0.37291666666666673
Fridge,11,9,0,1,0.17,0.41,0.38166666666666677
Fridge,12,9,0,1,0.21,0.17,0.3954166666666667
Fridge,13,9,0,1,0.33,0.21,0.3783333333333334
Fridge,14,9,0,1,0.0,0.33,0.38625000000000004
Fridge,15,9,0,1,0.5,0.0,0.41083333333333344
Fridge,16,9,0,1,0.59,0.5,0.4483333333333334
Fridge,17,9,0,1,0.8999999999999999,0.59,0.4429166666666667
Fridge,18,9,0,1,0.35,0.8999999999999999,0.4429166666666667
Fridge,19,9,0,1,0.0,0.35,0.4429166666666667
Fridge,20,9,0,1,0.0,0.0,0.44041666666666673
Fridge,21,9,0,1,0.43,0.0,0.39750000000000013
Fridge,22,9,0,1,0.0,0.43,0.3783333333333334
Fridge,23,9,0,1,0.0,0.0,0.34833333333333344
Fridge,0,10,1,1,0.0,0.0,0.3379166666666667
Fridge,1,10,1,1,0.52,0.0,0.31708333333333344
Fridge,2,10,1,1,0.0,0.52,0.30750000000000005
Fridge,3,10,1,1,0.4,0.0,0.32166666666666677
Fridge,4,10,1,1,0.34,0.4,0.3000000000000001
Fridge,5,10,1,1,0.49,0.34,0.33041666666666675
Fridge,6,10,1,1,0.73,0.49,0.30166666666666675
Fridge,7,10,1,1,0.13,0.73,0.2920833333333334
Fridge,8,10,1,1,0.0,0.13,0.2708333333333334
Fridge,9,10,1,1,0.0,0.0,0.27875000000000005
Fridge,10,10,1,1,0.6000000000000001,0.0,0.3283333333333334
Fridge,11,10,1,1,1.36,0.6000000000000001,0.3195833333333334
Fridge,12,10,1,1,0.0,1.36,0.3266666666666667
Fridge,13,10,1,1,0.5,0.0,0.3325000000000001
Fridge,14,10,1,1,0.14,0.5,0.3116666666666667
Fridge,15,10,1,1,0.0,0.14,0.2870833333333334
Fridge,16,10,1,1,0.0,0.0,0.2637500000000001
Fridge,17,10,1,1,0.34,0.0,0.24916666666666676
Fridge,18,10,1,1,0.0,0.34,0.25500000000000006
Fridge,19,10,1,1,0.14,0.0,0.2787500000000001
Fridge,20,10,1,1,0.5700000000000001,0.14,0.27958333333333346
Fridge,21,10,1,1,0.45,0.5700000000000001,0.2925000000000001
Fridge,22,10,1,1,0.31,0.45,0.31708333333333344
Fridge,23,10,1,1,0.59,0.31,0.3316666666666668
Fridge,0,11,2,1,0.35,0.59,0.34666666666666673
Fridge,1,11,2,1,0.88,0.35,0.3675000000000001
Fridge,2,11,2,1,0.5,0.88,0.38083333333333336
Fridge,3,11,2,1,0.72,0.5,0.37791666666666673
Fridge,4,11,2,1,0.27,0.72,0.3758333333333334
Fridge,5,11,2,1,0.44,0.27,0.35416666666666674
Fridge,6,11,2,1,0.21,0.44,0.34875000000000006
Fridge,7,11,2,1,0.0,0.21,0.34875000000000006
Fridge,8,11,2,1,0.0,0.0,0.34875000000000006
Fridge,9,11,2,1,0.0,0.0,0.3375000000000001
Fridge,10,11,2,1,0.33,0.0,0.28083333333333343
Fridge,11,11,2,1,0.0,0.33,0.28083333333333343
Fridge,12,11,2,1,0.0,0.0,0.2666666666666668
Fridge,13,11,2,1,0.16,0.0,0.28125000000000006
Fridge,14,11,2,1,0.49,0.16,0.2887500000000001
Fridge,15,11,2,1,0.18,0.49,0.2887500000000001
Fridge,16,11,2,1,0.0,0.18,0.2745833333333334
Fridge,17,11,2,1,0.0,0.0,0.2745833333333334
Fridge,18,11,2,1,0.0,0.0,0.2854166666666667
Fridge,19,11,2,1,0.4,0.0,0.2850000000000001
Fridge,20,11,2,1,0.56,0.4,0.26625000000000004
Fridge,21,11,2,1,0.0,0.56,0.2533333333333334
Fridge,22,11,2,1,0.0,0.0,0.2287500000000001
Fridge,23,11,2,1,0.0,0.0,0.21416666666666676
Fridge,0,12,3,1,0.0,0.0,0.21541666666666673
Fridge,1,12,3,1,0.91,0.0,0.22916666666666674
Fridge,2,12,3,1,0.8300000000000001,0.91,0.21916666666666673
Fridge,3,12,3,1,0.48,0.8300000000000001,0.21458333333333343
Fridge,4,12,3,1,0.16,0.48,0.21166666666666675
Fridge,5,12,3,1,0.37,0.16,0.23208333333333342
Fridge,6,12,3,1,0.7,0.37,0.23208333333333342
Fridge,7,12,3,1,0.0,0.7,0.23208333333333342
Fridge,8,12,3,1,0.0,0.0,0.27583333333333343
Fridge,9,12,3,1,1.05,0.0,0.2737500000000001
Fridge,10,12,3,1,0.28,1.05,0.2737500000000001
Fridge,11,12,3,1,0.0,0.28,0.2737500000000001
Fridge,12,12,3,1,0.0,0.0,0.2825000000000001
Fridge,13,12,3,1,0.37,0.0,0.2720833333333334
Fridge,14,12,3,1,0.24,0.37,0.2920833333333334
Fridge,15,12,3,1,0.66,0.24,0.2920833333333334
Fridge,16,12,3,1,0.0,0.66,0.2920833333333334
Fridge,17,12,3,1,0.0,0.0,0.3362500000000001
Fridge,18,12,3,1,1.06,0.0,0.33583333333333343
Fridge,19,12,3,1,0.39,1.06,0.31250000000000006
Fridge,20,12,3,1,0.0,0.39,0.31250000000000006
Fridge,21,12,3,1,0.0,0.0,0.3287500000000001
Fridge,22,12,3,1,0.39,0.0,0.3287500000000001
Fridge,23,12,3,1,0.0,0.39,0.3287500000000001
Fridge,0,13,4,1,0.0,0.0,0.3062500000000001
Fridge,1,13,4,1,0.37,0.0,0.2716666666666667
Fridge,2,13,4,1,0.0,0.37,0.25958333333333344
Fridge,3,13,4,1,0.19,0.0,0.2637500000000001
Fridge,4,13,4,1,0.26,0.19,0.2662500000000001
Fridge,5,13,4,1,0.43,0.26,0.25000000000000006
Fridge,6,13,4,1,0.31,0.43,0.2920833333333334
Fridge,7,13,4,1,1.01,0.31,0.31708333333333344
Fridge,8,13,4,1,0.6,1.01,0.28041666666666676
Fridge,9,13,4,1,0.17,0.6,0.2895833333333334
Fridge,10,13,4,1,0.5,0.17,0.3187500000000001
Fridge,11,13,4,1,0.7,0.5,0.3345833333333334
Fridge,12,13,4,1,0.38,0.7,0.31916666666666677
Fridge,13,13,4,1,0.0,0.38,0.30916666666666676
Fridge,14,13,4,1,0.0,0.0,0.29041666666666677
Fridge,15,13,4,1,0.21,0.0,0.3054166666666667
Fridge,16,13,4,1,0.36,0.21,0.3250000000000001
Fridge,17,13,4,1,0.47,0.36,0.28083333333333343
Fridge,18,13,4,1,0.0,0.47,0.31708333333333344
Fridge,19,13,4,1,1.26,0.0,0.3362500000000001
Fridge,20,13,4,1,0.46,1.26,0.3362500000000001
Fridge,21,13,4,1,0.0,0.46,0.33083333333333337
Fridge,22,13,4,1,0.26,0.0,0.3425
Fridge,23,13,4,1,0.28,0.26,0.3675000000000001
Fridge,0,14,5,1,0.6000000000000001,0.28,0.3904166666666668
Fridge,1,14,5,1,0.92,0.6000000000000001,0.4225000000000001
Fridge,2,14,5,1,0.77,0.92,0.42875000000000013
Fridge,3,14,5,1,0.34,0.77,0.44541666666666674
Fridge,4,14,5,1,0.66,0.34,0.4841666666666667
Fridge,5,14,5,1,1.36,0.66,0.5279166666666668
Fridge,6,14,5,1,1.36,1.36,0.49833333333333335
Fridge,7,14,5,1,0.3,1.36,0.4733333333333334
Fridge,8,14,5,1,0.0,0.3,0.4729166666666667
Fridge,9,14,5,1,0.16,0.0,0.46083333333333343
Fridge,10,14,5,1,0.21,0.16,0.47708333333333347
Fridge,11,14,5,1,1.09,0.21,0.48916666666666675
Fridge,12,14,5,1,0.67,1.09,0.515
Fridge,13,14,5,1,0.62,0.67,0.5325000000000001
Fridge,14,14,5,1,0.42,0.62,0.5283333333333334
Fridge,15,14,5,1,0.11,0.42,0.5133333333333334
Fridge,16,14,5,1,0.0,0.11,0.5033333333333334
Fridge,17,14,5,1,0.23,0.0,0.5187500000000002
Fridge,18,14,5,1,0.37,0.23,0.4875000000000001
Fridge,19,14,5,1,0.51,0.37,0.47875000000000006
Fridge,20,14,5,1,0.25,0.51,0.47875000000000006
Fridge,21,14,5,1,0.0,0.25,0.4941666666666668
Fridge,22,14,5,1,0.63,0.0,0.48250000000000015
Fridge,23,14,5,1,0.0,0.63,0.47625000000000006
Fridge,0,15,6,1,0.45,0.0,0.4516666666666667
Fridge,1,15,6,1,0.3299999999999999,0.45,0.4512500000000001
Fridge,2,15,6,1,0.76,0.3299999999999999,0.43708333333333343
Fridge,3,15,6,1,0.0,0.76,0.4283333333333334
Fridge,4,15,6,1,0.45,0.0,0.37791666666666673
Fridge,5,15,6,1,0.15,0.45,0.3212500000000001
Fridge,6,15,6,1,0.0,0.15,0.3283333333333334
Fridge,7,15,6,1,0.47,0.0,0.3425
Fridge,8,15,6,1,0.34,0.47,0.3604166666666668
Fridge,9,15,6,1,0.59,0.34,0.36708333333333343
Fridge,10,15,6,1,0.37,0.59,0.35166666666666674
Fridge,11,15,6,1,0.72,0.37,0.34333333333333343
Fridge,12,15,6,1,0.47,0.72,0.33375000000000005
Fridge,13,15,6,1,0.39,0.47,0.3162500000000001
Fridge,14,15,6,1,0.0,0.39,0.3262500000000001
Fridge,15,15,6,1,0.35,0.0,0.3262500000000001
Fridge,16,15,6,1,0.0,0.35,0.3470833333333334
Fridge,17,15,6,1,0.73,0.0,0.3316666666666667
Fridge,18,15,6,1,0.0,0.73,0.3370833333333334
Fridge,19,15,6,1,0.64,0.0,0.3266666666666667
Fridge,20,15,6,1,0.0,0.64,0.3266666666666667
Fridge,21,15,6,1,0.0,0.0,0.31708333333333344
Fridge,22,15,6,1,0.4,0.0,0.31708333333333344
Fridge,23,15,6,1,0.0,0.4,0.2983333333333334
Fridge,0,16,0,1,0.0,0.0,0.31291666666666673
Fridge,1,16,0,1,0.6799999999999999,0.0,0.28125000000000006
Fridge,2,16,0,1,0.0,0.6799999999999999,0.28125000000000006
Fridge,3,16,0,1,0.0,0.0,0.2766666666666667
Fridge,4,16,0,1,0.34,0.0,0.2704166666666667
Fridge,5,16,0,1,0.0,0.34,0.28458333333333335
Fridge,6,16,0,1,0.34,0.0,0.2741666666666667
Fridge,7,16,0,1,0.22,0.34,0.2720833333333334
Fridge,8,16,0,1,0.29,0.22,0.25250000000000006
Fridge,9,16,0,1,0.12,0.29,0.2954166666666667
Fridge,10,16,0,1,1.4,0.12,0.30708333333333343
Fridge,11,16,0,1,1.0,1.4,0.30083333333333345
Fridge,12,16,0,1,0.32,1.0,0.2845833333333334
Fridge,13,16,0,1,0.0,0.32,0.2845833333333334
Fridge,14,16,0,1,0.0,0.0,0.2700000000000001
Fridge,15,16,0,1,0.0,0.0,0.2787500000000001
Fridge,16,16,0,1,0.21,0.0,0.2608333333333334
Fridge,17,16,0,1,0.3,0.21,0.28416666666666673
Fridge,18,16,0,1,0.56,0.3,0.25750000000000006
Fridge,19,16,0,1,0.0,0.56,0.2775000000000001
Fridge,20,16,0,1,0.48,0.0,0.2933333333333334
Fridge,21,16,0,1,0.38,0.48,0.2933333333333334
Fridge,22,16,0,1,0.4,0.38,0.2933333333333334
Fridge,23,16,0,1,0.0,0.4,0.2933333333333334
Fridge,0,17,1,1,0.0,0.0,0.2700000000000001
Fridge,1,17,1,1,0.12,0.0,0.3004166666666667
Fridge,2,17,1,1,0.73,0.12,0.3004166666666667
Fridge,3,17,1,1,0.0,0.73,0.2970833333333334
Fridge,4,17,1,1,0.26,0.0,0.3162500000000001
Fridge,5,17,1,1,0.46,0.26,0.3020833333333334
Fridge,6,17,1,1,0.0,0.46,0.2929166666666667
Fridge,7,17,1,1,0.0,0.0,0.3325000000000001
Fridge,8,17,1,1,1.24,0.0,0.32750000000000007
Fridge,9,17,1,1,0.0,1.24,0.2833333333333334
Fridge,10,17,1,1,0.3399999999999999,0.0,0.25500000000000006
Fridge,11,17,1,1,0.32,0.3399999999999999,0.2620833333333334
Fridge,12,17,1,1,0.49,0.32,0.2620833333333334
Fridge,13,17,1,1,0.0,0.49,0.2620833333333334
Fridge,14,17,1,1,0.0,0.0,0.27625000000000005
Fridge,15,17,1,1,0.34,0.0,0.26750000000000007
Fridge,16,17,1,1,0.0,0.34,0.27125000000000005
Fridge,17,17,1,1,0.39,0.0,0.27291666666666675
Fridge,18,17,1,1,0.6,0.39,0.29583333333333345
Fridge,19,17,1,1,0.55,0.6,0.2883333333333334
Fridge,20,17,1,1,0.3,0.55,0.2870833333333334
Fridge,21,17,1,1,0.35,0.3,0.2704166666666667
Fridge,22,17,1,1,0.0,0.35,0.30250000000000005
Fridge,23,17,1,1,0.77,0.0,0.32291666666666674
Fridge,0,18,2,1,0.49,0.77,0.3258333333333334
Fridge,1,18,2,1,0.19,0.49,0.2954166666666667
Fridge,2,18,2,1,0.0,0.19,0.3004166666666667
Fridge,3,18,2,1,0.12,0.0,0.29375000000000007
Fridge,4,18,2,1,0.1,0.12,0.28416666666666673
Fridge,5,18,2,1,0.23,0.1,0.3295833333333334
Fridge,6,18,2,1,1.09,0.23,0.3491666666666668
Fridge,7,18,2,1,0.47,1.09,0.31500000000000006
Fridge,8,18,2,1,0.42,0.47,0.32750000000000007
Fridge,9,18,2,1,0.3,0.42,0.3133333333333334
Fridge,10,18,2,1,0.0,0.3,0.3095833333333334
Fridge,11,18,2,1,0.23,0.0,0.30500000000000005
Fridge,12,18,2,1,0.38,0.23,0.3208333333333334
Fridge,13,18,2,1,0.38,0.38,0.32750000000000007
Fridge,14,18,2,1,0.16,0.38,0.3212500000000001
Fridge,15,18,2,1,0.19,0.16,0.3770833333333334
Fridge,16,18,2,1,1.34,0.19,0.36083333333333334
Fridge,17,18,2,1,0.0,1.34,0.3675000000000001
Fridge,18,18,2,1,0.76,0.0,0.3608333333333334
Fridge,19,18,2,1,0.39,0.76,0.3483333333333334
Fridge,20,18,2,1,0.0,0.39,0.3475000000000001
Fridge,21,18,2,1,0.33,0.0,0.4233333333333334
Fridge,22,18,2,1,1.82,0.33,0.40458333333333346
Fridge,23,18,2,1,0.32,1.82,0.39833333333333343
Fridge,0,19,3,1,0.34,0.32,0.42125000000000007
Fridge,1,19,3,1,0.74,0.34,0.43625
Fridge,2,19,3,1,0.36,0.74,0.43666666666666676
Fridge,3,19,3,1,0.13,0.36,0.46041666666666675
Fridge,4,19,3,1,0.67,0.13,0.47791666666666677
Fridge,5,19,3,1,0.65,0.67,0.4325000000000001
Fridge,6,19,3,1,0.0,0.65,0.4233333333333334
Fridge,7,19,3,1,0.25,0.0,0.41916666666666674
Fridge,8,19,3,1,0.32,0.25,0.4433333333333334
Fridge,9,19,3,1,0.88,0.32,0.47875000000000006
Fridge,10,19,3,1,0.8500000000000001,0.88,0.5025000000000001
Fridge,11,19,3,1,0.8,0.8500000000000001,0.48666666666666675
Fridge,12,19,3,1,0.0,0.8,0.4895833333333334
Fridge,13,19,3,1,0.45,0.0,0.4970833333333335
Fridge,14,19,3,1,0.34,0.45,0.48916666666666675
Fridge,15,19,3,1,0.0,0.34,0.4658333333333335
Fridge,16,19,3,1,0.78,0.0,0.4891666666666668
Fridge,17,19,3,1,0.56,0.78,0.4729166666666667
Fridge,18,19,3,1,0.37,0.56,0.46833333333333343
Fridge,19,19,3,1,0.28,0.37,0.4854166666666668
Fridge,20,19,3,1,0.41,0.28,0.47166666666666673
Fridge,21,19,3,1,0.0,0.41,0.4116666666666668
Fridge,22,19,3,1,0.38,0.0,0.39833333333333343
Fridge,23,19,3,1,0.0,0.38,0.4125000000000001
Fridge,0,20,4,1,0.6799999999999999,0.0,0.38166666666666677
Fridge,1,20,4,1,0.0,0.6799999999999999,0.38541666666666674
Fridge,2,20,4,1,0.45,0.0,0.39333333333333337
Fridge,3,20,4,1,0.32,0.45,0.3654166666666667
Fridge,4,20,4,1,0.0,0.32,0.4229166666666668
Fridge,5,20,4,1,2.03,0.0,0.4437500000000001
Fridge,6,20,4,1,0.5,2.03,0.45
Fridge,7,20,4,1,0.4,0.5,0.44708333333333333
Fridge,8,20,4,1,0.25,0.4,0.42125000000000007
Fridge,9,20,4,1,0.26,0.25,0.3858333333333334
Fridge,10,20,4,1,0.0,0.26,0.38375000000000004
Fridge,11,20,4,1,0.75,0.0,0.40375000000000005
Fridge,12,20,4,1,0.48,0.75,0.4212500000000001
Fridge,13,20,4,1,0.87,0.48,0.40708333333333346
Fridge,14,20,4,1,0.0,0.87,0.42750000000000005
Fridge,15,20,4,1,0.49,0.0,0.395
Fridge,16,20,4,1,0.0,0.49,0.38625000000000004
Fridge,17,20,4,1,0.35,0.0,0.3979166666666667
Fridge,18,20,4,1,0.65,0.35,0.4312500000000001
Fridge,19,20,4,1,1.08,0.65,0.4329166666666668
Fridge,20,20,4,1,0.45,1.08,0.4850000000000001
Fridge,21,20,4,1,1.25,0.45,0.48750000000000004
Fridge,22,20,4,1,0.44,1.25,0.50375
Fridge,23,20,4,1,0.39,0.44,0.5112500000000001
Fridge,0,21,5,1,0.86,0.39,0.5341666666666668
Fridge,1,21,5,1,0.55,0.86,0.5154166666666667
Fridge,2,21,5,1,0.0,0.55,0.5020833333333334
Fridge,3,21,5,1,0.0,0.0,0.5129166666666668
Fridge,4,21,5,1,0.26,0.0,0.4283333333333334
Fridge,5,21,5,1,0.0,0.26,0.43583333333333335
Fridge,6,21,5,1,0.6799999999999999,0.0,0.42875000000000013
Fridge,7,21,5,1,0.23,0.6799999999999999,0.43833333333333346
Fridge,8,21,5,1,0.48,0.23,0.4333333333333334
Fridge,9,21,5,1,0.14,0.48,0.4333333333333334
Fridge,10,21,5,1,0.0,0.14,0.4020833333333334
Fridge,11,21,5,1,0.0,0.0,0.4050000000000001
Fridge,12,21,5,1,0.55,0.0,0.39083333333333337
Fridge,13,21,5,1,0.53,0.55,0.40875
Fridge,14,21,5,1,0.43,0.53,0.38833333333333336
Fridge,15,21,5,1,0.0,0.43,0.40625
Fridge,16,21,5,1,0.43,0.0,0.40666666666666673
Fridge,17,21,5,1,0.36,0.43,0.3958333333333335
Fridge,18,21,5,1,0.39,0.36,0.3841666666666667
Fridge,19,21,5,1,0.8,0.39,0.3654166666666667
Fridge,20,21,5,1,0.0,0.8,0.3454166666666667
Fridge,21,21,5,1,0.77,0.0,0.3787500000000001
Fridge,22,21,5,1,1.24,0.77,0.3691666666666667
Fridge,23,21,5,1,0.16,1.24,0.34833333333333344
Fridge,0,22,6,1,0.36,0.16,0.35666666666666674
Fridge,1,22,6,1,0.75,0.36,0.35666666666666674
Fridge,2,22,6,1,0.0,0.75,0.40291666666666676
Fridge,3,22,6,1,1.11,0.0,0.3920833333333334
Fridge,4,22,6,1,0.0,1.11,0.3920833333333334
Fridge,5,22,6,1,0.0,0.0,0.3637500000000001
Fridge,6,22,6,1,0.0,0.0,0.35416666666666674
Fridge,7,22,6,1,0.0,0.0,0.34500000000000014
Fridge,8,22,6,1,0.26,0.0,0.4000000000000001
Fridge,9,22,6,1,1.46,0.26,0.4000000000000001
Fridge,10,22,6,1,0.0,1.46,0.4000000000000001
Fridge,11,22,6,1,0.0,0.0,0.39625000000000005
Fridge,12,22,6,1,0.46,0.0,0.3937500000000001
Fridge,13,22,6,1,0.47,0.46,0.37583333333333346
Fridge,14,22,6,1,0.0,0.47,0.4050000000000001
Fridge,15,22,6,1,0.7,0.0,0.41458333333333347
Fridge,16,22,6,1,0.6599999999999999,0.7,0.41916666666666674
Fridge,17,22,6,1,0.47,0.6599999999999999,0.40750000000000003
Fridge,18,22,6,1,0.11,0.47,0.37416666666666676
Fridge,19,22,6,1,0.0,0.11,0.38000000000000006
Fridge,20,22,6,1,0.14,0.0,0.3725000000000001
Fridge,21,22,6,1,0.59,0.14,0.33208333333333345
Fridge,22,22,6,1,0.27,0.59,0.34291666666666676
Fridge,23,22,6,1,0.42,0.27,0.34125000000000005
Fridge,0,23,0,1,0.32,0.42,0.3166666666666667
Fridge,1,23,0,1,0.16,0.32,0.3354166666666667
Fridge,2,23,0,1,0.45,0.16,0.3058333333333334
Fridge,3,23,0,1,0.4,0.45,0.32000000000000006
Fridge,4,23,0,1,0.34,0.4,0.3329166666666667
Fridge,5,23,0,1,0.31,0.34,0.35333333333333333
Fridge,6,23,0,1,0.49,0.31,0.35875000000000007
Fridge,7,23,0,1,0.13,0.49,0.3591666666666667
Fridge,8,23,0,1,0.27,0.13,0.31250000000000006
Fridge,9,23,0,1,0.34,0.27,0.3425000000000001
Fridge,10,23,0,1,0.72,0.34,0.3425000000000001
Fridge,11,23,0,1,0.0,0.72,0.3354166666666667
Fridge,12,23,0,1,0.29,0.0,0.3233333333333334
Fridge,13,23,0,1,0.18,0.29,0.3233333333333334
Fridge,14,23,0,1,0.0,0.18,0.3054166666666667
Fridge,15,23,0,1,0.27,0.0,0.27791666666666676
Fridge,16,23,0,1,0.0,0.27,0.2733333333333334
Fridge,17,23,0,1,0.36,0.0,0.26875000000000004
Fridge,18,23,0,1,0.0,0.36,0.2850000000000001
Fridge,19,23,0,1,0.39,0.0,0.3033333333333334
Fridge,20,23,0,1,0.5800000000000001,0.39,0.2787500000000001
Fridge,21,23,0,1,0.0,0.5800000000000001,0.26750000000000007
Fridge,22,23,0,1,0.0,0.0,0.26791666666666675
Fridge,23,23,0,1,0.43,0.0,0.25458333333333344
Fridge,0,24,1,1,0.0,0.43,0.24791666666666676
Fridge,1,24,1,1,0.0,0.0,0.22916666666666674
Fridge,2,24,1,1,0.0,0.0,0.21250000000000005
Fridge,3,24,1,1,0.0,0.0,0.2033333333333334
Fridge,4,24,1,1,0.12,0.0,0.24708333333333343
Fridge,5,24,1,1,1.36,0.12,0.24500000000000008
Fridge,6,24,1,1,0.44,1.36,0.2504166666666668
Fridge,7,24,1,1,0.26,0.44,0.2533333333333334
Fridge,8,24,1,1,0.34,0.26,0.23916666666666675
Fridge,9,24,1,1,0.0,0.34,0.22166666666666676
Fridge,10,24,1,1,0.3,0.0,0.2570833333333334
Fridge,11,24,1,1,0.85,0.3,0.26500000000000007
Fridge,12,24,1,1,0.48,0.85,0.2575000000000001
Fridge,13,24,1,1,0.0,0.48,0.26458333333333345
Fridge,14,24,1,1,0.17,0.0,0.27541666666666675
Fridge,15,24,1,1,0.53,0.17,0.27541666666666675
Fridge,16,24,1,1,0.0,0.53,0.2604166666666668
Fridge,17,24,1,1,0.0,0.0,0.2604166666666668
Fridge,18,24,1,1,0.0,0.0,0.24875000000000005
Fridge,19,24,1,1,0.11,0.0,0.24041666666666672
Fridge,20,24,1,1,0.38,0.11,0.24041666666666672
Fridge,21,24,1,1,0.0,0.38,0.25166666666666676
Fridge,22,24,1,1,0.27,0.0,0.2637500000000001
Fridge,23,24,1,1,0.72,0.27,0.2637500000000001
Fridge,0,25,2,1,0.0,0.72,0.2825000000000001
Fridge,1,25,2,1,0.45,0.0,0.31666666666666676
Fridge,2,25,2,1,0.8200000000000001,0.45,0.34833333333333344
Fridge,3,25,2,1,0.76,0.8200000000000001,0.3604166666666668
Fridge,4,25,2,1,0.41,0.76,0.3037500000000001
Fridge,5,25,2,1,0.0,0.41,0.28541666666666676
Fridge,6,25,2,1,0.0,0.0,0.2745833333333334
Fridge,7,25,2,1,0.0,0.0,0.2687500000000001
Fridge,8,25,2,1,0.2,0.0,0.2687500000000001
Fridge,9,25,2,1,0.0,0.2,0.26541666666666675
Fridge,10,25,2,1,0.22,0.0,0.24250000000000008
Fridge,11,25,2,1,0.3,0.22,0.23666666666666672
Fridge,12,25,2,1,0.34,0.3,0.2433333333333334
Fridge,13,25,2,1,0.16,0.34,0.25750000000000006
Fridge,14,25,2,1,0.51,0.16,0.23541666666666672
Fridge,15,25,2,1,0.0,0.51,0.25000000000000006
Fridge,16,25,2,1,0.35,0.0,0.25000000000000006
Fridge,17,25,2,1,0.0,0.35,0.25000000000000006
Fridge,18,25,2,1,0.0,0.0,0.2612500000000001
Fridge,19,25,2,1,0.38,0.0,0.24541666666666676
Fridge,20,25,2,1,0.0,0.38,0.24541666666666676
Fridge,21,25,2,1,0.0,0.0,0.24583333333333343
Fridge,22,25,2,1,0.28,0.0,0.23083333333333342
Fridge,23,25,2,1,0.36,0.28,0.2533333333333334
Fridge,0,26,3,1,0.54,0.36,0.2875000000000001
Fridge,1,26,3,1,1.27,0.54,0.2533333333333334
Fridge,2,26,3,1,0.0,1.27,0.22166666666666676
Fridge,3,26,3,1,0.0,0.0,0.22833333333333342
Fridge,4,26,3,1,0.5700000000000001,0.0,0.25458333333333344
Fridge,5,26,3,1,0.63,0.5700000000000001,0.25458333333333344
Fridge,6,26,3,1,0.0,0.63,0.28041666666666676
Fridge,7,26,3,1,0.6200000000000001,0.0,0.2720833333333334
Fridge,8,26,3,1,0.0,0.6200000000000001,0.3366666666666667
Fridge,9,26,3,1,1.55,0.0,0.32750000000000007
Fridge,10,26,3,1,0.0,1.55,0.34375000000000006
Fridge,11,26,3,1,0.69,0.0,0.3500000000000001
Fridge,12,26,3,1,0.49,0.69,0.34333333333333343
Fridge,13,26,3,1,0.0,0.49,0.32208333333333344
Fridge,14,26,3,1,0.0,0.0,0.3287500000000001
Fridge,15,26,3,1,0.16,0.0,0.34500000000000003
Fridge,16,26,3,1,0.74,0.16,0.34500000000000003
Fridge,17,26,3,1,0.0,0.74,0.3508333333333334
Fridge,18,26,3,1,0.14,0.0,0.35833333333333345
Fridge,19,26,3,1,0.56,0.14,0.37833333333333347
Fridge,20,26,3,1,0.48,0.56,0.39750000000000013
Fridge,21,26,3,1,0.46,0.48,0.41375000000000006
Fridge,22,26,3,1,0.6699999999999999,0.46,0.3987500000000001
Fridge,23,26,3,1,0.0,0.6699999999999999,0.37625000000000003
Fridge,0,27,4,1,0.0,0.0,0.32791666666666675
Fridge,1,27,4,1,0.11,0.0,0.36333333333333345
Fridge,2,27,4,1,0.85,0.11,0.36333333333333345
Fridge,3,27,4,1,0.0,0.85,0.37000000000000005
Fridge,4,27,4,1,0.73,0.0,0.34375000000000006
Fridge,5,27,4,1,0.0,0.73,0.3625000000000001
Fridge,6,27,4,1,0.45,0.0,0.3366666666666667
Fridge,7,27,4,1,0.0,0.45,0.3366666666666667
Fridge,8,27,4,1,0.0,0.0,0.31041666666666673
Fridge,9,27,4,1,0.92,0.0,0.3400000000000001
Fridge,10,27,4,1,0.71,0.92,0.3675000000000001
Fridge,11,27,4,1,1.35,0.71,0.3966666666666667
Fridge,12,27,4,1,1.19,1.35,0.3966666666666667
Fridge,13,27,4,1,0.0,1.19,0.3966666666666667
Fridge,14,27,4,1,0.0,0.0,0.3966666666666667
Fridge,15,27,4,1,0.16,0.0,0.3966666666666667
Fridge,16,27,4,1,0.74,0.16,0.4320833333333334
Fridge,17,27,4,1,0.85,0.74,0.48708333333333337
Fridge,18,27,4,1,1.46,0.85,0.4758333333333334
Fridge,19,27,4,1,0.29,1.46,0.48375000000000007
Fridge,20,27,4,1,0.6699999999999999,0.29,0.4708333333333334
Fridge,21,27,4,1,0.15,0.6699999999999999,0.4595833333333334
Fridge,22,27,4,1,0.4,0.15,0.4679166666666667
Fridge,23,27,4,1,0.2,0.4,0.4679166666666667
Fridge,0,28,5,1,0.0,0.2,0.4937500000000001
Fridge,1,28,5,1,0.73,0.0,0.5000000000000001
Fridge,2,28,5,1,1.0,0.73,0.5433333333333334
Fridge,3,28,5,1,1.04,1.0,0.5441666666666668
Fridge,4,28,5,1,0.75,1.04,0.5441666666666668
Fridge,5,28,5,1,0.0,0.75,0.5716666666666668
Fridge,6,28,5,1,1.11,0.0,0.5716666666666668
Fridge,7,28,5,1,0.0,1.11,0.63875
Fridge,8,28,5,1,1.61,0.0,0.6545833333333334
Fridge,9,28,5,1,1.3,1.61,0.6425000000000001
Fridge,10,28,5,1,0.42,1.3,0.5929166666666668
Fridge,11,28,5,1,0.16,0.42,0.5575000000000001
Fridge,12,28,5,1,0.34,0.16,0.5854166666666668
Fridge,13,28,5,1,0.6699999999999999,0.34,0.5916666666666668
Fridge,14,28,5,1,0.15,0.6699999999999999,0.6120833333333334
Fridge,15,28,5,1,0.65,0.15,0.5870833333333334
Fridge,16,28,5,1,0.14,0.65,0.5637500000000001
Fridge,17,28,5,1,0.29,0.14,0.5029166666666668
Fridge,18,28,5,1,0.0,0.29,0.5208333333333335
Fridge,19,28,5,1,0.72,0.0,0.4929166666666667
Fridge,20,28,5,1,0.0,0.72,0.4866666666666668
Fridge,21,28,5,1,0.0,0.0,0.47000000000000003
Fridge,22,28,5,1,0.0,0.0,0.4616666666666667
Fridge,23,28,5,1,0.0,0.0,0.4616666666666667
Fridge,0,29,6,1,0.0,0.0,0.4545833333333334
Fridge,1,29,6,1,0.5599999999999999,0.0,0.4254166666666668
Fridge,2,29,6,1,0.3,0.5599999999999999,0.3970833333333334
Fridge,3,29,6,1,0.36,0.3,0.3658333333333334
Fridge,4,29,6,1,0.0,0.36,0.3658333333333334
Fridge,5,29,6,1,0.0,0.0,0.35375000000000006
Fridge,6,29,6,1,0.8200000000000001,0.0,0.35375000000000006
Fridge,7,29,6,1,0.0,0.8200000000000001,0.29125000000000006
Fridge,8,29,6,1,0.11,0.0,0.28291666666666676
Fridge,9,29,6,1,1.1,0.11,0.26541666666666675
Fridge,10,29,6,1,0.0,1.1,0.27041666666666675
Fridge,11,29,6,1,0.28,0.0,0.2770833333333334
Fridge,12,29,6,1,0.5,0.28,0.2533333333333334
Fridge,13,29,6,1,0.1,0.5,0.2470833333333334
Fridge,14,29,6,1,0.0,0.1,0.22000000000000008
Fridge,15,29,6,1,0.0,0.0,0.22541666666666674
Fridge,16,29,6,1,0.27,0.0,0.2250000000000001
Fridge,17,29,6,1,0.28,0.27,0.2420833333333334
Fridge,18,29,6,1,0.41,0.28,0.23250000000000007
Fridge,19,29,6,1,0.49,0.41,0.2795833333333334
Fridge,20,29,6,1,1.13,0.49,0.28541666666666676
Fridge,21,29,6,1,0.14,1.13,0.28541666666666676
Fridge,22,29,6,1,0.0,0.14,0.28541666666666676
Fridge,23,29,6,1,0.0,0.0,0.28541666666666676
Fridge,0,30,0,1,0.0,0.0,0.2825000000000001
Fridge,1,30,0,1,0.49,0.0,0.2908333333333334
Fridge,2,30,0,1,0.5,0.49,0.28333333333333344
Fridge,3,30,0,1,0.18,0.5,0.28333333333333344
Fridge,4,30,0,1,0.0,0.18,0.28333333333333344
Fridge,5,30,0,1,0.0,0.0,0.24916666666666676
Fridge,6,30,0,1,0.0,0.0,0.26750000000000007
Fridge,7,30,0,1,0.44,0.0,0.26291666666666674
Fridge,8,30,0,1,0.0,0.44,0.2170833333333334
Fridge,9,30,0,1,0.0,0.0,0.2170833333333334
Fridge,10,30,0,1,0.0,0.0,0.20541666666666672
Fridge,11,30,0,1,0.0,0.0,0.21750000000000005
Fridge,12,30,0,1,0.79,0.0,0.2133333333333334
Fridge,13,30,0,1,0.0,0.79,0.2558333333333334
Fridge,14,30,0,1,1.02,0.0,0.28333333333333344
Fridge,15,30,0,1,0.6599999999999999,1.02,0.27916666666666673
Fridge,16,30,0,1,0.17,0.6599999999999999,0.28666666666666674
Fridge,17,30,0,1,0.46,0.17,0.2741666666666667
Fridge,18,30,0,1,0.11,0.46,0.2537500000000001
Fridge,19,30,0,1,0.0,0.11,0.21625000000000008
Fridge,20,30,0,1,0.23,0.0,0.21041666666666672
Fridge,21,30,0,1,0.0,0.23,0.21041666666666672
Fridge,22,30,0,1,0.0,0.0,0.22291666666666674
Fridge,23,30,0,1,0.3,0.0,0.22291666666666674
Fridge,0,31,1,1,0.0,0.3,0.22250000000000006
Fridge,1,31,1,1,0.48,0.0,0.20166666666666674
Fridge,2,31,1,1,0.0,0.48,0.20458333333333342
Fridge,3,31,1,1,0.25,0.0,0.2133333333333334
Fridge,4,31,1,1,0.21,0.25,0.24166666666666672
Fridge,5,31,1,1,0.68,0.21,0.26125000000000004
Fridge,6,31,1,1,0.47,0.68,0.2958333333333334
Fridge,7,31,1,1,1.27,0.47,0.2958333333333334
Fridge,8,31,1,1,0.0,1.27,0.2958333333333334
Fridge,9,31,1,1,0.0,0.0,0.31416666666666676
Fridge,10,31,1,1,0.44,0.0,0.3408333333333334
Fridge,11,31,1,1,0.64,0.44,0.32416666666666677
Fridge,12,31,1,1,0.39,0.64,0.3408333333333334
Fridge,13,31,1,1,0.4,0.39,0.2983333333333334
Fridge,14,31,1,1,0.0,0.4,0.2708333333333334
Fridge,15,31,1,1,0.0,0.0,0.2820833333333334
Fridge,16,31,1,1,0.44,0.0,0.26291666666666674
Fridge,17,31,1,1,0.0,0.44,0.2583333333333334
Fridge,18,31,1,1,0.0,0.0,0.30916666666666676
Fridge,19,31,1,1,1.22,0.0,0.3066666666666667
Fridge,20,31,1,1,0.17,1.22,0.34125000000000005
Fridge,21,31,1,1,0.83,0.17,0.34125000000000005
Fridge,22,31,1,1,0.0,0.83,0.32875000000000004
Fridge,23,31,1,1,0.0,0.0,0.32875000000000004
Fridge,0,1,2,2,0.0,0.0,0.3195833333333334
Fridge,1,1,2,2,0.26,0.0,0.3341666666666667
Fridge,2,1,2,2,0.35,0.26,0.34333333333333343
Fridge,3,1,2,2,0.47,0.35,0.34625
Fridge,4,1,2,2,0.28,0.47,0.31791666666666674
Fridge,5,1,2,2,0.0,0.28,0.3212500000000001
Fridge,6,1,2,2,0.55,0.0,0.3133333333333334
Fridge,7,1,2,2,1.08,0.55,0.3233333333333334
Fridge,8,1,2,2,0.24,1.08,0.34875000000000006
Fridge,9,1,2,2,0.61,0.24,0.33041666666666675
Fridge,10,1,2,2,0.0,0.61,0.31583333333333335
Fridge,11,1,2,2,0.29,0.0,0.29958333333333337
Fridge,12,1,2,2,0.0,0.29,0.2829166666666667
Fridge,13,1,2,2,0.0,0.0,0.2929166666666667
Fridge,14,1,2,2,0.24,0.0,0.2929166666666667
Fridge,15,1,2,2,0.0,0.24,0.30708333333333343
Fridge,16,1,2,2,0.78,0.0,0.3216666666666667
Fridge,17,1,2,2,0.35,0.78,0.33375000000000005
Fridge,18,1,2,2,0.29,0.35,0.3362500000000001
Fridge,19,1,2,2,1.28,0.29,0.33833333333333343
Fridge,20,1,2,2,0.22,1.28,0.34208333333333346
Fridge,21,1,2,2,0.92,0.22,0.37666666666666676
Fridge,22,1,2,2,0.8300000000000001,0.92,0.3866666666666667
Fridge,23,1,2,2,0.24,0.8300000000000001,0.40791666666666676
Fridge,0,2,3,2,0.51,0.24,0.39708333333333345
Fridge,1,2,3,2,0.0,0.51,0.3916666666666668
Fridge,2,2,3,2,0.22,0.0,0.38791666666666674
Fridge,3,2,3,2,0.38,0.22,0.37625000000000014
Fridge,4,2,3,2,0.0,0.38,0.3966666666666668
Fridge,5,2,3,2,0.49,0.0,0.3737500000000001
Fridge,6,2,3,2,0.0,0.49,0.32875000000000004
Fridge,7,2,3,2,0.0,0.0,0.33000000000000007
Fridge,8,2,3,2,0.27,0.0,0.30458333333333343
Fridge,9,2,3,2,0.0,0.27,0.30458333333333343
Fridge,10,2,3,2,0.0,0.0,0.2925000000000001
Fridge,11,2,3,2,0.0,0.0,0.32791666666666675
Fridge,12,2,3,2,0.8500000000000001,0.0,0.32791666666666675
Fridge,13,2,3,2,0.0,0.8500000000000001,0.34375000000000006
Fridge,14,2,3,2,0.62,0.0,0.34375000000000006
Fridge,15,2,3,2,0.0,0.62,0.3425000000000001
Fridge,16,2,3,2,0.75,0.0,0.3625000000000001
Fridge,17,2,3,2,0.83,0.75,0.3641666666666667
Fridge,18,2,3,2,0.33,0.83,0.33000000000000007
Fridge,19,2,3,2,0.4599999999999999,0.33,0.3383333333333334
Fridge,20,2,3,2,0.42,0.4599999999999999,0.31791666666666674
Fridge,21,2,3,2,0.43,0.42,0.31750000000000006
Fridge,22,2,3,2,0.8200000000000001,0.43,0.3162500000000001
Fridge,23,2,3,2,0.21,0.8200000000000001,0.3108333333333334
Fridge,0,3,4,2,0.38,0.21,0.3108333333333334
Fridge,1,3,4,2,0.0,0.38,0.31750000000000006
Fridge,2,3,4,2,0.38,0.0,0.33541666666666675
Fridge,3,3,4,2,0.81,0.38,0.35291666666666677
Fridge,4,3,4,2,0.42,0.81,0.3570833333333334
Fridge,5,3,4,2,0.59,0.42,0.38291666666666674
Fridge,6,3,4,2,0.62,0.59,0.38291666666666674
Fridge,7,3,4,2,0.0,0.62,0.3825000000000001
Fridge,8,3,4,2,0.26,0.0,0.40458333333333346
Fridge,9,3,4,2,0.53,0.26,0.4279166666666668
Fridge,10,3,4,2,0.56,0.53,0.4545833333333334
Fridge,11,3,4,2,0.64,0.56,0.43500000000000005
Fridge,12,3,4,2,0.38,0.64,0.45500000000000007
Fridge,13,3,4,2,0.48,0.38,0.4383333333333334
Fridge,14,3,4,2,0.22,0.48,0.4829166666666667
Fridge,15,3,4,2,1.0699999999999998,0.22,0.4641666666666668
Fridge,16,3,4,2,0.3,1.0699999999999998,0.4412500000000001
Fridge,17,3,4,2,0.28,0.3,0.44250000000000006
Fridge,18,3,4,2,0.36,0.28,0.4429166666666668
Fridge,19,3,4,2,0.47,0.36,0.46250000000000013
Fridge,20,3,4,2,0.89,0.47,0.4816666666666667
Fridge,21,3,4,2,0.89,0.89,0.4775000000000001
Fridge,22,3,4,2,0.72,0.89,0.46875000000000006
Fridge,23,3,4,2,0.0,0.72,0.4708333333333334
Fridge,0,4,5,2,0.43,0.0,0.4708333333333334
Fridge,1,4,5,2,0.0,0.43,0.4641666666666668
Fridge,2,4,5,2,0.22,0.0,0.44791666666666674
Fridge,3,4,5,2,0.42,0.22,0.4304166666666667
Fridge,4,4,5,2,0.0,0.42,0.4270833333333334
Fridge,5,4,5,2,0.51,0.0,0.4012500000000001
Fridge,6,4,5,2,0.0,0.51,0.4012500000000001
Fridge,7,4,5,2,0.0,0.0,0.4291666666666667
Fridge,8,4,5,2,0.93,0.0,0.41625000000000006
Fridge,9,4,5,2,0.22,0.93,0.4083333333333334
Fridge,10,4,5,2,0.37,0.22,0.4025000000000001
Fridge,11,4,5,2,0.5,0.37,0.4079166666666667
Fridge,12,4,5,2,0.51,0.5,0.40375000000000005
Fridge,13,4,5,2,0.38,0.51,0.4095833333333334
Fridge,14,4,5,2,0.36,0.38,0.3720833333333334
Fridge,15,4,5,2,0.17,0.36,0.35958333333333337
Fridge,16,4,5,2,0.0,0.17,0.3479166666666667
Fridge,17,4,5,2,0.0,0.0,0.3425000000000001
Fridge,18,4,5,2,0.23,0.0,0.32291666666666674
Fridge,19,4,5,2,0.0,0.23,0.2979166666666667
Fridge,20,4,5,2,0.29,0.0,0.2900000000000001
Fridge,21,4,5,2,0.7,0.29,0.2845833333333334
Fridge,22,4,5,2,0.59,0.7,0.31416666666666676
Fridge,23,4,5,2,0.71,0.59,0.3033333333333334
Fridge,0,5,6,2,0.17,0.71,0.3108333333333334
Fridge,1,5,6,2,0.18,0.17,0.3016666666666667
Fridge,2,5,6,2,0.0,0.18,0.2979166666666667
Fridge,3,5,6,2,0.33,0.0,0.3379166666666667
Fridge,4,5,6,2,0.96,0.33,0.3445833333333334
Fridge,5,5,6,2,0.6699999999999999,0.96,0.3712500000000001
Fridge,6,5,6,2,0.64,0.6699999999999999,0.3712500000000001
Fridge,7,5,6,2,0.0,0.64,0.3325000000000001
Fridge,8,5,6,2,0.0,0.0,0.34666666666666673
Fridge,9,5,6,2,0.56,0.0,0.3820833333333334
Fridge,10,5,6,2,1.22,0.56,0.36125000000000007
Fridge,11,5,6,2,0.0,1.22,0.3912500000000001
Fridge,12,5,6,2,1.23,0.0,0.4079166666666667
Fridge,13,5,6,2,0.78,1.23,0.39291666666666675
Fridge,14,5,6,2,0.0,0.78,0.3858333333333334
Fridge,15,5,6,2,0.0,0.0,0.4150000000000001
Fridge,16,5,6,2,0.7,0.0,0.42375000000000007
Fridge,17,5,6,2,0.21,0.7,0.4316666666666667
Fridge,18,5,6,2,0.42,0.21,0.4316666666666667
Fridge,19,5,6,2,0.0,0.42,0.41958333333333336
Fridge,20,5,6,2,0.0,0.0,0.3904166666666667
Fridge,21,5,6,2,0.0,0.0,0.3791666666666667
Fridge,22,5,6,2,0.32,0.0,0.35541666666666677
Fridge,23,5,6,2,0.14,0.32,0.36333333333333345
Fridge,0,6,0,2,0.36,0.14,0.3558333333333334
Fridge,1,6,0,2,0.0,0.36,0.3787500000000001
Fridge,2,6,0,2,0.55,0.0,0.3720833333333334
Fridge,3,6,0,2,0.17,0.55,0.33208333333333345
Fridge,4,6,0,2,0.0,0.17,0.30416666666666675
Fridge,5,6,0,2,0.0,0.0,0.2775000000000001
Fridge,6,6,0,2,0.0,0.0,0.2775000000000001
Fridge,7,6,0,2,0.0,0.0,0.2775000000000001
Fridge,8,6,0,2,0.0,0.0,0.2745833333333334
Fridge,9,6,0,2,0.49,0.0,0.22875000000000004
Fridge,10,6,0,2,0.12,0.49,0.2287500000000001
Fridge,11,6,0,2,0.0,0.12,0.17750000000000007
Fridge,12,6,0,2,0.0,0.0,0.15166666666666673
Fridge,13,6,0,2,0.16,0.0,0.15166666666666673
Fridge,14,6,0,2,0.0,0.16,0.1745833333333334
Fridge,15,6,0,2,0.55,0.0,0.14541666666666675
Fridge,16,6,0,2,0.0,0.55,0.14083333333333342
Fridge,17,6,0,2,0.1,0.0,0.14916666666666675
Fridge,18,6,0,2,0.62,0.1,0.14916666666666675
Fridge,19,6,0,2,0.0,0.62,0.1895833333333334
Fridge,20,6,0,2,0.97,0.0,0.20166666666666674
Fridge,21,6,0,2,0.29,0.97,0.18833333333333338
Fridge,22,6,0,2,0.0,0.29,0.22666666666666677
Fridge,23,6,0,2,1.06,0.0,0.2208333333333334
Fridge,0,7,1,2,0.22,1.06,0.2208333333333334
Fridge,1,7,1,2,0.0,0.22,0.22166666666666676
Fridge,2,7,1,2,0.5700000000000001,0.0,0.24666666666666673
Fridge,3,7,1,2,0.77,0.5700000000000001,0.24666666666666673
Fridge,4,7,1,2,0.0,0.77,0.24666666666666673
Fridge,5,7,1,2,0.0,0.0,0.2770833333333334
Fridge,6,7,1,2,0.73,0.0,0.2770833333333334
Fridge,7,7,1,2,0.0,0.73,0.2975000000000001
Fridge,8,7,1,2,0.49,0.0,0.28375000000000006
Fridge,9,7,1,2,0.16,0.49,0.27875000000000005
Fridge,10,7,1,2,0.0,0.16,0.3079166666666667
Fridge,11,7,1,2,0.7,0.0,0.3079166666666667
Fridge,12,7,1,2,0.0,0.7,0.3166666666666667
Fridge,13,7,1,2,0.37,0.0,0.3245833333333334
Fridge,14,7,1,2,0.19,0.37,0.3166666666666667
Fridge,15,7,1,2,0.36,0.19,0.3166666666666667
Fridge,16,7,1,2,0.0,0.36,0.31250000000000006
Fridge,17,7,1,2,0.0,0.0,0.32500000000000007
Fridge,18,7,1,2,0.92,0.0,0.36625000000000013
Fridge,19,7,1,2,0.99,0.92,0.3258333333333334
Fridge,20,7,1,2,0.0,0.99,0.34416666666666673
Fridge,21,7,1,2,0.73,0.0,0.36166666666666675
Fridge,22,7,1,2,0.42,0.73,0.335
Fridge,23,7,1,2,0.42,0.42,0.3320833333333334
Fridge,0,8,2,2,0.15,0.42,0.3500000000000001
Fridge,1,8,2,2,0.43,0.15,0.34875000000000006
Fridge,2,8,2,2,0.54,0.43,0.3166666666666667
Fridge,3,8,2,2,0.0,0.54,0.3166666666666667
Fridge,4,8,2,2,0.0,0.0,0.3166666666666667
Fridge,5,8,2,2,0.0,0.0,0.28625000000000006
Fridge,6,8,2,2,0.0,0.0,0.3062500000000001
Fridge,7,8,2,2,0.48,0.0,0.2858333333333334
Fridge,8,8,2,2,0.0,0.48,0.27916666666666673
Fridge,9,8,2,2,0.0,0.0,0.27916666666666673
Fridge,10,8,2,2,0.0,0.0,0.25000000000000006
Fridge,11,8,2,2,0.0,0.0,0.26000000000000006
Fridge,12,8,2,2,0.24,0.0,0.25541666666666674
Fridge,13,8,2,2,0.26,0.24,0.24750000000000005
Fridge,14,8,2,2,0.0,0.26,0.2558333333333334
Fridge,15,8,2,2,0.56,0.0,0.2558333333333334
Fridge,16,8,2,2,0.0,0.56,0.3183333333333334
Fridge,17,8,2,2,1.5,0.0,0.29291666666666677
Fridge,18,8,2,2,0.31,1.5,0.2562500000000001
Fridge,19,8,2,2,0.11,0.31,0.28416666666666673
Fridge,20,8,2,2,0.67,0.11,0.2725000000000001
Fridge,21,8,2,2,0.45,0.67,0.2725000000000001
Fridge,22,8,2,2,0.42,0.45,0.25500000000000006
Fridge,23,8,2,2,0.0,0.42,0.28541666666666676
Fridge,0,9,3,2,0.88,0.0,0.28416666666666673
Fridge,1,9,3,2,0.4,0.88,0.2616666666666667
Fridge,2,9,3,2,0.0,0.4,0.28166666666666673
Fridge,3,9,3,2,0.48,0.0,0.3008333333333334
Fridge,4,9,3,2,0.46,0.48,0.31458333333333344
Fridge,5,9,3,2,0.33,0.46,0.33041666666666675
Fridge,6,9,3,2,0.38,0.33,0.33291666666666675
Fridge,7,9,3,2,0.54,0.38,0.33291666666666675
Fridge,8,9,3,2,0.0,0.54,0.33291666666666675
Fridge,9,9,3,2,0.0,0.0,0.3875000000000001
Fridge,10,9,3,2,1.31,0.0,0.46000000000000013
Fridge,11,9,3,2,1.74,1.31,0.4566666666666668
Fridge,12,9,3,2,0.16,1.74,0.4741666666666668
Fridge,13,9,3,2,0.6799999999999999,0.16,0.5054166666666667
Fridge,14,9,3,2,0.75,0.6799999999999999,0.5129166666666668
Fridge,15,9,3,2,0.74,0.75,0.5279166666666667
Fridge,16,9,3,2,0.36,0.74,0.4708333333333334
Fridge,17,9,3,2,0.13,0.36,0.45791666666666675
Fridge,18,9,3,2,0.0,0.13,0.4625000000000001
Fridge,19,9,3,2,0.22,0.0,0.4729166666666667
Fridge,20,9,3,2,0.92,0.22,0.46958333333333346
Fridge,21,9,3,2,0.37,0.92,0.4987500000000001
Fridge,22,9,3,2,1.12,0.37,0.5079166666666668
Fridge,23,9,3,2,0.22,1.12,0.4833333333333334
Fridge,0,10,4,2,0.29,0.22,0.4991666666666667
Fridge,1,10,4,2,0.78,0.29,0.5129166666666667
Fridge,2,10,4,2,0.33,0.78,0.4929166666666667
Fridge,3,10,4,2,0.0,0.33,0.47833333333333344
Fridge,4,10,4,2,0.11,0.0,0.49750000000000005
Fridge,5,10,4,2,0.79,0.11,0.5066666666666668
Fridge,6,10,4,2,0.6,0.79,0.4904166666666667
Fridge,7,10,4,2,0.15,0.6,0.4904166666666667
Fridge,8,10,4,2,0.0,0.15,0.5145833333333334
Fridge,9,10,4,2,0.5800000000000001,0.0,0.46
Fridge,10,10,4,2,0.0,0.5800000000000001,0.3875
Fridge,11,10,4,2,0.0,0.0,0.40166666666666667
Fridge,12,10,4,2,0.5,0.0,0.3966666666666667
Fridge,13,10,4,2,0.56,0.5,0.39000000000000007
Fridge,14,10,4,2,0.5900000000000001,0.56,0.3658333333333334
Fridge,15,10,4,2,0.16,0.5900000000000001,0.35666666666666674
Fridge,16,10,4,2,0.14,0.16,0.3608333333333335
Fridge,17,10,4,2,0.23,0.14,0.3920833333333335
Fridge,18,10,4,2,0.75,0.23,0.3829166666666668
Fridge,19,10,4,2,0.0,0.75,0.3825000000000001
Fridge,20,10,4,2,0.91,0.0,0.38083333333333336
Fridge,21,10,4,2,0.33,0.91,0.3341666666666667
Fridge,22,10,4,2,0.0,0.33,0.3325000000000001
Fridge,23,10,4,2,0.18,0.0,0.33375000000000005
Fridge,0,11,5,2,0.32,0.18,0.35541666666666677
Fridge,1,11,5,2,1.3,0.32,0.3416666666666668
Fridge,2,11,5,2,0.0,1.3,0.3595833333333334
Fridge,3,11,5,2,0.43,0.0,0.3591666666666668
Fridge,4,11,5,2,0.1,0.43,0.3262500000000001
Fridge,5,11,5,2,0.0,0.1,0.32666666666666677
Fridge,6,11,5,2,0.61,0.0,0.3366666666666667
Fridge,7,11,5,2,0.39,0.61,0.3366666666666667
Fridge,8,11,5,2,0.0,0.39,0.3333333333333334
Fridge,9,11,5,2,0.5,0.0,0.3333333333333334
Fridge,10,11,5,2,0.0,0.5,0.35208333333333336
Fridge,11,11,5,2,0.45,0.0,0.3312500000000001
Fridge,12,11,5,2,0.0,0.45,0.3333333333333334
Fridge,13,11,5,2,0.61,0.0,0.3087500000000001
Fridge,14,11,5,2,0.0,0.61,0.3020833333333334
Fridge,15,11,5,2,0.0,0.0,0.29625000000000007
Fridge,16,11,5,2,0.0,0.0,0.2950000000000001
Fridge,17,11,5,2,0.2,0.0,0.27583333333333343
Fridge,18,11,5,2,0.29,0.2,0.28583333333333344
Fridge,19,11,5,2,0.24,0.29,0.28083333333333343
Fridge,20,11,5,2,0.79,0.24,0.2670833333333334
Fridge,21,11,5,2,0.0,0.79,0.28291666666666676
Fridge,22,11,5,2,0.38,0.0,0.2950000000000001
Fridge,23,11,5,2,0.47,0.38,0.28166666666666673
Fridge,0,12,6,2,0.0,0.47,0.2512500000000001
Fridge,1,12,6,2,0.5700000000000001,0.0,0.2512500000000001
Fridge,2,12,6,2,0.0,0.5700000000000001,0.24166666666666672
Fridge,3,12,6,2,0.2,0.0,0.25000000000000006
Fridge,4,12,6,2,0.3,0.2,0.2883333333333334
Fridge,5,12,6,2,0.92,0.3,0.28083333333333343
Fridge,6,12,6,2,0.43,0.92,0.2716666666666668
Fridge,7,12,6,2,0.17,0.43,0.2895833333333334
Fridge,8,12,6,2,0.43,0.17,0.28625000000000006
Fridge,9,12,6,2,0.42,0.43,0.3162500000000001
Fridge,10,12,6,2,0.72,0.42,0.31791666666666674
Fridge,11,12,6,2,0.49,0.72,0.3591666666666667
Fridge,12,12,6,2,0.99,0.49,0.35208333333333347
Fridge,13,12,6,2,0.44,0.99,0.3704166666666668
Fridge,14,12,6,2,0.44,0.44,0.3812500000000001
Fridge,15,12,6,2,0.26,0.44,0.3812500000000001
Fridge,16,12,6,2,0.0,0.26,0.37291666666666673
Fridge,17,12,6,2,0.0,0.0,0.3608333333333334
Fridge,18,12,6,2,0.0,0.0,0.3508333333333334
Fridge,19,12,6,2,0.0,0.0,0.31791666666666674
Fridge,20,12,6,2,0.0,0.0,0.3245833333333334
Fridge,21,12,6,2,0.16,0.0,0.31708333333333344
Fridge,22,12,6,2,0.2,0.16,0.2975000000000001
Fridge,23,12,6,2,0.0,0.2,0.30708333333333343
Fridge,0,13,0,2,0.23,0.0,0.2833333333333334
Fridge,1,13,0,2,0.0,0.23,0.3012500000000001
Fridge,2,13,0,2,0.43,0.0,0.2983333333333334
Fridge,3,13,0,2,0.13,0.43,0.28583333333333344
Fridge,4,13,0,2,0.0,0.13,0.25541666666666674
Fridge,5,13,0,2,0.19,0.0,0.23750000000000004
Fridge,6,13,0,2,0.0,0.19,0.23041666666666671
Fridge,7,13,0,2,0.0,0.0,0.21250000000000005
Fridge,8,13,0,2,0.0,0.0,0.19500000000000006
Fridge,9,13,0,2,0.0,0.0,0.1650000000000001
Fridge,10,13,0,2,0.0,0.0,0.1533333333333334
Fridge,11,13,0,2,0.21,0.0,0.11208333333333342
Fridge,12,13,0,2,0.0,0.21,0.1300000000000001
Fridge,13,13,0,2,0.87,0.0,0.11875000000000008
Fridge,14,13,0,2,0.17,0.87,0.13541666666666674
Fridge,15,13,0,2,0.6599999999999999,0.17,0.13541666666666674
Fridge,16,13,0,2,0.0,0.6599999999999999,0.1458333333333334
Fridge,17,13,0,2,0.25,0.0,0.1458333333333334
Fridge,18,13,0,2,0.0,0.25,0.1570833333333334
Fridge,19,13,0,2,0.27,0.0,0.1770833333333334
Fridge,20,13,0,2,0.48,0.27,0.17041666666666674
Fridge,21,13,0,2,0.0,0.48,0.17875000000000008
Fridge,22,13,0,2,0.4,0.0,0.1975000000000001
Fridge,23,13,0,2,0.45,0.4,0.18791666666666676
Fridge,0,14,1,2,0.0,0.45,0.2170833333333334
Fridge,1,14,1,2,0.7,0.0,0.2116666666666667
Fridge,2,14,1,2,0.3,0.7,0.20625000000000004
Fridge,3,14,1,2,0.0,0.3,0.20625000000000004
Fridge,4,14,1,2,0.0,0.0,0.22166666666666676
Fridge,5,14,1,2,0.56,0.0,0.22166666666666676
Fridge,6,14,1,2,0.0,0.56,0.22166666666666676
Fridge,7,14,1,2,0.0,0.0,0.2300000000000001
Fridge,8,14,1,2,0.2,0.0,0.2300000000000001
Fridge,9,14,1,2,0.0,0.2,0.23708333333333342
Fridge,10,14,1,2,0.17,0.0,0.23708333333333342
Fridge,11,14,1,2,0.21,0.17,0.24625000000000008
Fridge,12,14,1,2,0.22,0.21,0.23666666666666678
Fridge,13,14,1,2,0.64,0.22,0.22958333333333344
Fridge,14,14,1,2,0.0,0.64,0.20208333333333342
Fridge,15,14,1,2,0.0,0.0,0.22666666666666677
Fridge,16,14,1,2,0.59,0.0,0.23416666666666675
Fridge,17,14,1,2,0.43,0.59,0.24666666666666673
Fridge,18,14,1,2,0.3,0.43,0.26833333333333337
Fridge,19,14,1,2,0.79,0.3,0.26291666666666674
Fridge,20,14,1,2,0.35,0.79,0.27041666666666675
Fridge,21,14,1,2,0.18,0.35,0.26125000000000004
Fridge,22,14,1,2,0.18,0.18,0.24250000000000005
Fridge,23,14,1,2,0.0,0.18,0.2566666666666667
Fridge,0,15,2,2,0.34,0.0,0.22750000000000006
Fridge,1,15,2,2,0.0,0.34,0.22250000000000011
Fridge,2,15,2,2,0.18,0.0,0.25416666666666676
Fridge,3,15,2,2,0.76,0.18,0.25416666666666676
Fridge,4,15,2,2,0.0,0.76,0.23083333333333342
Fridge,5,15,2,2,0.0,0.0,0.23083333333333342
Fridge,6,15,2,2,0.0,0.0,0.23083333333333342
Fridge,7,15,2,2,0.0,0.0,0.25541666666666674
Fridge,8,15,2,2,0.79,0.0,0.25541666666666674
Fridge,9,15,2,2,0.0,0.79,0.2483333333333334
Fridge,10,15,2,2,0.0,0.0,0.2395833333333334
Fridge,11,15,2,2,0.0,0.0,0.23041666666666674
Fridge,12,15,2,2,0.0,0.0,0.22250000000000006
Fridge,13,15,2,2,0.45,0.0,0.23250000000000007
Fridge,14,15,2,2,0.24,0.45,0.23250000000000007
Fridge,15,15,2,2,0.0,0.24,0.22708333333333341
Fridge,16,15,2,2,0.46,0.0,0.22666666666666677
Fridge,17,15,2,2,0.42,0.46,0.21416666666666676
Fridge,18,15,2,2,0.0,0.42,0.1812500000000001
Fridge,19,15,2,2,0.0,0.0,0.2083333333333334
Fridge,20,15,2,2,1.0,0.0,0.21916666666666673
Fridge,21,15,2,2,0.44,1.0,0.22041666666666673
Fridge,22,15,2,2,0.21,0.44,0.23083333333333342
Fridge,23,15,2,2,0.25,0.21,0.2691666666666668
Fridge,0,16,3,2,1.26,0.25,0.2870833333333334
Fridge,1,16,3,2,0.43,1.26,0.2795833333333334
Fridge,2,16,3,2,0.0,0.43,0.26291666666666674
Fridge,3,16,3,2,0.36,0.0,0.2820833333333334
Fridge,4,16,3,2,0.46,0.36,0.2920833333333334
Fridge,5,16,3,2,0.24,0.46,0.2979166666666668
Fridge,6,16,3,2,0.14,0.24,0.2979166666666668
Fridge,7,16,3,2,0.0,0.14,0.2787500000000001
Fridge,8,16,3,2,0.33,0.0,0.2787500000000001
Fridge,9,16,3,2,0.0,0.33,0.2787500000000001
Fridge,10,16,3,2,0.0,0.0,0.2933333333333334
Fridge,11,16,3,2,0.35,0.0,0.2933333333333334
Fridge,12,16,3,2,0.0,0.35,0.3037500000000001
Fridge,13,16,3,2,0.7,0.0,0.3029166666666667
Fridge,14,16,3,2,0.22,0.7,0.3375000000000001
Fridge,15,16,3,2,0.83,0.22,0.32500000000000007
Fridge,16,16,3,2,0.16,0.83,0.30750000000000005
Fridge,17,16,3,2,0.0,0.16,0.31875000000000003
Fridge,18,16,3,2,0.27,0.0,0.3325000000000001
Fridge,19,16,3,2,0.33,0.27,0.3116666666666667
Fridge,20,16,3,2,0.5,0.33,0.2933333333333334
Fridge,21,16,3,2,0.0,0.5,0.3395833333333334
Fridge,22,16,3,2,1.32,0.0,0.3525000000000001
Fridge,23,16,3,2,0.56,1.32,0.3000000000000001
Fridge,0,17,4,2,0.0,0.56,0.3095833333333334
Fridge,1,17,4,2,0.66,0.0,0.3095833333333334
Fridge,2,17,4,2,0.0,0.66,0.2945833333333334
Fridge,3,17,4,2,0.0,0.0,0.3029166666666667
Fridge,4,17,4,2,0.66,0.0,0.29291666666666677
Fridge,5,17,4,2,0.0,0.66,0.3079166666666667
Fridge,6,17,4,2,0.5,0.0,0.3079166666666667
Fridge,7,17,4,2,0.0,0.5,0.3108333333333334
Fridge,8,17,4,2,0.4,0.0,0.32541666666666674
Fridge,9,17,4,2,0.35,0.4,0.3583333333333334
Fridge,10,17,4,2,0.79,0.35,0.34375000000000006
Fridge,11,17,4,2,0.0,0.79,0.34375000000000006
Fridge,12,17,4,2,0.0,0.0,0.3395833333333334
Fridge,13,17,4,2,0.6,0.0,0.33458333333333345
Fridge,14,17,4,2,0.1,0.6,0.3000000000000001
Fridge,15,17,4,2,0.0,0.1,0.3475000000000001
Fridge,16,17,4,2,1.3,0.0,0.38541666666666674
Fridge,17,17,4,2,0.91,1.3,0.37416666666666676
Fridge,18,17,4,2,0.0,0.91,0.37458333333333343
Fridge,19,17,4,2,0.34,0.0,0.3808333333333334
Fridge,20,17,4,2,0.65,0.34,0.41625000000000006
Fridge,21,17,4,2,0.85,0.65,0.36708333333333343
Fridge,22,17,4,2,0.14,0.85,0.36250000000000004
Fridge,23,17,4,2,0.45,0.14,0.36250000000000004
Fridge,0,18,5,2,0.0,0.45,0.3529166666666667
Fridge,1,18,5,2,0.43,0.0,0.37166666666666676
Fridge,2,18,5,2,0.45,0.43,0.3804166666666667
Fridge,3,18,5,2,0.21,0.45,0.3529166666666667
Fridge,4,18,5,2,0.0,0.21,0.3529166666666667
Fridge,5,18,5,2,0.0,0.0,0.33208333333333345
Fridge,6,18,5,2,0.0,0.0,0.35416666666666674
Fridge,7,18,5,2,0.53,0.0,0.37166666666666676
Fridge,8,18,5,2,0.8200000000000001,0.53,0.3645833333333334
Fridge,9,18,5,2,0.18,0.8200000000000001,0.3491666666666668
Fridge,10,18,5,2,0.42,0.18,0.3491666666666668
Fridge,11,18,5,2,0.0,0.42,0.3675000000000001
Fridge,12,18,5,2,0.44,0.0,0.3616666666666668
Fridge,13,18,5,2,0.46,0.44,0.39083333333333337
Fridge,14,18,5,2,0.8,0.46,0.3979166666666667
Fridge,15,18,5,2,0.17,0.8,0.35291666666666677
Fridge,16,18,5,2,0.22,0.17,0.34041666666666676
Fridge,17,18,5,2,0.61,0.22,0.3675000000000001
Fridge,18,18,5,2,0.6499999999999999,0.61,0.35333333333333344
Fridge,19,18,5,2,0.0,0.6499999999999999,0.3262500000000001
Fridge,20,18,5,2,0.0,0.0,0.30083333333333345
Fridge,21,18,5,2,0.24,0.0,0.3133333333333334
Fridge,22,18,5,2,0.44,0.24,0.3083333333333334
Fridge,23,18,5,2,0.33,0.44,0.32000000000000006
Fridge,0,19,6,2,0.28,0.33,0.3112500000000001
Fridge,1,19,6,2,0.22,0.28,0.3266666666666667
Fridge,2,19,6,2,0.82,0.22,0.3366666666666667
Fridge,3,19,6,2,0.45,0.82,0.3704166666666668
Fridge,4,19,6,2,0.81,0.45,0.38291666666666674
Fridge,5,19,6,2,0.3,0.81,0.3950000000000001
Fridge,6,19,6,2,0.29,0.3,0.3729166666666668
Fridge,7,19,6,2,0.0,0.29,0.3387500000000001
Fridge,8,19,6,2,0.0,0.0,0.3470833333333334
Fridge,9,19,6,2,0.38,0.0,0.3295833333333334
Fridge,10,19,6,2,0.0,0.38,0.3295833333333334
Fridge,11,19,6,2,0.0,0.0,0.3308333333333334
Fridge,12,19,6,2,0.47,0.0,0.31166666666666676
Fridge,13,19,6,2,0.0,0.47,0.2933333333333334
Fridge,14,19,6,2,0.36,0.0,0.29250000000000004
Fridge,15,19,6,2,0.15,0.36,0.2833333333333334
Fridge,16,19,6,2,0.0,0.15,0.2691666666666667
Fridge,17,19,6,2,0.27,0.0,0.24208333333333343
Fridge,18,19,6,2,0.0,0.27,0.26750000000000007
Fridge,19,19,6,2,0.61,0.0,0.28291666666666676
Fridge,20,19,6,2,0.37,0.61,0.27291666666666675
Fridge,21,19,6,2,0.0,0.37,0.25458333333333344
Fridge,22,19,6,2,0.0,0.0,0.24625000000000008
Fridge,23,19,6,2,0.13,0.0,0.2345833333333334
Fridge,0,20,0,2,0.0,0.13,0.26541666666666675
Fridge,1,20,0,2,0.96,0.0,0.23541666666666675
Fridge,2,20,0,2,0.1,0.96,0.22791666666666674
Fridge,3,20,0,2,0.27,0.1,0.19416666666666674
Fridge,4,20,0,2,0.0,0.27,0.19291666666666676
Fridge,5,20,0,2,0.27,0.0,0.22000000000000008
Fridge,6,20,0,2,0.94,0.27,0.2537500000000001
Fridge,7,20,0,2,0.81,0.94,0.2683333333333334
Fridge,8,20,0,2,0.35,0.81,0.2683333333333334
Fridge,9,20,0,2,0.38,0.35,0.2741666666666667
Fridge,10,20,0,2,0.14,0.38,0.29125000000000006
Fridge,11,20,0,2,0.41,0.14,0.2716666666666667
Fridge,12,20,0,2,0.0,0.41,0.29375000000000007
Fridge,13,20,0,2,0.53,0.0,0.3025000000000001
Fridge,14,20,0,2,0.5700000000000001,0.53,0.29625000000000007
Fridge,15,20,0,2,0.0,0.5700000000000001,0.3145833333333334
Fridge,16,20,0,2,0.44,0.0,0.31750000000000006
Fridge,17,20,0,2,0.34,0.44,0.31750000000000006
Fridge,18,20,0,2,0.0,0.34,0.2920833333333334
Fridge,19,20,0,2,0.0,0.0,0.32208333333333344
Fridge,20,20,0,2,1.09,0.0,0.34208333333333346
Fridge,21,20,0,2,0.48,1.09,0.3808333333333334
Fridge,22,20,0,2,0.93,0.48,0.37541666666666673
Fridge,23,20,0,2,0.0,0.93,0.38166666666666677
Fridge,0,21,1,2,0.15,0.0,0.3591666666666668
Fridge,1,21,1,2,0.42,0.15,0.3675000000000001
Fridge,2,21,1,2,0.3,0.42,0.38458333333333333
Fridge,3,21,1,2,0.6799999999999999,0.3,0.38458333333333333
Fridge,4,21,1,2,0.0,0.6799999999999999,0.3787500000000001
Fridge,5,21,1,2,0.13,0.0,0.3600000000000001
Fridge,6,21,1,2,0.49,0.13,0.3500000000000001
Fridge,7,21,1,2,0.5700000000000001,0.49,0.3591666666666667
Fridge,8,21,1,2,0.57,0.5700000000000001,0.34333333333333343
Fridge,9,21,1,2,0.0,0.57,0.3375000000000001
Fridge,10,21,1,2,0.0,0.0,0.3479166666666667
Fridge,11,21,1,2,0.66,0.0,0.3645833333333334
Fridge,12,21,1,2,0.4,0.66,0.3620833333333335
Fridge,13,21,1,2,0.47,0.4,0.3587500000000001
Fridge,14,21,1,2,0.49,0.47,0.37458333333333343
Fridge,15,21,1,2,0.38,0.49,0.39458333333333334
Fridge,16,21,1,2,0.92,0.38,0.3804166666666667
Fridge,17,21,1,2,0.0,0.92,0.3804166666666667
Fridge,18,21,1,2,0.0,0.0,0.3804166666666667
Fridge,19,21,1,2,0.0,0.0,0.335
Fridge,20,21,1,2,0.0,0.0,0.3150000000000001
Fridge,21,21,1,2,0.0,0.0,0.2883333333333334
Fridge,22,21,1,2,0.29,0.0,0.2883333333333334
Fridge,23,21,1,2,0.0,0.29,0.29083333333333344
Fridge,0,22,2,2,0.21,0.0,0.27333333333333343
Fridge,1,22,2,2,0.0,0.21,0.27916666666666673
Fridge,2,22,2,2,0.44,0.0,0.2508333333333334
Fridge,3,22,2,2,0.0,0.44,0.2508333333333334
Fridge,4,22,2,2,0.0,0.0,0.26291666666666674
Fridge,5,22,2,2,0.42,0.0,0.24250000000000005
Fridge,6,22,2,2,0.0,0.42,0.2250000000000001
Fridge,7,22,2,2,0.15,0.0,0.20875000000000007
Fridge,8,22,2,2,0.18,0.15,0.23625000000000007
Fridge,9,22,2,2,0.66,0.18,0.27791666666666676
Fridge,10,22,2,2,1.0,0.66,0.2845833333333334
Fridge,11,22,2,2,0.8200000000000001,1.0,0.26791666666666675
Fridge,12,22,2,2,0.0,0.8200000000000001,0.26625000000000004
Fridge,13,22,2,2,0.43,0.0,0.24583333333333343
Fridge,14,22,2,2,0.0,0.43,0.2691666666666667
Fridge,15,22,2,2,0.94,0.0,0.24916666666666673
Fridge,16,22,2,2,0.44,0.94,0.24916666666666673
Fridge,17,22,2,2,0.0,0.44,0.24916666666666673
Fridge,18,22,2,2,0.0,0.0,0.24916666666666673
Fridge,19,22,2,2,0.0,0.0,0.2745833333333334
Fridge,20,22,2,2,0.61,0.0,0.3079166666666667
Fridge,21,22,2,2,0.8,0.61,0.32291666666666674
Fridge,22,22,2,2,0.65,0.8,0.3375000000000001
Fridge,23,22,2,2,0.35,0.65,0.3454166666666667
Fridge,0,23,3,2,0.4,0.35,0.38083333333333336
Fridge,1,23,3,2,0.85,0.4,0.3625000000000001
Fridge,2,23,3,2,0.0,0.85,0.37625000000000003
Fridge,3,23,3,2,0.33,0.0,0.3937500000000001
Fridge,4,23,3,2,0.42,0.33,0.3891666666666667
Fridge,5,23,3,2,0.31,0.42,0.3891666666666667
Fridge,6,23,3,2,0.0,0.31,0.39791666666666675
Fridge,7,23,3,2,0.36,0.0,0.4216666666666667
Fridge,8,23,3,2,0.75,0.36,0.41458333333333336
Fridge,9,23,3,2,0.49,0.75,0.37291666666666673
Fridge,10,23,3,2,0.0,0.49,0.35875000000000007
Fridge,11,23,3,2,0.48,0.0,0.35875000000000007
Fridge,12,23,3,2,0.0,0.48,0.3783333333333334
Fridge,13,23,3,2,0.8999999999999999,0.0,0.3941666666666667
Fridge,14,23,3,2,0.38,0.8999999999999999,0.35500000000000004
Fridge,15,23,3,2,0.0,0.38,0.33666666666666667
Fridge,16,23,3,2,0.0,0.0,0.3454166666666667
Fridge,17,23,3,2,0.21,0.0,0.36500000000000005
Fridge,18,23,3,2,0.47,0.21,0.36500000000000005
Fridge,19,23,3,2,0.0,0.47,0.37000000000000005
Fridge,20,23,3,2,0.73,0.0,0.3462500000000001
Fridge,21,23,3,2,0.23,0.73,0.3191666666666667
Fridge,22,23,3,2,0.0,0.23,0.3591666666666667
Fridge,23,23,3,2,1.31,0.0,0.3425
Fridge,0,24,4,2,0.0,1.31,0.3325000000000001
Fridge,1,24,4,2,0.61,0.0,0.33875000000000005
Fridge,2,24,4,2,0.15,0.61,0.34041666666666676
Fridge,3,24,4,2,0.37,0.15,0.3341666666666667
Fridge,4,24,4,2,0.27,0.37,0.3395833333333334
Fridge,5,24,4,2,0.44,0.27,0.37791666666666673
Fridge,6,24,4,2,0.92,0.44,0.37833333333333335
Fridge,7,24,4,2,0.37,0.92,0.35333333333333344
Fridge,8,24,4,2,0.15,0.37,0.3329166666666667
Fridge,9,24,4,2,0.0,0.15,0.3329166666666667
Fridge,10,24,4,2,0.0,0.0,0.3316666666666667
Fridge,11,24,4,2,0.45,0.0,0.34500000000000003
Fridge,12,24,4,2,0.32,0.45,0.32791666666666675
Fridge,13,24,4,2,0.49,0.32,0.3370833333333334
Fridge,14,24,4,2,0.6,0.49,0.37250000000000005
Fridge,15,24,4,2,0.85,0.6,0.39250000000000007
Fridge,16,24,4,2,0.48,0.85,0.3987500000000001
Fridge,17,24,4,2,0.36,0.48,0.4050000000000001
Fridge,18,24,4,2,0.62,0.36,0.4225000000000001
Fridge,19,24,4,2,0.42,0.62,0.4170833333333334
Fridge,20,24,4,2,0.6,0.42,0.40750000000000003
Fridge,21,24,4,2,0.0,0.6,0.45500000000000007
Fridge,22,24,4,2,1.14,0.0,0.4004166666666668
Fridge,23,24,4,2,0.0,1.14,0.4204166666666667
Fridge,0,25,5,2,0.48,0.0,0.395
Fridge,1,25,5,2,0.0,0.48,0.40708333333333346
Fridge,2,25,5,2,0.44,0.0,0.3916666666666668
Fridge,3,25,5,2,0.0,0.44,0.3883333333333334
Fridge,4,25,5,2,0.19,0.0,0.3700000000000001
Fridge,5,25,5,2,0.0,0.19,0.3604166666666668
Fridge,6,25,5,2,0.69,0.0,0.34500000000000014
Fridge,7,25,5,2,0.0,0.69,0.3387500000000001
Fridge,8,25,5,2,0.0,0.0,0.34333333333333343
Fridge,9,25,5,2,0.11,0.0,0.39750000000000013
Fridge,10,25,5,2,1.3,0.11,0.37875
Fridge,11,25,5,2,0.0,1.3,0.40458333333333346
Fridge,12,25,5,2,0.94,0.0,0.4000000000000001
Fridge,13,25,5,2,0.38,0.94,0.375
Fridge,14,25,5,2,0.0,0.38,0.33958333333333335
Fridge,15,25,5,2,0.0,0.0,0.3654166666666667
Fridge,16,25,5,2,1.1,0.0,0.3804166666666668
Fridge,17,25,5,2,0.72,1.1,0.37250000000000005
Fridge,18,25,5,2,0.43,0.72,0.37291666666666673
Fridge,19,25,5,2,0.43,0.43,0.3529166666666667
Fridge,20,25,5,2,0.12,0.43,0.3875
Fridge,21,25,5,2,0.83,0.12,0.35791666666666666
Fridge,22,25,5,2,0.43,0.83,0.37291666666666673
Fridge,23,25,5,2,0.36,0.43,0.3595833333333334
Fridge,0,26,6,2,0.16,0.36,0.3595833333333334
Fridge,1,26,6,2,0.0,0.16,0.34125000000000005
Fridge,2,26,6,2,0.0,0.0,0.34125000000000005
Fridge,3,26,6,2,0.0,0.0,0.37333333333333335
Fridge,4,26,6,2,0.96,0.0,0.37333333333333335
Fridge,5,26,6,2,0.0,0.96,0.38166666666666677
Fridge,6,26,6,2,0.89,0.0,0.38166666666666677
Fridge,7,26,6,2,0.0,0.89,0.4004166666666667
Fridge,8,26,6,2,0.45,0.0,0.41583333333333344
Fridge,9,26,6,2,0.48,0.45,0.38375000000000004
Fridge,10,26,6,2,0.53,0.48,0.40750000000000003
Fridge,11,26,6,2,0.5700000000000001,0.53,0.3683333333333334
Fridge,12,26,6,2,0.0,0.5700000000000001,0.35250000000000004
Fridge,13,26,6,2,0.0,0.0,0.38083333333333336
Fridge,14,26,6,2,0.6799999999999999,0.0,0.4000000000000001
Fridge,15,26,6,2,0.46,0.6799999999999999,0.3654166666666667
Fridge,16,26,6,2,0.27,0.46,0.3579166666666667
Fridge,17,26,6,2,0.54,0.27,0.3604166666666668
Fridge,18,26,6,2,0.49,0.54,0.41750000000000004
Fridge,19,26,6,2,1.7999999999999998,0.49,0.42875000000000013
Fridge,20,26,6,2,0.39,1.7999999999999998,0.41583333333333344
Fridge,21,26,6,2,0.52,0.39,0.4200000000000001
Fridge,22,26,6,2,0.53,0.52,0.4291666666666667
Fridge,23,26,6,2,0.5800000000000001,0.53,0.44250000000000006
Fridge,0,27,0,2,0.48,0.5800000000000001,0.44250000000000006
Fridge,1,27,0,2,0.0,0.48,0.44250000000000006
Fridge,2,27,0,2,0.0,0.0,0.45541666666666675
Fridge,3,27,0,2,0.31,0.0,0.41541666666666677
Fridge,4,27,0,2,0.0,0.31,0.4262500000000001
Fridge,5,27,0,2,0.26,0.0,0.4083333333333334
Fridge,6,27,0,2,0.46,0.26,0.4083333333333334
Fridge,7,27,0,2,0.0,0.46,0.39625000000000005
Fridge,8,27,0,2,0.16,0.0,0.3875000000000001
Fridge,9,27,0,2,0.27,0.16,0.3654166666666668
Fridge,10,27,0,2,0.0,0.27,0.3416666666666668
Fridge,11,27,0,2,0.0,0.0,0.3462500000000001
Fridge,12,27,0,2,0.11,0.0,0.37166666666666676
Fridge,13,27,0,2,0.6100000000000001,0.11,0.34333333333333343
Fridge,14,27,0,2,0.0,0.6100000000000001,0.35166666666666674
Fridge,15,27,0,2,0.66,0.0,0.3783333333333334
Fridge,16,27,0,2,0.91,0.66,0.3887500000000001
Fridge,17,27,0,2,0.79,0.91,0.36833333333333346
Fridge,18,27,0,2,0.0,0.79,0.3087500000000001
Fridge,19,27,0,2,0.37,0.0,0.2925000000000001
Fridge,20,27,0,2,0.0,0.37,0.2708333333333334
Fridge,21,27,0,2,0.0,0.0,0.2750000000000001
Fridge,22,27,0,2,0.63,0.0,0.2708333333333334
Fridge,23,27,0,2,0.48,0.63,0.2666666666666668
Fridge,0,28,1,2,0.38,0.48,0.2825000000000001
Fridge,1,28,1,2,0.38,0.38,0.29916666666666675
Fridge,2,28,1,2,0.4,0.38,0.2904166666666667
Fridge,3,28,1,2,0.1,0.4,0.3108333333333334
Fridge,4,28,1,2,0.49,0.1,0.3145833333333334
Fridge,5,28,1,2,0.35,0.49,0.3270833333333334
Fridge,6,28,1,2,0.76,0.35,0.35500000000000004
Fridge,7,28,1,2,0.67,0.76,0.3637500000000001
Fridge,8,28,1,2,0.37,0.67,0.3575000000000001
Fridge,9,28,1,2,0.12,0.37,0.3575000000000001
Fridge,10,28,1,2,0.0,0.12,0.3712500000000001
Fridge,11,28,1,2,0.33,0.0,0.39625000000000016
Fridge,12,28,1,2,0.71,0.33,0.3895833333333334
Fridge,13,28,1,2,0.45,0.71,0.3895833333333334
Fridge,14,28,1,2,0.0,0.45,0.36208333333333337
Fridge,15,28,1,2,0.0,0.0,0.33375000000000005
Fridge,16,28,1,2,0.23,0.0,0.30083333333333345
Fridge,17,28,1,2,0.0,0.23,0.30083333333333345
Fridge,18,28,1,2,0.0,0.0,0.29875000000000007
Fridge,19,28,1,2,0.32,0.0,0.3062500000000001
Fridge,20,28,1,2,0.18,0.32,0.3062500000000001
Fridge,21,28,1,2,0.0,0.18,0.29625000000000007
Fridge,22,28,1,2,0.39,0.0,0.27625000000000005
Fridge,23,28,1,2,0.0,0.39,0.27875000000000005
Fridge,0,1,2,3,0.44,0.0,0.26791666666666675
Fridge,1,1,2,3,0.12,0.44,0.28666666666666674
Fridge,2,1,2,3,0.85,0.12,0.30166666666666675
Fridge,3,1,2,3,0.46,0.85,0.28125000000000006
Fridge,4,1,2,3,0.0,0.46,0.2845833333333334
Fridge,5,1,2,3,0.43,0.0,0.26458333333333345
Fridge,6,1,2,3,0.28,0.43,0.2433333333333334
Fridge,7,1,2,3,0.16,0.28,0.2400000000000001
Fridge,8,1,2,3,0.29,0.16,0.2350000000000001
Fridge,9,1,2,3,0.0,0.29,0.2350000000000001
Fridge,10,1,2,3,0.0,0.0,0.22125000000000009
Fridge,11,1,2,3,0.0,0.0,0.2037500000000001
Fridge,12,1,2,3,0.29,0.0,0.20375000000000007
Fridge,13,1,2,3,0.45,0.29,0.22166666666666676
Fridge,14,1,2,3,0.43,0.45,0.25500000000000006
Fridge,15,1,2,3,0.8,0.43,0.2658333333333334
Fridge,16,1,2,3,0.49,0.8,0.2983333333333334
Fridge,17,1,2,3,0.78,0.49,0.3320833333333334
Fridge,18,1,2,3,0.81,0.78,0.3379166666666668
Fridge,19,1,2,3,0.46,0.81,0.33041666666666675
Fridge,20,1,2,3,0.0,0.46,0.33041666666666675
Fridge,21,1,2,3,0.0,0.0,0.31416666666666676
Fridge,22,1,2,3,0.0,0.0,0.3425000000000001
Fridge,23,1,2,3,0.6799999999999999,0.0,0.35041666666666677
Fridge,0,2,3,3,0.63,0.6799999999999999,0.36208333333333337
Fridge,1,2,3,3,0.4,0.63,0.3462500000000001
Fridge,2,2,3,3,0.47,0.4,0.34375000000000006
Fridge,3,2,3,3,0.4,0.47,0.37458333333333343
Fridge,4,2,3,3,0.74,0.4,0.4116666666666668
Fridge,5,2,3,3,1.32,0.74,0.40000000000000013
Fridge,6,2,3,3,0.0,1.32,0.3933333333333335
Fridge,7,2,3,3,0.0,0.0,0.3887500000000001
Fridge,8,2,3,3,0.18,0.0,0.40375000000000005
Fridge,9,2,3,3,0.36,0.18,0.4279166666666667
Fridge,10,2,3,3,0.5800000000000001,0.36,0.4620833333333334
Fridge,11,2,3,3,0.8200000000000001,0.5800000000000001,0.46833333333333343
Fridge,12,2,3,3,0.44,0.8200000000000001,0.46833333333333343
Fridge,13,2,3,3,0.45,0.44,0.4712500000000001
Fridge,14,2,3,3,0.5,0.45,0.4508333333333334
Fridge,15,2,3,3,0.31,0.5,0.4345833333333335
Fridge,16,2,3,3,0.1,0.31,0.4020833333333334
Fridge,17,2,3,3,0.0,0.1,0.36833333333333346
Fridge,18,2,3,3,0.0,0.0,0.3491666666666668
Fridge,19,2,3,3,0.0,0.0,0.3491666666666668
Fridge,20,2,3,3,0.0,0.0,0.3491666666666668
Fridge,21,2,3,3,0.0,0.0,0.3629166666666668
Fridge,22,2,3,3,0.33,0.0,0.3508333333333334
Fridge,23,2,3,3,0.39,0.33,0.33500000000000013
Fridge,0,3,4,3,0.25,0.39,0.33458333333333345
Fridge,1,3,4,3,0.39,0.25,0.36625000000000013
Fridge,2,3,4,3,1.23,0.39,0.3683333333333334
Fridge,3,3,4,3,0.45,1.23,0.3375000000000001
Fridge,4,3,4,3,0.0,0.45,0.2883333333333334
Fridge,5,3,4,3,0.14,0.0,0.31250000000000006
Fridge,6,3,4,3,0.58,0.14,0.35125000000000006
Fridge,7,3,4,3,0.93,0.58,0.34375000000000006
Fridge,8,3,4,3,0.0,0.93,0.3729166666666668
Fridge,9,3,4,3,1.06,0.0,0.3487500000000001
Fridge,10,3,4,3,0.0,1.06,0.3625000000000001
Fridge,11,3,4,3,1.15,0.0,0.34416666666666673
Fridge,12,3,4,3,0.0,1.15,0.32541666666666674
Fridge,13,3,4,3,0.0,0.0,0.32000000000000006
Fridge,14,3,4,3,0.37,0.0,0.30708333333333343
Fridge,15,3,4,3,0.0,0.37,0.3029166666666668
Fridge,16,3,4,3,0.0,0.0,0.3029166666666668
Fridge,17,3,4,3,0.0,0.0,0.33041666666666675
Fridge,18,3,4,3,0.66,0.0,0.33041666666666675
Fridge,19,3,4,3,0.0,0.66,0.33041666666666675
Fridge,20,3,4,3,0.0,0.0,0.33041666666666675
Fridge,21,3,4,3,0.0,0.0,0.31666666666666676
Fridge,22,3,4,3,0.0,0.0,0.3004166666666667
Fridge,23,3,4,3,0.0,0.0,0.30166666666666675
Fridge,0,4,5,3,0.28,0.0,0.30166666666666675
Fridge,1,4,5,3,0.39,0.28,0.25041666666666673
Fridge,2,4,5,3,0.0,0.39,0.2508333333333334
Fridge,3,4,5,3,0.46,0.0,0.2687500000000001
Fridge,4,4,5,3,0.43,0.46,0.3095833333333334
Fridge,5,4,5,3,1.12,0.43,0.2954166666666667
Fridge,6,4,5,3,0.24,1.12,0.2687500000000001
Fridge,7,4,5,3,0.29,0.24,0.2825000000000001
Fridge,8,4,5,3,0.33,0.29,0.24416666666666675
Fridge,9,4,5,3,0.14,0.33,0.24416666666666673
Fridge,10,4,5,3,0.0,0.14,0.21500000000000008
Fridge,11,4,5,3,0.45,0.0,0.2508333333333334
Fridge,12,4,5,3,0.8600000000000001,0.45,0.2683333333333334
Fridge,13,4,5,3,0.42,0.8600000000000001,0.2666666666666668
Fridge,14,4,5,3,0.33,0.42,0.2666666666666668
Fridge,15,4,5,3,0.0,0.33,0.29375000000000007
Fridge,16,4,5,3,0.65,0.0,0.3029166666666668
Fridge,17,4,5,3,0.22,0.65,0.2950000000000001
Fridge,18,4,5,3,0.47,0.22,0.31166666666666676
Fridge,19,4,5,3,0.4,0.47,0.3295833333333334
Fridge,20,4,5,3,0.43,0.4,0.3645833333333334
Fridge,21,4,5,3,0.84,0.43,0.3783333333333334
Fridge,22,4,5,3,0.33,0.84,0.3783333333333334
Fridge,23,4,5,3,0.0,0.33,0.36666666666666675
Fridge,0,5,6,3,0.0,0.0,0.3708333333333334
Fridge,1,5,6,3,0.49,0.0,0.3820833333333334
Fridge,2,5,6,3,0.27,0.49,0.37666666666666676
Fridge,3,5,6,3,0.33,0.27,0.38625000000000004
Fridge,4,5,6,3,0.66,0.33,0.3395833333333334
Fridge,5,5,6,3,0.0,0.66,0.3591666666666667
Fridge,6,5,6,3,0.71,0.0,0.3775000000000001
Fridge,7,5,6,3,0.73,0.71,0.37625000000000014
Fridge,8,5,6,3,0.3,0.73,0.40666666666666673
Fridge,9,5,6,3,0.87,0.3,0.4233333333333334
Fridge,10,5,6,3,0.4,0.87,0.43541666666666673
Fridge,11,5,6,3,0.74,0.4,0.3995833333333334
Fridge,12,5,6,3,0.0,0.74,0.3820833333333334
Fridge,13,5,6,3,0.0,0.0,0.3683333333333334
Fridge,14,5,6,3,0.0,0.0,0.3683333333333334
Fridge,15,5,6,3,0.0,0.0,0.3687500000000001
Fridge,16,5,6,3,0.6599999999999999,0.0,0.37625000000000014
Fridge,17,5,6,3,0.4,0.6599999999999999,0.3645833333333334
Fridge,18,5,6,3,0.19,0.4,0.3479166666666667
Fridge,19,5,6,3,0.0,0.19,0.3545833333333334
Fridge,20,5,6,3,0.59,0.0,0.32375000000000004
Fridge,21,5,6,3,0.1,0.59,0.31000000000000005
Fridge,22,5,6,3,0.0,0.1,0.3283333333333334
Fridge,23,5,6,3,0.44,0.0,0.3283333333333334
Fridge,0,6,0,3,0.0,0.44,0.3445833333333334
Fridge,1,6,0,3,0.88,0.0,0.3475000000000001
Fridge,2,6,0,3,0.34,0.88,0.33375000000000005
Fridge,3,6,0,3,0.0,0.34,0.3283333333333334
Fridge,4,6,0,3,0.53,0.0,0.34333333333333343
Fridge,5,6,0,3,0.36,0.53,0.32375000000000004
Fridge,6,6,0,3,0.24,0.36,0.2933333333333334
Fridge,7,6,0,3,0.0,0.24,0.29750000000000004
Fridge,8,6,0,3,0.4,0.0,0.26791666666666675
Fridge,9,6,0,3,0.16,0.4,0.2512500000000001
Fridge,10,6,0,3,0.0,0.16,0.24250000000000008
Fridge,11,6,0,3,0.53,0.0,0.2725000000000001
Fridge,12,6,0,3,0.72,0.53,0.28166666666666673
Fridge,13,6,0,3,0.22,0.72,0.3020833333333334
Fridge,14,6,0,3,0.49,0.22,0.32250000000000006
Fridge,15,6,0,3,0.49,0.49,0.3116666666666667
Fridge,16,6,0,3,0.4,0.49,0.3183333333333334
Fridge,17,6,0,3,0.56,0.4,0.31041666666666673
Fridge,18,6,0,3,0.0,0.56,0.33583333333333343
Fridge,19,6,0,3,0.6100000000000001,0.0,0.33541666666666675
Fridge,20,6,0,3,0.5800000000000001,0.6100000000000001,0.3362500000000001
Fridge,21,6,0,3,0.12,0.5800000000000001,0.3362500000000001
Fridge,22,6,0,3,0.0,0.12,0.31791666666666674
Fridge,23,6,0,3,0.0,0.0,0.3233333333333334
Fridge,0,7,1,3,0.13,0.0,0.30708333333333343
Fridge,1,7,1,3,0.49,0.13,0.3129166666666668
Fridge,2,7,1,3,0.48,0.49,0.3129166666666668
Fridge,3,7,1,3,0.0,0.48,0.3266666666666667
Fridge,4,7,1,3,0.86,0.0,0.3116666666666667
Fridge,5,7,1,3,0.0,0.86,0.30166666666666675
Fridge,6,7,1,3,0.0,0.0,0.3133333333333334
Fridge,7,7,1,3,0.28,0.0,0.29666666666666675
Fridge,8,7,1,3,0.0,0.28,0.2900000000000001
Fridge,9,7,1,3,0.0,0.0,0.2995833333333334
Fridge,10,7,1,3,0.23,0.0,0.29166666666666674
Fridge,11,7,1,3,0.3399999999999999,0.23,0.26166666666666677
Fridge,12,7,1,3,0.0,0.3399999999999999,0.2608333333333334
Fridge,13,7,1,3,0.2,0.0,0.25958333333333344
Fridge,14,7,1,3,0.46,0.2,0.2583333333333334
Fridge,15,7,1,3,0.46,0.46,0.24166666666666678
Fridge,16,7,1,3,0.0,0.46,0.22625000000000006
Fridge,17,7,1,3,0.19,0.0,0.2541666666666667
Fridge,18,7,1,3,0.6699999999999999,0.19,0.2287500000000001
Fridge,19,7,1,3,0.0,0.6699999999999999,0.20458333333333342
Fridge,20,7,1,3,0.0,0.0,0.2558333333333334
Fridge,21,7,1,3,1.35,0.0,0.2558333333333334
Fridge,22,7,1,3,0.0,1.35,0.2937500000000001
Fridge,23,7,1,3,0.91,0.0,0.2883333333333334
Fridge,0,8,2,3,0.0,0.91,0.2820833333333334
Fridge,1,8,2,3,0.34,0.0,0.2904166666666667
Fridge,2,8,2,3,0.6799999999999999,0.34,0.2950000000000001
Fridge,3,8,2,3,0.11,0.6799999999999999,0.27625000000000005
Fridge,4,8,2,3,0.41,0.11,0.27625000000000005
Fridge,5,8,2,3,0.0,0.41,0.31291666666666673
Fridge,6,8,2,3,0.88,0.0,0.3012500000000001
Fridge,7,8,2,3,0.0,0.88,0.31916666666666677
Fridge,8,8,2,3,0.43,0.0,0.3341666666666667
Fridge,9,8,2,3,0.36,0.43,0.3245833333333334
Fridge,10,8,2,3,0.0,0.36,0.3333333333333334
Fridge,11,8,2,3,0.55,0.0,0.3391666666666668
Fridge,12,8,2,3,0.14,0.55,0.3458333333333334
Fridge,13,8,2,3,0.36,0.14,0.35250000000000004
Fridge,14,8,2,3,0.62,0.36,0.35041666666666677
Fridge,15,8,2,3,0.41,0.62,0.35041666666666677
Fridge,16,8,2,3,0.0,0.41,0.3425
Fridge,17,8,2,3,0.0,0.0,0.3145833333333334
Fridge,18,8,2,3,0.0,0.0,0.3200000000000001
Fridge,19,8,2,3,0.13,0.0,0.3200000000000001
Fridge,20,8,2,3,0.0,0.13,0.2637500000000001
Fridge,21,8,2,3,0.0,0.0,0.2637500000000001
Fridge,22,8,2,3,0.0,0.0,0.2383333333333334
Fridge,23,8,2,3,0.3,0.0,0.2433333333333334
Fridge,0,9,3,3,0.12,0.3,0.22916666666666674
Fridge,1,9,3,3,0.0,0.12,0.20083333333333342
Fridge,2,9,3,3,0.0,0.0,0.2170833333333334
Fridge,3,9,3,3,0.5,0.0,0.2125000000000001
Fridge,4,9,3,3,0.3,0.5,0.22791666666666677
Fridge,5,9,3,3,0.37,0.3,0.19791666666666674
Fridge,6,9,3,3,0.16,0.37,0.21291666666666673
Fridge,7,9,3,3,0.36,0.16,0.19500000000000006
Fridge,8,9,3,3,0.0,0.36,0.1925000000000001
Fridge,9,9,3,3,0.3,0.0,0.1925000000000001
Fridge,10,9,3,3,0.0,0.3,0.1970833333333334
Fridge,11,9,3,3,0.66,0.0,0.19125000000000006
Fridge,12,9,3,3,0.0,0.66,0.19291666666666674
Fridge,13,9,3,3,0.4,0.0,0.17291666666666672
Fridge,14,9,3,3,0.14,0.4,0.1633333333333334
Fridge,15,9,3,3,0.18,0.14,0.17500000000000007
Fridge,16,9,3,3,0.28,0.18,0.19333333333333338
Fridge,17,9,3,3,0.44,0.28,0.22750000000000006
Fridge,18,9,3,3,0.8200000000000001,0.44,0.25291666666666673
Fridge,19,9,3,3,0.74,0.8200000000000001,0.26500000000000007
Fridge,20,9,3,3,0.29,0.74,0.2820833333333334
Fridge,21,9,3,3,0.41,0.29,0.28916666666666674
Fridge,22,9,3,3,0.17,0.41,0.28666666666666674
Fridge,23,9,3,3,0.24,0.17,0.28166666666666673
Fridge,0,10,4,3,0.0,0.24,0.2895833333333334
Fridge,1,10,4,3,0.19,0.0,0.2895833333333334
Fridge,2,10,4,3,0.0,0.19,0.3050000000000001
Fridge,3,10,4,3,0.87,0.0,0.2925000000000001
Fridge,4,10,4,3,0.0,0.87,0.2895833333333334
Fridge,5,10,4,3,0.3,0.0,0.28291666666666676
Fridge,6,10,4,3,0.0,0.3,0.26791666666666675
Fridge,7,10,4,3,0.0,0.0,0.26791666666666675
Fridge,8,10,4,3,0.0,0.0,0.29083333333333344
Fridge,9,10,4,3,0.8500000000000001,0.0,0.29750000000000004
Fridge,10,10,4,3,0.16,0.8500000000000001,0.29291666666666677
Fridge,11,10,4,3,0.55,0.16,0.2983333333333334
Fridge,12,10,4,3,0.13,0.55,0.3729166666666668
Fridge,13,10,4,3,2.19,0.13,0.4333333333333334
Fridge,14,10,4,3,1.59,2.19,0.4329166666666668
Fridge,15,10,4,3,0.17,1.59,0.4212500000000001
Fridge,16,10,4,3,0.0,0.17,0.40291666666666676
Fridge,17,10,4,3,0.0,0.0,0.385
Fridge,18,10,4,3,0.39,0.0,0.3587500000000001
Fridge,19,10,4,3,0.11,0.39,0.3691666666666667
Fridge,20,10,4,3,0.54,0.11,0.3604166666666668
Fridge,21,10,4,3,0.2,0.54,0.37166666666666676
Fridge,22,10,4,3,0.4399999999999999,0.2,0.40875
Fridge,23,10,4,3,1.13,0.4399999999999999,0.4191666666666667
Fridge,0,11,5,3,0.25,1.13,0.4408333333333334
Fridge,1,11,5,3,0.71,0.25,0.4408333333333334
Fridge,2,11,5,3,0.0,0.71,0.40458333333333346
Fridge,3,11,5,3,0.0,0.0,0.40458333333333346
Fridge,4,11,5,3,0.0,0.0,0.41916666666666674
Fridge,5,11,5,3,0.65,0.0,0.43666666666666676
Fridge,6,11,5,3,0.42,0.65,0.43666666666666676
Fridge,7,11,5,3,0.0,0.42,0.4433333333333334
Fridge,8,11,5,3,0.16,0.0,0.40791666666666676
Fridge,9,11,5,3,0.0,0.16,0.4170833333333334
Fridge,10,11,5,3,0.38,0.0,0.4070833333333334
Fridge,11,11,5,3,0.31,0.38,0.45500000000000007
Fridge,12,11,5,3,1.28,0.31,0.38125000000000003
Fridge,13,11,5,3,0.42,1.28,0.3216666666666667
Fridge,14,11,5,3,0.16,0.42,0.34333333333333343
Fridge,15,11,5,3,0.69,0.16,0.34333333333333343
Fridge,16,11,5,3,0.0,0.69,0.3941666666666667
Fridge,17,11,5,3,1.22,0.0,0.3779166666666667
Fridge,18,11,5,3,0.0,1.22,0.38291666666666674
Fridge,19,11,5,3,0.23,0.0,0.36041666666666666
Fridge,20,11,5,3,0.0,0.23,0.35208333333333336
Fridge,21,11,5,3,0.0,0.0,0.3691666666666667
Fridge,22,11,5,3,0.85,0.0,0.3220833333333334
Fridge,23,11,5,3,0.0,0.85,0.3379166666666668
Fridge,0,12,6,3,0.63,0.0,0.3508333333333334
Fridge,1,12,6,3,1.02,0.63,0.3508333333333334
Fridge,2,12,6,3,0.0,1.02,0.36000000000000004
Fridge,3,12,6,3,0.22,0.0,0.4033333333333334
Fridge,4,12,6,3,1.04,0.22,0.39291666666666675
Fridge,5,12,6,3,0.4,1.04,0.3991666666666667
Fridge,6,12,6,3,0.57,0.4,0.43875000000000003
Fridge,7,12,6,3,0.95,0.57,0.45
Fridge,8,12,6,3,0.43,0.95,0.45
Fridge,9,12,6,3,0.0,0.43,0.43416666666666676
Fridge,10,12,6,3,0.0,0.0,0.42125000000000007
Fridge,11,12,6,3,0.0,0.0,0.3679166666666667
Fridge,12,12,6,3,0.0,0.0,0.35041666666666677
Fridge,13,12,6,3,0.0,0.0,0.3483333333333334
Fridge,14,12,6,3,0.11,0.0,0.335
Fridge,15,12,6,3,0.37,0.11,0.3529166666666667
Fridge,16,12,6,3,0.43,0.37,0.3208333333333334
Fridge,17,12,6,3,0.45,0.43,0.3208333333333334
Fridge,18,12,6,3,0.0,0.45,0.33875000000000005
Fridge,19,12,6,3,0.6599999999999999,0.0,0.3591666666666667
Fridge,20,12,6,3,0.49,0.6599999999999999,0.38166666666666677
Fridge,21,12,6,3,0.54,0.49,0.3462500000000001
Fridge,22,12,6,3,0.0,0.54,0.3645833333333334
Fridge,23,12,6,3,0.44,0.0,0.37291666666666673
Fridge,0,13,0,3,0.8300000000000001,0.44,0.38166666666666677
Fridge,1,13,0,3,1.23,0.8300000000000001,0.39458333333333334
Fridge,2,13,0,3,0.31,1.23,0.38541666666666674
Fridge,3,13,0,3,0.0,0.31,0.35333333333333344
Fridge,4,13,0,3,0.27,0.0,0.3470833333333334
Fridge,5,13,0,3,0.25,0.27,0.3233333333333334
Fridge,6,13,0,3,0.0,0.25,0.3133333333333334
Fridge,7,13,0,3,0.71,0.0,0.30750000000000005
Fridge,8,13,0,3,0.29,0.71,0.3316666666666667
Fridge,9,13,0,3,0.58,0.29,0.35125000000000006
Fridge,10,13,0,3,0.47,0.58,0.35125000000000006
Fridge,11,13,0,3,0.0,0.47,0.38333333333333336
Fridge,12,13,0,3,0.77,0.0,0.42416666666666675
Fridge,13,13,0,3,0.98,0.77,0.4433333333333334
Fridge,14,13,0,3,0.57,0.98,0.4279166666666667
Fridge,15,13,0,3,0.0,0.57,0.4329166666666668
Fridge,16,13,0,3,0.55,0.0,0.4350000000000001
Fridge,17,13,0,3,0.5,0.55,0.4412500000000001
Fridge,18,13,0,3,0.15,0.5,0.41375000000000006
Fridge,19,13,0,3,0.0,0.15,0.39333333333333337
Fridge,20,13,0,3,0.0,0.0,0.4095833333333334
Fridge,21,13,0,3,0.93,0.0,0.4204166666666667
Fridge,22,13,0,3,0.26,0.93,0.40916666666666673
Fridge,23,13,0,3,0.17,0.26,0.3858333333333334
Fridge,0,14,1,3,0.27,0.17,0.34416666666666673
Fridge,1,14,1,3,0.23,0.27,0.3312500000000001
Fridge,2,14,1,3,0.0,0.23,0.3312500000000001
Fridge,3,14,1,3,0.0,0.0,0.3200000000000001
Fridge,4,14,1,3,0.0,0.0,0.35416666666666674
Fridge,5,14,1,3,1.0699999999999998,0.0,0.3591666666666667
Fridge,6,14,1,3,0.12,1.0699999999999998,0.33583333333333343
Fridge,7,14,1,3,0.15,0.12,0.3291666666666668
Fridge,8,14,1,3,0.13,0.15,0.3050000000000001
Fridge,9,14,1,3,0.0,0.13,0.28541666666666676
Fridge,10,14,1,3,0.0,0.0,0.28541666666666676
Fridge,11,14,1,3,0.0,0.0,0.2533333333333334
Fridge,12,14,1,3,0.0,0.0,0.24416666666666675
Fridge,13,14,1,3,0.76,0.0,0.22041666666666673
Fridge,14,14,1,3,0.0,0.76,0.25666666666666677
Fridge,15,14,1,3,0.87,0.0,0.24541666666666676
Fridge,16,14,1,3,0.28,0.87,0.2533333333333334
Fridge,17,14,1,3,0.69,0.28,0.2470833333333334
Fridge,18,14,1,3,0.0,0.69,0.2545833333333334
Fridge,19,14,1,3,0.18,0.0,0.2608333333333334
Fridge,20,14,1,3,0.15,0.18,0.2220833333333334
Fridge,21,14,1,3,0.0,0.15,0.21125000000000008
Fridge,22,14,1,3,0.0,0.0,0.2437500000000001
Fridge,23,14,1,3,0.95,0.0,0.23250000000000007
Fridge,0,15,2,3,0.0,0.95,0.22291666666666674
Fridge,1,15,2,3,0.0,0.0,0.24375000000000005
Fridge,2,15,2,3,0.5,0.0,0.24375000000000005
Fridge,3,15,2,3,0.0,0.5,0.26291666666666674
Fridge,4,15,2,3,0.46,0.0,0.26291666666666674
Fridge,5,15,2,3,1.0699999999999998,0.46,0.2950000000000001
Fridge,6,15,2,3,0.89,1.0699999999999998,0.2887500000000001
Fridge,7,15,2,3,0.0,0.89,0.2833333333333334
Fridge,8,15,2,3,0.0,0.0,0.2833333333333334
Fridge,9,15,2,3,0.0,0.0,0.2933333333333334
Fridge,10,15,2,3,0.24,0.0,0.2933333333333334
Fridge,11,15,2,3,0.0,0.24,0.34333333333333343
Fridge,12,15,2,3,1.2,0.0,0.32625000000000004
Fridge,13,15,2,3,0.35,1.2,0.32625000000000004
Fridge,14,15,2,3,0.0,0.35,0.3029166666666667
Fridge,15,15,2,3,0.31,0.0,0.30166666666666675
Fridge,16,15,2,3,0.25,0.31,0.27291666666666675
Fridge,17,15,2,3,0.0,0.25,0.2783333333333334
Fridge,18,15,2,3,0.13,0.0,0.2870833333333334
Fridge,19,15,2,3,0.39,0.13,0.2808333333333334
Fridge,20,15,2,3,0.0,0.39,0.3058333333333334
Fridge,21,15,2,3,0.6000000000000001,0.0,0.3058333333333334
Fridge,22,15,2,3,0.0,0.6000000000000001,0.28625000000000006
Fridge,23,15,2,3,0.48,0.0,0.32000000000000006
Fridge,0,16,3,3,0.81,0.48,0.32000000000000006
Fridge,1,16,3,3,0.0,0.81,0.29916666666666675
Fridge,2,16,3,3,0.0,0.0,0.3183333333333334
Fridge,3,16,3,3,0.46,0.0,0.30875
Fridge,4,16,3,3,0.23,0.46,0.27916666666666673
Fridge,5,16,3,3,0.36,0.23,0.2666666666666667
Fridge,6,16,3,3,0.59,0.36,0.29958333333333337
Fridge,7,16,3,3,0.79,0.59,0.3183333333333334
Fridge,8,16,3,3,0.45,0.79,0.3183333333333334
Fridge,9,16,3,3,0.0,0.45,0.34583333333333344
Fridge,10,16,3,3,0.8999999999999999,0.0,0.39625000000000005
Fridge,11,16,3,3,1.21,0.8999999999999999,0.3516666666666668
Fridge,12,16,3,3,0.13,1.21,0.3370833333333334
Fridge,13,16,3,3,0.0,0.13,0.3370833333333334
Fridge,14,16,3,3,0.0,0.0,0.32416666666666677
Fridge,15,16,3,3,0.0,0.0,0.33375000000000005
Fridge,16,16,3,3,0.48,0.0,0.34291666666666676
Fridge,17,16,3,3,0.22,0.48,0.3516666666666668
Fridge,18,16,3,3,0.34,0.22,0.3775000000000001
Fridge,19,16,3,3,1.01,0.34,0.40708333333333346
Fridge,20,16,3,3,0.71,1.01,0.4025000000000001
Fridge,21,16,3,3,0.49,0.71,0.4133333333333334
Fridge,22,16,3,3,0.26,0.49,0.40625000000000006
Fridge,23,16,3,3,0.31,0.26,0.37250000000000005
Fridge,0,17,4,3,0.0,0.31,0.39291666666666675
Fridge,1,17,4,3,0.49,0.0,0.40416666666666673
Fridge,2,17,4,3,0.27,0.49,0.38500000000000006
Fridge,3,17,4,3,0.0,0.27,0.41291666666666677
Fridge,4,17,4,3,0.9,0.0,0.43416666666666676
Fridge,5,17,4,3,0.87,0.9,0.4279166666666667
Fridge,6,17,4,3,0.44,0.87,0.3950000000000001
Fridge,7,17,4,3,0.0,0.44,0.39708333333333345
Fridge,8,17,4,3,0.5,0.0,0.41583333333333344
Fridge,9,17,4,3,0.45,0.5,0.3995833333333334
Fridge,10,17,4,3,0.51,0.45,0.3491666666666667
Fridge,11,17,4,3,0.0,0.51,0.3600000000000001
Fridge,12,17,4,3,0.39,0.0,0.3800000000000001
Fridge,13,17,4,3,0.48,0.39,0.3887500000000001
Fridge,14,17,4,3,0.21,0.48,0.4087500000000001
Fridge,15,17,4,3,0.48,0.21,0.41583333333333344
Fridge,16,17,4,3,0.65,0.48,0.40666666666666673
Fridge,17,17,4,3,0.0,0.65,0.39250000000000007
Fridge,18,17,4,3,0.0,0.0,0.35500000000000004
Fridge,19,17,4,3,0.11,0.0,0.32541666666666674
Fridge,20,17,4,3,0.0,0.11,0.30500000000000005
Fridge,21,17,4,3,0.0,0.0,0.3037500000000001
Fridge,22,17,4,3,0.23,0.0,0.31041666666666673
Fridge,23,17,4,3,0.47,0.23,0.31041666666666673
Fridge,0,18,5,3,0.0,0.47,0.3137500000000001
Fridge,1,18,5,3,0.5700000000000001,0.0,0.3216666666666667
Fridge,2,18,5,3,0.46,0.5700000000000001,0.33041666666666675
Fridge,3,18,5,3,0.21,0.46,0.3133333333333334
Fridge,4,18,5,3,0.49,0.21,0.2770833333333334
Fridge,5,18,5,3,0.0,0.49,0.2587500000000001
Fridge,6,18,5,3,0.0,0.0,0.2783333333333334
Fridge,7,18,5,3,0.47,0.0,0.2708333333333334
Fridge,8,18,5,3,0.32,0.47,0.2825000000000001
Fridge,9,18,5,3,0.73,0.32,0.26125000000000004
Fridge,10,18,5,3,0.0,0.73,0.27791666666666676
Fridge,11,18,5,3,0.4,0.0,0.27791666666666676
Fridge,12,18,5,3,0.39,0.4,0.2725000000000001
Fridge,13,18,5,3,0.35,0.39,0.28375000000000006
Fridge,14,18,5,3,0.48,0.35,0.2741666666666667
Fridge,15,18,5,3,0.25,0.48,0.26500000000000007
Fridge,16,18,5,3,0.43,0.25,0.2733333333333334
Fridge,17,18,5,3,0.2,0.43,0.2820833333333334
Fridge,18,18,5,3,0.21,0.2,0.2983333333333334
Fridge,19,18,5,3,0.5,0.21,0.31416666666666676
Fridge,20,18,5,3,0.38,0.5,0.33375000000000005
Fridge,21,18,5,3,0.47,0.38,0.34041666666666676
Fridge,22,18,5,3,0.39,0.47,0.3583333333333334
Fridge,23,18,5,3,0.9,0.39,0.3795833333333334
Fridge,0,19,6,3,0.51,0.9,0.36708333333333343
Fridge,1,19,6,3,0.27,0.51,0.3858333333333334
Fridge,2,19,6,3,0.91,0.27,0.37708333333333344
Fridge,3,19,6,3,0.0,0.91,0.35666666666666674
Fridge,4,19,6,3,0.0,0.0,0.4000000000000001
Fridge,5,19,6,3,1.04,0.0,0.41916666666666674
Fridge,6,19,6,3,0.46,1.04,0.41500000000000004
Fridge,7,19,6,3,0.37,0.46,0.41541666666666677
Fridge,8,19,6,3,0.33,0.37,0.41916666666666674
Fridge,9,19,6,3,0.8200000000000001,0.33,0.41916666666666674
Fridge,10,19,6,3,0.0,0.8200000000000001,0.4400000000000001
Fridge,11,19,6,3,0.9,0.0,0.42375000000000007
Fridge,12,19,6,3,0.0,0.9,0.40916666666666673
Fridge,13,19,6,3,0.0,0.0,0.40875
Fridge,14,19,6,3,0.47,0.0,0.4445833333333334
Fridge,15,19,6,3,1.11,0.47,0.47000000000000003
Fridge,16,19,6,3,1.04,1.11,0.48000000000000015
Fridge,17,19,6,3,0.44,1.04,0.4916666666666667
Fridge,18,19,6,3,0.49,0.44,0.48458333333333337
Fridge,19,19,6,3,0.3299999999999999,0.49,0.4850000000000001
Fridge,20,19,6,3,0.39,0.3299999999999999,0.46541666666666676
Fridge,21,19,6,3,0.0,0.39,0.46125
Fridge,22,19,6,3,0.29,0.0,0.42375000000000007
Fridge,23,19,6,3,0.0,0.29,0.4025000000000001
Fridge,0,20,0,3,0.0,0.0,0.40583333333333343
Fridge,1,20,0,3,0.35,0.0,0.4333333333333334
Fridge,2,20,0,3,1.57,0.35,0.4695833333333334
Fridge,3,20,0,3,0.87,1.57,0.4962500000000001
Fridge,4,20,0,3,0.64,0.87,0.4529166666666668
Fridge,5,20,0,3,0.0,0.64,0.4416666666666667
Fridge,6,20,0,3,0.19,0.0,0.43416666666666676
Fridge,7,20,0,3,0.19,0.19,0.4545833333333334
Fridge,8,20,0,3,0.8200000000000001,0.19,0.44250000000000006
Fridge,9,20,0,3,0.53,0.8200000000000001,0.44250000000000006
Fridge,10,20,0,3,0.0,0.53,0.42416666666666675
Fridge,11,20,0,3,0.46,0.0,0.44416666666666677
Fridge,12,20,0,3,0.48,0.46,0.4566666666666667
Fridge,13,20,0,3,0.3,0.48,0.43708333333333343
Fridge,14,20,0,3,0.0,0.3,0.4170833333333334
Fridge,15,20,0,3,0.63,0.0,0.3737500000000001
Fridge,16,20,0,3,0.0,0.63,0.36500000000000005
Fridge,17,20,0,3,0.23,0.0,0.3595833333333334
Fridge,18,20,0,3,0.36,0.23,0.34583333333333344
Fridge,19,20,0,3,0.0,0.36,0.3295833333333334
Fridge,20,20,0,3,0.0,0.0,0.3708333333333334
Fridge,21,20,0,3,0.99,0.0,0.37458333333333343
Fridge,22,20,0,3,0.38,0.99,0.4112500000000001
Fridge,23,20,0,3,0.88,0.38,0.42083333333333345
Fridge,0,21,1,3,0.23,0.88,0.42125000000000007
Fridge,1,21,1,3,0.36,0.23,0.3716666666666668
Fridge,2,21,1,3,0.38,0.36,0.35208333333333336
Fridge,3,21,1,3,0.4,0.38,0.3679166666666667
Fridge,4,21,1,3,1.02,0.4,0.3837500000000001
Fridge,5,21,1,3,0.38,1.02,0.39458333333333345
Fridge,6,21,1,3,0.45,0.38,0.4008333333333334
Fridge,7,21,1,3,0.34,0.45,0.38458333333333333
Fridge,8,21,1,3,0.43,0.34,0.36250000000000004
Fridge,9,21,1,3,0.0,0.43,0.39833333333333343
Fridge,10,21,1,3,0.86,0.0,0.4025000000000001
Fridge,11,21,1,3,0.56,0.86,0.39333333333333337
Fridge,12,21,1,3,0.26,0.56,0.38083333333333336
Fridge,13,21,1,3,0.0,0.26,0.38083333333333336
Fridge,14,21,1,3,0.0,0.0,0.36625000000000013
Fridge,15,21,1,3,0.28,0.0,0.36625000000000013
Fridge,16,21,1,3,0.0,0.28,0.35666666666666674
Fridge,17,21,1,3,0.0,0.0,0.3416666666666668
Fridge,18,21,1,3,0.0,0.0,0.3608333333333334
Fridge,19,21,1,3,0.46,0.0,0.3654166666666668
Fridge,20,21,1,3,0.11,0.46,0.34208333333333335
Fridge,21,21,1,3,0.43,0.11,0.3341666666666667
Fridge,22,21,1,3,0.19,0.43,0.29750000000000004
Fridge,23,21,1,3,0.0,0.19,0.29416666666666674
Fridge,0,22,2,3,0.15,0.0,0.27916666666666673
Fridge,1,22,2,3,0.0,0.15,0.2850000000000001
Fridge,2,22,2,3,0.52,0.0,0.31291666666666673
Fridge,3,22,2,3,1.0699999999999998,0.52,0.28416666666666673
Fridge,4,22,2,3,0.33,1.0699999999999998,0.29291666666666677
Fridge,5,22,2,3,0.5900000000000001,0.33,0.2825000000000001
Fridge,6,22,2,3,0.2,0.5900000000000001,0.3000000000000001
Fridge,7,22,2,3,0.76,0.2,0.3087500000000001
Fridge,8,22,2,3,0.64,0.76,0.3166666666666667
Fridge,9,22,2,3,0.19,0.64,0.3050000000000001
Fridge,10,22,2,3,0.5800000000000001,0.19,0.3095833333333334
Fridge,11,22,2,3,0.67,0.5800000000000001,0.29875000000000007
Fridge,12,22,2,3,0.0,0.67,0.30958333333333343
Fridge,13,22,2,3,0.26,0.0,0.31708333333333344
Fridge,14,22,2,3,0.18,0.26,0.3216666666666667
Fridge,15,22,2,3,0.39,0.18,0.3216666666666667
Fridge,16,22,2,3,0.0,0.39,0.3258333333333334
Fridge,17,22,2,3,0.1,0.0,0.3445833333333334
Fridge,18,22,2,3,0.45,0.1,0.32541666666666674
Fridge,19,22,2,3,0.0,0.45,0.32083333333333347
Fridge,20,22,2,3,0.0,0.0,0.3575000000000001
Fridge,21,22,2,3,1.31,0.0,0.4041666666666668
Fridge,22,22,2,3,1.31,1.31,0.4229166666666668
Fridge,23,22,2,3,0.4499999999999999,1.31,0.4225000000000001
Fridge,0,23,3,3,0.14,0.4499999999999999,0.4429166666666668
Fridge,1,23,3,3,0.49,0.14,0.4270833333333334
Fridge,2,23,3,3,0.14,0.49,0.38250000000000006
Fridge,3,23,3,3,0.0,0.14,0.3687500000000001
Fridge,4,23,3,3,0.0,0.0,0.34416666666666673
Fridge,5,23,3,3,0.0,0.0,0.35708333333333336
Fridge,6,23,3,3,0.51,0.0,0.3375000000000001
Fridge,7,23,3,3,0.29,0.51,0.32750000000000007
Fridge,8,23,3,3,0.4,0.29,0.3400000000000001
Fridge,9,23,3,3,0.49,0.4,0.3212500000000001
Fridge,10,23,3,3,0.13,0.49,0.30958333333333343
Fridge,11,23,3,3,0.39,0.13,0.34666666666666673
Fridge,12,23,3,3,0.89,0.39,0.33583333333333343
Fridge,13,23,3,3,0.0,0.89,0.34208333333333346
Fridge,14,23,3,3,0.33,0.0,0.3258333333333334
Fridge,15,23,3,3,0.0,0.33,0.3595833333333334
Fridge,16,23,3,3,0.81,0.0,0.36333333333333345
Fridge,17,23,3,3,0.19,0.81,0.3445833333333334
Fridge,18,23,3,3,0.0,0.19,0.3558333333333334
Fridge,19,23,3,3,0.27,0.0,0.36416666666666675
Fridge,20,23,3,3,0.2,0.27,0.32250000000000006
Fridge,21,23,3,3,0.31,0.2,0.27625000000000005
Fridge,22,23,3,3,0.2,0.31,0.2575000000000001
Fridge,23,23,3,3,0.0,0.2,0.27125000000000005
Fridge,0,24,4,3,0.47,0.0,0.2670833333333334
Fridge,1,24,4,3,0.39,0.47,0.2695833333333334
Fridge,2,24,4,3,0.2,0.39,0.30166666666666675
Fridge,3,24,4,3,0.77,0.2,0.30166666666666675
Fridge,4,24,4,3,0.0,0.77,0.31791666666666674
Fridge,5,24,4,3,0.39,0.0,0.33208333333333345
Fridge,6,24,4,3,0.85,0.39,0.3391666666666668
Fridge,7,24,4,3,0.46,0.85,0.35208333333333336
Fridge,8,24,4,3,0.71,0.46,0.3316666666666668
Fridge,9,24,4,3,0.0,0.71,0.3262500000000001
Fridge,10,24,4,3,0.0,0.0,0.31000000000000005
Fridge,11,24,4,3,0.0,0.0,0.28791666666666677
Fridge,12,24,4,3,0.36,0.0,0.3079166666666668
Fridge,13,24,4,3,0.48,0.36,0.3395833333333334
Fridge,14,24,4,3,1.09,0.48,0.3495833333333334
Fridge,15,24,4,3,0.24,1.09,0.32291666666666674
Fridge,16,24,4,3,0.17,0.24,0.33208333333333345
Fridge,17,24,4,3,0.41,0.17,0.3387500000000001
Fridge,18,24,4,3,0.16,0.41,0.3545833333333334
Fridge,19,24,4,3,0.65,0.16,0.3629166666666668
Fridge,20,24,4,3,0.4,0.65,0.3679166666666667
Fridge,21,24,4,3,0.43,0.4,0.37166666666666676
Fridge,22,24,4,3,0.29,0.43,0.38166666666666677
Fridge,23,24,4,3,0.24,0.29,0.36208333333333337
Fridge,0,25,5,3,0.0,0.24,0.36125000000000007
Fridge,1,25,5,3,0.37,0.0,0.36333333333333345
Fridge,2,25,5,3,0.25,0.37,0.3312500000000001
Fridge,3,25,5,3,0.0,0.25,0.3312500000000001
Fridge,4,25,5,3,0.0,0.0,0.34041666666666676
Fridge,5,25,5,3,0.61,0.0,0.3050000000000001
Fridge,6,25,5,3,0.0,0.61,0.3004166666666667
Fridge,7,25,5,3,0.35,0.0,0.27916666666666673
Fridge,8,25,5,3,0.2,0.35,0.29916666666666675
Fridge,9,25,5,3,0.48,0.2,0.3195833333333334
Fridge,10,25,5,3,0.49,0.48,0.32500000000000007
Fridge,11,25,5,3,0.13,0.49,0.33375000000000005
Fridge,12,25,5,3,0.5700000000000001,0.13,0.3183333333333334
Fridge,13,25,5,3,0.11,0.5700000000000001,0.2833333333333334
Fridge,14,25,5,3,0.25,0.11,0.3058333333333334
Fridge,15,25,5,3,0.78,0.25,0.31875000000000003
Fridge,16,25,5,3,0.48,0.78,0.3016666666666667
Fridge,17,25,5,3,0.0,0.48,0.2950000000000001
Fridge,18,25,5,3,0.0,0.0,0.28083333333333343
Fridge,19,25,5,3,0.31,0.0,0.2641666666666667
Fridge,20,25,5,3,0.0,0.31,0.2583333333333334
Fridge,21,25,5,3,0.29,0.0,0.26625000000000004
Fridge,22,25,5,3,0.48,0.29,0.25625000000000003
Fridge,23,25,5,3,0.0,0.48,0.2637500000000001
Fridge,0,26,6,3,0.18,0.0,0.2483333333333334
Fridge,1,26,6,3,0.0,0.18,0.25833333333333336
Fridge,2,26,6,3,0.49,0.0,0.28416666666666673
Fridge,3,26,6,3,0.62,0.49,0.32500000000000007
Fridge,4,26,6,3,0.98,0.62,0.3083333333333334
Fridge,5,26,6,3,0.21,0.98,0.3266666666666667
Fridge,6,26,6,3,0.44,0.21,0.3120833333333334
Fridge,7,26,6,3,0.0,0.44,0.33458333333333345
Fridge,8,26,6,3,0.74,0.0,0.3145833333333334
Fridge,9,26,6,3,0.0,0.74,0.30708333333333343
Fridge,10,26,6,3,0.31,0.0,0.3220833333333334
Fridge,11,26,6,3,0.49,0.31,0.3325000000000001
Fridge,12,26,6,3,0.82,0.49,0.35416666666666674
Fridge,13,26,6,3,0.63,0.82,0.3562500000000001
Fridge,14,26,6,3,0.3,0.63,0.32375000000000004
Fridge,15,26,6,3,0.0,0.3,0.3037500000000001
Fridge,16,26,6,3,0.0,0.0,0.3037500000000001
Fridge,17,26,6,3,0.0,0.0,0.3362500000000001
Fridge,18,26,6,3,0.78,0.0,0.33583333333333343
Fridge,19,26,6,3,0.3,0.78,0.3595833333333334
Fridge,20,26,6,3,0.5700000000000001,0.3,0.34750000000000014
Fridge,21,26,6,3,0.0,0.5700000000000001,0.32750000000000007
Fridge,22,26,6,3,0.0,0.0,0.3591666666666668
Fridge,23,26,6,3,0.76,0.0,0.3675000000000001
Fridge,0,27,0,3,0.38,0.76,0.3737500000000001
Fridge,1,27,0,3,0.15,0.38,0.35333333333333344
Fridge,2,27,0,3,0.0,0.15,0.3333333333333334
Fridge,3,27,0,3,0.14,0.0,0.29750000000000004
Fridge,4,27,0,3,0.12,0.14,0.3183333333333334
Fridge,5,27,0,3,0.71,0.12,0.3000000000000001
Fridge,6,27,0,3,0.0,0.71,0.3000000000000001
Fridge,7,27,0,3,0.0,0.0,0.2875000000000001
Fridge,8,27,0,3,0.44,0.0,0.3033333333333334
Fridge,9,27,0,3,0.38,0.44,0.3737500000000001
Fridge,10,27,0,3,2.0,0.38,0.35333333333333333
Fridge,11,27,0,3,0.0,2.0,0.32541666666666674
Fridge,12,27,0,3,0.15,0.0,0.29916666666666675
Fridge,13,27,0,3,0.0,0.15,0.3020833333333334
Fridge,14,27,0,3,0.37,0.0,0.3020833333333334
Fridge,15,27,0,3,0.0,0.37,0.3020833333333334
Fridge,16,27,0,3,0.0,0.0,0.31916666666666677
Fridge,17,27,0,3,0.41,0.0,0.28666666666666674
Fridge,18,27,0,3,0.0,0.41,0.29875000000000007
Fridge,19,27,0,3,0.59,0.0,0.2970833333333334
Fridge,20,27,0,3,0.53,0.59,0.2970833333333334
Fridge,21,27,0,3,0.0,0.53,0.3100000000000001
Fridge,22,27,0,3,0.31,0.0,0.27833333333333343
Fridge,23,27,0,3,0.0,0.31,0.30958333333333343
Fridge,0,28,1,3,1.13,0.0,0.31291666666666673
Fridge,1,28,1,3,0.23,1.13,0.31291666666666673
Fridge,2,28,1,3,0.0,0.23,0.33500000000000013
Fridge,3,28,1,3,0.67,0.0,0.33000000000000007
Fridge,4,28,1,3,0.0,0.67,0.3245833333333334
Fridge,5,28,1,3,0.5800000000000001,0.0,0.3245833333333334
Fridge,6,28,1,3,0.0,0.5800000000000001,0.33541666666666675
Fridge,7,28,1,3,0.26,0.0,0.3341666666666667
Fridge,8,28,1,3,0.41,0.26,0.3341666666666667
Fridge,9,28,1,3,0.38,0.41,0.2687500000000001
Fridge,10,28,1,3,0.43,0.38,0.3050000000000001
Fridge,11,28,1,3,0.87,0.43,0.29875000000000007
Fridge,12,28,1,3,0.0,0.87,0.3166666666666667
Fridge,13,28,1,3,0.43,0.0,0.31416666666666676
Fridge,14,28,1,3,0.31,0.43,0.3395833333333334
Fridge,15,28,1,3,0.6100000000000001,0.31,0.34375000000000006
Fridge,16,28,1,3,0.1,0.6100000000000001,0.32666666666666677
Fridge,17,28,1,3,0.0,0.1,0.3500000000000001
Fridge,18,28,1,3,0.56,0.0,0.35416666666666674
Fridge,19,28,1,3,0.69,0.56,0.34375000000000006
Fridge,20,28,1,3,0.28,0.69,0.36166666666666675
Fridge,21,28,1,3,0.43,0.28,0.34875000000000006
Fridge,22,28,1,3,0.0,0.43,0.34875000000000006
Fridge,23,28,1,3,0.0,0.0,0.3320833333333334
Fridge,0,29,2,3,0.73,0.0,0.32250000000000006
Fridge,1,29,2,3,0.0,0.73,0.32250000000000006
Fridge,2,29,2,3,0.0,0.0,0.32750000000000007
Fridge,3,29,2,3,0.79,0.0,0.32750000000000007
Fridge,4,29,2,3,0.0,0.79,0.3033333333333334
Fridge,5,29,2,3,0.0,0.0,0.3258333333333334
Fridge,6,29,2,3,0.54,0.0,0.3583333333333334
Fridge,7,29,2,3,1.04,0.54,0.3558333333333334
Fridge,8,29,2,3,0.35,1.04,0.3825000000000001
Fridge,9,29,2,3,1.02,0.35,0.3645833333333335
Fridge,10,29,2,3,0.0,1.02,0.3283333333333334
Fridge,11,29,2,3,0.0,0.0,0.3583333333333334
Fridge,12,29,2,3,0.72,0.0,0.3712500000000001
Fridge,13,29,2,3,0.74,0.72,0.3916666666666668
Fridge,14,29,2,3,0.8,0.74,0.41083333333333344
Fridge,15,29,2,3,1.07,0.8,0.42875000000000013
Fridge,16,29,2,3,0.53,1.07,0.4437500000000001
Fridge,17,29,2,3,0.36,0.53,0.43708333333333343
Fridge,18,29,2,3,0.4,0.36,0.40833333333333344
Fridge,19,29,2,3,0.0,0.4,0.4383333333333334
Fridge,20,29,2,3,1.0,0.0,0.4204166666666667
Fridge,21,29,2,3,0.0,1.0,0.4483333333333334
Fridge,22,29,2,3,0.6699999999999999,0.0,0.4720833333333334
Fridge,23,29,2,3,0.5700000000000001,0.6699999999999999,0.45791666666666675
Fridge,0,30,3,3,0.39,0.5700000000000001,0.47833333333333333
Fridge,1,30,3,3,0.49,0.39,0.48708333333333337
Fridge,2,30,3,3,0.21,0.49,0.4650000000000001
Fridge,3,30,3,3,0.26,0.21,0.4650000000000001
Fridge,4,30,3,3,0.0,0.26,0.4650000000000001
Fridge,5,30,3,3,0.0,0.0,0.45416666666666666
Fridge,6,30,3,3,0.28,0.0,0.4108333333333334
Fridge,7,30,3,3,0.0,0.28,0.40708333333333346
Fridge,8,30,3,3,0.26,0.0,0.3645833333333335
Fridge,9,30,3,3,0.0,0.26,0.3645833333333335
Fridge,10,30,3,3,0.0,0.0,0.3645833333333335
Fridge,11,30,3,3,0.0,0.0,0.34666666666666673
Fridge,12,30,3,3,0.29,0.0,0.3470833333333334
Fridge,13,30,3,3,0.75,0.29,0.32291666666666674
Fridge,14,30,3,3,0.22,0.75,0.2783333333333334
Fridge,15,30,3,3,0.0,0.22,0.28791666666666677
Fridge,16,30,3,3,0.76,0.0,0.2954166666666667
Fridge,17,30,3,3,0.54,0.76,0.2979166666666668
Fridge,18,30,3,3,0.46,0.54,0.32375000000000004
Fridge,19,30,3,3,0.6200000000000001,0.46,0.2820833333333334
Fridge,20,30,3,3,0.0,0.6200000000000001,0.2820833333333334
Fridge,21,30,3,3,0.0,0.0,0.2541666666666667
Fridge,22,30,3,3,0.0,0.0,0.24583333333333338
Fridge,23,30,3,3,0.37,0.0,0.2295833333333334
Fridge,0,31,4,3,0.0,0.37,0.20916666666666672
Fridge,1,31,4,3,0.0,0.0,0.21458333333333343
Fridge,2,31,4,3,0.34,0.0,0.21625000000000008
Fridge,3,31,4,3,0.3,0.34,0.2350000000000001
Fridge,4,31,4,3,0.45,0.3,0.2495833333333334
Fridge,5,31,4,3,0.35,0.45,0.25000000000000006
Fridge,6,31,4,3,0.29,0.35,0.2620833333333334
Fridge,7,31,4,3,0.29,0.29,0.2670833333333334
Fridge,8,31,4,3,0.38,0.29,0.29250000000000004
Fridge,9,31,4,3,0.61,0.38,0.31750000000000006
Fridge,10,31,4,3,0.6,0.61,0.31750000000000006
Fridge,11,31,4,3,0.0,0.6,0.3054166666666667
Fridge,12,31,4,3,0.0,0.0,0.3079166666666667
Fridge,13,31,4,3,0.81,0.0,0.31416666666666676
Fridge,14,31,4,3,0.37,0.81,0.31416666666666676
Fridge,15,31,4,3,0.0,0.37,0.3029166666666667
Fridge,16,31,4,3,0.49,0.0,0.2866666666666668
Fridge,17,31,4,3,0.15,0.49,0.2933333333333334
Fridge,18,31,4,3,0.62,0.15,0.28416666666666673
Fridge,19,31,4,3,0.4,0.62,0.3079166666666668
Fridge,20,31,4,3,0.5700000000000001,0.4,0.3258333333333334
Fridge,21,31,4,3,0.43,0.5700000000000001,0.3470833333333334
Fridge,22,31,4,3,0.51,0.43,0.3370833333333334
Fridge,23,31,4,3,0.13,0.51,0.34375000000000006
Fridge,0,1,5,4,0.16,0.13,0.3570833333333334
Fridge,1,1,5,4,0.32,0.16,0.36333333333333345
Fridge,2,1,5,4,0.49,0.32,0.37500000000000006
Fridge,3,1,5,4,0.5800000000000001,0.49,0.36500000000000005
Fridge,4,1,5,4,0.21,0.5800000000000001,0.3562500000000001
Fridge,5,1,5,4,0.14,0.21,0.3645833333333334
Fridge,6,1,5,4,0.49,0.14,0.3579166666666668
Fridge,7,1,5,4,0.13,0.49,0.34208333333333346
Fridge,8,1,5,4,0.0,0.13,0.34458333333333346
Fridge,9,1,5,4,0.67,0.0,0.3195833333333334
Fridge,10,1,5,4,0.0,0.67,0.3720833333333334
Fridge,11,1,5,4,1.26,0.0,0.3720833333333334
Fridge,12,1,5,4,0.0,1.26,0.3383333333333334
Fridge,13,1,5,4,0.0,0.0,0.32291666666666674
Fridge,14,1,5,4,0.0,0.0,0.3291666666666668
Fridge,15,1,5,4,0.15,0.0,0.3087500000000001
Fridge,16,1,5,4,0.0,0.15,0.30250000000000005
Fridge,17,1,5,4,0.0,0.0,0.2766666666666668
Fridge,18,1,5,4,0.0,0.0,0.3062500000000001
Fridge,19,1,5,4,1.11,0.0,0.29625000000000007
Fridge,20,1,5,4,0.33,1.11,0.29583333333333345
Fridge,21,1,5,4,0.42,0.33,0.2745833333333334
Fridge,22,1,5,4,0.0,0.42,0.2691666666666667
Fridge,23,1,5,4,0.0,0.0,0.2762500000000001
Fridge,0,2,6,4,0.33,0.0,0.26291666666666674
Fridge,1,2,6,4,0.0,0.33,0.24250000000000008
Fridge,2,2,6,4,0.0,0.0,0.2183333333333334
Fridge,3,2,6,4,0.0,0.0,0.22458333333333338
Fridge,4,2,6,4,0.36,0.0,0.22958333333333344
Fridge,5,2,6,4,0.26,0.36,0.22125000000000009
Fridge,6,2,6,4,0.29,0.26,0.2158333333333334
Fridge,7,2,6,4,0.0,0.29,0.24125000000000008
Fridge,8,2,6,4,0.61,0.0,0.24125000000000008
Fridge,9,2,6,4,0.6699999999999999,0.61,0.2508333333333334
Fridge,10,2,6,4,0.23,0.6699999999999999,0.21291666666666673
Fridge,11,2,6,4,0.35,0.23,0.23083333333333336
Fridge,12,2,6,4,0.43,0.35,0.23083333333333336
Fridge,13,2,6,4,0.0,0.43,0.29875
Fridge,14,2,6,4,1.63,0.0,0.2970833333333334
Fridge,15,2,6,4,0.11,1.63,0.2970833333333334
Fridge,16,2,6,4,0.0,0.11,0.2970833333333334
Fridge,17,2,6,4,0.0,0.0,0.30250000000000005
Fridge,18,2,6,4,0.13,0.0,0.25625000000000003
Fridge,19,2,6,4,0.0,0.13,0.24250000000000005
Fridge,20,2,6,4,0.0,0.0,0.2541666666666667
Fridge,21,2,6,4,0.7000000000000001,0.0,0.2595833333333334
Fridge,22,2,6,4,0.13,0.7000000000000001,0.2595833333333334
Fridge,23,2,6,4,0.0,0.13,0.24583333333333338
Fridge,0,3,0,4,0.0,0.0,0.25041666666666673
Fridge,1,3,0,4,0.11,0.0,0.27375000000000005
Fridge,2,3,0,4,0.56,0.11,0.27375000000000005
Fridge,3,3,0,4,0.0,0.56,0.27625000000000005
Fridge,4,3,0,4,0.42,0.0,0.2654166666666667
Fridge,5,3,0,4,0.0,0.42,0.2633333333333334
Fridge,6,3,0,4,0.24,0.0,0.2950000000000001
Fridge,7,3,0,4,0.76,0.24,0.2695833333333334
Fridge,8,3,0,4,0.0,0.76,0.26041666666666674
Fridge,9,3,0,4,0.45,0.0,0.2508333333333334
Fridge,10,3,0,4,0.0,0.45,0.2850000000000001
Fridge,11,3,0,4,1.17,0.0,0.2670833333333334
Fridge,12,3,0,4,0.0,1.17,0.2670833333333334
Fridge,13,3,0,4,0.0,0.0,0.23750000000000007
Fridge,14,3,0,4,0.92,0.0,0.2741666666666667
Fridge,15,3,0,4,0.99,0.92,0.2741666666666667
Fridge,16,3,0,4,0.0,0.99,0.2850000000000001
Fridge,17,3,0,4,0.26,0.0,0.3137500000000001
Fridge,18,3,0,4,0.82,0.26,0.33291666666666675
Fridge,19,3,0,4,0.46,0.82,0.33291666666666675
Fridge,20,3,0,4,0.0,0.46,0.3037500000000001
Fridge,21,3,0,4,0.0,0.0,0.3083333333333334
Fridge,22,3,0,4,0.24,0.0,0.32791666666666675
Fridge,23,3,0,4,0.47,0.24,0.3462500000000001
Fridge,0,4,1,4,0.44,0.47,0.3495833333333334
Fridge,1,4,1,4,0.19,0.44,0.3262500000000001
Fridge,2,4,1,4,0.0,0.19,0.37708333333333344
Fridge,3,4,1,4,1.22,0.0,0.3912500000000001
Fridge,4,4,1,4,0.76,1.22,0.4104166666666667
Fridge,5,4,1,4,0.46,0.76,0.4004166666666667
Fridge,6,4,1,4,0.0,0.46,0.38250000000000006
Fridge,7,4,1,4,0.33,0.0,0.38250000000000006
Fridge,8,4,1,4,0.0,0.33,0.37083333333333335
Fridge,9,4,1,4,0.17,0.0,0.3983333333333334
Fridge,10,4,1,4,0.6599999999999999,0.17,0.3545833333333334
Fridge,11,4,1,4,0.12,0.6599999999999999,0.38333333333333336
Fridge,12,4,1,4,0.69,0.12,0.4200000000000001
Fridge,13,4,1,4,0.88,0.69,0.39208333333333334
Fridge,14,4,1,4,0.25,0.88,0.3508333333333334
Fridge,15,4,1,4,0.0,0.25,0.3800000000000001
Fridge,16,4,1,4,0.7,0.0,0.40625
Fridge,17,4,1,4,0.89,0.7,0.3720833333333335
Fridge,18,4,1,4,0.0,0.89,0.35291666666666677
Fridge,19,4,1,4,0.0,0.0,0.3675000000000001
Fridge,20,4,1,4,0.35,0.0,0.40416666666666673
Fridge,21,4,1,4,0.88,0.35,0.41125000000000006
Fridge,22,4,1,4,0.41,0.88,0.3916666666666668
Fridge,23,4,1,4,0.0,0.41,0.3775
Fridge,0,5,2,4,0.1,0.0,0.3995833333333334
Fridge,1,5,2,4,0.72,0.1,0.41500000000000004
Fridge,2,5,2,4,0.37,0.72,0.37500000000000006
Fridge,3,5,2,4,0.26,0.37,0.34333333333333343
Fridge,4,5,2,4,0.0,0.26,0.3554166666666667
Fridge,5,5,2,4,0.75,0.0,0.37458333333333343
Fridge,6,5,2,4,0.46,0.75,0.36500000000000005
Fridge,7,5,2,4,0.1,0.46,0.37375
Fridge,8,5,2,4,0.21,0.1,0.3866666666666667
Fridge,9,5,2,4,0.48,0.21,0.3804166666666667
Fridge,10,5,2,4,0.51,0.48,0.37541666666666673
Fridge,11,5,2,4,0.0,0.51,0.40666666666666673
Fridge,12,5,2,4,1.44,0.0,0.38333333333333336
Fridge,13,5,2,4,0.32,1.44,0.37291666666666673
Fridge,14,5,2,4,0.0,0.32,0.3775000000000001
Fridge,15,5,2,4,0.11,0.0,0.3629166666666668
Fridge,16,5,2,4,0.35,0.11,0.3508333333333334
Fridge,17,5,2,4,0.6,0.35,0.3508333333333334
Fridge,18,5,2,4,0.0,0.6,0.38250000000000006
Fridge,19,5,2,4,0.76,0.0,0.3679166666666667
Fridge,20,5,2,4,0.0,0.76,0.3545833333333334
Fridge,21,5,2,4,0.56,0.0,0.3566666666666667
Fridge,22,5,2,4,0.46,0.56,0.3770833333333334
Fridge,23,5,2,4,0.49,0.46,0.38166666666666677
Fridge,0,6,3,4,0.21,0.49,0.36250000000000004
Fridge,1,6,3,4,0.26,0.21,0.3470833333333334
Fridge,2,6,3,4,0.0,0.26,0.3579166666666667
Fridge,3,6,3,4,0.52,0.0,0.3645833333333334
Fridge,4,6,3,4,0.16,0.52,0.3333333333333334
Fridge,5,6,3,4,0.0,0.16,0.3200000000000001
Fridge,6,6,3,4,0.14,0.0,0.3400000000000001
Fridge,7,6,3,4,0.5800000000000001,0.14,0.3470833333333334
Fridge,8,6,3,4,0.38,0.5800000000000001,0.32708333333333345
Fridge,9,6,3,4,0.0,0.38,0.31166666666666676
Fridge,10,6,3,4,0.14,0.0,0.35125000000000006
Fridge,11,6,3,4,0.95,0.14,0.30666666666666675
Fridge,12,6,3,4,0.37,0.95,0.33083333333333337
Fridge,13,6,3,4,0.8999999999999999,0.37,0.33083333333333337
Fridge,14,6,3,4,0.0,0.8999999999999999,0.3408333333333334
Fridge,15,6,3,4,0.35,0.0,0.3320833333333334
Fridge,16,6,3,4,0.14,0.35,0.31708333333333344
Fridge,17,6,3,4,0.24,0.14,0.3233333333333334
Fridge,18,6,3,4,0.15,0.24,0.29166666666666674
Fridge,19,6,3,4,0.0,0.15,0.3079166666666668
Fridge,20,6,3,4,0.39,0.0,0.2845833333333334
Fridge,21,6,3,4,0.0,0.39,0.3087500000000001
Fridge,22,6,3,4,1.04,0.0,0.2883333333333334
Fridge,23,6,3,4,0.0,1.04,0.2983333333333334
Fridge,0,7,4,4,0.45,0.0,0.29625000000000007
Fridge,1,7,4,4,0.21,0.45,0.3145833333333334
Fridge,2,7,4,4,0.44,0.21,0.3395833333333334
Fridge,3,7,4,4,1.12,0.44,0.33291666666666675
Fridge,4,7,4,4,0.0,1.12,0.34375000000000006
Fridge,5,7,4,4,0.26,0.0,0.35375000000000006
Fridge,6,7,4,4,0.38,0.26,0.3491666666666667
Fridge,7,7,4,4,0.47,0.38,0.3333333333333334
Fridge,8,7,4,4,0.0,0.47,0.36125000000000007
Fridge,9,7,4,4,0.67,0.0,0.3704166666666668
Fridge,10,7,4,4,0.36,0.67,0.34125000000000005
Fridge,11,7,4,4,0.25,0.36,0.3462500000000001
Fridge,12,7,4,4,0.49,0.25,0.3087500000000001
Fridge,13,7,4,4,0.0,0.49,0.34041666666666676
Fridge,14,7,4,4,0.76,0.0,0.32583333333333336
Fridge,15,7,4,4,0.0,0.76,0.33375000000000005
Fridge,16,7,4,4,0.33,0.0,0.3312500000000001
Fridge,17,7,4,4,0.18,0.33,0.3587500000000001
Fridge,18,7,4,4,0.81,0.18,0.37458333333333343
Fridge,19,7,4,4,0.38,0.81,0.3912500000000001
Fridge,20,7,4,4,0.79,0.38,0.41500000000000004
Fridge,21,7,4,4,0.5700000000000001,0.79,0.37166666666666676
Fridge,22,7,4,4,0.0,0.5700000000000001,0.3808333333333334
Fridge,23,7,4,4,0.22,0.0,0.36208333333333337
Fridge,0,8,5,4,0.0,0.22,0.38708333333333345
Fridge,1,8,5,4,0.81,0.0,0.395
Fridge,2,8,5,4,0.63,0.81,0.38166666666666677
Fridge,3,8,5,4,0.8,0.63,0.38166666666666677
Fridge,4,8,5,4,0.0,0.8,0.3708333333333334
Fridge,5,8,5,4,0.0,0.0,0.35500000000000004
Fridge,6,8,5,4,0.0,0.0,0.3620833333333335
Fridge,7,8,5,4,0.64,0.0,0.3754166666666668
Fridge,8,8,5,4,0.32,0.64,0.3987500000000001
Fridge,9,8,5,4,1.23,0.32,0.38375000000000004
Fridge,10,8,5,4,0.0,1.23,0.37333333333333335
Fridge,11,8,5,4,0.0,0.0,0.3529166666666667
Fridge,12,8,5,4,0.0,0.0,0.36000000000000004
Fridge,13,8,5,4,0.17,0.0,0.3412500000000001
Fridge,14,8,5,4,0.31,0.17,0.3495833333333334
Fridge,15,8,5,4,0.2,0.31,0.3479166666666667
Fridge,16,8,5,4,0.29,0.2,0.34041666666666676
Fridge,17,8,5,4,0.0,0.29,0.3366666666666667
Fridge,18,8,5,4,0.72,0.0,0.33583333333333343
Fridge,19,8,5,4,0.36,0.72,0.32750000000000007
Fridge,20,8,5,4,0.59,0.36,0.3037500000000001
Fridge,21,8,5,4,0.0,0.59,0.34500000000000003
Fridge,22,8,5,4,0.99,0.0,0.3358333333333334
Fridge,23,8,5,4,0.0,0.99,0.34958333333333336
Fridge,0,9,6,4,0.33,0.0,0.32875000000000004
Fridge,1,9,6,4,0.31,0.33,0.31000000000000005
Fridge,2,9,6,4,0.18,0.31,0.2854166666666667
Fridge,3,9,6,4,0.21,0.18,0.29375000000000007
Fridge,4,9,6,4,0.2,0.21,0.3133333333333334
Fridge,5,9,6,4,0.47,0.2,0.3308333333333334
Fridge,6,9,6,4,0.42,0.47,0.3416666666666668
Fridge,7,9,6,4,0.9,0.42,0.3475000000000001
Fridge,8,9,6,4,0.46,0.9,0.3279166666666667
Fridge,9,9,6,4,0.76,0.46,0.3345833333333334
Fridge,10,9,6,4,0.16,0.76,0.3462500000000001
Fridge,11,9,6,4,0.28,0.16,0.3462500000000001
Fridge,12,9,6,4,0.0,0.28,0.34333333333333343
Fridge,13,9,6,4,0.1,0.0,0.33041666666666675
Fridge,14,9,6,4,0.0,0.1,0.3395833333333334
Fridge,15,9,6,4,0.42,0.0,0.32750000000000007
Fridge,16,9,6,4,0.0,0.42,0.35666666666666674
Fridge,17,9,6,4,0.7,0.0,0.3562500000000001
Fridge,18,9,6,4,0.71,0.7,0.3479166666666668
Fridge,19,9,6,4,0.16,0.71,0.3400000000000001
Fridge,20,9,6,4,0.4,0.16,0.3591666666666667
Fridge,21,9,6,4,0.46,0.4,0.31791666666666674
Fridge,22,9,6,4,0.0,0.46,0.3375000000000001
Fridge,23,9,6,4,0.47,0.0,0.34208333333333335
Fridge,0,10,0,4,0.44,0.47,0.3291666666666668
Fridge,1,10,0,4,0.0,0.44,0.35416666666666674
Fridge,2,10,0,4,0.78,0.0,0.3454166666666667
Fridge,3,10,0,4,0.0,0.78,0.35166666666666674
Fridge,4,10,0,4,0.35,0.0,0.3458333333333334
Fridge,5,10,0,4,0.33,0.35,0.3283333333333334
Fridge,6,10,0,4,0.0,0.33,0.3395833333333334
Fridge,7,10,0,4,1.17,0.0,0.32708333333333345
Fridge,8,10,0,4,0.16,1.17,0.2954166666666667
Fridge,9,10,0,4,0.0,0.16,0.3087500000000001
Fridge,10,10,0,4,0.48,0.0,0.3166666666666667
Fridge,11,10,0,4,0.47,0.48,0.3341666666666667
Fridge,12,10,0,4,0.42,0.47,0.33
Fridge,13,10,0,4,0.0,0.42,0.33
Fridge,14,10,0,4,0.0,0.0,0.34041666666666676
Fridge,15,10,0,4,0.67,0.0,0.34041666666666676
Fridge,16,10,0,4,0.0,0.67,0.31541666666666673
Fridge,17,10,0,4,0.1,0.0,0.28583333333333344
Fridge,18,10,0,4,0.0,0.1,0.27916666666666673
Fridge,19,10,0,4,0.0,0.0,0.26250000000000007
Fridge,20,10,0,4,0.0,0.0,0.2954166666666667
Fridge,21,10,0,4,1.25,0.0,0.2954166666666667
Fridge,22,10,0,4,0.0,1.25,0.27583333333333343
Fridge,23,10,0,4,0.0,0.0,0.2904166666666667
Fridge,0,11,1,4,0.79,0.0,0.3054166666666667
Fridge,1,11,1,4,0.36,0.79,0.27291666666666675
Fridge,2,11,1,4,0.0,0.36,0.33375000000000005
Fridge,3,11,1,4,1.46,0.0,0.31916666666666677
Fridge,4,11,1,4,0.0,1.46,0.3133333333333334
Fridge,5,11,1,4,0.19,0.0,0.3366666666666667
Fridge,6,11,1,4,0.56,0.19,0.28791666666666677
Fridge,7,11,1,4,0.0,0.56,0.28125000000000006
Fridge,8,11,1,4,0.0,0.0,0.28125000000000006
Fridge,9,11,1,4,0.0,0.0,0.2795833333333334
Fridge,10,11,1,4,0.44,0.0,0.2983333333333334
Fridge,11,11,1,4,0.92,0.44,0.28083333333333343
Fridge,12,11,1,4,0.0,0.92,0.29916666666666675
Fridge,13,11,1,4,0.44,0.0,0.3179166666666668
Fridge,14,11,1,4,0.45,0.44,0.29666666666666675
Fridge,15,11,1,4,0.16,0.45,0.2966666666666667
Fridge,16,11,1,4,0.0,0.16,0.3270833333333334
Fridge,17,11,1,4,0.8300000000000001,0.0,0.34416666666666673
Fridge,18,11,1,4,0.41,0.8300000000000001,0.34416666666666673
Fridge,19,11,1,4,0.0,0.41,0.3595833333333334
Fridge,20,11,1,4,0.37,0.0,0.33041666666666675
Fridge,21,11,1,4,0.55,0.37,0.33041666666666675
Fridge,22,11,1,4,0.0,0.55,0.3462500000000001
Fridge,23,11,1,4,0.38,0.0,0.35041666666666677
Fridge,0,12,2,4,0.8899999999999999,0.38,0.33541666666666675
Fridge,1,12,2,4,0.0,0.8899999999999999,0.3683333333333334
Fridge,2,12,2,4,0.79,0.0,0.30750000000000005
Fridge,3,12,2,4,0.0,0.79,0.32416666666666677
Fridge,4,12,2,4,0.4,0.0,0.34833333333333344
Fridge,5,12,2,4,0.77,0.4,0.3383333333333334
Fridge,6,12,2,4,0.32,0.77,0.34875000000000006
Fridge,7,12,2,4,0.25,0.32,0.34875000000000006
Fridge,8,12,2,4,0.0,0.25,0.3637500000000001
Fridge,9,12,2,4,0.36,0.0,0.35291666666666677
Fridge,10,12,2,4,0.18,0.36,0.34583333333333344
Fridge,11,12,2,4,0.75,0.18,0.3570833333333334
Fridge,12,12,2,4,0.27,0.75,0.35375000000000006
Fridge,13,12,2,4,0.36,0.27,0.3895833333333334
Fridge,14,12,2,4,1.31,0.36,0.3970833333333334
Fridge,15,12,2,4,0.34,1.31,0.4133333333333334
Fridge,16,12,2,4,0.39,0.34,0.39083333333333337
Fridge,17,12,2,4,0.29,0.39,0.42208333333333337
Fridge,18,12,2,4,1.16,0.29,0.4520833333333334
Fridge,19,12,2,4,0.72,1.16,0.4516666666666667
Fridge,20,12,2,4,0.36,0.72,0.4366666666666667
Fridge,21,12,2,4,0.19,0.36,0.4366666666666667
Fridge,22,12,2,4,0.0,0.19,0.4837500000000001
Fridge,23,12,2,4,1.51,0.0,0.4637500000000001
Fridge,0,13,3,4,0.41,1.51,0.4820833333333334
Fridge,1,13,3,4,0.44,0.41,0.44916666666666677
Fridge,2,13,3,4,0.0,0.44,0.5229166666666668
Fridge,3,13,3,4,1.77,0.0,0.5216666666666667
Fridge,4,13,3,4,0.37,1.77,0.4895833333333333
Fridge,5,13,3,4,0.0,0.37,0.49916666666666676
Fridge,6,13,3,4,0.55,0.0,0.5070833333333334
Fridge,7,13,3,4,0.44,0.55,0.5325000000000001
Fridge,8,13,3,4,0.61,0.44,0.535
Fridge,9,13,3,4,0.42,0.61,0.5320833333333334
Fridge,10,13,3,4,0.11,0.42,0.5079166666666667
Fridge,11,13,3,4,0.17,0.11,0.56625
Fridge,12,13,3,4,1.67,0.17,0.5608333333333334
Fridge,13,13,3,4,0.23,1.67,0.5225000000000001
Fridge,14,13,3,4,0.39,0.23,0.5429166666666667
Fridge,15,13,3,4,0.8300000000000001,0.39,0.5425000000000001
Fridge,16,13,3,4,0.38,0.8300000000000001,0.5304166666666668
Fridge,17,13,3,4,0.0,0.38,0.5325000000000001
Fridge,18,13,3,4,1.21,0.0,0.5025000000000001
Fridge,19,13,3,4,0.0,1.21,0.4875000000000001
Fridge,20,13,3,4,0.0,0.0,0.4795833333333334
Fridge,21,13,3,4,0.0,0.0,0.49208333333333343
Fridge,22,13,3,4,0.3,0.0,0.4529166666666667
Fridge,23,13,3,4,0.5700000000000001,0.3,0.44083333333333335
Fridge,0,14,4,4,0.12,0.5700000000000001,0.42250000000000004
Fridge,1,14,4,4,0.0,0.12,0.4629166666666667
Fridge,2,14,4,4,0.97,0.0,0.39375000000000004
Fridge,3,14,4,4,0.11,0.97,0.38666666666666677
Fridge,4,14,4,4,0.2,0.11,0.41750000000000015
Fridge,5,14,4,4,0.74,0.2,0.4208333333333334
Fridge,6,14,4,4,0.63,0.74,0.4208333333333334
Fridge,7,14,4,4,0.44,0.63,0.4204166666666667
Fridge,8,14,4,4,0.6000000000000001,0.44,0.4291666666666667
Fridge,9,14,4,4,0.6300000000000001,0.6000000000000001,0.42458333333333337
Fridge,10,14,4,4,0.0,0.6300000000000001,0.4233333333333334
Fridge,11,14,4,4,0.14,0.0,0.39791666666666675
Fridge,12,14,4,4,1.06,0.14,0.4025000000000001
Fridge,13,14,4,4,0.34,1.06,0.43833333333333346
Fridge,14,14,4,4,1.25,0.34,0.41458333333333347
Fridge,15,14,4,4,0.26,1.25,0.43583333333333346
Fridge,16,14,4,4,0.89,0.26,0.43583333333333346
Fridge,17,14,4,4,0.0,0.89,0.3854166666666668
Fridge,18,14,4,4,0.0,0.0,0.39875000000000016
Fridge,19,14,4,4,0.32,0.0,0.4425000000000001
Fridge,20,14,4,4,1.05,0.32,0.44250000000000006
Fridge,21,14,4,4,0.0,1.05,0.4500000000000001
Fridge,22,14,4,4,0.48,0.0,0.4262500000000001
Fridge,23,14,4,4,0.0,0.48,0.4212500000000001
Fridge,0,15,5,4,0.0,0.0,0.4691666666666668
Fridge,1,15,5,4,1.15,0.0,0.43500000000000005
Fridge,2,15,5,4,0.15,1.15,0.4304166666666667
Fridge,3,15,5,4,0.0,0.15,0.45708333333333345
Fridge,4,15,5,4,0.84,0.0,0.43291666666666667
Fridge,5,15,5,4,0.16,0.84,0.40666666666666673
Fridge,6,15,5,4,0.0,0.16,0.4112500000000001
Fridge,7,15,5,4,0.55,0.0,0.39625000000000005
Fridge,8,15,5,4,0.24,0.55,0.3700000000000001
Fridge,9,15,5,4,0.0,0.24,0.3808333333333334
Fridge,10,15,5,4,0.26,0.0,0.4025000000000001
Fridge,11,15,5,4,0.66,0.26,0.3787500000000001
Fridge,12,15,5,4,0.49,0.66,0.3645833333333334
Fridge,13,15,5,4,0.0,0.49,0.34166666666666673
Fridge,14,15,5,4,0.7,0.0,0.33083333333333337
Fridge,15,15,5,4,0.0,0.7,0.2937500000000001
Fridge,16,15,5,4,0.0,0.0,0.31291666666666673
Fridge,17,15,5,4,0.4599999999999999,0.0,0.35291666666666677
Fridge,18,15,5,4,0.96,0.4599999999999999,0.35333333333333344
Fridge,19,15,5,4,0.3299999999999999,0.96,0.3775000000000001
Fridge,20,15,5,4,1.63,0.3299999999999999,0.38416666666666677
Fridge,21,15,5,4,0.16,1.63,0.38291666666666674
Fridge,22,15,5,4,0.45,0.16,0.38291666666666674
Fridge,23,15,5,4,0.0,0.45,0.38291666666666674
Fridge,0,16,6,4,0.0,0.0,0.35875000000000007
Fridge,1,16,6,4,0.5700000000000001,0.0,0.3629166666666668
Fridge,2,16,6,4,0.25,0.5700000000000001,0.3812500000000001
Fridge,3,16,6,4,0.44,0.25,0.37333333333333346
Fridge,4,16,6,4,0.6499999999999999,0.44,0.3991666666666667
Fridge,5,16,6,4,0.78,0.6499999999999999,0.4116666666666668
Fridge,6,16,6,4,0.3,0.78,0.4000000000000001
Fridge,7,16,6,4,0.27,0.3,0.41666666666666674
Fridge,8,16,6,4,0.64,0.27,0.41666666666666674
Fridge,9,16,6,4,0.0,0.64,0.4179166666666667
Fridge,10,16,6,4,0.29,0.0,0.3904166666666667
Fridge,11,16,6,4,0.0,0.29,0.3875
Fridge,12,16,6,4,0.42,0.0,0.395
Fridge,13,16,6,4,0.18,0.42,0.3658333333333334
Fridge,14,16,6,4,0.0,0.18,0.3658333333333334
Fridge,15,16,6,4,0.0,0.0,0.3912500000000001
Fridge,16,16,6,4,0.61,0.0,0.38083333333333336
Fridge,17,16,6,4,0.21,0.61,0.35875000000000007
Fridge,18,16,6,4,0.43,0.21,0.3604166666666668
Fridge,19,16,6,4,0.37,0.43,0.33208333333333345
Fridge,20,16,6,4,0.95,0.37,0.32541666666666674
Fridge,21,16,6,4,0.0,0.95,0.3066666666666667
Fridge,22,16,6,4,0.0,0.0,0.3325000000000001
Fridge,23,16,6,4,0.62,0.0,0.3508333333333334
Fridge,0,17,0,4,0.44,0.62,0.3270833333333334
Fridge,1,17,0,4,0.0,0.44,0.3166666666666667
Fridge,2,17,0,4,0.0,0.0,0.35208333333333347
Fridge,3,17,0,4,1.29,0.0,0.36250000000000004
Fridge,4,17,0,4,0.9,1.29,0.3508333333333334
Fridge,5,17,0,4,0.5,0.9,0.34375000000000006
Fridge,6,17,0,4,0.13,0.5,0.3704166666666668
Fridge,7,17,0,4,0.91,0.13,0.36125000000000007
Fridge,8,17,0,4,0.42,0.91,0.39541666666666675
Fridge,9,17,0,4,0.8200000000000001,0.42,0.40791666666666676
Fridge,10,17,0,4,0.59,0.8200000000000001,0.42833333333333345
Fridge,11,17,0,4,0.49,0.59,0.41083333333333344
Fridge,12,17,0,4,0.0,0.49,0.4033333333333335
Fridge,13,17,0,4,0.0,0.0,0.40833333333333344
Fridge,14,17,0,4,0.12,0.0,0.41916666666666674
Fridge,15,17,0,4,0.26,0.12,0.41375000000000006
Fridge,16,17,0,4,0.48,0.26,0.4216666666666668
Fridge,17,17,0,4,0.4,0.48,0.4037500000000001
Fridge,18,17,0,4,0.0,0.4,0.4008333333333334
Fridge,19,17,0,4,0.3,0.0,0.3908333333333334
Fridge,20,17,0,4,0.71,0.3,0.3908333333333334
Fridge,21,17,0,4,0.0,0.71,0.44750000000000006
Fridge,22,17,0,4,1.36,0.0,0.4216666666666667
Fridge,23,17,0,4,0.0,1.36,0.4187500000000001
Fridge,0,18,1,4,0.37,0.0,0.4233333333333334
Fridge,1,18,1,4,0.11,0.37,0.44958333333333345
Fridge,2,18,1,4,0.63,0.11,0.3958333333333335
Fridge,3,18,1,4,0.0,0.63,0.38416666666666677
Fridge,4,18,1,4,0.6200000000000001,0.0,0.3825000000000001
Fridge,5,18,1,4,0.46,0.6200000000000001,0.4100000000000001
Fridge,6,18,1,4,0.79,0.46,0.38541666666666674
Fridge,7,18,1,4,0.32,0.79,0.38000000000000006
Fridge,8,18,1,4,0.29,0.32,0.3604166666666668
Fridge,9,18,1,4,0.35,0.29,0.33583333333333343
Fridge,10,18,1,4,0.0,0.35,0.31541666666666673
Fridge,11,18,1,4,0.0,0.0,0.31541666666666673
Fridge,12,18,1,4,0.0,0.0,0.36666666666666675
Fridge,13,18,1,4,1.23,0.0,0.37166666666666676
Fridge,14,18,1,4,0.24,1.23,0.38291666666666674
Fridge,15,18,1,4,0.53,0.24,0.3741666666666667
Fridge,16,18,1,4,0.27,0.53,0.36666666666666675
Fridge,17,18,1,4,0.22,0.27,0.36666666666666675
Fridge,18,18,1,4,0.0,0.22,0.35416666666666674
Fridge,19,18,1,4,0.0,0.0,0.34500000000000003
Fridge,20,18,1,4,0.49,0.0,0.34500000000000003
Fridge,21,18,1,4,0.0,0.49,0.3075000000000001
Fridge,22,18,1,4,0.46,0.0,0.3341666666666668
Fridge,23,18,1,4,0.64,0.46,0.3187500000000001
Fridge,0,19,2,4,0.0,0.64,0.33833333333333343
Fridge,1,19,2,4,0.5800000000000001,0.0,0.31208333333333343
Fridge,2,19,2,4,0.0,0.5800000000000001,0.3362500000000001
Fridge,3,19,2,4,0.5800000000000001,0.0,0.31041666666666673
Fridge,4,19,2,4,0.0,0.5800000000000001,0.30166666666666675
Fridge,5,19,2,4,0.25,0.0,0.2687500000000001
Fridge,6,19,2,4,0.0,0.25,0.25541666666666674
Fridge,7,19,2,4,0.0,0.0,0.26166666666666677
Fridge,8,19,2,4,0.44,0.0,0.26291666666666674
Fridge,9,19,2,4,0.38,0.44,0.2970833333333334
Fridge,10,19,2,4,0.8200000000000001,0.38,0.3050000000000001
Fridge,11,19,2,4,0.19,0.8200000000000001,0.3179166666666668
Fridge,12,19,2,4,0.31,0.19,0.2666666666666668
Fridge,13,19,2,4,0.0,0.31,0.2733333333333334
Fridge,14,19,2,4,0.4,0.0,0.29041666666666677
Fridge,15,19,2,4,0.94,0.4,0.29083333333333344
Fridge,16,19,2,4,0.28,0.94,0.28625000000000006
Fridge,17,19,2,4,0.11,0.28,0.31458333333333344
Fridge,18,19,2,4,0.6799999999999999,0.11,0.31458333333333344
Fridge,19,19,2,4,0.0,0.6799999999999999,0.29416666666666674
Fridge,20,19,2,4,0.0,0.0,0.30458333333333343
Fridge,21,19,2,4,0.25,0.0,0.2854166666666667
Fridge,22,19,2,4,0.0,0.25,0.2587500000000001
Fridge,23,19,2,4,0.0,0.0,0.2687500000000001
Fridge,0,20,3,4,0.24,0.0,0.25666666666666677
Fridge,1,20,3,4,0.29,0.24,0.3050000000000001
Fridge,2,20,3,4,1.16,0.29,0.3233333333333334
Fridge,3,20,3,4,1.02,1.16,0.33583333333333343
Fridge,4,20,3,4,0.3,1.02,0.32541666666666674
Fridge,5,20,3,4,0.0,0.3,0.3312500000000001
Fridge,6,20,3,4,0.14,0.0,0.3312500000000001
Fridge,7,20,3,4,0.0,0.14,0.31291666666666673
Fridge,8,20,3,4,0.0,0.0,0.3383333333333334
Fridge,9,20,3,4,0.99,0.0,0.30416666666666675
Fridge,10,20,3,4,0.0,0.99,0.3183333333333334
Fridge,11,20,3,4,0.53,0.0,0.31291666666666673
Fridge,12,20,3,4,0.18,0.53,0.31291666666666673
Fridge,13,20,3,4,0.0,0.18,0.3250000000000001
Fridge,14,20,3,4,0.6900000000000001,0.0,0.2933333333333334
Fridge,15,20,3,4,0.18,0.6900000000000001,0.28166666666666673
Fridge,16,20,3,4,0.0,0.18,0.2933333333333334
Fridge,17,20,3,4,0.39,0.0,0.26500000000000007
Fridge,18,20,3,4,0.0,0.39,0.29958333333333337
Fridge,19,20,3,4,0.8300000000000001,0.0,0.31041666666666673
Fridge,20,20,3,4,0.26,0.8300000000000001,0.34375000000000006
Fridge,21,20,3,4,1.05,0.26,0.3629166666666667
Fridge,22,20,3,4,0.46,1.05,0.3629166666666667
Fridge,23,20,3,4,0.0,0.46,0.3679166666666667
Fridge,0,21,4,4,0.36,0.0,0.37166666666666676
Fridge,1,21,4,4,0.38,0.36,0.3233333333333334
Fridge,2,21,4,4,0.0,0.38,0.28083333333333343
Fridge,3,21,4,4,0.0,0.0,0.3033333333333334
Fridge,4,21,4,4,0.8400000000000001,0.0,0.3033333333333334
Fridge,5,21,4,4,0.0,0.8400000000000001,0.30916666666666676
Fridge,6,21,4,4,0.28,0.0,0.35333333333333344
Fridge,7,21,4,4,1.06,0.28,0.3995833333333334
Fridge,8,21,4,4,1.11,1.06,0.3583333333333334
Fridge,9,21,4,4,0.0,1.11,0.39541666666666675
Fridge,10,21,4,4,0.89,0.0,0.3812500000000001
Fridge,11,21,4,4,0.19,0.89,0.4087500000000001
Fridge,12,21,4,4,0.84,0.19,0.4212500000000001
Fridge,13,21,4,4,0.3,0.84,0.4100000000000001
Fridge,14,21,4,4,0.42,0.3,0.4025000000000001
Fridge,15,21,4,4,0.0,0.42,0.4025000000000001
Fridge,16,21,4,4,0.0,0.0,0.38625000000000004
Fridge,17,21,4,4,0.0,0.0,0.39333333333333337
Fridge,18,21,4,4,0.17,0.0,0.35875000000000007
Fridge,19,21,4,4,0.0,0.17,0.3666666666666667
Fridge,20,21,4,4,0.45,0.0,0.32291666666666674
Fridge,21,21,4,4,0.0,0.45,0.3162500000000001
Fridge,22,21,4,4,0.3,0.0,0.3162500000000001
Fridge,23,21,4,4,0.0,0.3,0.3012500000000001
Fridge,0,22,5,4,0.0,0.0,0.2854166666666667
Fridge,1,22,5,4,0.0,0.0,0.3170833333333334
Fridge,2,22,5,4,0.76,0.0,0.3170833333333334
Fridge,3,22,5,4,0.0,0.76,0.3391666666666668
Fridge,4,22,5,4,1.37,0.0,0.34666666666666673
Fridge,5,22,5,4,0.18,1.37,0.35375000000000006
Fridge,6,22,5,4,0.45,0.18,0.3095833333333334
Fridge,7,22,5,4,0.0,0.45,0.26333333333333336
Fridge,8,22,5,4,0.0,0.0,0.3012500000000001
Fridge,9,22,5,4,0.91,0.0,0.2895833333333334
Fridge,10,22,5,4,0.61,0.91,0.3033333333333334
Fridge,11,22,5,4,0.52,0.61,0.2825000000000001
Fridge,12,22,5,4,0.34,0.52,0.28916666666666674
Fridge,13,22,5,4,0.46,0.34,0.2716666666666668
Fridge,14,22,5,4,0.0,0.46,0.2820833333333334
Fridge,15,22,5,4,0.25,0.0,0.2933333333333334
Fridge,16,22,5,4,0.27,0.25,0.2933333333333334
Fridge,17,22,5,4,0.0,0.27,0.3145833333333334
Fridge,18,22,5,4,0.6799999999999999,0.0,0.3287500000000001
Fridge,19,22,5,4,0.34,0.6799999999999999,0.3495833333333334
Fridge,20,22,5,4,0.95,0.34,0.3600000000000001
Fridge,21,22,5,4,0.25,0.95,0.3645833333333334
Fridge,22,22,5,4,0.41,0.25,0.3645833333333334
Fridge,23,22,5,4,0.0,0.41,0.3879166666666667
Fridge,0,23,6,4,0.56,0.0,0.4058333333333333
Fridge,1,23,6,4,0.43,0.56,0.39000000000000007
Fridge,2,23,6,4,0.38,0.43,0.39000000000000007
Fridge,3,23,6,4,0.0,0.38,0.33291666666666675
Fridge,4,23,6,4,0.0,0.0,0.4087500000000001
Fridge,5,23,6,4,2.0,0.0,0.39625000000000005
Fridge,6,23,6,4,0.15,2.0,0.39625000000000005
Fridge,7,23,6,4,0.0,0.15,0.40916666666666673
Fridge,8,23,6,4,0.31,0.0,0.3916666666666668
Fridge,9,23,6,4,0.49,0.31,0.3916666666666668
Fridge,10,23,6,4,0.61,0.49,0.38333333333333336
Fridge,11,23,6,4,0.32,0.61,0.3691666666666667
Fridge,12,23,6,4,0.0,0.32,0.3500000000000001
Fridge,13,23,6,4,0.0,0.0,0.3500000000000001
Fridge,14,23,6,4,0.0,0.0,0.3395833333333334
Fridge,15,23,6,4,0.0,0.0,0.34875000000000006
Fridge,16,23,6,4,0.49,0.0,0.3691666666666667
Fridge,17,23,6,4,0.49,0.49,0.35500000000000004
Fridge,18,23,6,4,0.34,0.49,0.3408333333333334
Fridge,19,23,6,4,0.0,0.34,0.3208333333333334
Fridge,20,23,6,4,0.47,0.0,0.31041666666666673
Fridge,21,23,6,4,0.0,0.47,0.3208333333333334
Fridge,22,23,6,4,0.6599999999999999,0.0,0.3208333333333334
Fridge,23,23,6,4,0.0,0.6599999999999999,0.3312500000000001
Fridge,0,24,0,4,0.81,0.0,0.33000000000000007
Fridge,1,24,0,4,0.4,0.81,0.31416666666666676
Fridge,2,24,0,4,0.0,0.4,0.33000000000000007
Fridge,3,24,0,4,0.38,0.0,0.34208333333333335
Fridge,4,24,0,4,0.29,0.38,0.31541666666666673
Fridge,5,24,0,4,1.36,0.29,0.3270833333333334
Fridge,6,24,0,4,0.43,1.36,0.3583333333333334
Fridge,7,24,0,4,0.75,0.43,0.34541666666666676
Fridge,8,24,0,4,0.0,0.75,0.32500000000000007
Fridge,9,24,0,4,0.0,0.0,0.2995833333333334
Fridge,10,24,0,4,0.0,0.0,0.2995833333333334
Fridge,11,24,0,4,0.32,0.0,0.32166666666666677
Fridge,12,24,0,4,0.53,0.32,0.32166666666666677
Fridge,13,24,0,4,0.0,0.53,0.32166666666666677
Fridge,14,24,0,4,0.0,0.0,0.32166666666666677
Fridge,15,24,0,4,0.0,0.0,0.31791666666666674
Fridge,16,24,0,4,0.4,0.0,0.29750000000000004
Fridge,17,24,0,4,0.0,0.4,0.2833333333333334
Fridge,18,24,0,4,0.0,0.0,0.2833333333333334
Fridge,19,24,0,4,0.0,0.0,0.2683333333333334
Fridge,20,24,0,4,0.11,0.0,0.28583333333333344
Fridge,21,24,0,4,0.42,0.11,0.27291666666666675
Fridge,22,24,0,4,0.35,0.42,0.27291666666666675
Fridge,23,24,0,4,0.0,0.35,0.24708333333333343
Fridge,0,25,1,4,0.19,0.0,0.23041666666666674
Fridge,1,25,1,4,0.0,0.19,0.23041666666666674
Fridge,2,25,1,4,0.0,0.0,0.24416666666666675
Fridge,3,25,1,4,0.71,0.0,0.2825000000000001
Fridge,4,25,1,4,1.21,0.71,0.2433333333333334
Fridge,5,25,1,4,0.42,1.21,0.24666666666666673
Fridge,6,25,1,4,0.51,0.42,0.21541666666666673
Fridge,7,25,1,4,0.0,0.51,0.21541666666666673
Fridge,8,25,1,4,0.0,0.0,0.23041666666666674
Fridge,9,25,1,4,0.36,0.0,0.25750000000000006
Fridge,10,25,1,4,0.6499999999999999,0.36,0.28416666666666673
Fridge,11,25,1,4,0.96,0.6499999999999999,0.27458333333333335
Fridge,12,25,1,4,0.3,0.96,0.2745833333333334
Fridge,13,25,1,4,0.0,0.3,0.2845833333333334
Fridge,14,25,1,4,0.24,0.0,0.32750000000000007
Fridge,15,25,1,4,1.03,0.24,0.3479166666666667
Fridge,16,25,1,4,0.8899999999999999,1.03,0.36125000000000007
Fridge,17,25,1,4,0.32,0.8899999999999999,0.36125000000000007
Fridge,18,25,1,4,0.0,0.32,0.37250000000000005
Fridge,19,25,1,4,0.27,0.0,0.3679166666666667
Fridge,20,25,1,4,0.0,0.27,0.3775000000000001
Fridge,21,25,1,4,0.65,0.0,0.3629166666666667
Fridge,22,25,1,4,0.0,0.65,0.40666666666666673
Fridge,23,25,1,4,1.05,0.0,0.4100000000000001
Fridge,0,26,2,4,0.27,1.05,0.4308333333333334
Fridge,1,26,2,4,0.5,0.27,0.45250000000000007
Fridge,2,26,2,4,0.52,0.5,0.4429166666666668
Fridge,3,26,2,4,0.48,0.52,0.4116666666666667
Fridge,4,26,2,4,0.46,0.48,0.3941666666666667
Fridge,5,26,2,4,0.0,0.46,0.38625000000000004
Fridge,6,26,2,4,0.32,0.0,0.4108333333333334
Fridge,7,26,2,4,0.5900000000000001,0.32,0.44791666666666674
Fridge,8,26,2,4,0.89,0.5900000000000001,0.4329166666666668
Fridge,9,26,2,4,0.0,0.89,0.4262500000000001
Fridge,10,26,2,4,0.49,0.0,0.3979166666666667
Fridge,11,26,2,4,0.28,0.49,0.38541666666666674
Fridge,12,26,2,4,0.0,0.28,0.3937500000000001
Fridge,13,26,2,4,0.2,0.0,0.40416666666666673
Fridge,14,26,2,4,0.49,0.2,0.3908333333333334
Fridge,15,26,2,4,0.71,0.49,0.41666666666666674
Fridge,16,26,2,4,1.51,0.71,0.4179166666666667
Fridge,17,26,2,4,0.35,1.51,0.4612500000000001
Fridge,18,26,2,4,1.04,0.35,0.47000000000000003
Fridge,19,26,2,4,0.48,1.04,0.47000000000000003
Fridge,20,26,2,4,0.0,0.48,0.4745833333333334
Fridge,21,26,2,4,0.76,0.0,0.4745833333333334
Fridge,22,26,2,4,0.0,0.76,0.46041666666666675
Fridge,23,26,2,4,0.71,0.0,0.4491666666666667
Fridge,0,27,3,4,0.0,0.71,0.44541666666666674
Fridge,1,27,3,4,0.41,0.0,0.4300000000000001
Fridge,2,27,3,4,0.15,0.41,0.43416666666666676
Fridge,3,27,3,4,0.58,0.15,0.4445833333333334
Fridge,4,27,3,4,0.71,0.58,0.4445833333333334
Fridge,5,27,3,4,0.0,0.71,0.4312500000000001
Fridge,6,27,3,4,0.0,0.0,0.4179166666666667
Fridge,7,27,3,4,0.27,0.0,0.38083333333333336
Fridge,8,27,3,4,0.0,0.27,0.4104166666666667
Fridge,9,27,3,4,0.71,0.0,0.3958333333333334
Fridge,10,27,3,4,0.14,0.71,0.4200000000000001
Fridge,11,27,3,4,0.86,0.14,0.4516666666666667
Fridge,12,27,3,4,0.76,0.86,0.4741666666666667
Fridge,13,27,3,4,0.74,0.76,0.4741666666666668
Fridge,14,27,3,4,0.49,0.74,0.4445833333333334
Fridge,15,27,3,4,0.0,0.49,0.43750000000000006
Fridge,16,27,3,4,1.34,0.0,0.4270833333333334
Fridge,17,27,3,4,0.1,1.34,0.3879166666666667
Fridge,18,27,3,4,0.1,0.1,0.37458333333333343
Fridge,19,27,3,4,0.16,0.1,0.3941666666666668
Fridge,20,27,3,4,0.47,0.16,0.3904166666666667
Fridge,21,27,3,4,0.6699999999999999,0.47,0.4104166666666667
Fridge,22,27,3,4,0.48,0.6699999999999999,0.39333333333333337
Fridge,23,27,3,4,0.3,0.48,0.40291666666666676
Fridge,0,28,4,4,0.23,0.3,0.41375000000000006
Fridge,1,28,4,4,0.67,0.23,0.40750000000000003
Fridge,2,28,4,4,0.0,0.67,0.38333333333333336
Fridge,3,28,4,4,0.0,0.0,0.3691666666666668
Fridge,4,28,4,4,0.37,0.0,0.3787500000000001
Fridge,5,28,4,4,0.23,0.37,0.4229166666666668
Fridge,6,28,4,4,1.06,0.23,0.42916666666666675
Fridge,7,28,4,4,0.42,1.06,0.4291666666666667
Fridge,8,28,4,4,0.0,0.42,0.40375000000000005
Fridge,9,28,4,4,0.1,0.0,0.41750000000000004
Fridge,10,28,4,4,0.47,0.1,0.3866666666666667
Fridge,11,28,4,4,0.12,0.47,0.35500000000000004
Fridge,12,28,4,4,0.0,0.12,0.3570833333333334
Fridge,13,28,4,4,0.79,0.0,0.3366666666666667
Fridge,14,28,4,4,0.0,0.79,0.3366666666666667
Fridge,15,28,4,4,0.0,0.0,0.2958333333333334
Fridge,16,28,4,4,0.36,0.0,0.30666666666666675
Fridge,17,28,4,4,0.36,0.36,0.30250000000000005
Fridge,18,28,4,4,0.0,0.36,0.30250000000000005
Fridge,19,28,4,4,0.16,0.0,0.28291666666666676
Fridge,20,28,4,4,0.0,0.16,0.25500000000000006
Fridge,21,28,4,4,0.0,0.0,0.26291666666666674
Fridge,22,28,4,4,0.67,0.0,0.27125000000000005
Fridge,23,28,4,4,0.5,0.67,0.27583333333333343
Fridge,0,29,5,4,0.3399999999999999,0.5,0.2745833333333334
Fridge,1,29,5,4,0.64,0.3399999999999999,0.2925000000000001
Fridge,2,29,5,4,0.43,0.64,0.3037500000000001
Fridge,3,29,5,4,0.27,0.43,0.2883333333333334
Fridge,4,29,5,4,0.0,0.27,0.2895833333333334
Fridge,5,29,5,4,0.26,0.0,0.2533333333333334
Fridge,6,29,5,4,0.19,0.26,0.24125000000000008
Fridge,7,29,5,4,0.13,0.19,0.2708333333333334
Fridge,8,29,5,4,0.71,0.13,0.2666666666666667
Fridge,9,29,5,4,0.0,0.71,0.2470833333333334
Fridge,10,29,5,4,0.0,0.0,0.25500000000000006
Fridge,11,29,5,4,0.31,0.0,0.26291666666666674
Fridge,12,29,5,4,0.19,0.31,0.2370833333333334
Fridge,13,29,5,4,0.17,0.19,0.2370833333333334
Fridge,14,29,5,4,0.0,0.17,0.2545833333333334
Fridge,15,29,5,4,0.42,0.0,0.2395833333333334
Fridge,16,29,5,4,0.0,0.42,0.2562500000000001
Fridge,17,29,5,4,0.76,0.0,0.28041666666666676
Fridge,18,29,5,4,0.5800000000000001,0.76,0.28666666666666674
Fridge,19,29,5,4,0.31,0.5800000000000001,0.3370833333333334
Fridge,20,29,5,4,1.21,0.31,0.3500000000000001
Fridge,21,29,5,4,0.31,1.21,0.3220833333333334
Fridge,22,29,5,4,0.0,0.31,0.3012500000000001
Fridge,23,29,5,4,0.0,0.0,0.2870833333333334
Fridge,0,30,6,4,0.0,0.0,0.2995833333333334
Fridge,1,30,6,4,0.94,0.0,0.2929166666666667
Fridge,2,30,6,4,0.27,0.94,0.30166666666666675
Fridge,3,30,6,4,0.48,0.27,0.30166666666666675
Fridge,4,30,6,4,0.0,0.48,0.2908333333333334
Fridge,5,30,6,4,0.0,0.0,0.3150000000000001
Fridge,6,30,6,4,0.77,0.0,0.3195833333333334
Fridge,7,30,6,4,0.24,0.77,0.2900000000000001
Fridge,8,30,6,4,0.0,0.24,0.3291666666666668
Fridge,9,30,6,4,0.94,0.0,0.3291666666666668
Fridge,10,30,6,4,0.0,0.94,0.3162500000000001
Fridge,11,30,6,4,0.0,0.0,0.32208333333333344
Fridge,12,30,6,4,0.33,0.0,0.3245833333333334
Fridge,13,30,6,4,0.2299999999999999,0.33,0.3245833333333334
Fridge,14,30,6,4,0.0,0.2299999999999999,0.3395833333333334
Fridge,15,30,6,4,0.78,0.0,0.3583333333333334
Fridge,16,30,6,4,0.45,0.78,0.34666666666666673
Fridge,17,30,6,4,0.48,0.45,0.3579166666666667
Fridge,18,30,6,4,0.85,0.48,0.385
Fridge,19,30,6,4,0.96,0.85,0.3654166666666667
Fridge,20,30,6,4,0.74,0.96,0.35708333333333336
Fridge,21,30,6,4,0.11,0.74,0.35708333333333336
Fridge,22,30,6,4,0.0,0.11,0.35708333333333336
Fridge,23,30,6,4,0.0,0.0,0.36250000000000004
Fridge,0,1,0,5,0.13,0.0,0.34416666666666673
Fridge,1,1,0,5,0.5,0.13,0.33291666666666675
Fridge,2,1,0,5,0.0,0.5,0.31291666666666673
Fridge,3,1,0,5,0.0,0.0,0.32375000000000004
Fridge,4,1,0,5,0.26,0.0,0.35125000000000006
Fridge,5,1,0,5,0.66,0.26,0.3625000000000001
Fridge,6,1,0,5,1.04,0.66,0.35250000000000004
Fridge,7,1,0,5,0.0,1.04,0.3704166666666668
Fridge,8,1,0,5,0.43,0.0,0.34666666666666673
Fridge,9,1,0,5,0.37,0.43,0.34666666666666673
Fridge,10,1,0,5,0.0,0.37,0.36166666666666675
Fridge,11,1,0,5,0.36,0.0,0.36000000000000004
Fridge,12,1,0,5,0.29,0.36,0.36333333333333334
Fridge,13,1,0,5,0.31,0.29,0.3970833333333334
Fridge,14,1,0,5,0.81,0.31,0.3645833333333334
Fridge,15,1,0,5,0.0,0.81,0.34583333333333344
Fridge,16,1,0,5,0.0,0.0,0.34041666666666676
Fridge,17,1,0,5,0.35,0.0,0.3050000000000001
Fridge,18,1,0,5,0.0,0.35,0.2979166666666667
Fridge,19,1,0,5,0.79,0.0,0.2670833333333334
Fridge,20,1,0,5,0.0,0.79,0.28916666666666674
Fridge,21,1,0,5,0.64,0.0,0.3391666666666668
Fridge,22,1,0,5,1.2,0.64,0.3391666666666668
Fridge,23,1,0,5,0.0,1.2,0.37541666666666673
Fridge,0,2,1,5,1.0,0.0,0.3545833333333334
Fridge,1,2,1,5,0.0,1.0,0.3545833333333334
Fridge,2,2,1,5,0.0,0.0,0.3887500000000001
Fridge,3,2,1,5,0.8200000000000001,0.0,0.4116666666666667
Fridge,4,2,1,5,0.81,0.8200000000000001,0.4079166666666667
Fridge,5,2,1,5,0.5700000000000001,0.81,0.3645833333333334
Fridge,6,2,1,5,0.0,0.5700000000000001,0.3645833333333334
Fridge,7,2,1,5,0.0,0.0,0.3525000000000001
Fridge,8,2,1,5,0.14,0.0,0.35375000000000006
Fridge,9,2,1,5,0.4,0.14,0.39083333333333337
Fridge,10,2,1,5,0.89,0.4,0.3758333333333334
Fridge,11,2,1,5,0.0,0.89,0.3950000000000001
Fridge,12,2,1,5,0.75,0.0,0.39833333333333343
Fridge,13,2,1,5,0.39,0.75,0.37291666666666673
Fridge,14,2,1,5,0.2,0.39,0.3891666666666667
Fridge,15,2,1,5,0.39,0.2,0.4200000000000001
Fridge,16,2,1,5,0.74,0.39,0.40541666666666676
Fridge,17,2,1,5,0.0,0.74,0.4245833333333335
Fridge,18,2,1,5,0.46,0.0,0.4008333333333334
Fridge,19,2,1,5,0.22,0.46,0.4008333333333334
Fridge,20,2,1,5,0.0,0.22,0.3875000000000001
Fridge,21,2,1,5,0.32,0.0,0.35875000000000007
Fridge,22,2,1,5,0.51,0.32,0.3870833333333334
Fridge,23,2,1,5,0.6799999999999999,0.51,0.3637500000000001
Fridge,0,3,2,5,0.44,0.6799999999999999,0.3695833333333334
Fridge,1,3,2,5,0.14,0.44,0.3695833333333334
Fridge,2,3,2,5,0.0,0.14,0.37291666666666673
Fridge,3,3,2,5,0.9,0.0,0.35375000000000006
Fridge,4,3,2,5,0.35,0.9,0.33000000000000007
Fridge,5,3,2,5,0.0,0.35,0.33000000000000007
Fridge,6,3,2,5,0.0,0.0,0.33000000000000007
Fridge,7,3,2,5,0.0,0.0,0.35041666666666677
Fridge,8,3,2,5,0.63,0.0,0.35500000000000004
Fridge,9,3,2,5,0.51,0.63,0.31791666666666674
Fridge,10,3,2,5,0.0,0.51,0.3325000000000001
Fridge,11,3,2,5,0.35,0.0,0.3191666666666667
Fridge,12,3,2,5,0.43,0.35,0.30916666666666676
Fridge,13,3,2,5,0.15,0.43,0.3008333333333334
Fridge,14,3,2,5,0.0,0.15,0.3079166666666668
Fridge,15,3,2,5,0.56,0.0,0.2770833333333334
Fridge,16,3,2,5,0.0,0.56,0.29291666666666677
Fridge,17,3,2,5,0.38,0.0,0.2737500000000001
Fridge,18,3,2,5,0.0,0.38,0.2741666666666667
Fridge,19,3,2,5,0.23,0.0,0.28791666666666677
Fridge,20,3,2,5,0.33,0.23,0.2745833333333334
Fridge,21,3,2,5,0.0,0.33,0.26041666666666674
Fridge,22,3,2,5,0.17,0.0,0.23958333333333345
Fridge,23,3,2,5,0.18,0.17,0.23583333333333342
Fridge,0,4,3,5,0.35,0.18,0.2300000000000001
Fridge,1,4,3,5,0.0,0.35,0.2487500000000001
Fridge,2,4,3,5,0.45,0.0,0.2250000000000001
Fridge,3,4,3,5,0.33,0.45,0.21041666666666678
Fridge,4,4,3,5,0.0,0.33,0.22291666666666676
Fridge,5,4,3,5,0.3,0.0,0.24125000000000008
Fridge,6,4,3,5,0.44,0.3,0.2612500000000001
Fridge,7,4,3,5,0.48,0.44,0.2537500000000001
Fridge,8,4,3,5,0.45,0.48,0.24791666666666676
Fridge,9,4,3,5,0.37,0.45,0.24791666666666676
Fridge,10,4,3,5,0.0,0.37,0.24000000000000007
Fridge,11,4,3,5,0.16,0.0,0.23708333333333342
Fridge,12,4,3,5,0.36,0.16,0.27583333333333343
Fridge,13,4,3,5,1.08,0.36,0.27583333333333343
Fridge,14,4,3,5,0.0,1.08,0.27833333333333343
Fridge,15,4,3,5,0.62,0.0,0.2954166666666667
Fridge,16,4,3,5,0.41,0.62,0.2858333333333334
Fridge,17,4,3,5,0.15,0.41,0.29416666666666674
Fridge,18,4,3,5,0.2,0.15,0.2995833333333334
Fridge,19,4,3,5,0.36,0.2,0.29875000000000007
Fridge,20,4,3,5,0.31,0.36,0.29875000000000007
Fridge,21,4,3,5,0.0,0.31,0.30708333333333343
Fridge,22,4,3,5,0.37,0.0,0.33375000000000005
Fridge,23,4,3,5,0.8200000000000001,0.37,0.31916666666666677
Fridge,0,5,4,5,0.0,0.8200000000000001,0.31916666666666677
Fridge,1,5,4,5,0.0,0.0,0.3004166666666667
Fridge,2,5,4,5,0.0,0.0,0.28666666666666674
Fridge,3,5,4,5,0.0,0.0,0.3062500000000001
Fridge,4,5,4,5,0.47,0.0,0.29375000000000007
Fridge,5,5,4,5,0.0,0.47,0.27541666666666675
Fridge,6,5,4,5,0.0,0.0,0.25541666666666674
Fridge,7,5,4,5,0.0,0.0,0.2733333333333334
Fridge,8,5,4,5,0.88,0.0,0.25791666666666674
Fridge,9,5,4,5,0.0,0.88,0.2641666666666667
Fridge,10,5,4,5,0.15,0.0,0.2662500000000001
Fridge,11,5,4,5,0.21,0.15,0.26750000000000007
Fridge,12,5,4,5,0.39,0.21,0.24541666666666673
Fridge,13,5,4,5,0.55,0.39,0.24541666666666673
Fridge,14,5,4,5,0.0,0.55,0.21958333333333338
Fridge,15,5,4,5,0.0,0.0,0.20791666666666675
Fridge,16,5,4,5,0.13,0.0,0.22541666666666674
Fridge,17,5,4,5,0.5700000000000001,0.13,0.23291666666666674
Fridge,18,5,4,5,0.38,0.5700000000000001,0.23875000000000005
Fridge,19,5,4,5,0.5,0.38,0.23791666666666675
Fridge,20,5,4,5,0.29,0.5,0.2783333333333334
Fridge,21,5,4,5,0.97,0.29,0.3008333333333334
Fridge,22,5,4,5,0.91,0.97,0.2804166666666667
Fridge,23,5,4,5,0.33,0.91,0.31041666666666673
Fridge,0,6,5,5,0.72,0.33,0.31041666666666673
Fridge,1,6,5,5,0.0,0.72,0.32250000000000006
Fridge,2,6,5,5,0.29,0.0,0.3391666666666668
Fridge,3,6,5,5,0.4,0.29,0.3308333333333334
Fridge,4,6,5,5,0.27,0.4,0.3470833333333334
Fridge,5,6,5,5,0.39,0.27,0.3470833333333334
Fridge,6,6,5,5,0.0,0.39,0.36166666666666675
Fridge,7,6,5,5,0.35,0.0,0.32500000000000007
Fridge,8,6,5,5,0.0,0.35,0.35666666666666674
Fridge,9,6,5,5,0.76,0.0,0.37041666666666667
Fridge,10,6,5,5,0.48,0.76,0.39791666666666675
Fridge,11,6,5,5,0.87,0.48,0.38166666666666677
Fridge,12,6,5,5,0.0,0.87,0.3645833333333334
Fridge,13,6,5,5,0.14,0.0,0.3820833333333334
Fridge,14,6,5,5,0.42,0.14,0.3983333333333334
Fridge,15,6,5,5,0.39,0.42,0.41583333333333344
Fridge,16,6,5,5,0.55,0.39,0.42666666666666675
Fridge,17,6,5,5,0.8300000000000001,0.55,0.4108333333333334
Fridge,18,6,5,5,0.0,0.8300000000000001,0.39000000000000007
Fridge,19,6,5,5,0.0,0.0,0.38791666666666674
Fridge,20,6,5,5,0.24,0.0,0.3475000000000001
Fridge,21,6,5,5,0.0,0.24,0.32208333333333344
Fridge,22,6,5,5,0.3,0.0,0.3083333333333334
Fridge,23,6,5,5,0.0,0.3,0.2845833333333334
Fridge,0,7,6,5,0.15,0.0,0.3016666666666667
Fridge,1,7,6,5,0.41,0.15,0.31208333333333343
Fridge,2,7,6,5,0.54,0.41,0.34666666666666673
Fridge,3,7,6,5,1.23,0.54,0.36583333333333345
Fridge,4,7,6,5,0.73,1.23,0.3729166666666668
Fridge,5,7,6,5,0.56,0.73,0.3729166666666668
Fridge,6,7,6,5,0.0,0.56,0.36500000000000005
Fridge,7,7,6,5,0.16,0.0,0.36500000000000005
Fridge,8,7,6,5,0.0,0.16,0.3654166666666668
Fridge,9,7,6,5,0.77,0.0,0.35208333333333347
Fridge,10,7,6,5,0.16,0.77,0.3266666666666667
Fridge,11,7,6,5,0.26,0.16,0.3266666666666667
Fridge,12,7,6,5,0.0,0.26,0.32083333333333347
Fridge,13,7,6,5,0.0,0.0,0.31166666666666676
Fridge,14,7,6,5,0.2,0.0,0.30458333333333343
Fridge,15,7,6,5,0.22,0.2,0.31708333333333344
Fridge,16,7,6,5,0.85,0.22,0.31416666666666676
Fridge,17,7,6,5,0.76,0.85,0.3258333333333334
Fridge,18,7,6,5,0.28,0.76,0.3445833333333334
Fridge,19,7,6,5,0.45,0.28,0.3604166666666668
Fridge,20,7,6,5,0.62,0.45,0.3604166666666668
Fridge,21,7,6,5,0.0,0.62,0.3479166666666668
Fridge,22,7,6,5,0.0,0.0,0.3479166666666668
Fridge,23,7,6,5,0.0,0.0,0.36500000000000016
Fridge,0,8,0,5,0.56,0.0,0.40458333333333346
Fridge,1,8,0,5,1.36,0.56,0.3820833333333334
Fridge,2,8,0,5,0.0,1.36,0.38333333333333347
Fridge,3,8,0,5,1.26,0.0,0.35291666666666677
Fridge,4,8,0,5,0.0,1.26,0.3583333333333334
Fridge,5,8,0,5,0.6900000000000001,0.0,0.3687500000000001
Fridge,6,8,0,5,0.25,0.6900000000000001,0.38791666666666674
Fridge,7,8,0,5,0.62,0.25,0.4041666666666668
Fridge,8,8,0,5,0.39,0.62,0.3720833333333335
Fridge,9,8,0,5,0.0,0.39,0.3654166666666668
Fridge,10,8,0,5,0.0,0.0,0.38625000000000015
Fridge,11,8,0,5,0.76,0.0,0.4087500000000001
Fridge,12,8,0,5,0.54,0.76,0.4087500000000001
Fridge,13,8,0,5,0.0,0.54,0.4004166666666667
Fridge,14,8,0,5,0.0,0.0,0.4104166666666668
Fridge,15,8,0,5,0.46,0.0,0.37958333333333344
Fridge,16,8,0,5,0.11,0.46,0.3966666666666667
Fridge,17,8,0,5,1.17,0.11,0.38500000000000006
Fridge,18,8,0,5,0.0,1.17,0.3854166666666668
Fridge,19,8,0,5,0.46,0.0,0.36666666666666675
Fridge,20,8,0,5,0.17,0.46,0.3875000000000001
Fridge,21,8,0,5,0.5,0.17,0.40750000000000003
Fridge,22,8,0,5,0.48,0.5,0.41666666666666674
Fridge,23,8,0,5,0.22,0.48,0.405
Fridge,0,9,1,5,0.28,0.22,0.3483333333333334
Fridge,1,9,1,5,0.0,0.28,0.3637500000000001
Fridge,2,9,1,5,0.37,0.0,0.3591666666666667
Fridge,3,9,1,5,1.15,0.37,0.37791666666666673
Fridge,4,9,1,5,0.4499999999999999,1.15,0.3808333333333334
Fridge,5,9,1,5,0.76,0.4499999999999999,0.39833333333333343
Fridge,6,9,1,5,0.6699999999999999,0.76,0.37250000000000005
Fridge,7,9,1,5,0.0,0.6699999999999999,0.38875
Fridge,8,9,1,5,0.78,0.0,0.4000000000000001
Fridge,9,9,1,5,0.27,0.78,0.45
Fridge,10,9,1,5,1.2,0.27,0.4495833333333334
Fridge,11,9,1,5,0.75,1.2,0.4512500000000001
Fridge,12,9,1,5,0.5800000000000001,0.75,0.4512500000000001
Fridge,13,9,1,5,0.0,0.5800000000000001,0.4512500000000001
Fridge,14,9,1,5,0.0,0.0,0.45333333333333337
Fridge,15,9,1,5,0.51,0.0,0.44875000000000004
Fridge,16,9,1,5,0.0,0.51,0.4000000000000001
Fridge,17,9,1,5,0.0,0.0,0.4120833333333334
Fridge,18,9,1,5,0.29,0.0,0.39291666666666675
Fridge,19,9,1,5,0.0,0.29,0.40875
Fridge,20,9,1,5,0.55,0.0,0.3979166666666667
Fridge,21,9,1,5,0.24,0.55,0.37791666666666673
Fridge,22,9,1,5,0.0,0.24,0.3687500000000001
Fridge,23,9,1,5,0.0,0.0,0.37958333333333344
Fridge,0,10,2,5,0.54,0.0,0.3987500000000001
Fridge,1,10,2,5,0.46,0.54,0.43291666666666667
Fridge,2,10,2,5,1.19,0.46,0.38500000000000006
Fridge,3,10,2,5,0.0,1.19,0.3950000000000001
Fridge,4,10,2,5,0.6900000000000001,0.0,0.3987500000000001
Fridge,5,10,2,5,0.8500000000000001,0.6900000000000001,0.3708333333333334
Fridge,6,10,2,5,0.0,0.8500000000000001,0.3708333333333334
Fridge,7,10,2,5,0.0,0.0,0.35291666666666677
Fridge,8,10,2,5,0.35,0.0,0.36000000000000004
Fridge,9,10,2,5,0.44,0.35,0.3100000000000001
Fridge,10,10,2,5,0.0,0.44,0.2950000000000001
Fridge,11,10,2,5,0.39,0.0,0.2708333333333334
Fridge,12,10,2,5,0.0,0.39,0.28291666666666676
Fridge,13,10,2,5,0.29,0.0,0.28291666666666676
Fridge,14,10,2,5,0.0,0.29,0.2762500000000001
Fridge,15,10,2,5,0.35,0.0,0.2762500000000001
Fridge,16,10,2,5,0.0,0.35,0.2762500000000001
Fridge,17,10,2,5,0.0,0.0,0.2641666666666667
Fridge,18,10,2,5,0.0,0.0,0.31166666666666676
Fridge,19,10,2,5,1.14,0.0,0.28875000000000006
Fridge,20,10,2,5,0.0,1.14,0.3095833333333334
Fridge,21,10,2,5,0.74,0.0,0.32500000000000007
Fridge,22,10,2,5,0.37,0.74,0.34333333333333343
Fridge,23,10,2,5,0.44,0.37,0.3408333333333334
Fridge,0,11,3,5,0.48,0.44,0.3525000000000001
Fridge,1,11,3,5,0.74,0.48,0.3029166666666667
Fridge,2,11,3,5,0.0,0.74,0.3208333333333334
Fridge,3,11,3,5,0.43,0.0,0.2970833333333334
Fridge,4,11,3,5,0.12,0.43,0.2616666666666667
Fridge,5,11,3,5,0.0,0.12,0.2616666666666667
Fridge,6,11,3,5,0.0,0.0,0.2770833333333334
Fridge,7,11,3,5,0.37,0.0,0.2795833333333334
Fridge,8,11,3,5,0.41,0.37,0.2979166666666667
Fridge,9,11,3,5,0.88,0.41,0.3183333333333334
Fridge,10,11,3,5,0.49,0.88,0.31208333333333343
Fridge,11,11,3,5,0.24,0.49,0.33041666666666675
Fridge,12,11,3,5,0.44,0.24,0.3325000000000001
Fridge,13,11,3,5,0.34,0.44,0.3479166666666667
Fridge,14,11,3,5,0.37,0.34,0.3333333333333334
Fridge,15,11,3,5,0.0,0.37,0.3333333333333334
Fridge,16,11,3,5,0.0,0.0,0.3333333333333334
Fridge,17,11,3,5,0.0,0.0,0.3333333333333334
Fridge,18,11,3,5,0.0,0.0,0.2858333333333334
Fridge,19,11,3,5,0.0,0.0,0.2858333333333334
Fridge,20,11,3,5,0.0,0.0,0.28875000000000006
Fridge,21,11,3,5,0.81,0.0,0.27333333333333343
Fridge,22,11,3,5,0.0,0.81,0.26250000000000007
Fridge,23,11,3,5,0.18,0.0,0.24250000000000008
Fridge,0,12,4,5,0.0,0.18,0.24041666666666675
Fridge,1,12,4,5,0.69,0.0,0.24041666666666675
Fridge,2,12,4,5,0.0,0.69,0.2370833333333334
Fridge,3,12,4,5,0.35,0.0,0.2508333333333334
Fridge,4,12,4,5,0.45,0.35,0.27041666666666675
Fridge,5,12,4,5,0.47,0.45,0.28541666666666676
Fridge,6,12,4,5,0.36,0.47,0.2700000000000001
Fridge,7,12,4,5,0.0,0.36,0.25291666666666673
Fridge,8,12,4,5,0.0,0.0,0.21625000000000008
Fridge,9,12,4,5,0.0,0.0,0.19583333333333341
Fridge,10,12,4,5,0.0,0.0,0.20458333333333342
Fridge,11,12,4,5,0.45,0.0,0.19541666666666677
Fridge,12,12,4,5,0.22,0.45,0.20833333333333337
Fridge,13,12,4,5,0.6499999999999999,0.22,0.20166666666666674
Fridge,14,12,4,5,0.21,0.6499999999999999,0.21625000000000008
Fridge,15,12,4,5,0.35,0.21,0.24666666666666673
Fridge,16,12,4,5,0.73,0.35,0.2520833333333334
Fridge,17,12,4,5,0.13,0.73,0.2583333333333334
Fridge,18,12,4,5,0.15,0.13,0.27041666666666675
Fridge,19,12,4,5,0.29,0.15,0.28041666666666676
Fridge,20,12,4,5,0.24,0.29,0.2616666666666667
Fridge,21,12,4,5,0.36,0.24,0.26791666666666675
Fridge,22,12,4,5,0.15,0.36,0.2666666666666667
Fridge,23,12,4,5,0.15,0.15,0.29166666666666674
Fridge,0,13,5,5,0.6000000000000001,0.15,0.28250000000000003
Fridge,1,13,5,5,0.47,0.6000000000000001,0.29875000000000007
Fridge,2,13,5,5,0.39,0.47,0.3216666666666667
Fridge,3,13,5,5,0.9,0.39,0.3029166666666667
Fridge,4,13,5,5,0.0,0.9,0.2833333333333334
Fridge,5,13,5,5,0.0,0.0,0.27875000000000005
Fridge,6,13,5,5,0.25,0.0,0.2979166666666667
Fridge,7,13,5,5,0.4599999999999999,0.25,0.2979166666666667
Fridge,8,13,5,5,0.0,0.4599999999999999,0.2979166666666667
Fridge,9,13,5,5,0.0,0.0,0.31291666666666673
Fridge,10,13,5,5,0.36,0.0,0.32875000000000004
Fridge,11,13,5,5,0.8300000000000001,0.36,0.3325000000000001
Fridge,12,13,5,5,0.31,0.8300000000000001,0.3308333333333334
Fridge,13,13,5,5,0.61,0.31,0.3475000000000001
Fridge,14,13,5,5,0.6100000000000001,0.61,0.3483333333333334
Fridge,15,13,5,5,0.37,0.6100000000000001,0.3591666666666668
Fridge,16,13,5,5,0.99,0.37,0.3841666666666667
Fridge,17,13,5,5,0.73,0.99,0.4112500000000001
Fridge,18,13,5,5,0.8,0.73,0.41666666666666674
Fridge,19,13,5,5,0.42,0.8,0.44583333333333336
Fridge,20,13,5,5,0.94,0.42,0.4545833333333334
Fridge,21,13,5,5,0.5700000000000001,0.94,0.4483333333333334
Fridge,22,13,5,5,0.0,0.5700000000000001,0.4420833333333334
Fridge,23,13,5,5,0.0,0.0,0.42375000000000007
Fridge,0,14,6,5,0.16,0.0,0.40416666666666673
Fridge,1,14,6,5,0.0,0.16,0.38791666666666674
Fridge,2,14,6,5,0.0,0.0,0.3875000000000001
Fridge,3,14,6,5,0.89,0.0,0.41750000000000004
Fridge,4,14,6,5,0.72,0.89,0.41750000000000004
Fridge,5,14,6,5,0.0,0.72,0.4125000000000001
Fridge,6,14,6,5,0.13,0.0,0.39333333333333337
Fridge,7,14,6,5,0.0,0.13,0.39333333333333337
Fridge,8,14,6,5,0.0,0.0,0.40583333333333343
Fridge,9,14,6,5,0.3,0.0,0.40583333333333343
Fridge,10,14,6,5,0.36,0.3,0.3712500000000001
Fridge,11,14,6,5,0.0,0.36,0.3583333333333334
Fridge,12,14,6,5,0.0,0.0,0.3575000000000001
Fridge,13,14,6,5,0.59,0.0,0.33208333333333345
Fridge,14,14,6,5,0.0,0.59,0.34333333333333343
Fridge,15,14,6,5,0.64,0.0,0.3208333333333334
Fridge,16,14,6,5,0.45,0.64,0.31000000000000005
Fridge,17,14,6,5,0.47,0.45,0.30416666666666675
Fridge,18,14,6,5,0.6599999999999999,0.47,0.28666666666666674
Fridge,19,14,6,5,0.0,0.6599999999999999,0.28750000000000003
Fridge,20,14,6,5,0.96,0.0,0.2637500000000001
Fridge,21,14,6,5,0.0,0.96,0.2820833333333334
Fridge,22,14,6,5,0.44,0.0,0.2933333333333334
Fridge,23,14,6,5,0.27,0.44,0.29291666666666677
Fridge,0,15,0,5,0.15,0.27,0.3095833333333334
Fridge,1,15,0,5,0.4,0.15,0.3095833333333334
Fridge,2,15,0,5,0.0,0.4,0.2725
Fridge,3,15,0,5,0.0,0.0,0.24250000000000005
Fridge,4,15,0,5,0.0,0.0,0.26833333333333337
Fridge,5,15,0,5,0.62,0.0,0.26291666666666674
Fridge,6,15,0,5,0.0,0.62,0.26291666666666674
Fridge,7,15,0,5,0.0,0.0,0.26833333333333337
Fridge,8,15,0,5,0.13,0.0,0.2658333333333334
Fridge,9,15,0,5,0.24,0.13,0.25750000000000006
Fridge,10,15,0,5,0.16,0.24,0.25750000000000006
Fridge,11,15,0,5,0.0,0.16,0.25750000000000006
Fridge,12,15,0,5,0.0,0.0,0.2470833333333334
Fridge,13,15,0,5,0.34,0.0,0.2470833333333334
Fridge,14,15,0,5,0.0,0.34,0.2258333333333334
Fridge,15,15,0,5,0.13,0.0,0.2287500000000001
Fridge,16,15,0,5,0.52,0.13,0.24625000000000008
Fridge,17,15,0,5,0.89,0.52,0.2233333333333334
Fridge,18,15,0,5,0.11,0.89,0.2583333333333334
Fridge,19,15,0,5,0.8400000000000001,0.11,0.2183333333333334
Fridge,20,15,0,5,0.0,0.8400000000000001,0.24750000000000008
Fridge,21,15,0,5,0.7,0.0,0.22916666666666674
Fridge,22,15,0,5,0.0,0.7,0.2237500000000001
Fridge,23,15,0,5,0.14,0.0,0.22916666666666674
Fridge,0,16,1,5,0.28,0.14,0.2170833333333334
Fridge,1,16,1,5,0.11,0.28,0.2300000000000001
Fridge,2,16,1,5,0.31,0.11,0.2300000000000001
Fridge,3,16,1,5,0.0,0.31,0.24125000000000008
Fridge,4,16,1,5,0.27,0.0,0.23166666666666677
Fridge,5,16,1,5,0.39,0.27,0.23166666666666677
Fridge,6,16,1,5,0.0,0.39,0.23833333333333342
Fridge,7,16,1,5,0.16,0.0,0.23291666666666677
Fridge,8,16,1,5,0.0,0.16,0.22750000000000006
Fridge,9,16,1,5,0.11,0.0,0.24166666666666672
Fridge,10,16,1,5,0.5,0.11,0.2775000000000001
Fridge,11,16,1,5,0.86,0.5,0.28166666666666673
Fridge,12,16,1,5,0.1,0.86,0.2741666666666667
Fridge,13,16,1,5,0.16,0.1,0.30708333333333343
Fridge,14,16,1,5,0.79,0.16,0.30166666666666675
Fridge,15,16,1,5,0.0,0.79,0.30000000000000004
Fridge,16,16,1,5,0.48,0.0,0.29750000000000004
Fridge,17,16,1,5,0.83,0.48,0.33083333333333337
Fridge,18,16,1,5,0.91,0.83,0.3012500000000001
Fridge,19,16,1,5,0.13,0.91,0.3012500000000001
Fridge,20,16,1,5,0.0,0.13,0.2775000000000001
Fridge,21,16,1,5,0.13,0.0,0.31000000000000005
Fridge,22,16,1,5,0.78,0.13,0.31416666666666676
Fridge,23,16,1,5,0.24,0.78,0.30250000000000005
Fridge,0,17,2,5,0.0,0.24,0.3087500000000001
Fridge,1,17,2,5,0.26,0.0,0.3000000000000001
Fridge,2,17,2,5,0.1,0.26,0.3058333333333334
Fridge,3,17,2,5,0.14,0.1,0.3083333333333334
Fridge,4,17,2,5,0.33,0.14,0.3079166666666667
Fridge,5,17,2,5,0.38,0.33,0.32291666666666674
Fridge,6,17,2,5,0.36,0.38,0.3162500000000001
Fridge,7,17,2,5,0.0,0.36,0.3162500000000001
Fridge,8,17,2,5,0.0,0.0,0.32416666666666677
Fridge,9,17,2,5,0.3,0.0,0.3033333333333334
Fridge,10,17,2,5,0.0,0.3,0.26750000000000007
Fridge,11,17,2,5,0.0,0.0,0.2866666666666668
Fridge,12,17,2,5,0.56,0.0,0.29666666666666675
Fridge,13,17,2,5,0.4,0.56,0.28083333333333343
Fridge,14,17,2,5,0.41,0.4,0.28083333333333343
Fridge,15,17,2,5,0.0,0.41,0.2954166666666667
Fridge,16,17,2,5,0.83,0.0,0.2691666666666668
Fridge,17,17,2,5,0.2,0.83,0.2487500000000001
Fridge,18,17,2,5,0.42,0.2,0.2537500000000001
Fridge,19,17,2,5,0.25,0.42,0.2712500000000001
Fridge,20,17,2,5,0.42,0.25,0.2850000000000001
Fridge,21,17,2,5,0.46,0.42,0.26291666666666674
Fridge,22,17,2,5,0.25,0.46,0.2775000000000001
Fridge,23,17,2,5,0.59,0.25,0.2775000000000001
Fridge,0,18,3,5,0.0,0.59,0.2845833333333334
Fridge,1,18,3,5,0.43,0.0,0.3037500000000001
Fridge,2,18,3,5,0.56,0.43,0.31041666666666673
Fridge,3,18,3,5,0.3,0.56,0.31041666666666673
Fridge,4,18,3,5,0.33,0.3,0.31541666666666673
Fridge,5,18,3,5,0.5,0.33,0.3004166666666667
Fridge,6,18,3,5,0.0,0.5,0.3133333333333334
Fridge,7,18,3,5,0.31,0.0,0.3458333333333334
Fridge,8,18,3,5,0.78,0.31,0.3333333333333335
Fridge,9,18,3,5,0.0,0.78,0.3575000000000001
Fridge,10,18,3,5,0.58,0.0,0.3937500000000001
Fridge,11,18,3,5,0.87,0.58,0.3704166666666668
Fridge,12,18,3,5,0.0,0.87,0.38458333333333344
Fridge,13,18,3,5,0.74,0.0,0.3866666666666667
Fridge,14,18,3,5,0.46,0.74,0.3866666666666667
Fridge,15,18,3,5,0.0,0.46,0.37000000000000005
Fridge,16,18,3,5,0.43,0.0,0.36166666666666675
Fridge,17,18,3,5,0.0,0.43,0.34416666666666673
Fridge,18,18,3,5,0.0,0.0,0.38458333333333344
Fridge,19,18,3,5,1.22,0.0,0.40083333333333343
Fridge,20,18,3,5,0.81,1.22,0.4004166666666667
Fridge,21,18,3,5,0.45,0.81,0.41125000000000006
Fridge,22,18,3,5,0.51,0.45,0.3866666666666667
Fridge,23,18,3,5,0.0,0.51,0.3966666666666667
Fridge,0,19,4,5,0.24,0.0,0.3787500000000001
Fridge,1,19,4,5,0.0,0.24,0.37500000000000006
Fridge,2,19,4,5,0.47,0.0,0.3625000000000001
Fridge,3,19,4,5,0.0,0.47,0.3683333333333334
Fridge,4,19,4,5,0.47,0.0,0.36583333333333345
Fridge,5,19,4,5,0.44,0.47,0.36583333333333345
Fridge,6,19,4,5,0.0,0.44,0.3575000000000001
Fridge,7,19,4,5,0.11,0.0,0.3383333333333334
Fridge,8,19,4,5,0.32,0.11,0.35125000000000006
Fridge,9,19,4,5,0.31,0.32,0.3370833333333334
Fridge,10,19,4,5,0.24,0.31,0.32000000000000006
Fridge,11,19,4,5,0.46,0.24,0.3370833333333334
Fridge,12,19,4,5,0.41,0.46,0.3479166666666667
Fridge,13,19,4,5,1.0,0.41,0.3358333333333334
Fridge,14,19,4,5,0.17,1.0,0.3645833333333334
Fridge,15,19,4,5,0.69,0.17,0.37000000000000005
Fridge,16,19,4,5,0.56,0.69,0.38541666666666674
Fridge,17,19,4,5,0.37,0.56,0.4050000000000001
Fridge,18,19,4,5,0.47,0.37,0.3704166666666668
Fridge,19,19,4,5,0.39,0.47,0.36583333333333345
Fridge,20,19,4,5,0.7,0.39,0.3529166666666667
Fridge,21,19,4,5,0.14,0.7,0.3316666666666667
Fridge,22,19,4,5,0.0,0.14,0.3720833333333334
Fridge,23,19,4,5,0.97,0.0,0.36208333333333337
Fridge,0,20,5,5,0.0,0.97,0.37250000000000005
Fridge,1,20,5,5,0.25,0.0,0.35291666666666677
Fridge,2,20,5,5,0.0,0.25,0.3937500000000001
Fridge,3,20,5,5,0.98,0.0,0.39083333333333337
Fridge,4,20,5,5,0.4,0.98,0.37250000000000005
Fridge,5,20,5,5,0.0,0.4,0.37250000000000005
Fridge,6,20,5,5,0.0,0.0,0.3679166666666667
Fridge,7,20,5,5,0.0,0.0,0.37458333333333343
Fridge,8,20,5,5,0.48,0.0,0.4100000000000001
Fridge,9,20,5,5,1.16,0.48,0.4116666666666667
Fridge,10,20,5,5,0.28,1.16,0.3991666666666667
Fridge,11,20,5,5,0.16,0.28,0.3820833333333334
Fridge,12,20,5,5,0.0,0.16,0.3491666666666668
Fridge,13,20,5,5,0.21,0.0,0.36625000000000013
Fridge,14,20,5,5,0.58,0.21,0.3375000000000001
Fridge,15,20,5,5,0.0,0.58,0.3220833333333334
Fridge,16,20,5,5,0.19,0.0,0.3066666666666667
Fridge,17,20,5,5,0.0,0.19,0.29416666666666674
Fridge,18,20,5,5,0.17,0.0,0.2983333333333334
Fridge,19,20,5,5,0.49,0.17,0.28166666666666673
Fridge,20,20,5,5,0.3,0.49,0.29000000000000004
Fridge,21,20,5,5,0.34,0.3,0.3120833333333334
Fridge,22,20,5,5,0.53,0.34,0.29625000000000007
Fridge,23,20,5,5,0.59,0.53,0.31000000000000005
Fridge,0,21,6,5,0.33,0.59,0.29958333333333337
Fridge,1,21,6,5,0.0,0.33,0.29958333333333337
Fridge,2,21,6,5,0.0,0.0,0.29250000000000004
Fridge,3,21,6,5,0.81,0.0,0.2758333333333334
Fridge,4,21,6,5,0.0,0.81,0.3054166666666667
Fridge,5,21,6,5,0.71,0.0,0.34958333333333336
Fridge,6,21,6,5,1.06,0.71,0.35416666666666674
Fridge,7,21,6,5,0.11,1.06,0.36333333333333334
Fridge,8,21,6,5,0.7,0.11,0.31500000000000006
Fridge,9,21,6,5,0.0,0.7,0.32291666666666674
Fridge,10,21,6,5,0.47,0.0,0.3162500000000001
Fridge,11,21,6,5,0.0,0.47,0.3216666666666667
Fridge,12,21,6,5,0.13,0.0,0.35333333333333333
Fridge,13,21,6,5,0.97,0.13,0.34041666666666676
Fridge,14,21,6,5,0.27,0.97,0.3483333333333334
Fridge,15,21,6,5,0.19,0.27,0.34875000000000006
Fridge,16,21,6,5,0.2,0.19,0.36125000000000007
Fridge,17,21,6,5,0.3,0.2,0.35416666666666674
Fridge,18,21,6,5,0.0,0.3,0.33375000000000005
Fridge,19,21,6,5,0.0,0.0,0.3795833333333334
Fridge,20,21,6,5,1.4,0.0,0.3866666666666667
Fridge,21,21,6,5,0.51,1.4,0.4000000000000001
Fridge,22,21,6,5,0.85,0.51,0.37541666666666673
Fridge,23,21,6,5,0.0,0.85,0.38625000000000004
Fridge,0,22,0,5,0.5900000000000001,0.0,0.38625000000000004
Fridge,1,22,0,5,0.0,0.5900000000000001,0.4133333333333334
Fridge,2,22,0,5,0.65,0.0,0.3987500000000001
Fridge,3,22,0,5,0.46,0.65,0.4150000000000001
Fridge,4,22,0,5,0.39,0.46,0.38541666666666674
Fridge,5,22,0,5,0.0,0.39,0.35125000000000006
Fridge,6,22,0,5,0.24,0.0,0.34666666666666673
Fridge,7,22,0,5,0.0,0.24,0.35333333333333344
Fridge,8,22,0,5,0.8600000000000001,0.0,0.3820833333333334
Fridge,9,22,0,5,0.69,0.8600000000000001,0.3883333333333334
Fridge,10,22,0,5,0.62,0.69,0.3970833333333334
Fridge,11,22,0,5,0.21,0.62,0.40791666666666676
Fridge,12,22,0,5,0.39,0.21,0.3675000000000001
Fridge,13,22,0,5,0.0,0.39,0.3625000000000001
Fridge,14,22,0,5,0.15,0.0,0.3775
Fridge,15,22,0,5,0.55,0.15,0.37625000000000003
Fridge,16,22,0,5,0.17,0.55,0.37291666666666673
Fridge,17,22,0,5,0.22,0.17,0.39000000000000007
Fridge,18,22,0,5,0.41,0.22,0.39000000000000007
Fridge,19,22,0,5,0.0,0.41,0.3316666666666668
Fridge,20,22,0,5,0.0,0.0,0.3166666666666667
Fridge,21,22,0,5,0.15,0.0,0.33291666666666675
Fridge,22,22,0,5,1.24,0.15,0.33291666666666675
Fridge,23,22,0,5,0.0,1.24,0.3083333333333334
Fridge,0,23,1,5,0.0,0.0,0.35041666666666677
Fridge,1,23,1,5,1.01,0.0,0.35125000000000006
Fridge,2,23,1,5,0.67,1.01,0.33208333333333345
Fridge,3,23,1,5,0.0,0.67,0.31583333333333347
Fridge,4,23,1,5,0.0,0.0,0.32208333333333344
Fridge,5,23,1,5,0.15,0.0,0.3312500000000001
Fridge,6,23,1,5,0.4599999999999999,0.15,0.3312500000000001
Fridge,7,23,1,5,0.0,0.4599999999999999,0.3212500000000001
Fridge,8,23,1,5,0.62,0.0,0.29250000000000004
Fridge,9,23,1,5,0.0,0.62,0.2666666666666668
Fridge,10,23,1,5,0.0,0.0,0.2625000000000001
Fridge,11,23,1,5,0.11,0.0,0.24625000000000008
Fridge,12,23,1,5,0.0,0.11,0.26250000000000007
Fridge,13,23,1,5,0.39,0.0,0.2750000000000001
Fridge,14,23,1,5,0.45,0.39,0.2520833333333334
Fridge,15,23,1,5,0.0,0.45,0.24500000000000008
Fridge,16,23,1,5,0.0,0.0,0.24083333333333343
Fridge,17,23,1,5,0.12,0.0,0.23666666666666672
Fridge,18,23,1,5,0.31,0.12,0.23666666666666672
Fridge,19,23,1,5,0.0,0.31,0.23666666666666672
Fridge,20,23,1,5,0.0,0.0,0.23041666666666674
Fridge,21,23,1,5,0.0,0.0,0.17875000000000008
Fridge,22,23,1,5,0.0,0.0,0.17875000000000008
Fridge,23,23,1,5,0.0,0.0,0.18666666666666676
Fridge,0,24,2,5,0.19,0.0,0.15291666666666673
Fridge,1,24,2,5,0.2,0.19,0.13666666666666674
Fridge,2,24,2,5,0.28,0.2,0.17291666666666675
Fridge,3,24,2,5,0.87,0.28,0.19166666666666674
Fridge,4,24,2,5,0.45,0.87,0.1945833333333334
Fridge,5,24,2,5,0.22,0.45,0.19500000000000006
Fridge,6,24,2,5,0.47,0.22,0.19500000000000006
Fridge,7,24,2,5,0.0,0.47,0.18875000000000008
Fridge,8,24,2,5,0.47,0.0,0.20125000000000004
Fridge,9,24,2,5,0.3,0.47,0.21458333333333343
Fridge,10,24,2,5,0.32,0.3,0.21000000000000008
Fridge,11,24,2,5,0.0,0.32,0.21916666666666673
Fridge,12,24,2,5,0.22,0.0,0.2204166666666667
Fridge,13,24,2,5,0.42,0.22,0.21541666666666673
Fridge,14,24,2,5,0.33,0.42,0.21541666666666673
Fridge,15,24,2,5,0.0,0.33,0.25166666666666676
Fridge,16,24,2,5,0.87,0.0,0.26250000000000007
Fridge,17,24,2,5,0.38,0.87,0.26125000000000004
Fridge,18,24,2,5,0.28,0.38,0.26125000000000004
Fridge,19,24,2,5,0.0,0.28,0.2758333333333334
Fridge,20,24,2,5,0.35,0.0,0.2758333333333334
Fridge,21,24,2,5,0.0,0.35,0.2758333333333334
Fridge,22,24,2,5,0.0,0.0,0.29625000000000007
Fridge,23,24,2,5,0.49,0.0,0.2995833333333334
Fridge,0,25,3,5,0.27,0.49,0.30416666666666675
Fridge,1,25,3,5,0.31,0.27,0.3054166666666667
Fridge,2,25,3,5,0.31,0.31,0.2691666666666667
Fridge,3,25,3,5,0.0,0.31,0.2504166666666668
Fridge,4,25,3,5,0.0,0.0,0.25000000000000006
Fridge,5,25,3,5,0.21,0.0,0.23041666666666674
Fridge,6,25,3,5,0.0,0.21,0.24916666666666676
Fridge,7,25,3,5,0.45,0.0,0.25000000000000006
Fridge,8,25,3,5,0.49,0.45,0.23750000000000007
Fridge,9,25,3,5,0.0,0.49,0.2670833333333334
Fridge,10,25,3,5,1.03,0.0,0.2670833333333334
Fridge,11,25,3,5,0.0,1.03,0.2837500000000001
Fridge,12,25,3,5,0.62,0.0,0.2945833333333334
Fridge,13,25,3,5,0.6799999999999999,0.62,0.30083333333333345
Fridge,14,25,3,5,0.48,0.6799999999999999,0.3291666666666668
Fridge,15,25,3,5,0.6799999999999999,0.48,0.31916666666666677
Fridge,16,25,3,5,0.63,0.6799999999999999,0.34208333333333346
Fridge,17,25,3,5,0.93,0.63,0.3500000000000001
Fridge,18,25,3,5,0.47,0.93,0.3500000000000001
Fridge,19,25,3,5,0.0,0.47,0.35125000000000006
Fridge,20,25,3,5,0.38,0.0,0.35125000000000006
Fridge,21,25,3,5,0.0,0.38,0.35125000000000006
Fridge,22,25,3,5,0.0,0.0,0.3704166666666668
Fridge,23,25,3,5,0.95,0.0,0.39250000000000007
Fridge,0,26,4,5,0.8,0.95,0.3837500000000001
Fridge,1,26,4,5,0.1,0.8,0.3775000000000001
Fridge,2,26,4,5,0.16,0.1,0.39541666666666675
Fridge,3,26,4,5,0.43,0.16,0.39541666666666675
Fridge,4,26,4,5,0.0,0.43,0.40625000000000006
Fridge,5,26,4,5,0.47,0.0,0.40625000000000006
Fridge,6,26,4,5,0.0,0.47,0.4204166666666667
Fridge,7,26,4,5,0.79,0.0,0.4658333333333334
Fridge,8,26,4,5,1.58,0.79,0.47916666666666674
Fridge,9,26,4,5,0.32,1.58,0.46541666666666676
Fridge,10,26,4,5,0.7,0.32,0.47833333333333344
Fridge,11,26,4,5,0.31,0.7,0.4525000000000001
Fridge,12,26,4,5,0.0,0.31,0.42416666666666675
Fridge,13,26,4,5,0.0,0.0,0.4200000000000001
Fridge,14,26,4,5,0.38,0.0,0.42666666666666675
Fridge,15,26,4,5,0.84,0.38,0.41125000000000006
Fridge,16,26,4,5,0.26,0.84,0.37250000000000005
Fridge,17,26,4,5,0.0,0.26,0.35291666666666677
Fridge,18,26,4,5,0.0,0.0,0.35291666666666677
Fridge,19,26,4,5,0.0,0.0,0.36708333333333343
Fridge,20,26,4,5,0.72,0.0,0.3825000000000001
Fridge,21,26,4,5,0.37,0.72,0.41541666666666677
Fridge,22,26,4,5,0.79,0.37,0.4270833333333334
Fridge,23,26,4,5,1.23,0.79,0.3937500000000001
Fridge,0,27,5,5,0.0,1.23,0.3895833333333334
Fridge,1,27,5,5,0.0,0.0,0.4291666666666667
Fridge,2,27,5,5,1.11,0.0,0.4154166666666667
Fridge,3,27,5,5,0.1,1.11,0.4316666666666667
Fridge,4,27,5,5,0.39,0.1,0.43916666666666676
Fridge,5,27,5,5,0.6499999999999999,0.39,0.4545833333333334
Fridge,6,27,5,5,0.37,0.6499999999999999,0.43708333333333343
Fridge,7,27,5,5,0.37,0.37,0.3879166666666667
Fridge,8,27,5,5,0.4,0.37,0.39000000000000007
Fridge,9,27,5,5,0.37,0.4,0.3820833333333334
Fridge,10,27,5,5,0.51,0.37,0.3775
Fridge,11,27,5,5,0.2,0.51,0.3870833333333334
Fridge,12,27,5,5,0.23,0.2,0.3870833333333334
Fridge,13,27,5,5,0.0,0.23,0.40791666666666676
Fridge,14,27,5,5,0.88,0.0,0.3729166666666668
Fridge,15,27,5,5,0.0,0.88,0.36208333333333337
Fridge,16,27,5,5,0.0,0.0,0.3804166666666667
Fridge,17,27,5,5,0.44,0.0,0.3883333333333334
Fridge,18,27,5,5,0.19,0.44,0.4133333333333334
Fridge,19,27,5,5,0.6,0.19,0.38333333333333347
Fridge,20,27,5,5,0.0,0.6,0.39291666666666675
Fridge,21,27,5,5,0.6000000000000001,0.0,0.38000000000000006
Fridge,22,27,5,5,0.48,0.6000000000000001,0.32875000000000004
Fridge,23,27,5,5,0.0,0.48,0.3287500000000001
Fridge,0,28,6,5,0.0,0.0,0.3287500000000001
Fridge,1,28,6,5,0.0,0.0,0.3029166666666668
Fridge,2,28,6,5,0.49,0.0,0.34125000000000005
Fridge,3,28,6,5,1.02,0.49,0.36208333333333337
Fridge,4,28,6,5,0.89,1.02,0.34500000000000003
Fridge,5,28,6,5,0.24,0.89,0.35541666666666677
Fridge,6,28,6,5,0.62,0.24,0.3400000000000001
Fridge,7,28,6,5,0.0,0.62,0.3712500000000001
Fridge,8,28,6,5,1.15,0.0,0.35583333333333345
Fridge,9,28,6,5,0.0,1.15,0.34416666666666673
Fridge,10,28,6,5,0.23,0.0,0.35250000000000004
Fridge,11,28,6,5,0.4,0.23,0.3887500000000001
Fridge,12,28,6,5,1.1,0.4,0.41458333333333336
Fridge,13,28,6,5,0.62,1.1,0.39625000000000005
Fridge,14,28,6,5,0.44,0.62,0.39625000000000005
Fridge,15,28,6,5,0.0,0.44,0.42833333333333345
Fridge,16,28,6,5,0.77,0.0,0.44250000000000006
Fridge,17,28,6,5,0.78,0.77,0.4345833333333334
Fridge,18,28,6,5,0.0,0.78,0.4095833333333334
Fridge,19,28,6,5,0.0,0.0,0.43666666666666676
Fridge,20,28,6,5,0.65,0.0,0.4116666666666668
Fridge,21,28,6,5,0.0,0.65,0.42916666666666675
Fridge,22,28,6,5,0.9,0.0,0.42916666666666675
Fridge,23,28,6,5,0.0,0.9,0.43416666666666676
Fridge,0,29,0,5,0.12,0.0,0.43416666666666676
Fridge,1,29,0,5,0.0,0.12,0.4337500000000001
Fridge,2,29,0,5,0.48,0.0,0.40750000000000014
Fridge,3,29,0,5,0.39,0.48,0.37500000000000006
Fridge,4,29,0,5,0.11,0.39,0.3970833333333334
Fridge,5,29,0,5,0.77,0.11,0.3908333333333334
Fridge,6,29,0,5,0.47,0.77,0.3908333333333334
Fridge,7,29,0,5,0.0,0.47,0.35208333333333336
Fridge,8,29,0,5,0.22,0.0,0.35208333333333336
Fridge,9,29,0,5,0.0,0.22,0.35666666666666674
Fridge,10,29,0,5,0.3399999999999999,0.0,0.3545833333333335
Fridge,11,29,0,5,0.35,0.3399999999999999,0.34166666666666673
Fridge,12,29,0,5,0.79,0.35,0.3308333333333334
Fridge,13,29,0,5,0.36,0.79,0.3316666666666667
Fridge,14,29,0,5,0.46,0.36,0.3370833333333334
Fridge,15,29,0,5,0.13,0.46,0.3050000000000001
Fridge,16,29,0,5,0.0,0.13,0.2845833333333334
Fridge,17,29,0,5,0.29,0.0,0.2950000000000001
Fridge,18,29,0,5,0.25,0.29,0.3012500000000001
Fridge,19,29,0,5,0.15,0.25,0.2741666666666667
Fridge,20,29,0,5,0.0,0.15,0.2741666666666667
Fridge,21,29,0,5,0.0,0.0,0.23666666666666672
Fridge,22,29,0,5,0.0,0.0,0.2979166666666667
Fridge,23,29,0,5,1.47,0.0,0.30166666666666675
Fridge,0,30,1,5,0.21,1.47,0.30166666666666675
Fridge,1,30,1,5,0.0,0.21,0.28166666666666673
Fridge,2,30,1,5,0.0,0.0,0.30416666666666675
Fridge,3,30,1,5,0.93,0.0,0.31416666666666676
Fridge,4,30,1,5,0.35,0.93,0.3100000000000001
Fridge,5,30,1,5,0.67,0.35,0.2904166666666667
Fridge,6,30,1,5,0.0,0.67,0.30916666666666676
Fridge,7,30,1,5,0.45,0.0,0.31208333333333343
Fridge,8,30,1,5,0.29,0.45,0.31875000000000003
Fridge,9,30,1,5,0.16,0.29,0.3212500000000001
Fridge,10,30,1,5,0.4,0.16,0.3637500000000001
Fridge,11,30,1,5,1.37,0.4,0.3387500000000001
Fridge,12,30,1,5,0.19,1.37,0.34416666666666673
Fridge,13,30,1,5,0.49,0.19,0.33583333333333343
Fridge,14,30,1,5,0.26,0.49,0.33541666666666675
Fridge,15,30,1,5,0.12,0.26,0.37416666666666676
Fridge,16,30,1,5,0.93,0.12,0.38125000000000003
Fridge,17,30,1,5,0.46,0.93,0.38500000000000006
Fridge,18,30,1,5,0.34,0.46,0.4087500000000001
Fridge,19,30,1,5,0.72,0.34,0.4204166666666668
Fridge,20,30,1,5,0.28,0.72,0.4204166666666668
Fridge,21,30,1,5,0.0,0.28,0.43708333333333343
Fridge,22,30,1,5,0.4,0.0,0.3758333333333334
Fridge,23,30,1,5,0.0,0.4,0.3670833333333334
Fridge,0,31,2,5,0.0,0.0,0.38375000000000004
Fridge,1,31,2,5,0.4,0.0,0.38375000000000004
Fridge,2,31,2,5,0.0,0.4,0.34500000000000003
Fridge,3,31,2,5,0.0,0.0,0.3366666666666667
Fridge,4,31,2,5,0.15,0.0,0.3445833333333334
Fridge,5,31,2,5,0.86,0.15,0.3608333333333334
Fridge,6,31,2,5,0.39,0.86,0.35208333333333347
Fridge,7,31,2,5,0.24,0.39,0.34666666666666673
Fridge,8,31,2,5,0.16,0.24,0.3575000000000001
Fridge,9,31,2,5,0.42,0.16,0.3408333333333334
Fridge,10,31,2,5,0.0,0.42,0.2837500000000001
Fridge,11,31,2,5,0.0,0.0,0.3116666666666667
Fridge,12,31,2,5,0.86,0.0,0.29666666666666675
Fridge,13,31,2,5,0.13,0.86,0.3045833333333334
Fridge,14,31,2,5,0.45,0.13,0.3158333333333334
Fridge,15,31,2,5,0.39,0.45,0.2833333333333334
Fridge,16,31,2,5,0.15,0.39,0.2720833333333334
Fridge,17,31,2,5,0.19,0.15,0.28625000000000006
Fridge,18,31,2,5,0.6799999999999999,0.19,0.2562500000000001
Fridge,19,31,2,5,0.0,0.6799999999999999,0.2508333333333334
Fridge,20,31,2,5,0.15,0.0,0.2508333333333334
Fridge,21,31,2,5,0.0,0.15,0.2533333333333334
Fridge,22,31,2,5,0.46,0.0,0.26041666666666674
Fridge,23,31,2,5,0.17,0.46,0.2654166666666667
Fridge,0,1,3,6,0.12,0.17,0.26291666666666674
Fridge,1,1,3,6,0.34,0.12,0.28083333333333343
Fridge,2,1,3,6,0.43,0.34,0.3137500000000001
Fridge,3,1,3,6,0.79,0.43,0.3391666666666668
Fridge,4,1,3,6,0.76,0.79,0.32041666666666674
Fridge,5,1,3,6,0.41,0.76,0.30416666666666675
Fridge,6,1,3,6,0.0,0.41,0.29416666666666674
Fridge,7,1,3,6,0.0,0.0,0.2875000000000001
Fridge,8,1,3,6,0.0,0.0,0.3054166666666667
Fridge,9,1,3,6,0.85,0.0,0.31083333333333346
Fridge,10,1,3,6,0.13,0.85,0.34375000000000006
Fridge,11,1,3,6,0.79,0.13,0.31916666666666677
Fridge,12,1,3,6,0.27,0.79,0.32708333333333345
Fridge,13,1,3,6,0.32,0.27,0.31916666666666677
Fridge,14,1,3,6,0.26,0.32,0.3475000000000001
Fridge,15,1,3,6,1.07,0.26,0.34125000000000005
Fridge,16,1,3,6,0.0,1.07,0.3333333333333334
Fridge,17,1,3,6,0.0,0.0,0.32250000000000006
Fridge,18,1,3,6,0.42,0.0,0.33000000000000007
Fridge,19,1,3,6,0.18,0.42,0.3237500000000001
Fridge,20,1,3,6,0.0,0.18,0.36416666666666675
Fridge,21,1,3,6,0.97,0.0,0.34500000000000003
Fridge,22,1,3,6,0.0,0.97,0.3379166666666667
Fridge,23,1,3,6,0.0,0.0,0.33291666666666675
Fridge,0,2,4,6,0.0,0.0,0.31875000000000003
Fridge,1,2,4,6,0.0,0.0,0.3195833333333334
Fridge,2,2,4,6,0.45,0.0,0.3333333333333334
Fridge,3,2,4,6,1.12,0.45,0.30166666666666675
Fridge,4,2,4,6,0.0,1.12,0.2845833333333334
Fridge,5,2,4,6,0.0,0.0,0.2950000000000001
Fridge,6,2,4,6,0.25,0.0,0.2950000000000001
Fridge,7,2,4,6,0.0,0.25,0.3183333333333334
Fridge,8,2,4,6,0.5599999999999999,0.0,0.3025000000000001
Fridge,9,2,4,6,0.47,0.5599999999999999,0.31000000000000005
Fridge,10,2,4,6,0.31,0.47,0.2770833333333334
Fridge,11,2,4,6,0.0,0.31,0.28291666666666676
Fridge,12,2,4,6,0.41,0.0,0.2695833333333334
Fridge,13,2,4,6,0.0,0.41,0.2587500000000001
Fridge,14,2,4,6,0.0,0.0,0.2333333333333334
Fridge,15,2,4,6,0.46,0.0,0.25125000000000003
Fridge,16,2,4,6,0.43,0.46,0.28416666666666673
Fridge,17,2,4,6,0.79,0.43,0.2666666666666668
Fridge,18,2,4,6,0.0,0.79,0.26500000000000007
Fridge,19,2,4,6,0.14,0.0,0.28583333333333344
Fridge,20,2,4,6,0.5,0.14,0.26166666666666677
Fridge,21,2,4,6,0.39,0.5,0.2670833333333334
Fridge,22,2,4,6,0.13,0.39,0.2670833333333334
Fridge,23,2,4,6,0.0,0.13,0.2850000000000001
Fridge,0,3,5,6,0.43,0.0,0.2850000000000001
Fridge,1,3,5,6,0.0,0.43,0.2979166666666668
Fridge,2,3,5,6,0.76,0.0,0.2512500000000001
Fridge,3,3,5,6,0.0,0.76,0.30166666666666675
Fridge,4,3,5,6,1.21,0.0,0.3591666666666667
Fridge,5,3,5,6,1.38,1.21,0.3950000000000001
Fridge,6,3,5,6,1.11,1.38,0.40791666666666676
Fridge,7,3,5,6,0.31,1.11,0.40291666666666676
Fridge,8,3,5,6,0.44,0.31,0.38333333333333347
Fridge,9,3,5,6,0.0,0.44,0.3704166666666668
Fridge,10,3,5,6,0.0,0.0,0.3991666666666667
Fridge,11,3,5,6,0.69,0.0,0.4041666666666668
Fridge,12,3,5,6,0.53,0.69,0.4545833333333334
Fridge,13,3,5,6,1.21,0.53,0.4845833333333334
Fridge,14,3,5,6,0.72,1.21,0.46541666666666676
Fridge,15,3,5,6,0.0,0.72,0.44750000000000006
Fridge,16,3,5,6,0.0,0.0,0.41458333333333347
Fridge,17,3,5,6,0.0,0.0,0.4512500000000001
Fridge,18,3,5,6,0.8799999999999999,0.0,0.4854166666666668
Fridge,19,3,5,6,0.96,0.8799999999999999,0.5120833333333333
Fridge,20,3,5,6,1.14,0.96,0.5204166666666666
Fridge,21,3,5,6,0.59,1.14,0.515
Fridge,22,3,5,6,0.0,0.59,0.515
Fridge,23,3,5,6,0.0,0.0,0.4970833333333334
Fridge,0,4,6,6,0.0,0.0,0.5095833333333334
Fridge,1,4,6,6,0.3,0.0,0.4958333333333334
Fridge,2,4,6,6,0.43,0.3,0.5291666666666668
Fridge,3,4,6,6,0.8,0.43,0.5004166666666667
Fridge,4,4,6,6,0.52,0.8,0.4429166666666668
Fridge,5,4,6,6,0.0,0.52,0.42625
Fridge,6,4,6,6,0.71,0.0,0.42500000000000004
Fridge,7,4,6,6,0.28,0.71,0.4195833333333334
Fridge,8,4,6,6,0.31,0.28,0.42625
Fridge,9,4,6,6,0.16,0.31,0.42625
Fridge,10,4,6,6,0.0,0.16,0.3975
Fridge,11,4,6,6,0.0,0.0,0.37541666666666673
Fridge,12,4,6,6,0.0,0.0,0.3329166666666667
Fridge,13,4,6,6,0.19,0.0,0.31708333333333344
Fridge,14,4,6,6,0.34,0.19,0.3583333333333334
Fridge,15,4,6,6,0.99,0.34,0.3679166666666667
Fridge,16,4,6,6,0.23,0.99,0.38375000000000004
Fridge,17,4,6,6,0.38,0.23,0.3470833333333334
Fridge,18,4,6,6,0.0,0.38,0.3737500000000001
Fridge,19,4,6,6,1.6,0.0,0.34666666666666673
Fridge,20,4,6,6,0.49,1.6,0.3220833333333334
Fridge,21,4,6,6,0.0,0.49,0.34500000000000003
Fridge,22,4,6,6,0.55,0.0,0.3758333333333334
Fridge,23,4,6,6,0.74,0.55,0.38333333333333336
Fridge,0,5,0,6,0.18,0.74,0.37875000000000014
Fridge,1,5,0,6,0.19,0.18,0.3770833333333334
Fridge,2,5,0,6,0.39,0.19,0.3495833333333334
Fridge,3,5,0,6,0.14,0.39,0.3554166666666667
Fridge,4,5,0,6,0.66,0.14,0.4012500000000001
Fridge,5,5,0,6,1.1,0.66,0.41750000000000015
Fridge,6,5,0,6,1.1,1.1,0.4195833333333334
Fridge,7,5,0,6,0.33,1.1,0.42458333333333337
Fridge,8,5,0,6,0.43,0.33,0.4300000000000001
Fridge,9,5,0,6,0.29,0.43,0.44041666666666673
Fridge,10,5,0,6,0.25,0.29,0.44041666666666673
Fridge,11,5,0,6,0.0,0.25,0.44041666666666673
Fridge,12,5,0,6,0.0,0.0,0.43250000000000005
Fridge,13,5,0,6,0.0,0.0,0.4500000000000001
Fridge,14,5,0,6,0.76,0.0,0.4087500000000001
Fridge,15,5,0,6,0.0,0.76,0.41791666666666677
Fridge,16,5,0,6,0.45,0.0,0.4020833333333334
Fridge,17,5,0,6,0.0,0.45,0.4020833333333334
Fridge,18,5,0,6,0.0,0.0,0.34458333333333346
Fridge,19,5,0,6,0.22,0.0,0.3508333333333334
Fridge,20,5,0,6,0.64,0.22,0.36708333333333343
Fridge,21,5,0,6,0.39,0.64,0.34416666666666673
Fridge,22,5,0,6,0.0,0.39,0.3308333333333334
Fridge,23,5,0,6,0.42,0.0,0.3233333333333334
Fridge,0,6,1,6,0.0,0.42,0.34125000000000005
Fridge,1,6,1,6,0.62,0.0,0.35208333333333336
Fridge,2,6,1,6,0.6499999999999999,0.62,0.3462500000000001
Fridge,3,6,1,6,0.0,0.6499999999999999,0.3187500000000001
Fridge,4,6,1,6,0.0,0.0,0.27291666666666675
Fridge,5,6,1,6,0.0,0.0,0.2270833333333334
Fridge,6,6,1,6,0.0,0.0,0.22916666666666674
Fridge,7,6,1,6,0.38,0.0,0.21125000000000008
Fridge,8,6,1,6,0.0,0.38,0.2158333333333334
Fridge,9,6,1,6,0.4,0.0,0.2158333333333334
Fridge,10,6,1,6,0.25,0.4,0.2620833333333334
Fridge,11,6,1,6,1.11,0.25,0.2620833333333334
Fridge,12,6,1,6,0.0,1.11,0.28166666666666673
Fridge,13,6,1,6,0.47,0.0,0.26791666666666675
Fridge,14,6,1,6,0.43,0.47,0.26791666666666675
Fridge,15,6,1,6,0.0,0.43,0.2562500000000001
Fridge,16,6,1,6,0.17,0.0,0.28041666666666676
Fridge,17,6,1,6,0.58,0.17,0.2875000000000001
Fridge,18,6,1,6,0.17,0.58,0.27833333333333343
Fridge,19,6,1,6,0.0,0.17,0.25166666666666676
Fridge,20,6,1,6,0.0,0.0,0.27875000000000005
Fridge,21,6,1,6,1.04,0.0,0.2979166666666668
Fridge,22,6,1,6,0.46,1.04,0.3083333333333334
Fridge,23,6,1,6,0.67,0.46,0.3425000000000001
Fridge,0,7,2,6,0.82,0.67,0.3370833333333334
Fridge,1,7,2,6,0.49,0.82,0.31875000000000003
Fridge,2,7,2,6,0.21,0.49,0.33833333333333343
Fridge,3,7,2,6,0.47,0.21,0.3687500000000001
Fridge,4,7,2,6,0.73,0.47,0.3812500000000001
Fridge,5,7,2,6,0.3,0.73,0.3875000000000001
Fridge,6,7,2,6,0.15,0.3,0.37791666666666673
Fridge,7,7,2,6,0.15,0.15,0.38291666666666674
Fridge,8,7,2,6,0.12,0.15,0.3954166666666667
Fridge,9,7,2,6,0.7,0.12,0.4208333333333334
Fridge,10,7,2,6,0.86,0.7,0.40666666666666673
Fridge,11,7,2,6,0.77,0.86,0.4416666666666667
Fridge,12,7,2,6,0.8400000000000001,0.77,0.42208333333333337
Fridge,13,7,2,6,0.0,0.8400000000000001,0.4229166666666668
Fridge,14,7,2,6,0.45,0.0,0.4295833333333334
Fridge,15,7,2,6,0.16,0.45,0.43583333333333335
Fridge,16,7,2,6,0.32,0.16,0.4279166666666667
Fridge,17,7,2,6,0.39,0.32,0.4208333333333334
Fridge,18,7,2,6,0.0,0.39,0.4208333333333334
Fridge,19,7,2,6,0.0,0.0,0.4208333333333334
Fridge,20,7,2,6,0.0,0.0,0.3895833333333334
Fridge,21,7,2,6,0.29,0.0,0.3758333333333334
Fridge,22,7,2,6,0.13,0.29,0.35958333333333337
Fridge,23,7,2,6,0.28,0.13,0.34500000000000014
Fridge,0,8,3,6,0.47,0.28,0.3245833333333334
Fridge,1,8,3,6,0.0,0.47,0.3408333333333334
Fridge,2,8,3,6,0.6,0.0,0.3387500000000001
Fridge,3,8,3,6,0.42,0.6,0.3083333333333334
Fridge,4,8,3,6,0.0,0.42,0.33375000000000005
Fridge,5,8,3,6,0.91,0.0,0.32750000000000007
Fridge,6,8,3,6,0.0,0.91,0.3212500000000001
Fridge,7,8,3,6,0.0,0.0,0.32708333333333345
Fridge,8,8,3,6,0.26,0.0,0.2979166666666668
Fridge,9,8,3,6,0.0,0.26,0.2800000000000001
Fridge,10,8,3,6,0.43,0.0,0.25791666666666674
Fridge,11,8,3,6,0.24,0.43,0.2445833333333334
Fridge,12,8,3,6,0.52,0.24,0.2533333333333334
Fridge,13,8,3,6,0.21,0.52,0.27041666666666675
Fridge,14,8,3,6,0.86,0.21,0.2637500000000001
Fridge,15,8,3,6,0.0,0.86,0.25041666666666673
Fridge,16,8,3,6,0.0,0.0,0.25041666666666673
Fridge,17,8,3,6,0.39,0.0,0.2591666666666667
Fridge,18,8,3,6,0.21,0.39,0.28875000000000006
Fridge,19,8,3,6,0.71,0.21,0.32208333333333344
Fridge,20,8,3,6,0.8,0.71,0.34166666666666673
Fridge,21,8,3,6,0.76,0.8,0.35000000000000003
Fridge,22,8,3,6,0.33,0.76,0.35125000000000006
Fridge,23,8,3,6,0.31,0.33,0.35125000000000006
Fridge,0,9,4,6,0.47,0.31,0.35125000000000006
Fridge,1,9,4,6,0.0,0.47,0.33541666666666675
Fridge,2,9,4,6,0.22,0.0,0.33375000000000005
Fridge,3,9,4,6,0.38,0.22,0.3654166666666667
Fridge,4,9,4,6,0.76,0.38,0.34666666666666673
Fridge,5,9,4,6,0.46,0.76,0.35333333333333333
Fridge,6,9,4,6,0.16,0.46,0.35333333333333333
Fridge,7,9,4,6,0.0,0.16,0.3425
Fridge,8,9,4,6,0.0,0.0,0.3508333333333334
Fridge,9,9,4,6,0.2,0.0,0.3470833333333334
Fridge,10,9,4,6,0.34,0.2,0.3370833333333334
Fridge,11,9,4,6,0.0,0.34,0.31541666666666673
Fridge,12,9,4,6,0.0,0.0,0.30666666666666675
Fridge,13,9,4,6,0.0,0.0,0.3004166666666667
Fridge,14,9,4,6,0.71,0.0,0.3095833333333334
Fridge,15,9,4,6,0.22,0.71,0.3095833333333334
Fridge,16,9,4,6,0.0,0.22,0.29875000000000007
Fridge,17,9,4,6,0.13,0.0,0.30083333333333345
Fridge,18,9,4,6,0.26,0.13,0.29125000000000006
Fridge,19,9,4,6,0.48,0.26,0.25791666666666674
Fridge,20,9,4,6,0.0,0.48,0.25666666666666677
Fridge,21,9,4,6,0.73,0.0,0.24291666666666675
Fridge,22,9,4,6,0.0,0.73,0.23000000000000007
Fridge,23,9,4,6,0.0,0.0,0.24083333333333343
Fridge,0,10,5,6,0.73,0.0,0.24083333333333343
Fridge,1,10,5,6,0.0,0.73,0.23166666666666672
Fridge,2,10,5,6,0.0,0.0,0.2158333333333334
Fridge,3,10,5,6,0.0,0.0,0.1937500000000001
Fridge,4,10,5,6,0.23,0.0,0.18916666666666673
Fridge,5,10,5,6,0.35,0.23,0.1904166666666667
Fridge,6,10,5,6,0.19,0.35,0.1904166666666667
Fridge,7,10,5,6,0.0,0.19,0.20250000000000004
Fridge,8,10,5,6,0.29,0.0,0.1941666666666667
Fridge,9,10,5,6,0.0,0.29,0.20750000000000005
Fridge,10,10,5,6,0.66,0.0,0.20750000000000005
Fridge,11,10,5,6,0.0,0.66,0.20750000000000005
Fridge,12,10,5,6,0.0,0.0,0.21875000000000008
Fridge,13,10,5,6,0.27,0.0,0.18916666666666673
Fridge,14,10,5,6,0.0,0.27,0.20041666666666677
Fridge,15,10,5,6,0.49,0.0,0.20666666666666675
Fridge,16,10,5,6,0.15,0.49,0.23083333333333342
Fridge,17,10,5,6,0.71,0.15,0.22000000000000006
Fridge,18,10,5,6,0.0,0.71,0.2258333333333334
Fridge,19,10,5,6,0.62,0.0,0.2445833333333334
Fridge,20,10,5,6,0.45,0.62,0.23416666666666675
Fridge,21,10,5,6,0.48,0.45,0.24166666666666672
Fridge,22,10,5,6,0.18,0.48,0.24625000000000008
Fridge,23,10,5,6,0.11,0.18,0.23250000000000007
Fridge,0,11,6,6,0.4,0.11,0.23250000000000007
Fridge,1,11,6,6,0.0,0.4,0.23250000000000007
Fridge,2,11,6,6,0.0,0.0,0.2558333333333334
Fridge,3,11,6,6,0.56,0.0,0.27916666666666673
Fridge,4,11,6,6,0.79,0.56,0.28041666666666676
Fridge,5,11,6,6,0.38,0.79,0.27958333333333346
Fridge,6,11,6,6,0.17,0.38,0.28541666666666676
Fridge,7,11,6,6,0.14,0.17,0.30458333333333343
Fridge,8,11,6,6,0.75,0.14,0.30458333333333343
Fridge,9,11,6,6,0.0,0.75,0.3029166666666668
Fridge,10,11,6,6,0.62,0.0,0.3137500000000001
Fridge,11,11,6,6,0.26,0.62,0.3183333333333334
Fridge,12,11,6,6,0.11,0.26,0.3387500000000001
Fridge,13,11,6,6,0.76,0.11,0.34666666666666673
Fridge,14,11,6,6,0.19,0.76,0.33041666666666675
Fridge,15,11,6,6,0.1,0.19,0.32416666666666677
Fridge,16,11,6,6,0.0,0.1,0.3133333333333334
Fridge,17,11,6,6,0.45,0.0,0.3133333333333334
Fridge,18,11,6,6,0.0,0.45,0.2875000000000001
Fridge,19,11,6,6,0.0,0.0,0.27583333333333343
Fridge,20,11,6,6,0.17,0.0,0.2558333333333334
Fridge,21,11,6,6,0.0,0.17,0.2483333333333334
Fridge,22,11,6,6,0.0,0.0,0.2562500000000001
Fridge,23,11,6,6,0.3,0.0,0.2445833333333334
Fridge,0,12,0,6,0.12,0.3,0.25750000000000006
Fridge,1,12,0,6,0.31,0.12,0.27291666666666675
Fridge,2,12,0,6,0.37,0.31,0.2900000000000001
Fridge,3,12,0,6,0.97,0.37,0.2720833333333334
Fridge,4,12,0,6,0.36,0.97,0.2604166666666668
Fridge,5,12,0,6,0.1,0.36,0.2641666666666667
Fridge,6,12,0,6,0.26,0.1,0.2820833333333334
Fridge,7,12,0,6,0.5700000000000001,0.26,0.26625000000000004
Fridge,8,12,0,6,0.37,0.5700000000000001,0.2904166666666667
Fridge,9,12,0,6,0.5800000000000001,0.37,0.2645833333333334
Fridge,10,12,0,6,0.0,0.5800000000000001,0.2537500000000001
Fridge,11,12,0,6,0.0,0.0,0.25791666666666674
Fridge,12,12,0,6,0.21,0.0,0.22625000000000006
Fridge,13,12,0,6,0.0,0.21,0.22416666666666674
Fridge,14,12,0,6,0.14,0.0,0.23541666666666675
Fridge,15,12,0,6,0.37,0.14,0.26166666666666677
Fridge,16,12,0,6,0.63,0.37,0.24291666666666675
Fridge,17,12,0,6,0.0,0.63,0.24291666666666675
Fridge,18,12,0,6,0.0,0.0,0.2691666666666667
Fridge,19,12,0,6,0.63,0.0,0.28083333333333343
Fridge,20,12,0,6,0.45,0.63,0.3000000000000001
Fridge,21,12,0,6,0.46,0.45,0.3000000000000001
Fridge,22,12,0,6,0.0,0.46,0.31250000000000006
Fridge,23,12,0,6,0.6,0.0,0.31541666666666673
Fridge,0,13,1,6,0.19,0.6,0.34041666666666676
Fridge,1,13,1,6,0.91,0.19,0.3375000000000001
Fridge,2,13,1,6,0.3,0.91,0.30250000000000005
Fridge,3,13,1,6,0.13,0.3,0.2975000000000001
Fridge,4,13,1,6,0.24,0.13,0.2933333333333334
Fridge,5,13,1,6,0.0,0.24,0.2825000000000001
Fridge,6,13,1,6,0.0,0.0,0.2587500000000001
Fridge,7,13,1,6,0.0,0.0,0.2504166666666668
Fridge,8,13,1,6,0.17,0.0,0.25416666666666676
Fridge,9,13,1,6,0.67,0.17,0.25416666666666676
Fridge,10,13,1,6,0.0,0.67,0.25416666666666676
Fridge,11,13,1,6,0.0,0.0,0.2612500000000001
Fridge,12,13,1,6,0.38,0.0,0.26958333333333345
Fridge,13,13,1,6,0.2,0.38,0.2637500000000001
Fridge,14,13,1,6,0.0,0.2,0.2591666666666667
Fridge,15,13,1,6,0.26,0.0,0.2616666666666667
Fridge,16,13,1,6,0.69,0.26,0.2691666666666667
Fridge,17,13,1,6,0.18,0.69,0.2775000000000001
Fridge,18,13,1,6,0.2,0.18,0.2708333333333334
Fridge,19,13,1,6,0.47,0.2,0.28250000000000003
Fridge,20,13,1,6,0.73,0.47,0.26333333333333336
Fridge,21,13,1,6,0.0,0.73,0.28250000000000003
Fridge,22,13,1,6,0.46,0.0,0.2770833333333334
Fridge,23,13,1,6,0.47,0.46,0.2691666666666667
Fridge,0,14,2,6,0.0,0.47,0.2312500000000001
Fridge,1,14,2,6,0.0,0.0,0.22416666666666674
Fridge,2,14,2,6,0.13,0.0,0.24125000000000008
Fridge,3,14,2,6,0.54,0.13,0.2620833333333334
Fridge,4,14,2,6,0.74,0.54,0.2708333333333334
Fridge,5,14,2,6,0.21,0.74,0.2858333333333334
Fridge,6,14,2,6,0.36,0.21,0.29125000000000006
Fridge,7,14,2,6,0.13,0.36,0.30375
Fridge,8,14,2,6,0.47,0.13,0.32875000000000004
Fridge,9,14,2,6,1.27,0.47,0.32875000000000004
Fridge,10,14,2,6,0.0,1.27,0.3425
Fridge,11,14,2,6,0.33,0.0,0.3266666666666667
Fridge,12,14,2,6,0.0,0.33,0.3500000000000001
Fridge,13,14,2,6,0.76,0.0,0.3500000000000001
Fridge,14,14,2,6,0.0,0.76,0.35291666666666677
Fridge,15,14,2,6,0.33,0.0,0.32416666666666677
Fridge,16,14,2,6,0.0,0.33,0.3166666666666667
Fridge,17,14,2,6,0.0,0.0,0.31791666666666674
Fridge,18,14,2,6,0.23,0.0,0.3183333333333334
Fridge,19,14,2,6,0.48,0.23,0.28791666666666677
Fridge,20,14,2,6,0.0,0.48,0.3083333333333334
Fridge,21,14,2,6,0.49,0.0,0.28916666666666674
Fridge,22,14,2,6,0.0,0.49,0.30500000000000005
Fridge,23,14,2,6,0.85,0.0,0.3408333333333334
Fridge,0,15,3,6,0.8600000000000001,0.85,0.39000000000000007
Fridge,1,15,3,6,1.18,0.8600000000000001,0.3933333333333335
Fridge,2,15,3,6,0.21,1.18,0.3875000000000001
Fridge,3,15,3,6,0.4,0.21,0.35666666666666674
Fridge,4,15,3,6,0.0,0.4,0.3479166666666668
Fridge,5,15,3,6,0.0,0.0,0.3704166666666668
Fridge,6,15,3,6,0.9,0.0,0.36500000000000005
Fridge,7,15,3,6,0.0,0.9,0.34541666666666676
Fridge,8,15,3,6,0.0,0.0,0.2983333333333334
Fridge,9,15,3,6,0.14,0.0,0.3087500000000001
Fridge,10,15,3,6,0.25,0.14,0.2950000000000001
Fridge,11,15,3,6,0.0,0.25,0.2950000000000001
Fridge,12,15,3,6,0.0,0.0,0.2633333333333334
Fridge,13,15,3,6,0.0,0.0,0.2633333333333334
Fridge,14,15,3,6,0.0,0.0,0.25500000000000006
Fridge,15,15,3,6,0.13,0.0,0.25500000000000006
Fridge,16,15,3,6,0.0,0.13,0.25500000000000006
Fridge,17,15,3,6,0.0,0.0,0.24541666666666673
Fridge,18,15,3,6,0.0,0.0,0.2508333333333334
Fridge,19,15,3,6,0.61,0.0,0.25916666666666677
Fridge,20,15,3,6,0.2,0.61,0.2766666666666668
Fridge,21,15,3,6,0.91,0.2,0.31708333333333344
Fridge,22,15,3,6,0.97,0.91,0.28791666666666677
Fridge,23,15,3,6,0.15,0.97,0.29625000000000007
Fridge,0,16,4,6,1.06,0.15,0.2470833333333334
Fridge,1,16,4,6,0.0,1.06,0.2904166666666667
Fridge,2,16,4,6,1.25,0.0,0.28791666666666677
Fridge,3,16,4,6,0.34,1.25,0.28791666666666677
Fridge,4,16,4,6,0.0,0.34,0.30708333333333343
Fridge,5,16,4,6,0.46,0.0,0.2695833333333334
Fridge,6,16,4,6,0.0,0.46,0.3058333333333334
Fridge,7,16,4,6,0.87,0.0,0.3058333333333334
Fridge,8,16,4,6,0.0,0.87,0.32000000000000006
Fridge,9,16,4,6,0.48,0.0,0.3295833333333334
Fridge,10,16,4,6,0.48,0.48,0.3295833333333334
Fridge,11,16,4,6,0.0,0.48,0.3295833333333334
Fridge,12,16,4,6,0.0,0.0,0.3295833333333334
Fridge,13,16,4,6,0.0,0.0,0.3295833333333334
Fridge,14,16,4,6,0.0,0.0,0.3508333333333334
Fridge,15,16,4,6,0.64,0.0,0.3508333333333334
Fridge,16,16,4,6,0.0,0.64,0.3787500000000001
Fridge,17,16,4,6,0.6699999999999999,0.0,0.39791666666666675
Fridge,18,16,4,6,0.4599999999999999,0.6699999999999999,0.3820833333333334
Fridge,19,16,4,6,0.23,0.4599999999999999,0.4104166666666667
Fridge,20,16,4,6,0.88,0.23,0.39291666666666675
Fridge,21,16,4,6,0.49,0.88,0.3525000000000001
Fridge,22,16,4,6,0.0,0.49,0.3575000000000001
Fridge,23,16,4,6,0.27,0.0,0.3133333333333334
Fridge,0,17,5,6,0.0,0.27,0.3133333333333334
Fridge,1,17,5,6,0.0,0.0,0.29125000000000006
Fridge,2,17,5,6,0.72,0.0,0.2770833333333334
Fridge,3,17,5,6,0.0,0.72,0.2770833333333334
Fridge,4,17,5,6,0.0,0.0,0.2708333333333334
Fridge,5,17,5,6,0.31,0.0,0.2708333333333334
Fridge,6,17,5,6,0.0,0.31,0.26750000000000007
Fridge,7,17,5,6,0.79,0.0,0.2800000000000001
Fridge,8,17,5,6,0.3,0.79,0.26000000000000006
Fridge,9,17,5,6,0.0,0.3,0.24000000000000007
Fridge,10,17,5,6,0.0,0.0,0.24583333333333338
Fridge,11,17,5,6,0.14,0.0,0.25000000000000006
Fridge,12,17,5,6,0.1,0.14,0.2695833333333334
Fridge,13,17,5,6,0.47,0.1,0.2695833333333334
Fridge,14,17,5,6,0.0,0.47,0.26000000000000006
Fridge,15,17,5,6,0.41,0.0,0.27125000000000005
Fridge,16,17,5,6,0.27,0.41,0.2833333333333334
Fridge,17,17,5,6,0.96,0.27,0.28166666666666673
Fridge,18,17,5,6,0.42,0.96,0.29250000000000004
Fridge,19,17,5,6,0.49,0.42,0.2558333333333334
Fridge,20,17,5,6,0.0,0.49,0.24041666666666672
Fridge,21,17,5,6,0.12,0.0,0.2758333333333334
Fridge,22,17,5,6,0.8500000000000001,0.12,0.3029166666666668
Fridge,23,17,5,6,0.92,0.8500000000000001,0.3491666666666668
Fridge,0,18,6,6,1.11,0.92,0.3804166666666668
Fridge,1,18,6,6,0.75,1.11,0.37041666666666667
Fridge,2,18,6,6,0.48,0.75,0.37041666666666667
Fridge,3,18,6,6,0.0,0.48,0.39625000000000005
Fridge,4,18,6,6,0.62,0.0,0.3941666666666668
Fridge,5,18,6,6,0.26,0.62,0.4041666666666668
Fridge,6,18,6,6,0.24,0.26,0.38416666666666677
Fridge,7,18,6,6,0.31,0.24,0.3716666666666668
Fridge,8,18,6,6,0.0,0.31,0.4225000000000001
Fridge,9,18,6,6,1.22,0.0,0.4529166666666668
Fridge,10,18,6,6,0.73,1.22,0.44708333333333344
Fridge,11,18,6,6,0.0,0.73,0.4641666666666668
Fridge,12,18,6,6,0.51,0.0,0.47166666666666673
Fridge,13,18,6,6,0.65,0.51,0.47166666666666673
Fridge,14,18,6,6,0.0,0.65,0.50875
Fridge,15,18,6,6,1.3,0.0,0.49750000000000005
Fridge,16,18,6,6,0.0,1.3,0.4575
Fridge,17,18,6,6,0.0,0.0,0.4779166666666667
Fridge,18,18,6,6,0.91,0.0,0.46875000000000006
Fridge,19,18,6,6,0.27,0.91,0.46875000000000006
Fridge,20,18,6,6,0.0,0.27,0.4637500000000001
Fridge,21,18,6,6,0.0,0.0,0.42833333333333345
Fridge,22,18,6,6,0.0,0.0,0.3900000000000001
Fridge,23,18,6,6,0.0,0.0,0.3783333333333334
Fridge,0,19,0,6,0.83,0.0,0.36250000000000004
Fridge,1,19,0,6,0.37,0.83,0.3720833333333335
Fridge,2,19,0,6,0.71,0.37,0.4433333333333334
Fridge,3,19,0,6,1.71,0.71,0.4541666666666668
Fridge,4,19,0,6,0.88,1.71,0.4433333333333334
Fridge,5,19,0,6,0.0,0.88,0.4333333333333334
Fridge,6,19,0,6,0.0,0.0,0.4204166666666667
Fridge,7,19,0,6,0.0,0.0,0.4204166666666667
Fridge,8,19,0,6,0.0,0.0,0.36958333333333343
Fridge,9,19,0,6,0.0,0.0,0.41916666666666674
Fridge,10,19,0,6,1.92,0.0,0.41916666666666674
Fridge,11,19,0,6,0.0,1.92,0.4208333333333334
Fridge,12,19,0,6,0.55,0.0,0.39375000000000004
Fridge,13,19,0,6,0.0,0.55,0.43250000000000005
Fridge,14,19,0,6,0.93,0.0,0.4195833333333334
Fridge,15,19,0,6,0.99,0.93,0.44458333333333333
Fridge,16,19,0,6,0.6,0.99,0.46041666666666675
Fridge,17,19,0,6,0.38,0.6,0.43750000000000006
Fridge,18,19,0,6,0.36,0.38,0.42625
Fridge,19,19,0,6,0.0,0.36,0.44583333333333336
Fridge,20,19,0,6,0.47,0.0,0.4620833333333334
Fridge,21,19,0,6,0.39,0.47,0.4620833333333334
Fridge,22,19,0,6,0.0,0.39,0.4620833333333334
Fridge,23,19,0,6,0.0,0.0,0.42750000000000005
Fridge,0,20,1,6,0.0,0.0,0.4362500000000001
Fridge,1,20,1,6,0.58,0.0,0.40666666666666673
Fridge,2,20,1,6,0.0,0.58,0.3554166666666667
Fridge,3,20,1,6,0.48,0.0,0.3491666666666668
Fridge,4,20,1,6,0.73,0.48,0.36166666666666675
Fridge,5,20,1,6,0.3,0.73,0.4004166666666667
Fridge,6,20,1,6,0.93,0.3,0.43666666666666676
Fridge,7,20,1,6,0.8700000000000001,0.93,0.4658333333333334
Fridge,8,20,1,6,0.7,0.8700000000000001,0.4858333333333334
Fridge,9,20,1,6,0.48,0.7,0.41541666666666677
Fridge,10,20,1,6,0.23,0.48,0.43500000000000005
Fridge,11,20,1,6,0.47,0.23,0.4208333333333334
Fridge,12,20,1,6,0.21,0.47,0.4633333333333334
Fridge,13,20,1,6,1.02,0.21,0.4512500000000001
Fridge,14,20,1,6,0.64,1.02,0.4216666666666667
Fridge,15,20,1,6,0.28,0.64,0.4204166666666667
Fridge,16,20,1,6,0.57,0.28,0.40458333333333346
Fridge,17,20,1,6,0.0,0.57,0.3895833333333334
Fridge,18,20,1,6,0.0,0.0,0.4070833333333334
Fridge,19,20,1,6,0.42,0.0,0.4125000000000001
Fridge,20,20,1,6,0.6,0.42,0.4087500000000001
Fridge,21,20,1,6,0.3,0.6,0.4179166666666667
Fridge,22,20,1,6,0.22,0.3,0.43666666666666676
Fridge,23,20,1,6,0.45,0.22,0.4529166666666667
Fridge,0,21,2,6,0.39,0.45,0.4337500000000001
Fridge,1,21,2,6,0.12,0.39,0.47625000000000006
Fridge,2,21,2,6,1.02,0.12,0.4695833333333334
Fridge,3,21,2,6,0.32,1.02,0.43916666666666676
Fridge,4,21,2,6,0.0,0.32,0.4437500000000001
Fridge,5,21,2,6,0.41,0.0,0.4337500000000001
Fridge,6,21,2,6,0.69,0.41,0.41458333333333336
Fridge,7,21,2,6,0.41,0.69,0.4087500000000001
Fridge,8,21,2,6,0.56,0.41,0.3887500000000001
Fridge,9,21,2,6,0.0,0.56,0.40625000000000006
Fridge,10,21,2,6,0.65,0.0,0.38666666666666677
Fridge,11,21,2,6,0.0,0.65,0.3941666666666667
Fridge,12,21,2,6,0.39,0.0,0.3720833333333334
Fridge,13,21,2,6,0.49,0.39,0.35958333333333337
Fridge,14,21,2,6,0.34,0.49,0.36625000000000013
Fridge,15,21,2,6,0.44,0.34,0.35416666666666674
Fridge,16,21,2,6,0.28,0.44,0.3687500000000001
Fridge,17,21,2,6,0.35,0.28,0.3866666666666667
Fridge,18,21,2,6,0.43,0.35,0.3958333333333334
Fridge,19,21,2,6,0.64,0.43,0.3858333333333334
Fridge,20,21,2,6,0.36,0.64,0.37333333333333335
Fridge,21,21,2,6,0.0,0.36,0.3812500000000001
Fridge,22,21,2,6,0.41,0.0,0.38250000000000006
Fridge,23,21,2,6,0.48,0.41,0.3904166666666668
Fridge,0,22,3,6,0.5800000000000001,0.48,0.38541666666666674
Fridge,1,22,3,6,0.0,0.5800000000000001,0.3600000000000001
Fridge,2,22,3,6,0.41,0.0,0.3695833333333334
Fridge,3,22,3,6,0.55,0.41,0.38291666666666674
Fridge,4,22,3,6,0.32,0.55,0.38291666666666674
Fridge,5,22,3,6,0.41,0.32,0.42375000000000007
Fridge,6,22,3,6,1.67,0.41,0.4429166666666668
Fridge,7,22,3,6,0.87,1.67,0.43791666666666673
Fridge,8,22,3,6,0.44,0.87,0.43791666666666673
Fridge,9,22,3,6,0.0,0.44,0.4308333333333334
Fridge,10,22,3,6,0.48,0.0,0.43750000000000006
Fridge,11,22,3,6,0.16,0.48,0.4212500000000001
Fridge,12,22,3,6,0.0,0.16,0.41666666666666674
Fridge,13,22,3,6,0.38,0.0,0.4087500000000001
Fridge,14,22,3,6,0.15,0.38,0.4070833333333334
Fridge,15,22,3,6,0.4,0.15,0.39541666666666675
Fridge,16,22,3,6,0.0,0.4,0.3912500000000001
Fridge,17,22,3,6,0.25,0.0,0.4070833333333334
Fridge,18,22,3,6,0.81,0.25,0.3987500000000001
Fridge,19,22,3,6,0.44,0.81,0.3837500000000001
Fridge,20,22,3,6,0.0,0.44,0.3837500000000001
Fridge,21,22,3,6,0.0,0.0,0.39333333333333337
Fridge,22,22,3,6,0.64,0.0,0.38291666666666674
Fridge,23,22,3,6,0.23,0.64,0.3966666666666667
Fridge,0,23,4,6,0.91,0.23,0.3966666666666667
Fridge,1,23,4,6,0.0,0.91,0.3891666666666667
Fridge,2,23,4,6,0.23,0.0,0.4004166666666668
Fridge,3,23,4,6,0.8200000000000001,0.23,0.40083333333333343
Fridge,4,23,4,6,0.33,0.8200000000000001,0.40750000000000003
Fridge,5,23,4,6,0.5700000000000001,0.33,0.3495833333333334
Fridge,6,23,4,6,0.28,0.5700000000000001,0.3250000000000001
Fridge,7,23,4,6,0.28,0.28,0.3583333333333334
Fridge,8,23,4,6,1.24,0.28,0.37541666666666673
Fridge,9,23,4,6,0.41,1.24,0.3554166666666667
Fridge,10,23,4,6,0.0,0.41,0.34875000000000006
Fridge,11,23,4,6,0.0,0.0,0.37166666666666676
Fridge,12,23,4,6,0.55,0.0,0.3683333333333334
Fridge,13,23,4,6,0.3,0.55,0.36208333333333337
Fridge,14,23,4,6,0.0,0.3,0.3766666666666667
Fridge,15,23,4,6,0.75,0.0,0.3766666666666667
Fridge,16,23,4,6,0.0,0.75,0.36625
Fridge,17,23,4,6,0.0,0.0,0.3545833333333334
Fridge,18,23,4,6,0.53,0.0,0.34583333333333344
Fridge,19,23,4,6,0.23,0.53,0.3570833333333334
Fridge,20,23,4,6,0.27,0.23,0.3570833333333334
Fridge,21,23,4,6,0.0,0.27,0.34291666666666676
Fridge,22,23,4,6,0.3,0.0,0.37041666666666667
Fridge,23,23,4,6,0.8899999999999999,0.3,0.3325000000000001
Fridge,0,24,5,6,0.0,0.8899999999999999,0.3325000000000001
Fridge,1,24,5,6,0.0,0.0,0.38416666666666677
Fridge,2,24,5,6,1.47,0.0,0.3691666666666667
Fridge,3,24,5,6,0.46,1.47,0.38541666666666674
Fridge,4,24,5,6,0.72,0.46,0.3616666666666668
Fridge,5,24,5,6,0.0,0.72,0.3500000000000001
Fridge,6,24,5,6,0.0,0.0,0.35666666666666674
Fridge,7,24,5,6,0.44,0.0,0.3208333333333334
Fridge,8,24,5,6,0.38,0.44,0.3037500000000001
Fridge,9,24,5,6,0.0,0.38,0.3483333333333334
Fridge,10,24,5,6,1.07,0.0,0.3570833333333334
Fridge,11,24,5,6,0.21,1.07,0.3470833333333334
Fridge,12,24,5,6,0.31,0.21,0.33458333333333345
Fridge,13,24,5,6,0.0,0.31,0.33458333333333345
Fridge,14,24,5,6,0.0,0.0,0.3033333333333334
Fridge,15,24,5,6,0.0,0.0,0.3295833333333334
Fridge,16,24,5,6,0.63,0.0,0.3575000000000001
Fridge,17,24,5,6,0.67,0.63,0.3666666666666667
Fridge,18,24,5,6,0.75,0.67,0.36500000000000016
Fridge,19,24,5,6,0.19,0.75,0.37000000000000005
Fridge,20,24,5,6,0.39,0.19,0.39125000000000004
Fridge,21,24,5,6,0.51,0.39,0.4116666666666668
Fridge,22,24,5,6,0.79,0.51,0.3791666666666667
Fridge,23,24,5,6,0.11,0.79,0.3791666666666667
Fridge,0,25,6,6,0.0,0.11,0.4050000000000001
Fridge,1,25,6,6,0.62,0.0,0.37791666666666685
Fridge,2,25,6,6,0.8200000000000001,0.62,0.3587500000000001
Fridge,3,25,6,6,0.0,0.8200000000000001,0.3495833333333334
Fridge,4,25,6,6,0.5,0.0,0.3495833333333334
Fridge,5,25,6,6,0.0,0.5,0.3495833333333334
Fridge,6,25,6,6,0.0,0.0,0.35666666666666674
Fridge,7,25,6,6,0.61,0.0,0.35291666666666677
Fridge,8,25,6,6,0.29,0.61,0.35291666666666677
Fridge,9,25,6,6,0.0,0.29,0.3083333333333334
Fridge,10,25,6,6,0.0,0.0,0.2995833333333334
Fridge,11,25,6,6,0.0,0.0,0.2866666666666668
Fridge,12,25,6,6,0.0,0.0,0.3287500000000001
Fridge,13,25,6,6,1.01,0.0,0.3287500000000001
Fridge,14,25,6,6,0.0,1.01,0.33375000000000005
Fridge,15,25,6,6,0.12,0.0,0.3162500000000001
Fridge,16,25,6,6,0.21,0.12,0.3241666666666667
Fridge,17,25,6,6,0.86,0.21,0.31041666666666673
Fridge,18,25,6,6,0.42,0.86,0.3108333333333334
Fridge,19,25,6,6,0.2,0.42,0.32416666666666677
Fridge,20,25,6,6,0.71,0.2,0.3162500000000001
Fridge,21,25,6,6,0.32,0.71,0.3054166666666667
Fridge,22,25,6,6,0.53,0.32,0.30083333333333345
Fridge,23,25,6,6,0.0,0.53,0.33833333333333343
Fridge,0,26,0,6,0.9,0.0,0.31791666666666674
Fridge,1,26,0,6,0.13,0.9,0.2950000000000001
Fridge,2,26,0,6,0.27,0.13,0.2950000000000001
Fridge,3,26,0,6,0.0,0.27,0.31041666666666673
Fridge,4,26,0,6,0.87,0.0,0.3262500000000001
Fridge,5,26,0,6,0.38,0.87,0.3425000000000001
Fridge,6,26,0,6,0.39,0.38,0.38000000000000006
Fridge,7,26,0,6,1.51,0.39,0.38666666666666677
Fridge,8,26,0,6,0.45,1.51,0.39625000000000005
Fridge,9,26,0,6,0.23,0.45,0.39625000000000005
Fridge,10,26,0,6,0.0,0.23,0.39625000000000005
Fridge,11,26,0,6,0.0,0.0,0.4250000000000001
Fridge,12,26,0,6,0.69,0.0,0.4104166666666668
Fridge,13,26,0,6,0.6599999999999999,0.69,0.4104166666666668
Fridge,14,26,0,6,0.0,0.6599999999999999,0.42458333333333337
Fridge,15,26,0,6,0.46,0.0,0.46333333333333343
Fridge,16,26,0,6,1.14,0.46,0.4604166666666667
Fridge,17,26,0,6,0.79,1.14,0.4591666666666667
Fridge,18,26,0,6,0.39,0.79,0.47166666666666673
Fridge,19,26,0,6,0.5,0.39,0.44875000000000004
Fridge,20,26,0,6,0.16,0.5,0.4354166666666668
Fridge,21,26,0,6,0.0,0.16,0.44750000000000006
Fridge,22,26,0,6,0.8200000000000001,0.0,0.44750000000000006
Fridge,23,26,0,6,0.0,0.8200000000000001,0.4404166666666667
Fridge,0,27,1,6,0.73,0.0,0.43500000000000005
Fridge,1,27,1,6,0.0,0.73,0.43125000000000013
Fridge,2,27,1,6,0.18,0.0,0.49333333333333346
Fridge,3,27,1,6,1.49,0.18,0.45708333333333345
Fridge,4,27,1,6,0.0,1.49,0.44125000000000014
Fridge,5,27,1,6,0.0,0.0,0.4304166666666667
Fridge,6,27,1,6,0.13,0.0,0.3812500000000001
Fridge,7,27,1,6,0.33,0.13,0.36250000000000004
Fridge,8,27,1,6,0.0,0.33,0.3629166666666668
Fridge,9,27,1,6,0.24,0.0,0.3700000000000001
Fridge,10,27,1,6,0.17,0.24,0.37500000000000006
Fridge,11,27,1,6,0.12,0.17,0.3645833333333334
Fridge,12,27,1,6,0.44,0.12,0.3475000000000001
Fridge,13,27,1,6,0.25,0.44,0.3566666666666667
Fridge,14,27,1,6,0.22,0.25,0.34500000000000003
Fridge,15,27,1,6,0.18,0.22,0.32875000000000004
Fridge,16,27,1,6,0.75,0.18,0.3058333333333334
Fridge,17,27,1,6,0.24,0.75,0.3112500000000001
Fridge,18,27,1,6,0.52,0.24,0.2904166666666667
Fridge,19,27,1,6,0.0,0.52,0.29750000000000004
Fridge,20,27,1,6,0.33,0.0,0.3054166666666667
Fridge,21,27,1,6,0.19,0.33,0.2808333333333334
Fridge,22,27,1,6,0.23,0.19,0.28083333333333343
Fridge,23,27,1,6,0.0,0.23,0.2700000000000001
Fridge,0,28,2,6,0.47,0.0,0.2883333333333334
Fridge,1,28,2,6,0.44,0.47,0.28083333333333343
Fridge,2,28,2,6,0.0,0.44,0.23750000000000007
Fridge,3,28,2,6,0.45,0.0,0.25041666666666673
Fridge,4,28,2,6,0.31,0.45,0.2708333333333334
Fridge,5,28,2,6,0.49,0.31,0.28541666666666676
Fridge,6,28,2,6,0.48,0.49,0.2925000000000001
Fridge,7,28,2,6,0.5,0.48,0.3108333333333334
Fridge,8,28,2,6,0.44,0.5,0.3212500000000001
Fridge,9,28,2,6,0.49,0.44,0.35666666666666674
Fridge,10,28,2,6,1.02,0.49,0.37500000000000017
Fridge,11,28,2,6,0.56,1.02,0.37791666666666673
Fridge,12,28,2,6,0.51,0.56,0.3770833333333334
Fridge,13,28,2,6,0.23,0.51,0.40083333333333343
Fridge,14,28,2,6,0.79,0.23,0.3933333333333335
Fridge,15,28,2,6,0.0,0.79,0.395
Fridge,16,28,2,6,0.79,0.0,0.4004166666666668
Fridge,17,28,2,6,0.37,0.79,0.3975
Fridge,18,28,2,6,0.45,0.37,0.3975
Fridge,19,28,2,6,0.0,0.45,0.38375000000000004
Fridge,20,28,2,6,0.0,0.0,0.40666666666666673
Fridge,21,28,2,6,0.74,0.0,0.41208333333333336
Fridge,22,28,2,6,0.36,0.74,0.4262500000000001
Fridge,23,28,2,6,0.34,0.36,0.4066666666666668
Fridge,0,29,3,6,0.0,0.34,0.4033333333333334
Fridge,1,29,3,6,0.36,0.0,0.4195833333333334
Fridge,2,29,3,6,0.39,0.36,0.40083333333333343
Fridge,3,29,3,6,0.0,0.39,0.38791666666666674
Fridge,4,29,3,6,0.0,0.0,0.3675000000000001
Fridge,5,29,3,6,0.0,0.0,0.3575000000000001
Fridge,6,29,3,6,0.24,0.0,0.35333333333333344
Fridge,7,29,3,6,0.4,0.24,0.35375000000000006
Fridge,8,29,3,6,0.45,0.4,0.3333333333333335
Fridge,9,29,3,6,0.0,0.45,0.2966666666666668
Fridge,10,29,3,6,0.14,0.0,0.2975000000000001
Fridge,11,29,3,6,0.5800000000000001,0.14,0.3112500000000001
Fridge,12,29,3,6,0.8400000000000001,0.5800000000000001,0.3312500000000001
Fridge,13,29,3,6,0.71,0.8400000000000001,0.3295833333333334
Fridge,14,29,3,6,0.75,0.71,0.3366666666666667
Fridge,15,29,3,6,0.17,0.75,0.30375000000000013
Fridge,16,29,3,6,0.0,0.17,0.2970833333333334
Fridge,17,29,3,6,0.21,0.0,0.27833333333333343
Fridge,18,29,3,6,0.0,0.21,0.28791666666666677
Fridge,19,29,3,6,0.2299999999999999,0.0,0.30916666666666676
Fridge,20,29,3,6,0.51,0.2299999999999999,0.27833333333333343
Fridge,21,29,3,6,0.0,0.51,0.2633333333333334
Fridge,22,29,3,6,0.0,0.0,0.3033333333333334
Fridge,23,29,3,6,1.3,0.0,0.32166666666666677
Fridge,0,30,4,6,0.44,1.3,0.3112500000000001
Fridge,1,30,4,6,0.11,0.44,0.31750000000000006
Fridge,2,30,4,6,0.54,0.11,0.33291666666666675
Fridge,3,30,4,6,0.37,0.54,0.3600000000000001
Fridge,4,30,4,6,0.65,0.37,0.3600000000000001
Fridge,5,30,4,6,0.0,0.65,0.37500000000000006
Fridge,6,30,4,6,0.6,0.0,0.3583333333333334
Fridge,7,30,4,6,0.0,0.6,0.3475000000000001
Fridge,8,30,4,6,0.19,0.0,0.3525000000000001
Fridge,9,30,4,6,0.12,0.19,0.35250000000000004
Fridge,10,30,4,6,0.14,0.12,0.3479166666666668
Fridge,11,30,4,6,0.47,0.14,0.3262500000000001
Fridge,12,30,4,6,0.32,0.47,0.3100000000000001
Fridge,13,30,4,6,0.32,0.32,0.2875000000000001
Fridge,14,30,4,6,0.21,0.32,0.2850000000000001
Fridge,15,30,4,6,0.11,0.21,0.3162500000000001
Fridge,16,30,4,6,0.75,0.11,0.32791666666666675
Fridge,17,30,4,6,0.49,0.75,0.3679166666666667
Fridge,18,30,4,6,0.96,0.49,0.3975
Fridge,19,30,4,6,0.94,0.96,0.3941666666666667
Fridge,20,30,4,6,0.43,0.94,0.41416666666666674
Fridge,21,30,4,6,0.48,0.43,0.4291666666666667
Fridge,22,30,4,6,0.36,0.48,0.39791666666666675
Fridge,23,30,4,6,0.55,0.36,0.39333333333333337
Fridge,0,1,5,7,0.33,0.55,0.40083333333333343
Fridge,1,1,5,7,0.29,0.33,0.39625000000000016
Fridge,2,1,5,7,0.43,0.29,0.3808333333333334
Fridge,3,1,5,7,0.0,0.43,0.35375000000000006
Fridge,4,1,5,7,0.0,0.0,0.35375000000000006
Fridge,5,1,5,7,0.0,0.0,0.3579166666666667
Fridge,6,1,5,7,0.7,0.0,0.3579166666666667
Fridge,7,1,5,7,0.0,0.7,0.3562500000000001
Fridge,8,1,5,7,0.15,0.0,0.3795833333333334
Fridge,9,1,5,7,0.6799999999999999,0.15,0.37958333333333344
Fridge,10,1,5,7,0.14,0.6799999999999999,0.36666666666666675
Fridge,11,1,5,7,0.16,0.14,0.3887500000000001
Fridge,12,1,5,7,0.85,0.16,0.4025000000000001
Fridge,13,1,5,7,0.65,0.85,0.3937500000000001
Fridge,14,1,5,7,0.0,0.65,0.3891666666666668
Fridge,15,1,5,7,0.0,0.0,0.3579166666666668
Fridge,16,1,5,7,0.0,0.0,0.34833333333333344
Fridge,17,1,5,7,0.26,0.0,0.3379166666666667
Fridge,18,1,5,7,0.71,0.26,0.30958333333333343
Fridge,19,1,5,7,0.26,0.71,0.2916666666666668
Fridge,20,1,5,7,0.0,0.26,0.2795833333333334
Fridge,21,1,5,7,0.19,0.0,0.29291666666666677
Fridge,22,1,5,7,0.6799999999999999,0.19,0.2775000000000001
Fridge,23,1,5,7,0.18,0.6799999999999999,0.2637500000000001
Fridge,0,2,6,7,0.0,0.18,0.2770833333333334
Fridge,1,2,6,7,0.61,0.0,0.25916666666666677
Fridge,2,2,6,7,0.0,0.61,0.27333333333333343
Fridge,3,2,6,7,0.34,0.0,0.27333333333333343
Fridge,4,2,6,7,0.0,0.34,0.29083333333333344
Fridge,5,2,6,7,0.42,0.0,0.2750000000000001
Fridge,6,2,6,7,0.32,0.42,0.2750000000000001
Fridge,7,2,6,7,0.0,0.32,0.2925000000000001
Fridge,8,2,6,7,0.57,0.0,0.2737500000000001
Fridge,9,2,6,7,0.23,0.57,0.26791666666666675
Fridge,10,2,6,7,0.0,0.23,0.26791666666666675
Fridge,11,2,6,7,0.16,0.0,0.2787500000000001
Fridge,12,2,6,7,1.11,0.16,0.25916666666666677
Fridge,13,2,6,7,0.18,1.11,0.26458333333333345
Fridge,14,2,6,7,0.13,0.18,0.26458333333333345
Fridge,15,2,6,7,0.0,0.13,0.26458333333333345
Fridge,16,2,6,7,0.0,0.0,0.25791666666666674
Fridge,17,2,6,7,0.1,0.0,0.22833333333333342
Fridge,18,2,6,7,0.0,0.1,0.23416666666666677
Fridge,19,2,6,7,0.4,0.0,0.26416666666666677
Fridge,20,2,6,7,0.72,0.4,0.2562500000000001
Fridge,21,2,6,7,0.0,0.72,0.22791666666666677
Fridge,22,2,6,7,0.0,0.0,0.23041666666666674
Fridge,23,2,6,7,0.24,0.0,0.24208333333333343
Fridge,0,3,0,7,0.28,0.24,0.22875000000000012
Fridge,1,3,0,7,0.29,0.28,0.24416666666666678
Fridge,2,3,0,7,0.37,0.29,0.23000000000000012
Fridge,3,3,0,7,0.0,0.37,0.2404166666666668
Fridge,4,3,0,7,0.25,0.0,0.23250000000000012
Fridge,5,3,0,7,0.23,0.25,0.22583333333333344
Fridge,6,3,0,7,0.16,0.23,0.22583333333333344
Fridge,7,3,0,7,0.0,0.16,0.22583333333333344
Fridge,8,3,0,7,0.5700000000000001,0.0,0.21625000000000014
Fridge,9,3,0,7,0.0,0.5700000000000001,0.23291666666666677
Fridge,10,3,0,7,0.4,0.0,0.25708333333333344
Fridge,11,3,0,7,0.74,0.4,0.21083333333333343
Fridge,12,3,0,7,0.0,0.74,0.20333333333333345
Fridge,13,3,0,7,0.0,0.0,0.21666666666666679
Fridge,14,3,0,7,0.45,0.0,0.21666666666666679
Fridge,15,3,0,7,0.0,0.45,0.21666666666666679
Fridge,16,3,0,7,0.0,0.0,0.2125000000000001
Fridge,17,3,0,7,0.0,0.0,0.22083333333333344
Fridge,18,3,0,7,0.2,0.0,0.2208333333333334
Fridge,19,3,0,7,0.4,0.2,0.2137500000000001
Fridge,20,3,0,7,0.55,0.4,0.2237500000000001
Fridge,21,3,0,7,0.24,0.55,0.2237500000000001
Fridge,22,3,0,7,0.0,0.24,0.2137500000000001
Fridge,23,3,0,7,0.0,0.0,0.20625000000000013
Fridge,0,4,1,7,0.1,0.0,0.1941666666666668
Fridge,1,4,1,7,0.0,0.1,0.1787500000000001
Fridge,2,4,1,7,0.0,0.0,0.1950000000000001
Fridge,3,4,1,7,0.39,0.0,0.20666666666666678
Fridge,4,4,1,7,0.53,0.39,0.19708333333333342
Fridge,5,4,1,7,0.0,0.53,0.21541666666666678
Fridge,6,4,1,7,0.6000000000000001,0.0,0.24000000000000013
Fridge,7,4,1,7,0.59,0.6000000000000001,0.23666666666666678
Fridge,8,4,1,7,0.49,0.59,0.2587500000000001
Fridge,9,4,1,7,0.53,0.49,0.2587500000000001
Fridge,10,4,1,7,0.4,0.53,0.22791666666666677
Fridge,11,4,1,7,0.0,0.4,0.22791666666666677
Fridge,12,4,1,7,0.0,0.0,0.22791666666666677
Fridge,13,4,1,7,0.0,0.0,0.2179166666666668
Fridge,14,4,1,7,0.21,0.0,0.2304166666666668
Fridge,15,4,1,7,0.3,0.21,0.26416666666666677
Fridge,16,4,1,7,0.81,0.3,0.2712500000000001
Fridge,17,4,1,7,0.17,0.81,0.27791666666666676
Fridge,18,4,1,7,0.36,0.17,0.2683333333333334
Fridge,19,4,1,7,0.17,0.36,0.27791666666666676
Fridge,20,4,1,7,0.78,0.17,0.3025000000000001
Fridge,21,4,1,7,0.83,0.78,0.3025000000000001
Fridge,22,4,1,7,0.0,0.83,0.31208333333333343
Fridge,23,4,1,7,0.23,0.0,0.3079166666666668
Fridge,0,5,2,7,0.0,0.23,0.3079166666666668
Fridge,1,5,2,7,0.0,0.0,0.3079166666666668
Fridge,2,5,2,7,0.0,0.0,0.31458333333333344
Fridge,3,5,2,7,0.55,0.0,0.2987500000000001
Fridge,4,5,2,7,0.15,0.55,0.2987500000000001
Fridge,5,5,2,7,0.0,0.15,0.3083333333333334
Fridge,6,5,2,7,0.83,0.0,0.2837500000000001
Fridge,7,5,2,7,0.0,0.83,0.2870833333333334
Fridge,8,5,2,7,0.57,0.0,0.3004166666666668
Fridge,9,5,2,7,0.8500000000000001,0.57,0.31375000000000014
Fridge,10,5,2,7,0.72,0.8500000000000001,0.32958333333333345
Fridge,11,5,2,7,0.38,0.72,0.3395833333333334
Fridge,12,5,2,7,0.24,0.38,0.36416666666666675
Fridge,13,5,2,7,0.59,0.24,0.37291666666666673
Fridge,14,5,2,7,0.42,0.59,0.3775000000000001
Fridge,15,5,2,7,0.41,0.42,0.34375000000000006
Fridge,16,5,2,7,0.0,0.41,0.3366666666666667
Fridge,17,5,2,7,0.0,0.0,0.33041666666666675
Fridge,18,5,2,7,0.21,0.0,0.35125000000000006
Fridge,19,5,2,7,0.67,0.21,0.3262500000000001
Fridge,20,5,2,7,0.18,0.67,0.2916666666666668
Fridge,21,5,2,7,0.0,0.18,0.32166666666666677
Fridge,22,5,2,7,0.72,0.0,0.3487500000000001
Fridge,23,5,2,7,0.88,0.72,0.3487500000000001
Fridge,0,6,3,7,0.0,0.88,0.3808333333333334
Fridge,1,6,3,7,0.77,0.0,0.38708333333333345
Fridge,2,6,3,7,0.15,0.77,0.38333333333333336
Fridge,3,6,3,7,0.46,0.15,0.4345833333333335
Fridge,4,6,3,7,1.38,0.46,0.4345833333333335
Fridge,5,6,3,7,0.0,1.38,0.4116666666666668
Fridge,6,6,3,7,0.28,0.0,0.4116666666666668
Fridge,7,6,3,7,0.0,0.28,0.38791666666666674
Fridge,8,6,3,7,0.0,0.0,0.3620833333333335
Fridge,9,6,3,7,0.23,0.0,0.3579166666666667
Fridge,10,6,3,7,0.62,0.23,0.34208333333333335
Fridge,11,6,3,7,0.0,0.62,0.35166666666666674
Fridge,12,6,3,7,0.47,0.0,0.3604166666666668
Fridge,13,6,3,7,0.8,0.47,0.34291666666666676
Fridge,14,6,3,7,0.0,0.8,0.34500000000000003
Fridge,15,6,3,7,0.46,0.0,0.36333333333333345
Fridge,16,6,3,7,0.44,0.46,0.37166666666666676
Fridge,17,6,3,7,0.2,0.44,0.3629166666666668
Fridge,18,6,3,7,0.0,0.2,0.3491666666666668
Fridge,19,6,3,7,0.34,0.0,0.34166666666666673
Fridge,20,6,3,7,0.0,0.34,0.3579166666666667
Fridge,21,6,3,7,0.39,0.0,0.34208333333333346
Fridge,22,6,3,7,0.34,0.39,0.3195833333333334
Fridge,23,6,3,7,0.34,0.34,0.3320833333333334
Fridge,0,7,4,7,0.3,0.34,0.3233333333333334
Fridge,1,7,4,7,0.56,0.3,0.3283333333333334
Fridge,2,7,4,7,0.27,0.56,0.3475000000000001
Fridge,3,7,4,7,0.92,0.27,0.31041666666666673
Fridge,4,7,4,7,0.49,0.92,0.31041666666666673
Fridge,5,7,4,7,0.0,0.49,0.29875000000000007
Fridge,6,7,4,7,0.0,0.0,0.30458333333333343
Fridge,7,7,4,7,0.14,0.0,0.34208333333333346
Fridge,8,7,4,7,0.9,0.14,0.3620833333333335
Fridge,9,7,4,7,0.71,0.9,0.3537500000000002
Fridge,10,7,4,7,0.42,0.71,0.3720833333333335
Fridge,11,7,4,7,0.44,0.42,0.3725000000000001
Fridge,12,7,4,7,0.48,0.44,0.3391666666666668
Fridge,13,7,4,7,0.0,0.48,0.3525000000000001
Fridge,14,7,4,7,0.32,0.0,0.35208333333333347
Fridge,15,7,4,7,0.45,0.32,0.33375000000000005
Fridge,16,7,4,7,0.0,0.45,0.35375000000000006
Fridge,17,7,4,7,0.6799999999999999,0.0,0.35375000000000006
Fridge,18,7,4,7,0.0,0.6799999999999999,0.3512500000000001
Fridge,19,7,4,7,0.28,0.0,0.3570833333333334
Fridge,20,7,4,7,0.14,0.28,0.3583333333333334
Fridge,21,7,4,7,0.42,0.14,0.3775000000000001
Fridge,22,7,4,7,0.8,0.42,0.36333333333333345
Fridge,23,7,4,7,0.0,0.8,0.3966666666666668
Fridge,0,8,5,7,1.1,0.0,0.37333333333333346
Fridge,1,8,5,7,0.0,1.1,0.3820833333333334
Fridge,2,8,5,7,0.48,0.0,0.3558333333333334
Fridge,3,8,5,7,0.29,0.48,0.33541666666666675
Fridge,4,8,5,7,0.0,0.29,0.34750000000000014
Fridge,5,8,5,7,0.29,0.0,0.3595833333333334
Fridge,6,8,5,7,0.29,0.29,0.37458333333333343
Fridge,7,8,5,7,0.5,0.29,0.3370833333333334
Fridge,8,8,5,7,0.0,0.5,0.3212500000000001
Fridge,9,8,5,7,0.33,0.0,0.3037500000000001
Fridge,10,8,5,7,0.0,0.33,0.3083333333333334
Fridge,11,8,5,7,0.55,0.0,0.30916666666666676
Fridge,12,8,5,7,0.5,0.55,0.33583333333333343
Fridge,13,8,5,7,0.64,0.5,0.35416666666666674
Fridge,14,8,5,7,0.76,0.64,0.34541666666666676
Fridge,15,8,5,7,0.24,0.76,0.34541666666666676
Fridge,16,8,5,7,0.0,0.24,0.3604166666666668
Fridge,17,8,5,7,1.04,0.0,0.42916666666666675
Fridge,18,8,5,7,1.65,1.04,0.45791666666666675
Fridge,19,8,5,7,0.97,1.65,0.4750000000000001
Fridge,20,8,5,7,0.55,0.97,0.47000000000000014
Fridge,21,8,5,7,0.3,0.55,0.4629166666666667
Fridge,22,8,5,7,0.63,0.3,0.4916666666666667
Fridge,23,8,5,7,0.69,0.63,0.4650000000000001
Fridge,0,9,6,7,0.46,0.69,0.47791666666666677
Fridge,1,9,6,7,0.31,0.46,0.45791666666666675
Fridge,2,9,6,7,0.0,0.31,0.44583333333333347
Fridge,3,9,6,7,0.0,0.0,0.47791666666666677
Fridge,4,9,6,7,0.77,0.0,0.4750000000000001
Fridge,5,9,6,7,0.22,0.77,0.47625000000000006
Fridge,6,9,6,7,0.32,0.22,0.5000000000000001
Fridge,7,9,6,7,1.07,0.32,0.5083333333333334
Fridge,8,9,6,7,0.2,1.07,0.5179166666666667
Fridge,9,9,6,7,0.56,0.2,0.5179166666666667
Fridge,10,9,6,7,0.0,0.56,0.49500000000000005
Fridge,11,9,6,7,0.0,0.0,0.48166666666666674
Fridge,12,9,6,7,0.18,0.0,0.4629166666666668
Fridge,13,9,6,7,0.19,0.18,0.43125000000000013
Fridge,14,9,6,7,0.0,0.19,0.44416666666666677
Fridge,15,9,6,7,0.55,0.0,0.4662500000000001
Fridge,16,9,6,7,0.53,0.55,0.44583333333333336
Fridge,17,9,6,7,0.55,0.53,0.3770833333333334
Fridge,18,9,6,7,0.0,0.55,0.37708333333333344
Fridge,19,9,6,7,0.97,0.0,0.3991666666666667
Fridge,20,9,6,7,1.08,0.97,0.38666666666666677
Fridge,21,9,6,7,0.0,1.08,0.3991666666666667
Fridge,22,9,6,7,0.93,0.0,0.3704166666666668
Fridge,23,9,6,7,0.0,0.93,0.3562500000000001
Fridge,0,10,0,7,0.12,0.0,0.3433333333333335
Fridge,1,10,0,7,0.0,0.12,0.3433333333333335
Fridge,2,10,0,7,0.0,0.0,0.3579166666666668
Fridge,3,10,0,7,0.35,0.0,0.3258333333333335
Fridge,4,10,0,7,0.0,0.35,0.3237500000000001
Fridge,5,10,0,7,0.17,0.0,0.3308333333333335
Fridge,6,10,0,7,0.49,0.17,0.2862500000000001
Fridge,7,10,0,7,0.0,0.49,0.3133333333333334
Fridge,8,10,0,7,0.85,0.0,0.3112500000000001
Fridge,9,10,0,7,0.51,0.85,0.3162500000000001
Fridge,10,10,0,7,0.12,0.51,0.3225000000000001
Fridge,11,10,0,7,0.15,0.12,0.3150000000000001
Fridge,12,10,0,7,0.0,0.15,0.30708333333333343
Fridge,13,10,0,7,0.0,0.0,0.30708333333333343
Fridge,14,10,0,7,0.0,0.0,0.2995833333333335
Fridge,15,10,0,7,0.37,0.0,0.30666666666666675
Fridge,16,10,0,7,0.7,0.37,0.29541666666666677
Fridge,17,10,0,7,0.28,0.7,0.30458333333333343
Fridge,18,10,0,7,0.22,0.28,0.2845833333333334
Fridge,19,10,0,7,0.49,0.22,0.2658333333333334
Fridge,20,10,0,7,0.63,0.49,0.27333333333333343
Fridge,21,10,0,7,0.18,0.63,0.2525000000000001
Fridge,22,10,0,7,0.43,0.18,0.27916666666666673
Fridge,23,10,0,7,0.64,0.43,0.29916666666666675
Fridge,0,11,1,7,0.6000000000000001,0.64,0.3325000000000001
Fridge,1,11,1,7,0.8,0.6000000000000001,0.3325000000000001
Fridge,2,11,1,7,0.0,0.8,0.3179166666666668
Fridge,3,11,1,7,0.0,0.0,0.3308333333333334
Fridge,4,11,1,7,0.31,0.0,0.3237500000000001
Fridge,5,11,1,7,0.0,0.31,0.3933333333333335
Fridge,6,11,1,7,2.16,0.0,0.40750000000000014
Fridge,7,11,1,7,0.34,2.16,0.3720833333333335
Fridge,8,11,1,7,0.0,0.34,0.3508333333333335
Fridge,9,11,1,7,0.0,0.0,0.3875000000000001
Fridge,10,11,1,7,1.0,0.0,0.3812500000000001
Fridge,11,11,1,7,0.0,1.0,0.4179166666666667
Fridge,12,11,1,7,0.8800000000000001,0.0,0.44666666666666677
Fridge,13,11,1,7,0.69,0.8800000000000001,0.44666666666666677
Fridge,14,11,1,7,0.0,0.69,0.43125000000000013
Fridge,15,11,1,7,0.0,0.0,0.41833333333333345
Fridge,16,11,1,7,0.39,0.0,0.42750000000000005
Fridge,17,11,1,7,0.5,0.39,0.4637500000000001
Fridge,18,11,1,7,1.09,0.5,0.46208333333333346
Fridge,19,11,1,7,0.45,1.09,0.43583333333333346
Fridge,20,11,1,7,0.0,0.45,0.44750000000000006
Fridge,21,11,1,7,0.46,0.0,0.44958333333333345
Fridge,22,11,1,7,0.48,0.46,0.4350000000000001
Fridge,23,11,1,7,0.29,0.48,0.43041666666666684
Fridge,0,12,2,7,0.49,0.29,0.39708333333333345
Fridge,1,12,2,7,0.0,0.49,0.41541666666666677
Fridge,2,12,2,7,0.44,0.0,0.4304166666666667
Fridge,3,12,2,7,0.36,0.44,0.4429166666666668
Fridge,4,12,2,7,0.61,0.36,0.4550000000000001
Fridge,5,12,2,7,0.29,0.61,0.3841666666666667
Fridge,6,12,2,7,0.46,0.29,0.38375000000000004
Fridge,7,12,2,7,0.33,0.46,0.4283333333333334
Fridge,8,12,2,7,1.07,0.33,0.45500000000000007
Fridge,9,12,2,7,0.64,1.07,0.44583333333333336
Fridge,10,12,2,7,0.78,0.64,0.48166666666666674
Fridge,11,12,2,7,0.86,0.78,0.4450000000000001
Fridge,12,12,2,7,0.0,0.86,0.43625
Fridge,13,12,2,7,0.48,0.0,0.4754166666666668
Fridge,14,12,2,7,0.94,0.48,0.5016666666666668
Fridge,15,12,2,7,0.63,0.94,0.5079166666666668
Fridge,16,12,2,7,0.54,0.63,0.4870833333333335
Fridge,17,12,2,7,0.0,0.54,0.4566666666666668
Fridge,18,12,2,7,0.36,0.0,0.43791666666666673
Fridge,19,12,2,7,0.0,0.36,0.4537500000000001
Fridge,20,12,2,7,0.38,0.0,0.4345833333333335
Fridge,21,12,2,7,0.0,0.38,0.4200000000000001
Fridge,22,12,2,7,0.13,0.0,0.42750000000000016
Fridge,23,12,2,7,0.47,0.13,0.40708333333333346
Fridge,0,13,3,7,0.0,0.47,0.4237500000000001
Fridge,1,13,3,7,0.4,0.0,0.41916666666666674
Fridge,2,13,3,7,0.33,0.4,0.41291666666666677
Fridge,3,13,3,7,0.21,0.33,0.4016666666666668
Fridge,4,13,3,7,0.34,0.21,0.3895833333333334
Fridge,5,13,3,7,0.0,0.34,0.3704166666666668
Fridge,6,13,3,7,0.0,0.0,0.37333333333333346
Fridge,7,13,3,7,0.4,0.0,0.3287500000000001
Fridge,8,13,3,7,0.0,0.4,0.3316666666666668
Fridge,9,13,3,7,0.71,0.0,0.29916666666666675
Fridge,10,13,3,7,0.0,0.71,0.2745833333333334
Fridge,11,13,3,7,0.27,0.0,0.28041666666666676
Fridge,12,13,3,7,0.14,0.27,0.29125000000000006
Fridge,13,13,3,7,0.74,0.14,0.3054166666666667
Fridge,14,13,3,7,1.28,0.74,0.29291666666666677
Fridge,15,13,3,7,0.33,1.28,0.27041666666666675
Fridge,16,13,3,7,0.0,0.33,0.28416666666666673
Fridge,17,13,3,7,0.33,0.0,0.29333333333333345
Fridge,18,13,3,7,0.58,0.33,0.30125000000000013
Fridge,19,13,3,7,0.19,0.58,0.28541666666666676
Fridge,20,13,3,7,0.0,0.19,0.29125000000000006
Fridge,21,13,3,7,0.14,0.0,0.28583333333333344
Fridge,22,13,3,7,0.0,0.14,0.2662500000000001
Fridge,23,13,3,7,0.0,0.0,0.27833333333333343
Fridge,0,14,4,7,0.29,0.0,0.2933333333333334
Fridge,1,14,4,7,0.76,0.29,0.2795833333333334
Fridge,2,14,4,7,0.0,0.76,0.29083333333333344
Fridge,3,14,4,7,0.48,0.0,0.2820833333333334
Fridge,4,14,4,7,0.13,0.48,0.3054166666666667
Fridge,5,14,4,7,0.56,0.13,0.31208333333333343
Fridge,6,14,4,7,0.16,0.56,0.31166666666666676
Fridge,7,14,4,7,0.39,0.16,0.32416666666666677
Fridge,8,14,4,7,0.3,0.39,0.3179166666666668
Fridge,9,14,4,7,0.56,0.3,0.33833333333333343
Fridge,10,14,4,7,0.49,0.56,0.3516666666666668
Fridge,11,14,4,7,0.59,0.49,0.38333333333333336
Fridge,12,14,4,7,0.9,0.59,0.3575000000000001
Fridge,13,14,4,7,0.12,0.9,0.34208333333333346
Fridge,14,14,4,7,0.91,0.12,0.33291666666666675
Fridge,15,14,4,7,0.11,0.91,0.34541666666666676
Fridge,16,14,4,7,0.3,0.11,0.3316666666666667
Fridge,17,14,4,7,0.0,0.3,0.32083333333333347
Fridge,18,14,4,7,0.32,0.0,0.3258333333333334
Fridge,19,14,4,7,0.31,0.32,0.3416666666666668
Fridge,20,14,4,7,0.38,0.31,0.33583333333333343
Fridge,21,14,4,7,0.0,0.38,0.35333333333333344
Fridge,22,14,4,7,0.42,0.0,0.35333333333333344
Fridge,23,14,4,7,0.0,0.42,0.3479166666666668
Fridge,0,15,5,7,0.16,0.0,0.3325000000000001
Fridge,1,15,5,7,0.39,0.16,0.3325000000000001
Fridge,2,15,5,7,0.0,0.39,0.32458333333333345
Fridge,3,15,5,7,0.29,0.0,0.33208333333333345
Fridge,4,15,5,7,0.31,0.29,0.3087500000000001
Fridge,5,15,5,7,0.0,0.31,0.31416666666666676
Fridge,6,15,5,7,0.29,0.0,0.3112500000000001
Fridge,7,15,5,7,0.32,0.29,0.3233333333333334
Fridge,8,15,5,7,0.5900000000000001,0.32,0.3475000000000001
Fridge,9,15,5,7,1.14,0.5900000000000001,0.3270833333333334
Fridge,10,15,5,7,0.0,1.14,0.3325000000000001
Fridge,11,15,5,7,0.72,0.0,0.3075000000000001
Fridge,12,15,5,7,0.3,0.72,0.32208333333333344
Fridge,13,15,5,7,0.47,0.3,0.30083333333333345
Fridge,14,15,5,7,0.4,0.47,0.29625000000000007
Fridge,15,15,5,7,0.0,0.4,0.2995833333333334
Fridge,16,15,5,7,0.38,0.0,0.2995833333333334
Fridge,17,15,5,7,0.0,0.38,0.2962500000000001
Fridge,18,15,5,7,0.24,0.0,0.28333333333333344
Fridge,19,15,5,7,0.0,0.24,0.2750000000000001
Fridge,20,15,5,7,0.18,0.0,0.2966666666666668
Fridge,21,15,5,7,0.52,0.18,0.31166666666666676
Fridge,22,15,5,7,0.78,0.52,0.3700000000000001
Fridge,23,15,5,7,1.4,0.78,0.3916666666666668
Fridge,0,16,6,7,0.6799999999999999,1.4,0.42500000000000004
Fridge,1,16,6,7,1.19,0.6799999999999999,0.43708333333333343
Fridge,2,16,6,7,0.29,1.19,0.4433333333333334
Fridge,3,16,6,7,0.44,0.29,0.44500000000000006
Fridge,4,16,6,7,0.35,0.44,0.4675000000000001
Fridge,5,16,6,7,0.54,0.35,0.4662500000000001
Fridge,6,16,6,7,0.26,0.54,0.4529166666666668
Fridge,7,16,6,7,0.0,0.26,0.4425000000000001
Fridge,8,16,6,7,0.34,0.0,0.4012500000000001
Fridge,9,16,6,7,0.15,0.34,0.40625000000000006
Fridge,10,16,6,7,0.12,0.15,0.4000000000000001
Fridge,11,16,6,7,0.5700000000000001,0.12,0.4020833333333334
Fridge,12,16,6,7,0.35,0.5700000000000001,0.4012500000000001
Fridge,13,16,6,7,0.45,0.35,0.41375000000000006
Fridge,14,16,6,7,0.7,0.45,0.4362500000000001
Fridge,15,16,6,7,0.54,0.7,0.4204166666666668
Fridge,16,16,6,7,0.0,0.54,0.4204166666666668
Fridge,17,16,6,7,0.0,0.0,0.41666666666666674
Fridge,18,16,6,7,0.15,0.0,0.4333333333333334
Fridge,19,16,6,7,0.4,0.15,0.42583333333333345
Fridge,20,16,6,7,0.0,0.4,0.4129166666666668
Fridge,21,16,6,7,0.21,0.0,0.3804166666666668
Fridge,22,16,6,7,0.0,0.21,0.3362500000000001
Fridge,23,16,6,7,0.34,0.0,0.3387500000000001
Fridge,0,17,0,7,0.74,0.34,0.35041666666666677
Fridge,1,17,0,7,1.47,0.74,0.33833333333333343
Fridge,2,17,0,7,0.0,1.47,0.3475000000000001
Fridge,3,17,0,7,0.66,0.0,0.33291666666666675
Fridge,4,17,0,7,0.0,0.66,0.31041666666666673
Fridge,5,17,0,7,0.0,0.0,0.2995833333333334
Fridge,6,17,0,7,0.0,0.0,0.3050000000000001
Fridge,7,17,0,7,0.13,0.0,0.29083333333333344
Fridge,8,17,0,7,0.0,0.13,0.3250000000000001
Fridge,9,17,0,7,0.97,0.0,0.3387500000000001
Fridge,10,17,0,7,0.45,0.97,0.3150000000000001
Fridge,11,17,0,7,0.0,0.45,0.3133333333333334
Fridge,12,17,0,7,0.31,0.0,0.33208333333333345
Fridge,13,17,0,7,0.8999999999999999,0.31,0.31208333333333343
Fridge,14,17,0,7,0.22,0.8999999999999999,0.3225000000000001
Fridge,15,17,0,7,0.79,0.22,0.32250000000000006
Fridge,16,17,0,7,0.0,0.79,0.3595833333333334
Fridge,17,17,0,7,0.89,0.0,0.37041666666666667
Fridge,18,17,0,7,0.41,0.89,0.3791666666666668
Fridge,19,17,0,7,0.61,0.41,0.3858333333333335
Fridge,20,17,0,7,0.16,0.61,0.37708333333333344
Fridge,21,17,0,7,0.0,0.16,0.3837500000000001
Fridge,22,17,0,7,0.16,0.0,0.39791666666666675
Fridge,23,17,0,7,0.6799999999999999,0.16,0.38250000000000006
Fridge,0,18,1,7,0.37,0.6799999999999999,0.3212500000000001
Fridge,1,18,1,7,0.0,0.37,0.33291666666666675
Fridge,2,18,1,7,0.28,0.0,0.3054166666666667
Fridge,3,18,1,7,0.0,0.28,0.31208333333333343
Fridge,4,18,1,7,0.16,0.0,0.3479166666666667
Fridge,5,18,1,7,0.86,0.16,0.3800000000000001
Fridge,6,18,1,7,0.77,0.86,0.38166666666666677
Fridge,7,18,1,7,0.17,0.77,0.41916666666666674
Fridge,8,18,1,7,0.9,0.17,0.39791666666666675
Fridge,9,18,1,7,0.4599999999999999,0.9,0.3987500000000001
Fridge,10,18,1,7,0.47,0.4599999999999999,0.4283333333333334
Fridge,11,18,1,7,0.71,0.47,0.4658333333333335
Fridge,12,18,1,7,1.21,0.71,0.4425000000000001
Fridge,13,18,1,7,0.34,1.21,0.4333333333333334
Fridge,14,18,1,7,0.0,0.34,0.4004166666666668
Fridge,15,18,1,7,0.0,0.0,0.4004166666666668
Fridge,16,18,1,7,0.0,0.0,0.3791666666666667
Fridge,17,18,1,7,0.38,0.0,0.3808333333333334
Fridge,18,18,1,7,0.45,0.38,0.3858333333333334
Fridge,19,18,1,7,0.73,0.45,0.39750000000000013
Fridge,20,18,1,7,0.44,0.73,0.4104166666666667
Fridge,21,18,1,7,0.31,0.44,0.4195833333333334
Fridge,22,18,1,7,0.38,0.31,0.4120833333333334
Fridge,23,18,1,7,0.5,0.38,0.3966666666666668
Fridge,0,19,2,7,0.0,0.5,0.4033333333333335
Fridge,1,19,2,7,0.16,0.0,0.3916666666666668
Fridge,2,19,2,7,0.0,0.16,0.4333333333333334
Fridge,3,19,2,7,1.0,0.0,0.4333333333333334
Fridge,4,19,2,7,0.16,1.0,0.39750000000000013
Fridge,5,19,2,7,0.0,0.16,0.3654166666666668
Fridge,6,19,2,7,0.0,0.0,0.3775000000000001
Fridge,7,19,2,7,0.4599999999999999,0.0,0.3400000000000001
Fridge,8,19,2,7,0.0,0.4599999999999999,0.33291666666666675
Fridge,9,19,2,7,0.29,0.0,0.3266666666666667
Fridge,10,19,2,7,0.32,0.29,0.33708333333333346
Fridge,11,19,2,7,0.96,0.32,0.3270833333333334
Fridge,12,19,2,7,0.97,0.96,0.31291666666666673
Fridge,13,19,2,7,0.0,0.97,0.31291666666666673
Fridge,14,19,2,7,0.0,0.0,0.31291666666666673
Fridge,15,19,2,7,0.0,0.0,0.32041666666666674
Fridge,16,19,2,7,0.18,0.0,0.31250000000000006
Fridge,17,19,2,7,0.19,0.18,0.30416666666666675
Fridge,18,19,2,7,0.25,0.19,0.31041666666666673
Fridge,19,19,2,7,0.88,0.25,0.2920833333333334
Fridge,20,19,2,7,0.0,0.88,0.2933333333333334
Fridge,21,19,2,7,0.34,0.0,0.2945833333333334
Fridge,22,19,2,7,0.41,0.34,0.3237500000000001
Fridge,23,19,2,7,1.2,0.41,0.3408333333333334
Fridge,0,20,3,7,0.41,1.2,0.3708333333333334
Fridge,1,20,3,7,0.88,0.41,0.3820833333333334
Fridge,2,20,3,7,0.27,0.88,0.35166666666666674
Fridge,3,20,3,7,0.27,0.27,0.34500000000000003
Fridge,4,20,3,7,0.0,0.27,0.34500000000000003
Fridge,5,20,3,7,0.0,0.0,0.34500000000000003
Fridge,6,20,3,7,0.0,0.0,0.3604166666666668
Fridge,7,20,3,7,0.8300000000000001,0.0,0.38166666666666677
Fridge,8,20,3,7,0.51,0.8300000000000001,0.3829166666666668
Fridge,9,20,3,7,0.32,0.51,0.36958333333333343
Fridge,10,20,3,7,0.0,0.32,0.32958333333333345
Fridge,11,20,3,7,0.0,0.0,0.3000000000000001
Fridge,12,20,3,7,0.26,0.0,0.3137500000000001
Fridge,13,20,3,7,0.33,0.26,0.3608333333333334
Fridge,14,20,3,7,1.13,0.33,0.38708333333333345
Fridge,15,20,3,7,0.6300000000000001,1.13,0.37958333333333344
Fridge,16,20,3,7,0.0,0.6300000000000001,0.4016666666666668
Fridge,17,20,3,7,0.72,0.0,0.3912500000000001
Fridge,18,20,3,7,0.0,0.72,0.3675000000000001
Fridge,19,20,3,7,0.31,0.0,0.39625000000000005
Fridge,20,20,3,7,0.69,0.31,0.3820833333333334
Fridge,21,20,3,7,0.0,0.69,0.3795833333333334
Fridge,22,20,3,7,0.35,0.0,0.3400000000000001
Fridge,23,20,3,7,0.25,0.35,0.3229166666666668
Fridge,0,21,4,7,0.0,0.25,0.29416666666666674
Fridge,1,21,4,7,0.19,0.0,0.28291666666666676
Fridge,2,21,4,7,0.0,0.19,0.2716666666666667
Fridge,3,21,4,7,0.0,0.0,0.2716666666666667
Fridge,4,21,4,7,0.0,0.0,0.29125000000000006
Fridge,5,21,4,7,0.47,0.0,0.3050000000000001
Fridge,6,21,4,7,0.33,0.47,0.2945833333333334
Fridge,7,21,4,7,0.58,0.33,0.28083333333333343
Fridge,8,21,4,7,0.18,0.58,0.2787500000000001
Fridge,9,21,4,7,0.27,0.18,0.28333333333333344
Fridge,10,21,4,7,0.11,0.27,0.28333333333333344
Fridge,11,21,4,7,0.0,0.11,0.2725000000000001
Fridge,12,21,4,7,0.0,0.0,0.2745833333333334
Fridge,13,21,4,7,0.38,0.0,0.22750000000000012
Fridge,14,21,4,7,0.0,0.38,0.20875000000000007
Fridge,15,21,4,7,0.18,0.0,0.21541666666666673
Fridge,16,21,4,7,0.16,0.18,0.2000000000000001
Fridge,17,21,4,7,0.35,0.16,0.2125000000000001
Fridge,18,21,4,7,0.3,0.35,0.24458333333333346
Fridge,19,21,4,7,1.08,0.3,0.21583333333333343
Fridge,20,21,4,7,0.0,1.08,0.23666666666666678
Fridge,21,21,4,7,0.5,0.0,0.2312500000000001
Fridge,22,21,4,7,0.22,0.5,0.27208333333333345
Fridge,23,21,4,7,1.23,0.22,0.29625000000000007
Fridge,0,22,5,7,0.58,1.23,0.3087500000000001
Fridge,1,22,5,7,0.49,0.58,0.31708333333333344
Fridge,2,22,5,7,0.2,0.49,0.31708333333333344
Fridge,3,22,5,7,0.0,0.2,0.34041666666666676
Fridge,4,22,5,7,0.5599999999999999,0.0,0.3312500000000001
Fridge,5,22,5,7,0.25,0.5599999999999999,0.3308333333333334
Fridge,6,22,5,7,0.32,0.25,0.3200000000000001
Fridge,7,22,5,7,0.32,0.32,0.3300000000000001
Fridge,8,22,5,7,0.42,0.32,0.33375000000000005
Fridge,9,22,5,7,0.36,0.42,0.3500000000000001
Fridge,10,22,5,7,0.5,0.36,0.37416666666666676
Fridge,11,22,5,7,0.58,0.5,0.41916666666666674
Fridge,12,22,5,7,1.08,0.58,0.4312500000000001
Fridge,13,22,5,7,0.6699999999999999,1.08,0.4508333333333334
Fridge,14,22,5,7,0.47,0.6699999999999999,0.4545833333333334
Fridge,15,22,5,7,0.27,0.47,0.46875000000000006
Fridge,16,22,5,7,0.5,0.27,0.4879166666666668
Fridge,17,22,5,7,0.81,0.5,0.47541666666666677
Fridge,18,22,5,7,0.0,0.81,0.46916666666666673
Fridge,19,22,5,7,0.93,0.0,0.5054166666666667
Fridge,20,22,5,7,0.87,0.93,0.48458333333333337
Fridge,21,22,5,7,0.0,0.87,0.4950000000000001
Fridge,22,22,5,7,0.47,0.0,0.4725000000000001
Fridge,23,22,5,7,0.69,0.47,0.4483333333333334
Fridge,0,23,6,7,0.0,0.69,0.4433333333333334
Fridge,1,23,6,7,0.37,0.0,0.4350000000000001
Fridge,2,23,6,7,0.0,0.37,0.4508333333333334
Fridge,3,23,6,7,0.38,0.0,0.42750000000000005
Fridge,4,23,6,7,0.0,0.38,0.43500000000000005
Fridge,5,23,6,7,0.43,0.0,0.4216666666666667
Fridge,6,23,6,7,0.0,0.43,0.45250000000000007
Fridge,7,23,6,7,1.06,0.0,0.43500000000000005
Fridge,8,23,6,7,0.0,1.06,0.42916666666666675
Fridge,9,23,6,7,0.22,0.0,0.4195833333333334
Fridge,10,23,6,7,0.27,0.22,0.4320833333333334
Fridge,11,23,6,7,0.88,0.27,0.4087500000000001
Fridge,12,23,6,7,0.52,0.88,0.4012500000000001
Fridge,13,23,6,7,0.49,0.52,0.43916666666666676
Fridge,14,23,6,7,1.38,0.49,0.4279166666666667
Fridge,15,23,6,7,0.0,1.38,0.44041666666666673
Fridge,16,23,6,7,0.8,0.0,0.41291666666666665
Fridge,17,23,6,7,0.15,0.8,0.4308333333333334
Fridge,18,23,6,7,0.43,0.15,0.3920833333333334
Fridge,19,23,6,7,0.0,0.43,0.37333333333333346
Fridge,20,23,6,7,0.42,0.0,0.37333333333333346
Fridge,21,23,6,7,0.0,0.42,0.36333333333333334
Fridge,22,23,6,7,0.23,0.0,0.3345833333333334
Fridge,23,23,6,7,0.0,0.23,0.3345833333333334
Fridge,0,24,0,7,0.0,0.0,0.34208333333333335
Fridge,1,24,0,7,0.55,0.0,0.35041666666666677
Fridge,2,24,0,7,0.2,0.55,0.3345833333333334
Fridge,3,24,0,7,0.0,0.2,0.35333333333333333
Fridge,4,24,0,7,0.45,0.0,0.3558333333333334
Fridge,5,24,0,7,0.49,0.45,0.3720833333333334
Fridge,6,24,0,7,0.39,0.49,0.32791666666666675
Fridge,7,24,0,7,0.0,0.39,0.33291666666666675
Fridge,8,24,0,7,0.12,0.0,0.3308333333333334
Fridge,9,24,0,7,0.17,0.12,0.33916666666666667
Fridge,10,24,0,7,0.47,0.17,0.3116666666666667
Fridge,11,24,0,7,0.22,0.47,0.2900000000000001
Fridge,12,24,0,7,0.0,0.22,0.31166666666666676
Fridge,13,24,0,7,1.01,0.0,0.2850000000000001
Fridge,14,24,0,7,0.74,1.01,0.2983333333333334
Fridge,15,24,0,7,0.32,0.74,0.2708333333333334
Fridge,16,24,0,7,0.14,0.32,0.2725000000000001
Fridge,17,24,0,7,0.19,0.14,0.2837500000000001
Fridge,18,24,0,7,0.7,0.19,0.2837500000000001
Fridge,19,24,0,7,0.0,0.7,0.2833333333333334
Fridge,20,24,0,7,0.41,0.0,0.3162500000000001
Fridge,21,24,0,7,0.79,0.41,0.3170833333333334
Fridge,22,24,0,7,0.25,0.79,0.32750000000000007
Fridge,23,24,0,7,0.25,0.25,0.3679166666666667
Fridge,0,25,1,7,0.97,0.25,0.36166666666666675
Fridge,1,25,1,7,0.4,0.97,0.3637500000000001
Fridge,2,25,1,7,0.25,0.4,0.40583333333333343
Fridge,3,25,1,7,1.01,0.25,0.39458333333333345
Fridge,4,25,1,7,0.18,1.01,0.37416666666666676
Fridge,5,25,1,7,0.0,0.18,0.3579166666666667
Fridge,6,25,1,7,0.0,0.0,0.3804166666666667
Fridge,7,25,1,7,0.54,0.0,0.3829166666666668
Fridge,8,25,1,7,0.18,0.54,0.3916666666666668
Fridge,9,25,1,7,0.38,0.18,0.38625000000000004
Fridge,10,25,1,7,0.34,0.38,0.3879166666666667
Fridge,11,25,1,7,0.26,0.34,0.4095833333333334
Fridge,12,25,1,7,0.52,0.26,0.3675000000000001
Fridge,13,25,1,7,0.0,0.52,0.3558333333333334
Fridge,14,25,1,7,0.46,0.0,0.35208333333333347
Fridge,15,25,1,7,0.23,0.46,0.3837500000000001
Fridge,16,25,1,7,0.9,0.23,0.3933333333333335
Fridge,17,25,1,7,0.42,0.9,0.38333333333333336
Fridge,18,25,1,7,0.46,0.42,0.38333333333333336
Fridge,19,25,1,7,0.0,0.46,0.37458333333333343
Fridge,20,25,1,7,0.2,0.0,0.35333333333333344
Fridge,21,25,1,7,0.28,0.2,0.36625000000000013
Fridge,22,25,1,7,0.56,0.28,0.35583333333333345
Fridge,23,25,1,7,0.0,0.56,0.31541666666666673
Fridge,0,26,2,7,0.0,0.0,0.29875000000000007
Fridge,1,26,2,7,0.0,0.0,0.3112500000000001
Fridge,2,26,2,7,0.55,0.0,0.2766666666666668
Fridge,3,26,2,7,0.18,0.55,0.2870833333333334
Fridge,4,26,2,7,0.43,0.18,0.35166666666666674
Fridge,5,26,2,7,1.55,0.43,0.3708333333333334
Fridge,6,26,2,7,0.46,1.55,0.34833333333333344
Fridge,7,26,2,7,0.0,0.46,0.3579166666666667
Fridge,8,26,2,7,0.41,0.0,0.34208333333333346
Fridge,9,26,2,7,0.0,0.41,0.32791666666666675
Fridge,10,26,2,7,0.0,0.0,0.3220833333333334
Fridge,11,26,2,7,0.12,0.0,0.30958333333333343
Fridge,12,26,2,7,0.22,0.12,0.3137500000000001
Fridge,13,26,2,7,0.1,0.22,0.30666666666666675
Fridge,14,26,2,7,0.29,0.1,0.3270833333333334
Fridge,15,26,2,7,0.72,0.29,0.2970833333333334
Fridge,16,26,2,7,0.18,0.72,0.2795833333333334
Fridge,17,26,2,7,0.0,0.18,0.28625000000000006
Fridge,18,26,2,7,0.62,0.0,0.2908333333333334
Fridge,19,26,2,7,0.11,0.62,0.3058333333333334
Fridge,20,26,2,7,0.56,0.11,0.31916666666666677
Fridge,21,26,2,7,0.6,0.56,0.32125000000000004
Fridge,22,26,2,7,0.61,0.6,0.32125000000000004
Fridge,23,26,2,7,0.0,0.61,0.35041666666666677
Fridge,0,27,3,7,0.7000000000000001,0.0,0.3975
Fridge,1,27,3,7,1.13,0.7000000000000001,0.39458333333333345
Fridge,2,27,3,7,0.48,1.13,0.4025
Fridge,3,27,3,7,0.37,0.48,0.38458333333333333
Fridge,4,27,3,7,0.0,0.37,0.3395833333333334
Fridge,5,27,3,7,0.47,0.0,0.3341666666666667
Fridge,6,27,3,7,0.33,0.47,0.3479166666666667
Fridge,7,27,3,7,0.33,0.33,0.3308333333333334
Fridge,8,27,3,7,0.0,0.33,0.3308333333333334
Fridge,9,27,3,7,0.0,0.0,0.3483333333333334
Fridge,10,27,3,7,0.42,0.0,0.3433333333333333
Fridge,11,27,3,7,0.0,0.42,0.34333333333333343
Fridge,12,27,3,7,0.22,0.0,0.3591666666666668
Fridge,13,27,3,7,0.48,0.22,0.35875000000000007
Fridge,14,27,3,7,0.28,0.48,0.32875000000000004
Fridge,15,27,3,7,0.0,0.28,0.3508333333333334
Fridge,16,27,3,7,0.71,0.0,0.3508333333333334
Fridge,17,27,3,7,0.0,0.71,0.3320833333333334
Fridge,18,27,3,7,0.17,0.0,0.32750000000000007
Fridge,19,27,3,7,0.0,0.17,0.30416666666666675
Fridge,20,27,3,7,0.0,0.0,0.32500000000000007
Fridge,21,27,3,7,1.1,0.0,0.3195833333333334
Fridge,22,27,3,7,0.48,1.1,0.32708333333333345
Fridge,23,27,3,7,0.18,0.48,0.3370833333333334
Fridge,0,28,4,7,0.94,0.18,0.3333333333333334
Fridge,1,28,4,7,1.04,0.94,0.3366666666666667
Fridge,2,28,4,7,0.5599999999999999,1.04,0.33000000000000007
Fridge,3,28,4,7,0.21,0.5599999999999999,0.33000000000000007
Fridge,4,28,4,7,0.0,0.21,0.33041666666666675
Fridge,5,28,4,7,0.48,0.0,0.3166666666666667
Fridge,6,28,4,7,0.0,0.48,0.3295833333333334
Fridge,7,28,4,7,0.64,0.0,0.3295833333333334
Fridge,8,28,4,7,0.0,0.64,0.3295833333333334
Fridge,9,28,4,7,0.0,0.0,0.33041666666666675
Fridge,10,28,4,7,0.44,0.0,0.3370833333333334
Fridge,11,28,4,7,0.16,0.44,0.32791666666666675
Fridge,12,28,4,7,0.0,0.16,0.3079166666666667
Fridge,13,28,4,7,0.0,0.0,0.3087500000000001
Fridge,14,28,4,7,0.3,0.0,0.3087500000000001
Fridge,15,28,4,7,0.0,0.3,0.30958333333333343
Fridge,16,28,4,7,0.73,0.0,0.30958333333333343
Fridge,17,28,4,7,0.0,0.73,0.3025000000000001
Fridge,18,28,4,7,0.0,0.0,0.34125000000000005
Fridge,19,28,4,7,0.93,0.0,0.34125000000000005
Fridge,20,28,4,7,0.0,0.93,0.32750000000000007
Fridge,21,28,4,7,0.77,0.0,0.3341666666666667
Fridge,22,28,4,7,0.64,0.77,0.3266666666666667
Fridge,23,28,4,7,0.0,0.64,0.3062500000000001
Fridge,0,29,5,7,0.45,0.0,0.29625000000000007
Fridge,1,29,5,7,0.8,0.45,0.29166666666666674
Fridge,2,29,5,7,0.45,0.8,0.3187500000000001
Fridge,3,29,5,7,0.86,0.45,0.3483333333333334
Fridge,4,29,5,7,0.71,0.86,0.3283333333333334
Fridge,5,29,5,7,0.0,0.71,0.34333333333333343
Fridge,6,29,5,7,0.36,0.0,0.3166666666666667
Fridge,7,29,5,7,0.0,0.36,0.32291666666666674
Fridge,8,29,5,7,0.15,0.0,0.32291666666666674
Fridge,9,29,5,7,0.0,0.15,0.31041666666666673
Fridge,10,29,5,7,0.14,0.0,0.34875000000000006
Fridge,11,29,5,7,1.08,0.14,0.36166666666666675
Fridge,12,29,5,7,0.31,1.08,0.4008333333333334
Fridge,13,29,5,7,0.94,0.31,0.4083333333333334
Fridge,14,29,5,7,0.48,0.94,0.4083333333333334
Fridge,15,29,5,7,0.0,0.48,0.4137500000000001
Fridge,16,29,5,7,0.8600000000000001,0.0,0.4425000000000001
Fridge,17,29,5,7,0.69,0.8600000000000001,0.44916666666666677
Fridge,18,29,5,7,0.16,0.69,0.4104166666666667
Fridge,19,29,5,7,0.0,0.16,0.43250000000000005
Fridge,20,29,5,7,0.53,0.0,0.4004166666666667
Fridge,21,29,5,7,0.0,0.53,0.3737500000000001
Fridge,22,29,5,7,0.0,0.0,0.38166666666666677
Fridge,23,29,5,7,0.19,0.0,0.3791666666666667
Fridge,0,30,6,7,0.39,0.19,0.3458333333333334
Fridge,1,30,6,7,0.0,0.39,0.335
Fridge,2,30,6,7,0.19,0.0,0.29916666666666675
Fridge,3,30,6,7,0.0,0.19,0.2862500000000001
Fridge,4,30,6,7,0.4,0.0,0.30083333333333345
Fridge,5,30,6,7,0.35,0.4,0.28583333333333344
Fridge,6,30,6,7,0.0,0.35,0.28583333333333344
Fridge,7,30,6,7,0.0,0.0,0.29250000000000004
Fridge,8,30,6,7,0.31,0.0,0.3050000000000001
Fridge,9,30,6,7,0.3,0.31,0.3262500000000001
Fridge,10,30,6,7,0.65,0.3,0.29916666666666675
Fridge,11,30,6,7,0.43,0.65,0.30708333333333343
Fridge,12,30,6,7,0.5,0.43,0.2875000000000001
Fridge,13,30,6,7,0.47,0.5,0.2958333333333334
Fridge,14,30,6,7,0.6799999999999999,0.47,0.3062500000000001
Fridge,15,30,6,7,0.25,0.6799999999999999,0.28916666666666674
Fridge,16,30,6,7,0.45,0.25,0.26041666666666674
Fridge,17,30,6,7,0.0,0.45,0.26041666666666674
Fridge,18,30,6,7,0.16,0.0,0.26041666666666674
Fridge,19,30,6,7,0.0,0.16,0.23833333333333342
Fridge,20,30,6,7,0.0,0.0,0.2495833333333334
Fridge,21,30,6,7,0.27,0.0,0.2641666666666667
Fridge,22,30,6,7,0.35,0.27,0.2562500000000001
Fridge,23,30,6,7,0.0,0.35,0.24000000000000007
Fridge,0,31,0,7,0.0,0.0,0.24000000000000007
Fridge,1,31,0,7,0.0,0.0,0.23208333333333342
Fridge,2,31,0,7,0.0,0.0,0.2595833333333334
Fridge,3,31,0,7,0.66,0.0,0.24916666666666676
Fridge,4,31,0,7,0.15,0.66,0.24791666666666676
Fridge,5,31,0,7,0.32,0.15,0.24791666666666676
Fridge,6,31,0,7,0.0,0.32,0.2770833333333334
Fridge,7,31,0,7,0.7,0.0,0.2641666666666667
Fridge,8,31,0,7,0.0,0.7,0.2516666666666667
Fridge,9,31,0,7,0.0,0.0,0.22458333333333338
Fridge,10,31,0,7,0.0,0.0,0.23250000000000007
Fridge,11,31,0,7,0.62,0.0,0.2312500000000001
Fridge,12,31,0,7,0.47,0.62,0.21166666666666675
Fridge,13,31,0,7,0.0,0.47,0.18333333333333343
Fridge,14,31,0,7,0.0,0.0,0.2075000000000001
Fridge,15,31,0,7,0.8300000000000001,0.0,0.2445833333333334
Fridge,16,31,0,7,1.34,0.8300000000000001,0.2445833333333334
Fridge,17,31,0,7,0.0,1.34,0.23791666666666675
Fridge,18,31,0,7,0.0,0.0,0.23791666666666675
Fridge,19,31,0,7,0.0,0.0,0.24916666666666673
Fridge,20,31,0,7,0.27,0.0,0.2495833333333334
Fridge,21,31,0,7,0.28,0.27,0.25208333333333344
Fridge,22,31,0,7,0.41,0.28,0.25208333333333344
Fridge,23,31,0,7,0.0,0.41,0.28083333333333343
Fridge,0,1,1,8,0.69,0.0,0.29083333333333344
Fridge,1,1,1,8,0.24,0.69,0.32791666666666675
Fridge,2,1,1,8,0.89,0.24,0.3387500000000001
Fridge,3,1,1,8,0.92,0.89,0.35166666666666674
Fridge,4,1,1,8,0.46,0.92,0.3604166666666668
Fridge,5,1,1,8,0.53,0.46,0.3883333333333334
Fridge,6,1,1,8,0.6699999999999999,0.53,0.3804166666666668
Fridge,7,1,1,8,0.51,0.6699999999999999,0.40083333333333343
Fridge,8,1,1,8,0.49,0.51,0.40791666666666676
Fridge,9,1,1,8,0.17,0.49,0.40791666666666676
Fridge,10,1,1,8,0.0,0.17,0.40625000000000006
Fridge,11,1,1,8,0.58,0.0,0.40708333333333346
Fridge,12,1,1,8,0.49,0.58,0.4333333333333334
Fridge,13,1,1,8,0.63,0.49,0.4333333333333334
Fridge,14,1,1,8,0.0,0.63,0.3987500000000001
Fridge,15,1,1,8,0.0,0.0,0.3495833333333334
Fridge,16,1,1,8,0.16,0.0,0.36958333333333343
Fridge,17,1,1,8,0.48,0.16,0.3783333333333334
Fridge,18,1,1,8,0.21,0.48,0.3875000000000001
Fridge,19,1,1,8,0.22,0.21,0.4095833333333334
Fridge,20,1,1,8,0.8,0.22,0.45541666666666675
Fridge,21,1,1,8,1.38,0.8,0.46375000000000005
Fridge,22,1,1,8,0.61,1.38,0.46375000000000005
Fridge,23,1,1,8,0.0,0.61,0.46666666666666673
Fridge,0,2,2,8,0.76,0.0,0.4733333333333334
Fridge,1,2,2,8,0.4,0.76,0.4675
Fridge,2,2,2,8,0.75,0.4,0.4291666666666667
Fridge,3,2,2,8,0.0,0.75,0.4525000000000001
Fridge,4,2,2,8,1.02,0.0,0.44875000000000004
Fridge,5,2,2,8,0.44,1.02,0.43500000000000005
Fridge,6,2,2,8,0.34,0.44,0.4270833333333334
Fridge,7,2,2,8,0.32,0.34,0.43875000000000003
Fridge,8,2,2,8,0.77,0.32,0.44333333333333336
Fridge,9,2,2,8,0.28,0.77,0.45250000000000007
Fridge,10,2,2,8,0.22,0.28,0.4283333333333334
Fridge,11,2,2,8,0.0,0.22,0.44583333333333347
Fridge,12,2,2,8,0.91,0.0,0.4195833333333334
Fridge,13,2,2,8,0.0,0.91,0.4195833333333334
Fridge,14,2,2,8,0.0,0.0,0.4658333333333334
Fridge,15,2,2,8,1.11,0.0,0.4591666666666667
Fridge,16,2,2,8,0.0,1.11,0.4391666666666667
Fridge,17,2,2,8,0.0,0.0,0.4620833333333334
Fridge,18,2,2,8,0.76,0.0,0.5000000000000001
Fridge,19,2,2,8,1.13,0.76,0.4666666666666668
Fridge,20,2,2,8,0.0,1.13,0.40916666666666673
Fridge,21,2,2,8,0.0,0.0,0.3837500000000001
Fridge,22,2,2,8,0.0,0.0,0.39541666666666675
Fridge,23,2,2,8,0.28,0.0,0.37583333333333346
Fridge,0,3,3,8,0.29,0.28,0.37458333333333343
Fridge,1,3,3,8,0.37,0.29,0.35500000000000015
Fridge,2,3,3,8,0.28,0.37,0.38791666666666674
Fridge,3,3,3,8,0.79,0.28,0.34541666666666676
Fridge,4,3,3,8,0.0,0.79,0.3270833333333334
Fridge,5,3,3,8,0.0,0.0,0.31291666666666673
Fridge,6,3,3,8,0.0,0.0,0.3158333333333334
Fridge,7,3,3,8,0.39,0.0,0.3283333333333334
Fridge,8,3,3,8,1.0699999999999998,0.39,0.3320833333333334
Fridge,9,3,3,8,0.37,1.0699999999999998,0.32291666666666674
Fridge,10,3,3,8,0.0,0.37,0.3320833333333334
Fridge,11,3,3,8,0.22,0.0,0.32083333333333336
Fridge,12,3,3,8,0.64,0.22,0.34500000000000003
Fridge,13,3,3,8,0.5800000000000001,0.64,0.34500000000000003
Fridge,14,3,3,8,0.0,0.5800000000000001,0.3408333333333334
Fridge,15,3,3,8,1.01,0.0,0.3408333333333334
Fridge,16,3,3,8,0.0,1.01,0.3587500000000001
Fridge,17,3,3,8,0.43,0.0,0.3270833333333334
Fridge,18,3,3,8,0.0,0.43,0.2800000000000001
Fridge,19,3,3,8,0.0,0.0,0.3087500000000001
Fridge,20,3,3,8,0.69,0.0,0.3316666666666667
Fridge,21,3,3,8,0.55,0.69,0.35500000000000004
Fridge,22,3,3,8,0.56,0.55,0.36583333333333345
Fridge,23,3,3,8,0.54,0.56,0.35375000000000006
Fridge,0,4,4,8,0.0,0.54,0.34291666666666676
Fridge,1,4,4,8,0.11,0.0,0.34041666666666676
Fridge,2,4,4,8,0.22,0.11,0.30750000000000005
Fridge,3,4,4,8,0.0,0.22,0.3133333333333334
Fridge,4,4,4,8,0.14,0.0,0.35416666666666674
Fridge,5,4,4,8,0.98,0.14,0.35416666666666674
Fridge,6,4,4,8,0.0,0.98,0.3379166666666667
Fridge,7,4,4,8,0.0,0.0,0.2933333333333334
Fridge,8,4,4,8,0.0,0.0,0.27791666666666676
Fridge,9,4,4,8,0.0,0.0,0.3008333333333334
Fridge,10,4,4,8,0.55,0.0,0.3058333333333334
Fridge,11,4,4,8,0.34,0.55,0.29875000000000007
Fridge,12,4,4,8,0.47,0.34,0.2745833333333334
Fridge,13,4,4,8,0.0,0.47,0.3095833333333334
Fridge,14,4,4,8,0.8400000000000001,0.0,0.2825000000000001
Fridge,15,4,4,8,0.36,0.8400000000000001,0.2825000000000001
Fridge,16,4,4,8,0.0,0.36,0.28625000000000006
Fridge,17,4,4,8,0.52,0.0,0.2920833333333334
Fridge,18,4,4,8,0.14,0.52,0.2920833333333334
Fridge,19,4,4,8,0.0,0.14,0.2675000000000001
Fridge,20,4,4,8,0.1,0.0,0.2583333333333334
Fridge,21,4,4,8,0.33,0.1,0.24666666666666678
Fridge,22,4,4,8,0.28,0.33,0.22416666666666676
Fridge,23,4,4,8,0.0,0.28,0.25958333333333344
Fridge,0,5,5,8,0.85,0.0,0.30250000000000005
Fridge,1,5,5,8,1.14,0.85,0.30458333333333343
Fridge,2,5,5,8,0.27,1.14,0.31416666666666676
Fridge,3,5,5,8,0.23,0.27,0.3083333333333334
Fridge,4,5,5,8,0.0,0.23,0.2800000000000001
Fridge,5,5,5,8,0.3,0.0,0.2995833333333334
Fridge,6,5,5,8,0.47,0.3,0.3108333333333334
Fridge,7,5,5,8,0.27,0.47,0.32791666666666675
Fridge,8,5,5,8,0.41,0.27,0.3554166666666667
Fridge,9,5,5,8,0.66,0.41,0.3325000000000001
Fridge,10,5,5,8,0.0,0.66,0.3183333333333334
Fridge,11,5,5,8,0.0,0.0,0.32041666666666674
Fridge,12,5,5,8,0.52,0.0,0.32041666666666674
Fridge,13,5,5,8,0.0,0.52,0.2854166666666667
Fridge,14,5,5,8,0.0,0.0,0.28166666666666673
Fridge,15,5,5,8,0.27,0.0,0.28166666666666673
Fridge,16,5,5,8,0.0,0.27,0.2725000000000001
Fridge,17,5,5,8,0.3,0.0,0.27583333333333343
Fridge,18,5,5,8,0.22,0.3,0.29458333333333336
Fridge,19,5,5,8,0.45,0.22,0.2904166666666667
Fridge,20,5,5,8,0.0,0.45,0.29250000000000004
Fridge,21,5,5,8,0.38,0.0,0.3008333333333334
Fridge,22,5,5,8,0.48,0.38,0.3008333333333334
Fridge,23,5,5,8,0.0,0.48,0.3150000000000001
Fridge,0,6,6,8,1.19,0.0,0.2850000000000001
Fridge,1,6,6,8,0.42,1.19,0.2945833333333334
Fridge,2,6,6,8,0.5,0.42,0.30083333333333345
Fridge,3,6,6,8,0.38,0.5,0.30083333333333345
Fridge,4,6,6,8,0.0,0.38,0.2883333333333334
Fridge,5,6,6,8,0.0,0.0,0.28625000000000006
Fridge,6,6,6,8,0.42,0.0,0.29166666666666674
Fridge,7,6,6,8,0.4,0.42,0.2945833333333334
Fridge,8,6,6,8,0.48,0.4,0.27916666666666673
Fridge,9,6,6,8,0.29,0.48,0.27916666666666673
Fridge,10,6,6,8,0.0,0.29,0.27916666666666673
Fridge,11,6,6,8,0.0,0.0,0.2745833333333334
Fridge,12,6,6,8,0.41,0.0,0.29125000000000006
Fridge,13,6,6,8,0.4,0.41,0.29125000000000006
Fridge,14,6,6,8,0.0,0.4,0.29083333333333344
Fridge,15,6,6,8,0.26,0.0,0.29083333333333344
Fridge,16,6,6,8,0.0,0.26,0.3137500000000001
Fridge,17,6,6,8,0.85,0.0,0.3495833333333334
Fridge,18,6,6,8,1.08,0.85,0.37458333333333343
Fridge,19,6,6,8,1.05,1.08,0.3820833333333334
Fridge,20,6,6,8,0.18,1.05,0.3975
Fridge,21,6,6,8,0.75,0.18,0.3775000000000001
Fridge,22,6,6,8,0.0,0.75,0.38625000000000015
Fridge,23,6,6,8,0.21,0.0,0.3591666666666667
Fridge,0,7,0,8,0.54,0.21,0.34166666666666673
Fridge,1,7,0,8,0.0,0.54,0.32083333333333336
Fridge,2,7,0,8,0.0,0.0,0.3050000000000001
Fridge,3,7,0,8,0.0,0.0,0.3050000000000001
Fridge,4,7,0,8,0.0,0.0,0.35375000000000006
Fridge,5,7,0,8,1.17,0.0,0.3362500000000001
Fridge,6,7,0,8,0.0,1.17,0.3387500000000001
Fridge,7,7,0,8,0.46,0.0,0.3783333333333334
Fridge,8,7,0,8,1.43,0.46,0.38166666666666677
Fridge,9,7,0,8,0.37,1.43,0.41083333333333344
Fridge,10,7,0,8,0.7,0.37,0.41083333333333344
Fridge,11,7,0,8,0.0,0.7,0.4037500000000001
Fridge,12,7,0,8,0.24,0.0,0.38708333333333345
Fridge,13,7,0,8,0.0,0.24,0.4200000000000001
Fridge,14,7,0,8,0.79,0.0,0.41458333333333347
Fridge,15,7,0,8,0.13,0.79,0.4429166666666668
Fridge,16,7,0,8,0.6799999999999999,0.13,0.40750000000000014
Fridge,17,7,0,8,0.0,0.6799999999999999,0.3625000000000001
Fridge,18,7,0,8,0.0,0.0,0.33000000000000007
Fridge,19,7,0,8,0.27,0.0,0.32750000000000007
Fridge,20,7,0,8,0.12,0.27,0.3091666666666667
Fridge,21,7,0,8,0.31,0.12,0.3266666666666667
Fridge,22,7,0,8,0.42,0.31,0.3179166666666667
Fridge,23,7,0,8,0.0,0.42,0.32166666666666677
Fridge,0,8,1,8,0.63,0.0,0.32166666666666677
Fridge,1,8,1,8,0.0,0.63,0.33375000000000005
Fridge,2,8,1,8,0.29,0.0,0.33375000000000005
Fridge,3,8,1,8,0.0,0.29,0.3395833333333334
Fridge,4,8,1,8,0.14,0.0,0.29083333333333344
Fridge,5,8,1,8,0.0,0.14,0.29083333333333344
Fridge,6,8,1,8,0.0,0.0,0.2783333333333334
Fridge,7,8,1,8,0.16,0.0,0.24916666666666673
Fridge,8,8,1,8,0.73,0.16,0.24958333333333338
Fridge,9,8,1,8,0.38,0.73,0.22041666666666673
Fridge,10,8,1,8,0.0,0.38,0.22041666666666673
Fridge,11,8,1,8,0.0,0.0,0.2208333333333334
Fridge,12,8,1,8,0.25,0.0,0.2208333333333334
Fridge,13,8,1,8,0.0,0.25,0.18791666666666673
Fridge,14,8,1,8,0.0,0.0,0.19791666666666674
Fridge,15,8,1,8,0.37,0.0,0.17583333333333342
Fridge,16,8,1,8,0.15,0.37,0.17583333333333342
Fridge,17,8,1,8,0.0,0.15,0.20291666666666675
Fridge,18,8,1,8,0.65,0.0,0.19166666666666674
Fridge,19,8,1,8,0.0,0.65,0.2158333333333334
Fridge,20,8,1,8,0.7,0.0,0.2175000000000001
Fridge,21,8,1,8,0.35,0.7,0.23625000000000007
Fridge,22,8,1,8,0.87,0.35,0.25666666666666677
Fridge,23,8,1,8,0.49,0.87,0.2516666666666667
Fridge,0,9,2,8,0.51,0.49,0.25833333333333336
Fridge,1,9,2,8,0.16,0.51,0.2641666666666667
Fridge,2,9,2,8,0.43,0.16,0.2850000000000001
Fridge,3,9,2,8,0.5,0.43,0.3158333333333334
Fridge,4,9,2,8,0.88,0.5,0.3158333333333334
Fridge,5,9,2,8,0.0,0.88,0.35375000000000006
Fridge,6,9,2,8,0.91,0.0,0.3470833333333334
Fridge,7,9,2,8,0.0,0.91,0.3166666666666667
Fridge,8,9,2,8,0.0,0.0,0.30083333333333345
Fridge,9,9,2,8,0.0,0.0,0.3237500000000001
Fridge,10,9,2,8,0.55,0.0,0.3237500000000001
Fridge,11,9,2,8,0.0,0.55,0.3545833333333334
Fridge,12,9,2,8,0.99,0.0,0.37166666666666676
Fridge,13,9,2,8,0.41,0.99,0.37166666666666676
Fridge,14,9,2,8,0.0,0.41,0.3870833333333334
Fridge,15,9,2,8,0.74,0.0,0.40666666666666673
Fridge,16,9,2,8,0.62,0.74,0.4425000000000001
Fridge,17,9,2,8,0.86,0.62,0.44500000000000006
Fridge,18,9,2,8,0.71,0.86,0.44500000000000006
Fridge,19,9,2,8,0.0,0.71,0.4412500000000001
Fridge,20,9,2,8,0.61,0.0,0.43708333333333343
Fridge,21,9,2,8,0.25,0.61,0.41583333333333344
Fridge,22,9,2,8,0.36,0.25,0.39541666666666675
Fridge,23,9,2,8,0.0,0.36,0.38791666666666674
Fridge,0,10,3,8,0.3299999999999999,0.0,0.39000000000000007
Fridge,1,10,3,8,0.21,0.3299999999999999,0.3812500000000001
Fridge,2,10,3,8,0.22,0.21,0.3737500000000001
Fridge,3,10,3,8,0.32,0.22,0.34875000000000006
Fridge,4,10,3,8,0.28,0.32,0.36250000000000004
Fridge,5,10,3,8,0.33,0.28,0.3366666666666667
Fridge,6,10,3,8,0.29,0.33,0.3366666666666667
Fridge,7,10,3,8,0.0,0.29,0.3529166666666667
Fridge,8,10,3,8,0.39,0.0,0.3529166666666667
Fridge,9,10,3,8,0.0,0.39,0.3358333333333334
Fridge,10,10,3,8,0.14,0.0,0.34375000000000006
Fridge,11,10,3,8,0.19,0.14,0.30250000000000005
Fridge,12,10,3,8,0.0,0.19,0.2854166666666667
Fridge,13,10,3,8,0.0,0.0,0.3079166666666668
Fridge,14,10,3,8,0.54,0.0,0.29666666666666675
Fridge,15,10,3,8,0.47,0.54,0.27791666666666676
Fridge,16,10,3,8,0.17,0.47,0.2800000000000001
Fridge,17,10,3,8,0.91,0.17,0.25041666666666673
Fridge,18,10,3,8,0.0,0.91,0.25041666666666673
Fridge,19,10,3,8,0.0,0.0,0.2250000000000001
Fridge,20,10,3,8,0.0,0.0,0.22541666666666674
Fridge,21,10,3,8,0.26,0.0,0.2558333333333334
Fridge,22,10,3,8,1.09,0.26,0.28916666666666674
Fridge,23,10,3,8,0.8,1.09,0.2754166666666667
Fridge,0,11,4,8,0.0,0.8,0.2900000000000001
Fridge,1,11,4,8,0.56,0.0,0.28916666666666674
Fridge,2,11,4,8,0.2,0.56,0.2908333333333334
Fridge,3,11,4,8,0.36,0.2,0.2862500000000001
Fridge,4,11,4,8,0.17,0.36,0.27250000000000013
Fridge,5,11,4,8,0.0,0.17,0.2604166666666668
Fridge,6,11,4,8,0.0,0.0,0.2604166666666668
Fridge,7,11,4,8,0.0,0.0,0.2725000000000001
Fridge,8,11,4,8,0.6799999999999999,0.0,0.2725000000000001
Fridge,9,11,4,8,0.0,0.6799999999999999,0.2925000000000001
Fridge,10,11,4,8,0.62,0.0,0.2845833333333334
Fridge,11,11,4,8,0.0,0.62,0.2845833333333334
Fridge,12,11,4,8,0.0,0.0,0.2845833333333334
Fridge,13,11,4,8,0.0,0.0,0.2766666666666668
Fridge,14,11,4,8,0.35,0.0,0.2570833333333334
Fridge,15,11,4,8,0.0,0.35,0.2620833333333334
Fridge,16,11,4,8,0.29,0.0,0.31291666666666673
Fridge,17,11,4,8,2.13,0.29,0.3220833333333334
Fridge,18,11,4,8,0.22,2.13,0.3220833333333334
Fridge,19,11,4,8,0.0,0.22,0.35041666666666677
Fridge,20,11,4,8,0.6799999999999999,0.0,0.3395833333333334
Fridge,21,11,4,8,0.0,0.6799999999999999,0.29416666666666674
Fridge,22,11,4,8,0.0,0.0,0.2704166666666667
Fridge,23,11,4,8,0.23,0.0,0.28291666666666676
Fridge,0,12,5,8,0.3,0.23,0.2595833333333334
Fridge,1,12,5,8,0.0,0.3,0.25125000000000003
Fridge,2,12,5,8,0.0,0.0,0.25791666666666674
Fridge,3,12,5,8,0.52,0.0,0.26791666666666675
Fridge,4,12,5,8,0.41,0.52,0.26791666666666675
Fridge,5,12,5,8,0.0,0.41,0.31000000000000005
Fridge,6,12,5,8,1.01,0.0,0.335
Fridge,7,12,5,8,0.6,1.01,0.32083333333333336
Fridge,8,12,5,8,0.34,0.6,0.32083333333333336
Fridge,9,12,5,8,0.0,0.34,0.29500000000000004
Fridge,10,12,5,8,0.0,0.0,0.32083333333333336
Fridge,11,12,5,8,0.62,0.0,0.3295833333333334
Fridge,12,12,5,8,0.21,0.62,0.3529166666666667
Fridge,13,12,5,8,0.5599999999999999,0.21,0.3383333333333334
Fridge,14,12,5,8,0.0,0.5599999999999999,0.37291666666666673
Fridge,15,12,5,8,0.83,0.0,0.3679166666666667
Fridge,16,12,5,8,0.17,0.83,0.3079166666666667
Fridge,17,12,5,8,0.69,0.17,0.3400000000000001
Fridge,18,12,5,8,0.99,0.69,0.3400000000000001
Fridge,19,12,5,8,0.0,0.99,0.31166666666666676
Fridge,20,12,5,8,0.0,0.0,0.3379166666666668
Fridge,21,12,5,8,0.63,0.0,0.3379166666666668
Fridge,22,12,5,8,0.0,0.63,0.34041666666666676
Fridge,23,12,5,8,0.29,0.0,0.32791666666666675
Fridge,0,13,6,8,0.0,0.29,0.32791666666666675
Fridge,1,13,6,8,0.0,0.0,0.36208333333333337
Fridge,2,13,6,8,0.8200000000000001,0.0,0.36416666666666675
Fridge,3,13,6,8,0.5700000000000001,0.8200000000000001,0.3470833333333334
Fridge,4,13,6,8,0.0,0.5700000000000001,0.36500000000000005
Fridge,5,13,6,8,0.43,0.0,0.3383333333333334
Fridge,6,13,6,8,0.37,0.43,0.3258333333333334
Fridge,7,13,6,8,0.3,0.37,0.31916666666666677
Fridge,8,13,6,8,0.18,0.3,0.33291666666666675
Fridge,9,13,6,8,0.33,0.18,0.33291666666666675
Fridge,10,13,6,8,0.0,0.33,0.30708333333333343
Fridge,11,13,6,8,0.0,0.0,0.3037500000000001
Fridge,12,13,6,8,0.13,0.0,0.31375000000000003
Fridge,13,13,6,8,0.8,0.13,0.31375000000000003
Fridge,14,13,6,8,0.0,0.8,0.28625000000000006
Fridge,15,13,6,8,0.17,0.0,0.27916666666666673
Fridge,16,13,6,8,0.0,0.17,0.2620833333333334
Fridge,17,13,6,8,0.28,0.0,0.23291666666666674
Fridge,18,13,6,8,0.29,0.28,0.24041666666666675
Fridge,19,13,6,8,0.18,0.29,0.2583333333333334
Fridge,20,13,6,8,0.43,0.18,0.2725000000000001
Fridge,21,13,6,8,0.97,0.43,0.2725000000000001
Fridge,22,13,6,8,0.0,0.97,0.26041666666666674
Fridge,23,13,6,8,0.0,0.0,0.2900000000000001
Fridge,0,14,0,8,0.71,0.0,0.31208333333333343
Fridge,1,14,0,8,0.53,0.71,0.27791666666666676
Fridge,2,14,0,8,0.0,0.53,0.2725000000000001
Fridge,3,14,0,8,0.44,0.0,0.27250000000000013
Fridge,4,14,0,8,0.0,0.44,0.25458333333333344
Fridge,5,14,0,8,0.0,0.0,0.23916666666666675
Fridge,6,14,0,8,0.0,0.0,0.28666666666666674
Fridge,7,14,0,8,1.44,0.0,0.28416666666666673
Fridge,8,14,0,8,0.12,1.44,0.27041666666666675
Fridge,9,14,0,8,0.0,0.12,0.2895833333333334
Fridge,10,14,0,8,0.46,0.0,0.31541666666666673
Fridge,11,14,0,8,0.6200000000000001,0.46,0.3100000000000001
Fridge,12,14,0,8,0.0,0.6200000000000001,0.28791666666666677
Fridge,13,14,0,8,0.27,0.0,0.28791666666666677
Fridge,14,14,0,8,0.0,0.27,0.2895833333333334
Fridge,15,14,0,8,0.21,0.0,0.2979166666666667
Fridge,16,14,0,8,0.2,0.21,0.2925000000000001
Fridge,17,14,0,8,0.15,0.2,0.28041666666666676
Fridge,18,14,0,8,0.0,0.15,0.27291666666666675
Fridge,19,14,0,8,0.0,0.0,0.2725000000000001
Fridge,20,14,0,8,0.42,0.0,0.25208333333333344
Fridge,21,14,0,8,0.48,0.42,0.2641666666666667
Fridge,22,14,0,8,0.29,0.48,0.30416666666666675
Fridge,23,14,0,8,0.96,0.29,0.28125000000000006
Fridge,0,15,1,8,0.16,0.96,0.2837500000000001
Fridge,1,15,1,8,0.59,0.16,0.2837500000000001
Fridge,2,15,1,8,0.0,0.59,0.30000000000000004
Fridge,3,15,1,8,0.83,0.0,0.30000000000000004
Fridge,4,15,1,8,0.0,0.83,0.3070833333333334
Fridge,5,15,1,8,0.17,0.0,0.3170833333333334
Fridge,6,15,1,8,0.24,0.17,0.2820833333333334
Fridge,7,15,1,8,0.6000000000000001,0.24,0.2770833333333334
Fridge,8,15,1,8,0.0,0.6000000000000001,0.29291666666666677
Fridge,9,15,1,8,0.38,0.0,0.2825000000000001
Fridge,10,15,1,8,0.21,0.38,0.25666666666666677
Fridge,11,15,1,8,0.0,0.21,0.25666666666666677
Fridge,12,15,1,8,0.0,0.0,0.24541666666666676
Fridge,13,15,1,8,0.0,0.0,0.28791666666666677
Fridge,14,15,1,8,1.02,0.0,0.27916666666666673
Fridge,15,15,1,8,0.0,1.02,0.2937500000000001
Fridge,16,15,1,8,0.55,0.0,0.2875000000000001
Fridge,17,15,1,8,0.0,0.55,0.2875000000000001
Fridge,18,15,1,8,0.0,0.0,0.2875000000000001
Fridge,19,15,1,8,0.0,0.0,0.2845833333333334
Fridge,20,15,1,8,0.35,0.0,0.2775000000000001
Fridge,21,15,1,8,0.31,0.35,0.28541666666666676
Fridge,22,15,1,8,0.48,0.31,0.24541666666666676
Fridge,23,15,1,8,0.0,0.48,0.2387500000000001
Fridge,0,16,2,8,0.0,0.0,0.2262500000000001
Fridge,1,16,2,8,0.29,0.0,0.22625000000000006
Fridge,2,16,2,8,0.0,0.29,0.20916666666666675
Fridge,3,16,2,8,0.42,0.0,0.20916666666666675
Fridge,4,16,2,8,0.0,0.42,0.21916666666666676
Fridge,5,16,2,8,0.41,0.0,0.23291666666666677
Fridge,6,16,2,8,0.5700000000000001,0.41,0.2258333333333334
Fridge,7,16,2,8,0.43,0.5700000000000001,0.24791666666666676
Fridge,8,16,2,8,0.53,0.43,0.24375000000000005
Fridge,9,16,2,8,0.28,0.53,0.2350000000000001
Fridge,10,16,2,8,0.0,0.28,0.24500000000000008
Fridge,11,16,2,8,0.24,0.0,0.2612500000000001
Fridge,12,16,2,8,0.39,0.24,0.2612500000000001
Fridge,13,16,2,8,0.0,0.39,0.2666666666666667
Fridge,14,16,2,8,1.15,0.0,0.2766666666666668
Fridge,15,16,2,8,0.24,1.15,0.2537500000000001
Fridge,16,16,2,8,0.0,0.24,0.2870833333333334
Fridge,17,16,2,8,0.8,0.0,0.2870833333333334
Fridge,18,16,2,8,0.0,0.8,0.2983333333333334
Fridge,19,16,2,8,0.27,0.0,0.2837500000000001
Fridge,20,16,2,8,0.0,0.27,0.28416666666666673
Fridge,21,16,2,8,0.32,0.0,0.27916666666666673
Fridge,22,16,2,8,0.36,0.32,0.27916666666666673
Fridge,23,16,2,8,0.0,0.36,0.28875000000000006
Fridge,0,17,3,8,0.23,0.0,0.2970833333333334
Fridge,1,17,3,8,0.49,0.23,0.31708333333333344
Fridge,2,17,3,8,0.48,0.49,0.2995833333333334
Fridge,3,17,3,8,0.0,0.48,0.3137500000000001
Fridge,4,17,3,8,0.34,0.0,0.3137500000000001
Fridge,5,17,3,8,0.41,0.34,0.3370833333333334
Fridge,6,17,3,8,1.13,0.41,0.31916666666666677
Fridge,7,17,3,8,0.0,1.13,0.33041666666666675
Fridge,8,17,3,8,0.8,0.0,0.3187500000000001
Fridge,9,17,3,8,0.0,0.8,0.3325000000000001
Fridge,10,17,3,8,0.33,0.0,0.3654166666666667
Fridge,11,17,3,8,1.03,0.33,0.4004166666666667
Fridge,12,17,3,8,1.23,1.03,0.4208333333333334
Fridge,13,17,3,8,0.49,1.23,0.3729166666666668
Fridge,14,17,3,8,0.0,0.49,0.37458333333333343
Fridge,15,17,3,8,0.28,0.0,0.37458333333333343
Fridge,16,17,3,8,0.0,0.28,0.34125000000000005
Fridge,17,17,3,8,0.0,0.0,0.34125000000000005
Fridge,18,17,3,8,0.0,0.0,0.33000000000000007
Fridge,19,17,3,8,0.0,0.0,0.33000000000000007
Fridge,20,17,3,8,0.0,0.0,0.3608333333333334
Fridge,21,17,3,8,1.06,0.0,0.34583333333333344
Fridge,22,17,3,8,0.0,1.06,0.36708333333333343
Fridge,23,17,3,8,0.51,0.0,0.3704166666666668
Fridge,0,18,4,8,0.31,0.51,0.3712500000000001
Fridge,1,18,4,8,0.51,0.31,0.3558333333333334
Fridge,2,18,4,8,0.11,0.51,0.3720833333333334
Fridge,3,18,4,8,0.39,0.11,0.3579166666666667
Fridge,4,18,4,8,0.0,0.39,0.3687500000000001
Fridge,5,18,4,8,0.67,0.0,0.3283333333333334
Fridge,6,18,4,8,0.16,0.67,0.3462500000000001
Fridge,7,18,4,8,0.43,0.16,0.32041666666666674
Fridge,8,18,4,8,0.18,0.43,0.32041666666666674
Fridge,9,18,4,8,0.0,0.18,0.30666666666666675
Fridge,10,18,4,8,0.0,0.0,0.2637500000000001
Fridge,11,18,4,8,0.0,0.0,0.2125000000000001
Fridge,12,18,4,8,0.0,0.0,0.1920833333333334
Fridge,13,18,4,8,0.0,0.0,0.21000000000000008
Fridge,14,18,4,8,0.43,0.0,0.2595833333333334
Fridge,15,18,4,8,1.47,0.43,0.2975000000000001
Fridge,16,18,4,8,0.91,1.47,0.31083333333333346
Fridge,17,18,4,8,0.32,0.91,0.35125000000000006
Fridge,18,18,4,8,0.97,0.32,0.3687500000000001
Fridge,19,18,4,8,0.42,0.97,0.38666666666666677
Fridge,20,18,4,8,0.43,0.42,0.3425000000000001
Fridge,21,18,4,8,0.0,0.43,0.3820833333333334
Fridge,22,18,4,8,0.95,0.0,0.3720833333333334
Fridge,23,18,4,8,0.27,0.95,0.3670833333333334
Fridge,0,19,5,8,0.19,0.27,0.3583333333333334
Fridge,1,19,5,8,0.3,0.19,0.35375000000000006
Fridge,2,19,5,8,0.0,0.3,0.34208333333333335
Fridge,3,19,5,8,0.11,0.0,0.37291666666666673
Fridge,4,19,5,8,0.74,0.11,0.34500000000000003
Fridge,5,19,5,8,0.0,0.74,0.3491666666666667
Fridge,6,19,5,8,0.26,0.0,0.34208333333333335
Fridge,7,19,5,8,0.26,0.26,0.3508333333333334
Fridge,8,19,5,8,0.39,0.26,0.3883333333333334
Fridge,9,19,5,8,0.8999999999999999,0.39,0.4050000000000001
Fridge,10,19,5,8,0.4,0.8999999999999999,0.4050000000000001
Fridge,11,19,5,8,0.0,0.4,0.4270833333333334
Fridge,12,19,5,8,0.53,0.0,0.4270833333333334
Fridge,13,19,5,8,0.0,0.53,0.40916666666666673
Fridge,14,19,5,8,0.0,0.0,0.3766666666666667
Fridge,15,19,5,8,0.69,0.0,0.35875000000000007
Fridge,16,19,5,8,0.48,0.69,0.35333333333333333
Fridge,17,19,5,8,0.19,0.48,0.32500000000000007
Fridge,18,19,5,8,0.29,0.19,0.3212500000000001
Fridge,19,19,5,8,0.33,0.29,0.3112500000000001
Fridge,20,19,5,8,0.19,0.33,0.3570833333333334
Fridge,21,19,5,8,1.1,0.19,0.3258333333333334
Fridge,22,19,5,8,0.2,1.1,0.31458333333333344
Fridge,23,19,5,8,0.0,0.2,0.31916666666666677
Fridge,0,20,6,8,0.3,0.0,0.3325000000000001
Fridge,1,20,6,8,0.62,0.3,0.3370833333333334
Fridge,2,20,6,8,0.11,0.62,0.3379166666666667
Fridge,3,20,6,8,0.13,0.11,0.3070833333333334
Fridge,4,20,6,8,0.0,0.13,0.3070833333333334
Fridge,5,20,6,8,0.0,0.0,0.3162500000000001
Fridge,6,20,6,8,0.48,0.0,0.3054166666666667
Fridge,7,20,6,8,0.0,0.48,0.28916666666666674
Fridge,8,20,6,8,0.0,0.0,0.2687500000000001
Fridge,9,20,6,8,0.41,0.0,0.2691666666666668
Fridge,10,20,6,8,0.41,0.41,0.28125000000000006
Fridge,11,20,6,8,0.29,0.41,0.27916666666666673
Fridge,12,20,6,8,0.48,0.29,0.33583333333333343
Fridge,13,20,6,8,1.36,0.48,0.34541666666666676
Fridge,14,20,6,8,0.23,1.36,0.3166666666666667
Fridge,15,20,6,8,0.0,0.23,0.34375000000000006
Fridge,16,20,6,8,1.13,0.0,0.33583333333333343
Fridge,17,20,6,8,0.0,1.13,0.32375000000000004
Fridge,18,20,6,8,0.0,0.0,0.3216666666666667
Fridge,19,20,6,8,0.28,0.0,0.33833333333333343
Fridge,20,20,6,8,0.5900000000000001,0.28,0.31500000000000006
Fridge,21,20,6,8,0.54,0.5900000000000001,0.3066666666666667
Fridge,22,20,6,8,0.0,0.54,0.3479166666666667
Fridge,23,20,6,8,0.99,0.0,0.34583333333333344
Fridge,0,21,0,8,0.25,0.99,0.32000000000000006
Fridge,1,21,0,8,0.0,0.25,0.3595833333333334
Fridge,2,21,0,8,1.06,0.0,0.3766666666666667
Fridge,3,21,0,8,0.54,1.06,0.3766666666666667
Fridge,4,21,0,8,0.0,0.54,0.3975
Fridge,5,21,0,8,0.5,0.0,0.3775000000000001
Fridge,6,21,0,8,0.0,0.5,0.40708333333333346
Fridge,7,21,0,8,0.71,0.0,0.4429166666666668
Fridge,8,21,0,8,0.86,0.71,0.44875000000000015
Fridge,9,21,0,8,0.55,0.86,0.47333333333333344
Fridge,10,21,0,8,1.0,0.55,0.4612500000000001
Fridge,11,21,0,8,0.0,1.0,0.4729166666666668
Fridge,12,21,0,8,0.76,0.0,0.4804166666666667
Fridge,13,21,0,8,1.54,0.76,0.49500000000000005
Fridge,14,21,0,8,0.58,1.54,0.49500000000000005
Fridge,15,21,0,8,0.0,0.58,0.46833333333333343
Fridge,16,21,0,8,0.49,0.0,0.5062500000000001
Fridge,17,21,0,8,0.91,0.49,0.5145833333333334
Fridge,18,21,0,8,0.2,0.91,0.5208333333333334
Fridge,19,21,0,8,0.43,0.2,0.4962500000000001
Fridge,20,21,0,8,0.0,0.43,0.4979166666666668
Fridge,21,21,0,8,0.5800000000000001,0.0,0.5050000000000001
Fridge,22,21,0,8,0.17,0.5800000000000001,0.4637500000000001
Fridge,23,21,0,8,0.0,0.17,0.4841666666666667
Fridge,0,22,1,8,0.74,0.0,0.4841666666666667
Fridge,1,22,1,8,0.0,0.74,0.4400000000000001
Fridge,2,22,1,8,0.0,0.0,0.41750000000000015
Fridge,3,22,1,8,0.0,0.0,0.41750000000000015
Fridge,4,22,1,8,0.0,0.0,0.41541666666666677
Fridge,5,22,1,8,0.45,0.0,0.41541666666666677
Fridge,6,22,1,8,0.0,0.45,0.43625
Fridge,7,22,1,8,1.21,0.0,0.4004166666666667
Fridge,8,22,1,8,0.0,1.21,0.39166666666666666
Fridge,9,22,1,8,0.34,0.0,0.36208333333333337
Fridge,10,22,1,8,0.29,0.34,0.37500000000000006
Fridge,11,22,1,8,0.31,0.29,0.34333333333333343
Fridge,12,22,1,8,0.0,0.31,0.28541666666666676
Fridge,13,22,1,8,0.15,0.0,0.2612500000000001
Fridge,14,22,1,8,0.0,0.15,0.2950000000000001
Fridge,15,22,1,8,0.81,0.0,0.2920833333333334
Fridge,16,22,1,8,0.42,0.81,0.2637500000000001
Fridge,17,22,1,8,0.23,0.42,0.29416666666666674
Fridge,18,22,1,8,0.93,0.23,0.27625000000000005
Fridge,19,22,1,8,0.0,0.93,0.27625000000000005
Fridge,20,22,1,8,0.0,0.0,0.2520833333333334
Fridge,21,22,1,8,0.0,0.0,0.24500000000000008
Fridge,22,22,1,8,0.0,0.0,0.2637500000000001
Fridge,23,22,1,8,0.45,0.0,0.26291666666666674
Fridge,0,23,2,8,0.72,0.45,0.2825000000000001
Fridge,1,23,2,8,0.47,0.72,0.29750000000000004
Fridge,2,23,2,8,0.36,0.47,0.29750000000000004
Fridge,3,23,2,8,0.0,0.36,0.3050000000000001
Fridge,4,23,2,8,0.18,0.0,0.29125000000000006
Fridge,5,23,2,8,0.12,0.18,0.29625000000000007
Fridge,6,23,2,8,0.12,0.12,0.24583333333333338
Fridge,7,23,2,8,0.0,0.12,0.24583333333333338
Fridge,8,23,2,8,0.0,0.0,0.24416666666666675
Fridge,9,23,2,8,0.3,0.0,0.28041666666666676
Fridge,10,23,2,8,1.16,0.3,0.26750000000000007
Fridge,11,23,2,8,0.0,1.16,0.2866666666666668
Fridge,12,23,2,8,0.46,0.0,0.32416666666666677
Fridge,13,23,2,8,1.05,0.46,0.32416666666666677
Fridge,14,23,2,8,0.0,1.05,0.29041666666666677
Fridge,15,23,2,8,0.0,0.0,0.27291666666666675
Fridge,16,23,2,8,0.0,0.0,0.3145833333333334
Fridge,17,23,2,8,1.23,0.0,0.29416666666666674
Fridge,18,23,2,8,0.44,1.23,0.29416666666666674
Fridge,19,23,2,8,0.0,0.44,0.29416666666666674
Fridge,20,23,2,8,0.0,0.0,0.29416666666666674
Fridge,21,23,2,8,0.0,0.0,0.3062500000000001
Fridge,22,23,2,8,0.29,0.0,0.3004166666666667
Fridge,23,23,2,8,0.31,0.29,0.29083333333333344
Fridge,0,24,3,8,0.49,0.31,0.27125000000000005
Fridge,1,24,3,8,0.0,0.49,0.2562500000000001
Fridge,2,24,3,8,0.0,0.0,0.2720833333333334
Fridge,3,24,3,8,0.38,0.0,0.3212500000000001
Fridge,4,24,3,8,1.36,0.38,0.3162500000000001
Fridge,5,24,3,8,0.0,1.36,0.3187500000000001
Fridge,6,24,3,8,0.18,0.0,0.32666666666666677
Fridge,7,24,3,8,0.19,0.18,0.32666666666666677
Fridge,8,24,3,8,0.0,0.19,0.31416666666666676
Fridge,9,24,3,8,0.0,0.0,0.2658333333333334
Fridge,10,24,3,8,0.0,0.0,0.2658333333333334
Fridge,11,24,3,8,0.0,0.0,0.27291666666666675
Fridge,12,24,3,8,0.63,0.0,0.23541666666666672
Fridge,13,24,3,8,0.15,0.63,0.23541666666666672
Fridge,14,24,3,8,0.0,0.15,0.23541666666666672
Fridge,15,24,3,8,0.0,0.0,0.27583333333333343
Fridge,16,24,3,8,0.97,0.0,0.24541666666666676
Fridge,17,24,3,8,0.5,0.97,0.23291666666666674
Fridge,18,24,3,8,0.14,0.5,0.23916666666666675
Fridge,19,24,3,8,0.15,0.14,0.23916666666666675
Fridge,20,24,3,8,0.0,0.15,0.23916666666666675
Fridge,21,24,3,8,0.0,0.0,0.2520833333333334
Fridge,22,24,3,8,0.6,0.0,0.23916666666666675
Fridge,23,24,3,8,0.0,0.6,0.2583333333333334
Fridge,0,25,4,8,0.95,0.0,0.2583333333333334
Fridge,1,25,4,8,0.0,0.95,0.2583333333333334
Fridge,2,25,4,8,0.0,0.0,0.27583333333333343
Fridge,3,25,4,8,0.8,0.0,0.25250000000000006
Fridge,4,25,4,8,0.8,0.8,0.25250000000000006
Fridge,5,25,4,8,0.0,0.8,0.26291666666666674
Fridge,6,25,4,8,0.43,0.0,0.25500000000000006
Fridge,7,25,4,8,0.0,0.43,0.25500000000000006
Fridge,8,25,4,8,0.0,0.0,0.2745833333333334
Fridge,9,25,4,8,0.47,0.0,0.27916666666666673
Fridge,10,25,4,8,0.11,0.47,0.27916666666666673
Fridge,11,25,4,8,0.0,0.11,0.2716666666666667
Fridge,12,25,4,8,0.45,0.0,0.2708333333333334
Fridge,13,25,4,8,0.13,0.45,0.2708333333333334
Fridge,14,25,4,8,0.0,0.13,0.2900000000000001
Fridge,15,25,4,8,0.46,0.0,0.24958333333333338
Fridge,16,25,4,8,0.0,0.46,0.23916666666666672
Fridge,17,25,4,8,0.25,0.0,0.2620833333333334
Fridge,18,25,4,8,0.69,0.25,0.2558333333333334
Fridge,19,25,4,8,0.0,0.69,0.2858333333333334
Fridge,20,25,4,8,0.72,0.0,0.29875000000000007
Fridge,21,25,4,8,0.31,0.72,0.2737500000000001
Fridge,22,25,4,8,0.0,0.31,0.28041666666666676
Fridge,23,25,4,8,0.16,0.0,0.2533333333333334
Fridge,0,26,5,8,0.3,0.16,0.2533333333333334
Fridge,1,26,5,8,0.0,0.3,0.2533333333333334
Fridge,2,26,5,8,0.0,0.0,0.22666666666666677
Fridge,3,26,5,8,0.16,0.0,0.1975000000000001
Fridge,4,26,5,8,0.1,0.16,0.20500000000000007
Fridge,5,26,5,8,0.18,0.1,0.18708333333333338
Fridge,6,26,5,8,0.0,0.18,0.22541666666666674
Fridge,7,26,5,8,0.92,0.0,0.2741666666666667
Fridge,8,26,5,8,1.17,0.92,0.2979166666666668
Fridge,9,26,5,8,1.04,1.17,0.3233333333333334
Fridge,10,26,5,8,0.72,1.04,0.3679166666666667
Fridge,11,26,5,8,1.0699999999999998,0.72,0.3491666666666667
Fridge,12,26,5,8,0.0,1.0699999999999998,0.3495833333333334
Fridge,13,26,5,8,0.14,0.0,0.36333333333333345
Fridge,14,26,5,8,0.33,0.14,0.3712500000000001
Fridge,15,26,5,8,0.65,0.33,0.3858333333333334
Fridge,16,26,5,8,0.35,0.65,0.395
Fridge,17,26,5,8,0.47,0.35,0.37166666666666676
Fridge,18,26,5,8,0.13,0.47,0.3858333333333334
Fridge,19,26,5,8,0.34,0.13,0.3791666666666667
Fridge,20,26,5,8,0.5599999999999999,0.34,0.38666666666666677
Fridge,21,26,5,8,0.49,0.5599999999999999,0.4216666666666668
Fridge,22,26,5,8,0.84,0.49,0.44583333333333347
Fridge,23,26,5,8,0.74,0.84,0.4512500000000001
Fridge,0,27,6,8,0.43,0.74,0.46625000000000005
Fridge,1,27,6,8,0.36,0.43,0.4795833333333334
Fridge,2,27,6,8,0.32,0.36,0.4841666666666667
Fridge,3,27,6,8,0.27,0.32,0.48000000000000004
Fridge,4,27,6,8,0.0,0.27,0.4858333333333334
Fridge,5,27,6,8,0.32,0.0,0.5000000000000001
Fridge,6,27,6,8,0.34,0.32,0.4616666666666667
Fridge,7,27,6,8,0.0,0.34,0.41750000000000004
Fridge,8,27,6,8,0.11,0.0,0.39291666666666675
Fridge,9,27,6,8,0.45,0.11,0.3683333333333334
Fridge,10,27,6,8,0.13,0.45,0.3341666666666667
Fridge,11,27,6,8,0.25,0.13,0.3495833333333334
Fridge,12,27,6,8,0.37,0.25,0.35208333333333336
Fridge,13,27,6,8,0.2,0.37,0.3383333333333334
Fridge,14,27,6,8,0.0,0.2,0.3112500000000001
Fridge,15,27,6,8,0.0,0.0,0.3108333333333334
Fridge,16,27,6,8,0.34,0.0,0.3233333333333334
Fridge,17,27,6,8,0.77,0.34,0.3316666666666667
Fridge,18,27,6,8,0.3299999999999999,0.77,0.3258333333333334
Fridge,19,27,6,8,0.2,0.3299999999999999,0.3295833333333334
Fridge,20,27,6,8,0.65,0.2,0.3133333333333334
Fridge,21,27,6,8,0.1,0.65,0.2875000000000001
Fridge,22,27,6,8,0.22,0.1,0.26250000000000007
Fridge,23,27,6,8,0.14,0.22,0.2583333333333334
Fridge,0,28,0,8,0.33,0.14,0.2570833333333334
Fridge,1,28,0,8,0.33,0.33,0.27291666666666675
Fridge,2,28,0,8,0.7,0.33,0.2737500000000001
Fridge,3,28,0,8,0.29,0.7,0.2883333333333334
Fridge,4,28,0,8,0.35,0.29,0.2750000000000001
Fridge,5,28,0,8,0.0,0.35,0.2854166666666667
Fridge,6,28,0,8,0.59,0.0,0.2854166666666667
Fridge,7,28,0,8,0.0,0.59,0.2979166666666667
Fridge,8,28,0,8,0.41,0.0,0.27916666666666673
Fridge,9,28,0,8,0.0,0.41,0.29750000000000004
Fridge,10,28,0,8,0.5700000000000001,0.0,0.2870833333333334
Fridge,11,28,0,8,0.0,0.5700000000000001,0.27791666666666676
Fridge,12,28,0,8,0.15,0.0,0.2770833333333334
Fridge,13,28,0,8,0.18,0.15,0.2925000000000001
Fridge,14,28,0,8,0.37,0.18,0.3195833333333334
Fridge,15,28,0,8,0.65,0.37,0.3095833333333334
Fridge,16,28,0,8,0.1,0.65,0.2775000000000001
Fridge,17,28,0,8,0.0,0.1,0.2637500000000001
Fridge,18,28,0,8,0.0,0.0,0.30166666666666675
Fridge,19,28,0,8,1.11,0.0,0.28916666666666674
Fridge,20,28,0,8,0.35,1.11,0.2850000000000001
Fridge,21,28,0,8,0.0,0.35,0.3050000000000001
Fridge,22,28,0,8,0.7,0.0,0.29916666666666675
Fridge,23,28,0,8,0.0,0.7,0.2954166666666667
Fridge,0,29,1,8,0.24,0.0,0.28166666666666673
Fridge,1,29,1,8,0.0,0.24,0.2595833333333334
Fridge,2,29,1,8,0.17,0.0,0.26541666666666675
Fridge,3,29,1,8,0.43,0.17,0.2508333333333334
Fridge,4,29,1,8,0.0,0.43,0.2508333333333334
Fridge,5,29,1,8,0.0,0.0,0.22625000000000006
Fridge,6,29,1,8,0.0,0.0,0.24583333333333338
Fridge,7,29,1,8,0.47,0.0,0.23916666666666675
Fridge,8,29,1,8,0.25,0.47,0.23916666666666675
Fridge,9,29,1,8,0.0,0.25,0.2208333333333334
Fridge,10,29,1,8,0.13,0.0,0.2208333333333334
Fridge,11,29,1,8,0.0,0.13,0.21458333333333338
Fridge,12,29,1,8,0.0,0.0,0.21375000000000008
Fridge,13,29,1,8,0.16,0.0,0.1983333333333334
Fridge,14,29,1,8,0.0,0.16,0.1762500000000001
Fridge,15,29,1,8,0.12,0.0,0.18000000000000005
Fridge,16,29,1,8,0.19,0.12,0.18000000000000005
Fridge,17,29,1,8,0.0,0.19,0.2287500000000001
Fridge,18,29,1,8,1.17,0.0,0.21000000000000008
Fridge,19,29,1,8,0.66,1.17,0.22166666666666676
Fridge,20,29,1,8,0.63,0.66,0.22166666666666676
Fridge,21,29,1,8,0.0,0.63,0.22125000000000006
Fridge,22,29,1,8,0.6900000000000001,0.0,0.25000000000000006
Fridge,23,29,1,8,0.69,0.6900000000000001,0.2587500000000001
Fridge,0,30,2,8,0.45,0.69,0.27333333333333343
Fridge,1,30,2,8,0.35,0.45,0.2662500000000001
Fridge,2,30,2,8,0.0,0.35,0.2641666666666667
Fridge,3,30,2,8,0.38,0.0,0.2641666666666667
Fridge,4,30,2,8,0.0,0.38,0.2833333333333334
Fridge,5,30,2,8,0.46,0.0,0.2833333333333334
Fridge,6,30,2,8,0.0,0.46,0.28916666666666674
Fridge,7,30,2,8,0.61,0.0,0.2787500000000001
Fridge,8,30,2,8,0.0,0.61,0.3208333333333334
Fridge,9,30,2,8,1.01,0.0,0.34541666666666676
Fridge,10,30,2,8,0.72,1.01,0.3658333333333334
Fridge,11,30,2,8,0.49,0.72,0.3658333333333334
Fridge,12,30,2,8,0.0,0.49,0.3591666666666667
Fridge,13,30,2,8,0.0,0.0,0.37166666666666676
Fridge,14,30,2,8,0.3,0.0,0.3737500000000001
Fridge,15,30,2,8,0.17,0.3,0.3841666666666667
Fridge,16,30,2,8,0.44,0.17,0.4008333333333334
Fridge,17,30,2,8,0.4,0.44,0.36708333333333343
Fridge,18,30,2,8,0.36,0.4,0.3708333333333334
Fridge,19,30,2,8,0.75,0.36,0.35125000000000006
Fridge,20,30,2,8,0.16,0.75,0.35125000000000006
Fridge,21,30,2,8,0.0,0.16,0.3308333333333334
Fridge,22,30,2,8,0.2,0.0,0.3316666666666667
Fridge,23,30,2,8,0.71,0.2,0.32750000000000007
Fridge,0,31,3,8,0.35,0.71,0.32250000000000006
Fridge,1,31,3,8,0.23,0.35,0.36166666666666675
Fridge,2,31,3,8,0.94,0.23,0.34583333333333344
Fridge,3,31,3,8,0.0,0.94,0.36583333333333345
Fridge,4,31,3,8,0.48,0.0,0.3604166666666668
Fridge,5,31,3,8,0.33,0.48,0.3604166666666668
Fridge,6,31,3,8,0.0,0.33,0.34208333333333346
Fridge,7,31,3,8,0.17,0.0,0.3495833333333334
Fridge,8,31,3,8,0.18,0.17,0.30750000000000005
Fridge,9,31,3,8,0.0,0.18,0.2837500000000001
Fridge,10,31,3,8,0.15,0.0,0.2800000000000001
Fridge,11,31,3,8,0.4,0.15,0.2800000000000001
Fridge,12,31,3,8,0.0,0.4,0.2800000000000001
Fridge,13,31,3,8,0.0,0.0,0.29083333333333344
Fridge,14,31,3,8,0.56,0.0,0.30083333333333345
Fridge,15,31,3,8,0.41,0.56,0.29166666666666674
Fridge,16,31,3,8,0.22,0.41,0.28125000000000006
Fridge,17,31,3,8,0.15,0.22,0.26625000000000004
Fridge,18,31,3,8,0.0,0.15,0.24041666666666675
Fridge,19,31,3,8,0.13,0.0,0.25958333333333344
Fridge,20,31,3,8,0.62,0.13,0.28916666666666674
Fridge,21,31,3,8,0.71,0.62,0.28083333333333343
Fridge,22,31,3,8,0.0,0.71,0.28916666666666674
Fridge,23,31,3,8,0.91,0.0,0.2745833333333334
Fridge,0,1,4,9,0.0,0.91,0.2820833333333334
Fridge,1,1,4,9,0.41,0.0,0.25916666666666677
Fridge,2,1,4,9,0.39,0.41,0.25916666666666677
Fridge,3,1,4,9,0.0,0.39,0.2608333333333334
Fridge,4,1,4,9,0.52,0.0,0.2470833333333334
Fridge,5,1,4,9,0.0,0.52,0.3054166666666667
Fridge,6,1,4,9,1.4,0.0,0.3045833333333334
Fridge,7,1,4,9,0.15,1.4,0.3020833333333334
Fridge,8,1,4,9,0.12,0.15,0.3112500000000001
Fridge,9,1,4,9,0.22,0.12,0.31500000000000006
Fridge,10,1,4,9,0.24,0.22,0.2983333333333334
Fridge,11,1,4,9,0.0,0.24,0.3687500000000001
Fridge,12,1,4,9,1.69,0.0,0.3775000000000001
Fridge,13,1,4,9,0.21,1.69,0.36208333333333337
Fridge,14,1,4,9,0.19,0.21,0.3879166666666667
Fridge,15,1,4,9,1.03,0.19,0.3787500000000001
Fridge,16,1,4,9,0.0,1.03,0.37250000000000005
Fridge,17,1,4,9,0.0,0.0,0.39291666666666675
Fridge,18,1,4,9,0.49,0.0,0.4079166666666667
Fridge,19,1,4,9,0.49,0.49,0.4000000000000001
Fridge,20,1,4,9,0.43,0.49,0.37041666666666667
Fridge,21,1,4,9,0.0,0.43,0.4025
Fridge,22,1,4,9,0.77,0.0,0.3645833333333333
Fridge,23,1,4,9,0.0,0.77,0.3645833333333333
Fridge,0,2,5,9,0.0,0.0,0.36166666666666675
Fridge,1,2,5,9,0.34,0.0,0.34541666666666676
Fridge,2,2,5,9,0.0,0.34,0.34541666666666676
Fridge,3,2,5,9,0.0,0.0,0.3483333333333334
Fridge,4,2,5,9,0.5900000000000001,0.0,0.3483333333333334
Fridge,5,2,5,9,0.0,0.5900000000000001,0.3004166666666667
Fridge,6,2,5,9,0.25,0.0,0.32208333333333344
Fridge,7,2,5,9,0.67,0.25,0.31708333333333344
Fridge,8,2,5,9,0.0,0.67,0.3079166666666668
Fridge,9,2,5,9,0.0,0.0,0.31791666666666674
Fridge,10,2,5,9,0.48,0.0,0.3283333333333334
Fridge,11,2,5,9,0.25,0.48,0.2770833333333334
Fridge,12,2,5,9,0.46,0.25,0.2745833333333334
Fridge,13,2,5,9,0.15,0.46,0.28791666666666677
Fridge,14,2,5,9,0.51,0.15,0.28666666666666674
Fridge,15,2,5,9,1.0,0.51,0.3054166666666667
Fridge,16,2,5,9,0.45,1.0,0.3054166666666667
Fridge,17,2,5,9,0.0,0.45,0.2950000000000001
Fridge,18,2,5,9,0.24,0.0,0.27458333333333346
Fridge,19,2,5,9,0.0,0.24,0.26791666666666675
Fridge,20,2,5,9,0.27,0.0,0.28625000000000006
Fridge,21,2,5,9,0.44,0.27,0.2716666666666668
Fridge,22,2,5,9,0.42,0.44,0.27791666666666676
Fridge,23,2,5,9,0.15,0.42,0.3145833333333334
Fridge,0,3,6,9,0.88,0.15,0.3100000000000001
Fridge,1,3,6,9,0.23,0.88,0.32708333333333345
Fridge,2,3,6,9,0.41,0.23,0.35041666666666677
Fridge,3,3,6,9,0.56,0.41,0.36125000000000007
Fridge,4,3,6,9,0.85,0.56,0.36125000000000007
Fridge,5,3,6,9,0.0,0.85,0.3579166666666667
Fridge,6,3,6,9,0.17,0.0,0.34041666666666676
Fridge,7,3,6,9,0.25,0.17,0.34041666666666676
Fridge,8,3,6,9,0.0,0.25,0.36125000000000007
Fridge,9,3,6,9,0.5,0.0,0.37166666666666676
Fridge,10,3,6,9,0.73,0.5,0.3687500000000001
Fridge,11,3,6,9,0.18,0.73,0.3495833333333334
Fridge,12,3,6,9,0.0,0.18,0.34333333333333343
Fridge,13,3,6,9,0.0,0.0,0.3645833333333334
Fridge,14,3,6,9,1.02,0.0,0.3316666666666667
Fridge,15,3,6,9,0.21,1.02,0.3379166666666667
Fridge,16,3,6,9,0.6,0.21,0.35958333333333337
Fridge,17,3,6,9,0.52,0.6,0.35416666666666674
Fridge,18,3,6,9,0.11,0.52,0.35416666666666674
Fridge,19,3,6,9,0.0,0.11,0.3858333333333334
Fridge,20,3,6,9,1.03,0.0,0.3675000000000001
Fridge,21,3,6,9,0.0,1.03,0.35500000000000015
Fridge,22,3,6,9,0.12,0.0,0.35875000000000007
Fridge,23,3,6,9,0.24,0.12,0.32208333333333344
Fridge,0,4,0,9,0.0,0.24,0.3316666666666667
Fridge,1,4,0,9,0.46,0.0,0.3312500000000001
Fridge,2,4,0,9,0.4,0.46,0.35333333333333344
Fridge,3,4,0,9,1.09,0.4,0.32250000000000006
Fridge,4,4,0,9,0.11,1.09,0.3408333333333334
Fridge,5,4,0,9,0.44,0.11,0.3379166666666667
Fridge,6,4,0,9,0.1,0.44,0.3408333333333334
Fridge,7,4,0,9,0.32,0.1,0.3575000000000001
Fridge,8,4,0,9,0.4,0.32,0.36250000000000004
Fridge,9,4,0,9,0.62,0.4,0.3508333333333334
Fridge,10,4,0,9,0.45,0.62,0.3604166666666668
Fridge,11,4,0,9,0.41,0.45,0.3604166666666668
Fridge,12,4,0,9,0.0,0.41,0.3958333333333334
Fridge,13,4,0,9,0.85,0.0,0.37291666666666673
Fridge,14,4,0,9,0.47,0.85,0.36416666666666675
Fridge,15,4,0,9,0.0,0.47,0.3591666666666668
Fridge,16,4,0,9,0.48,0.0,0.3500000000000001
Fridge,17,4,0,9,0.3,0.48,0.3775000000000001
Fridge,18,4,0,9,0.77,0.3,0.38500000000000006
Fridge,19,4,0,9,0.18,0.77,0.3475000000000001
Fridge,20,4,0,9,0.13,0.18,0.3475000000000001
Fridge,21,4,0,9,0.0,0.13,0.3425
Fridge,22,4,0,9,0.0,0.0,0.3325000000000001
Fridge,23,4,0,9,0.0,0.0,0.3325000000000001
Fridge,0,5,1,9,0.0,0.0,0.3479166666666667
Fridge,1,5,1,9,0.83,0.0,0.33125000000000004
Fridge,2,5,1,9,0.0,0.83,0.33000000000000007
Fridge,3,5,1,9,1.06,0.0,0.32541666666666674
Fridge,4,5,1,9,0.0,1.06,0.30708333333333343
Fridge,5,5,1,9,0.0,0.0,0.3029166666666668
Fridge,6,5,1,9,0.0,0.0,0.2895833333333334
Fridge,7,5,1,9,0.0,0.0,0.27291666666666675
Fridge,8,5,1,9,0.0,0.0,0.27125000000000005
Fridge,9,5,1,9,0.5800000000000001,0.0,0.2720833333333334
Fridge,10,5,1,9,0.47,0.5800000000000001,0.2662500000000001
Fridge,11,5,1,9,0.27,0.47,0.2662500000000001
Fridge,12,5,1,9,0.0,0.27,0.2362500000000001
Fridge,13,5,1,9,0.13,0.0,0.22541666666666674
Fridge,14,5,1,9,0.21,0.13,0.22541666666666674
Fridge,15,5,1,9,0.0,0.21,0.2437500000000001
Fridge,16,5,1,9,0.92,0.0,0.2400000000000001
Fridge,17,5,1,9,0.21,0.92,0.20791666666666675
Fridge,18,5,1,9,0.0,0.21,0.20041666666666677
Fridge,19,5,1,9,0.0,0.0,0.1950000000000001
Fridge,20,5,1,9,0.0,0.0,0.1950000000000001
Fridge,21,5,1,9,0.0,0.0,0.23458333333333345
Fridge,22,5,1,9,0.95,0.0,0.24625000000000008
Fridge,23,5,1,9,0.28,0.95,0.26041666666666674
Fridge,0,6,2,9,0.34,0.28,0.24625000000000008
Fridge,1,6,2,9,0.49,0.34,0.26041666666666674
Fridge,2,6,2,9,0.34,0.49,0.21625000000000005
Fridge,3,6,2,9,0.0,0.34,0.21625000000000005
Fridge,4,6,2,9,0.0,0.0,0.2295833333333334
Fridge,5,6,2,9,0.32,0.0,0.2295833333333334
Fridge,6,6,2,9,0.0,0.32,0.2420833333333334
Fridge,7,6,2,9,0.3,0.0,0.2420833333333334
Fridge,8,6,2,9,0.0,0.3,0.21791666666666673
Fridge,9,6,2,9,0.0,0.0,0.1983333333333334
Fridge,10,6,2,9,0.0,0.0,0.1870833333333334
Fridge,11,6,2,9,0.0,0.0,0.20625000000000007
Fridge,12,6,2,9,0.46,0.0,0.20958333333333337
Fridge,13,6,2,9,0.21,0.46,0.21416666666666673
Fridge,14,6,2,9,0.32,0.21,0.24166666666666672
Fridge,15,6,2,9,0.66,0.32,0.2420833333333334
Fridge,16,6,2,9,0.93,0.66,0.25500000000000006
Fridge,17,6,2,9,0.52,0.93,0.28166666666666673
Fridge,18,6,2,9,0.6399999999999999,0.52,0.3095833333333334
Fridge,19,6,2,9,0.67,0.6399999999999999,0.31500000000000006
Fridge,20,6,2,9,0.13,0.67,0.33000000000000007
Fridge,21,6,2,9,0.36,0.13,0.29041666666666677
Fridge,22,6,2,9,0.0,0.36,0.29041666666666677
Fridge,23,6,2,9,0.28,0.0,0.2845833333333334
Fridge,0,7,3,9,0.2,0.28,0.2641666666666667
Fridge,1,7,3,9,0.0,0.2,0.26541666666666675
Fridge,2,7,3,9,0.37,0.0,0.27041666666666675
Fridge,3,7,3,9,0.12,0.37,0.30916666666666676
Fridge,4,7,3,9,0.93,0.12,0.30416666666666675
Fridge,5,7,3,9,0.2,0.93,0.30416666666666675
Fridge,6,7,3,9,0.0,0.2,0.31166666666666676
Fridge,7,7,3,9,0.48,0.0,0.31708333333333344
Fridge,8,7,3,9,0.13,0.48,0.31708333333333344
Fridge,9,7,3,9,0.0,0.13,0.31708333333333344
Fridge,10,7,3,9,0.0,0.0,0.3262500000000001
Fridge,11,7,3,9,0.22,0.0,0.3187500000000001
Fridge,12,7,3,9,0.28,0.22,0.3100000000000001
Fridge,13,7,3,9,0.0,0.28,0.3391666666666668
Fridge,14,7,3,9,1.02,0.0,0.3462500000000001
Fridge,15,7,3,9,0.83,1.02,0.31250000000000006
Fridge,16,7,3,9,0.12,0.83,0.2908333333333334
Fridge,17,7,3,9,0.0,0.12,0.2895833333333334
Fridge,18,7,3,9,0.61,0.0,0.26166666666666677
Fridge,19,7,3,9,0.0,0.61,0.27625000000000005
Fridge,20,7,3,9,0.48,0.0,0.26125000000000004
Fridge,21,7,3,9,0.0,0.48,0.3108333333333334
Fridge,22,7,3,9,1.19,0.0,0.3087500000000001
Fridge,23,7,3,9,0.23,1.19,0.3237500000000001
Fridge,0,8,4,9,0.56,0.23,0.34291666666666676
Fridge,1,8,4,9,0.46,0.56,0.3775000000000001
Fridge,2,8,4,9,1.2,0.46,0.39083333333333337
Fridge,3,8,4,9,0.44,1.2,0.38791666666666674
Fridge,4,8,4,9,0.8600000000000001,0.44,0.37958333333333344
Fridge,5,8,4,9,0.0,0.8600000000000001,0.39625000000000005
Fridge,6,8,4,9,0.4,0.0,0.3920833333333334
Fridge,7,8,4,9,0.38,0.4,0.4120833333333334
Fridge,8,8,4,9,0.61,0.38,0.43125000000000013
Fridge,9,8,4,9,0.4599999999999999,0.61,0.4616666666666667
Fridge,10,8,4,9,0.73,0.4599999999999999,0.45250000000000007
Fridge,11,8,4,9,0.0,0.73,0.4408333333333334
Fridge,12,8,4,9,0.0,0.0,0.4408333333333334
Fridge,13,8,4,9,0.0,0.0,0.3983333333333334
Fridge,14,8,4,9,0.0,0.0,0.3966666666666667
Fridge,15,8,4,9,0.79,0.0,0.4104166666666667
Fridge,16,8,4,9,0.45,0.79,0.42416666666666675
Fridge,17,8,4,9,0.33,0.45,0.3987500000000001
Fridge,18,8,4,9,0.0,0.33,0.3987500000000001
Fridge,19,8,4,9,0.0,0.0,0.3887500000000001
Fridge,20,8,4,9,0.24,0.0,0.4262500000000001
Fridge,21,8,4,9,0.9,0.24,0.41000000000000014
Fridge,22,8,4,9,0.8,0.9,0.4141666666666668
Fridge,23,8,4,9,0.33,0.8,0.3908333333333334
Fridge,0,9,5,9,0.0,0.33,0.405
Fridge,1,9,5,9,0.8,0.0,0.35500000000000004
Fridge,2,9,5,9,0.0,0.8,0.34541666666666676
Fridge,3,9,5,9,0.21,0.0,0.3475000000000001
Fridge,4,9,5,9,0.91,0.21,0.3645833333333334
Fridge,5,9,5,9,0.41,0.91,0.35625
Fridge,6,9,5,9,0.2,0.41,0.35541666666666677
Fridge,7,9,5,9,0.36,0.2,0.33000000000000007
Fridge,8,9,5,9,0.0,0.36,0.3266666666666667
Fridge,9,9,5,9,0.38,0.0,0.3291666666666668
Fridge,10,9,5,9,0.79,0.38,0.35041666666666677
Fridge,11,9,5,9,0.51,0.79,0.36666666666666675
Fridge,12,9,5,9,0.39,0.51,0.38458333333333344
Fridge,13,9,5,9,0.43,0.39,0.38458333333333344
Fridge,14,9,5,9,0.0,0.43,0.3516666666666668
Fridge,15,9,5,9,0.0,0.0,0.34166666666666673
Fridge,16,9,5,9,0.21,0.0,0.33583333333333343
Fridge,17,9,5,9,0.19,0.21,0.33583333333333343
Fridge,18,9,5,9,0.0,0.19,0.34875000000000006
Fridge,19,9,5,9,0.31,0.0,0.33875000000000005
Fridge,20,9,5,9,0.0,0.31,0.31916666666666677
Fridge,21,9,5,9,0.43,0.0,0.32208333333333344
Fridge,22,9,5,9,0.87,0.43,0.3083333333333334
Fridge,23,9,5,9,0.0,0.87,0.3345833333333334
Fridge,0,10,6,9,0.63,0.0,0.32166666666666677
Fridge,1,10,6,9,0.49,0.63,0.3491666666666668
Fridge,2,10,6,9,0.66,0.49,0.34958333333333336
Fridge,3,10,6,9,0.22,0.66,0.3308333333333334
Fridge,4,10,6,9,0.46,0.22,0.32291666666666674
Fridge,5,10,6,9,0.22,0.46,0.33041666666666675
Fridge,6,10,6,9,0.38,0.22,0.36416666666666675
Fridge,7,10,6,9,1.17,0.38,0.36416666666666675
Fridge,8,10,6,9,0.0,1.17,0.36166666666666675
Fridge,9,10,6,9,0.32,0.0,0.3287500000000001
Fridge,10,10,6,9,0.0,0.32,0.32416666666666677
Fridge,11,10,6,9,0.4,0.0,0.3395833333333334
Fridge,12,10,6,9,0.76,0.4,0.3495833333333334
Fridge,13,10,6,9,0.67,0.76,0.3887500000000001
Fridge,14,10,6,9,0.94,0.67,0.4120833333333334
Fridge,15,10,6,9,0.56,0.94,0.4233333333333334
Fridge,16,10,6,9,0.48,0.56,0.41541666666666677
Fridge,17,10,6,9,0.0,0.48,0.44541666666666674
Fridge,18,10,6,9,0.72,0.0,0.45875000000000005
Fridge,19,10,6,9,0.63,0.72,0.45875000000000005
Fridge,20,10,6,9,0.0,0.63,0.4408333333333334
Fridge,21,10,6,9,0.0,0.0,0.4245833333333335
Fridge,22,10,6,9,0.48,0.0,0.4720833333333334
Fridge,23,10,6,9,1.14,0.48,0.44583333333333336
Fridge,0,11,0,9,0.0,1.14,0.4254166666666667
Fridge,1,11,0,9,0.0,0.0,0.41500000000000004
Fridge,2,11,0,9,0.41,0.0,0.40583333333333343
Fridge,3,11,0,9,0.0,0.41,0.4179166666666667
Fridge,4,11,0,9,0.75,0.0,0.43416666666666676
Fridge,5,11,0,9,0.6100000000000001,0.75,0.4595833333333334
Fridge,6,11,0,9,0.99,0.6100000000000001,0.4283333333333334
Fridge,7,11,0,9,0.42,0.99,0.4283333333333334
Fridge,8,11,0,9,0.0,0.42,0.43500000000000005
Fridge,9,11,0,9,0.48,0.0,0.43500000000000005
Fridge,10,11,0,9,0.0,0.48,0.43541666666666673
Fridge,11,11,0,9,0.41,0.0,0.40375000000000005
Fridge,12,11,0,9,0.0,0.41,0.3758333333333334
Fridge,13,11,0,9,0.0,0.0,0.3366666666666667
Fridge,14,11,0,9,0.0,0.0,0.3341666666666667
Fridge,15,11,0,9,0.5,0.0,0.31416666666666676
Fridge,16,11,0,9,0.0,0.5,0.31416666666666676
Fridge,17,11,0,9,0.0,0.0,0.28416666666666673
Fridge,18,11,0,9,0.0,0.0,0.26500000000000007
Fridge,19,11,0,9,0.17,0.0,0.26500000000000007
Fridge,20,11,0,9,0.0,0.17,0.27875000000000005
Fridge,21,11,0,9,0.33,0.0,0.2875000000000001
Fridge,22,11,0,9,0.69,0.33,0.24000000000000007
Fridge,23,11,0,9,0.0,0.69,0.2725
Fridge,0,12,1,9,0.78,0.0,0.3133333333333334
Fridge,1,12,1,9,0.98,0.78,0.3058333333333334
Fridge,2,12,1,9,0.23,0.98,0.3058333333333334
Fridge,3,12,1,9,0.0,0.23,0.2745833333333334
Fridge,4,12,1,9,0.0,0.0,0.2533333333333334
Fridge,5,12,1,9,0.1,0.0,0.24083333333333337
Fridge,6,12,1,9,0.69,0.1,0.22333333333333338
Fridge,7,12,1,9,0.0,0.69,0.23041666666666671
Fridge,8,12,1,9,0.17,0.0,0.2208333333333334
Fridge,9,12,1,9,0.25,0.17,0.22666666666666677
Fridge,10,12,1,9,0.14,0.25,0.22000000000000008
Fridge,11,12,1,9,0.25,0.14,0.22791666666666674
Fridge,12,12,1,9,0.19,0.25,0.22791666666666674
Fridge,13,12,1,9,0.0,0.19,0.24125000000000008
Fridge,14,12,1,9,0.32,0.0,0.2383333333333334
Fridge,15,12,1,9,0.43,0.32,0.25500000000000006
Fridge,16,12,1,9,0.4,0.43,0.28916666666666674
Fridge,17,12,1,9,0.8200000000000001,0.4,0.32166666666666677
Fridge,18,12,1,9,0.78,0.8200000000000001,0.3287500000000001
Fridge,19,12,1,9,0.34,0.78,0.3287500000000001
Fridge,20,12,1,9,0.0,0.34,0.3195833333333334
Fridge,21,12,1,9,0.11,0.0,0.2908333333333334
Fridge,22,12,1,9,0.0,0.11,0.3112500000000001
Fridge,23,12,1,9,0.49,0.0,0.3308333333333334
Fridge,0,13,2,9,1.25,0.49,0.30916666666666676
Fridge,1,13,2,9,0.4599999999999999,1.25,0.31250000000000006
Fridge,2,13,2,9,0.31,0.4599999999999999,0.31250000000000006
Fridge,3,13,2,9,0.0,0.31,0.34333333333333343
Fridge,4,13,2,9,0.74,0.0,0.3391666666666668
Fridge,5,13,2,9,0.0,0.74,0.31041666666666673
Fridge,6,13,2,9,0.0,0.0,0.3258333333333334
Fridge,7,13,2,9,0.37,0.0,0.3375000000000001
Fridge,8,13,2,9,0.4499999999999999,0.37,0.3462500000000001
Fridge,9,13,2,9,0.46,0.4499999999999999,0.3491666666666667
Fridge,10,13,2,9,0.21,0.46,0.33875000000000005
Fridge,11,13,2,9,0.0,0.21,0.37458333333333343
Fridge,12,13,2,9,1.05,0.0,0.37458333333333343
Fridge,13,13,2,9,0.0,1.05,0.36125000000000007
Fridge,14,13,2,9,0.0,0.0,0.34333333333333343
Fridge,15,13,2,9,0.0,0.0,0.3629166666666667
Fridge,16,13,2,9,0.87,0.0,0.3379166666666667
Fridge,17,13,2,9,0.22,0.87,0.3316666666666667
Fridge,18,13,2,9,0.63,0.22,0.3329166666666667
Fridge,19,13,2,9,0.37,0.63,0.3425
Fridge,20,13,2,9,0.23,0.37,0.35125000000000006
Fridge,21,13,2,9,0.32,0.23,0.3658333333333334
Fridge,22,13,2,9,0.35,0.32,0.36166666666666675
Fridge,23,13,2,9,0.39,0.35,0.3483333333333334
Fridge,0,14,3,9,0.93,0.39,0.35208333333333336
Fridge,1,14,3,9,0.55,0.93,0.34333333333333343
Fridge,2,14,3,9,0.1,0.55,0.34333333333333343
Fridge,3,14,3,9,0.0,0.1,0.31250000000000006
Fridge,4,14,3,9,0.0,0.0,0.3508333333333334
Fridge,5,14,3,9,0.92,0.0,0.3508333333333334
Fridge,6,14,3,9,0.0,0.92,0.35208333333333336
Fridge,7,14,3,9,0.4,0.0,0.3387500000000001
Fridge,8,14,3,9,0.13,0.4,0.3195833333333334
Fridge,9,14,3,9,0.0,0.13,0.3108333333333334
Fridge,10,14,3,9,0.0,0.0,0.3195833333333334
Fridge,11,14,3,9,0.21,0.0,0.2833333333333334
Fridge,12,14,3,9,0.18,0.21,0.2954166666666667
Fridge,13,14,3,9,0.29,0.18,0.3079166666666667
Fridge,14,14,3,9,0.3,0.29,0.32000000000000006
Fridge,15,14,3,9,0.29,0.3,0.28791666666666677
Fridge,16,14,3,9,0.1,0.29,0.2883333333333334
Fridge,17,14,3,9,0.23,0.1,0.27833333333333343
Fridge,18,14,3,9,0.39,0.23,0.26291666666666674
Fridge,19,14,3,9,0.0,0.39,0.2533333333333334
Fridge,20,14,3,9,0.0,0.0,0.29291666666666677
Fridge,21,14,3,9,1.27,0.0,0.3258333333333334
Fridge,22,14,3,9,1.14,1.27,0.3145833333333334
Fridge,23,14,3,9,0.12,1.14,0.2758333333333334
Fridge,0,15,4,9,0.0,0.12,0.25750000000000006
Fridge,1,15,4,9,0.11,0.0,0.2837500000000001
Fridge,2,15,4,9,0.73,0.11,0.3112500000000001
Fridge,3,15,4,9,0.66,0.73,0.3112500000000001
Fridge,4,15,4,9,0.0,0.66,0.2904166666666667
Fridge,5,15,4,9,0.42,0.0,0.2954166666666667
Fridge,6,15,4,9,0.12,0.42,0.31041666666666673
Fridge,7,15,4,9,0.76,0.12,0.3379166666666667
Fridge,8,15,4,9,0.79,0.76,0.3629166666666667
Fridge,9,15,4,9,0.6000000000000001,0.79,0.3629166666666667
Fridge,10,15,4,9,0.0,0.6000000000000001,0.3875
Fridge,11,15,4,9,0.8,0.0,0.38000000000000006
Fridge,12,15,4,9,0.0,0.8,0.3729166666666668
Fridge,13,15,4,9,0.12,0.0,0.3708333333333334
Fridge,14,15,4,9,0.25,0.12,0.3587500000000001
Fridge,15,15,4,9,0.0,0.25,0.3545833333333335
Fridge,16,15,4,9,0.0,0.0,0.3491666666666668
Fridge,17,15,4,9,0.1,0.0,0.3470833333333334
Fridge,18,15,4,9,0.34,0.1,0.38458333333333344
Fridge,19,15,4,9,0.8999999999999999,0.34,0.41666666666666674
Fridge,20,15,4,9,0.77,0.8999999999999999,0.3791666666666667
Fridge,21,15,4,9,0.37,0.77,0.3316666666666667
Fridge,22,15,4,9,0.0,0.37,0.32666666666666677
Fridge,23,15,4,9,0.0,0.0,0.36583333333333345
Fridge,0,16,5,9,0.94,0.0,0.40291666666666676
Fridge,1,16,5,9,1.0,0.94,0.3941666666666668
Fridge,2,16,5,9,0.52,1.0,0.36666666666666675
Fridge,3,16,5,9,0.0,0.52,0.39333333333333337
Fridge,4,16,5,9,0.64,0.0,0.3891666666666667
Fridge,5,16,5,9,0.32,0.64,0.395
Fridge,6,16,5,9,0.26,0.32,0.3891666666666667
Fridge,7,16,5,9,0.62,0.26,0.3679166666666667
Fridge,8,16,5,9,0.28,0.62,0.35625
Fridge,9,16,5,9,0.32,0.28,0.3720833333333334
Fridge,10,16,5,9,0.38,0.32,0.3387500000000001
Fridge,11,16,5,9,0.0,0.38,0.35500000000000004
Fridge,12,16,5,9,0.39,0.0,0.35000000000000003
Fridge,13,16,5,9,0.0,0.39,0.33958333333333335
Fridge,14,16,5,9,0.0,0.0,0.36500000000000005
Fridge,15,16,5,9,0.61,0.0,0.36500000000000005
Fridge,16,16,5,9,0.0,0.61,0.37041666666666667
Fridge,17,16,5,9,0.23,0.0,0.3712500000000001
Fridge,18,16,5,9,0.36,0.23,0.33375000000000005
Fridge,19,16,5,9,0.0,0.36,0.3145833333333334
Fridge,20,16,5,9,0.31,0.0,0.31250000000000006
Fridge,21,16,5,9,0.32,0.31,0.3645833333333334
Fridge,22,16,5,9,1.25,0.32,0.38166666666666677
Fridge,23,16,5,9,0.41,1.25,0.3604166666666668
Fridge,0,17,6,9,0.43,0.41,0.3258333333333334
Fridge,1,17,6,9,0.17,0.43,0.3308333333333334
Fridge,2,17,6,9,0.64,0.17,0.33083333333333337
Fridge,3,17,6,9,0.0,0.64,0.3158333333333334
Fridge,4,17,6,9,0.28,0.0,0.3425
Fridge,5,17,6,9,0.96,0.28,0.3383333333333334
Fridge,6,17,6,9,0.16,0.96,0.31250000000000006
Fridge,7,17,6,9,0.0,0.16,0.3479166666666667
Fridge,8,17,6,9,1.13,0.0,0.3545833333333334
Fridge,9,17,6,9,0.48,1.13,0.33875000000000005
Fridge,10,17,6,9,0.0,0.48,0.3470833333333334
Fridge,11,17,6,9,0.2,0.0,0.33083333333333337
Fridge,12,17,6,9,0.0,0.2,0.35166666666666674
Fridge,13,17,6,9,0.5,0.0,0.35166666666666674
Fridge,14,17,6,9,0.0,0.5,0.3366666666666667
Fridge,15,17,6,9,0.25,0.0,0.34666666666666673
Fridge,16,17,6,9,0.24,0.25,0.37333333333333335
Fridge,17,17,6,9,0.87,0.24,0.3583333333333334
Fridge,18,17,6,9,0.0,0.87,0.42666666666666675
Fridge,19,17,6,9,1.64,0.0,0.43416666666666676
Fridge,20,17,6,9,0.49,1.64,0.43750000000000006
Fridge,21,17,6,9,0.4,0.49,0.4025000000000001
Fridge,22,17,6,9,0.41,0.4,0.38541666666666674
Fridge,23,17,6,9,0.0,0.41,0.3804166666666667
Fridge,0,18,0,9,0.31,0.0,0.37333333333333335
Fridge,1,18,0,9,0.0,0.31,0.3466666666666667
Fridge,2,18,0,9,0.0,0.0,0.3645833333333333
Fridge,3,18,0,9,0.43,0.0,0.3529166666666667
Fridge,4,18,0,9,0.0,0.43,0.31291666666666673
Fridge,5,18,0,9,0.0,0.0,0.3316666666666667
Fridge,6,18,0,9,0.61,0.0,0.35125000000000006
Fridge,7,18,0,9,0.47,0.61,0.30416666666666675
Fridge,8,18,0,9,0.0,0.47,0.28416666666666673
Fridge,9,18,0,9,0.0,0.0,0.29291666666666677
Fridge,10,18,0,9,0.21,0.0,0.2979166666666668
Fridge,11,18,0,9,0.32,0.21,0.30666666666666675
Fridge,12,18,0,9,0.21,0.32,0.29666666666666675
Fridge,13,18,0,9,0.26,0.21,0.3029166666666667
Fridge,14,18,0,9,0.15,0.26,0.3458333333333334
Fridge,15,18,0,9,1.28,0.15,0.3683333333333334
Fridge,16,18,0,9,0.78,1.28,0.3425
Fridge,17,18,0,9,0.25,0.78,0.3529166666666667
Fridge,18,18,0,9,0.25,0.25,0.30416666666666675
Fridge,19,18,0,9,0.47,0.25,0.30250000000000005
Fridge,20,18,0,9,0.45,0.47,0.31916666666666677
Fridge,21,18,0,9,0.8,0.45,0.3112500000000001
Fridge,22,18,0,9,0.22,0.8,0.32250000000000006
Fridge,23,18,0,9,0.27,0.22,0.3429166666666667
Fridge,0,19,1,9,0.8,0.27,0.3429166666666667
Fridge,1,19,1,9,0.0,0.8,0.3429166666666667
Fridge,2,19,1,9,0.0,0.0,0.32500000000000007
Fridge,3,19,1,9,0.0,0.0,0.3475000000000001
Fridge,4,19,1,9,0.54,0.0,0.36500000000000005
Fridge,5,19,1,9,0.42,0.54,0.36125000000000007
Fridge,6,19,1,9,0.52,0.42,0.34166666666666673
Fridge,7,19,1,9,0.0,0.52,0.34166666666666673
Fridge,8,19,1,9,0.0,0.0,0.34166666666666673
Fridge,9,19,1,9,0.0,0.0,0.33291666666666675
Fridge,10,19,1,9,0.0,0.0,0.3195833333333334
Fridge,11,19,1,9,0.0,0.0,0.32750000000000007
Fridge,12,19,1,9,0.4,0.0,0.3579166666666667
Fridge,13,19,1,9,0.99,0.4,0.35166666666666674
Fridge,14,19,1,9,0.0,0.99,0.3045833333333334
Fridge,15,19,1,9,0.15,0.0,0.2720833333333334
Fridge,16,19,1,9,0.0,0.15,0.2754166666666667
Fridge,17,19,1,9,0.3299999999999999,0.0,0.26500000000000007
Fridge,18,19,1,9,0.0,0.3299999999999999,0.25666666666666677
Fridge,19,19,1,9,0.27,0.0,0.26041666666666674
Fridge,20,19,1,9,0.54,0.27,0.22708333333333341
Fridge,21,19,1,9,0.0,0.54,0.22791666666666677
Fridge,22,19,1,9,0.24,0.0,0.22625000000000006
Fridge,23,19,1,9,0.23,0.24,0.2108333333333334
Fridge,0,20,2,9,0.43,0.23,0.2383333333333334
Fridge,1,20,2,9,0.6599999999999999,0.43,0.3050000000000001
Fridge,2,20,2,9,1.6,0.6599999999999999,0.32500000000000007
Fridge,3,20,2,9,0.48,1.6,0.30250000000000005
Fridge,4,20,2,9,0.0,0.48,0.29625000000000007
Fridge,5,20,2,9,0.27,0.0,0.2745833333333334
Fridge,6,20,2,9,0.0,0.27,0.33291666666666675
Fridge,7,20,2,9,1.4,0.0,0.33291666666666675
Fridge,8,20,2,9,0.0,1.4,0.33291666666666675
Fridge,9,20,2,9,0.0,0.0,0.33291666666666675
Fridge,10,20,2,9,0.0,0.0,0.33291666666666675
Fridge,11,20,2,9,0.0,0.0,0.3162500000000001
Fridge,12,20,2,9,0.0,0.0,0.2933333333333334
Fridge,13,20,2,9,0.44,0.0,0.2933333333333334
Fridge,14,20,2,9,0.0,0.44,0.32041666666666674
Fridge,15,20,2,9,0.8,0.0,0.32041666666666674
Fridge,16,20,2,9,0.0,0.8,0.30666666666666675
Fridge,17,20,2,9,0.0,0.0,0.30666666666666675
Fridge,18,20,2,9,0.0,0.0,0.35250000000000004
Fridge,19,20,2,9,1.37,0.0,0.33000000000000007
Fridge,20,20,2,9,0.0,1.37,0.33000000000000007
Fridge,21,20,2,9,0.0,0.0,0.32000000000000006
Fridge,22,20,2,9,0.0,0.0,0.31041666666666673
Fridge,23,20,2,9,0.0,0.0,0.30708333333333343
Fridge,0,21,3,9,0.35,0.0,0.2983333333333334
Fridge,1,21,3,9,0.45,0.35,0.23166666666666677
Fridge,2,21,3,9,0.0,0.45,0.2220833333333334
Fridge,3,21,3,9,0.25,0.0,0.2537500000000001
Fridge,4,21,3,9,0.76,0.25,0.24250000000000008
Fridge,5,21,3,9,0.0,0.76,0.25958333333333344
Fridge,6,21,3,9,0.41,0.0,0.20125000000000007
Fridge,7,21,3,9,0.0,0.41,0.22791666666666677
Fridge,8,21,3,9,0.64,0.0,0.24083333333333343
Fridge,9,21,3,9,0.31,0.64,0.2537500000000001
Fridge,10,21,3,9,0.31,0.31,0.2783333333333334
Fridge,11,21,3,9,0.59,0.31,0.2783333333333334
Fridge,12,21,3,9,0.0,0.59,0.2716666666666667
Fridge,13,21,3,9,0.28,0.0,0.2833333333333334
Fridge,14,21,3,9,0.28,0.28,0.25000000000000006
Fridge,15,21,3,9,0.0,0.28,0.2770833333333334
Fridge,16,21,3,9,0.65,0.0,0.2770833333333334
Fridge,17,21,3,9,0.0,0.65,0.2979166666666668
Fridge,18,21,3,9,0.5,0.0,0.2591666666666667
Fridge,19,21,3,9,0.44,0.5,0.2795833333333334
Fridge,20,21,3,9,0.49,0.44,0.2895833333333334
Fridge,21,21,3,9,0.24,0.49,0.3033333333333334
Fridge,22,21,3,9,0.33,0.24,0.31916666666666677
Fridge,23,21,3,9,0.38,0.33,0.30458333333333343
Fridge,0,22,4,9,0.0,0.38,0.28583333333333344
Fridge,1,22,4,9,0.0,0.0,0.28583333333333344
Fridge,2,22,4,9,0.0,0.0,0.31541666666666673
Fridge,3,22,4,9,0.96,0.0,0.2837500000000001
Fridge,4,22,4,9,0.0,0.96,0.32416666666666677
Fridge,5,22,4,9,0.97,0.0,0.31541666666666673
Fridge,6,22,4,9,0.2,0.97,0.31541666666666673
Fridge,7,22,4,9,0.0,0.2,0.3216666666666667
Fridge,8,22,4,9,0.79,0.0,0.3137500000000001
Fridge,9,22,4,9,0.12,0.79,0.31750000000000006
Fridge,10,22,4,9,0.4,0.12,0.2929166666666667
Fridge,11,22,4,9,0.0,0.4,0.2983333333333334
Fridge,12,22,4,9,0.13,0.0,0.3054166666666667
Fridge,13,22,4,9,0.45,0.13,0.30916666666666676
Fridge,14,22,4,9,0.37,0.45,0.30916666666666676
Fridge,15,22,4,9,0.0,0.37,0.2820833333333334
Fridge,16,22,4,9,0.0,0.0,0.29250000000000004
Fridge,17,22,4,9,0.25,0.0,0.28250000000000003
Fridge,18,22,4,9,0.26,0.25,0.2641666666666667
Fridge,19,22,4,9,0.0,0.26,0.2562500000000001
Fridge,20,22,4,9,0.3,0.0,0.24625000000000008
Fridge,21,22,4,9,0.0,0.3,0.28166666666666673
Fridge,22,22,4,9,1.1800000000000002,0.0,0.27875000000000005
Fridge,23,22,4,9,0.31,1.1800000000000002,0.28666666666666674
Fridge,0,23,5,9,0.19,0.31,0.3020833333333334
Fridge,1,23,5,9,0.37,0.19,0.3020833333333334
Fridge,2,23,5,9,0.0,0.37,0.2620833333333334
Fridge,3,23,5,9,0.0,0.0,0.2620833333333334
Fridge,4,23,5,9,0.0,0.0,0.2525000000000001
Fridge,5,23,5,9,0.74,0.0,0.24416666666666675
Fridge,6,23,5,9,0.0,0.74,0.24416666666666675
Fridge,7,23,5,9,0.0,0.0,0.23125000000000007
Fridge,8,23,5,9,0.48,0.0,0.25666666666666677
Fridge,9,23,5,9,0.73,0.48,0.2504166666666668
Fridge,10,23,5,9,0.25,0.73,0.2620833333333334
Fridge,11,23,5,9,0.28,0.25,0.2716666666666668
Fridge,12,23,5,9,0.36,0.28,0.2766666666666668
Fridge,13,23,5,9,0.5700000000000001,0.36,0.2887500000000001
Fridge,14,23,5,9,0.66,0.5700000000000001,0.3695833333333334
Fridge,15,23,5,9,1.94,0.66,0.3875000000000001
Fridge,16,23,5,9,0.43,1.94,0.37708333333333344
Fridge,17,23,5,9,0.0,0.43,0.3912500000000001
Fridge,18,23,5,9,0.6000000000000001,0.0,0.40666666666666673
Fridge,19,23,5,9,0.37,0.6000000000000001,0.4108333333333334
Fridge,20,23,5,9,0.4,0.37,0.4291666666666667
Fridge,21,23,5,9,0.44,0.4,0.3870833333333334
Fridge,22,23,5,9,0.17,0.44,0.3741666666666667
Fridge,23,23,5,9,0.0,0.17,0.36625
Fridge,0,24,6,9,0.0,0.0,0.36125000000000007
Fridge,1,24,6,9,0.25,0.0,0.3691666666666668
Fridge,2,24,6,9,0.19,0.25,0.37583333333333346
Fridge,3,24,6,9,0.16,0.19,0.4137500000000001
Fridge,4,24,6,9,0.91,0.16,0.3829166666666668
Fridge,5,24,6,9,0.0,0.91,0.4116666666666668
Fridge,6,24,6,9,0.69,0.0,0.4279166666666668
Fridge,7,24,6,9,0.39,0.69,0.42458333333333337
Fridge,8,24,6,9,0.4,0.39,0.40666666666666673
Fridge,9,24,6,9,0.3,0.4,0.39625000000000005
Fridge,10,24,6,9,0.0,0.3,0.38458333333333344
Fridge,11,24,6,9,0.0,0.0,0.41583333333333333
Fridge,12,24,6,9,1.11,0.0,0.4250000000000001
Fridge,13,24,6,9,0.79,1.11,0.4104166666666667
Fridge,14,24,6,9,0.31,0.79,0.3554166666666667
Fridge,15,24,6,9,0.62,0.31,0.37708333333333344
Fridge,16,24,6,9,0.95,0.62,0.38625000000000004
Fridge,17,24,6,9,0.22,0.95,0.3933333333333335
Fridge,18,24,6,9,0.77,0.22,0.37791666666666673
Fridge,19,24,6,9,0.0,0.77,0.36125000000000007
Fridge,20,24,6,9,0.0,0.0,0.34291666666666676
Fridge,21,24,6,9,0.0,0.0,0.35291666666666677
Fridge,22,24,6,9,0.41,0.0,0.3654166666666667
Fridge,23,24,6,9,0.3,0.41,0.3654166666666667
Fridge,0,25,0,9,0.0,0.3,0.3787500000000001
Fridge,1,25,0,9,0.5700000000000001,0.0,0.38500000000000006
Fridge,2,25,0,9,0.34,0.5700000000000001,0.39250000000000007
Fridge,3,25,0,9,0.34,0.34,0.36708333333333343
Fridge,4,25,0,9,0.3,0.34,0.3995833333333334
Fridge,5,25,0,9,0.78,0.3,0.3708333333333334
Fridge,6,25,0,9,0.0,0.78,0.37666666666666676
Fridge,7,25,0,9,0.53,0.0,0.37375
Fridge,8,25,0,9,0.33,0.53,0.3808333333333334
Fridge,9,25,0,9,0.47,0.33,0.4004166666666668
Fridge,10,25,0,9,0.47,0.47,0.4095833333333334
Fridge,11,25,0,9,0.22,0.47,0.3712500000000001
Fridge,12,25,0,9,0.19,0.22,0.3645833333333334
Fridge,13,25,0,9,0.63,0.19,0.37416666666666676
Fridge,14,25,0,9,0.54,0.63,0.3587500000000001
Fridge,15,25,0,9,0.25,0.54,0.3191666666666667
Fridge,16,25,0,9,0.0,0.25,0.31000000000000005
Fridge,17,25,0,9,0.0,0.0,0.2920833333333334
Fridge,18,25,0,9,0.34,0.0,0.34625
Fridge,19,25,0,9,1.3,0.34,0.34625
Fridge,20,25,0,9,0.0,1.3,0.35375000000000006
Fridge,21,25,0,9,0.18,0.0,0.36041666666666666
Fridge,22,25,0,9,0.57,0.18,0.3654166666666667
Fridge,23,25,0,9,0.42,0.57,0.3908333333333334
Fridge,0,26,1,9,0.61,0.42,0.36708333333333343
Fridge,1,26,1,9,0.0,0.61,0.38333333333333347
Fridge,2,26,1,9,0.73,0.0,0.3691666666666668
Fridge,3,26,1,9,0.0,0.73,0.35666666666666674
Fridge,4,26,1,9,0.0,0.0,0.32416666666666677
Fridge,5,26,1,9,0.0,0.0,0.34125000000000005
Fridge,6,26,1,9,0.41,0.0,0.3333333333333334
Fridge,7,26,1,9,0.3399999999999999,0.41,0.3195833333333334
Fridge,8,26,1,9,0.0,0.3399999999999999,0.3000000000000001
Fridge,9,26,1,9,0.0,0.0,0.2804166666666667
Fridge,10,26,1,9,0.0,0.0,0.31000000000000005
Fridge,11,26,1,9,0.93,0.0,0.3220833333333334
Fridge,12,26,1,9,0.48,0.93,0.2958333333333334
Fridge,13,26,1,9,0.0,0.48,0.2733333333333334
Fridge,14,26,1,9,0.0,0.0,0.2758333333333334
Fridge,15,26,1,9,0.31,0.0,0.2879166666666667
Fridge,16,26,1,9,0.29,0.31,0.3045833333333334
Fridge,17,26,1,9,0.4,0.29,0.29500000000000004
Fridge,18,26,1,9,0.11,0.4,0.2520833333333334
Fridge,19,26,1,9,0.27,0.11,0.2520833333333334
Fridge,20,26,1,9,0.0,0.27,0.2725000000000001
Fridge,21,26,1,9,0.6699999999999999,0.0,0.2654166666666667
Fridge,22,26,1,9,0.4,0.6699999999999999,0.25833333333333336
Fridge,23,26,1,9,0.25,0.4,0.28250000000000003
Fridge,0,27,2,9,1.19,0.25,0.3029166666666667
Fridge,1,27,2,9,0.49,1.19,0.29125000000000006
Fridge,2,27,2,9,0.45,0.49,0.31791666666666674
Fridge,3,27,2,9,0.64,0.45,0.3379166666666667
Fridge,4,27,2,9,0.48,0.64,0.3379166666666667
Fridge,5,27,2,9,0.0,0.48,0.3320833333333334
Fridge,6,27,2,9,0.27,0.0,0.33375000000000005
Fridge,7,27,2,9,0.38,0.27,0.3608333333333334
Fridge,8,27,2,9,0.65,0.38,0.3791666666666667
Fridge,9,27,2,9,0.44,0.65,0.3791666666666667
Fridge,10,27,2,9,0.0,0.44,0.35208333333333347
Fridge,11,27,2,9,0.28,0.0,0.3320833333333334
Fridge,12,27,2,9,0.0,0.28,0.3320833333333334
Fridge,13,27,2,9,0.0,0.0,0.3320833333333334
Fridge,14,27,2,9,0.0,0.0,0.31916666666666677
Fridge,15,27,2,9,0.0,0.0,0.3216666666666667
Fridge,16,27,2,9,0.35,0.0,0.30500000000000005
Fridge,17,27,2,9,0.0,0.35,0.31375000000000003
Fridge,18,27,2,9,0.32,0.0,0.30250000000000005
Fridge,19,27,2,9,0.0,0.32,0.30250000000000005
Fridge,20,27,2,9,0.0,0.0,0.2745833333333334
Fridge,21,27,2,9,0.0,0.0,0.25791666666666674
Fridge,22,27,2,9,0.0,0.0,0.24750000000000005
Fridge,23,27,2,9,0.0,0.0,0.19791666666666674
Fridge,0,28,3,9,0.0,0.0,0.17750000000000007
Fridge,1,28,3,9,0.0,0.0,0.15875000000000006
Fridge,2,28,3,9,0.0,0.0,0.15000000000000008
Fridge,3,28,3,9,0.43,0.0,0.15000000000000008
Fridge,4,28,3,9,0.48,0.43,0.17625000000000005
Fridge,5,28,3,9,0.63,0.48,0.17458333333333342
Fridge,6,28,3,9,0.23,0.63,0.17166666666666672
Fridge,7,28,3,9,0.31,0.23,0.16041666666666674
Fridge,8,28,3,9,0.38,0.31,0.1558333333333334
Fridge,9,28,3,9,0.33,0.38,0.1720833333333334
Fridge,10,28,3,9,0.39,0.33,0.17333333333333337
Fridge,11,28,3,9,0.31,0.39,0.21708333333333338
Fridge,12,28,3,9,1.05,0.31,0.22416666666666674
Fridge,13,28,3,9,0.17,1.05,0.22416666666666674
Fridge,14,28,3,9,0.0,0.17,0.25500000000000006
Fridge,15,28,3,9,0.74,0.0,0.26000000000000006
Fridge,16,28,3,9,0.47,0.74,0.2716666666666667
Fridge,17,28,3,9,0.28,0.47,0.25833333333333336
Fridge,18,28,3,9,0.0,0.28,0.25833333333333336
Fridge,19,28,3,9,0.0,0.0,0.27375000000000005
Fridge,20,28,3,9,0.37,0.0,0.3058333333333334
Fridge,21,28,3,9,0.77,0.37,0.33125000000000004
Fridge,22,28,3,9,0.61,0.77,0.33125000000000004
Fridge,23,28,3,9,0.0,0.61,0.33125000000000004
Fridge,0,29,4,9,0.0,0.0,0.33125000000000004
Fridge,1,29,4,9,0.0,0.0,0.3470833333333334
Fridge,2,29,4,9,0.38,0.0,0.3291666666666668
Fridge,3,29,4,9,0.0,0.38,0.30916666666666676
Fridge,4,29,4,9,0.0,0.0,0.29166666666666674
Fridge,5,29,4,9,0.21,0.0,0.3008333333333334
Fridge,6,29,4,9,0.45,0.21,0.2879166666666667
Fridge,7,29,4,9,0.0,0.45,0.29416666666666674
Fridge,8,29,4,9,0.53,0.0,0.2979166666666667
Fridge,9,29,4,9,0.42,0.53,0.28166666666666673
Fridge,10,29,4,9,0.0,0.42,0.2775
Fridge,11,29,4,9,0.21,0.0,0.2733333333333334
Fridge,12,29,4,9,0.95,0.21,0.26625000000000004
Fridge,13,29,4,9,0.0,0.95,0.28958333333333336
Fridge,14,29,4,9,0.56,0.0,0.2691666666666667
Fridge,15,29,4,9,0.25,0.56,0.2687500000000001
Fridge,16,29,4,9,0.46,0.25,0.3162500000000001
Fridge,17,29,4,9,1.42,0.46,0.3358333333333334
Fridge,18,29,4,9,0.47,1.42,0.3820833333333334
Fridge,19,29,4,9,1.11,0.47,0.40583333333333343
Fridge,20,29,4,9,0.94,1.11,0.37375
Fridge,21,29,4,9,0.0,0.94,0.3483333333333334
Fridge,22,29,4,9,0.0,0.0,0.3483333333333334
Fridge,23,29,4,9,0.0,0.0,0.3679166666666667
Fridge,0,30,5,9,0.47,0.0,0.3679166666666667
Fridge,1,30,5,9,0.0,0.47,0.3654166666666667
Fridge,2,30,5,9,0.32,0.0,0.3758333333333333
Fridge,3,30,5,9,0.25,0.32,0.3858333333333333
Fridge,4,30,5,9,0.24,0.25,0.3970833333333334
Fridge,5,30,5,9,0.48,0.24,0.39291666666666675
Fridge,6,30,5,9,0.35,0.48,0.4104166666666667
Fridge,7,30,5,9,0.42,0.35,0.4054166666666667
Fridge,8,30,5,9,0.41,0.42,0.40416666666666673
Fridge,9,30,5,9,0.39,0.41,0.4108333333333334
Fridge,10,30,5,9,0.16,0.39,0.45625000000000004
Fridge,11,30,5,9,1.2999999999999998,0.16,0.4166666666666667
Fridge,12,30,5,9,0.0,1.2999999999999998,0.45458333333333334
Fridge,13,30,5,9,0.91,0.0,0.4641666666666668
Fridge,14,30,5,9,0.79,0.91,0.49541666666666667
Fridge,15,30,5,9,1.0,0.79,0.47625000000000006
Fridge,16,30,5,9,0.0,1.0,0.4504166666666667
Fridge,17,30,5,9,0.8,0.0,0.43875000000000003
Fridge,18,30,5,9,0.19,0.8,0.4116666666666667
Fridge,19,30,5,9,0.46,0.19,0.39250000000000007
Fridge,20,30,5,9,0.48,0.46,0.41291666666666677
Fridge,21,30,5,9,0.49,0.48,0.4316666666666667
Fridge,22,30,5,9,0.45,0.49,0.4566666666666667
Fridge,23,30,5,9,0.6,0.45,0.46375000000000005
Fridge,0,1,6,10,0.64,0.6,0.46375000000000005
Fridge,1,1,6,10,0.0,0.64,0.45583333333333337
Fridge,2,1,6,10,0.13,0.0,0.44541666666666674
Fridge,3,1,6,10,0.0,0.13,0.455
Fridge,4,1,6,10,0.47,0.0,0.43500000000000005
Fridge,5,1,6,10,0.0,0.47,0.4479166666666667
Fridge,6,1,6,10,0.66,0.0,0.43541666666666673
Fridge,7,1,6,10,0.12,0.66,0.41833333333333345
Fridge,8,1,6,10,0.0,0.12,0.4020833333333334
Fridge,9,1,6,10,0.0,0.0,0.40541666666666676
Fridge,10,1,6,10,0.24,0.0,0.3891666666666667
Fridge,11,1,6,10,0.91,0.24,0.40208333333333335
Fridge,12,1,6,10,0.31,0.91,0.3691666666666667
Fridge,13,1,6,10,0.12,0.31,0.35333333333333344
Fridge,14,1,6,10,0.41,0.12,0.3195833333333334
Fridge,15,1,6,10,0.19,0.41,0.35416666666666674
Fridge,16,1,6,10,0.8300000000000001,0.19,0.3333333333333334
Fridge,17,1,6,10,0.3,0.8300000000000001,0.32541666666666674
Fridge,18,1,6,10,0.0,0.3,0.32041666666666674
Fridge,19,1,6,10,0.34,0.0,0.3004166666666667
Fridge,20,1,6,10,0.0,0.34,0.34041666666666676
Fridge,21,1,6,10,1.45,0.0,0.33083333333333337
Fridge,22,1,6,10,0.22,1.45,0.3137500000000001
Fridge,23,1,6,10,0.19,0.22,0.3029166666666667
Fridge,0,2,0,10,0.38,0.19,0.31500000000000006
Fridge,1,2,0,10,0.29,0.38,0.3095833333333334
Fridge,2,2,0,10,0.0,0.29,0.3454166666666667
Fridge,3,2,0,10,0.86,0.0,0.3258333333333334
Fridge,4,2,0,10,0.0,0.86,0.35333333333333344
Fridge,5,2,0,10,0.6599999999999999,0.0,0.32583333333333336
Fridge,6,2,0,10,0.0,0.6599999999999999,0.32083333333333336
Fridge,7,2,0,10,0.0,0.0,0.32083333333333336
Fridge,8,2,0,10,0.0,0.0,0.3491666666666667
Fridge,9,2,0,10,0.68,0.0,0.33916666666666667
Fridge,10,2,0,10,0.0,0.68,0.3012500000000001
Fridge,11,2,0,10,0.0,0.0,0.30916666666666676
Fridge,12,2,0,10,0.5,0.0,0.3191666666666667
Fridge,13,2,0,10,0.36,0.5,0.3062500000000001
Fridge,14,2,0,10,0.1,0.36,0.3145833333333334
Fridge,15,2,0,10,0.39,0.1,0.3008333333333334
Fridge,16,2,0,10,0.5,0.39,0.2979166666666668
Fridge,17,2,0,10,0.23,0.5,0.3387500000000001
Fridge,18,2,0,10,0.98,0.23,0.3245833333333334
Fridge,19,2,0,10,0.0,0.98,0.3245833333333334
Fridge,20,2,0,10,0.0,0.0,0.2641666666666667
Fridge,21,2,0,10,0.0,0.0,0.2820833333333334
Fridge,22,2,0,10,0.65,0.0,0.2741666666666667
Fridge,23,2,0,10,0.0,0.65,0.26625000000000004
Fridge,0,3,1,10,0.19,0.0,0.26000000000000006
Fridge,1,3,1,10,0.14,0.19,0.26000000000000006
Fridge,2,3,1,10,0.0,0.14,0.22416666666666676
Fridge,3,3,1,10,0.0,0.0,0.22416666666666676
Fridge,4,3,1,10,0.0,0.0,0.2395833333333334
Fridge,5,3,1,10,1.03,0.0,0.28291666666666676
Fridge,6,3,1,10,1.04,1.03,0.28291666666666676
Fridge,7,3,1,10,0.0,1.04,0.3083333333333334
Fridge,8,3,1,10,0.61,0.0,0.2979166666666667
Fridge,9,3,1,10,0.43,0.61,0.2979166666666667
Fridge,10,3,1,10,0.0,0.43,0.2979166666666667
Fridge,11,3,1,10,0.0,0.0,0.32000000000000006
Fridge,12,3,1,10,1.03,0.0,0.3129166666666668
Fridge,13,3,1,10,0.19,1.03,0.34208333333333335
Fridge,14,3,1,10,0.8,0.19,0.3258333333333334
Fridge,15,3,1,10,0.0,0.8,0.3187500000000001
Fridge,16,3,1,10,0.33,0.0,0.3241666666666667
Fridge,17,3,1,10,0.36,0.33,0.2833333333333334
Fridge,18,3,1,10,0.0,0.36,0.2833333333333334
Fridge,19,3,1,10,0.0,0.0,0.29291666666666677
Fridge,20,3,1,10,0.23,0.0,0.29291666666666677
Fridge,21,3,1,10,0.0,0.23,0.27916666666666673
Fridge,22,3,1,10,0.32,0.0,0.31000000000000005
Fridge,23,3,1,10,0.74,0.32,0.3020833333333334
Fridge,0,4,2,10,0.0,0.74,0.3116666666666667
Fridge,1,4,2,10,0.37,0.0,0.3116666666666667
Fridge,2,4,2,10,0.0,0.37,0.3262500000000001
Fridge,3,4,2,10,0.35,0.0,0.3866666666666667
Fridge,4,4,2,10,1.45,0.35,0.34375000000000006
Fridge,5,4,2,10,0.0,1.45,0.3150000000000001
Fridge,6,4,2,10,0.35,0.0,0.3150000000000001
Fridge,7,4,2,10,0.0,0.35,0.29666666666666675
Fridge,8,4,2,10,0.17,0.0,0.29375000000000007
Fridge,9,4,2,10,0.36,0.17,0.32166666666666677
Fridge,10,4,2,10,0.67,0.36,0.33291666666666675
Fridge,11,4,2,10,0.27,0.67,0.2900000000000001
Fridge,12,4,2,10,0.0,0.27,0.2929166666666667
Fridge,13,4,2,10,0.26,0.0,0.2833333333333334
Fridge,14,4,2,10,0.5700000000000001,0.26,0.2833333333333334
Fridge,15,4,2,10,0.0,0.5700000000000001,0.2783333333333334
Fridge,16,4,2,10,0.21,0.0,0.2633333333333334
Fridge,17,4,2,10,0.0,0.21,0.2633333333333334
Fridge,18,4,2,10,0.0,0.0,0.2700000000000001
Fridge,19,4,2,10,0.16,0.0,0.29625000000000007
Fridge,20,4,2,10,0.8600000000000001,0.16,0.32291666666666674
Fridge,21,4,2,10,0.64,0.8600000000000001,0.3212500000000001
Fridge,22,4,2,10,0.28,0.64,0.3000000000000001
Fridge,23,4,2,10,0.2299999999999999,0.28,0.32416666666666677
Fridge,0,5,3,10,0.5800000000000001,0.2299999999999999,0.32291666666666674
Fridge,1,5,3,10,0.34,0.5800000000000001,0.32291666666666674
Fridge,2,5,3,10,0.0,0.34,0.3083333333333334
Fridge,3,5,3,10,0.0,0.0,0.24791666666666676
Fridge,4,5,3,10,0.0,0.0,0.25708333333333344
Fridge,5,5,3,10,0.22,0.0,0.24250000000000008
Fridge,6,5,3,10,0.0,0.22,0.24250000000000008
Fridge,7,5,3,10,0.0,0.0,0.27333333333333343
Fridge,8,5,3,10,0.91,0.0,0.29083333333333344
Fridge,9,5,3,10,0.78,0.91,0.2716666666666668
Fridge,10,5,3,10,0.21,0.78,0.26041666666666674
Fridge,11,5,3,10,0.0,0.21,0.2787500000000001
Fridge,12,5,3,10,0.44,0.0,0.2737500000000001
Fridge,13,5,3,10,0.14,0.44,0.25000000000000006
Fridge,14,5,3,10,0.0,0.14,0.2562500000000001
Fridge,15,5,3,10,0.15,0.0,0.2691666666666667
Fridge,16,5,3,10,0.52,0.15,0.29666666666666675
Fridge,17,5,3,10,0.66,0.52,0.3162500000000001
Fridge,18,5,3,10,0.47,0.66,0.34375000000000006
Fridge,19,5,3,10,0.8200000000000001,0.47,0.33000000000000007
Fridge,20,5,3,10,0.53,0.8200000000000001,0.32208333333333344
Fridge,21,5,3,10,0.45,0.53,0.31750000000000006
Fridge,22,5,3,10,0.17,0.45,0.3162500000000001
Fridge,23,5,3,10,0.2,0.17,0.3375000000000001
Fridge,0,6,4,10,1.09,0.2,0.3362500000000001
Fridge,1,6,4,10,0.31,1.09,0.3645833333333334
Fridge,2,6,4,10,0.6799999999999999,0.31,0.3704166666666668
Fridge,3,6,4,10,0.14,0.6799999999999999,0.3704166666666668
Fridge,4,6,4,10,0.0,0.14,0.36125000000000007
Fridge,5,6,4,10,0.0,0.0,0.37500000000000006
Fridge,6,6,4,10,0.33,0.0,0.4108333333333334
Fridge,7,6,4,10,0.86,0.33,0.3808333333333334
Fridge,8,6,4,10,0.19,0.86,0.3525000000000001
Fridge,9,6,4,10,0.1,0.19,0.3691666666666667
Fridge,10,6,4,10,0.61,0.1,0.3691666666666667
Fridge,11,6,4,10,0.0,0.61,0.36625000000000013
Fridge,12,6,4,10,0.37,0.0,0.3687500000000001
Fridge,13,6,4,10,0.2,0.37,0.3804166666666667
Fridge,14,6,4,10,0.28,0.2,0.37416666666666676
Fridge,15,6,4,10,0.0,0.28,0.3604166666666668
Fridge,16,6,4,10,0.19,0.0,0.3654166666666668
Fridge,17,6,4,10,0.78,0.19,0.34583333333333344
Fridge,18,6,4,10,0.0,0.78,0.3325000000000001
Fridge,19,6,4,10,0.5,0.0,0.31041666666666673
Fridge,20,6,4,10,0.0,0.5,0.30666666666666675
Fridge,21,6,4,10,0.36,0.0,0.31541666666666673
Fridge,22,6,4,10,0.38,0.36,0.30708333333333343
Fridge,23,6,4,10,0.0,0.38,0.28583333333333344
Fridge,0,7,5,10,0.58,0.0,0.29333333333333345
Fridge,1,7,5,10,0.49,0.58,0.26500000000000007
Fridge,2,7,5,10,0.0,0.49,0.29083333333333344
Fridge,3,7,5,10,0.76,0.0,0.3083333333333334
Fridge,4,7,5,10,0.42,0.76,0.3083333333333334
Fridge,5,7,5,10,0.0,0.42,0.31416666666666676
Fridge,6,7,5,10,0.47,0.0,0.2783333333333334
Fridge,7,7,5,10,0.0,0.47,0.27791666666666676
Fridge,8,7,5,10,0.18,0.0,0.27375000000000005
Fridge,9,7,5,10,0.0,0.18,0.2483333333333334
Fridge,10,7,5,10,0.0,0.0,0.2641666666666667
Fridge,11,7,5,10,0.38,0.0,0.2487500000000001
Fridge,12,7,5,10,0.0,0.38,0.26625000000000004
Fridge,13,7,5,10,0.62,0.0,0.26250000000000007
Fridge,14,7,5,10,0.19,0.62,0.2800000000000001
Fridge,15,7,5,10,0.42,0.19,0.2720833333333334
Fridge,16,7,5,10,0.0,0.42,0.25000000000000006
Fridge,17,7,5,10,0.25,0.0,0.25000000000000006
Fridge,18,7,5,10,0.0,0.25,0.24666666666666673
Fridge,19,7,5,10,0.42,0.0,0.26500000000000007
Fridge,20,7,5,10,0.44,0.42,0.25000000000000006
Fridge,21,7,5,10,0.0,0.44,0.24416666666666673
Fridge,22,7,5,10,0.24,0.0,0.24416666666666673
Fridge,23,7,5,10,0.0,0.24,0.2483333333333334
Fridge,0,8,6,10,0.68,0.0,0.27041666666666675
Fridge,1,8,6,10,1.02,0.68,0.28541666666666676
Fridge,2,8,6,10,0.36,1.02,0.26250000000000007
Fridge,3,8,6,10,0.21,0.36,0.25541666666666674
Fridge,4,8,6,10,0.25,0.21,0.25541666666666674
Fridge,5,8,6,10,0.0,0.25,0.2870833333333334
Fridge,6,8,6,10,1.23,0.0,0.3100000000000001
Fridge,7,8,6,10,0.55,1.23,0.31916666666666677
Fridge,8,8,6,10,0.4,0.55,0.31916666666666677
Fridge,9,8,6,10,0.0,0.4,0.3366666666666667
Fridge,10,8,6,10,0.42,0.0,0.3341666666666667
Fridge,11,8,6,10,0.32,0.42,0.3604166666666668
Fridge,12,8,6,10,0.63,0.32,0.34833333333333344
Fridge,13,8,6,10,0.3299999999999999,0.63,0.34833333333333344
Fridge,14,8,6,10,0.19,0.3299999999999999,0.3425000000000001
Fridge,15,8,6,10,0.28,0.19,0.3500000000000001
Fridge,16,8,6,10,0.18,0.28,0.3495833333333334
Fridge,17,8,6,10,0.24,0.18,0.36125000000000007
Fridge,18,8,6,10,0.28,0.24,0.3583333333333334
Fridge,19,8,6,10,0.35,0.28,0.3400000000000001
Fridge,20,8,6,10,0.0,0.35,0.3737500000000001
Fridge,21,8,6,10,0.81,0.0,0.3637500000000001
Fridge,22,8,6,10,0.0,0.81,0.39541666666666675
Fridge,23,8,6,10,0.76,0.0,0.3883333333333334
Fridge,0,9,0,10,0.51,0.76,0.35875000000000007
Fridge,1,9,0,10,0.31,0.51,0.37416666666666676
Fridge,2,9,0,10,0.73,0.31,0.3654166666666668
Fridge,3,9,0,10,0.0,0.73,0.35500000000000015
Fridge,4,9,0,10,0.0,0.0,0.35500000000000015
Fridge,5,9,0,10,0.0,0.0,0.30375000000000013
Fridge,6,9,0,10,0.0,0.0,0.28083333333333343
Fridge,7,9,0,10,0.0,0.0,0.2641666666666667
Fridge,8,9,0,10,0.0,0.0,0.2775000000000001
Fridge,9,9,0,10,0.32,0.0,0.2658333333333334
Fridge,10,9,0,10,0.14,0.32,0.2637500000000001
Fridge,11,9,0,10,0.27,0.14,0.26750000000000007
Fridge,12,9,0,10,0.72,0.27,0.26500000000000007
Fridge,13,9,0,10,0.27,0.72,0.26291666666666674
Fridge,14,9,0,10,0.14,0.27,0.2512500000000001
Fridge,15,9,0,10,0.0,0.14,0.2483333333333334
Fridge,16,9,0,10,0.11,0.0,0.24708333333333343
Fridge,17,9,0,10,0.21,0.11,0.24750000000000008
Fridge,18,9,0,10,0.29,0.21,0.2620833333333334
Fridge,19,9,0,10,0.7,0.29,0.2770833333333334
Fridge,20,9,0,10,0.36,0.7,0.2645833333333334
Fridge,21,9,0,10,0.51,0.36,0.2645833333333334
Fridge,22,9,0,10,0.0,0.51,0.24500000000000008
Fridge,23,9,0,10,0.29,0.0,0.23750000000000004
Fridge,0,10,1,10,0.33,0.29,0.23916666666666675
Fridge,1,10,1,10,0.35,0.33,0.20875000000000007
Fridge,2,10,1,10,0.0,0.35,0.24041666666666672
Fridge,3,10,1,10,0.76,0.0,0.24041666666666672
Fridge,4,10,1,10,0.0,0.76,0.24958333333333338
Fridge,5,10,1,10,0.22,0.0,0.2562500000000001
Fridge,6,10,1,10,0.16,0.22,0.26166666666666677
Fridge,7,10,1,10,0.13,0.16,0.2695833333333334
Fridge,8,10,1,10,0.19,0.13,0.26750000000000007
Fridge,9,10,1,10,0.27,0.19,0.28125000000000006
Fridge,10,10,1,10,0.47,0.27,0.2875000000000001
Fridge,11,10,1,10,0.42,0.47,0.25750000000000006
Fridge,12,10,1,10,0.0,0.42,0.26250000000000007
Fridge,13,10,1,10,0.39,0.0,0.2737500000000001
Fridge,14,10,1,10,0.41,0.39,0.2737500000000001
Fridge,15,10,1,10,0.0,0.41,0.3108333333333334
Fridge,16,10,1,10,1.0,0.0,0.3170833333333334
Fridge,17,10,1,10,0.36,1.0,0.30500000000000005
Fridge,18,10,1,10,0.0,0.36,0.2758333333333334
Fridge,19,10,1,10,0.0,0.0,0.2750000000000001
Fridge,20,10,1,10,0.34,0.0,0.2662500000000001
Fridge,21,10,1,10,0.3,0.34,0.31250000000000006
Fridge,22,10,1,10,1.11,0.3,0.31666666666666676
Fridge,23,10,1,10,0.39,1.11,0.31416666666666676
Fridge,0,11,2,10,0.27,0.39,0.32250000000000006
Fridge,1,11,2,10,0.55,0.27,0.3454166666666667
Fridge,2,11,2,10,0.55,0.55,0.3137500000000001
Fridge,3,11,2,10,0.0,0.55,0.34041666666666676
Fridge,4,11,2,10,0.64,0.0,0.34208333333333346
Fridge,5,11,2,10,0.26,0.64,0.3570833333333334
Fridge,6,11,2,10,0.52,0.26,0.38166666666666677
Fridge,7,11,2,10,0.72,0.52,0.38791666666666674
Fridge,8,11,2,10,0.34,0.72,0.37666666666666676
Fridge,9,11,2,10,0.0,0.34,0.38541666666666674
Fridge,10,11,2,10,0.6799999999999999,0.0,0.3916666666666668
Fridge,11,11,2,10,0.5700000000000001,0.6799999999999999,0.40541666666666676
Fridge,12,11,2,10,0.33,0.5700000000000001,0.40833333333333344
Fridge,13,11,2,10,0.46,0.33,0.40625000000000017
Fridge,14,11,2,10,0.36,0.46,0.40625000000000017
Fridge,15,11,2,10,0.0,0.36,0.3791666666666668
Fridge,16,11,2,10,0.35,0.0,0.37000000000000005
Fridge,17,11,2,10,0.14,0.35,0.39000000000000007
Fridge,18,11,2,10,0.48,0.14,0.4104166666666667
Fridge,19,11,2,10,0.49,0.48,0.4408333333333334
Fridge,20,11,2,10,1.07,0.49,0.4479166666666668
Fridge,21,11,2,10,0.47,1.07,0.4208333333333334
Fridge,22,11,2,10,0.46,0.47,0.40458333333333346
Fridge,23,11,2,10,0.0,0.46,0.39833333333333343
Fridge,0,12,3,10,0.12,0.0,0.3754166666666668
Fridge,1,12,3,10,0.0,0.12,0.3525000000000001
Fridge,2,12,3,10,0.0,0.0,0.37666666666666676
Fridge,3,12,3,10,0.58,0.0,0.36208333333333337
Fridge,4,12,3,10,0.29,0.58,0.35125000000000006
Fridge,5,12,3,10,0.0,0.29,0.3400000000000001
Fridge,6,12,3,10,0.25,0.0,0.34333333333333343
Fridge,7,12,3,10,0.8,0.25,0.3366666666666667
Fridge,8,12,3,10,0.18,0.8,0.3587500000000001
Fridge,9,12,3,10,0.53,0.18,0.36625
Fridge,10,12,3,10,0.86,0.53,0.3558333333333334
Fridge,11,12,3,10,0.32,0.86,0.36166666666666675
Fridge,12,12,3,10,0.47,0.32,0.3608333333333334
Fridge,13,12,3,10,0.44,0.47,0.3770833333333334
Fridge,14,12,3,10,0.75,0.44,0.3770833333333334
Fridge,15,12,3,10,0.0,0.75,0.36250000000000004
Fridge,16,12,3,10,0.0,0.0,0.39458333333333345
Fridge,17,12,3,10,0.91,0.0,0.37458333333333343
Fridge,18,12,3,10,0.0,0.91,0.4050000000000001
Fridge,19,12,3,10,1.22,0.0,0.3683333333333334
Fridge,20,12,3,10,0.19,1.22,0.39458333333333334
Fridge,21,12,3,10,1.1,0.19,0.3804166666666668
Fridge,22,12,3,10,0.12,1.1,0.4150000000000001
Fridge,23,12,3,10,0.8300000000000001,0.12,0.42208333333333337
Fridge,0,13,4,10,0.29,0.8300000000000001,0.46833333333333343
Fridge,1,13,4,10,1.11,0.29,0.4829166666666667
Fridge,2,13,4,10,0.35,1.11,0.47541666666666665
Fridge,3,13,4,10,0.4,0.35,0.4633333333333334
Fridge,4,13,4,10,0.0,0.4,0.4633333333333334
Fridge,5,13,4,10,0.0,0.0,0.4529166666666667
Fridge,6,13,4,10,0.0,0.0,0.41958333333333336
Fridge,7,13,4,10,0.0,0.0,0.4420833333333334
Fridge,8,13,4,10,0.72,0.0,0.4333333333333334
Fridge,9,13,4,10,0.32,0.72,0.39750000000000013
Fridge,10,13,4,10,0.0,0.32,0.39833333333333343
Fridge,11,13,4,10,0.34,0.0,0.39791666666666675
Fridge,12,13,4,10,0.46,0.34,0.39458333333333345
Fridge,13,13,4,10,0.36,0.46,0.3787500000000001
Fridge,14,13,4,10,0.37,0.36,0.3912500000000001
Fridge,15,13,4,10,0.3,0.37,0.39625000000000005
Fridge,16,13,4,10,0.12,0.3,0.36416666666666675
Fridge,17,13,4,10,0.14,0.12,0.39333333333333337
Fridge,18,13,4,10,0.7,0.14,0.3679166666666667
Fridge,19,13,4,10,0.61,0.7,0.4408333333333334
Fridge,20,13,4,10,1.94,0.61,0.40083333333333343
Fridge,21,13,4,10,0.14,1.94,0.3958333333333334
Fridge,22,13,4,10,0.0,0.14,0.39125000000000004
Fridge,23,13,4,10,0.72,0.0,0.4150000000000001
Fridge,0,14,5,10,0.86,0.72,0.39958333333333335
Fridge,1,14,5,10,0.74,0.86,0.4116666666666667
Fridge,2,14,5,10,0.64,0.74,0.4008333333333334
Fridge,3,14,5,10,0.14,0.64,0.41333333333333333
Fridge,4,14,5,10,0.3,0.14,0.44791666666666674
Fridge,5,14,5,10,0.83,0.3,0.4595833333333334
Fridge,6,14,5,10,0.28,0.83,0.47458333333333336
Fridge,7,14,5,10,0.36,0.28,0.4445833333333334
Fridge,8,14,5,10,0.0,0.36,0.47791666666666677
Fridge,9,14,5,10,1.12,0.0,0.47791666666666677
Fridge,10,14,5,10,0.0,1.12,0.4950000000000001
Fridge,11,14,5,10,0.75,0.0,0.4758333333333334
Fridge,12,14,5,10,0.0,0.75,0.46083333333333343
Fridge,13,14,5,10,0.0,0.0,0.44541666666666674
Fridge,14,14,5,10,0.0,0.0,0.45
Fridge,15,14,5,10,0.41,0.0,0.44500000000000006
Fridge,16,14,5,10,0.0,0.41,0.45250000000000007
Fridge,17,14,5,10,0.32,0.0,0.4233333333333334
Fridge,18,14,5,10,0.0,0.32,0.3979166666666667
Fridge,19,14,5,10,0.0,0.0,0.335
Fridge,20,14,5,10,0.43,0.0,0.3675000000000001
Fridge,21,14,5,10,0.92,0.43,0.38500000000000006
Fridge,22,14,5,10,0.42,0.92,0.3687500000000001
Fridge,23,14,5,10,0.33,0.42,0.3658333333333334
Fridge,0,15,6,10,0.79,0.33,0.36166666666666675
Fridge,1,15,6,10,0.64,0.79,0.335
Fridge,2,15,6,10,0.0,0.64,0.3491666666666667
Fridge,3,15,6,10,0.48,0.0,0.3366666666666667
Fridge,4,15,6,10,0.0,0.48,0.3166666666666667
Fridge,5,15,6,10,0.35,0.0,0.3050000000000001
Fridge,6,15,6,10,0.0,0.35,0.3050000000000001
Fridge,7,15,6,10,0.36,0.0,0.3100000000000001
Fridge,8,15,6,10,0.12,0.36,0.2633333333333334
Fridge,9,15,6,10,0.0,0.12,0.2900000000000001
Fridge,10,15,6,10,0.64,0.0,0.2587500000000001
Fridge,11,15,6,10,0.0,0.64,0.2587500000000001
Fridge,12,15,6,10,0.0,0.0,0.27041666666666675
Fridge,13,15,6,10,0.28,0.0,0.28791666666666677
Fridge,14,15,6,10,0.42,0.28,0.29750000000000004
Fridge,15,15,6,10,0.64,0.42,0.29750000000000004
Fridge,16,15,6,10,0.0,0.64,0.31958333333333344
Fridge,17,15,6,10,0.85,0.0,0.3279166666666667
Fridge,18,15,6,10,0.2,0.85,0.3479166666666667
Fridge,19,15,6,10,0.48,0.2,0.34166666666666673
Fridge,20,15,6,10,0.28,0.48,0.3187500000000001
Fridge,21,15,6,10,0.37,0.28,0.3158333333333334
Fridge,22,15,6,10,0.35,0.37,0.3020833333333334
Fridge,23,15,6,10,0.0,0.35,0.2691666666666667
Fridge,0,16,0,10,0.0,0.0,0.25666666666666677
Fridge,1,16,0,10,0.34,0.0,0.2750000000000001
Fridge,2,16,0,10,0.44,0.34,0.2658333333333334
Fridge,3,16,0,10,0.26,0.44,0.29250000000000004
Fridge,4,16,0,10,0.64,0.26,0.2933333333333334
Fridge,5,16,0,10,0.37,0.64,0.3137500000000001
Fridge,6,16,0,10,0.49,0.37,0.29875000000000007
Fridge,7,16,0,10,0.0,0.49,0.29375000000000007
Fridge,8,16,0,10,0.0,0.0,0.31291666666666673
Fridge,9,16,0,10,0.46,0.0,0.32375000000000004
Fridge,10,16,0,10,0.8999999999999999,0.46,0.35166666666666674
Fridge,11,16,0,10,0.6699999999999999,0.8999999999999999,0.36416666666666675
Fridge,12,16,0,10,0.3,0.6699999999999999,0.37625000000000014
Fridge,13,16,0,10,0.5700000000000001,0.3,0.3950000000000001
Fridge,14,16,0,10,0.87,0.5700000000000001,0.3683333333333334
Fridge,15,16,0,10,0.0,0.87,0.37541666666666673
Fridge,16,16,0,10,0.17,0.0,0.3400000000000001
Fridge,17,16,0,10,0.0,0.17,0.3316666666666667
Fridge,18,16,0,10,0.0,0.0,0.3366666666666667
Fridge,19,16,0,10,0.6,0.0,0.3475000000000001
Fridge,20,16,0,10,0.54,0.6,0.34125000000000005
Fridge,21,16,0,10,0.22,0.54,0.3366666666666667
Fridge,22,16,0,10,0.24,0.22,0.34166666666666673
Fridge,23,16,0,10,0.12,0.24,0.34166666666666673
Fridge,0,17,1,10,0.0,0.12,0.3320833333333334
Fridge,1,17,1,10,0.11,0.0,0.3325000000000001
Fridge,2,17,1,10,0.45,0.11,0.3216666666666667
Fridge,3,17,1,10,0.0,0.45,0.2950000000000001
Fridge,4,17,1,10,0.0,0.0,0.2920833333333334
Fridge,5,17,1,10,0.3,0.0,0.29416666666666674
Fridge,6,17,1,10,0.54,0.3,0.3133333333333334
Fridge,7,17,1,10,0.46,0.54,0.3341666666666667
Fridge,8,17,1,10,0.5,0.46,0.3150000000000001
Fridge,9,17,1,10,0.0,0.5,0.28375000000000006
Fridge,10,17,1,10,0.15,0.0,0.28083333333333343
Fridge,11,17,1,10,0.6,0.15,0.26833333333333337
Fridge,12,17,1,10,0.0,0.6,0.24458333333333337
Fridge,13,17,1,10,0.0,0.0,0.2220833333333334
Fridge,14,17,1,10,0.33,0.0,0.2654166666666668
Fridge,15,17,1,10,1.04,0.33,0.27541666666666675
Fridge,16,17,1,10,0.41,1.04,0.2875000000000001
Fridge,17,17,1,10,0.29,0.41,0.29916666666666675
Fridge,18,17,1,10,0.28,0.29,0.2870833333333334
Fridge,19,17,1,10,0.31,0.28,0.2645833333333334
Fridge,20,17,1,10,0.0,0.31,0.26791666666666675
Fridge,21,17,1,10,0.3,0.0,0.2783333333333334
Fridge,22,17,1,10,0.49,0.3,0.3195833333333334
Fridge,23,17,1,10,1.11,0.49,0.3333333333333334
Fridge,0,18,2,10,0.33,1.11,0.34666666666666673
Fridge,1,18,2,10,0.43,0.33,0.3570833333333334
Fridge,2,18,2,10,0.7,0.43,0.3775000000000001
Fridge,3,18,2,10,0.49,0.7,0.40916666666666673
Fridge,4,18,2,10,0.76,0.49,0.47458333333333336
Fridge,5,18,2,10,1.87,0.76,0.45958333333333345
Fridge,6,18,2,10,0.18,1.87,0.4445833333333334
Fridge,7,18,2,10,0.1,0.18,0.43541666666666673
Fridge,8,18,2,10,0.28,0.1,0.44250000000000006
Fridge,9,18,2,10,0.17,0.28,0.44583333333333336
Fridge,10,18,2,10,0.23,0.17,0.4262500000000001
Fridge,11,18,2,10,0.13,0.23,0.4262500000000001
Fridge,12,18,2,10,0.0,0.13,0.4566666666666667
Fridge,13,18,2,10,0.73,0.0,0.4887500000000001
Fridge,14,18,2,10,1.1,0.73,0.45791666666666675
Fridge,15,18,2,10,0.3,1.1,0.4537500000000001
Fridge,16,18,2,10,0.31,0.3,0.4416666666666667
Fridge,17,18,2,10,0.0,0.31,0.43958333333333344
Fridge,18,18,2,10,0.23,0.0,0.42666666666666675
Fridge,19,18,2,10,0.0,0.23,0.44708333333333344
Fridge,20,18,2,10,0.49,0.0,0.46875000000000006
Fridge,21,18,2,10,0.82,0.49,0.4483333333333334
Fridge,22,18,2,10,0.0,0.82,0.41791666666666677
Fridge,23,18,2,10,0.38,0.0,0.4233333333333334
Fridge,0,19,3,10,0.46,0.38,0.4054166666666667
Fridge,1,19,3,10,0.0,0.46,0.37625000000000003
Fridge,2,19,3,10,0.0,0.0,0.3558333333333334
Fridge,3,19,3,10,0.0,0.0,0.3637500000000001
Fridge,4,19,3,10,0.95,0.0,0.3029166666666668
Fridge,5,19,3,10,0.41,0.95,0.3479166666666667
Fridge,6,19,3,10,1.26,0.41,0.34375000000000006
Fridge,7,19,3,10,0.0,1.26,0.3320833333333334
Fridge,8,19,3,10,0.0,0.0,0.3479166666666667
Fridge,9,19,3,10,0.55,0.0,0.3579166666666667
Fridge,10,19,3,10,0.47,0.55,0.3758333333333334
Fridge,11,19,3,10,0.56,0.47,0.3758333333333334
Fridge,12,19,3,10,0.0,0.56,0.36416666666666675
Fridge,13,19,3,10,0.45,0.0,0.34541666666666676
Fridge,14,19,3,10,0.65,0.45,0.3425000000000001
Fridge,15,19,3,10,0.23,0.65,0.3600000000000001
Fridge,16,19,3,10,0.73,0.23,0.37791666666666673
Fridge,17,19,3,10,0.43,0.73,0.37458333333333343
Fridge,18,19,3,10,0.15,0.43,0.41125000000000006
Fridge,19,19,3,10,0.88,0.15,0.39083333333333337
Fridge,20,19,3,10,0.0,0.88,0.3754166666666668
Fridge,21,19,3,10,0.45,0.0,0.3800000000000001
Fridge,22,19,3,10,0.11,0.45,0.36416666666666675
Fridge,23,19,3,10,0.0,0.11,0.38333333333333347
Fridge,0,20,4,10,0.92,0.0,0.3887500000000001
Fridge,1,20,4,10,0.13,0.92,0.3887500000000001
Fridge,2,20,4,10,0.0,0.13,0.4016666666666668
Fridge,3,20,4,10,0.31,0.0,0.40583333333333343
Fridge,4,20,4,10,1.05,0.31,0.3887500000000001
Fridge,5,20,4,10,0.0,1.05,0.36166666666666675
Fridge,6,20,4,10,0.61,0.0,0.39458333333333345
Fridge,7,20,4,10,0.79,0.61,0.4362500000000001
Fridge,8,20,4,10,1.0,0.79,0.4395833333333334
Fridge,9,20,4,10,0.63,1.0,0.4445833333333334
Fridge,10,20,4,10,0.59,0.63,0.47000000000000003
Fridge,11,20,4,10,1.17,0.59,0.48916666666666675
Fridge,12,20,4,10,0.46,1.17,0.47041666666666676
Fridge,13,20,4,10,0.0,0.46,0.44791666666666674
Fridge,14,20,4,10,0.11,0.0,0.4583333333333334
Fridge,15,20,4,10,0.48,0.11,0.4604166666666667
Fridge,16,20,4,10,0.78,0.48,0.4625000000000001
Fridge,17,20,4,10,0.48,0.78,0.5016666666666667
