hour,day,weekday,month,Outdoor Temperature (C),Household Size,lag_1,lag_24,rolling_mean_24
6,30,0,10,14.6,5,0.2,0.2,0.2
0,10,4,11,34.0,2,0.2,0.2,0.2
14,3,6,12,-9.0,5,0.2,0.2,0.2
15,24,6,12,-2.9,2,0.2,0.2,0.2
17,4,2,1,39.6,1,0.2,0.2,0.2
3,16,0,1,9.2,4,0.21,0.2,0.2004166666666667
7,3,4,2,30.3,3,0.21,0.2,0.20083333333333334
13,17,4,2,3.4,3,0.21,0.2,0.20125
17,22,2,2,-2.3,5,0.21,0.2,0.2016666666666667
0,23,3,2,14.3,1,0.21,0.2,0.20208333333333336
18,27,0,2,10.1,1,0.21,0.2,0.2025
21,2,3,3,38.7,5,0.21,0.2,0.20291666666666666
8,3,4,3,0.4,3,0.21,0.2,0.20333333333333334
8,15,2,3,20.8,4,0.21,0.2,0.20375
14,17,4,3,-8.8,4,0.21,0.2,0.2041666666666667
6,22,2,3,-4.7,4,0.21,0.2,0.20458333333333334
15,22,2,3,33.1,3,0.21,0.2,0.205
3,26,6,3,7.4,4,0.21,0.2,0.20541666666666666
8,3,0,4,2.3,5,0.21,0.2,0.2058333333333333
2,7,4,4,-3.8,1,0.21,0.2,0.20625000000000002
17,16,6,4,20.9,3,0.21,0.2,0.20666666666666667
7,24,0,4,-5.7,1,0.21,0.2,0.2070833333333333
11,26,2,4,26.2,1,0.21,0.2,0.2075
7,27,3,4,33.1,2,0.21,0.2,0.20791666666666664
14,27,3,4,21.5,1,0.21,0.2,0.2083333333333333
8,28,4,4,22.0,2,0.21,0.2,0.20875
14,6,5,5,-4.7,1,0.21,0.2,0.20916666666666664
21,9,1,5,9.8,1,0.21,0.2,0.20958333333333332
8,15,0,5,-9.3,4,0.21,0.21,0.21
8,16,1,5,8.4,1,0.21,0.21,0.21
16,23,1,5,30.7,3,0.21,0.21,0.21
0,27,5,5,-9.4,5,0.21,0.21,0.21
0,1,3,6,34.6,3,0.21,0.21,0.21
17,4,6,6,5.0,3,0.21,0.21,0.21
13,23,4,6,19.8,5,0.21,0.21,0.21
7,27,1,6,27.8,1,0.21,0.21,0.21
19,27,1,6,30.8,4,0.21,0.21,0.21
13,30,4,6,28.4,4,0.21,0.21,0.21
18,30,4,6,2.1,4,0.21,0.21,0.21
23,3,0,7,11.2,4,0.21,0.21,0.21
14,5,2,7,14.5,1,0.21,0.21,0.21
13,19,2,7,13.5,1,0.21,0.21,0.21
8,22,5,7,38.5,3,0.21,0.21,0.21
15,24,0,7,36.9,5,0.21,0.21,0.21
14,3,3,8,-3.7,2,0.21,0.21,0.21
17,18,4,8,10.3,4,0.21,0.21,0.21
3,26,5,8,2.6,5,0.21,0.21,0.21
0,5,1,9,14.9,2,0.21,0.21,0.21
12,9,5,9,28.5,2,0.21,0.21,0.21
13,18,0,9,11.6,1,0.21,0.21,0.21
19,21,3,9,-5.0,2,0.21,0.21,0.21
13,23,5,9,13.3,1,0.21,0.21,0.21
4,25,0,9,-4.1,5,0.21,0.21,0.21
16,3,1,10,29.1,2,0.21,0.21,0.21
1,8,6,10,27.4,2,0.21,0.21,0.21
8,20,4,10,26.5,5,0.21,0.21,0.21
9,23,0,10,12.8,4,0.21,0.21,0.21
13,23,0,10,38.2,5,0.21,0.21,0.21
10,27,4,10,5.7,1,0.21,0.21,0.21
0,28,5,10,8.2,5,0.21,0.21,0.21
17,30,0,10,15.7,5,0.21,0.21,0.21
18,1,2,11,27.8,3,0.21,0.21,0.21
16,20,0,11,13.9,1,0.21,0.21,0.21
4,28,1,11,16.0,2,0.21,0.21,0.21
23,7,3,12,4.9,2,0.21,0.21,0.21
12,11,0,12,31.5,2,0.21,0.21,0.21
23,22,4,12,13.1,3,0.21,0.21,0.21
23,30,5,12,27.3,5,0.21,0.21,0.21
7,3,1,1,4.3,1,0.21,0.21,0.21
4,4,2,1,37.0,4,0.22,0.21,0.21041666666666667
6,25,2,1,38.9,4,0.22,0.21,0.21083333333333332
12,26,3,1,24.7,3,0.22,0.21,0.21125000000000002
15,29,6,1,38.1,4,0.22,0.21,0.21166666666666667
1,31,1,1,28.7,4,0.22,0.21,0.21208333333333332
16,12,6,2,21.3,3,0.22,0.21,0.2125
2,13,0,2,7.7,5,0.22,0.21,0.21291666666666667
23,16,3,2,37.4,2,0.22,0.21,0.21333333333333335
5,24,4,2,38.8,4,0.22,0.21,0.21375
9,24,4,2,19.2,2,0.22,0.21,0.2141666666666667
6,8,2,3,36.3,2,0.22,0.21,0.21458333333333335
9,9,1,5,23.6,5,0.22,0.21,0.215
7,13,5,5,14.4,2,0.22,0.21,0.21541666666666667
0,18,3,5,5.1,2,0.22,0.21,0.21583333333333335
1,3,5,6,26.3,5,0.22,0.21,0.21625000000000003
15,3,5,6,37.4,2,0.22,0.21,0.21666666666666667
1,6,1,6,7.3,5,0.22,0.21,0.21708333333333332
6,15,3,6,25.7,5,0.22,0.21,0.2175
12,16,4,6,1.2,2,0.22,0.21,0.21791666666666665
13,20,1,6,-5.5,5,0.22,0.21,0.2183333333333333
0,26,0,6,3.1,3,0.22,0.21,0.21875
2,3,0,7,9.9,5,0.22,0.21,0.21916666666666665
9,4,1,7,4.0,2,0.22,0.21,0.21958333333333332
20,17,0,7,29.1,4,0.22,0.22,0.22
12,23,6,7,6.7,5,0.22,0.22,0.22
11,28,4,7,9.1,2,0.22,0.22,0.22
7,31,0,7,-7.4,1,0.22,0.22,0.22
12,6,6,8,0.0,2,0.22,0.22,0.22
14,14,0,8,16.4,5,0.22,0.22,0.22
6,17,3,8,-1.1,5,0.22,0.22,0.22
18,24,3,8,30.4,1,0.22,0.22,0.22
3,25,4,8,8.3,3,0.22,0.22,0.22
9,29,1,8,14.4,2,0.22,0.22,0.22
17,1,4,9,-1.6,1,0.22,0.22,0.22
11,4,0,9,26.9,4,0.22,0.22,0.22
23,11,0,9,27.7,5,0.22,0.22,0.22
21,14,3,9,38.8,4,0.22,0.22,0.22
2,26,1,9,-7.7,3,0.22,0.22,0.22
19,12,3,10,3.7,1,0.22,0.22,0.22
4,21,5,10,39.5,3,0.22,0.22,0.22
23,27,4,10,-6.9,3,0.22,0.22,0.22
14,2,3,11,25.8,3,0.22,0.22,0.22
20,26,6,11,16.8,3,0.22,0.22,0.22
9,30,3,11,34.4,5,0.22,0.22,0.22
10,5,1,12,11.0,1,0.22,0.22,0.22
14,7,3,12,1.5,4,0.22,0.22,0.22
0,16,5,12,8.6,4,0.22,0.22,0.22
20,18,0,12,5.9,2,0.22,0.22,0.22
11,24,6,12,33.2,2,0.22,0.22,0.22
18,25,0,12,10.1,5,0.22,0.22,0.22
11,27,2,12,23.1,5,0.22,0.22,0.22
7,30,0,1,16.1,1,0.22,0.22,0.22
16,31,1,1,-0.5,5,0.23,0.22,0.22041666666666668
8,3,4,2,-3.8,5,0.23,0.22,0.22083333333333333
18,5,6,2,16.7,5,0.23,0.22,0.22125000000000003
15,12,6,2,24.8,3,0.23,0.22,0.22166666666666668
16,26,6,2,27.9,4,0.23,0.22,0.22208333333333333
1,7,1,3,12.4,4,0.23,0.22,0.22250000000000003
9,6,3,4,8.0,3,0.23,0.22,0.22291666666666665
22,11,1,4,5.0,2,0.23,0.22,0.22333333333333336
14,12,2,4,19.5,1,0.23,0.22,0.22375
23,15,5,4,11.2,4,0.23,0.22,0.2241666666666667
19,18,1,4,39.7,2,0.23,0.22,0.22458333333333333
5,19,2,4,16.2,3,0.23,0.22,0.225
13,23,6,4,8.5,3,0.23,0.22,0.22541666666666668
1,28,4,4,10.2,5,0.23,0.22,0.22583333333333333
19,1,0,5,17.4,3,0.23,0.22,0.22624999999999998
19,10,2,5,29.8,2,0.23,0.22,0.22666666666666668
4,12,4,5,13.2,2,0.23,0.22,0.22708333333333333
19,13,5,5,3.0,5,0.23,0.22,0.2275
22,15,0,5,-6.8,5,0.23,0.22,0.22791666666666666
5,24,2,5,8.9,2,0.23,0.22,0.22833333333333336
20,27,5,5,6.6,1,0.23,0.22,0.22875
20,30,1,5,6.3,4,0.23,0.22,0.22916666666666666
21,1,3,6,20.0,5,0.23,0.22,0.22958333333333336
12,3,5,6,1.4,1,0.23,0.23,0.23
17,21,2,6,29.8,1,0.23,0.23,0.23
4,22,3,6,19.2,5,0.23,0.23,0.23
8,1,5,7,24.6,3,0.23,0.23,0.23
21,10,0,7,38.7,3,0.23,0.23,0.23
23,25,1,7,10.3,4,0.23,0.23,0.23
18,1,1,8,11.0,5,0.23,0.23,0.23
18,4,4,8,21.3,2,0.23,0.23,0.23
16,12,5,8,1.4,4,0.23,0.23,0.23
5,23,2,8,21.8,5,0.23,0.23,0.23
0,26,5,8,28.2,2,0.23,0.23,0.23
3,13,2,9,23.3,1,0.23,0.23,0.23
1,16,5,9,26.0,2,0.23,0.23,0.23
16,19,1,9,19.2,5,0.23,0.23,0.23
13,26,1,9,15.6,1,0.23,0.23,0.23
22,29,4,9,3.8,4,0.23,0.23,0.23
16,7,5,10,18.9,5,0.23,0.23,0.23
23,15,6,10,19.6,5,0.23,0.23,0.23
0,22,6,10,-3.9,4,0.23,0.23,0.23
16,8,2,11,20.8,2,0.23,0.23,0.23
5,18,5,11,37.1,2,0.23,0.23,0.23
11,18,5,11,32.3,2,0.23,0.23,0.23
0,21,1,11,5.9,5,0.23,0.23,0.23
3,1,4,12,2.8,3,0.23,0.23,0.23
18,2,5,12,0.8,4,0.23,0.23,0.23
4,7,3,12,8.1,1,0.23,0.23,0.23
8,23,5,12,9.3,3,0.23,0.23,0.23
9,24,6,12,14.1,4,0.23,0.23,0.23
17,24,6,12,7.4,5,0.23,0.23,0.23
8,31,6,12,2.7,4,0.23,0.23,0.23
21,4,5,2,29.4,5,0.23,0.23,0.23
8,12,6,2,21.1,2,0.24,0.23,0.2304166666666667
22,27,0,2,16.4,3,0.24,0.23,0.23083333333333336
23,28,1,2,-0.8,5,0.24,0.23,0.23124999999999998
14,7,1,3,-7.9,5,0.24,0.23,0.2316666666666667
5,8,2,3,-3.8,2,0.24,0.23,0.23208333333333334
0,11,5,3,21.4,2,0.24,0.23,0.2325
15,26,6,3,-9.1,3,0.24,0.23,0.23291666666666666
20,26,6,3,-6.3,2,0.24,0.23,0.2333333333333333
23,26,6,3,-7.3,2,0.24,0.23,0.23375
17,29,2,3,6.5,3,0.24,0.23,0.23416666666666666
2,14,4,4,13.6,3,0.24,0.23,0.23458333333333334
10,25,1,4,37.5,2,0.24,0.23,0.235
1,27,3,4,-8.2,2,0.24,0.23,0.2354166666666667
18,12,4,5,21.0,3,0.24,0.23,0.23583333333333334
14,31,2,5,0.3,1,0.24,0.23,0.23625
14,5,0,6,30.8,4,0.24,0.23,0.23666666666666666
23,7,2,6,1.2,1,0.24,0.23,0.23708333333333334
0,24,5,6,18.6,5,0.24,0.23,0.23750000000000002
4,1,5,7,-2.4,1,0.24,0.23,0.23791666666666667
21,7,4,7,16.3,4,0.24,0.23,0.2383333333333333
20,14,4,7,1.9,5,0.24,0.23,0.23875000000000002
5,16,6,7,21.0,1,0.24,0.23,0.23916666666666667
16,29,5,7,28.8,1,0.24,0.23,0.2395833333333333
8,4,4,8,35.4,5,0.24,0.24,0.24
10,19,5,8,29.7,4,0.24,0.24,0.24
5,25,4,8,27.4,1,0.24,0.24,0.24
3,1,4,9,23.1,2,0.24,0.24,0.24
12,13,2,9,26.8,5,0.24,0.24,0.24
12,14,3,9,-3.6,5,0.24,0.24,0.24
22,18,0,9,-7.8,3,0.24,0.24,0.24
21,25,0,9,32.2,5,0.24,0.24,0.24
5,3,1,10,5.9,2,0.24,0.24,0.24
3,6,4,10,11.1,4,0.24,0.24,0.24
19,6,4,10,36.7,4,0.24,0.24,0.24
7,15,6,10,12.5,2,0.24,0.24,0.24
6,23,0,10,-0.8,4,0.24,0.24,0.24
22,27,4,10,25.0,2,0.24,0.24,0.24
20,28,5,10,7.5,2,0.24,0.24,0.24
11,30,0,10,8.6,2,0.24,0.24,0.24
1,3,4,11,33.1,3,0.24,0.24,0.24
9,3,4,11,-6.9,4,0.24,0.24,0.24
0,7,1,11,31.7,1,0.24,0.24,0.24
21,4,0,12,3.9,3,0.24,0.24,0.24
3,6,2,12,34.5,1,0.24,0.24,0.24
5,30,5,12,21.0,4,0.24,0.24,0.24
17,13,4,1,36.8,2,0.24,0.24,0.24
3,15,6,1,-5.2,2,0.25,0.24,0.2404166666666667
16,18,2,1,24.7,2,0.25,0.24,0.24083333333333334
7,29,6,1,34.1,1,0.25,0.24,0.24125
18,29,6,1,32.2,1,0.25,0.24,0.24166666666666667
5,18,5,2,35.6,3,0.25,0.24,0.24208333333333334
19,26,6,2,34.8,2,0.25,0.24,0.24250000000000002
5,5,6,3,1.6,5,0.25,0.24,0.24291666666666667
17,10,4,3,7.8,4,0.25,0.24,0.24333333333333332
2,16,3,3,-1.9,3,0.25,0.24,0.24375000000000002
22,16,3,3,29.8,1,0.25,0.24,0.24416666666666667
6,17,4,3,34.9,3,0.25,0.24,0.24458333333333335
17,18,5,3,38.2,1,0.25,0.24,0.245
10,21,1,3,18.2,4,0.25,0.24,0.2454166666666667
17,24,4,3,16.1,3,0.25,0.24,0.24583333333333335
7,2,6,4,21.1,1,0.25,0.24,0.24625
14,29,5,4,-8.4,2,0.25,0.24,0.24666666666666667
1,6,5,5,27.4,2,0.25,0.24,0.24708333333333335
10,16,1,5,9.9,3,0.25,0.24,0.24750000000000003
6,1,3,6,7.9,4,0.25,0.24,0.24791666666666667
0,10,5,6,2.3,5,0.25,0.24,0.24833333333333332
8,13,1,6,18.8,4,0.25,0.24,0.24875000000000003
6,22,3,6,6.4,5,0.25,0.24,0.24916666666666668
20,27,1,6,37.8,3,0.25,0.24,0.24958333333333335
21,28,2,6,-2.7,2,0.25,0.25,0.25
0,1,5,7,32.4,2,0.25,0.25,0.25
4,4,1,7,28.2,4,0.25,0.25,0.25
21,4,1,7,-2.8,5,0.25,0.25,0.25
5,5,2,7,-2.7,3,0.25,0.25,0.25
22,6,3,7,5.8,3,0.25,0.25,0.25
11,11,1,7,23.6,4,0.25,0.25,0.25
20,24,0,7,12.6,3,0.25,0.25,0.25
20,27,3,7,18.2,4,0.25,0.25,0.25
5,8,1,8,8.7,5,0.25,0.25,0.25
2,14,0,8,0.5,3,0.25,0.25,0.25
3,24,3,8,14.0,2,0.25,0.25,0.25
12,30,2,8,39.3,2,0.25,0.25,0.25
16,5,1,9,29.4,2,0.25,0.25,0.25
0,10,6,9,30.9,5,0.25,0.25,0.25
23,24,6,9,10.1,2,0.25,0.25,0.25
8,9,0,10,21.9,5,0.25,0.25,0.25
7,10,1,10,38.9,2,0.25,0.25,0.25
14,12,3,10,15.0,3,0.25,0.25,0.25
8,1,2,11,1.0,2,0.25,0.25,0.25
7,7,1,11,-9.4,2,0.25,0.25,0.25
13,12,6,11,-0.6,2,0.25,0.25,0.25
1,16,3,11,6.9,1,0.25,0.25,0.25
19,25,5,11,12.3,3,0.25,0.25,0.25
18,5,1,12,-8.6,1,0.25,0.25,0.25
17,13,2,12,24.4,2,0.25,0.25,0.25
9,20,2,12,32.5,1,0.25,0.25,0.25
2,3,1,1,11.8,4,0.25,0.25,0.25
15,9,0,1,4.4,4,0.26,0.25,0.2504166666666667
3,23,0,1,-7.4,3,0.26,0.25,0.2508333333333333
6,24,1,1,-2.2,1,0.26,0.25,0.25125
11,1,2,2,8.0,5,0.26,0.25,0.25166666666666665
3,4,5,2,16.0,5,0.26,0.25,0.2520833333333333
11,7,1,2,-9.7,2,0.26,0.25,0.2525
5,12,6,2,32.0,5,0.26,0.25,0.2529166666666666
3,22,2,2,18.8,3,0.26,0.25,0.25333333333333335
20,28,1,2,31.8,5,0.26,0.25,0.25375
19,10,4,3,13.5,3,0.26,0.25,0.25416666666666665
2,11,5,3,-4.9,5,0.26,0.25,0.25458333333333333
16,13,0,3,3.3,4,0.26,0.25,0.255
1,19,6,3,3.6,3,0.26,0.25,0.2554166666666667
7,20,0,3,9.0,4,0.26,0.25,0.2558333333333333
18,24,4,3,23.5,5,0.26,0.25,0.25625
21,24,4,3,-9.3,3,0.26,0.25,0.25666666666666665
2,25,5,3,-6.2,4,0.26,0.25,0.25708333333333333
23,25,5,3,-1.8,2,0.26,0.25,0.2575
17,28,1,3,6.3,1,0.26,0.25,0.2579166666666666
19,4,1,4,38.7,5,0.26,0.25,0.25833333333333336
18,8,5,4,6.5,5,0.26,0.25,0.25875
6,13,3,4,-0.5,4,0.26,0.25,0.25916666666666666
20,13,3,4,39.4,5,0.26,0.25,0.25958333333333333
11,26,2,4,-2.7,2,0.26,0.26,0.26
8,1,0,5,-3.7,3,0.26,0.26,0.26
8,17,2,5,7.8,3,0.26,0.26,0.26
9,25,3,5,27.5,5,0.26,0.26,0.26
22,3,5,6,-1.8,4,0.26,0.26,0.26
17,5,0,6,8.5,4,0.26,0.26,0.26
5,12,0,6,8.7,4,0.26,0.26,0.26
17,13,1,6,1.5,1,0.26,0.26,0.26
15,14,2,6,5.6,4,0.26,0.26,0.26
20,14,2,6,27.8,4,0.26,0.26,0.26
4,1,5,7,34.1,5,0.26,0.26,0.26
13,1,5,7,19.9,5,0.26,0.26,0.26
23,1,5,7,31.8,1,0.26,0.26,0.26
0,2,6,7,-1.0,4,0.26,0.26,0.26
17,3,0,7,29.1,5,0.26,0.26,0.26
20,4,1,7,13.5,2,0.26,0.26,0.26
12,10,0,7,36.0,5,0.26,0.26,0.26
10,11,4,8,28.2,5,0.26,0.26,0.26
19,11,4,8,-2.0,4,0.26,0.26,0.26
19,15,1,8,14.9,3,0.26,0.26,0.26
15,18,4,8,17.6,4,0.26,0.26,0.26
23,24,3,8,15.8,1,0.26,0.26,0.26
3,11,0,9,29.8,2,0.26,0.26,0.26
23,19,1,9,-4.2,1,0.26,0.26,0.26
21,23,5,9,34.6,2,0.26,0.26,0.26
3,28,3,9,15.1,4,0.26,0.26,0.26
21,16,0,10,25.7,1,0.26,0.26,0.26
18,7,1,11,22.5,1,0.26,0.26,0.26
5,10,4,11,4.0,5,0.26,0.26,0.26
19,13,0,11,28.8,5,0.26,0.26,0.26
16,3,6,12,8.3,4,0.26,0.26,0.26
15,8,4,12,32.5,4,0.26,0.26,0.26
12,21,3,12,26.6,1,0.26,0.26,0.26
5,29,4,12,19.6,4,0.26,0.26,0.26
13,31,6,12,-9.8,3,0.26,0.26,0.26
19,5,3,1,36.3,5,0.26,0.26,0.26
13,10,1,1,-9.3,3,0.27,0.26,0.2604166666666667
17,19,3,1,37.5,3,0.27,0.26,0.2608333333333333
10,23,0,1,-7.4,2,0.27,0.26,0.26125000000000004
6,1,2,2,29.8,4,0.27,0.26,0.26166666666666666
17,10,4,2,37.3,1,0.27,0.26,0.26208333333333333
9,12,6,2,14.8,5,0.27,0.26,0.2625
17,27,0,2,15.5,1,0.27,0.26,0.2629166666666667
9,1,2,3,19.1,1,0.27,0.26,0.26333333333333336
6,5,6,3,37.5,5,0.27,0.26,0.26375
9,10,4,3,8.9,4,0.27,0.26,0.26416666666666666
12,19,6,3,19.1,5,0.27,0.26,0.26458333333333334
20,23,3,3,31.9,1,0.27,0.26,0.265
3,28,1,3,21.2,5,0.27,0.26,0.2654166666666667
13,11,1,4,13.1,2,0.27,0.26,0.2658333333333333
15,11,1,4,10.3,4,0.27,0.26,0.26625000000000004
0,13,3,4,35.2,3,0.27,0.26,0.26666666666666666
2,14,4,4,33.4,4,0.27,0.26,0.26708333333333334
16,24,0,4,-5.7,1,0.27,0.26,0.2675
2,27,3,4,12.9,2,0.27,0.26,0.2679166666666667
7,27,3,4,3.9,3,0.27,0.26,0.26833333333333337
6,10,2,5,12.1,4,0.27,0.26,0.26875
0,14,6,5,-9.7,2,0.27,0.26,0.26916666666666667
14,17,2,5,34.0,5,0.27,0.26,0.26958333333333334
15,24,2,5,4.3,5,0.27,0.27,0.27
6,25,3,5,4.3,5,0.27,0.27,0.27
4,31,2,5,6.6,3,0.27,0.27,0.27
13,31,2,5,2.2,1,0.27,0.27,0.27
13,1,3,6,39.8,3,0.27,0.27,0.27
11,5,0,6,-8.5,1,0.27,0.27,0.27
7,11,6,6,36.8,1,0.27,0.27,0.27
7,11,6,6,25.7,2,0.27,0.27,0.27
5,15,3,6,6.8,1,0.27,0.27,0.27
12,19,0,6,13.4,2,0.27,0.27,0.27
19,19,0,6,-4.7,2,0.27,0.27,0.27
22,23,4,6,24.3,4,0.27,0.27,0.27
3,30,4,6,31.8,3,0.27,0.27,0.27
10,31,0,7,27.4,2,0.27,0.27,0.27
12,6,6,8,28.7,4,0.27,0.27,0.27
2,13,6,8,-6.4,1,0.27,0.27,0.27
17,18,4,8,-3.6,2,0.27,0.27,0.27
22,19,5,8,-6.0,5,0.27,0.27,0.27
9,28,0,8,6.3,1,0.27,0.27,0.27
1,29,1,8,-1.4,2,0.27,0.27,0.27
1,31,3,8,13.6,3,0.27,0.27,0.27
17,31,3,8,-7.6,4,0.27,0.27,0.27
17,6,2,9,34.9,4,0.27,0.27,0.27
19,10,6,9,-0.5,5,0.27,0.27,0.27
4,14,3,9,0.8,4,0.27,0.27,0.27
15,21,3,9,-0.6,4,0.27,0.27,0.27
11,27,2,9,18.6,5,0.27,0.27,0.27
3,30,5,9,28.9,1,0.27,0.27,0.27
17,1,6,10,28.4,5,0.27,0.27,0.27
11,3,1,10,11.3,1,0.27,0.27,0.27
22,7,5,10,23.9,2,0.27,0.27,0.27
3,8,6,10,1.0,2,0.27,0.27,0.27
15,12,3,10,27.3,3,0.27,0.27,0.27
20,19,3,10,36.1,1,0.27,0.27,0.27
9,24,1,10,19.0,4,0.27,0.27,0.27
13,26,3,10,22.4,1,0.27,0.27,0.27
17,26,3,10,10.6,5,0.27,0.27,0.27
7,27,4,10,-3.0,2,0.27,0.27,0.27
1,30,0,10,24.0,5,0.27,0.27,0.27
8,1,2,11,25.2,2,0.27,0.27,0.27
5,11,5,11,0.7,3,0.27,0.27,0.27
4,20,0,11,-0.5,4,0.27,0.27,0.27
23,4,0,12,-1.8,1,0.27,0.27,0.27
1,9,5,12,20.9,1,0.27,0.27,0.27
11,21,3,12,7.5,5,0.27,0.27,0.27
18,6,4,1,12.7,3,0.27,0.27,0.27
5,15,6,1,14.4,5,0.28,0.27,0.2704166666666667
20,29,6,1,7.8,2,0.28,0.27,0.2708333333333333
5,30,0,1,3.4,1,0.28,0.27,0.27125000000000005
20,30,0,1,-6.6,1,0.28,0.27,0.27166666666666667
19,6,0,2,-7.8,2,0.28,0.27,0.2720833333333334
22,9,3,2,16.1,4,0.28,0.27,0.2725
1,14,1,2,-1.9,1,0.28,0.27,0.2729166666666667
8,21,1,2,10.5,3,0.28,0.27,0.2733333333333334
19,22,2,2,-7.3,4,0.28,0.27,0.27375000000000005
19,3,4,3,9.5,2,0.28,0.27,0.27416666666666667
15,4,5,3,32.7,2,0.28,0.27,0.27458333333333335
7,13,0,3,22.6,2,0.28,0.27,0.275
17,27,0,3,29.4,3,0.28,0.27,0.2754166666666667
4,3,0,4,26.0,2,0.28,0.27,0.2758333333333333
2,15,5,4,9.8,3,0.28,0.27,0.27625000000000005
3,20,3,4,1.2,1,0.28,0.27,0.27666666666666667
18,22,5,4,30.9,4,0.28,0.27,0.2770833333333334
4,24,0,4,2.3,5,0.28,0.27,0.2775
8,26,2,4,-7.2,2,0.28,0.27,0.2779166666666667
17,28,4,4,-8.1,5,0.28,0.27,0.2783333333333334
22,4,3,5,20.8,3,0.28,0.27,0.27875000000000005
15,15,0,5,26.4,4,0.28,0.27,0.2791666666666667
7,26,4,5,29.1,2,0.28,0.27,0.27958333333333335
2,1,3,6,-3.0,5,0.28,0.28,0.28
13,19,0,6,-5.9,1,0.28,0.28,0.28
9,21,2,6,27.5,3,0.28,0.28,0.28
19,23,4,6,-2.0,3,0.28,0.28,0.28
10,24,5,6,7.9,4,0.28,0.28,0.28
10,4,1,7,-4.4,1,0.28,0.28,0.28
23,9,6,7,-7.0,3,0.28,0.28,0.28
21,14,4,7,3.2,4,0.28,0.28,0.28
19,22,5,7,3.2,2,0.28,0.28,0.28
4,15,1,8,-9.5,4,0.28,0.28,0.28
8,16,2,8,-3.6,1,0.28,0.28,0.28
23,30,2,8,10.3,5,0.28,0.28,0.28
19,9,5,9,39.6,5,0.28,0.28,0.28
15,15,4,9,24.8,5,0.28,0.28,0.28
12,20,2,9,35.1,1,0.28,0.28,0.28
10,21,3,9,35.2,1,0.28,0.28,0.28
3,2,0,10,9.1,3,0.28,0.28,0.28
0,24,1,10,-4.2,1,0.28,0.28,0.28
3,26,3,10,8.1,4,0.28,0.28,0.28
19,26,3,10,34.6,1,0.28,0.28,0.28
14,6,0,11,8.4,4,0.28,0.28,0.28
9,12,6,11,-1.0,3,0.28,0.28,0.28
20,17,4,11,7.7,2,0.28,0.28,0.28
23,28,1,11,9.3,1,0.28,0.28,0.28
6,8,4,12,21.8,3,0.28,0.28,0.28
0,16,5,12,31.7,5,0.28,0.28,0.28
6,18,0,12,20.6,4,0.28,0.28,0.28
5,8,6,1,17.4,1,0.28,0.28,0.28
4,11,5,2,15.3,1,0.29,0.28,0.2804166666666667
5,13,0,2,39.1,3,0.29,0.28,0.2808333333333333
13,13,0,2,23.7,4,0.29,0.28,0.28125000000000006
9,17,4,2,33.0,5,0.29,0.28,0.2816666666666667
6,27,0,2,11.3,3,0.29,0.28,0.28208333333333335
9,2,3,3,22.1,5,0.29,0.28,0.28250000000000003
21,12,6,3,28.5,1,0.29,0.28,0.2829166666666667
7,17,4,3,-2.7,4,0.29,0.28,0.2833333333333334
16,2,6,4,29.1,4,0.29,0.28,0.28375
17,3,0,4,11.9,1,0.29,0.28,0.2841666666666666
3,6,3,4,3.2,4,0.29,0.28,0.28458333333333335
12,6,3,4,-8.6,2,0.29,0.28,0.285
7,13,3,4,38.4,2,0.29,0.28,0.28541666666666665
4,14,4,4,12.0,4,0.29,0.28,0.28583333333333333
11,17,0,4,21.0,4,0.29,0.28,0.28625
9,23,6,4,-5.3,3,0.29,0.28,0.2866666666666667
21,28,4,4,11.1,4,0.29,0.28,0.2870833333333333
2,8,0,5,3.6,4,0.29,0.28,0.2875
5,19,4,5,25.0,4,0.29,0.28,0.28791666666666665
10,22,0,5,2.2,5,0.29,0.28,0.28833333333333333
23,23,1,5,16.4,2,0.29,0.28,0.28875
9,2,4,6,5.0,4,0.29,0.28,0.2891666666666666
16,3,5,6,8.3,1,0.29,0.28,0.28958333333333336
1,27,1,6,35.8,4,0.29,0.29,0.29
1,2,6,7,32.8,1,0.29,0.29,0.29
21,12,2,7,13.6,5,0.29,0.29,0.29
11,30,6,7,1.3,2,0.29,0.29,0.29
0,3,3,8,-7.4,1,0.29,0.29,0.29
0,13,6,8,16.6,4,0.29,0.29,0.29
14,23,2,8,-2.0,5,0.29,0.29,0.29
18,28,0,8,22.5,1,0.29,0.29,0.29
20,31,3,8,3.1,3,0.29,0.29,0.29
18,6,2,9,8.6,2,0.29,0.29,0.29
13,14,3,9,-2.6,3,0.29,0.29,0.29
10,17,6,9,27.1,1,0.29,0.29,0.29
10,17,6,9,27.2,2,0.29,0.29,0.29
0,29,4,9,35.2,2,0.29,0.29,0.29
9,29,4,9,-7.3,1,0.29,0.29,0.29
14,3,1,10,3.0,3,0.29,0.29,0.29
10,12,3,10,24.6,3,0.29,0.29,0.29
23,12,3,10,21.4,3,0.29,0.29,0.29
17,15,6,10,36.0,5,0.29,0.29,0.29
16,18,2,10,30.6,5,0.29,0.29,0.29
4,24,1,10,39.4,2,0.29,0.29,0.29
18,1,2,11,-3.0,3,0.29,0.29,0.29
1,5,6,11,7.5,1,0.29,0.29,0.29
3,6,0,11,26.8,5,0.29,0.29,0.29
3,22,2,11,-6.4,2,0.29,0.29,0.29
1,24,4,11,6.6,5,0.29,0.29,0.29
2,1,4,12,3.5,4,0.29,0.29,0.29
4,11,0,12,11.4,3,0.29,0.29,0.29
18,12,1,12,17.0,2,0.29,0.29,0.29
8,25,0,12,19.8,3,0.29,0.29,0.29
18,19,3,1,2.6,5,0.29,0.29,0.29
6,29,6,1,-9.2,4,0.3,0.29,0.29041666666666666
21,3,4,2,-9.6,1,0.3,0.29,0.29083333333333333
23,4,5,2,-6.1,5,0.3,0.29,0.29124999999999995
21,6,0,2,31.9,4,0.3,0.29,0.29166666666666663
0,16,3,2,16.6,3,0.3,0.29,0.2920833333333333
13,20,0,2,11.2,2,0.3,0.29,0.2925
4,24,4,2,39.3,5,0.3,0.29,0.29291666666666666
17,7,1,3,-2.2,5,0.3,0.29,0.2933333333333333
6,10,4,3,22.5,3,0.3,0.29,0.29374999999999996
7,11,5,3,-3.9,5,0.3,0.29,0.29416666666666663
10,14,1,3,4.2,5,0.3,0.29,0.2945833333333333
7,24,4,3,35.8,1,0.3,0.29,0.295
20,29,2,3,29.8,2,0.3,0.29,0.29541666666666666
0,31,4,3,6.6,2,0.3,0.29,0.29583333333333334
22,6,3,4,24.4,2,0.3,0.29,0.29624999999999996
6,10,0,4,36.3,3,0.3,0.29,0.2966666666666667
19,10,0,4,-6.1,1,0.3,0.29,0.2970833333333333
10,24,0,4,6.1,3,0.3,0.29,0.2975
23,28,4,4,34.5,4,0.3,0.29,0.29791666666666666
11,6,5,5,20.2,2,0.3,0.29,0.2983333333333333
3,8,0,5,15.8,5,0.3,0.29,0.29875
15,16,1,5,13.7,3,0.3,0.29,0.29916666666666664
16,17,2,5,2.2,5,0.3,0.29,0.2995833333333333
21,20,5,5,20.6,3,0.3,0.3,0.3
12,28,6,5,30.7,3,0.3,0.3,0.3
15,31,2,5,37.5,4,0.3,0.3,0.3
8,4,6,6,34.8,1,0.3,0.3,0.3
16,15,3,6,32.6,4,0.3,0.3,0.3
21,15,3,6,-0.9,3,0.3,0.3,0.3
2,1,5,7,5.4,2,0.3,0.3,0.3
14,2,6,7,2.0,2,0.3,0.3,0.3
10,3,0,7,-9.8,4,0.3,0.3,0.3
8,14,4,7,2.0,2,0.3,0.3,0.3
15,21,4,7,2.8,3,0.3,0.3,0.3
8,25,1,7,16.4,5,0.3,0.3,0.3
8,26,2,7,3.3,4,0.3,0.3,0.3
0,30,6,7,35.3,5,0.3,0.3,0.3
20,11,4,8,0.1,5,0.3,0.3,0.3
22,12,5,8,34.4,2,0.3,0.3,0.3
7,21,0,8,28.2,5,0.3,0.3,0.3
12,1,4,9,21.4,5,0.3,0.3,0.3
3,2,5,9,25.3,1,0.3,0.3,0.3
4,5,1,9,25.1,3,0.3,0.3,0.3
8,18,0,9,-8.7,2,0.3,0.3,0.3
17,25,0,9,20.6,2,0.3,0.3,0.3
23,2,0,10,6.2,3,0.3,0.3,0.3
21,17,1,10,13.0,4,0.3,0.3,0.3
8,23,0,10,9.4,1,0.3,0.3,0.3
8,30,0,10,22.3,2,0.3,0.3,0.3
8,1,2,11,35.8,4,0.3,0.3,0.3
10,13,0,11,24.0,5,0.3,0.3,0.3
5,14,1,11,-1.7,3,0.3,0.3,0.3
21,23,3,11,1.7,3,0.3,0.3,0.3
11,24,4,11,25.2,5,0.3,0.3,0.3
23,11,0,12,36.8,3,0.3,0.3,0.3
18,26,1,12,11.5,5,0.3,0.3,0.3
2,30,5,12,8.1,2,0.3,0.3,0.3
22,6,4,1,26.6,2,0.3,0.3,0.3
6,7,5,1,-4.1,2,0.31,0.3,0.30041666666666667
11,10,1,1,-1.3,4,0.31,0.3,0.30083333333333334
15,23,0,1,4.7,3,0.31,0.3,0.30124999999999996
6,29,6,1,33.3,5,0.31,0.3,0.30166666666666664
9,12,6,2,25.3,1,0.31,0.3,0.3020833333333333
3,20,0,2,22.1,5,0.31,0.3,0.3025
11,17,4,3,24.7,1,0.31,0.3,0.30291666666666667
19,19,6,3,14.5,2,0.31,0.3,0.3033333333333333
23,19,6,3,20.3,3,0.31,0.3,0.30374999999999996
12,23,3,3,12.7,5,0.31,0.3,0.30416666666666664
23,23,3,3,38.7,2,0.31,0.3,0.3045833333333333
2,24,4,3,-9.5,2,0.31,0.3,0.305
18,25,5,3,37.6,5,0.31,0.3,0.3054166666666666
11,10,0,4,31.8,4,0.31,0.3,0.30583333333333335
3,11,1,4,4.1,3,0.31,0.3,0.30624999999999997
7,27,3,4,-8.7,5,0.31,0.3,0.3066666666666667
2,30,6,4,2.4,5,0.31,0.3,0.3070833333333333
19,1,0,5,4.6,5,0.31,0.3,0.3075
0,16,1,5,38.1,5,0.31,0.3,0.30791666666666667
13,10,5,6,31.3,2,0.31,0.3,0.3083333333333333
20,10,5,6,7.4,3,0.31,0.3,0.30875
20,27,1,6,39.3,3,0.31,0.3,0.30916666666666665
17,2,6,7,7.5,5,0.31,0.3,0.3095833333333334
21,7,4,7,29.3,4,0.31,0.31,0.31
14,8,5,7,31.2,5,0.31,0.31,0.31
7,23,6,7,21.1,1,0.31,0.31,0.31
17,23,6,7,-2.1,5,0.31,0.31,0.31
20,23,6,7,8.5,2,0.31,0.31,0.31
2,25,1,7,19.5,1,0.31,0.31,0.31
9,1,1,8,-9.2,4,0.31,0.31,0.31
1,6,6,8,3.4,3,0.31,0.31,0.31
13,10,3,8,29.2,3,0.31,0.31,0.31
2,3,6,9,37.8,1,0.31,0.31,0.31
13,11,0,9,18.9,1,0.31,0.31,0.31
20,19,1,9,17.6,5,0.31,0.31,0.31
20,19,1,9,18.0,1,0.31,0.31,0.31
10,22,4,9,-4.0,2,0.31,0.31,0.31
12,29,4,9,-0.8,3,0.31,0.31,0.31
14,29,4,9,25.8,4,0.31,0.31,0.31
10,2,0,10,39.3,4,0.31,0.31,0.31
14,9,0,10,-8.5,4,0.31,0.31,0.31
21,9,0,10,35.0,4,0.31,0.31,0.31
19,10,1,10,23.8,3,0.31,0.31,0.31
15,13,4,10,-6.8,4,0.31,0.31,0.31
8,18,2,10,3.0,3,0.31,0.31,0.31
0,20,4,10,34.4,2,0.31,0.31,0.31
9,7,1,11,6.5,2,0.31,0.31,0.31
4,8,2,11,38.6,1,0.31,0.31,0.31
15,10,4,11,-2.3,4,0.31,0.31,0.31
8,12,6,11,16.3,2,0.31,0.31,0.31
14,22,2,11,21.2,2,0.31,0.31,0.31
20,24,4,11,7.3,1,0.31,0.31,0.31
11,26,6,11,-6.9,5,0.31,0.31,0.31
14,29,2,11,8.5,5,0.31,0.31,0.31
15,1,4,12,17.9,2,0.31,0.31,0.31
10,12,1,12,-2.7,1,0.31,0.31,0.31
10,16,5,12,33.9,4,0.31,0.31,0.31
23,19,1,12,7.5,3,0.31,0.31,0.31
0,14,5,1,29.4,1,0.31,0.31,0.31
6,21,5,1,12.7,1,0.32,0.31,0.3104166666666667
8,22,6,1,32.9,5,0.32,0.31,0.31083333333333335
5,30,0,1,3.0,4,0.32,0.31,0.31124999999999997
16,15,2,2,3.4,3,0.32,0.31,0.31166666666666665
22,16,3,2,22.5,4,0.32,0.31,0.3120833333333333
1,17,4,2,13.2,3,0.32,0.31,0.3125
14,19,6,2,26.5,1,0.32,0.31,0.3129166666666667
10,3,4,3,35.2,1,0.32,0.31,0.31333333333333335
18,9,3,3,35.7,1,0.32,0.31,0.31375000000000003
14,17,4,3,8.9,2,0.32,0.31,0.31416666666666665
10,23,3,3,2.7,2,0.32,0.31,0.3145833333333333
18,25,5,3,-0.9,5,0.32,0.31,0.315
10,28,1,3,6.7,5,0.32,0.31,0.3154166666666666
3,29,2,3,4.2,4,0.32,0.31,0.31583333333333335
5,11,1,4,-3.1,3,0.32,0.31,0.31625000000000003
4,20,3,4,10.6,4,0.32,0.31,0.31666666666666665
0,26,2,4,29.2,2,0.32,0.31,0.31708333333333333
14,29,5,4,5.1,5,0.32,0.31,0.3175
18,14,6,5,26.6,2,0.32,0.31,0.3179166666666667
15,19,4,5,17.7,3,0.32,0.31,0.3183333333333333
20,26,4,5,13.0,2,0.32,0.31,0.31875000000000003
23,1,3,6,-9.3,2,0.32,0.31,0.31916666666666665
14,20,1,6,9.1,2,0.32,0.31,0.31958333333333333
9,1,5,7,9.9,3,0.32,0.32,0.32
22,3,0,7,-3.9,1,0.32,0.32,0.32
1,4,1,7,22.5,4,0.32,0.32,0.32
13,10,0,7,-10.0,3,0.32,0.32,0.32
22,12,2,7,25.6,5,0.32,0.32,0.32
23,2,2,8,-2.1,1,0.32,0.32,0.32
10,5,5,8,22.5,2,0.32,0.32,0.32
6,18,4,8,0.3,2,0.32,0.32,0.32
16,26,5,8,10.9,3,0.32,0.32,0.32
18,29,1,8,7.8,5,0.32,0.32,0.32
5,1,4,9,38.9,2,0.32,0.32,0.32
4,3,6,9,39.9,4,0.32,0.32,0.32
8,16,5,9,20.8,3,0.32,0.32,0.32
2,17,6,9,12.8,2,0.32,0.32,0.32
14,18,0,9,30.6,1,0.32,0.32,0.32
18,27,2,9,-3.8,2,0.32,0.32,0.32
20,27,2,9,22.7,5,0.32,0.32,0.32
6,29,4,9,1.1,5,0.32,0.32,0.32
11,4,2,10,-1.7,2,0.32,0.32,0.32
3,6,4,10,25.1,2,0.32,0.32,0.32
23,8,6,10,13.9,1,0.32,0.32,0.32
20,19,3,10,36.7,2,0.32,0.32,0.32
15,5,6,11,4.9,5,0.32,0.32,0.32
12,7,1,11,9.6,3,0.32,0.32,0.32
0,10,4,11,39.3,3,0.32,0.32,0.32
20,10,4,11,14.9,1,0.32,0.32,0.32
6,21,1,11,21.3,3,0.32,0.32,0.32
7,26,6,11,13.9,1,0.32,0.32,0.32
9,9,5,12,26.7,3,0.32,0.32,0.32
11,15,4,12,10.1,3,0.32,0.32,0.32
1,19,1,12,39.6,4,0.32,0.32,0.32
8,24,6,12,32.5,1,0.32,0.32,0.32
6,27,2,12,15.9,5,0.32,0.32,0.32
14,27,2,12,27.5,4,0.32,0.32,0.32
15,29,4,12,3.2,4,0.32,0.32,0.32
18,29,4,12,27.9,2,0.32,0.32,0.32
13,31,6,12,-9.8,1,0.32,0.32,0.32
14,1,6,1,22.2,1,0.32,0.32,0.32
23,13,4,1,10.0,3,0.33,0.32,0.3204166666666666
0,16,0,1,26.7,5,0.33,0.32,0.32083333333333336
14,19,3,1,13.1,1,0.33,0.32,0.32125
16,19,3,1,38.3,2,0.33,0.32,0.32166666666666666
15,31,1,1,38.9,2,0.33,0.32,0.32208333333333333
20,3,4,3,9.2,2,0.33,0.32,0.3225
5,21,1,3,-0.1,5,0.33,0.32,0.3229166666666667
16,26,6,3,14.7,4,0.33,0.32,0.32333333333333336
11,2,6,4,6.4,3,0.33,0.32,0.32375000000000004
19,4,1,4,18.4,4,0.33,0.32,0.32416666666666666
5,23,6,4,2.3,4,0.33,0.32,0.3245833333333334
21,4,3,5,7.9,1,0.33,0.32,0.325
2,11,6,6,21.6,4,0.33,0.32,0.3254166666666667
0,20,1,6,15.2,4,0.33,0.32,0.32583333333333336
13,24,5,6,-0.6,3,0.33,0.32,0.32625
7,11,1,7,39.0,4,0.33,0.32,0.32666666666666666
12,19,2,7,26.7,1,0.33,0.32,0.32708333333333334
21,22,5,7,20.7,5,0.33,0.32,0.3275
11,24,0,7,12.9,5,0.33,0.32,0.3279166666666667
10,27,3,7,-0.9,4,0.33,0.32,0.3283333333333333
23,30,6,7,14.5,3,0.33,0.32,0.32875000000000004
16,11,4,8,27.5,4,0.33,0.32,0.32916666666666666
17,11,4,8,18.1,2,0.33,0.32,0.32958333333333334
18,15,1,8,32.5,4,0.33,0.33,0.33
14,25,4,8,24.7,3,0.33,0.33,0.33
3,29,1,8,-1.1,4,0.33,0.33,0.33
12,15,4,9,26.6,1,0.33,0.33,0.33
18,2,0,10,4.0,4,0.33,0.33,0.33
23,11,2,10,29.6,5,0.33,0.33,0.33
0,16,0,10,-2.7,3,0.33,0.33,0.33
22,29,6,10,38.3,4,0.33,0.33,0.33
9,8,2,11,22.2,1,0.33,0.33,0.33
14,14,1,11,0.5,4,0.33,0.33,0.33
17,15,2,11,35.0,2,0.33,0.33,0.33
12,18,5,11,13.6,4,0.33,0.33,0.33
21,18,5,11,-9.7,3,0.33,0.33,0.33
12,24,4,11,26.2,2,0.33,0.33,0.33
0,28,1,11,18.6,4,0.33,0.33,0.33
3,29,2,11,19.6,5,0.33,0.33,0.33
18,1,4,12,14.7,5,0.33,0.33,0.33
11,8,4,12,25.0,2,0.33,0.33,0.33
3,12,1,12,-7.1,2,0.33,0.33,0.33
3,14,3,12,37.3,5,0.33,0.33,0.33
20,22,4,12,-3.3,2,0.33,0.33,0.33
11,31,6,12,32.0,2,0.33,0.33,0.33
3,1,0,1,1.0,1,0.33,0.33,0.33
6,12,3,1,4.3,3,0.33,0.33,0.33
17,12,3,1,9.5,5,0.34,0.33,0.3304166666666667
22,17,1,1,28.0,3,0.34,0.33,0.33083333333333337
14,29,6,1,11.4,3,0.34,0.33,0.33125
6,4,5,2,34.3,5,0.34,0.33,0.33166666666666667
15,19,6,2,17.7,2,0.34,0.33,0.33208333333333334
11,24,4,2,19.8,1,0.34,0.33,0.3325
3,27,0,2,35.4,4,0.34,0.33,0.3329166666666667
1,17,4,3,20.2,1,0.34,0.33,0.3333333333333333
1,29,2,3,5.3,2,0.34,0.33,0.33375000000000005
4,3,0,4,8.0,3,0.34,0.33,0.3341666666666667
19,5,2,4,23.7,2,0.34,0.33,0.3345833333333334
6,13,3,4,36.2,3,0.34,0.33,0.335
2,24,0,4,24.9,4,0.34,0.33,0.3354166666666667
14,28,4,4,-9.9,5,0.34,0.33,0.3358333333333334
7,30,6,4,35.8,1,0.34,0.33,0.33625
2,1,0,5,16.2,4,0.34,0.33,0.33666666666666667
7,1,0,5,-7.1,5,0.34,0.33,0.33708333333333335
15,1,0,5,-8.2,1,0.34,0.33,0.33749999999999997
11,5,4,5,19.8,3,0.34,0.33,0.33791666666666664
11,8,0,5,32.3,3,0.34,0.33,0.3383333333333334
21,12,4,5,29.2,2,0.34,0.33,0.33875000000000005
7,23,1,5,20.4,3,0.34,0.33,0.33916666666666667
3,8,3,6,-2.1,5,0.34,0.33,0.33958333333333335
20,12,0,6,0.3,5,0.34,0.34,0.34
6,17,5,6,-1.9,1,0.34,0.34,0.34
3,29,3,6,-1.0,5,0.34,0.34,0.34
6,29,3,6,18.8,3,0.34,0.34,0.34
7,30,4,6,35.8,4,0.34,0.34,0.34
15,30,4,6,38.9,1,0.34,0.34,0.34
17,1,5,7,1.6,1,0.34,0.34,0.34
2,2,6,7,31.7,3,0.34,0.34,0.34
15,5,2,7,30.3,3,0.34,0.34,0.34
15,9,6,7,5.2,5,0.34,0.34,0.34
6,15,5,7,10.8,4,0.34,0.34,0.34
0,20,3,7,3.5,3,0.34,0.34,0.34
17,25,1,7,13.8,4,0.34,0.34,0.34
14,8,1,8,33.6,4,0.34,0.34,0.34
15,18,4,8,-3.0,5,0.34,0.34,0.34
20,26,5,8,22.7,3,0.34,0.34,0.34
20,1,4,9,9.8,1,0.34,0.34,0.34
4,5,1,9,14.4,5,0.34,0.34,0.34
10,11,0,9,18.3,4,0.34,0.34,0.34
10,18,0,9,-3.4,3,0.34,0.34,0.34
7,21,3,9,2.0,2,0.34,0.34,0.34
11,27,2,9,7.5,1,0.34,0.34,0.34
14,30,5,9,-9.0,3,0.34,0.34,0.34
8,5,3,10,28.4,2,0.34,0.34,0.34
8,14,5,10,17.3,2,0.34,0.34,0.34
13,14,5,10,2.2,4,0.34,0.34,0.34
14,17,1,10,-8.3,2,0.34,0.34,0.34
5,19,3,10,-8.3,1,0.34,0.34,0.34
8,20,4,10,-1.2,3,0.34,0.34,0.34
21,24,1,10,7.0,2,0.34,0.34,0.34
7,27,4,10,-0.6,3,0.34,0.34,0.34
17,28,5,10,34.9,3,0.34,0.34,0.34
6,30,0,10,-8.2,4,0.34,0.34,0.34
7,30,0,10,11.6,5,0.34,0.34,0.34
22,30,0,10,21.4,1,0.34,0.34,0.34
19,4,5,11,21.9,3,0.34,0.34,0.34
2,5,6,11,11.0,1,0.34,0.34,0.34
21,14,1,11,21.2,4,0.34,0.34,0.34
9,18,5,11,24.9,2,0.34,0.34,0.34
11,25,5,11,20.8,3,0.34,0.34,0.34
17,30,3,11,-3.1,1,0.34,0.34,0.34
10,12,1,12,11.6,2,0.34,0.34,0.34
14,17,6,12,-0.2,5,0.34,0.34,0.34
14,11,2,1,21.3,4,0.34,0.34,0.34
15,22,6,1,32.3,1,0.35,0.34,0.34041666666666665
23,25,2,1,14.0,3,0.35,0.34,0.3408333333333333
11,31,1,1,21.0,1,0.35,0.34,0.34125000000000005
23,10,4,2,17.3,5,0.35,0.34,0.34166666666666673
21,12,6,2,20.9,1,0.35,0.34,0.34208333333333335
15,14,1,2,39.5,4,0.35,0.34,0.3425
13,15,2,2,19.0,5,0.35,0.34,0.3429166666666667
9,20,0,2,32.6,2,0.35,0.34,0.3433333333333333
16,27,0,2,21.7,2,0.35,0.34,0.34375
22,2,3,3,-1.3,2,0.35,0.34,0.3441666666666667
19,9,3,3,7.8,2,0.35,0.34,0.3445833333333334
5,12,6,3,30.5,1,0.35,0.34,0.345
20,30,3,3,19.4,3,0.35,0.34,0.34541666666666665
12,31,4,3,33.7,5,0.35,0.34,0.3458333333333334
1,5,2,4,-0.9,1,0.35,0.34,0.34625
11,8,5,4,-7.1,4,0.35,0.34,0.3466666666666667
15,9,6,4,11.8,1,0.35,0.34,0.34708333333333335
18,19,2,4,5.6,4,0.35,0.34,0.3475
22,25,1,4,-8.7,3,0.35,0.34,0.34791666666666665
21,27,3,4,2.8,5,0.35,0.34,0.34833333333333333
21,2,1,5,7.1,3,0.35,0.34,0.34874999999999995
13,12,4,5,33.8,2,0.35,0.34,0.3491666666666667
12,16,1,5,33.1,5,0.35,0.34,0.34958333333333336
4,7,2,6,18.9,1,0.35,0.35,0.35
22,7,2,6,-2.8,2,0.35,0.35,0.35
19,9,4,6,23.8,3,0.35,0.35,0.35
18,17,5,6,38.8,2,0.35,0.35,0.35
21,29,3,6,3.2,5,0.35,0.35,0.35
12,30,4,6,13.1,3,0.35,0.35,0.35
20,1,5,7,14.3,5,0.35,0.35,0.35
18,12,2,7,24.0,2,0.35,0.35,0.35
15,15,5,7,8.9,3,0.35,0.35,0.35
4,19,2,7,12.6,1,0.35,0.35,0.35
13,3,3,8,-6.8,2,0.35,0.35,0.35
22,5,5,8,11.0,5,0.35,0.35,0.35
22,11,4,8,15.3,3,0.35,0.35,0.35
4,12,5,8,0.3,1,0.35,0.35,0.35
4,19,5,8,33.4,4,0.35,0.35,0.35
0,22,1,8,-0.4,5,0.35,0.35,0.35
21,23,2,8,32.3,1,0.35,0.35,0.35
3,28,0,8,26.6,2,0.35,0.35,0.35
7,6,2,9,-0.1,5,0.35,0.35,0.35
7,7,3,9,33.8,5,0.35,0.35,0.35
3,13,2,9,2.5,3,0.35,0.35,0.35
17,26,1,9,11.0,2,0.35,0.35,0.35
20,29,4,9,30.2,5,0.35,0.35,0.35
15,18,2,10,35.2,3,0.35,0.35,0.35
21,4,5,11,20.8,1,0.35,0.35,0.35
3,26,6,11,30.9,5,0.35,0.35,0.35
3,28,1,11,-6.3,4,0.35,0.35,0.35
2,6,2,12,24.2,2,0.35,0.35,0.35
2,21,3,12,17.6,3,0.35,0.35,0.35
13,9,0,1,9.6,4,0.35,0.35,0.35
12,17,1,1,16.7,1,0.36,0.35,0.35041666666666665
4,20,4,1,6.3,4,0.36,0.35,0.35083333333333333
7,14,1,2,5.2,1,0.36,0.35,0.35125
20,15,2,2,39.4,4,0.36,0.35,0.3516666666666666
14,16,3,2,35.6,3,0.36,0.35,0.3520833333333333
13,5,6,3,19.1,1,0.36,0.35,0.3525
1,9,3,3,20.8,2,0.36,0.35,0.3529166666666667
1,12,6,3,-2.5,2,0.36,0.35,0.35333333333333333
18,13,0,3,33.2,3,0.36,0.35,0.35374999999999995
22,13,0,3,27.1,2,0.36,0.35,0.3541666666666667
1,17,4,3,32.2,3,0.36,0.35,0.3545833333333333
0,18,5,3,32.5,3,0.36,0.35,0.355
7,24,4,3,26.5,5,0.36,0.35,0.35541666666666666
19,18,1,4,0.3,5,0.36,0.35,0.3558333333333333
12,20,3,4,39.5,2,0.36,0.35,0.35624999999999996
20,25,1,4,1.5,5,0.36,0.35,0.35666666666666663
6,2,1,5,-4.7,5,0.36,0.35,0.35708333333333336
6,5,4,5,27.8,4,0.36,0.35,0.3575
12,8,0,5,36.5,5,0.36,0.35,0.35791666666666666
7,11,3,5,-1.0,2,0.36,0.35,0.35833333333333334
8,15,0,5,25.7,2,0.36,0.35,0.35874999999999996
15,26,4,5,8.4,3,0.36,0.35,0.35916666666666663
1,30,1,5,0.6,5,0.36,0.35,0.35958333333333337
22,30,1,5,3.9,2,0.36,0.36,0.36
6,6,3,7,36.6,3,0.36,0.36,0.36
14,9,6,7,33.1,5,0.36,0.36,0.36
17,15,5,7,8.8,1,0.36,0.36,0.36
17,19,2,7,0.0,3,0.36,0.36,0.36
21,20,3,7,5.3,4,0.36,0.36,0.36
13,3,3,8,-9.4,1,0.36,0.36,0.36
20,18,4,8,39.0,3,0.36,0.36,0.36
22,5,1,9,-0.6,3,0.36,0.36,0.36
16,7,3,9,39.9,4,0.36,0.36,0.36
22,8,4,9,-8.5,2,0.36,0.36,0.36
16,15,4,9,32.3,1,0.36,0.36,0.36
1,26,1,9,-3.1,4,0.36,0.36,0.36
18,10,1,10,2.3,4,0.36,0.36,0.36
21,10,1,10,33.5,4,0.36,0.36,0.36
13,15,6,10,21.0,2,0.36,0.36,0.36
19,23,0,10,27.7,5,0.36,0.36,0.36
12,28,5,10,16.6,5,0.36,0.36,0.36
5,6,0,11,10.8,5,0.36,0.36,0.36
16,7,1,11,-0.8,3,0.36,0.36,0.36
4,11,5,11,20.9,1,0.36,0.36,0.36
18,13,0,11,9.7,5,0.36,0.36,0.36
22,14,1,11,-9.8,5,0.36,0.36,0.36
20,27,0,11,-5.4,3,0.36,0.36,0.36
23,30,3,11,13.3,5,0.36,0.36,0.36
6,1,4,12,-9.4,5,0.36,0.36,0.36
12,2,5,12,-8.9,3,0.36,0.36,0.36
15,18,0,12,17.8,2,0.36,0.36,0.36
17,23,5,12,32.3,4,0.36,0.36,0.36
18,31,6,12,2.9,2,0.36,0.36,0.36
18,1,6,1,21.1,3,0.36,0.36,0.36
20,6,4,1,17.0,2,0.37,0.36,0.36041666666666666
12,22,6,1,8.9,1,0.37,0.36,0.36083333333333334
13,23,0,1,19.6,1,0.37,0.36,0.36125
7,24,1,1,12.0,3,0.37,0.36,0.36166666666666664
3,27,4,1,5.7,5,0.37,0.36,0.3620833333333333
12,9,3,2,-8.8,1,0.37,0.36,0.3625
12,22,2,2,13.0,2,0.37,0.36,0.3629166666666666
16,24,4,3,-6.6,1,0.37,0.36,0.36333333333333334
13,2,6,4,5.7,5,0.37,0.36,0.36374999999999996
13,3,0,4,33.0,1,0.37,0.36,0.3641666666666667
13,7,4,4,26.3,3,0.37,0.36,0.3645833333333333
11,17,0,4,8.3,1,0.37,0.36,0.365
23,24,0,4,14.2,3,0.37,0.36,0.36541666666666667
19,29,5,4,30.7,1,0.37,0.36,0.3658333333333333
6,4,3,5,28.9,2,0.37,0.36,0.36625
9,7,6,5,32.4,3,0.37,0.36,0.36666666666666664
11,15,0,5,-8.0,2,0.37,0.36,0.3670833333333334
1,18,3,5,26.4,4,0.37,0.36,0.3675
8,19,4,5,-5.2,1,0.37,0.36,0.36791666666666667
12,21,6,5,7.8,4,0.37,0.36,0.36833333333333335
6,23,1,5,29.0,3,0.37,0.36,0.36874999999999997
5,30,1,5,-4.8,5,0.37,0.36,0.36916666666666664
21,3,5,6,22.5,3,0.37,0.36,0.3695833333333333
2,6,1,6,36.3,1,0.37,0.37,0.37
20,10,5,6,33.1,3,0.37,0.37,0.37
16,10,0,7,0.9,3,0.37,0.37,0.37
10,31,0,7,24.3,4,0.37,0.37,0.37
0,7,0,8,32.7,4,0.37,0.37,0.37
6,9,2,8,33.3,3,0.37,0.37,0.37
18,16,2,8,12.4,3,0.37,0.37,0.37
7,31,3,8,34.8,5,0.37,0.37,0.37
18,31,3,8,8.0,2,0.37,0.37,0.37
2,1,4,9,3.3,5,0.37,0.37,0.37
23,5,1,9,22.8,2,0.37,0.37,0.37
22,21,3,9,-3.1,3,0.37,0.37,0.37
21,10,1,10,22.6,4,0.37,0.37,0.37
4,12,3,10,16.9,4,0.37,0.37,0.37
21,12,3,10,-1.8,5,0.37,0.37,0.37
19,27,4,10,37.4,2,0.37,0.37,0.37
6,28,5,10,19.8,1,0.37,0.37,0.37
11,4,5,11,19.3,1,0.37,0.37,0.37
13,6,0,11,33.1,3,0.37,0.37,0.37
16,8,2,11,21.8,1,0.37,0.37,0.37
19,14,1,11,1.2,3,0.37,0.37,0.37
11,19,6,11,1.3,2,0.37,0.37,0.37
14,26,6,11,-2.6,4,0.37,0.37,0.37
13,4,0,12,7.6,1,0.37,0.37,0.37
16,13,2,12,27.0,1,0.37,0.37,0.37
21,28,3,12,33.5,3,0.37,0.37,0.37
5,4,2,1,-5.8,2,0.37,0.37,0.37
9,8,6,1,19.2,5,0.38,0.37,0.37041666666666667
15,12,3,1,39.5,3,0.38,0.37,0.3708333333333333
15,1,2,2,29.3,1,0.38,0.37,0.37125
14,9,3,2,10.2,1,0.38,0.37,0.37166666666666665
23,22,2,2,22.8,3,0.38,0.37,0.3720833333333333
18,10,4,3,15.2,4,0.38,0.37,0.37250000000000005
13,13,0,3,12.2,4,0.38,0.37,0.3729166666666666
16,22,2,3,37.3,5,0.38,0.37,0.37333333333333335
9,24,4,3,37.0,1,0.38,0.37,0.37374999999999997
17,17,0,4,-7.9,4,0.38,0.37,0.3741666666666667
2,19,2,4,37.1,4,0.38,0.37,0.3745833333333333
15,22,5,4,21.2,1,0.38,0.37,0.375
12,30,1,5,-7.8,4,0.38,0.37,0.3754166666666667
5,10,5,6,-2.0,3,0.38,0.37,0.3758333333333333
7,12,0,6,-3.4,2,0.38,0.37,0.37625000000000003
9,16,4,6,0.5,5,0.38,0.37,0.37666666666666665
15,16,4,6,-7.9,1,0.38,0.37,0.3770833333333334
16,14,4,7,31.1,2,0.38,0.37,0.37749999999999995
10,18,1,7,14.9,2,0.38,0.37,0.3779166666666667
0,22,5,7,11.2,5,0.38,0.37,0.37833333333333335
9,5,5,8,19.9,4,0.38,0.37,0.37875
13,18,4,8,21.9,1,0.38,0.37,0.3791666666666667
0,20,6,8,17.1,1,0.38,0.37,0.37958333333333333
8,24,3,8,5.1,3,0.38,0.38,0.38
4,2,5,9,-4.1,4,0.38,0.38,0.38
9,4,0,9,17.9,3,0.38,0.38,0.38
6,5,1,9,39.3,3,0.38,0.38,0.38
1,12,1,9,12.6,2,0.38,0.38,0.38
7,18,0,9,16.1,4,0.38,0.38,0.38
13,23,5,9,37.6,2,0.38,0.38,0.38
9,24,6,9,21.1,2,0.38,0.38,0.38
23,30,5,9,19.6,1,0.38,0.38,0.38
7,9,0,10,8.6,4,0.38,0.38,0.38
18,28,5,10,-5.8,5,0.38,0.38,0.38
20,28,5,10,7.4,5,0.38,0.38,0.38
19,2,3,11,21.0,1,0.38,0.38,0.38
15,7,1,11,-0.5,3,0.38,0.38,0.38
17,12,6,11,-1.3,1,0.38,0.38,0.38
10,19,6,11,4.5,4,0.38,0.38,0.38
3,20,0,11,30.9,2,0.38,0.38,0.38
20,26,6,11,30.0,1,0.38,0.38,0.38
20,1,4,12,5.6,1,0.38,0.38,0.38
6,7,3,12,2.9,3,0.38,0.38,0.38
12,14,3,12,0.5,5,0.38,0.38,0.38
1,21,3,12,37.4,1,0.38,0.38,0.38
21,25,0,12,36.1,5,0.38,0.38,0.38
1,31,6,12,18.7,4,0.38,0.38,0.38
12,1,0,1,-3.1,3,0.38,0.38,0.38
23,10,1,1,27.3,5,0.38,0.38,0.38
21,4,5,2,27.8,5,0.39,0.38,0.3804166666666666
5,6,0,2,35.0,3,0.39,0.38,0.38083333333333336
5,8,2,3,-0.8,2,0.39,0.38,0.38125000000000003
12,12,6,3,21.6,3,0.39,0.38,0.38166666666666665
1,19,6,3,23.9,5,0.39,0.38,0.38208333333333333
21,31,4,3,12.5,4,0.39,0.38,0.3825
15,3,0,4,34.3,3,0.39,0.38,0.38291666666666674
6,12,2,4,-7.9,4,0.39,0.38,0.3833333333333333
1,4,3,5,28.7,5,0.39,0.38,0.38375000000000004
7,4,3,5,6.9,3,0.39,0.38,0.3841666666666667
0,8,0,5,32.3,3,0.39,0.38,0.38458333333333333
7,19,4,5,17.6,5,0.39,0.38,0.385
16,20,5,5,-6.9,5,0.39,0.38,0.3854166666666667
12,30,1,5,-1.1,3,0.39,0.38,0.3858333333333333
14,9,4,6,8.8,5,0.39,0.38,0.38625
8,12,0,6,14.8,4,0.39,0.38,0.3866666666666667
9,23,4,6,-7.4,3,0.39,0.38,0.3870833333333333
13,29,3,6,35.6,5,0.39,0.38,0.3875
19,3,0,7,29.5,1,0.39,0.38,0.3879166666666667
12,7,4,7,2.0,3,0.39,0.38,0.38833333333333336
6,31,0,7,25.3,1,0.39,0.38,0.38875
0,1,1,8,-2.8,1,0.39,0.38,0.38916666666666666
13,8,1,8,6.8,1,0.39,0.38,0.3895833333333334
11,9,2,8,3.7,4,0.39,0.39,0.39
12,9,2,8,6.2,4,0.39,0.39,0.39
18,14,0,8,35.9,2,0.39,0.39,0.39
11,17,3,8,16.5,4,0.39,0.39,0.39
15,18,4,8,5.9,1,0.39,0.39,0.39
18,20,6,8,36.8,5,0.39,0.39,0.39
16,25,4,8,38.3,4,0.39,0.39,0.39
4,11,0,9,-7.5,3,0.39,0.39,0.39
12,15,4,9,-1.7,3,0.39,0.39,0.39
23,24,6,9,7.4,3,0.39,0.39,0.39
22,11,2,10,16.2,1,0.39,0.39,0.39
21,13,4,10,4.8,2,0.39,0.39,0.39
11,15,6,10,9.8,2,0.39,0.39,0.39
3,18,2,10,35.4,1,0.39,0.39,0.39
9,19,3,10,-3.6,5,0.39,0.39,0.39
12,28,5,10,0.1,5,0.39,0.39,0.39
2,17,4,11,-5.7,4,0.39,0.39,0.39
18,20,0,11,19.8,5,0.39,0.39,0.39
16,24,4,11,26.1,5,0.39,0.39,0.39
23,13,2,12,23.0,3,0.39,0.39,0.39
20,31,6,12,28.0,1,0.39,0.39,0.39
3,12,3,1,39.6,2,0.39,0.39,0.39
19,15,6,1,30.1,4,0.4,0.39,0.39041666666666663
21,19,3,1,9.6,1,0.4,0.39,0.3908333333333333
11,26,3,1,10.6,1,0.4,0.39,0.39125000000000004
12,29,6,1,33.9,3,0.4,0.39,0.39166666666666666
1,7,1,2,38.9,2,0.4,0.39,0.39208333333333334
1,9,3,2,5.5,4,0.4,0.39,0.39250000000000007
16,14,1,2,-8.1,4,0.4,0.39,0.39291666666666664
14,3,4,3,7.7,3,0.4,0.39,0.3933333333333333
16,5,6,3,29.8,3,0.4,0.39,0.39375000000000004
17,11,5,3,20.6,4,0.4,0.39,0.3941666666666667
16,17,0,4,0.5,2,0.4,0.39,0.39458333333333334
11,19,2,4,12.2,1,0.4,0.39,0.395
19,25,1,4,-2.9,2,0.4,0.39,0.3954166666666667
12,28,4,4,25.2,2,0.4,0.39,0.3958333333333333
22,17,2,5,30.0,1,0.4,0.39,0.39625000000000005
0,27,5,5,32.7,4,0.4,0.39,0.3966666666666667
8,6,1,6,33.2,2,0.4,0.39,0.3970833333333333
17,11,6,6,31.5,3,0.4,0.39,0.39749999999999996
1,15,3,6,3.2,3,0.4,0.39,0.3979166666666667
6,16,4,6,1.8,3,0.4,0.39,0.3983333333333334
17,16,4,6,22.7,3,0.4,0.39,0.39875
18,17,5,6,-4.5,1,0.4,0.39,0.3991666666666667
13,22,3,6,1.9,4,0.4,0.39,0.39958333333333335
12,28,2,6,-9.1,3,0.4,0.4,0.4
4,1,5,7,26.5,3,0.4,0.4,0.4
10,6,3,7,8.9,1,0.4,0.4,0.4
10,16,6,7,7.6,5,0.4,0.4,0.4
8,22,5,7,6.8,4,0.4,0.4,0.4
20,22,5,7,9.5,1,0.4,0.4,0.4
1,29,5,7,-1.1,1,0.4,0.4,0.4
3,11,4,8,16.4,3,0.4,0.4,0.4
19,4,0,9,-5.1,2,0.4,0.4,0.4
19,9,5,9,1.9,1,0.4,0.4,0.4
18,15,4,9,-8.8,4,0.4,0.4,0.4
15,1,6,10,-1.7,2,0.4,0.4,0.4
20,7,5,10,18.2,4,0.4,0.4,0.4
8,8,6,10,-8.1,2,0.4,0.4,0.4
15,8,6,10,21.3,1,0.4,0.4,0.4
16,9,0,10,-0.6,2,0.4,0.4,0.4
2,12,6,11,5.4,2,0.4,0.4,0.4
12,19,6,11,-0.2,2,0.4,0.4,0.4
17,24,4,11,14.0,4,0.4,0.4,0.4
8,23,5,12,-8.5,1,0.4,0.4,0.4
11,3,1,1,35.2,1,0.4,0.4,0.4
21,3,1,1,-3.8,3,0.41,0.4,0.40041666666666664
23,3,1,1,22.6,1,0.41,0.4,0.4008333333333333
10,9,0,1,36.0,1,0.41,0.4,0.40125000000000005
2,15,6,1,37.5,2,0.41,0.4,0.40166666666666667
18,15,6,1,-7.1,4,0.41,0.4,0.40208333333333335
18,18,2,1,8.4,3,0.41,0.4,0.4025
23,28,5,1,-2.7,2,0.41,0.4,0.40291666666666665
0,1,2,2,21.8,5,0.41,0.4,0.4033333333333334
9,22,2,2,29.6,2,0.41,0.4,0.40375000000000005
19,24,4,2,29.7,1,0.41,0.4,0.4041666666666666
21,26,6,2,9.5,4,0.41,0.4,0.4045833333333333
22,2,3,3,10.3,5,0.41,0.4,0.40499999999999997
8,4,5,3,-4.1,3,0.41,0.4,0.4054166666666667
16,6,0,3,14.4,2,0.41,0.4,0.4058333333333333
1,7,1,3,22.8,3,0.41,0.4,0.40625
10,7,1,3,23.6,3,0.41,0.4,0.4066666666666667
9,8,2,3,-8.1,3,0.41,0.4,0.4070833333333333
4,12,6,3,28.2,1,0.41,0.4,0.4075
19,22,2,3,15.8,4,0.41,0.4,0.4079166666666667
18,24,4,3,7.1,5,0.41,0.4,0.4083333333333334
5,3,0,4,28.8,1,0.41,0.4,0.40874999999999995
22,13,3,4,8.0,2,0.41,0.4,0.4091666666666666
10,17,0,4,-3.6,1,0.41,0.4,0.40958333333333324
8,22,5,4,-5.7,4,0.41,0.41,0.41
22,6,5,5,25.7,2,0.41,0.41,0.41
22,17,2,5,1.4,1,0.41,0.41,0.41
9,4,6,6,0.5,2,0.41,0.41,0.41
17,10,5,6,-9.8,4,0.41,0.41,0.41
7,11,6,6,-7.4,1,0.41,0.41,0.41
1,12,0,6,-0.5,5,0.41,0.41,0.41
6,29,3,6,32.5,4,0.41,0.41,0.41
22,2,6,7,11.4,1,0.41,0.41,0.41
4,3,0,7,4.8,4,0.41,0.41,0.41
0,10,0,7,29.3,3,0.41,0.41,0.41
18,11,1,7,32.0,5,0.41,0.41,0.41
8,12,2,7,-6.7,2,0.41,0.41,0.41
1,13,3,7,27.6,3,0.41,0.41,0.41
1,15,5,7,12.2,4,0.41,0.41,0.41
9,22,5,7,3.1,1,0.41,0.41,0.41
15,30,6,7,11.9,5,0.41,0.41,0.41
19,2,2,8,19.7,4,0.41,0.41,0.41
1,5,5,8,-0.8,4,0.41,0.41,0.41
22,14,0,8,36.4,5,0.41,0.41,0.41
17,15,1,8,16.4,5,0.41,0.41,0.41
2,20,6,8,5.1,1,0.41,0.41,0.41
2,22,1,8,3.2,3,0.41,0.41,0.41
10,22,1,8,33.2,4,0.41,0.41,0.41
13,8,4,9,8.1,1,0.41,0.41,0.41
20,8,4,9,28.6,2,0.41,0.41,0.41
2,15,4,9,20.2,2,0.41,0.41,0.41
6,23,5,9,-7.2,2,0.41,0.41,0.41
1,2,0,10,14.4,5,0.41,0.41,0.41
10,5,3,10,12.1,5,0.41,0.41,0.41
19,8,6,10,6.3,1,0.41,0.41,0.41
6,10,1,10,-3.6,4,0.41,0.41,0.41
11,12,3,10,-8.8,3,0.41,0.41,0.41
9,13,4,10,20.7,2,0.41,0.41,0.41
7,21,5,10,12.1,1,0.41,0.41,0.41
10,22,6,10,18.4,4,0.41,0.41,0.41
22,23,0,10,19.5,4,0.41,0.41,0.41
8,24,1,10,9.5,2,0.41,0.41,0.41
11,25,2,10,11.4,3,0.41,0.41,0.41
1,28,5,10,32.8,2,0.41,0.41,0.41
15,3,4,11,34.7,2,0.41,0.41,0.41
22,6,0,11,-8.2,4,0.41,0.41,0.41
20,25,5,11,-9.5,4,0.41,0.41,0.41
2,14,3,12,6.2,5,0.41,0.41,0.41
1,17,6,12,8.4,2,0.41,0.41,0.41
19,22,4,12,5.0,2,0.41,0.41,0.41
13,1,0,1,20.1,3,0.41,0.41,0.41
10,7,5,1,-4.0,3,0.41,0.41,0.41
1,11,2,1,28.3,1,0.42,0.41,0.41041666666666665
20,11,2,1,28.0,3,0.42,0.41,0.41083333333333333
9,13,4,1,21.3,4,0.42,0.41,0.41124999999999995
3,15,6,1,37.2,2,0.42,0.41,0.4116666666666666
12,21,5,1,10.6,4,0.42,0.41,0.4120833333333333
12,22,6,1,33.4,5,0.42,0.41,0.41250000000000003
7,26,3,1,20.7,4,0.42,0.41,0.41291666666666665
10,2,3,2,5.1,5,0.42,0.41,0.41333333333333333
9,15,2,2,25.4,1,0.42,0.41,0.41375
2,19,6,2,2.3,4,0.42,0.41,0.4141666666666666
13,21,1,2,15.2,3,0.42,0.41,0.4145833333333333
9,23,3,2,29.7,2,0.42,0.41,0.415
9,5,6,3,37.8,2,0.42,0.41,0.4154166666666666
19,10,4,3,19.7,2,0.42,0.41,0.4158333333333333
19,12,6,3,22.9,2,0.42,0.41,0.41624999999999995
21,17,4,3,36.6,1,0.42,0.41,0.4166666666666666
11,21,1,3,24.1,3,0.42,0.41,0.4170833333333333
14,7,4,4,17.3,2,0.42,0.41,0.4175
8,9,6,4,3.3,4,0.42,0.41,0.41791666666666666
0,12,2,4,27.8,4,0.42,0.41,0.4183333333333333
6,12,2,4,14.9,5,0.42,0.41,0.41874999999999996
5,15,5,4,16.3,5,0.42,0.41,0.41916666666666663
4,22,5,4,14.9,3,0.42,0.41,0.41958333333333325
8,22,5,4,31.4,1,0.42,0.42,0.42
18,30,6,4,18.2,2,0.42,0.42,0.42
10,2,1,5,22.4,3,0.42,0.42,0.42
16,9,1,5,27.2,4,0.42,0.42,0.42
1,21,6,5,-5.0,5,0.42,0.42,0.42
19,25,3,5,30.7,2,0.42,0.42,0.42
23,30,1,5,-3.3,5,0.42,0.42,0.42
16,8,3,6,-9.2,3,0.42,0.42,0.42
10,19,0,6,14.9,5,0.42,0.42,0.42
16,21,2,6,13.5,2,0.42,0.42,0.42
3,23,4,6,-6.0,2,0.42,0.42,0.42
16,8,5,7,-5.2,2,0.42,0.42,0.42
22,13,3,7,-6.7,5,0.42,0.42,0.42
4,23,6,7,-9.3,1,0.42,0.42,0.42
10,23,6,7,9.7,4,0.42,0.42,0.42
15,23,6,7,-9.0,1,0.42,0.42,0.42
11,24,3,8,38.9,1,0.42,0.42,0.42
12,3,1,10,11.0,4,0.42,0.42,0.42
17,6,4,10,36.5,3,0.42,0.42,0.42
3,19,3,10,31.0,4,0.42,0.42,0.42
18,21,5,10,-1.8,4,0.42,0.42,0.42
10,22,6,10,9.5,5,0.42,0.42,0.42
2,29,6,10,37.7,1,0.42,0.42,0.42
20,8,2,11,11.8,4,0.42,0.42,0.42
13,16,3,11,-1.2,5,0.42,0.42,0.42
22,16,3,11,39.3,4,0.42,0.42,0.42
10,18,5,11,-1.4,5,0.42,0.42,0.42
21,23,3,11,28.6,3,0.42,0.42,0.42
14,1,4,12,16.3,5,0.42,0.42,0.42
9,4,0,12,14.6,2,0.42,0.42,0.42
18,6,2,12,9.9,5,0.42,0.42,0.42
3,29,6,1,-3.5,2,0.42,0.42,0.42
16,4,5,2,5.9,4,0.43,0.42,0.42041666666666666
17,8,2,2,38.9,1,0.43,0.42,0.42083333333333334
10,10,4,2,-1.4,5,0.43,0.42,0.42124999999999996
18,13,0,2,2.3,4,0.43,0.42,0.42166666666666663
9,18,5,2,3.4,3,0.43,0.42,0.4220833333333333
8,21,1,2,13.4,3,0.43,0.42,0.42249999999999993
2,8,2,3,20.1,3,0.43,0.42,0.42291666666666666
0,21,1,3,38.7,4,0.43,0.42,0.42333333333333334
9,21,1,3,30.2,5,0.43,0.42,0.42375
11,24,4,3,9.7,2,0.43,0.42,0.42416666666666664
0,3,0,4,32.6,1,0.43,0.42,0.4245833333333333
16,10,0,4,-9.2,3,0.43,0.42,0.425
19,28,4,4,39.2,3,0.43,0.42,0.4254166666666667
14,1,0,5,25.5,3,0.43,0.42,0.42583333333333334
7,15,0,5,29.8,3,0.43,0.42,0.42625
13,16,1,5,0.7,4,0.43,0.42,0.4266666666666667
10,19,4,5,35.6,4,0.43,0.42,0.4270833333333333
3,2,4,6,1.2,4,0.43,0.42,0.4275
3,7,2,6,2.0,2,0.43,0.42,0.42791666666666667
0,25,6,6,-4.7,5,0.43,0.42,0.4283333333333334
10,29,3,6,-3.0,4,0.43,0.42,0.42875
11,30,4,6,34.7,1,0.43,0.42,0.4291666666666667
9,22,5,7,32.3,3,0.43,0.42,0.4295833333333334
16,25,1,7,26.1,4,0.43,0.43,0.43
3,3,3,8,11.7,2,0.43,0.43,0.43
15,9,2,8,9.3,3,0.43,0.43,0.43
14,15,1,8,-9.5,2,0.43,0.43,0.43
6,23,2,8,8.6,5,0.43,0.43,0.43
6,30,2,8,16.4,1,0.43,0.43,0.43
22,3,6,9,38.1,2,0.43,0.43,0.43
6,6,2,9,-2.2,2,0.43,0.43,0.43
15,6,2,9,39.5,2,0.43,0.43,0.43
13,16,5,9,5.6,5,0.43,0.43,0.43
15,17,6,9,0.5,5,0.43,0.43,0.43
2,20,2,9,23.0,4,0.43,0.43,0.43
12,21,3,9,21.7,3,0.43,0.43,0.43
4,25,0,9,26.6,5,0.43,0.43,0.43
3,27,2,9,10.5,4,0.43,0.43,0.43
22,2,0,10,-0.4,5,0.43,0.43,0.43
3,3,1,10,34.9,2,0.43,0.43,0.43
12,4,2,10,17.5,4,0.43,0.43,0.43
20,6,4,10,5.9,4,0.43,0.43,0.43
3,16,0,10,17.2,2,0.43,0.43,0.43
18,23,0,10,-9.6,5,0.43,0.43,0.43
13,6,0,11,35.9,1,0.43,0.43,0.43
10,7,1,11,10.4,2,0.43,0.43,0.43
10,8,2,11,29.7,3,0.43,0.43,0.43
10,8,2,11,35.5,4,0.43,0.43,0.43
22,21,1,11,3.9,1,0.43,0.43,0.43
21,26,6,11,0.7,2,0.43,0.43,0.43
15,30,3,11,26.0,1,0.43,0.43,0.43
23,1,4,12,-8.3,3,0.43,0.43,0.43
11,6,2,12,20.0,2,0.43,0.43,0.43
4,10,6,12,28.4,4,0.43,0.43,0.43
1,14,3,12,-3.1,4,0.43,0.43,0.43
7,17,6,12,15.6,4,0.43,0.43,0.43
10,25,0,12,26.5,5,0.43,0.43,0.43
7,26,1,12,-3.3,4,0.43,0.43,0.43
19,28,3,12,13.7,2,0.43,0.43,0.43
8,4,2,1,26.8,3,0.43,0.43,0.43
0,16,0,1,11.8,2,0.44,0.43,0.43041666666666667
19,17,1,1,5.0,5,0.44,0.43,0.43083333333333335
18,29,6,1,36.0,1,0.44,0.43,0.43124999999999997
20,12,6,2,13.3,2,0.44,0.43,0.43166666666666664
14,14,1,2,8.4,4,0.44,0.43,0.4320833333333333
21,2,3,3,-3.4,5,0.44,0.43,0.43250000000000005
13,8,2,3,15.5,3,0.44,0.43,0.43291666666666667
5,13,0,3,5.6,2,0.44,0.43,0.43333333333333335
5,28,1,3,35.2,2,0.44,0.43,0.4337499999999999
8,28,1,3,-7.1,4,0.44,0.43,0.43416666666666665
13,2,6,4,-8.1,4,0.44,0.43,0.4345833333333333
5,3,0,4,22.7,1,0.44,0.43,0.435
5,12,2,4,12.4,3,0.44,0.43,0.4354166666666666
2,14,4,4,31.6,1,0.44,0.43,0.43583333333333335
6,19,2,4,5.1,4,0.44,0.43,0.43625
23,22,5,4,-5.1,4,0.44,0.43,0.4366666666666666
4,5,4,5,2.5,3,0.44,0.43,0.4370833333333333
13,11,3,5,5.6,4,0.44,0.43,0.4375
1,21,6,5,-9.6,5,0.44,0.43,0.4379166666666667
8,24,2,5,4.6,2,0.44,0.43,0.4383333333333333
18,2,4,6,29.9,5,0.44,0.43,0.43875000000000003
6,17,5,6,-1.8,1,0.44,0.43,0.43916666666666665
22,30,4,6,29.8,1,0.44,0.43,0.43958333333333327
17,12,2,7,-5.6,4,0.44,0.44,0.44
12,19,2,7,22.8,1,0.44,0.44,0.44
2,1,1,8,32.7,3,0.44,0.44,0.44
1,20,6,8,19.1,3,0.44,0.44,0.44
7,22,1,8,25.7,2,0.44,0.44,0.44
16,22,1,8,26.5,1,0.44,0.44,0.44
16,11,0,9,-5.0,4,0.44,0.44,0.44
23,12,1,9,2.6,4,0.44,0.44,0.44
15,15,4,9,20.2,5,0.44,0.44,0.44
11,24,6,9,-8.3,5,0.44,0.44,0.44
8,2,0,10,10.8,4,0.44,0.44,0.44
21,19,3,10,23.8,2,0.44,0.44,0.44
14,26,3,10,11.8,5,0.44,0.44,0.44
20,26,3,10,28.4,2,0.44,0.44,0.44
8,31,1,10,33.5,3,0.44,0.44,0.44
19,3,4,11,35.2,2,0.44,0.44,0.44
16,4,5,11,35.1,3,0.44,0.44,0.44
16,8,2,11,-9.8,4,0.44,0.44,0.44
16,17,4,11,38.1,2,0.44,0.44,0.44
10,24,4,11,29.8,2,0.44,0.44,0.44
10,27,0,11,-4.9,2,0.44,0.44,0.44
8,28,1,11,27.2,2,0.44,0.44,0.44
20,21,3,12,9.1,5,0.44,0.44,0.44
6,26,1,12,-4.3,2,0.44,0.44,0.44
9,27,2,12,34.0,2,0.44,0.44,0.44
10,10,1,1,10.1,3,0.44,0.44,0.44
17,13,4,1,39.5,1,0.45,0.44,0.4404166666666667
4,19,3,1,39.4,3,0.45,0.44,0.44083333333333335
9,21,5,1,14.5,2,0.45,0.44,0.44125
12,22,6,1,-0.3,1,0.45,0.44,0.44166666666666665
3,31,1,1,-7.0,2,0.45,0.44,0.4420833333333334
15,4,5,2,11.3,1,0.45,0.44,0.44249999999999995
17,4,5,2,2.1,3,0.45,0.44,0.4429166666666666
18,4,5,2,26.4,3,0.45,0.44,0.44333333333333336
12,11,5,2,21.3,4,0.45,0.44,0.44375000000000003
21,17,4,2,35.6,2,0.45,0.44,0.44416666666666665
0,27,0,2,5.5,4,0.45,0.44,0.44458333333333333
17,8,2,3,0.5,1,0.45,0.44,0.445
23,8,2,3,35.7,3,0.45,0.44,0.4454166666666666
4,15,2,3,20.3,4,0.45,0.44,0.4458333333333333
4,20,0,3,-7.4,5,0.45,0.44,0.44625000000000004
3,6,3,4,-2.9,4,0.45,0.44,0.4466666666666667
20,24,0,4,0.9,2,0.45,0.44,0.44708333333333333
18,27,3,4,-7.4,5,0.45,0.44,0.4475
22,11,3,5,31.5,3,0.45,0.44,0.4479166666666667
22,17,2,5,39.9,4,0.45,0.44,0.4483333333333333
15,3,5,6,16.1,5,0.45,0.44,0.44875
12,5,0,6,4.9,5,0.45,0.44,0.4491666666666667
5,21,2,6,34.5,1,0.45,0.44,0.4495833333333334
5,22,3,6,39.7,2,0.45,0.45,0.45
21,28,4,7,23.5,1,0.45,0.45,0.45
13,2,2,8,36.3,1,0.45,0.45,0.45
7,12,5,8,-0.2,5,0.45,0.45,0.45
12,12,5,8,15.2,1,0.45,0.45,0.45
11,13,6,8,37.5,2,0.45,0.45,0.45
4,14,0,8,19.1,2,0.45,0.45,0.45
10,20,6,8,11.4,1,0.45,0.45,0.45
4,23,2,8,21.8,2,0.45,0.45,0.45
11,24,3,8,-7.7,2,0.45,0.45,0.45
14,2,5,9,14.5,5,0.45,0.45,0.45
12,3,6,9,25.5,2,0.45,0.45,0.45
18,5,1,9,21.0,4,0.45,0.45,0.45
0,10,6,9,10.4,3,0.45,0.45,0.45
3,22,4,9,29.7,3,0.45,0.45,0.45
4,26,1,9,30.3,3,0.45,0.45,0.45
2,27,2,9,37.8,5,0.45,0.45,0.45
17,11,2,10,26.5,3,0.45,0.45,0.45
10,16,0,10,26.4,4,0.45,0.45,0.45
19,20,4,10,-1.9,1,0.45,0.45,0.45
10,21,5,10,1.0,2,0.45,0.45,0.45
3,5,6,11,15.6,3,0.45,0.45,0.45
18,11,5,11,13.8,5,0.45,0.45,0.45
12,24,4,11,-8.9,4,0.45,0.45,0.45
21,8,4,12,15.8,1,0.45,0.45,0.45
6,10,6,12,-1.8,3,0.45,0.45,0.45
11,17,6,12,-4.7,1,0.45,0.45,0.45
1,23,5,12,17.5,5,0.45,0.45,0.45
8,5,3,1,-6.1,1,0.45,0.45,0.45
20,12,3,1,13.3,4,0.46,0.45,0.4504166666666667
2,14,5,1,14.1,5,0.46,0.45,0.45083333333333336
3,14,5,1,30.0,4,0.46,0.45,0.45125
13,15,6,1,37.4,3,0.46,0.45,0.45166666666666666
16,15,6,1,2.0,2,0.46,0.45,0.45208333333333334
17,29,6,1,23.4,1,0.46,0.45,0.45250000000000007
5,4,5,2,10.4,3,0.46,0.45,0.45291666666666663
19,4,5,2,17.4,1,0.46,0.45,0.45333333333333337
2,9,3,2,39.8,1,0.46,0.45,0.45375000000000004
8,11,5,2,12.2,5,0.46,0.45,0.45416666666666666
14,13,0,2,21.3,2,0.46,0.45,0.4545833333333334
11,14,1,2,24.6,2,0.46,0.45,0.455
19,25,5,2,8.6,3,0.46,0.45,0.45541666666666675
0,5,6,3,13.4,5,0.46,0.45,0.4558333333333333
15,22,2,3,5.2,5,0.46,0.45,0.45625000000000004
20,28,1,3,40.0,3,0.46,0.45,0.4566666666666666
14,29,2,3,32.7,4,0.46,0.45,0.45708333333333334
7,2,6,4,9.9,3,0.46,0.45,0.4575
20,10,0,4,36.3,5,0.46,0.45,0.4579166666666667
16,17,0,4,-9.2,4,0.46,0.45,0.4583333333333333
2,18,1,4,24.9,4,0.46,0.45,0.45875
4,20,3,4,31.4,2,0.46,0.45,0.45916666666666667
11,27,3,4,34.7,3,0.46,0.45,0.4595833333333334
12,1,0,5,34.7,4,0.46,0.46,0.46
5,2,1,5,17.5,1,0.46,0.46,0.46
22,9,1,5,34.2,5,0.46,0.46,0.46
4,12,4,5,6.7,3,0.46,0.46,0.46
6,15,0,5,22.0,3,0.46,0.46,0.46
4,17,2,5,30.6,1,0.46,0.46,0.46
10,25,3,5,16.6,3,0.46,0.46,0.46
16,2,4,6,25.2,3,0.46,0.46,0.46
19,3,5,6,-2.2,4,0.46,0.46,0.46
4,5,0,6,37.0,5,0.46,0.46,0.46
7,7,2,6,-2.9,2,0.46,0.46,0.46
5,16,4,6,15.2,2,0.46,0.46,0.46
19,19,0,6,7.8,3,0.46,0.46,0.46
6,26,0,6,-4.6,2,0.46,0.46,0.46
9,2,6,7,31.5,2,0.46,0.46,0.46
13,2,6,7,-0.4,3,0.46,0.46,0.46
4,9,6,7,17.3,2,0.46,0.46,0.46
7,18,1,7,-0.8,2,0.46,0.46,0.46
3,20,3,7,13.2,1,0.46,0.46,0.46
21,1,1,8,4.1,5,0.46,0.46,0.46
17,12,5,8,-4.9,3,0.46,0.46,0.46
2,16,2,8,21.2,3,0.46,0.46,0.46
1,20,6,8,36.3,3,0.46,0.46,0.46
1,24,3,8,22.9,2,0.46,0.46,0.46
15,26,5,8,24.7,4,0.46,0.46,0.46
1,3,6,9,8.2,1,0.46,0.46,0.46
23,9,5,9,4.6,5,0.46,0.46,0.46
16,10,6,9,38.7,5,0.46,0.46,0.46
20,19,1,9,6.2,1,0.46,0.46,0.46
11,28,3,9,12.6,5,0.46,0.46,0.46
16,1,6,10,6.2,3,0.46,0.46,0.46
18,5,3,10,39.8,5,0.46,0.46,0.46
17,6,4,10,10.6,3,0.46,0.46,0.46
9,13,4,10,32.8,3,0.46,0.46,0.46
22,22,6,10,15.9,4,0.46,0.46,0.46
17,26,3,10,23.0,4,0.46,0.46,0.46
8,6,0,11,5.2,1,0.46,0.46,0.46
17,18,5,11,4.4,5,0.46,0.46,0.46
18,23,3,11,13.0,3,0.46,0.46,0.46
3,18,0,12,2.3,3,0.46,0.46,0.46
19,27,2,12,9.2,2,0.46,0.46,0.46
2,6,4,1,-2.3,2,0.46,0.46,0.46
12,9,0,1,26.0,5,0.47,0.46,0.4604166666666667
5,11,2,1,13.6,4,0.47,0.46,0.4608333333333334
23,19,3,1,5.4,2,0.47,0.46,0.46125
0,23,0,1,39.4,4,0.47,0.46,0.46166666666666667
22,28,5,1,28.4,4,0.47,0.46,0.46208333333333335
22,30,0,1,-7.5,2,0.47,0.46,0.46249999999999997
19,1,2,2,24.7,5,0.47,0.46,0.4629166666666667
1,8,2,2,13.2,2,0.47,0.46,0.4633333333333333
10,19,6,2,38.0,2,0.47,0.46,0.46375000000000005
16,24,4,2,12.7,3,0.47,0.46,0.46416666666666667
13,23,3,3,3.4,3,0.47,0.46,0.46458333333333335
2,28,4,4,21.1,1,0.47,0.46,0.465
18,30,6,4,7.2,2,0.47,0.46,0.46541666666666665
10,3,2,5,21.5,2,0.47,0.46,0.4658333333333333
19,6,5,5,11.8,2,0.47,0.46,0.46625
20,17,2,5,-9.1,1,0.47,0.46,0.4666666666666666
12,18,3,5,34.9,4,0.47,0.46,0.4670833333333333
18,24,2,5,19.1,1,0.47,0.46,0.4675
5,17,5,6,12.0,3,0.47,0.46,0.4679166666666666
16,22,3,6,3.5,4,0.47,0.46,0.4683333333333333
12,4,1,7,3.8,3,0.47,0.46,0.46874999999999994
10,7,4,7,27.9,1,0.47,0.46,0.4691666666666667
12,9,6,7,13.7,4,0.47,0.46,0.4695833333333333
19,18,1,7,1.5,5,0.47,0.47,0.47
21,22,5,7,5.2,2,0.47,0.47,0.47
8,26,2,7,31.4,2,0.47,0.47,0.47
22,26,2,7,31.2,5,0.47,0.47,0.47
1,29,5,7,24.1,5,0.47,0.47,0.47
2,29,5,7,11.5,4,0.47,0.47,0.47
18,1,1,8,2.8,5,0.47,0.47,0.47
23,6,6,8,12.0,1,0.47,0.47,0.47
10,7,0,8,39.8,1,0.47,0.47,0.47
5,8,1,8,35.7,2,0.47,0.47,0.47
1,17,3,8,6.9,4,0.47,0.47,0.47
4,20,6,8,0.9,3,0.47,0.47,0.47
18,26,5,8,-2.3,4,0.47,0.47,0.47
6,2,5,9,26.5,4,0.47,0.47,0.47
5,30,5,9,-9.6,4,0.47,0.47,0.47
1,20,4,10,3.0,1,0.47,0.47,0.47
0,24,1,10,3.8,5,0.47,0.47,0.47
5,24,1,10,14.8,4,0.47,0.47,0.47
2,2,3,11,39.0,3,0.47,0.47,0.47
4,8,2,11,34.1,3,0.47,0.47,0.47
4,14,1,11,10.5,1,0.47,0.47,0.47
6,20,0,11,12.4,1,0.47,0.47,0.47
12,20,0,11,2.2,2,0.47,0.47,0.47
21,21,1,11,28.8,5,0.47,0.47,0.47
10,24,4,11,16.9,1,0.47,0.47,0.47
21,4,0,12,28.6,4,0.47,0.47,0.47
0,11,0,12,15.1,1,0.47,0.47,0.47
18,11,0,12,22.7,1,0.47,0.47,0.47
22,13,2,12,19.4,3,0.47,0.47,0.47
7,18,0,12,21.4,2,0.47,0.47,0.47
17,18,0,12,2.7,3,0.47,0.47,0.47
20,24,6,12,14.7,5,0.47,0.47,0.47
22,24,6,12,-6.3,5,0.47,0.47,0.47
3,1,0,1,28.5,1,0.47,0.47,0.47
12,10,1,1,17.7,2,0.47,0.47,0.47
11,13,4,1,27.9,5,0.48,0.47,0.47041666666666665
19,14,5,1,-0.3,2,0.48,0.47,0.47083333333333327
14,17,1,1,9.8,5,0.48,0.47,0.47125
0,18,2,1,7.1,5,0.48,0.47,0.4716666666666667
15,6,0,2,-6.0,1,0.48,0.47,0.47208333333333324
6,22,2,2,14.1,2,0.48,0.47,0.4725
16,25,5,2,17.7,1,0.48,0.47,0.47291666666666665
4,3,4,3,4.9,1,0.48,0.47,0.47333333333333333
11,15,2,3,6.2,5,0.48,0.47,0.47374999999999995
2,22,2,3,33.4,4,0.48,0.47,0.4741666666666666
2,8,5,4,30.4,4,0.48,0.47,0.47458333333333336
2,12,2,4,-6.6,5,0.48,0.47,0.47500000000000003
1,15,5,4,8.2,2,0.48,0.47,0.4754166666666666
17,8,0,5,10.0,1,0.48,0.47,0.47583333333333333
8,14,6,5,34.7,1,0.48,0.47,0.47625
1,17,2,5,20.5,3,0.48,0.47,0.4766666666666666
6,17,2,5,-8.6,2,0.48,0.47,0.4770833333333333
20,9,4,6,25.8,2,0.48,0.47,0.4775
12,16,4,6,14.7,2,0.48,0.47,0.4779166666666667
15,22,3,6,-4.8,5,0.48,0.47,0.47833333333333333
19,25,6,6,38.6,5,0.48,0.47,0.47874999999999995
15,7,4,7,26.8,2,0.48,0.47,0.4791666666666667
7,19,2,7,7.2,2,0.48,0.47,0.4795833333333333
16,27,3,7,14.2,3,0.48,0.48,0.48
9,5,5,8,36.3,3,0.48,0.48,0.48
11,6,6,8,13.8,3,0.48,0.48,0.48
13,14,0,8,2.3,3,0.48,0.48,0.48
15,17,3,8,-5.1,1,0.48,0.48,0.48
4,18,4,8,17.7,2,0.48,0.48,0.48
19,19,5,8,14.3,3,0.48,0.48,0.48
2,22,1,8,15.0,1,0.48,0.48,0.48
13,27,6,8,4.2,1,0.48,0.48,0.48
13,28,0,8,9.6,3,0.48,0.48,0.48
13,3,6,9,13.4,4,0.48,0.48,0.48
20,3,6,9,17.2,2,0.48,0.48,0.48
6,5,1,9,18.8,2,0.48,0.48,0.48
8,14,3,9,25.5,2,0.48,0.48,0.48
6,20,2,9,15.2,3,0.48,0.48,0.48
20,21,3,9,13.7,4,0.48,0.48,0.48
11,23,5,9,8.1,2,0.48,0.48,0.48
23,24,6,9,26.6,2,0.48,0.48,0.48
0,3,1,10,25.3,1,0.48,0.48,0.48
10,7,5,10,6.9,4,0.48,0.48,0.48
9,15,6,10,12.3,4,0.48,0.48,0.48
20,24,1,10,-0.4,5,0.48,0.48,0.48
20,24,1,10,-5.2,3,0.48,0.48,0.48
23,24,1,10,-0.4,5,0.48,0.48,0.48
15,27,4,10,35.3,2,0.48,0.48,0.48
2,2,3,11,10.1,1,0.48,0.48,0.48
16,2,3,11,-7.7,4,0.48,0.48,0.48
7,5,6,11,-2.0,3,0.48,0.48,0.48
11,14,1,11,4.3,3,0.48,0.48,0.48
1,17,4,11,34.7,3,0.48,0.48,0.48
21,18,5,11,-1.4,2,0.48,0.48,0.48
15,24,4,11,23.0,4,0.48,0.48,0.48
17,15,4,12,-8.1,1,0.48,0.48,0.48
18,16,5,12,25.8,3,0.48,0.48,0.48
19,21,3,12,-5.9,1,0.48,0.48,0.48
15,22,4,12,3.2,3,0.48,0.48,0.48
22,28,3,12,12.2,4,0.48,0.48,0.48
8,13,4,1,-2.1,4,0.48,0.48,0.48
11,14,5,1,16.8,2,0.49,0.48,0.48041666666666666
21,14,5,1,11.0,5,0.49,0.48,0.4808333333333333
1,20,4,1,6.5,4,0.49,0.48,0.48124999999999996
23,20,4,1,8.3,3,0.49,0.48,0.4816666666666667
12,31,1,1,31.8,1,0.49,0.48,0.48208333333333336
8,12,6,2,26.0,3,0.49,0.48,0.4825
19,14,1,2,39.9,4,0.49,0.48,0.4829166666666666
3,19,6,2,32.1,2,0.49,0.48,0.48333333333333334
4,20,0,2,32.7,3,0.49,0.48,0.48374999999999996
11,3,4,3,-3.6,1,0.49,0.48,0.48416666666666663
5,10,4,3,36.2,4,0.49,0.48,0.4845833333333333
21,16,3,3,32.5,4,0.49,0.48,0.48500000000000004
6,23,3,3,29.9,1,0.49,0.48,0.48541666666666666
15,30,3,3,1.5,3,0.49,0.48,0.48583333333333334
6,3,0,4,24.1,5,0.49,0.48,0.4862499999999999
4,16,6,4,35.6,5,0.49,0.48,0.48666666666666664
8,16,6,4,22.4,1,0.49,0.48,0.4870833333333333
8,21,4,4,17.0,5,0.49,0.48,0.4875
8,1,0,5,22.0,1,0.49,0.48,0.4879166666666666
20,1,0,5,36.5,1,0.49,0.48,0.48833333333333334
0,2,1,5,25.7,5,0.49,0.48,0.48875
17,6,5,5,27.3,4,0.49,0.48,0.4891666666666667
4,21,6,5,25.9,1,0.49,0.48,0.48958333333333326
2,30,1,5,-3.1,1,0.49,0.49,0.49
11,8,3,6,20.2,5,0.49,0.49,0.49
8,22,3,6,6.2,5,0.49,0.49,0.49
21,22,3,6,14.7,4,0.49,0.49,0.49
12,30,4,6,8.3,3,0.49,0.49,0.49
18,4,1,7,37.3,1,0.49,0.49,0.49
20,12,2,7,4.2,1,0.49,0.49,0.49
6,6,6,8,17.7,1,0.49,0.49,0.49
17,8,1,8,36.4,2,0.49,0.49,0.49
10,18,4,8,-0.7,3,0.49,0.49,0.49
4,20,6,8,22.5,4,0.49,0.49,0.49
12,23,2,8,28.6,5,0.49,0.49,0.49
9,25,4,8,29.3,4,0.49,0.49,0.49
4,29,1,8,4.3,3,0.49,0.49,0.49
4,1,4,9,15.6,2,0.49,0.49,0.49
13,14,3,9,-1.2,4,0.49,0.49,0.49
23,19,1,9,25.0,3,0.49,0.49,0.49
21,23,5,9,25.9,1,0.49,0.49,0.49
17,14,5,10,37.1,1,0.49,0.49,0.49
5,21,5,10,-1.2,4,0.49,0.49,0.49
12,28,5,10,34.3,5,0.49,0.49,0.49
9,30,0,10,8.6,1,0.49,0.49,0.49
7,2,3,11,29.5,2,0.49,0.49,0.49
7,24,4,11,25.2,3,0.49,0.49,0.49
17,26,6,11,22.8,5,0.49,0.49,0.49
1,11,0,12,10.4,2,0.49,0.49,0.49
14,1,6,1,36.5,2,0.49,0.49,0.49
9,4,2,1,-4.9,5,0.5,0.49,0.49041666666666667
1,6,4,1,5.8,3,0.5,0.49,0.4908333333333333
0,7,5,1,21.6,5,0.5,0.49,0.49124999999999996
7,7,5,1,-5.3,5,0.5,0.49,0.49166666666666664
13,15,6,1,37.3,1,0.5,0.49,0.4920833333333334
19,25,2,1,35.4,1,0.5,0.49,0.4925
10,31,1,1,22.3,3,0.5,0.49,0.49291666666666667
11,1,2,2,29.6,4,0.5,0.49,0.49333333333333335
16,1,2,2,1.7,1,0.5,0.49,0.49374999999999997
5,13,0,2,-7.9,5,0.5,0.49,0.49416666666666664
16,15,2,2,1.5,4,0.5,0.49,0.4945833333333333
6,9,3,3,11.3,3,0.5,0.49,0.49499999999999994
16,9,3,3,18.3,5,0.5,0.49,0.49541666666666667
19,10,4,3,0.6,5,0.5,0.49,0.49583333333333335
5,11,5,3,25.3,4,0.5,0.49,0.49625
21,8,5,4,38.0,5,0.5,0.49,0.49666666666666665
7,11,1,4,34.9,1,0.5,0.49,0.4970833333333333
6,12,2,4,17.0,5,0.5,0.49,0.4975
4,13,3,4,27.0,1,0.5,0.49,0.4979166666666666
6,19,2,4,23.9,1,0.5,0.49,0.4983333333333333
16,25,1,4,34.2,2,0.5,0.49,0.49875
12,28,4,4,3.8,2,0.5,0.49,0.4991666666666667
0,29,5,4,28.3,1,0.5,0.49,0.4995833333333333
23,5,4,5,28.7,5,0.5,0.5,0.5
7,12,4,5,-4.9,1,0.5,0.5,0.5
0,15,0,5,-6.4,2,0.5,0.5,0.5
14,17,2,5,14.6,3,0.5,0.5,0.5
5,20,5,5,28.5,1,0.5,0.5,0.5
11,13,1,6,-5.3,5,0.5,0.5,0.5
4,19,0,6,33.4,5,0.5,0.5,0.5
3,23,4,6,15.4,5,0.5,0.5,0.5
9,25,6,6,1.8,4,0.5,0.5,0.5
23,9,6,7,35.0,5,0.5,0.5,0.5
15,14,4,7,23.6,2,0.5,0.5,0.5
13,18,1,7,-3.9,1,0.5,0.5,0.5
16,18,1,7,25.5,2,0.5,0.5,0.5
3,21,4,7,33.6,3,0.5,0.5,0.5
6,30,6,7,26.6,2,0.5,0.5,0.5
19,31,0,7,5.7,3,0.5,0.5,0.5
6,4,4,8,-1.2,2,0.5,0.5,0.5
0,9,2,8,34.1,3,0.5,0.5,0.5
12,13,6,8,30.3,5,0.5,0.5,0.5
16,16,2,8,14.8,4,0.5,0.5,0.5
3,26,5,8,25.0,1,0.5,0.5,0.5
9,30,2,8,-5.7,4,0.5,0.5,0.5
12,31,3,8,33.0,3,0.5,0.5,0.5
22,7,3,9,11.0,3,0.5,0.5,0.5
9,19,1,9,-0.4,4,0.5,0.5,0.5
20,24,6,9,2.7,1,0.5,0.5,0.5
9,2,0,10,-6.1,5,0.5,0.5,0.5
3,9,0,10,14.9,2,0.5,0.5,0.5
5,9,0,10,11.3,1,0.5,0.5,0.5
22,11,2,10,-5.9,3,0.5,0.5,0.5
21,13,4,10,7.5,1,0.5,0.5,0.5
6,20,4,10,4.3,5,0.5,0.5,0.5
8,21,5,10,1.3,1,0.5,0.5,0.5
10,24,1,10,-6.6,3,0.5,0.5,0.5
9,4,5,11,15.3,1,0.5,0.5,0.5
4,14,1,11,18.2,2,0.5,0.5,0.5
22,23,3,11,18.0,4,0.5,0.5,0.5
10,25,5,11,4.3,3,0.5,0.5,0.5
11,1,4,12,27.4,4,0.5,0.5,0.5
17,11,0,12,-4.1,4,0.5,0.5,0.5
23,23,5,12,38.4,4,0.5,0.5,0.5
19,29,4,12,4.9,4,0.5,0.5,0.5
17,6,4,1,20.4,4,0.5,0.5,0.5
10,10,1,1,0.5,4,0.51,0.5,0.5004166666666666
2,17,1,1,-8.9,1,0.51,0.5,0.5008333333333334
17,18,2,1,25.6,1,0.51,0.5,0.50125
16,20,4,1,26.5,3,0.51,0.5,0.5016666666666666
15,24,1,1,31.9,3,0.51,0.5,0.5020833333333333
6,1,2,2,-1.3,3,0.51,0.5,0.5025000000000001
18,6,0,2,19.9,1,0.51,0.5,0.5029166666666667
13,10,4,2,30.5,1,0.51,0.5,0.5033333333333333
20,26,6,2,-3.4,2,0.51,0.5,0.50375
19,5,6,3,8.4,5,0.51,0.5,0.5041666666666667
7,7,1,3,-2.0,4,0.51,0.5,0.5045833333333333
6,8,2,3,21.0,5,0.51,0.5,0.505
11,9,3,3,25.0,1,0.51,0.5,0.5054166666666667
11,14,1,3,1.7,4,0.51,0.5,0.5058333333333334
6,24,4,3,1.8,4,0.51,0.5,0.50625
17,27,0,3,19.8,3,0.51,0.5,0.5066666666666667
2,31,4,3,38.8,5,0.51,0.5,0.5070833333333333
5,3,0,4,6.2,1,0.51,0.5,0.5075
2,5,2,4,-7.2,4,0.51,0.5,0.5079166666666667
15,8,5,4,-4.1,5,0.51,0.5,0.5083333333333333
23,19,2,4,39.6,5,0.51,0.5,0.50875
6,24,0,4,17.1,1,0.51,0.5,0.5091666666666667
23,25,1,4,2.0,1,0.51,0.5,0.5095833333333334
4,26,2,4,14.4,3,0.51,0.51,0.51
5,3,2,5,25.0,5,0.51,0.51,0.51
18,26,4,5,2.0,3,0.51,0.51,0.51
4,16,4,6,22.0,5,0.51,0.51,0.51
1,17,5,6,27.8,1,0.51,0.51,0.51
22,27,1,6,33.0,2,0.51,0.51,0.51
1,1,5,7,9.4,2,0.51,0.51,0.51
2,10,0,7,24.4,4,0.51,0.51,0.51
4,14,4,7,0.8,5,0.51,0.51,0.51
6,28,4,7,-0.1,4,0.51,0.51,0.51
15,28,4,7,29.4,3,0.51,0.51,0.51
8,14,0,8,27.5,5,0.51,0.51,0.51
6,15,1,8,24.8,5,0.51,0.51,0.51
17,15,1,8,16.0,3,0.51,0.51,0.51
3,29,1,8,-3.3,3,0.51,0.51,0.51
12,3,6,9,37.5,5,0.51,0.51,0.51
9,7,3,9,35.2,2,0.51,0.51,0.51
11,11,2,10,28.8,3,0.51,0.51,0.51
10,14,5,10,24.2,2,0.51,0.51,0.51
7,1,2,11,9.6,5,0.51,0.51,0.51
4,11,5,11,9.5,5,0.51,0.51,0.51
11,13,0,11,3.0,1,0.51,0.51,0.51
22,14,1,11,8.3,2,0.51,0.51,0.51
5,19,6,11,18.9,4,0.51,0.51,0.51
4,23,3,11,23.6,4,0.51,0.51,0.51
8,28,1,11,21.0,5,0.51,0.51,0.51
14,28,1,11,-5.2,5,0.51,0.51,0.51
20,29,2,11,-1.9,5,0.51,0.51,0.51
22,11,0,12,35.6,5,0.51,0.51,0.51
15,13,2,12,-0.1,3,0.51,0.51,0.51
3,19,1,12,-7.0,5,0.51,0.51,0.51
9,19,1,12,14.3,1,0.51,0.51,0.51
13,30,5,12,9.1,2,0.51,0.51,0.51
4,1,0,1,6.6,3,0.51,0.51,0.51
15,8,6,1,39.3,4,0.51,0.51,0.51
3,18,2,1,37.5,3,0.52,0.51,0.5104166666666666
18,21,5,1,11.2,1,0.52,0.51,0.5108333333333334
4,31,1,1,32.8,4,0.52,0.51,0.51125
13,31,1,1,31.1,2,0.52,0.51,0.5116666666666666
14,2,3,2,7.5,2,0.52,0.51,0.5120833333333333
7,3,4,2,-3.0,3,0.52,0.51,0.5125000000000001
11,8,2,2,32.9,3,0.52,0.51,0.5129166666666667
12,18,5,2,8.0,1,0.52,0.51,0.5133333333333333
21,26,6,2,-3.1,2,0.52,0.51,0.51375
18,14,1,3,12.6,3,0.52,0.51,0.5141666666666667
11,17,4,3,5.7,4,0.52,0.51,0.5145833333333333
6,31,4,3,-5.0,3,0.52,0.51,0.515
13,4,1,4,-7.0,3,0.52,0.51,0.5154166666666667
9,6,3,4,5.5,5,0.52,0.51,0.5158333333333334
15,17,0,4,29.3,3,0.52,0.51,0.51625
1,21,4,4,14.7,5,0.52,0.51,0.5166666666666667
6,27,3,4,34.9,1,0.52,0.51,0.5170833333333333
19,30,6,4,3.3,1,0.52,0.51,0.5175
5,1,3,6,19.7,4,0.52,0.51,0.5179166666666667
15,4,1,7,-0.3,2,0.52,0.51,0.5183333333333333
9,9,6,7,-2.1,3,0.52,0.51,0.5187499999999999
17,19,2,7,38.5,1,0.52,0.51,0.5191666666666667
0,22,5,7,38.8,5,0.52,0.51,0.5195833333333334
4,25,1,7,6.6,4,0.52,0.52,0.52
14,26,2,7,17.3,3,0.52,0.52,0.52
4,3,3,8,24.2,5,0.52,0.52,0.52
3,12,5,8,25.3,1,0.52,0.52,0.52
5,18,4,8,13.4,4,0.52,0.52,0.52
6,24,3,8,8.6,4,0.52,0.52,0.52
1,25,4,8,-5.2,2,0.52,0.52,0.52
12,2,5,9,14.7,5,0.52,0.52,0.52
10,18,0,9,19.9,3,0.52,0.52,0.52
9,19,1,9,3.0,4,0.52,0.52,0.52
0,24,6,9,-4.7,5,0.52,0.52,0.52
7,28,3,9,22.6,5,0.52,0.52,0.52
17,1,6,10,4.7,4,0.52,0.52,0.52
1,4,2,10,25.3,4,0.52,0.52,0.52
2,12,3,10,-9.1,3,0.52,0.52,0.52
11,9,3,11,0.5,4,0.52,0.52,0.52
20,9,3,11,31.2,3,0.52,0.52,0.52
11,29,2,11,15.0,3,0.52,0.52,0.52
0,24,6,12,3.9,3,0.52,0.52,0.52
18,26,1,12,20.6,5,0.52,0.52,0.52
10,29,4,12,35.9,2,0.52,0.52,0.52
12,8,6,1,-1.0,5,0.52,0.52,0.52
13,12,3,1,31.4,3,0.53,0.52,0.5204166666666666
9,14,5,1,21.3,1,0.53,0.52,0.5208333333333334
20,24,1,1,34.5,1,0.53,0.52,0.5212500000000001
11,27,4,1,2.3,5,0.53,0.52,0.5216666666666667
23,31,1,1,0.9,3,0.53,0.52,0.5220833333333333
6,2,3,2,18.7,2,0.53,0.52,0.5225000000000001
16,8,2,2,0.7,4,0.53,0.52,0.5229166666666667
22,8,2,2,17.9,3,0.53,0.52,0.5233333333333334
3,9,3,2,37.1,5,0.53,0.52,0.52375
2,21,1,2,13.7,3,0.53,0.52,0.5241666666666667
19,2,3,3,24.5,3,0.53,0.52,0.5245833333333334
21,2,3,3,6.3,2,0.53,0.52,0.525
8,8,2,3,-7.4,5,0.53,0.52,0.5254166666666666
4,13,0,3,5.6,5,0.53,0.52,0.5258333333333334
16,10,0,4,8.3,2,0.53,0.52,0.52625
23,10,0,4,20.9,3,0.53,0.52,0.5266666666666667
9,15,5,4,0.8,1,0.53,0.52,0.5270833333333333
2,27,3,4,-7.5,4,0.53,0.52,0.5275
7,30,1,5,-8.7,2,0.53,0.52,0.5279166666666667
23,30,1,5,-5.8,4,0.53,0.52,0.5283333333333334
3,9,4,6,20.8,5,0.53,0.52,0.5287499999999999
13,15,3,6,32.1,5,0.53,0.52,0.5291666666666667
10,16,4,6,14.7,3,0.53,0.52,0.5295833333333334
9,18,6,6,30.5,5,0.53,0.53,0.53
6,20,1,6,-4.1,5,0.53,0.53,0.53
19,22,3,6,21.4,3,0.53,0.53,0.53
21,24,5,6,18.8,3,0.53,0.53,0.53
1,25,6,6,28.6,1,0.53,0.53,0.53
12,27,1,6,-5.4,5,0.53,0.53,0.53
11,28,2,6,29.3,5,0.53,0.53,0.53
2,8,5,7,10.8,2,0.53,0.53,0.53
0,9,6,7,26.7,3,0.53,0.53,0.53
4,9,6,7,8.2,3,0.53,0.53,0.53
13,5,5,8,12.4,5,0.53,0.53,0.53
9,9,2,8,-4.2,2,0.53,0.53,0.53
20,15,1,8,1.6,5,0.53,0.53,0.53
11,24,3,8,14.3,4,0.53,0.53,0.53
23,25,4,8,6.5,3,0.53,0.53,0.53
9,30,2,8,19.1,1,0.53,0.53,0.53
10,4,0,9,-8.5,4,0.53,0.53,0.53
17,23,5,9,-4.4,3,0.53,0.53,0.53
9,27,2,9,-1.1,4,0.53,0.53,0.53
21,1,6,10,0.8,5,0.53,0.53,0.53
23,2,0,10,40.0,5,0.53,0.53,0.53
8,4,2,10,21.3,3,0.53,0.53,0.53
1,5,3,10,31.0,1,0.53,0.53,0.53
19,12,3,10,31.9,5,0.53,0.53,0.53
23,16,0,10,33.2,1,0.53,0.53,0.53
9,22,6,10,35.8,1,0.53,0.53,0.53
6,25,2,10,37.4,5,0.53,0.53,0.53
3,29,6,10,25.5,1,0.53,0.53,0.53
8,29,6,10,24.1,5,0.53,0.53,0.53
10,6,0,11,0.8,5,0.53,0.53,0.53
12,6,0,11,-1.1,4,0.53,0.53,0.53
22,14,1,11,22.4,2,0.53,0.53,0.53
4,15,2,11,14.9,3,0.53,0.53,0.53
4,16,3,11,-7.2,4,0.53,0.53,0.53
2,29,2,11,-5.2,3,0.53,0.53,0.53
12,29,2,11,24.1,4,0.53,0.53,0.53
19,3,6,12,26.3,3,0.53,0.53,0.53
8,12,1,12,38.3,5,0.53,0.53,0.53
10,13,2,12,38.1,4,0.53,0.53,0.53
10,21,3,12,4.1,1,0.53,0.53,0.53
5,25,0,12,24.2,2,0.53,0.53,0.53
12,31,6,12,-5.7,4,0.53,0.53,0.53
15,7,5,1,-2.4,2,0.53,0.53,0.53
18,11,2,1,11.6,2,0.54,0.53,0.5304166666666666
14,13,4,1,-0.9,1,0.54,0.53,0.5308333333333334
22,25,2,1,13.2,4,0.54,0.53,0.5312500000000001
3,26,3,1,19.7,5,0.54,0.53,0.5316666666666666
6,5,6,2,7.4,3,0.54,0.53,0.5320833333333334
11,17,4,2,38.5,3,0.54,0.53,0.5325000000000001
6,14,1,3,34.1,3,0.54,0.53,0.5329166666666667
10,22,2,3,15.3,2,0.54,0.53,0.5333333333333333
10,24,4,3,26.6,4,0.54,0.53,0.5337500000000001
13,29,2,3,25.6,4,0.54,0.53,0.5341666666666667
17,29,2,3,9.8,2,0.54,0.53,0.5345833333333334
11,30,3,3,-0.1,2,0.54,0.53,0.535
13,1,5,4,17.1,4,0.54,0.53,0.5354166666666668
13,3,0,4,28.0,5,0.54,0.53,0.5358333333333333
18,10,0,4,30.9,1,0.54,0.53,0.53625
9,11,1,4,15.5,2,0.54,0.53,0.5366666666666667
23,11,1,4,27.9,5,0.54,0.53,0.5370833333333334
2,12,2,4,24.7,3,0.54,0.53,0.5375
2,26,2,4,-0.6,4,0.54,0.53,0.5379166666666667
13,26,2,4,13.8,5,0.54,0.53,0.5383333333333333
15,11,3,5,3.4,1,0.54,0.53,0.5387500000000001
15,14,6,5,6.7,1,0.54,0.53,0.5391666666666667
8,16,1,5,14.9,3,0.54,0.53,0.5395833333333334
16,23,1,5,2.2,3,0.54,0.54,0.54
9,25,3,5,30.1,2,0.54,0.54,0.54
15,4,6,6,6.7,1,0.54,0.54,0.54
21,20,1,6,32.2,2,0.54,0.54,0.54
23,12,2,7,27.9,2,0.54,0.54,0.54
12,17,0,7,33.2,4,0.54,0.54,0.54
14,17,0,7,25.3,1,0.54,0.54,0.54
20,16,2,8,-7.9,1,0.54,0.54,0.54
5,18,4,8,-2.0,1,0.54,0.54,0.54
2,20,6,8,28.9,2,0.54,0.54,0.54
6,4,0,9,11.9,2,0.54,0.54,0.54
15,10,6,9,4.6,4,0.54,0.54,0.54
21,17,6,9,-6.2,4,0.54,0.54,0.54
3,30,5,9,7.6,2,0.54,0.54,0.54
18,30,5,9,19.9,4,0.54,0.54,0.54
17,4,2,10,6.4,3,0.54,0.54,0.54
16,10,4,11,37.5,1,0.54,0.54,0.54
0,12,6,11,37.6,5,0.54,0.54,0.54
14,15,2,11,9.0,1,0.54,0.54,0.54
14,18,5,11,23.2,2,0.54,0.54,0.54
16,22,2,11,-2.8,2,0.54,0.54,0.54
5,28,1,11,4.0,3,0.54,0.54,0.54
4,30,3,11,1.4,4,0.54,0.54,0.54
23,13,2,12,39.8,1,0.54,0.54,0.54
2,23,5,12,11.3,1,0.54,0.54,0.54
17,25,0,12,1.8,3,0.54,0.54,0.54
20,26,1,12,38.4,5,0.54,0.54,0.54
23,1,0,1,32.9,5,0.54,0.54,0.54
9,6,4,1,-1.8,1,0.54,0.54,0.54
14,8,6,1,29.4,3,0.55,0.54,0.5404166666666667
10,11,2,1,-5.5,3,0.55,0.54,0.5408333333333334
8,6,0,2,2.5,1,0.55,0.54,0.54125
22,10,4,2,39.4,1,0.55,0.54,0.5416666666666667
15,14,1,2,5.0,1,0.55,0.54,0.5420833333333334
1,18,5,2,21.8,4,0.55,0.54,0.5425000000000001
19,18,5,2,26.8,4,0.55,0.54,0.5429166666666667
19,28,1,2,17.4,3,0.55,0.54,0.5433333333333333
21,6,0,3,24.1,4,0.55,0.54,0.5437500000000001
13,18,5,3,6.1,2,0.55,0.54,0.5441666666666668
7,23,3,3,8.6,3,0.55,0.54,0.5445833333333333
6,27,0,3,3.4,4,0.55,0.54,0.545
17,13,3,4,-0.6,3,0.55,0.54,0.5454166666666667
20,13,3,4,34.7,4,0.55,0.54,0.5458333333333334
16,15,5,4,14.9,5,0.55,0.54,0.54625
17,15,5,4,-8.6,5,0.55,0.54,0.5466666666666667
15,17,0,4,-8.8,1,0.55,0.54,0.5470833333333334
10,22,5,4,3.8,4,0.55,0.54,0.5475
7,27,3,4,15.8,3,0.55,0.54,0.5479166666666667
7,29,5,4,-7.5,3,0.55,0.54,0.5483333333333335
5,7,6,5,7.4,4,0.55,0.54,0.54875
12,15,0,5,-3.2,5,0.55,0.54,0.5491666666666667
20,18,3,5,28.3,4,0.55,0.54,0.5495833333333334
6,22,0,5,30.7,5,0.55,0.55,0.55
5,23,1,5,29.3,4,0.55,0.55,0.55
18,28,6,5,17.8,1,0.55,0.55,0.55
12,29,0,5,-7.5,1,0.55,0.55,0.55
3,3,5,6,16.2,5,0.55,0.55,0.55
13,5,0,6,19.3,3,0.55,0.55,0.55
13,6,1,6,9.3,2,0.55,0.55,0.55
23,23,4,6,-6.9,4,0.55,0.55,0.55
14,5,2,7,31.9,3,0.55,0.55,0.55
2,25,1,7,-4.2,2,0.55,0.55,0.55
22,25,1,7,-5.3,5,0.55,0.55,0.55
4,8,1,8,38.0,5,0.55,0.55,0.55
16,8,1,8,39.8,4,0.55,0.55,0.55
4,19,5,8,17.7,2,0.55,0.55,0.55
6,25,4,8,37.7,3,0.55,0.55,0.55
23,31,3,8,12.1,2,0.55,0.55,0.55
22,3,1,10,12.6,3,0.55,0.55,0.55
9,11,2,10,18.1,5,0.55,0.55,0.55
19,18,2,10,22.4,4,0.55,0.55,0.55
5,23,0,10,-9.1,3,0.55,0.55,0.55
14,31,1,10,23.7,3,0.55,0.55,0.55
4,10,4,11,7.2,3,0.55,0.55,0.55
21,14,1,11,27.9,5,0.55,0.55,0.55
5,25,5,11,-0.2,4,0.55,0.55,0.55
23,17,1,1,-1.5,1,0.55,0.55,0.55
13,22,6,1,14.7,3,0.56,0.55,0.5504166666666667
20,25,2,1,-9.5,2,0.56,0.55,0.5508333333333334
9,26,3,1,34.9,3,0.56,0.55,0.55125
20,30,0,1,39.2,1,0.56,0.55,0.5516666666666666
16,7,1,2,-4.0,2,0.56,0.55,0.5520833333333334
10,14,1,2,-1.4,2,0.56,0.55,0.5525000000000001
5,18,5,2,34.3,1,0.56,0.55,0.5529166666666666
0,28,1,2,1.6,5,0.56,0.55,0.5533333333333333
3,9,3,3,2.3,2,0.56,0.55,0.5537500000000001
23,13,0,3,2.9,5,0.56,0.55,0.5541666666666668
18,15,2,3,34.2,5,0.56,0.55,0.5545833333333334
16,19,6,3,36.1,3,0.56,0.55,0.555
16,2,6,4,-2.8,3,0.56,0.55,0.5554166666666668
3,3,0,4,-1.4,5,0.56,0.55,0.5558333333333334
23,10,0,4,17.5,4,0.56,0.55,0.55625
17,19,2,4,2.5,3,0.56,0.55,0.5566666666666668
11,20,3,4,35.2,1,0.56,0.55,0.5570833333333334
13,6,5,5,22.7,1,0.56,0.55,0.5575
11,9,1,5,0.9,3,0.56,0.55,0.5579166666666667
9,17,2,5,-6.2,2,0.56,0.55,0.5583333333333333
20,27,5,5,-4.6,5,0.56,0.55,0.5587500000000001
14,5,0,6,-9.2,2,0.56,0.55,0.5591666666666667
22,6,1,6,7.2,5,0.56,0.55,0.5595833333333333
17,7,2,6,29.5,4,0.56,0.56,0.56
5,8,3,6,39.3,2,0.56,0.56,0.56
18,18,6,6,29.9,4,0.56,0.56,0.56
17,25,6,6,7.1,4,0.56,0.56,0.56
19,26,0,6,17.5,4,0.56,0.56,0.56
11,1,5,7,8.1,3,0.56,0.56,0.56
4,19,2,7,19.1,4,0.56,0.56,0.56
5,26,2,7,5.3,1,0.56,0.56,0.56
19,27,3,7,-2.0,2,0.56,0.56,0.56
4,28,4,7,1.6,4,0.56,0.56,0.56
12,11,4,8,17.6,4,0.56,0.56,0.56
17,19,5,8,3.6,5,0.56,0.56,0.56
4,24,3,8,11.8,1,0.56,0.56,0.56
1,4,0,9,29.0,1,0.56,0.56,0.56
13,17,6,9,34.6,3,0.56,0.56,0.56
22,20,2,9,-3.0,5,0.56,0.56,0.56
19,25,0,9,-0.9,4,0.56,0.56,0.56
21,15,6,10,-7.5,1,0.56,0.56,0.56
5,16,0,10,24.9,2,0.56,0.56,0.56
23,23,0,10,23.3,4,0.56,0.56,0.56
5,25,2,10,-3.6,2,0.56,0.56,0.56
21,3,4,11,14.5,4,0.56,0.56,0.56
4,26,6,11,30.7,3,0.56,0.56,0.56
5,26,6,11,34.9,5,0.56,0.56,0.56
16,26,6,11,21.1,2,0.56,0.56,0.56
3,12,1,12,38.9,3,0.56,0.56,0.56
16,16,5,12,36.0,5,0.56,0.56,0.56
0,2,0,1,14.7,4,0.56,0.56,0.56
23,26,3,1,16.0,5,0.57,0.56,0.5604166666666667
16,1,2,2,0.5,2,0.57,0.56,0.5608333333333334
23,3,4,2,12.9,3,0.57,0.56,0.56125
16,5,6,2,3.2,2,0.57,0.56,0.5616666666666666
7,10,4,2,3.9,5,0.57,0.56,0.5620833333333334
11,1,2,3,-8.8,3,0.57,0.56,0.5625
9,3,4,3,25.8,3,0.57,0.56,0.5629166666666666
1,8,2,3,10.6,2,0.57,0.56,0.5633333333333334
16,9,3,3,11.2,1,0.57,0.56,0.5637500000000001
17,19,6,3,4.2,5,0.57,0.56,0.5641666666666667
23,27,0,3,32.9,1,0.57,0.56,0.5645833333333333
22,4,1,4,35.3,5,0.57,0.56,0.565
16,5,2,4,8.9,5,0.57,0.56,0.5654166666666667
5,6,3,4,-2.7,3,0.57,0.56,0.5658333333333333
17,6,3,4,37.7,1,0.57,0.56,0.56625
8,18,1,4,35.2,2,0.57,0.56,0.5666666666666668
13,20,3,4,9.0,5,0.57,0.56,0.5670833333333333
20,26,2,4,24.3,4,0.57,0.56,0.5675
18,27,3,4,22.6,5,0.57,0.56,0.5679166666666666
15,28,4,4,-6.3,2,0.57,0.56,0.5683333333333334
19,13,5,5,26.7,1,0.57,0.56,0.56875
13,21,6,5,-3.1,5,0.57,0.56,0.5691666666666666
5,28,6,5,35.8,2,0.57,0.56,0.5695833333333332
17,29,0,5,19.6,4,0.57,0.57,0.57
23,1,3,6,-3.2,3,0.57,0.57,0.57
13,5,0,6,3.8,4,0.57,0.57,0.57
12,16,4,6,5.8,2,0.57,0.57,0.57
9,18,6,6,26.9,2,0.57,0.57,0.57
11,6,3,7,6.1,1,0.57,0.57,0.57
1,8,5,7,36.7,5,0.57,0.57,0.57
4,22,5,7,-4.1,5,0.57,0.57,0.57
12,22,5,7,7.8,4,0.57,0.57,0.57
6,1,1,8,33.7,1,0.57,0.57,0.57
17,5,5,8,32.4,4,0.57,0.57,0.57
3,6,6,8,-5.7,3,0.57,0.57,0.57
13,22,1,8,4.8,1,0.57,0.57,0.57
5,24,3,8,21.1,2,0.57,0.57,0.57
14,29,1,8,-7.9,3,0.57,0.57,0.57
19,29,1,8,0.2,2,0.57,0.57,0.57
19,7,5,10,30.8,4,0.57,0.57,0.57
14,8,6,10,-4.9,3,0.57,0.57,0.57
21,16,0,10,12.3,1,0.57,0.57,0.57
18,19,3,10,16.4,3,0.57,0.57,0.57
23,22,6,10,36.3,5,0.57,0.57,0.57
9,26,3,10,12.5,4,0.57,0.57,0.57
10,26,3,10,0.7,1,0.57,0.57,0.57
22,4,5,11,6.9,1,0.57,0.57,0.57
5,14,1,11,11.3,1,0.57,0.57,0.57
5,18,5,11,31.5,3,0.57,0.57,0.57
16,19,6,11,29.1,4,0.57,0.57,0.57
19,21,1,11,31.3,4,0.57,0.57,0.57
1,25,5,11,6.4,4,0.57,0.57,0.57
4,25,5,11,12.3,5,0.57,0.57,0.57
13,5,1,12,-1.7,2,0.57,0.57,0.57
10,11,0,12,28.6,2,0.57,0.57,0.57
18,17,6,12,-8.6,3,0.57,0.57,0.57
18,18,0,12,10.9,5,0.57,0.57,0.57
10,5,3,1,1.2,1,0.57,0.57,0.57
7,23,0,1,-3.3,3,0.58,0.57,0.5704166666666667
7,25,2,1,28.0,2,0.58,0.57,0.5708333333333333
11,27,4,1,31.2,3,0.58,0.57,0.5712499999999999
18,28,5,1,-2.7,1,0.58,0.57,0.5716666666666667
7,1,2,2,-2.8,5,0.58,0.57,0.5720833333333333
21,3,4,2,6.5,1,0.58,0.57,0.5724999999999999
18,5,6,2,-9.9,5,0.58,0.57,0.5729166666666666
15,7,1,2,9.7,5,0.58,0.57,0.5733333333333333
18,10,4,2,-9.1,4,0.58,0.57,0.57375
3,25,5,2,1.0,1,0.58,0.57,0.5741666666666666
10,10,4,3,14.4,1,0.58,0.57,0.5745833333333333
3,15,2,3,4.0,2,0.58,0.57,0.575
23,18,5,3,26.6,2,0.58,0.57,0.5754166666666666
5,29,2,3,13.2,4,0.58,0.57,0.5758333333333333
14,12,2,4,34.8,1,0.58,0.57,0.57625
18,23,6,4,29.8,2,0.58,0.57,0.5766666666666667
21,23,6,4,27.1,4,0.58,0.57,0.5770833333333333
19,25,1,4,17.5,5,0.58,0.57,0.5775
7,30,6,4,-6.5,1,0.58,0.57,0.5779166666666665
2,2,1,5,38.7,4,0.58,0.57,0.5783333333333333
14,7,6,5,-2.9,2,0.58,0.57,0.57875
9,9,1,5,1.1,1,0.58,0.57,0.5791666666666666
3,11,3,5,32.2,1,0.58,0.57,0.5795833333333332
11,13,5,5,6.7,5,0.58,0.58,0.58
7,15,0,5,9.4,4,0.58,0.58,0.58
8,16,1,5,11.3,5,0.58,0.58,0.58
16,30,1,5,16.4,4,0.58,0.58,0.58
7,27,1,6,-8.6,1,0.58,0.58,0.58
3,29,3,6,2.3,5,0.58,0.58,0.58
15,8,5,7,39.4,1,0.58,0.58,0.58
13,10,0,7,16.5,2,0.58,0.58,0.58
9,15,5,7,29.9,2,0.58,0.58,0.58
8,17,0,7,21.9,4,0.58,0.58,0.58
0,20,3,7,34.2,1,0.58,0.58,0.58
5,27,3,7,1.3,1,0.58,0.58,0.58
13,29,5,7,6.8,5,0.58,0.58,0.58
9,31,0,7,11.6,5,0.58,0.58,0.58
21,3,3,8,-0.6,3,0.58,0.58,0.58
10,4,4,8,16.5,1,0.58,0.58,0.58
12,5,5,8,-3.8,4,0.58,0.58,0.58
14,5,5,8,5.6,1,0.58,0.58,0.58
16,11,4,8,22.0,5,0.58,0.58,0.58
21,13,6,8,34.4,3,0.58,0.58,0.58
11,19,5,8,4.6,2,0.58,0.58,0.58
2,26,1,9,34.0,4,0.58,0.58,0.58
17,30,5,9,25.7,1,0.58,0.58,0.58
1,9,0,10,22.0,3,0.58,0.58,0.58
15,12,3,10,33.5,4,0.58,0.58,0.58
21,18,5,11,-4.3,3,0.58,0.58,0.58
3,2,5,12,28.6,4,0.58,0.58,0.58
1,5,1,12,0.7,5,0.58,0.58,0.58
6,10,6,12,-8.7,2,0.58,0.58,0.58
10,15,4,12,32.2,4,0.58,0.58,0.58
22,22,4,12,17.7,2,0.58,0.58,0.58
19,26,1,12,14.6,1,0.58,0.58,0.58
14,20,4,1,23.5,4,0.58,0.58,0.58
14,3,4,2,22.7,4,0.59,0.58,0.5804166666666666
23,8,2,2,10.4,4,0.59,0.58,0.5808333333333332
14,16,3,2,3.9,5,0.59,0.58,0.5812499999999999
0,20,0,2,-0.1,5,0.59,0.58,0.5816666666666667
18,22,2,2,36.1,2,0.59,0.58,0.5820833333333333
8,5,6,3,-8.6,5,0.59,0.58,0.5825
10,7,1,3,16.2,1,0.59,0.58,0.5829166666666666
7,8,2,3,6.3,5,0.59,0.58,0.5833333333333334
8,17,4,3,15.5,1,0.59,0.58,0.58375
13,23,3,3,3.8,3,0.59,0.58,0.5841666666666666
12,26,6,3,-9.6,4,0.59,0.58,0.5845833333333333
8,2,6,4,10.8,5,0.59,0.58,0.585
13,6,3,4,30.3,2,0.59,0.58,0.5854166666666666
3,8,5,4,3.8,3,0.59,0.58,0.5858333333333333
23,16,6,4,-2.8,1,0.59,0.58,0.5862499999999999
4,7,6,5,11.6,4,0.59,0.58,0.5866666666666666
21,8,0,5,12.1,3,0.59,0.58,0.5870833333333333
1,12,4,5,9.9,5,0.59,0.58,0.5874999999999999
7,21,6,5,15.0,1,0.59,0.58,0.5879166666666666
5,24,2,5,9.9,4,0.59,0.58,0.5883333333333333
14,28,6,5,-5.0,5,0.59,0.58,0.58875
3,31,2,5,17.5,1,0.59,0.58,0.5891666666666667
7,3,5,6,23.7,4,0.59,0.58,0.5895833333333333
18,3,5,6,7.5,5,0.59,0.59,0.59
11,6,1,6,26.0,5,0.59,0.59,0.59
16,18,6,6,38.4,1,0.59,0.59,0.59
21,20,1,6,0.2,4,0.59,0.59,0.59
16,26,0,6,32.9,1,0.59,0.59,0.59
16,1,5,7,0.0,5,0.59,0.59,0.59
20,6,3,7,-1.5,2,0.59,0.59,0.59
17,17,0,7,34.9,4,0.59,0.59,0.59
17,18,1,7,0.8,4,0.59,0.59,0.59
16,24,0,7,-7.9,3,0.59,0.59,0.59
8,31,0,7,-5.0,3,0.59,0.59,0.59
17,7,0,8,30.7,1,0.59,0.59,0.59
12,12,5,8,2.9,2,0.59,0.59,0.59
22,14,0,8,8.5,2,0.59,0.59,0.59
16,17,3,8,2.9,4,0.59,0.59,0.59
19,20,6,8,37.5,3,0.59,0.59,0.59
21,20,6,8,28.0,2,0.59,0.59,0.59
10,23,2,8,-4.5,5,0.59,0.59,0.59
14,24,3,8,22.4,1,0.59,0.59,0.59
2,25,4,8,21.9,4,0.59,0.59,0.59
3,27,6,8,37.8,2,0.59,0.59,0.59
9,30,2,8,30.7,5,0.59,0.59,0.59
11,31,3,8,-6.0,4,0.59,0.59,0.59
13,8,4,9,2.7,3,0.59,0.59,0.59
8,12,1,9,21.8,5,0.59,0.59,0.59
1,13,2,9,27.4,5,0.59,0.59,0.59
9,13,2,9,35.3,4,0.59,0.59,0.59
10,20,2,9,16.5,2,0.59,0.59,0.59
20,24,6,9,0.8,3,0.59,0.59,0.59
4,25,0,9,-4.4,1,0.59,0.59,0.59
2,28,3,9,2.7,3,0.59,0.59,0.59
15,1,6,10,15.1,5,0.59,0.59,0.59
17,3,1,10,-6.7,3,0.59,0.59,0.59
1,4,2,10,38.7,5,0.59,0.59,0.59
9,10,1,10,-4.2,3,0.59,0.59,0.59
15,26,3,10,32.1,5,0.59,0.59,0.59
4,29,6,10,-9.4,3,0.59,0.59,0.59
5,5,6,11,25.4,1,0.59,0.59,0.59
7,7,1,11,37.1,2,0.59,0.59,0.59
22,16,3,11,15.8,2,0.59,0.59,0.59
16,18,5,11,39.4,4,0.59,0.59,0.59
19,22,2,11,34.0,4,0.59,0.59,0.59
5,24,4,11,30.8,2,0.59,0.59,0.59
14,25,5,11,34.4,5,0.59,0.59,0.59
20,25,5,11,27.5,3,0.59,0.59,0.59
8,27,0,11,27.5,1,0.59,0.59,0.59
0,6,2,12,-9.9,5,0.59,0.59,0.59
6,10,6,12,31.4,4,0.59,0.59,0.59
4,12,1,12,6.4,4,0.59,0.59,0.59
18,13,2,12,15.1,2,0.59,0.59,0.59
2,23,5,12,36.4,3,0.59,0.59,0.59
18,29,4,12,11.1,2,0.59,0.59,0.59
23,29,4,12,8.5,4,0.59,0.59,0.59
8,1,0,1,-9.9,4,0.59,0.59,0.59
7,9,0,1,38.5,3,0.59,0.59,0.59
23,17,1,1,-9.9,2,0.6,0.59,0.5904166666666666
18,30,0,1,9.3,5,0.6,0.59,0.5908333333333332
12,1,2,2,3.1,1,0.6,0.59,0.5912499999999999
2,3,4,2,33.7,2,0.6,0.59,0.5916666666666667
3,9,3,2,2.5,4,0.6,0.59,0.5920833333333333
6,12,6,2,1.7,1,0.6,0.59,0.5924999999999999
1,18,5,2,-5.0,3,0.6,0.59,0.5929166666666666
3,18,5,2,-3.3,4,0.6,0.59,0.5933333333333333
3,19,6,2,35.2,3,0.6,0.59,0.59375
9,24,4,2,-6.2,2,0.6,0.59,0.5941666666666666
13,26,6,2,-1.7,2,0.6,0.59,0.5945833333333334
7,27,0,2,33.2,1,0.6,0.59,0.595
8,4,5,3,-4.1,3,0.6,0.59,0.5954166666666666
0,10,4,3,-2.4,5,0.6,0.59,0.5958333333333333
19,17,4,3,24.1,3,0.6,0.59,0.5962500000000001
17,2,6,4,0.2,3,0.6,0.59,0.5966666666666666
17,5,2,4,-7.0,3,0.6,0.59,0.5970833333333333
13,11,1,4,-4.6,2,0.6,0.59,0.5974999999999999
16,11,1,4,29.5,4,0.6,0.59,0.5979166666666667
9,15,5,4,2.0,5,0.6,0.59,0.5983333333333333
22,15,5,4,15.4,5,0.6,0.59,0.59875
5,17,0,4,-6.7,2,0.6,0.59,0.5991666666666666
7,25,1,4,-4.2,1,0.6,0.59,0.5995833333333332
4,21,6,5,17.0,2,0.6,0.6,0.6
14,23,1,5,23.8,3,0.6,0.6,0.6
1,29,0,5,29.1,3,0.6,0.6,0.6
10,30,1,5,11.2,3,0.6,0.6,0.6
17,3,5,6,-7.4,5,0.6,0.6,0.6
6,8,3,6,-7.1,3,0.6,0.6,0.6
17,9,4,6,12.9,5,0.6,0.6,0.6
2,14,2,6,15.2,2,0.6,0.6,0.6
18,21,2,6,-5.0,4,0.6,0.6,0.6
9,24,5,6,-7.0,3,0.6,0.6,0.6
21,27,1,6,36.4,3,0.6,0.6,0.6
16,6,3,7,34.3,1,0.6,0.6,0.6
14,12,2,7,28.7,4,0.6,0.6,0.6
1,19,2,7,40.0,5,0.6,0.6,0.6
14,31,0,7,12.7,4,0.6,0.6,0.6
19,10,3,8,33.0,2,0.6,0.6,0.6
19,10,3,8,35.3,4,0.6,0.6,0.6
0,12,5,8,-4.5,4,0.6,0.6,0.6
18,16,2,8,37.2,1,0.6,0.6,0.6
18,24,3,8,-4.9,5,0.6,0.6,0.6
2,31,3,8,4.7,2,0.6,0.6,0.6
21,2,5,9,27.1,3,0.6,0.6,0.6
21,4,0,9,11.8,5,0.6,0.6,0.6
8,8,4,9,9.2,2,0.6,0.6,0.6
6,15,4,9,21.3,2,0.6,0.6,0.6
22,19,1,9,16.8,1,0.6,0.6,0.6
9,26,1,9,39.7,4,0.6,0.6,0.6
19,28,3,9,37.0,4,0.6,0.6,0.6
4,1,6,10,11.8,4,0.6,0.6,0.6
19,7,5,10,10.1,2,0.6,0.6,0.6
12,18,2,10,39.8,5,0.6,0.6,0.6
9,5,6,11,8.0,2,0.6,0.6,0.6
16,13,0,11,23.4,1,0.6,0.6,0.6
12,16,3,11,25.4,4,0.6,0.6,0.6
16,17,4,11,17.4,5,0.6,0.6,0.6
17,1,4,12,22.7,5,0.6,0.6,0.6
19,4,0,12,10.7,2,0.6,0.6,0.6
2,18,0,12,17.3,1,0.6,0.6,0.6
2,25,0,12,23.5,4,0.6,0.6,0.6
12,4,2,1,-9.4,4,0.6,0.6,0.6
12,14,5,1,24.3,1,0.61,0.6,0.6004166666666667
8,22,6,1,21.8,2,0.61,0.6,0.6008333333333332
21,27,4,1,-1.7,5,0.61,0.6,0.60125
10,31,1,1,31.1,5,0.61,0.6,0.6016666666666667
7,4,5,2,2.6,5,0.61,0.6,0.6020833333333333
19,17,4,2,-2.4,1,0.61,0.6,0.6025
2,21,1,2,-6.8,2,0.61,0.6,0.6029166666666667
17,21,1,2,19.7,4,0.61,0.6,0.6033333333333333
15,7,1,3,25.5,4,0.61,0.6,0.60375
17,11,5,3,21.1,4,0.61,0.6,0.6041666666666666
19,16,3,3,37.1,3,0.61,0.6,0.6045833333333334
14,20,0,3,31.4,3,0.61,0.6,0.605
21,27,0,3,16.6,3,0.61,0.6,0.6054166666666666
23,27,0,3,6.6,5,0.61,0.6,0.6058333333333333
23,11,1,4,-0.3,4,0.61,0.6,0.6062500000000001
19,17,0,4,-3.4,1,0.61,0.6,0.6066666666666667
5,18,1,4,26.3,1,0.61,0.6,0.6070833333333333
4,23,6,4,21.2,4,0.61,0.6,0.6074999999999999
14,28,4,4,17.9,5,0.61,0.6,0.6079166666666667
15,29,5,4,19.3,4,0.61,0.6,0.6083333333333333
14,7,6,5,16.3,1,0.61,0.6,0.60875
0,12,4,5,34.8,1,0.61,0.6,0.6091666666666667
13,13,5,5,-9.5,1,0.61,0.6,0.6095833333333333
23,19,4,5,-3.7,3,0.61,0.61,0.61
11,23,1,5,-8.3,3,0.61,0.61,0.61
11,7,2,6,19.0,3,0.61,0.61,0.61
12,7,2,6,29.5,5,0.61,0.61,0.61
23,7,2,6,3.4,3,0.61,0.61,0.61
22,24,5,6,3.9,4,0.61,0.61,0.61
7,28,2,6,22.0,2,0.61,0.61,0.61
3,7,4,7,-2.7,2,0.61,0.61,0.61
9,8,5,7,19.6,3,0.61,0.61,0.61
5,9,6,7,27.7,1,0.61,0.61,0.61
19,12,2,7,24.2,3,0.61,0.61,0.61
11,21,4,7,-5.9,5,0.61,0.61,0.61
7,3,3,8,5.0,3,0.61,0.61,0.61
18,4,4,8,37.4,5,0.61,0.61,0.61
6,6,6,8,27.1,4,0.61,0.61,0.61
20,13,6,8,-3.8,5,0.61,0.61,0.61
20,14,0,8,0.5,3,0.61,0.61,0.61
17,19,5,8,-7.5,3,0.61,0.61,0.61
15,23,2,8,-6.9,4,0.61,0.61,0.61
0,26,5,8,-1.4,4,0.61,0.61,0.61
13,1,4,9,-0.1,3,0.61,0.61,0.61
11,9,5,9,37.3,2,0.61,0.61,0.61
8,10,6,9,39.0,3,0.61,0.61,0.61
15,13,2,9,-8.8,5,0.61,0.61,0.61
7,27,2,9,12.0,2,0.61,0.61,0.61
13,15,6,10,20.3,4,0.61,0.61,0.61
3,29,6,10,9.4,4,0.61,0.61,0.61
7,2,3,11,16.5,5,0.61,0.61,0.61
16,3,4,11,2.9,5,0.61,0.61,0.61
13,9,3,11,12.9,1,0.61,0.61,0.61
18,26,6,11,-9.2,1,0.61,0.61,0.61
14,27,0,11,19.6,5,0.61,0.61,0.61
8,10,6,12,19.4,1,0.61,0.61,0.61
6,11,0,12,1.1,4,0.61,0.61,0.61
4,12,1,12,1.0,3,0.61,0.61,0.61
7,13,2,12,20.8,4,0.61,0.61,0.61
5,23,5,12,-2.1,3,0.61,0.61,0.61
15,23,5,12,-9.7,2,0.61,0.61,0.61
1,31,6,12,2.6,5,0.61,0.61,0.61
7,1,0,1,-0.9,5,0.61,0.61,0.61
5,1,6,1,12.8,2,0.61,0.61,0.61
13,9,0,1,23.6,5,0.62,0.61,0.6104166666666666
20,18,2,1,39.3,4,0.62,0.61,0.6108333333333333
17,20,4,1,10.3,4,0.62,0.61,0.61125
5,21,5,1,0.3,4,0.62,0.61,0.6116666666666667
19,29,6,1,39.1,4,0.62,0.61,0.6120833333333333
1,31,1,1,32.8,3,0.62,0.61,0.6124999999999999
9,15,2,2,37.8,5,0.62,0.61,0.6129166666666667
20,19,6,2,39.1,1,0.62,0.61,0.6133333333333333
16,17,4,3,-2.6,1,0.62,0.61,0.61375
5,21,1,3,21.7,5,0.62,0.61,0.6141666666666666
15,21,1,3,11.7,3,0.62,0.61,0.6145833333333334
2,1,5,4,25.7,3,0.62,0.61,0.615
9,7,4,4,10.6,1,0.62,0.61,0.6154166666666666
19,21,4,4,39.2,4,0.62,0.61,0.6158333333333333
3,27,3,4,29.5,3,0.62,0.61,0.61625
22,7,6,5,27.7,4,0.62,0.61,0.6166666666666667
9,31,2,5,24.3,2,0.62,0.61,0.6170833333333333
16,31,2,5,-1.6,1,0.62,0.61,0.6175
4,12,0,6,-0.2,2,0.62,0.61,0.6179166666666667
2,13,1,6,27.8,4,0.62,0.61,0.6183333333333333
10,15,3,6,15.9,4,0.62,0.61,0.61875
18,25,6,6,17.2,5,0.62,0.61,0.6191666666666666
19,25,6,6,-6.7,3,0.62,0.61,0.6195833333333334
19,7,4,7,-0.1,4,0.62,0.62,0.62
0,11,1,7,14.9,2,0.62,0.62,0.62
5,12,2,7,20.6,3,0.62,0.62,0.62
16,15,5,7,-7.3,1,0.62,0.62,0.62
22,15,5,7,-6.4,5,0.62,0.62,0.62
13,18,1,7,34.7,5,0.62,0.62,0.62
10,24,0,7,34.4,2,0.62,0.62,0.62
7,26,2,7,24.1,4,0.62,0.62,0.62
21,12,5,8,-5.2,2,0.62,0.62,0.62
20,13,6,8,-3.5,3,0.62,0.62,0.62
21,20,6,8,-0.9,5,0.62,0.62,0.62
8,21,0,8,4.9,5,0.62,0.62,0.62
8,23,2,8,15.0,1,0.62,0.62,0.62
4,30,2,8,10.4,3,0.62,0.62,0.62
15,30,2,8,19.7,4,0.62,0.62,0.62
7,7,3,9,-8.4,3,0.62,0.62,0.62
6,9,5,9,3.0,4,0.62,0.62,0.62
22,9,5,9,2.2,5,0.62,0.62,0.62
3,22,4,9,1.5,2,0.62,0.62,0.62
1,30,5,9,21.6,5,0.62,0.62,0.62
1,6,4,10,9.9,5,0.62,0.62,0.62
12,7,5,10,26.6,2,0.62,0.62,0.62
0,28,5,10,13.8,5,0.62,0.62,0.62
6,29,6,10,7.6,2,0.62,0.62,0.62
0,8,2,11,34.4,3,0.62,0.62,0.62
15,15,2,11,29.8,2,0.62,0.62,0.62
17,2,5,12,-3.6,1,0.62,0.62,0.62
6,9,5,12,12.5,2,0.62,0.62,0.62
18,9,5,12,20.3,1,0.62,0.62,0.62
22,17,6,12,11.3,3,0.62,0.62,0.62
21,30,5,12,6.4,2,0.62,0.62,0.62
13,31,6,12,25.8,2,0.62,0.62,0.62
9,1,6,1,29.4,1,0.62,0.62,0.62
2,5,3,1,20.8,3,0.63,0.62,0.6204166666666667
21,15,6,1,5.1,3,0.63,0.62,0.6208333333333332
6,23,0,1,-1.1,5,0.63,0.62,0.62125
17,24,1,1,10.7,4,0.63,0.62,0.6216666666666667
1,4,5,2,-2.1,3,0.63,0.62,0.6220833333333333
1,4,5,2,17.4,4,0.63,0.62,0.6225
21,2,3,3,0.2,1,0.63,0.62,0.6229166666666667
22,11,5,3,28.3,3,0.63,0.62,0.6233333333333334
10,12,6,3,13.2,5,0.63,0.62,0.6237499999999999
19,20,0,3,-9.7,5,0.63,0.62,0.6241666666666666
20,20,0,3,39.1,2,0.63,0.62,0.6245833333333333
3,18,1,4,38.4,1,0.63,0.62,0.625
7,22,5,4,1.5,5,0.63,0.62,0.6254166666666666
12,2,1,5,-5.4,4,0.63,0.62,0.6258333333333334
0,12,4,5,31.8,2,0.63,0.62,0.6262500000000001
12,13,5,5,6.3,4,0.63,0.62,0.6266666666666666
4,19,4,5,32.2,3,0.63,0.62,0.6270833333333333
5,20,5,5,13.3,4,0.63,0.62,0.6275
19,13,1,6,38.3,5,0.63,0.62,0.6279166666666667
2,19,0,6,-5.3,2,0.63,0.62,0.6283333333333333
16,22,3,6,10.3,2,0.63,0.62,0.62875
5,26,0,6,14.4,2,0.63,0.62,0.6291666666666668
6,10,0,7,37.6,4,0.63,0.62,0.6295833333333333
11,10,0,7,22.0,3,0.63,0.63,0.63
11,19,2,7,19.6,1,0.63,0.63,0.63
23,21,4,7,-5.2,5,0.63,0.63,0.63
9,26,2,7,23.9,3,0.63,0.63,0.63
15,2,2,8,-5.2,5,0.63,0.63,0.63
17,7,0,8,21.5,5,0.63,0.63,0.63
21,18,4,8,35.6,4,0.63,0.63,0.63
13,22,1,8,11.0,4,0.63,0.63,0.63
2,23,2,8,-4.9,2,0.63,0.63,0.63
14,23,2,8,31.2,2,0.63,0.63,0.63
17,26,5,8,3.4,1,0.63,0.63,0.63
5,27,6,8,13.3,4,0.63,0.63,0.63
23,29,1,8,37.3,2,0.63,0.63,0.63
3,17,6,9,38.5,3,0.63,0.63,0.63
23,25,0,9,-2.9,1,0.63,0.63,0.63
1,7,5,10,38.1,2,0.63,0.63,0.63
7,7,5,10,6.9,3,0.63,0.63,0.63
16,8,6,10,30.1,1,0.63,0.63,0.63
18,10,1,10,5.3,3,0.63,0.63,0.63
13,12,3,10,10.9,5,0.63,0.63,0.63
23,15,6,10,12.7,2,0.63,0.63,0.63
22,16,0,10,22.5,1,0.63,0.63,0.63
2,28,5,10,-10.0,1,0.63,0.63,0.63
11,29,6,10,36.5,5,0.63,0.63,0.63
22,4,5,11,-2.5,5,0.63,0.63,0.63
8,8,2,11,38.1,4,0.63,0.63,0.63
23,8,2,11,37.2,5,0.63,0.63,0.63
5,14,1,11,7.6,4,0.63,0.63,0.63
11,14,1,11,-5.1,4,0.63,0.63,0.63
7,15,2,11,12.4,3,0.63,0.63,0.63
12,18,5,11,9.2,5,0.63,0.63,0.63
6,28,1,11,15.6,5,0.63,0.63,0.63
8,13,2,12,-3.3,3,0.63,0.63,0.63
10,20,2,12,-3.1,2,0.63,0.63,0.63
2,23,5,12,22.6,1,0.63,0.63,0.63
14,25,0,12,-5.6,3,0.63,0.63,0.63
7,5,3,1,-7.4,3,0.63,0.63,0.63
22,15,6,1,15.6,3,0.64,0.63,0.6304166666666667
13,17,1,1,36.1,1,0.64,0.63,0.6308333333333332
14,18,2,1,14.0,3,0.64,0.63,0.63125
20,24,1,1,33.5,5,0.64,0.63,0.6316666666666667
3,30,0,1,19.2,5,0.64,0.63,0.6320833333333334
13,5,6,2,20.1,1,0.64,0.63,0.6325
1,6,0,2,22.2,5,0.64,0.63,0.6329166666666667
22,10,4,2,25.2,4,0.64,0.63,0.6333333333333334
16,18,5,2,1.4,1,0.64,0.63,0.6337499999999999
14,5,6,3,19.3,5,0.64,0.63,0.6341666666666667
12,8,2,3,20.5,2,0.64,0.63,0.6345833333333334
5,29,2,3,-7.6,3,0.64,0.63,0.635
6,17,0,4,15.3,4,0.64,0.63,0.6354166666666666
18,18,1,4,28.2,2,0.64,0.63,0.6358333333333334
16,25,1,4,22.0,5,0.64,0.63,0.63625
5,28,4,4,12.2,1,0.64,0.63,0.6366666666666666
2,2,1,5,9.1,4,0.64,0.63,0.6370833333333333
15,2,1,5,12.5,3,0.64,0.63,0.6375
2,5,4,5,18.4,2,0.64,0.63,0.6379166666666667
3,11,3,5,-8.5,3,0.64,0.63,0.6383333333333333
14,5,0,6,12.6,4,0.64,0.63,0.63875
9,11,6,6,24.8,1,0.64,0.63,0.6391666666666667
0,14,2,6,27.7,3,0.64,0.63,0.6395833333333334
20,16,4,6,-5.5,1,0.64,0.64,0.64
7,24,5,6,2.7,3,0.64,0.64,0.64
19,28,2,6,25.6,2,0.64,0.64,0.64
19,30,4,6,15.0,3,0.64,0.64,0.64
19,9,6,7,36.0,2,0.64,0.64,0.64
22,11,1,7,21.5,4,0.64,0.64,0.64
19,19,2,7,34.8,3,0.64,0.64,0.64
17,20,3,7,-9.3,2,0.64,0.64,0.64
13,25,1,7,14.9,3,0.64,0.64,0.64
0,26,2,7,20.3,3,0.64,0.64,0.64
21,31,0,7,-5.5,2,0.64,0.64,0.64
23,1,1,8,30.7,3,0.64,0.64,0.64
5,7,0,8,7.9,4,0.64,0.64,0.64
1,12,5,8,33.7,4,0.64,0.64,0.64
8,18,4,8,33.8,2,0.64,0.64,0.64
12,31,3,8,-9.8,2,0.64,0.64,0.64
17,3,6,9,25.9,1,0.64,0.64,0.64
22,8,4,9,37.7,4,0.64,0.64,0.64
10,15,4,9,34.8,5,0.64,0.64,0.64
18,16,5,9,31.7,2,0.64,0.64,0.64
14,21,3,9,8.6,5,0.64,0.64,0.64
5,30,5,9,34.7,1,0.64,0.64,0.64
7,9,0,10,-5.3,3,0.64,0.64,0.64
0,19,3,10,2.4,2,0.64,0.64,0.64
21,19,3,10,12.9,3,0.64,0.64,0.64
10,27,4,10,3.2,3,0.64,0.64,0.64
14,2,3,11,13.9,3,0.64,0.64,0.64
18,11,5,11,8.4,2,0.64,0.64,0.64
18,19,6,11,-7.6,5,0.64,0.64,0.64
14,24,4,11,11.6,3,0.64,0.64,0.64
4,1,4,12,23.8,5,0.64,0.64,0.64
13,4,0,12,23.2,3,0.64,0.64,0.64
20,16,5,12,-3.2,1,0.64,0.64,0.64
23,23,5,12,29.0,4,0.64,0.64,0.64
12,30,5,12,3.8,3,0.64,0.64,0.64
17,31,6,12,19.4,4,0.64,0.64,0.64
0,3,1,1,28.7,5,0.64,0.64,0.64
2,6,4,1,39.0,3,0.65,0.64,0.6404166666666666
6,12,3,1,-8.4,2,0.65,0.64,0.6408333333333334
1,13,4,1,20.2,2,0.65,0.64,0.64125
17,20,4,1,-8.3,3,0.65,0.64,0.6416666666666667
2,26,3,1,30.0,1,0.65,0.64,0.6420833333333333
14,1,2,2,3.5,2,0.65,0.64,0.6425
10,8,2,2,3.0,3,0.65,0.64,0.6429166666666667
17,17,4,2,1.8,3,0.65,0.64,0.6433333333333334
22,19,6,2,23.0,1,0.65,0.64,0.64375
0,24,4,2,16.1,4,0.65,0.64,0.6441666666666667
11,7,1,3,-5.9,5,0.65,0.64,0.6445833333333334
9,20,0,3,37.1,5,0.65,0.64,0.645
16,22,2,3,-6.4,1,0.65,0.64,0.6454166666666666
2,1,5,4,17.6,4,0.65,0.64,0.6458333333333334
9,2,6,4,17.2,1,0.65,0.64,0.6462500000000001
18,2,6,4,18.5,4,0.65,0.64,0.6466666666666666
17,4,1,4,7.6,5,0.65,0.64,0.6470833333333333
15,10,0,4,33.7,2,0.65,0.64,0.6475000000000001
4,13,3,4,33.3,3,0.65,0.64,0.6479166666666667
10,20,3,4,-3.2,4,0.65,0.64,0.6483333333333333
23,3,2,5,-9.2,5,0.65,0.64,0.64875
22,4,3,5,19.3,2,0.65,0.64,0.6491666666666667
21,7,6,5,30.7,4,0.65,0.64,0.6495833333333333
8,10,2,5,38.9,5,0.65,0.65,0.65
17,14,2,6,-5.1,1,0.65,0.65,0.65
13,20,1,6,31.9,2,0.65,0.65,0.65
8,30,4,6,27.1,2,0.65,0.65,0.65
3,1,5,7,33.0,2,0.65,0.65,0.65
3,2,6,7,10.7,3,0.65,0.65,0.65
14,15,5,7,30.4,5,0.65,0.65,0.65
7,19,2,7,9.5,4,0.65,0.65,0.65
1,21,4,7,26.2,5,0.65,0.65,0.65
15,31,0,7,19.0,3,0.65,0.65,0.65
11,1,1,8,12.7,4,0.65,0.65,0.65
14,18,4,8,11.6,1,0.65,0.65,0.65
18,19,5,8,-2.0,4,0.65,0.65,0.65
17,22,1,8,-5.4,5,0.65,0.65,0.65
23,22,1,8,-7.8,3,0.65,0.65,0.65
14,26,5,8,25.8,4,0.65,0.65,0.65
8,23,5,9,0.4,1,0.65,0.65,0.65
10,14,5,10,0.3,2,0.65,0.65,0.65
2,17,1,10,7.5,4,0.65,0.65,0.65
2,28,5,10,15.1,1,0.65,0.65,0.65
0,3,4,11,16.4,1,0.65,0.65,0.65
22,4,5,11,22.4,5,0.65,0.65,0.65
7,6,0,11,7.3,3,0.65,0.65,0.65
1,15,2,11,26.7,5,0.65,0.65,0.65
21,4,0,12,5.8,1,0.65,0.65,0.65
18,5,1,12,-6.3,4,0.65,0.65,0.65
22,11,0,12,8.7,2,0.65,0.65,0.65
6,13,2,12,29.7,1,0.65,0.65,0.65
13,1,0,1,-8.3,4,0.65,0.65,0.65
19,5,3,1,22.3,4,0.65,0.65,0.65
7,16,0,1,28.2,5,0.66,0.65,0.6504166666666666
11,31,1,1,-0.6,1,0.66,0.65,0.6508333333333334
1,14,1,2,23.9,2,0.66,0.65,0.65125
21,16,3,2,18.5,2,0.66,0.65,0.6516666666666667
17,5,6,3,22.5,1,0.66,0.65,0.6520833333333333
1,6,0,3,15.8,5,0.66,0.65,0.6525
23,9,3,3,1.3,5,0.66,0.65,0.6529166666666667
16,20,0,3,-5.0,4,0.66,0.65,0.6533333333333334
14,4,1,4,-8.7,4,0.66,0.65,0.65375
13,4,3,5,20.8,2,0.66,0.65,0.6541666666666667
14,5,4,5,-9.7,2,0.66,0.65,0.6545833333333334
21,5,4,5,3.5,1,0.66,0.65,0.655
15,8,0,5,14.7,2,0.66,0.65,0.6554166666666668
12,14,6,5,11.6,2,0.66,0.65,0.6558333333333334
5,1,3,6,38.5,3,0.66,0.65,0.65625
11,2,4,6,17.3,3,0.66,0.65,0.6566666666666666
9,4,6,6,34.5,5,0.66,0.65,0.6570833333333334
17,8,3,6,0.9,1,0.66,0.65,0.6575000000000001
21,20,1,6,14.7,1,0.66,0.65,0.6579166666666667
19,23,4,6,4.5,3,0.66,0.65,0.6583333333333333
13,27,1,6,27.9,5,0.66,0.65,0.6587500000000001
17,1,5,7,18.7,5,0.66,0.65,0.6591666666666667
21,7,4,7,35.4,4,0.66,0.65,0.6595833333333333
6,14,4,7,-4.6,1,0.66,0.66,0.66
14,21,4,7,15.3,2,0.66,0.66,0.66
17,24,0,7,7.0,1,0.66,0.66,0.66
3,1,1,8,35.1,4,0.66,0.66,0.66
5,3,3,8,24.2,1,0.66,0.66,0.66
16,5,5,8,20.7,2,0.66,0.66,0.66
5,7,0,8,-0.6,3,0.66,0.66,0.66
11,8,1,8,26.1,4,0.66,0.66,0.66
14,9,2,8,13.9,3,0.66,0.66,0.66
18,16,2,8,11.6,2,0.66,0.66,0.66
4,17,3,8,22.1,2,0.66,0.66,0.66
5,18,4,8,29.8,3,0.66,0.66,0.66
0,23,2,8,-9.4,4,0.66,0.66,0.66
8,11,0,9,-8.4,2,0.66,0.66,0.66
12,16,5,9,4.6,5,0.66,0.66,0.66
23,23,5,9,8.9,3,0.66,0.66,0.66
7,25,0,9,12.6,2,0.66,0.66,0.66
13,29,4,9,29.1,5,0.66,0.66,0.66
16,18,2,10,24.4,4,0.66,0.66,0.66
19,4,5,11,3.8,1,0.66,0.66,0.66
1,10,4,11,27.3,1,0.66,0.66,0.66
19,17,4,11,22.8,4,0.66,0.66,0.66
5,19,6,11,26.2,3,0.66,0.66,0.66
0,26,6,11,13.3,2,0.66,0.66,0.66
12,29,2,11,19.5,4,0.66,0.66,0.66
5,30,3,11,-5.3,5,0.66,0.66,0.66
21,3,6,12,22.7,1,0.66,0.66,0.66
19,4,0,12,4.1,1,0.66,0.66,0.66
12,15,4,12,6.8,4,0.66,0.66,0.66
3,16,5,12,21.6,4,0.66,0.66,0.66
2,28,3,12,26.1,1,0.66,0.66,0.66
20,2,0,1,8.2,2,0.66,0.66,0.66
16,6,4,1,2.8,4,0.67,0.66,0.6604166666666668
16,6,4,1,15.9,4,0.67,0.66,0.6608333333333334
7,9,0,1,-3.3,4,0.67,0.66,0.66125
5,10,1,1,17.6,5,0.67,0.66,0.6616666666666667
13,10,1,1,7.3,3,0.67,0.66,0.6620833333333334
13,14,5,1,-4.4,5,0.67,0.66,0.6625
11,19,3,1,29.0,2,0.67,0.66,0.6629166666666667
13,26,3,1,-3.7,1,0.67,0.66,0.6633333333333333
18,8,2,2,19.0,5,0.67,0.66,0.66375
9,13,0,2,19.8,2,0.67,0.66,0.6641666666666667
21,21,1,2,24.8,5,0.67,0.66,0.6645833333333334
0,11,5,3,19.2,5,0.67,0.66,0.665
14,12,6,3,38.4,5,0.67,0.66,0.6654166666666667
10,25,5,3,19.0,3,0.67,0.66,0.6658333333333334
6,13,3,4,-0.2,2,0.67,0.66,0.66625
1,14,4,4,3.2,4,0.67,0.66,0.6666666666666666
2,22,5,4,34.3,2,0.67,0.66,0.6670833333333334
20,28,4,4,0.5,1,0.67,0.66,0.6675000000000001
11,4,3,5,-7.6,1,0.67,0.66,0.6679166666666667
21,4,3,5,-9.3,1,0.67,0.66,0.6683333333333334
1,5,4,5,39.9,4,0.67,0.66,0.6687500000000001
12,31,2,5,30.7,2,0.67,0.66,0.6691666666666668
18,21,2,6,15.4,2,0.67,0.66,0.6695833333333333
7,10,0,7,6.2,3,0.67,0.67,0.67
12,22,5,7,2.6,5,0.67,0.67,0.67
22,7,0,8,38.5,2,0.67,0.67,0.67
10,16,2,8,35.8,4,0.67,0.67,0.67
20,17,3,8,16.3,3,0.67,0.67,0.67
7,18,4,8,39.1,4,0.67,0.67,0.67
12,23,2,8,-3.1,4,0.67,0.67,0.67
12,25,4,8,35.2,2,0.67,0.67,0.67
10,28,0,8,-3.1,3,0.67,0.67,0.67
16,12,1,9,27.2,5,0.67,0.67,0.67
14,18,0,9,39.9,2,0.67,0.67,0.67
13,24,6,9,37.0,1,0.67,0.67,0.67
18,27,2,9,16.9,4,0.67,0.67,0.67
14,30,5,9,-7.1,2,0.67,0.67,0.67
18,2,0,10,33.9,4,0.67,0.67,0.67
23,4,2,10,30.0,3,0.67,0.67,0.67
4,8,6,10,31.5,1,0.67,0.67,0.67
22,8,6,10,-2.5,5,0.67,0.67,0.67
13,26,3,10,20.5,4,0.67,0.67,0.67
0,28,5,10,39.8,5,0.67,0.67,0.67
5,31,1,10,37.0,3,0.67,0.67,0.67
16,8,2,11,38.7,1,0.67,0.67,0.67
5,14,1,11,11.7,5,0.67,0.67,0.67
1,19,6,11,-6.8,2,0.67,0.67,0.67
22,26,6,11,-1.7,3,0.67,0.67,0.67
9,10,6,12,20.3,4,0.67,0.67,0.67
0,12,1,12,0.4,1,0.67,0.67,0.67
1,14,3,12,-9.3,5,0.67,0.67,0.67
10,14,3,12,-8.0,3,0.67,0.67,0.67
9,16,5,12,-4.7,2,0.67,0.67,0.67
13,24,6,12,13.4,1,0.67,0.67,0.67
18,15,6,1,-5.7,3,0.67,0.67,0.67
5,16,0,1,10.6,1,0.68,0.67,0.6704166666666667
20,29,6,1,28.4,4,0.68,0.67,0.6708333333333334
6,5,6,2,29.8,5,0.68,0.67,0.67125
1,15,2,2,32.1,5,0.68,0.67,0.6716666666666667
1,18,5,2,12.5,3,0.68,0.67,0.6720833333333335
17,19,6,2,25.8,4,0.68,0.67,0.6725
10,20,0,2,39.5,3,0.68,0.67,0.6729166666666667
20,22,2,2,7.5,2,0.68,0.67,0.6733333333333333
3,25,5,2,30.5,4,0.68,0.67,0.6737500000000001
18,27,0,2,11.3,4,0.68,0.67,0.6741666666666667
14,1,2,3,4.1,5,0.68,0.67,0.6745833333333334
21,7,1,3,0.8,1,0.68,0.67,0.6749999999999999
18,11,5,3,-8.2,5,0.68,0.67,0.6754166666666667
12,15,2,3,21.6,2,0.68,0.67,0.6758333333333333
15,15,2,3,20.6,3,0.68,0.67,0.67625
11,16,3,3,32.6,3,0.68,0.67,0.6766666666666667
21,17,4,3,38.0,3,0.68,0.67,0.6770833333333334
18,20,0,3,17.1,4,0.68,0.67,0.6775000000000001
16,12,2,4,2.8,4,0.68,0.67,0.6779166666666666
0,30,6,4,-9.4,5,0.68,0.67,0.6783333333333333
22,8,0,5,6.4,1,0.68,0.67,0.6787500000000001
19,16,1,5,32.9,5,0.68,0.67,0.6791666666666667
1,29,0,5,11.9,5,0.68,0.67,0.6795833333333334
5,30,1,5,10.7,2,0.68,0.68,0.68
20,21,2,6,1.1,5,0.68,0.68,0.68
23,4,1,7,30.5,2,0.68,0.68,0.68
0,5,2,7,-2.3,3,0.68,0.68,0.68
4,11,1,7,28.6,4,0.68,0.68,0.68
23,20,3,7,22.7,1,0.68,0.68,0.68
8,27,3,7,1.4,4,0.68,0.68,0.68
20,5,5,8,-9.6,1,0.68,0.68,0.68
21,14,0,8,10.6,4,0.68,0.68,0.68
13,21,0,8,34.1,3,0.68,0.68,0.68
6,27,6,8,-2.3,4,0.68,0.68,0.68
5,28,0,8,-6.8,3,0.68,0.68,0.68
14,30,2,8,9.9,5,0.68,0.68,0.68
1,1,4,9,7.2,1,0.68,0.68,0.68
21,15,4,9,20.1,2,0.68,0.68,0.68
13,23,5,9,15.7,5,0.68,0.68,0.68
16,27,2,9,27.7,5,0.68,0.68,0.68
4,1,6,10,17.4,3,0.68,0.68,0.68
2,2,0,10,9.0,2,0.68,0.68,0.68
5,2,0,10,33.9,5,0.68,0.68,0.68
1,3,1,10,-5.5,4,0.68,0.68,0.68
16,9,0,10,9.3,5,0.68,0.68,0.68
8,15,6,10,31.7,1,0.68,0.68,0.68
3,19,3,10,0.1,4,0.68,0.68,0.68
12,20,4,10,1.8,2,0.68,0.68,0.68
20,26,3,10,31.6,1,0.68,0.68,0.68
15,29,6,10,19.4,5,0.68,0.68,0.68
22,1,2,11,22.6,3,0.68,0.68,0.68
1,2,3,11,31.5,4,0.68,0.68,0.68
5,17,4,11,4.5,5,0.68,0.68,0.68
4,24,4,11,12.7,1,0.68,0.68,0.68
17,14,3,12,19.5,2,0.68,0.68,0.68
17,19,1,12,-5.8,2,0.68,0.68,0.68
22,19,1,12,-8.9,1,0.68,0.68,0.68
4,23,5,12,25.7,3,0.68,0.68,0.68
11,29,4,12,32.1,5,0.68,0.68,0.68
20,3,1,1,22.3,1,0.68,0.68,0.68
16,4,2,1,7.5,4,0.69,0.68,0.6804166666666668
10,9,0,1,15.1,3,0.69,0.68,0.6808333333333335
2,13,4,1,-0.8,1,0.69,0.68,0.68125
4,25,2,1,18.9,4,0.69,0.68,0.6816666666666666
18,1,2,3,-7.4,3,0.69,0.68,0.6820833333333334
14,6,0,3,17.8,3,0.69,0.68,0.6825000000000001
12,11,5,3,23.4,1,0.69,0.68,0.6829166666666667
22,20,0,3,-4.2,2,0.69,0.68,0.6833333333333332
6,26,6,3,10.2,5,0.69,0.68,0.68375
9,17,0,4,34.2,3,0.69,0.68,0.6841666666666667
19,19,2,4,36.9,3,0.69,0.68,0.6845833333333333
2,20,3,4,14.1,4,0.69,0.68,0.685
15,15,0,5,14.8,5,0.69,0.68,0.6854166666666667
20,17,2,5,19.4,1,0.69,0.68,0.6858333333333334
2,29,0,5,12.5,4,0.69,0.68,0.6862499999999999
23,30,1,5,34.8,1,0.69,0.68,0.6866666666666666
4,6,1,6,10.8,5,0.69,0.68,0.6870833333333333
19,11,6,6,-1.9,2,0.69,0.68,0.6875
19,18,6,6,12.6,5,0.69,0.68,0.6879166666666666
22,20,1,6,4.8,1,0.69,0.68,0.6883333333333334
3,26,0,6,16.8,1,0.69,0.68,0.6887499999999999
10,26,0,6,2.5,1,0.69,0.68,0.6891666666666666
6,9,6,7,-9.9,3,0.69,0.68,0.6895833333333333
7,7,0,8,-6.0,3,0.69,0.69,0.69
14,19,5,8,-6.3,4,0.69,0.69,0.69
0,22,1,8,31.0,1,0.69,0.69,0.69
11,4,0,9,-0.1,1,0.69,0.69,0.69
9,5,1,9,-4.1,3,0.69,0.69,0.69
23,16,5,9,13.6,5,0.69,0.69,0.69
7,17,6,9,16.5,5,0.69,0.69,0.69
21,25,0,9,21.0,2,0.69,0.69,0.69
6,28,3,9,27.4,5,0.69,0.69,0.69
19,2,0,10,20.1,3,0.69,0.69,0.69
16,16,0,10,34.7,5,0.69,0.69,0.69
6,19,3,10,30.9,2,0.69,0.69,0.69
0,21,5,10,36.7,3,0.69,0.69,0.69
1,6,0,11,23.5,5,0.69,0.69,0.69
13,6,0,11,29.8,4,0.69,0.69,0.69
7,10,4,11,-1.3,4,0.69,0.69,0.69
16,10,4,11,-5.2,3,0.69,0.69,0.69
14,17,4,11,36.8,5,0.69,0.69,0.69
2,26,6,11,21.7,5,0.69,0.69,0.69
20,27,0,11,28.4,2,0.69,0.69,0.69
4,9,5,12,27.3,4,0.69,0.69,0.69
9,22,4,12,27.9,2,0.69,0.69,0.69
19,10,1,1,21.1,4,0.69,0.69,0.69
22,11,2,1,9.2,2,0.7,0.69,0.6904166666666667
20,13,4,1,28.9,2,0.7,0.69,0.6908333333333333
7,14,5,1,35.7,4,0.7,0.69,0.69125
22,23,0,1,35.5,5,0.7,0.69,0.6916666666666665
23,5,6,2,25.4,3,0.7,0.69,0.6920833333333333
21,8,2,2,3.6,5,0.7,0.69,0.6924999999999999
3,15,2,2,-2.2,1,0.7,0.69,0.6929166666666666
16,16,3,2,35.8,3,0.7,0.69,0.6933333333333334
17,17,4,2,39.6,2,0.7,0.69,0.69375
16,22,2,2,25.0,5,0.7,0.69,0.6941666666666665
2,23,3,2,-7.8,3,0.7,0.69,0.6945833333333332
22,25,5,2,12.4,3,0.7,0.69,0.695
23,5,6,3,28.3,2,0.7,0.69,0.6954166666666666
17,6,0,3,17.0,3,0.7,0.69,0.6958333333333333
6,11,5,3,9.7,4,0.7,0.69,0.69625
4,17,4,3,7.5,5,0.7,0.69,0.6966666666666667
17,21,1,3,24.3,4,0.7,0.69,0.6970833333333332
13,12,2,4,37.7,5,0.7,0.69,0.6974999999999999
0,22,5,4,0.2,2,0.7,0.69,0.6979166666666666
22,2,1,5,20.4,1,0.7,0.69,0.6983333333333333
7,6,5,5,21.7,5,0.7,0.69,0.69875
22,6,5,5,26.7,2,0.7,0.69,0.6991666666666666
2,21,6,5,-7.9,5,0.7,0.69,0.6995833333333333
7,21,6,5,16.5,3,0.7,0.7,0.7
7,2,4,6,7.0,3,0.7,0.7,0.7
15,4,6,6,2.6,3,0.7,0.7,0.7
7,13,1,6,18.8,1,0.7,0.7,0.7
11,24,5,6,24.2,1,0.7,0.7,0.7
17,27,1,6,33.9,4,0.7,0.7,0.7
6,6,3,7,-8.4,4,0.7,0.7,0.7
14,11,1,7,-8.2,3,0.7,0.7,0.7
6,13,3,7,35.7,4,0.7,0.7,0.7
0,20,3,7,24.2,1,0.7,0.7,0.7
7,9,2,8,30.1,4,0.7,0.7,0.7
0,13,6,8,22.0,2,0.7,0.7,0.7
2,17,3,8,30.7,2,0.7,0.7,0.7
20,17,3,8,29.5,3,0.7,0.7,0.7
12,19,5,8,26.0,1,0.7,0.7,0.7
18,29,1,8,17.0,1,0.7,0.7,0.7
11,3,6,9,0.3,5,0.7,0.7,0.7
21,3,6,9,37.5,5,0.7,0.7,0.7
3,11,0,9,12.0,1,0.7,0.7,0.7
18,15,4,9,37.5,5,0.7,0.7,0.7
8,19,1,9,-7.1,3,0.7,0.7,0.7
14,4,2,10,14.7,3,0.7,0.7,0.7
8,7,5,10,15.5,4,0.7,0.7,0.7
20,12,3,10,-4.7,1,0.7,0.7,0.7
10,16,0,10,-7.4,5,0.7,0.7,0.7
16,18,2,10,26.8,5,0.7,0.7,0.7
16,27,4,10,26.4,3,0.7,0.7,0.7
2,28,5,10,20.6,5,0.7,0.7,0.7
15,29,6,10,33.4,3,0.7,0.7,0.7
4,7,1,11,36.3,3,0.7,0.7,0.7
22,10,4,11,-5.0,1,0.7,0.7,0.7
19,11,5,11,11.0,2,0.7,0.7,0.7
19,11,5,11,12.0,5,0.7,0.7,0.7
8,19,6,11,-9.1,1,0.7,0.7,0.7
6,20,0,11,5.2,3,0.7,0.7,0.7
0,23,3,11,15.3,4,0.7,0.7,0.7
16,23,3,11,13.4,5,0.7,0.7,0.7
20,24,4,11,-8.4,1,0.7,0.7,0.7
1,6,2,12,32.8,3,0.7,0.7,0.7
3,7,3,12,9.2,1,0.7,0.7,0.7
13,25,0,12,-4.3,1,0.7,0.7,0.7
12,2,0,1,5.6,3,0.7,0.7,0.7
23,5,3,1,7.7,2,0.71,0.7,0.7004166666666666
12,8,6,1,9.0,1,0.71,0.7,0.7008333333333333
0,10,1,1,26.1,3,0.71,0.7,0.7012499999999999
21,10,1,1,19.6,2,0.71,0.7,0.7016666666666665
22,20,4,1,6.3,5,0.71,0.7,0.7020833333333333
23,25,2,1,6.1,1,0.71,0.7,0.7025
6,3,4,2,-3.4,4,0.71,0.7,0.7029166666666665
19,10,4,2,-4.7,5,0.71,0.7,0.7033333333333333
6,11,5,2,14.9,3,0.71,0.7,0.70375
15,17,4,2,19.8,5,0.71,0.7,0.7041666666666666
8,21,1,2,6.8,1,0.71,0.7,0.7045833333333332
16,21,1,2,-6.8,1,0.71,0.7,0.705
14,16,3,3,19.2,1,0.71,0.7,0.7054166666666667
20,26,6,3,3.0,2,0.71,0.7,0.7058333333333334
17,1,5,4,20.1,2,0.71,0.7,0.7062499999999998
1,7,4,4,30.2,3,0.71,0.7,0.7066666666666666
1,7,4,4,30.4,3,0.71,0.7,0.7070833333333333
3,11,1,4,-3.7,2,0.71,0.7,0.7075
5,18,1,4,8.8,5,0.71,0.7,0.7079166666666667
5,21,4,4,29.3,5,0.71,0.7,0.7083333333333331
5,22,5,4,38.8,5,0.71,0.7,0.7087499999999999
10,27,3,4,-4.4,5,0.71,0.7,0.7091666666666666
17,8,0,5,14.5,5,0.71,0.7,0.7095833333333333
20,10,2,5,13.0,3,0.71,0.71,0.71
15,11,3,5,30.6,4,0.71,0.71,0.71
6,14,6,5,38.0,3,0.71,0.71,0.71
5,15,0,5,-3.2,3,0.71,0.71,0.71
13,19,4,5,16.3,4,0.71,0.71,0.71
12,21,6,5,-7.5,4,0.71,0.71,0.71
6,27,5,5,13.5,1,0.71,0.71,0.71
4,28,6,5,26.5,5,0.71,0.71,0.71
8,12,0,6,-5.1,5,0.71,0.71,0.71
3,13,1,6,2.8,2,0.71,0.71,0.71
13,25,6,6,5.3,2,0.71,0.71,0.71
13,1,5,7,-4.7,4,0.71,0.71,0.71
23,3,0,7,21.3,5,0.71,0.71,0.71
13,5,2,7,35.3,4,0.71,0.71,0.71
14,18,1,7,3.8,1,0.71,0.71,0.71
10,26,2,7,27.1,3,0.71,0.71,0.71
11,29,5,7,7.3,3,0.71,0.71,0.71
0,15,1,8,-8.4,5,0.71,0.71,0.71
23,15,1,8,27.0,3,0.71,0.71,0.71
16,8,4,9,23.0,5,0.71,0.71,0.71
15,25,0,9,37.9,3,0.71,0.71,0.71
18,29,4,9,-8.0,4,0.71,0.71,0.71
10,23,0,10,35.7,5,0.71,0.71,0.71
0,29,6,10,0.2,4,0.71,0.71,0.71
18,8,2,11,1.1,4,0.71,0.71,0.71
20,11,5,11,33.4,1,0.71,0.71,0.71
3,16,3,11,39.5,4,0.71,0.71,0.71
16,22,2,11,1.4,2,0.71,0.71,0.71
1,25,5,11,23.6,5,0.71,0.71,0.71
18,25,5,11,33.2,3,0.71,0.71,0.71
19,6,2,12,22.1,2,0.71,0.71,0.71
18,7,3,12,35.3,4,0.71,0.71,0.71
18,8,4,12,30.3,3,0.71,0.71,0.71
19,11,0,12,13.6,5,0.71,0.71,0.71
6,16,5,12,29.4,3,0.71,0.71,0.71
17,18,0,12,-4.5,1,0.71,0.71,0.71
17,18,0,12,18.6,5,0.71,0.71,0.71
23,23,5,12,21.3,1,0.71,0.71,0.71
5,25,0,12,4.0,3,0.71,0.71,0.71
13,27,2,12,29.1,3,0.71,0.71,0.71
17,9,0,1,26.5,1,0.71,0.71,0.71
7,12,3,1,20.5,5,0.72,0.71,0.7104166666666667
7,22,6,1,9.4,2,0.72,0.71,0.7108333333333333
2,23,0,1,26.0,2,0.72,0.71,0.71125
0,24,1,1,0.6,2,0.72,0.71,0.7116666666666666
13,27,4,1,14.0,1,0.72,0.71,0.7120833333333333
4,3,4,2,-2.5,2,0.72,0.71,0.7124999999999999
22,20,0,2,-8.0,5,0.72,0.71,0.7129166666666666
1,21,1,2,18.5,3,0.72,0.71,0.7133333333333334
15,1,2,3,-0.5,5,0.72,0.71,0.71375
8,4,5,3,5.8,2,0.72,0.71,0.7141666666666665
15,7,1,3,38.6,1,0.72,0.71,0.7145833333333335
15,10,4,3,36.3,2,0.72,0.71,0.715
1,30,3,3,2.7,1,0.72,0.71,0.7154166666666666
14,30,3,3,15.3,3,0.72,0.71,0.7158333333333333
9,4,1,4,0.4,3,0.72,0.71,0.7162499999999999
13,4,1,4,5.1,4,0.72,0.71,0.7166666666666667
2,12,2,4,28.7,3,0.72,0.71,0.7170833333333334
10,20,3,4,-4.3,1,0.72,0.71,0.7174999999999999
7,30,6,4,16.8,5,0.72,0.71,0.7179166666666665
4,2,1,5,1.3,1,0.72,0.71,0.7183333333333334
16,3,2,5,-5.2,3,0.72,0.71,0.71875
5,10,2,5,31.2,1,0.72,0.71,0.7191666666666666
23,10,2,5,-0.7,1,0.72,0.71,0.7195833333333331
5,17,2,5,31.8,1,0.72,0.72,0.72
23,25,3,5,-3.9,1,0.72,0.72,0.72
10,27,5,5,-0.4,3,0.72,0.72,0.72
8,10,5,6,19.7,4,0.72,0.72,0.72
3,15,3,6,29.1,1,0.72,0.72,0.72
23,18,6,6,31.3,1,0.72,0.72,0.72
6,3,0,7,26.1,1,0.72,0.72,0.72
13,14,4,7,18.4,3,0.72,0.72,0.72
16,15,5,7,4.5,3,0.72,0.72,0.72
6,21,4,7,7.4,3,0.72,0.72,0.72
23,21,4,7,-4.1,1,0.72,0.72,0.72
8,24,0,7,23.1,5,0.72,0.72,0.72
15,4,4,8,19.4,5,0.72,0.72,0.72
16,27,6,8,18.2,5,0.72,0.72,0.72
19,27,6,8,1.2,4,0.72,0.72,0.72
16,28,0,8,31.0,4,0.72,0.72,0.72
14,12,1,9,20.5,5,0.72,0.72,0.72
3,17,6,9,-2.9,1,0.72,0.72,0.72
9,25,0,9,-1.6,3,0.72,0.72,0.72
12,25,0,9,29.7,3,0.72,0.72,0.72
7,30,5,9,-4.3,4,0.72,0.72,0.72
20,6,4,10,18.8,3,0.72,0.72,0.72
21,12,3,10,39.7,4,0.72,0.72,0.72
3,16,0,10,24.9,2,0.72,0.72,0.72
0,18,2,10,-3.1,2,0.72,0.72,0.72
13,30,0,10,3.8,4,0.72,0.72,0.72
3,5,6,11,34.2,2,0.72,0.72,0.72
6,9,3,11,-4.1,1,0.72,0.72,0.72
4,15,2,11,29.2,1,0.72,0.72,0.72
17,16,3,11,13.3,2,0.72,0.72,0.72
10,19,6,11,36.8,2,0.72,0.72,0.72
5,23,3,11,31.4,5,0.72,0.72,0.72
15,23,3,11,20.7,1,0.72,0.72,0.72
21,22,4,12,12.2,1,0.72,0.72,0.72
19,1,0,1,34.5,4,0.72,0.72,0.72
4,14,5,1,-3.9,2,0.72,0.72,0.72
18,17,1,1,17.8,2,0.73,0.72,0.7204166666666668
3,26,3,1,35.4,4,0.73,0.72,0.7208333333333332
9,30,0,1,-1.3,4,0.73,0.72,0.72125
14,2,3,2,9.6,2,0.73,0.72,0.7216666666666667
19,3,4,2,3.2,2,0.73,0.72,0.7220833333333333
12,4,5,2,15.7,3,0.73,0.72,0.7225
14,21,1,2,6.2,4,0.73,0.72,0.7229166666666668
19,14,1,3,8.5,2,0.73,0.72,0.7233333333333333
14,17,4,3,4.2,1,0.73,0.72,0.72375
21,23,3,3,36.7,3,0.73,0.72,0.7241666666666666
6,27,0,3,27.9,1,0.73,0.72,0.7245833333333332
11,21,4,4,10.0,2,0.73,0.72,0.725
1,26,2,4,12.6,3,0.73,0.72,0.7254166666666667
5,3,2,5,25.0,5,0.73,0.72,0.7258333333333332
15,8,0,5,38.6,4,0.73,0.72,0.72625
14,10,2,5,-8.3,4,0.73,0.72,0.7266666666666667
17,11,3,5,16.1,5,0.73,0.72,0.7270833333333333
12,14,6,5,36.8,5,0.73,0.72,0.7274999999999999
20,25,3,5,1.9,3,0.73,0.72,0.7279166666666667
6,28,6,5,20.4,1,0.73,0.72,0.7283333333333334
16,29,0,5,16.9,2,0.73,0.72,0.7287499999999999
2,1,3,6,3.4,4,0.73,0.72,0.7291666666666666
9,5,0,6,18.6,4,0.73,0.72,0.7295833333333334
11,21,2,6,18.3,2,0.73,0.73,0.73
14,10,0,7,34.8,1,0.73,0.73,0.73
6,12,2,7,37.2,4,0.73,0.73,0.73
3,20,3,7,19.8,2,0.73,0.73,0.73
2,23,6,7,30.6,3,0.73,0.73,0.73
7,13,6,8,17.9,5,0.73,0.73,0.73
9,18,0,9,20.7,3,0.73,0.73,0.73
3,25,0,9,33.4,2,0.73,0.73,0.73
19,28,3,9,28.7,3,0.73,0.73,0.73
5,8,6,10,6.8,1,0.73,0.73,0.73
2,14,5,10,-0.7,3,0.73,0.73,0.73
2,14,5,10,1.4,4,0.73,0.73,0.73
23,22,6,10,3.8,2,0.73,0.73,0.73
13,26,3,10,14.5,5,0.73,0.73,0.73
2,27,4,10,-9.8,2,0.73,0.73,0.73
21,30,0,10,13.6,3,0.73,0.73,0.73
21,19,6,11,-7.4,3,0.73,0.73,0.73
5,24,4,11,-5.4,5,0.73,0.73,0.73
21,5,1,12,18.1,5,0.73,0.73,0.73
8,16,5,12,39.1,2,0.73,0.73,0.73
13,18,0,12,18.3,5,0.73,0.73,0.73
23,14,5,1,39.9,5,0.73,0.73,0.73
8,31,1,1,-7.0,3,0.74,0.73,0.7304166666666667
20,31,1,1,35.9,3,0.74,0.73,0.7308333333333333
9,8,2,2,-9.8,5,0.74,0.73,0.7312499999999998
1,11,5,2,8.4,1,0.74,0.73,0.7316666666666666
8,16,3,2,17.5,1,0.74,0.73,0.7320833333333333
12,18,5,2,19.6,3,0.74,0.73,0.7325
14,18,5,2,-0.2,2,0.74,0.73,0.7329166666666667
23,24,4,2,19.2,4,0.74,0.73,0.7333333333333334
21,26,6,2,37.2,5,0.74,0.73,0.73375
0,10,4,3,34.2,4,0.74,0.73,0.7341666666666665
23,13,0,3,2.3,2,0.74,0.73,0.7345833333333333
13,16,3,3,22.9,2,0.74,0.73,0.7349999999999999
16,3,0,4,16.5,5,0.74,0.73,0.7354166666666667
10,4,1,4,25.5,4,0.74,0.73,0.7358333333333333
11,21,4,4,19.7,2,0.74,0.73,0.7362500000000001
16,4,3,5,17.6,4,0.74,0.73,0.7366666666666667
11,7,6,5,-6.9,3,0.74,0.73,0.7370833333333332
19,20,5,5,15.5,2,0.74,0.73,0.7374999999999999
15,22,0,5,-6.1,5,0.74,0.73,0.7379166666666666
23,24,2,5,-6.0,2,0.74,0.73,0.7383333333333333
23,7,2,6,33.7,2,0.74,0.73,0.73875
8,22,3,6,37.2,2,0.74,0.73,0.7391666666666667
15,15,5,7,33.6,1,0.74,0.73,0.7395833333333334
14,16,6,7,13.3,1,0.74,0.74,0.74
16,6,6,8,-0.1,5,0.74,0.74,0.74
13,15,1,8,14.4,1,0.74,0.74,0.74
19,24,3,8,12.7,2,0.74,0.74,0.74
22,15,4,9,20.4,3,0.74,0.74,0.74
2,16,5,9,14.8,3,0.74,0.74,0.74
10,28,3,9,34.7,4,0.74,0.74,0.74
14,10,1,10,39.3,4,0.74,0.74,0.74
12,23,0,10,15.1,4,0.74,0.74,0.74
21,24,1,10,33.4,3,0.74,0.74,0.74
7,28,5,10,32.5,3,0.74,0.74,0.74
17,29,6,10,0.1,2,0.74,0.74,0.74
0,31,1,10,15.9,3,0.74,0.74,0.74
11,3,4,11,-0.9,2,0.74,0.74,0.74
12,3,4,11,-8.8,3,0.74,0.74,0.74
19,11,5,11,8.3,4,0.74,0.74,0.74
4,17,4,11,16.9,2,0.74,0.74,0.74
5,20,0,11,-3.8,3,0.74,0.74,0.74
14,1,4,12,27.3,3,0.74,0.74,0.74
15,23,5,12,15.9,1,0.74,0.74,0.74
20,24,6,12,33.6,2,0.74,0.74,0.74
15,30,5,12,-1.4,1,0.74,0.74,0.74
19,2,0,1,39.7,4,0.74,0.74,0.74
19,4,2,1,4.8,5,0.75,0.74,0.7404166666666666
2,5,3,1,1.3,3,0.75,0.74,0.7408333333333332
21,2,3,2,-7.7,5,0.75,0.74,0.74125
0,4,5,2,27.3,1,0.75,0.74,0.7416666666666667
7,7,1,2,-8.2,1,0.75,0.74,0.7420833333333333
14,8,2,2,16.8,5,0.75,0.74,0.7425
10,21,1,2,0.8,5,0.75,0.74,0.7429166666666666
13,27,0,2,7.0,2,0.75,0.74,0.7433333333333333
3,28,1,2,4.9,2,0.75,0.74,0.7437499999999999
5,2,3,3,38.5,1,0.75,0.74,0.7441666666666666
6,5,6,3,-8.1,5,0.75,0.74,0.7445833333333333
15,5,6,3,21.3,2,0.75,0.74,0.745
15,7,1,3,-7.3,3,0.75,0.74,0.7454166666666667
10,8,2,3,-5.5,2,0.75,0.74,0.7458333333333332
6,15,2,3,31.7,3,0.75,0.74,0.74625
17,18,5,3,38.7,1,0.75,0.74,0.7466666666666666
9,26,6,3,28.3,2,0.75,0.74,0.7470833333333333
0,5,2,4,34.4,2,0.75,0.74,0.7474999999999999
6,14,4,4,25.8,1,0.75,0.74,0.7479166666666667
19,14,4,4,12.0,1,0.75,0.74,0.7483333333333334
15,21,4,4,-3.9,4,0.75,0.74,0.7487499999999999
11,25,1,4,-5.8,2,0.75,0.74,0.7491666666666666
15,6,5,5,3.3,4,0.75,0.74,0.7495833333333333
5,11,3,5,39.1,3,0.75,0.75,0.75
13,12,4,5,17.6,5,0.75,0.75,0.75
21,12,4,5,21.7,4,0.75,0.75,0.75
3,14,6,5,6.5,3,0.75,0.75,0.75
6,21,6,5,26.7,3,0.75,0.75,0.75
20,30,1,5,18.7,4,0.75,0.75,0.75
15,3,5,6,1.8,1,0.75,0.75,0.75
14,5,0,6,15.0,4,0.75,0.75,0.75
23,18,6,6,14.7,1,0.75,0.75,0.75
20,25,6,6,28.5,4,0.75,0.75,0.75
1,28,2,6,13.6,2,0.75,0.75,0.75
13,9,6,7,18.8,5,0.75,0.75,0.75
6,14,0,8,30.9,3,0.75,0.75,0.75
19,26,5,8,36.3,5,0.75,0.75,0.75
12,4,0,9,-3.9,1,0.75,0.75,0.75
8,5,1,9,16.2,4,0.75,0.75,0.75
16,7,3,9,6.4,5,0.75,0.75,0.75
12,9,5,9,15.8,4,0.75,0.75,0.75
20,13,2,9,20.7,2,0.75,0.75,0.75
4,20,2,9,34.2,2,0.75,0.75,0.75
1,2,0,10,-4.8,4,0.75,0.75,0.75
19,11,2,10,34.0,5,0.75,0.75,0.75
13,14,5,10,37.9,5,0.75,0.75,0.75
18,25,2,10,18.0,2,0.75,0.75,0.75
16,23,3,11,-1.8,1,0.75,0.75,0.75
4,13,2,12,18.2,3,0.75,0.75,0.75
7,19,1,12,35.0,4,0.75,0.75,0.75
16,22,4,12,24.0,5,0.75,0.75,0.75
8,25,0,12,32.8,2,0.75,0.75,0.75
12,27,2,12,7.6,4,0.75,0.75,0.75
17,27,2,12,10.6,2,0.75,0.75,0.75
5,18,2,1,-9.5,5,0.75,0.75,0.75
0,1,2,2,39.5,2,0.76,0.75,0.7504166666666667
7,13,0,2,37.3,2,0.76,0.75,0.7508333333333334
12,16,3,2,13.2,1,0.76,0.75,0.7512500000000001
16,24,4,2,-1.9,3,0.76,0.75,0.7516666666666666
23,1,2,3,2.8,2,0.76,0.75,0.7520833333333333
6,8,2,3,30.6,3,0.76,0.75,0.7525000000000001
23,8,2,3,16.7,2,0.76,0.75,0.7529166666666667
9,13,0,3,-0.2,3,0.76,0.75,0.7533333333333334
23,19,6,3,32.0,2,0.76,0.75,0.75375
20,24,4,3,28.9,1,0.76,0.75,0.7541666666666668
18,9,6,4,-2.2,4,0.76,0.75,0.7545833333333333
22,20,3,4,-5.8,4,0.76,0.75,0.755
18,7,6,5,11.6,1,0.76,0.75,0.7554166666666667
19,8,0,5,0.1,4,0.76,0.75,0.7558333333333334
20,26,4,5,32.7,3,0.76,0.75,0.7562500000000001
1,3,5,6,-2.0,3,0.76,0.75,0.7566666666666667
7,4,6,6,35.6,4,0.76,0.75,0.7570833333333334
10,5,0,6,21.4,2,0.76,0.75,0.7575
3,23,4,6,37.4,2,0.76,0.75,0.7579166666666667
5,24,5,6,37.1,1,0.76,0.75,0.7583333333333333
22,25,6,6,18.2,3,0.76,0.75,0.75875
11,3,0,7,21.0,5,0.76,0.75,0.7591666666666668
12,4,1,7,-4.2,4,0.76,0.75,0.7595833333333334
23,22,5,7,12.0,3,0.76,0.76,0.76
15,23,6,7,-5.5,5,0.76,0.76,0.76
0,29,5,7,2.9,3,0.76,0.76,0.76
15,3,3,8,0.9,4,0.76,0.76,0.76
23,3,3,8,13.0,2,0.76,0.76,0.76
7,8,1,8,-3.3,1,0.76,0.76,0.76
20,8,1,8,29.9,5,0.76,0.76,0.76
15,13,6,8,27.3,5,0.76,0.76,0.76
18,25,4,8,37.6,2,0.76,0.76,0.76
20,25,4,8,30.5,2,0.76,0.76,0.76
3,31,3,8,36.3,5,0.76,0.76,0.76
13,6,2,9,1.4,4,0.76,0.76,0.76
20,6,2,9,35.2,5,0.76,0.76,0.76
9,13,2,9,-4.9,3,0.76,0.76,0.76
1,24,6,9,13.5,1,0.76,0.76,0.76
11,25,0,9,18.9,3,0.76,0.76,0.76
12,2,0,10,31.1,1,0.76,0.76,0.76
10,11,2,10,-0.1,5,0.76,0.76,0.76
9,12,3,10,26.9,4,0.76,0.76,0.76
21,18,2,10,3.2,4,0.76,0.76,0.76
18,19,3,10,22.4,1,0.76,0.76,0.76
12,7,1,11,12.3,3,0.76,0.76,0.76
4,11,5,11,17.3,4,0.76,0.76,0.76
21,15,2,11,3.4,4,0.76,0.76,0.76
4,29,2,11,11.3,2,0.76,0.76,0.76
9,29,2,11,38.0,5,0.76,0.76,0.76
19,29,2,11,35.4,2,0.76,0.76,0.76
15,1,0,1,26.6,5,0.76,0.76,0.76
3,1,6,1,33.2,5,0.76,0.76,0.76
0,3,4,2,37.3,1,0.77,0.76,0.7604166666666666
19,12,6,2,9.7,3,0.77,0.76,0.7608333333333334
3,14,1,2,27.9,5,0.77,0.76,0.76125
15,19,6,2,39.9,3,0.77,0.76,0.7616666666666667
10,1,2,3,36.0,4,0.77,0.76,0.7620833333333333
3,22,2,3,19.5,2,0.77,0.76,0.7625000000000001
19,23,3,3,27.7,3,0.77,0.76,0.7629166666666666
20,23,3,3,39.9,3,0.77,0.76,0.7633333333333333
0,26,6,3,6.3,3,0.77,0.76,0.76375
4,26,6,3,18.8,5,0.77,0.76,0.7641666666666667
7,7,4,4,12.4,3,0.77,0.76,0.7645833333333334
8,14,4,4,-1.1,1,0.77,0.76,0.765
15,16,6,4,39.1,3,0.77,0.76,0.7654166666666667
12,20,3,4,12.7,3,0.77,0.76,0.7658333333333333
8,26,2,4,24.6,1,0.77,0.76,0.76625
14,2,1,5,34.0,3,0.77,0.76,0.7666666666666666
0,3,2,5,40.0,3,0.77,0.76,0.7670833333333335
20,9,1,5,27.6,2,0.77,0.76,0.7675000000000001
8,13,5,5,22.0,4,0.77,0.76,0.7679166666666667
5,17,2,5,13.4,4,0.77,0.76,0.7683333333333334
14,21,6,5,39.6,1,0.77,0.76,0.7687499999999999
10,26,4,5,-6.3,1,0.77,0.76,0.7691666666666667
9,3,5,6,6.8,3,0.77,0.76,0.7695833333333333
13,12,0,6,27.0,5,0.77,0.77,0.77
6,28,2,6,9.6,2,0.77,0.77,0.77
4,1,5,7,19.3,5,0.77,0.77,0.77
8,13,3,7,-3.9,5,0.77,0.77,0.77
0,16,6,7,18.0,4,0.77,0.77,0.77
12,19,2,7,3.8,1,0.77,0.77,0.77
2,23,6,7,-5.4,2,0.77,0.77,0.77
14,31,0,7,9.1,3,0.77,0.77,0.77
11,15,1,8,-5.4,1,0.77,0.77,0.77
2,17,3,8,13.0,2,0.77,0.77,0.77
3,28,0,8,16.8,5,0.77,0.77,0.77
23,31,3,8,-8.6,1,0.77,0.77,0.77
9,4,0,9,7.0,2,0.77,0.77,0.77
19,4,0,9,22.4,4,0.77,0.77,0.77
4,6,2,9,9.6,1,0.77,0.77,0.77
5,9,0,10,9.9,5,0.77,0.77,0.77
17,27,4,10,-6.8,1,0.77,0.77,0.77
8,28,5,10,34.4,3,0.77,0.77,0.77
17,2,3,11,20.7,1,0.77,0.77,0.77
20,6,0,11,24.0,2,0.77,0.77,0.77
8,10,4,11,24.2,5,0.77,0.77,0.77
17,20,0,11,-7.7,3,0.77,0.77,0.77
11,21,1,11,-6.7,2,0.77,0.77,0.77
4,30,3,11,-0.7,3,0.77,0.77,0.77
2,1,4,12,10.4,3,0.77,0.77,0.77
1,2,5,12,5.9,5,0.77,0.77,0.77
18,4,0,12,6.2,5,0.77,0.77,0.77
6,6,2,12,30.2,4,0.77,0.77,0.77
9,6,2,12,24.3,3,0.77,0.77,0.77
3,10,6,12,15.5,4,0.77,0.77,0.77
13,11,0,12,32.8,3,0.77,0.77,0.77
12,24,6,12,14.8,1,0.77,0.77,0.77
5,14,5,1,3.8,3,0.77,0.77,0.77
19,30,0,1,28.3,1,0.78,0.77,0.7704166666666666
4,1,2,2,8.6,5,0.78,0.77,0.7708333333333334
10,23,3,2,31.2,5,0.78,0.77,0.7712499999999999
17,25,5,2,31.8,2,0.78,0.77,0.7716666666666666
11,28,1,2,-1.7,5,0.78,0.77,0.7720833333333333
16,3,4,3,32.8,1,0.78,0.77,0.7725000000000001
16,5,6,3,14.6,4,0.78,0.77,0.7729166666666667
2,21,1,3,32.4,5,0.78,0.77,0.7733333333333334
14,22,2,3,23.3,4,0.78,0.77,0.77375
16,10,0,4,12.8,5,0.78,0.77,0.7741666666666666
22,27,3,4,0.2,4,0.78,0.77,0.7745833333333333
9,10,2,5,15.0,1,0.78,0.77,0.775
4,15,0,5,29.1,3,0.78,0.77,0.7754166666666666
16,17,2,5,22.6,2,0.78,0.77,0.7758333333333334
7,22,0,5,39.4,2,0.78,0.77,0.7762500000000001
14,23,1,5,20.1,2,0.78,0.77,0.7766666666666667
15,24,2,5,18.4,3,0.78,0.77,0.7770833333333332
20,4,6,6,-3.4,3,0.78,0.77,0.7775
11,16,4,6,-2.0,1,0.78,0.77,0.7779166666666667
22,23,4,6,35.4,3,0.78,0.77,0.7783333333333333
0,24,5,6,-3.4,2,0.78,0.77,0.77875
22,27,1,6,38.0,3,0.78,0.77,0.7791666666666668
2,7,4,7,12.4,4,0.78,0.77,0.7795833333333334
22,7,4,7,2.6,2,0.78,0.78,0.78
3,9,6,7,28.3,5,0.78,0.78,0.78
21,20,3,7,32.1,1,0.78,0.78,0.78
5,21,4,7,26.8,1,0.78,0.78,0.78
0,23,6,7,-5.3,5,0.78,0.78,0.78
22,6,6,8,28.3,4,0.78,0.78,0.78
9,11,4,8,24.2,1,0.78,0.78,0.78
17,19,5,8,10.9,4,0.78,0.78,0.78
15,21,0,8,-3.4,3,0.78,0.78,0.78
4,27,6,8,24.3,2,0.78,0.78,0.78
15,27,6,8,30.3,1,0.78,0.78,0.78
21,29,1,8,-4.5,2,0.78,0.78,0.78
6,14,3,9,39.7,1,0.78,0.78,0.78
7,20,2,9,26.3,2,0.78,0.78,0.78
18,3,1,10,29.3,3,0.78,0.78,0.78
2,5,3,10,12.8,5,0.78,0.78,0.78
19,5,3,10,-0.4,5,0.78,0.78,0.78
8,6,4,10,5.0,5,0.78,0.78,0.78
0,11,2,10,29.8,4,0.78,0.78,0.78
20,25,2,10,27.1,4,0.78,0.78,0.78
21,30,0,10,1.8,3,0.78,0.78,0.78
22,14,1,11,6.7,3,0.78,0.78,0.78
16,26,6,11,7.7,3,0.78,0.78,0.78
18,11,0,12,4.2,2,0.78,0.78,0.78
0,12,1,12,-1.1,3,0.78,0.78,0.78
3,16,5,12,31.7,2,0.78,0.78,0.78
3,21,3,12,22.6,3,0.78,0.78,0.78
13,25,0,12,18.3,4,0.78,0.78,0.78
4,28,3,12,12.2,1,0.78,0.78,0.78
14,29,4,12,25.6,5,0.78,0.78,0.78
13,3,1,1,23.7,1,0.78,0.78,0.78
13,11,2,1,-0.4,4,0.79,0.78,0.7804166666666666
14,16,0,1,30.2,5,0.79,0.78,0.7808333333333334
21,18,2,1,15.9,5,0.79,0.78,0.78125
23,27,4,1,36.5,5,0.79,0.78,0.7816666666666667
5,31,1,1,26.3,4,0.79,0.78,0.7820833333333335
12,3,4,2,35.3,4,0.79,0.78,0.7825000000000001
15,13,0,2,34.9,4,0.79,0.78,0.7829166666666666
0,19,6,2,37.0,5,0.79,0.78,0.7833333333333333
11,1,2,3,14.8,5,0.79,0.78,0.7837500000000001
15,5,6,3,11.4,2,0.79,0.78,0.7841666666666667
14,6,0,3,-2.4,3,0.79,0.78,0.7845833333333333
19,18,5,3,39.6,5,0.79,0.78,0.7850000000000001
21,23,3,3,1.7,3,0.79,0.78,0.7854166666666668
2,21,4,4,-8.0,4,0.79,0.78,0.7858333333333333
16,22,5,4,25.1,1,0.79,0.78,0.78625
13,1,0,5,-8.9,5,0.79,0.78,0.7866666666666667
23,3,2,5,13.7,2,0.79,0.78,0.7870833333333334
12,9,1,5,22.6,3,0.79,0.78,0.7875000000000001
6,12,4,5,6.9,1,0.79,0.78,0.7879166666666667
1,20,5,5,-8.4,3,0.79,0.78,0.7883333333333334
19,20,5,5,34.2,5,0.79,0.78,0.78875
21,24,2,5,17.9,1,0.79,0.78,0.7891666666666667
6,28,6,5,-0.2,5,0.79,0.78,0.7895833333333333
11,29,0,5,0.9,5,0.79,0.79,0.79
1,11,6,6,11.5,4,0.79,0.79,0.79
20,15,3,6,27.3,1,0.79,0.79,0.79
4,21,2,6,7.1,1,0.79,0.79,0.79
6,24,5,6,6.4,2,0.79,0.79,0.79
19,1,5,7,3.7,1,0.79,0.79,0.79
21,8,5,7,-2.0,2,0.79,0.79,0.79
15,14,4,7,31.9,1,0.79,0.79,0.79
15,17,0,7,-6.7,3,0.79,0.79,0.79
23,18,1,7,12.2,4,0.79,0.79,0.79
21,7,0,8,12.1,3,0.79,0.79,0.79
23,20,6,8,23.2,5,0.79,0.79,0.79
14,2,5,9,38.3,2,0.79,0.79,0.79
4,7,3,9,17.6,4,0.79,0.79,0.79
14,11,0,9,38.1,3,0.79,0.79,0.79
19,6,4,10,9.1,2,0.79,0.79,0.79
5,27,4,10,-4.3,1,0.79,0.79,0.79
22,27,4,10,37.1,1,0.79,0.79,0.79
0,29,6,10,26.7,1,0.79,0.79,0.79
22,1,2,11,32.5,4,0.79,0.79,0.79
9,10,4,11,-0.1,4,0.79,0.79,0.79
22,18,5,11,21.4,2,0.79,0.79,0.79
13,23,3,11,12.4,4,0.79,0.79,0.79
12,17,6,12,0.8,3,0.79,0.79,0.79
14,27,2,12,28.5,5,0.79,0.79,0.79
9,30,5,12,5.9,2,0.79,0.79,0.79
11,4,5,2,36.7,2,0.79,0.79,0.79
4,8,2,2,-0.7,2,0.8,0.79,0.7904166666666668
12,14,1,2,-7.6,2,0.8,0.79,0.7908333333333334
13,14,1,2,25.7,2,0.8,0.79,0.7912500000000001
9,17,4,2,9.9,5,0.8,0.79,0.7916666666666666
21,21,1,2,27.1,4,0.8,0.79,0.7920833333333334
12,26,6,2,17.6,1,0.8,0.79,0.7925
6,28,1,2,3.5,4,0.8,0.79,0.7929166666666667
21,1,2,3,30.9,2,0.8,0.79,0.7933333333333334
1,11,5,3,2.2,3,0.8,0.79,0.7937500000000001
10,15,2,3,35.9,3,0.8,0.79,0.7941666666666666
12,15,2,3,-2.3,2,0.8,0.79,0.7945833333333333
18,15,2,3,0.3,5,0.8,0.79,0.795
8,17,4,3,29.4,4,0.8,0.79,0.7954166666666668
9,17,4,3,20.3,2,0.8,0.79,0.7958333333333333
19,6,3,4,2.0,3,0.8,0.79,0.79625
15,17,0,4,-6.4,4,0.8,0.79,0.7966666666666667
12,20,3,4,16.6,5,0.8,0.79,0.7970833333333335
23,22,5,4,5.9,1,0.8,0.79,0.7975
14,30,6,4,21.1,2,0.8,0.79,0.7979166666666666
4,2,1,5,-5.4,1,0.8,0.79,0.7983333333333333
8,3,2,5,8.1,4,0.8,0.79,0.7987500000000001
23,9,1,5,-0.5,3,0.8,0.79,0.7991666666666667
11,17,2,5,2.9,4,0.8,0.79,0.7995833333333334
14,25,3,5,3.7,3,0.8,0.8,0.8
19,25,3,5,-2.8,5,0.8,0.8,0.8
13,27,5,5,10.3,4,0.8,0.8,0.8
4,28,6,5,23.6,4,0.8,0.8,0.8
16,30,1,5,25.9,4,0.8,0.8,0.8
3,3,5,6,8.4,3,0.8,0.8,0.8
8,4,6,6,9.9,1,0.8,0.8,0.8
3,11,6,6,4.6,3,0.8,0.8,0.8
13,14,2,6,5.9,3,0.8,0.8,0.8
17,30,4,6,-7.4,1,0.8,0.8,0.8
6,1,5,7,5.2,2,0.8,0.8,0.8
11,24,0,7,24.9,3,0.8,0.8,0.8
11,25,1,7,4.6,5,0.8,0.8,0.8
7,29,5,7,7.0,2,0.8,0.8,0.8
4,9,2,8,20.4,1,0.8,0.8,0.8
13,9,2,8,28.1,1,0.8,0.8,0.8
19,6,2,9,29.6,3,0.8,0.8,0.8
15,17,6,9,37.4,3,0.8,0.8,0.8
11,19,1,9,-3.1,3,0.8,0.8,0.8
5,21,3,9,16.9,3,0.8,0.8,0.8
21,9,0,10,39.1,2,0.8,0.8,0.8
5,10,1,10,28.4,5,0.8,0.8,0.8
3,16,0,10,9.7,2,0.8,0.8,0.8
12,16,0,10,30.3,4,0.8,0.8,0.8
14,17,1,10,27.7,1,0.8,0.8,0.8
13,18,2,10,28.4,4,0.8,0.8,0.8
19,29,6,10,7.3,1,0.8,0.8,0.8
14,19,6,11,-4.8,1,0.8,0.8,0.8
2,2,5,12,-4.8,5,0.8,0.8,0.8
7,3,6,12,5.8,3,0.8,0.8,0.8
5,7,3,12,33.9,2,0.8,0.8,0.8
4,25,0,12,3.0,4,0.8,0.8,0.8
12,31,6,12,16.6,3,0.8,0.8,0.8
8,3,1,1,-1.0,3,0.8,0.8,0.8
14,3,1,1,36.5,5,0.81,0.8,0.8004166666666667
0,12,3,1,-1.6,4,0.81,0.8,0.8008333333333334
1,26,3,1,2.0,2,0.81,0.8,0.8012500000000001
22,5,6,2,25.3,5,0.81,0.8,0.8016666666666667
6,20,0,2,26.9,5,0.81,0.8,0.8020833333333334
4,28,1,2,39.0,3,0.81,0.8,0.8025000000000001
23,4,5,3,28.8,1,0.81,0.8,0.8029166666666666
6,9,3,3,6.6,2,0.81,0.8,0.8033333333333333
18,9,3,3,13.3,1,0.81,0.8,0.8037500000000001
21,24,4,3,36.5,4,0.81,0.8,0.8041666666666667
14,3,2,5,8.2,1,0.81,0.8,0.8045833333333334
6,4,3,5,37.0,1,0.81,0.8,0.805
18,5,4,5,8.6,5,0.81,0.8,0.8054166666666668
23,6,5,5,20.6,5,0.81,0.8,0.8058333333333335
3,10,2,5,26.6,5,0.81,0.8,0.80625
3,10,2,5,38.6,3,0.81,0.8,0.8066666666666666
0,11,3,5,9.2,1,0.81,0.8,0.8070833333333334
5,4,6,6,0.4,2,0.81,0.8,0.8075
6,4,6,6,15.8,2,0.81,0.8,0.8079166666666667
22,5,0,6,34.1,1,0.81,0.8,0.8083333333333335
21,9,4,6,15.0,2,0.81,0.8,0.80875
1,19,0,6,-2.3,3,0.81,0.8,0.8091666666666667
17,22,3,6,26.7,4,0.81,0.8,0.8095833333333333
16,27,1,6,13.9,2,0.81,0.81,0.81
12,6,3,7,17.5,3,0.81,0.81,0.81
23,7,4,7,27.4,1,0.81,0.81,0.81
12,10,0,7,29.4,5,0.81,0.81,0.81
19,30,6,7,8.4,2,0.81,0.81,0.81
15,5,5,8,27.9,5,0.81,0.81,0.81
18,14,0,8,10.7,3,0.81,0.81,0.81
2,19,5,8,-7.5,2,0.81,0.81,0.81
14,24,3,8,35.9,5,0.81,0.81,0.81
17,12,1,9,13.6,4,0.81,0.81,0.81
16,19,1,9,-8.0,1,0.81,0.81,0.81
23,21,3,9,5.1,1,0.81,0.81,0.81
8,24,6,9,-0.9,4,0.81,0.81,0.81
0,25,0,9,38.8,3,0.81,0.81,0.81
3,27,2,9,16.8,5,0.81,0.81,0.81
19,6,4,10,21.7,3,0.81,0.81,0.81
7,8,6,10,37.1,1,0.81,0.81,0.81
18,8,6,10,26.2,2,0.81,0.81,0.81
13,23,0,10,18.9,1,0.81,0.81,0.81
13,25,2,10,5.3,3,0.81,0.81,0.81
14,27,4,10,16.7,4,0.81,0.81,0.81
4,28,5,10,-9.8,4,0.81,0.81,0.81
16,28,5,10,18.2,2,0.81,0.81,0.81
16,29,6,10,23.2,1,0.81,0.81,0.81
14,14,1,11,32.6,2,0.81,0.81,0.81
15,26,6,11,34.6,1,0.81,0.81,0.81
6,2,5,12,-0.8,1,0.81,0.81,0.81
17,8,4,12,7.9,4,0.81,0.81,0.81
15,11,0,12,-0.7,1,0.81,0.81,0.81
23,15,4,12,17.3,5,0.81,0.81,0.81
8,18,0,12,13.7,1,0.81,0.81,0.81
18,22,4,12,2.4,5,0.81,0.81,0.81
13,1,6,1,5.9,5,0.81,0.81,0.81
15,8,6,1,22.9,1,0.82,0.81,0.8104166666666667
22,24,1,1,35.7,1,0.82,0.81,0.8108333333333334
6,30,0,1,6.2,1,0.82,0.81,0.8112499999999999
2,5,6,2,7.8,4,0.82,0.81,0.8116666666666666
3,12,6,2,-8.8,4,0.82,0.81,0.8120833333333334
8,16,3,2,-3.2,4,0.82,0.81,0.8125
20,16,3,2,20.2,5,0.82,0.81,0.8129166666666667
20,18,5,2,-3.0,5,0.82,0.81,0.8133333333333335
12,22,2,2,36.7,4,0.82,0.81,0.8137500000000001
6,5,6,3,-7.4,2,0.82,0.81,0.8141666666666666
6,18,5,3,1.6,3,0.82,0.81,0.8145833333333332
13,23,3,3,6.2,3,0.82,0.81,0.815
0,5,2,4,2.4,5,0.82,0.81,0.8154166666666667
19,7,4,4,28.8,2,0.82,0.81,0.8158333333333333
19,13,3,4,24.1,3,0.82,0.81,0.81625
3,18,1,4,34.8,1,0.82,0.81,0.8166666666666668
8,18,1,4,11.0,2,0.82,0.81,0.8170833333333333
23,23,6,4,37.3,2,0.82,0.81,0.8175
6,28,4,4,18.4,5,0.82,0.81,0.8179166666666667
16,10,2,5,39.3,1,0.82,0.81,0.8183333333333334
20,23,1,5,-7.6,4,0.82,0.81,0.81875
2,6,1,6,17.7,3,0.82,0.81,0.8191666666666665
6,11,6,6,29.3,1,0.82,0.81,0.8195833333333332
16,11,6,6,14.6,2,0.82,0.82,0.82
18,15,3,6,27.5,3,0.82,0.82,0.82
3,19,0,6,-0.7,2,0.82,0.82,0.82
5,22,3,6,12.6,2,0.82,0.82,0.82
12,25,6,6,4.4,5,0.82,0.82,0.82
15,28,2,6,-7.6,5,0.82,0.82,0.82
13,7,4,7,36.7,2,0.82,0.82,0.82
17,9,6,7,-9.6,5,0.82,0.82,0.82
16,13,3,7,23.3,4,0.82,0.82,0.82
11,8,1,8,35.1,4,0.82,0.82,0.82
6,20,6,8,33.1,2,0.82,0.82,0.82
2,21,0,8,28.0,4,0.82,0.82,0.82
16,29,4,9,1.0,4,0.82,0.82,0.82
12,3,1,10,16.9,3,0.82,0.82,0.82
18,7,5,10,2.7,4,0.82,0.82,0.82
9,10,1,10,4.6,3,0.82,0.82,0.82
21,15,6,10,28.6,4,0.82,0.82,0.82
5,25,2,10,20.5,3,0.82,0.82,0.82
10,27,4,10,19.5,4,0.82,0.82,0.82
3,5,1,12,13.8,1,0.82,0.82,0.82
1,14,3,12,-9.5,4,0.82,0.82,0.82
5,30,5,12,39.0,5,0.82,0.82,0.82
4,8,6,1,12.4,4,0.82,0.82,0.82
13,8,6,1,37.3,2,0.83,0.82,0.8204166666666667
14,14,5,1,7.2,1,0.83,0.82,0.8208333333333333
22,14,5,1,32.5,5,0.83,0.82,0.8212499999999999
7,15,6,1,8.7,1,0.83,0.82,0.8216666666666667
2,18,2,1,-7.6,4,0.83,0.82,0.8220833333333332
22,18,2,1,36.3,4,0.83,0.82,0.8224999999999999
9,24,1,1,0.8,4,0.83,0.82,0.8229166666666665
0,27,4,1,11.4,4,0.83,0.82,0.8233333333333333
21,27,4,1,0.4,3,0.83,0.82,0.82375
22,1,2,2,32.2,2,0.83,0.82,0.8241666666666667
11,7,1,2,3.9,4,0.83,0.82,0.8245833333333333
14,8,2,2,15.5,4,0.83,0.82,0.8250000000000001
13,13,0,2,0.2,2,0.83,0.82,0.8254166666666666
17,10,4,3,2.3,2,0.83,0.82,0.8258333333333333
23,14,1,3,1.2,1,0.83,0.82,0.8262499999999999
9,22,2,3,21.2,4,0.83,0.82,0.8266666666666667
7,4,1,4,23.0,2,0.83,0.82,0.8270833333333333
12,10,0,4,10.9,3,0.83,0.82,0.8275
19,20,3,4,10.5,5,0.83,0.82,0.8279166666666665
2,27,3,4,19.2,5,0.83,0.82,0.8283333333333333
2,10,2,5,-7.2,3,0.83,0.82,0.82875
14,16,1,5,-6.2,4,0.83,0.82,0.8291666666666666
22,21,6,5,39.3,5,0.83,0.82,0.8295833333333333
20,31,2,5,8.3,5,0.83,0.83,0.83
8,4,6,6,36.1,1,0.83,0.83,0.83
17,12,0,6,20.3,1,0.83,0.83,0.83
15,15,3,6,23.1,3,0.83,0.83,0.83
20,16,4,6,-1.3,1,0.83,0.83,0.83
3,17,5,6,15.0,1,0.83,0.83,0.83
11,19,0,6,15.5,4,0.83,0.83,0.83
18,19,0,6,18.7,4,0.83,0.83,0.83
13,25,6,6,4.5,4,0.83,0.83,0.83
20,1,5,7,23.5,2,0.83,0.83,0.83
0,6,3,7,6.4,4,0.83,0.83,0.83
17,9,6,7,7.8,1,0.83,0.83,0.83
13,12,2,7,1.5,5,0.83,0.83,0.83
16,19,2,7,34.4,5,0.83,0.83,0.83
2,31,0,7,32.1,4,0.83,0.83,0.83
4,9,2,8,16.8,5,0.83,0.83,0.83
21,14,0,8,8.7,2,0.83,0.83,0.83
3,15,1,8,-1.8,5,0.83,0.83,0.83
8,28,0,8,33.9,4,0.83,0.83,0.83
12,10,6,9,9.9,5,0.83,0.83,0.83
8,12,1,9,27.2,3,0.83,0.83,0.83
5,21,3,9,6.1,1,0.83,0.83,0.83
20,27,2,9,33.0,1,0.83,0.83,0.83
19,8,6,10,13.0,4,0.83,0.83,0.83
0,20,4,10,14.6,2,0.83,0.83,0.83
18,20,4,10,8.7,1,0.83,0.83,0.83
11,4,5,11,16.7,4,0.83,0.83,0.83
22,7,1,11,9.3,5,0.83,0.83,0.83
23,7,1,11,-5.0,2,0.83,0.83,0.83
4,10,4,11,-1.2,3,0.83,0.83,0.83
6,19,6,11,32.5,2,0.83,0.83,0.83
23,22,2,11,4.3,1,0.83,0.83,0.83
20,26,6,11,14.7,4,0.83,0.83,0.83
21,29,2,11,5.1,1,0.83,0.83,0.83
22,3,6,12,12.9,4,0.83,0.83,0.83
7,6,2,12,-5.7,5,0.83,0.83,0.83
7,9,5,12,30.9,3,0.83,0.83,0.83
9,18,0,12,34.5,3,0.83,0.83,0.83
19,18,0,12,26.6,5,0.83,0.83,0.83
3,19,1,12,15.6,1,0.83,0.83,0.83
9,1,6,1,32.6,5,0.83,0.83,0.83
19,19,3,1,39.6,3,0.84,0.83,0.8304166666666667
5,20,4,1,18.0,3,0.84,0.83,0.8308333333333332
20,24,1,1,7.5,3,0.84,0.83,0.8312499999999999
12,7,1,2,-8.3,3,0.84,0.83,0.8316666666666666
4,8,2,2,7.2,3,0.84,0.83,0.8320833333333333
9,27,0,2,7.9,2,0.84,0.83,0.8324999999999999
8,11,5,3,-1.5,4,0.84,0.83,0.8329166666666666
4,12,6,3,18.3,3,0.84,0.83,0.8333333333333331
1,14,1,3,13.0,2,0.84,0.83,0.8337499999999999
9,25,5,3,-7.8,1,0.84,0.83,0.8341666666666666
10,12,2,4,-4.7,1,0.84,0.83,0.8345833333333332
17,13,3,4,31.9,4,0.84,0.83,0.835
12,14,4,4,6.0,1,0.84,0.83,0.8354166666666666
19,15,5,4,15.5,5,0.84,0.83,0.8358333333333334
4,21,4,4,15.8,2,0.84,0.83,0.83625
10,21,4,4,37.8,4,0.84,0.83,0.8366666666666668
11,24,0,4,24.3,3,0.84,0.83,0.8370833333333333
14,24,0,4,1.2,4,0.84,0.83,0.8375
8,24,2,5,-3.4,5,0.84,0.83,0.8379166666666666
14,26,4,5,0.1,2,0.84,0.83,0.8383333333333334
18,3,5,6,-3.5,5,0.84,0.83,0.83875
8,5,0,6,34.4,2,0.84,0.83,0.8391666666666667
17,5,0,6,2.7,2,0.84,0.83,0.8395833333333332
17,6,1,6,36.4,5,0.84,0.84,0.84
4,11,6,6,8.4,3,0.84,0.84,0.84
22,20,1,6,36.0,1,0.84,0.84,0.84
1,25,6,6,14.7,2,0.84,0.84,0.84
17,9,6,7,39.7,2,0.84,0.84,0.84
3,14,4,7,19.4,5,0.84,0.84,0.84
7,24,0,7,23.9,5,0.84,0.84,0.84
5,11,4,8,17.0,1,0.84,0.84,0.84
16,16,2,8,8.1,3,0.84,0.84,0.84
15,24,3,8,26.1,1,0.84,0.84,0.84
23,9,5,9,-9.0,5,0.84,0.84,0.84
23,14,3,9,-3.4,1,0.84,0.84,0.84
18,25,0,9,35.2,5,0.84,0.84,0.84
16,28,3,9,3.2,2,0.84,0.84,0.84
23,1,6,10,6.4,1,0.84,0.84,0.84
15,5,3,10,18.8,2,0.84,0.84,0.84
2,19,3,10,26.0,3,0.84,0.84,0.84
9,20,4,10,9.6,3,0.84,0.84,0.84
19,22,6,10,25.4,3,0.84,0.84,0.84
0,12,6,11,17.1,4,0.84,0.84,0.84
17,14,1,11,5.2,5,0.84,0.84,0.84
1,23,3,11,8.3,3,0.84,0.84,0.84
13,26,6,11,29.3,2,0.84,0.84,0.84
12,28,1,11,24.1,2,0.84,0.84,0.84
13,5,1,12,-5.5,1,0.84,0.84,0.84
17,6,2,12,7.1,5,0.84,0.84,0.84
17,6,2,12,33.7,2,0.84,0.84,0.84
21,11,0,12,3.1,3,0.84,0.84,0.84
0,12,1,12,-6.5,5,0.84,0.84,0.84
16,7,5,1,11.6,4,0.84,0.84,0.84
21,13,4,1,5.2,5,0.85,0.84,0.8404166666666666
5,20,4,1,22.6,5,0.85,0.84,0.8408333333333333
3,23,0,1,-9.4,4,0.85,0.84,0.8412499999999999
23,23,0,1,3.1,3,0.85,0.84,0.8416666666666667
4,1,2,2,21.6,3,0.85,0.84,0.8420833333333334
17,5,6,2,-7.2,4,0.85,0.84,0.8424999999999999
11,6,0,2,12.6,2,0.85,0.84,0.8429166666666666
11,8,2,2,-6.6,4,0.85,0.84,0.8433333333333333
18,9,3,2,5.2,1,0.85,0.84,0.84375
8,15,2,2,25.0,5,0.85,0.84,0.8441666666666667
21,26,6,2,29.2,5,0.85,0.84,0.8445833333333334
9,3,4,3,-7.0,5,0.85,0.84,0.8450000000000001
1,4,5,3,11.1,5,0.85,0.84,0.8454166666666666
19,11,5,3,32.9,2,0.85,0.84,0.8458333333333333
9,13,0,3,32.6,2,0.85,0.84,0.8462500000000001
17,17,4,3,35.4,4,0.85,0.84,0.8466666666666667
3,21,1,3,2.6,5,0.85,0.84,0.8470833333333333
11,24,4,3,0.4,3,0.85,0.84,0.8474999999999998
14,9,6,4,22.8,3,0.85,0.84,0.8479166666666665
12,29,5,4,32.1,2,0.85,0.84,0.8483333333333333
12,21,6,5,8.7,5,0.85,0.84,0.8487499999999999
12,26,4,5,-3.4,5,0.85,0.84,0.8491666666666666
3,10,5,6,32.0,3,0.85,0.84,0.8495833333333332
22,17,5,6,19.4,3,0.85,0.85,0.85
6,24,5,6,30.5,4,0.85,0.85,0.85
7,30,4,6,39.5,4,0.85,0.85,0.85
2,22,5,7,18.7,4,0.85,0.85,0.85
14,23,6,7,34.4,1,0.85,0.85,0.85
3,24,0,7,35.2,5,0.85,0.85,0.85
6,24,0,7,-1.7,2,0.85,0.85,0.85
6,31,0,7,2.8,3,0.85,0.85,0.85
19,1,1,8,37.0,3,0.85,0.85,0.85
12,5,5,8,6.0,5,0.85,0.85,0.85
10,8,1,8,18.9,3,0.85,0.85,0.85
2,14,0,8,22.5,3,0.85,0.85,0.85
19,17,3,8,21.4,4,0.85,0.85,0.85
13,29,1,8,38.5,1,0.85,0.85,0.85
9,30,2,8,18.5,4,0.85,0.85,0.85
21,5,1,9,26.5,3,0.85,0.85,0.85
9,9,5,9,29.0,2,0.85,0.85,0.85
1,10,6,9,12.2,2,0.85,0.85,0.85
8,15,4,9,34.7,5,0.85,0.85,0.85
1,19,1,9,22.3,3,0.85,0.85,0.85
9,19,1,9,33.0,2,0.85,0.85,0.85
19,28,3,9,12.8,3,0.85,0.85,0.85
6,29,4,9,29.3,2,0.85,0.85,0.85
23,30,5,9,29.7,5,0.85,0.85,0.85
17,7,5,10,26.9,3,0.85,0.85,0.85
15,9,0,10,1.2,4,0.85,0.85,0.85
11,13,4,10,24.6,2,0.85,0.85,0.85
22,13,4,10,21.5,1,0.85,0.85,0.85
19,19,3,10,6.1,1,0.85,0.85,0.85
2,4,5,11,27.7,1,0.85,0.85,0.85
22,10,4,11,15.6,1,0.85,0.85,0.85
22,13,0,11,2.4,2,0.85,0.85,0.85
4,26,6,11,26.2,4,0.85,0.85,0.85
14,28,1,11,-1.2,5,0.85,0.85,0.85
14,30,3,11,4.1,5,0.85,0.85,0.85
0,18,0,12,36.6,3,0.85,0.85,0.85
7,18,0,12,36.8,3,0.85,0.85,0.85
1,23,5,12,17.0,5,0.85,0.85,0.85
18,26,1,12,39.7,4,0.85,0.85,0.85
12,8,6,1,-9.5,2,0.85,0.85,0.85
18,11,2,1,5.4,2,0.86,0.85,0.8504166666666667
8,18,2,1,5.6,2,0.86,0.85,0.8508333333333332
14,23,0,1,15.5,4,0.86,0.85,0.85125
14,5,6,2,25.2,5,0.86,0.85,0.8516666666666667
8,12,6,2,24.9,4,0.86,0.85,0.8520833333333333
9,14,1,2,37.0,4,0.86,0.85,0.8525
11,6,0,3,16.3,5,0.86,0.85,0.8529166666666667
2,11,5,3,31.4,4,0.86,0.85,0.8533333333333332
6,24,4,3,18.6,5,0.86,0.85,0.8537500000000001
12,29,2,3,32.9,5,0.86,0.85,0.8541666666666666
23,10,0,4,32.8,5,0.86,0.85,0.8545833333333334
14,16,6,4,17.0,2,0.86,0.85,0.855
7,24,0,4,-7.3,5,0.86,0.85,0.8554166666666666
10,24,0,4,-7.0,3,0.86,0.85,0.8558333333333333
4,25,1,4,29.5,2,0.86,0.85,0.8562499999999998
0,30,6,4,15.7,1,0.86,0.85,0.8566666666666668
1,15,0,5,24.2,1,0.86,0.85,0.8570833333333333
1,24,2,5,34.7,4,0.86,0.85,0.8574999999999999
10,29,0,5,20.8,5,0.86,0.85,0.8579166666666667
6,3,5,6,24.5,3,0.86,0.85,0.8583333333333333
11,3,5,6,35.4,1,0.86,0.85,0.85875
9,9,4,6,25.6,2,0.86,0.85,0.8591666666666667
9,10,5,6,-8.1,4,0.86,0.85,0.8595833333333333
2,25,6,6,38.8,2,0.86,0.86,0.86
23,25,6,6,-9.5,2,0.86,0.86,0.86
18,26,0,6,12.1,2,0.86,0.86,0.86
10,30,4,6,6.4,5,0.86,0.86,0.86
14,19,2,7,-1.0,5,0.86,0.86,0.86
7,22,5,7,-6.0,5,0.86,0.86,0.86
11,23,6,7,-0.1,5,0.86,0.86,0.86
15,1,1,8,33.2,1,0.86,0.86,0.86
22,1,1,8,-4.4,3,0.86,0.86,0.86
19,13,6,8,-9.5,1,0.86,0.86,0.86
19,20,6,8,17.8,3,0.86,0.86,0.86
8,22,1,8,36.8,5,0.86,0.86,0.86
18,7,3,9,11.0,4,0.86,0.86,0.86
11,19,1,9,33.5,2,0.86,0.86,0.86
18,28,3,9,9.2,1,0.86,0.86,0.86
19,5,3,10,4.5,5,0.86,0.86,0.86
6,9,0,10,29.1,2,0.86,0.86,0.86
6,11,2,10,-4.0,4,0.86,0.86,0.86
11,11,2,10,-5.1,4,0.86,0.86,0.86
17,16,0,10,23.4,2,0.86,0.86,0.86
19,25,2,10,10.0,1,0.86,0.86,0.86
2,14,1,11,-5.1,5,0.86,0.86,0.86
19,23,3,11,11.0,3,0.86,0.86,0.86
5,5,1,12,39.8,5,0.86,0.86,0.86
3,8,4,12,12.3,3,0.86,0.86,0.86
5,9,5,12,23.2,4,0.86,0.86,0.86
3,10,6,12,12.3,3,0.86,0.86,0.86
1,11,0,12,12.4,4,0.86,0.86,0.86
7,16,5,12,-7.7,5,0.86,0.86,0.86
1,17,6,12,24.0,1,0.86,0.86,0.86
8,20,2,12,-3.1,3,0.86,0.86,0.86
22,26,1,12,20.0,4,0.86,0.86,0.86
5,30,5,12,14.3,3,0.86,0.86,0.86
18,7,5,1,33.0,2,0.86,0.86,0.86
9,9,0,1,-3.6,4,0.87,0.86,0.8604166666666667
22,20,4,1,13.2,5,0.87,0.86,0.8608333333333332
23,23,0,1,9.0,5,0.87,0.86,0.86125
2,28,5,1,30.1,2,0.87,0.86,0.8616666666666667
18,4,5,2,4.3,4,0.87,0.86,0.8620833333333334
21,11,5,2,-3.6,2,0.87,0.86,0.8624999999999999
10,12,6,2,-1.9,1,0.87,0.86,0.8629166666666667
11,27,0,2,2.2,3,0.87,0.86,0.8633333333333333
1,4,5,3,14.0,3,0.87,0.86,0.8637499999999999
5,7,1,3,0.9,2,0.87,0.86,0.8641666666666666
14,12,6,3,15.7,4,0.87,0.86,0.8645833333333334
10,13,0,3,18.4,3,0.87,0.86,0.8650000000000001
2,17,4,3,8.3,2,0.87,0.86,0.8654166666666666
7,29,2,3,16.2,2,0.87,0.86,0.8658333333333333
18,10,0,4,-2.9,3,0.87,0.86,0.86625
23,20,3,4,-8.6,5,0.87,0.86,0.8666666666666667
6,25,1,4,-3.3,5,0.87,0.86,0.8670833333333333
4,26,2,4,14.1,3,0.87,0.86,0.8675
0,4,3,5,16.1,1,0.87,0.86,0.8679166666666668
20,8,0,5,-8.9,4,0.87,0.86,0.8683333333333333
11,12,4,5,-3.7,3,0.87,0.86,0.8687499999999999
11,13,5,5,25.0,3,0.87,0.86,0.8691666666666666
14,19,4,5,-5.0,2,0.87,0.86,0.8695833333333334
10,12,0,6,35.5,5,0.87,0.87,0.87
20,20,1,6,34.1,5,0.87,0.87,0.87
21,29,3,6,26.3,3,0.87,0.87,0.87
2,2,6,7,12.8,3,0.87,0.87,0.87
2,4,1,7,13.4,4,0.87,0.87,0.87
18,6,3,7,36.0,4,0.87,0.87,0.87
15,10,0,7,26.2,5,0.87,0.87,0.87
9,11,1,7,-8.6,2,0.87,0.87,0.87
3,19,2,7,9.0,3,0.87,0.87,0.87
21,3,3,8,35.8,1,0.87,0.87,0.87
7,20,6,8,37.5,3,0.87,0.87,0.87
15,21,3,9,22.3,2,0.87,0.87,0.87
7,26,1,9,33.3,2,0.87,0.87,0.87
10,28,3,9,25.1,1,0.87,0.87,0.87
6,1,6,10,0.6,3,0.87,0.87,0.87
23,14,5,10,29.9,1,0.87,0.87,0.87
17,16,0,10,39.2,3,0.87,0.87,0.87
11,30,0,10,9.4,3,0.87,0.87,0.87
1,19,6,11,8.2,2,0.87,0.87,0.87
13,29,2,11,-6.0,1,0.87,0.87,0.87
21,30,3,11,30.3,5,0.87,0.87,0.87
0,3,6,12,6.0,4,0.87,0.87,0.87
7,7,3,12,26.6,5,0.87,0.87,0.87
19,9,5,12,27.7,3,0.87,0.87,0.87
21,15,4,12,-6.4,4,0.87,0.87,0.87
18,17,6,12,19.6,2,0.87,0.87,0.87
10,21,3,12,32.0,1,0.87,0.87,0.87
17,24,6,12,-5.0,2,0.87,0.87,0.87
4,27,2,12,1.5,2,0.87,0.87,0.87
22,27,2,12,6.9,1,0.87,0.87,0.87
9,9,0,1,20.7,3,0.87,0.87,0.87
13,11,2,1,35.0,3,0.88,0.87,0.8704166666666667
16,17,1,1,38.3,3,0.88,0.87,0.8708333333333332
2,21,5,1,-6.6,5,0.88,0.87,0.87125
0,31,1,1,5.1,2,0.88,0.87,0.8716666666666667
18,31,1,1,28.1,1,0.88,0.87,0.8720833333333333
7,1,2,2,11.3,5,0.88,0.87,0.8725
14,5,6,2,-7.1,4,0.88,0.87,0.8729166666666667
1,12,6,2,33.1,2,0.88,0.87,0.8733333333333334
14,4,5,3,6.7,2,0.88,0.87,0.8737499999999999
17,4,5,3,9.4,5,0.88,0.87,0.8741666666666666
19,17,4,3,18.4,5,0.88,0.87,0.8745833333333333
22,21,1,3,2.3,4,0.88,0.87,0.875
5,1,5,4,-6.4,2,0.88,0.87,0.8754166666666666
14,5,2,4,2.7,4,0.88,0.87,0.8758333333333334
9,6,3,4,25.7,5,0.88,0.87,0.8762500000000001
14,16,6,4,10.7,4,0.88,0.87,0.8766666666666666
6,26,2,4,15.3,3,0.88,0.87,0.8770833333333333
12,5,4,5,23.9,4,0.88,0.87,0.8775
0,13,5,5,36.9,3,0.88,0.87,0.8779166666666667
20,25,3,5,-8.8,1,0.88,0.87,0.8783333333333333
18,13,1,6,6.8,3,0.88,0.87,0.87875
5,25,6,6,15.8,1,0.88,0.87,0.8791666666666668
0,28,2,6,15.8,3,0.88,0.87,0.8795833333333333
17,7,4,7,15.2,4,0.88,0.88,0.88
13,16,6,7,13.4,5,0.88,0.88,0.88
12,18,1,7,27.5,3,0.88,0.88,0.88
14,18,1,7,33.9,4,0.88,0.88,0.88
17,21,4,7,22.8,3,0.88,0.88,0.88
19,31,0,7,37.0,5,0.88,0.88,0.88
0,4,4,8,37.6,4,0.88,0.88,0.88
18,11,4,8,29.9,3,0.88,0.88,0.88
8,23,2,8,10.6,2,0.88,0.88,0.88
1,24,3,8,20.8,1,0.88,0.88,0.88
15,31,3,8,26.9,2,0.88,0.88,0.88
16,31,3,8,-7.6,4,0.88,0.88,0.88
23,31,3,8,-2.3,3,0.88,0.88,0.88
13,1,4,9,-5.0,5,0.88,0.88,0.88
15,3,6,9,31.8,5,0.88,0.88,0.88
23,18,0,9,6.4,3,0.88,0.88,0.88
8,21,3,9,-6.0,3,0.88,0.88,0.88
13,26,1,9,11.7,5,0.88,0.88,0.88
4,3,1,10,-9.7,1,0.88,0.88,0.88
7,9,0,10,18.1,3,0.88,0.88,0.88
16,10,4,11,4.3,3,0.88,0.88,0.88
19,16,3,11,27.4,1,0.88,0.88,0.88
9,22,2,11,2.2,4,0.88,0.88,0.88
17,2,5,12,34.5,3,0.88,0.88,0.88
15,8,4,12,13.1,4,0.88,0.88,0.88
17,12,1,12,32.1,4,0.88,0.88,0.88
20,24,6,12,-5.3,3,0.88,0.88,0.88
4,5,3,1,28.4,4,0.88,0.88,0.88
4,8,6,1,25.0,4,0.89,0.88,0.8804166666666666
16,11,2,1,8.0,5,0.89,0.88,0.8808333333333334
20,13,4,1,-1.3,1,0.89,0.88,0.8812500000000001
12,20,4,1,18.2,2,0.89,0.88,0.8816666666666667
10,25,2,1,12.7,5,0.89,0.88,0.8820833333333332
6,4,5,2,23.0,1,0.89,0.88,0.8825
22,4,5,2,38.7,5,0.89,0.88,0.8829166666666667
8,13,0,2,8.7,1,0.89,0.88,0.8833333333333333
10,18,5,2,31.7,4,0.89,0.88,0.88375
22,18,5,2,36.7,2,0.89,0.88,0.8841666666666668
21,25,5,2,2.2,4,0.89,0.88,0.8845833333333332
23,28,1,2,13.4,4,0.89,0.88,0.8849999999999999
22,4,5,3,6.2,4,0.89,0.88,0.8854166666666666
1,9,3,3,30.0,1,0.89,0.88,0.8858333333333334
10,9,3,3,-4.6,1,0.89,0.88,0.88625
10,20,0,3,4.7,4,0.89,0.88,0.8866666666666667
7,22,2,3,2.5,4,0.89,0.88,0.8870833333333334
16,24,4,3,16.3,3,0.89,0.88,0.8875000000000001
7,25,5,3,-4.9,2,0.89,0.88,0.8879166666666666
14,8,5,4,20.2,2,0.89,0.88,0.8883333333333333
23,10,0,4,3.0,1,0.89,0.88,0.88875
12,15,5,4,25.5,2,0.89,0.88,0.8891666666666667
23,18,1,4,-9.4,5,0.89,0.88,0.8895833333333334
23,18,3,5,38.8,3,0.89,0.89,0.89
17,26,4,5,-4.1,1,0.89,0.89,0.89
15,31,2,5,12.5,4,0.89,0.89,0.89
2,7,2,6,34.4,1,0.89,0.89,0.89
13,24,5,6,35.1,3,0.89,0.89,0.89
7,25,6,6,28.8,4,0.89,0.89,0.89
22,4,1,7,33.6,4,0.89,0.89,0.89
7,14,4,7,18.5,2,0.89,0.89,0.89
3,17,0,7,13.1,3,0.89,0.89,0.89
0,22,5,7,9.8,3,0.89,0.89,0.89
8,26,2,7,4.0,2,0.89,0.89,0.89
18,1,1,8,20.2,5,0.89,0.89,0.89
7,2,2,8,4.4,2,0.89,0.89,0.89
5,4,4,8,-7.3,2,0.89,0.89,0.89
15,16,2,8,7.9,1,0.89,0.89,0.89
12,7,3,9,-9.3,1,0.89,0.89,0.89
0,16,5,9,-2.2,2,0.89,0.89,0.89
10,21,3,9,7.9,3,0.89,0.89,0.89
1,22,4,9,-9.9,4,0.89,0.89,0.89
17,28,3,9,31.4,4,0.89,0.89,0.89
9,1,6,10,13.3,1,0.89,0.89,0.89
19,3,1,10,-8.2,5,0.89,0.89,0.89
4,8,6,10,9.3,5,0.89,0.89,0.89
13,21,5,10,24.7,3,0.89,0.89,0.89
14,22,6,10,8.9,5,0.89,0.89,0.89
23,23,0,10,24.7,3,0.89,0.89,0.89
11,5,6,11,15.4,1,0.89,0.89,0.89
17,5,6,11,39.3,2,0.89,0.89,0.89
7,11,5,11,11.2,3,0.89,0.89,0.89
21,18,5,11,23.7,1,0.89,0.89,0.89
4,19,6,11,11.9,2,0.89,0.89,0.89
11,25,5,11,-0.5,2,0.89,0.89,0.89
17,30,3,11,9.5,5,0.89,0.89,0.89
21,23,5,12,3.3,5,0.89,0.89,0.89
5,8,6,1,29.4,3,0.89,0.89,0.89
11,9,0,1,6.1,1,0.9,0.89,0.8904166666666667
13,17,1,1,13.3,1,0.9,0.89,0.8908333333333333
4,21,5,1,7.1,1,0.9,0.89,0.89125
22,24,1,1,25.5,1,0.9,0.89,0.8916666666666667
10,25,2,1,17.4,3,0.9,0.89,0.8920833333333333
17,29,6,1,38.9,1,0.9,0.89,0.8925000000000001
11,7,1,2,18.5,3,0.9,0.89,0.8929166666666667
3,22,2,2,11.8,1,0.9,0.89,0.8933333333333332
4,5,6,3,-7.9,4,0.9,0.89,0.8937500000000002
13,10,4,3,15.6,2,0.9,0.89,0.8941666666666667
11,17,4,3,6.8,2,0.9,0.89,0.8945833333333334
22,22,2,3,7.2,4,0.9,0.89,0.895
15,5,2,4,20.8,1,0.9,0.89,0.8954166666666666
6,11,1,4,19.8,2,0.9,0.89,0.8958333333333334
4,16,6,4,37.0,3,0.9,0.89,0.8962499999999999
16,19,2,4,11.5,5,0.9,0.89,0.8966666666666668
21,19,2,4,5.8,1,0.9,0.89,0.8970833333333333
13,23,6,4,13.4,3,0.9,0.89,0.8975
22,6,5,5,13.7,5,0.9,0.89,0.8979166666666667
13,9,1,5,29.2,2,0.9,0.89,0.8983333333333333
22,17,2,5,21.9,3,0.9,0.89,0.89875
3,23,1,5,32.9,4,0.9,0.89,0.8991666666666668
0,27,5,5,21.0,1,0.9,0.89,0.8995833333333333
4,10,5,6,14.2,4,0.9,0.9,0.9
13,12,0,6,6.3,3,0.9,0.9,0.9
15,24,5,6,37.8,3,0.9,0.9,0.9
0,27,1,6,25.1,5,0.9,0.9,0.9
15,2,6,7,39.2,2,0.9,0.9,0.9
10,10,0,7,32.6,5,0.9,0.9,0.9
11,31,0,7,24.8,3,0.9,0.9,0.9
8,10,3,8,10.6,5,0.9,0.9,0.9
11,11,4,8,-5.9,2,0.9,0.9,0.9
2,15,1,8,35.4,4,0.9,0.9,0.9
3,4,0,9,15.1,1,0.9,0.9,0.9
5,5,1,9,12.4,4,0.9,0.9,0.9
15,7,3,9,29.2,3,0.9,0.9,0.9
1,18,0,9,7.8,3,0.9,0.9,0.9
14,20,2,9,26.1,2,0.9,0.9,0.9
22,24,6,9,24.8,4,0.9,0.9,0.9
9,30,5,9,-1.6,2,0.9,0.9,0.9
13,11,2,10,6.8,1,0.9,0.9,0.9
21,14,5,10,0.1,4,0.9,0.9,0.9
17,24,1,10,10.2,1,0.9,0.9,0.9
8,2,3,11,27.4,5,0.9,0.9,0.9
21,4,5,11,2.3,2,0.9,0.9,0.9
23,15,2,11,-2.2,1,0.9,0.9,0.9
19,29,2,11,26.7,4,0.9,0.9,0.9
5,1,4,12,12.3,3,0.9,0.9,0.9
9,10,6,12,33.2,4,0.9,0.9,0.9
21,10,6,12,18.7,4,0.9,0.9,0.9
8,23,5,12,-6.5,5,0.9,0.9,0.9
16,26,1,12,8.1,1,0.9,0.9,0.9
9,4,2,1,30.4,1,0.9,0.9,0.9
20,9,0,1,8.7,1,0.91,0.9,0.9004166666666668
2,31,1,1,29.9,4,0.91,0.9,0.9008333333333334
0,1,2,2,35.2,5,0.91,0.9,0.9012500000000001
15,2,3,2,28.3,2,0.91,0.9,0.9016666666666667
14,8,2,2,14.7,3,0.91,0.9,0.9020833333333332
0,12,6,2,39.2,3,0.91,0.9,0.9025
20,25,5,3,3.8,2,0.91,0.9,0.9029166666666666
20,1,5,4,-8.5,1,0.91,0.9,0.9033333333333333
14,3,0,4,-5.4,1,0.91,0.9,0.9037499999999999
15,22,5,4,-3.3,3,0.91,0.9,0.9041666666666667
14,27,3,4,32.3,2,0.91,0.9,0.9045833333333334
13,8,0,5,22.0,5,0.91,0.9,0.9049999999999999
1,9,1,5,11.0,3,0.91,0.9,0.9054166666666666
20,9,1,5,-7.8,3,0.91,0.9,0.9058333333333333
7,18,3,5,2.4,4,0.91,0.9,0.90625
7,29,0,5,4.0,3,0.91,0.9,0.9066666666666667
6,2,4,6,37.8,5,0.91,0.9,0.9070833333333334
8,6,1,6,27.9,1,0.91,0.9,0.9075000000000001
20,18,6,6,7.9,4,0.91,0.9,0.9079166666666666
7,20,1,6,6.0,1,0.91,0.9,0.9083333333333333
21,26,0,6,-5.7,3,0.91,0.9,0.9087500000000001
11,10,0,7,27.2,4,0.91,0.9,0.9091666666666667
2,25,1,7,25.9,3,0.91,0.9,0.9095833333333334
13,31,0,7,22.2,5,0.91,0.91,0.91
7,1,1,8,29.5,2,0.91,0.91,0.91
11,7,0,8,1.6,2,0.91,0.91,0.91
15,9,2,8,12.8,4,0.91,0.91,0.91
5,11,4,8,7.4,5,0.91,0.91,0.91
4,15,1,8,21.9,5,0.91,0.91,0.91
13,22,1,8,1.5,1,0.91,0.91,0.91
8,24,3,8,-2.9,4,0.91,0.91,0.91
1,27,6,8,-6.6,5,0.91,0.91,0.91
3,1,4,9,14.8,3,0.91,0.91,0.91
9,2,5,9,6.7,4,0.91,0.91,0.91
16,26,1,9,29.5,5,0.91,0.91,0.91
8,7,5,10,14.7,1,0.91,0.91,0.91
18,8,6,10,18.1,1,0.91,0.91,0.91
23,18,2,10,28.8,5,0.91,0.91,0.91
2,19,6,11,33.0,2,0.91,0.91,0.91
9,19,6,11,35.6,5,0.91,0.91,0.91
6,21,1,11,25.2,5,0.91,0.91,0.91
17,30,3,11,31.1,5,0.91,0.91,0.91
11,4,0,12,4.9,1,0.91,0.91,0.91
16,11,0,12,34.5,3,0.91,0.91,0.91
21,12,1,12,24.0,1,0.91,0.91,0.91
15,14,3,12,-2.9,1,0.91,0.91,0.91
2,17,6,12,39.2,3,0.91,0.91,0.91
2,20,2,12,-9.6,5,0.91,0.91,0.91
13,1,0,1,7.8,4,0.91,0.91,0.91
20,1,6,1,8.8,4,0.91,0.91,0.91
21,7,5,1,-1.6,5,0.92,0.91,0.9104166666666668
13,15,6,1,-9.3,4,0.92,0.91,0.9108333333333333
5,16,0,1,-8.8,2,0.92,0.91,0.91125
16,16,0,1,10.1,1,0.92,0.91,0.9116666666666666
0,18,2,1,-6.8,4,0.92,0.91,0.9120833333333334
18,23,0,1,27.5,3,0.92,0.91,0.9125
20,23,0,1,28.5,3,0.92,0.91,0.9129166666666667
6,24,1,1,39.6,4,0.92,0.91,0.9133333333333332
15,5,6,2,-0.3,5,0.92,0.91,0.91375
3,9,3,2,24.5,5,0.92,0.91,0.9141666666666666
18,10,4,2,13.4,4,0.92,0.91,0.9145833333333334
7,13,0,2,-4.0,5,0.92,0.91,0.915
14,18,5,2,3.5,3,0.92,0.91,0.9154166666666668
2,21,1,2,3.2,5,0.92,0.91,0.9158333333333335
14,28,1,2,-4.3,1,0.92,0.91,0.9162500000000001
0,1,2,3,10.0,5,0.92,0.91,0.9166666666666669
6,17,4,3,10.1,2,0.92,0.91,0.9170833333333334
7,25,5,3,-1.8,4,0.92,0.91,0.9175000000000001
23,29,2,3,15.8,1,0.92,0.91,0.9179166666666667
10,1,5,4,28.9,4,0.92,0.91,0.9183333333333334
10,2,6,4,29.9,3,0.92,0.91,0.9187500000000001
15,11,1,4,18.3,5,0.92,0.91,0.9191666666666668
16,1,0,5,25.3,2,0.92,0.91,0.9195833333333333
11,19,4,5,27.8,3,0.92,0.92,0.92
21,29,0,5,0.6,1,0.92,0.92,0.92
10,3,5,6,-3.5,5,0.92,0.92,0.92
2,8,3,6,-7.2,1,0.92,0.92,0.92
6,9,4,6,4.0,5,0.92,0.92,0.92
8,11,6,6,10.9,4,0.92,0.92,0.92
6,16,6,7,26.0,1,0.92,0.92,0.92
20,17,0,7,14.1,3,0.92,0.92,0.92
20,26,2,7,38.6,1,0.92,0.92,0.92
2,3,3,8,39.7,2,0.92,0.92,0.92
0,7,0,8,-7.4,5,0.92,0.92,0.92
5,11,4,8,34.3,1,0.92,0.92,0.92
6,13,6,8,25.0,4,0.92,0.92,0.92
14,21,0,8,26.9,3,0.92,0.92,0.92
12,24,3,8,35.9,5,0.92,0.92,0.92
23,27,6,8,32.2,2,0.92,0.92,0.92
20,2,5,9,39.0,3,0.92,0.92,0.92
9,8,4,9,28.7,3,0.92,0.92,0.92
9,22,4,9,26.8,4,0.92,0.92,0.92
18,23,5,9,28.2,3,0.92,0.92,0.92
16,1,6,10,16.7,1,0.92,0.92,0.92
15,4,2,10,4.0,3,0.92,0.92,0.92
0,11,2,10,29.1,3,0.92,0.92,0.92
8,16,0,10,32.6,2,0.92,0.92,0.92
17,22,6,10,38.6,5,0.92,0.92,0.92
10,24,1,10,10.3,3,0.92,0.92,0.92
10,24,1,10,-3.8,4,0.92,0.92,0.92
10,6,0,11,16.3,1,0.92,0.92,0.92
0,11,5,11,24.6,5,0.92,0.92,0.92
23,15,2,11,8.8,1,0.92,0.92,0.92
8,30,3,11,31.3,2,0.92,0.92,0.92
20,1,4,12,24.8,5,0.92,0.92,0.92
20,6,2,12,26.2,4,0.92,0.92,0.92
20,13,2,12,6.8,4,0.92,0.92,0.92
19,14,3,12,21.0,1,0.92,0.92,0.92
14,15,4,12,16.6,4,0.92,0.92,0.92
11,26,1,12,36.9,4,0.92,0.92,0.92
8,31,6,12,16.9,4,0.92,0.92,0.92
7,1,6,1,-6.6,5,0.92,0.92,0.92
14,29,6,1,33.0,5,0.93,0.92,0.9204166666666667
10,14,1,2,-5.9,4,0.93,0.92,0.9208333333333334
7,21,1,2,37.1,4,0.93,0.92,0.92125
22,24,4,2,4.0,5,0.93,0.92,0.9216666666666667
10,15,2,3,2.8,1,0.93,0.92,0.9220833333333335
10,23,3,3,7.6,1,0.93,0.92,0.9225000000000002
21,29,2,3,24.2,4,0.93,0.92,0.9229166666666667
9,30,3,3,17.7,4,0.93,0.92,0.9233333333333333
7,1,5,4,37.0,4,0.93,0.92,0.9237500000000001
2,3,0,4,19.5,2,0.93,0.92,0.9241666666666667
1,20,3,4,36.8,3,0.93,0.92,0.9245833333333334
21,25,1,4,-6.9,2,0.93,0.92,0.9249999999999999
20,30,6,4,37.6,4,0.93,0.92,0.9254166666666667
5,2,1,5,15.3,5,0.93,0.92,0.9258333333333333
4,5,4,5,24.7,3,0.93,0.92,0.92625
4,10,2,5,15.4,4,0.93,0.92,0.9266666666666667
8,12,4,5,3.5,1,0.93,0.92,0.9270833333333335
20,18,3,5,25.8,1,0.93,0.92,0.9275000000000001
18,19,4,5,-1.4,1,0.93,0.92,0.9279166666666668
0,21,6,5,-3.2,2,0.93,0.92,0.9283333333333333
0,24,2,5,27.4,3,0.93,0.92,0.9287500000000001
21,3,5,6,21.7,3,0.93,0.92,0.9291666666666667
15,8,3,6,27.6,4,0.93,0.92,0.9295833333333334
0,9,4,6,28.0,4,0.93,0.93,0.93
22,16,4,6,10.2,3,0.93,0.93,0.93
16,18,6,6,8.2,5,0.93,0.93,0.93
6,30,4,6,28.5,1,0.93,0.93,0.93
8,30,4,6,30.5,5,0.93,0.93,0.93
3,5,2,7,11.1,5,0.93,0.93,0.93
22,7,4,7,22.9,4,0.93,0.93,0.93
0,11,1,7,-5.8,5,0.93,0.93,0.93
13,5,5,8,11.4,5,0.93,0.93,0.93
23,11,4,8,23.7,2,0.93,0.93,0.93
23,14,0,8,30.7,1,0.93,0.93,0.93
22,29,1,8,0.3,5,0.93,0.93,0.93
18,2,5,9,35.0,1,0.93,0.93,0.93
16,10,6,9,13.4,4,0.93,0.93,0.93
3,17,6,9,21.1,1,0.93,0.93,0.93
1,14,5,10,20.8,1,0.93,0.93,0.93
13,19,3,10,22.5,3,0.93,0.93,0.93
15,26,3,10,33.6,1,0.93,0.93,0.93
12,9,3,11,-2.7,3,0.93,0.93,0.93
11,12,6,11,16.3,1,0.93,0.93,0.93
10,25,5,11,-4.6,1,0.93,0.93,0.93
13,14,3,12,2.8,5,0.93,0.93,0.93
4,17,6,12,16.6,2,0.93,0.93,0.93
19,22,4,12,22.6,3,0.93,0.93,0.93
5,23,5,12,12.2,4,0.93,0.93,0.93
16,26,1,12,6.4,5,0.93,0.93,0.93
6,29,4,12,34.8,3,0.93,0.93,0.93
20,31,6,12,32.7,1,0.93,0.93,0.93
8,4,2,1,35.9,4,0.93,0.93,0.93
12,8,6,1,30.9,4,0.94,0.93,0.9304166666666668
4,18,2,1,-2.9,3,0.94,0.93,0.9308333333333333
9,19,3,1,21.9,1,0.94,0.93,0.93125
5,22,6,1,-2.2,5,0.94,0.93,0.9316666666666666
1,28,5,1,27.7,5,0.94,0.93,0.9320833333333334
4,2,3,2,13.6,1,0.94,0.93,0.9325000000000001
1,14,1,2,-5.7,4,0.94,0.93,0.9329166666666667
12,6,0,3,26.0,3,0.94,0.93,0.9333333333333335
21,16,3,3,-8.0,4,0.94,0.93,0.93375
19,18,5,3,32.3,1,0.94,0.93,0.9341666666666666
19,30,3,3,24.2,2,0.94,0.93,0.9345833333333333
10,1,5,4,31.0,5,0.94,0.93,0.9349999999999999
2,15,5,4,1.8,3,0.94,0.93,0.9354166666666667
1,25,1,4,28.2,3,0.94,0.93,0.9358333333333334
3,25,1,4,31.2,2,0.94,0.93,0.9362499999999999
13,4,3,5,10.2,2,0.94,0.93,0.9366666666666666
20,11,3,5,26.3,5,0.94,0.93,0.9370833333333334
4,18,3,5,6.4,2,0.94,0.93,0.9375
16,20,5,5,8.0,4,0.94,0.93,0.9379166666666667
11,23,1,5,5.6,1,0.94,0.93,0.9383333333333331
13,23,1,5,37.9,3,0.94,0.93,0.9387499999999999
17,27,5,5,18.8,1,0.94,0.93,0.9391666666666666
10,3,5,6,37.4,3,0.94,0.93,0.9395833333333332
22,5,0,6,36.9,5,0.94,0.94,0.94
14,8,3,6,19.6,4,0.94,0.94,0.94
5,11,6,6,34.0,3,0.94,0.94,0.94
16,27,1,6,11.8,1,0.94,0.94,0.94
1,4,1,7,-3.0,3,0.94,0.94,0.94
11,12,2,7,38.8,4,0.94,0.94,0.94
7,14,4,7,-2.7,1,0.94,0.94,0.94
4,24,0,7,1.0,4,0.94,0.94,0.94
19,5,5,8,-2.4,4,0.94,0.94,0.94
0,8,1,8,22.4,1,0.94,0.94,0.94
16,29,1,8,13.2,4,0.94,0.94,0.94
23,19,1,9,30.2,1,0.94,0.94,0.94
10,22,4,9,33.1,5,0.94,0.94,0.94
7,28,3,9,-6.0,5,0.94,0.94,0.94
8,7,5,10,4.9,5,0.94,0.94,0.94
15,12,3,10,-1.1,1,0.94,0.94,0.94
2,31,1,10,-3.3,4,0.94,0.94,0.94
17,1,2,11,9.7,2,0.94,0.94,0.94
5,3,4,11,39.4,2,0.94,0.94,0.94
0,8,2,11,22.5,2,0.94,0.94,0.94
21,20,2,12,23.4,5,0.94,0.94,0.94
11,22,4,12,9.7,3,0.94,0.94,0.94
4,25,0,12,-3.2,3,0.94,0.94,0.94
19,11,2,1,16.3,5,0.94,0.94,0.94
8,16,0,1,12.4,2,0.95,0.94,0.9404166666666666
13,21,5,1,-4.9,4,0.95,0.94,0.9408333333333333
9,22,6,1,7.8,5,0.95,0.94,0.94125
1,27,4,1,33.1,3,0.95,0.94,0.9416666666666665
5,4,5,2,19.4,4,0.95,0.94,0.9420833333333333
14,4,5,2,30.2,4,0.95,0.94,0.9424999999999999
16,4,5,2,28.3,5,0.95,0.94,0.9429166666666666
14,9,3,2,15.5,2,0.95,0.94,0.9433333333333334
21,15,2,2,7.2,3,0.95,0.94,0.94375
20,25,5,2,-9.9,2,0.95,0.94,0.9441666666666665
11,27,0,2,27.1,1,0.95,0.94,0.9445833333333332
7,28,1,2,19.7,1,0.95,0.94,0.945
3,6,0,3,33.2,2,0.95,0.94,0.9454166666666667
3,13,0,3,-9.1,4,0.95,0.94,0.9458333333333333
20,3,0,4,20.2,5,0.95,0.94,0.9462499999999999
13,11,1,4,-2.8,2,0.95,0.94,0.9466666666666667
17,13,3,4,33.0,5,0.95,0.94,0.9470833333333332
22,13,3,4,25.6,5,0.95,0.94,0.9474999999999999
7,14,4,4,30.6,3,0.95,0.94,0.9479166666666666
1,15,5,4,-4.3,4,0.95,0.94,0.9483333333333333
12,15,5,4,26.9,4,0.95,0.94,0.94875
22,23,6,4,14.0,1,0.95,0.94,0.9491666666666666
8,24,0,4,5.7,3,0.95,0.94,0.9495833333333333
10,30,6,4,20.3,5,0.95,0.95,0.95
4,4,3,5,16.8,3,0.95,0.95,0.95
9,16,1,5,39.4,5,0.95,0.95,0.95
17,25,3,5,-0.3,2,0.95,0.95,0.95
8,27,5,5,21.7,2,0.95,0.95,0.95
8,27,5,5,7.1,2,0.95,0.95,0.95
9,28,6,5,23.4,1,0.95,0.95,0.95
5,30,1,5,31.6,4,0.95,0.95,0.95
7,3,5,6,34.7,3,0.95,0.95,0.95
11,14,2,6,30.0,2,0.95,0.95,0.95
2,19,0,6,36.2,3,0.95,0.95,0.95
14,22,3,6,0.8,1,0.95,0.95,0.95
6,24,5,6,-4.6,5,0.95,0.95,0.95
19,8,5,7,-6.8,5,0.95,0.95,0.95
18,24,0,7,26.9,2,0.95,0.95,0.95
8,6,6,8,-5.2,5,0.95,0.95,0.95
22,7,0,8,3.4,1,0.95,0.95,0.95
3,20,6,8,14.8,1,0.95,0.95,0.95
11,26,5,8,-7.8,2,0.95,0.95,0.95
14,5,1,9,0.5,3,0.95,0.95,0.95
20,24,6,9,10.8,3,0.95,0.95,0.95
9,27,2,9,28.2,4,0.95,0.95,0.95
14,3,1,10,-8.8,4,0.95,0.95,0.95
13,5,3,10,26.6,3,0.95,0.95,0.95
14,6,4,10,-4.0,3,0.95,0.95,0.95
11,17,1,10,29.2,1,0.95,0.95,0.95
12,19,3,10,24.3,2,0.95,0.95,0.95
10,5,6,11,14.4,4,0.95,0.95,0.95
14,10,4,11,33.5,5,0.95,0.95,0.95
11,14,1,11,-4.2,2,0.95,0.95,0.95
4,22,2,11,19.7,5,0.95,0.95,0.95
14,12,1,12,-3.9,5,0.95,0.95,0.95
11,17,6,12,20.8,3,0.95,0.95,0.95
16,19,1,12,17.5,3,0.95,0.95,0.95
14,22,4,12,24.0,4,0.95,0.95,0.95
3,23,5,12,26.5,1,0.95,0.95,0.95
10,11,2,1,27.2,3,0.95,0.95,0.95
3,14,5,1,33.5,1,0.96,0.95,0.9504166666666666
6,19,3,1,3.7,5,0.96,0.95,0.9508333333333333
16,23,0,1,23.2,2,0.96,0.95,0.9512499999999999
2,7,1,2,6.4,3,0.96,0.95,0.9516666666666667
1,9,3,2,21.1,3,0.96,0.95,0.9520833333333333
14,11,5,2,11.9,5,0.96,0.95,0.9525
12,23,3,2,-4.6,3,0.96,0.95,0.9529166666666667
2,1,2,3,3.4,2,0.96,0.95,0.9533333333333333
21,24,4,3,-7.9,3,0.96,0.95,0.9537499999999999
5,26,6,3,15.1,1,0.96,0.95,0.9541666666666666
3,1,5,4,5.1,2,0.96,0.95,0.9545833333333333
7,5,2,4,-3.8,4,0.96,0.95,0.9550000000000001
1,6,3,4,35.2,1,0.96,0.95,0.9554166666666667
20,10,0,4,7.9,4,0.96,0.95,0.9558333333333332
20,14,4,4,25.5,5,0.96,0.95,0.9562499999999999
5,29,5,4,29.8,2,0.96,0.95,0.9566666666666667
0,3,2,5,35.4,1,0.96,0.95,0.9570833333333333
12,13,5,5,22.9,2,0.96,0.95,0.9575
12,15,0,5,10.3,1,0.96,0.95,0.9579166666666666
6,17,2,5,28.5,1,0.96,0.95,0.9583333333333334
23,31,2,5,24.7,1,0.96,0.95,0.9587499999999999
19,11,6,6,5.4,2,0.96,0.95,0.9591666666666666
7,16,4,6,17.4,1,0.96,0.95,0.9595833333333333
17,28,2,6,19.6,5,0.96,0.96,0.96
13,10,0,7,-7.2,3,0.96,0.96,0.96
9,30,6,7,20.9,3,0.96,0.96,0.96
10,30,6,7,19.5,2,0.96,0.96,0.96
17,15,1,8,6.2,1,0.96,0.96,0.96
18,16,2,8,34.3,3,0.96,0.96,0.96
20,26,5,8,35.2,5,0.96,0.96,0.96
15,4,0,9,34.6,5,0.96,0.96,0.96
21,5,1,9,23.7,1,0.96,0.96,0.96
14,17,6,9,34.7,3,0.96,0.96,0.96
12,20,2,9,39.4,4,0.96,0.96,0.96
1,21,3,9,23.3,2,0.96,0.96,0.96
2,28,3,9,15.4,1,0.96,0.96,0.96
22,17,1,10,21.8,2,0.96,0.96,0.96
12,18,2,10,10.8,2,0.96,0.96,0.96
9,21,5,10,32.3,2,0.96,0.96,0.96
17,27,4,10,32.0,4,0.96,0.96,0.96
0,2,3,11,24.2,1,0.96,0.96,0.96
13,6,0,11,10.4,1,0.96,0.96,0.96
16,11,5,11,27.6,4,0.96,0.96,0.96
20,17,4,11,37.6,1,0.96,0.96,0.96
20,19,6,11,2.8,2,0.96,0.96,0.96
14,21,1,11,15.2,2,0.96,0.96,0.96
7,29,2,11,26.8,1,0.96,0.96,0.96
12,20,2,12,19.5,4,0.96,0.96,0.96
19,1,6,1,18.7,4,0.96,0.96,0.96
14,5,3,1,-9.0,5,0.97,0.96,0.9604166666666667
15,10,1,1,34.8,1,0.97,0.96,0.9608333333333333
9,18,2,1,17.1,2,0.97,0.96,0.9612499999999998
21,29,6,1,38.1,5,0.97,0.96,0.9616666666666668
13,26,6,2,-2.0,5,0.97,0.96,0.9620833333333333
5,13,0,3,27.7,5,0.97,0.96,0.9624999999999999
11,23,3,3,5.5,5,0.97,0.96,0.9629166666666665
9,28,1,3,-1.2,1,0.97,0.96,0.9633333333333334
7,1,5,4,-0.7,3,0.97,0.96,0.96375
22,12,2,4,-0.7,5,0.97,0.96,0.9641666666666665
16,14,4,4,31.0,1,0.97,0.96,0.9645833333333332
18,27,3,4,2.5,3,0.97,0.96,0.965
12,1,0,5,22.9,1,0.97,0.96,0.9654166666666666
19,1,0,5,0.0,3,0.97,0.96,0.9658333333333333
12,4,6,6,15.0,3,0.97,0.96,0.9662499999999999
10,12,0,6,38.8,5,0.97,0.96,0.9666666666666667
23,16,4,6,2.1,4,0.97,0.96,0.9670833333333334
4,20,1,6,2.2,3,0.97,0.96,0.9674999999999999
0,22,3,6,25.2,5,0.97,0.96,0.9679166666666665
11,22,3,6,7.5,5,0.97,0.96,0.9683333333333334
22,22,3,6,8.9,1,0.97,0.96,0.96875
6,25,6,6,23.0,5,0.97,0.96,0.9691666666666666
17,25,6,6,21.6,1,0.97,0.96,0.9695833333333331
16,25,1,7,19.7,5,0.97,0.97,0.97
9,5,5,8,24.3,5,0.97,0.97,0.97
4,18,4,8,21.7,1,0.97,0.97,0.97
9,29,1,8,1.6,3,0.97,0.97,0.97
22,30,2,8,15.3,2,0.97,0.97,0.97
3,2,5,9,6.8,3,0.97,0.97,0.97
7,12,1,9,-1.2,5,0.97,0.97,0.97
19,18,0,9,22.9,2,0.97,0.97,0.97
2,28,3,9,15.9,5,0.97,0.97,0.97
11,29,4,9,32.7,2,0.97,0.97,0.97
8,6,4,10,22.4,4,0.97,0.97,0.97
10,6,4,10,33.2,2,0.97,0.97,0.97
7,13,4,10,-6.2,2,0.97,0.97,0.97
19,13,4,10,17.1,5,0.97,0.97,0.97
7,16,0,10,11.6,3,0.97,0.97,0.97
6,23,0,10,35.1,5,0.97,0.97,0.97
4,28,5,10,21.2,1,0.97,0.97,0.97
9,28,5,10,-5.1,5,0.97,0.97,0.97
1,30,0,10,-6.3,4,0.97,0.97,0.97
2,23,3,11,21.0,1,0.97,0.97,0.97
20,30,3,11,-8.7,2,0.97,0.97,0.97
21,1,4,12,17.0,3,0.97,0.97,0.97
9,18,0,12,39.4,2,0.97,0.97,0.97
7,2,0,1,-5.9,4,0.97,0.97,0.97
0,13,4,1,-2.3,3,0.98,0.97,0.9704166666666666
5,19,3,1,0.2,4,0.98,0.97,0.9708333333333333
12,19,3,1,39.5,1,0.98,0.97,0.9712500000000001
6,20,4,1,-8.0,1,0.98,0.97,0.9716666666666666
7,20,4,1,-4.9,4,0.98,0.97,0.9720833333333333
6,21,5,1,21.6,5,0.98,0.97,0.9725
8,7,1,2,-7.8,5,0.98,0.97,0.9729166666666665
15,26,6,2,36.5,5,0.98,0.97,0.9733333333333333
7,10,4,3,11.0,5,0.98,0.97,0.97375
2,15,2,3,-8.0,5,0.98,0.97,0.9741666666666666
20,10,0,4,-6.3,2,0.98,0.97,0.9745833333333334
2,4,3,5,23.3,2,0.98,0.97,0.975
18,11,3,5,11.5,5,0.98,0.97,0.9754166666666665
22,12,4,5,18.2,3,0.98,0.97,0.9758333333333332
0,20,5,5,5.0,3,0.98,0.97,0.97625
9,24,2,5,5.7,5,0.98,0.97,0.9766666666666667
22,24,2,5,8.0,5,0.98,0.97,0.9770833333333333
6,27,5,5,17.8,2,0.98,0.97,0.9775
15,30,1,5,33.3,3,0.98,0.97,0.9779166666666668
12,1,3,6,-2.4,2,0.98,0.97,0.9783333333333332
22,6,1,6,18.9,2,0.98,0.97,0.9787499999999999
6,10,5,6,-4.1,5,0.98,0.97,0.9791666666666666
22,20,1,6,11.5,4,0.98,0.97,0.9795833333333333
17,14,4,7,-5.7,4,0.98,0.98,0.98
20,19,2,7,1.7,3,0.98,0.98,0.98
17,21,4,7,25.6,1,0.98,0.98,0.98
17,10,3,8,21.8,3,0.98,0.98,0.98
13,13,6,8,35.1,1,0.98,0.98,0.98
22,22,1,8,10.2,4,0.98,0.98,0.98
0,29,1,8,12.8,4,0.98,0.98,0.98
16,3,6,9,19.6,3,0.98,0.98,0.98
11,12,1,9,3.4,1,0.98,0.98,0.98
18,13,2,9,-2.4,1,0.98,0.98,0.98
23,18,0,9,7.5,1,0.98,0.98,0.98
5,21,3,9,-3.0,3,0.98,0.98,0.98
10,4,2,10,39.8,5,0.98,0.98,0.98
14,10,1,10,-3.2,1,0.98,0.98,0.98
16,23,0,10,5.8,2,0.98,0.98,0.98
19,24,1,10,33.7,5,0.98,0.98,0.98
10,25,2,10,29.0,3,0.98,0.98,0.98
5,26,3,10,24.3,4,0.98,0.98,0.98
10,31,1,10,38.4,3,0.98,0.98,0.98
7,13,0,11,8.2,3,0.98,0.98,0.98
22,19,6,11,31.3,3,0.98,0.98,0.98
8,27,0,11,14.1,3,0.98,0.98,0.98
2,2,5,12,-2.5,5,0.98,0.98,0.98
16,9,5,12,23.4,5,0.98,0.98,0.98
22,13,2,12,19.0,4,0.98,0.98,0.98
18,21,3,12,35.0,1,0.98,0.98,0.98
7,29,4,12,30.7,3,0.98,0.98,0.98
21,29,4,12,22.7,1,0.98,0.98,0.98
8,1,6,1,32.7,2,0.98,0.98,0.98
14,5,3,1,18.7,3,0.99,0.98,0.9804166666666667
23,18,2,1,31.4,4,0.99,0.98,0.9808333333333333
4,23,0,1,-3.3,3,0.99,0.98,0.9812500000000001
17,23,0,1,37.9,5,0.99,0.98,0.9816666666666666
3,13,0,2,22.9,5,0.99,0.98,0.9820833333333333
7,17,4,2,27.3,2,0.99,0.98,0.9824999999999999
14,21,1,2,13.2,5,0.99,0.98,0.9829166666666667
19,2,3,3,-4.9,1,0.99,0.98,0.9833333333333334
8,6,0,3,9.5,5,0.99,0.98,0.98375
12,8,2,3,-8.3,3,0.99,0.98,0.9841666666666667
3,15,2,3,3.1,2,0.99,0.98,0.9845833333333333
16,17,4,3,37.2,3,0.99,0.98,0.985
1,18,5,3,20.8,3,0.99,0.98,0.9854166666666666
12,19,6,3,36.7,4,0.99,0.98,0.9858333333333333
11,7,4,4,11.4,2,0.99,0.98,0.98625
16,8,5,4,-4.1,1,0.99,0.98,0.9866666666666667
4,9,6,4,13.4,1,0.99,0.98,0.9870833333333334
10,18,1,4,-1.2,2,0.99,0.98,0.9874999999999999
3,20,3,4,26.5,1,0.99,0.98,0.9879166666666667
17,26,2,4,13.0,3,0.99,0.98,0.9883333333333333
6,7,6,5,27.2,1,0.99,0.98,0.98875
11,14,6,5,29.5,3,0.99,0.98,0.9891666666666666
3,15,0,5,23.2,2,0.99,0.98,0.9895833333333334
5,23,1,5,-7.9,2,0.99,0.99,0.99
7,29,0,5,19.3,4,0.99,0.99,0.99
17,8,3,6,1.9,2,0.99,0.99,0.99
21,23,4,6,-5.1,3,0.99,0.99,0.99
17,6,3,7,-4.5,4,0.99,0.99,0.99
16,9,6,7,34.1,5,0.99,0.99,0.99
13,20,3,7,35.4,5,0.99,0.99,0.99
22,20,3,7,19.3,3,0.99,0.99,0.99
21,31,0,7,-5.7,4,0.99,0.99,0.99
6,1,1,8,32.9,2,0.99,0.99,0.99
22,6,6,8,3.0,1,0.99,0.99,0.99
16,12,5,8,9.2,3,0.99,0.99,0.99
20,16,2,8,25.9,2,0.99,0.99,0.99
23,16,2,8,33.6,4,0.99,0.99,0.99
20,22,1,8,22.8,2,0.99,0.99,0.99
15,28,0,8,39.9,1,0.99,0.99,0.99
8,29,1,8,-8.9,5,0.99,0.99,0.99
15,31,3,8,-4.0,2,0.99,0.99,0.99
2,3,6,9,9.7,2,0.99,0.99,0.99
7,3,6,9,3.3,3,0.99,0.99,0.99
0,12,1,9,19.1,4,0.99,0.99,0.99
0,13,2,9,28.5,5,0.99,0.99,0.99
15,28,3,9,3.4,1,0.99,0.99,0.99
18,2,0,10,38.5,5,0.99,0.99,0.99
18,4,2,10,27.2,3,0.99,0.99,0.99
6,13,4,10,38.6,3,0.99,0.99,0.99
23,29,6,10,38.2,4,0.99,0.99,0.99
10,3,4,11,-0.9,5,0.99,0.99,0.99
14,23,3,11,8.2,5,0.99,0.99,0.99
12,9,5,12,35.8,3,0.99,0.99,0.99
15,9,5,12,4.3,1,0.99,0.99,0.99
15,10,6,12,36.3,3,0.99,0.99,0.99
1,19,1,12,11.0,1,0.99,0.99,0.99
0,13,4,1,2.9,3,0.99,0.99,0.99
12,30,0,1,2.0,5,1.0,0.99,0.9904166666666666
7,13,0,2,-9.1,2,1.0,0.99,0.9908333333333332
8,18,5,2,39.4,1,1.0,0.99,0.99125
10,18,5,2,39.7,1,1.0,0.99,0.9916666666666666
22,3,4,3,19.2,3,1.0,0.99,0.9920833333333333
22,6,0,3,26.2,1,1.0,0.99,0.9924999999999998
8,10,4,3,14.1,1,1.0,0.99,0.9929166666666666
13,11,5,3,39.3,4,1.0,0.99,0.9933333333333333
3,19,6,3,7.4,2,1.0,0.99,0.9937499999999999
5,19,6,3,28.9,5,1.0,0.99,0.9941666666666666
1,28,1,3,12.5,2,1.0,0.99,0.9945833333333333
5,28,1,3,35.2,1,1.0,0.99,0.995
8,30,3,3,13.9,4,1.0,0.99,0.9954166666666665
8,16,1,5,-2.0,2,1.0,0.99,0.9958333333333332
22,16,1,5,25.5,4,1.0,0.99,0.99625
2,24,2,5,26.5,4,1.0,0.99,0.9966666666666666
15,28,6,5,2.2,1,1.0,0.99,0.9970833333333333
5,6,1,6,-0.4,2,1.0,0.99,0.9974999999999999
23,23,4,6,29.1,3,1.0,0.99,0.9979166666666667
17,28,2,6,-2.5,5,1.0,0.99,0.9983333333333332
8,3,0,7,26.8,2,1.0,0.99,0.9987499999999999
18,4,1,7,25.2,5,1.0,0.99,0.9991666666666665
5,23,6,7,33.5,1,1.0,0.99,0.9995833333333333
18,15,1,8,21.0,5,1.0,1.0,1.0
11,26,5,8,29.9,1,1.0,1.0,1.0
12,4,0,9,34.5,1,1.0,1.0,1.0
12,4,0,9,18.5,2,1.0,1.0,1.0
7,2,0,10,9.9,2,1.0,1.0,1.0
18,2,0,10,2.7,1,1.0,1.0,1.0
16,4,2,10,23.1,3,1.0,1.0,1.0
4,15,6,10,-9.3,1,1.0,1.0,1.0
7,17,1,10,11.6,3,1.0,1.0,1.0
12,20,4,10,5.9,3,1.0,1.0,1.0
15,28,5,10,-1.7,4,1.0,1.0,1.0
17,30,0,10,4.3,4,1.0,1.0,1.0
16,31,1,10,-6.3,1,1.0,1.0,1.0
23,2,3,11,1.0,4,1.0,1.0,1.0
9,21,1,11,17.7,3,1.0,1.0,1.0
5,28,1,11,0.0,3,1.0,1.0,1.0
16,4,0,12,15.0,5,1.0,1.0,1.0
8,23,5,12,21.1,3,1.0,1.0,1.0
10,28,3,12,-6.4,2,1.0,1.0,1.0
18,11,2,1,25.1,2,1.0,1.0,1.0
1,16,0,1,4.0,2,1.01,1.0,1.0004166666666667
5,23,0,1,27.0,5,1.01,1.0,1.0008333333333335
0,29,6,1,36.2,1,1.01,1.0,1.00125
17,29,6,1,27.1,4,1.01,1.0,1.0016666666666667
19,10,4,2,29.0,4,1.01,1.0,1.0020833333333334
10,22,2,2,30.2,1,1.01,1.0,1.0025000000000002
16,11,5,3,-4.7,2,1.01,1.0,1.0029166666666667
23,14,1,3,17.2,5,1.01,1.0,1.0033333333333334
19,23,3,3,9.2,5,1.01,1.0,1.00375
13,9,6,4,25.5,5,1.01,1.0,1.0041666666666667
3,22,5,4,19.7,3,1.01,1.0,1.0045833333333334
22,24,0,4,20.8,1,1.01,1.0,1.0050000000000001
17,28,4,4,-1.5,4,1.01,1.0,1.0054166666666668
4,3,2,5,23.1,2,1.01,1.0,1.0058333333333334
12,9,1,5,10.0,1,1.01,1.0,1.00625
6,17,2,5,27.7,4,1.01,1.0,1.0066666666666666
11,17,2,5,5.0,2,1.01,1.0,1.0070833333333333
11,2,4,6,36.1,5,1.01,1.0,1.0075
5,5,0,6,-8.3,2,1.01,1.0,1.0079166666666668
21,12,0,6,17.6,5,1.01,1.0,1.0083333333333335
7,14,2,6,26.3,5,1.01,1.0,1.00875
2,20,1,6,28.1,1,1.01,1.0,1.0091666666666668
9,9,6,7,2.4,2,1.01,1.0,1.0095833333333333
17,15,5,7,27.1,4,1.01,1.01,1.01
13,17,0,7,5.4,3,1.01,1.01,1.01
22,25,1,7,24.5,5,1.01,1.01,1.01
1,27,3,7,33.0,5,1.01,1.01,1.01
19,28,4,7,20.1,5,1.01,1.01,1.01
21,1,1,8,2.7,5,1.01,1.01,1.01
23,10,3,8,-7.3,1,1.01,1.01,1.01
6,13,6,8,-4.8,1,1.01,1.01,1.01
16,20,6,8,-5.0,1,1.01,1.01,1.01
5,23,2,8,39.9,3,1.01,1.01,1.01
23,27,6,8,35.7,3,1.01,1.01,1.01
12,29,1,8,7.8,4,1.01,1.01,1.01
14,2,5,9,33.2,3,1.01,1.01,1.01
9,6,2,9,29.9,2,1.01,1.01,1.01
6,9,5,9,18.5,3,1.01,1.01,1.01
21,12,1,9,25.5,3,1.01,1.01,1.01
23,12,1,9,22.7,2,1.01,1.01,1.01
12,19,1,9,4.6,2,1.01,1.01,1.01
19,20,2,9,-5.5,1,1.01,1.01,1.01
12,25,0,9,30.7,3,1.01,1.01,1.01
7,8,6,10,13.2,2,1.01,1.01,1.01
13,16,0,10,2.8,3,1.01,1.01,1.01
7,19,3,10,7.2,1,1.01,1.01,1.01
18,22,6,10,11.1,4,1.01,1.01,1.01
9,28,5,10,12.9,2,1.01,1.01,1.01
11,1,2,11,16.0,5,1.01,1.01,1.01
15,11,5,11,31.0,5,1.01,1.01,1.01
20,16,3,11,3.8,5,1.01,1.01,1.01
6,18,5,11,18.1,2,1.01,1.01,1.01
5,25,5,11,15.8,2,1.01,1.01,1.01
21,8,4,12,35.5,5,1.01,1.01,1.01
16,20,2,12,29.1,2,1.01,1.01,1.01
8,23,5,12,-4.9,5,1.01,1.01,1.01
14,26,1,12,35.0,5,1.01,1.01,1.01
12,1,0,1,17.6,1,1.01,1.01,1.01
2,20,4,1,36.1,5,1.01,1.01,1.01
6,23,0,1,23.1,2,1.02,1.01,1.0104166666666667
14,1,2,2,1.0,5,1.02,1.01,1.0108333333333335
14,7,1,2,13.2,5,1.02,1.01,1.01125
21,7,1,2,-1.4,2,1.02,1.01,1.0116666666666667
13,8,2,2,-4.8,1,1.02,1.01,1.0120833333333332
17,10,4,2,2.2,3,1.02,1.01,1.0125
17,15,2,2,21.2,5,1.02,1.01,1.0129166666666667
19,3,4,3,25.4,3,1.02,1.01,1.0133333333333334
23,6,0,3,5.0,1,1.02,1.01,1.0137500000000002
20,8,2,3,-1.0,4,1.02,1.01,1.0141666666666667
1,24,4,3,3.5,4,1.02,1.01,1.0145833333333334
21,24,4,3,5.4,2,1.02,1.01,1.015
20,26,6,3,27.1,2,1.02,1.01,1.0154166666666666
0,31,4,3,-2.9,1,1.02,1.01,1.0158333333333334
20,31,4,3,35.9,3,1.02,1.01,1.0162499999999999
10,22,5,4,23.6,1,1.02,1.01,1.0166666666666668
16,30,6,4,10.2,1,1.02,1.01,1.0170833333333333
11,8,0,5,-3.6,2,1.02,1.01,1.0175
8,16,1,5,31.8,3,1.02,1.01,1.0179166666666666
1,21,6,5,15.6,4,1.02,1.01,1.0183333333333333
22,21,6,5,9.9,1,1.02,1.01,1.01875
23,16,4,6,13.8,5,1.02,1.01,1.0191666666666668
4,23,4,6,18.9,1,1.02,1.01,1.0195833333333333
14,23,4,6,30.0,5,1.02,1.02,1.02
1,26,0,6,9.9,1,1.02,1.02,1.02
18,11,1,7,16.7,3,1.02,1.02,1.02
7,16,6,7,-6.8,3,1.02,1.02,1.02
4,23,6,7,10.2,4,1.02,1.02,1.02
6,26,2,7,5.5,2,1.02,1.02,1.02
17,26,2,7,5.5,4,1.02,1.02,1.02
19,27,3,7,7.5,2,1.02,1.02,1.02
1,30,6,7,24.0,2,1.02,1.02,1.02
16,12,5,8,3.6,3,1.02,1.02,1.02
14,25,4,8,31.9,4,1.02,1.02,1.02
17,26,5,8,18.6,2,1.02,1.02,1.02
14,1,4,9,-2.8,2,1.02,1.02,1.02
17,4,0,9,12.2,5,1.02,1.02,1.02
0,6,2,9,-4.4,4,1.02,1.02,1.02
17,7,3,9,8.0,4,1.02,1.02,1.02
18,10,6,9,-4.1,4,1.02,1.02,1.02
10,12,1,9,28.4,3,1.02,1.02,1.02
4,26,1,9,-6.0,4,1.02,1.02,1.02
0,29,4,9,38.2,1,1.02,1.02,1.02
3,1,6,10,7.6,5,1.02,1.02,1.02
15,1,6,10,4.9,4,1.02,1.02,1.02
20,2,0,10,-6.3,3,1.02,1.02,1.02
1,13,4,10,11.9,1,1.02,1.02,1.02
8,23,0,10,9.3,4,1.02,1.02,1.02
2,27,4,10,9.7,4,1.02,1.02,1.02
14,12,6,11,7.1,3,1.02,1.02,1.02
16,15,2,11,1.5,3,1.02,1.02,1.02
3,17,4,11,30.5,5,1.02,1.02,1.02
16,29,2,11,25.8,4,1.02,1.02,1.02
7,2,5,12,22.0,3,1.02,1.02,1.02
17,6,2,12,28.3,1,1.02,1.02,1.02
20,11,0,12,9.3,5,1.02,1.02,1.02
8,16,5,12,-6.7,1,1.02,1.02,1.02
1,20,2,12,15.3,4,1.02,1.02,1.02
13,25,0,12,37.9,3,1.02,1.02,1.02
11,3,1,1,-1.2,4,1.02,1.02,1.02
16,7,5,1,38.6,1,1.03,1.02,1.0204166666666667
23,3,4,2,36.4,4,1.03,1.02,1.0208333333333333
16,11,5,2,18.2,3,1.03,1.02,1.02125
23,15,2,2,-8.6,2,1.03,1.02,1.0216666666666667
21,19,6,2,36.6,5,1.03,1.02,1.0220833333333335
12,22,2,2,-5.0,2,1.03,1.02,1.0225
23,24,4,2,27.0,2,1.03,1.02,1.0229166666666667
3,26,6,2,4.1,1,1.03,1.02,1.0233333333333334
23,26,6,2,29.4,3,1.03,1.02,1.02375
16,3,4,3,16.3,3,1.03,1.02,1.0241666666666667
5,6,0,3,14.7,2,1.03,1.02,1.0245833333333334
17,12,6,3,11.1,3,1.03,1.02,1.025
7,16,3,3,32.3,2,1.03,1.02,1.0254166666666666
10,19,6,3,11.6,3,1.03,1.02,1.0258333333333334
21,27,0,3,37.6,5,1.03,1.02,1.0262499999999999
22,29,2,3,24.3,1,1.03,1.02,1.0266666666666666
16,4,1,4,37.6,2,1.03,1.02,1.0270833333333333
2,6,3,4,38.6,2,1.03,1.02,1.0275
6,15,5,4,39.2,1,1.03,1.02,1.0279166666666668
18,23,6,4,25.9,1,1.03,1.02,1.0283333333333333
21,29,5,4,-7.3,4,1.03,1.02,1.0287499999999998
15,4,3,5,20.8,4,1.03,1.02,1.0291666666666666
22,25,3,5,8.9,1,1.03,1.02,1.0295833333333333
17,28,6,5,31.4,4,1.03,1.03,1.03
8,4,6,6,24.6,5,1.03,1.03,1.03
20,11,6,6,10.9,3,1.03,1.03,1.03
12,29,3,6,11.2,1,1.03,1.03,1.03
19,6,3,7,29.0,4,1.03,1.03,1.03
10,10,0,7,10.6,5,1.03,1.03,1.03
4,12,2,7,25.6,3,1.03,1.03,1.03
14,14,4,7,22.5,5,1.03,1.03,1.03
20,15,5,7,-6.5,3,1.03,1.03,1.03
5,17,0,7,4.9,3,1.03,1.03,1.03
6,18,1,7,15.1,2,1.03,1.03,1.03
4,26,2,7,9.7,1,1.03,1.03,1.03
21,26,2,7,4.9,4,1.03,1.03,1.03
3,27,3,7,31.4,5,1.03,1.03,1.03
23,31,0,7,36.3,4,1.03,1.03,1.03
17,11,4,8,-5.1,4,1.03,1.03,1.03
23,16,2,8,23.7,4,1.03,1.03,1.03
5,24,3,8,3.0,3,1.03,1.03,1.03
12,24,3,8,35.9,4,1.03,1.03,1.03
9,26,5,8,2.6,5,1.03,1.03,1.03
10,26,5,8,0.7,2,1.03,1.03,1.03
2,29,1,8,11.4,2,1.03,1.03,1.03
5,13,2,9,25.1,5,1.03,1.03,1.03
21,19,1,9,17.7,3,1.03,1.03,1.03
3,29,4,9,33.1,3,1.03,1.03,1.03
10,17,1,10,34.3,5,1.03,1.03,1.03
4,20,4,10,8.3,5,1.03,1.03,1.03
10,8,2,11,37.8,1,1.03,1.03,1.03
9,9,3,11,19.7,4,1.03,1.03,1.03
13,13,0,11,17.3,5,1.03,1.03,1.03
15,17,4,11,11.1,1,1.03,1.03,1.03
15,17,4,11,16.4,2,1.03,1.03,1.03
15,20,0,11,15.8,1,1.03,1.03,1.03
5,21,1,11,-0.2,5,1.03,1.03,1.03
10,25,5,11,22.0,2,1.03,1.03,1.03
7,23,5,12,1.5,4,1.03,1.03,1.03
9,3,1,1,28.2,4,1.03,1.03,1.03
12,10,1,1,24.8,1,1.04,1.03,1.0304166666666668
9,16,0,1,8.9,2,1.04,1.03,1.0308333333333335
3,5,6,2,21.1,3,1.04,1.03,1.03125
6,11,5,2,22.7,4,1.04,1.03,1.0316666666666665
20,28,1,2,1.1,5,1.04,1.03,1.0320833333333335
22,7,1,3,35.7,5,1.04,1.03,1.0325
2,8,2,3,16.3,2,1.04,1.03,1.0329166666666667
9,10,4,3,7.1,3,1.04,1.03,1.0333333333333334
1,16,3,3,-2.8,2,1.04,1.03,1.0337500000000002
8,16,3,3,36.6,4,1.04,1.03,1.0341666666666667
1,18,5,3,13.5,1,1.04,1.03,1.0345833333333334
14,10,0,4,34.7,3,1.04,1.03,1.035
5,12,2,4,20.6,1,1.04,1.03,1.0354166666666667
14,17,0,4,26.8,4,1.04,1.03,1.0358333333333334
17,21,4,4,-0.2,5,1.04,1.03,1.0362500000000001
11,24,0,4,21.9,4,1.04,1.03,1.0366666666666666
14,29,5,4,-6.4,1,1.04,1.03,1.0370833333333336
18,29,5,4,26.4,4,1.04,1.03,1.0375
16,16,1,5,29.7,3,1.04,1.03,1.0379166666666666
17,23,1,5,20.6,2,1.04,1.03,1.0383333333333333
19,26,4,5,-9.0,2,1.04,1.03,1.03875
12,3,5,6,-4.0,3,1.04,1.03,1.0391666666666668
9,19,0,6,-5.0,4,1.04,1.03,1.0395833333333333
21,20,1,6,21.6,1,1.04,1.04,1.04
5,27,1,6,12.2,5,1.04,1.04,1.04
1,7,4,7,11.3,3,1.04,1.04,1.04
3,8,5,7,38.6,3,1.04,1.04,1.04
18,10,0,7,17.6,1,1.04,1.04,1.04
20,10,0,7,32.2,3,1.04,1.04,1.04
13,11,1,7,-2.9,5,1.04,1.04,1.04
10,18,1,7,26.1,3,1.04,1.04,1.04
8,24,0,7,-6.3,2,1.04,1.04,1.04
4,1,1,8,-3.6,2,1.04,1.04,1.04
9,12,5,8,-4.6,1,1.04,1.04,1.04
9,22,1,8,-9.8,2,1.04,1.04,1.04
18,27,6,8,30.7,4,1.04,1.04,1.04
18,6,2,9,29.0,4,1.04,1.04,1.04
21,13,2,9,30.3,5,1.04,1.04,1.04
22,22,4,9,-2.8,2,1.04,1.04,1.04
7,1,6,10,27.4,3,1.04,1.04,1.04
5,4,2,10,19.8,2,1.04,1.04,1.04
15,8,6,10,3.0,3,1.04,1.04,1.04
14,13,4,10,-3.1,5,1.04,1.04,1.04
16,25,2,10,-4.5,5,1.04,1.04,1.04
21,26,3,10,1.8,3,1.04,1.04,1.04
6,28,5,10,21.9,2,1.04,1.04,1.04
2,31,1,10,16.9,2,1.04,1.04,1.04
0,2,3,11,-7.4,5,1.04,1.04,1.04
22,2,3,11,-5.0,3,1.04,1.04,1.04
14,9,3,11,13.1,5,1.04,1.04,1.04
13,11,5,11,7.4,3,1.04,1.04,1.04
19,12,6,11,-2.3,5,1.04,1.04,1.04
20,23,3,11,19.3,4,1.04,1.04,1.04
3,24,4,11,18.1,4,1.04,1.04,1.04
22,3,6,12,38.6,3,1.04,1.04,1.04
9,9,5,12,25.3,4,1.04,1.04,1.04
20,22,4,12,12.6,4,1.04,1.04,1.04
16,23,5,12,35.9,4,1.04,1.04,1.04
14,27,2,12,35.6,2,1.04,1.04,1.04
12,2,0,1,1.0,4,1.04,1.04,1.04
11,6,4,1,39.9,2,1.05,1.04,1.0404166666666665
12,6,4,1,25.6,3,1.05,1.04,1.0408333333333333
19,14,5,1,28.8,3,1.05,1.04,1.04125
0,16,0,1,4.4,4,1.05,1.04,1.0416666666666667
3,23,0,1,-0.7,2,1.05,1.04,1.0420833333333333
22,26,3,1,15.2,3,1.05,1.04,1.0425
2,4,5,2,-3.6,4,1.05,1.04,1.0429166666666667
2,9,3,2,40.0,5,1.05,1.04,1.0433333333333334
16,18,5,2,8.6,1,1.05,1.04,1.04375
9,24,4,2,-8.4,1,1.05,1.04,1.0441666666666667
1,26,6,2,-1.4,5,1.05,1.04,1.0445833333333334
5,2,3,3,3.0,3,1.05,1.04,1.0450000000000002
11,8,2,3,31.0,3,1.05,1.04,1.0454166666666667
20,9,3,3,-3.7,5,1.05,1.04,1.0458333333333334
13,15,2,3,28.3,3,1.05,1.04,1.04625
7,16,3,3,23.1,4,1.05,1.04,1.0466666666666666
22,16,3,3,36.8,1,1.05,1.04,1.0470833333333334
1,17,4,3,36.2,2,1.05,1.04,1.0475
17,19,6,3,24.5,5,1.05,1.04,1.0479166666666668
20,24,4,3,24.5,3,1.05,1.04,1.0483333333333336
5,10,0,4,30.7,2,1.05,1.04,1.0487499999999998
14,11,1,4,32.8,1,1.05,1.04,1.0491666666666666
1,13,3,4,12.1,5,1.05,1.04,1.0495833333333333
13,28,4,4,30.6,1,1.05,1.05,1.05
13,2,1,5,18.3,5,1.05,1.05,1.05
7,7,6,5,17.2,3,1.05,1.05,1.05
2,18,3,5,-3.8,1,1.05,1.05,1.05
18,20,5,5,10.1,2,1.05,1.05,1.05
11,21,6,5,-1.9,4,1.05,1.05,1.05
17,23,1,5,35.9,2,1.05,1.05,1.05
10,29,0,5,6.5,3,1.05,1.05,1.05
23,9,4,6,-7.0,5,1.05,1.05,1.05
7,15,3,6,29.6,1,1.05,1.05,1.05
7,28,2,6,11.4,1,1.05,1.05,1.05
20,5,2,7,-4.1,2,1.05,1.05,1.05
12,11,1,7,19.8,1,1.05,1.05,1.05
12,11,1,7,9.6,3,1.05,1.05,1.05
16,12,2,7,25.7,5,1.05,1.05,1.05
17,14,4,7,19.1,2,1.05,1.05,1.05
23,10,3,8,26.7,3,1.05,1.05,1.05
13,6,2,9,10.9,4,1.05,1.05,1.05
0,12,1,9,33.9,4,1.05,1.05,1.05
12,17,6,9,27.9,3,1.05,1.05,1.05
6,25,0,9,-0.7,2,1.05,1.05,1.05
20,5,3,10,19.2,3,1.05,1.05,1.05
1,16,0,10,-6.0,1,1.05,1.05,1.05
11,30,0,10,2.1,4,1.05,1.05,1.05
11,5,6,11,-8.9,5,1.05,1.05,1.05
15,9,3,11,9.9,5,1.05,1.05,1.05
15,15,2,11,24.6,4,1.05,1.05,1.05
4,16,3,11,-1.8,4,1.05,1.05,1.05
3,8,4,12,0.8,4,1.05,1.05,1.05
9,15,4,12,14.6,2,1.05,1.05,1.05
21,18,0,12,13.0,1,1.05,1.05,1.05
5,6,4,1,34.0,5,1.05,1.05,1.05
22,9,0,1,-1.2,5,1.06,1.05,1.0504166666666668
19,12,3,1,-0.4,1,1.06,1.05,1.0508333333333335
9,14,5,1,-4.9,4,1.06,1.05,1.05125
20,18,2,1,25.1,4,1.06,1.05,1.0516666666666667
13,31,1,1,-5.0,2,1.06,1.05,1.0520833333333333
14,3,4,2,-0.8,4,1.06,1.05,1.0525
17,9,3,2,3.1,1,1.06,1.05,1.0529166666666667
4,11,5,2,31.7,4,1.06,1.05,1.0533333333333335
0,15,2,2,5.3,2,1.06,1.05,1.05375
10,19,6,2,-4.0,3,1.06,1.05,1.0541666666666667
9,21,1,2,10.9,3,1.06,1.05,1.0545833333333334
12,9,3,3,7.2,2,1.06,1.05,1.055
14,19,6,3,34.2,2,1.06,1.05,1.0554166666666667
19,20,0,3,-2.0,5,1.06,1.05,1.0558333333333334
16,23,3,3,27.7,1,1.06,1.05,1.0562500000000001
18,24,4,3,3.1,1,1.06,1.05,1.0566666666666669
20,5,2,4,19.8,3,1.06,1.05,1.0570833333333334
14,9,6,4,19.1,5,1.06,1.05,1.0575
22,9,6,4,39.7,4,1.06,1.05,1.0579166666666666
11,17,0,4,2.4,4,1.06,1.05,1.0583333333333333
8,7,6,5,-1.4,5,1.06,1.05,1.05875
10,7,6,5,1.8,1,1.06,1.05,1.0591666666666668
6,8,0,5,14.6,2,1.06,1.05,1.0595833333333335
3,9,1,5,27.2,2,1.06,1.06,1.06
15,10,2,5,21.6,5,1.06,1.06,1.06
16,20,5,5,7.1,1,1.06,1.06,1.06
16,21,6,5,26.9,3,1.06,1.06,1.06
0,22,0,5,21.2,5,1.06,1.06,1.06
20,27,5,5,2.4,2,1.06,1.06,1.06
11,1,3,6,19.2,2,1.06,1.06,1.06
18,5,0,6,25.0,2,1.06,1.06,1.06
5,23,4,6,39.6,3,1.06,1.06,1.06
4,6,3,7,-9.5,2,1.06,1.06,1.06
10,10,0,7,33.1,5,1.06,1.06,1.06
2,11,1,7,3.3,4,1.06,1.06,1.06
10,15,5,7,29.8,3,1.06,1.06,1.06
16,21,4,7,10.9,3,1.06,1.06,1.06
7,22,5,7,26.9,4,1.06,1.06,1.06
9,4,4,8,18.0,4,1.06,1.06,1.06
21,12,5,8,28.7,4,1.06,1.06,1.06
22,16,2,8,-0.4,2,1.06,1.06,1.06
6,24,3,8,10.8,3,1.06,1.06,1.06
10,26,5,8,37.9,2,1.06,1.06,1.06
11,27,6,8,29.0,4,1.06,1.06,1.06
19,30,2,8,18.8,3,1.06,1.06,1.06
2,4,0,9,37.9,4,1.06,1.06,1.06
8,6,2,9,20.5,5,1.06,1.06,1.06
20,14,3,9,-4.5,1,1.06,1.06,1.06
10,20,2,9,-9.4,4,1.06,1.06,1.06
2,22,4,9,13.0,3,1.06,1.06,1.06
20,25,0,9,17.9,1,1.06,1.06,1.06
21,29,4,9,5.8,4,1.06,1.06,1.06
16,30,5,9,10.6,1,1.06,1.06,1.06
4,1,6,10,34.3,2,1.06,1.06,1.06
3,5,3,10,1.7,2,1.06,1.06,1.06
9,9,0,10,-8.8,1,1.06,1.06,1.06
2,11,2,10,34.6,5,1.06,1.06,1.06
2,20,4,10,39.7,3,1.06,1.06,1.06
9,22,6,10,25.3,3,1.06,1.06,1.06
4,7,1,11,27.8,5,1.06,1.06,1.06
7,28,1,11,-4.5,2,1.06,1.06,1.06
3,4,0,12,33.6,5,1.06,1.06,1.06
6,5,1,12,4.7,2,1.06,1.06,1.06
11,5,1,12,12.2,1,1.06,1.06,1.06
15,17,6,12,22.1,2,1.06,1.06,1.06
21,26,1,12,30.0,1,1.06,1.06,1.06
4,1,0,1,27.1,5,1.06,1.06,1.06
9,4,2,1,17.5,3,1.06,1.06,1.06
9,10,1,1,32.8,2,1.07,1.06,1.0604166666666666
13,15,6,1,17.2,5,1.07,1.06,1.0608333333333333
2,21,5,1,17.1,1,1.07,1.06,1.06125
23,21,5,1,32.6,5,1.07,1.06,1.0616666666666668
13,27,4,1,18.0,3,1.07,1.06,1.0620833333333335
12,29,6,1,0.4,5,1.07,1.06,1.0625
8,6,0,2,12.6,1,1.07,1.06,1.0629166666666667
0,18,5,2,24.3,4,1.07,1.06,1.0633333333333335
4,23,3,2,19.4,1,1.07,1.06,1.06375
12,28,1,2,35.0,5,1.07,1.06,1.0641666666666667
18,1,2,3,5.1,1,1.07,1.06,1.0645833333333334
15,5,6,3,-8.4,3,1.07,1.06,1.0650000000000002
4,10,4,3,0.7,5,1.07,1.06,1.065416666666667
7,12,6,3,8.0,5,1.07,1.06,1.0658333333333334
2,13,0,3,17.2,3,1.07,1.06,1.0662500000000001
8,15,2,3,7.9,5,1.07,1.06,1.0666666666666667
5,24,4,3,-0.7,4,1.07,1.06,1.0670833333333334
10,2,6,4,-4.0,1,1.07,1.06,1.0675000000000001
3,11,1,4,10.9,3,1.07,1.06,1.0679166666666666
14,12,2,4,-7.9,1,1.07,1.06,1.0683333333333334
3,15,5,4,31.5,4,1.07,1.06,1.06875
9,20,3,4,18.6,5,1.07,1.06,1.0691666666666666
21,1,0,5,3.7,1,1.07,1.06,1.0695833333333333
7,7,6,5,3.2,5,1.07,1.07,1.07
1,16,1,5,2.7,4,1.07,1.07,1.07
4,23,1,5,-7.5,4,1.07,1.07,1.07
3,26,4,5,1.7,4,1.07,1.07,1.07
1,8,3,6,21.8,4,1.07,1.07,1.07
18,11,6,6,35.4,3,1.07,1.07,1.07
3,1,5,7,30.1,4,1.07,1.07,1.07
18,5,2,7,13.4,1,1.07,1.07,1.07
20,10,0,7,-6.3,5,1.07,1.07,1.07
17,12,2,7,15.6,5,1.07,1.07,1.07
1,27,3,7,-1.6,5,1.07,1.07,1.07
23,29,5,7,-4.6,3,1.07,1.07,1.07
0,30,6,7,7.5,4,1.07,1.07,1.07
7,2,2,8,3.5,4,1.07,1.07,1.07
8,8,1,8,37.2,2,1.07,1.07,1.07
23,8,1,8,34.7,1,1.07,1.07,1.07
8,31,3,8,33.2,3,1.07,1.07,1.07
14,7,3,9,14.5,4,1.07,1.07,1.07
7,11,0,9,36.1,5,1.07,1.07,1.07
14,13,2,9,6.6,5,1.07,1.07,1.07
7,22,4,9,5.5,4,1.07,1.07,1.07
11,24,6,9,2.8,1,1.07,1.07,1.07
12,11,2,10,9.7,1,1.07,1.07,1.07
0,14,5,10,31.7,5,1.07,1.07,1.07
17,14,5,10,13.5,4,1.07,1.07,1.07
7,16,0,10,19.0,3,1.07,1.07,1.07
10,21,5,10,0.0,4,1.07,1.07,1.07
15,26,3,10,10.1,2,1.07,1.07,1.07
4,7,1,11,10.9,2,1.07,1.07,1.07
5,22,2,11,-8.6,3,1.07,1.07,1.07
4,23,3,11,9.7,4,1.07,1.07,1.07
4,27,0,11,-1.6,3,1.07,1.07,1.07
2,28,1,11,27.7,1,1.07,1.07,1.07
6,23,5,12,29.7,1,1.07,1.07,1.07
21,25,0,12,-8.8,2,1.07,1.07,1.07
10,2,0,1,-8.6,2,1.07,1.07,1.07
16,5,3,1,38.4,1,1.08,1.07,1.0704166666666668
18,15,6,1,8.9,5,1.08,1.07,1.0708333333333335
23,15,6,1,17.4,2,1.08,1.07,1.07125
14,29,6,1,34.5,1,1.08,1.07,1.0716666666666668
12,7,1,2,34.2,2,1.08,1.07,1.0720833333333333
10,9,3,2,20.5,1,1.08,1.07,1.0725
3,18,5,2,-9.9,4,1.08,1.07,1.0729166666666667
19,25,5,2,-3.0,2,1.08,1.07,1.0733333333333335
12,26,6,2,39.6,3,1.08,1.07,1.07375
7,5,6,3,-4.4,3,1.08,1.07,1.0741666666666667
15,14,1,3,8.5,3,1.08,1.07,1.0745833333333332
8,4,1,4,29.7,3,1.08,1.07,1.075
22,6,3,4,16.3,4,1.08,1.07,1.0754166666666667
13,25,1,4,-1.4,2,1.08,1.07,1.0758333333333334
14,30,6,4,36.1,2,1.08,1.07,1.0762500000000002
23,1,0,5,-0.7,2,1.08,1.07,1.0766666666666669
3,10,2,5,22.4,4,1.08,1.07,1.0770833333333334
22,12,4,5,0.2,4,1.08,1.07,1.0775000000000001
14,13,5,5,8.8,1,1.08,1.07,1.0779166666666666
12,22,0,5,4.4,1,1.08,1.07,1.0783333333333334
22,26,4,5,6.5,1,1.08,1.07,1.07875
10,2,4,6,18.2,1,1.08,1.07,1.0791666666666668
10,6,1,6,29.8,3,1.08,1.07,1.0795833333333333
3,8,3,6,-8.3,2,1.08,1.08,1.08
8,9,4,6,17.5,3,1.08,1.08,1.08
13,15,3,6,7.9,1,1.08,1.08,1.08
21,18,6,6,20.3,4,1.08,1.08,1.08
9,8,5,7,38.1,3,1.08,1.08,1.08
2,25,1,7,-0.7,4,1.08,1.08,1.08
19,28,4,7,12.4,3,1.08,1.08,1.08
2,17,3,8,15.8,5,1.08,1.08,1.08
2,26,5,8,-2.3,3,1.08,1.08,1.08
14,1,4,9,8.8,3,1.08,1.08,1.08
7,7,3,9,-7.6,2,1.08,1.08,1.08
8,10,6,9,9.6,1,1.08,1.08,1.08
14,16,5,9,33.5,3,1.08,1.08,1.08
10,18,0,9,19.6,2,1.08,1.08,1.08
3,22,4,9,35.3,4,1.08,1.08,1.08
20,28,3,9,31.9,5,1.08,1.08,1.08
5,20,4,10,-4.4,3,1.08,1.08,1.08
2,2,3,11,37.2,1,1.08,1.08,1.08
12,13,0,11,19.0,4,1.08,1.08,1.08
19,30,3,11,8.4,2,1.08,1.08,1.08
4,13,2,12,12.9,4,1.08,1.08,1.08
5,13,2,12,3.8,5,1.08,1.08,1.08
7,15,4,12,39.3,2,1.08,1.08,1.08
22,28,3,12,-3.7,5,1.08,1.08,1.08
5,1,0,1,6.8,1,1.08,1.08,1.08
3,7,5,1,1.4,5,1.08,1.08,1.08
14,6,0,2,20.5,4,1.09,1.08,1.0804166666666666
14,21,1,2,18.2,2,1.09,1.08,1.0808333333333333
21,26,6,2,16.8,1,1.09,1.08,1.08125
22,6,0,3,29.3,5,1.09,1.08,1.0816666666666668
3,11,5,3,23.0,5,1.09,1.08,1.0820833333333335
22,25,5,3,33.0,1,1.09,1.08,1.0825000000000002
13,29,2,3,24.0,2,1.09,1.08,1.0829166666666667
17,29,2,3,37.4,5,1.09,1.08,1.0833333333333335
15,8,5,4,12.3,1,1.09,1.08,1.08375
17,8,5,4,4.2,3,1.09,1.08,1.0841666666666667
0,14,4,4,3.0,3,1.09,1.08,1.0845833333333335
9,21,4,4,9.3,2,1.09,1.08,1.0850000000000002
12,23,6,4,19.1,1,1.09,1.08,1.0854166666666667
19,25,1,4,39.1,2,1.09,1.08,1.0858333333333334
8,4,3,5,20.4,4,1.09,1.08,1.08625
6,12,4,5,-0.7,4,1.09,1.08,1.0866666666666667
3,15,0,5,1.9,2,1.09,1.08,1.0870833333333334
4,18,3,5,20.8,1,1.09,1.08,1.0875000000000001
21,3,5,6,-5.2,1,1.09,1.08,1.0879166666666666
18,9,4,6,33.8,5,1.09,1.08,1.0883333333333336
7,10,5,6,39.5,4,1.09,1.08,1.08875
16,17,5,6,21.9,4,1.09,1.08,1.0891666666666668
19,18,6,6,24.8,5,1.09,1.08,1.0895833333333333
19,19,0,6,32.9,4,1.09,1.09,1.09
17,20,1,6,32.9,3,1.09,1.09,1.09
12,6,3,7,36.3,5,1.09,1.09,1.09
20,15,5,7,12.4,3,1.09,1.09,1.09
1,5,5,8,15.4,1,1.09,1.09,1.09
7,7,0,8,14.7,4,1.09,1.09,1.09
6,9,2,8,11.8,5,1.09,1.09,1.09
6,21,0,8,4.5,3,1.09,1.09,1.09
5,1,4,9,31.9,5,1.09,1.09,1.09
20,21,3,9,30.5,4,1.09,1.09,1.09
19,26,1,9,8.8,2,1.09,1.09,1.09
13,28,3,9,22.2,4,1.09,1.09,1.09
10,30,5,9,-1.4,3,1.09,1.09,1.09
1,6,4,10,11.4,5,1.09,1.09,1.09
2,6,4,10,25.4,5,1.09,1.09,1.09
5,8,6,10,10.9,2,1.09,1.09,1.09
8,12,3,10,-7.4,4,1.09,1.09,1.09
10,12,3,10,33.0,3,1.09,1.09,1.09
9,19,3,10,-6.7,5,1.09,1.09,1.09
12,19,3,10,12.5,1,1.09,1.09,1.09
16,21,5,10,-6.3,4,1.09,1.09,1.09
13,4,5,11,12.8,3,1.09,1.09,1.09
5,18,5,11,39.6,4,1.09,1.09,1.09
0,25,5,11,15.3,5,1.09,1.09,1.09
7,25,5,11,33.8,1,1.09,1.09,1.09
1,26,6,11,21.0,5,1.09,1.09,1.09
15,28,1,11,-1.1,3,1.09,1.09,1.09
13,31,6,12,9.0,3,1.09,1.09,1.09
21,5,3,1,-0.5,3,1.09,1.09,1.09
0,7,5,1,33.8,4,1.1,1.09,1.0904166666666668
7,10,1,1,21.6,5,1.1,1.09,1.0908333333333335
1,19,3,1,11.1,1,1.1,1.09,1.09125
17,21,5,1,16.0,3,1.1,1.09,1.0916666666666668
12,1,2,2,13.3,1,1.1,1.09,1.0920833333333335
22,5,6,3,-9.4,1,1.1,1.09,1.0925
22,9,3,3,3.3,5,1.1,1.09,1.0929166666666668
11,16,3,3,30.6,3,1.1,1.09,1.0933333333333335
7,19,6,3,6.1,1,1.1,1.09,1.09375
17,1,5,4,39.8,5,1.1,1.09,1.0941666666666667
5,3,0,4,8.1,5,1.1,1.09,1.0945833333333332
17,4,1,4,24.2,5,1.1,1.09,1.095
10,13,3,4,19.9,1,1.1,1.09,1.0954166666666667
5,17,0,4,16.1,5,1.1,1.09,1.0958333333333334
0,19,2,4,0.8,3,1.1,1.09,1.0962500000000002
5,27,3,4,-5.4,4,1.1,1.09,1.096666666666667
20,3,2,5,29.9,1,1.1,1.09,1.0970833333333334
23,9,1,5,11.5,2,1.1,1.09,1.0975000000000001
3,20,5,5,25.2,1,1.1,1.09,1.0979166666666667
8,25,3,5,4.3,2,1.1,1.09,1.0983333333333334
15,26,4,5,4.1,5,1.1,1.09,1.0987500000000001
12,30,1,5,-6.9,1,1.1,1.09,1.0991666666666668
13,3,5,6,0.5,4,1.1,1.09,1.0995833333333334
22,7,2,6,3.4,2,1.1,1.1,1.1
22,19,0,6,38.7,2,1.1,1.1,1.1
17,21,2,6,8.9,3,1.1,1.1,1.1
10,22,3,6,2.7,3,1.1,1.1,1.1
8,7,4,7,-4.9,1,1.1,1.1,1.1
12,10,0,7,-5.3,3,1.1,1.1,1.1
12,13,3,7,-4.1,4,1.1,1.1,1.1
17,19,2,7,13.6,2,1.1,1.1,1.1
5,21,4,7,-0.8,5,1.1,1.1,1.1
15,22,5,7,16.9,1,1.1,1.1,1.1
21,24,0,7,30.3,1,1.1,1.1,1.1
2,25,1,7,16.3,2,1.1,1.1,1.1
14,28,4,7,21.9,2,1.1,1.1,1.1
13,1,1,8,38.9,5,1.1,1.1,1.1
11,6,6,8,23.1,2,1.1,1.1,1.1
20,8,1,8,-3.4,2,1.1,1.1,1.1
7,9,2,8,21.6,1,1.1,1.1,1.1
5,18,4,8,11.0,3,1.1,1.1,1.1
13,20,6,8,-4.1,5,1.1,1.1,1.1
5,21,0,8,20.3,3,1.1,1.1,1.1
11,30,2,8,38.9,5,1.1,1.1,1.1
12,30,2,8,-1.2,1,1.1,1.1,1.1
8,1,4,9,18.8,4,1.1,1.1,1.1
21,2,5,9,15.7,1,1.1,1.1,1.1
16,3,1,10,-5.9,4,1.1,1.1,1.1
13,15,6,10,7.6,4,1.1,1.1,1.1
19,23,0,10,0.8,3,1.1,1.1,1.1
11,26,3,10,-1.8,5,1.1,1.1,1.1
0,29,6,10,3.8,5,1.1,1.1,1.1
14,1,2,11,20.3,2,1.1,1.1,1.1
9,4,5,11,1.2,2,1.1,1.1,1.1
10,6,0,11,6.9,4,1.1,1.1,1.1
13,6,0,11,24.9,4,1.1,1.1,1.1
12,7,1,11,25.1,3,1.1,1.1,1.1
18,21,1,11,22.6,3,1.1,1.1,1.1
21,27,0,11,-4.8,5,1.1,1.1,1.1
9,5,1,12,1.0,5,1.1,1.1,1.1
19,10,6,12,6.3,4,1.1,1.1,1.1
20,15,4,12,-1.0,1,1.1,1.1,1.1
2,16,5,12,33.8,2,1.1,1.1,1.1
15,20,2,12,29.5,1,1.1,1.1,1.1
2,27,2,12,17.9,4,1.1,1.1,1.1
23,11,2,1,21.3,4,1.1,1.1,1.1
11,25,2,1,11.6,3,1.11,1.1,1.1004166666666668
12,25,2,1,-3.7,1,1.11,1.1,1.1008333333333333
14,4,5,2,11.1,4,1.11,1.1,1.10125
1,16,3,2,0.8,3,1.11,1.1,1.1016666666666668
12,16,3,2,28.7,5,1.11,1.1,1.1020833333333335
20,21,1,2,30.4,1,1.11,1.1,1.1025
1,23,3,2,36.2,2,1.11,1.1,1.1029166666666668
3,5,6,3,-6.9,1,1.11,1.1,1.1033333333333333
0,11,5,3,39.0,5,1.11,1.1,1.10375
4,25,5,3,31.2,5,1.11,1.1,1.1041666666666667
18,1,5,4,-5.9,1,1.11,1.1,1.1045833333333335
3,15,5,4,4.8,5,1.11,1.1,1.1050000000000002
6,19,2,4,33.7,2,1.11,1.1,1.1054166666666667
21,25,1,4,-7.3,2,1.11,1.1,1.1058333333333332
21,2,1,5,22.3,3,1.11,1.1,1.1062500000000002
21,20,5,5,30.3,1,1.11,1.1,1.1066666666666667
4,13,1,6,2.5,1,1.11,1.1,1.1070833333333334
16,16,4,6,20.6,2,1.11,1.1,1.1075000000000002
20,16,4,6,-1.7,1,1.11,1.1,1.1079166666666667
5,30,4,6,35.1,5,1.11,1.1,1.1083333333333336
4,3,0,7,38.1,4,1.11,1.1,1.1087500000000001
6,3,0,7,11.0,4,1.11,1.1,1.1091666666666666
8,26,2,7,-2.4,5,1.11,1.1,1.1095833333333334
10,27,3,7,34.6,1,1.11,1.11,1.11
19,29,5,7,11.5,4,1.11,1.11,1.11
4,31,0,7,29.6,5,1.11,1.11,1.11
14,2,2,8,14.5,4,1.11,1.11,1.11
19,4,4,8,39.7,3,1.11,1.11,1.11
12,6,6,8,-7.2,5,1.11,1.11,1.11
2,8,1,8,29.8,2,1.11,1.11,1.11
9,25,4,8,16.9,4,1.11,1.11,1.11
6,2,5,9,7.9,2,1.11,1.11,1.11
22,4,0,9,15.8,1,1.11,1.11,1.11
5,6,2,9,31.8,4,1.11,1.11,1.11
15,18,0,9,23.1,4,1.11,1.11,1.11
18,20,2,9,5.3,4,1.11,1.11,1.11
5,26,1,9,24.8,3,1.11,1.11,1.11
2,27,2,9,1.5,3,1.11,1.11,1.11
10,5,3,10,19.4,3,1.11,1.11,1.11
14,15,6,10,3.9,5,1.11,1.11,1.11
4,16,0,10,31.8,1,1.11,1.11,1.11
9,21,5,10,6.4,4,1.11,1.11,1.11
17,6,0,11,34.1,2,1.11,1.11,1.11
19,14,1,11,21.9,4,1.11,1.11,1.11
23,23,3,11,4.5,5,1.11,1.11,1.11
4,25,5,11,-8.3,3,1.11,1.11,1.11
23,6,2,12,17.8,5,1.11,1.11,1.11
10,10,6,12,32.9,5,1.11,1.11,1.11
1,12,1,12,-2.5,3,1.11,1.11,1.11
13,29,4,12,-10.0,4,1.11,1.11,1.11
17,8,6,1,3.7,5,1.11,1.11,1.11
1,20,4,1,36.2,4,1.12,1.11,1.1104166666666668
3,20,4,1,14.0,1,1.12,1.11,1.1108333333333336
6,22,6,1,-7.4,2,1.12,1.11,1.1112500000000003
9,9,3,2,9.5,5,1.12,1.11,1.1116666666666666
4,19,6,2,30.4,3,1.12,1.11,1.1120833333333333
9,9,3,3,29.1,3,1.12,1.11,1.1125
0,16,3,3,24.6,1,1.12,1.11,1.1129166666666668
19,30,3,3,-6.8,4,1.12,1.11,1.1133333333333335
16,5,2,4,15.9,2,1.12,1.11,1.11375
10,11,1,4,39.6,5,1.12,1.11,1.1141666666666667
5,12,2,4,11.5,3,1.12,1.11,1.1145833333333335
13,16,6,4,36.2,2,1.12,1.11,1.115
13,19,2,4,14.0,2,1.12,1.11,1.1154166666666667
10,11,3,5,-2.7,3,1.12,1.11,1.1158333333333335
21,23,1,5,-1.4,4,1.12,1.11,1.1162500000000002
3,27,5,5,22.0,2,1.12,1.11,1.1166666666666667
16,15,3,6,37.4,5,1.12,1.11,1.1170833333333334
7,28,2,6,30.9,3,1.12,1.11,1.1175000000000002
16,28,2,6,26.4,5,1.12,1.11,1.117916666666667
7,29,3,6,22.5,3,1.12,1.11,1.1183333333333334
4,30,4,6,19.2,3,1.12,1.11,1.1187500000000001
17,30,4,6,-7.7,3,1.12,1.11,1.1191666666666669
1,7,4,7,17.1,1,1.12,1.11,1.1195833333333336
20,13,3,7,18.0,2,1.12,1.12,1.12
22,19,2,7,15.0,5,1.12,1.12,1.12
12,28,4,7,3.2,4,1.12,1.12,1.12
14,2,2,8,23.3,1,1.12,1.12,1.12
19,8,1,8,26.2,3,1.12,1.12,1.12
22,13,6,8,3.6,1,1.12,1.12,1.12
10,17,3,8,16.8,1,1.12,1.12,1.12
12,22,1,8,31.3,4,1.12,1.12,1.12
8,23,2,8,13.8,1,1.12,1.12,1.12
15,27,6,8,-2.7,2,1.12,1.12,1.12
21,29,1,8,-3.7,4,1.12,1.12,1.12
20,30,2,8,-9.5,3,1.12,1.12,1.12
13,5,1,9,23.4,3,1.12,1.12,1.12
10,14,3,9,31.0,5,1.12,1.12,1.12
11,19,1,9,-3.0,4,1.12,1.12,1.12
0,20,2,9,8.5,2,1.12,1.12,1.12
22,21,3,9,16.9,1,1.12,1.12,1.12
14,7,5,10,15.2,3,1.12,1.12,1.12
15,8,6,10,7.6,1,1.12,1.12,1.12
11,15,6,10,12.1,1,1.12,1.12,1.12
15,24,1,10,-6.7,1,1.12,1.12,1.12
14,25,2,10,-3.5,5,1.12,1.12,1.12
9,6,0,11,-2.3,3,1.12,1.12,1.12
11,13,0,11,-4.5,2,1.12,1.12,1.12
11,19,6,11,24.4,2,1.12,1.12,1.12
2,20,0,11,22.0,4,1.12,1.12,1.12
12,3,6,12,37.9,5,1.12,1.12,1.12
14,9,5,12,10.2,4,1.12,1.12,1.12
21,9,5,12,27.0,2,1.12,1.12,1.12
1,18,0,12,27.0,3,1.12,1.12,1.12
0,5,3,1,-6.5,1,1.12,1.12,1.12
14,5,3,1,-5.5,1,1.13,1.12,1.1204166666666666
2,6,4,1,7.3,2,1.13,1.12,1.1208333333333333
4,8,6,1,9.7,3,1.13,1.12,1.12125
12,8,6,1,-0.8,5,1.13,1.12,1.1216666666666668
12,8,6,1,32.0,1,1.13,1.12,1.1220833333333333
18,10,1,1,21.8,3,1.13,1.12,1.1225
4,16,0,1,15.5,1,1.13,1.12,1.1229166666666668
5,25,2,1,29.2,1,1.13,1.12,1.1233333333333333
19,29,6,1,-8.5,1,1.13,1.12,1.12375
19,5,6,2,18.6,5,1.13,1.12,1.1241666666666668
1,14,1,2,12.5,2,1.13,1.12,1.1245833333333335
6,19,6,2,23.8,5,1.13,1.12,1.125
12,23,3,2,-7.1,5,1.13,1.12,1.1254166666666665
21,23,3,2,-7.5,2,1.13,1.12,1.1258333333333332
3,27,0,2,8.6,3,1.13,1.12,1.12625
7,8,2,3,32.7,2,1.13,1.12,1.1266666666666667
11,20,0,3,22.3,3,1.13,1.12,1.1270833333333332
13,21,1,3,39.4,1,1.13,1.12,1.1275
8,10,0,4,38.9,2,1.13,1.12,1.1279166666666667
13,12,2,4,33.9,1,1.13,1.12,1.1283333333333332
2,18,1,4,12.2,4,1.13,1.12,1.12875
14,19,2,4,36.4,3,1.13,1.12,1.1291666666666667
10,30,6,4,29.9,1,1.13,1.12,1.1295833333333334
11,4,3,5,30.5,3,1.13,1.13,1.13
0,7,6,5,8.9,2,1.13,1.13,1.13
7,11,3,5,8.8,2,1.13,1.13,1.13
10,15,0,5,35.5,2,1.13,1.13,1.13
6,27,5,5,12.0,4,1.13,1.13,1.13
9,15,3,6,32.5,3,1.13,1.13,1.13
16,24,5,6,3.7,3,1.13,1.13,1.13
7,12,2,7,9.2,4,1.13,1.13,1.13
12,19,2,7,39.3,4,1.13,1.13,1.13
9,21,4,7,-3.3,5,1.13,1.13,1.13
10,28,4,7,28.0,5,1.13,1.13,1.13
6,3,3,8,-4.4,1,1.13,1.13,1.13
15,3,3,8,25.4,5,1.13,1.13,1.13
22,11,4,8,-5.2,3,1.13,1.13,1.13
1,6,4,10,13.9,1,1.13,1.13,1.13
19,7,5,10,-8.5,2,1.13,1.13,1.13
2,22,6,10,29.0,3,1.13,1.13,1.13
19,15,2,11,-0.1,2,1.13,1.13,1.13
17,17,4,11,9.8,3,1.13,1.13,1.13
17,21,1,11,29.8,2,1.13,1.13,1.13
17,23,3,11,-9.5,3,1.13,1.13,1.13
1,27,0,11,18.8,3,1.13,1.13,1.13
1,10,6,12,17.6,3,1.13,1.13,1.13
16,14,3,12,1.4,5,1.13,1.13,1.13
9,22,4,12,-7.1,4,1.13,1.13,1.13
12,27,2,12,3.4,1,1.13,1.13,1.13
11,3,1,1,-6.2,5,1.13,1.13,1.13
10,14,5,1,14.5,5,1.14,1.13,1.1304166666666664
6,27,4,1,1.8,2,1.14,1.13,1.1308333333333331
8,10,4,2,38.7,5,1.14,1.13,1.1312499999999999
1,4,5,3,24.2,2,1.14,1.13,1.1316666666666666
7,26,6,3,-2.3,4,1.14,1.13,1.132083333333333
18,26,6,3,11.5,5,1.14,1.13,1.1324999999999998
3,28,1,3,23.4,5,1.14,1.13,1.1329166666666666
17,1,5,4,-4.8,2,1.14,1.13,1.1333333333333333
17,25,1,4,20.6,4,1.14,1.13,1.1337499999999998
3,12,4,5,19.5,2,1.14,1.13,1.1341666666666665
13,21,6,5,10.9,2,1.14,1.13,1.1345833333333333
8,22,0,5,-7.6,3,1.14,1.13,1.135
11,3,5,6,-6.6,3,1.14,1.13,1.1354166666666665
23,11,6,6,15.8,5,1.14,1.13,1.1358333333333333
7,13,1,6,15.7,2,1.14,1.13,1.13625
4,4,1,7,-1.7,1,1.14,1.13,1.1366666666666665
11,13,3,7,14.3,4,1.14,1.13,1.1370833333333332
6,19,2,7,-4.8,5,1.14,1.13,1.1375
22,8,1,8,3.9,1,1.14,1.13,1.1379166666666667
11,14,0,8,15.0,4,1.14,1.13,1.1383333333333334
4,15,1,8,1.6,1,1.14,1.13,1.1387499999999997
11,11,0,9,-3.9,3,1.14,1.13,1.1391666666666664
10,20,2,9,39.8,2,1.14,1.13,1.1395833333333332
14,23,5,9,12.1,4,1.14,1.14,1.14
1,4,2,10,16.0,3,1.14,1.14,1.14
16,9,0,10,22.6,2,1.14,1.14,1.14
3,23,0,10,32.5,1,1.14,1.14,1.14
0,29,6,10,5.9,1,1.14,1.14,1.14
0,2,3,11,28.8,1,1.14,1.14,1.14
11,4,5,11,19.5,3,1.14,1.14,1.14
7,5,6,11,14.2,5,1.14,1.14,1.14
22,5,6,11,21.7,4,1.14,1.14,1.14
17,7,1,11,-6.7,2,1.14,1.14,1.14
17,7,1,11,-0.3,1,1.14,1.14,1.14
11,13,0,11,27.0,5,1.14,1.14,1.14
6,27,0,11,37.6,2,1.14,1.14,1.14
13,2,5,12,21.6,4,1.14,1.14,1.14
12,31,6,12,16.0,1,1.14,1.14,1.14
0,7,5,1,-2.0,5,1.14,1.14,1.14
13,14,5,1,20.8,3,1.15,1.14,1.1404166666666666
5,16,0,1,37.1,1,1.15,1.14,1.1408333333333334
8,17,1,1,29.4,3,1.15,1.14,1.1412499999999999
0,26,3,1,-2.6,2,1.15,1.14,1.1416666666666666
17,1,2,2,7.3,1,1.15,1.14,1.1420833333333331
16,9,3,2,34.3,5,1.15,1.14,1.1424999999999998
17,11,5,2,12.6,5,1.15,1.14,1.1429166666666666
2,19,6,2,14.5,5,1.15,1.14,1.1433333333333333
12,19,6,2,-3.8,5,1.15,1.14,1.1437499999999998
5,28,1,2,9.5,4,1.15,1.14,1.1441666666666666
20,2,3,3,33.2,3,1.15,1.14,1.1445833333333333
20,12,6,3,34.3,4,1.15,1.14,1.145
5,19,6,3,12.8,4,1.15,1.14,1.1454166666666665
12,20,0,3,26.9,4,1.15,1.14,1.1458333333333333
13,31,4,3,30.2,4,1.15,1.14,1.14625
15,2,6,4,-6.2,5,1.15,1.14,1.1466666666666665
22,4,1,4,26.7,2,1.15,1.14,1.1470833333333332
10,18,1,4,28.8,2,1.15,1.14,1.1475
2,25,1,4,14.0,5,1.15,1.14,1.1479166666666665
17,25,1,4,-4.6,4,1.15,1.14,1.1483333333333332
8,26,2,4,21.2,5,1.15,1.14,1.14875
18,29,5,4,-5.5,4,1.15,1.14,1.1491666666666667
0,3,2,5,18.0,4,1.15,1.14,1.1495833333333334
4,9,1,5,-9.9,5,1.15,1.15,1.15
15,29,0,5,35.8,1,1.15,1.15,1.15
1,4,6,6,12.5,2,1.15,1.15,1.15
16,8,3,6,37.6,2,1.15,1.15,1.15
21,20,1,6,6.0,2,1.15,1.15,1.15
10,24,5,6,-1.2,2,1.15,1.15,1.15
2,2,6,7,5.8,1,1.15,1.15,1.15
4,6,3,7,7.4,5,1.15,1.15,1.15
0,9,6,7,14.5,4,1.15,1.15,1.15
3,9,6,7,39.8,1,1.15,1.15,1.15
23,23,6,7,32.4,2,1.15,1.15,1.15
17,9,2,8,5.7,3,1.15,1.15,1.15
9,10,3,8,9.7,5,1.15,1.15,1.15
23,16,2,8,-1.2,3,1.15,1.15,1.15
19,24,3,8,32.9,5,1.15,1.15,1.15
22,31,3,8,8.3,2,1.15,1.15,1.15
11,19,1,9,15.3,4,1.15,1.15,1.15
21,25,0,9,-5.5,4,1.15,1.15,1.15
23,26,1,9,1.5,2,1.15,1.15,1.15
8,22,6,10,4.2,5,1.15,1.15,1.15
17,28,5,10,19.6,5,1.15,1.15,1.15
11,30,0,10,33.9,2,1.15,1.15,1.15
11,1,2,11,25.0,2,1.15,1.15,1.15
13,4,5,11,8.0,5,1.15,1.15,1.15
5,12,6,11,36.5,3,1.15,1.15,1.15
5,13,0,11,-9.2,3,1.15,1.15,1.15
2,21,1,11,13.5,2,1.15,1.15,1.15
10,22,2,11,34.6,4,1.15,1.15,1.15
23,11,0,12,31.8,3,1.15,1.15,1.15
15,13,2,12,-1.8,5,1.15,1.15,1.15
17,17,6,12,21.2,5,1.15,1.15,1.15
19,25,0,12,-9.6,5,1.15,1.15,1.15
14,17,1,1,4.8,5,1.15,1.15,1.15
14,29,6,1,-8.3,5,1.16,1.15,1.1504166666666666
22,11,5,2,18.1,1,1.16,1.15,1.1508333333333332
3,15,2,2,26.7,5,1.16,1.15,1.1512499999999999
6,19,6,2,13.6,4,1.16,1.15,1.1516666666666666
3,28,1,2,5.4,3,1.16,1.15,1.1520833333333333
23,7,1,3,-2.9,1,1.16,1.15,1.1525
23,10,4,3,7.6,1,1.16,1.15,1.1529166666666666
21,13,0,3,8.7,4,1.16,1.15,1.1533333333333333
2,19,6,3,3.6,5,1.16,1.15,1.1537499999999998
17,21,1,3,6.0,1,1.16,1.15,1.1541666666666666
9,29,2,3,24.9,3,1.16,1.15,1.1545833333333333
2,4,1,4,34.1,1,1.16,1.15,1.1549999999999998
17,17,0,4,24.7,5,1.16,1.15,1.1554166666666665
1,23,6,4,-8.2,5,1.16,1.15,1.1558333333333333
18,6,5,5,19.8,5,1.16,1.15,1.1562499999999998
20,7,6,5,29.6,1,1.16,1.15,1.1566666666666665
21,12,4,5,21.0,5,1.16,1.15,1.1570833333333332
2,16,1,5,26.8,3,1.16,1.15,1.1575
12,19,4,5,-9.2,5,1.16,1.15,1.1579166666666667
0,20,5,5,37.6,3,1.16,1.15,1.1583333333333332
7,21,6,5,20.7,2,1.16,1.15,1.15875
9,24,2,5,38.7,4,1.16,1.15,1.1591666666666667
23,29,0,5,1.2,4,1.16,1.15,1.1595833333333332
1,31,2,5,22.3,3,1.16,1.16,1.16
7,31,2,5,27.2,1,1.16,1.16,1.16
12,16,4,6,24.8,1,1.16,1.16,1.16
22,20,1,6,15.4,4,1.16,1.16,1.16
11,22,3,6,-3.3,1,1.16,1.16,1.16
9,24,5,6,2.8,2,1.16,1.16,1.16
7,2,6,7,-2.9,4,1.16,1.16,1.16
18,6,3,7,-7.8,1,1.16,1.16,1.16
16,8,5,7,-4.0,1,1.16,1.16,1.16
2,13,3,7,30.9,1,1.16,1.16,1.16
18,15,5,7,-0.6,1,1.16,1.16,1.16
13,18,1,7,9.9,2,1.16,1.16,1.16
7,31,0,7,8.1,5,1.16,1.16,1.16
14,19,5,8,-1.2,5,1.16,1.16,1.16
10,15,4,9,22.3,2,1.16,1.16,1.16
7,17,6,9,29.4,2,1.16,1.16,1.16
3,23,5,9,35.6,5,1.16,1.16,1.16
6,28,3,9,34.7,1,1.16,1.16,1.16
2,5,3,10,32.6,5,1.16,1.16,1.16
1,12,3,10,27.9,5,1.16,1.16,1.16
10,13,4,10,36.2,3,1.16,1.16,1.16
3,18,2,10,38.6,3,1.16,1.16,1.16
13,26,3,10,11.6,2,1.16,1.16,1.16
10,17,4,11,2.6,1,1.16,1.16,1.16
14,25,5,11,23.7,4,1.16,1.16,1.16
7,27,0,11,-5.9,2,1.16,1.16,1.16
23,27,0,11,15.6,5,1.16,1.16,1.16
0,11,0,12,22.5,1,1.16,1.16,1.16
7,11,0,12,28.2,1,1.16,1.16,1.16
10,18,0,12,2.2,2,1.16,1.16,1.16
0,20,2,12,-8.0,2,1.16,1.16,1.16
1,20,2,12,22.1,3,1.16,1.16,1.16
1,10,1,1,-5.1,4,1.16,1.16,1.16
0,20,4,1,1.9,4,1.17,1.16,1.1604166666666667
0,31,1,1,13.1,2,1.17,1.16,1.1608333333333334
10,2,3,2,25.1,4,1.17,1.16,1.16125
10,8,2,2,18.5,2,1.17,1.16,1.1616666666666666
13,9,3,2,32.8,5,1.17,1.16,1.1620833333333331
10,13,0,2,9.6,5,1.17,1.16,1.1624999999999999
8,16,3,2,-2.1,1,1.17,1.16,1.1629166666666666
21,17,4,2,7.2,5,1.17,1.16,1.1633333333333333
20,8,2,3,30.1,3,1.17,1.16,1.1637499999999998
22,8,2,3,24.7,3,1.17,1.16,1.1641666666666668
20,9,3,3,38.5,1,1.17,1.16,1.1645833333333333
20,17,4,3,-2.0,1,1.17,1.16,1.165
16,31,4,3,13.5,4,1.17,1.16,1.1654166666666665
9,4,1,4,-0.1,2,1.17,1.16,1.1658333333333333
0,8,5,4,19.5,5,1.17,1.16,1.16625
15,10,0,4,2.2,5,1.17,1.16,1.1666666666666667
7,23,6,4,38.4,2,1.17,1.16,1.1670833333333333
8,23,6,4,22.4,2,1.17,1.16,1.1675
17,24,0,4,9.9,5,1.17,1.16,1.1679166666666665
16,25,1,4,1.9,1,1.17,1.16,1.1683333333333332
1,30,6,4,32.0,5,1.17,1.16,1.16875
17,18,3,5,17.1,2,1.17,1.16,1.1691666666666667
15,26,4,5,27.6,5,1.17,1.16,1.1695833333333332
12,28,6,5,-6.2,4,1.17,1.17,1.17
14,8,3,6,12.5,2,1.17,1.17,1.17
6,10,5,6,-5.1,4,1.17,1.17,1.17
3,15,3,6,-7.0,4,1.17,1.17,1.17
11,17,5,6,-9.6,2,1.17,1.17,1.17
18,17,5,6,9.5,3,1.17,1.17,1.17
0,20,1,6,38.2,1,1.17,1.17,1.17
22,26,0,6,7.6,5,1.17,1.17,1.17
17,29,3,6,6.4,4,1.17,1.17,1.17
3,21,4,7,-5.8,3,1.17,1.17,1.17
5,1,1,8,38.3,4,1.17,1.17,1.17
4,9,2,8,6.5,3,1.17,1.17,1.17
11,17,3,8,3.0,3,1.17,1.17,1.17
8,24,3,8,39.1,4,1.17,1.17,1.17
22,26,5,8,28.7,2,1.17,1.17,1.17
3,28,0,8,12.7,3,1.17,1.17,1.17
19,10,6,9,17.4,2,1.17,1.17,1.17
19,10,6,9,10.5,5,1.17,1.17,1.17
11,14,3,9,31.5,2,1.17,1.17,1.17
11,16,5,9,5.4,5,1.17,1.17,1.17
3,18,0,9,36.3,2,1.17,1.17,1.17
3,26,1,9,27.8,2,1.17,1.17,1.17
11,30,5,9,35.8,4,1.17,1.17,1.17
5,6,4,10,38.7,3,1.17,1.17,1.17
13,7,5,10,10.7,1,1.17,1.17,1.17
0,12,3,10,8.8,5,1.17,1.17,1.17
16,14,5,10,38.8,2,1.17,1.17,1.17
8,17,1,10,-1.2,2,1.17,1.17,1.17
22,21,5,10,30.0,2,1.17,1.17,1.17
7,6,0,11,18.1,5,1.17,1.17,1.17
5,20,0,11,25.7,1,1.17,1.17,1.17
20,26,6,11,-7.7,2,1.17,1.17,1.17
7,2,5,12,-3.4,1,1.17,1.17,1.17
0,19,1,12,1.0,5,1.17,1.17,1.17
16,2,0,1,-4.7,5,1.17,1.17,1.17
4,11,2,1,-4.5,5,1.18,1.17,1.1704166666666667
7,18,2,1,12.0,1,1.18,1.17,1.1708333333333332
10,18,2,1,-1.5,3,1.18,1.17,1.17125
0,2,3,2,34.6,3,1.18,1.17,1.1716666666666666
12,12,6,2,16.9,1,1.18,1.17,1.1720833333333334
10,26,6,2,-0.3,1,1.18,1.17,1.1724999999999999
21,28,1,2,14.3,3,1.18,1.17,1.1729166666666666
1,1,2,3,4.8,1,1.18,1.17,1.1733333333333331
12,6,0,3,6.1,4,1.18,1.17,1.1737499999999998
23,12,6,3,33.2,2,1.18,1.17,1.1741666666666666
4,20,0,3,19.7,1,1.18,1.17,1.1745833333333333
18,8,5,4,8.9,3,1.18,1.17,1.1749999999999998
15,13,3,4,30.4,4,1.18,1.17,1.1754166666666666
11,16,6,4,12.1,4,1.18,1.17,1.175833333333333
4,21,4,4,-1.0,1,1.18,1.17,1.1762499999999998
22,21,4,4,-2.7,1,1.18,1.17,1.1766666666666665
13,26,2,4,3.9,4,1.18,1.17,1.1770833333333333
2,4,3,5,11.3,1,1.18,1.17,1.1775
9,15,0,5,17.6,2,1.18,1.17,1.1779166666666667
18,15,0,5,23.2,4,1.18,1.17,1.1783333333333332
14,16,1,5,22.3,1,1.18,1.17,1.17875
16,17,2,5,16.9,3,1.18,1.17,1.1791666666666665
12,18,3,5,7.6,2,1.18,1.17,1.1795833333333332
21,16,4,6,-1.0,1,1.18,1.18,1.18
11,19,0,6,8.0,1,1.18,1.18,1.18
6,21,2,6,-6.2,1,1.18,1.18,1.18
12,26,0,6,39.1,3,1.18,1.18,1.18
0,10,0,7,6.9,2,1.18,1.18,1.18
22,10,0,7,28.0,1,1.18,1.18,1.18
4,15,5,7,31.9,1,1.18,1.18,1.18
10,17,0,7,26.6,2,1.18,1.18,1.18
21,18,1,7,1.0,2,1.18,1.18,1.18
23,21,4,7,-7.1,1,1.18,1.18,1.18
16,27,3,7,-4.5,4,1.18,1.18,1.18
17,27,3,7,8.8,5,1.18,1.18,1.18
22,3,3,8,0.2,3,1.18,1.18,1.18
13,7,0,8,31.5,2,1.18,1.18,1.18
1,14,0,8,14.1,4,1.18,1.18,1.18
9,14,0,8,16.2,1,1.18,1.18,1.18
18,16,2,8,33.7,1,1.18,1.18,1.18
23,26,5,8,-1.1,5,1.18,1.18,1.18
8,10,6,9,-5.6,5,1.18,1.18,1.18
17,17,6,9,12.0,1,1.18,1.18,1.18
20,2,0,10,22.4,3,1.18,1.18,1.18
22,17,1,10,17.2,3,1.18,1.18,1.18
0,27,4,10,1.9,3,1.18,1.18,1.18
21,1,2,11,39.1,2,1.18,1.18,1.18
5,6,0,11,5.1,4,1.18,1.18,1.18
21,17,4,11,-3.6,2,1.18,1.18,1.18
13,20,0,11,3.2,5,1.18,1.18,1.18
5,24,4,11,9.6,1,1.18,1.18,1.18
13,30,3,11,-5.7,3,1.18,1.18,1.18
10,20,2,12,6.3,4,1.18,1.18,1.18
15,23,5,12,37.7,5,1.18,1.18,1.18
6,29,4,12,13.6,4,1.18,1.18,1.18
13,3,1,1,8.9,1,1.18,1.18,1.18
2,5,3,1,11.6,5,1.19,1.18,1.1804166666666667
1,13,4,1,20.8,2,1.19,1.18,1.1808333333333332
16,22,6,1,33.8,3,1.19,1.18,1.18125
1,30,0,1,23.1,2,1.19,1.18,1.1816666666666666
23,5,6,2,1.4,1,1.19,1.18,1.1820833333333332
12,10,4,3,2.2,5,1.19,1.18,1.1824999999999999
16,11,5,3,21.8,1,1.19,1.18,1.1829166666666666
16,23,3,3,-5.9,4,1.19,1.18,1.1833333333333333
10,25,5,3,0.7,4,1.19,1.18,1.18375
10,3,0,4,0.4,4,1.19,1.18,1.1841666666666666
12,20,3,4,10.2,5,1.19,1.18,1.1845833333333333
23,23,6,4,38.7,1,1.19,1.18,1.185
13,26,2,4,13.0,1,1.19,1.18,1.1854166666666666
17,28,4,4,19.9,3,1.19,1.18,1.1858333333333333
3,4,3,5,9.5,5,1.19,1.18,1.18625
6,6,5,5,30.9,4,1.19,1.18,1.1866666666666665
19,22,0,5,3.1,1,1.19,1.18,1.1870833333333333
19,23,1,5,3.8,4,1.19,1.18,1.1874999999999998
16,8,3,6,-4.4,2,1.19,1.18,1.1879166666666665
19,4,4,8,22.2,5,1.19,1.18,1.1883333333333332
4,5,5,8,13.1,2,1.19,1.18,1.18875
7,9,2,8,-7.5,5,1.19,1.18,1.1891666666666667
5,17,3,8,33.8,1,1.19,1.18,1.1895833333333332
8,18,4,8,6.1,1,1.19,1.19,1.19
20,18,4,8,3.7,2,1.19,1.19,1.19
23,20,6,8,30.7,2,1.19,1.19,1.19
19,22,1,8,-3.9,2,1.19,1.19,1.19
6,1,4,9,-0.7,5,1.19,1.19,1.19
3,6,2,9,22.3,3,1.19,1.19,1.19
22,13,2,9,2.8,4,1.19,1.19,1.19
4,17,6,9,2.4,2,1.19,1.19,1.19
8,21,3,9,20.9,3,1.19,1.19,1.19
13,21,3,9,35.6,3,1.19,1.19,1.19
1,23,5,9,6.8,3,1.19,1.19,1.19
10,23,5,9,-6.6,2,1.19,1.19,1.19
3,25,0,9,32.2,3,1.19,1.19,1.19
13,2,0,10,8.2,4,1.19,1.19,1.19
15,8,6,10,35.9,5,1.19,1.19,1.19
7,9,0,10,14.7,5,1.19,1.19,1.19
2,14,5,10,30.0,3,1.19,1.19,1.19
20,16,0,10,31.9,3,1.19,1.19,1.19
19,17,1,10,11.3,4,1.19,1.19,1.19
9,31,1,10,5.6,1,1.19,1.19,1.19
20,4,5,11,17.9,2,1.19,1.19,1.19
1,10,4,11,7.2,2,1.19,1.19,1.19
6,16,3,11,-9.9,3,1.19,1.19,1.19
10,16,3,11,-8.4,2,1.19,1.19,1.19
1,24,4,11,27.5,3,1.19,1.19,1.19
13,26,6,11,35.2,4,1.19,1.19,1.19
19,19,1,12,17.0,4,1.19,1.19,1.19
1,25,0,12,4.4,2,1.19,1.19,1.19
0,1,0,1,11.9,1,1.19,1.19,1.19
13,17,1,1,34.8,3,1.19,1.19,1.19
13,27,4,1,-5.4,1,1.2,1.19,1.1904166666666665
14,1,2,2,23.9,5,1.2,1.19,1.1908333333333334
18,7,1,2,28.6,1,1.2,1.19,1.19125
0,8,2,2,31.9,4,1.2,1.19,1.1916666666666667
19,15,2,2,37.3,1,1.2,1.19,1.1920833333333334
13,20,0,2,6.9,1,1.2,1.19,1.1925
15,22,2,2,16.6,3,1.2,1.19,1.1929166666666664
19,3,4,3,17.7,3,1.2,1.19,1.1933333333333334
22,5,6,3,1.4,5,1.2,1.19,1.1937499999999999
21,7,1,3,30.9,5,1.2,1.19,1.1941666666666666
17,8,2,3,25.7,2,1.2,1.19,1.1945833333333333
6,11,5,3,3.9,5,1.2,1.19,1.1949999999999998
23,14,1,3,23.3,1,1.2,1.19,1.1954166666666668
3,17,4,3,1.0,1,1.2,1.19,1.1958333333333333
20,24,4,3,33.0,4,1.2,1.19,1.1962499999999998
2,30,3,3,-9.6,3,1.2,1.19,1.1966666666666665
19,8,5,4,16.2,4,1.2,1.19,1.1970833333333333
17,10,0,4,7.4,5,1.2,1.19,1.1975
23,20,3,4,20.0,2,1.2,1.19,1.1979166666666667
13,23,6,4,23.7,3,1.2,1.19,1.1983333333333333
7,4,3,5,-5.7,1,1.2,1.19,1.19875
4,18,3,5,29.2,5,1.2,1.19,1.1991666666666665
6,19,4,5,36.1,2,1.2,1.19,1.1995833333333332
4,26,4,5,7.3,2,1.2,1.2,1.2
8,28,6,5,32.8,4,1.2,1.2,1.2
12,31,2,5,26.2,2,1.2,1.2,1.2
6,10,5,6,31.6,5,1.2,1.2,1.2
2,15,3,6,25.5,4,1.2,1.2,1.2
3,16,4,6,-2.0,5,1.2,1.2,1.2
6,17,5,6,0.8,5,1.2,1.2,1.2
0,20,1,6,18.9,2,1.2,1.2,1.2
11,23,4,6,29.9,5,1.2,1.2,1.2
2,28,2,6,6.0,4,1.2,1.2,1.2
15,29,3,6,14.9,4,1.2,1.2,1.2
15,4,1,7,-0.1,1,1.2,1.2,1.2
1,10,0,7,17.7,2,1.2,1.2,1.2
16,12,2,7,13.1,4,1.2,1.2,1.2
16,31,0,7,31.5,5,1.2,1.2,1.2
16,1,1,8,14.9,3,1.2,1.2,1.2
5,3,3,8,22.8,5,1.2,1.2,1.2
21,3,3,8,-1.0,2,1.2,1.2,1.2
14,12,5,8,0.8,1,1.2,1.2,1.2
7,28,0,8,9.6,2,1.2,1.2,1.2
8,6,2,9,-4.8,5,1.2,1.2,1.2
7,20,2,9,0.7,2,1.2,1.2,1.2
0,1,6,10,33.9,3,1.2,1.2,1.2
19,17,1,10,34.7,1,1.2,1.2,1.2
2,19,3,10,21.4,2,1.2,1.2,1.2
19,19,3,10,31.4,4,1.2,1.2,1.2
9,13,0,11,5.3,1,1.2,1.2,1.2
19,15,2,11,-1.5,1,1.2,1.2,1.2
20,18,5,11,-5.5,3,1.2,1.2,1.2
2,23,3,11,27.0,1,1.2,1.2,1.2
12,20,2,12,34.9,5,1.2,1.2,1.2
7,1,0,1,20.3,4,1.2,1.2,1.2
19,4,2,1,24.8,3,1.2,1.2,1.2
14,13,4,1,19.4,5,1.21,1.2,1.2004166666666667
15,17,1,1,30.4,5,1.21,1.2,1.2008333333333332
14,20,4,1,14.5,1,1.21,1.2,1.20125
3,22,6,1,24.1,4,1.21,1.2,1.2016666666666667
20,26,3,1,36.4,2,1.21,1.2,1.2020833333333332
22,1,2,2,22.3,1,1.21,1.2,1.2025
7,7,1,2,13.1,3,1.21,1.2,1.2029166666666666
21,8,2,2,34.0,5,1.21,1.2,1.2033333333333334
3,11,5,2,8.1,1,1.21,1.2,1.2037499999999999
11,24,4,2,9.0,1,1.21,1.2,1.2041666666666666
15,24,4,2,17.4,5,1.21,1.2,1.2045833333333333
19,3,4,3,27.9,1,1.21,1.2,1.205
10,13,0,3,37.5,4,1.21,1.2,1.2054166666666666
3,18,5,3,26.9,3,1.21,1.2,1.2058333333333333
12,9,6,4,25.0,4,1.21,1.2,1.20625
18,12,2,4,5.7,5,1.21,1.2,1.2066666666666668
21,19,2,4,32.8,5,1.21,1.2,1.2070833333333333
19,23,6,4,8.2,1,1.21,1.2,1.2074999999999998
22,27,3,4,27.3,5,1.21,1.2,1.2079166666666665
15,29,5,4,18.4,5,1.21,1.2,1.2083333333333333
18,4,3,5,8.0,5,1.21,1.2,1.20875
3,16,1,5,18.5,5,1.21,1.2,1.2091666666666667
17,21,6,5,33.1,2,1.21,1.2,1.2095833333333335
18,23,1,5,34.8,4,1.21,1.21,1.21
0,27,5,5,-3.0,5,1.21,1.21,1.21
12,29,0,5,30.2,4,1.21,1.21,1.21
0,5,0,6,-3.6,3,1.21,1.21,1.21
11,5,0,6,38.7,2,1.21,1.21,1.21
16,16,4,6,-6.9,4,1.21,1.21,1.21
21,16,4,6,37.3,2,1.21,1.21,1.21
11,19,0,6,29.4,5,1.21,1.21,1.21
2,22,3,6,23.7,4,1.21,1.21,1.21
20,27,1,6,31.6,4,1.21,1.21,1.21
5,14,4,7,30.5,1,1.21,1.21,1.21
16,17,0,7,-3.7,5,1.21,1.21,1.21
19,7,0,8,26.1,2,1.21,1.21,1.21
4,15,1,8,2.5,3,1.21,1.21,1.21
2,29,1,8,2.8,5,1.21,1.21,1.21
1,30,2,8,37.6,1,1.21,1.21,1.21
10,8,4,9,16.4,4,1.21,1.21,1.21
8,17,6,9,-2.0,3,1.21,1.21,1.21
14,17,6,9,18.4,2,1.21,1.21,1.21
22,2,0,10,28.2,1,1.21,1.21,1.21
0,6,4,10,1.3,2,1.21,1.21,1.21
11,6,4,10,24.1,5,1.21,1.21,1.21
7,11,2,10,26.6,4,1.21,1.21,1.21
13,19,3,10,15.7,3,1.21,1.21,1.21
11,21,5,10,18.5,4,1.21,1.21,1.21
11,29,6,10,32.9,1,1.21,1.21,1.21
11,17,4,11,13.5,1,1.21,1.21,1.21
14,23,3,11,22.9,3,1.21,1.21,1.21
5,27,0,11,28.5,3,1.21,1.21,1.21
7,27,0,11,23.4,3,1.21,1.21,1.21
8,27,0,11,-1.3,5,1.21,1.21,1.21
6,7,3,12,13.2,3,1.21,1.21,1.21
7,10,6,12,12.5,5,1.21,1.21,1.21
0,25,0,12,-2.3,2,1.21,1.21,1.21
6,27,2,12,35.0,3,1.21,1.21,1.21
2,6,4,1,6.0,4,1.21,1.21,1.21
21,9,0,1,-1.9,3,1.22,1.21,1.2104166666666665
10,13,4,1,27.7,3,1.22,1.21,1.2108333333333334
16,13,4,1,-5.8,4,1.22,1.21,1.21125
20,18,2,1,25.2,4,1.22,1.21,1.2116666666666667
3,24,1,1,-7.2,4,1.22,1.21,1.2120833333333332
0,25,2,1,-4.2,3,1.22,1.21,1.2125000000000001
14,3,4,2,11.9,1,1.22,1.21,1.2129166666666666
19,6,0,2,23.5,5,1.22,1.21,1.2133333333333332
18,7,1,2,2.5,5,1.22,1.21,1.2137499999999999
4,9,3,2,22.3,1,1.22,1.21,1.2141666666666666
19,10,4,2,34.1,1,1.22,1.21,1.2145833333333333
16,11,5,2,39.1,5,1.22,1.21,1.215
17,14,1,2,32.9,2,1.22,1.21,1.2154166666666666
14,16,3,2,29.4,2,1.22,1.21,1.2158333333333333
19,21,1,2,38.4,5,1.22,1.21,1.21625
8,25,5,2,9.7,1,1.22,1.21,1.2166666666666666
20,4,5,3,10.5,4,1.22,1.21,1.2170833333333333
19,8,2,3,25.9,5,1.22,1.21,1.2175
0,13,0,3,34.6,4,1.22,1.21,1.2179166666666668
0,13,0,3,2.2,1,1.22,1.21,1.2183333333333333
6,17,4,3,-4.8,2,1.22,1.21,1.21875
14,21,1,3,25.9,4,1.22,1.21,1.2191666666666667
6,28,1,3,30.8,5,1.22,1.21,1.2195833333333332
11,9,6,4,7.0,5,1.22,1.22,1.22
7,15,5,4,3.3,4,1.22,1.22,1.22
6,19,2,4,7.0,4,1.22,1.22,1.22
18,30,6,4,0.3,3,1.22,1.22,1.22
1,2,1,5,13.3,3,1.22,1.22,1.22
21,6,5,5,14.4,2,1.22,1.22,1.22
5,14,6,5,14.8,2,1.22,1.22,1.22
4,16,1,5,1.7,5,1.22,1.22,1.22
20,7,2,6,39.0,4,1.22,1.22,1.22
12,16,4,6,6.2,1,1.22,1.22,1.22
15,3,0,7,16.4,1,1.22,1.22,1.22
2,10,0,7,13.2,3,1.22,1.22,1.22
21,15,5,7,30.9,3,1.22,1.22,1.22
14,15,1,8,20.2,1,1.22,1.22,1.22
9,17,3,8,3.4,1,1.22,1.22,1.22
18,21,0,8,6.1,3,1.22,1.22,1.22
18,26,5,8,-6.2,1,1.22,1.22,1.22
14,6,2,9,35.7,1,1.22,1.22,1.22
9,7,3,9,13.1,2,1.22,1.22,1.22
21,12,1,9,32.4,3,1.22,1.22,1.22
22,14,3,9,29.0,1,1.22,1.22,1.22
7,21,3,9,38.0,2,1.22,1.22,1.22
19,4,2,10,34.5,3,1.22,1.22,1.22
9,15,6,10,8.9,3,1.22,1.22,1.22
9,19,3,10,31.1,3,1.22,1.22,1.22
19,25,2,10,17.6,2,1.22,1.22,1.22
5,9,3,11,20.3,5,1.22,1.22,1.22
22,9,3,11,-0.2,2,1.22,1.22,1.22
11,12,6,11,3.5,2,1.22,1.22,1.22
12,14,1,11,-8.9,5,1.22,1.22,1.22
1,20,0,11,15.8,5,1.22,1.22,1.22
6,27,0,11,28.9,4,1.22,1.22,1.22
5,28,1,11,1.0,2,1.22,1.22,1.22
8,29,2,11,24.4,3,1.22,1.22,1.22
13,30,3,11,12.0,4,1.22,1.22,1.22
22,1,4,12,12.3,5,1.22,1.22,1.22
15,12,1,12,28.3,4,1.22,1.22,1.22
21,12,1,12,3.1,5,1.22,1.22,1.22
20,5,3,1,20.5,2,1.22,1.22,1.22
18,7,5,1,18.0,2,1.23,1.22,1.2204166666666667
11,24,1,1,15.4,5,1.23,1.22,1.2208333333333334
16,24,1,1,14.6,1,1.23,1.22,1.22125
22,24,1,1,35.2,1,1.23,1.22,1.2216666666666667
8,25,2,1,20.5,2,1.23,1.22,1.2220833333333334
4,9,3,2,35.5,3,1.23,1.22,1.2225
2,10,4,2,29.9,2,1.23,1.22,1.2229166666666667
17,22,2,2,32.1,1,1.23,1.22,1.2233333333333334
15,25,5,2,18.1,3,1.23,1.22,1.22375
9,27,0,2,8.6,4,1.23,1.22,1.2241666666666666
19,28,1,2,12.3,5,1.23,1.22,1.2245833333333334
21,14,1,3,31.3,1,1.23,1.22,1.2249999999999999
23,18,5,3,-3.6,3,1.23,1.22,1.2254166666666666
23,22,2,3,15.4,3,1.23,1.22,1.2258333333333333
20,24,4,3,20.2,2,1.23,1.22,1.22625
11,8,5,4,-8.9,5,1.23,1.22,1.2266666666666666
9,18,1,4,-8.5,5,1.23,1.22,1.2270833333333333
21,22,5,4,2.8,1,1.23,1.22,1.2275
19,3,2,5,30.5,1,1.23,1.22,1.2279166666666665
13,9,1,5,33.6,4,1.23,1.22,1.2283333333333333
15,16,1,5,24.8,1,1.23,1.22,1.22875
9,1,3,6,-5.6,4,1.23,1.22,1.2291666666666667
2,19,0,6,2.2,3,1.23,1.22,1.2295833333333333
6,22,3,6,32.0,1,1.23,1.23,1.23
17,24,5,6,-3.5,1,1.23,1.23,1.23
17,27,1,6,-0.3,4,1.23,1.23,1.23
2,28,2,6,31.1,3,1.23,1.23,1.23
22,28,2,6,6.8,2,1.23,1.23,1.23
13,9,6,7,-6.7,3,1.23,1.23,1.23
7,11,1,7,3.1,5,1.23,1.23,1.23
1,15,5,7,5.2,2,1.23,1.23,1.23
8,15,5,7,-3.1,1,1.23,1.23,1.23
11,21,4,7,11.0,4,1.23,1.23,1.23
3,24,3,8,-4.4,5,1.23,1.23,1.23
22,29,1,8,35.9,2,1.23,1.23,1.23
10,30,2,8,6.4,2,1.23,1.23,1.23
2,4,0,9,-3.0,2,1.23,1.23,1.23
21,8,4,9,6.8,2,1.23,1.23,1.23
4,14,3,9,-9.1,4,1.23,1.23,1.23
21,1,6,10,11.4,3,1.23,1.23,1.23
17,5,3,10,0.8,5,1.23,1.23,1.23
8,7,5,10,-1.0,1,1.23,1.23,1.23
9,11,2,10,-6.4,1,1.23,1.23,1.23
2,16,0,10,-0.5,5,1.23,1.23,1.23
11,18,2,10,31.2,1,1.23,1.23,1.23
15,23,0,10,36.8,4,1.23,1.23,1.23
18,17,4,11,3.4,3,1.23,1.23,1.23
18,17,4,11,-2.8,4,1.23,1.23,1.23
11,19,6,11,11.1,5,1.23,1.23,1.23
18,2,5,12,35.5,3,1.23,1.23,1.23
7,4,0,12,-8.8,3,1.23,1.23,1.23
15,5,1,12,2.5,1,1.23,1.23,1.23
22,11,0,12,32.5,2,1.23,1.23,1.23
22,23,5,12,5.8,5,1.23,1.23,1.23
7,1,0,1,12.9,3,1.23,1.23,1.23
2,9,0,1,20.3,3,1.23,1.23,1.23
20,11,2,1,-5.8,5,1.24,1.23,1.2304166666666667
11,1,2,2,24.6,2,1.24,1.23,1.2308333333333332
18,9,3,2,-2.9,1,1.24,1.23,1.23125
9,12,6,2,6.5,5,1.24,1.23,1.2316666666666667
14,14,1,2,3.2,1,1.24,1.23,1.2320833333333334
17,27,0,2,27.3,4,1.24,1.23,1.2325
15,1,2,3,5.1,1,1.24,1.23,1.2329166666666667
12,6,0,3,7.6,2,1.24,1.23,1.2333333333333334
14,6,0,3,39.8,2,1.24,1.23,1.23375
2,10,4,3,5.1,5,1.24,1.23,1.2341666666666666
15,10,4,3,30.6,5,1.24,1.23,1.2345833333333334
14,17,4,3,-6.9,5,1.24,1.23,1.235
14,19,6,3,25.8,4,1.24,1.23,1.2354166666666666
0,1,5,4,3.1,2,1.24,1.23,1.2358333333333331
14,3,0,4,27.7,1,1.24,1.23,1.23625
19,5,2,4,17.6,2,1.24,1.23,1.2366666666666666
6,7,4,4,8.9,5,1.24,1.23,1.2370833333333333
12,7,4,4,34.8,3,1.24,1.23,1.2375
4,8,5,4,-6.4,5,1.24,1.23,1.2379166666666668
9,12,2,4,1.2,4,1.24,1.23,1.2383333333333333
16,18,1,4,18.6,1,1.24,1.23,1.2387499999999998
22,18,1,4,28.3,5,1.24,1.23,1.2391666666666665
3,21,4,4,14.0,3,1.24,1.23,1.2395833333333333
11,29,5,4,8.7,2,1.24,1.24,1.24
6,6,5,5,21.9,3,1.24,1.24,1.24
22,22,0,5,37.8,1,1.24,1.24,1.24
0,25,3,5,33.5,2,1.24,1.24,1.24
0,27,5,5,9.2,1,1.24,1.24,1.24
18,1,3,6,18.3,1,1.24,1.24,1.24
23,5,0,6,20.9,2,1.24,1.24,1.24
2,10,5,6,8.6,5,1.24,1.24,1.24
23,10,5,6,-5.5,5,1.24,1.24,1.24
2,24,5,6,5.0,3,1.24,1.24,1.24
7,3,0,7,35.7,2,1.24,1.24,1.24
12,3,0,7,1.0,2,1.24,1.24,1.24
9,14,4,7,5.9,4,1.24,1.24,1.24
4,19,2,7,31.8,5,1.24,1.24,1.24
13,7,0,8,3.9,2,1.24,1.24,1.24
13,15,1,8,16.8,2,1.24,1.24,1.24
11,6,2,9,34.0,2,1.24,1.24,1.24
15,21,3,9,11.2,1,1.24,1.24,1.24
2,23,5,9,23.5,1,1.24,1.24,1.24
4,23,5,9,37.4,3,1.24,1.24,1.24
14,23,5,9,-3.3,2,1.24,1.24,1.24
4,2,0,10,17.8,2,1.24,1.24,1.24
21,2,0,10,-1.0,3,1.24,1.24,1.24
15,18,2,10,38.2,4,1.24,1.24,1.24
13,23,0,10,-9.9,4,1.24,1.24,1.24
19,24,1,10,-7.5,3,1.24,1.24,1.24
11,12,6,11,-4.9,5,1.24,1.24,1.24
22,12,6,11,2.1,5,1.24,1.24,1.24
23,18,5,11,23.6,1,1.24,1.24,1.24
13,20,0,11,11.7,4,1.24,1.24,1.24
23,22,2,11,-2.2,3,1.24,1.24,1.24
16,24,4,11,-6.5,2,1.24,1.24,1.24
8,28,1,11,7.7,2,1.24,1.24,1.24
1,30,3,11,14.8,2,1.24,1.24,1.24
2,5,1,12,10.4,2,1.24,1.24,1.24
4,13,2,12,-0.2,2,1.24,1.24,1.24
5,18,0,12,20.7,1,1.24,1.24,1.24
12,22,4,12,36.4,2,1.24,1.24,1.24
17,29,4,12,-2.4,5,1.24,1.24,1.24
7,12,3,1,33.9,1,1.24,1.24,1.24
5,14,5,1,-0.4,4,1.25,1.24,1.2404166666666667
6,19,3,1,-1.2,5,1.25,1.24,1.2408333333333335
7,20,4,1,27.0,3,1.25,1.24,1.24125
16,30,0,1,34.0,2,1.25,1.24,1.2416666666666667
11,15,2,2,13.5,5,1.25,1.24,1.2420833333333332
16,24,4,2,26.3,1,1.25,1.24,1.2425
14,1,2,3,20.0,1,1.25,1.24,1.2429166666666667
16,2,3,3,-2.2,1,1.25,1.24,1.2433333333333334
21,19,6,3,-0.5,3,1.25,1.24,1.2437500000000001
2,22,2,3,14.8,3,1.25,1.24,1.2441666666666666
9,2,6,4,-5.8,5,1.25,1.24,1.2445833333333334
11,8,5,4,36.8,3,1.25,1.24,1.2449999999999999
23,15,5,4,30.0,5,1.25,1.24,1.2454166666666666
19,20,3,4,39.5,1,1.25,1.24,1.2458333333333333
5,23,6,4,17.1,2,1.25,1.24,1.24625
14,26,2,4,1.4,4,1.25,1.24,1.2466666666666668
19,26,2,4,24.8,1,1.25,1.24,1.2470833333333333
18,27,3,4,39.0,1,1.25,1.24,1.2475
11,30,6,4,-5.0,4,1.25,1.24,1.2479166666666666
11,16,1,5,21.3,4,1.25,1.24,1.2483333333333333
5,18,3,5,10.7,4,1.25,1.24,1.24875
18,18,3,5,15.6,5,1.25,1.24,1.2491666666666668
11,21,6,5,10.7,3,1.25,1.24,1.2495833333333335
21,23,1,5,-6.2,4,1.25,1.25,1.25
21,26,4,5,20.3,4,1.25,1.25,1.25
3,30,1,5,19.3,4,1.25,1.25,1.25
16,10,5,6,32.4,4,1.25,1.25,1.25
7,20,1,6,18.0,2,1.25,1.25,1.25
21,22,3,6,-1.9,1,1.25,1.25,1.25
6,6,3,7,31.9,4,1.25,1.25,1.25
17,6,3,7,23.4,4,1.25,1.25,1.25
5,10,0,7,28.6,4,1.25,1.25,1.25
14,21,4,7,5.6,1,1.25,1.25,1.25
15,4,4,8,18.4,2,1.25,1.25,1.25
12,14,0,8,-0.7,1,1.25,1.25,1.25
9,20,6,8,21.0,1,1.25,1.25,1.25
0,24,3,8,9.4,5,1.25,1.25,1.25
1,1,4,9,22.8,2,1.25,1.25,1.25
3,11,0,9,4.0,2,1.25,1.25,1.25
5,13,2,9,-3.5,2,1.25,1.25,1.25
21,24,6,9,-7.3,3,1.25,1.25,1.25
5,10,1,10,11.3,1,1.25,1.25,1.25
11,10,1,10,-5.2,1,1.25,1.25,1.25
1,26,3,10,19.3,2,1.25,1.25,1.25
19,28,5,10,12.6,3,1.25,1.25,1.25
9,11,5,11,-3.9,1,1.25,1.25,1.25
19,22,2,11,12.5,3,1.25,1.25,1.25
11,11,0,12,10.8,1,1.25,1.25,1.25
9,15,4,12,9.5,2,1.25,1.25,1.25
6,23,5,12,35.8,1,1.25,1.25,1.25
10,23,5,12,30.8,2,1.25,1.25,1.25
23,5,3,1,38.2,3,1.25,1.25,1.25
13,10,1,1,18.5,4,1.26,1.25,1.2504166666666665
11,17,1,1,-9.2,5,1.26,1.25,1.2508333333333332
4,19,3,1,24.0,5,1.26,1.25,1.25125
9,3,4,2,22.0,1,1.26,1.25,1.2516666666666667
21,10,4,2,25.9,5,1.26,1.25,1.2520833333333334
15,11,5,3,4.6,4,1.26,1.25,1.2525
14,15,2,3,31.0,5,1.26,1.25,1.2529166666666667
15,26,6,3,28.4,2,1.26,1.25,1.2533333333333332
23,28,1,3,-4.7,5,1.26,1.25,1.25375
2,30,3,3,-4.3,4,1.26,1.25,1.2541666666666667
1,10,0,4,25.4,2,1.26,1.25,1.2545833333333334
15,26,2,4,37.0,5,1.26,1.25,1.2550000000000001
2,9,1,5,8.5,3,1.26,1.25,1.2554166666666666
20,12,4,5,20.7,5,1.26,1.25,1.2558333333333334
17,20,5,5,20.8,4,1.26,1.25,1.2562499999999999
8,26,4,5,0.3,4,1.26,1.25,1.2566666666666666
5,20,1,6,10.4,5,1.26,1.25,1.2570833333333333
23,23,4,6,1.7,1,1.26,1.25,1.2575
9,3,0,7,0.0,2,1.26,1.25,1.2579166666666668
22,3,3,8,-1.5,2,1.26,1.25,1.2583333333333333
0,12,5,8,-3.3,5,1.26,1.25,1.25875
5,14,0,8,32.0,4,1.26,1.25,1.2591666666666665
15,25,4,8,16.0,2,1.26,1.25,1.2595833333333333
23,27,6,8,31.0,1,1.26,1.26,1.26
2,28,0,8,6.6,1,1.26,1.26,1.26
7,30,2,8,23.4,5,1.26,1.26,1.26
2,9,5,9,1.4,1,1.26,1.26,1.26
10,26,1,9,20.5,3,1.26,1.26,1.26
0,29,4,9,3.1,3,1.26,1.26,1.26
18,29,4,9,16.8,1,1.26,1.26,1.26
12,17,1,10,-9.5,1,1.26,1.26,1.26
14,23,0,10,0.1,3,1.26,1.26,1.26
20,27,4,10,2.0,5,1.26,1.26,1.26
12,2,3,11,38.1,2,1.26,1.26,1.26
10,3,4,11,23.6,4,1.26,1.26,1.26
12,3,4,11,5.2,4,1.26,1.26,1.26
12,11,5,11,36.8,5,1.26,1.26,1.26
14,16,3,11,24.7,3,1.26,1.26,1.26
22,18,5,11,-2.7,5,1.26,1.26,1.26
22,22,2,11,-2.3,1,1.26,1.26,1.26
14,23,3,11,-5.2,5,1.26,1.26,1.26
23,25,5,11,24.1,1,1.26,1.26,1.26
17,29,2,11,37.7,1,1.26,1.26,1.26
7,3,6,12,3.1,2,1.26,1.26,1.26
8,10,6,12,31.8,3,1.26,1.26,1.26
7,14,3,12,24.1,4,1.26,1.26,1.26
10,17,6,12,-2.4,5,1.26,1.26,1.26
21,17,6,12,25.4,4,1.26,1.26,1.26
23,24,6,12,33.1,4,1.26,1.26,1.26
12,1,6,1,28.3,5,1.26,1.26,1.26
5,11,2,1,-4.0,1,1.27,1.26,1.2604166666666667
22,19,3,1,9.8,3,1.27,1.26,1.2608333333333333
10,20,4,1,1.0,2,1.27,1.26,1.26125
6,27,4,1,20.3,4,1.27,1.26,1.2616666666666667
12,10,4,2,13.8,4,1.27,1.26,1.2620833333333334
0,14,1,2,6.7,3,1.27,1.26,1.2625
18,9,3,3,31.2,5,1.27,1.26,1.2629166666666667
2,15,2,3,29.5,4,1.27,1.26,1.2633333333333334
22,24,4,3,-8.4,1,1.27,1.26,1.26375
0,4,1,4,14.5,3,1.27,1.26,1.2641666666666667
8,11,1,4,11.5,1,1.27,1.26,1.2645833333333332
20,11,1,4,38.6,5,1.27,1.26,1.265
2,15,5,4,36.7,3,1.27,1.26,1.2654166666666666
1,17,0,4,10.8,2,1.27,1.26,1.2658333333333334
22,21,4,4,14.1,2,1.27,1.26,1.26625
14,22,5,4,3.0,1,1.27,1.26,1.2666666666666668
22,26,2,4,9.4,3,1.27,1.26,1.2670833333333333
12,8,0,5,27.2,5,1.27,1.26,1.2674999999999998
14,12,4,5,-3.5,2,1.27,1.26,1.2679166666666666
23,12,4,5,38.4,4,1.27,1.26,1.2683333333333333
15,15,0,5,26.9,5,1.27,1.26,1.26875
18,20,5,5,-7.3,3,1.27,1.26,1.2691666666666668
8,23,1,5,28.5,5,1.27,1.26,1.2695833333333335
20,23,1,5,38.5,2,1.27,1.27,1.27
1,3,5,6,4.6,2,1.27,1.27,1.27
19,5,0,6,28.2,3,1.27,1.27,1.27
9,9,4,6,3.9,4,1.27,1.27,1.27
19,11,6,6,20.3,1,1.27,1.27,1.27
3,14,2,6,-1.3,2,1.27,1.27,1.27
10,22,3,6,30.0,2,1.27,1.27,1.27
6,25,6,6,32.4,1,1.27,1.27,1.27
22,2,6,7,11.4,3,1.27,1.27,1.27
15,10,0,7,0.5,3,1.27,1.27,1.27
22,10,0,7,13.9,1,1.27,1.27,1.27
7,29,5,7,-4.1,3,1.27,1.27,1.27
23,2,2,8,21.1,2,1.27,1.27,1.27
23,18,4,8,18.7,2,1.27,1.27,1.27
20,21,0,8,-3.5,4,1.27,1.27,1.27
19,23,2,8,19.8,1,1.27,1.27,1.27
23,23,2,8,12.7,1,1.27,1.27,1.27
9,25,4,8,39.0,3,1.27,1.27,1.27
8,31,3,8,-2.5,1,1.27,1.27,1.27
13,1,4,9,18.6,2,1.27,1.27,1.27
6,3,6,9,15.1,5,1.27,1.27,1.27
11,4,0,9,21.2,2,1.27,1.27,1.27
6,10,6,9,24.8,4,1.27,1.27,1.27
12,15,4,9,26.5,4,1.27,1.27,1.27
21,22,4,9,7.2,5,1.27,1.27,1.27
9,25,0,9,14.9,2,1.27,1.27,1.27
11,29,4,9,22.2,1,1.27,1.27,1.27
20,2,0,10,4.5,2,1.27,1.27,1.27
20,12,3,10,27.3,4,1.27,1.27,1.27
12,14,5,10,24.2,1,1.27,1.27,1.27
3,29,6,10,37.4,3,1.27,1.27,1.27
12,17,4,11,3.4,1,1.27,1.27,1.27
23,24,4,11,0.8,1,1.27,1.27,1.27
22,2,5,12,-3.6,1,1.27,1.27,1.27
11,5,1,12,-0.1,3,1.27,1.27,1.27
17,25,2,1,35.2,1,1.27,1.27,1.27
13,27,4,1,31.5,3,1.28,1.27,1.2704166666666667
9,3,4,2,20.5,1,1.28,1.27,1.2708333333333333
21,8,2,2,32.8,4,1.28,1.27,1.27125
1,10,4,2,22.2,2,1.28,1.27,1.2716666666666667
9,11,5,2,-0.6,3,1.28,1.27,1.2720833333333335
11,11,5,2,18.7,2,1.28,1.27,1.2725
0,25,5,2,33.4,1,1.28,1.27,1.2729166666666667
4,1,2,3,-2.5,4,1.28,1.27,1.2733333333333334
5,5,6,3,27.7,5,1.28,1.27,1.27375
15,6,0,3,0.5,5,1.28,1.27,1.2741666666666667
5,23,3,3,5.4,3,1.28,1.27,1.2745833333333334
20,3,0,4,11.2,5,1.28,1.27,1.2750000000000001
21,28,4,4,9.5,3,1.28,1.27,1.2754166666666666
17,1,0,5,17.7,5,1.28,1.27,1.2758333333333334
14,11,3,5,15.2,5,1.28,1.27,1.27625
19,27,5,5,11.4,4,1.28,1.27,1.2766666666666666
17,30,1,5,25.7,4,1.28,1.27,1.2770833333333333
11,31,2,5,-6.0,4,1.28,1.27,1.2775
10,1,3,6,21.0,3,1.28,1.27,1.2779166666666666
6,3,5,6,16.3,2,1.28,1.27,1.2783333333333333
1,7,2,6,24.8,5,1.28,1.27,1.27875
2,14,2,6,11.7,3,1.28,1.27,1.2791666666666668
10,14,2,6,4.4,5,1.28,1.27,1.2795833333333333
15,19,0,6,23.4,5,1.28,1.28,1.28
9,23,4,6,23.7,5,1.28,1.28,1.28
14,23,4,6,12.8,1,1.28,1.28,1.28
5,25,6,6,22.8,4,1.28,1.28,1.28
11,28,2,6,8.9,5,1.28,1.28,1.28
7,8,5,7,28.9,3,1.28,1.28,1.28
14,11,1,7,2.4,3,1.28,1.28,1.28
19,16,2,8,-8.5,1,1.28,1.28,1.28
19,23,2,8,32.7,2,1.28,1.28,1.28
5,30,2,8,-6.4,2,1.28,1.28,1.28
19,18,0,9,29.9,4,1.28,1.28,1.28
12,25,0,9,34.2,5,1.28,1.28,1.28
7,26,1,9,15.9,4,1.28,1.28,1.28
5,4,2,10,17.8,5,1.28,1.28,1.28
13,6,4,10,11.3,1,1.28,1.28,1.28
18,16,0,10,23.2,4,1.28,1.28,1.28
19,22,6,10,6.0,5,1.28,1.28,1.28
20,26,3,10,7.7,5,1.28,1.28,1.28
8,27,4,10,18.7,1,1.28,1.28,1.28
3,28,5,10,17.9,1,1.28,1.28,1.28
2,30,0,10,35.0,3,1.28,1.28,1.28
8,31,1,10,5.6,4,1.28,1.28,1.28
18,3,4,11,-7.0,2,1.28,1.28,1.28
16,5,6,11,23.7,2,1.28,1.28,1.28
8,10,4,11,7.0,3,1.28,1.28,1.28
12,13,0,11,38.2,4,1.28,1.28,1.28
14,14,1,11,3.5,4,1.28,1.28,1.28
20,28,1,11,35.7,1,1.28,1.28,1.28
17,9,5,12,35.2,2,1.28,1.28,1.28
5,12,1,12,31.9,3,1.28,1.28,1.28
14,12,1,12,30.6,1,1.28,1.28,1.28
5,18,0,12,30.1,1,1.28,1.28,1.28
22,25,0,12,35.9,2,1.28,1.28,1.28
12,8,6,1,30.7,5,1.28,1.28,1.28
12,10,1,1,5.9,2,1.29,1.28,1.2804166666666668
14,30,0,1,34.1,2,1.29,1.28,1.2808333333333335
3,1,2,2,28.2,1,1.29,1.28,1.28125
10,1,2,2,16.2,3,1.29,1.28,1.2816666666666667
9,21,1,2,10.6,1,1.29,1.28,1.2820833333333335
14,28,1,2,-8.8,4,1.29,1.28,1.2825
6,21,1,3,14.9,1,1.29,1.28,1.2829166666666667
18,26,6,3,38.7,3,1.29,1.28,1.2833333333333334
5,6,3,4,-2.7,1,1.29,1.28,1.2837500000000002
13,8,5,4,38.4,5,1.29,1.28,1.2841666666666667
13,14,4,4,34.7,5,1.29,1.28,1.2845833333333332
21,15,5,4,31.3,5,1.29,1.28,1.2850000000000001
10,16,6,4,32.6,4,1.29,1.28,1.2854166666666667
18,26,2,4,-7.2,4,1.29,1.28,1.2858333333333334
19,8,0,5,29.8,3,1.29,1.28,1.2862500000000001
19,16,1,5,37.4,5,1.29,1.28,1.2866666666666668
20,17,2,5,36.5,4,1.29,1.28,1.2870833333333334
6,20,5,5,21.1,2,1.29,1.28,1.2875
9,21,6,5,2.4,5,1.29,1.28,1.2879166666666666
21,21,6,5,15.6,2,1.29,1.28,1.2883333333333333
15,29,0,5,27.1,2,1.29,1.28,1.28875
4,2,4,6,21.6,2,1.29,1.28,1.2891666666666668
8,25,6,6,23.4,2,1.29,1.28,1.2895833333333333
14,28,2,6,23.1,2,1.29,1.29,1.29
7,4,1,7,15.2,3,1.29,1.29,1.29
21,8,5,7,9.7,4,1.29,1.29,1.29
1,11,1,7,37.5,5,1.29,1.29,1.29
21,25,1,7,33.3,1,1.29,1.29,1.29
14,4,4,8,4.7,4,1.29,1.29,1.29
15,10,3,8,28.8,3,1.29,1.29,1.29
10,12,5,8,14.5,5,1.29,1.29,1.29
2,3,6,9,13.3,2,1.29,1.29,1.29
18,8,4,9,22.7,2,1.29,1.29,1.29
21,22,4,9,32.7,2,1.29,1.29,1.29
11,24,6,9,25.6,5,1.29,1.29,1.29
15,29,4,9,-7.0,2,1.29,1.29,1.29
18,29,4,9,16.9,5,1.29,1.29,1.29
19,8,6,10,-0.6,5,1.29,1.29,1.29
1,2,3,11,39.2,2,1.29,1.29,1.29
19,2,3,11,23.3,1,1.29,1.29,1.29
22,6,0,11,1.4,3,1.29,1.29,1.29
4,19,6,11,-8.6,4,1.29,1.29,1.29
1,24,4,11,21.3,5,1.29,1.29,1.29
4,14,3,12,32.8,4,1.29,1.29,1.29
9,30,5,12,37.9,4,1.29,1.29,1.29
23,3,1,1,8.8,5,1.29,1.29,1.29
23,10,1,1,27.0,1,1.3,1.29,1.2904166666666668
10,20,4,1,14.7,2,1.3,1.29,1.2908333333333333
1,24,1,1,16.8,3,1.3,1.29,1.29125
23,29,6,1,4.7,1,1.3,1.29,1.2916666666666667
5,13,0,2,13.7,1,1.3,1.29,1.2920833333333335
6,14,1,2,-3.0,3,1.3,1.29,1.2925
20,19,6,2,19.8,5,1.3,1.29,1.2929166666666667
9,25,5,2,1.2,3,1.3,1.29,1.2933333333333334
16,26,6,2,-7.4,4,1.3,1.29,1.29375
8,9,3,3,31.8,2,1.3,1.29,1.2941666666666667
9,11,5,3,24.9,3,1.3,1.29,1.2945833333333334
20,15,2,3,-4.6,1,1.3,1.29,1.2950000000000002
16,18,5,3,-4.3,5,1.3,1.29,1.2954166666666669
11,26,6,3,-4.7,5,1.3,1.29,1.2958333333333332
11,3,0,4,3.1,4,1.3,1.29,1.29625
3,4,1,4,29.3,4,1.3,1.29,1.2966666666666666
1,20,3,4,1.9,3,1.3,1.29,1.2970833333333334
4,20,3,4,29.6,4,1.3,1.29,1.2975
22,21,4,4,-7.3,4,1.3,1.29,1.2979166666666666
15,24,0,4,8.8,5,1.3,1.29,1.2983333333333333
10,29,5,4,-5.9,1,1.3,1.29,1.29875
17,1,0,5,-5.8,5,1.3,1.29,1.2991666666666666
5,4,3,5,35.3,4,1.3,1.29,1.2995833333333333
3,18,3,5,12.3,3,1.3,1.3,1.3
12,24,2,5,-2.5,3,1.3,1.3,1.3
8,27,5,5,10.2,4,1.3,1.3,1.3
22,29,0,5,33.4,5,1.3,1.3,1.3
1,31,2,5,4.7,2,1.3,1.3,1.3
18,6,1,6,14.0,3,1.3,1.3,1.3
23,7,2,6,27.0,4,1.3,1.3,1.3
1,11,6,6,23.5,5,1.3,1.3,1.3
14,15,3,6,22.5,3,1.3,1.3,1.3
4,17,5,6,4.7,5,1.3,1.3,1.3
19,8,5,7,26.9,4,1.3,1.3,1.3
5,13,3,7,23.1,4,1.3,1.3,1.3
6,16,6,7,-3.8,4,1.3,1.3,1.3
12,18,1,7,4.3,2,1.3,1.3,1.3
5,20,3,7,-6.4,2,1.3,1.3,1.3
14,26,2,7,-2.2,2,1.3,1.3,1.3
18,30,6,7,22.1,2,1.3,1.3,1.3
22,31,0,7,7.5,5,1.3,1.3,1.3
4,3,3,8,-7.1,1,1.3,1.3,1.3
19,9,2,8,27.7,5,1.3,1.3,1.3
5,19,5,8,9.1,3,1.3,1.3,1.3
3,22,1,8,13.1,4,1.3,1.3,1.3
1,25,4,8,38.4,4,1.3,1.3,1.3
15,10,6,9,-0.9,3,1.3,1.3,1.3
18,15,4,9,-0.7,1,1.3,1.3,1.3
1,16,5,9,3.8,2,1.3,1.3,1.3
13,17,6,9,32.7,1,1.3,1.3,1.3
13,23,5,9,-7.9,5,1.3,1.3,1.3
10,24,6,9,10.6,3,1.3,1.3,1.3
15,1,6,10,31.2,4,1.3,1.3,1.3
4,5,3,10,27.7,3,1.3,1.3,1.3
20,8,6,10,17.1,2,1.3,1.3,1.3
21,14,5,10,23.1,5,1.3,1.3,1.3
2,22,6,10,0.3,3,1.3,1.3,1.3
12,22,6,10,19.2,5,1.3,1.3,1.3
21,24,1,10,19.6,1,1.3,1.3,1.3
10,30,0,10,17.1,1,1.3,1.3,1.3
12,5,6,11,35.0,5,1.3,1.3,1.3
9,14,1,11,39.5,4,1.3,1.3,1.3
23,14,1,11,12.6,1,1.3,1.3,1.3
16,17,4,11,11.4,4,1.3,1.3,1.3
0,19,6,11,20.9,4,1.3,1.3,1.3
19,19,6,11,36.7,1,1.3,1.3,1.3
16,23,3,11,-6.6,1,1.3,1.3,1.3
11,30,3,11,21.3,5,1.3,1.3,1.3
16,4,0,12,-3.5,2,1.3,1.3,1.3
2,24,6,12,8.5,5,1.3,1.3,1.3
10,26,1,12,4.1,4,1.3,1.3,1.3
4,7,5,1,29.5,4,1.3,1.3,1.3
8,14,5,1,27.3,3,1.31,1.3,1.3004166666666668
21,15,6,1,26.2,1,1.31,1.3,1.3008333333333333
22,17,1,1,6.9,3,1.31,1.3,1.3012500000000002
4,21,5,1,7.8,5,1.31,1.3,1.3016666666666667
11,29,6,1,21.1,1,1.31,1.3,1.3020833333333333
15,29,6,1,11.8,3,1.31,1.3,1.3025
0,10,4,2,8.9,2,1.31,1.3,1.3029166666666667
6,13,0,2,12.9,4,1.31,1.3,1.3033333333333335
0,19,6,2,23.9,4,1.31,1.3,1.3037500000000002
23,26,6,2,8.0,1,1.31,1.3,1.3041666666666667
0,4,5,3,33.9,2,1.31,1.3,1.3045833333333334
6,18,5,3,10.4,1,1.31,1.3,1.305
15,21,1,3,21.9,4,1.31,1.3,1.3054166666666667
22,28,1,3,1.8,5,1.31,1.3,1.3058333333333334
12,30,3,3,22.1,1,1.31,1.3,1.3062500000000001
19,11,1,4,36.2,3,1.31,1.3,1.3066666666666669
2,13,3,4,8.3,3,1.31,1.3,1.3070833333333334
0,18,1,4,17.4,3,1.31,1.3,1.3074999999999999
22,27,3,4,-7.1,3,1.31,1.3,1.3079166666666666
11,2,1,5,24.4,5,1.31,1.3,1.3083333333333333
3,19,4,5,29.8,4,1.31,1.3,1.30875
4,15,3,6,19.2,5,1.31,1.3,1.3091666666666668
7,22,3,6,25.0,2,1.31,1.3,1.3095833333333333
14,22,3,6,14.4,1,1.31,1.31,1.31
10,23,4,6,12.2,1,1.31,1.31,1.31
14,27,1,6,15.7,5,1.31,1.31,1.31
15,9,6,7,15.8,4,1.31,1.31,1.31
19,10,0,7,18.5,4,1.31,1.31,1.31
7,12,2,7,24.3,3,1.31,1.31,1.31
22,15,5,7,24.1,4,1.31,1.31,1.31
1,16,6,7,8.8,4,1.31,1.31,1.31
22,24,0,7,-4.7,3,1.31,1.31,1.31
14,18,4,8,-0.9,1,1.31,1.31,1.31
23,25,4,8,6.6,3,1.31,1.31,1.31
2,2,5,9,25.2,2,1.31,1.31,1.31
19,12,1,9,37.4,2,1.31,1.31,1.31
4,15,4,9,13.2,3,1.31,1.31,1.31
18,19,1,9,17.2,5,1.31,1.31,1.31
17,23,5,9,20.4,2,1.31,1.31,1.31
1,28,3,9,21.2,3,1.31,1.31,1.31
20,4,2,10,11.2,1,1.31,1.31,1.31
8,11,2,10,37.4,5,1.31,1.31,1.31
18,17,1,10,1.2,1,1.31,1.31,1.31
20,17,1,10,35.7,3,1.31,1.31,1.31
22,22,6,10,25.9,2,1.31,1.31,1.31
19,1,2,11,12.6,3,1.31,1.31,1.31
20,18,5,11,16.1,2,1.31,1.31,1.31
14,23,3,11,36.3,5,1.31,1.31,1.31
0,26,6,11,19.4,2,1.31,1.31,1.31
14,26,6,11,23.2,1,1.31,1.31,1.31
14,29,2,11,11.6,5,1.31,1.31,1.31
22,5,1,12,7.7,5,1.31,1.31,1.31
17,20,2,12,2.7,1,1.31,1.31,1.31
18,30,5,12,19.3,3,1.31,1.31,1.31
15,2,0,1,3.8,3,1.31,1.31,1.31
19,2,0,1,29.6,2,1.32,1.31,1.3104166666666666
20,21,5,1,17.0,5,1.32,1.31,1.3108333333333333
17,3,4,2,-3.3,4,1.32,1.31,1.31125
10,13,0,2,26.5,3,1.32,1.31,1.3116666666666668
1,18,5,2,6.2,3,1.32,1.31,1.3120833333333335
14,19,6,2,11.4,4,1.32,1.31,1.3125000000000002
21,20,0,2,12.4,4,1.32,1.31,1.3129166666666667
10,23,3,2,14.1,5,1.32,1.31,1.3133333333333335
16,24,4,2,5.6,2,1.32,1.31,1.31375
5,25,5,2,32.6,1,1.32,1.31,1.3141666666666667
16,25,5,2,10.5,4,1.32,1.31,1.3145833333333334
12,2,3,3,4.7,2,1.32,1.31,1.315
15,6,0,3,-9.0,3,1.32,1.31,1.3154166666666667
12,1,5,4,24.1,3,1.32,1.31,1.3158333333333334
9,6,3,4,13.6,4,1.32,1.31,1.31625
3,8,5,4,1.8,4,1.32,1.31,1.3166666666666667
17,12,2,4,13.6,4,1.32,1.31,1.3170833333333334
7,17,0,4,14.2,3,1.32,1.31,1.3175000000000001
8,25,1,4,39.2,4,1.32,1.31,1.3179166666666668
7,26,2,4,21.1,1,1.32,1.31,1.3183333333333334
7,27,3,4,-4.2,2,1.32,1.31,1.31875
13,12,4,5,23.8,5,1.32,1.31,1.3191666666666668
17,21,6,5,-4.2,5,1.32,1.31,1.3195833333333333
20,31,2,5,31.4,4,1.32,1.32,1.32
4,13,1,6,4.2,4,1.32,1.32,1.32
14,14,2,6,25.7,2,1.32,1.32,1.32
14,20,1,6,35.2,3,1.32,1.32,1.32
4,22,3,6,23.2,5,1.32,1.32,1.32
21,18,1,7,31.1,3,1.32,1.32,1.32
10,19,2,7,-7.9,2,1.32,1.32,1.32
19,20,3,7,27.3,5,1.32,1.32,1.32
17,2,2,8,-4.6,4,1.32,1.32,1.32
7,5,5,8,39.8,2,1.32,1.32,1.32
7,12,5,8,4.4,3,1.32,1.32,1.32
8,14,0,8,4.4,4,1.32,1.32,1.32
10,26,5,8,-9.2,4,1.32,1.32,1.32
15,30,2,8,-4.5,4,1.32,1.32,1.32
18,30,2,8,31.4,2,1.32,1.32,1.32
13,5,1,9,17.1,1,1.32,1.32,1.32
18,12,1,9,38.1,5,1.32,1.32,1.32
12,18,0,9,22.8,2,1.32,1.32,1.32
5,20,2,9,38.1,4,1.32,1.32,1.32
12,25,0,9,31.0,1,1.32,1.32,1.32
6,2,0,10,10.0,5,1.32,1.32,1.32
4,3,1,10,30.2,1,1.32,1.32,1.32
2,1,2,11,29.0,2,1.32,1.32,1.32
3,10,4,11,31.7,3,1.32,1.32,1.32
0,4,0,12,35.1,5,1.32,1.32,1.32
23,5,1,12,32.7,2,1.32,1.32,1.32
0,26,1,12,7.6,2,1.32,1.32,1.32
13,1,6,1,15.6,1,1.32,1.32,1.32
1,9,0,1,3.4,1,1.33,1.32,1.3204166666666668
21,11,2,1,9.8,5,1.33,1.32,1.3208333333333335
2,19,3,1,24.9,4,1.33,1.32,1.32125
19,7,1,2,25.6,3,1.33,1.32,1.3216666666666668
13,20,0,2,39.7,4,1.33,1.32,1.3220833333333335
5,3,4,3,-4.0,1,1.33,1.32,1.3225
9,11,5,3,24.9,3,1.33,1.32,1.3229166666666667
2,13,0,3,30.5,2,1.33,1.32,1.3233333333333335
8,20,0,3,3.0,1,1.33,1.32,1.3237500000000002
7,24,4,3,28.1,5,1.33,1.32,1.3241666666666667
1,19,2,4,39.8,1,1.33,1.32,1.3245833333333332
23,30,6,4,29.3,5,1.33,1.32,1.325
18,6,5,5,18.1,1,1.33,1.32,1.3254166666666667
17,17,2,5,39.0,2,1.33,1.32,1.3258333333333334
16,22,0,5,30.3,1,1.33,1.32,1.32625
23,1,3,6,22.4,1,1.33,1.32,1.3266666666666667
10,5,0,6,36.3,4,1.33,1.32,1.3270833333333334
6,16,4,6,5.0,3,1.33,1.32,1.3275000000000001
18,30,4,6,14.2,5,1.33,1.32,1.3279166666666669
0,12,2,7,11.9,2,1.33,1.32,1.3283333333333334
21,31,0,7,4.8,3,1.33,1.32,1.32875
8,1,1,8,34.2,3,1.33,1.32,1.3291666666666668
2,8,1,8,27.0,5,1.33,1.32,1.3295833333333336
0,14,0,8,32.8,3,1.33,1.33,1.33
6,30,2,8,35.2,4,1.33,1.33,1.33
23,30,2,8,2.5,1,1.33,1.33,1.33
6,3,6,9,9.2,3,1.33,1.33,1.33
2,25,0,9,21.9,2,1.33,1.33,1.33
23,12,3,10,34.8,4,1.33,1.33,1.33
7,23,0,10,-0.5,3,1.33,1.33,1.33
9,25,2,10,4.1,2,1.33,1.33,1.33
4,30,0,10,30.9,5,1.33,1.33,1.33
14,15,2,11,29.7,1,1.33,1.33,1.33
15,19,6,11,-0.3,5,1.33,1.33,1.33
15,24,4,11,-2.7,4,1.33,1.33,1.33
20,30,3,11,13.1,3,1.33,1.33,1.33
2,2,5,12,31.1,2,1.33,1.33,1.33
4,3,6,12,15.3,2,1.33,1.33,1.33
14,29,4,12,27.4,2,1.33,1.33,1.33
9,1,6,1,7.5,5,1.33,1.33,1.33
6,13,4,1,-8.0,5,1.34,1.33,1.3304166666666668
12,23,0,1,34.7,5,1.34,1.33,1.3308333333333333
6,18,5,2,-5.2,3,1.34,1.33,1.33125
15,20,0,2,12.3,4,1.34,1.33,1.3316666666666668
17,20,0,2,26.7,3,1.34,1.33,1.3320833333333335
0,23,3,2,29.0,2,1.34,1.33,1.3325
20,7,1,3,2.8,4,1.34,1.33,1.3329166666666665
20,20,0,3,19.0,5,1.34,1.33,1.3333333333333333
21,21,1,3,9.3,2,1.34,1.33,1.3337500000000002
12,23,3,3,11.0,1,1.34,1.33,1.3341666666666667
23,2,6,4,-5.2,4,1.34,1.33,1.3345833333333335
9,23,6,4,37.6,2,1.34,1.33,1.335
22,27,3,4,4.4,4,1.34,1.33,1.335416666666667
15,10,2,5,-8.3,1,1.34,1.33,1.3358333333333334
0,25,3,5,4.7,1,1.34,1.33,1.33625
9,27,5,5,38.5,1,1.34,1.33,1.3366666666666667
9,29,0,5,21.6,1,1.34,1.33,1.3370833333333334
20,2,4,6,2.7,4,1.34,1.33,1.3375000000000001
2,4,6,6,27.6,5,1.34,1.33,1.3379166666666669
14,6,1,6,-8.5,1,1.34,1.33,1.3383333333333336
5,9,4,6,33.4,3,1.34,1.33,1.33875
20,12,0,6,21.1,1,1.34,1.33,1.3391666666666666
10,30,4,6,20.2,1,1.34,1.33,1.3395833333333336
16,30,4,6,37.8,1,1.34,1.34,1.34
8,1,5,7,23.7,2,1.34,1.34,1.34
19,7,4,7,18.2,3,1.34,1.34,1.34
21,7,4,7,7.5,3,1.34,1.34,1.34
16,9,6,7,-3.6,4,1.34,1.34,1.34
8,23,6,7,35.1,2,1.34,1.34,1.34
12,23,6,7,4.5,1,1.34,1.34,1.34
23,28,4,7,31.4,4,1.34,1.34,1.34
21,5,5,8,8.5,5,1.34,1.34,1.34
6,6,6,8,7.0,2,1.34,1.34,1.34
7,10,3,8,5.5,2,1.34,1.34,1.34
17,17,3,8,2.6,3,1.34,1.34,1.34
22,23,2,8,39.6,5,1.34,1.34,1.34
15,10,6,9,28.2,1,1.34,1.34,1.34
10,15,4,9,12.3,5,1.34,1.34,1.34
9,23,0,10,-1.6,3,1.34,1.34,1.34
18,29,6,10,34.0,3,1.34,1.34,1.34
11,1,2,11,5.1,2,1.34,1.34,1.34
15,5,6,11,28.6,4,1.34,1.34,1.34
2,6,0,11,7.1,5,1.34,1.34,1.34
12,6,0,11,39.9,3,1.34,1.34,1.34
6,12,6,11,5.5,1,1.34,1.34,1.34
12,12,6,11,24.3,2,1.34,1.34,1.34
14,12,6,11,35.7,3,1.34,1.34,1.34
15,23,3,11,38.9,3,1.34,1.34,1.34
14,25,5,11,27.4,3,1.34,1.34,1.34
5,30,3,11,22.1,1,1.34,1.34,1.34
0,4,0,12,5.4,3,1.34,1.34,1.34
6,4,0,12,39.2,4,1.34,1.34,1.34
15,7,3,12,31.4,2,1.34,1.34,1.34
10,8,4,12,2.1,2,1.34,1.34,1.34
13,11,0,12,8.2,1,1.34,1.34,1.34
18,11,0,12,25.3,3,1.34,1.34,1.34
2,22,4,12,-5.6,2,1.34,1.34,1.34
2,27,2,12,30.7,5,1.34,1.34,1.34
21,30,5,12,-0.5,5,1.34,1.34,1.34
12,8,6,1,38.7,4,1.34,1.34,1.34
5,13,4,1,15.6,2,1.35,1.34,1.3404166666666668
4,16,0,1,39.7,5,1.35,1.34,1.3408333333333335
15,2,3,2,12.4,2,1.35,1.34,1.3412500000000003
18,6,0,2,4.0,3,1.35,1.34,1.3416666666666668
23,9,3,2,32.4,5,1.35,1.34,1.3420833333333333
5,16,3,2,12.9,4,1.35,1.34,1.3425
12,24,4,2,-2.9,5,1.35,1.34,1.3429166666666668
20,1,2,3,39.2,2,1.35,1.34,1.3433333333333335
19,3,4,3,34.1,2,1.35,1.34,1.34375
9,15,2,3,0.6,5,1.35,1.34,1.344166666666667
14,15,2,3,7.8,2,1.35,1.34,1.3445833333333335
5,28,1,3,17.7,3,1.35,1.34,1.345
20,23,6,4,5.7,5,1.35,1.34,1.3454166666666667
22,24,0,4,34.9,5,1.35,1.34,1.3458333333333334
7,26,2,4,-0.9,2,1.35,1.34,1.3462500000000002
5,30,6,4,19.9,2,1.35,1.34,1.3466666666666667
19,5,4,5,36.5,5,1.35,1.34,1.3470833333333336
20,10,2,5,34.7,5,1.35,1.34,1.3475000000000001
6,17,2,5,14.0,1,1.35,1.34,1.3479166666666667
2,25,3,5,37.8,2,1.35,1.34,1.3483333333333334
6,27,5,5,4.3,2,1.35,1.34,1.34875
23,1,3,6,8.6,1,1.35,1.34,1.3491666666666668
16,2,4,6,33.1,2,1.35,1.34,1.3495833333333334
15,26,0,6,29.3,4,1.35,1.35,1.35
16,8,5,7,31.9,2,1.35,1.35,1.35
6,17,0,7,13.3,3,1.35,1.35,1.35
10,17,0,7,13.1,2,1.35,1.35,1.35
20,19,2,7,29.9,1,1.35,1.35,1.35
3,23,6,7,11.5,4,1.35,1.35,1.35
10,7,0,8,-6.6,4,1.35,1.35,1.35
0,25,4,8,9.9,5,1.35,1.35,1.35
18,31,3,8,27.9,1,1.35,1.35,1.35
14,13,2,9,-6.4,5,1.35,1.35,1.35
16,16,5,9,11.4,2,1.35,1.35,1.35
11,21,3,9,-3.9,3,1.35,1.35,1.35
13,22,4,9,16.7,4,1.35,1.35,1.35
13,29,4,9,-3.8,5,1.35,1.35,1.35
12,11,2,10,9.3,1,1.35,1.35,1.35
19,12,3,10,10.7,3,1.35,1.35,1.35
6,15,6,10,24.9,3,1.35,1.35,1.35
0,17,1,10,2.9,3,1.35,1.35,1.35
5,31,1,10,2.6,2,1.35,1.35,1.35
6,13,0,11,18.4,5,1.35,1.35,1.35
9,17,4,11,12.5,3,1.35,1.35,1.35
13,23,3,11,22.5,4,1.35,1.35,1.35
7,26,6,11,-0.5,4,1.35,1.35,1.35
13,8,4,12,-2.9,3,1.35,1.35,1.35
22,15,4,12,38.2,4,1.35,1.35,1.35
7,17,6,12,2.2,1,1.35,1.35,1.35
12,18,0,12,-6.9,4,1.35,1.35,1.35
13,18,0,12,-7.1,5,1.35,1.35,1.35
15,18,0,12,38.1,5,1.35,1.35,1.35
17,20,2,12,-3.2,4,1.35,1.35,1.35
5,22,4,12,30.0,5,1.35,1.35,1.35
5,28,3,12,15.3,4,1.35,1.35,1.35
7,30,5,12,35.3,4,1.35,1.35,1.35
8,30,0,1,36.5,2,1.35,1.35,1.35
9,10,4,2,3.7,5,1.36,1.35,1.3504166666666668
1,21,1,2,-9.5,3,1.36,1.35,1.3508333333333333
0,22,2,2,18.7,1,1.36,1.35,1.35125
10,27,0,2,21.3,5,1.36,1.35,1.3516666666666668
19,4,5,3,3.3,1,1.36,1.35,1.3520833333333335
11,10,4,3,20.0,2,1.36,1.35,1.3525
16,10,4,3,-1.9,4,1.36,1.35,1.3529166666666665
1,16,3,3,-8.3,5,1.36,1.35,1.3533333333333335
11,22,2,3,18.3,4,1.36,1.35,1.35375
19,24,4,3,6.8,2,1.36,1.35,1.3541666666666667
16,26,6,3,2.5,2,1.36,1.35,1.3545833333333335
20,26,6,3,-5.2,5,1.36,1.35,1.3550000000000002
13,30,3,3,34.7,1,1.36,1.35,1.3554166666666667
6,12,2,4,15.9,2,1.36,1.35,1.3558333333333337
13,22,5,4,11.3,4,1.36,1.35,1.3562500000000002
13,26,2,4,39.6,1,1.36,1.35,1.3566666666666667
17,26,2,4,-4.0,3,1.36,1.35,1.3570833333333334
20,30,6,4,-7.3,3,1.36,1.35,1.3575
13,7,6,5,0.3,1,1.36,1.35,1.3579166666666669
16,2,4,6,-8.0,5,1.36,1.35,1.3583333333333334
15,4,6,6,10.9,1,1.36,1.35,1.35875
1,5,0,6,39.7,4,1.36,1.35,1.3591666666666669
20,12,0,6,18.5,1,1.36,1.35,1.3595833333333334
2,22,3,6,-1.3,1,1.36,1.36,1.36
4,22,3,6,15.6,2,1.36,1.36,1.36
11,25,6,6,-4.5,5,1.36,1.36,1.36
18,2,6,7,7.1,1,1.36,1.36,1.36
5,11,1,7,-9.2,1,1.36,1.36,1.36
11,15,5,7,-7.1,1,1.36,1.36,1.36
2,25,1,7,10.2,1,1.36,1.36,1.36
1,31,0,7,37.6,3,1.36,1.36,1.36
5,31,0,7,33.2,5,1.36,1.36,1.36
12,5,5,8,-8.4,4,1.36,1.36,1.36
18,11,4,8,27.9,2,1.36,1.36,1.36
8,16,2,8,11.3,4,1.36,1.36,1.36
5,17,3,8,30.3,1,1.36,1.36,1.36
6,23,2,8,34.7,1,1.36,1.36,1.36
9,29,1,8,2.8,4,1.36,1.36,1.36
13,4,0,9,34.9,2,1.36,1.36,1.36
0,6,2,9,-7.7,5,1.36,1.36,1.36
21,9,5,9,10.9,1,1.36,1.36,1.36
15,15,4,9,21.8,3,1.36,1.36,1.36
0,16,5,9,-7.4,1,1.36,1.36,1.36
10,23,5,9,32.8,5,1.36,1.36,1.36
14,26,1,9,-7.0,5,1.36,1.36,1.36
14,24,1,10,6.5,1,1.36,1.36,1.36
22,30,0,10,-4.5,5,1.36,1.36,1.36
21,8,2,11,36.9,2,1.36,1.36,1.36
2,9,3,11,31.1,5,1.36,1.36,1.36
17,21,1,11,39.5,5,1.36,1.36,1.36
9,27,0,11,28.8,1,1.36,1.36,1.36
23,27,0,11,34.1,2,1.36,1.36,1.36
14,28,1,11,5.2,5,1.36,1.36,1.36
2,16,5,12,-5.2,4,1.36,1.36,1.36
16,17,6,12,-4.5,3,1.36,1.36,1.36
0,5,3,1,2.3,4,1.36,1.36,1.36
4,20,4,1,-4.4,4,1.37,1.36,1.3604166666666666
17,21,5,1,39.4,5,1.37,1.36,1.3608333333333336
12,25,2,1,9.9,4,1.37,1.36,1.36125
22,27,4,1,7.8,3,1.37,1.36,1.3616666666666666
0,30,0,1,36.9,3,1.37,1.36,1.3620833333333335
6,24,4,2,1.3,3,1.37,1.36,1.3625
15,10,4,3,32.6,2,1.37,1.36,1.3629166666666668
7,12,6,3,-1.6,4,1.37,1.36,1.3633333333333333
13,29,2,3,17.1,4,1.37,1.36,1.3637500000000002
12,31,4,3,14.3,4,1.37,1.36,1.3641666666666667
10,2,6,4,11.5,2,1.37,1.36,1.3645833333333337
3,4,1,4,24.5,4,1.37,1.36,1.365
12,11,1,4,24.9,1,1.37,1.36,1.3654166666666667
18,14,4,4,31.4,5,1.37,1.36,1.3658333333333335
13,21,4,4,27.2,3,1.37,1.36,1.3662500000000002
15,3,2,5,2.1,2,1.37,1.36,1.366666666666667
15,13,5,5,11.0,4,1.37,1.36,1.3670833333333334
20,13,5,5,-2.8,1,1.37,1.36,1.3675
23,18,3,5,10.5,3,1.37,1.36,1.367916666666667
8,20,5,5,7.0,3,1.37,1.36,1.3683333333333334
19,21,6,5,6.1,3,1.37,1.36,1.3687500000000001
11,25,3,5,3.1,4,1.37,1.36,1.3691666666666669
21,26,4,5,9.3,2,1.37,1.36,1.3695833333333336
2,1,3,6,-6.0,5,1.37,1.37,1.37
0,7,2,6,7.5,5,1.37,1.37,1.37
19,16,4,6,27.1,1,1.37,1.37,1.37
6,18,6,6,1.0,2,1.37,1.37,1.37
9,6,3,7,-8.1,1,1.37,1.37,1.37
22,8,5,7,0.4,2,1.37,1.37,1.37
7,13,3,7,16.9,2,1.37,1.37,1.37
4,16,6,7,34.3,5,1.37,1.37,1.37
21,17,0,7,-7.2,2,1.37,1.37,1.37
13,26,2,7,21.2,2,1.37,1.37,1.37
13,2,2,8,18.4,5,1.37,1.37,1.37
15,10,3,8,14.3,3,1.37,1.37,1.37
11,13,6,8,31.1,3,1.37,1.37,1.37
13,22,4,9,25.9,4,1.37,1.37,1.37
7,27,2,9,4.8,3,1.37,1.37,1.37
20,2,0,10,-1.9,3,1.37,1.37,1.37
0,11,2,10,21.7,1,1.37,1.37,1.37
6,15,6,10,10.9,4,1.37,1.37,1.37
19,22,6,10,1.7,4,1.37,1.37,1.37
8,2,3,11,-5.8,1,1.37,1.37,1.37
2,9,3,11,34.3,5,1.37,1.37,1.37
4,13,0,11,29.6,2,1.37,1.37,1.37
23,16,3,11,-1.8,1,1.37,1.37,1.37
4,3,6,12,25.7,3,1.37,1.37,1.37
22,3,6,12,-2.3,2,1.37,1.37,1.37
16,19,1,12,-0.9,3,1.37,1.37,1.37
4,24,6,12,32.3,2,1.37,1.37,1.37
23,28,3,12,27.8,2,1.37,1.37,1.37
2,29,4,12,11.6,4,1.37,1.37,1.37
3,10,1,1,2.0,5,1.37,1.37,1.37
16,11,2,1,10.4,4,1.38,1.37,1.3704166666666666
2,27,4,1,2.6,5,1.38,1.37,1.3708333333333336
6,14,1,2,7.5,4,1.38,1.37,1.37125
13,20,0,2,19.9,3,1.38,1.37,1.3716666666666668
20,25,5,2,7.8,3,1.38,1.37,1.3720833333333333
7,16,3,3,-2.5,4,1.38,1.37,1.3725000000000003
22,24,4,3,-1.4,1,1.38,1.37,1.3729166666666668
19,27,0,3,13.3,5,1.38,1.37,1.3733333333333333
6,29,2,3,16.5,3,1.38,1.37,1.37375
7,5,2,4,9.3,3,1.38,1.37,1.3741666666666668
18,10,0,4,12.9,5,1.38,1.37,1.3745833333333335
6,12,2,4,-6.5,5,1.38,1.37,1.375
4,18,1,4,18.2,1,1.38,1.37,1.3754166666666665
23,7,6,5,20.5,5,1.38,1.37,1.3758333333333335
23,11,3,5,7.7,2,1.38,1.37,1.37625
18,7,2,6,30.5,4,1.38,1.37,1.3766666666666667
3,8,3,6,35.3,1,1.38,1.37,1.3770833333333332
14,25,6,6,-5.5,5,1.38,1.37,1.3775000000000002
20,3,0,7,-4.5,4,1.38,1.37,1.3779166666666667
20,8,5,7,34.7,4,1.38,1.37,1.3783333333333332
10,25,1,7,30.6,5,1.38,1.37,1.37875
5,31,0,7,21.0,4,1.38,1.37,1.3791666666666667
15,1,1,8,29.7,5,1.38,1.37,1.3795833333333334
17,8,1,8,39.7,2,1.38,1.38,1.38
0,11,4,8,10.1,1,1.38,1.38,1.38
4,15,1,8,-9.6,4,1.38,1.38,1.38
14,16,2,8,26.2,2,1.38,1.38,1.38
5,18,4,8,24.4,1,1.38,1.38,1.38
23,31,3,8,-4.6,3,1.38,1.38,1.38
0,1,4,9,-4.3,1,1.38,1.38,1.38
5,5,1,9,-2.8,1,1.38,1.38,1.38
18,7,3,9,12.2,5,1.38,1.38,1.38
16,18,0,9,26.7,5,1.38,1.38,1.38
12,27,2,9,18.2,1,1.38,1.38,1.38
12,27,2,9,16.9,4,1.38,1.38,1.38
14,30,5,9,0.3,3,1.38,1.38,1.38
16,16,0,10,1.4,2,1.38,1.38,1.38
4,29,6,10,22.1,1,1.38,1.38,1.38
10,4,5,11,23.8,4,1.38,1.38,1.38
18,7,1,11,28.4,2,1.38,1.38,1.38
11,13,0,11,9.8,3,1.38,1.38,1.38
15,15,2,11,21.1,5,1.38,1.38,1.38
22,21,1,11,8.4,5,1.38,1.38,1.38
21,4,0,12,28.9,4,1.38,1.38,1.38
19,6,2,12,10.7,4,1.38,1.38,1.38
0,13,2,12,1.7,1,1.38,1.38,1.38
8,17,6,12,31.1,5,1.38,1.38,1.38
13,23,5,12,38.6,1,1.38,1.38,1.38
16,1,6,1,32.1,2,1.38,1.38,1.38
5,4,2,1,10.3,4,1.39,1.38,1.3804166666666664
8,6,4,1,-5.7,2,1.39,1.38,1.3808333333333334
22,7,5,1,7.0,5,1.39,1.38,1.3812499999999999
23,12,3,1,-0.6,1,1.39,1.38,1.3816666666666666
16,15,6,1,5.5,4,1.39,1.38,1.382083333333333
9,17,1,1,-7.4,1,1.39,1.38,1.3825
11,25,2,1,9.4,1,1.39,1.38,1.3829166666666666
13,27,4,1,34.2,2,1.39,1.38,1.383333333333333
11,30,0,1,2.8,5,1.39,1.38,1.38375
12,2,3,2,22.1,2,1.39,1.38,1.3841666666666665
10,6,0,2,-8.9,4,1.39,1.38,1.3845833333333333
23,16,3,2,31.9,5,1.39,1.38,1.3849999999999998
20,17,4,2,25.0,3,1.39,1.38,1.3854166666666667
16,19,6,2,-0.7,2,1.39,1.38,1.3858333333333333
6,5,6,3,31.9,2,1.39,1.38,1.3862499999999998
15,7,1,3,0.3,2,1.39,1.38,1.3866666666666665
1,12,6,3,33.1,3,1.39,1.38,1.3870833333333332
6,15,2,3,17.9,4,1.39,1.38,1.3875
12,16,3,3,7.9,2,1.39,1.38,1.3879166666666665
18,17,4,3,7.0,3,1.39,1.38,1.3883333333333334
16,30,3,3,0.5,4,1.39,1.38,1.38875
2,17,0,4,-3.2,3,1.39,1.38,1.3891666666666664
3,17,0,4,35.9,1,1.39,1.38,1.3895833333333332
17,17,0,4,22.0,5,1.39,1.39,1.39
11,28,4,4,16.0,5,1.39,1.39,1.39
9,10,2,5,-2.3,4,1.39,1.39,1.39
7,15,0,5,29.7,3,1.39,1.39,1.39
3,10,5,6,15.2,3,1.39,1.39,1.39
8,11,6,6,7.2,2,1.39,1.39,1.39
17,19,0,6,32.6,2,1.39,1.39,1.39
15,25,6,6,-5.5,2,1.39,1.39,1.39
14,26,0,6,33.0,1,1.39,1.39,1.39
12,5,2,7,20.4,4,1.39,1.39,1.39
21,23,6,7,12.0,5,1.39,1.39,1.39
10,26,2,7,13.4,4,1.39,1.39,1.39
15,15,1,8,-8.1,4,1.39,1.39,1.39
21,16,2,8,17.5,5,1.39,1.39,1.39
15,21,0,8,8.1,5,1.39,1.39,1.39
11,10,6,9,28.0,1,1.39,1.39,1.39
14,15,4,9,5.6,2,1.39,1.39,1.39
10,17,6,9,4.1,4,1.39,1.39,1.39
15,19,1,9,1.4,3,1.39,1.39,1.39
12,24,6,9,5.1,1,1.39,1.39,1.39
10,26,1,9,12.4,3,1.39,1.39,1.39
14,28,3,9,1.9,5,1.39,1.39,1.39
13,29,4,9,-2.1,1,1.39,1.39,1.39
7,30,5,9,-0.1,4,1.39,1.39,1.39
18,30,5,9,23.1,4,1.39,1.39,1.39
12,2,0,10,-6.6,5,1.39,1.39,1.39
23,9,0,10,28.2,3,1.39,1.39,1.39
4,11,2,10,-2.3,2,1.39,1.39,1.39
16,25,2,10,-5.6,4,1.39,1.39,1.39
18,3,4,11,8.1,2,1.39,1.39,1.39
7,12,6,11,16.0,3,1.39,1.39,1.39
9,14,1,11,3.3,5,1.39,1.39,1.39
17,21,1,11,32.7,5,1.39,1.39,1.39
6,1,4,12,21.3,4,1.39,1.39,1.39
21,6,2,12,13.6,4,1.39,1.39,1.39
7,8,4,12,-4.1,2,1.39,1.39,1.39
8,23,5,12,38.1,4,1.39,1.39,1.39
6,31,6,12,-4.4,3,1.39,1.39,1.39
4,2,0,1,8.5,4,1.39,1.39,1.39
23,17,1,1,18.1,5,1.4,1.39,1.3904166666666666
16,21,5,1,32.8,1,1.4,1.39,1.3908333333333331
0,29,6,1,10.8,3,1.4,1.39,1.39125
11,2,3,2,12.7,3,1.4,1.39,1.3916666666666666
22,6,0,2,34.6,5,1.4,1.39,1.3920833333333331
23,8,2,2,-4.5,4,1.4,1.39,1.3924999999999998
17,15,2,2,22.8,3,1.4,1.39,1.3929166666666664
14,22,2,2,2.3,2,1.4,1.39,1.3933333333333333
18,2,3,3,8.6,1,1.4,1.39,1.3937499999999998
6,8,2,3,-9.9,1,1.4,1.39,1.3941666666666668
5,13,0,3,17.2,1,1.4,1.39,1.3945833333333333
0,3,0,4,20.2,2,1.4,1.39,1.3949999999999998
17,5,2,4,0.5,4,1.4,1.39,1.3954166666666667
18,15,5,4,-5.7,5,1.4,1.39,1.3958333333333333
6,20,3,4,-9.7,4,1.4,1.39,1.39625
22,22,5,4,14.0,2,1.4,1.39,1.3966666666666665
23,30,6,4,5.1,3,1.4,1.39,1.397083333333333
21,4,3,5,34.3,2,1.4,1.39,1.3974999999999997
14,11,3,5,11.8,3,1.4,1.39,1.3979166666666665
4,15,0,5,33.6,5,1.4,1.39,1.3983333333333332
8,19,4,5,2.4,5,1.4,1.39,1.39875
8,8,3,6,7.3,1,1.4,1.39,1.3991666666666667
14,20,1,6,19.5,1,1.4,1.39,1.3995833333333332
1,22,3,6,35.4,3,1.4,1.4,1.4
2,8,5,7,14.5,4,1.4,1.4,1.4
15,11,1,7,-7.6,3,1.4,1.4,1.4
13,22,5,7,-6.6,2,1.4,1.4,1.4
3,31,0,7,38.7,2,1.4,1.4,1.4
19,1,1,8,-7.9,2,1.4,1.4,1.4
8,8,1,8,27.0,3,1.4,1.4,1.4
6,9,2,8,2.8,3,1.4,1.4,1.4
15,10,3,8,33.1,4,1.4,1.4,1.4
6,13,6,8,4.1,2,1.4,1.4,1.4
6,17,3,8,-3.8,2,1.4,1.4,1.4
11,8,4,9,5.0,2,1.4,1.4,1.4
2,12,1,9,17.5,5,1.4,1.4,1.4
8,12,1,9,27.0,2,1.4,1.4,1.4
14,22,4,9,-9.4,4,1.4,1.4,1.4
14,22,4,9,16.7,1,1.4,1.4,1.4
0,29,4,9,30.7,1,1.4,1.4,1.4
14,3,1,10,9.2,3,1.4,1.4,1.4
3,5,3,10,9.6,1,1.4,1.4,1.4
14,8,6,10,23.2,3,1.4,1.4,1.4
4,25,2,10,-5.7,4,1.4,1.4,1.4
5,27,4,10,30.4,3,1.4,1.4,1.4
9,15,2,11,31.2,4,1.4,1.4,1.4
7,19,6,11,26.8,2,1.4,1.4,1.4
20,8,4,12,30.1,1,1.4,1.4,1.4
19,9,5,12,25.3,1,1.4,1.4,1.4
20,12,1,12,-6.9,4,1.4,1.4,1.4
11,13,2,12,16.6,2,1.4,1.4,1.4
8,18,0,12,-3.3,1,1.4,1.4,1.4
21,25,0,12,24.9,3,1.4,1.4,1.4
7,2,0,1,14.1,3,1.4,1.4,1.4
23,4,2,1,17.3,4,1.41,1.4,1.4004166666666666
21,10,1,1,13.1,5,1.41,1.4,1.4008333333333332
9,12,3,1,5.5,5,1.41,1.4,1.40125
23,18,2,1,-3.9,2,1.41,1.4,1.4016666666666666
15,3,4,2,8.5,5,1.41,1.4,1.4020833333333333
10,12,6,2,3.7,3,1.41,1.4,1.4024999999999999
0,14,1,2,-4.0,3,1.41,1.4,1.4029166666666668
18,21,1,2,2.4,5,1.41,1.4,1.4033333333333333
0,24,4,2,18.8,3,1.41,1.4,1.4037499999999998
14,27,0,2,11.7,3,1.41,1.4,1.4041666666666666
20,1,2,3,19.5,5,1.41,1.4,1.404583333333333
6,12,6,3,32.8,4,1.41,1.4,1.405
7,12,6,3,30.8,1,1.41,1.4,1.4054166666666665
11,18,5,3,2.5,2,1.41,1.4,1.4058333333333335
23,21,1,3,39.8,1,1.41,1.4,1.4062499999999998
4,3,0,4,-4.5,1,1.41,1.4,1.4066666666666665
9,15,5,4,-2.3,3,1.41,1.4,1.4070833333333332
22,20,3,4,-3.8,1,1.41,1.4,1.4075
21,25,1,4,36.5,5,1.41,1.4,1.4079166666666667
20,25,3,5,23.5,3,1.41,1.4,1.4083333333333334
17,27,5,5,31.1,5,1.41,1.4,1.4087499999999997
4,4,6,6,9.9,4,1.41,1.4,1.4091666666666667
16,6,1,6,39.8,2,1.41,1.4,1.4095833333333332
22,19,0,6,0.1,1,1.41,1.41,1.41
11,21,2,6,26.6,5,1.41,1.41,1.41
19,23,4,6,15.6,4,1.41,1.41,1.41
9,5,2,7,14.5,3,1.41,1.41,1.41
21,6,3,7,5.3,2,1.41,1.41,1.41
17,5,5,8,4.8,1,1.41,1.41,1.41
10,12,5,8,2.7,1,1.41,1.41,1.41
13,12,5,8,29.2,5,1.41,1.41,1.41
12,29,1,8,33.5,3,1.41,1.41,1.41
7,15,4,9,29.9,3,1.41,1.41,1.41
21,20,2,9,38.6,5,1.41,1.41,1.41
23,22,4,9,22.9,4,1.41,1.41,1.41
4,23,5,9,30.5,1,1.41,1.41,1.41
6,24,6,9,-3.3,3,1.41,1.41,1.41
6,26,1,9,32.1,2,1.41,1.41,1.41
8,27,2,9,13.8,1,1.41,1.41,1.41
21,27,2,9,7.8,3,1.41,1.41,1.41
22,29,4,9,22.9,4,1.41,1.41,1.41
10,1,6,10,9.6,4,1.41,1.41,1.41
0,2,0,10,37.9,5,1.41,1.41,1.41
22,12,3,10,30.9,4,1.41,1.41,1.41
1,24,1,10,-1.0,3,1.41,1.41,1.41
7,27,4,10,11.9,4,1.41,1.41,1.41
21,17,4,11,-9.9,5,1.41,1.41,1.41
8,19,6,11,22.2,2,1.41,1.41,1.41
18,26,6,11,-1.7,3,1.41,1.41,1.41
8,28,1,11,19.7,1,1.41,1.41,1.41
7,4,0,12,3.2,3,1.41,1.41,1.41
2,8,4,12,32.0,2,1.41,1.41,1.41
9,8,4,12,1.4,2,1.41,1.41,1.41
14,11,0,12,24.5,4,1.41,1.41,1.41
5,21,3,12,38.5,2,1.41,1.41,1.41
22,31,6,12,24.2,1,1.41,1.41,1.41
9,10,1,1,0.4,2,1.41,1.41,1.41
11,10,1,1,21.6,5,1.42,1.41,1.4104166666666667
22,10,1,1,23.6,2,1.42,1.41,1.410833333333333
10,12,3,1,5.0,4,1.42,1.41,1.41125
18,24,1,1,-4.0,3,1.42,1.41,1.4116666666666664
5,31,1,1,-3.9,5,1.42,1.41,1.4120833333333334
18,16,3,2,38.2,3,1.42,1.41,1.4124999999999996
9,17,4,2,31.6,1,1.42,1.41,1.4129166666666666
19,21,1,2,29.3,3,1.42,1.41,1.4133333333333333
21,26,6,2,5.5,5,1.42,1.41,1.41375
17,3,4,3,-4.4,1,1.42,1.41,1.4141666666666666
22,3,4,3,33.0,1,1.42,1.41,1.414583333333333
14,15,2,3,21.5,1,1.42,1.41,1.415
21,6,3,4,-0.7,1,1.42,1.41,1.4154166666666665
1,18,1,4,6.2,4,1.42,1.41,1.4158333333333333
8,18,1,4,5.8,2,1.42,1.41,1.4162499999999998
8,23,6,4,7.9,4,1.42,1.41,1.4166666666666667
10,24,0,4,38.3,5,1.42,1.41,1.4170833333333333
8,25,1,4,3.8,3,1.42,1.41,1.4174999999999998
7,26,2,4,27.6,4,1.42,1.41,1.4179166666666665
8,29,5,4,24.6,5,1.42,1.41,1.4183333333333332
2,11,3,5,26.3,2,1.42,1.41,1.41875
22,23,1,5,-7.8,2,1.42,1.41,1.4191666666666665
19,26,4,5,-2.8,4,1.42,1.41,1.419583333333333
7,29,0,5,9.2,2,1.42,1.42,1.42
19,29,0,5,35.8,1,1.42,1.42,1.42
13,1,3,6,24.2,4,1.42,1.42,1.42
6,3,5,6,2.0,4,1.42,1.42,1.42
8,8,3,6,15.1,1,1.42,1.42,1.42
17,20,1,6,-5.3,4,1.42,1.42,1.42
4,28,2,6,12.0,3,1.42,1.42,1.42
12,1,5,7,9.7,5,1.42,1.42,1.42
17,4,1,7,19.6,4,1.42,1.42,1.42
3,9,6,7,28.4,4,1.42,1.42,1.42
4,19,2,7,3.9,3,1.42,1.42,1.42
4,28,4,7,0.3,3,1.42,1.42,1.42
17,28,4,7,6.5,1,1.42,1.42,1.42
22,3,3,8,15.6,2,1.42,1.42,1.42
14,6,6,8,3.8,1,1.42,1.42,1.42
12,11,4,8,23.8,3,1.42,1.42,1.42
21,22,1,8,5.5,2,1.42,1.42,1.42
8,31,3,8,39.1,1,1.42,1.42,1.42
22,15,4,9,36.0,5,1.42,1.42,1.42
11,16,5,9,10.3,5,1.42,1.42,1.42
18,21,3,9,38.2,1,1.42,1.42,1.42
15,22,4,9,35.3,1,1.42,1.42,1.42
4,2,0,10,18.6,5,1.42,1.42,1.42
4,6,4,10,32.8,2,1.42,1.42,1.42
19,6,4,10,-6.4,2,1.42,1.42,1.42
6,7,5,10,27.7,1,1.42,1.42,1.42
22,2,3,11,-3.2,2,1.42,1.42,1.42
4,4,5,11,-3.1,3,1.42,1.42,1.42
1,13,0,11,32.4,5,1.42,1.42,1.42
3,2,5,12,-0.5,3,1.42,1.42,1.42
22,21,3,12,-5.7,1,1.42,1.42,1.42
17,29,4,12,37.6,5,1.42,1.42,1.42
17,29,4,12,28.2,5,1.42,1.42,1.42
19,22,6,1,17.4,3,1.42,1.42,1.42
15,26,3,1,1.0,4,1.43,1.42,1.4204166666666669
11,28,5,1,-3.0,4,1.43,1.42,1.4208333333333334
17,13,0,2,33.4,3,1.43,1.42,1.42125
3,14,1,2,3.9,5,1.43,1.42,1.4216666666666666
3,17,4,2,-2.0,5,1.43,1.42,1.4220833333333334
17,18,5,2,-6.9,1,1.43,1.42,1.4225
21,4,5,3,26.4,1,1.43,1.42,1.4229166666666666
18,8,2,3,20.4,2,1.43,1.42,1.4233333333333331
8,14,1,3,18.3,1,1.43,1.42,1.42375
5,21,1,3,24.8,5,1.43,1.42,1.4241666666666666
9,3,0,4,11.6,3,1.43,1.42,1.4245833333333333
7,4,1,4,11.0,1,1.43,1.42,1.4249999999999998
7,19,2,4,32.9,4,1.43,1.42,1.4254166666666668
16,26,2,4,5.1,1,1.43,1.42,1.4258333333333333
23,6,5,5,-0.7,5,1.43,1.42,1.4262499999999998
18,8,0,5,-5.9,5,1.43,1.42,1.4266666666666665
3,18,3,5,0.6,2,1.43,1.42,1.4270833333333333
15,12,0,6,30.8,5,1.43,1.42,1.4275
16,24,5,6,18.9,5,1.43,1.42,1.4279166666666665
9,27,1,6,14.6,1,1.43,1.42,1.428333333333333
6,11,1,7,24.6,5,1.43,1.42,1.42875
21,13,3,7,-3.7,3,1.43,1.42,1.4291666666666665
1,15,5,7,7.6,4,1.43,1.42,1.4295833333333332
21,17,0,7,5.8,5,1.43,1.43,1.43
4,21,4,7,-9.9,3,1.43,1.43,1.43
13,24,0,7,9.6,1,1.43,1.43,1.43
4,10,3,8,7.4,4,1.43,1.43,1.43
1,20,6,8,-7.0,2,1.43,1.43,1.43
1,27,6,8,10.1,1,1.43,1.43,1.43
17,31,3,8,4.1,3,1.43,1.43,1.43
4,10,6,9,21.3,3,1.43,1.43,1.43
20,11,0,9,33.2,4,1.43,1.43,1.43
19,14,3,9,25.2,5,1.43,1.43,1.43
15,19,1,9,-9.2,2,1.43,1.43,1.43
7,24,6,9,15.0,3,1.43,1.43,1.43
9,24,6,9,-1.8,4,1.43,1.43,1.43
15,4,2,10,38.9,2,1.43,1.43,1.43
3,18,2,10,34.7,5,1.43,1.43,1.43
19,19,3,10,29.6,4,1.43,1.43,1.43
7,28,5,10,8.6,3,1.43,1.43,1.43
5,11,5,11,4.9,4,1.43,1.43,1.43
1,17,4,11,12.6,3,1.43,1.43,1.43
15,24,4,11,29.3,2,1.43,1.43,1.43
1,27,0,11,-2.1,1,1.43,1.43,1.43
13,30,3,11,-6.1,2,1.43,1.43,1.43
19,18,0,12,-6.4,5,1.43,1.43,1.43
0,19,1,12,-1.8,3,1.43,1.43,1.43
19,20,2,12,-9.4,5,1.43,1.43,1.43
9,24,6,12,-8.6,4,1.43,1.43,1.43
13,24,6,12,29.2,2,1.43,1.43,1.43
18,28,3,12,36.8,5,1.43,1.43,1.43
3,8,6,1,8.8,1,1.43,1.43,1.43
13,16,0,1,-7.3,5,1.44,1.43,1.4304166666666667
2,18,2,1,10.9,2,1.44,1.43,1.4308333333333332
9,21,5,1,13.7,3,1.44,1.43,1.4312499999999997
0,28,5,1,3.4,4,1.44,1.43,1.4316666666666666
18,29,6,1,8.6,1,1.44,1.43,1.4320833333333332
21,31,1,1,19.2,2,1.44,1.43,1.4324999999999999
3,9,3,2,-3.2,5,1.44,1.43,1.4329166666666666
21,27,0,2,-4.4,5,1.44,1.43,1.4333333333333333
0,1,2,3,32.7,3,1.44,1.43,1.4337499999999999
20,2,3,3,-8.4,3,1.44,1.43,1.4341666666666664
19,4,5,3,31.5,1,1.44,1.43,1.4345833333333333
4,24,4,3,29.0,2,1.44,1.43,1.4349999999999998
4,14,4,4,-7.0,1,1.44,1.43,1.4354166666666666
11,14,4,4,32.6,4,1.44,1.43,1.4358333333333333
11,26,2,4,-6.5,5,1.44,1.43,1.43625
19,29,5,4,-3.3,3,1.44,1.43,1.4366666666666665
2,6,5,5,6.1,3,1.44,1.43,1.4370833333333335
7,16,1,5,38.1,2,1.44,1.43,1.4375
18,16,1,5,6.9,3,1.44,1.43,1.4379166666666665
21,23,1,5,-7.9,5,1.44,1.43,1.4383333333333335
21,23,1,5,-6.1,4,1.44,1.43,1.43875
16,25,3,5,39.5,5,1.44,1.43,1.4391666666666667
4,5,0,6,-4.9,1,1.44,1.43,1.4395833333333334
5,16,4,6,10.5,2,1.44,1.44,1.44
0,23,4,6,20.1,1,1.44,1.44,1.44
12,28,2,6,29.7,5,1.44,1.44,1.44
21,30,4,6,12.7,5,1.44,1.44,1.44
10,21,4,7,34.2,4,1.44,1.44,1.44
4,23,6,7,-5.0,5,1.44,1.44,1.44
8,25,1,7,4.4,2,1.44,1.44,1.44
14,31,0,7,25.4,1,1.44,1.44,1.44
0,20,6,8,34.6,5,1.44,1.44,1.44
5,22,1,8,22.6,5,1.44,1.44,1.44
2,4,0,9,1.9,5,1.44,1.44,1.44
14,12,1,9,22.7,2,1.44,1.44,1.44
5,15,4,9,-1.8,4,1.44,1.44,1.44
16,16,5,9,20.5,2,1.44,1.44,1.44
12,22,4,9,25.7,2,1.44,1.44,1.44
16,26,1,9,19.4,3,1.44,1.44,1.44
20,2,0,10,-2.1,5,1.44,1.44,1.44
7,4,2,10,-3.1,1,1.44,1.44,1.44
11,4,2,10,34.2,1,1.44,1.44,1.44
3,12,3,10,-9.4,1,1.44,1.44,1.44
18,20,4,10,1.3,4,1.44,1.44,1.44
18,23,0,10,22.2,4,1.44,1.44,1.44
1,24,1,10,14.0,4,1.44,1.44,1.44
13,26,3,10,17.6,2,1.44,1.44,1.44
16,3,4,11,32.5,3,1.44,1.44,1.44
8,11,5,11,24.2,4,1.44,1.44,1.44
20,19,6,11,35.3,3,1.44,1.44,1.44
5,26,6,11,-1.2,1,1.44,1.44,1.44
5,3,6,12,14.8,2,1.44,1.44,1.44
5,5,1,12,30.5,4,1.44,1.44,1.44
2,6,2,12,24.5,4,1.44,1.44,1.44
14,15,4,12,18.6,4,1.44,1.44,1.44
8,20,2,12,34.9,1,1.44,1.44,1.44
9,23,5,12,1.3,4,1.44,1.44,1.44
9,27,2,12,-5.6,3,1.44,1.44,1.44
11,4,2,1,-8.3,1,1.44,1.44,1.44
7,11,2,1,9.9,1,1.45,1.44,1.4404166666666665
17,11,2,1,10.7,3,1.45,1.44,1.4408333333333332
18,24,1,1,12.0,5,1.45,1.44,1.4412500000000001
11,28,5,1,26.2,2,1.45,1.44,1.4416666666666664
6,5,6,2,28.5,5,1.45,1.44,1.4420833333333334
22,12,6,2,16.4,1,1.45,1.44,1.4425
7,16,3,2,1.0,1,1.45,1.44,1.4429166666666668
19,17,4,2,39.1,4,1.45,1.44,1.4433333333333334
10,19,6,2,13.4,4,1.45,1.44,1.4437499999999999
10,25,5,2,3.0,3,1.45,1.44,1.4441666666666668
6,20,0,3,30.8,5,1.45,1.44,1.444583333333333
6,24,4,3,8.4,5,1.45,1.44,1.445
5,6,3,4,26.1,5,1.45,1.44,1.4454166666666666
21,12,2,4,19.0,1,1.45,1.44,1.445833333333333
10,18,1,4,-5.7,5,1.45,1.44,1.44625
15,23,6,4,12.6,2,1.45,1.44,1.4466666666666665
7,28,4,4,18.3,5,1.45,1.44,1.4470833333333333
14,16,1,5,33.8,5,1.45,1.44,1.4474999999999998
16,16,1,5,-4.1,2,1.45,1.44,1.4479166666666667
6,20,5,5,5.4,4,1.45,1.44,1.4483333333333333
20,30,1,5,18.1,2,1.45,1.44,1.4487499999999998
21,31,2,5,-1.0,3,1.45,1.44,1.4491666666666667
22,31,2,5,1.9,2,1.45,1.44,1.4495833333333332
3,4,6,6,31.9,5,1.45,1.45,1.45
6,15,3,6,36.6,4,1.45,1.45,1.45
17,15,3,6,9.3,4,1.45,1.45,1.45
12,20,1,6,26.9,1,1.45,1.45,1.45
19,23,4,6,21.3,1,1.45,1.45,1.45
12,4,1,7,28.8,3,1.45,1.45,1.45
13,8,5,7,18.3,3,1.45,1.45,1.45
1,12,2,7,34.4,4,1.45,1.45,1.45
22,13,3,7,14.6,1,1.45,1.45,1.45
10,22,5,7,36.7,4,1.45,1.45,1.45
10,3,3,8,15.0,4,1.45,1.45,1.45
6,13,6,8,5.3,1,1.45,1.45,1.45
15,14,0,8,10.4,2,1.45,1.45,1.45
15,20,6,8,13.4,2,1.45,1.45,1.45
22,31,3,8,3.1,3,1.45,1.45,1.45
4,7,3,9,9.1,2,1.45,1.45,1.45
17,11,0,9,-3.6,3,1.45,1.45,1.45
4,18,0,9,19.6,3,1.45,1.45,1.45
9,21,3,9,34.5,4,1.45,1.45,1.45
4,23,5,9,16.7,4,1.45,1.45,1.45
13,27,2,9,35.0,5,1.45,1.45,1.45
16,30,5,9,27.7,4,1.45,1.45,1.45
14,26,3,10,0.3,3,1.45,1.45,1.45
21,29,6,10,26.6,1,1.45,1.45,1.45
18,30,0,10,-6.4,4,1.45,1.45,1.45
22,5,6,11,9.4,2,1.45,1.45,1.45
19,11,5,11,19.4,5,1.45,1.45,1.45
4,16,3,11,36.7,5,1.45,1.45,1.45
6,18,5,11,5.6,3,1.45,1.45,1.45
19,27,0,11,12.7,2,1.45,1.45,1.45
15,5,1,12,22.5,4,1.45,1.45,1.45
22,9,5,12,28.2,4,1.45,1.45,1.45
5,14,3,12,-0.3,3,1.45,1.45,1.45
12,21,3,12,30.0,5,1.45,1.45,1.45
21,21,3,12,20.9,5,1.45,1.45,1.45
6,23,5,12,-4.7,5,1.45,1.45,1.45
14,24,6,12,12.9,3,1.45,1.45,1.45
7,25,0,12,4.6,1,1.45,1.45,1.45
2,1,6,1,35.4,1,1.45,1.45,1.45
1,3,1,1,13.8,4,1.46,1.45,1.4504166666666665
1,15,6,1,6.6,3,1.46,1.45,1.450833333333333
18,17,1,1,34.3,5,1.46,1.45,1.45125
22,20,4,1,32.2,1,1.46,1.45,1.4516666666666664
19,21,1,2,33.8,1,1.46,1.45,1.4520833333333334
21,4,5,3,31.1,4,1.46,1.45,1.4525
2,9,3,3,-1.9,1,1.46,1.45,1.4529166666666666
3,10,4,3,36.4,2,1.46,1.45,1.4533333333333334
18,11,5,3,7.4,5,1.46,1.45,1.4537499999999997
8,12,6,3,-6.3,1,1.46,1.45,1.4541666666666666
9,13,0,3,-7.9,5,1.46,1.45,1.4545833333333331
21,13,0,3,-7.6,3,1.46,1.45,1.455
1,16,3,3,-3.3,1,1.46,1.45,1.4554166666666666
11,20,0,3,-6.7,5,1.46,1.45,1.4558333333333333
5,23,3,3,6.5,5,1.46,1.45,1.45625
4,31,4,3,22.2,1,1.46,1.45,1.4566666666666668
7,5,2,4,33.1,1,1.46,1.45,1.4570833333333333
0,6,3,4,9.6,1,1.46,1.45,1.4574999999999998
7,8,5,4,31.9,4,1.46,1.45,1.4579166666666665
4,12,2,4,36.3,4,1.46,1.45,1.4583333333333333
12,15,5,4,4.4,5,1.46,1.45,1.45875
18,23,6,4,11.6,1,1.46,1.45,1.4591666666666667
3,2,1,5,0.0,2,1.46,1.45,1.4595833333333335
16,11,3,5,23.8,1,1.46,1.46,1.46
7,12,4,5,27.6,2,1.46,1.46,1.46
11,22,0,5,6.5,3,1.46,1.46,1.46
2,24,2,5,6.4,1,1.46,1.46,1.46
3,26,4,5,2.1,3,1.46,1.46,1.46
12,26,4,5,20.2,5,1.46,1.46,1.46
3,3,5,6,30.5,4,1.46,1.46,1.46
18,4,6,6,23.5,5,1.46,1.46,1.46
5,6,1,6,8.8,1,1.46,1.46,1.46
4,23,4,6,37.3,5,1.46,1.46,1.46
0,25,6,6,1.4,4,1.46,1.46,1.46
2,30,4,6,38.4,5,1.46,1.46,1.46
21,30,4,6,16.6,4,1.46,1.46,1.46
16,14,4,7,-8.6,4,1.46,1.46,1.46
20,14,4,7,18.6,3,1.46,1.46,1.46
22,28,4,7,0.0,2,1.46,1.46,1.46
7,8,1,8,5.6,4,1.46,1.46,1.46
6,9,2,8,-5.9,2,1.46,1.46,1.46
9,13,6,8,4.4,4,1.46,1.46,1.46
8,24,3,8,7.8,2,1.46,1.46,1.46
5,2,5,9,-8.6,2,1.46,1.46,1.46
22,4,0,9,22.2,4,1.46,1.46,1.46
7,6,2,9,4.3,4,1.46,1.46,1.46
12,7,3,9,-2.8,2,1.46,1.46,1.46
3,16,5,9,7.5,1,1.46,1.46,1.46
21,22,4,9,-7.1,4,1.46,1.46,1.46
16,26,1,9,-8.6,5,1.46,1.46,1.46
19,26,1,9,3.6,5,1.46,1.46,1.46
21,2,0,10,-7.0,4,1.46,1.46,1.46
10,4,2,10,4.2,1,1.46,1.46,1.46
5,5,3,10,16.8,3,1.46,1.46,1.46
0,15,6,10,10.2,2,1.46,1.46,1.46
4,19,3,10,17.7,2,1.46,1.46,1.46
14,9,3,11,-1.6,2,1.46,1.46,1.46
2,15,2,11,31.7,1,1.46,1.46,1.46
9,16,3,11,39.9,2,1.46,1.46,1.46
3,20,0,11,32.8,1,1.46,1.46,1.46
0,29,2,11,6.7,4,1.46,1.46,1.46
22,4,0,12,-1.3,5,1.46,1.46,1.46
10,6,2,12,14.9,3,1.46,1.46,1.46
22,12,1,12,8.2,1,1.46,1.46,1.46
18,17,6,12,-2.5,5,1.46,1.46,1.46
21,21,3,12,18.9,2,1.46,1.46,1.46
23,24,6,12,7.3,5,1.46,1.46,1.46
3,12,3,1,32.6,3,1.46,1.46,1.46
12,8,2,2,14.0,5,1.47,1.46,1.4604166666666665
22,12,6,2,21.3,3,1.47,1.46,1.4608333333333332
8,13,0,2,-7.2,2,1.47,1.46,1.46125
20,21,1,2,28.7,1,1.47,1.46,1.4616666666666667
19,22,2,2,-5.1,1,1.47,1.46,1.4620833333333334
12,25,5,2,-8.6,1,1.47,1.46,1.4625000000000001
9,1,2,3,6.6,3,1.47,1.46,1.4629166666666666
6,8,2,3,2.6,5,1.47,1.46,1.4633333333333332
22,8,2,3,6.3,5,1.47,1.46,1.4637499999999999
21,13,0,3,37.6,5,1.47,1.46,1.4641666666666666
1,14,1,3,-1.0,5,1.47,1.46,1.4645833333333333
22,14,1,3,18.0,5,1.47,1.46,1.4649999999999999
7,15,2,3,31.5,5,1.47,1.46,1.4654166666666668
4,18,5,3,36.7,5,1.47,1.46,1.4658333333333333
3,6,3,4,-4.5,5,1.47,1.46,1.4662499999999998
19,22,5,4,4.7,2,1.47,1.46,1.4666666666666668
9,24,0,4,-3.2,2,1.47,1.46,1.4670833333333333
12,27,3,4,-7.9,2,1.47,1.46,1.4675
4,7,6,5,6.5,2,1.47,1.46,1.4679166666666665
16,8,0,5,2.8,5,1.47,1.46,1.468333333333333
3,9,1,5,-7.8,3,1.47,1.46,1.46875
7,13,5,5,39.1,5,1.47,1.46,1.469166666666667
17,18,3,5,34.5,4,1.47,1.46,1.4695833333333335
0,3,5,6,-4.9,3,1.47,1.47,1.47
9,3,5,6,24.0,5,1.47,1.47,1.47
14,12,0,6,32.7,1,1.47,1.47,1.47
12,17,5,6,27.0,3,1.47,1.47,1.47
17,23,4,6,13.2,4,1.47,1.47,1.47
0,24,5,6,39.3,1,1.47,1.47,1.47
7,2,6,7,21.6,5,1.47,1.47,1.47
2,3,0,7,27.8,5,1.47,1.47,1.47
22,7,4,7,-9.7,3,1.47,1.47,1.47
21,14,4,7,14.5,1,1.47,1.47,1.47
4,16,6,7,-7.9,5,1.47,1.47,1.47
19,17,0,7,-4.5,5,1.47,1.47,1.47
6,22,5,7,14.9,1,1.47,1.47,1.47
2,6,6,8,26.4,1,1.47,1.47,1.47
11,7,0,8,4.6,1,1.47,1.47,1.47
15,8,1,8,1.8,4,1.47,1.47,1.47
15,12,5,8,13.8,1,1.47,1.47,1.47
20,25,4,8,17.0,4,1.47,1.47,1.47
2,27,6,8,20.0,4,1.47,1.47,1.47
23,1,4,9,6.9,5,1.47,1.47,1.47
7,7,3,9,27.5,3,1.47,1.47,1.47
22,12,1,9,1.8,1,1.47,1.47,1.47
2,17,6,9,30.2,4,1.47,1.47,1.47
8,25,0,9,20.0,1,1.47,1.47,1.47
0,6,4,10,-2.6,2,1.47,1.47,1.47
13,11,2,10,24.7,1,1.47,1.47,1.47
10,13,4,10,27.2,2,1.47,1.47,1.47
16,17,1,10,-0.6,5,1.47,1.47,1.47
3,21,5,10,28.6,1,1.47,1.47,1.47
11,25,2,10,38.3,3,1.47,1.47,1.47
22,25,2,10,16.7,1,1.47,1.47,1.47
19,9,3,11,15.9,4,1.47,1.47,1.47
18,15,2,11,7.5,2,1.47,1.47,1.47
21,29,2,11,34.5,4,1.47,1.47,1.47
20,5,1,12,-7.6,4,1.47,1.47,1.47
11,9,5,12,22.5,4,1.47,1.47,1.47
19,13,2,12,14.9,1,1.47,1.47,1.47
8,24,6,12,-1.7,4,1.47,1.47,1.47
22,28,3,12,35.1,1,1.47,1.47,1.47
4,11,2,1,19.5,5,1.47,1.47,1.47
1,3,4,2,1.8,3,1.48,1.47,1.4704166666666667
16,11,5,2,-0.7,2,1.48,1.47,1.4708333333333332
7,6,0,3,39.9,1,1.48,1.47,1.4712499999999997
3,13,0,3,36.0,4,1.48,1.47,1.4716666666666667
7,13,0,3,25.0,3,1.48,1.47,1.4720833333333332
8,16,3,3,25.8,2,1.48,1.47,1.4725000000000001
0,22,2,3,26.1,4,1.48,1.47,1.4729166666666667
2,4,1,4,12.1,4,1.48,1.47,1.4733333333333334
1,7,4,4,30.2,1,1.48,1.47,1.47375
6,25,1,4,16.7,2,1.48,1.47,1.4741666666666664
2,27,3,4,-5.8,4,1.48,1.47,1.4745833333333334
18,2,1,5,33.1,1,1.48,1.47,1.4749999999999999
17,6,5,5,38.0,5,1.48,1.47,1.4754166666666668
3,13,5,5,25.0,3,1.48,1.47,1.4758333333333333
2,14,6,5,-2.9,2,1.48,1.47,1.4762499999999996
4,14,6,5,22.2,5,1.48,1.47,1.4766666666666666
16,23,1,5,5.1,2,1.48,1.47,1.477083333333333
0,30,1,5,9.1,1,1.48,1.47,1.4775
23,30,1,5,-6.1,3,1.48,1.47,1.4779166666666665
2,8,3,6,10.6,4,1.48,1.47,1.4783333333333335
12,9,4,6,34.8,2,1.48,1.47,1.47875
9,12,0,6,2.9,2,1.48,1.47,1.4791666666666667
1,14,2,6,14.2,3,1.48,1.47,1.4795833333333333
10,14,2,6,20.9,2,1.48,1.48,1.48
7,16,4,6,21.5,2,1.48,1.48,1.48
16,28,2,6,32.0,4,1.48,1.48,1.48
20,7,4,7,26.5,2,1.48,1.48,1.48
22,9,6,7,-7.4,4,1.48,1.48,1.48
10,11,1,7,6.5,3,1.48,1.48,1.48
11,12,2,7,36.9,3,1.48,1.48,1.48
20,15,5,7,38.3,5,1.48,1.48,1.48
12,23,6,7,2.5,2,1.48,1.48,1.48
5,25,1,7,7.7,4,1.48,1.48,1.48
17,28,4,7,27.1,2,1.48,1.48,1.48
8,2,2,8,37.1,1,1.48,1.48,1.48
11,5,5,8,-2.7,3,1.48,1.48,1.48
8,6,6,8,35.8,4,1.48,1.48,1.48
0,1,4,9,29.5,5,1.48,1.48,1.48
12,9,5,9,-2.3,3,1.48,1.48,1.48
11,10,6,9,0.9,3,1.48,1.48,1.48
23,21,3,9,24.5,2,1.48,1.48,1.48
11,26,1,9,1.8,2,1.48,1.48,1.48
21,3,1,10,-6.7,3,1.48,1.48,1.48
1,5,3,10,-4.7,5,1.48,1.48,1.48
15,10,1,10,16.7,2,1.48,1.48,1.48
20,10,1,10,14.6,3,1.48,1.48,1.48
5,11,2,10,30.6,4,1.48,1.48,1.48
13,14,5,10,3.0,1,1.48,1.48,1.48
1,15,6,10,0.9,3,1.48,1.48,1.48
17,24,1,10,15.8,3,1.48,1.48,1.48
16,6,0,11,11.0,4,1.48,1.48,1.48
11,8,2,11,-8.0,2,1.48,1.48,1.48
1,11,5,11,-8.7,3,1.48,1.48,1.48
23,20,0,11,12.4,1,1.48,1.48,1.48
6,24,4,11,13.2,2,1.48,1.48,1.48
6,30,3,11,2.5,5,1.48,1.48,1.48
18,4,0,12,39.6,2,1.48,1.48,1.48
23,23,5,12,3.2,2,1.48,1.48,1.48
23,25,0,12,6.9,1,1.48,1.48,1.48
21,11,2,1,22.7,2,1.48,1.48,1.48
15,21,5,1,39.8,3,1.49,1.48,1.4804166666666667
1,27,4,1,2.4,1,1.49,1.48,1.4808333333333332
18,31,1,1,-3.3,5,1.49,1.48,1.48125
21,1,2,2,-9.9,3,1.49,1.48,1.4816666666666667
2,2,3,2,9.3,4,1.49,1.48,1.4820833333333334
8,5,6,2,37.3,3,1.49,1.48,1.4825
11,7,1,2,24.2,1,1.49,1.48,1.4829166666666664
12,11,5,2,1.9,3,1.49,1.48,1.4833333333333334
1,13,0,2,34.5,5,1.49,1.48,1.48375
19,15,2,2,15.6,5,1.49,1.48,1.4841666666666666
13,21,1,2,26.5,4,1.49,1.48,1.4845833333333334
20,22,2,2,8.1,1,1.49,1.48,1.485
14,2,3,3,28.1,2,1.49,1.48,1.4854166666666668
10,5,6,3,16.0,5,1.49,1.48,1.4858333333333331
22,14,1,3,4.2,1,1.49,1.48,1.48625
4,19,6,3,16.0,4,1.49,1.48,1.4866666666666666
16,2,6,4,0.3,4,1.49,1.48,1.4870833333333333
15,22,5,4,24.5,1,1.49,1.48,1.4874999999999998
6,6,5,5,30.7,5,1.49,1.48,1.4879166666666668
15,9,1,5,34.1,1,1.49,1.48,1.4883333333333335
12,21,6,5,-0.1,5,1.49,1.48,1.4887499999999998
0,23,1,5,27.3,2,1.49,1.48,1.4891666666666667
13,23,1,5,20.0,2,1.49,1.48,1.4895833333333333
5,24,2,5,17.0,4,1.49,1.49,1.49
8,28,6,5,-5.6,3,1.49,1.49,1.49
21,5,0,6,5.0,1,1.49,1.49,1.49
0,16,4,6,35.1,1,1.49,1.49,1.49
13,1,5,7,13.1,1,1.49,1.49,1.49
22,12,2,7,18.7,4,1.49,1.49,1.49
3,13,3,7,18.9,5,1.49,1.49,1.49
14,18,1,7,24.0,1,1.49,1.49,1.49
9,25,1,7,25.8,3,1.49,1.49,1.49
16,26,2,7,-3.0,4,1.49,1.49,1.49
20,29,5,7,1.3,5,1.49,1.49,1.49
21,2,2,8,39.4,1,1.49,1.49,1.49
16,3,3,8,33.2,3,1.49,1.49,1.49
10,8,1,8,0.8,4,1.49,1.49,1.49
3,12,5,8,8.7,3,1.49,1.49,1.49
14,12,5,8,-5.6,2,1.49,1.49,1.49
14,16,2,8,9.6,1,1.49,1.49,1.49
18,21,0,8,36.5,5,1.49,1.49,1.49
2,23,2,8,28.2,5,1.49,1.49,1.49
18,23,2,8,5.8,1,1.49,1.49,1.49
0,29,1,8,5.8,4,1.49,1.49,1.49
5,9,5,9,11.2,5,1.49,1.49,1.49
20,13,2,9,10.5,1,1.49,1.49,1.49
23,27,2,9,-4.6,2,1.49,1.49,1.49
20,28,3,9,31.6,5,1.49,1.49,1.49
1,1,6,10,34.6,1,1.49,1.49,1.49
22,1,6,10,26.6,3,1.49,1.49,1.49
1,2,0,10,9.7,1,1.49,1.49,1.49
21,6,4,10,9.6,3,1.49,1.49,1.49
1,7,5,10,15.7,1,1.49,1.49,1.49
8,21,5,10,12.9,1,1.49,1.49,1.49
23,28,5,10,15.4,5,1.49,1.49,1.49
12,2,3,11,28.3,5,1.49,1.49,1.49
10,4,5,11,18.5,1,1.49,1.49,1.49
7,16,3,11,-8.0,3,1.49,1.49,1.49
3,23,3,11,3.5,5,1.49,1.49,1.49
2,28,1,11,-9.2,5,1.49,1.49,1.49
16,30,3,11,9.0,1,1.49,1.49,1.49
1,5,1,12,17.8,2,1.49,1.49,1.49
6,20,2,12,34.9,1,1.49,1.49,1.49
10,27,2,12,-4.4,1,1.49,1.49,1.49
15,2,0,1,-0.1,1,1.49,1.49,1.49
18,3,1,1,16.1,4,1.5,1.49,1.4904166666666667
9,18,2,1,26.2,4,1.5,1.49,1.4908333333333335
3,19,3,1,26.7,2,1.5,1.49,1.49125
20,22,6,1,-3.8,3,1.5,1.49,1.4916666666666665
0,7,1,2,1.0,5,1.5,1.49,1.4920833333333334
20,19,6,2,-2.8,5,1.5,1.49,1.4925
12,7,1,3,-6.7,2,1.5,1.49,1.4929166666666667
16,11,5,3,12.3,5,1.5,1.49,1.4933333333333334
8,23,3,3,1.7,3,1.5,1.49,1.4937500000000001
19,28,1,3,20.5,2,1.5,1.49,1.4941666666666666
14,6,3,4,27.0,3,1.5,1.49,1.4945833333333332
23,15,5,4,20.9,2,1.5,1.49,1.495
19,24,0,4,19.8,2,1.5,1.49,1.4954166666666666
19,26,2,4,7.8,5,1.5,1.49,1.4958333333333333
13,27,3,4,-8.1,2,1.5,1.49,1.49625
7,30,6,4,24.4,3,1.5,1.49,1.4966666666666668
8,10,2,5,36.2,5,1.5,1.49,1.4970833333333333
15,17,2,5,11.0,3,1.5,1.49,1.4974999999999998
6,20,5,5,9.0,3,1.5,1.49,1.4979166666666668
0,12,0,6,22.4,4,1.5,1.49,1.4983333333333333
10,13,1,6,-3.0,5,1.5,1.49,1.49875
0,20,1,6,23.9,3,1.5,1.49,1.4991666666666668
21,22,3,6,28.6,5,1.5,1.49,1.4995833333333335
6,24,5,6,27.0,1,1.5,1.5,1.5
8,26,0,6,12.4,5,1.5,1.5,1.5
5,2,6,7,28.9,3,1.5,1.5,1.5
7,2,6,7,38.5,1,1.5,1.5,1.5
1,4,1,7,35.7,4,1.5,1.5,1.5
19,8,5,7,5.7,5,1.5,1.5,1.5
3,21,4,7,21.8,1,1.5,1.5,1.5
14,28,4,7,3.7,2,1.5,1.5,1.5
19,22,1,8,16.6,5,1.5,1.5,1.5
13,26,5,8,11.0,2,1.5,1.5,1.5
22,27,6,8,26.2,3,1.5,1.5,1.5
7,30,2,8,-2.7,1,1.5,1.5,1.5
23,31,3,8,10.8,1,1.5,1.5,1.5
23,1,4,9,7.8,3,1.5,1.5,1.5
4,10,6,9,32.9,1,1.5,1.5,1.5
13,10,6,9,18.0,3,1.5,1.5,1.5
6,11,0,9,14.0,2,1.5,1.5,1.5
15,13,2,9,13.0,4,1.5,1.5,1.5
23,19,1,9,-9.4,1,1.5,1.5,1.5
4,23,5,9,29.7,1,1.5,1.5,1.5
9,7,5,10,35.9,1,1.5,1.5,1.5
10,7,5,10,34.4,5,1.5,1.5,1.5
0,10,1,10,28.8,1,1.5,1.5,1.5
12,13,4,10,-5.8,4,1.5,1.5,1.5
23,13,4,10,16.7,5,1.5,1.5,1.5
9,19,3,10,23.3,5,1.5,1.5,1.5
6,21,5,10,37.3,3,1.5,1.5,1.5
15,24,4,11,3.9,2,1.5,1.5,1.5
3,26,6,11,0.4,5,1.5,1.5,1.5
4,24,6,12,31.4,1,1.5,1.5,1.5
11,28,3,12,-6.0,5,1.5,1.5,1.5
18,3,1,1,4.1,1,1.5,1.5,1.5
15,4,2,1,22.1,1,1.51,1.5,1.5004166666666665
0,11,2,1,22.2,5,1.51,1.5,1.5008333333333332
13,11,2,1,-2.6,4,1.51,1.5,1.50125
2,12,3,1,9.7,2,1.51,1.5,1.5016666666666667
2,12,3,1,10.8,1,1.51,1.5,1.5020833333333332
10,13,4,1,25.2,2,1.51,1.5,1.5025000000000002
13,4,5,2,39.8,2,1.51,1.5,1.5029166666666667
8,5,6,2,3.1,3,1.51,1.5,1.5033333333333332
2,9,3,2,0.1,1,1.51,1.5,1.50375
5,9,3,2,27.3,2,1.51,1.5,1.5041666666666667
8,11,5,2,12.1,1,1.51,1.5,1.5045833333333334
10,12,6,2,29.4,2,1.51,1.5,1.505
6,21,1,2,14.8,5,1.51,1.5,1.5054166666666668
13,22,2,2,37.1,4,1.51,1.5,1.5058333333333334
4,8,2,3,-7.3,3,1.51,1.5,1.5062499999999999
7,8,2,3,-5.4,5,1.51,1.5,1.5066666666666666
4,11,5,3,-7.6,3,1.51,1.5,1.5070833333333333
15,18,5,3,29.2,2,1.51,1.5,1.5075
4,3,0,4,15.9,1,1.51,1.5,1.5079166666666666
16,8,5,4,24.5,1,1.51,1.5,1.5083333333333335
0,20,3,4,15.0,5,1.51,1.5,1.50875
6,27,3,4,-2.2,3,1.51,1.5,1.5091666666666665
0,29,5,4,28.9,5,1.51,1.5,1.5095833333333333
7,30,6,4,15.3,5,1.51,1.51,1.51
5,14,6,5,23.6,1,1.51,1.51,1.51
19,14,6,5,35.4,4,1.51,1.51,1.51
9,15,3,6,-6.8,2,1.51,1.51,1.51
22,2,6,7,2.5,1,1.51,1.51,1.51
10,14,4,7,18.9,1,1.51,1.51,1.51
21,18,1,7,16.1,3,1.51,1.51,1.51
22,19,2,7,26.2,1,1.51,1.51,1.51
20,29,5,7,11.6,4,1.51,1.51,1.51
19,8,1,8,36.2,5,1.51,1.51,1.51
0,11,4,8,27.9,3,1.51,1.51,1.51
0,18,4,8,32.0,2,1.51,1.51,1.51
6,20,6,8,23.1,1,1.51,1.51,1.51
11,21,0,8,39.0,1,1.51,1.51,1.51
8,27,6,8,29.4,3,1.51,1.51,1.51
13,31,3,8,25.4,3,1.51,1.51,1.51
0,1,4,9,-4.6,5,1.51,1.51,1.51
6,12,1,9,25.3,1,1.51,1.51,1.51
18,29,4,9,16.3,3,1.51,1.51,1.51
2,3,1,10,16.1,2,1.51,1.51,1.51
11,16,0,10,4.1,4,1.51,1.51,1.51
16,18,2,10,0.9,4,1.51,1.51,1.51
6,28,5,10,38.5,4,1.51,1.51,1.51
3,30,0,10,-4.8,2,1.51,1.51,1.51
8,21,1,11,-8.5,4,1.51,1.51,1.51
10,3,6,12,7.0,4,1.51,1.51,1.51
6,6,2,12,4.7,1,1.51,1.51,1.51
16,9,5,12,-9.7,5,1.51,1.51,1.51
0,1,6,1,6.1,2,1.51,1.51,1.51
7,1,6,1,30.4,2,1.52,1.51,1.5104166666666667
2,3,1,1,29.3,4,1.52,1.51,1.5108333333333335
17,13,4,1,32.6,2,1.52,1.51,1.5112499999999998
7,18,2,1,22.1,1,1.52,1.51,1.5116666666666667
20,20,4,1,25.0,5,1.52,1.51,1.5120833333333332
5,10,4,2,25.5,2,1.52,1.51,1.5125000000000002
5,16,3,2,17.7,4,1.52,1.51,1.5129166666666665
9,22,2,2,1.0,3,1.52,1.51,1.5133333333333334
1,23,3,2,3.9,5,1.52,1.51,1.5137500000000002
16,2,3,3,15.3,4,1.52,1.51,1.5141666666666664
13,5,6,3,11.2,3,1.52,1.51,1.5145833333333334
19,8,2,3,13.0,3,1.52,1.51,1.515
17,18,5,3,-3.2,5,1.52,1.51,1.5154166666666669
11,27,0,3,37.6,1,1.52,1.51,1.5158333333333331
18,31,4,3,31.6,3,1.52,1.51,1.51625
13,7,4,4,37.7,3,1.52,1.51,1.5166666666666668
8,18,1,4,19.4,5,1.52,1.51,1.5170833333333331
14,18,1,4,-9.2,4,1.52,1.51,1.5175
16,18,1,4,20.0,4,1.52,1.51,1.5179166666666666
5,21,4,4,21.8,2,1.52,1.51,1.5183333333333335
23,23,6,4,6.4,3,1.52,1.51,1.5187499999999998
16,28,4,4,4.2,5,1.52,1.51,1.5191666666666668
6,28,6,5,9.6,5,1.52,1.51,1.5195833333333333
21,29,0,5,5.1,1,1.52,1.52,1.52
10,30,1,5,16.1,2,1.52,1.52,1.52
21,1,3,6,27.1,5,1.52,1.52,1.52
7,7,2,6,23.6,3,1.52,1.52,1.52
15,13,1,6,35.7,3,1.52,1.52,1.52
3,16,4,6,25.0,5,1.52,1.52,1.52
20,2,6,7,14.0,2,1.52,1.52,1.52
21,27,3,7,23.0,5,1.52,1.52,1.52
23,30,6,7,17.7,2,1.52,1.52,1.52
2,7,0,8,38.5,1,1.52,1.52,1.52
20,10,3,8,17.4,3,1.52,1.52,1.52
21,14,0,8,-4.6,2,1.52,1.52,1.52
19,22,1,8,-7.8,2,1.52,1.52,1.52
4,11,0,9,2.2,1,1.52,1.52,1.52
13,27,2,9,4.2,4,1.52,1.52,1.52
2,2,0,10,-7.8,2,1.52,1.52,1.52
12,13,4,10,11.2,2,1.52,1.52,1.52
22,13,4,10,-2.1,5,1.52,1.52,1.52
2,23,0,10,30.7,4,1.52,1.52,1.52
6,23,0,10,0.0,2,1.52,1.52,1.52
9,25,2,10,11.8,1,1.52,1.52,1.52
9,4,5,11,35.9,1,1.52,1.52,1.52
5,16,3,11,35.7,5,1.52,1.52,1.52
21,18,5,11,2.8,4,1.52,1.52,1.52
20,10,6,12,-3.2,1,1.52,1.52,1.52
14,14,3,12,2.0,4,1.52,1.52,1.52
11,16,5,12,-3.5,3,1.52,1.52,1.52
12,17,6,12,35.9,2,1.52,1.52,1.52
11,29,4,12,24.4,3,1.52,1.52,1.52
12,31,6,12,15.7,4,1.52,1.52,1.52
15,2,0,1,11.0,3,1.52,1.52,1.52
21,11,2,1,-3.7,4,1.53,1.52,1.5204166666666667
11,21,5,1,37.1,4,1.53,1.52,1.5208333333333333
16,22,6,1,9.1,3,1.53,1.52,1.52125
9,24,1,1,-4.7,4,1.53,1.52,1.5216666666666665
5,8,2,2,4.3,2,1.53,1.52,1.5220833333333335
16,9,3,2,9.3,2,1.53,1.52,1.5225
9,10,4,2,28.7,5,1.53,1.52,1.522916666666667
3,12,6,2,33.3,4,1.53,1.52,1.5233333333333334
1,16,3,2,34.5,1,1.53,1.52,1.5237500000000004
19,20,0,2,29.1,3,1.53,1.52,1.5241666666666667
11,21,1,2,36.1,1,1.53,1.52,1.5245833333333332
16,26,6,2,17.2,1,1.53,1.52,1.5250000000000001
15,5,6,3,30.1,3,1.53,1.52,1.5254166666666666
21,8,2,3,27.1,5,1.53,1.52,1.5258333333333336
18,13,0,3,37.7,5,1.53,1.52,1.52625
17,20,0,3,22.5,3,1.53,1.52,1.5266666666666666
7,24,4,3,-1.2,2,1.53,1.52,1.5270833333333333
8,25,5,3,20.0,1,1.53,1.52,1.5274999999999999
3,1,5,4,17.8,3,1.53,1.52,1.5279166666666668
20,5,2,4,37.8,4,1.53,1.52,1.5283333333333333
5,9,6,4,39.8,3,1.53,1.52,1.5287500000000003
1,10,0,4,7.3,2,1.53,1.52,1.5291666666666666
8,13,3,4,27.8,5,1.53,1.52,1.5295833333333333
22,23,6,4,29.3,5,1.53,1.53,1.53
19,24,0,4,23.1,3,1.53,1.53,1.53
10,9,1,5,26.0,5,1.53,1.53,1.53
16,18,3,5,29.3,1,1.53,1.53,1.53
13,1,3,6,11.5,3,1.53,1.53,1.53
13,1,3,6,11.9,1,1.53,1.53,1.53
17,6,1,6,20.7,2,1.53,1.53,1.53
5,11,6,6,17.9,1,1.53,1.53,1.53
1,15,3,6,27.4,3,1.53,1.53,1.53
10,19,0,6,-7.6,2,1.53,1.53,1.53
4,23,4,6,7.5,5,1.53,1.53,1.53
19,30,4,6,3.0,4,1.53,1.53,1.53
15,21,4,7,1.2,2,1.53,1.53,1.53
0,27,3,7,14.0,3,1.53,1.53,1.53
15,31,0,7,11.7,1,1.53,1.53,1.53
8,23,2,8,16.5,2,1.53,1.53,1.53
2,28,0,8,34.1,1,1.53,1.53,1.53
16,28,0,8,31.8,3,1.53,1.53,1.53
17,31,3,8,-7.9,4,1.53,1.53,1.53
13,4,0,9,2.5,2,1.53,1.53,1.53
13,5,1,9,7.3,1,1.53,1.53,1.53
18,10,6,9,0.7,2,1.53,1.53,1.53
15,18,0,9,39.4,1,1.53,1.53,1.53
18,23,5,9,28.5,2,1.53,1.53,1.53
0,4,2,10,-6.4,3,1.53,1.53,1.53
7,8,6,10,39.0,3,1.53,1.53,1.53
0,11,2,10,26.9,2,1.53,1.53,1.53
21,13,4,10,39.3,5,1.53,1.53,1.53
6,15,6,10,32.8,3,1.53,1.53,1.53
6,17,1,10,38.5,4,1.53,1.53,1.53
18,22,6,10,19.9,3,1.53,1.53,1.53
15,31,1,10,-4.7,2,1.53,1.53,1.53
6,2,3,11,24.2,3,1.53,1.53,1.53
22,4,5,11,26.2,2,1.53,1.53,1.53
5,8,2,11,23.8,2,1.53,1.53,1.53
2,16,3,11,24.0,1,1.53,1.53,1.53
12,29,2,11,-3.1,5,1.53,1.53,1.53
10,7,3,12,-2.0,2,1.53,1.53,1.53
3,18,0,12,-4.1,5,1.53,1.53,1.53
10,19,1,12,1.8,3,1.53,1.53,1.53
20,2,0,1,9.2,4,1.53,1.53,1.53
12,3,1,1,-2.2,1,1.54,1.53,1.5304166666666665
11,15,6,1,-8.7,5,1.54,1.53,1.5308333333333335
21,19,3,1,24.7,5,1.54,1.53,1.53125
6,24,1,1,27.9,3,1.54,1.53,1.5316666666666665
3,27,4,1,-9.9,4,1.54,1.53,1.5320833333333335
10,29,6,1,36.8,5,1.54,1.53,1.5325
0,30,0,1,27.9,2,1.54,1.53,1.5329166666666667
8,30,0,1,33.4,1,1.54,1.53,1.5333333333333334
1,2,3,2,23.8,2,1.54,1.53,1.5337500000000002
9,3,4,2,37.5,4,1.54,1.53,1.5341666666666667
23,18,5,2,21.0,3,1.54,1.53,1.5345833333333332
5,20,0,2,0.9,4,1.54,1.53,1.535
16,1,2,3,29.9,1,1.54,1.53,1.5354166666666667
9,2,3,3,-7.0,1,1.54,1.53,1.5358333333333336
21,5,6,3,36.1,3,1.54,1.53,1.5362500000000001
8,12,6,3,6.3,3,1.54,1.53,1.5366666666666668
2,13,0,3,-7.8,5,1.54,1.53,1.5370833333333334
4,23,3,3,22.0,3,1.54,1.53,1.5374999999999999
22,26,6,3,1.4,3,1.54,1.53,1.5379166666666666
17,3,0,4,24.9,1,1.54,1.53,1.538333333333333
14,11,1,4,-5.2,5,1.54,1.53,1.5387500000000003
17,13,3,4,20.2,5,1.54,1.53,1.5391666666666668
6,17,2,5,31.3,4,1.54,1.53,1.5395833333333335
3,19,4,5,15.4,1,1.54,1.54,1.54
16,20,5,5,-6.3,4,1.54,1.54,1.54
3,25,3,5,33.3,4,1.54,1.54,1.54
1,6,1,6,7.6,1,1.54,1.54,1.54
19,8,3,6,5.0,5,1.54,1.54,1.54
19,14,2,6,-5.4,5,1.54,1.54,1.54
22,22,3,6,24.5,2,1.54,1.54,1.54
16,30,4,6,5.9,3,1.54,1.54,1.54
16,7,4,7,6.8,4,1.54,1.54,1.54
0,21,4,7,13.5,2,1.54,1.54,1.54
2,14,0,8,34.4,1,1.54,1.54,1.54
23,17,3,8,-7.6,5,1.54,1.54,1.54
9,23,2,8,10.7,4,1.54,1.54,1.54
14,26,5,8,24.6,1,1.54,1.54,1.54
0,30,2,8,23.1,4,1.54,1.54,1.54
7,3,6,9,-4.9,2,1.54,1.54,1.54
14,26,1,9,22.8,2,1.54,1.54,1.54
4,29,4,9,6.0,5,1.54,1.54,1.54
5,9,0,10,-9.1,3,1.54,1.54,1.54
16,12,3,10,11.9,1,1.54,1.54,1.54
7,15,6,10,0.9,1,1.54,1.54,1.54
4,16,0,10,39.5,5,1.54,1.54,1.54
15,19,3,10,23.2,1,1.54,1.54,1.54
19,2,3,11,14.9,5,1.54,1.54,1.54
3,3,4,11,-1.6,1,1.54,1.54,1.54
10,7,1,11,-9.2,4,1.54,1.54,1.54
11,14,1,11,13.5,4,1.54,1.54,1.54
2,16,3,11,23.7,1,1.54,1.54,1.54
18,9,5,12,25.8,3,1.54,1.54,1.54
4,14,3,12,27.8,2,1.54,1.54,1.54
19,21,3,12,29.8,4,1.54,1.54,1.54
23,3,1,1,8.7,3,1.54,1.54,1.54
14,4,2,1,8.0,2,1.55,1.54,1.5404166666666665
11,5,3,1,13.8,2,1.55,1.54,1.5408333333333335
4,7,5,1,-6.0,1,1.55,1.54,1.54125
2,15,6,1,25.6,1,1.55,1.54,1.5416666666666667
12,17,1,1,6.6,4,1.55,1.54,1.5420833333333335
4,23,0,1,17.1,2,1.55,1.54,1.5424999999999998
1,27,4,1,35.9,2,1.55,1.54,1.5429166666666667
8,28,5,1,4.9,1,1.55,1.54,1.5433333333333332
12,4,5,2,-2.0,2,1.55,1.54,1.54375
7,15,2,2,36.4,2,1.55,1.54,1.5441666666666667
18,24,4,2,-3.2,2,1.55,1.54,1.5445833333333334
15,6,0,3,9.6,1,1.55,1.54,1.5450000000000002
22,6,0,3,35.7,1,1.55,1.54,1.5454166666666669
0,9,3,3,19.6,1,1.55,1.54,1.5458333333333332
12,14,1,3,36.7,4,1.55,1.54,1.54625
12,31,4,3,13.3,2,1.55,1.54,1.5466666666666666
1,17,0,4,30.1,3,1.55,1.54,1.5470833333333334
0,28,4,4,7.9,3,1.55,1.54,1.5475
14,28,4,4,38.2,1,1.55,1.54,1.5479166666666668
13,29,5,4,9.8,4,1.55,1.54,1.5483333333333336
2,14,6,5,-0.9,1,1.55,1.54,1.54875
3,21,6,5,28.3,5,1.55,1.54,1.5491666666666666
11,21,6,5,24.7,2,1.55,1.54,1.5495833333333333
11,13,1,6,13.7,4,1.55,1.55,1.55
12,17,5,6,-4.7,3,1.55,1.55,1.55
22,24,5,6,-9.4,1,1.55,1.55,1.55
12,27,1,6,-0.5,1,1.55,1.55,1.55
2,3,0,7,9.0,4,1.55,1.55,1.55
4,5,2,7,0.3,1,1.55,1.55,1.55
8,6,3,7,3.6,1,1.55,1.55,1.55
2,9,6,7,12.2,3,1.55,1.55,1.55
23,10,0,7,24.2,4,1.55,1.55,1.55
2,21,4,7,-4.7,3,1.55,1.55,1.55
9,21,4,7,36.5,3,1.55,1.55,1.55
10,28,4,7,22.8,4,1.55,1.55,1.55
2,29,5,7,38.0,3,1.55,1.55,1.55
12,2,2,8,15.9,5,1.55,1.55,1.55
14,7,0,8,14.1,2,1.55,1.55,1.55
16,7,0,8,26.0,3,1.55,1.55,1.55
14,17,3,8,18.5,3,1.55,1.55,1.55
1,26,5,8,31.9,1,1.55,1.55,1.55
6,31,3,8,18.1,1,1.55,1.55,1.55
0,3,6,9,-2.5,5,1.55,1.55,1.55
22,17,6,9,-6.2,5,1.55,1.55,1.55
8,19,1,9,20.3,4,1.55,1.55,1.55
2,23,5,9,10.7,3,1.55,1.55,1.55
3,25,0,9,30.0,3,1.55,1.55,1.55
11,26,1,9,-7.1,4,1.55,1.55,1.55
18,29,4,9,9.9,5,1.55,1.55,1.55
8,30,5,9,-4.7,1,1.55,1.55,1.55
2,6,4,10,16.1,5,1.55,1.55,1.55
6,7,5,10,36.9,4,1.55,1.55,1.55
0,8,6,10,31.6,5,1.55,1.55,1.55
5,11,2,10,-4.5,2,1.55,1.55,1.55
5,17,1,10,-1.6,1,1.55,1.55,1.55
20,19,3,10,19.7,1,1.55,1.55,1.55
11,22,6,10,0.1,5,1.55,1.55,1.55
22,31,1,10,38.0,4,1.55,1.55,1.55
11,4,5,11,32.2,2,1.55,1.55,1.55
17,4,5,11,34.8,5,1.55,1.55,1.55
0,6,0,11,39.3,2,1.55,1.55,1.55
19,10,4,11,25.9,4,1.55,1.55,1.55
15,12,6,11,16.9,2,1.55,1.55,1.55
7,15,2,11,10.6,5,1.55,1.55,1.55
23,23,3,11,-9.8,4,1.55,1.55,1.55
20,25,5,11,-4.0,1,1.55,1.55,1.55
14,27,0,11,36.0,2,1.55,1.55,1.55
13,11,0,12,-2.2,4,1.55,1.55,1.55
17,13,2,12,19.9,1,1.55,1.55,1.55
12,15,4,12,3.9,1,1.55,1.55,1.55
20,17,6,12,26.7,3,1.55,1.55,1.55
16,19,1,12,1.3,1,1.55,1.55,1.55
23,28,3,12,9.1,4,1.55,1.55,1.55
14,1,0,1,31.1,3,1.55,1.55,1.55
12,3,1,1,0.8,4,1.55,1.55,1.55
2,7,5,1,31.8,2,1.56,1.55,1.5504166666666668
6,13,4,1,31.4,4,1.56,1.55,1.5508333333333335
2,15,6,1,26.1,2,1.56,1.55,1.5512499999999998
12,18,2,1,31.6,5,1.56,1.55,1.5516666666666667
21,4,5,2,31.4,2,1.56,1.55,1.5520833333333333
6,11,5,2,0.6,5,1.56,1.55,1.5525
20,17,4,2,30.8,1,1.56,1.55,1.5529166666666667
10,12,6,3,37.5,1,1.56,1.55,1.5533333333333335
5,14,1,3,3.2,3,1.56,1.55,1.55375
12,15,2,3,38.5,1,1.56,1.55,1.5541666666666665
9,28,1,3,23.1,2,1.56,1.55,1.5545833333333334
21,8,0,5,39.6,2,1.56,1.55,1.5550000000000004
8,10,2,5,5.8,1,1.56,1.55,1.5554166666666667
16,19,4,5,13.5,5,1.56,1.55,1.5558333333333334
13,24,2,5,2.6,4,1.56,1.55,1.5562500000000001
7,7,2,6,35.0,3,1.56,1.55,1.5566666666666666
15,8,3,6,-1.6,5,1.56,1.55,1.5570833333333336
5,17,5,6,10.7,2,1.56,1.55,1.5575
3,4,1,7,12.9,4,1.56,1.55,1.5579166666666666
15,5,2,7,-0.5,5,1.56,1.55,1.5583333333333333
16,8,5,7,29.4,1,1.56,1.55,1.55875
23,18,1,7,13.7,1,1.56,1.55,1.5591666666666668
1,21,4,7,33.2,5,1.56,1.55,1.5595833333333333
0,22,5,7,5.5,2,1.56,1.56,1.56
10,13,6,8,11.8,5,1.56,1.56,1.56
10,19,5,8,3.9,5,1.56,1.56,1.56
21,24,3,8,32.6,3,1.56,1.56,1.56
10,26,5,8,-5.8,2,1.56,1.56,1.56
11,28,0,8,5.0,5,1.56,1.56,1.56
14,3,6,9,-6.8,1,1.56,1.56,1.56
13,12,1,9,27.3,2,1.56,1.56,1.56
0,18,0,9,10.8,4,1.56,1.56,1.56
23,19,1,9,39.7,3,1.56,1.56,1.56
22,28,3,9,6.7,3,1.56,1.56,1.56
7,29,4,9,4.0,2,1.56,1.56,1.56
6,3,1,10,35.0,4,1.56,1.56,1.56
10,7,5,10,30.6,2,1.56,1.56,1.56
19,14,5,10,15.0,3,1.56,1.56,1.56
11,17,1,10,31.6,2,1.56,1.56,1.56
6,20,4,10,11.3,2,1.56,1.56,1.56
5,21,5,10,23.4,3,1.56,1.56,1.56
5,22,6,10,39.5,2,1.56,1.56,1.56
18,24,1,10,36.7,1,1.56,1.56,1.56
0,26,3,10,0.1,4,1.56,1.56,1.56
0,6,0,11,-1.4,5,1.56,1.56,1.56
22,15,2,11,39.6,5,1.56,1.56,1.56
9,16,3,11,30.2,2,1.56,1.56,1.56
18,19,6,11,25.2,5,1.56,1.56,1.56
11,23,3,11,0.7,1,1.56,1.56,1.56
10,26,6,11,-1.2,4,1.56,1.56,1.56
17,1,4,12,22.0,4,1.56,1.56,1.56
1,2,5,12,36.0,4,1.56,1.56,1.56
2,15,4,12,18.4,3,1.56,1.56,1.56
6,21,3,12,35.7,5,1.56,1.56,1.56
17,23,5,12,11.1,5,1.56,1.56,1.56
22,24,6,12,18.6,5,1.56,1.56,1.56
10,25,0,12,35.9,1,1.56,1.56,1.56
13,27,2,12,4.5,1,1.56,1.56,1.56
7,4,2,1,25.4,2,1.56,1.56,1.56
13,9,0,1,-0.4,4,1.57,1.56,1.5604166666666668
14,20,4,1,26.2,5,1.57,1.56,1.5608333333333333
23,21,5,1,1.6,1,1.57,1.56,1.5612500000000002
5,24,1,1,15.8,3,1.57,1.56,1.5616666666666668
2,30,0,1,-0.5,3,1.57,1.56,1.5620833333333335
2,1,2,2,-4.8,1,1.57,1.56,1.5625000000000002
12,3,4,2,2.7,3,1.57,1.56,1.562916666666667
16,3,4,2,8.0,3,1.57,1.56,1.5633333333333335
12,9,3,2,8.6,1,1.57,1.56,1.5637500000000004
3,19,6,2,-0.6,4,1.57,1.56,1.564166666666667
7,22,2,2,32.2,5,1.57,1.56,1.5645833333333332
18,7,1,3,25.4,5,1.57,1.56,1.5649999999999997
11,8,2,3,25.3,5,1.57,1.56,1.5654166666666667
10,12,6,3,26.7,3,1.57,1.56,1.5658333333333332
12,12,6,3,-7.8,1,1.57,1.56,1.56625
13,15,2,3,12.7,3,1.57,1.56,1.5666666666666667
11,16,3,3,31.2,2,1.57,1.56,1.5670833333333334
21,19,6,3,29.5,3,1.57,1.56,1.5675
15,22,2,3,37.7,4,1.57,1.56,1.5679166666666668
16,25,5,3,28.3,3,1.57,1.56,1.5683333333333334
23,26,6,3,25.8,2,1.57,1.56,1.5687499999999999
21,31,4,3,1.6,2,1.57,1.56,1.5691666666666668
3,3,0,4,-9.6,2,1.57,1.56,1.5695833333333333
3,21,4,4,-9.3,3,1.57,1.57,1.57
23,29,5,4,35.2,2,1.57,1.57,1.57
7,8,0,5,33.9,5,1.57,1.57,1.57
7,16,1,5,13.8,5,1.57,1.57,1.57
8,21,6,5,15.6,4,1.57,1.57,1.57
23,4,6,6,1.3,4,1.57,1.57,1.57
13,26,0,6,-5.5,1,1.57,1.57,1.57
6,29,3,6,29.7,2,1.57,1.57,1.57
18,29,3,6,29.0,2,1.57,1.57,1.57
5,1,5,7,14.9,1,1.57,1.57,1.57
20,1,5,7,-9.7,4,1.57,1.57,1.57
2,3,0,7,3.9,4,1.57,1.57,1.57
19,4,1,7,34.2,4,1.57,1.57,1.57
22,6,3,7,34.4,5,1.57,1.57,1.57
20,17,0,7,32.3,3,1.57,1.57,1.57
16,19,2,7,12.4,4,1.57,1.57,1.57
9,24,0,7,3.9,1,1.57,1.57,1.57
5,25,1,7,-8.6,3,1.57,1.57,1.57
23,25,1,7,18.8,2,1.57,1.57,1.57
23,28,4,7,18.0,4,1.57,1.57,1.57
11,29,5,7,21.4,1,1.57,1.57,1.57
2,30,6,7,-7.9,1,1.57,1.57,1.57
20,30,6,7,33.9,5,1.57,1.57,1.57
10,21,0,8,31.4,5,1.57,1.57,1.57
3,27,6,8,30.4,5,1.57,1.57,1.57
12,28,0,8,11.2,2,1.57,1.57,1.57
15,1,4,9,26.3,3,1.57,1.57,1.57
4,2,5,9,37.9,2,1.57,1.57,1.57
10,13,2,9,8.2,2,1.57,1.57,1.57
2,30,5,9,18.7,2,1.57,1.57,1.57
20,5,3,10,19.7,1,1.57,1.57,1.57
13,6,4,10,-7.4,1,1.57,1.57,1.57
7,13,4,10,34.4,3,1.57,1.57,1.57
16,20,4,10,32.8,5,1.57,1.57,1.57
8,21,5,10,4.1,5,1.57,1.57,1.57
18,28,5,10,17.8,4,1.57,1.57,1.57
6,4,5,11,32.9,1,1.57,1.57,1.57
11,10,4,11,-5.2,1,1.57,1.57,1.57
6,16,3,11,30.7,3,1.57,1.57,1.57
7,18,5,11,10.7,4,1.57,1.57,1.57
9,20,0,11,-3.2,5,1.57,1.57,1.57
9,30,3,11,23.0,5,1.57,1.57,1.57
17,9,5,12,4.7,2,1.57,1.57,1.57
16,10,6,12,8.3,3,1.57,1.57,1.57
20,1,6,1,11.3,3,1.57,1.57,1.57
20,4,2,1,-4.0,2,1.58,1.57,1.5704166666666668
7,16,0,1,14.9,1,1.58,1.57,1.5708333333333335
6,21,5,1,31.5,1,1.58,1.57,1.57125
4,22,6,1,3.5,2,1.58,1.57,1.571666666666667
12,29,6,1,38.9,3,1.58,1.57,1.5720833333333335
23,3,4,2,17.6,2,1.58,1.57,1.5725
18,16,3,2,7.5,1,1.58,1.57,1.5729166666666667
4,21,1,2,34.1,4,1.58,1.57,1.5733333333333335
4,10,4,3,-6.8,2,1.58,1.57,1.5737500000000002
12,12,6,3,30.4,5,1.58,1.57,1.5741666666666667
20,23,3,3,-8.6,1,1.58,1.57,1.5745833333333332
23,28,1,3,32.9,3,1.58,1.57,1.5750000000000002
18,23,6,4,32.4,3,1.58,1.57,1.5754166666666667
1,24,0,4,35.6,3,1.58,1.57,1.5758333333333334
21,1,0,5,20.4,4,1.58,1.57,1.57625
10,4,3,5,-5.3,2,1.58,1.57,1.5766666666666669
20,4,3,5,-1.4,3,1.58,1.57,1.5770833333333334
7,19,4,5,12.8,2,1.58,1.57,1.5775
8,20,5,5,37.5,2,1.58,1.57,1.5779166666666666
13,22,0,5,21.7,3,1.58,1.57,1.5783333333333334
7,23,1,5,2.8,4,1.58,1.57,1.57875
3,27,5,5,27.6,4,1.58,1.57,1.5791666666666666
10,27,5,5,12.2,4,1.58,1.57,1.5795833333333331
8,7,2,6,1.4,5,1.58,1.58,1.58
15,18,6,6,-0.7,1,1.58,1.58,1.58
10,20,1,6,36.8,5,1.58,1.58,1.58
11,22,3,6,32.9,2,1.58,1.58,1.58
4,10,0,7,13.2,5,1.58,1.58,1.58
14,10,0,7,1.4,4,1.58,1.58,1.58
14,31,0,7,25.4,4,1.58,1.58,1.58
11,9,2,8,22.9,5,1.58,1.58,1.58
17,31,3,8,-0.8,1,1.58,1.58,1.58
23,8,4,9,18.2,1,1.58,1.58,1.58
22,12,1,9,-0.9,2,1.58,1.58,1.58
13,13,2,9,34.6,2,1.58,1.58,1.58
15,16,0,10,30.0,5,1.58,1.58,1.58
19,21,5,10,-5.7,3,1.58,1.58,1.58
20,21,5,10,38.7,5,1.58,1.58,1.58
3,22,6,10,6.8,4,1.58,1.58,1.58
3,30,0,10,31.5,4,1.58,1.58,1.58
10,18,5,11,31.1,1,1.58,1.58,1.58
2,20,0,11,7.9,2,1.58,1.58,1.58
21,4,0,12,25.6,5,1.58,1.58,1.58
9,5,1,12,18.8,5,1.58,1.58,1.58
0,8,4,12,35.8,4,1.58,1.58,1.58
8,9,5,12,12.1,4,1.58,1.58,1.58
18,25,0,12,1.9,5,1.58,1.58,1.58
15,1,0,1,1.3,5,1.58,1.58,1.58
11,2,0,1,39.6,2,1.58,1.58,1.58
14,8,6,1,3.2,3,1.59,1.58,1.5804166666666666
22,8,6,1,13.6,4,1.59,1.58,1.5808333333333335
11,10,1,1,33.4,1,1.59,1.58,1.58125
8,11,2,1,10.3,4,1.59,1.58,1.5816666666666668
21,15,6,1,-8.9,2,1.59,1.58,1.5820833333333335
1,30,0,1,-6.8,4,1.59,1.58,1.5825000000000002
8,15,2,2,-5.2,3,1.59,1.58,1.5829166666666667
20,17,4,2,38.1,2,1.59,1.58,1.5833333333333333
16,11,5,3,1.2,4,1.59,1.58,1.5837500000000002
3,21,1,3,-1.7,2,1.59,1.58,1.5841666666666667
17,26,6,3,16.3,4,1.59,1.58,1.5845833333333335
19,31,4,3,36.5,5,1.59,1.58,1.585
2,2,6,4,13.5,1,1.59,1.58,1.585416666666667
20,10,0,4,24.7,4,1.59,1.58,1.5858333333333334
3,15,5,4,22.3,4,1.59,1.58,1.58625
10,13,5,5,11.2,2,1.59,1.58,1.5866666666666667
3,18,3,5,23.3,4,1.59,1.58,1.5870833333333334
8,22,0,5,18.2,5,1.59,1.58,1.5875000000000004
20,13,1,6,-4.3,4,1.59,1.58,1.5879166666666666
8,15,3,6,20.6,4,1.59,1.58,1.5883333333333336
13,17,5,6,12.6,2,1.59,1.58,1.58875
17,22,3,6,18.7,5,1.59,1.58,1.589166666666667
13,24,5,6,22.3,2,1.59,1.58,1.5895833333333333
11,25,6,6,32.9,2,1.59,1.59,1.59
9,5,2,7,38.3,4,1.59,1.59,1.59
14,10,0,7,28.7,4,1.59,1.59,1.59
18,15,5,7,11.2,1,1.59,1.59,1.59
20,15,5,7,29.5,3,1.59,1.59,1.59
10,21,4,7,-3.1,3,1.59,1.59,1.59
7,27,3,7,8.3,4,1.59,1.59,1.59
21,14,0,8,5.2,5,1.59,1.59,1.59
6,21,0,8,15.7,5,1.59,1.59,1.59
2,26,5,8,32.2,3,1.59,1.59,1.59
4,11,0,9,30.6,1,1.59,1.59,1.59
11,11,0,9,37.6,3,1.59,1.59,1.59
18,14,3,9,11.6,1,1.59,1.59,1.59
20,20,2,9,-0.8,5,1.59,1.59,1.59
4,23,5,9,-4.9,4,1.59,1.59,1.59
3,26,1,9,-7.5,5,1.59,1.59,1.59
5,28,3,9,30.2,2,1.59,1.59,1.59
11,2,0,10,15.5,4,1.59,1.59,1.59
8,5,3,10,27.4,2,1.59,1.59,1.59
0,8,6,10,-2.7,3,1.59,1.59,1.59
16,10,1,10,-7.9,1,1.59,1.59,1.59
16,15,6,10,22.9,2,1.59,1.59,1.59
21,15,6,10,-6.8,4,1.59,1.59,1.59
1,25,2,10,-4.9,1,1.59,1.59,1.59
16,25,2,10,38.2,5,1.59,1.59,1.59
22,25,2,10,3.1,5,1.59,1.59,1.59
9,26,3,10,28.9,1,1.59,1.59,1.59
23,28,5,10,-0.1,2,1.59,1.59,1.59
21,29,6,10,5.6,2,1.59,1.59,1.59
7,16,3,11,13.3,2,1.59,1.59,1.59
18,3,6,12,16.9,5,1.59,1.59,1.59
10,5,1,12,24.6,4,1.59,1.59,1.59
10,3,1,1,31.9,4,1.59,1.59,1.59
12,4,2,1,-7.0,5,1.6,1.59,1.5904166666666668
18,8,6,1,15.4,3,1.6,1.59,1.5908333333333333
11,13,4,1,20.6,1,1.6,1.59,1.5912499999999998
14,23,0,1,15.4,3,1.6,1.59,1.5916666666666668
12,26,3,1,3.6,5,1.6,1.59,1.5920833333333333
11,2,3,2,-4.7,4,1.6,1.59,1.5925000000000002
2,5,6,2,18.9,3,1.6,1.59,1.5929166666666665
10,8,2,2,17.9,4,1.6,1.59,1.5933333333333335
0,14,1,3,33.8,4,1.6,1.59,1.59375
8,14,1,3,9.9,3,1.6,1.59,1.594166666666667
11,15,2,3,-9.2,3,1.6,1.59,1.5945833333333335
1,17,4,3,10.0,2,1.6,1.59,1.595
20,19,6,3,-1.9,4,1.6,1.59,1.5954166666666667
6,20,0,3,-7.5,3,1.6,1.59,1.5958333333333334
19,20,0,3,-2.2,4,1.6,1.59,1.5962500000000002
3,7,4,4,-8.9,2,1.6,1.59,1.596666666666667
22,13,3,4,29.3,1,1.6,1.59,1.5970833333333332
1,28,4,4,0.8,1,1.6,1.59,1.5975
8,7,6,5,0.6,5,1.6,1.59,1.5979166666666667
2,10,2,5,19.4,5,1.6,1.59,1.5983333333333334
9,13,5,5,17.4,4,1.6,1.59,1.5987500000000001
17,13,5,5,3.5,4,1.6,1.59,1.5991666666666668
22,13,5,5,22.4,4,1.6,1.59,1.5995833333333334
17,29,0,5,17.2,3,1.6,1.6,1.6
16,9,4,6,3.1,5,1.6,1.6,1.6
1,13,1,6,34.5,1,1.6,1.6,1.6
22,13,1,6,24.8,3,1.6,1.6,1.6
12,16,4,6,12.8,1,1.6,1.6,1.6
22,22,3,6,3.6,5,1.6,1.6,1.6
6,30,4,6,19.7,3,1.6,1.6,1.6
1,7,4,7,10.8,4,1.6,1.6,1.6
10,8,5,7,-6.6,2,1.6,1.6,1.6
20,22,5,7,5.9,5,1.6,1.6,1.6
16,3,3,8,39.9,1,1.6,1.6,1.6
8,12,5,8,0.7,1,1.6,1.6,1.6
5,13,6,8,2.0,2,1.6,1.6,1.6
23,19,5,8,-4.9,2,1.6,1.6,1.6
17,25,4,8,24.9,3,1.6,1.6,1.6
18,26,5,8,26.0,2,1.6,1.6,1.6
1,6,2,9,3.2,5,1.6,1.6,1.6
21,11,0,9,6.0,5,1.6,1.6,1.6
6,29,4,9,14.8,4,1.6,1.6,1.6
23,30,5,9,-5.2,2,1.6,1.6,1.6
17,5,3,10,7.5,5,1.6,1.6,1.6
3,3,4,11,-9.6,4,1.6,1.6,1.6
9,9,3,11,2.5,5,1.6,1.6,1.6
6,13,0,11,3.5,4,1.6,1.6,1.6
11,17,4,11,11.9,2,1.6,1.6,1.6
6,25,5,11,36.3,4,1.6,1.6,1.6
22,5,1,12,22.3,1,1.6,1.6,1.6
22,20,2,12,37.2,4,1.6,1.6,1.6
12,22,4,12,-5.4,4,1.6,1.6,1.6
4,24,6,12,31.8,3,1.6,1.6,1.6
3,26,1,12,-8.5,2,1.6,1.6,1.6
8,3,1,1,37.3,4,1.6,1.6,1.6
1,11,2,1,35.1,1,1.61,1.6,1.6004166666666666
13,16,0,1,27.6,4,1.61,1.6,1.6008333333333338
20,16,0,1,-1.5,3,1.61,1.6,1.6012500000000003
21,17,1,1,4.9,5,1.61,1.6,1.6016666666666668
1,24,1,1,2.0,4,1.61,1.6,1.6020833333333335
23,28,5,1,2.1,4,1.61,1.6,1.6025
15,29,6,1,-2.8,3,1.61,1.6,1.6029166666666665
3,15,2,2,24.6,3,1.61,1.6,1.6033333333333335
18,9,3,3,33.5,2,1.61,1.6,1.60375
15,11,5,3,7.6,5,1.61,1.6,1.6041666666666667
18,17,4,3,4.8,2,1.61,1.6,1.6045833333333333
12,19,6,3,22.3,4,1.61,1.6,1.6049999999999998
1,27,0,3,20.8,5,1.61,1.6,1.605416666666667
3,27,0,3,13.8,2,1.61,1.6,1.6058333333333337
19,14,4,4,6.5,5,1.61,1.6,1.6062500000000002
6,16,6,4,14.8,4,1.61,1.6,1.6066666666666667
8,16,6,4,5.1,5,1.61,1.6,1.6070833333333334
4,19,2,4,1.7,2,1.61,1.6,1.6075
16,28,4,4,-6.4,5,1.61,1.6,1.6079166666666669
11,5,4,5,9.7,3,1.61,1.6,1.6083333333333334
13,5,4,5,-8.0,2,1.61,1.6,1.60875
10,13,5,5,33.2,4,1.61,1.6,1.6091666666666666
3,7,2,6,25.8,3,1.61,1.6,1.6095833333333334
9,11,6,6,18.4,4,1.61,1.61,1.61
7,14,2,6,-2.8,3,1.61,1.61,1.61
7,22,5,7,-1.8,4,1.61,1.61,1.61
18,25,1,7,4.2,3,1.61,1.61,1.61
11,4,4,8,25.9,5,1.61,1.61,1.61
1,6,6,8,27.0,4,1.61,1.61,1.61
15,12,5,8,-0.2,2,1.61,1.61,1.61
11,26,5,8,21.3,5,1.61,1.61,1.61
10,30,2,8,20.9,5,1.61,1.61,1.61
18,15,4,9,7.0,2,1.61,1.61,1.61
20,20,2,9,2.4,1,1.61,1.61,1.61
9,21,3,9,13.1,4,1.61,1.61,1.61
20,25,0,9,26.8,4,1.61,1.61,1.61
7,9,0,10,-5.3,2,1.61,1.61,1.61
12,10,1,10,37.2,1,1.61,1.61,1.61
4,16,0,10,-3.1,5,1.61,1.61,1.61
6,16,0,10,10.0,2,1.61,1.61,1.61
13,16,0,10,7.5,3,1.61,1.61,1.61
21,18,2,10,21.5,3,1.61,1.61,1.61
16,22,6,10,-0.9,1,1.61,1.61,1.61
7,24,1,10,18.4,3,1.61,1.61,1.61
2,28,5,10,-6.5,3,1.61,1.61,1.61
4,12,6,11,9.1,5,1.61,1.61,1.61
16,17,4,11,39.7,3,1.61,1.61,1.61
5,19,6,11,-1.8,4,1.61,1.61,1.61
5,24,4,11,6.4,5,1.61,1.61,1.61
9,27,0,11,25.1,1,1.61,1.61,1.61
0,30,3,11,2.6,3,1.61,1.61,1.61
22,11,0,12,-5.9,5,1.61,1.61,1.61
19,19,1,12,27.4,1,1.61,1.61,1.61
22,20,2,12,21.4,2,1.61,1.61,1.61
17,28,3,12,-9.6,5,1.61,1.61,1.61
14,29,4,12,13.5,4,1.61,1.61,1.61
13,4,2,1,30.8,2,1.61,1.61,1.61
5,8,6,1,34.5,2,1.62,1.61,1.6104166666666666
1,11,2,1,-3.8,3,1.62,1.61,1.6108333333333331
15,30,0,1,-6.3,1,1.62,1.61,1.61125
21,4,5,2,-8.6,1,1.62,1.61,1.6116666666666666
8,6,0,3,22.0,5,1.62,1.61,1.6120833333333335
7,20,0,3,-4.3,3,1.62,1.61,1.6125
15,1,5,4,14.7,2,1.62,1.61,1.6129166666666668
11,7,4,4,9.7,2,1.62,1.61,1.6133333333333335
19,8,5,4,15.1,2,1.62,1.61,1.6137500000000002
9,3,2,5,6.3,1,1.62,1.61,1.6141666666666667
11,5,4,5,-2.8,3,1.62,1.61,1.6145833333333333
14,18,3,5,16.0,3,1.62,1.61,1.615
21,19,4,5,-1.6,4,1.62,1.61,1.6154166666666667
4,23,1,5,4.6,5,1.62,1.61,1.6158333333333335
9,5,0,6,26.5,3,1.62,1.61,1.61625
6,12,0,6,26.9,5,1.62,1.61,1.616666666666667
0,21,2,6,-1.7,4,1.62,1.61,1.6170833333333334
20,28,2,6,31.7,2,1.62,1.61,1.6175
21,22,5,7,31.9,4,1.62,1.61,1.617916666666667
23,10,3,8,24.1,3,1.62,1.61,1.6183333333333334
8,16,2,8,11.1,1,1.62,1.61,1.6187500000000004
19,18,4,8,38.3,4,1.62,1.61,1.6191666666666666
16,19,5,8,27.5,5,1.62,1.61,1.6195833333333332
16,22,1,8,21.3,2,1.62,1.62,1.62
21,25,4,8,34.5,1,1.62,1.62,1.62
19,28,0,8,25.3,5,1.62,1.62,1.62
19,1,4,9,30.2,3,1.62,1.62,1.62
6,6,2,9,39.6,1,1.62,1.62,1.62
9,22,4,9,23.1,5,1.62,1.62,1.62
14,3,1,10,4.7,4,1.62,1.62,1.62
7,13,4,10,26.8,4,1.62,1.62,1.62
12,26,3,10,7.7,2,1.62,1.62,1.62
21,27,4,10,-3.2,3,1.62,1.62,1.62
12,30,0,10,3.1,1,1.62,1.62,1.62
22,2,3,11,14.6,1,1.62,1.62,1.62
22,2,3,11,20.2,5,1.62,1.62,1.62
7,12,6,11,4.3,1,1.62,1.62,1.62
4,15,2,11,-3.3,4,1.62,1.62,1.62
4,10,6,12,-8.1,4,1.62,1.62,1.62
5,14,3,12,-5.8,5,1.62,1.62,1.62
10,19,1,12,24.5,2,1.62,1.62,1.62
17,20,2,12,16.3,4,1.62,1.62,1.62
19,2,0,1,14.6,3,1.62,1.62,1.62
21,2,0,1,37.2,3,1.63,1.62,1.6204166666666666
5,6,4,1,3.5,3,1.63,1.62,1.6208333333333333
6,10,1,1,7.8,3,1.63,1.62,1.62125
14,28,5,1,25.3,5,1.63,1.62,1.6216666666666668
9,2,3,2,2.5,2,1.63,1.62,1.6220833333333333
20,11,5,2,3.5,2,1.63,1.62,1.6225000000000003
2,16,3,2,1.0,1,1.63,1.62,1.6229166666666668
1,20,0,2,23.0,5,1.63,1.62,1.6233333333333333
13,25,5,2,29.7,2,1.63,1.62,1.62375
15,26,6,2,6.4,3,1.63,1.62,1.6241666666666665
11,2,3,3,3.5,1,1.63,1.62,1.6245833333333335
16,6,0,3,4.0,4,1.63,1.62,1.625
16,8,2,3,25.1,5,1.63,1.62,1.6254166666666665
23,12,6,3,4.6,3,1.63,1.62,1.6258333333333335
13,19,6,3,13.2,2,1.63,1.62,1.62625
18,21,1,3,7.7,5,1.63,1.62,1.6266666666666667
4,4,1,4,1.3,3,1.63,1.62,1.6270833333333332
6,4,1,4,-8.4,5,1.63,1.62,1.6274999999999997
13,13,3,4,25.9,5,1.63,1.62,1.6279166666666667
13,21,4,4,34.3,2,1.63,1.62,1.6283333333333332
17,16,1,5,-3.5,2,1.63,1.62,1.62875
7,17,2,5,28.0,1,1.63,1.62,1.6291666666666667
19,19,4,5,26.2,5,1.63,1.62,1.6295833333333334
13,28,6,5,-6.7,2,1.63,1.63,1.63
12,3,5,6,34.4,2,1.63,1.63,1.63
2,19,0,6,31.3,1,1.63,1.63,1.63
21,5,2,7,10.1,3,1.63,1.63,1.63
9,12,2,7,33.7,3,1.63,1.63,1.63
15,26,2,7,15.4,3,1.63,1.63,1.63
8,3,3,8,38.3,1,1.63,1.63,1.63
10,4,4,8,16.7,4,1.63,1.63,1.63
13,4,4,8,14.5,5,1.63,1.63,1.63
21,6,6,8,20.1,2,1.63,1.63,1.63
18,17,3,8,-8.6,1,1.63,1.63,1.63
4,8,4,9,-9.2,1,1.63,1.63,1.63
20,25,0,9,8.6,1,1.63,1.63,1.63
6,28,3,9,37.8,1,1.63,1.63,1.63
21,2,0,10,25.1,3,1.63,1.63,1.63
2,4,2,10,29.1,3,1.63,1.63,1.63
21,4,2,10,23.1,4,1.63,1.63,1.63
18,9,0,10,18.4,3,1.63,1.63,1.63
18,17,1,10,23.1,5,1.63,1.63,1.63
13,19,3,10,11.4,4,1.63,1.63,1.63
4,27,4,10,2.2,4,1.63,1.63,1.63
2,8,2,11,13.4,4,1.63,1.63,1.63
12,1,4,12,9.1,2,1.63,1.63,1.63
16,2,5,12,34.6,1,1.63,1.63,1.63
10,25,0,12,27.7,1,1.63,1.63,1.63
5,26,1,12,13.9,4,1.63,1.63,1.63
12,27,2,12,26.9,2,1.63,1.63,1.63
3,28,3,12,24.8,5,1.63,1.63,1.63
17,28,3,12,-4.9,2,1.63,1.63,1.63
22,4,2,1,11.4,3,1.63,1.63,1.63
22,9,0,1,18.8,4,1.64,1.63,1.6304166666666664
4,12,6,2,21.9,4,1.64,1.63,1.6308333333333334
12,19,6,2,-3.0,1,1.64,1.63,1.6312499999999999
15,26,6,2,-8.4,5,1.64,1.63,1.6316666666666668
6,14,1,3,-3.4,2,1.64,1.63,1.6320833333333333
9,15,2,3,23.5,3,1.64,1.63,1.6324999999999996
1,22,2,3,29.1,2,1.64,1.63,1.6329166666666666
19,28,1,3,13.6,3,1.64,1.63,1.633333333333333
22,9,6,4,4.3,3,1.64,1.63,1.6337499999999998
18,13,3,4,19.8,3,1.64,1.63,1.6341666666666665
15,28,4,4,30.5,2,1.64,1.63,1.6345833333333333
16,17,2,5,21.5,1,1.64,1.63,1.635
14,21,6,5,26.5,3,1.64,1.63,1.6354166666666667
3,23,1,5,28.5,3,1.64,1.63,1.6358333333333333
13,29,0,5,-7.4,2,1.64,1.63,1.6362500000000002
20,3,5,6,26.8,5,1.64,1.63,1.6366666666666665
13,5,0,6,38.7,5,1.64,1.63,1.637083333333333
11,18,6,6,29.4,4,1.64,1.63,1.6375
0,19,0,6,-8.0,5,1.64,1.63,1.6379166666666665
0,4,1,7,12.6,3,1.64,1.63,1.6383333333333334
22,5,2,7,26.2,2,1.64,1.63,1.63875
13,23,6,7,16.2,5,1.64,1.63,1.6391666666666664
10,11,4,8,39.4,2,1.64,1.63,1.6395833333333334
8,12,5,8,11.8,5,1.64,1.64,1.64
14,9,5,9,15.5,5,1.64,1.64,1.64
8,18,0,9,29.0,2,1.64,1.64,1.64
9,19,1,9,10.6,4,1.64,1.64,1.64
2,25,0,9,6.1,1,1.64,1.64,1.64
4,27,2,9,19.6,5,1.64,1.64,1.64
7,12,3,10,-6.3,2,1.64,1.64,1.64
2,17,1,10,-4.4,2,1.64,1.64,1.64
0,25,2,10,19.2,1,1.64,1.64,1.64
18,12,6,11,31.2,1,1.64,1.64,1.64
23,12,6,11,-3.1,2,1.64,1.64,1.64
0,15,2,11,32.7,2,1.64,1.64,1.64
0,18,5,11,-9.0,5,1.64,1.64,1.64
17,21,1,11,16.0,5,1.64,1.64,1.64
11,24,4,11,3.0,1,1.64,1.64,1.64
15,2,5,12,-0.8,4,1.64,1.64,1.64
2,12,1,12,-4.4,2,1.64,1.64,1.64
21,27,2,12,6.9,3,1.64,1.64,1.64
13,31,6,12,11.1,5,1.64,1.64,1.64
4,6,4,1,0.8,4,1.64,1.64,1.64
3,11,2,1,33.8,1,1.65,1.64,1.6404166666666666
12,21,5,1,19.7,5,1.65,1.64,1.6408333333333331
8,25,2,1,0.7,3,1.65,1.64,1.64125
21,28,5,1,19.9,1,1.65,1.64,1.6416666666666666
3,3,4,2,-1.8,3,1.65,1.64,1.6420833333333331
