hour,day,weekday,month,Outdoor Temperature,Household Size,lag_1,lag_24,rolling_mean_24
18,1,6,1,-4.7,5,0.21,1.12,1.0195833333333333
21,1,6,1,26.3,2,0.96,1.98,1.0129166666666667
22,1,6,1,-1.7,1,1.39,1.67,0.9883333333333333
23,1,6,1,3.4,1,1.27,0.93,0.9716666666666667
23,1,6,1,37.3,5,1.04,1.03,0.97625
1,2,0,1,28.5,1,1.58,0.35,0.9991666666666666
2,2,0,1,30.4,5,1.64,0.93,1.0529166666666667
3,2,0,1,9.3,5,1.13,1.63,1.06125
4,2,0,1,32.5,4,1.64,1.2,1.0616666666666668
4,2,0,1,13.3,2,0.43,0.79,1.0295833333333333
5,2,0,1,28.6,3,0.9,0.9,1.0341666666666667
5,2,0,1,20.6,1,0.37,1.95,1.0120833333333332
5,2,0,1,-7.6,4,1.98,1.5,1.0133333333333334
6,2,0,1,11.1,3,0.44,1.2,0.9691666666666666
7,2,0,1,-9.3,3,1.71,0.69,0.9904166666666666
8,2,0,1,15.9,4,1.21,1.1,1.0120833333333332
9,2,0,1,-3.0,2,1.59,1.53,1.0325
9,2,0,1,20.3,3,1.55,1.23,1.0333333333333334
10,2,0,1,22.4,3,1.75,0.43,1.055
11,2,0,1,-1.2,3,1.57,0.3,1.1025
13,2,0,1,18.8,3,0.85,0.79,1.1254166666666665
14,2,0,1,31.4,2,1.2,0.77,1.1425
14,2,0,1,-9.1,5,1.19,0.24,1.16
15,2,0,1,29.1,5,1.79,0.21,1.2245833333333331
16,2,0,1,-4.8,1,0.56,0.96,1.2391666666666667
16,2,0,1,1.4,3,0.93,1.39,1.2379166666666668
17,2,0,1,16.9,2,0.73,1.27,1.2104166666666667
18,2,0,1,15.4,5,0.92,1.04,1.1958333333333333
21,2,0,1,0.3,1,1.56,1.58,1.2175
0,3,1,1,-2.7,5,1.67,1.64,1.22125
1,3,1,1,38.4,5,0.81,1.13,1.1866666666666665
2,3,1,1,-6.7,1,0.46,1.64,1.15875
2,3,1,1,25.8,2,1.98,0.43,1.1729166666666666
4,3,1,1,34.4,3,1.11,0.9,1.20125
4,3,1,1,25.9,3,0.56,0.37,1.1870833333333335
6,3,1,1,38.2,5,1.04,1.98,1.215
7,3,1,1,7.5,1,0.25,0.44,1.1429166666666666
8,3,1,1,33.5,4,1.05,1.71,1.1683333333333334
8,3,1,1,7.5,1,0.48,1.21,1.1170833333333334
9,3,1,1,30.6,3,0.35,1.59,1.08125
10,3,1,1,13.0,4,0.21,1.55,1.02375
11,3,1,1,4.6,5,0.46,1.75,0.9783333333333334
12,3,1,1,16.4,3,1.45,1.57,0.9658333333333333
13,3,1,1,14.8,4,1.42,0.85,0.9595833333333332
14,3,1,1,21.7,1,1.62,1.2,0.9916666666666667
15,3,1,1,-5.6,4,1.31,1.19,0.9962500000000002
15,3,1,1,24.7,3,0.73,1.79,0.9770833333333333
15,3,1,1,32.3,1,1.15,0.56,0.9504166666666668
15,3,1,1,7.8,2,0.68,0.93,0.9554166666666667
17,3,1,1,-3.5,4,0.49,0.73,0.9370833333333333
19,3,1,1,13.5,2,1.92,0.92,0.9866666666666667
21,3,1,1,33.0,4,1.93,1.56,1.02875
22,3,1,1,33.2,2,1.64,1.67,1.0320833333333332
23,3,1,1,20.9,5,0.44,0.81,0.9808333333333333
23,3,1,1,3.4,5,1.37,0.46,1.0041666666666667
0,4,2,1,-7.2,4,1.64,1.98,1.0533333333333335
3,4,2,1,26.4,5,0.29,1.11,0.9829166666666667
4,4,2,1,2.6,4,1.21,0.56,0.9870833333333334
4,4,2,1,19.1,2,0.74,1.04,0.9945833333333333
4,4,2,1,14.7,2,1.42,0.25,1.0104166666666667
5,4,2,1,29.4,5,0.93,1.05,1.03875
7,4,2,1,18.5,2,0.89,0.48,1.0320833333333332
7,4,2,1,37.9,5,1.6,0.35,1.0787499999999999
8,4,2,1,0.9,3,0.87,0.21,1.1004166666666666
9,4,2,1,6.7,3,0.41,0.46,1.10875
10,4,2,1,30.7,1,1.02,1.45,1.1320833333333333
12,4,2,1,-4.8,1,1.44,1.42,1.1316666666666666
12,4,2,1,33.6,4,0.83,1.62,1.1070833333333334
14,4,2,1,29.9,3,1.02,1.31,1.0820833333333333
15,4,2,1,0.6,5,0.79,0.73,1.0604166666666666
18,4,2,1,9.7,5,1.21,1.15,1.0804166666666666
19,4,2,1,16.5,3,0.94,0.68,1.0716666666666665
19,4,2,1,30.9,3,0.81,0.49,1.0770833333333334
21,4,2,1,1.0,3,1.29,1.92,1.1104166666666668
21,4,2,1,37.5,2,0.36,1.93,1.0454166666666667
21,4,2,1,31.8,5,0.48,1.64,0.985
23,4,2,1,10.1,4,1.4,0.44,0.975
2,5,3,1,-0.2,2,1.03,1.37,0.9995833333333334
3,5,3,1,30.4,2,0.61,1.64,0.9679166666666666
5,5,3,1,-3.1,2,1.47,0.29,0.9608333333333333
5,5,3,1,16.0,1,1.96,1.21,1.0304166666666668
5,5,3,1,38.2,5,1.46,0.74,1.0408333333333333
6,5,3,1,-3.4,5,0.89,1.42,1.0470833333333334
7,5,3,1,3.1,2,1.76,0.93,1.06125
7,5,3,1,-4.7,2,0.92,0.89,1.0608333333333333
9,5,3,1,-6.2,4,1.01,1.6,1.0658333333333332
11,5,3,1,17.8,3,1.62,0.87,1.0666666666666667
11,5,3,1,-1.1,3,0.22,0.41,1.0395833333333333
13,5,3,1,7.4,3,0.33,1.02,1.0362500000000001
14,5,3,1,-5.5,3,0.54,1.44,1.01625
17,5,3,1,33.0,2,0.5,0.83,0.9770833333333333
17,5,3,1,28.2,3,1.78,1.02,1.0166666666666668
18,5,3,1,-6.6,1,1.21,0.79,1.0245833333333334
18,5,3,1,3.2,5,1.68,1.21,1.0616666666666668
20,5,3,1,-1.1,2,1.65,0.94,1.08
21,5,3,1,16.9,4,1.89,0.81,1.1195833333333334
23,5,3,1,16.1,3,0.55,1.29,1.1087500000000001
0,6,4,1,15.4,1,1.37,0.36,1.1120833333333333
1,6,4,1,37.5,3,0.64,0.48,1.12375
3,6,4,1,19.9,5,0.46,1.4,1.1229166666666666
4,6,4,1,35.2,4,0.26,1.03,1.0754166666666667
5,6,4,1,25.1,4,1.73,0.61,1.1045833333333333
6,6,4,1,-9.1,2,0.28,1.47,1.0908333333333333
6,6,4,1,-6.8,3,0.46,1.96,1.04875
7,6,4,1,33.9,3,0.36,1.46,0.9820833333333333
9,6,4,1,38.7,1,0.47,0.89,0.9408333333333333
10,6,4,1,-7.1,4,1.14,1.76,0.9512499999999999
10,6,4,1,37.4,2,0.49,0.92,0.8983333333333334
11,6,4,1,-8.8,3,0.98,1.01,0.9008333333333333
13,6,4,1,7.9,3,0.58,1.62,0.8829166666666667
13,6,4,1,19.2,1,0.76,0.22,0.8470833333333333
14,6,4,1,3.8,2,1.53,0.33,0.9016666666666667
15,6,4,1,22.7,4,1.93,0.54,0.9683333333333333
16,6,4,1,25.1,1,1.88,0.5,1.0241666666666667
17,6,4,1,27.8,3,0.3,1.78,1.0158333333333334
17,6,4,1,12.5,4,1.84,1.21,1.0183333333333333
19,6,4,1,4.8,1,0.85,1.68,1.0033333333333332
19,6,4,1,-4.0,3,1.11,1.65,0.9795833333333333
21,6,4,1,-0.1,5,1.68,1.89,0.9808333333333333
22,6,4,1,14.3,3,1.8,0.55,0.9770833333333333
22,6,4,1,28.0,4,0.91,1.37,0.9920833333333333
23,6,4,1,5.4,3,1.84,0.64,1.0116666666666667
23,6,4,1,11.1,3,1.74,0.46,1.0574999999999999
23,6,4,1,17.9,1,1.45,0.26,1.0987500000000001
23,6,4,1,-4.7,2,0.49,1.73,1.1083333333333334
0,7,5,1,17.2,2,1.72,0.28,1.1079166666666667
1,7,5,1,17.4,5,0.4,0.46,1.1129166666666668
1,7,5,1,28.9,5,1.25,0.36,1.1458333333333333
2,7,5,1,37.9,2,0.36,0.47,1.1458333333333333
2,7,5,1,-2.5,2,0.27,1.14,1.1375
7,7,5,1,7.3,4,1.51,0.49,1.1529166666666668
7,7,5,1,38.6,3,0.65,0.98,1.1595833333333332
7,7,5,1,25.6,1,0.4,0.58,1.1354166666666667
8,7,5,1,-6.3,2,1.57,0.76,1.1766666666666665
9,7,5,1,10.1,5,1.71,1.53,1.21625
9,7,5,1,9.6,3,0.62,1.93,1.1783333333333335
9,7,5,1,30.7,4,0.54,1.88,1.1204166666666666
10,7,5,1,-9.5,3,0.93,0.3,1.0808333333333333
12,7,5,1,22.6,4,1.56,1.84,1.1333333333333335
13,7,5,1,10.4,1,1.47,0.85,1.1179166666666667
14,7,5,1,-0.8,2,0.4,1.11,1.0991666666666666
20,7,5,1,29.4,5,1.15,1.68,1.1008333333333333
23,7,5,1,10.2,4,0.94,1.8,1.07
23,7,5,1,-7.4,4,1.37,0.91,1.0520833333333333
0,8,6,1,-2.8,1,1.58,1.84,1.08
1,8,6,1,37.7,4,1.49,1.74,1.0654166666666667
2,8,6,1,15.8,3,1.31,1.45,1.0475
2,8,6,1,-8.5,2,1.75,0.49,1.0599999999999998
4,8,6,1,29.3,4,1.12,1.72,1.08625
5,8,6,1,31.2,4,0.26,0.4,1.0254166666666669
5,8,6,1,-8.0,4,1.8,1.25,1.08375
6,8,6,1,2.2,1,1.97,0.36,1.11375
7,8,6,1,34.5,4,1.53,0.27,1.1624999999999999
9,8,6,1,26.9,5,1.65,1.51,1.22
9,8,6,1,33.7,3,1.8,0.65,1.2320833333333334
10,8,6,1,39.3,2,1.51,0.4,1.2679166666666666
11,8,6,1,-0.3,1,0.27,1.57,1.2625
11,8,6,1,14.5,4,0.69,1.71,1.2258333333333333
11,8,6,1,17.5,3,1.94,0.62,1.2354166666666668
12,8,6,1,-8.1,2,1.7,0.54,1.2804166666666668
13,8,6,1,38.6,4,0.97,0.93,1.2983333333333333
13,8,6,1,21.9,2,1.7,1.56,1.3304166666666666
15,8,6,1,-7.0,5,0.84,1.47,1.3004166666666666
16,8,6,1,-0.5,1,1.36,0.4,1.2958333333333334
16,8,6,1,31.9,3,0.28,1.15,1.2908333333333333
17,8,6,1,5.3,4,0.39,0.94,1.2591666666666665
17,8,6,1,-4.6,2,1.95,1.37,1.30125
18,8,6,1,15.3,1,1.7,1.58,1.315
18,8,6,1,1.0,4,1.01,1.49,1.29125
20,8,6,1,9.1,4,0.67,1.31,1.2570833333333333
21,8,6,1,-1.9,4,1.94,1.75,1.2833333333333334
21,8,6,1,5.0,3,0.73,1.12,1.2408333333333335
22,8,6,1,26.9,1,0.55,0.26,1.2170833333333333
23,8,6,1,2.0,3,1.71,1.8,1.2775
23,8,6,1,0.8,4,1.87,1.97,1.2804166666666668
1,9,0,1,8.6,5,1.3,1.53,1.2525
3,9,0,1,39.9,5,1.11,1.65,1.235
3,9,0,1,12.6,1,1.59,1.8,1.2325
5,9,0,1,33.1,2,1.08,1.51,1.2025
6,9,0,1,36.3,4,1.88,0.27,1.2179166666666668
6,9,0,1,23.1,5,0.53,0.69,1.22875
6,9,0,1,8.5,5,1.59,1.94,1.26625
7,9,0,1,9.3,5,0.46,1.7,1.2045833333333333
9,9,0,1,24.3,3,0.59,0.97,1.1583333333333334
10,9,0,1,17.2,3,0.58,1.7,1.1420833333333333
10,9,0,1,20.1,1,0.44,0.84,1.0895833333333333
10,9,0,1,36.7,3,0.88,1.36,1.09125
11,9,0,1,17.0,4,0.67,0.28,1.0625
11,9,0,1,-7.1,5,1.38,0.39,1.1083333333333334
13,9,0,1,18.0,4,1.3,1.95,1.14625
14,9,0,1,13.9,4,1.72,1.7,1.1366666666666667
14,9,0,1,34.2,1,1.0,1.01,1.1075000000000002
15,9,0,1,-0.3,3,1.95,0.67,1.1466666666666667
15,9,0,1,25.7,1,0.43,1.94,1.1366666666666665
15,9,0,1,24.2,5,1.87,0.73,1.13375
16,9,0,1,34.0,1,1.45,0.55,1.16375
16,9,0,1,-1.8,3,1.46,1.71,1.2016666666666667
17,9,0,1,38.8,3,0.66,1.87,1.1579166666666667
18,9,0,1,16.4,1,1.68,1.3,1.1500000000000001
19,9,0,1,32.7,4,0.49,1.11,1.11625
19,9,0,1,-1.0,1,0.31,1.59,1.0829166666666667
19,9,0,1,39.7,1,1.08,1.08,1.0616666666666668
23,9,0,1,24.5,2,1.22,1.88,1.0675000000000001
0,10,1,1,24.8,1,1.8,0.53,1.0641666666666667
2,10,1,1,38.7,1,0.75,1.59,1.0733333333333333
8,10,1,1,14.6,4,0.81,0.46,1.0408333333333333
8,10,1,1,4.0,2,0.64,0.59,1.0483333333333333
9,10,1,1,31.4,5,1.32,0.58,1.07875
11,10,1,1,17.6,5,1.04,0.44,1.0979166666666667
12,10,1,1,4.9,5,1.36,0.88,1.13625
14,10,1,1,3.4,3,1.47,0.67,1.1608333333333334
14,10,1,1,13.9,3,0.55,1.38,1.1558333333333333
17,10,1,1,22.0,1,0.27,1.3,1.1095833333333334
19,10,1,1,18.0,5,1.99,1.72,1.1383333333333334
19,10,1,1,-8.4,2,1.11,1.0,1.1129166666666668
20,10,1,1,8.1,4,1.94,1.95,1.1520833333333333
20,10,1,1,13.9,2,0.45,0.43,1.0895833333333333
20,10,1,1,8.8,5,1.97,1.87,1.15375
21,10,1,1,31.2,4,0.56,1.45,1.0991666666666666
21,10,1,1,22.5,3,0.36,1.46,1.0537500000000002
21,10,1,1,24.8,4,1.07,0.66,1.0374999999999999
22,10,1,1,31.4,4,0.3,1.68,1.0225
22,10,1,1,13.9,5,0.32,0.49,0.9658333333333333
23,10,1,1,21.3,5,1.09,0.31,0.9908333333333333
0,11,2,1,30.8,4,1.89,1.08,1.0566666666666666
1,11,2,1,3.9,3,1.32,1.22,1.0666666666666667
5,11,2,1,32.7,3,0.73,1.8,1.04625
5,11,2,1,-0.8,3,0.27,0.75,0.9825
6,11,2,1,4.5,3,1.28,0.81,1.0045833333333334
6,11,2,1,16.8,5,1.93,0.64,1.05125
7,11,2,1,6.0,1,1.72,1.32,1.09625
9,11,2,1,7.3,3,1.05,1.04,1.085
10,11,2,1,-3.5,5,0.66,1.36,1.0691666666666666
11,11,2,1,17.0,5,0.75,1.47,1.04375
11,11,2,1,19.2,5,1.46,0.55,1.0433333333333334
11,11,2,1,11.0,1,1.92,0.27,1.1004166666666666
11,11,2,1,17.6,4,1.63,1.99,1.1570833333333332
11,11,2,1,-6.3,1,0.42,1.11,1.0916666666666666
12,11,2,1,30.3,1,1.27,1.94,1.0983333333333334
12,11,2,1,7.7,1,1.09,0.45,1.0629166666666665
13,11,2,1,33.4,4,0.53,1.97,1.06625
14,11,2,1,37.9,2,1.03,0.56,1.0270833333333333
17,11,2,1,8.0,2,1.24,0.36,1.0554166666666667
17,11,2,1,7.5,2,1.01,1.07,1.0824999999999998
18,11,2,1,36.7,1,0.59,0.3,1.0624999999999998
18,11,2,1,11.5,3,0.27,0.32,1.06125
19,11,2,1,-2.2,2,1.12,1.09,1.0945833333333332
21,11,2,1,24.7,5,1.4,1.89,1.1075000000000002
21,11,2,1,14.4,2,1.43,1.32,1.0883333333333334
22,11,2,1,-2.6,3,0.42,0.73,1.0508333333333333
22,11,2,1,-2.1,1,1.09,0.27,1.0658333333333332
2,12,3,1,11.9,2,0.86,1.28,1.0904166666666668
3,12,3,1,24.2,4,0.48,1.93,1.0570833333333332
5,12,3,1,32.9,4,1.89,1.72,1.0554166666666667
5,12,3,1,35.1,4,0.43,1.05,1.0016666666666667
6,12,3,1,20.3,3,1.3,0.66,1.0120833333333332
6,12,3,1,20.1,2,0.97,0.75,1.025
7,12,3,1,11.3,3,1.28,1.46,1.0470833333333334
7,12,3,1,32.0,3,1.3,1.92,1.0404166666666665
8,12,3,1,37.7,3,1.31,1.63,1.015
8,12,3,1,-8.3,1,1.56,0.42,1.0120833333333334
9,12,3,1,38.6,1,1.06,1.27,1.03875
9,12,3,1,31.2,2,1.92,1.09,1.0658333333333334
10,12,3,1,-5.9,4,0.83,0.53,1.055
11,12,3,1,25.1,1,1.47,1.03,1.0941666666666665
12,12,3,1,0.8,5,1.82,1.24,1.1270833333333334
13,12,3,1,10.3,4,1.27,1.01,1.1283333333333332
13,12,3,1,8.7,2,1.97,0.59,1.1683333333333334
14,12,3,1,6.0,1,0.27,0.27,1.155
14,12,3,1,13.1,5,1.93,1.12,1.2241666666666666
16,12,3,1,-7.0,4,1.32,1.4,1.2325000000000002
16,12,3,1,24.7,3,1.57,1.43,1.2395833333333333
17,12,3,1,7.3,5,0.6,0.42,1.2049999999999998
17,12,3,1,39.7,1,0.51,1.09,1.20875
18,12,3,1,27.9,2,1.85,0.86,1.2404166666666667
19,12,3,1,39.7,5,1.39,0.48,1.2625
21,12,3,1,27.0,1,0.55,1.89,1.2654166666666666
21,12,3,1,-5.4,5,0.63,0.43,1.2129166666666669
23,12,3,1,17.1,5,0.94,1.3,1.2341666666666666
23,12,3,1,8.7,5,1.92,0.97,1.26
1,13,4,1,39.3,3,1.19,1.28,1.2691666666666668
3,13,4,1,13.4,5,0.6,1.3,1.2408333333333335
7,13,4,1,-3.9,5,1.74,1.31,1.2591666666666665
10,13,4,1,27.3,1,1.48,1.56,1.26625
11,13,4,1,14.6,5,0.84,1.06,1.2362499999999998
12,13,4,1,13.0,5,1.84,1.92,1.26875
12,13,4,1,37.9,1,1.57,0.83,1.2541666666666667
13,13,4,1,31.6,5,1.74,1.47,1.2920833333333335
13,13,4,1,4.8,5,0.31,1.82,1.2437500000000001
14,13,4,1,0.3,4,1.1,1.27,1.21375
14,13,4,1,16.3,5,1.89,1.97,1.2395833333333333
14,13,4,1,6.6,3,1.44,0.27,1.2175
14,13,4,1,-6.8,1,1.46,1.93,1.2670833333333333
14,13,4,1,26.8,1,0.51,1.32,1.2079166666666665
15,13,4,1,33.3,5,0.62,1.57,1.17875
15,13,4,1,-2.2,4,0.39,0.6,1.1295833333333334
16,13,4,1,2.5,1,1.96,0.51,1.18625
17,13,4,1,-8.6,2,1.55,1.85,1.2295833333333333
19,13,4,1,20.6,3,0.3,1.39,1.1649999999999998
19,13,4,1,-4.9,2,0.81,0.55,1.1408333333333334
20,13,4,1,-8.1,2,1.55,0.63,1.1825
23,13,4,1,11.3,5,0.92,0.94,1.1945833333333333
23,13,4,1,39.8,2,0.96,1.92,1.1954166666666668
23,13,4,1,12.1,5,0.82,1.19,1.1495833333333334
0,14,5,1,0.0,3,0.81,0.6,1.13375
1,14,5,1,8.9,3,0.34,1.74,1.1229166666666666
2,14,5,1,20.9,5,1.35,1.48,1.1066666666666667
3,14,5,1,25.2,5,1.7,0.84,1.1158333333333335
3,14,5,1,3.1,2,0.82,1.84,1.115
4,14,5,1,12.8,3,0.89,1.57,1.0754166666666667
5,14,5,1,36.1,1,0.91,1.74,1.0479166666666668
6,14,5,1,-2.7,3,1.71,0.31,1.0466666666666666
7,14,5,1,5.1,1,1.97,1.1,1.1158333333333335
9,14,5,1,30.1,3,1.63,1.89,1.1379166666666667
10,14,5,1,-7.6,2,0.99,1.44,1.1004166666666666
11,14,5,1,29.5,2,1.94,1.46,1.12125
11,14,5,1,1.0,3,0.22,0.51,1.0695833333333333
11,14,5,1,-9.8,5,1.69,0.62,1.1187500000000001
11,14,5,1,13.1,3,1.26,0.39,1.1454166666666667
11,14,5,1,37.0,1,0.52,1.96,1.1508333333333334
12,14,5,1,-6.1,4,1.95,1.55,1.1504166666666666
13,14,5,1,33.2,4,1.84,0.3,1.1625
14,14,5,1,-1.9,5,1.28,0.81,1.2033333333333334
15,14,5,1,22.4,4,1.02,1.55,1.2120833333333334
15,14,5,1,29.6,3,0.89,0.92,1.1845833333333333
18,14,5,1,7.4,5,1.8,0.96,1.22125
19,14,5,1,2.2,4,1.49,0.82,1.2433333333333334
21,14,5,1,5.3,5,1.01,0.81,1.25125
22,14,5,1,39.0,5,1.34,0.34,1.2733333333333332
2,15,6,1,14.0,3,1.45,1.35,1.3195833333333333
2,15,6,1,23.6,2,1.78,1.7,1.3375000000000001
3,15,6,1,27.1,3,1.41,0.82,1.3254166666666667
4,15,6,1,18.8,4,0.36,0.89,1.30625
4,15,6,1,-5.6,4,0.56,0.91,1.2925
5,15,6,1,38.1,1,1.62,1.71,1.3220833333333333
6,15,6,1,11.4,4,0.24,1.97,1.2608333333333335
6,15,6,1,26.6,3,0.98,1.63,1.2195833333333332
6,15,6,1,4.1,1,1.77,0.99,1.2254166666666666
9,15,6,1,25.1,1,0.37,1.94,1.1995833333333334
9,15,6,1,24.6,1,1.27,0.22,1.1716666666666666
10,15,6,1,24.8,2,0.97,1.69,1.2029166666666666
11,15,6,1,-3.5,3,1.43,1.26,1.1920833333333334
11,15,6,1,13.7,2,0.35,0.52,1.1541666666666668
13,15,6,1,35.2,4,1.99,1.95,1.2154166666666666
14,15,6,1,9.5,3,1.69,1.84,1.2045833333333333
14,15,6,1,2.0,1,1.22,1.28,1.17875
15,15,6,1,18.4,1,1.22,1.02,1.1762499999999998
16,15,6,1,36.6,5,0.93,0.89,1.1724999999999999
17,15,6,1,27.5,1,1.85,1.8,1.2125
17,15,6,1,3.3,5,1.87,1.49,1.2154166666666668
18,15,6,1,33.3,3,0.49,1.01,1.1737499999999998
19,15,6,1,15.1,1,0.93,1.34,1.1704166666666667
19,15,6,1,28.8,1,0.89,1.45,1.1516666666666666
19,15,6,1,11.2,3,1.12,1.78,1.1379166666666667
20,15,6,1,-9.3,3,1.07,1.41,1.1083333333333334
23,15,6,1,6.5,2,0.52,0.36,1.07125
1,16,0,1,22.8,5,1.12,0.56,1.1029166666666668
2,16,0,1,13.3,3,1.12,1.62,1.12625
3,16,0,1,6.5,4,1.02,0.24,1.10125
3,16,0,1,30.9,3,0.76,0.98,1.1229166666666666
4,16,0,1,-0.9,1,1.97,1.77,1.1641666666666668
5,16,0,1,34.7,5,1.56,0.37,1.1554166666666668
5,16,0,1,36.1,4,0.82,1.27,1.1741666666666666
5,16,0,1,7.1,1,1.64,0.97,1.1895833333333334
8,16,0,1,12.3,5,0.69,1.43,1.1779166666666667
9,16,0,1,-6.4,2,0.43,0.35,1.13625
10,16,0,1,3.6,4,1.19,1.99,1.17125
12,16,0,1,-1.0,2,0.48,1.69,1.1083333333333334
12,16,0,1,-9.4,2,1.55,1.22,1.1025
16,16,0,1,27.8,4,0.26,1.22,1.0625
16,16,0,1,14.8,4,0.53,0.93,1.0337500000000002
16,16,0,1,-8.4,3,0.7,1.85,1.0241666666666667
18,16,0,1,35.4,2,0.72,1.87,0.9770833333333333
19,16,0,1,35.2,4,0.35,0.49,0.91375
19,16,0,1,16.7,2,0.79,0.93,0.92625
20,16,0,1,-9.3,4,1.77,0.89,0.96125
21,16,0,1,39.6,3,1.46,1.12,0.985
21,16,0,1,35.3,1,0.47,1.07,0.9579166666666666
21,16,0,1,28.2,3,1.64,0.52,0.9816666666666666
22,16,0,1,16.4,1,0.69,1.12,0.98875
22,16,0,1,2.2,3,1.39,1.12,1.0
23,16,0,1,8.2,4,0.27,1.02,0.9645833333333332
23,16,0,1,-8.8,3,0.81,0.76,0.9558333333333332
0,17,1,1,-8.0,4,1.4,1.97,0.9825
0,17,1,1,34.3,5,1.06,1.56,0.9445833333333332
1,17,1,1,-5.2,5,0.86,0.82,0.9154166666666667
3,17,1,1,39.4,1,0.89,1.64,0.9183333333333333
3,17,1,1,34.5,3,1.86,0.69,0.9274999999999999
4,17,1,1,-5.7,5,1.05,0.43,0.9425
4,17,1,1,9.0,2,0.77,1.19,0.9566666666666667
5,17,1,1,1.9,5,0.99,0.48,0.9483333333333333
6,17,1,1,8.5,5,0.55,1.55,0.9512499999999999
7,17,1,1,-2.0,5,0.55,0.26,0.9095833333333333
8,17,1,1,29.9,4,1.57,0.53,0.9641666666666667
8,17,1,1,17.8,3,1.06,0.7,0.98625
8,17,1,1,32.4,1,1.28,0.72,1.0104166666666667
9,17,1,1,33.0,1,1.38,0.35,1.0379166666666666
10,17,1,1,23.6,4,1.34,0.79,1.0791666666666666
14,17,1,1,18.2,5,1.37,1.77,1.1033333333333333
14,17,1,1,21.9,3,1.34,1.46,1.0854166666666667
15,17,1,1,10.5,1,1.86,0.47,1.1020833333333333
15,17,1,1,17.2,1,1.4,1.64,1.1408333333333334
18,17,1,1,17.2,1,1.06,0.69,1.1166666666666667
18,17,1,1,-4.0,4,1.22,1.39,1.13875
19,17,1,1,17.9,4,1.11,0.27,1.1270833333333334
20,17,1,1,18.1,4,1.76,0.81,1.1891666666666667
21,17,1,1,-8.4,5,1.31,1.4,1.2100000000000002
23,17,1,1,30.1,1,0.73,1.06,1.1820833333333332
23,17,1,1,6.0,2,0.87,0.86,1.1741666666666666
0,18,2,1,9.8,2,1.43,0.89,1.1979166666666667
2,18,2,1,-7.3,3,1.76,1.86,1.2341666666666666
4,18,2,1,-0.1,2,1.89,1.05,1.2354166666666668
5,18,2,1,6.8,2,0.26,0.77,1.2025
6,18,2,1,2.9,2,1.74,0.99,1.2429166666666667
6,18,2,1,23.6,5,1.1,0.55,1.2475
7,18,2,1,33.5,1,1.42,0.55,1.2837500000000002
7,18,2,1,-0.2,4,0.9,1.57,1.2983333333333333
7,18,2,1,-9.6,3,1.62,1.06,1.3004166666666668
8,18,2,1,-4.5,1,0.2,1.28,1.2645833333333334
8,18,2,1,29.1,5,1.95,1.38,1.2925
9,18,2,1,32.2,5,1.96,1.34,1.3166666666666667
10,18,2,1,39.3,3,1.19,1.37,1.3104166666666668
10,18,2,1,5.1,2,1.07,1.34,1.2979166666666668
10,18,2,1,24.6,5,0.55,1.86,1.265
11,18,2,1,7.6,2,0.44,1.4,1.2058333333333333
12,18,2,1,-7.3,3,0.54,1.06,1.17
12,18,2,1,16.5,5,1.8,1.22,1.2008333333333334
13,18,2,1,31.2,4,0.53,1.11,1.1720833333333334
13,18,2,1,10.6,3,1.47,1.76,1.1870833333333333
15,18,2,1,9.4,4,1.64,1.31,1.1820833333333334
15,18,2,1,-2.6,2,0.8,0.73,1.1608333333333334
16,18,2,1,-5.2,5,0.74,0.87,1.1612500000000001
17,18,2,1,12.2,2,1.24,1.43,1.1766666666666667
17,18,2,1,14.7,1,1.73,1.76,1.1891666666666667
18,18,2,1,-8.1,4,0.88,1.89,1.1525
20,18,2,1,2.3,5,0.7,0.26,1.1029166666666665
21,18,2,1,-1.9,4,0.57,1.74,1.1158333333333335
21,18,2,1,20.7,2,1.03,1.1,1.08625
22,18,2,1,8.1,2,1.77,1.42,1.1141666666666667
23,18,2,1,36.6,4,0.76,0.9,1.0866666666666667
23,18,2,1,21.4,5,1.67,1.62,1.1187500000000001
23,18,2,1,13.6,2,0.35,0.2,1.0658333333333332
23,18,2,1,30.2,2,0.83,1.95,1.0920833333333333
2,19,3,1,15.8,5,0.61,1.96,1.0362500000000001
3,19,3,1,34.1,1,1.31,1.19,1.0091666666666665
3,19,3,1,26.1,5,1.01,1.07,1.0016666666666667
3,19,3,1,-7.8,3,0.59,0.55,0.9816666666666666
4,19,3,1,6.3,5,0.63,0.44,0.985
5,19,3,1,23.8,1,0.74,0.54,0.9975
5,19,3,1,9.7,1,1.41,1.8,1.0337500000000002
6,19,3,1,17.7,4,1.03,0.53,1.0016666666666667
7,19,3,1,24.6,3,0.42,1.47,0.9970833333333333
8,19,3,1,-7.5,2,0.31,1.64,0.94875
9,19,3,1,21.2,3,0.3,0.8,0.8929166666666667
10,19,3,1,-2.7,4,1.07,0.74,0.9041666666666667
10,19,3,1,-2.9,1,1.02,1.24,0.9158333333333334
12,19,3,1,14.8,1,1.18,1.73,0.9133333333333332
12,19,3,1,6.3,3,0.68,0.88,0.8695833333333334
14,19,3,1,13.2,2,0.24,0.7,0.8429166666666666
16,19,3,1,-4.8,1,1.87,0.57,0.8916666666666666
16,19,3,1,6.5,1,1.01,1.03,0.91
18,19,3,1,11.0,2,1.06,1.77,0.91125
18,19,3,1,11.5,4,1.82,0.76,0.9133333333333332
19,19,3,1,25.9,2,1.02,1.67,0.9241666666666667
19,19,3,1,3.8,5,1.54,0.35,0.9187499999999998
20,19,3,1,21.4,1,1.62,0.83,0.9716666666666667
21,19,3,1,6.8,4,0.24,0.61,0.9470833333333334
21,19,3,1,11.1,4,0.75,1.31,0.9529166666666667
22,19,3,1,11.7,3,1.91,1.01,0.9779166666666668
22,19,3,1,9.1,3,1.57,0.59,1.00125
4,20,4,1,37.8,3,1.72,0.63,1.0483333333333333
7,20,4,1,-4.6,3,1.18,0.74,1.07125
8,20,4,1,32.5,5,1.14,1.41,1.0879166666666666
9,20,4,1,26.1,1,1.77,1.03,1.1029166666666668
9,20,4,1,0.2,5,0.94,0.42,1.0991666666666668
9,20,4,1,-7.6,4,1.78,0.31,1.1558333333333333
10,20,4,1,15.2,4,0.35,0.3,1.1575
10,20,4,1,0.3,4,1.59,1.07,1.21125
10,20,4,1,35.1,4,1.49,1.02,1.22875
10,20,4,1,0.9,4,1.53,1.18,1.25
11,20,4,1,39.7,2,0.31,0.68,1.2137499999999999
11,20,4,1,-9.3,4,1.24,0.24,1.2370833333333333
14,20,4,1,5.1,5,0.42,1.87,1.2445833333333332
14,20,4,1,10.2,4,1.47,1.01,1.2279166666666668
14,20,4,1,0.0,4,0.49,1.06,1.20625
14,20,4,1,34.5,3,1.55,1.82,1.2266666666666668
15,20,4,1,18.7,3,1.35,1.02,1.2070833333333333
15,20,4,1,21.8,3,0.23,1.54,1.1741666666666666
16,20,4,1,2.0,5,1.58,1.62,1.1758333333333335
16,20,4,1,0.9,2,1.81,0.24,1.18375
17,20,4,1,3.2,2,1.13,0.75,1.2208333333333332
17,20,4,1,33.0,3,1.08,1.91,1.2345833333333334
19,20,4,1,11.1,1,1.33,1.57,1.2104166666666665
20,20,4,1,23.4,5,0.61,1.72,1.1704166666666667
20,20,4,1,23.8,1,1.2,1.18,1.14875
20,20,4,1,0.7,4,1.85,1.14,1.1766666666666667
20,20,4,1,5.5,2,1.38,1.77,1.1866666666666668
20,20,4,1,12.4,2,1.16,0.94,1.1612500000000001
22,20,4,1,28.7,3,1.65,1.78,1.1908333333333332
22,20,4,1,22.5,4,1.63,0.35,1.1845833333333333
22,20,4,1,20.6,2,1.72,1.59,1.2416666666666667
23,20,4,1,6.7,5,1.79,1.49,1.25
0,21,5,1,-8.1,3,1.38,1.53,1.2454166666666666
2,21,5,1,27.0,1,0.2,0.31,1.19
2,21,5,1,32.0,1,1.5,1.24,1.2395833333333333
3,21,5,1,37.7,3,1.16,0.42,1.2362499999999998
4,21,5,1,27.6,2,0.48,1.47,1.23875
5,21,5,1,17.8,2,0.57,0.49,1.20125
6,21,5,1,38.2,1,0.23,1.55,1.1904166666666667
7,21,5,1,28.7,3,0.58,1.35,1.15
7,21,5,1,-0.3,3,1.25,0.23,1.1458333333333333
9,21,5,1,6.6,1,0.58,1.58,1.1604166666666667
11,21,5,1,36.1,2,0.63,1.81,1.1208333333333333
12,21,5,1,1.2,3,1.87,1.13,1.1233333333333333
12,21,5,1,-6.6,1,1.97,1.08,1.1583333333333332
13,21,5,1,37.3,3,0.71,1.33,1.1429166666666666
14,21,5,1,1.4,4,1.3,0.61,1.1416666666666668
15,21,5,1,22.1,2,0.66,1.2,1.14375
16,21,5,1,-6.5,1,0.96,1.85,1.1337499999999998
17,21,5,1,30.7,1,1.08,1.38,1.1016666666666668
17,21,5,1,29.0,2,0.22,1.16,1.0533333333333332
18,21,5,1,24.1,5,1.99,1.65,1.0879166666666666
20,21,5,1,39.4,5,0.31,1.63,1.0320833333333332
20,21,5,1,-2.0,1,0.73,1.72,0.9945833333333334
21,21,5,1,21.6,1,1.49,1.79,0.9849999999999999
21,21,5,1,5.6,5,0.5,1.38,0.9312499999999999
21,21,5,1,18.1,5,0.52,0.2,0.8954166666666667
21,21,5,1,9.3,2,0.78,1.5,0.9195833333333333
21,21,5,1,19.1,3,1.0,1.16,0.89875
23,21,5,1,19.0,4,0.75,0.48,0.8816666666666667
0,22,6,1,14.4,3,0.34,0.57,0.8758333333333334
1,22,6,1,20.5,5,1.02,0.23,0.8945833333333333
2,22,6,1,-2.6,5,1.9,0.58,0.9641666666666667
7,22,6,1,35.5,1,1.03,1.25,0.9829166666666668
8,22,6,1,-2.4,1,1.51,0.58,0.99375
9,22,6,1,37.7,5,1.47,0.63,1.0308333333333333
10,22,6,1,29.1,2,1.91,1.87,1.0841666666666667
11,22,6,1,21.7,3,1.12,1.97,1.0529166666666667
12,22,6,1,39.7,3,0.52,0.71,0.9925
13,22,6,1,13.3,5,0.28,1.3,0.9745833333333334
13,22,6,1,25.6,4,1.74,0.66,0.9929166666666666
16,22,6,1,39.4,4,1.11,0.96,1.0116666666666667
18,22,6,1,28.4,2,1.56,1.08,1.0366666666666668
18,22,6,1,32.5,1,1.34,0.22,1.0475
19,22,6,1,3.7,1,1.57,1.99,1.10375
20,22,6,1,20.4,3,0.7,0.31,1.05
20,22,6,1,-7.6,1,0.99,0.73,1.0783333333333334
23,22,6,1,38.6,3,0.4,1.49,1.0645833333333334
1,23,0,1,4.3,1,0.89,0.5,1.0395833333333335
2,23,0,1,14.7,1,0.5,0.52,1.0395833333333335
4,23,0,1,-2.1,2,2.0,0.78,1.10125
5,23,0,1,23.4,2,1.7,1.0,1.1395833333333334
6,23,0,1,13.9,4,1.58,0.75,1.16375
9,23,0,1,31.4,3,0.46,0.34,1.1516666666666666
10,23,0,1,30.1,4,0.84,1.02,1.1725
12,23,0,1,1.3,5,1.03,1.9,1.1729166666666668
12,23,0,1,20.8,1,1.87,1.03,1.1716666666666666
13,23,0,1,-3.6,1,0.79,1.51,1.1616666666666668
14,23,0,1,-1.5,1,0.88,1.47,1.1354166666666667
14,23,0,1,21.1,4,1.22,1.91,1.125
15,23,0,1,25.8,5,1.24,1.12,1.0970833333333334
15,23,0,1,37.2,5,0.48,0.52,1.0704166666666668
18,23,0,1,27.5,5,1.29,0.28,1.1025
19,23,0,1,-9.9,5,0.56,1.74,1.1141666666666665
22,23,0,1,7.2,5,0.77,1.11,1.0737500000000002
23,23,0,1,21.3,3,0.85,1.56,1.0629166666666667
23,23,0,1,14.4,5,0.25,1.34,1.0083333333333333
23,23,0,1,17.4,4,1.04,1.57,0.9958333333333332
0,24,1,1,-0.4,1,0.86,0.7,0.96625
1,24,1,1,-6.5,1,1.93,0.99,1.0175
3,24,1,1,9.6,2,0.72,0.4,1.0062499999999999
3,24,1,1,34.3,5,1.6,0.89,1.0562500000000001
4,24,1,1,7.4,5,1.85,0.5,1.09625
4,24,1,1,13.6,2,1.43,2.0,1.135
5,24,1,1,0.5,4,1.49,1.7,1.11375
5,24,1,1,10.0,4,0.74,1.58,1.07375
6,24,1,1,-4.0,3,1.15,0.46,1.0558333333333334
7,24,1,1,-7.7,2,0.21,0.84,1.0454166666666667
8,24,1,1,28.0,2,1.53,1.03,1.0741666666666667
8,24,1,1,-5.1,4,1.94,1.87,1.1120833333333333
8,24,1,1,1.9,1,1.88,0.79,1.1125
8,24,1,1,-0.7,1,1.01,0.88,1.1216666666666666
11,24,1,1,23.0,2,1.55,1.22,1.1495833333333334
11,24,1,1,34.8,5,1.92,1.24,1.17875
12,24,1,1,7.1,3,1.97,0.48,1.2091666666666667
15,24,1,1,9.9,3,1.62,1.29,1.2566666666666666
15,24,1,1,16.8,1,1.44,0.56,1.2629166666666667
15,24,1,1,26.4,3,0.97,0.77,1.28
15,24,1,1,14.2,4,1.85,0.85,1.325
15,24,1,1,0.1,4,1.35,0.25,1.3458333333333332
16,24,1,1,24.7,2,1.22,1.04,1.3862500000000002
16,24,1,1,35.8,2,1.42,0.86,1.4020833333333333
17,24,1,1,19.2,5,1.09,1.93,1.4116666666666668
17,24,1,1,24.0,3,1.24,0.72,1.3829166666666666
20,24,1,1,4.6,3,1.11,1.6,1.3991666666666667
21,24,1,1,4.3,5,1.33,1.85,1.3879166666666665
22,24,1,1,5.7,2,1.5,1.43,1.3733333333333333
22,24,1,1,24.0,3,0.83,1.49,1.3483333333333334
23,24,1,1,38.5,2,0.67,0.74,1.3141666666666667
23,24,1,1,24.3,4,0.98,1.15,1.3241666666666667
0,25,2,1,9.4,5,1.29,0.21,1.33
1,25,2,1,-5.3,5,1.22,1.53,1.3720833333333333
2,25,2,1,21.2,3,1.64,1.94,1.3766666666666667
3,25,2,1,19.2,2,1.06,1.88,1.3399999999999999
3,25,2,1,12.8,5,1.61,1.01,1.32875
4,25,2,1,36.5,5,1.73,1.55,1.35875
5,25,2,1,24.4,5,0.87,1.92,1.3304166666666666
6,25,2,1,21.1,5,0.67,1.97,1.2783333333333333
6,25,2,1,2.3,3,1.51,1.62,1.2591666666666665
7,25,2,1,36.2,4,1.47,1.44,1.2529166666666667
7,25,2,1,-8.2,5,1.15,0.97,1.2408333333333335
7,25,2,1,33.2,4,0.7,1.85,1.2295833333333333
7,25,2,1,-1.6,2,0.63,1.35,1.1787500000000002
8,25,2,1,7.7,2,1.33,1.22,1.1779166666666667
8,25,2,1,27.3,1,0.86,1.42,1.1629166666666666
9,25,2,1,15.5,1,1.14,1.09,1.1512499999999999
9,25,2,1,-6.8,1,1.66,1.24,1.175
10,25,2,1,30.7,3,0.9,1.11,1.1608333333333334
13,25,2,1,8.9,4,0.81,1.33,1.1483333333333334
15,25,2,1,14.4,5,1.99,1.5,1.1758333333333333
15,25,2,1,35.7,5,1.83,0.83,1.1895833333333334
17,25,2,1,35.9,5,1.57,0.67,1.2204166666666667
17,25,2,1,36.2,5,1.71,0.98,1.26375
19,25,2,1,19.4,1,1.83,1.29,1.2991666666666666
20,25,2,1,-0.7,1,0.32,1.22,1.25875
21,25,2,1,23.6,1,0.86,1.64,1.2437500000000001
22,25,2,1,33.4,3,1.24,1.06,1.2270833333333333
22,25,2,1,29.9,3,1.84,1.61,1.2595833333333333
22,25,2,1,-8.0,4,0.26,1.73,1.2033333333333334
23,25,2,1,31.7,3,1.33,0.87,1.1866666666666668
23,25,2,1,12.9,4,1.56,0.67,1.2154166666666668
0,26,3,1,8.8,5,0.88,1.51,1.2241666666666666
4,26,3,1,37.4,2,1.46,1.47,1.2220833333333334
4,26,3,1,19.5,2,1.68,1.15,1.2308333333333332
5,26,3,1,39.6,5,0.3,0.7,1.1954166666666668
6,26,3,1,-7.0,1,0.63,0.63,1.1925000000000001
6,26,3,1,-0.3,5,0.22,1.33,1.1754166666666666
7,26,3,1,13.6,5,0.56,0.86,1.1433333333333333
8,26,3,1,35.4,2,1.63,1.14,1.1754166666666668
8,26,3,1,8.9,4,0.4,1.66,1.1445833333333333
8,26,3,1,25.4,1,0.73,0.9,1.1058333333333332
9,26,3,1,10.2,3,1.59,0.81,1.1345833333333333
9,26,3,1,31.6,3,0.49,1.99,1.12125
9,26,3,1,5.8,1,1.76,1.83,1.1116666666666666
10,26,3,1,-9.4,5,0.56,1.57,1.05875
13,26,3,1,27.2,2,0.73,1.71,1.02375
13,26,3,1,30.4,5,0.77,1.83,0.9845833333333335
13,26,3,1,17.0,3,0.42,0.32,0.9258333333333333
14,26,3,1,31.9,4,0.71,0.86,0.9420833333333333
15,26,3,1,31.0,1,1.55,1.24,0.9708333333333333
17,26,3,1,25.8,1,1.48,1.84,0.9808333333333334
18,26,3,1,15.1,5,0.84,0.26,0.9391666666666668
18,26,3,1,-6.3,1,1.72,1.33,1.0
18,26,3,1,32.5,1,1.97,1.56,1.0266666666666666
19,26,3,1,-2.1,1,0.52,0.88,0.9833333333333333
20,26,3,1,-4.6,2,1.03,1.46,0.9895833333333334
23,26,3,1,23.9,3,0.34,1.68,0.9429166666666666
23,26,3,1,-2.3,1,1.64,0.3,0.94125
1,27,4,1,-8.9,5,0.5,0.63,0.9495833333333333
2,27,4,1,-6.1,2,0.8,0.22,0.9566666666666667
4,27,4,1,36.7,4,1.71,0.56,1.01875
5,27,4,1,27.4,5,1.87,1.63,1.0733333333333333
5,27,4,1,28.5,2,1.9,0.4,1.0845833333333335
6,27,4,1,1.5,3,1.77,0.73,1.1416666666666668
8,27,4,1,38.1,2,1.07,1.59,1.1558333333333335
8,27,4,1,29.9,2,0.75,0.49,1.1208333333333333
8,27,4,1,14.3,3,0.61,1.76,1.1258333333333332
10,27,4,1,38.0,1,1.67,0.56,1.1220833333333333
11,27,4,1,-5.9,3,1.39,0.73,1.1566666666666665
12,27,4,1,15.4,4,1.18,0.77,1.1754166666666666
14,27,4,1,27.8,1,1.7,0.42,1.2141666666666666
15,27,4,1,37.1,1,1.06,0.71,1.2408333333333335
16,27,4,1,14.1,1,1.4,1.55,1.2695833333333333
18,27,4,1,25.2,1,1.33,1.48,1.2604166666666667
19,27,4,1,-5.8,3,1.63,0.84,1.2666666666666666
20,27,4,1,31.9,3,1.47,1.72,1.2929166666666665
20,27,4,1,23.1,4,1.87,1.97,1.2991666666666666
20,27,4,1,-9.5,5,1.51,0.52,1.28
21,27,4,1,33.4,4,0.26,1.03,1.2691666666666668
21,27,4,1,-8.4,3,0.58,0.34,1.2504166666666667
0,28,5,1,19.4,1,1.05,1.64,1.28
3,28,5,1,-7.9,2,1.83,0.5,1.2879166666666666
5,28,5,1,10.1,4,1.58,0.8,1.3329166666666665
5,28,5,1,37.3,4,0.91,1.71,1.3375000000000001
5,28,5,1,22.4,5,1.54,1.87,1.3304166666666666
6,28,5,1,15.2,2,0.56,1.9,1.2758333333333334
6,28,5,1,29.6,3,1.84,1.77,1.2733333333333332
6,28,5,1,16.2,1,1.26,1.07,1.2520833333333334
7,28,5,1,12.8,5,0.6,0.75,1.2325
7,28,5,1,30.4,4,0.62,0.61,1.2270833333333333
8,28,5,1,22.8,5,0.78,1.67,1.2341666666666666
9,28,5,1,23.9,3,1.24,1.39,1.21625
9,28,5,1,32.5,1,1.55,1.18,1.2229166666666667
10,28,5,1,19.6,1,1.56,1.7,1.23875
11,28,5,1,-4.8,4,1.06,1.06,1.2120833333333334
11,28,5,1,39.5,1,0.42,1.4,1.1854166666666666
12,28,5,1,34.6,4,1.61,1.33,1.1941666666666666
14,28,5,1,22.5,1,0.57,1.63,1.1624999999999999
15,28,5,1,37.6,4,0.55,1.47,1.1175
16,28,5,1,15.6,1,1.27,1.87,1.1091666666666666
17,28,5,1,14.0,4,1.0,1.51,1.0729166666666667
17,28,5,1,-6.7,5,1.07,0.26,1.0545833333333332
18,28,5,1,30.0,2,0.46,0.58,1.0629166666666667
18,28,5,1,-5.4,3,0.55,1.05,1.0616666666666668
19,28,5,1,24.5,2,0.85,1.83,1.0533333333333335
20,28,5,1,6.0,3,1.85,1.58,1.0541666666666667
22,28,5,1,31.0,3,1.71,0.91,1.0595833333333335
0,29,6,1,1.4,5,0.45,1.54,1.0404166666666668
3,29,6,1,9.9,3,1.25,0.56,1.0283333333333333
5,29,6,1,37.0,5,1.92,1.84,1.085
8,29,6,1,16.9,5,1.11,1.26,1.0545833333333334
9,29,6,1,20.9,3,1.22,0.6,1.0529166666666667
11,29,6,1,13.7,2,1.46,0.62,1.08875
11,29,6,1,34.0,5,0.21,0.78,1.0716666666666665
12,29,6,1,12.6,2,0.29,1.24,1.05125
13,29,6,1,18.7,3,1.79,1.55,1.0741666666666667
14,29,6,1,2.2,3,1.13,1.56,1.0566666666666666
14,29,6,1,13.3,2,1.52,1.06,1.055
14,29,6,1,-8.6,1,1.57,0.42,1.07625
15,29,6,1,27.1,2,1.3,1.61,1.1129166666666668
16,29,6,1,21.6,2,1.93,0.57,1.12625
17,29,6,1,8.5,4,1.74,0.55,1.175
18,29,6,1,-0.9,4,0.96,1.27,1.1920833333333334
19,29,6,1,18.2,2,1.68,1.0,1.2091666666666667
20,29,6,1,18.8,4,0.88,1.07,1.2041666666666668
21,29,6,1,7.7,1,1.61,0.46,1.2266666666666668
21,29,6,1,38.1,5,1.23,0.55,1.25875
22,29,6,1,-5.1,1,0.62,0.85,1.2616666666666665
22,29,6,1,-8.8,4,0.37,1.85,1.2416666666666667
22,29,6,1,17.2,2,1.52,1.71,1.2279166666666665
22,29,6,1,26.8,1,1.15,0.45,1.2045833333333333
23,29,6,1,-1.7,5,0.27,1.25,1.1970833333333333
23,29,6,1,14.0,2,1.33,1.92,1.2004166666666667
23,29,6,1,12.6,1,1.81,1.11,1.1958333333333335
23,29,6,1,33.4,5,0.54,1.22,1.1720833333333334
2,30,0,1,15.5,1,1.31,1.46,1.1758333333333333
2,30,0,1,8.2,1,1.66,0.21,1.1841666666666666
2,30,0,1,-7.3,1,0.71,0.29,1.205
2,30,0,1,-4.7,4,0.7,1.79,1.2220833333333332
3,30,0,1,6.6,3,1.16,1.13,1.1958333333333333
3,30,0,1,18.1,1,1.5,1.52,1.21125
4,30,0,1,7.3,1,0.5,1.57,1.16875
4,30,0,1,37.4,4,0.36,1.3,1.1183333333333334
5,30,0,1,-0.9,2,1.83,1.93,1.1404166666666666
5,30,0,1,24.0,5,0.44,1.74,1.0783333333333334
6,30,0,1,-8.3,3,1.86,0.96,1.0833333333333333
7,30,0,1,36.3,2,0.92,1.68,1.0816666666666668
7,30,0,1,6.6,1,1.85,0.88,1.08875
8,30,0,1,31.8,2,0.7,1.61,1.08125
8,30,0,1,-2.1,3,0.93,1.23,1.0529166666666667
12,30,0,1,-3.2,4,1.11,0.62,1.0479166666666666
13,30,0,1,0.5,2,0.29,0.37,1.0341666666666667
14,30,0,1,21.5,2,1.92,1.52,1.0987500000000001
16,30,0,1,23.4,5,1.24,1.15,1.0870833333333334
20,30,0,1,-2.3,4,0.41,0.27,1.05625
20,30,0,1,29.3,4,1.59,1.33,1.1112499999999998
20,30,0,1,-4.6,1,1.51,1.81,1.1187500000000001
20,30,0,1,13.5,4,0.75,0.54,1.0745833333333332
21,30,0,1,24.7,1,1.31,1.31,1.1066666666666667
23,30,0,1,-8.9,2,0.98,1.66,1.0929166666666668
23,30,0,1,6.1,1,0.48,0.71,1.04375
23,30,0,1,9.7,5,1.59,0.7,1.0804166666666666
23,30,0,1,12.1,1,1.02,1.16,1.09375
23,30,0,1,-0.9,2,0.92,1.5,1.08375
0,31,1,1,16.7,4,1.8,0.5,1.0962500000000002
0,31,1,1,38.2,4,0.65,0.36,1.1025
1,31,1,1,19.9,3,0.83,1.83,1.1220833333333333
1,31,1,1,16.0,5,0.88,0.44,1.0825
2,31,1,1,-6.4,4,1.28,1.86,1.1175
3,31,1,1,4.0,3,1.69,0.92,1.1104166666666668
3,31,1,1,23.7,2,0.27,1.85,1.0833333333333333
7,31,1,1,10.0,5,0.63,0.7,1.0325
9,31,1,1,31.5,1,1.96,0.93,1.085
9,31,1,1,-0.6,1,0.3,1.11,1.05875
11,31,1,1,-8.6,2,1.36,0.29,1.0691666666666666
11,31,1,1,2.6,4,0.35,1.92,1.0716666666666668
13,31,1,1,-0.8,4,0.28,1.24,1.0033333333333332
16,31,1,1,28.9,5,0.55,0.41,0.9745833333333334
17,31,1,1,-9.4,1,0.53,1.59,0.9795833333333334
17,31,1,1,-1.0,1,0.77,1.51,0.9454166666666667
18,31,1,1,9.3,4,1.39,0.75,0.9404166666666667
20,31,1,1,-5.2,2,1.0,1.31,0.9508333333333333
20,31,1,1,10.3,1,1.46,0.98,0.9570833333333334
20,31,1,1,24.6,4,0.73,0.48,0.9466666666666667
21,31,1,1,-3.0,3,1.41,1.59,0.9854166666666666
23,31,1,1,-2.3,3,1.58,1.02,0.985
0,1,2,2,-6.1,5,1.37,0.92,0.9995833333333334
0,1,2,2,30.2,4,0.31,1.8,0.9741666666666666
1,1,2,2,30.7,5,1.53,0.65,0.9629166666666666
2,1,2,2,35.7,3,0.86,0.83,0.9716666666666667
3,1,2,2,39.8,1,1.91,0.88,1.0166666666666668
5,1,2,2,13.7,4,1.33,1.28,1.0354166666666667
5,1,2,2,19.0,4,1.83,1.69,1.0583333333333333
6,1,2,2,3.1,2,0.83,0.27,1.0225
7,1,2,2,-1.1,1,1.67,0.63,1.0808333333333333
9,1,2,2,23.5,4,0.34,1.96,1.06875
10,1,2,2,3.0,3,1.23,0.3,1.0383333333333333
10,1,2,2,5.1,1,0.5,1.36,1.0466666666666666
11,1,2,2,-9.9,2,0.39,0.35,1.00625
12,1,2,2,4.5,5,1.4,0.28,1.05
12,1,2,2,-7.4,3,1.88,0.55,1.1166666666666667
13,1,2,2,21.5,3,1.5,0.53,1.15625
13,1,2,2,33.3,2,0.35,0.77,1.14875
14,1,2,2,-1.8,5,1.54,1.39,1.1808333333333334
14,1,2,2,36.2,4,0.55,1.0,1.1458333333333333
14,1,2,2,-4.4,3,1.54,1.46,1.1683333333333332
15,1,2,2,14.8,4,1.78,0.73,1.1816666666666666
16,1,2,2,-4.0,5,1.81,1.41,1.2266666666666668
17,1,2,2,7.5,2,0.25,1.58,1.1783333333333335
18,1,2,2,9.4,4,0.94,1.37,1.1516666666666666
19,1,2,2,23.3,5,1.19,0.31,1.1441666666666668
20,1,2,2,-9.2,3,0.86,1.53,1.1670833333333335
23,1,2,2,38.2,3,1.24,0.86,1.155
23,1,2,2,33.5,3,1.02,1.91,1.1616666666666666
0,2,3,2,1.3,2,0.34,1.33,1.09625
0,2,3,2,-8.3,4,1.56,1.83,1.1058333333333334
1,2,3,2,3.1,5,0.37,0.83,1.045
2,2,3,2,18.0,1,1.34,1.67,1.0662500000000001
2,2,3,2,-7.3,4,0.72,0.34,1.0266666666666666
4,2,3,2,27.1,2,1.32,1.23,1.0675000000000001
8,2,3,2,7.7,4,1.13,0.5,1.0633333333333332
11,2,3,2,-4.1,2,1.22,0.39,1.0933333333333333
12,2,3,2,15.7,2,1.07,1.4,1.1216666666666666
13,2,3,2,22.2,2,0.71,1.88,1.0929166666666668
14,2,3,2,23.3,4,0.55,1.5,1.0375
14,2,3,2,2.9,2,0.42,0.35,0.9925
14,2,3,2,23.1,3,1.68,1.54,1.0479166666666666
15,2,3,2,2.8,3,0.33,0.55,0.9975
15,2,3,2,23.5,5,1.88,1.54,1.0529166666666667
15,2,3,2,28.3,3,0.5,1.78,1.0095833333333333
16,2,3,2,21.0,4,0.86,1.81,0.97125
20,2,3,2,4.3,1,1.98,0.25,0.9783333333333334
20,2,3,2,19.0,5,0.27,0.94,0.9791666666666666
20,2,3,2,-1.6,5,0.61,1.19,0.9654166666666666
22,2,3,2,11.5,1,1.45,0.86,0.97625
22,2,3,2,4.5,3,1.64,1.24,1.0087499999999998
0,3,4,2,-7.6,4,0.83,1.02,0.9916666666666667
0,3,4,2,8.4,3,1.62,0.34,1.0166666666666668
0,3,4,2,25.9,4,1.53,1.56,1.06625
1,3,4,2,-4.9,2,1.43,0.37,1.0608333333333333
1,3,4,2,39.1,3,1.29,1.34,1.0991666666666668
1,3,4,2,30.8,4,1.48,0.72,1.1049999999999998
2,3,4,2,36.9,3,0.51,1.32,1.09625
2,3,4,2,5.2,5,1.76,1.13,1.1145833333333333
3,3,4,2,-7.0,1,1.3,1.22,1.1216666666666666
4,3,4,2,17.0,3,0.41,1.07,1.0879166666666666
6,3,4,2,-3.1,1,0.86,0.71,1.0791666666666668
8,3,4,2,12.3,5,0.72,0.55,1.0795833333333333
9,3,4,2,31.2,1,0.85,0.42,1.0920833333333333
10,3,4,2,39.1,2,0.85,1.68,1.11
10,3,4,2,9.1,1,0.3,0.33,1.0525
10,3,4,2,-3.0,5,1.9,1.88,1.1179166666666667
12,3,4,2,13.4,1,0.52,0.5,1.06125
12,3,4,2,30.9,1,1.58,0.86,1.10625
12,3,4,2,5.2,1,0.52,1.98,1.0920833333333333
12,3,4,2,34.0,4,0.71,0.27,1.0391666666666668
13,3,4,2,15.6,4,1.9,0.61,1.1070833333333334
16,3,4,2,37.0,4,1.56,1.45,1.1466666666666667
16,3,4,2,36.3,2,1.38,1.64,1.14375
17,3,4,2,-7.0,5,0.59,0.83,1.1
18,3,4,2,13.4,5,1.75,1.62,1.1383333333333334
18,3,4,2,13.9,3,0.43,1.53,1.0887499999999999
18,3,4,2,-6.9,1,1.98,1.43,1.1075000000000002
19,3,4,2,23.8,2,1.81,1.29,1.1233333333333333
21,3,4,2,34.1,5,0.6,1.48,1.0945833333333332
21,3,4,2,36.2,2,1.28,0.51,1.08625
22,3,4,2,6.9,1,0.4,1.76,1.0816666666666668
0,4,5,2,3.2,4,1.44,1.3,1.0683333333333331
0,4,5,2,9.8,2,1.58,0.41,1.08
0,4,5,2,22.6,2,0.99,0.86,1.1041666666666667
1,4,5,2,-8.6,5,0.67,0.72,1.09625
2,4,5,2,13.5,1,1.25,0.85,1.1183333333333334
4,4,5,2,30.3,4,1.44,0.85,1.1429166666666666
5,4,5,2,27.3,5,0.69,0.3,1.13625
6,4,5,2,14.0,5,1.76,1.9,1.1970833333333333
6,4,5,2,17.0,4,1.06,0.52,1.1620833333333334
8,4,5,2,6.7,4,0.64,1.58,1.1670833333333335
9,4,5,2,10.7,3,1.96,0.52,1.1829166666666666
10,4,5,2,5.0,5,1.13,0.71,1.2083333333333333
10,4,5,2,38.9,4,1.84,1.9,1.2554166666666666
10,4,5,2,5.1,2,1.26,1.56,1.22875
11,4,5,2,-3.4,3,1.06,1.38,1.2079166666666665
15,4,5,2,30.6,3,1.88,0.59,1.22875
17,4,5,2,31.1,5,1.01,1.75,1.24625
18,4,5,2,37.2,1,1.88,0.43,1.2516666666666667
20,4,5,2,30.1,3,0.32,1.98,1.2470833333333333
21,4,5,2,17.4,1,1.0,1.81,1.20625
21,4,5,2,27.2,1,1.06,0.6,1.175
22,4,5,2,10.8,5,0.79,1.28,1.1829166666666666
22,4,5,2,-5.6,1,0.76,0.4,1.1612500000000001
22,4,5,2,19.5,1,0.45,1.44,1.1633333333333333
22,4,5,2,15.6,2,0.51,1.58,1.1245833333333335
23,4,5,2,29.3,3,0.99,0.99,1.0999999999999999
23,4,5,2,-2.6,2,1.64,0.67,1.1270833333333334
23,4,5,2,33.3,2,1.55,1.25,1.16375
0,5,6,2,36.3,1,0.35,1.44,1.12625
0,5,6,2,29.4,2,1.24,0.69,1.1179166666666667
3,5,6,2,-9.0,1,0.89,1.76,1.12625
6,5,6,2,2.2,4,0.41,1.06,1.07
9,5,6,2,-9.7,1,1.21,0.64,1.07625
11,5,6,2,19.1,2,0.88,1.96,1.08625
11,5,6,2,29.4,2,0.4,1.13,1.02125
12,5,6,2,11.4,2,1.34,1.84,1.03
12,5,6,2,7.8,3,1.87,1.26,1.03125
12,5,6,2,12.2,4,0.26,1.06,0.9895833333333334
13,5,6,2,17.0,5,1.11,1.88,0.9916666666666667
13,5,6,2,36.5,1,1.77,1.01,0.9870833333333334
14,5,6,2,-8.4,5,1.45,1.88,1.0054166666666666
14,5,6,2,-3.5,1,0.3,0.32,0.9395833333333333
16,5,6,2,-9.1,1,1.61,1.0,0.9933333333333333
17,5,6,2,15.1,2,0.37,1.06,0.9670833333333334
17,5,6,2,5.6,2,0.81,0.79,0.9566666666666667
18,5,6,2,19.3,4,0.97,0.76,0.9641666666666667
22,5,6,2,31.9,1,0.88,0.45,0.9691666666666667
23,5,6,2,24.7,2,0.54,0.51,0.9729166666666668
0,6,0,2,6.3,2,0.28,0.99,0.9633333333333334
2,6,0,2,7.5,3,0.36,1.64,0.9370833333333334
3,6,0,2,16.0,5,0.95,1.55,0.9083333333333333
3,6,0,2,35.7,3,1.82,0.35,0.9195833333333333
3,6,0,2,-6.3,1,1.17,1.24,0.95375
3,6,0,2,-9.7,1,1.85,0.89,0.9791666666666666
4,6,0,2,26.9,5,1.71,0.41,1.0133333333333334
5,6,0,2,8.0,1,0.61,1.21,1.0216666666666667
7,6,0,2,4.9,5,1.17,0.88,1.02
8,6,0,2,-4.7,4,0.89,0.4,1.0204166666666665
8,6,0,2,32.1,3,1.42,1.34,1.0629166666666667
8,6,0,2,11.7,2,0.87,1.87,1.0433333333333332
8,6,0,2,-8.2,2,0.95,0.26,1.0050000000000001
9,6,0,2,0.3,4,1.4,1.11,1.0525
9,6,0,2,-5.2,5,0.93,1.77,1.045
9,6,0,2,36.5,2,1.89,1.45,1.05
10,6,0,2,-1.4,4,0.41,0.3,1.0066666666666666
11,6,0,2,38.6,3,1.75,1.61,1.0670833333333334
12,6,0,2,-0.7,2,1.17,0.37,1.0487499999999998
12,6,0,2,25.4,2,1.74,0.81,1.1058333333333332
13,6,0,2,15.5,4,1.31,0.97,1.1266666666666667
13,6,0,2,30.4,5,0.2,0.88,1.0945833333333332
14,6,0,2,3.2,5,0.84,0.54,1.0929166666666665
14,6,0,2,5.4,4,1.78,0.28,1.1445833333333333
15,6,0,2,-3.6,5,1.84,0.36,1.2095833333333332
18,6,0,2,40.0,4,1.26,0.95,1.2470833333333333
19,6,0,2,29.2,1,0.98,1.82,1.2483333333333333
20,6,0,2,3.7,3,0.53,1.17,1.1945833333333333
20,6,0,2,13.1,3,1.88,1.85,1.2241666666666668
21,6,0,2,6.7,4,1.8,1.71,1.2220833333333332
22,6,0,2,17.6,2,1.56,0.61,1.2158333333333333
23,6,0,2,35.9,2,1.98,1.17,1.2729166666666667
0,7,1,2,13.7,2,0.25,0.89,1.2345833333333334
0,7,1,2,0.6,4,1.76,1.42,1.2708333333333333
1,7,1,2,-5.4,1,0.51,0.87,1.2329166666666667
4,7,1,2,19.2,1,1.13,0.95,1.2437500000000001
4,7,1,2,38.0,2,1.21,1.4,1.2545833333333334
7,7,1,2,15.6,4,1.24,0.93,1.2479166666666666
9,7,1,2,9.7,4,0.74,1.89,1.24
9,7,1,2,-1.8,4,1.55,0.41,1.2258333333333333
9,7,1,2,18.0,1,1.63,1.75,1.2766666666666666
10,7,1,2,32.9,2,1.89,1.17,1.2825
10,7,1,2,4.0,1,1.41,1.74,1.2925
10,7,1,2,24.7,5,0.99,1.31,1.26125
11,7,1,2,26.1,4,0.36,0.2,1.2216666666666667
11,7,1,2,28.0,2,0.82,0.84,1.2475
12,7,1,2,21.3,4,1.35,1.78,1.26875
13,7,1,2,-9.0,3,0.48,1.84,1.2145833333333333
13,7,1,2,-6.6,5,1.37,1.26,1.195
14,7,1,2,27.1,2,1.4,0.98,1.2008333333333334
15,7,1,2,9.0,1,1.35,0.53,1.2162499999999998
16,7,1,2,33.7,5,1.84,1.88,1.2708333333333333
18,7,1,2,21.1,3,1.03,1.8,1.2354166666666666
20,7,1,2,6.7,3,1.67,1.56,1.23
21,7,1,2,30.1,3,1.03,1.98,1.2079166666666665
21,7,1,2,14.2,5,1.39,0.25,1.1833333333333333
22,7,1,2,4.4,3,1.1,1.76,1.21875
22,7,1,2,-4.2,5,1.75,0.51,1.2183333333333335
0,8,2,2,-2.5,5,0.9,1.13,1.2345833333333334
3,8,2,2,-6.6,4,0.62,1.21,1.2133333333333334
3,8,2,2,9.8,4,1.69,1.24,1.2333333333333332
4,8,2,2,32.1,3,0.6,0.74,1.2066666666666668
4,8,2,2,15.8,3,1.76,1.55,1.2491666666666665
4,8,2,2,-3.0,5,1.5,1.63,1.2470833333333333
6,8,2,2,29.5,4,0.39,1.89,1.1954166666666666
6,8,2,2,10.7,5,1.89,1.41,1.1954166666666668
7,8,2,2,7.8,5,0.57,0.99,1.1604166666666667
8,8,2,2,28.8,4,0.96,0.36,1.1591666666666667
9,8,2,2,7.4,3,1.11,0.82,1.1904166666666667
9,8,2,2,31.1,2,1.06,1.35,1.2004166666666667
11,8,2,2,19.4,4,1.96,0.48,1.2258333333333333
11,8,2,2,34.2,3,1.67,1.37,1.2754166666666666
11,8,2,2,17.3,5,1.51,1.4,1.28125
13,8,2,2,27.7,3,1.42,1.35,1.2820833333333335
15,8,2,2,38.2,3,1.83,1.84,1.3020833333333333
17,8,2,2,21.8,4,1.41,1.03,1.2841666666666667
18,8,2,2,-3.3,2,0.24,1.67,1.25125
18,8,2,2,28.9,3,1.61,1.03,1.24875
18,8,2,2,14.4,1,1.53,1.39,1.2695833333333333
19,8,2,2,-2.3,5,1.76,1.1,1.285
21,8,2,2,10.5,3,1.34,1.75,1.2950000000000002
23,8,2,2,-6.5,3,0.43,0.9,1.24
23,8,2,2,27.4,2,0.52,0.62,1.2241666666666666
0,9,3,2,3.7,5,0.92,1.69,1.2366666666666666
1,9,3,2,0.6,3,1.28,0.6,1.2195833333333332
1,9,3,2,-2.7,1,1.71,1.76,1.2658333333333334
2,9,3,2,23.4,4,0.54,1.5,1.215
2,9,3,2,10.1,3,1.08,0.39,1.1975
3,9,3,2,11.8,4,1.27,1.89,1.2341666666666666
4,9,3,2,31.2,2,1.31,0.57,1.21
4,9,3,2,-5.7,2,1.5,0.96,1.24875
4,9,3,2,32.2,5,1.64,1.11,1.2770833333333333
6,9,3,2,21.9,4,1.96,1.06,1.3125
6,9,3,2,10.8,1,1.61,1.96,1.335416666666667
7,9,3,2,13.2,3,1.99,1.67,1.3366666666666667
8,9,3,2,7.4,3,0.81,1.51,1.3008333333333333
9,9,3,2,12.4,2,0.96,1.42,1.2779166666666668
10,9,3,2,14.7,1,1.24,1.83,1.2704166666666665
12,9,3,2,26.3,4,0.87,1.41,1.2304166666666667
12,9,3,2,-9.1,4,1.4,0.24,1.23
12,9,3,2,-0.7,2,1.76,1.61,1.2933333333333334
12,9,3,2,16.5,2,0.59,1.53,1.2508333333333332
13,9,3,2,16.4,1,1.86,1.76,1.2645833333333334
13,9,3,2,34.8,3,1.38,1.34,1.24875
14,9,3,2,5.8,1,1.94,0.43,1.27375
15,9,3,2,11.6,3,1.79,0.52,1.3304166666666666
16,9,3,2,36.8,1,0.89,0.92,1.3458333333333332
18,9,3,2,7.5,3,0.41,1.28,1.3245833333333332
20,9,3,2,-2.2,1,0.59,1.71,1.2958333333333334
20,9,3,2,-1.2,5,1.51,0.54,1.2874999999999999
20,9,3,2,32.0,5,1.44,1.08,1.325
21,9,3,2,7.0,4,1.15,1.27,1.3279166666666666
2,10,4,2,38.9,2,1.99,1.31,1.3579166666666664
2,10,4,2,38.7,1,1.06,1.5,1.3475000000000001
4,10,4,2,3.7,3,1.0,1.64,1.3266666666666667
4,10,4,2,23.6,4,0.6,1.96,1.2833333333333334
6,10,4,2,27.2,3,1.71,1.61,1.2729166666666667
6,10,4,2,16.1,1,0.25,1.99,1.21625
7,10,4,2,34.3,5,1.28,0.81,1.1866666666666665
8,10,4,2,4.3,5,0.41,0.96,1.17
11,10,4,2,37.2,1,1.47,1.24,1.19125
12,10,4,2,24.9,2,1.01,0.87,1.1816666666666666
12,10,4,2,8.1,5,0.92,1.4,1.18375
12,10,4,2,21.5,5,0.96,1.76,1.1654166666666665
12,10,4,2,35.8,1,1.64,0.59,1.1604166666666667
14,10,4,2,34.4,1,1.58,1.86,1.2016666666666667
14,10,4,2,17.0,5,1.25,1.38,1.17625
15,10,4,2,35.6,5,1.77,1.94,1.1925000000000001
15,10,4,2,9.6,5,0.38,1.79,1.1275
16,10,4,2,36.9,1,0.52,0.89,1.0745833333333332
16,10,4,2,12.0,4,1.79,0.41,1.1120833333333333
16,10,4,2,38.5,2,1.13,0.59,1.1420833333333333
17,10,4,2,11.3,4,1.2,1.51,1.1675
17,10,4,2,-9.9,3,1.39,1.44,1.1624999999999999
20,10,4,2,3.6,1,0.45,1.15,1.12125
20,10,4,2,-4.3,3,0.42,1.99,1.090833333333333
23,10,4,2,3.1,5,0.52,1.06,1.0295833333333333
0,11,5,2,0.7,4,0.29,1.0,0.9975
1,11,5,2,-2.7,2,1.55,0.6,1.0204166666666667
2,11,5,2,16.9,3,1.97,1.71,1.0775
2,11,5,2,-2.7,1,1.52,0.25,1.0695833333333333
3,11,5,2,37.7,3,0.6,1.28,1.0841666666666667
4,11,5,2,0.6,5,1.52,0.41,1.0941666666666667
5,11,5,2,26.1,2,1.83,1.47,1.1533333333333333
7,11,5,2,3.6,5,1.32,1.01,1.1470833333333332
7,11,5,2,13.2,5,1.66,0.92,1.1741666666666666
7,11,5,2,13.3,3,1.71,0.96,1.2070833333333333
8,11,5,2,38.3,2,1.59,1.64,1.2333333333333334
8,11,5,2,0.1,2,1.81,1.58,1.2404166666666667
8,11,5,2,10.3,1,1.97,1.25,1.2566666666666666
9,11,5,2,24.0,5,0.59,1.77,1.2291666666666667
9,11,5,2,19.6,1,0.8,0.38,1.18875
11,11,5,2,-1.9,2,1.87,0.52,1.2508333333333332
11,11,5,2,-2.9,3,1.01,1.79,1.27125
11,11,5,2,3.2,2,0.49,1.13,1.2170833333333333
11,11,5,2,-1.3,5,1.81,1.2,1.2454166666666666
12,11,5,2,34.8,2,0.56,1.39,1.21875
13,11,5,2,26.5,4,0.9,0.45,1.1983333333333333
14,11,5,2,40.0,3,0.41,0.42,1.1966666666666665
14,11,5,2,7.1,4,1.49,0.52,1.2412500000000002
16,11,5,2,12.0,2,0.39,0.29,1.2358333333333333
17,11,5,2,33.6,5,0.61,1.55,1.2491666666666668
18,11,5,2,-6.9,1,1.69,1.97,1.255
19,11,5,2,7.1,4,1.82,1.52,1.24875
19,11,5,2,19.3,1,1.27,0.6,1.2383333333333333
22,11,5,2,17.9,2,0.33,1.52,1.2270833333333333
0,12,6,2,35.1,4,0.29,1.83,1.1758333333333333
0,12,6,2,-2.3,1,1.02,1.32,1.1420833333333333
1,12,6,2,27.9,3,1.35,1.66,1.1433333333333333
1,12,6,2,32.8,5,1.87,1.71,1.1520833333333333
2,12,6,2,-5.0,1,1.01,1.59,1.1229166666666666
2,12,6,2,26.8,4,1.69,1.81,1.1270833333333334
3,12,6,2,18.6,3,1.46,1.97,1.1125
3,12,6,2,23.3,1,0.41,0.59,1.0475
3,12,6,2,24.4,3,0.98,0.8,1.06375
6,12,6,2,23.9,4,0.83,1.87,1.0650000000000002
6,12,6,2,18.4,4,0.51,1.01,1.0083333333333335
7,12,6,2,1.8,2,0.77,0.49,0.9983333333333334
7,12,6,2,20.2,2,1.14,1.81,1.0254166666666666
9,12,6,2,-2.1,5,1.78,0.56,1.0241666666666667
10,12,6,2,24.3,3,1.69,0.9,1.07125
10,12,6,2,-7.0,1,1.26,0.41,1.08625
12,12,6,2,-3.6,2,1.14,1.49,1.1166666666666667
13,12,6,2,6.2,1,0.75,0.39,1.0858333333333332
15,12,6,2,-3.9,3,0.24,0.61,1.0795833333333333
16,12,6,2,21.3,2,1.39,1.69,1.1120833333333333
16,12,6,2,29.1,1,1.61,1.82,1.1087500000000001
19,12,6,2,31.8,2,0.49,1.27,1.0533333333333335
19,12,6,2,25.5,3,1.6,0.33,1.0670833333333334
23,12,6,2,8.1,4,0.43,0.29,1.07125
0,13,0,2,29.8,2,1.42,1.02,1.1183333333333334
0,13,0,2,-9.1,1,0.53,1.35,1.0979166666666667
2,13,0,2,23.3,1,1.29,1.87,1.0954166666666667
2,13,0,2,34.8,5,1.41,1.01,1.07625
2,13,0,2,21.9,2,0.73,1.69,1.0645833333333334
3,13,0,2,22.0,1,1.97,1.46,1.07625
3,13,0,2,37.4,2,0.47,0.41,1.035
3,13,0,2,9.7,2,0.85,0.98,1.0533333333333332
3,13,0,2,-6.1,5,1.52,0.83,1.0758333333333332
3,13,0,2,-9.0,3,1.07,0.51,1.0858333333333332
4,13,0,2,5.1,5,0.25,0.77,1.075
5,13,0,2,11.2,4,1.33,1.14,1.0983333333333334
6,13,0,2,7.4,5,1.26,1.78,1.1033333333333333
7,13,0,2,4.8,3,1.8,1.69,1.1041666666666667
9,13,0,2,2.8,4,1.27,1.26,1.0866666666666667
10,13,0,2,-2.0,2,1.26,1.14,1.0866666666666667
10,13,0,2,1.9,4,0.94,0.75,1.0783333333333334
11,13,0,2,21.6,4,1.52,0.24,1.1104166666666668
11,13,0,2,6.4,4,0.37,1.39,1.1158333333333332
11,13,0,2,38.1,2,1.59,1.61,1.1241666666666668
12,13,0,2,26.1,2,1.4,0.49,1.1154166666666667
13,13,0,2,10.7,5,1.04,1.6,1.1383333333333334
13,13,0,2,19.4,1,0.66,0.43,1.0991666666666666
15,13,0,2,0.2,5,1.76,1.42,1.1545833333333333
15,13,0,2,8.7,4,1.94,0.53,1.17625
16,13,0,2,-1.8,5,0.43,1.29,1.1720833333333334
16,13,0,2,6.4,1,1.06,1.41,1.1625
17,13,0,2,0.1,5,0.54,0.73,1.12625
17,13,0,2,-6.0,1,0.68,1.97,1.1241666666666668
17,13,0,2,23.6,1,1.91,0.47,1.1216666666666668
20,13,0,2,15.6,3,1.03,0.85,1.145
22,13,0,2,7.0,4,1.01,1.52,1.1516666666666666
22,13,0,2,16.4,5,0.73,1.07,1.1187500000000001
22,13,0,2,30.3,1,0.9,0.25,1.1116666666666666
1,14,1,2,9.5,1,1.23,1.33,1.1525
1,14,1,2,26.7,4,1.63,1.26,1.165
2,14,1,2,31.7,1,0.38,1.8,1.1283333333333334
4,14,1,2,27.5,2,0.73,1.27,1.08375
6,14,1,2,2.5,5,1.26,1.26,1.0833333333333333
9,14,1,2,-2.2,4,1.94,0.94,1.1116666666666666
9,14,1,2,-6.8,4,0.79,1.52,1.1054166666666667
10,14,1,2,19.3,1,1.39,0.37,1.0999999999999999
10,14,1,2,38.0,3,0.25,1.59,1.095
10,14,1,2,21.4,5,1.74,1.4,1.10125
11,14,1,2,38.2,3,0.99,1.04,1.0841666666666667
11,14,1,2,4.2,4,0.56,0.66,1.0641666666666667
11,14,1,2,14.8,4,1.6,1.76,1.1033333333333333
12,14,1,2,-7.1,5,1.2,1.94,1.0799999999999998
13,14,1,2,24.6,1,0.21,0.43,1.0079166666666668
13,14,1,2,28.5,4,1.51,1.06,1.0529166666666667
14,14,1,2,28.1,1,0.52,0.54,1.0304166666666665
17,14,1,2,-5.5,5,0.7,0.68,1.0370833333333334
17,14,1,2,12.7,1,1.54,1.91,1.0729166666666667
17,14,1,2,-1.8,5,1.8,1.03,1.0683333333333334
19,14,1,2,29.4,3,0.45,1.01,1.0441666666666667
20,14,1,2,35.8,4,1.8,0.73,1.0770833333333334
20,14,1,2,38.0,2,1.96,0.9,1.1283333333333332
21,14,1,2,18.9,1,1.49,1.23,1.1529166666666668
23,14,1,2,12.8,1,0.47,1.63,1.12125
2,15,2,2,0.3,1,0.75,0.38,1.0845833333333335
5,15,2,2,13.2,1,1.84,0.73,1.1454166666666665
6,15,2,2,27.7,3,0.39,1.26,1.1312499999999999
7,15,2,2,17.8,2,0.64,1.94,1.1054166666666667
7,15,2,2,14.5,1,0.97,0.79,1.065
9,15,2,2,37.6,5,0.31,1.39,1.0450000000000002
9,15,2,2,11.5,3,1.12,0.25,1.03375
10,15,2,2,2.1,2,0.3,1.74,1.0358333333333334
13,15,2,2,31.7,1,0.91,0.99,1.00125
14,15,2,2,16.5,5,1.7,0.56,1.0308333333333333
15,15,2,2,-7.2,4,0.9,1.6,1.0450000000000002
15,15,2,2,24.4,1,1.08,1.2,1.0233333333333332
16,15,2,2,0.4,5,1.49,0.21,1.0354166666666667
19,15,2,2,25.9,4,1.81,1.51,1.1020833333333333
19,15,2,2,14.6,3,1.47,0.52,1.1004166666666666
20,15,2,2,31.3,4,1.09,0.7,1.1241666666666668
20,15,2,2,-6.5,5,1.71,1.54,1.16625
20,15,2,2,29.3,4,1.53,1.8,1.1658333333333333
23,15,2,2,38.0,2,1.59,0.45,1.1570833333333332
1,16,3,2,25.5,2,1.16,1.8,1.1866666666666668
3,16,3,2,21.3,3,0.63,1.96,1.1379166666666667
3,16,3,2,18.3,5,0.6,1.49,1.08125
4,16,3,2,21.5,5,1.46,0.47,1.08
4,16,3,2,8.5,2,1.45,0.75,1.1208333333333333
5,16,3,2,17.3,3,1.29,1.84,1.1433333333333333
5,16,3,2,19.6,5,0.39,0.39,1.0829166666666667
7,16,3,2,-5.2,4,0.32,0.64,1.08
8,16,3,2,1.5,3,1.2,0.97,1.1033333333333333
9,16,3,2,30.2,3,1.61,0.31,1.1300000000000001
9,16,3,2,25.1,4,1.45,1.12,1.1775
10,16,3,2,38.6,5,1.75,0.3,1.20375
11,16,3,2,-0.4,1,0.83,0.91,1.2258333333333333
12,16,3,2,39.6,2,0.79,1.7,1.2208333333333334
12,16,3,2,1.8,3,1.49,0.9,1.2120833333333334
13,16,3,2,14.7,1,0.92,1.08,1.2129166666666666
14,16,3,2,5.7,5,0.88,1.49,1.2045833333333333
15,16,3,2,20.1,5,1.29,1.81,1.1962499999999998
15,16,3,2,32.9,3,1.54,1.47,1.185
15,16,3,2,30.8,2,0.27,1.09,1.135
15,16,3,2,31.5,1,1.74,1.71,1.1620833333333334
16,16,3,2,0.2,5,1.12,1.53,1.1375
16,16,3,2,32.8,2,1.19,1.59,1.1233333333333333
16,16,3,2,-8.2,1,1.84,1.16,1.13375
17,16,3,2,25.7,2,0.89,0.63,1.1225
18,16,3,2,19.7,2,0.65,0.6,1.1233333333333333
18,16,3,2,31.7,2,0.63,1.46,1.1245833333333333
18,16,3,2,10.2,2,1.37,1.45,1.1208333333333333
18,16,3,2,-9.6,2,0.94,1.29,1.0995833333333334
18,16,3,2,24.0,4,1.49,0.39,1.1079166666666667
18,16,3,2,38.0,5,0.95,0.32,1.1312499999999999
19,16,3,2,29.3,1,1.31,1.2,1.1725
19,16,3,2,-2.7,5,0.48,1.61,1.1425
21,16,3,2,6.5,4,1.7,1.45,1.14625
21,16,3,2,0.5,1,1.98,1.75,1.1683333333333334
21,16,3,2,-0.2,4,1.48,0.83,1.1570833333333332
22,16,3,2,18.5,4,1.85,0.79,1.1995833333333332
23,16,3,2,-8.1,4,1.4,1.49,1.2249999999999999
23,16,3,2,34.1,1,0.67,0.92,1.1908333333333334
0,17,4,2,18.8,2,2.0,0.88,1.2358333333333333
1,17,4,2,7.1,2,1.38,1.29,1.2566666666666666
2,17,4,2,-9.5,4,1.04,1.54,1.24625
2,17,4,2,33.5,2,0.84,0.27,1.2170833333333333
3,17,4,2,36.2,1,0.66,1.74,1.2333333333333334
4,17,4,2,-5.5,1,0.23,1.12,1.1704166666666667
4,17,4,2,37.9,2,0.58,1.19,1.1479166666666667
4,17,4,2,23.3,4,1.12,1.84,1.145
5,17,4,2,37.5,1,1.8,0.89,1.1433333333333333
6,17,4,2,4.3,3,1.99,0.65,1.1891666666666667
6,17,4,2,10.1,4,0.83,0.63,1.1966666666666665
6,17,4,2,-0.7,2,1.24,1.37,1.2220833333333334
6,17,4,2,-6.2,1,1.67,0.94,1.2345833333333334
7,17,4,2,23.2,4,1.14,1.49,1.2429166666666667
8,17,4,2,38.6,3,0.9,0.95,1.2183333333333333
9,17,4,2,-2.3,5,1.54,1.31,1.2429166666666667
11,17,4,2,12.3,5,1.08,0.48,1.2333333333333332
13,17,4,2,20.9,1,1.86,1.7,1.2908333333333333
14,17,4,2,-0.6,2,0.76,1.98,1.2516666666666667
15,17,4,2,4.7,4,1.03,1.48,1.2120833333333334
17,17,4,2,32.0,5,1.19,1.85,1.2
17,17,4,2,16.6,2,1.38,1.4,1.1804166666666667
18,17,4,2,10.7,3,1.16,0.67,1.1704166666666669
19,17,4,2,10.7,4,0.64,2.0,1.1691666666666667
20,17,4,2,36.6,1,1.82,1.38,1.1616666666666666
20,17,4,2,37.8,4,1.25,1.04,1.15625
21,17,4,2,34.1,4,1.14,0.84,1.1604166666666667
22,17,4,2,33.0,1,1.58,0.66,1.19125
0,18,5,2,6.8,2,0.64,0.23,1.1904166666666665
2,18,5,2,16.0,5,0.86,0.58,1.2166666666666668
5,18,5,2,4.3,4,0.22,1.12,1.2016666666666667
5,18,5,2,34.3,2,0.22,1.8,1.1641666666666666
5,18,5,2,0.0,1,1.06,1.99,1.1333333333333335
6,18,5,2,2.9,5,1.47,0.83,1.1116666666666666
6,18,5,2,19.0,2,0.95,1.24,1.1166666666666667
6,18,5,2,22.2,2,0.94,1.67,1.1041666666666667
7,18,5,2,19.1,2,0.71,1.14,1.0641666666666667
7,18,5,2,28.9,1,1.46,0.9,1.0775
7,18,5,2,29.9,3,0.31,1.54,1.0529166666666667
7,18,5,2,33.7,4,1.82,1.08,1.0645833333333332
8,18,5,2,11.4,5,0.48,1.86,1.0395833333333333
9,18,5,2,25.3,1,1.79,0.76,1.0366666666666668
10,18,5,2,36.2,2,1.38,1.03,1.0625
11,18,5,2,27.9,4,1.81,1.19,1.095
12,18,5,2,12.6,1,0.48,1.38,1.0654166666666667
12,18,5,2,32.6,2,1.97,1.16,1.0899999999999999
12,18,5,2,18.4,5,0.49,0.64,1.0620833333333335
13,18,5,2,22.4,4,0.37,1.82,1.0508333333333335
13,18,5,2,34.1,4,1.27,1.25,1.0279166666666668
15,18,5,2,8.6,1,1.57,1.14,1.04125
15,18,5,2,15.4,2,1.38,1.58,1.05125
16,18,5,2,28.6,3,1.34,0.64,1.04125
18,18,5,2,19.6,3,1.24,0.86,1.06625
19,18,5,2,13.7,2,0.49,0.22,1.0508333333333333
20,18,5,2,-9.8,4,0.54,0.22,1.0641666666666667
20,18,5,2,12.9,4,1.41,1.06,1.11375
21,18,5,2,-3.0,1,0.21,1.47,1.0783333333333334
22,18,5,2,5.5,3,1.91,0.95,1.0966666666666667
22,18,5,2,22.7,4,0.3,0.94,1.0695833333333333
23,18,5,2,31.5,4,0.93,0.71,1.0691666666666666
23,18,5,2,34.4,2,0.78,1.46,1.0720833333333333
0,19,6,2,37.8,2,1.13,0.31,1.0583333333333333
0,19,6,2,38.7,4,1.96,1.82,1.1270833333333332
0,19,6,2,39.2,4,1.43,0.48,1.1108333333333331
0,19,6,2,26.6,1,0.86,1.79,1.1266666666666667
1,19,6,2,21.9,2,1.46,1.38,1.1129166666666666
2,19,6,2,33.5,4,0.7,1.81,1.0845833333333332
4,19,6,2,13.8,5,0.74,0.48,1.04
5,19,6,2,-8.1,5,1.48,1.97,1.0816666666666668
5,19,6,2,-4.2,5,1.54,0.49,1.06375
7,19,6,2,25.8,1,0.34,0.37,1.0574999999999999
10,19,6,2,22.2,5,1.42,1.27,1.10125
11,19,6,2,34.8,2,0.53,1.57,1.0704166666666666
13,19,6,2,28.8,3,1.43,1.38,1.0645833333333332
13,19,6,2,34.9,4,0.28,1.34,1.01875
14,19,6,2,3.5,3,0.21,1.24,0.9716666666666667
16,19,6,2,-1.8,5,0.48,0.49,0.9400000000000001
16,19,6,2,7.6,3,1.13,0.54,0.9666666666666667
17,19,6,2,-3.9,3,0.23,1.41,0.95375
18,19,6,2,8.4,3,0.31,0.21,0.9079166666666666
18,19,6,2,3.9,3,1.04,1.91,0.9424999999999999
19,19,6,2,20.3,5,1.37,0.3,0.9199999999999999
21,19,6,2,26.7,5,0.43,0.93,0.9254166666666666
23,19,6,2,28.1,1,0.8,0.78,0.9199999999999999
23,19,6,2,24.0,3,1.46,1.13,0.9483333333333334
0,20,0,2,-4.4,4,1.87,1.96,0.9791666666666666
0,20,0,2,25.8,3,0.87,1.43,0.93375
1,20,0,2,37.0,5,1.79,0.86,0.9487500000000001
2,20,0,2,-3.4,2,1.11,1.46,0.9591666666666666
2,20,0,2,-2.6,4,0.47,0.7,0.9179166666666667
3,20,0,2,15.6,1,0.46,0.74,0.9079166666666668
4,20,0,2,39.7,5,1.49,1.48,0.9391666666666666
5,20,0,2,9.5,5,1.15,1.54,0.9254166666666667
6,20,0,2,33.4,5,1.33,0.34,0.9166666666666666
7,20,0,2,4.0,5,1.25,1.42,0.9545833333333333
8,20,0,2,18.0,3,1.75,0.53,0.9683333333333333
8,20,0,2,34.6,1,0.99,1.43,0.9875000000000002
8,20,0,2,16.4,1,1.25,0.28,0.9800000000000001
10,20,0,2,-9.0,1,0.77,0.21,1.0004166666666667
10,20,0,2,3.7,5,0.35,0.48,1.0062499999999999
11,20,0,2,36.0,2,0.26,1.13,0.9970833333333333
12,20,0,2,20.7,3,1.09,0.23,0.9954166666666667
13,20,0,2,37.6,5,1.02,0.31,1.0283333333333333
13,20,0,2,31.7,5,1.61,1.04,1.0825
14,20,0,2,18.8,5,0.97,1.37,1.0795833333333336
14,20,0,2,-1.0,4,0.89,0.43,1.0595833333333333
17,20,0,2,2.1,3,1.68,0.8,1.1116666666666666
18,20,0,2,-6.9,1,0.55,1.46,1.10125
19,20,0,2,3.9,5,1.98,1.87,1.1229166666666666
20,20,0,2,0.5,4,1.74,0.87,1.1175
21,20,0,2,34.9,2,1.39,1.79,1.1391666666666667
22,20,0,2,8.4,4,1.29,1.11,1.1183333333333334
23,20,0,2,9.4,1,0.41,0.47,1.0891666666666666
0,21,1,2,33.3,4,0.72,0.46,1.0995833333333334
1,21,1,2,36.1,5,1.52,1.49,1.14375
3,21,1,2,6.5,4,1.66,1.15,1.1508333333333334
3,21,1,2,28.9,3,1.74,1.33,1.1754166666666666
4,21,1,2,25.9,5,1.83,1.25,1.19625
5,21,1,2,1.3,5,1.27,1.75,1.1970833333333333
7,21,1,2,26.9,4,1.47,0.99,1.1854166666666666
7,21,1,2,15.1,1,0.9,1.25,1.1816666666666669
8,21,1,2,19.1,4,1.14,0.77,1.1770833333333333
8,21,1,2,7.5,1,0.62,0.35,1.1708333333333332
9,21,1,2,3.6,5,1.33,0.26,1.2116666666666667
10,21,1,2,3.2,4,1.42,1.09,1.26
10,21,1,2,23.5,1,0.97,1.02,1.2550000000000001
11,21,1,2,30.0,2,1.95,1.61,1.29375
11,21,1,2,28.7,3,0.78,0.97,1.2591666666666665
13,21,1,2,14.5,3,0.34,0.89,1.2329166666666667
13,21,1,2,9.6,1,1.54,1.68,1.26
14,21,1,2,30.8,2,1.98,0.55,1.2725000000000002
14,21,1,2,-8.9,2,1.62,1.98,1.3170833333333334
16,21,1,2,32.0,4,0.59,1.74,1.2591666666666665
19,21,1,2,28.5,5,0.24,1.39,1.1966666666666665
19,21,1,2,28.3,4,1.83,1.29,1.215
20,21,1,2,14.6,3,1.15,0.41,1.2091666666666667
20,21,1,2,38.5,1,0.68,0.72,1.2204166666666667
21,21,1,2,-2.6,1,1.17,1.52,1.2391666666666665
23,21,1,2,6.0,3,1.96,1.66,1.2575
2,22,2,2,15.9,1,1.04,1.74,1.2316666666666667
3,22,2,2,20.1,4,1.78,1.83,1.2333333333333334
4,22,2,2,-8.0,4,1.05,1.27,1.2008333333333334
4,22,2,2,-8.9,4,1.88,1.47,1.22625
5,22,2,2,-1.7,4,1.66,0.9,1.2341666666666666
6,22,2,2,22.1,5,1.7,1.14,1.2674999999999998
7,22,2,2,4.4,3,1.45,0.62,1.2804166666666668
9,22,2,2,23.0,5,0.58,1.33,1.27875
10,22,2,2,23.4,2,0.46,1.42,1.2425
12,22,2,2,27.1,1,1.16,0.97,1.2316666666666667
12,22,2,2,3.8,5,1.48,1.95,1.2529166666666667
12,22,2,2,17.4,5,0.85,0.78,1.2070833333333333
13,22,2,2,36.5,5,0.72,0.34,1.2045833333333333
13,22,2,2,35.7,5,1.23,1.54,1.2416666666666667
14,22,2,2,1.9,3,1.44,1.98,1.2375
15,22,2,2,33.0,5,1.37,1.62,1.2120833333333334
19,22,2,2,24.2,2,0.55,0.59,1.1675
19,22,2,2,-6.3,2,0.48,0.24,1.1629166666666666
20,22,2,2,7.1,1,1.48,1.83,1.2145833333333333
21,22,2,2,15.4,3,1.57,1.15,1.20375
21,22,2,2,15.1,3,1.74,0.68,1.2283333333333333
21,22,2,2,15.2,1,0.27,1.17,1.21125
21,22,2,2,6.0,2,1.39,1.96,1.2204166666666667
22,22,2,2,-1.0,5,0.27,1.04,1.1500000000000001
23,22,2,2,26.2,5,0.42,1.78,1.1241666666666668
0,23,3,2,-8.1,5,0.29,1.05,1.0620833333333333
0,23,3,2,17.8,4,1.96,1.88,1.0999999999999999
0,23,3,2,24.7,4,1.11,1.66,1.0679166666666666
0,23,3,2,23.5,3,1.17,1.7,1.0475
1,23,3,2,12.0,5,1.62,1.45,1.0441666666666667
1,23,3,2,35.1,4,0.23,0.58,0.9933333333333333
2,23,3,2,7.8,5,1.39,0.46,1.0270833333333333
3,23,3,2,33.8,3,0.98,1.16,1.0487499999999998
3,23,3,2,-3.5,3,1.96,1.48,1.0820833333333333
4,23,3,2,35.3,3,1.74,0.85,1.0929166666666668
4,23,3,2,1.8,5,1.76,0.72,1.1308333333333334
4,23,3,2,22.1,4,0.51,1.23,1.1220833333333333
6,23,3,2,14.9,3,1.98,1.44,1.1533333333333333
8,23,3,2,18.4,3,1.52,1.37,1.1566666666666665
10,23,3,2,35.1,4,1.33,0.55,1.155
10,23,3,2,9.9,2,0.82,0.48,1.16625
11,23,3,2,-6.3,1,1.88,1.48,1.2245833333333334
12,23,3,2,-6.6,2,0.52,1.57,1.1845833333333333
13,23,3,2,-8.8,2,0.74,1.74,1.1500000000000001
13,23,3,2,38.4,3,1.62,0.27,1.1449999999999998
14,23,3,2,13.1,3,0.83,1.39,1.1683333333333332
14,23,3,2,-5.5,2,1.45,0.27,1.1708333333333332
14,23,3,2,-7.8,2,0.4,0.42,1.17625
14,23,3,2,34.0,1,0.58,0.29,1.1829166666666666
15,23,3,2,39.4,1,0.68,1.96,1.1991666666666667
16,23,3,2,-8.0,2,0.3,1.11,1.1300000000000001
17,23,3,2,6.6,2,0.99,1.17,1.125
18,23,3,2,30.4,2,0.65,1.62,1.1033333333333333
19,23,3,2,39.5,5,0.44,0.23,1.0541666666666665
19,23,3,2,-6.1,5,1.39,1.39,1.1025
20,23,3,2,5.6,3,0.76,0.98,1.0762500000000002
21,23,3,2,25.5,3,0.75,1.96,1.0666666666666667
21,23,3,2,17.3,2,0.99,1.74,1.0262499999999999
21,23,3,2,24.0,4,0.49,1.76,0.9741666666666667
22,23,3,2,9.1,5,0.23,0.51,0.9104166666666668
0,24,4,2,5.9,1,1.69,1.98,0.9595833333333333
0,24,4,2,15.2,3,0.53,1.52,0.8991666666666668
0,24,4,2,23.2,5,0.8,1.33,0.8691666666666668
1,24,4,2,28.5,4,0.9,0.82,0.85125
1,24,4,2,6.5,5,1.43,1.88,0.8766666666666666
2,24,4,2,20.4,4,0.73,0.52,0.82875
2,24,4,2,25.3,1,2.0,0.74,0.8904166666666667
2,24,4,2,23.4,4,0.88,1.62,0.8962499999999999
3,24,4,2,25.2,5,1.6,0.83,0.8954166666666667
4,24,4,2,-2.2,3,0.89,1.45,0.8979166666666667
5,24,4,2,29.3,2,1.01,0.4,0.8795833333333333
7,24,4,2,28.2,3,1.91,0.58,0.9424999999999999
8,24,4,2,-7.7,3,0.9,0.68,0.9558333333333334
11,24,4,2,15.7,2,0.91,0.3,0.9654166666666667
11,24,4,2,14.2,5,1.35,0.99,1.0091666666666665
12,24,4,2,7.0,1,0.87,0.65,1.0041666666666667
12,24,4,2,23.2,1,0.69,0.44,1.0058333333333334
15,24,4,2,39.7,5,1.65,1.39,1.0562500000000001
16,24,4,2,28.6,5,0.97,0.76,1.03875
16,24,4,2,-0.7,3,1.27,0.75,1.0599999999999998
17,24,4,2,-4.1,1,0.77,0.99,1.0608333333333333
18,24,4,2,-7.7,3,1.47,0.49,1.0808333333333333
18,24,4,2,18.0,3,1.82,0.23,1.13625
20,24,4,2,1.0,1,0.97,1.69,1.1670833333333333
20,24,4,2,3.3,3,1.64,0.53,1.165
20,24,4,2,6.6,5,1.89,0.8,1.2216666666666667
20,24,4,2,25.1,4,0.65,0.9,1.2154166666666666
21,24,4,2,33.7,3,0.75,1.43,1.2091666666666667
22,24,4,2,-5.6,4,0.38,0.73,1.1654166666666665
23,24,4,2,3.0,5,0.38,2.0,1.1508333333333334
0,25,5,2,35.9,1,0.68,0.88,1.0958333333333334
1,25,5,2,2.6,3,1.35,1.6,1.1154166666666667
2,25,5,2,11.0,2,1.87,0.89,1.1266666666666667
3,25,5,2,26.5,3,0.9,1.01,1.1270833333333332
4,25,5,2,25.3,4,1.49,1.91,1.1470833333333335
4,25,5,2,4.2,2,0.68,0.9,1.0958333333333334
5,25,5,2,1.4,5,1.53,0.91,1.1220833333333333
5,25,5,2,-4.9,1,1.02,1.35,1.1266666666666667
6,25,5,2,37.3,1,1.78,0.87,1.1445833333333333
7,25,5,2,38.4,3,0.58,0.69,1.1325
7,25,5,2,-3.6,4,0.22,1.65,1.1129166666666666
8,25,5,2,17.6,1,1.52,0.97,1.1075
10,25,5,2,23.7,1,1.74,1.27,1.1395833333333334
10,25,5,2,32.4,5,0.57,0.77,1.1104166666666668
10,25,5,2,23.5,2,1.56,1.47,1.1433333333333333
11,25,5,2,-5.9,5,1.03,1.82,1.125
13,25,5,2,37.1,1,1.47,0.97,1.1104166666666666
14,25,5,2,5.5,4,1.78,1.64,1.1441666666666668
15,25,5,2,8.8,1,1.41,1.89,1.1345833333333333
15,25,5,2,7.8,2,1.69,0.65,1.12625
16,25,5,2,27.0,5,1.15,0.75,1.1470833333333335
17,25,5,2,15.6,2,1.92,0.38,1.1958333333333333
20,25,5,2,13.4,4,1.31,0.38,1.2345833333333334
20,25,5,2,40.0,1,0.6,0.68,1.24375
21,25,5,2,13.8,1,0.86,1.35,1.25125
21,25,5,2,33.9,5,0.54,1.87,1.2175
21,25,5,2,0.1,4,0.99,0.9,1.1808333333333334
1,26,6,2,-5.3,3,1.76,1.49,1.2166666666666668
1,26,6,2,-3.6,1,1.16,0.68,1.2029166666666666
1,26,6,2,21.3,4,0.76,1.53,1.20625
2,26,6,2,10.8,1,1.11,1.02,1.18875
2,26,6,2,19.2,5,0.94,1.78,1.1854166666666666
4,26,6,2,16.6,3,0.79,0.58,1.1441666666666668
4,26,6,2,37.5,3,1.63,0.22,1.1879166666666665
5,26,6,2,36.5,5,0.61,1.52,1.2041666666666668
5,26,6,2,33.2,5,1.83,1.74,1.2170833333333333
5,26,6,2,-4.7,1,0.59,0.57,1.1691666666666667
5,26,6,2,-2.5,4,1.3,1.56,1.1995833333333332
7,26,6,2,36.3,3,0.9,1.03,1.1720833333333334
7,26,6,2,17.4,4,0.54,1.47,1.1516666666666666
8,26,6,2,35.2,3,1.85,1.78,1.1675
8,26,6,2,25.8,4,1.03,1.41,1.13625
9,26,6,2,29.2,2,0.35,1.69,1.0920833333333333
10,26,6,2,32.5,3,0.79,1.15,1.0545833333333334
10,26,6,2,36.7,5,1.18,1.92,1.0558333333333334
10,26,6,2,7.1,2,1.34,1.31,1.0316666666666667
11,26,6,2,-1.9,3,0.21,0.6,0.9858333333333333
11,26,6,2,26.4,5,1.66,0.86,1.03
11,26,6,2,39.2,5,0.32,0.54,1.0075
12,26,6,2,17.3,1,0.96,0.99,1.025
12,26,6,2,1.5,2,0.87,1.76,1.02
13,26,6,2,18.2,2,0.93,1.16,0.9854166666666666
14,26,6,2,0.0,2,0.91,0.76,0.975
15,26,6,2,37.3,3,1.28,1.11,0.9966666666666667
16,26,6,2,35.5,4,1.11,0.94,0.9966666666666667
16,26,6,2,38.9,1,0.3,0.79,0.9700000000000001
17,26,6,2,31.8,2,1.6,1.63,1.00375
18,26,6,2,37.6,3,1.16,0.61,0.9841666666666667
18,26,6,2,4.9,3,0.49,1.83,0.9791666666666666
20,26,6,2,18.8,4,1.23,0.59,0.9541666666666667
20,26,6,2,-5.2,1,0.21,1.3,0.9383333333333334
21,26,6,2,-5.4,3,1.31,0.9,0.9387500000000001
22,26,6,2,-1.6,3,1.48,0.54,0.9629166666666668
0,27,0,2,13.1,5,0.97,1.85,0.9808333333333333
1,27,0,2,21.5,5,0.77,1.03,0.9358333333333334
1,27,0,2,-4.8,3,1.2,0.35,0.9429166666666666
2,27,0,2,14.8,5,1.2,0.79,0.9783333333333332
2,27,0,2,10.4,3,1.27,1.18,0.9983333333333334
2,27,0,2,-5.7,2,1.49,1.34,1.01125
3,27,0,2,-2.8,2,1.47,0.21,1.0166666666666666
4,27,0,2,25.7,1,1.05,1.66,1.0516666666666665
4,27,0,2,19.2,5,1.42,0.32,1.0416666666666667
5,27,0,2,8.2,4,0.51,0.96,1.0495833333333333
6,27,0,2,27.2,4,0.99,0.87,1.0508333333333335
6,27,0,2,-1.3,1,0.39,0.93,1.0308333333333333
7,27,0,2,39.5,2,1.35,0.91,1.0483333333333333
9,27,0,2,18.6,2,0.53,1.28,1.0325
10,27,0,2,32.6,3,0.34,1.11,0.9933333333333333
11,27,0,2,-4.6,1,0.29,0.3,0.9591666666666666
12,27,0,2,10.9,5,0.3,1.6,0.9591666666666666
12,27,0,2,13.6,2,0.89,1.16,0.9295833333333334
13,27,0,2,37.0,3,0.46,0.49,0.9004166666666668
14,27,0,2,13.8,3,1.46,1.23,0.9408333333333333
15,27,0,2,1.2,5,1.76,0.21,0.9629166666666666
16,27,0,2,13.9,4,0.55,1.31,0.9770833333333334
16,27,0,2,16.4,3,0.64,1.48,0.9491666666666666
17,27,0,2,11.9,5,1.9,0.97,0.9666666666666667
17,27,0,2,-9.6,4,1.51,0.77,0.9891666666666666
19,27,0,2,6.3,3,0.72,1.2,0.9870833333333334
19,27,0,2,15.8,4,1.83,1.2,1.0133333333333334
20,27,0,2,20.7,4,0.63,1.27,0.9895833333333335
20,27,0,2,1.1,5,1.18,1.49,0.9858333333333333
21,27,0,2,18.7,5,0.84,1.47,0.9587500000000001
21,27,0,2,37.8,5,0.39,1.05,0.91375
21,27,0,2,29.2,1,1.96,1.42,0.9516666666666667
21,27,0,2,25.4,2,0.84,0.51,0.9274999999999999
22,27,0,2,16.9,3,1.37,0.99,0.9633333333333334
23,27,0,2,0.8,2,1.93,0.39,1.0025
23,27,0,2,6.3,5,1.87,1.35,1.0641666666666667
0,28,1,2,-3.2,5,0.47,0.53,1.0275
0,28,1,2,7.8,3,0.47,0.34,1.025
1,28,1,2,25.8,5,0.59,0.29,1.0354166666666667
2,28,1,2,26.7,1,1.47,0.3,1.0845833333333335
2,28,1,2,11.1,5,1.14,0.89,1.1195833333333334
2,28,1,2,13.6,4,1.32,0.46,1.1375
3,28,1,2,-6.0,5,0.83,1.46,1.1529166666666666
5,28,1,2,29.3,1,1.36,1.76,1.14875
5,28,1,2,17.2,4,1.71,0.55,1.1466666666666667
6,28,1,2,29.1,5,1.28,0.64,1.1770833333333333
7,28,1,2,27.3,5,0.32,1.9,1.16375
7,28,1,2,-2.2,4,0.23,1.51,1.0941666666666665
8,28,1,2,23.0,1,0.9,0.72,1.06875
8,28,1,2,-0.8,5,1.99,1.83,1.1216666666666666
9,28,1,2,16.8,5,1.16,0.63,1.09375
10,28,1,2,-1.6,2,1.42,1.18,1.1266666666666667
11,28,1,2,4.4,1,0.72,0.84,1.1075
12,28,1,2,-5.2,4,1.17,0.39,1.1212499999999999
13,28,1,2,18.0,3,1.92,1.96,1.1849999999999998
14,28,1,2,22.1,3,1.41,0.84,1.1620833333333334
17,28,1,2,25.8,2,0.5,1.37,1.1479166666666667
17,28,1,2,-2.2,2,1.42,1.93,1.15
18,28,1,2,39.4,3,1.46,1.87,1.1304166666666666
19,28,1,2,21.0,1,0.76,0.47,1.0841666666666667
19,28,1,2,38.4,3,1.93,0.47,1.145
23,28,1,2,-0.2,4,0.7,0.59,1.1545833333333333
2,1,2,3,32.1,2,0.37,1.47,1.1454166666666667
3,1,2,3,-5.0,4,1.82,1.14,1.16
4,1,2,3,9.8,1,0.78,1.32,1.1449999999999998
5,1,2,3,36.7,5,0.91,0.83,1.1279166666666665
5,1,2,3,3.6,2,0.3,1.36,1.1058333333333332
6,1,2,3,34.7,3,1.6,1.71,1.1158333333333335
6,1,2,3,-4.6,2,1.62,1.28,1.1120833333333333
7,1,2,3,7.8,3,1.13,0.32,1.1058333333333332
9,1,2,3,15.4,3,1.31,0.23,1.1470833333333335
12,1,2,3,9.3,4,1.75,0.9,1.2104166666666667
12,1,2,3,8.8,3,0.54,1.99,1.1954166666666666
13,1,2,3,12.8,5,1.87,1.16,1.1904166666666667
16,1,2,3,11.0,5,1.28,1.42,1.1954166666666668
18,1,2,3,39.5,1,1.38,0.72,1.1937499999999999
18,1,2,3,30.8,4,1.53,1.17,1.2275
18,1,2,3,25.1,3,1.66,1.92,1.2479166666666666
19,1,2,3,27.6,5,0.58,1.41,1.1920833333333334
20,1,2,3,38.0,3,1.7,0.5,1.2041666666666666
21,1,2,3,-7.7,2,0.88,1.42,1.22
21,1,2,3,0.4,1,1.86,1.46,1.2383333333333335
21,1,2,3,-4.9,4,1.09,0.76,1.2229166666666667
22,1,2,3,-4.8,1,1.89,1.93,1.27
22,1,2,3,30.8,3,1.13,0.7,1.2366666666666666
23,1,2,3,-3.8,4,1.01,0.37,1.2495833333333333
0,2,3,3,-7.3,3,0.32,1.82,1.2474999999999998
0,2,3,3,18.5,1,0.72,0.78,1.2016666666666667
0,2,3,3,-3.2,4,1.65,0.91,1.2379166666666668
0,2,3,3,15.7,1,1.69,0.3,1.2704166666666667
0,2,3,3,9.9,5,1.76,1.6,1.33125
0,2,3,3,10.4,4,0.95,1.62,1.3041666666666665
1,2,3,3,16.6,1,0.92,1.13,1.2750000000000001
1,2,3,3,21.7,5,1.52,1.31,1.29125
2,2,3,3,37.3,3,1.32,1.75,1.2916666666666667
4,2,3,3,1.5,3,0.78,0.54,1.25125
4,2,3,3,-9.2,1,1.51,1.87,1.2916666666666667
4,2,3,3,-3.3,1,1.62,1.28,1.28125
4,2,3,3,4.5,3,1.87,1.38,1.3058333333333334
5,2,3,3,13.5,2,1.9,1.53,1.3275
7,2,3,3,37.6,1,1.18,1.66,1.3129166666666665
10,2,3,3,36.1,1,0.34,0.58,1.2579166666666666
11,2,3,3,-7.7,1,1.1,1.7,1.2795833333333333
12,2,3,3,18.1,5,1.25,0.88,1.2608333333333335
12,2,3,3,-0.4,2,0.59,1.86,1.24875
13,2,3,3,26.0,5,0.85,1.09,1.2066666666666668
15,2,3,3,9.6,2,0.71,1.89,1.1908333333333332
15,2,3,3,15.1,3,1.19,1.13,1.1616666666666666
15,2,3,3,22.4,3,1.32,1.01,1.1695833333333334
15,2,3,3,13.4,5,1.85,0.32,1.2045833333333336
17,2,3,3,35.9,4,1.14,0.72,1.23875
18,2,3,3,-5.9,4,1.23,1.65,1.26
18,2,3,3,-7.1,4,0.42,1.69,1.20875
19,2,3,3,40.0,4,1.62,1.76,1.2058333333333333
19,2,3,3,-9.9,1,1.46,0.95,1.1933333333333334
19,2,3,3,5.1,4,0.25,0.92,1.1641666666666668
19,2,3,3,-4.4,3,0.7,1.52,1.155
21,2,3,3,7.4,5,0.44,1.32,1.11
0,3,4,3,-1.0,5,1.67,0.78,1.1245833333333335
1,3,4,3,28.6,1,1.39,1.51,1.15
2,3,4,3,-4.5,3,0.77,1.62,1.1191666666666666
4,3,4,3,16.4,2,1.24,1.87,1.1033333333333333
5,3,4,3,34.1,4,0.63,1.9,1.0516666666666665
5,3,4,3,11.5,4,1.67,1.18,1.0420833333333335
7,3,4,3,31.4,2,0.66,0.34,1.0204166666666667
8,3,4,3,33.8,4,1.06,1.1,1.0504166666666668
9,3,4,3,-8.8,3,0.3,1.25,1.0170833333333333
9,3,4,3,-5.7,5,0.28,0.59,0.9766666666666666
9,3,4,3,6.2,5,0.24,0.85,0.9620833333333333
10,3,4,3,22.8,1,0.36,0.71,0.9416666666666665
10,3,4,3,24.8,3,0.36,1.19,0.9270833333333334
14,3,4,3,22.5,5,1.93,1.32,0.9579166666666666
15,3,4,3,8.0,2,1.43,1.85,0.9624999999999999
18,3,4,3,33.2,2,1.77,1.14,0.9591666666666668
18,3,4,3,30.4,2,0.53,1.23,0.93375
18,3,4,3,18.7,3,1.43,0.42,0.9420833333333333
20,3,4,3,-2.2,5,0.81,1.62,0.9583333333333334
20,3,4,3,9.1,2,1.36,1.46,0.9475000000000001
21,3,4,3,19.6,3,0.32,0.25,0.9
21,3,4,3,-4.6,1,1.0,0.7,0.93125
23,3,4,3,27.7,4,0.53,0.44,0.9241666666666667
1,4,5,3,34.2,2,1.24,1.67,0.9575
1,4,5,3,31.9,3,0.29,1.39,0.9
1,4,5,3,20.0,4,1.05,0.77,0.8858333333333334
2,4,5,3,23.2,1,1.76,1.24,0.9270833333333334
3,4,5,3,7.7,4,0.7,0.63,0.9045833333333334
4,4,5,3,14.8,1,1.17,1.67,0.9270833333333334
4,4,5,3,28.7,2,1.94,0.66,0.9383333333333334
7,4,5,3,8.3,2,1.16,1.06,0.9591666666666666
7,4,5,3,21.5,2,0.43,0.3,0.9329166666666667
7,4,5,3,3.8,4,1.65,0.28,0.9891666666666666
9,4,5,3,24.4,5,0.37,0.24,0.9929166666666668
10,4,5,3,37.7,3,1.19,0.36,1.0325
10,4,5,3,8.0,1,1.14,0.36,1.065
10,4,5,3,33.6,3,1.29,1.93,1.10375
10,4,5,3,32.0,5,1.43,1.43,1.0829166666666667
11,4,5,3,38.1,5,0.66,1.77,1.0508333333333335
11,4,5,3,39.9,2,0.57,0.53,1.0008333333333335
12,4,5,3,2.9,4,1.5,1.43,1.04125
13,4,5,3,39.8,5,1.19,0.81,1.03125
13,4,5,3,-2.2,5,1.86,1.36,1.075
13,4,5,3,11.4,5,0.57,0.32,1.0420833333333333
16,4,5,3,33.9,2,1.92,1.0,1.10875
16,4,5,3,7.5,5,1.59,0.53,1.1333333333333333
16,4,5,3,39.9,1,1.21,1.24,1.1616666666666668
16,4,5,3,39.7,5,1.32,0.29,1.165
16,4,5,3,4.0,2,0.81,1.05,1.1866666666666668
17,4,5,3,30.4,4,1.14,1.76,1.1904166666666667
18,4,5,3,34.8,4,1.29,0.7,1.1708333333333334
19,4,5,3,14.8,3,1.53,1.17,1.2054166666666666
19,4,5,3,11.1,1,0.5,1.94,1.1775
19,4,5,3,37.2,3,0.33,1.16,1.1104166666666666
19,4,5,3,12.1,3,0.21,0.43,1.0708333333333333
21,4,5,3,37.4,2,1.79,1.65,1.1275
21,4,5,3,33.6,1,1.98,0.37,1.14125
22,4,5,3,18.7,3,0.47,1.19,1.1454166666666665
0,5,6,3,16.7,2,1.61,1.14,1.1629166666666666
2,5,6,3,26.2,5,1.97,1.29,1.1975
2,5,6,3,18.2,3,1.07,1.43,1.1883333333333332
2,5,6,3,-2.0,1,1.46,0.66,1.1895833333333332
2,5,6,3,24.7,5,1.21,0.57,1.2125
3,5,6,3,25.2,4,0.88,1.5,1.2254166666666668
4,5,6,3,32.5,1,0.37,1.19,1.1783333333333335
4,5,6,3,2.9,2,1.1,1.86,1.1745833333333333
5,5,6,3,14.2,4,0.78,0.57,1.1295833333333334
6,5,6,3,-0.3,3,0.48,1.92,1.1258333333333332
8,5,6,3,-0.5,2,0.3,1.59,1.0583333333333333
8,5,6,3,19.0,1,0.44,1.21,1.0104166666666667
8,5,6,3,3.0,3,1.0,1.32,1.0016666666666667
11,5,6,3,14.7,4,0.45,0.81,0.9654166666666666
13,5,6,3,21.5,5,0.51,1.14,0.9529166666666667
15,5,6,3,20.1,4,0.49,1.29,0.9258333333333333
15,5,6,3,9.4,2,0.47,1.53,0.8916666666666666
15,5,6,3,20.3,4,0.97,0.5,0.8683333333333333
16,5,6,3,-2.8,1,1.73,0.33,0.9195833333333333
17,5,6,3,18.4,1,1.36,0.21,0.9625
17,5,6,3,32.2,4,1.61,1.79,1.0208333333333333
17,5,6,3,-3.2,3,1.5,1.98,1.00875
17,5,6,3,-1.0,2,1.08,0.47,0.97125
20,5,6,3,12.5,2,1.12,1.61,0.9983333333333334
21,5,6,3,6.4,2,0.26,1.97,0.9420833333333335
22,5,6,3,33.9,4,1.12,1.07,0.9066666666666666
23,5,6,3,36.5,2,0.77,1.46,0.8941666666666667
23,5,6,3,16.8,3,1.73,1.21,0.9054166666666665
6,6,0,3,20.2,2,1.03,0.88,0.8979166666666667
8,6,0,3,25.2,3,0.92,0.37,0.8995833333333333
10,6,0,3,12.0,4,0.93,1.1,0.9229166666666667
12,6,0,3,-8.7,2,0.92,0.78,0.9154166666666667
13,6,0,3,21.5,4,1.48,0.48,0.9445833333333332
13,6,0,3,26.5,4,1.18,0.3,0.97375
14,6,0,3,13.2,5,1.85,0.44,1.0383333333333333
16,6,0,3,17.4,5,0.93,1.0,1.05875
16,6,0,3,16.2,4,1.88,0.45,1.0954166666666667
16,6,0,3,-7.4,4,1.15,0.51,1.1245833333333335
18,6,0,3,38.3,5,1.11,0.49,1.1495833333333334
20,6,0,3,14.5,3,1.87,0.47,1.2070833333333335
21,6,0,3,26.8,4,0.81,0.97,1.2212500000000002
21,6,0,3,1.5,4,0.79,1.73,1.2137499999999999
23,6,0,3,15.2,1,1.95,1.36,1.2229166666666667
23,6,0,3,1.2,1,1.46,1.61,1.2270833333333333
23,6,0,3,4.4,4,0.98,1.5,1.2008333333333334
23,6,0,3,-4.9,3,1.22,1.08,1.1891666666666667
23,6,0,3,26.4,3,1.39,1.12,1.2020833333333334
0,7,1,3,-2.3,4,0.48,0.26,1.1754166666666668
2,7,1,3,-8.0,5,0.37,1.12,1.18
3,7,1,3,10.9,2,0.98,0.77,1.1741666666666668
3,7,1,3,9.4,4,0.21,1.73,1.1508333333333332
5,7,1,3,30.5,3,1.99,1.03,1.1616666666666668
8,7,1,3,-4.7,2,1.74,0.92,1.19125
8,7,1,3,28.4,4,0.35,0.93,1.1675
9,7,1,3,-0.9,5,0.99,0.92,1.17
9,7,1,3,35.4,5,1.66,1.48,1.2008333333333334
10,7,1,3,-3.6,2,0.51,1.18,1.1604166666666667
12,7,1,3,7.9,3,1.34,1.85,1.1670833333333335
13,7,1,3,22.4,3,0.7,0.93,1.1191666666666666
13,7,1,3,3.0,2,1.5,1.88,1.1429166666666666
14,7,1,3,10.2,4,1.96,1.15,1.14625
14,7,1,3,11.1,4,1.97,1.11,1.1804166666666667
14,7,1,3,0.6,1,1.07,1.87,1.17875
14,7,1,3,15.1,3,0.69,0.81,1.1295833333333334
16,7,1,3,19.0,2,1.07,0.79,1.1404166666666666
17,7,1,3,6.0,4,1.34,1.95,1.1633333333333333
17,7,1,3,21.3,4,0.82,1.46,1.1162500000000002
18,7,1,3,-1.4,4,1.06,0.98,1.0995833333333334
19,7,1,3,15.0,2,0.58,1.22,1.0829166666666665
19,7,1,3,34.8,1,0.51,1.39,1.0533333333333335
19,7,1,3,14.0,4,1.53,0.48,1.0591666666666668
20,7,1,3,-4.6,2,1.2,0.37,1.0891666666666666
22,7,1,3,-9.9,4,1.56,0.98,1.13875
22,7,1,3,2.4,5,0.96,0.21,1.1379166666666667
23,7,1,3,-3.4,4,0.88,1.99,1.1658333333333333
1,8,2,3,12.2,4,1.28,1.74,1.13625
1,8,2,3,29.1,5,0.62,0.35,1.0895833333333333
1,8,2,3,2.5,1,0.57,0.99,1.0987500000000001
1,8,2,3,7.8,2,1.38,1.66,1.115
2,8,2,3,12.8,3,1.98,0.51,1.1283333333333334
2,8,2,3,-6.6,3,1.62,1.34,1.1745833333333333
2,8,2,3,31.1,3,0.21,0.7,1.1275
3,8,2,3,-2.4,5,0.53,1.5,1.1204166666666666
4,8,2,3,4.6,1,1.39,1.96,1.1158333333333335
6,8,2,3,22.1,1,1.68,1.97,1.1041666666666667
7,8,2,3,2.9,5,1.64,1.07,1.0904166666666668
7,8,2,3,35.9,1,1.95,0.69,1.1270833333333334
10,8,2,3,16.7,1,1.77,1.07,1.1720833333333334
11,8,2,3,27.2,4,1.08,1.34,1.1724999999999999
11,8,2,3,20.0,4,1.43,0.82,1.1762499999999998
12,8,2,3,24.1,1,0.7,1.06,1.17125
12,8,2,3,0.8,3,1.36,0.58,1.18375
12,8,2,3,32.2,3,1.5,0.51,1.2220833333333334
14,8,2,3,18.8,1,0.64,1.53,1.2275
14,8,2,3,-5.0,1,0.94,1.2,1.2029166666666666
17,8,2,3,8.3,1,1.84,1.56,1.2295833333333333
18,8,2,3,1.4,4,1.16,0.96,1.2129166666666666
18,8,2,3,22.8,4,1.7,0.88,1.2437500000000001
19,8,2,3,24.4,4,0.52,1.28,1.22875
20,8,2,3,35.3,3,1.78,0.62,1.2495833333333333
21,8,2,3,26.2,3,0.9,0.57,1.26125
23,8,2,3,18.4,3,0.47,1.38,1.2570833333333333
23,8,2,3,-5.1,4,0.77,1.98,1.2316666666666667
23,8,2,3,3.4,1,1.72,1.62,1.2208333333333332
1,9,3,3,27.7,3,1.09,0.21,1.1987500000000002
2,9,3,3,16.3,3,0.5,0.53,1.2108333333333334
3,9,3,3,1.7,5,0.77,1.39,1.2208333333333334
3,9,3,3,26.5,3,1.0,1.68,1.2045833333333333
4,9,3,3,7.3,4,1.11,1.64,1.1808333333333334
6,9,3,3,27.7,3,0.46,1.95,1.1316666666666666
6,9,3,3,36.6,3,1.02,1.77,1.0929166666666668
6,9,3,3,31.7,4,1.35,1.08,1.0754166666666667
7,9,3,3,-0.8,1,0.52,1.43,1.0520833333333333
8,9,3,3,23.8,1,1.5,0.7,1.055
8,9,3,3,11.9,2,0.93,1.36,1.0645833333333334
12,9,3,3,39.7,3,0.94,1.5,1.0470833333333334
15,9,3,3,-0.6,5,1.89,0.64,1.0633333333333332
15,9,3,3,0.3,2,1.41,0.94,1.0954166666666667
16,9,3,3,10.7,1,0.76,1.84,1.0879166666666666
19,9,3,3,36.4,4,1.5,1.16,1.0737500000000002
19,9,3,3,-0.2,1,1.79,1.7,1.1
19,9,3,3,10.6,1,1.16,0.52,1.0775000000000001
20,9,3,3,27.1,2,0.68,1.78,1.0841666666666667
21,9,3,3,-2.6,3,1.36,0.9,1.0666666666666667
21,9,3,3,17.9,3,1.18,0.47,1.0783333333333334
22,9,3,3,17.6,5,0.38,0.77,1.0745833333333332
0,10,4,3,-2.8,3,0.6,1.72,1.0675000000000001
2,10,4,3,21.6,2,1.6,1.09,1.0625
3,10,4,3,35.1,5,1.59,0.5,1.0833333333333333
4,10,4,3,32.8,5,1.4,0.77,1.1208333333333333
6,10,4,3,24.6,2,0.27,1.0,1.0999999999999999
7,10,4,3,-3.6,2,1.64,1.11,1.1266666666666667
7,10,4,3,19.5,4,0.86,0.46,1.11625
8,10,4,3,22.3,4,0.23,1.02,1.1066666666666667
9,10,4,3,6.5,3,1.15,1.35,1.1120833333333333
9,10,4,3,33.3,2,1.35,0.52,1.1120833333333333
10,10,4,3,31.3,4,1.54,1.5,1.1545833333333333
11,10,4,3,31.1,1,1.74,0.93,1.1645833333333335
13,10,4,3,5.4,5,1.6,0.94,1.1925
13,10,4,3,13.6,3,1.82,1.89,1.2291666666666667
14,10,4,3,11.6,3,1.81,1.41,1.2258333333333333
14,10,4,3,14.0,5,1.74,0.76,1.2395833333333333
15,10,4,3,-6.0,4,1.4,1.5,1.26625
15,10,4,3,17.8,2,1.67,1.79,1.2733333333333334
15,10,4,3,2.4,4,0.95,1.16,1.2383333333333333
16,10,4,3,27.0,1,0.48,0.68,1.21
18,10,4,3,16.2,2,1.67,1.36,1.25125
18,10,4,3,-2.5,1,1.17,1.18,1.2433333333333334
20,10,4,3,-3.6,5,0.28,0.38,1.2058333333333333
21,10,4,3,19.9,4,0.31,0.6,1.2029166666666666
21,10,4,3,24.1,2,1.95,1.6,1.2591666666666665
21,10,4,3,30.7,4,0.94,1.59,1.2316666666666667
21,10,4,3,10.4,3,1.59,1.4,1.2316666666666667
22,10,4,3,15.0,5,1.15,0.27,1.22125
22,10,4,3,5.9,2,0.98,1.64,1.2508333333333332
23,10,4,3,6.4,1,1.34,0.86,1.2383333333333333
23,10,4,3,-6.0,5,0.99,0.23,1.2437500000000001
0,11,5,3,-8.6,2,1.18,1.15,1.2833333333333334
0,11,5,3,33.3,5,1.33,1.35,1.2908333333333333
2,11,5,3,0.1,1,0.96,1.54,1.2745833333333334
2,11,5,3,27.8,2,0.36,1.74,1.2254166666666666
2,11,5,3,0.9,4,0.85,1.6,1.1883333333333332
4,11,5,3,13.8,1,1.16,1.82,1.1700000000000002
6,11,5,3,38.3,5,0.64,1.81,1.1208333333333333
7,11,5,3,37.7,4,0.68,1.74,1.07375
7,11,5,3,30.0,2,0.54,1.4,1.02375
8,11,5,3,12.2,5,1.1,1.67,1.0112500000000002
9,11,5,3,13.3,4,1.28,0.95,0.995
9,11,5,3,22.2,4,0.21,0.48,0.9641666666666667
10,11,5,3,-5.3,2,0.77,1.67,0.97625
11,11,5,3,-8.7,2,0.21,1.17,0.9154166666666667
15,11,5,3,-1.5,5,0.56,0.28,0.89
17,11,5,3,4.1,1,0.75,0.31,0.9095833333333333
18,11,5,3,27.9,1,0.6,1.95,0.9216666666666667
18,11,5,3,30.4,1,1.77,0.94,0.9141666666666667
19,11,5,3,36.9,5,1.3,1.59,0.9291666666666667
20,11,5,3,-1.4,3,1.29,1.15,0.9166666666666666
21,11,5,3,2.6,1,0.42,0.98,0.88625
23,11,5,3,11.0,5,1.04,1.34,0.88875
23,11,5,3,-0.6,5,1.05,0.99,0.8766666666666666
23,11,5,3,38.7,3,1.24,1.18,0.8870833333333333
3,12,6,3,39.0,5,0.44,1.33,0.8562500000000001
4,12,6,3,2.2,1,1.28,0.96,0.8541666666666666
4,12,6,3,32.4,3,0.85,0.36,0.8495833333333334
6,12,6,3,0.6,4,1.55,0.85,0.8991666666666668
7,12,6,3,37.2,4,0.39,1.16,0.8799999999999999
7,12,6,3,34.8,5,1.69,0.64,0.9020833333333332
7,12,6,3,32.6,4,1.74,0.68,0.9479166666666666
7,12,6,3,-2.1,3,1.3,0.54,0.9737499999999999
10,12,6,3,7.3,4,1.56,1.1,1.01625
10,12,6,3,-6.9,5,1.53,1.28,1.0341666666666665
12,12,6,3,32.0,1,1.28,0.21,1.0341666666666667
12,12,6,3,-7.1,5,0.44,0.77,1.04375
13,12,6,3,-0.7,5,0.93,0.21,1.0504166666666668
14,12,6,3,1.4,2,0.54,0.56,1.0641666666666667
17,12,6,3,4.5,4,1.37,0.75,1.0979166666666667
18,12,6,3,25.4,5,1.0,0.6,1.1083333333333334
19,12,6,3,16.4,5,0.28,1.77,1.095
21,12,6,3,3.2,3,1.2,1.3,1.07125
21,12,6,3,21.8,2,0.45,1.29,1.0358333333333334
22,12,6,3,-6.4,3,1.62,0.42,1.0495833333333333
22,12,6,3,19.5,3,0.89,1.04,1.0691666666666668
22,12,6,3,30.8,5,1.38,1.05,1.0833333333333333
23,12,6,3,-2.2,1,0.63,1.24,1.0658333333333334
23,12,6,3,14.7,1,1.88,0.44,1.0925
2,13,0,3,-7.4,5,1.43,1.28,1.1337499999999998
4,13,0,3,35.5,4,0.3,0.85,1.0929166666666668
7,13,0,3,2.9,2,1.3,1.55,1.1116666666666666
7,13,0,3,34.6,5,0.43,0.39,1.065
8,13,0,3,-1.5,5,0.59,1.69,1.0733333333333335
9,13,0,3,39.6,2,0.98,1.74,1.04375
9,13,0,3,16.2,5,1.77,1.3,1.045
10,13,0,3,-7.2,4,1.22,1.56,1.0416666666666667
10,13,0,3,31.5,3,1.24,1.53,1.0283333333333333
10,13,0,3,28.0,4,0.7,1.28,0.99375
11,13,0,3,4.5,4,1.62,0.44,1.0079166666666668
11,13,0,3,33.9,4,0.92,0.93,1.0279166666666666
11,13,0,3,-2.6,3,0.54,0.54,1.0116666666666667
11,13,0,3,22.2,1,1.96,1.37,1.0708333333333333
14,13,0,3,-7.4,5,1.97,1.0,1.0958333333333334
16,13,0,3,-8.8,1,1.63,0.28,1.1220833333333333
16,13,0,3,-7.5,2,1.1,1.2,1.1562499999999998
17,13,0,3,30.8,1,0.52,0.45,1.1279166666666667
17,13,0,3,38.7,1,0.64,1.62,1.1358333333333333
18,13,0,3,-8.2,3,0.64,0.89,1.095
18,13,0,3,4.1,5,1.94,1.38,1.13875
19,13,0,3,37.1,3,1.12,0.63,1.1279166666666667
20,13,0,3,4.7,4,1.43,1.88,1.1612500000000001
22,13,0,3,5.9,5,0.74,1.43,1.11375
22,13,0,3,38.3,2,0.89,0.3,1.09125
23,13,0,3,3.9,5,1.71,1.3,1.1500000000000001
23,13,0,3,24.1,2,1.15,0.43,1.14375
0,14,1,3,5.0,4,1.82,0.59,1.2016666666666667
0,14,1,3,0.0,4,1.25,0.98,1.2291666666666667
2,14,1,3,-3.4,4,1.32,1.77,1.2433333333333334
2,14,1,3,30.0,1,0.71,1.22,1.1991666666666667
2,14,1,3,26.0,4,0.4,1.24,1.165
3,14,1,3,-4.5,5,1.64,0.7,1.1816666666666666
3,14,1,3,28.1,5,0.21,1.62,1.1612500000000001
3,14,1,3,-8.6,1,1.94,0.92,1.1745833333333333
4,14,1,3,-6.7,1,1.87,0.54,1.2141666666666666
6,14,1,3,7.5,5,1.34,1.96,1.2474999999999998
6,14,1,3,6.8,4,1.91,1.97,1.2454166666666666
7,14,1,3,5.2,3,0.54,1.63,1.1858333333333333
8,14,1,3,4.3,3,1.42,1.1,1.1770833333333333
9,14,1,3,-0.9,1,0.42,0.52,1.14875
10,14,1,3,31.1,1,0.33,0.64,1.1408333333333334
13,14,1,3,35.1,1,1.38,0.64,1.1716666666666666
14,14,1,3,16.1,5,0.55,1.94,1.1679166666666667
15,14,1,3,15.0,1,0.97,1.12,1.1275
18,14,1,3,30.6,1,1.73,1.43,1.1529166666666666
19,14,1,3,25.7,2,0.72,0.74,1.1233333333333333
19,14,1,3,0.9,3,1.14,0.89,1.14
20,14,1,3,-6.8,3,1.21,1.71,1.1533333333333333
22,14,1,3,15.0,2,0.47,1.15,1.1016666666666666
22,14,1,3,18.8,1,1.38,1.82,1.11125
2,15,2,3,2.5,4,0.33,1.25,1.0491666666666666
4,15,2,3,27.5,1,0.65,1.32,1.0241666666666667
4,15,2,3,15.1,4,0.31,0.71,0.9820833333333333
4,15,2,3,15.1,5,1.57,0.4,1.0179166666666666
5,15,2,3,36.4,3,0.88,1.64,1.0379166666666666
5,15,2,3,30.3,4,1.02,0.21,1.0120833333333332
7,15,2,3,34.5,4,0.7,1.94,1.0325
7,15,2,3,38.5,5,1.01,1.87,0.99375
9,15,2,3,19.3,1,0.88,1.34,0.9525
9,15,2,3,5.2,2,1.99,1.91,0.9795833333333334
14,15,2,3,25.0,2,1.45,0.54,0.9604166666666667
15,15,2,3,1.9,4,1.48,1.42,0.9995833333333334
16,15,2,3,8.9,3,1.75,0.42,1.0133333333333334
16,15,2,3,7.4,4,1.76,0.33,1.0691666666666666
17,15,2,3,3.6,2,0.44,1.38,1.07375
17,15,2,3,8.4,1,0.39,0.55,1.0325
18,15,2,3,29.0,5,0.36,0.97,1.0245833333333334
20,15,2,3,13.3,2,1.28,1.73,1.0375
21,15,2,3,-7.6,5,1.61,0.72,1.0325
21,15,2,3,-5.8,3,1.27,1.14,1.0554166666666667
0,16,3,3,16.8,2,1.99,1.21,1.0908333333333333
1,16,3,3,32.9,4,0.56,0.47,1.06375
1,16,3,3,9.4,3,0.83,1.38,1.07875
3,16,3,3,25.7,1,1.33,0.33,1.0766666666666667
3,16,3,3,19.5,2,1.16,0.65,1.11125
3,16,3,3,-7.9,3,0.33,0.31,1.0979166666666667
4,16,3,3,21.7,5,1.34,1.57,1.1408333333333334
5,16,3,3,15.4,3,0.63,0.88,1.1016666666666666
5,16,3,3,26.4,2,0.72,1.02,1.095
6,16,3,3,1.4,3,0.43,0.7,1.0704166666666668
6,16,3,3,31.4,1,1.7,1.01,1.1120833333333333
6,16,3,3,20.0,1,0.78,0.88,1.1025
7,16,3,3,17.0,5,1.09,1.99,1.11125
7,16,3,3,0.9,3,0.58,1.45,1.0525
9,16,3,3,12.8,2,0.44,1.48,1.0104166666666667
9,16,3,3,24.3,3,1.74,1.75,1.02125
10,16,3,3,13.5,1,0.35,1.76,0.9629166666666666
11,16,3,3,25.0,5,0.4,0.44,0.90625
11,16,3,3,33.1,4,1.84,0.39,0.9645833333333332
12,16,3,3,9.8,1,0.21,0.36,0.9570833333333333
16,16,3,3,-7.9,3,1.0,1.28,0.98375
16,16,3,3,5.6,5,1.81,1.61,1.0058333333333334
17,16,3,3,-8.5,4,0.41,1.27,0.9558333333333332
18,16,3,3,4.7,2,0.79,1.99,0.9358333333333334
18,16,3,3,29.9,1,0.63,0.56,0.8791666666666668
18,16,3,3,24.8,5,1.48,0.83,0.9175
20,16,3,3,15.0,4,1.42,1.33,0.9420833333333333
21,16,3,3,38.9,1,1.17,1.16,0.9354166666666667
21,16,3,3,6.6,4,1.45,0.33,0.9474999999999999
22,16,3,3,3.6,5,0.62,1.34,0.9595833333333333
23,16,3,3,0.1,1,0.49,0.63,0.9241666666666667
23,16,3,3,30.9,2,1.31,0.72,0.9525000000000001
23,16,3,3,3.3,3,1.92,0.43,1.0025
0,17,4,3,-9.4,4,0.75,1.7,1.0158333333333334
1,17,4,3,27.2,4,1.96,0.78,1.0266666666666666
1,17,4,3,9.5,5,0.21,1.09,1.0029166666666667
2,17,4,3,21.8,4,0.97,0.58,0.9979166666666667
6,17,4,3,4.4,4,0.21,0.44,0.9825
6,17,4,3,21.0,3,1.03,1.74,1.0070833333333333
7,17,4,3,25.2,5,0.29,0.35,0.9466666666666668
7,17,4,3,12.2,5,1.96,0.4,1.01375
8,17,4,3,27.8,3,0.42,1.84,1.0145833333333334
9,17,4,3,-0.8,5,1.95,0.21,1.0191666666666668
10,17,4,3,30.2,4,1.4,1.0,1.0687499999999999
11,17,4,3,5.7,5,0.76,1.81,1.05875
12,17,4,3,24.0,3,0.87,0.41,1.0195833333333335
14,17,4,3,10.7,4,1.09,0.79,1.0479166666666668
15,17,4,3,18.6,4,0.88,0.63,1.0516666666666665
15,17,4,3,-9.1,5,1.47,1.48,1.0866666666666667
17,17,4,3,-1.2,2,1.95,1.42,1.10625
19,17,4,3,31.2,4,1.37,1.17,1.1041666666666667
19,17,4,3,5.0,3,0.76,1.45,1.0870833333333334
20,17,4,3,11.2,2,0.62,0.62,1.0525
21,17,4,3,-8.0,1,1.29,0.49,1.0804166666666666
22,17,4,3,22.2,4,0.75,1.31,1.09125
23,17,4,3,10.8,2,1.1,1.92,1.0824999999999998
23,17,4,3,36.8,4,1.39,0.75,1.0604166666666666
0,18,5,3,9.2,2,0.33,1.96,1.0429166666666667
0,18,5,3,27.2,1,1.85,0.21,1.0383333333333333
1,18,5,3,14.9,1,1.05,0.97,1.0733333333333333
2,18,5,3,29.0,5,1.39,0.21,1.0908333333333333
3,18,5,3,32.1,4,1.2,1.03,1.1320833333333333
5,18,5,3,35.7,1,0.73,0.29,1.1195833333333334
6,18,5,3,23.9,2,1.64,1.96,1.1758333333333333
7,18,5,3,32.3,2,1.28,0.42,1.1475000000000002
9,18,5,3,21.9,1,0.5,1.95,1.1508333333333334
10,18,5,3,34.7,1,1.7,1.4,1.1404166666666666
11,18,5,3,4.2,2,0.73,0.76,1.1125
11,18,5,3,23.1,2,1.27,0.87,1.13375
11,18,5,3,39.4,2,0.83,1.09,1.1320833333333333
12,18,5,3,12.0,2,1.73,0.88,1.15875
13,18,5,3,-9.1,3,0.73,1.47,1.1525
14,18,5,3,4.6,4,0.7,1.95,1.1204166666666666
14,18,5,3,35.0,2,0.33,1.37,1.0529166666666667
15,18,5,3,-9.5,4,0.55,0.76,1.01875
16,18,5,3,33.7,4,1.97,0.62,1.0691666666666666
17,18,5,3,11.6,3,0.34,1.29,1.0574999999999999
18,18,5,3,5.3,4,1.76,0.75,1.0770833333333332
18,18,5,3,20.0,4,1.58,1.1,1.1116666666666666
22,18,5,3,-2.7,3,1.86,1.39,1.1433333333333333
23,18,5,3,3.7,3,1.62,0.33,1.1529166666666668
23,18,5,3,8.7,1,0.47,1.85,1.15875
0,19,6,3,14.6,1,1.45,1.05,1.1420833333333333
0,19,6,3,38.5,4,1.39,1.39,1.15625
0,19,6,3,31.5,1,1.03,1.2,1.14125
1,19,6,3,18.1,4,1.97,0.73,1.1733333333333333
3,19,6,3,30.7,5,0.27,1.64,1.1541666666666666
3,19,6,3,6.6,4,1.87,1.28,1.16375
4,19,6,3,3.8,3,1.25,0.5,1.1624999999999999
5,19,6,3,17.1,3,1.8,1.7,1.2166666666666666
5,19,6,3,34.9,3,0.9,0.73,1.1833333333333333
5,19,6,3,23.6,1,0.21,1.27,1.1616666666666666
6,19,6,3,38.7,5,0.96,0.83,1.14875
7,19,6,3,23.0,4,1.27,1.73,1.1670833333333335
8,19,6,3,26.0,5,1.97,0.73,1.1770833333333333
9,19,6,3,-7.2,4,0.82,0.7,1.1808333333333334
9,19,6,3,20.1,1,0.69,0.33,1.1804166666666667
10,19,6,3,29.0,1,1.07,0.55,1.21125
13,19,6,3,12.8,1,0.8,1.97,1.2216666666666667
13,19,6,3,8.4,1,1.27,0.34,1.1925000000000001
14,19,6,3,7.4,5,0.51,1.76,1.1995833333333332
15,19,6,3,3.2,1,0.41,1.58,1.1433333333333333
16,19,6,3,17.2,1,1.81,1.86,1.1529166666666666
16,19,6,3,4.0,2,1.59,1.62,1.1416666666666666
17,19,6,3,39.1,2,0.59,0.47,1.0987500000000001
17,19,6,3,35.6,2,0.7,1.45,1.1083333333333334
18,19,6,3,26.2,1,1.67,1.39,1.1175
19,19,6,3,23.7,1,1.68,1.03,1.1295833333333334
19,19,6,3,-2.6,2,1.45,1.97,1.1470833333333335
20,19,6,3,5.8,2,1.29,0.27,1.1187500000000001
20,19,6,3,25.7,3,0.68,1.87,1.1358333333333335
20,19,6,3,-2.8,4,1.88,1.25,1.13625
21,19,6,3,30.7,4,1.15,1.8,1.1320833333333333
21,19,6,3,39.9,5,1.47,0.9,1.1183333333333334
0,20,0,3,1.3,5,0.33,0.21,1.0945833333333332
1,20,0,3,37.1,4,1.78,0.96,1.16
1,20,0,3,5.7,4,0.73,1.27,1.1504166666666666
2,20,0,3,29.8,4,1.0,1.97,1.1391666666666667
3,20,0,3,29.2,4,0.63,0.82,1.0833333333333333
4,20,0,3,23.9,2,0.77,0.69,1.08125
4,20,0,3,19.7,5,0.41,1.07,1.0695833333333333
8,20,0,3,4.9,4,0.64,0.8,1.0516666666666665
8,20,0,3,7.1,1,1.95,1.27,1.0995833333333334
10,20,0,3,22.6,5,1.97,0.51,1.12875
11,20,0,3,-6.0,1,1.1,0.41,1.1533333333333333
11,20,0,3,36.7,4,1.96,1.81,1.2179166666666668
11,20,0,3,20.0,2,0.53,1.59,1.1645833333333335
11,20,0,3,14.6,3,1.45,0.59,1.15875
12,20,0,3,14.6,3,1.63,0.7,1.2020833333333332
12,20,0,3,13.5,1,0.25,1.67,1.1833333333333333
12,20,0,3,-5.4,5,1.6,1.68,1.1804166666666667
13,20,0,3,29.2,3,1.93,1.45,1.1908333333333334
13,20,0,3,-4.8,4,1.73,1.29,1.2025000000000001
15,20,0,3,32.9,3,1.73,0.68,1.2208333333333332
16,20,0,3,-5.8,4,1.83,1.88,1.26875
16,20,0,3,33.9,4,0.22,1.15,1.1995833333333332
16,20,0,3,6.7,5,1.72,1.47,1.2233333333333334
17,20,0,3,31.5,4,0.91,0.33,1.2
17,20,0,3,-6.8,5,1.63,1.78,1.2541666666666667
18,20,0,3,33.7,2,0.84,0.73,1.215
18,20,0,3,6.2,3,1.56,1.0,1.2495833333333333
19,20,0,3,3.7,4,0.32,0.63,1.22125
20,20,0,3,22.6,2,0.5,0.77,1.2158333333333333
20,20,0,3,-2.2,5,0.75,0.41,1.215
20,20,0,3,31.2,4,0.2,0.64,1.20625
20,20,0,3,37.5,1,1.25,1.95,1.2316666666666667
22,20,0,3,32.2,1,1.86,1.97,1.2279166666666668
23,20,0,3,40.0,4,1.4,1.1,1.2041666666666666
23,20,0,3,-1.4,2,1.98,1.96,1.2408333333333335
23,20,0,3,18.9,1,1.4,0.53,1.2175
23,20,0,3,27.5,4,0.74,1.45,1.22625
2,21,1,3,9.9,5,0.47,1.63,1.1854166666666666
3,21,1,3,18.8,2,1.49,0.25,1.1795833333333332
3,21,1,3,14.8,3,1.07,1.6,1.2137499999999999
6,21,1,3,20.9,5,0.25,1.93,1.1575
6,21,1,3,24.9,5,1.85,1.73,1.1541666666666666
6,21,1,3,1.9,2,1.29,1.73,1.1358333333333333
7,21,1,3,-7.3,3,1.83,1.83,1.1400000000000001
7,21,1,3,24.9,5,1.12,0.22,1.1104166666666666
7,21,1,3,-4.3,3,1.86,1.72,1.1787500000000002
7,21,1,3,-5.3,2,1.94,0.91,1.1879166666666665
7,21,1,3,13.6,2,1.02,1.63,1.1925
8,21,1,3,-1.0,2,0.43,0.84,1.1424999999999998
10,21,1,3,26.7,5,1.11,1.56,1.15375
10,21,1,3,-0.4,1,0.46,0.32,1.1079166666666667
10,21,1,3,21.5,3,0.37,0.5,1.11
11,21,1,3,23.3,4,1.5,0.75,1.1516666666666666
11,21,1,3,15.7,4,0.2,0.2,1.12875
12,21,1,3,16.4,2,1.02,1.25,1.1629166666666666
13,21,1,3,-4.1,1,0.62,1.86,1.1366666666666667
13,21,1,3,13.4,1,0.39,1.4,1.0754166666666667
13,21,1,3,34.1,4,0.37,1.98,1.0325
14,21,1,3,27.0,3,1.78,1.4,1.0241666666666667
14,21,1,3,28.3,4,0.68,0.74,0.9941666666666666
15,21,1,3,27.3,4,0.68,0.47,0.9916666666666667
16,21,1,3,25.9,5,1.12,1.49,1.01875
16,21,1,3,19.2,3,1.81,1.07,1.0320833333333335
16,21,1,3,26.6,2,0.5,0.25,1.0083333333333335
17,21,1,3,21.6,4,1.23,1.85,1.0491666666666668
18,21,1,3,-8.6,5,1.71,1.29,1.0433333333333332
18,21,1,3,38.4,4,1.68,1.83,1.0595833333333333
19,21,1,3,18.8,4,1.68,1.12,1.0533333333333332
19,21,1,3,31.7,3,0.33,1.86,1.0204166666666667
20,21,1,3,38.9,4,0.58,1.94,0.9670833333333332
20,21,1,3,8.4,3,1.03,1.02,0.9291666666666667
21,21,1,3,3.4,3,0.76,0.43,0.9183333333333334
22,21,1,3,3.2,3,0.59,1.11,0.9250000000000002
22,21,1,3,-6.1,1,1.41,0.46,0.9375
23,21,1,3,-0.3,5,0.35,0.37,0.9329166666666667
23,21,1,3,-2.0,5,0.69,1.5,0.94625
0,22,2,3,25.7,4,1.38,0.2,0.94125
0,22,2,3,12.5,2,1.79,1.02,1.0075
1,22,2,3,10.1,3,1.88,0.62,1.0433333333333334
1,22,2,3,37.6,5,1.62,0.39,1.085
1,22,2,3,38.4,5,0.95,0.37,1.1083333333333334
3,22,2,3,-7.5,4,1.86,1.78,1.1704166666666667
3,22,2,3,28.5,5,0.87,0.68,1.1325
4,22,2,3,-5.1,2,1.43,0.68,1.16375
4,22,2,3,-2.1,5,0.97,1.12,1.1758333333333333
6,22,2,3,28.4,5,1.24,1.81,1.1808333333333334
6,22,2,3,17.2,3,1.46,0.5,1.16625
6,22,2,3,37.8,4,1.36,1.23,1.2020833333333332
6,22,2,3,39.9,1,1.48,1.71,1.2125
7,22,2,3,5.9,5,1.42,1.68,1.2004166666666667
8,22,2,3,-6.7,3,1.71,1.68,1.2016666666666667
8,22,2,3,-1.5,2,1.94,0.33,1.2125000000000001
8,22,2,3,22.8,5,0.63,0.58,1.2249999999999999
9,22,2,3,13.1,3,0.86,1.03,1.2366666666666666
9,22,2,3,20.3,3,0.68,0.76,1.2220833333333332
10,22,2,3,-1.4,4,1.17,0.59,1.2391666666666665
11,22,2,3,29.5,3,1.32,1.41,1.2695833333333333
11,22,2,3,5.1,2,1.87,0.35,1.28875
13,22,2,3,16.6,2,0.36,0.69,1.2891666666666668
14,22,2,3,28.6,5,1.26,1.38,1.3129166666666665
15,22,2,3,4.6,3,0.63,1.79,1.2816666666666667
17,22,2,3,33.7,3,1.46,1.88,1.2679166666666666
18,22,2,3,19.4,3,0.79,1.62,1.2225
18,22,2,3,6.9,4,0.88,0.95,1.1916666666666667
20,22,2,3,36.7,3,1.88,1.86,1.2304166666666665
23,22,2,3,18.2,5,1.44,0.87,1.2129166666666666
1,23,3,3,-8.2,5,0.54,1.43,1.1991666666666667
2,23,3,3,10.7,5,1.3,0.97,1.19375
2,23,3,3,-2.2,3,0.47,1.24,1.1729166666666666
2,23,3,3,32.1,4,0.91,1.46,1.1591666666666667
3,23,3,3,-6.4,4,1.21,1.36,1.14875
4,23,3,3,-5.0,5,0.4,1.48,1.10875
5,23,3,3,0.2,2,1.98,1.42,1.1295833333333334
5,23,3,3,-5.4,3,0.29,1.71,1.0824999999999998
6,23,3,3,20.0,1,0.51,1.94,1.0325
7,23,3,3,22.3,3,0.9,0.63,0.9891666666666666
7,23,3,3,26.0,4,1.37,0.86,1.02
8,23,3,3,-7.3,3,0.24,0.68,0.9941666666666668
8,23,3,3,14.4,1,1.89,1.17,1.0445833333333334
11,23,3,3,22.8,3,0.99,1.32,1.0370833333333334
11,23,3,3,2.3,3,1.69,1.87,1.0525
12,23,3,3,24.2,5,1.22,0.36,1.0254166666666666
14,23,3,3,-2.7,3,1.28,1.26,1.06375
15,23,3,3,-0.4,5,1.44,0.63,1.07125
17,23,3,3,-7.7,1,0.4,1.46,1.0616666666666665
17,23,3,3,11.9,3,1.71,0.79,1.0720833333333333
18,23,3,3,-9.5,3,1.75,0.88,1.1120833333333333
18,23,3,3,7.9,1,1.27,1.88,1.1283333333333332
19,23,3,3,6.1,5,0.8,1.44,1.0833333333333333
20,23,3,3,35.1,2,1.66,0.54,1.0925
20,23,3,3,20.2,4,0.93,1.3,1.10875
21,23,3,3,6.6,5,0.85,0.47,1.09
21,23,3,3,26.6,1,0.92,0.91,1.10875
21,23,3,3,20.2,1,0.23,1.21,1.0804166666666666
22,23,3,3,-8.9,1,1.66,0.4,1.0991666666666666
22,23,3,3,11.0,1,0.32,1.98,1.0958333333333334
23,23,3,3,-9.5,1,0.58,0.29,1.0375
23,23,3,3,-7.8,1,1.32,0.51,1.0804166666666666
23,23,3,3,20.5,5,1.01,0.9,1.10125
0,24,4,3,6.1,4,0.46,1.37,1.0829166666666667
2,24,4,3,35.9,5,1.9,0.24,1.105
2,24,4,3,16.9,4,0.52,1.89,1.1166666666666665
3,24,4,3,2.2,3,0.64,0.99,1.0645833333333334
3,24,4,3,-3.5,1,1.05,1.69,1.0670833333333334
3,24,4,3,24.9,3,1.15,1.22,1.0445833333333334
4,24,4,3,37.0,5,1.11,1.28,1.04
5,24,4,3,8.4,3,0.72,1.44,1.0166666666666668
6,24,4,3,12.4,5,0.9,0.4,0.9941666666666666
7,24,4,3,28.3,1,1.95,1.71,1.05875
7,24,4,3,-3.0,1,1.92,1.75,1.0675000000000001
7,24,4,3,2.2,3,0.89,1.27,1.0316666666666667
8,24,4,3,-0.7,5,1.45,0.8,1.0391666666666668
10,24,4,3,-2.3,3,0.23,1.66,1.0154166666666666
11,24,4,3,28.8,4,0.35,0.93,0.9608333333333333
13,24,4,3,19.0,5,0.37,0.85,0.9375
13,24,4,3,7.8,2,1.42,0.92,0.96125
13,24,4,3,18.9,5,1.94,0.23,1.00375
13,24,4,3,33.4,2,0.79,1.66,1.0270833333333333
14,24,4,3,9.3,2,1.48,0.32,1.0195833333333333
14,24,4,3,36.2,3,0.71,0.58,1.0358333333333334
15,24,4,3,34.5,5,0.91,1.32,1.0495833333333333
15,24,4,3,33.6,5,0.81,1.01,1.0283333333333333
16,24,4,3,-2.8,3,0.98,0.46,1.0270833333333333
16,24,4,3,7.5,2,0.41,1.9,1.025
19,24,4,3,35.5,3,0.86,0.52,0.9816666666666668
19,24,4,3,17.9,3,0.82,0.64,0.9941666666666666
20,24,4,3,11.0,3,1.82,1.05,1.0433333333333332
21,24,4,3,23.6,4,0.41,1.15,1.0166666666666666
21,24,4,3,-4.0,4,0.41,1.11,0.9858333333333333
22,24,4,3,2.2,4,0.38,0.72,0.9554166666666667
22,24,4,3,12.6,1,1.82,0.9,1.00125
1,25,5,3,15.7,2,1.23,1.95,1.015
3,25,5,3,20.2,3,1.7,1.92,1.0045833333333334
5,25,5,3,13.0,1,1.26,0.89,0.9770833333333333
6,25,5,3,27.9,4,1.9,1.45,1.0191666666666668
7,25,5,3,38.8,3,0.28,0.23,0.9704166666666666
8,25,5,3,37.9,4,0.47,0.35,0.9804166666666667
8,25,5,3,2.0,3,1.02,0.37,1.0083333333333335
9,25,5,3,18.9,2,1.71,1.42,1.0641666666666667
10,25,5,3,8.3,1,0.57,1.94,1.0287499999999998
11,25,5,3,-8.6,5,0.87,0.79,0.9841666666666667
11,25,5,3,23.9,5,1.49,1.48,1.0133333333333332
11,25,5,3,35.1,5,1.33,0.71,1.0070833333333333
11,25,5,3,15.4,2,1.12,0.91,1.0241666666666667
11,25,5,3,38.6,3,1.73,0.81,1.0583333333333333
12,25,5,3,35.9,4,0.5,0.98,1.0454166666666667
13,25,5,3,9.4,5,0.82,0.41,1.03875
13,25,5,3,16.7,1,1.28,0.86,1.075
15,25,5,3,35.1,1,1.39,0.82,1.0970833333333332
16,25,5,3,21.4,2,1.18,1.82,1.1120833333333333
16,25,5,3,-0.9,3,0.97,0.41,1.0766666666666667
19,25,5,3,32.2,3,1.04,0.41,1.1029166666666668
20,25,5,3,-9.1,3,0.75,0.38,1.1170833333333334
21,25,5,3,24.9,4,0.55,1.82,1.1241666666666665
21,25,5,3,14.5,2,1.13,1.23,1.0954166666666667
22,25,5,3,37.5,1,0.75,1.7,1.0754166666666667
2,26,6,3,-6.7,3,1.41,1.26,1.0633333333333332
2,26,6,3,39.3,3,0.39,1.9,1.0270833333333333
3,26,6,3,26.1,1,0.9,0.28,0.9854166666666667
6,26,6,3,29.5,5,0.91,0.47,1.0116666666666667
7,26,6,3,-6.7,1,0.28,1.02,1.00375
7,26,6,3,-3.8,3,1.51,1.71,1.0241666666666667
8,26,6,3,10.1,2,1.57,0.57,1.0183333333333333
8,26,6,3,-1.5,4,0.7,0.87,1.02375
10,26,6,3,9.7,3,0.61,1.49,1.0129166666666667
10,26,6,3,19.9,4,0.57,1.33,0.9745833333333334
11,26,6,3,28.3,3,0.35,1.12,0.93375
11,26,6,3,14.2,5,1.85,1.73,0.9641666666666665
12,26,6,3,-6.3,1,1.96,0.5,0.9737499999999999
12,26,6,3,4.4,1,0.86,0.82,0.9887499999999999
13,26,6,3,-8.1,3,0.46,1.28,0.97375
14,26,6,3,35.9,5,1.11,1.39,0.9666666666666667
15,26,6,3,14.1,3,0.34,1.18,0.9229166666666666
15,26,6,3,10.6,1,1.2,0.97,0.9237500000000001
17,26,6,3,34.0,4,1.33,1.04,0.9387500000000001
17,26,6,3,7.5,4,0.41,0.75,0.9125
20,26,6,3,37.9,5,0.64,0.55,0.9079166666666666
21,26,6,3,27.2,2,0.59,1.13,0.9095833333333334
23,26,6,3,-7.4,4,1.45,0.75,0.9229166666666666
0,27,0,3,11.2,3,0.75,1.41,0.9229166666666666
0,27,0,3,7.4,3,0.48,0.39,0.8841666666666667
0,27,0,3,-7.9,4,0.44,0.9,0.8862500000000001
1,27,0,3,17.5,3,0.43,0.91,0.8666666666666667
2,27,0,3,19.8,4,0.28,0.28,0.8404166666666666
3,27,0,3,36.6,3,1.58,1.51,0.8945833333333334
5,27,0,3,16.0,2,1.72,1.57,0.9033333333333333
5,27,0,3,17.2,4,0.83,0.7,0.8725
8,27,0,3,27.6,2,1.85,0.61,0.9204166666666667
11,27,0,3,16.5,5,1.85,0.57,0.9720833333333334
11,27,0,3,-0.6,5,1.87,0.35,1.02625
11,27,0,3,-7.9,3,1.83,1.85,1.0879166666666666
12,27,0,3,-4.7,5,1.27,1.96,1.06375
13,27,0,3,-3.8,4,0.21,0.86,0.9908333333333333
13,27,0,3,17.9,3,0.68,0.46,0.9833333333333334
18,27,0,3,-10.0,1,0.22,1.11,0.9733333333333333
18,27,0,3,29.3,3,0.55,0.34,0.9500000000000001
18,27,0,3,7.4,1,1.11,1.2,0.9820833333333333
20,27,0,3,17.7,1,0.72,1.33,0.9620833333333333
20,27,0,3,6.2,3,0.6,0.41,0.9316666666666666
21,27,0,3,35.0,4,0.83,0.64,0.9491666666666667
22,27,0,3,33.1,1,1.13,0.59,0.9695833333333334
22,27,0,3,37.6,4,0.74,1.45,0.9758333333333332
23,27,0,3,7.9,5,1.87,0.75,0.9933333333333333
0,28,1,3,33.1,1,1.35,0.48,1.0183333333333333
1,28,1,3,5.0,1,1.13,0.44,1.0454166666666667
2,28,1,3,36.6,5,1.86,0.43,1.1045833333333333
3,28,1,3,16.0,1,1.5,0.28,1.1491666666666667
4,28,1,3,16.6,2,0.85,1.58,1.1729166666666668
5,28,1,3,17.6,3,1.68,1.72,1.1770833333333333
6,28,1,3,28.4,1,0.39,0.83,1.1216666666666668
7,28,1,3,22.2,4,0.34,1.85,1.10125
9,28,1,3,6.7,2,1.29,1.85,1.0779166666666666
10,28,1,3,28.2,5,1.39,1.87,1.05875
12,28,1,3,-7.7,5,1.65,1.83,1.0495833333333333
15,28,1,3,12.2,2,0.78,1.27,1.0058333333333334
15,28,1,3,29.1,3,0.84,0.21,0.9879166666666667
15,28,1,3,27.1,3,1.31,0.68,1.03375
15,28,1,3,2.3,3,0.96,0.22,1.0454166666666667
17,28,1,3,5.2,5,0.83,0.55,1.0708333333333333
17,28,1,3,0.4,1,1.06,1.11,1.0920833333333333
18,28,1,3,-5.6,1,1.83,0.72,1.1220833333333333
19,28,1,3,2.0,5,0.5,0.6,1.1129166666666666
19,28,1,3,10.1,5,1.72,0.83,1.1595833333333334
20,28,1,3,3.1,4,1.06,1.13,1.1691666666666667
20,28,1,3,25.0,3,0.57,0.74,1.1458333333333333
23,28,1,3,0.4,3,1.22,1.87,1.1658333333333333
1,29,2,3,-1.8,2,1.49,1.35,1.1500000000000001
5,29,2,3,4.8,1,0.83,1.13,1.1283333333333332
6,29,2,3,6.3,2,1.51,1.86,1.1441666666666668
6,29,2,3,23.3,4,1.6,1.5,1.1333333333333333
7,29,2,3,34.4,1,0.77,0.85,1.1029166666666665
9,29,2,3,6.2,1,0.47,1.68,1.0870833333333334
9,29,2,3,8.7,2,1.5,0.39,1.0795833333333333
11,29,2,3,14.3,1,1.6,0.34,1.13
13,29,2,3,0.0,4,1.02,1.29,1.1583333333333332
14,29,2,3,11.3,2,0.88,1.39,1.14125
16,29,2,3,29.1,2,0.86,1.65,1.1191666666666666
16,29,2,3,21.7,1,0.99,0.78,1.0916666666666666
16,29,2,3,7.9,3,0.83,0.84,1.09375
16,29,2,3,21.6,2,1.95,1.31,1.14
16,29,2,3,25.2,4,1.95,0.96,1.1666666666666667
18,29,2,3,27.0,5,0.36,0.83,1.1416666666666666
18,29,2,3,26.7,3,1.23,1.06,1.1583333333333334
19,29,2,3,24.5,4,1.85,1.83,1.19125
19,29,2,3,-3.8,2,1.13,0.5,1.1620833333333334
20,29,2,3,39.7,2,1.17,1.72,1.1900000000000002
21,29,2,3,13.9,5,1.18,1.06,1.1675
21,29,2,3,38.2,1,0.54,0.57,1.1458333333333333
21,29,2,3,6.0,5,1.61,1.22,1.1891666666666667
23,29,2,3,15.0,2,0.58,1.49,1.1625
23,29,2,3,28.8,2,0.54,0.83,1.1229166666666666
0,30,3,3,1.9,2,1.79,1.51,1.1629166666666666
1,30,3,3,24.5,2,1.23,1.6,1.1512499999999999
1,30,3,3,30.2,3,1.5,0.77,1.1470833333333335
3,30,3,3,22.2,2,1.56,0.47,1.18
4,30,3,3,23.3,5,0.6,1.5,1.1854166666666666
6,30,3,3,22.4,5,1.79,1.6,1.1975
8,30,3,3,26.6,5,0.41,1.02,1.1479166666666667
10,30,3,3,35.0,4,1.23,0.88,1.1566666666666667
11,30,3,3,4.4,5,1.13,0.86,1.1670833333333333
13,30,3,3,31.1,1,0.22,0.99,1.1404166666666666
14,30,3,3,24.2,5,0.76,0.83,1.1308333333333334
14,30,3,3,-5.7,5,0.83,1.95,1.1308333333333334
17,30,3,3,14.0,4,0.8,1.95,1.0829166666666665
17,30,3,3,-9.4,3,0.69,0.36,1.0304166666666668
18,30,3,3,-9.6,2,0.66,1.23,1.0429166666666667
18,30,3,3,15.7,3,0.43,1.85,1.0095833333333333
18,30,3,3,32.9,2,0.2,1.13,0.9408333333333333
19,30,3,3,-0.6,4,0.62,1.17,0.9195833333333333
19,30,3,3,10.7,5,1.2,1.18,0.9208333333333333
20,30,3,3,8.4,5,0.99,0.54,0.9129166666666667
20,30,3,3,-4.1,5,1.97,1.61,0.9725
21,30,3,3,-9.8,5,1.55,0.58,0.9700000000000001
22,30,3,3,19.2,4,1.75,0.54,1.01875
23,30,3,3,3.7,4,1.15,1.79,1.0441666666666667
23,30,3,3,20.0,2,0.41,1.23,0.9866666666666667
0,31,4,3,33.7,5,1.91,1.5,1.015
1,31,4,3,-8.0,3,1.91,1.56,1.0320833333333332
2,31,4,3,-7.3,5,0.37,0.6,0.9825
4,31,4,3,-0.7,5,0.79,1.79,0.9904166666666666
4,31,4,3,-2.7,3,1.48,0.41,0.9775
6,31,4,3,37.2,3,1.36,1.23,1.0170833333333333
6,31,4,3,32.7,3,1.73,1.13,1.0379166666666666
6,31,4,3,-6.4,2,1.27,0.22,1.04375
8,31,4,3,9.2,3,0.44,0.76,1.0529166666666667
8,31,4,3,31.5,3,0.51,0.83,1.0425
14,31,4,3,30.2,4,1.16,0.8,1.05625
14,31,4,3,39.7,2,0.74,0.69,1.0537500000000002
14,31,4,3,13.5,3,0.88,0.66,1.0616666666666668
15,31,4,3,4.5,5,0.47,0.43,1.05375
16,31,4,3,3.2,2,0.98,0.2,1.0766666666666667
16,31,4,3,35.8,2,1.4,0.62,1.1266666666666667
17,31,4,3,36.9,3,1.16,1.2,1.1491666666666667
18,31,4,3,36.5,1,1.36,0.99,1.1558333333333335
19,31,4,3,16.0,3,0.94,1.97,1.1537499999999998
19,31,4,3,25.0,3,1.06,1.55,1.1158333333333335
20,31,4,3,20.1,1,0.65,1.75,1.0783333333333334
20,31,4,3,9.0,4,0.89,1.15,1.0425
21,31,4,3,36.5,3,1.06,0.41,1.03875
0,1,5,4,36.9,4,0.64,1.91,1.0483333333333333
0,1,5,4,18.2,1,1.31,1.91,1.0233333333333334
2,1,5,4,27.8,3,1.36,0.37,1.0004166666666667
3,1,5,4,5.5,1,1.69,0.79,1.0554166666666667
4,1,5,4,11.4,1,1.1,1.48,1.0683333333333334
4,1,5,4,15.1,1,1.22,1.36,1.0574999999999999
5,1,5,4,26.1,3,1.95,1.73,1.0820833333333333
7,1,5,4,3.5,1,1.14,1.27,1.0574999999999999
7,1,5,4,-0.5,3,0.36,0.44,1.0195833333333333
7,1,5,4,-9.9,3,1.2,0.51,1.05125
8,1,5,4,13.9,4,1.89,1.16,1.10875
8,1,5,4,36.8,4,0.89,0.74,1.0975
10,1,5,4,19.8,1,0.36,0.88,1.0816666666666666
12,1,5,4,11.7,1,1.46,0.47,1.1058333333333332
12,1,5,4,39.9,3,0.59,0.98,1.1108333333333333
12,1,5,4,37.8,2,0.32,1.4,1.0833333333333333
13,1,5,4,5.6,1,1.83,1.16,1.10125
14,1,5,4,17.8,2,1.13,1.36,1.1
14,1,5,4,30.3,2,0.8,0.94,1.0766666666666667
16,1,5,4,13.3,4,0.9,1.06,1.075
19,1,5,4,7.0,3,0.46,0.65,1.05
19,1,5,4,4.4,4,0.79,0.89,1.0558333333333334
19,1,5,4,24.0,1,0.25,1.06,1.0291666666666666
20,1,5,4,13.1,1,0.64,0.64,1.0116666666666667
22,1,5,4,38.1,1,1.53,1.31,1.04875
23,1,5,4,21.9,5,1.95,1.36,1.0754166666666667
23,1,5,4,32.4,5,0.6,1.69,1.04375
0,2,6,4,13.4,1,0.67,1.1,1.00125
0,2,6,4,-4.5,4,1.6,1.22,1.0220833333333335
0,2,6,4,7.3,3,1.81,1.95,1.0466666666666666
0,2,6,4,-1.7,2,0.65,1.14,0.9925
1,2,6,4,-0.1,2,1.15,0.36,0.9929166666666668
1,2,6,4,18.9,2,0.32,1.2,0.9912500000000001
1,2,6,4,-0.5,4,0.62,1.89,0.9670833333333332
2,2,6,4,-9.4,5,0.8,0.89,0.9216666666666667
2,2,6,4,32.8,1,1.07,0.36,0.9291666666666667
3,2,6,4,31.8,4,0.89,1.46,0.95125
3,2,6,4,13.3,5,0.29,0.59,0.9025
3,2,6,4,22.6,2,1.44,0.32,0.9379166666666667
3,2,6,4,-0.4,3,0.57,1.83,0.9483333333333334
4,2,6,4,22.7,4,1.4,1.13,0.9304166666666666
4,2,6,4,9.1,1,1.8,0.8,0.9583333333333334
4,2,6,4,-3.2,3,0.99,0.9,0.9662499999999999
6,2,6,4,17.2,2,0.31,0.46,0.9416666666666668
6,2,6,4,36.0,3,1.68,0.79,0.9925
7,2,6,4,8.0,1,1.63,0.25,1.0275
8,2,6,4,37.2,5,1.29,0.64,1.0708333333333333
9,2,6,4,33.5,5,0.72,1.53,1.0741666666666667
11,2,6,4,-3.6,1,1.98,1.95,1.0929166666666665
14,2,6,4,22.2,1,2.0,0.6,1.095
14,2,6,4,16.4,2,0.22,0.67,1.0791666666666668
15,2,6,4,0.1,1,1.98,1.6,1.13375
17,2,6,4,-1.8,2,1.75,1.81,1.14
19,2,6,4,10.4,4,1.24,0.65,1.11625
19,2,6,4,17.7,4,0.65,1.15,1.1162500000000002
20,2,6,4,39.4,3,0.36,0.32,1.0833333333333333
21,2,6,4,37.5,1,1.0,0.62,1.1116666666666666
21,2,6,4,4.3,5,0.49,0.8,1.10625
21,2,6,4,32.3,1,0.85,1.07,1.1083333333333334
22,2,6,4,29.4,2,0.29,0.89,1.0758333333333334
22,2,6,4,28.0,1,0.68,0.29,1.0670833333333334
0,3,0,4,13.6,5,1.36,1.44,1.1116666666666666
1,3,0,4,-1.1,3,1.48,0.57,1.1133333333333333
1,3,0,4,35.9,3,1.99,1.4,1.1725
2,3,0,4,-5.6,3,1.67,1.8,1.18375
3,3,0,4,-5.7,2,1.98,0.99,1.19125
4,3,0,4,34.1,3,1.66,0.31,1.2191666666666667
5,3,0,4,1.7,5,1.37,1.68,1.2633333333333334
5,3,0,4,-2.3,5,0.32,1.63,1.2066666666666668
5,3,0,4,-5.2,5,1.05,1.29,1.1824999999999999
6,3,0,4,-6.2,1,0.29,0.72,1.1408333333333334
7,3,0,4,19.3,4,1.81,1.98,1.18625
9,3,0,4,-3.9,2,1.61,2.0,1.1708333333333334
9,3,0,4,3.3,2,0.24,0.22,1.0975000000000001
9,3,0,4,25.3,3,1.76,1.98,1.1616666666666666
12,3,0,4,38.9,4,1.44,1.75,1.1391666666666667
13,3,0,4,20.2,3,1.71,1.24,1.1375
13,3,0,4,-5.8,5,1.64,0.65,1.1541666666666666
14,3,0,4,33.1,1,1.93,0.36,1.2074999999999998
15,3,0,4,22.2,3,1.38,1.0,1.25
21,3,0,4,24.6,2,1.32,0.49,1.2633333333333334
21,3,0,4,-1.5,2,1.91,0.85,1.3225
21,3,0,4,2.6,1,0.38,0.29,1.3029166666666667
23,3,0,4,30.6,4,1.32,0.68,1.3458333333333332
2,4,1,4,-9.6,4,0.75,1.36,1.34875
2,4,1,4,21.6,4,0.81,1.48,1.3258333333333334
2,4,1,4,3.0,3,0.46,1.99,1.2833333333333334
4,4,1,4,20.2,5,0.47,1.67,1.22
6,4,1,4,37.6,1,0.67,1.98,1.1783333333333335
7,4,1,4,24.1,2,1.81,1.66,1.17125
7,4,1,4,37.8,1,1.46,1.37,1.1629166666666666
8,4,1,4,10.3,4,1.61,0.32,1.1729166666666666
9,4,1,4,33.1,3,1.03,1.05,1.2025
9,4,1,4,-8.4,2,0.23,0.29,1.1683333333333334
9,4,1,4,31.5,3,1.09,1.81,1.2016666666666667
9,4,1,4,21.8,3,1.73,1.61,1.1983333333333335
9,4,1,4,5.1,1,0.94,0.24,1.1704166666666667
11,4,1,4,16.9,1,1.4,1.76,1.21875
11,4,1,4,18.4,1,0.34,1.44,1.1595833333333334
12,4,1,4,-1.2,3,0.86,1.71,1.1354166666666667
13,4,1,4,27.8,2,1.44,1.64,1.1241666666666665
14,4,1,4,2.5,4,0.44,1.93,1.0741666666666667
18,4,1,4,34.9,1,1.0,1.38,1.0354166666666667
19,4,1,4,17.0,4,1.43,1.32,1.0374999999999999
22,4,1,4,16.1,2,1.02,1.91,1.025
23,4,1,4,19.6,5,1.13,0.38,0.9924999999999998
0,5,2,4,25.1,3,1.84,1.32,1.0533333333333335
1,5,2,4,6.2,4,0.96,0.75,1.0383333333333333
4,5,2,4,3.2,5,0.97,0.81,1.0475
5,5,2,4,15.8,4,1.85,0.46,1.0908333333333333
5,5,2,4,6.4,1,0.23,0.47,1.08125
5,5,2,4,19.7,2,0.61,0.67,1.0870833333333334
6,5,2,4,11.3,1,0.91,1.81,1.0970833333333332
7,5,2,4,24.0,2,0.77,1.46,1.05375
7,5,2,4,12.3,3,0.39,1.61,1.0091666666666665
8,5,2,4,32.7,4,0.6,1.03,0.9670833333333334
11,5,2,4,1.1,3,1.52,0.23,0.9874999999999999
11,5,2,4,-4.4,5,0.37,1.09,0.9933333333333333
12,5,2,4,13.6,1,1.68,1.73,1.0179166666666666
12,5,2,4,3.1,1,0.81,0.94,0.9795833333333333
12,5,2,4,27.8,1,0.2,1.4,0.94875
13,5,2,4,35.2,1,0.51,0.34,0.9116666666666666
13,5,2,4,31.6,3,0.6,0.86,0.9224999999999999
14,5,2,4,4.0,3,1.07,1.44,0.9312499999999999
14,5,2,4,22.9,5,1.03,0.44,0.9141666666666667
15,5,2,4,27.3,4,1.24,1.0,0.9474999999999999
15,5,2,4,19.7,3,1.8,1.43,0.9808333333333333
16,5,2,4,13.2,4,0.38,1.02,0.9370833333333333
17,5,2,4,15.7,2,0.81,1.13,0.9283333333333333
19,5,2,4,7.9,5,0.78,1.84,0.9137500000000002
21,5,2,4,18.0,1,1.1,0.96,0.8829166666666667
21,5,2,4,5.3,5,0.78,0.97,0.8754166666666667
21,5,2,4,-8.1,4,0.42,1.85,0.8524999999999999
21,5,2,4,9.1,5,1.26,0.23,0.8279166666666667
21,5,2,4,28.8,1,1.56,0.61,0.8833333333333333
22,5,2,4,8.0,4,0.67,0.91,0.8858333333333334
22,5,2,4,5.3,5,1.16,0.77,0.8962500000000001
22,5,2,4,17.1,4,1.39,0.39,0.9220833333333335
22,5,2,4,13.0,5,1.28,0.6,0.9591666666666666
23,5,2,4,3.6,4,1.56,1.52,0.9991666666666666
0,6,3,4,30.9,1,1.1,0.37,0.9816666666666666
1,6,3,4,-3.8,5,0.62,1.68,0.9920833333333333
2,6,3,4,8.0,5,1.16,0.81,0.9704166666666666
2,6,3,4,4.8,3,0.21,0.2,0.9454166666666667
3,6,3,4,8.4,5,1.76,0.51,1.0104166666666667
3,6,3,4,31.8,4,1.18,0.6,1.0383333333333333
4,6,3,4,12.1,3,1.48,1.07,1.075
4,6,3,4,1.4,4,0.75,1.03,1.0616666666666668
5,6,3,4,24.3,4,1.0,1.24,1.0604166666666666
6,6,3,4,2.1,1,1.7,1.8,1.0795833333333333
6,6,3,4,36.1,5,0.8,0.38,1.0379166666666666
7,6,3,4,1.3,1,0.3,0.81,1.0345833333333334
7,6,3,4,8.2,5,0.97,0.78,1.04125
8,6,3,4,29.9,1,0.25,1.1,1.0191666666666666
8,6,3,4,34.4,2,0.45,0.78,0.9920833333333333
9,6,3,4,30.9,5,1.96,0.42,1.04125
11,6,3,4,-8.6,5,1.88,1.26,1.1020833333333333
12,6,3,4,-8.2,1,1.66,1.56,1.11875
12,6,3,4,33.6,3,1.24,0.67,1.1054166666666667
13,6,3,4,9.2,1,0.88,1.16,1.1141666666666665
13,6,3,4,34.4,4,0.6,1.39,1.0908333333333333
14,6,3,4,34.9,4,0.27,1.28,1.0441666666666667
17,6,3,4,3.6,5,1.29,1.56,1.0445833333333334
17,6,3,4,21.1,3,0.65,1.1,1.0066666666666666
18,6,3,4,3.8,1,0.21,0.62,0.9695833333333334
20,6,3,4,39.1,3,0.26,1.16,0.9545833333333333
20,6,3,4,21.9,1,1.39,0.21,0.9641666666666667
21,6,3,4,-9.3,5,1.15,1.76,1.0033333333333332
21,6,3,4,-0.9,3,1.46,1.18,0.9908333333333333
21,6,3,4,-0.1,5,1.76,1.48,1.015
22,6,3,4,27.0,4,0.34,0.75,0.9674999999999999
22,6,3,4,29.5,5,1.68,1.0,1.0062499999999999
23,6,3,4,10.4,3,0.79,1.7,0.9975
0,7,4,4,0.0,1,1.53,0.8,0.9904166666666666
0,7,4,4,39.6,1,1.85,0.3,1.0341666666666667
1,7,4,4,19.2,2,0.3,0.97,1.0341666666666667
2,7,4,4,35.2,5,0.93,0.25,1.0325
3,7,4,4,-3.0,5,1.12,0.45,1.06875
4,7,4,4,28.7,3,0.67,1.96,1.0779166666666666
5,7,4,4,28.1,5,1.75,1.88,1.0691666666666666
5,7,4,4,0.0,3,0.89,1.66,1.0279166666666668
6,7,4,4,8.6,5,0.89,1.24,0.9958333333333335
7,7,4,4,7.6,4,0.53,0.88,0.9662499999999999
8,7,4,4,20.6,4,1.04,0.6,0.9729166666666668
8,7,4,4,13.5,2,1.5,0.27,1.0104166666666667
9,7,4,4,-0.8,3,1.35,1.29,1.0554166666666667
9,7,4,4,38.0,5,0.56,0.65,1.0250000000000001
9,7,4,4,16.8,5,0.77,0.21,1.03
10,7,4,4,6.4,4,0.51,0.26,1.0425
10,7,4,4,13.3,3,0.84,1.39,1.0666666666666667
11,7,4,4,31.8,3,2.0,1.15,1.0920833333333333
11,7,4,4,37.1,3,0.49,1.46,1.0645833333333334
11,7,4,4,23.2,4,0.68,1.76,1.0320833333333332
12,7,4,4,-0.3,2,0.81,0.34,0.9925
13,7,4,4,-9.9,3,1.91,1.68,1.0579166666666666
13,7,4,4,32.7,3,1.92,0.79,1.0679166666666668
13,7,4,4,-0.7,3,1.94,1.53,1.1158333333333335
14,7,4,4,-7.0,1,0.45,1.85,1.0708333333333335
14,7,4,4,26.3,3,1.4,0.3,1.0520833333333333
16,7,4,4,23.8,5,0.5,0.93,1.0604166666666666
16,7,4,4,17.0,1,1.1,1.12,1.0675000000000001
16,7,4,4,-4.1,2,1.74,0.67,1.0933333333333333
16,7,4,4,-0.9,1,0.91,1.75,1.1033333333333333
18,7,4,4,13.4,4,0.44,0.89,1.04875
21,7,4,4,1.7,2,0.69,0.89,1.0404166666666665
23,7,4,4,27.4,5,1.17,0.53,1.0520833333333333
2,8,5,4,23.7,3,1.26,1.04,1.0824999999999998
3,8,5,4,35.5,2,1.31,1.5,1.09375
3,8,5,4,27.4,4,1.74,1.35,1.10375
5,8,5,4,22.6,5,0.54,0.56,1.07
7,8,5,4,25.1,3,0.59,0.77,1.07125
9,8,5,4,21.5,2,1.11,0.51,1.0854166666666667
10,8,5,4,4.0,3,0.9,0.84,1.1016666666666668
11,8,5,4,4.8,3,0.72,2.0,1.0966666666666667
12,8,5,4,-6.4,2,1.22,0.49,1.0641666666666667
12,8,5,4,7.0,4,1.64,0.68,1.1120833333333333
14,8,5,4,15.9,3,0.79,0.81,1.1166666666666667
15,8,5,4,30.9,5,1.22,1.91,1.13375
16,8,5,4,31.3,5,1.89,1.92,1.1329166666666668
16,8,5,4,29.1,2,0.72,1.94,1.0829166666666665
16,8,5,4,-4.0,5,1.02,0.45,1.0445833333333332
17,8,5,4,6.4,5,0.79,1.4,1.05875
19,8,5,4,9.6,1,0.71,0.5,1.03
19,8,5,4,19.0,1,1.13,1.1,1.0562500000000001
19,8,5,4,23.1,2,0.59,1.74,1.035
20,8,5,4,38.5,1,1.69,0.91,1.0329166666666667
21,8,5,4,15.2,3,0.98,0.44,1.0358333333333334
21,8,5,4,-6.9,3,0.35,0.69,1.0320833333333332
21,8,5,4,27.8,3,1.87,1.17,1.08125
21,8,5,4,14.4,1,0.82,1.26,1.0666666666666667
21,8,5,4,30.1,4,1.88,1.31,1.0925
22,8,5,4,-2.7,1,0.58,1.74,1.0620833333333333
23,8,5,4,18.9,2,0.8,0.54,1.0229166666666667
0,9,6,4,27.0,3,0.24,0.59,1.0104166666666665
0,9,6,4,30.2,4,0.45,1.11,1.0045833333333334
0,9,6,4,19.4,1,0.21,0.9,0.9670833333333332
1,9,6,4,5.9,1,1.01,0.72,0.9716666666666667
1,9,6,4,2.6,5,0.82,1.22,0.9758333333333334
2,9,6,4,18.5,4,1.57,1.64,0.9904166666666666
3,9,6,4,5.1,4,0.57,0.79,0.9458333333333333
3,9,6,4,29.7,3,1.02,1.22,0.9554166666666667
4,9,6,4,15.4,3,0.22,1.89,0.91375
4,9,6,4,17.6,1,1.31,0.72,0.8895833333333333
6,9,6,4,-8.4,3,0.86,1.02,0.8954166666666667
7,9,6,4,20.0,4,0.56,0.79,0.8762500000000001
8,9,6,4,22.6,1,1.83,0.71,0.9195833333333333
9,9,6,4,24.6,5,1.53,1.13,0.95375
9,9,6,4,3.3,2,1.49,0.59,0.96875
9,9,6,4,-4.8,3,0.68,1.69,0.9725
10,9,6,4,32.6,1,1.09,0.98,0.9475000000000001
10,9,6,4,9.2,4,0.31,0.35,0.9195833333333333
11,9,6,4,24.9,4,1.49,1.87,0.9670833333333334
11,9,6,4,2.4,1,1.54,0.82,0.9533333333333335
12,9,6,4,6.9,4,0.24,1.88,0.9291666666666667
15,9,6,4,39.4,1,0.41,0.58,0.8679166666666666
16,9,6,4,17.3,5,1.84,0.8,0.9204166666666667
16,9,6,4,4.1,1,0.47,0.24,0.9066666666666667
17,9,6,4,36.9,1,0.83,0.45,0.93125
17,9,6,4,18.0,3,1.36,0.21,0.9691666666666666
17,9,6,4,24.9,3,1.58,1.01,1.02625
19,9,6,4,28.7,5,1.57,0.82,1.0495833333333333
19,9,6,4,-6.0,5,1.41,1.57,1.0741666666666667
19,9,6,4,19.1,2,1.17,0.57,1.0574999999999999
22,9,6,4,-5.6,4,1.19,1.02,1.0833333333333333
23,9,6,4,5.8,3,0.43,0.22,1.05875
23,9,6,4,26.6,3,1.91,1.31,1.1291666666666667
0,10,0,4,39.5,5,1.94,0.86,1.1554166666666668
1,10,0,4,32.5,1,1.5,0.56,1.1820833333333332
2,10,0,4,38.8,3,1.91,1.83,1.2383333333333333
2,10,0,4,27.6,3,0.48,1.53,1.1820833333333334
3,10,0,4,23.6,5,1.87,1.49,1.19625
3,10,0,4,38.9,2,1.49,0.68,1.1962499999999998
6,10,0,4,7.2,1,1.64,1.09,1.2362499999999998
9,10,0,4,3.1,4,0.68,0.31,1.2191666666666665
9,10,0,4,38.4,3,0.96,1.49,1.24625
10,10,0,4,-3.3,1,1.39,1.54,1.2420833333333332
12,10,0,4,14.9,1,0.71,0.24,1.2075
13,10,0,4,-1.9,5,1.86,0.41,1.2750000000000001
14,10,0,4,37.0,2,1.47,1.84,1.3191666666666666
15,10,0,4,3.7,1,0.77,0.47,1.2745833333333334
15,10,0,4,16.7,5,0.58,0.83,1.2791666666666666
16,10,0,4,22.6,3,1.2,1.36,1.2945833333333334
16,10,0,4,28.0,1,1.76,1.58,1.31125
18,10,0,4,29.3,3,1.14,1.57,1.2929166666666665
18,10,0,4,29.5,5,1.78,1.41,1.3016666666666665
18,10,0,4,-5.4,2,0.84,1.17,1.2779166666666666
19,10,0,4,9.9,5,0.23,1.19,1.23875
20,10,0,4,1.0,1,1.91,0.43,1.26875
21,10,0,4,38.5,4,1.25,1.91,1.3029166666666667
22,10,0,4,1.7,2,0.48,1.94,1.2433333333333334
23,10,0,4,36.4,5,0.36,1.5,1.1775
23,10,0,4,39.4,5,1.35,1.91,1.17125
0,11,1,4,11.3,5,0.99,0.48,1.1329166666666668
0,11,1,4,-7.8,1,0.67,1.87,1.1408333333333334
0,11,1,4,31.1,5,1.88,1.49,1.14125
1,11,1,4,21.7,3,0.93,1.64,1.1179166666666667
2,11,1,4,20.9,1,1.6,0.68,1.11625
3,11,1,4,34.5,3,0.34,0.96,1.1020833333333335
3,11,1,4,13.0,2,0.45,1.39,1.0808333333333333
4,11,1,4,7.1,2,0.92,0.71,1.06125
4,11,1,4,-8.4,5,1.44,1.86,1.0916666666666666
5,11,1,4,37.5,5,1.49,1.47,1.07625
8,11,1,4,-6.9,3,1.76,0.77,1.0883333333333334
8,11,1,4,15.3,3,0.97,0.58,1.0966666666666667
8,11,1,4,22.0,5,0.73,1.2,1.1029166666666665
10,11,1,4,31.7,2,0.59,1.76,1.0775
11,11,1,4,11.8,1,1.2,1.14,1.0541666666666667
12,11,1,4,35.1,4,0.36,1.78,1.0216666666666667
12,11,1,4,27.2,3,0.61,0.84,0.9729166666666668
14,11,1,4,31.5,4,0.55,0.23,0.9608333333333333
15,11,1,4,13.6,5,0.96,1.91,0.99125
15,11,1,4,18.7,1,0.94,1.25,0.9508333333333333
16,11,1,4,-6.8,4,1.18,0.48,0.9479166666666666
17,11,1,4,18.5,2,1.57,0.36,0.9933333333333333
19,11,1,4,21.7,5,1.17,1.35,1.0270833333333333
19,11,1,4,39.2,4,0.3,0.99,0.9833333333333333
20,11,1,4,39.5,5,0.76,0.67,0.97375
22,11,1,4,18.1,5,1.17,1.88,0.9945833333333334
23,11,1,4,12.3,2,1.04,0.93,0.9595833333333332
23,11,1,4,14.0,3,1.03,1.6,0.96375
23,11,1,4,4.9,1,0.31,0.34,0.91
1,12,2,4,33.0,1,0.3,0.45,0.9083333333333332
2,12,2,4,-0.8,4,0.44,0.92,0.9079166666666666
3,12,2,4,19.2,5,1.63,1.44,0.9375
4,12,2,4,17.2,3,1.63,1.49,0.9454166666666666
5,12,2,4,32.0,4,0.67,1.76,0.91125
5,12,2,4,-5.6,1,1.96,0.97,0.9195833333333333
5,12,2,4,-0.3,1,1.75,0.73,0.9520833333333334
6,12,2,4,3.4,4,0.44,0.59,0.94
7,12,2,4,33.1,4,0.94,1.2,0.9545833333333333
8,12,2,4,-9.3,1,1.05,0.36,0.9483333333333334
9,12,2,4,10.7,5,1.48,0.61,0.9950000000000001
10,12,2,4,18.0,1,0.64,0.55,0.9962499999999999
10,12,2,4,26.8,5,0.6,0.96,0.9983333333333334
11,12,2,4,28.3,3,1.76,0.94,1.0316666666666667
12,12,2,4,3.5,3,1.18,1.18,1.0416666666666667
12,12,2,4,31.4,2,1.27,1.57,1.0454166666666667
13,12,2,4,34.5,1,0.39,1.17,0.99625
14,12,2,4,16.5,2,1.1,0.3,0.9933333333333333
14,12,2,4,-7.4,1,1.01,0.76,1.0229166666666667
14,12,2,4,25.9,2,1.59,1.17,1.0574999999999999
15,12,2,4,1.2,2,1.27,1.04,1.0616666666666668
17,12,2,4,3.1,5,0.98,1.03,1.0591666666666668
17,12,2,4,7.3,5,0.22,0.31,1.0254166666666666
18,12,2,4,11.1,4,0.26,0.3,1.0233333333333334
18,12,2,4,31.7,5,0.84,0.44,1.0458333333333334
18,12,2,4,39.4,1,1.16,1.63,1.0758333333333334
18,12,2,4,26.9,2,1.9,1.63,1.0870833333333334
19,12,2,4,15.3,4,0.33,0.67,1.0329166666666667
20,12,2,4,13.0,1,0.68,1.96,1.0333333333333334
20,12,2,4,31.8,1,1.38,1.75,1.0091666666666665
20,12,2,4,30.3,4,1.5,0.44,0.9987499999999999
21,12,2,4,-1.2,5,0.26,0.94,0.99125
21,12,2,4,-1.6,2,0.46,1.05,0.97125
22,12,2,4,32.4,3,0.29,1.48,0.9395833333333332
23,12,2,4,-2.4,5,1.82,0.64,0.9537499999999999
23,12,2,4,-4.5,4,0.99,0.6,0.9683333333333334
0,13,3,4,-4.2,3,1.4,1.76,1.0016666666666667
1,13,3,4,37.9,5,0.99,1.18,0.9695833333333334
1,13,3,4,-1.5,3,0.95,1.27,0.96
2,13,3,4,-9.6,3,1.31,0.39,0.9616666666666666
2,13,3,4,26.5,5,1.73,1.1,1.0174999999999998
2,13,3,4,24.5,3,0.58,1.01,0.9958333333333335
3,13,3,4,-9.3,4,1.71,1.59,1.025
5,13,3,4,-9.2,5,0.38,1.27,0.9745833333333334
6,13,3,4,34.0,1,1.01,0.98,0.96375
8,13,3,4,-8.6,1,1.58,0.22,0.98875
8,13,3,4,-7.2,4,0.68,0.26,1.0079166666666668
10,13,3,4,26.2,1,1.31,0.84,1.0516666666666665
10,13,3,4,20.3,2,1.23,1.16,1.0679166666666666
10,13,3,4,-2.1,3,0.51,1.9,1.0408333333333333
10,13,3,4,15.1,5,0.63,0.33,0.9879166666666667
10,13,3,4,-9.3,5,1.7,0.68,1.045
14,13,3,4,6.7,2,0.24,1.38,1.0266666666666666
14,13,3,4,-4.8,2,0.36,1.5,0.9841666666666667
16,13,3,4,-7.9,5,1.34,0.26,0.9775
16,13,3,4,27.9,5,1.09,0.46,1.0120833333333334
17,13,3,4,-6.8,3,1.73,0.29,1.0650000000000002
17,13,3,4,9.3,1,1.37,1.82,1.11
17,13,3,4,13.8,3,0.94,0.99,1.0733333333333335
17,13,3,4,36.9,3,1.42,1.4,1.09125
17,13,3,4,-9.8,3,1.28,0.99,1.08625
18,13,3,4,2.7,5,0.53,0.95,1.0670833333333334
19,13,3,4,22.7,1,1.93,1.31,1.1079166666666667
19,13,3,4,35.8,3,1.88,1.73,1.1316666666666666
20,13,3,4,12.4,5,1.04,0.58,1.1029166666666665
20,13,3,4,-1.5,5,1.16,1.71,1.1270833333333332
21,13,3,4,-8.9,3,0.74,0.38,1.0866666666666667
21,13,3,4,-5.4,4,1.81,1.01,1.14625
22,13,3,4,32.7,1,1.31,1.58,1.1587500000000002
22,13,3,4,-2.0,1,0.93,0.68,1.1316666666666666
0,14,4,4,6.4,5,0.65,1.31,1.1304166666666666
0,14,4,4,11.1,2,0.72,1.23,1.1058333333333332
1,14,4,4,38.1,2,1.15,0.51,1.1025
5,14,4,4,24.8,3,1.76,0.63,1.1545833333333333
5,14,4,4,4.3,2,1.25,1.7,1.1804166666666667
9,14,4,4,30.7,3,1.01,0.24,1.1516666666666666
9,14,4,4,-7.7,4,0.46,0.36,1.1608333333333334
9,14,4,4,35.8,4,1.9,1.34,1.2249999999999999
10,14,4,4,21.4,3,1.61,1.09,1.2362499999999998
10,14,4,4,4.9,1,0.86,1.73,1.2266666666666666
11,14,4,4,38.6,3,1.89,1.37,1.2333333333333332
11,14,4,4,10.0,4,0.64,0.94,1.2029166666666666
12,14,4,4,-7.9,1,0.35,1.42,1.1783333333333335
14,14,4,4,8.1,1,0.27,1.28,1.1304166666666666
14,14,4,4,37.4,5,1.11,0.53,1.1233333333333333
14,14,4,4,12.5,5,1.92,1.93,1.1812500000000001
15,14,4,4,14.5,5,0.2,1.88,1.1091666666666666
15,14,4,4,5.4,2,1.54,1.04,1.095
16,14,4,4,22.8,4,1.48,1.16,1.1133333333333335
16,14,4,4,0.0,3,0.66,0.74,1.0925
17,14,4,4,15.8,5,0.5,1.81,1.0825
19,14,4,4,26.4,2,0.84,1.31,1.0420833333333335
20,14,4,4,27.0,2,1.65,0.93,1.05625
20,14,4,4,34.4,1,1.36,0.65,1.0741666666666665
22,14,4,4,1.8,1,1.54,0.72,1.11125
23,14,4,4,-1.0,3,0.93,1.15,1.12
3,15,5,4,17.6,4,1.14,1.76,1.1195833333333332
3,15,5,4,7.9,2,1.74,1.25,1.1187500000000001
5,15,5,4,33.6,1,0.46,1.01,1.0858333333333334
5,15,5,4,15.4,1,0.66,0.46,1.07125
5,15,5,4,13.6,4,0.69,1.9,1.0808333333333333
6,15,5,4,-6.9,1,0.41,1.61,1.01875
7,15,5,4,32.0,3,0.74,0.86,0.9825
7,15,5,4,18.8,1,1.99,1.89,1.0295833333333333
8,15,5,4,29.8,4,0.7,0.64,0.98
9,15,5,4,6.4,3,1.1,0.35,0.9991666666666666
9,15,5,4,30.1,1,1.15,0.27,1.0325
9,15,5,4,-6.1,4,1.48,1.11,1.0829166666666665
11,15,5,4,4.5,5,1.07,1.92,1.08125
12,15,5,4,4.6,3,0.79,0.2,1.0341666666666667
14,15,5,4,8.9,5,0.95,1.54,1.0654166666666667
14,15,5,4,39.2,4,0.8,1.48,1.0345833333333332
15,15,5,4,13.6,1,1.37,0.66,1.03
17,15,5,4,1.2,1,0.81,0.5,1.03625
18,15,5,4,27.3,1,0.43,0.84,1.0333333333333334
20,15,5,4,32.4,3,0.85,1.65,1.03375
20,15,5,4,26.8,3,0.47,1.36,0.9845833333333335
21,15,5,4,7.0,4,0.28,1.54,0.9395833333333333
22,15,5,4,16.8,5,1.12,0.93,0.9220833333333333
22,15,5,4,8.6,5,1.84,1.14,0.96
22,15,5,4,21.7,1,1.92,1.74,0.9925
23,15,5,4,-6.0,3,2.0,0.46,1.0033333333333332
0,16,6,4,26.9,2,1.4,0.66,1.0425
1,16,6,4,3.9,5,0.24,0.69,1.025
1,16,6,4,4.1,2,1.05,0.41,1.04
3,16,6,4,38.0,1,0.44,0.74,1.04125
4,16,6,4,12.2,3,1.25,1.99,1.0625
8,16,6,4,17.7,4,0.64,0.7,1.00625
8,16,6,4,30.6,5,0.31,1.1,0.9900000000000001
10,16,6,4,21.6,3,1.72,1.15,1.0158333333333334
11,16,6,4,-4.6,3,1.87,1.48,1.0458333333333334
11,16,6,4,10.9,1,1.97,1.07,1.06625
14,16,6,4,22.2,2,1.47,0.79,1.0829166666666667
15,16,6,4,10.8,1,0.87,0.95,1.08625
15,16,6,4,4.8,5,1.07,0.8,1.0912499999999998
15,16,6,4,-2.9,4,1.68,1.37,1.1279166666666667
16,16,6,4,2.4,2,1.41,0.81,1.1295833333333334
17,16,6,4,13.1,4,1.52,0.43,1.1591666666666665
17,16,6,4,-1.6,1,1.52,0.85,1.2045833333333331
18,16,6,4,-7.9,4,1.97,0.47,1.25125
18,16,6,4,-0.8,3,1.79,0.28,1.3062500000000001
20,16,6,4,21.8,5,1.04,1.12,1.3379166666666666
21,16,6,4,10.6,5,0.28,1.84,1.3029166666666667
23,16,6,4,25.2,2,1.4,1.92,1.2845833333333332
0,17,0,4,-1.5,4,1.63,2.0,1.2725
2,17,0,4,-1.5,5,0.6,1.4,1.2141666666666666
3,17,0,4,21.1,4,1.22,0.24,1.2066666666666668
4,17,0,4,24.2,3,1.55,1.05,1.26125
4,17,0,4,14.1,1,1.64,0.44,1.2858333333333334
5,17,0,4,28.5,2,1.68,1.25,1.3375000000000001
6,17,0,4,9.4,3,1.38,0.64,1.3429166666666665
8,17,0,4,17.3,4,1.36,0.31,1.3729166666666666
9,17,0,4,7.4,2,1.69,1.72,1.430416666666667
10,17,0,4,1.4,5,1.51,1.87,1.4216666666666666
11,17,0,4,0.7,3,1.18,1.97,1.3929166666666666
12,17,0,4,23.5,1,1.44,1.47,1.3708333333333333
12,17,0,4,7.9,4,1.17,0.87,1.3583333333333332
14,17,0,4,19.0,2,1.75,1.07,1.3950000000000002
14,17,0,4,39.2,2,0.62,1.68,1.37625
15,17,0,4,11.0,4,1.17,1.41,1.3550000000000002
16,17,0,4,39.8,3,0.4,1.52,1.3129166666666667
16,17,0,4,9.5,2,0.72,1.52,1.2795833333333333
16,17,0,4,2.2,5,1.87,1.97,1.2941666666666667
17,17,0,4,7.5,5,1.12,1.79,1.25875
19,17,0,4,10.9,1,1.64,1.04,1.2525
19,17,0,4,29.0,4,1.08,0.28,1.2541666666666667
21,17,0,4,21.4,1,1.7,1.4,1.3133333333333332
21,17,0,4,12.0,3,0.38,1.63,1.2708333333333333
21,17,0,4,-0.8,3,1.99,0.6,1.2858333333333334
23,17,0,4,26.8,1,0.38,1.22,1.2766666666666666
23,17,0,4,-3.8,4,0.8,1.55,1.2591666666666668
23,17,0,4,12.2,1,0.34,1.64,1.20875
0,18,1,4,34.8,1,1.83,1.68,1.2166666666666666
5,18,1,4,23.3,2,0.48,1.38,1.1666666666666667
5,18,1,4,8.8,4,1.27,1.36,1.1620833333333334
6,18,1,4,26.5,2,0.97,1.69,1.1458333333333333
7,18,1,4,24.9,3,1.07,1.51,1.12
7,18,1,4,1.5,4,0.67,1.18,1.085
8,18,1,4,11.9,4,1.79,1.44,1.1104166666666666
9,18,1,4,5.9,2,0.64,1.17,1.0770833333333334
11,18,1,4,-5.4,4,0.78,1.75,1.0608333333333333
12,18,1,4,8.5,1,0.42,0.62,1.0054166666666666
12,18,1,4,0.0,4,1.42,1.17,1.03875
12,18,1,4,16.6,5,0.62,0.4,1.0158333333333334
13,18,1,4,1.0,4,0.3,0.72,1.0116666666666665
13,18,1,4,39.3,4,1.51,1.87,1.0445833333333334
13,18,1,4,-8.4,1,0.54,1.12,0.9891666666666666
14,18,1,4,0.9,4,1.14,1.64,0.9899999999999999
14,18,1,4,34.9,1,0.49,1.08,0.9420833333333333
15,18,1,4,26.6,3,0.35,1.7,0.9116666666666666
17,18,1,4,25.7,3,0.57,0.38,0.8645833333333334
17,18,1,4,36.8,1,0.72,1.99,0.87875
19,18,1,4,8.4,1,0.8,0.38,0.8291666666666666
19,18,1,4,34.3,3,1.2,0.8,0.8633333333333333
19,18,1,4,-4.3,2,1.98,0.34,0.9125
19,18,1,4,28.6,3,1.17,1.83,0.9470833333333334
19,18,1,4,39.4,4,0.83,0.48,0.9054166666666666
21,18,1,4,18.8,2,1.85,1.27,0.9625
21,18,1,4,23.8,2,0.72,0.97,0.9395833333333333
23,18,1,4,17.6,3,1.69,1.07,0.9695833333333334
3,19,2,4,-3.1,3,1.35,0.67,0.9812499999999998
3,19,2,4,38.5,1,0.76,1.79,0.985
5,19,2,4,16.7,4,1.04,0.64,0.95375
7,19,2,4,14.1,1,0.83,0.78,0.9616666666666668
8,19,2,4,21.3,3,1.07,0.42,0.9737499999999999
9,19,2,4,32.7,5,1.53,1.42,1.02
10,19,2,4,36.7,5,1.67,0.62,1.0304166666666668
11,19,2,4,36.2,2,0.92,0.3,1.0429166666666665
11,19,2,4,17.3,5,0.58,1.51,1.0545833333333334
12,19,2,4,22.0,4,0.52,0.54,1.0133333333333334
12,19,2,4,27.6,2,1.73,1.14,1.0629166666666667
12,19,2,4,14.7,5,1.71,0.49,1.0866666666666667
14,19,2,4,36.1,4,1.84,0.35,1.1429166666666666
14,19,2,4,2.2,1,1.45,0.57,1.18875
14,19,2,4,18.1,5,0.9,0.72,1.2025
15,19,2,4,-1.1,3,0.85,0.8,1.2079166666666667
16,19,2,4,21.9,5,1.77,1.2,1.2483333333333333
16,19,2,4,26.6,2,0.86,1.98,1.2341666666666666
16,19,2,4,1.1,1,1.74,1.17,1.2241666666666666
17,19,2,4,37.2,3,0.7,0.83,1.2045833333333333
17,19,2,4,27.9,5,0.38,1.85,1.1858333333333333
18,19,2,4,18.5,2,0.81,0.72,1.1424999999999998
20,19,2,4,-5.8,3,1.89,1.69,1.19125
20,19,2,4,5.4,4,1.69,1.35,1.19125
22,19,2,4,22.6,3,0.62,0.76,1.1608333333333334
22,19,2,4,20.3,3,0.33,1.04,1.1429166666666666
22,19,2,4,24.6,1,0.92,0.83,1.1379166666666667
23,19,2,4,26.1,5,1.57,1.07,1.16875
0,20,3,4,38.6,4,0.54,1.53,1.1466666666666667
0,20,3,4,37.0,4,1.99,1.67,1.1658333333333333
2,20,3,4,25.4,4,0.37,0.92,1.1116666666666666
3,20,3,4,-2.2,2,1.09,0.58,1.1187500000000001
3,20,3,4,35.7,2,1.42,0.52,1.1537499999999998
4,20,3,4,28.4,5,1.29,1.73,1.1858333333333333
4,20,3,4,38.9,1,1.58,1.71,1.1795833333333332
5,20,3,4,4.6,5,0.46,1.84,1.1275000000000002
6,20,3,4,5.9,4,0.31,1.45,1.06375
7,20,3,4,-8.2,3,1.53,0.9,1.0670833333333334
9,20,3,4,19.1,2,1.51,0.85,1.0925
11,20,3,4,-2.0,5,1.46,1.77,1.1179166666666667
11,20,3,4,37.3,1,0.72,0.86,1.0741666666666665
12,20,3,4,33.5,2,1.12,1.74,1.085
14,20,3,4,12.9,3,1.59,0.7,1.07875
15,20,3,4,-9.5,2,0.35,0.38,1.0641666666666667
15,20,3,4,23.7,3,1.93,0.81,1.12875
18,20,3,4,-3.2,4,1.43,1.89,1.1545833333333333
19,20,3,4,2.7,5,1.48,1.69,1.1375
20,20,3,4,3.2,2,1.54,0.62,1.1312499999999999
20,20,3,4,26.6,4,0.82,0.33,1.1395833333333334
21,20,3,4,2.7,1,2.0,0.92,1.2091666666666667
22,20,3,4,16.4,3,1.51,1.57,1.2337500000000001
23,20,3,4,3.9,3,0.68,0.54,1.1966666666666668
0,21,4,4,-0.7,2,1.95,1.99,1.2554166666666666
1,21,4,4,-4.7,2,1.87,0.37,1.2504166666666667
2,21,4,4,35.3,3,1.95,1.09,1.31625
3,21,4,4,-4.2,4,1.0,1.42,1.3125
4,21,4,4,16.7,1,1.16,1.29,1.3016666666666667
5,21,4,4,-0.5,3,1.06,1.58,1.2920833333333335
6,21,4,4,38.6,4,0.71,0.46,1.2558333333333334
8,21,4,4,11.4,5,1.04,0.31,1.28
9,21,4,4,-3.4,2,0.93,1.53,1.3058333333333334
12,21,4,4,2.7,3,0.7,1.51,1.27125
13,21,4,4,24.3,1,0.78,1.46,1.2408333333333335
13,21,4,4,21.7,2,1.54,0.72,1.2441666666666666
14,21,4,4,18.6,3,0.21,1.12,1.2229166666666667
16,21,4,4,-6.6,4,1.32,1.59,1.23125
16,21,4,4,18.0,4,0.34,0.35,1.1791666666666667
17,21,4,4,0.2,3,0.39,1.93,1.1808333333333334
18,21,4,4,21.9,4,1.29,1.43,1.1541666666666666
21,21,4,4,-1.9,5,1.03,1.48,1.1375
21,21,4,4,29.0,4,1.02,1.54,1.1183333333333334
21,21,4,4,13.8,4,1.83,0.82,1.1304166666666668
0,22,5,4,35.3,5,1.24,2.0,1.1479166666666667
2,22,5,4,23.8,5,0.8,1.51,1.0979166666666667
2,22,5,4,26.1,1,1.06,0.68,1.0791666666666666
3,22,5,4,9.6,5,0.8,1.95,1.0841666666666667
3,22,5,4,-7.0,4,1.65,1.87,1.0716666666666665
8,22,5,4,28.8,3,1.26,1.95,1.04625
10,22,5,4,-6.8,1,0.98,1.0,1.0058333333333334
10,22,5,4,11.6,3,0.26,1.16,0.975
10,22,5,4,-5.3,4,1.54,1.06,0.9908333333333333
11,22,5,4,36.8,4,1.93,0.71,1.0270833333333333
12,22,5,4,3.4,2,1.23,1.04,1.04875
12,22,5,4,19.8,4,1.3,0.93,1.0595833333333333
12,22,5,4,-5.7,2,1.05,0.7,1.0645833333333334
14,22,5,4,19.7,5,0.68,0.78,1.06375
15,22,5,4,-7.9,2,1.73,1.54,1.1033333333333333
17,22,5,4,29.6,1,0.38,0.21,1.055
18,22,5,4,12.2,2,0.76,1.32,1.0779166666666666
18,22,5,4,16.9,1,1.4,0.34,1.08125
19,22,5,4,34.2,3,0.49,0.39,1.0875000000000001
20,22,5,4,20.1,3,1.39,1.29,1.1291666666666667
20,22,5,4,-7.2,4,0.28,1.03,1.0870833333333334
21,22,5,4,13.3,1,1.53,1.02,1.1079166666666667
22,22,5,4,22.2,1,0.74,1.83,1.09625
0,23,6,4,15.4,5,0.86,1.24,1.0558333333333334
2,23,6,4,39.5,2,1.87,0.8,1.0820833333333333
4,23,6,4,21.4,3,0.28,1.06,1.0604166666666666
4,23,6,4,20.2,5,1.92,0.8,1.0962500000000002
6,23,6,4,19.1,1,1.96,1.65,1.1445833333333333
7,23,6,4,-5.3,4,0.84,1.26,1.1108333333333333
8,23,6,4,28.9,4,1.05,0.98,1.1020833333333333
8,23,6,4,5.9,5,1.5,0.26,1.12375
8,23,6,4,38.9,4,1.13,1.54,1.16
8,23,6,4,-6.7,5,0.46,1.93,1.115
9,23,6,4,-3.4,5,0.48,1.23,1.0545833333333332
10,23,6,4,26.2,5,0.56,1.3,1.0266666666666666
10,23,6,4,-6.5,2,1.01,1.05,1.0145833333333334
13,23,6,4,1.5,2,0.99,0.68,1.0120833333333332
14,23,6,4,3.7,2,1.32,1.73,1.03875
14,23,6,4,20.7,4,1.69,0.38,1.0370833333333334
15,23,6,4,29.7,4,1.2,0.76,1.07125
16,23,6,4,30.8,4,0.55,1.4,1.0625
16,23,6,4,25.8,3,1.71,0.49,1.0754166666666667
16,23,6,4,3.3,2,1.59,1.39,1.12125
17,23,6,4,20.8,5,1.95,0.28,1.1445833333333333
17,23,6,4,28.8,5,1.58,1.53,1.19875
18,23,6,4,26.8,3,0.77,0.74,1.1670833333333335
20,23,6,4,7.7,3,1.06,0.86,1.1804166666666667
21,23,6,4,26.2,3,1.23,1.87,1.1958333333333333
21,23,6,4,26.9,1,1.81,0.28,1.1933333333333334
23,23,6,4,39.3,2,0.57,1.92,1.2054166666666666
0,24,0,4,-2.6,4,1.89,1.96,1.2041666666666666
0,24,0,4,21.3,4,0.88,0.84,1.1591666666666667
1,24,0,4,30.0,2,1.71,1.05,1.1954166666666668
1,24,0,4,29.7,4,1.54,1.5,1.2158333333333333
3,24,0,4,23.6,1,1.89,1.13,1.2320833333333334
5,24,0,4,38.5,5,0.33,0.46,1.19875
6,24,0,4,39.6,3,1.11,0.48,1.2258333333333333
6,24,0,4,9.0,4,0.91,0.56,1.2437500000000001
6,24,0,4,-9.2,2,0.9,1.01,1.2579166666666668
7,24,0,4,19.7,1,0.79,0.99,1.24875
7,24,0,4,5.1,5,1.57,1.32,1.2729166666666667
7,24,0,4,37.8,1,0.64,1.69,1.2445833333333334
8,24,0,4,29.9,4,1.29,1.2,1.2279166666666665
11,24,0,4,8.2,5,0.86,0.55,1.2137499999999999
11,24,0,4,7.5,5,0.29,1.71,1.2029166666666666
11,24,0,4,15.7,2,1.09,1.59,1.1770833333333333
12,24,0,4,24.9,3,0.95,1.95,1.1504166666666666
14,24,0,4,-0.6,1,0.88,1.58,1.1058333333333332
14,24,0,4,10.6,2,1.12,0.77,1.0866666666666667
15,24,0,4,18.0,2,0.75,1.06,1.0858333333333332
17,24,0,4,11.0,3,1.07,1.23,1.08625
17,24,0,4,-3.2,2,0.77,1.81,1.0670833333333334
18,24,0,4,16.8,3,0.25,0.57,1.0020833333333334
22,24,0,4,-0.2,2,0.86,1.89,1.0141666666666667
22,24,0,4,33.5,2,1.85,0.88,1.0125
1,25,1,4,23.4,4,1.21,1.71,1.02625
3,25,1,4,18.6,2,0.94,1.54,0.9941666666666666
3,25,1,4,26.4,5,0.38,1.89,0.9458333333333333
3,25,1,4,30.3,2,0.72,0.33,0.8970833333333333
5,25,1,4,-5.7,3,1.85,1.11,0.9604166666666667
7,25,1,4,10.3,5,1.55,0.91,0.9787499999999999
7,25,1,4,13.3,4,1.56,0.9,1.0058333333333334
8,25,1,4,21.1,4,1.67,0.79,1.0379166666666666
8,25,1,4,14.7,5,0.55,1.57,1.0279166666666668
9,25,1,4,35.7,5,1.64,0.64,1.0308333333333335
11,25,1,4,10.5,1,1.68,1.29,1.0741666666666667
12,25,1,4,13.6,5,1.29,0.86,1.0741666666666667
13,25,1,4,27.9,3,1.06,0.29,1.0825
13,25,1,4,3.4,4,1.83,1.09,1.1466666666666667
16,25,1,4,15.5,3,1.34,0.95,1.1570833333333332
16,25,1,4,25.0,3,0.67,0.88,1.1454166666666665
17,25,1,4,37.6,3,1.89,1.12,1.1875
18,25,1,4,17.0,1,0.28,0.75,1.1525
19,25,1,4,-7.8,5,1.58,1.07,1.1870833333333333
19,25,1,4,14.6,2,1.91,0.77,1.2220833333333332
19,25,1,4,5.6,1,0.89,0.25,1.2270833333333333
20,25,1,4,32.0,5,1.29,0.86,1.2704166666666667
21,25,1,4,15.8,3,0.26,1.85,1.2454166666666666
21,25,1,4,5.0,3,1.85,1.21,1.2454166666666666
0,26,2,4,15.1,4,1.51,0.94,1.2579166666666666
0,26,2,4,-2.8,4,1.22,0.38,1.2695833333333335
2,26,2,4,4.2,4,1.92,0.72,1.3337500000000002
3,26,2,4,17.1,3,1.87,1.85,1.3816666666666666
3,26,2,4,0.6,3,0.3,1.55,1.3170833333333334
5,26,2,4,22.7,1,0.82,1.56,1.2866666666666668
6,26,2,4,22.6,4,1.56,1.67,1.2866666666666666
8,26,2,4,20.6,2,1.24,0.55,1.26875
9,26,2,4,24.0,2,0.89,1.64,1.2829166666666667
10,26,2,4,19.2,3,1.67,1.68,1.2841666666666667
10,26,2,4,35.0,2,0.39,1.29,1.2304166666666665
14,26,2,4,2.0,3,1.12,1.06,1.2233333333333334
15,26,2,4,-7.8,1,0.66,1.83,1.2066666666666668
15,26,2,4,35.7,3,1.54,1.34,1.1945833333333333
15,26,2,4,-3.4,5,1.18,0.67,1.1879166666666667
17,26,2,4,39.8,4,1.08,1.89,1.205
17,26,2,4,33.2,5,1.33,0.28,1.1816666666666669
17,26,2,4,-6.3,1,1.84,1.58,1.2466666666666668
18,26,2,4,-8.5,3,0.58,1.91,1.205
19,26,2,4,23.8,1,1.5,0.89,1.1879166666666667
19,26,2,4,21.1,4,0.88,1.29,1.1875
20,26,2,4,29.5,4,1.34,0.26,1.1895833333333334
21,26,2,4,36.0,3,1.67,1.85,1.2483333333333333
23,26,2,4,6.5,2,1.22,1.51,1.2220833333333332
0,27,3,4,15.7,4,1.73,1.22,1.23125
2,27,3,4,11.5,1,0.88,1.92,1.2170833333333333
4,27,3,4,16.2,5,1.82,1.87,1.2129166666666666
5,27,3,4,-5.8,3,1.03,0.3,1.1779166666666667
5,27,3,4,7.7,5,0.42,0.82,1.1829166666666666
10,27,3,4,29.1,5,0.6,1.56,1.1737499999999998
10,27,3,4,2.4,5,1.48,1.24,1.1704166666666667
12,27,3,4,10.8,2,1.12,0.89,1.1654166666666668
15,27,3,4,19.2,1,1.05,1.67,1.1720833333333334
15,27,3,4,-5.2,1,0.83,0.39,1.1370833333333332
18,27,3,4,29.9,3,1.52,1.12,1.1841666666666668
18,27,3,4,-7.5,5,0.26,0.66,1.1483333333333334
20,27,3,4,20.3,5,0.56,1.54,1.1441666666666668
22,27,3,4,7.8,3,0.2,1.18,1.0883333333333334
22,27,3,4,11.2,1,1.07,1.08,1.08375
23,27,3,4,35.0,3,1.18,1.33,1.0879166666666666
2,28,4,4,37.4,2,1.71,1.84,1.10375
3,28,4,4,38.5,2,0.86,0.58,1.0629166666666665
5,28,4,4,37.2,1,1.65,1.5,1.1075000000000002
10,28,4,4,14.2,1,1.17,0.88,1.09375
11,28,4,4,38.2,5,0.52,1.34,1.07875
12,28,4,4,34.2,4,0.6,1.67,1.0479166666666666
12,28,4,4,16.2,5,1.61,1.22,1.0454166666666667
12,28,4,4,-1.0,2,0.47,1.73,1.0141666666666667
12,28,4,4,16.7,4,0.65,0.88,0.9691666666666667
14,28,4,4,23.7,1,0.26,1.82,0.9433333333333334
15,28,4,4,31.4,1,1.74,1.03,0.9400000000000001
16,28,4,4,16.8,2,0.71,0.42,0.9266666666666667
18,28,4,4,26.3,3,1.09,0.6,0.9545833333333333
19,28,4,4,10.0,2,0.88,1.48,0.96625
21,28,4,4,-7.5,1,1.82,1.12,0.9804166666666667
22,28,4,4,15.7,4,1.85,1.05,1.0108333333333333
23,28,4,4,25.1,3,1.28,0.83,1.0204166666666665
1,29,5,4,20.7,3,0.7,1.52,1.015
1,29,5,4,24.6,5,1.63,0.26,1.0195833333333333
1,29,5,4,39.4,1,0.24,0.56,1.01875
1,29,5,4,38.3,1,0.28,0.2,1.0070833333333333
2,29,5,4,8.1,5,1.07,1.07,1.0433333333333334
2,29,5,4,24.2,2,1.89,1.18,1.0775
2,29,5,4,-8.8,5,1.3,1.71,1.0825
4,29,5,4,23.7,1,0.91,0.86,1.0491666666666666
4,29,5,4,18.3,5,1.53,1.65,1.0770833333333334
4,29,5,4,-1.7,2,0.89,1.17,1.0454166666666667
4,29,5,4,35.0,1,1.41,0.52,1.0554166666666667
4,29,5,4,-9.4,3,0.87,0.6,1.07
5,29,5,4,12.2,5,0.56,1.61,1.0683333333333334
6,29,5,4,19.3,3,0.71,0.47,1.0308333333333333
7,29,5,4,7.4,1,0.82,0.65,1.0454166666666667
7,29,5,4,10.0,3,1.34,0.26,1.0741666666666665
7,29,5,4,26.8,4,1.37,1.74,1.1204166666666666
7,29,5,4,-6.2,2,0.87,0.71,1.0841666666666667
8,29,5,4,1.4,2,1.62,1.09,1.1220833333333335
8,29,5,4,1.4,1,0.96,0.88,1.1166666666666665
9,29,5,4,37.4,5,1.29,1.82,1.13375
11,29,5,4,-6.4,3,1.97,1.85,1.14
12,29,5,4,10.2,2,1.94,1.28,1.14375
13,29,5,4,29.7,1,1.34,0.7,1.14625
13,29,5,4,30.4,2,1.83,1.63,1.1933333333333334
13,29,5,4,-2.7,1,0.86,0.24,1.16125
15,29,5,4,30.0,3,0.75,0.28,1.1824999999999999
17,29,5,4,-4.2,3,1.96,1.07,1.2525
18,29,5,4,-3.8,5,1.67,1.89,1.2774999999999999
19,29,5,4,37.9,3,1.85,1.3,1.2758333333333334
20,29,5,4,27.4,4,0.26,0.91,1.2325000000000002
20,29,5,4,7.7,3,0.96,1.53,1.2345833333333334
20,29,5,4,-9.5,3,1.17,0.89,1.2195833333333332
22,29,5,4,33.0,4,1.61,1.41,1.2495833333333333
23,29,5,4,5.5,4,0.84,0.87,1.2258333333333333
23,29,5,4,-1.1,1,1.16,0.56,1.2379166666666668
0,30,6,4,11.2,5,0.52,0.71,1.2362499999999998
1,30,6,4,23.3,3,0.38,0.82,1.2225000000000001
2,30,6,4,28.6,5,1.59,1.34,1.2545833333333334
3,30,6,4,32.1,4,1.44,1.37,1.25875
3,30,6,4,15.8,2,1.1,0.87,1.2475
4,30,6,4,39.9,3,1.55,1.62,1.2758333333333334
5,30,6,4,36.9,2,0.9,0.96,1.2458333333333333
7,30,6,4,6.8,5,0.49,1.29,1.22625
7,30,6,4,-4.4,3,1.56,1.97,1.2375
8,30,6,4,26.5,5,0.33,1.94,1.1691666666666667
9,30,6,4,28.3,5,1.34,1.34,1.1441666666666666
11,30,6,4,22.1,1,0.72,1.83,1.1183333333333334
12,30,6,4,11.8,4,0.68,0.86,1.0704166666666668
13,30,6,4,22.0,4,1.13,0.75,1.0816666666666668
15,30,6,4,-5.7,3,1.59,1.96,1.1166666666666667
17,30,6,4,24.9,4,1.56,1.67,1.1
20,30,6,4,4.3,3,1.19,1.85,1.08
20,30,6,4,16.2,4,1.41,0.26,1.0616666666666668
21,30,6,4,28.7,5,1.92,0.96,1.1308333333333334
21,30,6,4,32.6,5,1.15,1.17,1.1387500000000002
21,30,6,4,-9.7,3,0.23,1.61,1.0995833333333334
22,30,6,4,10.1,3,0.44,0.84,1.0508333333333335
23,30,6,4,-9.7,3,1.16,1.16,1.0641666666666667
0,1,0,5,19.9,1,1.8,0.52,1.0908333333333333
0,1,0,5,28.0,4,0.65,0.38,1.0962500000000002
1,1,0,5,-8.5,1,0.56,1.59,1.10375
2,1,0,5,-0.1,4,1.12,1.44,1.0841666666666667
3,1,0,5,33.0,4,1.88,1.1,1.1025
3,1,0,5,10.1,1,1.34,1.55,1.1125
4,1,0,5,22.7,1,1.58,0.9,1.11375
4,1,0,5,22.4,3,1.48,0.49,1.1379166666666667
5,1,0,5,38.0,3,0.54,1.56,1.14
6,1,0,5,30.3,3,1.26,0.33,1.1275
7,1,0,5,4.5,2,0.76,1.34,1.1454166666666667
7,1,0,5,21.4,4,1.09,0.72,1.135
7,1,0,5,13.4,3,0.35,0.68,1.1195833333333334
9,1,0,5,33.5,1,1.86,1.13,1.16875
9,1,0,5,1.2,2,0.47,1.59,1.14125
9,1,0,5,-5.4,2,0.72,1.56,1.105
11,1,0,5,-6.9,3,1.98,1.19,1.1224999999999998
15,1,0,5,20.1,2,0.24,1.41,1.0829166666666667
17,1,0,5,-8.9,2,1.9,1.92,1.1033333333333333
18,1,0,5,28.4,1,0.44,1.15,1.0416666666666667
18,1,0,5,28.8,2,0.82,0.23,1.0279166666666668
22,1,0,5,23.9,5,0.74,0.44,1.0491666666666666
22,1,0,5,24.1,2,0.68,1.16,1.0591666666666666
22,1,0,5,1.1,2,1.75,1.8,1.08375
23,1,0,5,12.3,2,1.24,0.65,1.0604166666666668
0,2,1,5,-2.2,5,0.97,0.56,1.07375
1,2,1,5,33.7,1,1.04,1.12,1.09375
4,2,1,5,31.4,2,1.33,1.88,1.1025
5,2,1,5,30.0,4,1.19,1.34,1.07375
5,2,1,5,-4.5,4,1.38,1.58,1.0754166666666667
7,2,1,5,21.6,1,0.38,1.48,1.0254166666666666
7,2,1,5,5.3,4,0.53,0.54,0.9858333333333332
7,2,1,5,30.9,5,0.47,1.26,0.9829166666666667
7,2,1,5,5.1,2,0.6,0.76,0.9554166666666667
7,2,1,5,28.3,5,1.23,1.09,0.975
9,2,1,5,27.4,4,1.26,0.35,0.9820833333333333
11,2,1,5,35.9,4,1.98,1.86,1.05
11,2,1,5,-8.5,5,0.95,0.47,1.0120833333333332
12,2,1,5,25.2,1,0.21,0.72,1.00125
13,2,1,5,7.9,4,0.49,1.98,0.9916666666666667
13,2,1,5,24.7,4,1.15,0.24,0.9570833333333333
14,2,1,5,-1.0,1,1.5,1.9,1.0095833333333333
15,2,1,5,-8.6,5,0.4,0.44,0.9470833333333334
15,2,1,5,12.9,2,0.93,0.82,0.9674999999999999
15,2,1,5,18.5,4,0.99,0.74,0.9745833333333332
15,2,1,5,8.8,5,1.89,0.68,1.0225
16,2,1,5,32.1,1,0.92,1.75,1.0325
19,2,1,5,33.6,3,1.15,1.24,1.0075
22,2,1,5,-9.8,2,1.69,0.97,1.0262499999999999
1,3,2,5,34.1,4,1.07,1.04,1.0304166666666668
2,3,2,5,24.6,3,0.3,1.33,0.9995833333333333
3,3,2,5,10.2,4,1.04,1.19,0.9874999999999999
4,3,2,5,37.4,4,0.45,1.38,0.9566666666666667
4,3,2,5,27.4,4,0.53,0.38,0.92125
4,3,2,5,38.0,3,0.49,0.53,0.9258333333333333
5,3,2,5,23.3,3,0.98,0.47,0.9445833333333334
5,3,2,5,1.5,1,1.05,0.6,0.96875
6,3,2,5,39.2,4,0.4,1.23,0.9604166666666667
6,3,2,5,3.8,3,1.32,1.26,0.9641666666666667
6,3,2,5,11.4,5,1.52,1.98,0.975
7,3,2,5,4.6,4,1.04,0.95,0.9358333333333334
9,3,2,5,38.2,4,1.63,0.21,0.9641666666666667
9,3,2,5,38.1,5,1.86,0.49,1.0329166666666667
15,3,2,5,32.6,4,1.3,1.15,1.0666666666666667
15,3,2,5,37.3,1,1.31,1.5,1.0733333333333335
16,3,2,5,22.7,2,1.53,0.4,1.0745833333333334
16,3,2,5,10.8,2,0.85,0.93,1.0933333333333333
16,3,2,5,-1.0,3,0.36,0.99,1.0695833333333333
17,3,2,5,-8.3,1,1.49,1.89,1.0904166666666668
17,3,2,5,25.9,1,0.55,0.92,1.0345833333333334
18,3,2,5,27.0,1,1.2,1.15,1.04625
18,3,2,5,0.5,4,1.2,1.69,1.0483333333333333
19,3,2,5,39.9,2,0.34,1.07,0.9920833333333333
19,3,2,5,-6.3,4,1.53,0.3,1.01125
20,3,2,5,14.0,3,0.86,1.04,1.0345833333333334
21,3,2,5,-7.3,1,1.7,0.45,1.0620833333333333
21,3,2,5,21.6,3,1.42,0.53,1.1025
22,3,2,5,27.3,5,1.02,0.49,1.1229166666666666
23,3,2,5,32.2,3,1.52,0.98,1.1658333333333333
23,3,2,5,23.9,5,0.25,1.05,1.1354166666666667
0,4,3,5,11.8,3,0.38,0.4,1.1075
0,4,3,5,-0.3,4,0.95,1.32,1.1304166666666666
2,4,3,5,33.3,5,1.62,1.52,1.1429166666666666
2,4,3,5,-4.1,2,1.16,1.04,1.1279166666666667
2,4,3,5,32.7,1,1.66,1.63,1.15375
4,4,3,5,27.8,1,0.33,1.86,1.0995833333333334
4,4,3,5,35.5,3,1.28,1.3,1.0754166666666667
5,4,3,5,24.4,2,1.33,1.31,1.0766666666666667
5,4,3,5,18.8,5,1.85,1.53,1.0991666666666666
5,4,3,5,5.7,2,0.42,0.85,1.0529166666666667
6,4,3,5,26.0,2,1.98,0.36,1.1
9,4,3,5,28.6,3,1.81,1.49,1.1604166666666667
11,4,3,5,5.0,4,0.63,0.55,1.1245833333333333
11,4,3,5,10.4,1,0.29,1.2,1.11375
11,4,3,5,11.5,5,0.98,1.2,1.1045833333333335
12,4,3,5,17.8,1,1.17,0.34,1.1033333333333333
12,4,3,5,1.4,1,0.56,1.53,1.1125
13,4,3,5,-1.6,3,0.86,0.86,1.0845833333333335
13,4,3,5,39.4,5,0.58,1.7,1.0729166666666667
13,4,3,5,-5.6,5,1.66,1.42,1.07125
14,4,3,5,8.3,3,0.79,1.02,1.045
14,4,3,5,26.3,2,1.89,1.52,1.08125
14,4,3,5,22.1,4,1.14,0.25,1.0654166666666667
15,4,3,5,39.6,2,0.94,0.38,1.0941666666666665
17,4,3,5,13.1,4,1.66,0.95,1.1475
17,4,3,5,19.6,2,0.51,1.62,1.1291666666666667
17,4,3,5,4.5,5,0.83,1.16,1.09625
18,4,3,5,2.5,5,0.79,1.66,1.0808333333333333
18,4,3,5,29.3,5,1.29,0.33,1.0654166666666667
18,4,3,5,2.0,1,0.77,1.28,1.08375
18,4,3,5,6.4,5,1.93,1.33,1.1108333333333333
19,4,3,5,-4.6,5,1.55,1.85,1.1199999999999999
19,4,3,5,32.9,2,1.96,0.42,1.1245833333333335
20,4,3,5,39.2,4,1.32,1.98,1.1620833333333334
20,4,3,5,37.9,2,0.75,1.81,1.1108333333333333
20,4,3,5,26.9,2,0.37,0.63,1.0508333333333333
20,4,3,5,32.2,1,1.84,0.29,1.10125
20,4,3,5,13.5,1,1.52,0.98,1.1525
21,4,3,5,22.0,4,0.8,1.17,1.1449999999999998
21,4,3,5,8.8,1,1.32,0.56,1.1512499999999999
22,4,3,5,9.0,3,1.33,0.86,1.1833333333333333
22,4,3,5,28.9,3,0.81,0.58,1.18125
23,4,3,5,36.7,3,0.76,1.66,1.18875
1,5,4,5,25.4,5,0.21,0.79,1.1283333333333334
1,5,4,5,34.2,1,1.24,1.89,1.1470833333333335
2,5,4,5,9.8,1,0.88,1.14,1.105
2,5,4,5,14.2,2,0.28,0.94,1.0691666666666666
2,5,4,5,15.9,3,1.86,1.66,1.1075
4,5,4,5,4.9,3,0.71,0.51,1.0679166666666668
5,5,4,5,34.3,1,1.23,0.83,1.0979166666666667
6,5,4,5,32.5,3,0.24,0.79,1.0733333333333335
7,5,4,5,33.2,3,1.64,1.29,1.10875
7,5,4,5,34.5,1,1.08,0.77,1.0999999999999999
7,5,4,5,-1.4,5,1.12,1.93,1.1145833333333333
8,5,4,5,0.4,5,0.94,1.55,1.0733333333333335
8,5,4,5,23.9,5,1.59,1.96,1.075
9,5,4,5,27.5,4,1.25,1.32,1.0454166666666667
9,5,4,5,5.4,2,0.72,0.75,1.0204166666666665
12,5,4,5,38.6,1,0.43,0.37,1.0070833333333333
15,5,4,5,18.5,2,1.32,1.84,1.0466666666666666
16,5,4,5,8.1,1,1.11,1.52,1.01625
17,5,4,5,34.2,5,0.47,0.8,0.9725
17,5,4,5,-9.2,4,1.95,1.32,1.0204166666666667
18,5,4,5,11.9,5,1.58,1.33,1.03125
18,5,4,5,34.5,3,1.81,0.81,1.05125
20,5,4,5,-9.5,4,1.55,0.76,1.0820833333333335
21,5,4,5,10.9,3,1.62,0.21,1.1179166666666667
21,5,4,5,29.1,1,1.47,1.24,1.1704166666666667
21,5,4,5,5.7,5,0.22,0.88,1.1279166666666667
23,5,4,5,21.6,2,0.68,0.28,1.1195833333333334
23,5,4,5,6.4,4,1.17,1.86,1.1566666666666667
1,6,5,5,36.4,4,0.43,0.71,1.0970833333333334
1,6,5,5,30.4,3,1.55,1.23,1.1320833333333333
2,6,5,5,37.2,1,0.8,0.24,1.1141666666666665
3,6,5,5,20.5,5,1.84,1.64,1.1808333333333334
3,6,5,5,-4.6,2,0.26,1.08,1.1233333333333333
4,6,5,5,38.2,4,0.34,1.12,1.0925
5,6,5,5,-9.5,2,1.46,0.94,1.1066666666666667
6,6,5,5,29.5,1,0.52,1.59,1.0891666666666666
6,6,5,5,35.7,4,1.03,1.25,1.0658333333333334
7,6,5,5,-5.8,5,1.26,0.72,1.06625
7,6,5,5,36.8,1,1.82,0.43,1.1120833333333333
9,6,5,5,20.1,4,1.14,1.32,1.1416666666666668
10,6,5,5,-9.1,2,0.38,1.11,1.1025
11,6,5,5,30.7,1,1.44,0.47,1.1162500000000002
12,6,5,5,20.9,4,1.74,1.95,1.1691666666666667
13,6,5,5,-4.6,1,1.93,1.58,1.1683333333333332
15,6,5,5,6.2,5,0.57,1.81,1.12625
16,6,5,5,-0.1,3,0.39,1.55,1.0670833333333334
16,6,5,5,6.0,3,1.39,1.62,1.0604166666666666
16,6,5,5,24.0,5,0.65,1.47,1.02
16,6,5,5,27.4,5,1.08,0.22,1.00375
17,6,5,5,36.2,4,0.37,0.68,1.01
17,6,5,5,9.6,1,0.8,1.17,1.015
17,6,5,5,39.8,4,1.97,0.43,1.0483333333333333
18,6,5,5,30.2,3,1.73,1.55,1.1025
19,6,5,5,0.8,2,1.94,0.8,1.1187500000000001
19,6,5,5,37.8,3,1.17,1.84,1.1341666666666668
19,6,5,5,7.6,4,1.45,0.26,1.1179166666666667
21,6,5,5,24.2,3,0.72,0.34,1.1370833333333332
21,6,5,5,25.7,1,1.5,1.46,1.1854166666666666
21,6,5,5,-9.3,3,0.53,0.52,1.1466666666666667
22,6,5,5,2.2,4,1.71,1.03,1.19625
23,6,5,5,18.8,4,0.49,1.26,1.1737499999999998
0,7,6,5,38.2,4,1.18,1.82,1.1704166666666667
2,7,6,5,11.9,5,1.68,1.14,1.1645833333333333
4,7,6,5,1.4,5,1.84,0.38,1.1937499999999999
4,7,6,5,-5.0,4,0.56,1.44,1.2012500000000002
6,7,6,5,34.1,3,0.38,1.74,1.1570833333333332
7,7,6,5,30.6,4,0.98,1.93,1.1254166666666667
7,7,6,5,36.8,3,1.02,0.57,1.0875000000000001
8,7,6,5,-6.0,3,1.28,0.39,1.1170833333333334
10,7,6,5,-1.5,2,1.08,1.39,1.1458333333333333
10,7,6,5,8.9,5,0.63,0.65,1.1141666666666665
11,7,6,5,20.1,5,0.63,1.08,1.1133333333333335
12,7,6,5,33.4,3,0.89,0.37,1.1054166666666665
12,7,6,5,21.8,3,0.71,0.8,1.1195833333333334
17,7,6,5,38.4,2,0.31,1.97,1.0991666666666668
18,7,6,5,5.0,2,1.59,1.73,1.0833333333333333
20,7,6,5,29.5,5,1.26,1.94,1.06375
23,7,6,5,6.3,2,1.68,1.17,1.0529166666666667
23,7,6,5,35.7,1,1.98,1.45,1.0866666666666667
2,8,0,5,39.6,4,1.94,0.72,1.1070833333333334
3,8,0,5,5.2,1,0.53,1.5,1.0991666666666666
3,8,0,5,22.5,2,0.42,0.53,1.0541666666666667
5,8,0,5,29.8,5,1.9,1.71,1.1112499999999998
6,8,0,5,16.0,4,1.55,0.49,1.1045833333333333
6,8,0,5,5.2,4,1.65,1.18,1.1529166666666668
6,8,0,5,-3.5,1,1.94,1.68,1.1845833333333333
7,8,0,5,28.0,2,1.58,1.84,1.1804166666666667
8,8,0,5,21.1,4,1.82,0.56,1.1795833333333334
10,8,0,5,5.1,2,0.44,0.38,1.1745833333333333
11,8,0,5,-2.9,1,0.73,0.98,1.1891666666666667
11,8,0,5,37.6,1,1.2,1.02,1.1983333333333333
11,8,0,5,-2.4,1,0.38,1.28,1.1716666666666666
12,8,0,5,19.8,4,1.64,1.08,1.1866666666666665
15,8,0,5,13.5,5,1.92,0.63,1.2216666666666667
15,8,0,5,20.0,5,0.23,0.63,1.205
16,8,0,5,11.4,1,0.82,0.89,1.2129166666666666
17,8,0,5,23.1,3,0.21,0.71,1.1845833333333333
17,8,0,5,-0.8,3,1.35,0.31,1.21125
20,8,0,5,36.7,2,0.72,1.59,1.2283333333333333
20,8,0,5,20.7,5,0.44,1.26,1.1804166666666667
21,8,0,5,35.8,4,0.69,1.68,1.1566666666666667
22,8,0,5,4.1,4,1.86,1.98,1.1641666666666668
23,8,0,5,4.4,5,1.66,1.94,1.1508333333333334
23,8,0,5,21.8,3,1.29,0.53,1.12375
1,9,1,5,31.5,1,1.16,0.42,1.1500000000000001
2,9,1,5,-8.8,3,1.47,1.9,1.1937499999999999
2,9,1,5,-7.8,4,1.19,1.55,1.1641666666666668
3,9,1,5,29.3,1,1.92,1.65,1.1795833333333332
4,9,1,5,13.6,2,0.98,1.94,1.1516666666666666
5,9,1,5,15.7,3,1.02,1.58,1.1133333333333333
6,9,1,5,5.9,3,1.7,1.82,1.1183333333333334
7,9,1,5,6.3,5,0.74,0.44,1.0733333333333333
7,9,1,5,4.0,1,0.56,0.73,1.0783333333333334
7,9,1,5,30.4,4,1.31,1.2,1.1025
8,9,1,5,33.7,2,1.29,0.38,1.10625
8,9,1,5,-1.9,5,1.64,1.64,1.15875
9,9,1,5,31.3,3,0.58,1.92,1.1145833333333333
9,9,1,5,30.5,2,0.2,0.23,1.0429166666666665
11,9,1,5,19.6,4,1.25,0.82,1.0854166666666665
11,9,1,5,1.8,4,0.32,0.21,1.0645833333333332
11,9,1,5,39.7,2,1.73,1.35,1.1279166666666667
12,9,1,5,28.3,1,0.52,0.72,1.0933333333333333
13,9,1,5,22.4,2,1.09,0.44,1.10875
14,9,1,5,28.6,5,1.38,0.69,1.1479166666666667
14,9,1,5,25.1,2,1.68,1.86,1.1891666666666667
14,9,1,5,12.7,4,1.9,1.66,1.1908333333333332
15,9,1,5,-3.3,2,1.48,1.29,1.1833333333333333
16,9,1,5,26.8,3,0.61,1.16,1.155
17,9,1,5,24.2,5,1.29,1.47,1.1604166666666667
21,9,1,5,24.1,3,1.08,1.19,1.1441666666666668
22,9,1,5,8.5,3,1.1,1.92,1.1404166666666666
22,9,1,5,-5.6,1,1.57,0.98,1.1258333333333335
23,9,1,5,11.3,4,1.02,1.02,1.1275000000000002
23,9,1,5,-9.6,3,0.44,1.7,1.1033333333333333
23,9,1,5,15.9,1,1.3,0.74,1.0866666666666667
0,10,2,5,-0.3,5,0.73,0.56,1.08625
0,10,2,5,25.8,4,1.98,1.31,1.1454166666666667
0,10,2,5,9.8,4,1.62,1.29,1.1583333333333334
1,10,2,5,36.4,3,1.88,1.64,1.1829166666666666
2,10,2,5,32.5,5,0.63,0.58,1.1408333333333334
2,10,2,5,32.0,1,0.31,0.2,1.1295833333333334
2,10,2,5,-6.7,4,0.21,1.25,1.1300000000000001
4,10,2,5,37.3,4,1.8,0.32,1.1529166666666666
4,10,2,5,30.9,1,1.68,1.73,1.2095833333333335
4,10,2,5,18.4,2,1.09,0.52,1.1829166666666666
7,10,2,5,31.2,4,0.73,1.09,1.1916666666666667
8,10,2,5,-4.1,3,1.62,1.38,1.2137499999999999
10,10,2,5,14.8,2,0.61,1.68,1.1816666666666666
10,10,2,5,7.8,3,0.62,1.9,1.1375
11,10,2,5,12.9,2,0.44,1.48,1.0766666666666667
12,10,2,5,26.2,4,0.74,0.61,1.0458333333333334
13,10,2,5,-7.9,4,0.85,1.29,1.0558333333333334
13,10,2,5,2.0,5,1.22,1.08,1.0529166666666667
13,10,2,5,15.1,1,1.53,1.1,1.0716666666666665
15,10,2,5,14.8,5,0.92,1.57,1.0641666666666667
16,10,2,5,-6.4,5,0.76,1.02,1.0304166666666665
16,10,2,5,3.7,4,1.85,0.44,1.065
17,10,2,5,4.0,1,1.1,1.3,1.0925
17,10,2,5,-1.6,5,0.47,0.73,1.0579166666666666
18,10,2,5,14.9,1,0.65,1.98,1.0545833333333332
18,10,2,5,16.6,2,0.67,1.62,1.0
18,10,2,5,9.3,3,1.21,1.88,0.9829166666666667
18,10,2,5,10.5,1,0.45,0.63,0.9233333333333333
18,10,2,5,0.8,1,0.83,0.31,0.9316666666666666
19,10,2,5,7.6,5,1.48,0.21,0.9804166666666666
20,10,2,5,3.2,3,1.65,1.8,1.0404166666666668
22,10,2,5,21.6,5,1.78,1.68,1.0395833333333333
23,10,2,5,28.3,4,0.82,1.09,1.00375
23,10,2,5,37.2,2,0.74,0.73,0.9891666666666667
0,11,3,5,1.7,4,0.38,1.62,0.9745833333333334
1,11,3,5,31.8,5,0.63,0.61,0.9333333333333332
5,11,3,5,26.5,4,1.84,0.62,0.9845833333333333
5,11,3,5,24.8,4,0.45,0.44,0.9774999999999999
6,11,3,5,3.2,3,1.26,0.74,1.0116666666666667
7,11,3,5,-1.1,1,1.38,0.85,1.0383333333333333
9,11,3,5,31.2,4,1.18,1.22,1.0520833333333333
12,11,3,5,32.0,5,0.97,1.53,1.0416666666666667
14,11,3,5,4.2,1,0.77,0.92,1.01
14,11,3,5,21.2,2,1.63,0.76,1.0395833333333333
15,11,3,5,12.7,5,0.41,1.85,1.0250000000000001
16,11,3,5,3.5,3,0.74,1.1,0.9787499999999999
17,11,3,5,33.6,1,0.88,0.47,0.9695833333333334
18,11,3,5,24.6,4,1.77,0.65,1.02375
18,11,3,5,24.5,5,1.61,0.67,1.06375
19,11,3,5,6.7,4,1.02,1.21,1.0783333333333334
19,11,3,5,32.6,5,1.06,0.45,1.0720833333333333
19,11,3,5,37.0,2,1.52,0.83,1.1166666666666667
21,11,3,5,12.3,2,1.02,1.48,1.1245833333333335
22,11,3,5,27.5,2,0.57,1.65,1.0866666666666667
23,11,3,5,29.1,5,0.67,1.78,1.0458333333333332
0,12,4,5,-7.1,3,0.21,0.82,0.9804166666666667
1,12,4,5,37.5,1,1.49,0.74,1.0083333333333333
3,12,4,5,30.0,1,1.16,0.38,1.0258333333333332
4,12,4,5,37.1,1,1.39,0.63,1.0679166666666666
6,12,4,5,28.4,3,0.72,1.84,1.0716666666666665
10,12,4,5,-9.1,1,1.49,0.45,1.0570833333333334
10,12,4,5,6.0,5,1.81,1.26,1.11375
11,12,4,5,0.9,3,0.24,1.38,1.07125
12,12,4,5,20.1,4,0.74,1.18,1.0445833333333334
13,12,4,5,-7.7,4,1.12,0.97,1.0420833333333335
14,12,4,5,23.7,1,1.27,0.77,1.0545833333333332
16,12,4,5,26.8,4,0.66,1.63,1.05
16,12,4,5,8.5,3,1.2,0.41,1.0320833333333332
16,12,4,5,-7.7,4,0.82,0.74,1.0491666666666666
17,12,4,5,14.0,1,0.52,0.88,1.04
20,12,4,5,-1.3,4,1.74,1.77,1.0758333333333334
0,13,5,5,29.4,4,0.24,1.61,1.0120833333333332
0,13,5,5,31.3,4,0.45,1.02,0.96375
1,13,5,5,6.5,3,0.67,1.06,0.9491666666666667
3,13,5,5,-3.8,4,0.37,1.52,0.9204166666666668
7,13,5,5,-9.7,2,1.38,1.02,0.9145833333333333
7,13,5,5,14.3,2,0.98,0.57,0.9129166666666667
7,13,5,5,21.0,1,1.51,0.67,0.9520833333333333
8,13,5,5,25.7,1,1.0,0.21,0.9658333333333333
10,13,5,5,-4.3,3,1.83,1.49,1.0333333333333334
12,13,5,5,33.8,5,1.81,1.16,1.0466666666666666
14,13,5,5,30.5,4,0.45,1.39,1.0170833333333333
15,13,5,5,15.1,2,0.22,0.72,0.9683333333333334
15,13,5,5,0.3,4,1.6,1.49,1.0050000000000001
15,13,5,5,39.2,5,1.7,1.81,1.01375
15,13,5,5,16.5,2,1.57,0.24,1.00375
16,13,5,5,-3.4,3,1.62,0.74,1.06125
17,13,5,5,15.3,4,1.61,1.12,1.0975
17,13,5,5,10.6,3,1.61,1.27,1.1179166666666667
18,13,5,5,12.1,5,0.45,0.66,1.08375
19,13,5,5,39.0,2,0.97,1.2,1.0966666666666667
19,13,5,5,7.8,3,0.49,0.82,1.0670833333333334
20,13,5,5,22.5,3,1.87,0.52,1.1108333333333333
23,13,5,5,20.5,4,0.89,1.74,1.12625
0,14,6,5,28.3,1,1.07,0.24,1.0983333333333334
1,14,6,5,-3.5,1,0.83,0.45,1.1229166666666666
1,14,6,5,34.2,4,1.13,0.67,1.15125
1,14,6,5,-0.6,5,1.97,0.37,1.2054166666666666
2,14,6,5,0.1,1,1.79,1.38,1.2645833333333332
3,14,6,5,-6.0,3,0.51,0.98,1.2283333333333333
6,14,6,5,5.9,5,1.94,1.51,1.2683333333333333
6,14,6,5,18.0,1,0.85,1.0,1.2408333333333335
7,14,6,5,-8.6,3,0.57,1.83,1.2229166666666667
7,14,6,5,33.0,2,0.81,1.81,1.1804166666666667
8,14,6,5,34.1,5,1.95,0.45,1.18625
8,14,6,5,-3.1,3,0.68,0.22,1.1958333333333335
9,14,6,5,5.8,5,0.66,1.6,1.2141666666666666
9,14,6,5,1.2,5,0.47,1.7,1.1670833333333335
11,14,6,5,16.1,3,1.72,1.57,1.1679166666666667
12,14,6,5,22.0,1,1.28,1.62,1.1558333333333335
15,14,6,5,16.2,1,0.67,1.61,1.11625
16,14,6,5,18.6,5,0.81,1.61,1.0829166666666667
18,14,6,5,33.4,1,0.29,0.45,1.0279166666666668
19,14,6,5,3.8,2,1.03,0.97,1.0520833333333333
19,14,6,5,32.2,4,1.47,0.49,1.0729166666666667
21,14,6,5,11.5,5,0.57,1.87,1.0762500000000002
22,14,6,5,-0.2,2,1.29,0.89,1.0520833333333333
22,14,6,5,14.8,3,0.81,1.07,1.04875
22,14,6,5,38.7,5,1.43,0.83,1.06375
0,15,0,5,2.0,1,1.71,1.13,1.1004166666666666
1,15,0,5,37.6,1,0.87,1.97,1.0895833333333333
3,15,0,5,21.2,4,0.73,1.79,1.0379166666666666
5,15,0,5,-8.9,3,1.66,0.51,1.0325
9,15,0,5,6.9,3,0.77,1.94,1.0433333333333332
9,15,0,5,3.9,2,1.69,0.85,1.0329166666666667
9,15,0,5,18.8,3,1.62,0.57,1.065
10,15,0,5,2.2,2,0.9,0.81,1.07875
10,15,0,5,25.6,1,0.4,1.95,1.0616666666666668
10,15,0,5,21.5,5,0.59,0.68,1.0050000000000001
12,15,0,5,-3.9,1,0.64,0.66,1.0033333333333332
12,15,0,5,-0.8,2,1.34,0.47,1.0316666666666667
12,15,0,5,33.3,5,1.95,1.72,1.0933333333333333
12,15,0,5,17.7,1,0.27,1.28,1.0329166666666667
14,15,0,5,4.7,4,1.74,0.67,1.0520833333333333
15,15,0,5,6.0,1,1.11,0.81,1.0704166666666668
15,15,0,5,1.6,4,1.02,0.29,1.0791666666666666
15,15,0,5,3.1,4,1.68,1.03,1.1370833333333332
15,15,0,5,20.5,3,1.14,1.47,1.1416666666666666
17,15,0,5,22.1,1,0.39,0.57,1.0966666666666667
18,15,0,5,28.5,3,1.72,1.29,1.1445833333333333
18,15,0,5,10.7,5,0.99,0.81,1.1320833333333333
18,15,0,5,31.7,1,1.66,1.43,1.1675
18,15,0,5,3.9,1,0.5,1.71,1.12875
19,15,0,5,10.1,1,1.42,0.87,1.1166666666666667
21,15,0,5,2.4,3,1.63,0.73,1.1483333333333332
0,16,1,5,-2.1,5,0.92,1.66,1.15625
1,16,1,5,14.7,5,1.92,0.77,1.1670833333333333
1,16,1,5,21.0,1,1.33,1.69,1.1904166666666667
4,16,1,5,38.9,3,1.42,1.62,1.1791666666666665
5,16,1,5,25.9,2,1.6,0.9,1.1783333333333335
6,16,1,5,12.1,4,0.37,0.4,1.15625
7,16,1,5,30.3,1,1.8,0.59,1.2145833333333333
7,16,1,5,26.1,2,1.57,0.64,1.2554166666666666
9,16,1,5,39.2,4,0.34,1.34,1.2429166666666667
10,16,1,5,2.7,1,1.98,1.95,1.2695833333333333
11,16,1,5,11.7,1,0.63,0.27,1.2145833333333333
11,16,1,5,29.5,1,0.33,1.74,1.2170833333333333
12,16,1,5,15.7,3,1.6,1.11,1.21125
17,16,1,5,24.1,5,0.7,1.02,1.1941666666666666
17,16,1,5,34.3,4,1.78,1.68,1.2258333333333333
22,16,1,5,37.6,2,1.87,1.14,1.23375
23,16,1,5,19.6,4,1.83,0.39,1.2625
1,17,2,5,35.8,5,0.33,1.72,1.26
1,17,2,5,33.2,1,1.11,0.99,1.2345833333333334
2,17,2,5,32.0,5,0.64,1.66,1.22
2,17,2,5,30.2,2,0.75,0.5,1.1820833333333332
3,17,2,5,23.6,1,1.27,1.42,1.2141666666666666
3,17,2,5,-4.5,1,1.4,1.63,1.2133333333333334
3,17,2,5,22.6,1,1.23,0.92,1.1966666666666668
6,17,2,5,4.0,1,1.53,1.92,1.2220833333333332
6,17,2,5,15.9,5,0.94,1.33,1.1812500000000001
7,17,2,5,-3.6,3,0.32,1.42,1.1391666666666667
8,17,2,5,23.8,2,0.56,1.6,1.1033333333333333
9,17,2,5,24.8,1,1.2,0.37,1.0866666666666667
10,17,2,5,23.5,3,1.82,1.8,1.1470833333333335
11,17,2,5,38.0,5,0.99,1.57,1.1133333333333335
11,17,2,5,18.8,5,1.14,0.34,1.0954166666666667
12,17,2,5,19.0,4,1.79,1.98,1.1558333333333335
12,17,2,5,32.1,1,0.58,0.63,1.0975
12,17,2,5,38.4,2,0.35,0.33,1.0858333333333332
12,17,2,5,-9.0,1,0.52,1.6,1.09375
12,17,2,5,18.8,4,1.63,0.7,1.095
13,17,2,5,9.1,4,0.8,1.78,1.0991666666666666
13,17,2,5,13.4,5,1.86,1.87,1.1024999999999998
17,17,2,5,34.6,2,0.96,1.83,1.0645833333333334
18,17,2,5,35.6,3,1.68,0.33,1.0583333333333333
20,17,2,5,-0.5,3,1.34,1.11,1.1004166666666666
22,17,2,5,39.8,3,0.27,0.64,1.0654166666666665
1,18,3,5,11.9,4,1.36,0.75,1.0954166666666667
1,18,3,5,31.0,2,1.96,1.27,1.1458333333333333
1,18,3,5,35.5,5,1.16,1.4,1.1412499999999999
4,18,3,5,19.0,4,1.61,1.23,1.1500000000000001
4,18,3,5,18.1,3,1.47,1.53,1.16
6,18,3,5,6.1,3,1.11,0.94,1.1425
6,18,3,5,1.7,4,1.94,0.32,1.1841666666666668
7,18,3,5,18.4,5,0.98,0.56,1.2116666666666667
10,18,3,5,-6.6,2,1.74,1.2,1.2608333333333335
11,18,3,5,27.5,3,1.4,1.82,1.2691666666666666
12,18,3,5,25.3,2,1.76,0.99,1.2666666666666668
16,18,3,5,12.8,5,0.89,1.14,1.2625
16,18,3,5,25.5,2,0.23,1.79,1.2245833333333334
18,18,3,5,-9.1,2,1.15,0.58,1.1979166666666667
18,18,3,5,19.1,5,1.04,0.35,1.2170833333333333
18,18,3,5,-4.3,2,0.93,0.52,1.24125
19,18,3,5,13.6,3,0.4,1.63,1.23625
19,18,3,5,23.6,4,0.8,0.8,1.2016666666666669
20,18,3,5,0.0,1,1.68,1.86,1.2383333333333335
21,18,3,5,8.1,1,1.95,0.96,1.2420833333333334
22,18,3,5,32.9,2,1.96,1.68,1.2837500000000002
23,18,3,5,7.8,2,1.9,1.34,1.2929166666666667
23,18,3,5,10.8,5,0.43,0.27,1.2550000000000001
23,18,3,5,10.5,4,1.01,1.36,1.2858333333333334
2,19,4,5,1.3,5,0.78,1.96,1.2616666666666665
2,19,4,5,37.5,4,0.83,1.16,1.2145833333333333
3,19,4,5,6.0,5,1.75,1.61,1.2391666666666667
3,19,4,5,34.9,2,0.57,1.47,1.1958333333333335
3,19,4,5,-6.5,2,0.7,1.11,1.16375
4,19,4,5,-6.0,5,0.36,1.94,1.1325
4,19,4,5,6.2,5,0.55,0.98,1.0745833333333332
6,19,4,5,26.7,1,1.33,1.74,1.0891666666666666
7,19,4,5,38.9,5,1.45,1.4,1.0770833333333334
10,19,4,5,9.6,1,1.5,1.76,1.08125
11,19,4,5,13.2,4,0.54,0.89,1.0304166666666668
11,19,4,5,38.0,2,1.01,0.23,1.0354166666666667
12,19,4,5,-7.8,3,1.66,1.15,1.095
12,19,4,5,27.1,5,0.85,1.04,1.0825
13,19,4,5,-2.1,2,1.36,0.93,1.0958333333333334
13,19,4,5,11.7,1,0.42,0.4,1.0745833333333334
14,19,4,5,-6.2,5,0.87,0.8,1.0941666666666665
15,19,4,5,33.7,1,1.81,1.68,1.13625
15,19,4,5,6.6,3,1.41,1.95,1.125
16,19,4,5,31.8,2,1.88,1.96,1.1220833333333333
17,19,4,5,10.5,4,1.81,1.9,1.1158333333333332
18,19,4,5,37.6,4,0.25,0.43,1.0470833333333334
19,19,4,5,0.9,2,1.52,1.01,1.0925
21,19,4,5,32.5,5,1.29,0.78,1.1041666666666667
23,19,4,5,-0.3,1,1.46,0.83,1.1325
23,19,4,5,15.6,4,1.29,1.75,1.1516666666666666
0,20,5,5,37.8,4,1.52,0.57,1.1420833333333333
0,20,5,5,-4.0,2,1.2,0.7,1.1683333333333332
0,20,5,5,32.3,2,1.19,0.36,1.18875
0,20,5,5,4.3,2,1.47,0.55,1.235
1,20,5,5,0.0,3,1.97,1.33,1.2941666666666667
2,20,5,5,36.7,1,1.44,1.45,1.29875
2,20,5,5,11.9,5,0.52,1.5,1.26
2,20,5,5,-7.1,3,0.23,0.54,1.2070833333333335
3,20,5,5,-1.2,5,1.02,1.01,1.2270833333333333
4,20,5,5,17.5,5,1.52,1.66,1.2483333333333333
4,20,5,5,8.8,1,1.45,0.85,1.2395833333333333
5,20,5,5,16.5,1,1.95,1.36,1.2854166666666667
5,20,5,5,13.9,1,0.52,0.42,1.2504166666666665
7,20,5,5,33.4,2,1.21,0.87,1.2833333333333332
7,20,5,5,2.9,2,1.72,1.81,1.31875
7,20,5,5,15.1,1,1.46,1.41,1.3041666666666665
8,20,5,5,25.0,5,1.02,1.88,1.2879166666666666
11,20,5,5,-4.5,3,0.97,1.81,1.25
14,20,5,5,22.2,2,1.86,0.25,1.2520833333333334
15,20,5,5,3.8,2,1.36,1.52,1.2983333333333333
16,20,5,5,4.5,5,1.47,1.29,1.29625
16,20,5,5,35.7,1,0.94,1.46,1.2816666666666665
17,20,5,5,38.9,2,0.59,1.29,1.2454166666666666
18,20,5,5,-3.3,3,1.63,1.52,1.2595833333333333
18,20,5,5,13.2,3,1.64,1.2,1.2645833333333332
18,20,5,5,23.7,2,0.32,1.19,1.2279166666666665
18,20,5,5,39.4,4,0.25,1.47,1.18875
21,20,5,5,12.7,4,1.79,1.97,1.2020833333333332
22,20,5,5,11.2,1,1.65,1.44,1.18875
22,20,5,5,-9.4,4,0.87,0.52,1.1649999999999998
23,20,5,5,21.8,4,0.89,0.23,1.1804166666666667
0,21,6,5,24.1,4,1.38,1.02,1.2283333333333333
0,21,6,5,2.6,1,0.33,1.52,1.1995833333333332
0,21,6,5,1.2,1,0.53,1.45,1.1583333333333334
1,21,6,5,-4.9,3,0.61,1.95,1.1233333333333333
1,21,6,5,-8.6,1,1.7,0.52,1.1129166666666668
1,21,6,5,31.0,4,0.79,1.21,1.1241666666666665
2,21,6,5,17.2,3,1.81,1.72,1.1491666666666667
2,21,6,5,37.9,5,1.82,1.46,1.1533333333333333
3,21,6,5,38.0,1,0.4,1.02,1.1091666666666666
3,21,6,5,-9.7,4,0.7,0.97,1.0958333333333334
4,21,6,5,10.4,4,1.18,1.86,1.1045833333333333
5,21,6,5,9.9,5,1.67,1.36,1.0966666666666667
6,21,6,5,23.4,4,0.98,1.47,1.0808333333333333
7,21,6,5,2.2,1,1.98,0.94,1.1020833333333335
8,21,6,5,18.4,4,0.56,0.59,1.08625
9,21,6,5,-2.1,2,1.6,1.63,1.1283333333333334
9,21,6,5,8.7,3,0.21,1.64,1.0691666666666666
12,21,6,5,20.7,1,0.38,0.32,1.0166666666666668
12,21,6,5,29.2,3,0.32,0.25,1.0166666666666668
13,21,6,5,6.6,2,1.68,1.79,1.0762500000000002
13,21,6,5,11.3,4,1.1,1.65,1.0475
14,21,6,5,26.6,2,0.27,0.87,0.9899999999999999
14,21,6,5,3.7,2,1.07,0.89,0.9983333333333334
14,21,6,5,-4.7,4,1.24,1.38,1.0129166666666667
14,21,6,5,9.9,3,1.12,0.33,1.0020833333333332
14,21,6,5,39.0,4,0.7,0.53,1.0175
16,21,6,5,2.5,1,1.58,0.61,1.06125
16,21,6,5,3.9,4,0.26,1.7,1.0466666666666666
17,21,6,5,38.0,1,1.44,0.79,1.0358333333333334
19,21,6,5,32.5,3,1.97,1.81,1.0850000000000002
20,21,6,5,-3.1,4,0.72,1.82,1.0395833333333333
22,21,6,5,36.5,3,1.74,0.4,1.03625
22,21,6,5,-6.5,1,0.63,0.7,1.0458333333333334
23,21,6,5,-9.3,1,1.63,1.18,1.0845833333333335
1,22,0,5,-2.6,2,0.62,1.67,1.06125
2,22,0,5,-6.5,5,1.09,0.98,1.0370833333333334
2,22,0,5,31.3,3,1.83,1.98,1.0725
2,22,0,5,5.5,1,0.61,0.56,1.0154166666666666
4,22,0,5,35.5,2,0.55,1.6,1.015
6,22,0,5,-4.1,4,0.55,0.21,0.97125
6,22,0,5,-3.5,3,1.51,0.38,1.0254166666666669
7,22,0,5,15.7,2,1.74,0.32,1.0820833333333333
7,22,0,5,27.3,5,1.05,1.68,1.1125
9,22,0,5,18.8,1,1.82,1.1,1.1183333333333334
9,22,0,5,17.3,1,0.57,0.27,1.0962500000000002
9,22,0,5,9.3,1,1.2,1.07,1.135
11,22,0,5,28.0,3,0.23,1.24,1.1
12,22,0,5,40.0,1,1.74,1.12,1.1208333333333333
13,22,0,5,20.3,4,0.44,0.7,1.0925
14,22,0,5,25.4,5,1.68,1.58,1.1333333333333333
15,22,0,5,4.4,3,1.31,0.26,1.1220833333333333
16,22,0,5,-3.1,4,0.35,1.44,1.1258333333333332
16,22,0,5,20.2,2,0.64,1.97,1.0925
16,22,0,5,31.5,2,1.8,0.72,1.0854166666666665
17,22,0,5,36.7,5,1.17,1.74,1.1041666666666667
17,22,0,5,33.2,4,0.5,0.63,1.0525
17,22,0,5,-0.2,2,1.31,1.63,1.0808333333333333
19,22,0,5,22.1,1,1.23,0.62,1.0641666666666667
19,22,0,5,32.6,5,1.16,1.09,1.0866666666666667
20,22,0,5,-0.6,4,1.07,1.83,1.0858333333333332
21,22,0,5,-5.0,1,0.75,0.61,1.0408333333333333
21,22,0,5,20.0,2,1.25,0.55,1.0675000000000001
21,22,0,5,5.2,5,0.69,0.55,1.0733333333333335
22,22,0,5,39.5,3,1.07,1.51,1.095
23,22,0,5,-9.0,2,1.49,1.74,1.0941666666666665
2,23,1,5,27.9,4,1.06,1.05,1.0658333333333332
3,23,1,5,35.3,3,1.15,1.82,1.07
3,23,1,5,-1.2,4,0.35,0.57,1.0087499999999998
3,23,1,5,36.7,1,1.46,1.2,1.0458333333333332
4,23,1,5,-7.7,5,1.37,0.23,1.0529166666666667
5,23,1,5,18.6,5,0.29,1.74,1.0554166666666667
6,23,1,5,18.2,4,1.31,0.44,1.0375
6,23,1,5,39.1,1,0.6,1.68,1.0441666666666667
6,23,1,5,25.6,4,1.45,1.31,1.0345833333333332
6,23,1,5,27.8,3,1.58,0.35,1.0458333333333334
7,23,1,5,25.1,3,0.61,0.64,1.0566666666666666
8,23,1,5,38.6,5,0.45,1.8,1.0487499999999998
8,23,1,5,6.1,3,0.41,1.17,0.9908333333333332
9,23,1,5,15.0,3,0.79,0.5,0.975
9,23,1,5,24.4,2,0.87,1.31,0.9904166666666666
12,23,1,5,8.5,5,1.42,1.23,0.9950000000000001
12,23,1,5,14.0,5,1.36,1.16,1.0004166666666667
14,23,1,5,31.5,5,1.4,1.07,1.0104166666666667
14,23,1,5,4.3,3,1.22,0.75,1.0166666666666666
16,23,1,5,-0.7,4,0.87,1.25,1.0216666666666667
19,23,1,5,19.7,4,0.74,0.69,1.0004166666666667
20,23,1,5,34.8,4,1.07,1.07,1.01625
21,23,1,5,14.8,4,1.45,1.49,1.0320833333333332
22,23,1,5,32.0,1,1.91,1.06,1.0495833333333333
22,23,1,5,5.8,1,1.75,1.15,1.0783333333333334
22,23,1,5,10.6,4,1.89,0.35,1.1091666666666666
23,23,1,5,38.4,1,1.36,1.46,1.15125
0,24,2,5,-6.4,3,0.46,1.37,1.1095833333333334
0,24,2,5,18.8,1,1.45,0.29,1.1129166666666668
6,24,2,5,21.5,5,0.27,1.31,1.1120833333333333
6,24,2,5,0.2,5,1.99,0.6,1.1404166666666666
7,24,2,5,-0.8,3,0.75,1.45,1.1466666666666667
8,24,2,5,29.0,1,0.43,1.58,1.1041666666666667
8,24,2,5,4.4,3,1.08,0.61,1.0833333333333333
9,24,2,5,-4.9,5,0.94,0.45,1.0970833333333332
10,24,2,5,18.1,5,1.58,0.41,1.1441666666666668
11,24,2,5,9.5,3,0.56,0.79,1.1504166666666666
11,24,2,5,28.6,2,0.49,0.87,1.1379166666666667
13,24,2,5,26.8,4,1.93,1.42,1.1820833333333334
13,24,2,5,23.0,2,1.71,1.36,1.1941666666666666
13,24,2,5,31.0,5,1.06,1.4,1.1816666666666666
15,24,2,5,5.8,2,1.5,1.22,1.1858333333333333
15,24,2,5,13.3,3,0.22,0.87,1.1441666666666668
15,24,2,5,-4.9,4,1.78,0.74,1.1820833333333334
15,24,2,5,39.9,2,1.32,1.07,1.20625
17,24,2,5,2.5,3,1.2,1.45,1.2116666666666667
17,24,2,5,-0.5,2,1.29,1.91,1.2049999999999998
18,24,2,5,20.9,1,1.98,1.75,1.2079166666666665
20,24,2,5,39.0,2,0.31,1.89,1.1479166666666667
20,24,2,5,25.7,4,1.86,1.36,1.1466666666666667
21,24,2,5,15.2,3,1.4,0.46,1.1483333333333332
23,24,2,5,35.6,5,1.29,1.45,1.1829166666666666
23,24,2,5,17.1,2,0.23,0.27,1.1320833333333333
0,25,3,5,19.3,4,0.56,1.99,1.1441666666666668
1,25,3,5,1.4,2,1.35,0.75,1.1175
1,25,3,5,39.7,5,1.23,0.43,1.1375
1,25,3,5,7.4,2,0.52,1.08,1.14125
2,25,3,5,3.8,2,0.25,0.94,1.1066666666666667
3,25,3,5,-0.1,4,0.59,1.58,1.0920833333333333
5,25,3,5,25.4,3,0.65,0.56,1.0533333333333335
6,25,3,5,-1.4,5,0.77,0.49,1.0620833333333335
6,25,3,5,10.5,5,1.28,1.93,1.095
7,25,3,5,15.1,2,1.95,1.71,1.0958333333333334
10,25,3,5,20.8,3,1.53,1.06,1.0883333333333332
10,25,3,5,18.7,1,1.01,1.5,1.08625
10,25,3,5,20.3,5,0.97,0.22,1.0641666666666667
10,25,3,5,32.3,4,0.89,1.78,1.0920833333333333
10,25,3,5,-4.3,3,1.82,1.32,1.09375
13,25,3,5,38.5,4,0.69,1.2,1.0675000000000001
13,25,3,5,8.7,3,0.73,1.29,1.0479166666666666
15,25,3,5,6.7,4,0.81,1.98,1.0279166666666668
15,25,3,5,20.9,3,0.7,0.31,0.9745833333333334
16,25,3,5,-4.6,3,0.41,1.86,0.9787499999999999
16,25,3,5,3.1,5,0.29,1.4,0.9133333333333332
16,25,3,5,29.6,5,1.71,1.29,0.92625
17,25,3,5,14.1,3,0.89,0.23,0.9095833333333334
17,25,3,5,29.3,1,1.84,0.56,0.9766666666666667
17,25,3,5,13.8,2,1.9,1.35,1.0325
17,25,3,5,-10.0,4,1.8,1.23,1.05125
17,25,3,5,2.5,5,1.63,0.52,1.0679166666666666
18,25,3,5,-7.6,4,1.45,0.25,1.1066666666666667
19,25,3,5,22.3,4,1.88,0.59,1.1745833333333333
22,25,3,5,-1.9,2,1.47,0.65,1.21125
22,25,3,5,-4.1,3,1.06,0.77,1.2283333333333333
22,25,3,5,33.6,5,0.35,1.28,1.2108333333333332
1,26,4,5,7.8,1,1.26,1.95,1.2100000000000002
2,26,4,5,27.3,4,1.9,1.53,1.2079166666666665
2,26,4,5,-0.9,4,1.35,1.01,1.2004166666666667
4,26,4,5,21.4,3,0.66,0.97,1.1858333333333333
4,26,4,5,-8.2,5,0.41,0.89,1.1625
5,26,4,5,-5.1,5,1.51,1.82,1.1883333333333332
5,26,4,5,22.2,3,1.29,0.69,1.16625
7,26,4,5,-8.7,2,1.6,0.73,1.2041666666666666
7,26,4,5,-6.9,2,0.94,0.81,1.2129166666666669
9,26,4,5,13.4,1,0.45,0.7,1.1979166666666667
11,26,4,5,17.9,4,1.72,0.41,1.2404166666666667
11,26,4,5,16.5,2,1.59,0.29,1.2895833333333333
11,26,4,5,24.4,4,1.49,1.71,1.3395833333333333
12,26,4,5,26.0,3,1.88,0.89,1.3466666666666667
13,26,4,5,24.1,3,0.56,1.84,1.3329166666666665
13,26,4,5,9.1,1,1.58,1.9,1.3220833333333333
13,26,4,5,16.8,3,1.75,1.8,1.3158333333333334
14,26,4,5,-7.6,4,1.06,1.63,1.285
15,26,4,5,-3.2,3,1.34,1.45,1.2729166666666667
16,26,4,5,-3.7,5,0.44,1.88,1.2308333333333334
16,26,4,5,39.7,2,1.69,1.47,1.2229166666666667
17,26,4,5,-2.4,2,0.66,1.06,1.1891666666666667
17,26,4,5,37.7,4,1.45,0.35,1.2054166666666668
19,26,4,5,26.2,5,0.61,1.26,1.21625
19,26,4,5,-9.6,3,1.9,1.9,1.2429166666666667
19,26,4,5,-7.9,5,1.25,1.35,1.2158333333333333
21,26,4,5,-7.2,4,1.98,0.66,1.2420833333333332
21,26,4,5,19.9,1,1.66,0.41,1.28375
21,26,4,5,-6.4,1,0.84,1.51,1.3016666666666665
22,26,4,5,5.9,3,1.72,1.29,1.3104166666666666
23,26,4,5,-2.0,3,1.81,1.6,1.3320833333333335
0,27,5,5,-1.6,3,1.57,0.94,1.3308333333333333
1,27,5,5,38.4,1,1.35,0.45,1.3479166666666667
2,27,5,5,15.6,5,0.25,1.72,1.3395833333333333
3,27,5,5,6.3,2,0.54,1.59,1.2904166666666665
3,27,5,5,19.0,5,1.92,1.49,1.3041666666666667
4,27,5,5,14.3,2,1.51,1.88,1.305
4,27,5,5,-4.8,3,0.95,0.56,1.26625
5,27,5,5,34.2,5,0.9,1.58,1.2804166666666668
6,27,5,5,27.9,5,1.83,1.75,1.2908333333333333
7,27,5,5,31.0,5,0.74,1.06,1.24875
8,27,5,5,4.8,5,0.74,1.34,1.2354166666666666
8,27,5,5,11.1,4,0.93,0.44,1.2183333333333335
9,27,5,5,27.3,3,0.89,1.69,1.2370833333333333
9,27,5,5,15.3,4,1.25,0.66,1.21875
10,27,5,5,18.3,5,0.34,1.45,1.2054166666666666
10,27,5,5,22.6,2,1.39,0.61,1.2029166666666666
11,27,5,5,5.7,3,0.37,1.9,1.1929166666666666
11,27,5,5,-0.7,5,1.22,1.25,1.1645833333333333
11,27,5,5,12.9,1,1.12,1.98,1.1591666666666667
12,27,5,5,33.0,4,1.41,1.66,1.1354166666666667
12,27,5,5,2.5,3,1.23,0.84,1.1175
13,27,5,5,13.5,3,0.38,1.72,1.0983333333333334
15,27,5,5,5.7,5,0.42,1.81,1.0441666666666667
15,27,5,5,20.4,1,0.93,1.57,1.0075
15,27,5,5,32.8,1,0.47,1.35,0.9616666666666666
18,27,5,5,35.6,1,1.14,0.25,0.9529166666666667
18,27,5,5,16.4,3,1.85,0.54,1.0195833333333335
20,27,5,5,5.1,3,0.4,1.92,1.0137500000000002
21,27,5,5,10.9,5,1.08,1.51,0.9787500000000001
21,27,5,5,11.2,5,0.57,0.95,0.9395833333333333
22,27,5,5,-6.2,2,0.2,0.9,0.9083333333333333
23,27,5,5,15.0,5,1.74,1.83,0.9433333333333334
0,28,6,5,-0.6,2,0.29,0.74,0.8791666666666665
0,28,6,5,2.8,5,0.78,0.74,0.8808333333333334
1,28,6,5,-3.9,1,1.75,0.93,0.9229166666666666
2,28,6,5,30.3,5,0.8,0.89,0.9175
2,28,6,5,28.4,2,0.67,1.25,0.9083333333333333
5,28,6,5,13.7,2,1.6,0.34,0.9229166666666667
5,28,6,5,34.5,4,1.85,1.39,0.9858333333333335
7,28,6,5,-6.9,2,1.08,0.37,0.9729166666666668
9,28,6,5,7.5,5,1.32,1.22,1.0125
10,28,6,5,21.1,1,1.69,1.12,1.0320833333333335
10,28,6,5,18.1,3,1.59,1.41,1.0516666666666667
11,28,6,5,-2.7,2,1.26,1.23,1.0454166666666667
12,28,6,5,23.8,4,0.74,0.38,1.0250000000000001
12,28,6,5,4.2,5,1.33,0.42,1.0645833333333334
13,28,6,5,20.9,3,1.86,0.93,1.1245833333333333
13,28,6,5,27.8,4,0.83,0.47,1.1204166666666666
13,28,6,5,13.0,5,1.44,1.14,1.1608333333333334
14,28,6,5,-0.9,5,0.64,1.85,1.14
15,28,6,5,21.2,2,1.25,0.4,1.115
16,28,6,5,5.4,2,1.83,1.08,1.1745833333333333
19,28,6,5,6.7,5,1.45,0.57,1.19
20,28,6,5,19.2,3,0.29,0.2,1.1783333333333335
21,28,6,5,6.2,2,1.4,1.74,1.2283333333333333
21,28,6,5,12.5,2,0.7,0.29,1.185
21,28,6,5,19.8,4,0.43,0.78,1.1908333333333334
22,28,6,5,11.9,3,1.86,1.75,1.2358333333333333
23,28,6,5,24.0,4,1.57,0.8,1.2283333333333333
23,28,6,5,23.1,3,0.21,0.67,1.20375
0,29,0,5,2.6,5,1.81,1.6,1.25125
0,29,0,5,7.2,4,0.81,1.85,1.2183333333333335
2,29,0,5,22.1,4,1.03,1.08,1.1841666666666666
2,29,0,5,4.8,5,1.45,1.32,1.1995833333333332
4,29,0,5,1.1,3,1.13,1.69,1.1916666666666667
4,29,0,5,14.6,5,0.49,1.59,1.1416666666666666
5,29,0,5,33.7,2,1.69,1.26,1.1458333333333333
6,29,0,5,17.4,2,1.19,0.74,1.1429166666666666
7,29,0,5,-9.9,3,0.76,1.33,1.14375
9,29,0,5,1.3,1,1.14,1.86,1.1358333333333335
11,29,0,5,13.9,1,1.22,0.83,1.1091666666666666
13,29,0,5,27.7,4,1.1,1.44,1.1204166666666666
15,29,0,5,5.9,4,0.77,0.64,1.0925
16,29,0,5,9.9,2,1.97,1.25,1.1479166666666667
17,29,0,5,1.3,1,0.85,1.83,1.13125
17,29,0,5,14.8,3,0.97,1.45,1.0954166666666667
17,29,0,5,22.4,1,1.03,0.29,1.0779166666666666
18,29,0,5,11.3,3,0.68,1.4,1.0941666666666667
18,29,0,5,12.4,5,0.91,0.7,1.07375
20,29,0,5,-9.6,1,0.5,0.43,1.0654166666666667
21,29,0,5,31.1,3,0.48,1.86,1.0675000000000001
22,29,0,5,28.9,1,0.81,1.57,1.02375
1,30,1,5,4.6,1,0.76,0.21,0.9900000000000001
2,30,1,5,31.2,4,1.83,1.81,1.0574999999999999
2,30,1,5,-0.3,1,1.49,0.81,1.0441666666666667
3,30,1,5,27.1,4,0.66,1.03,1.0379166666666666
4,30,1,5,38.2,1,1.52,1.45,1.0583333333333333
4,30,1,5,-7.7,2,1.09,1.13,1.0433333333333334
4,30,1,5,31.2,1,1.15,0.49,1.0441666666666667
5,30,1,5,15.8,4,1.86,1.69,1.10125
5,30,1,5,22.2,3,0.85,1.19,1.06625
6,30,1,5,8.2,4,1.21,0.76,1.0670833333333334
7,30,1,5,1.5,3,0.81,1.14,1.0691666666666666
7,30,1,5,-0.2,3,0.54,1.22,1.0441666666666667
8,30,1,5,20.3,5,0.81,1.1,1.0270833333333333
8,30,1,5,14.6,5,0.28,0.77,0.9929166666666666
10,30,1,5,4.2,5,0.2,1.97,0.9691666666666667
11,30,1,5,29.9,3,1.62,0.85,0.9545833333333333
11,30,1,5,37.5,1,0.75,0.97,0.9504166666666666
12,30,1,5,-9.9,5,0.23,1.03,0.9195833333333333
13,30,1,5,39.0,1,1.35,0.68,0.9329166666666667
14,30,1,5,16.2,4,0.28,0.91,0.9162499999999999
16,30,1,5,32.3,2,1.25,0.5,0.9304166666666666
17,30,1,5,20.5,2,1.79,0.48,0.9841666666666667
20,30,1,5,11.8,3,0.87,0.81,1.0004166666666665
21,30,1,5,37.9,5,0.86,0.76,1.0025000000000002
21,30,1,5,-5.9,3,0.62,1.83,0.9966666666666666
22,30,1,5,23.0,5,0.78,1.49,0.9529166666666667
23,30,1,5,-6.2,4,0.49,0.66,0.9112499999999999
0,31,2,5,30.0,5,0.58,1.52,0.9079166666666666
1,31,2,5,-4.2,1,0.82,1.09,0.87875
3,31,2,5,-7.8,5,1.89,1.15,0.9120833333333334
3,31,2,5,27.9,3,1.08,1.86,0.9091666666666667
3,31,2,5,27.9,2,1.9,0.85,0.9108333333333333
3,31,2,5,3.8,4,1.2,1.21,0.9254166666666667
3,31,2,5,-4.9,2,1.99,0.81,0.9579166666666666
4,31,2,5,39.3,3,0.25,0.54,0.9345833333333333
5,31,2,5,27.7,2,0.87,0.81,0.9483333333333334
7,31,2,5,37.7,3,0.48,0.28,0.9345833333333333
8,31,2,5,29.7,3,1.0,0.2,0.9645833333333335
8,31,2,5,12.7,2,1.19,1.62,1.0058333333333331
9,31,2,5,8.9,3,0.52,0.75,0.96
9,31,2,5,8.3,3,0.69,0.23,0.9575
9,31,2,5,38.5,5,0.72,1.35,0.9779166666666667
10,31,2,5,-4.8,2,0.86,0.28,0.9575
11,31,2,5,19.8,3,0.94,1.25,0.985
14,31,2,5,23.7,3,1.3,1.79,0.9870833333333334
15,31,2,5,29.2,2,0.71,0.87,0.9420833333333333
16,31,2,5,20.8,2,1.05,0.86,0.9495833333333334
16,31,2,5,7.8,5,0.46,0.62,0.9329166666666665
17,31,2,5,24.9,3,1.54,0.78,0.9712500000000001
20,31,2,5,-2.8,4,1.93,0.49,1.0191666666666668
20,31,2,5,-2.4,4,1.34,0.58,1.0545833333333334
20,31,2,5,2.1,1,0.92,0.82,1.0687499999999999
20,31,2,5,36.6,1,0.46,1.89,1.05375
21,31,2,5,37.2,3,1.28,1.08,1.0283333333333333
22,31,2,5,12.1,3,1.62,1.9,1.0508333333333333
23,31,2,5,5.6,4,0.32,1.2,0.985
0,1,3,6,11.5,3,1.04,1.99,0.9783333333333334
0,1,3,6,4.5,1,1.36,0.25,0.9520833333333334
1,1,3,6,-9.7,1,1.24,0.87,0.9933333333333333
4,1,3,6,35.3,2,1.1,0.48,1.0029166666666667
4,1,3,6,11.4,5,0.84,1.0,1.0179166666666666
4,1,3,6,23.9,2,1.42,1.19,1.0354166666666667
5,1,3,6,22.3,1,1.2,0.52,1.0358333333333334
5,1,3,6,-2.0,5,1.72,0.69,1.0858333333333334
6,1,3,6,36.8,3,0.6,0.72,1.0820833333333333
7,1,3,6,33.6,5,0.94,0.86,1.09125
7,1,3,6,17.5,5,0.67,0.94,1.0833333333333333
8,1,3,6,-4.0,5,1.73,1.3,1.11625
8,1,3,6,-8.8,4,1.76,0.71,1.1354166666666667
9,1,3,6,-4.1,5,1.6,1.05,1.1725
10,1,3,6,6.9,2,1.39,0.46,1.1866666666666665
11,1,3,6,8.4,2,1.51,1.54,1.2304166666666667
12,1,3,6,-4.0,2,0.54,1.93,1.18875
14,1,3,6,31.4,1,1.14,1.34,1.1558333333333333
15,1,3,6,-7.5,5,1.78,0.92,1.1741666666666666
15,1,3,6,33.9,1,1.45,0.46,1.19625
16,1,3,6,-8.2,5,1.2,1.28,1.2270833333333333
17,1,3,6,34.9,5,0.48,1.62,1.1937499999999999
20,1,3,6,17.8,1,0.64,0.32,1.1529166666666668
20,1,3,6,31.4,4,1.32,1.04,1.1945833333333333
22,1,3,6,25.6,1,1.02,1.36,1.1937499999999999
23,1,3,6,-5.1,1,0.65,1.24,1.1641666666666666
1,2,4,6,38.9,5,0.61,1.1,1.1379166666666667
2,2,4,6,38.4,5,1.71,0.84,1.1633333333333333
2,2,4,6,19.6,5,1.08,1.42,1.1733333333333333
2,2,4,6,30.5,4,0.34,1.2,1.1283333333333334
4,2,4,6,38.2,1,0.67,1.72,1.10625
4,2,4,6,9.1,3,1.92,0.6,1.1145833333333333
5,2,4,6,14.3,1,1.76,0.94,1.1629166666666666
5,2,4,6,16.2,4,0.69,0.67,1.1525
5,2,4,6,31.4,4,0.85,1.73,1.16
7,2,4,6,35.7,2,1.16,1.76,1.13625
9,2,4,6,-4.4,4,0.25,1.6,1.0733333333333335
9,2,4,6,19.0,5,0.44,1.39,1.025
10,2,4,6,8.2,3,1.99,1.51,1.05
10,2,4,6,10.8,2,0.79,0.54,1.02
12,2,4,6,21.8,1,1.27,1.14,1.0504166666666668
12,2,4,6,5.5,2,1.6,1.78,1.0695833333333333
12,2,4,6,31.6,1,0.3,1.45,1.0079166666666666
13,2,4,6,4.1,2,0.26,1.2,0.9583333333333334
13,2,4,6,31.9,2,0.72,0.48,0.9383333333333334
15,2,4,6,14.7,2,0.61,0.64,0.9437500000000001
18,2,4,6,-4.8,4,0.85,1.32,0.9525
20,2,4,6,25.2,3,1.52,1.02,0.9608333333333333
20,2,4,6,11.5,2,0.49,0.65,0.9387500000000001
22,2,4,6,13.4,1,0.71,0.61,0.94125
23,2,4,6,28.4,1,0.67,1.71,0.94375
23,2,4,6,-7.7,5,0.63,1.08,0.89875
1,3,5,6,11.7,3,1.15,0.34,0.9016666666666667
2,3,5,6,7.9,4,1.9,0.67,0.9666666666666667
2,3,5,6,15.8,2,0.87,1.92,0.9750000000000001
3,3,5,6,30.8,1,1.5,1.76,0.9575
4,3,5,6,-1.9,1,1.57,0.69,0.9495833333333334
4,3,5,6,28.1,2,0.5,0.85,0.9416666666666668
4,3,5,6,10.2,4,1.25,1.16,0.9583333333333334
5,3,5,6,27.3,4,1.79,0.25,0.9845833333333333
6,3,5,6,32.7,3,1.2,0.44,1.0241666666666667
9,3,5,6,16.4,4,0.69,1.99,1.0345833333333334
11,3,5,6,32.6,4,0.51,0.79,0.9729166666666665
12,3,5,6,7.3,5,0.64,1.27,0.9666666666666667
12,3,5,6,6.2,1,0.89,1.6,0.9508333333333333
13,3,5,6,31.0,4,0.64,0.3,0.9108333333333333
13,3,5,6,26.6,1,0.43,0.26,0.9162500000000001
13,3,5,6,31.4,4,1.31,0.72,0.96
14,3,5,6,30.7,5,1.34,0.61,0.9858333333333333
14,3,5,6,23.9,3,1.74,0.85,1.0329166666666667
16,3,5,6,35.3,2,1.01,1.52,1.0395833333333333
16,3,5,6,-7.9,1,1.1,0.49,1.0220833333333335
17,3,5,6,7.8,5,1.24,0.71,1.0533333333333332
21,3,5,6,-7.5,2,0.69,0.67,1.0525
22,3,5,6,39.2,3,0.79,0.63,1.0574999999999999
0,4,6,6,30.3,5,1.73,1.15,1.1033333333333333
1,4,6,6,18.9,5,0.45,1.9,1.0741666666666665
3,4,6,6,17.4,5,1.03,0.87,1.0379166666666666
3,4,6,6,-5.9,3,0.23,1.5,1.01125
4,4,6,6,22.7,2,0.87,1.57,0.985
4,4,6,6,28.6,2,0.29,0.5,0.9316666666666666
4,4,6,6,-9.2,3,1.3,1.25,0.965
5,4,6,6,14.6,1,0.89,1.79,0.9500000000000001
6,4,6,6,11.5,3,1.02,1.2,0.9179166666666667
7,4,6,6,-3.7,5,1.85,0.69,0.945
9,4,6,6,21.3,5,0.33,0.51,0.93
9,4,6,6,4.3,2,1.76,0.64,0.9820833333333333
9,4,6,6,21.8,4,1.99,0.89,1.0383333333333333
10,4,6,6,30.7,4,0.48,0.64,1.02125
10,4,6,6,8.5,2,0.93,0.43,1.0333333333333334
11,4,6,6,35.6,3,1.73,1.31,1.0875000000000001
12,4,6,6,21.0,3,0.74,1.34,1.06375
12,4,6,6,-8.7,5,1.18,1.74,1.0570833333333334
13,4,6,6,21.6,4,1.65,1.01,1.0533333333333335
14,4,6,6,34.4,1,0.55,1.1,1.0341666666666667
14,4,6,6,20.4,4,1.67,1.24,1.0579166666666666
15,4,6,6,5.0,2,1.97,0.69,1.0883333333333334
19,4,6,6,27.2,1,0.39,0.79,1.0758333333333334
19,4,6,6,17.0,1,0.22,1.73,1.0520833333333333
20,4,6,6,22.8,5,1.1,0.45,1.0258333333333334
20,4,6,6,37.9,2,1.94,1.03,1.0879166666666669
20,4,6,6,25.8,2,1.13,0.23,1.0920833333333333
20,4,6,6,18.9,1,1.04,0.87,1.1258333333333332
21,4,6,6,6.2,4,1.14,0.29,1.1370833333333332
22,4,6,6,6.1,5,1.53,1.3,1.18875
22,4,6,6,3.3,4,0.65,0.89,1.1616666666666666
23,4,6,6,-3.6,2,1.46,1.02,1.1854166666666666
0,5,0,6,1.9,4,1.43,1.85,1.2025
2,5,0,6,17.6,4,0.8,0.33,1.1587500000000002
4,5,0,6,3.2,5,1.2,1.76,1.195
4,5,0,6,17.5,2,0.44,1.99,1.14
6,5,0,6,19.0,3,0.97,0.48,1.0975
7,5,0,6,31.3,1,0.22,0.93,1.0866666666666667
9,5,0,6,28.9,4,1.17,1.73,1.0966666666666667
10,5,0,6,25.1,3,1.71,0.74,1.0958333333333332
12,5,0,6,15.9,4,0.28,1.18,1.0766666666666667
12,5,0,6,-8.6,1,1.04,1.65,1.0708333333333333
14,5,0,6,11.0,1,1.56,0.55,1.0670833333333334
15,5,0,6,-7.4,2,0.31,1.67,1.0570833333333334
15,5,0,6,22.4,4,0.87,1.97,1.02375
16,5,0,6,0.4,2,1.72,0.39,1.0133333333333334
16,5,0,6,20.4,3,1.27,0.22,1.05
17,5,0,6,-0.6,1,0.61,1.1,1.06625
17,5,0,6,2.7,4,1.96,1.94,1.1020833333333333
18,5,0,6,18.9,2,1.03,1.13,1.0641666666666667
18,5,0,6,-2.6,5,1.58,1.04,1.0829166666666665
19,5,0,6,5.5,5,1.74,1.14,1.1120833333333333
19,5,0,6,-4.9,3,1.63,1.53,1.1325
19,5,0,6,24.9,2,0.55,0.65,1.0916666666666666
22,5,0,6,29.7,4,1.24,1.46,1.11625
23,5,0,6,26.0,5,0.56,1.43,1.07875
23,5,0,6,26.1,4,0.65,0.8,1.04625
0,6,1,6,11.0,1,1.14,1.2,1.0604166666666666
1,6,1,6,37.9,2,1.68,0.44,1.0804166666666666
2,6,1,6,14.8,4,1.66,0.97,1.13125
2,6,1,6,-2.4,5,1.95,0.22,1.1720833333333334
3,6,1,6,1.0,3,0.93,1.17,1.2016666666666667
3,6,1,6,31.0,4,1.04,1.71,1.1962499999999998
7,6,1,6,11.6,1,1.33,0.28,1.1804166666666667
7,6,1,6,-7.6,2,1.87,1.04,1.2466666666666668
7,6,1,6,32.3,4,1.49,1.56,1.2654166666666666
7,6,1,6,4.4,3,1.59,0.31,1.2666666666666666
8,6,1,6,35.4,1,1.48,0.87,1.3154166666666667
8,6,1,6,-1.7,1,0.24,1.72,1.2891666666666666
9,6,1,6,-5.7,3,0.51,1.27,1.23875
9,6,1,6,-3.4,3,1.57,0.61,1.25125
9,6,1,6,-7.3,2,0.54,1.96,1.2483333333333333
13,6,1,6,26.1,3,0.72,1.03,1.1966666666666665
13,6,1,6,31.1,5,1.04,1.58,1.1970833333333333
14,6,1,6,36.4,4,1.95,1.74,1.2125000000000001
15,6,1,6,26.7,5,1.37,1.63,1.1970833333333333
16,6,1,6,32.9,4,0.9,0.55,1.1666666666666667
16,6,1,6,25.0,1,0.26,1.24,1.1545833333333333
18,6,1,6,14.8,5,0.73,0.56,1.1333333333333333
20,6,1,6,31.8,5,1.07,0.65,1.1545833333333333
21,6,1,6,34.0,1,1.97,1.14,1.2095833333333335
0,7,2,6,5.5,5,1.48,1.68,1.2237500000000001
0,7,2,6,35.2,1,0.47,1.66,1.1733333333333333
3,7,2,6,24.2,2,1.35,1.95,1.1604166666666667
4,7,2,6,25.0,2,0.7,0.93,1.1083333333333334
4,7,2,6,35.8,2,0.61,1.04,1.095
5,7,2,6,12.5,1,0.96,1.33,1.0916666666666668
5,7,2,6,-8.5,1,1.55,1.87,1.1008333333333333
5,7,2,6,28.3,2,0.49,1.49,1.0433333333333332
7,7,2,6,10.7,2,1.47,1.59,1.0425
7,7,2,6,27.3,4,1.78,1.48,1.0504166666666668
9,7,2,6,6.0,3,0.86,0.24,1.0245833333333334
10,7,2,6,-4.5,2,0.67,0.51,1.0425000000000002
11,7,2,6,-9.8,3,1.21,1.57,1.0716666666666665
11,7,2,6,13.5,3,1.32,0.54,1.06125
12,7,2,6,18.8,5,1.39,0.72,1.0966666666666667
13,7,2,6,8.4,3,1.51,1.04,1.1295833333333334
15,7,2,6,34.2,1,1.41,1.95,1.1449999999999998
15,7,2,6,35.5,4,0.22,1.37,1.0729166666666667
16,7,2,6,22.5,5,1.42,0.9,1.075
16,7,2,6,6.4,5,1.29,0.26,1.09125
17,7,2,6,8.7,4,1.43,0.73,1.14
18,7,2,6,30.5,5,0.74,1.07,1.1404166666666666
18,7,2,6,15.6,5,0.8,1.97,1.1291666666666667
20,7,2,6,12.6,1,0.53,1.48,1.0691666666666666
20,7,2,6,29.4,1,1.78,0.47,1.0816666666666666
21,7,2,6,27.6,3,0.49,1.35,1.0825
21,7,2,6,21.0,2,0.37,0.7,1.0416666666666667
21,7,2,6,4.6,4,1.87,0.61,1.0904166666666666
23,7,2,6,19.7,5,0.54,0.96,1.0875
2,8,3,6,28.7,2,1.16,1.55,1.0958333333333332
3,8,3,6,4.4,4,0.37,0.49,1.0466666666666666
3,8,3,6,1.0,3,1.3,1.47,1.0804166666666666
4,8,3,6,1.4,1,0.52,1.78,1.0408333333333333
4,8,3,6,21.4,3,1.09,0.86,1.0120833333333332
4,8,3,6,19.9,5,1.99,0.67,1.0591666666666668
5,8,3,6,39.4,1,1.91,1.21,1.1108333333333331
6,8,3,6,33.4,4,1.14,1.32,1.1079166666666667
6,8,3,6,4.9,1,1.67,1.39,1.1225
8,8,3,6,7.2,4,0.25,1.51,1.075
8,8,3,6,29.1,1,0.57,1.41,1.0358333333333334
8,8,3,6,-9.2,3,1.26,0.22,1.0295833333333333
9,8,3,6,6.2,3,0.24,1.42,1.0304166666666668
10,8,3,6,35.1,5,1.47,1.29,1.0325
12,8,3,6,21.0,4,0.95,1.43,1.0183333333333333
13,8,3,6,-3.9,1,1.55,0.74,1.0233333333333332
14,8,3,6,4.5,2,1.43,0.8,1.0520833333333333
14,8,3,6,-6.9,4,1.33,0.53,1.0741666666666667
15,8,3,6,36.6,2,0.28,1.78,1.06375
15,8,3,6,-4.5,1,1.99,0.49,1.0725
16,8,3,6,32.7,5,1.63,0.37,1.1199999999999999
16,8,3,6,20.1,5,1.15,1.87,1.1525
17,8,3,6,39.9,2,1.45,0.54,1.135
17,8,3,6,-9.7,4,1.17,1.16,1.1612500000000001
17,8,3,6,-4.4,3,0.47,0.37,1.1325
20,8,3,6,21.6,4,1.29,1.3,1.1708333333333334
22,8,3,6,8.6,3,0.29,0.52,1.12875
1,9,4,6,34.6,2,0.98,1.09,1.1479166666666667
1,9,4,6,37.1,1,0.44,1.99,1.1208333333333333
1,9,4,6,0.4,2,1.91,1.91,1.1175
2,9,4,6,15.6,2,0.65,1.14,1.0650000000000002
2,9,4,6,2.7,5,0.24,1.67,1.0275
2,9,4,6,8.4,1,1.36,0.25,1.0145833333333332
4,9,4,6,-5.0,4,1.99,0.57,1.0870833333333334
4,9,4,6,-4.0,3,1.43,1.26,1.1229166666666666
5,9,4,6,13.4,4,0.23,0.24,1.08
5,9,4,6,17.0,4,0.49,1.47,1.0904166666666666
6,9,4,6,10.6,5,0.41,0.95,1.04625
6,9,4,6,6.6,5,1.12,1.55,1.0533333333333335
7,9,4,6,4.8,2,0.42,1.43,1.0062499999999999
10,9,4,6,35.2,5,1.4,1.33,1.0050000000000001
10,9,4,6,25.6,5,0.64,0.28,0.9762499999999998
10,9,4,6,6.4,2,0.32,1.99,0.9779166666666667
11,9,4,6,-5.6,5,1.22,1.63,0.9458333333333333
11,9,4,6,19.3,5,0.71,1.15,0.9074999999999999
12,9,4,6,6.0,5,0.68,1.45,0.8879166666666668
13,9,4,6,36.5,5,0.9,1.17,0.8649999999999999
14,9,4,6,21.6,1,0.83,0.47,0.8508333333333332
15,9,4,6,-9.0,1,1.51,1.29,0.8941666666666667
16,9,4,6,0.4,1,0.47,0.29,0.8599999999999999
16,9,4,6,31.3,1,1.26,0.98,0.9004166666666666
17,9,4,6,10.8,3,1.61,0.44,0.9266666666666666
17,9,4,6,13.6,3,0.96,1.91,0.9483333333333334
20,9,4,6,23.5,4,0.45,0.65,0.8875000000000001
21,9,4,6,1.9,3,1.8,0.24,0.9354166666666667
22,9,4,6,-1.5,1,1.22,1.36,0.97625
0,10,5,6,16.9,4,1.57,1.99,0.985
1,10,5,6,-6.9,3,1.4,1.43,0.9604166666666666
3,10,5,6,26.7,5,1.45,0.23,0.96125
3,10,5,6,12.5,5,0.76,0.49,0.9833333333333333
4,10,5,6,37.3,1,1.56,0.41,1.0279166666666668
6,10,5,6,32.8,4,1.39,1.12,1.0687499999999999
7,10,5,6,16.5,4,0.82,0.42,1.05625
9,10,5,6,21.5,3,1.49,1.4,1.1008333333333333
9,10,5,6,2.3,1,1.05,0.64,1.08625
9,10,5,6,36.4,5,0.97,0.32,1.1
10,10,5,6,13.8,1,1.4,1.22,1.145
13,10,5,6,21.6,5,1.68,0.71,1.1641666666666666
13,10,5,6,1.7,4,1.73,0.68,1.2066666666666668
14,10,5,6,-3.6,5,0.32,0.9,1.1916666666666667
14,10,5,6,10.9,1,0.26,0.83,1.165
14,10,5,6,2.7,4,0.76,1.51,1.1620833333333334
15,10,5,6,8.6,3,0.23,0.47,1.10875
15,10,5,6,-0.8,1,1.52,1.26,1.1525
15,10,5,6,31.3,2,1.72,1.61,1.1716666666666666
15,10,5,6,8.9,1,1.4,0.96,1.1629166666666666
15,10,5,6,27.2,3,1.63,0.45,1.1908333333333332
16,10,5,6,-1.5,1,1.36,1.8,1.22875
16,10,5,6,24.0,4,0.3,1.22,1.16625
17,10,5,6,36.4,1,1.48,1.57,1.1770833333333333
18,10,5,6,20.1,2,1.69,1.4,1.1820833333333334
19,10,5,6,31.7,3,1.38,1.45,1.1812500000000001
19,10,5,6,22.5,4,0.49,0.76,1.1412499999999999
19,10,5,6,36.8,3,0.53,1.56,1.1316666666666666
20,10,5,6,-5.9,2,1.22,1.39,1.1175
22,10,5,6,2.8,5,0.3,0.82,1.0720833333333333
22,10,5,6,26.2,4,1.88,1.49,1.11625
23,10,5,6,17.0,5,0.23,1.05,1.06375
23,10,5,6,33.1,3,1.7,0.97,1.0908333333333333
0,11,6,6,10.2,4,1.61,1.4,1.1175
0,11,6,6,25.0,3,1.21,1.68,1.1095833333333334
0,11,6,6,8.2,3,1.43,1.73,1.0991666666666668
2,11,6,6,39.3,2,1.82,0.32,1.1029166666666665
2,11,6,6,15.2,1,0.56,0.26,1.1129166666666668
4,11,6,6,35.1,3,1.26,0.76,1.1545833333333333
4,11,6,6,36.0,4,0.67,0.23,1.1508333333333334
5,11,6,6,24.5,3,0.99,1.52,1.1824999999999999
6,11,6,6,28.7,5,1.41,1.72,1.1779166666666667
8,11,6,6,21.1,4,0.44,1.4,1.1245833333333333
8,11,6,6,30.9,1,1.95,1.63,1.1475
9,11,6,6,18.4,4,1.76,1.36,1.1529166666666668
10,11,6,6,39.0,2,0.83,0.3,1.1308333333333334
11,11,6,6,11.3,2,0.89,1.48,1.1554166666666668
11,11,6,6,2.6,4,1.29,1.69,1.1475
12,11,6,6,4.4,1,1.44,1.38,1.1370833333333332
13,11,6,6,30.1,1,1.38,0.49,1.1370833333333332
13,11,6,6,-0.1,1,1.54,0.53,1.1808333333333334
14,11,6,6,13.2,3,0.75,1.22,1.19
15,11,6,6,-1.8,1,1.13,0.3,1.18625
16,11,6,6,20.5,3,1.1,1.88,1.2195833333333332
17,11,6,6,3.1,4,1.32,0.23,1.19625
17,11,6,6,13.5,1,1.44,1.7,1.2466666666666668
17,11,6,6,19.1,4,1.59,1.61,1.2420833333333332
18,11,6,6,-1.2,4,1.25,1.21,1.2270833333333333
20,11,6,6,15.2,3,1.02,1.43,1.2191666666666667
21,11,6,6,26.3,1,1.8,1.82,1.2345833333333334
22,11,6,6,-3.2,1,0.59,0.56,1.1833333333333333
22,11,6,6,0.9,2,0.74,1.26,1.1908333333333332
0,12,0,6,36.2,5,0.46,0.67,1.1575
0,12,0,6,7.9,3,1.65,0.99,1.1983333333333333
1,12,0,6,11.4,5,1.52,1.41,1.2204166666666667
1,12,0,6,-7.0,2,1.33,0.44,1.2170833333333333
1,12,0,6,19.2,5,1.83,1.95,1.2750000000000001
1,12,0,6,-6.3,3,1.04,1.76,1.2370833333333333
1,12,0,6,26.8,3,0.55,0.83,1.1866666666666668
1,12,0,6,20.5,1,1.42,0.89,1.21125
2,12,0,6,25.4,1,1.24,1.29,1.2258333333333333
3,12,0,6,22.1,4,0.94,1.44,1.21125
4,12,0,6,15.9,1,0.99,1.38,1.1925000000000001
4,12,0,6,-4.4,4,1.03,1.54,1.1779166666666667
4,12,0,6,-9.8,3,0.83,0.75,1.1483333333333334
6,12,0,6,19.3,3,1.19,1.13,1.1666666666666667
6,12,0,6,0.8,1,0.73,1.1,1.15
6,12,0,6,17.5,2,0.83,1.32,1.1387500000000002
6,12,0,6,34.2,5,0.75,1.44,1.115
7,12,0,6,16.4,3,0.99,1.59,1.09625
7,12,0,6,27.7,4,1.9,1.25,1.1091666666666666
8,12,0,6,28.6,4,2.0,1.02,1.1404166666666666
8,12,0,6,5.8,4,1.43,1.8,1.1575
9,12,0,6,32.6,5,1.64,0.59,1.1508333333333332
10,12,0,6,3.9,2,0.96,0.74,1.16625
10,12,0,6,20.6,2,1.39,0.46,1.1933333333333334
10,12,0,6,0.9,4,0.37,1.65,1.1895833333333334
11,12,0,6,-4.9,4,1.92,1.52,1.2008333333333334
12,12,0,6,28.9,5,1.67,1.33,1.2070833333333333
13,12,0,6,7.7,5,0.34,1.83,1.1658333333333333
15,12,0,6,21.7,4,0.62,1.04,1.1154166666666665
15,12,0,6,-0.3,1,1.36,0.55,1.12875
16,12,0,6,28.6,3,1.63,1.42,1.1737499999999998
18,12,0,6,22.0,5,0.44,1.24,1.1329166666666666
20,12,0,6,34.4,4,1.89,0.94,1.16
22,12,0,6,5.6,5,1.63,0.99,1.18875
22,12,0,6,-9.6,1,1.38,1.03,1.2049999999999998
23,12,0,6,-5.5,4,0.37,0.83,1.1775
0,13,1,6,6.9,2,0.68,1.19,1.17125
5,13,1,6,39.2,3,0.28,0.73,1.1333333333333333
7,13,1,6,14.2,5,0.76,0.83,1.1345833333333333
8,13,1,6,31.6,5,0.57,0.75,1.12375
9,13,1,6,8.4,5,1.18,0.99,1.1416666666666666
9,13,1,6,25.9,1,0.44,1.9,1.11875
10,13,1,6,-5.5,4,0.21,2.0,1.0483333333333331
10,13,1,6,39.7,3,0.6,1.43,0.9899999999999999
11,13,1,6,26.7,1,1.34,1.64,0.98625
12,13,1,6,2.9,5,1.0,0.96,0.9595833333333333
13,13,1,6,27.4,2,1.74,1.39,0.9920833333333333
13,13,1,6,3.6,3,1.53,0.37,0.9979166666666667
15,13,1,6,25.0,4,1.22,1.92,1.0333333333333332
17,13,1,6,32.7,3,1.34,1.67,1.0091666666666665
17,13,1,6,12.6,3,0.96,0.34,0.9795833333333333
17,13,1,6,33.2,3,1.15,0.62,1.0133333333333332
20,13,1,6,39.8,4,0.67,1.36,1.0154166666666666
22,13,1,6,16.4,4,1.83,1.63,1.035
22,13,1,6,21.5,5,0.29,0.44,0.9791666666666666
22,13,1,6,5.1,1,0.2,1.89,0.9691666666666667
23,13,1,6,-4.5,3,1.93,1.63,0.9708333333333333
23,13,1,6,26.7,3,1.5,1.38,0.9654166666666667
0,14,2,6,15.0,5,1.43,0.37,0.9674999999999999
0,14,2,6,33.2,5,1.95,0.68,1.0333333333333334
1,14,2,6,21.6,5,1.35,0.28,1.06125
2,14,2,6,6.7,3,1.16,0.76,1.0979166666666667
3,14,2,6,35.7,5,0.67,0.57,1.0941666666666665
5,14,2,6,39.6,3,1.97,1.18,1.1525
6,14,2,6,29.8,5,0.75,0.44,1.1345833333333333
7,14,2,6,25.2,3,0.87,0.21,1.1525
7,14,2,6,28.9,4,0.76,0.6,1.1754166666666668
9,14,2,6,-5.6,5,0.29,1.34,1.1624999999999999
14,14,2,6,38.8,2,0.52,1.0,1.1283333333333332
14,14,2,6,-0.3,3,0.6,1.74,1.1116666666666666
14,14,2,6,-5.6,4,0.96,1.53,1.0791666666666668
15,14,2,6,33.0,3,0.86,1.22,1.05125
18,14,2,6,25.3,2,0.85,1.34,1.0358333333333334
18,14,2,6,5.4,3,0.63,0.96,1.00625
18,14,2,6,6.4,1,1.6,1.15,1.0329166666666667
19,14,2,6,14.4,1,1.53,0.67,1.04875
19,14,2,6,17.3,5,0.37,1.83,1.0362500000000001
19,14,2,6,28.5,4,1.98,0.29,1.0424999999999998
20,14,2,6,25.0,1,0.55,0.2,1.0533333333333332
22,14,2,6,14.8,2,1.35,1.93,1.10125
23,14,2,6,30.6,2,1.66,1.5,1.09
23,14,2,6,27.5,1,1.62,1.43,1.095
0,15,3,6,3.3,3,1.38,1.95,1.0929166666666668
1,15,3,6,-3.3,4,1.9,1.35,1.0908333333333333
1,15,3,6,21.0,1,1.91,1.16,1.1141666666666665
1,15,3,6,14.6,4,0.62,0.67,1.0916666666666666
1,15,3,6,2.2,4,1.18,1.97,1.1129166666666668
2,15,3,6,19.8,1,1.3,0.75,1.085
3,15,3,6,25.6,5,1.06,0.87,1.0979166666666667
3,15,3,6,32.8,2,1.27,0.76,1.1145833333333333
3,15,3,6,8.1,2,0.31,0.29,1.0958333333333334
4,15,3,6,4.3,4,1.04,0.52,1.1270833333333334
4,15,3,6,38.0,3,1.3,0.6,1.1595833333333334
5,15,3,6,24.1,3,0.65,0.96,1.1616666666666666
5,15,3,6,1.7,4,1.1,0.86,1.1675
5,15,3,6,39.5,1,0.5,0.85,1.1525
5,15,3,6,36.4,3,0.62,0.63,1.1429166666666666
5,15,3,6,37.0,5,0.76,1.6,1.1483333333333332
7,15,3,6,1.2,5,0.73,1.53,1.1120833333333333
8,15,3,6,-9.0,2,1.64,0.37,1.1166666666666667
8,15,3,6,0.3,1,0.86,1.98,1.1370833333333332
8,15,3,6,5.9,1,1.66,0.55,1.12375
8,15,3,6,-1.3,5,1.34,1.35,1.1566666666666667
9,15,3,6,11.3,3,0.93,1.66,1.1391666666666667
10,15,3,6,-6.9,2,1.56,1.62,1.135
11,15,3,6,13.7,1,0.74,1.38,1.0983333333333334
12,15,3,6,-3.7,1,0.6,1.9,1.0658333333333332
14,15,3,6,-5.6,5,1.38,1.91,1.0441666666666667
14,15,3,6,1.1,3,1.61,0.62,1.0316666666666667
16,15,3,6,-6.4,3,1.11,1.18,1.0520833333333333
17,15,3,6,31.0,2,1.08,1.3,1.0479166666666666
18,15,3,6,36.8,2,1.82,1.06,1.0695833333333333
18,15,3,6,-5.6,2,1.47,1.27,1.0866666666666667
20,15,3,6,-5.6,3,1.3,0.31,1.0879166666666669
20,15,3,6,17.8,5,0.48,1.04,1.095
21,15,3,6,8.2,4,0.42,1.3,1.0691666666666666
22,15,3,6,13.7,2,1.59,0.65,1.08125
22,15,3,6,19.1,3,0.85,1.1,1.0895833333333333
23,15,3,6,34.9,2,0.87,0.5,1.0799999999999998
0,16,4,6,24.8,1,0.6,0.62,1.0841666666666667
1,16,4,6,3.3,3,1.45,0.76,1.1187500000000001
2,16,4,6,23.7,3,1.8,0.73,1.1620833333333334
4,16,4,6,14.3,5,0.65,1.64,1.15875
5,16,4,6,16.7,1,1.98,0.86,1.1729166666666666
8,16,4,6,2.9,4,1.38,1.66,1.1945833333333333
8,16,4,6,-9.0,3,1.06,1.34,1.1695833333333334
9,16,4,6,33.9,3,1.37,0.93,1.1708333333333334
9,16,4,6,27.7,1,1.71,1.56,1.2033333333333334
11,16,4,6,35.3,3,1.47,0.74,1.1995833333333334
11,16,4,6,21.8,2,1.98,0.6,1.25125
12,16,4,6,26.7,2,1.41,1.38,1.2850000000000001
13,16,4,6,34.1,4,1.88,1.61,1.3058333333333334
13,16,4,6,27.5,3,1.41,1.11,1.2975
14,16,4,6,34.6,5,0.91,1.08,1.2891666666666668
18,16,4,6,32.5,5,1.89,1.82,1.3229166666666667
19,16,4,6,1.3,2,1.29,1.47,1.3008333333333335
19,16,4,6,20.5,3,0.39,1.3,1.2558333333333334
19,16,4,6,9.6,5,1.23,0.48,1.2529166666666667
22,16,4,6,2.0,3,1.56,0.42,1.2979166666666668
23,16,4,6,27.6,2,0.69,1.59,1.3091666666666668
0,17,5,6,32.6,2,0.31,0.85,1.2558333333333334
3,17,5,6,7.6,5,1.26,0.87,1.2729166666666665
3,17,5,6,1.3,4,1.96,0.6,1.3183333333333334
4,17,5,6,28.8,5,0.99,1.45,1.3345833333333335
4,17,5,6,1.2,2,1.21,1.8,1.3245833333333332
4,17,5,6,11.7,4,1.04,0.65,1.2929166666666667
6,17,5,6,23.7,2,0.55,1.98,1.28875
7,17,5,6,5.4,1,0.8,1.38,1.2395833333333333
11,17,5,6,32.9,1,1.03,1.06,1.2249999999999999
12,17,5,6,29.9,4,1.51,1.37,1.2437500000000001
12,17,5,6,27.0,5,1.33,1.71,1.2420833333333332
15,17,5,6,-1.0,1,1.84,1.47,1.2475
16,17,5,6,19.1,5,0.72,1.98,1.2162499999999998
18,17,5,6,4.3,1,0.48,1.41,1.1537499999999998
19,17,5,6,39.8,5,1.57,1.88,1.1604166666666667
20,17,5,6,7.8,5,1.03,1.41,1.125
21,17,5,6,24.0,4,1.15,0.91,1.1141666666666665
22,17,5,6,13.4,1,1.17,1.89,1.125
22,17,5,6,-7.9,1,1.69,1.29,1.1166666666666665
0,18,6,6,36.7,2,1.5,0.39,1.1254166666666665
0,18,6,6,12.8,2,0.42,1.23,1.1266666666666667
1,18,6,6,-1.3,4,0.23,1.56,1.0850000000000002
2,18,6,6,27.8,5,0.22,0.69,1.0291666666666666
3,18,6,6,-2.4,2,0.9,0.31,1.0379166666666666
3,18,6,6,7.3,4,1.74,1.26,1.0975
6,18,6,6,6.2,1,1.69,1.96,1.1154166666666667
7,18,6,6,-8.7,2,0.47,0.99,1.0533333333333335
8,18,6,6,16.1,4,1.6,1.21,1.07875
9,18,6,6,14.3,5,1.49,1.04,1.0904166666666668
11,18,6,6,28.5,4,1.67,0.55,1.1166666666666665
12,18,6,6,34.0,5,1.99,0.8,1.1766666666666667
12,18,6,6,7.7,4,1.86,1.03,1.2208333333333334
12,18,6,6,29.2,2,1.67,1.51,1.2475
12,18,6,6,3.6,1,0.4,1.33,1.20125
16,18,6,6,19.6,2,1.48,1.84,1.2075
16,18,6,6,9.7,4,0.71,0.72,1.1604166666666667
16,18,6,6,32.1,1,1.94,0.48,1.21125
17,18,6,6,20.9,3,0.96,1.57,1.23125
18,18,6,6,-4.4,2,0.34,1.03,1.18
18,18,6,6,4.2,2,1.75,1.15,1.21
18,18,6,6,2.9,5,1.66,1.17,1.23125
19,18,6,6,-8.4,5,0.99,1.69,1.22375
19,18,6,6,-9.4,5,1.55,1.5,1.2179166666666668
19,18,6,6,19.9,5,0.39,0.42,1.1716666666666666
20,18,6,6,-1.0,4,0.27,0.23,1.1654166666666665
20,18,6,6,17.4,1,1.86,0.22,1.2333333333333332
21,18,6,6,19.2,4,0.68,0.9,1.2525
22,18,6,6,14.5,3,0.49,1.74,1.2354166666666666
22,18,6,6,16.6,4,0.94,1.69,1.2020833333333334
0,19,0,6,-2.0,3,1.51,0.47,1.1945833333333333
0,19,0,6,31.0,1,0.49,1.6,1.1954166666666668
2,19,0,6,9.5,1,0.9,1.49,1.16625
3,19,0,6,21.8,5,1.97,1.67,1.18625
3,19,0,6,14.9,3,1.36,1.99,1.1733333333333333
4,19,0,6,29.4,5,1.13,1.86,1.1375
5,19,0,6,8.2,4,1.52,1.67,1.1233333333333333
6,19,0,6,30.3,1,1.96,0.4,1.1354166666666667
7,19,0,6,23.3,3,0.7,1.48,1.1479166666666667
7,19,0,6,-10.0,5,0.82,0.71,1.1204166666666666
9,19,0,6,-1.5,3,1.02,1.94,1.1333333333333333
10,19,0,6,-2.4,5,1.47,0.96,1.11375
11,19,0,6,29.9,4,1.87,0.34,1.1516666666666666
13,19,0,6,-1.0,3,0.37,1.75,1.1529166666666668
13,19,0,6,26.4,4,1.79,1.66,1.1545833333333333
15,19,0,6,30.3,5,1.78,0.99,1.1595833333333332
16,19,0,6,15.0,5,1.86,1.55,1.1958333333333335
17,19,0,6,19.0,3,1.7,0.39,1.2020833333333334
18,19,0,6,39.7,5,1.4,0.27,1.2441666666666666
18,19,0,6,35.5,2,0.88,1.86,1.2695833333333333
19,19,0,6,22.6,3,0.7,0.68,1.2212500000000002
20,19,0,6,3.6,3,1.72,0.49,1.2645833333333334
20,19,0,6,-7.1,2,1.47,0.94,1.3054166666666667
21,19,0,6,28.5,2,1.13,1.51,1.3133333333333332
22,19,0,6,36.8,3,0.55,0.49,1.2733333333333332
22,19,0,6,32.3,3,1.49,0.9,1.315
22,19,0,6,4.1,2,0.43,1.97,1.2954166666666667
23,19,0,6,-6.1,4,1.29,1.36,1.2670833333333333
0,20,1,6,33.1,5,1.65,1.13,1.2791666666666668
0,20,1,6,23.8,1,0.83,1.52,1.2666666666666666
1,20,1,6,13.0,5,1.94,1.96,1.2841666666666667
3,20,1,6,11.0,1,1.26,0.7,1.255
6,20,1,6,24.8,2,1.54,0.82,1.2899999999999998
8,20,1,6,32.5,2,0.76,1.02,1.2874999999999999
10,20,1,6,18.6,2,0.89,1.47,1.2820833333333332
11,20,1,6,-6.1,3,1.56,1.87,1.2858333333333334
13,20,1,6,1.4,1,1.24,0.37,1.2595833333333333
13,20,1,6,36.3,3,1.23,1.79,1.2954166666666667
13,20,1,6,15.8,5,1.48,1.78,1.2825
13,20,1,6,17.1,4,0.9,1.86,1.2458333333333333
14,20,1,6,38.9,1,1.93,1.7,1.24875
15,20,1,6,32.2,5,0.73,1.4,1.2083333333333333
17,20,1,6,-3.0,1,1.35,0.88,1.20625
17,20,1,6,14.4,5,0.51,0.7,1.1908333333333334
17,20,1,6,6.7,5,1.86,1.72,1.2391666666666665
18,20,1,6,-3.1,4,0.58,1.47,1.1916666666666667
19,20,1,6,30.6,5,1.73,1.13,1.2025
20,20,1,6,-6.1,3,0.62,0.55,1.18125
20,20,1,6,16.4,3,1.26,1.49,1.2108333333333334
21,20,1,6,31.0,1,0.4,0.43,1.1654166666666665
0,21,2,6,27.7,1,0.95,1.29,1.1870833333333333
0,21,2,6,28.5,1,1.35,1.65,1.1895833333333334
0,21,2,6,13.5,2,1.41,0.83,1.1795833333333332
1,21,2,6,21.8,5,0.51,1.94,1.16625
1,21,2,6,4.6,5,1.92,1.26,1.1654166666666665
1,21,2,6,23.2,5,1.58,1.54,1.17875
1,21,2,6,23.5,1,0.97,0.76,1.155
3,21,2,6,5.9,5,0.47,0.89,1.1429166666666666
3,21,2,6,0.6,5,1.29,1.56,1.1595833333333332
4,21,2,6,28.6,3,1.68,1.24,1.1645833333333333
4,21,2,6,10.0,3,1.7,1.23,1.18375
4,21,2,6,21.1,2,1.9,1.48,1.2116666666666667
5,21,2,6,-6.6,4,1.45,0.9,1.2104166666666667
6,21,2,6,21.5,3,0.9,1.93,1.2104166666666667
7,21,2,6,-6.0,1,0.39,0.73,1.14625
8,21,2,6,25.2,4,1.28,1.35,1.1691666666666667
9,21,2,6,-8.5,2,0.46,0.51,1.1320833333333333
10,21,2,6,24.8,2,1.28,1.86,1.1641666666666668
12,21,2,6,18.6,1,1.22,0.58,1.1375
13,21,2,6,0.4,4,0.57,1.73,1.1370833333333332
15,21,2,6,1.9,5,0.98,0.62,1.1058333333333334
15,21,2,6,11.8,1,0.54,1.26,1.1025
15,21,2,6,9.2,4,0.99,0.4,1.0912499999999998
18,21,2,6,35.5,4,0.35,0.95,1.0891666666666666
18,21,2,6,1.1,1,0.89,1.35,1.0866666666666667
21,21,2,6,32.3,3,0.36,1.41,1.0454166666666667
22,21,2,6,27.9,3,1.62,0.51,1.0541666666666667
23,21,2,6,12.5,5,1.56,1.92,1.0979166666666667
23,21,2,6,2.3,1,0.41,1.58,1.035
1,22,3,6,16.3,4,0.38,0.97,0.9849999999999999
2,22,3,6,-1.9,2,1.64,0.47,1.0129166666666667
3,22,3,6,-2.5,1,1.39,1.29,1.05125
3,22,3,6,26.5,1,0.31,1.68,1.0104166666666667
3,22,3,6,-5.7,5,0.76,1.7,0.9720833333333334
4,22,3,6,14.6,4,0.39,1.9,0.9175
4,22,3,6,5.6,4,1.92,1.45,0.9183333333333333
4,22,3,6,16.5,3,1.68,0.9,0.9279166666666666
6,22,3,6,26.1,2,0.91,0.39,0.9283333333333332
9,22,3,6,3.3,4,0.32,1.28,0.9254166666666667
10,22,3,6,25.7,4,1.35,0.46,0.9283333333333333
10,22,3,6,0.9,1,1.02,1.28,0.9516666666666667
11,22,3,6,1.2,2,0.78,1.22,0.9308333333333333
11,22,3,6,22.1,3,0.45,0.57,0.89875
11,22,3,6,31.5,5,1.52,0.98,0.9383333333333334
11,22,3,6,31.3,2,1.86,0.54,0.975
12,22,3,6,-6.6,2,0.61,0.99,0.9779166666666667
14,22,3,6,12.1,2,1.57,0.35,1.0020833333333334
15,22,3,6,-2.4,2,1.32,0.89,1.0425
16,22,3,6,25.1,3,0.54,0.36,1.0279166666666666
17,22,3,6,21.3,1,1.4,1.62,1.07125
20,22,3,6,30.6,1,1.47,1.56,1.065
20,22,3,6,10.7,5,0.92,0.41,1.0383333333333333
21,22,3,6,30.7,5,0.78,0.38,1.05375
21,22,3,6,2.0,2,0.58,1.64,1.0620833333333335
22,22,3,6,1.2,3,0.29,1.39,1.0058333333333334
22,22,3,6,-5.3,1,1.42,0.31,1.0070833333333333
22,22,3,6,-9.9,1,0.43,0.76,1.0120833333333334
23,22,3,6,26.0,3,0.23,0.39,0.9900000000000001
23,22,3,6,4.9,5,1.78,1.92,1.0479166666666666
2,23,4,6,7.5,3,1.36,1.68,1.0245833333333334
2,23,4,6,-5.8,4,1.43,0.91,1.0141666666666667
2,23,4,6,-6.0,1,0.68,0.32,1.0045833333333334
3,23,4,6,21.8,1,1.91,1.35,1.0708333333333335
4,23,4,6,2.2,5,1.23,1.02,1.0658333333333332
8,23,4,6,6.3,5,1.29,0.78,1.0770833333333334
9,23,4,6,-7.4,3,0.9,0.45,1.0820833333333333
12,23,4,6,37.2,2,0.82,1.52,1.0975
14,23,4,6,27.6,3,1.17,1.86,1.0829166666666665
14,23,4,6,2.5,3,1.32,0.61,1.0604166666666666
15,23,4,6,-4.7,2,1.16,1.57,1.0833333333333333
18,23,4,6,25.2,3,1.32,1.32,1.0729166666666667
18,23,4,6,4.3,5,1.09,0.54,1.0633333333333332
22,23,4,6,8.4,4,1.84,1.4,1.1175
23,23,4,6,10.6,5,0.84,1.47,1.0941666666666665
4,24,5,6,19.8,3,0.76,0.92,1.0645833333333334
6,24,5,6,6.3,1,0.82,0.78,1.0604166666666666
6,24,5,6,34.3,1,0.65,0.58,1.055
7,24,5,6,17.5,5,0.41,0.29,1.0479166666666666
7,24,5,6,27.2,1,1.88,1.42,1.1141666666666667
9,24,5,6,-0.4,4,0.54,0.43,1.0775
10,24,5,6,5.3,2,0.84,0.23,1.0945833333333332
10,24,5,6,26.4,1,0.78,1.78,1.1175
12,24,5,6,16.4,1,1.19,1.36,1.0929166666666668
12,24,5,6,31.9,3,1.72,1.43,1.1079166666666667
12,24,5,6,11.6,4,1.71,0.68,1.1195833333333334
12,24,5,6,-0.9,5,1.79,1.91,1.1658333333333333
13,24,5,6,29.6,4,0.42,1.23,1.10375
14,24,5,6,36.8,4,0.56,1.29,1.0758333333333334
15,24,5,6,32.2,4,0.26,0.9,1.0329166666666667
16,24,5,6,32.1,2,0.5,0.82,1.01625
17,24,5,6,34.6,4,1.73,1.17,1.0541666666666667
18,24,5,6,27.6,3,1.03,1.32,1.0483333333333333
19,24,5,6,26.5,2,0.26,1.16,1.0041666666666667
19,24,5,6,12.4,3,1.99,1.32,1.03875
19,24,5,6,3.8,4,1.7,1.09,1.0545833333333334
21,24,5,6,34.8,1,0.66,1.84,1.0366666666666668
21,24,5,6,-5.2,2,1.09,0.84,1.0054166666666668
21,24,5,6,35.6,5,0.78,0.76,1.0029166666666667
21,24,5,6,6.3,4,1.48,0.82,1.0329166666666667
23,24,5,6,31.3,5,1.9,0.65,1.0779166666666666
0,25,6,6,10.2,2,0.95,0.41,1.0904166666666668
2,25,6,6,-1.2,5,0.95,1.88,1.1129166666666668
4,25,6,6,0.6,1,1.19,0.54,1.0841666666666667
5,25,6,6,25.0,2,1.5,0.84,1.1241666666666668
6,25,6,6,16.5,3,1.78,0.78,1.1633333333333333
6,25,6,6,31.1,1,0.35,1.19,1.1454166666666667
7,25,6,6,32.5,2,1.87,1.72,1.17375
10,25,6,6,-2.2,4,0.27,1.71,1.1133333333333335
10,25,6,6,19.4,3,0.91,1.79,1.08
11,25,6,6,32.8,3,1.27,0.42,1.0583333333333333
13,25,6,6,10.9,1,0.22,0.56,1.05
13,25,6,6,5.2,5,0.26,0.26,1.0375
16,25,6,6,-2.9,4,1.8,0.5,1.1016666666666668
16,25,6,6,35.8,5,1.55,1.73,1.1454166666666665
16,25,6,6,13.5,1,0.98,1.03,1.1141666666666665
17,25,6,6,23.5,3,0.39,0.26,1.0875000000000001
18,25,6,6,-9.0,1,1.35,1.99,1.1329166666666668
18,25,6,6,14.8,1,1.49,1.7,1.1120833333333333
18,25,6,6,-4.2,1,0.44,0.66,1.0595833333333333
20,25,6,6,15.4,4,1.54,1.09,1.09625
20,25,6,6,11.4,1,0.49,0.78,1.07125
21,25,6,6,30.1,3,0.5,1.48,1.0595833333333333
21,25,6,6,8.7,1,0.58,1.9,1.0220833333333335
22,25,6,6,-9.9,3,0.68,0.95,0.97125
3,26,0,6,25.4,1,0.36,0.95,0.9466666666666667
3,26,0,6,18.2,2,0.69,1.19,0.9358333333333334
4,26,0,6,30.8,1,1.35,1.5,0.9424999999999999
6,26,0,6,7.1,1,1.82,1.78,0.9558333333333332
10,26,0,6,38.6,5,1.64,0.35,0.9500000000000001
12,26,0,6,24.5,4,1.32,1.87,0.9904166666666666
12,26,0,6,24.1,3,1.02,0.27,0.955
16,26,0,6,8.3,1,0.34,0.91,0.9579166666666666
17,26,0,6,25.2,4,1.41,1.27,0.9787499999999999
17,26,0,6,39.0,2,0.21,0.22,0.9345833333333333
18,26,0,6,-2.5,3,0.3,0.26,0.9379166666666667
18,26,0,6,34.7,2,0.89,1.8,0.9641666666666667
19,26,0,6,-7.0,4,0.41,1.55,0.90625
19,26,0,6,-8.8,2,0.87,0.98,0.8779166666666667
19,26,0,6,-3.7,4,1.63,0.39,0.9050000000000001
21,26,0,6,-9.0,3,1.76,1.35,0.9620833333333333
21,26,0,6,16.0,1,0.83,1.49,0.9404166666666667
21,26,0,6,34.4,1,0.31,0.44,0.89125
23,26,0,6,14.1,4,1.52,1.54,0.9362499999999999
0,27,1,6,25.8,5,0.59,0.49,0.8966666666666666
0,27,1,6,-0.7,2,0.89,0.5,0.9133333333333334
1,27,1,6,33.1,5,1.17,0.58,0.9412500000000001
2,27,1,6,28.4,2,1.57,0.68,0.9824999999999999
3,27,1,6,27.5,2,0.28,0.36,0.9658333333333333
4,27,1,6,21.2,5,1.37,0.69,1.0079166666666668
4,27,1,6,0.5,4,0.68,1.35,1.0075
5,27,1,6,-4.0,3,1.73,1.82,1.0233333333333332
6,27,1,6,-5.2,2,1.92,1.64,1.0275
7,27,1,6,31.2,5,1.37,1.32,1.01625
7,27,1,6,18.8,3,0.57,1.02,0.985
8,27,1,6,28.8,5,0.45,0.34,0.96125
8,27,1,6,24.7,1,1.0,1.41,0.98875
8,27,1,6,37.1,5,0.46,0.21,0.9491666666666667
9,27,1,6,-1.6,4,1.64,0.3,1.00875
9,27,1,6,17.5,5,0.31,0.89,1.0091666666666665
10,27,1,6,21.7,5,0.92,0.41,1.0104166666666667
10,27,1,6,25.7,1,1.02,0.87,1.0358333333333334
11,27,1,6,11.5,3,0.4,1.63,1.01625
11,27,1,6,1.2,3,1.9,1.76,1.0275
12,27,1,6,-2.0,4,1.2,0.83,1.0041666666666667
12,27,1,6,-5.4,4,1.49,0.31,1.0316666666666665
13,27,1,6,10.0,5,0.66,1.52,1.04625
13,27,1,6,-8.6,3,1.49,0.59,1.0450000000000002
14,27,1,6,19.3,2,1.93,0.89,1.1008333333333333
15,27,1,6,0.0,4,1.02,1.17,1.10625
16,27,1,6,38.2,2,0.46,1.57,1.0766666666666669
17,27,1,6,15.1,2,1.0,0.28,1.0529166666666667
17,27,1,6,23.8,1,1.39,1.37,1.0991666666666666
20,27,1,6,28.9,3,1.65,0.68,1.1108333333333333
22,27,1,6,15.4,1,0.82,1.73,1.1166666666666667
22,27,1,6,12.9,2,0.45,1.92,1.0633333333333332
23,27,1,6,13.6,1,0.59,1.37,1.0079166666666668
0,28,2,6,31.2,1,1.14,0.57,0.9983333333333334
0,28,2,6,-5.9,3,1.03,0.45,1.0174999999999998
1,28,2,6,32.7,1,1.35,1.0,1.055
1,28,2,6,27.8,3,1.33,0.46,1.0687499999999999
1,28,2,6,18.8,2,1.14,1.64,1.0970833333333332
1,28,2,6,6.1,3,1.14,0.31,1.07625
1,28,2,6,1.6,3,0.76,0.92,1.095
1,28,2,6,12.4,2,1.63,1.02,1.1245833333333333
2,28,2,6,1.2,1,0.36,0.4,1.0970833333333332
2,28,2,6,25.8,2,1.0,1.9,1.1220833333333333
3,28,2,6,4.1,4,1.18,1.2,1.0920833333333333
5,28,2,6,8.4,1,1.32,1.49,1.0970833333333332
5,28,2,6,-6.0,5,0.26,0.66,1.0458333333333334
6,28,2,6,7.2,4,1.93,1.49,1.0987500000000001
7,28,2,6,39.5,1,0.31,1.93,1.0495833333333333
7,28,2,6,-4.4,3,1.99,1.02,1.0520833333333333
7,28,2,6,15.1,1,1.02,0.46,1.0520833333333333
8,28,2,6,30.5,2,1.34,1.0,1.0887499999999999
9,28,2,6,36.4,3,0.37,1.39,1.0624999999999998
10,28,2,6,13.5,1,1.18,1.65,1.05375
11,28,2,6,25.0,4,1.58,0.82,1.0508333333333333
11,28,2,6,25.0,1,0.5,0.45,1.0374999999999999
12,28,2,6,38.8,1,0.8,0.59,1.0520833333333333
12,28,2,6,13.6,3,1.36,1.14,1.0841666666666667
14,28,2,6,7.2,4,0.78,1.03,1.0691666666666666
14,28,2,6,2.6,1,1.31,1.35,1.0808333333333333
16,28,2,6,20.0,5,1.84,1.33,1.10125
18,28,2,6,29.5,2,1.99,1.14,1.1287500000000001
18,28,2,6,25.2,4,0.84,1.14,1.1162500000000002
18,28,2,6,38.6,5,0.82,0.76,1.1029166666666665
21,28,2,6,17.6,2,0.47,1.63,1.0908333333333333
23,28,2,6,21.1,4,1.8,0.36,1.0979166666666667
0,29,3,6,35.3,1,1.87,1.0,1.1608333333333334
1,29,3,6,4.1,3,0.38,1.18,1.135
2,29,3,6,-0.7,2,0.74,1.32,1.1166666666666667
3,29,3,6,12.6,3,0.47,0.26,1.08125
4,29,3,6,16.7,5,1.18,1.93,1.1195833333333332
4,29,3,6,0.4,3,1.68,0.31,1.1091666666666666
4,29,3,6,18.6,2,0.87,1.99,1.1325
6,29,3,6,-6.1,4,0.6,1.02,1.0745833333333332
8,29,3,6,0.8,1,1.3,1.34,1.08625
9,29,3,6,4.2,4,0.83,0.37,1.065
10,29,3,6,18.9,2,0.75,1.18,1.0808333333333333
10,29,3,6,26.1,1,1.48,1.58,1.0933333333333333
11,29,3,6,39.2,4,1.61,0.5,1.0945833333333332
13,29,3,6,27.8,3,0.96,0.8,1.11375
14,29,3,6,0.0,5,1.85,1.36,1.1575
14,29,3,6,36.9,1,0.41,0.78,1.1179166666666667
17,29,3,6,-0.4,4,0.98,1.31,1.12625
17,29,3,6,11.7,3,1.89,1.84,1.1504166666666666
18,29,3,6,-5.6,5,1.24,1.99,1.1254166666666667
20,29,3,6,30.5,1,0.35,0.84,1.0570833333333332
3,30,4,6,40.0,1,1.35,0.82,1.0783333333333334
3,30,4,6,-7.7,4,0.93,0.47,1.0829166666666667
5,30,4,6,16.3,2,0.37,1.8,1.07875
5,30,4,6,12.4,2,1.51,1.87,1.0666666666666667
5,30,4,6,13.5,3,1.54,0.38,1.0529166666666667
6,30,4,6,13.5,3,1.9,0.74,1.11625
6,30,4,6,39.8,5,0.45,0.47,1.1041666666666667
7,30,4,6,24.6,5,1.66,1.18,1.15375
7,30,4,6,18.6,3,1.9,1.68,1.1837499999999999
8,30,4,6,17.3,1,1.65,0.87,1.1824999999999999
9,30,4,6,1.3,3,1.46,0.6,1.2070833333333333
10,30,4,6,-3.2,1,0.77,1.3,1.2141666666666666
11,30,4,6,21.4,3,1.22,0.83,1.2108333333333332
12,30,4,6,-6.6,1,1.56,0.75,1.24125
12,30,4,6,33.7,1,1.05,1.48,1.25375
12,30,4,6,18.9,2,1.62,1.61,1.2595833333333333
13,30,4,6,21.2,5,1.23,0.96,1.2437500000000001
14,30,4,6,24.8,1,1.58,1.85,1.2695833333333333
14,30,4,6,7.5,1,1.8,0.41,1.2674999999999998
16,30,4,6,33.1,2,1.05,0.98,1.2941666666666667
16,30,4,6,29.0,3,1.84,1.89,1.33
18,30,4,6,27.9,5,1.6,1.24,1.3179166666666668
18,30,4,6,2.8,3,1.24,0.35,1.3179166666666666
18,30,4,6,11.7,1,0.63,1.35,1.3295833333333333
18,30,4,6,34.8,1,1.72,0.93,1.345
19,30,4,6,40.0,1,1.94,0.37,1.3870833333333332
20,30,4,6,-8.6,4,0.51,1.51,1.3929166666666666
21,30,4,6,14.6,1,1.29,1.54,1.38375
21,30,4,6,13.9,4,0.59,1.9,1.344166666666667
22,30,4,6,3.4,2,1.92,0.45,1.345
23,30,4,6,8.1,2,0.96,1.66,1.36625
23,30,4,6,15.8,4,0.79,1.9,1.33
0,1,5,7,39.7,4,0.33,1.65,1.2645833333333334
1,1,5,7,8.7,4,0.57,1.46,1.2195833333333332
1,1,5,7,-0.1,4,1.39,0.77,1.2166666666666668
1,1,5,7,15.1,1,0.72,1.22,1.2145833333333333
3,1,5,7,16.5,1,1.26,1.56,1.21625
4,1,5,7,7.4,3,1.81,1.05,1.2266666666666668
5,1,5,7,-5.0,2,1.35,1.62,1.2391666666666667
7,1,5,7,34.6,5,0.95,1.23,1.21125
8,1,5,7,-8.9,2,0.77,1.58,1.1920833333333334
8,1,5,7,0.4,1,1.91,1.8,1.2058333333333333
9,1,5,7,16.8,2,0.87,1.05,1.1670833333333335
10,1,5,7,11.3,3,1.71,1.84,1.1945833333333333
10,1,5,7,-1.0,4,1.62,1.6,1.1854166666666666
11,1,5,7,12.4,5,0.68,1.24,1.1470833333333332
12,1,5,7,13.3,1,1.49,0.63,1.1575
13,1,5,7,37.0,3,0.83,1.72,1.1658333333333333
13,1,5,7,30.5,3,0.86,1.94,1.13
13,1,5,7,34.1,4,1.24,0.51,1.1008333333333333
14,1,5,7,-9.9,2,0.76,1.29,1.1112499999999998
14,1,5,7,-8.7,3,1.09,0.59,1.1029166666666665
14,1,5,7,30.7,1,0.67,1.92,1.10625
14,1,5,7,33.4,2,1.97,0.96,1.1083333333333332
15,1,5,7,1.6,1,0.78,0.79,1.1008333333333333
15,1,5,7,21.9,5,1.81,0.33,1.1433333333333333
16,1,5,7,32.9,5,1.34,0.57,1.1854166666666666
18,1,5,7,8.3,4,0.49,1.39,1.1820833333333334
19,1,5,7,38.1,5,0.38,0.72,1.14
19,1,5,7,4.0,3,1.78,1.26,1.1841666666666668
20,1,5,7,10.3,2,1.71,1.81,1.2029166666666666
20,1,5,7,-3.5,2,1.51,1.35,1.1904166666666667
20,1,5,7,38.9,1,0.28,0.95,1.1458333333333333
20,1,5,7,28.9,2,1.24,0.77,1.1579166666666667
21,1,5,7,5.4,4,0.95,1.91,1.1654166666666665
22,1,5,7,-7.9,4,1.05,0.87,1.1295833333333334
23,1,5,7,-7.7,4,1.53,1.71,1.1570833333333332
0,2,6,7,16.2,4,1.04,1.62,1.1291666666666667
1,2,6,7,12.9,1,0.53,0.68,1.08375
2,2,6,7,7.4,4,1.29,1.49,1.1091666666666666
2,2,6,7,16.1,4,1.45,0.83,1.1075
3,2,6,7,3.2,4,0.3,0.86,1.0854166666666667
3,2,6,7,33.7,1,0.74,1.24,1.0804166666666666
3,2,6,7,10.2,1,0.23,0.76,1.0383333333333333
5,2,6,7,5.6,4,0.83,1.09,1.04125
6,2,6,7,-5.2,4,1.74,0.67,1.0683333333333334
6,2,6,7,32.6,5,0.48,1.97,1.0604166666666666
7,2,6,7,-6.4,4,1.65,0.78,1.0470833333333334
8,2,6,7,24.9,1,1.26,1.81,1.0670833333333334
9,2,6,7,15.8,4,1.11,1.34,1.0379166666666666
9,2,6,7,16.0,4,0.56,0.49,1.0054166666666668
10,2,6,7,17.7,4,1.63,0.38,1.0529166666666667
11,2,6,7,18.3,3,1.97,1.78,1.1191666666666666
12,2,6,7,36.1,2,1.75,1.71,1.1179166666666667
12,2,6,7,15.2,5,1.8,1.51,1.1216666666666668
12,2,6,7,4.0,4,1.07,0.28,1.1033333333333333
13,2,6,7,38.7,4,1.61,1.24,1.15875
13,2,6,7,15.2,5,1.41,0.95,1.1658333333333333
13,2,6,7,0.8,1,0.9,1.05,1.16375
13,2,6,7,38.4,1,1.13,1.53,1.1670833333333335
14,2,6,7,3.1,2,0.74,1.04,1.1341666666666665
16,2,6,7,13.1,2,1.81,0.53,1.16625
17,2,6,7,18.5,3,1.71,1.29,1.2154166666666666
17,2,6,7,6.8,4,0.84,1.45,1.1966666666666665
19,2,6,7,37.8,2,0.9,0.3,1.17375
21,2,6,7,37.8,2,0.59,0.74,1.1858333333333333
21,2,6,7,20.3,5,1.39,0.23,1.2129166666666666
21,2,6,7,26.1,1,0.82,0.83,1.2375
22,2,6,7,19.0,5,0.27,1.74,1.2141666666666666
23,2,6,7,24.0,2,0.38,0.48,1.1575
0,3,0,7,3.4,5,1.77,1.65,1.21125
0,3,0,7,4.5,3,1.97,1.26,1.2245833333333334
1,3,0,7,-3.4,3,1.9,1.11,1.25125
1,3,0,7,23.2,1,0.61,0.56,1.2304166666666667
1,3,0,7,-4.8,5,0.52,1.63,1.22875
2,3,0,7,35.6,1,0.51,1.97,1.1820833333333332
2,3,0,7,13.3,3,0.97,1.75,1.1404166666666666
3,3,0,7,28.5,1,0.49,1.8,1.0879166666666666
4,3,0,7,7.6,5,0.43,1.07,1.0308333333333333
6,3,0,7,27.2,4,1.94,1.61,1.0670833333333334
6,3,0,7,-9.7,3,1.49,1.41,1.0620833333333333
8,3,0,7,39.3,1,1.15,0.9,1.05125
8,3,0,7,4.2,5,0.74,1.13,1.0445833333333334
8,3,0,7,22.3,1,1.76,0.74,1.0708333333333333
9,3,0,7,9.7,1,1.9,1.81,1.1191666666666666
9,3,0,7,21.2,3,1.48,1.71,1.1054166666666667
9,3,0,7,31.0,1,1.96,0.84,1.1158333333333335
10,3,0,7,-1.6,5,1.74,0.9,1.1533333333333333
11,3,0,7,7.8,2,0.65,0.59,1.1429166666666666
11,3,0,7,10.3,1,1.77,1.39,1.1920833333333334
12,3,0,7,39.2,3,0.91,0.82,1.1720833333333334
14,3,0,7,11.2,5,0.77,0.27,1.1700000000000002
16,3,0,7,23.2,3,0.38,0.38,1.1745833333333333
17,3,0,7,30.5,1,1.12,1.77,1.2054166666666666
17,3,0,7,17.5,4,1.37,1.97,1.18875
18,3,0,7,-3.2,3,0.21,1.9,1.1154166666666667
18,3,0,7,6.6,4,1.64,0.61,1.1045833333333333
18,3,0,7,24.0,4,0.22,0.52,1.0883333333333334
18,3,0,7,18.7,4,1.18,0.51,1.1158333333333335
21,3,0,7,13.1,2,0.72,0.97,1.1245833333333335
22,3,0,7,23.2,1,0.26,0.49,1.095
0,4,1,7,-7.0,3,0.53,0.43,1.0966666666666667
1,4,1,7,4.4,3,1.83,1.94,1.155
1,4,1,7,-3.6,4,0.54,1.49,1.0966666666666667
2,4,1,7,28.0,1,0.81,1.15,1.0683333333333334
2,4,1,7,-7.2,2,0.95,0.74,1.0599999999999998
2,4,1,7,1.3,4,0.95,1.76,1.06875
3,4,1,7,8.7,3,0.67,1.9,1.0233333333333332
3,4,1,7,-0.4,4,0.24,1.48,0.9541666666666667
3,4,1,7,1.3,2,0.24,1.96,0.9025
3,4,1,7,8.2,2,0.5,1.74,0.8416666666666667
3,4,1,7,34.1,4,1.35,0.65,0.8254166666666668
4,4,1,7,20.3,2,1.66,1.77,0.8675
5,4,1,7,-7.8,1,1.43,0.91,0.8533333333333334
5,4,1,7,-7.1,3,1.07,0.77,0.86
5,4,1,7,-5.7,3,1.67,0.38,0.8975
6,4,1,7,2.2,2,0.63,1.12,0.9079166666666666
7,4,1,7,6.1,5,1.23,1.37,0.9125
7,4,1,7,-4.0,4,1.16,0.21,0.9037499999999999
8,4,1,7,25.9,4,0.62,1.64,0.9208333333333334
8,4,1,7,35.4,3,0.61,0.22,0.8779166666666667
10,4,1,7,12.4,4,1.58,1.18,0.9345833333333333
10,4,1,7,10.9,3,1.76,0.72,0.9587499999999999
11,4,1,7,-8.2,1,0.82,0.26,0.9629166666666666
11,4,1,7,-5.2,1,0.33,0.53,0.9658333333333334
11,4,1,7,36.3,5,1.79,1.83,1.0183333333333333
13,4,1,7,-4.9,5,0.71,0.54,0.9716666666666667
13,4,1,7,29.2,2,0.36,0.81,0.9641666666666667
16,4,1,7,36.7,4,0.8,0.95,0.96375
17,4,1,7,11.8,4,1.06,0.95,0.9683333333333334
18,4,1,7,5.5,1,1.14,0.67,0.97625
18,4,1,7,16.3,1,0.91,0.24,0.9862500000000001
21,4,1,7,1.1,5,1.45,0.24,1.0366666666666666
21,4,1,7,6.1,4,0.23,0.5,1.0362500000000001
23,4,1,7,19.1,3,0.31,1.35,1.0283333333333333
23,4,1,7,8.1,3,0.41,1.66,0.9891666666666666
23,4,1,7,24.9,1,1.81,1.43,0.9954166666666665
0,5,2,7,37.6,3,0.96,1.07,0.9758333333333332
0,5,2,7,18.9,5,1.54,1.67,0.9954166666666665
1,5,2,7,9.8,2,1.12,0.63,0.9725
1,5,2,7,27.3,5,1.77,1.23,1.02
3,5,2,7,7.6,2,0.57,1.16,0.9925
3,5,2,7,8.5,4,0.49,0.62,0.9645833333333335
3,5,2,7,39.4,3,0.87,0.61,0.975
4,5,2,7,25.7,1,0.73,1.58,0.98
5,5,2,7,3.8,5,1.51,1.76,0.9770833333333333
5,5,2,7,38.2,5,1.45,0.82,0.9641666666666667
5,5,2,7,-5.4,4,1.82,0.33,1.0058333333333334
6,5,2,7,39.6,1,0.48,1.79,1.0120833333333332
10,5,2,7,37.9,2,1.96,0.71,1.0191666666666668
11,5,2,7,36.5,3,0.73,0.36,1.0199999999999998
14,5,2,7,23.8,4,1.02,0.8,1.0475
14,5,2,7,19.4,5,0.56,1.06,1.0375
14,5,2,7,30.0,4,1.29,1.14,1.0470833333333334
15,5,2,7,24.1,4,1.11,0.91,1.0458333333333332
15,5,2,7,28.2,4,0.97,1.45,1.0483333333333333
15,5,2,7,-2.0,3,1.3,0.23,1.0420833333333333
16,5,2,7,14.7,1,0.76,0.31,1.0641666666666667
16,5,2,7,20.6,4,1.26,0.41,1.10375
17,5,2,7,3.0,2,1.35,1.81,1.1429166666666666
17,5,2,7,15.2,2,1.73,0.96,1.1395833333333334
18,5,2,7,22.7,3,0.77,1.54,1.1316666666666666
18,5,2,7,23.1,3,1.35,1.12,1.12375
19,5,2,7,-8.7,4,0.33,1.77,1.0908333333333333
23,5,2,7,16.9,2,1.17,0.57,1.0658333333333334
23,5,2,7,21.2,3,1.5,0.49,1.1045833333333335
0,6,3,7,15.7,4,1.56,0.87,1.1491666666666667
1,6,3,7,4.7,4,1.67,0.73,1.1825
2,6,3,7,-3.4,1,0.34,1.51,1.16625
2,6,3,7,32.5,4,0.75,1.45,1.1345833333333333
3,6,3,7,1.5,3,1.93,1.82,1.1545833333333333
5,6,3,7,-1.4,5,1.94,0.48,1.1595833333333332
6,6,3,7,2.6,5,1.21,1.96,1.19
6,6,3,7,14.1,2,1.91,0.73,1.1879166666666665
6,6,3,7,-8.7,3,1.38,1.02,1.215
6,6,3,7,-7.2,4,1.64,0.56,1.2408333333333332
8,6,3,7,5.7,3,1.18,1.29,1.2666666666666666
8,6,3,7,-4.9,5,1.38,1.11,1.2704166666666667
9,6,3,7,-7.8,3,0.9,0.97,1.2616666666666667
9,6,3,7,1.5,3,1.06,1.3,1.2654166666666666
10,6,3,7,8.3,2,1.5,0.76,1.27375
10,6,3,7,0.9,5,1.4,1.26,1.3004166666666668
11,6,3,7,17.5,4,0.46,1.35,1.2670833333333333
11,6,3,7,10.7,2,0.48,1.73,1.2308333333333332
12,6,3,7,23.3,4,1.65,0.77,1.2275
13,6,3,7,34.5,4,1.33,1.35,1.2508333333333332
14,6,3,7,17.2,5,0.38,0.33,1.2104166666666667
15,6,3,7,-0.9,5,0.66,1.17,1.2241666666666668
15,6,3,7,-8.0,3,0.4,1.5,1.1920833333333334
15,6,3,7,23.5,1,1.28,1.56,1.1829166666666666
16,6,3,7,27.7,3,1.48,1.67,1.1795833333333334
16,6,3,7,37.7,5,1.47,0.34,1.17125
18,6,3,7,-6.3,5,1.5,0.75,1.2195833333333332
22,6,3,7,37.4,1,0.55,1.93,1.21125
23,6,3,7,5.0,2,1.31,1.94,1.1854166666666666
2,7,4,7,23.8,1,1.98,1.21,1.1870833333333333
3,7,4,7,37.7,5,0.65,1.91,1.16375
3,7,4,7,-5.2,5,0.71,1.38,1.11375
4,7,4,7,7.1,3,1.65,1.64,1.125
4,7,4,7,-1.4,1,0.51,1.18,1.0779166666666666
5,7,4,7,21.0,1,0.72,1.38,1.05875
6,7,4,7,9.9,1,0.27,0.9,1.0125
6,7,4,7,19.1,1,0.35,1.06,0.9895833333333334
6,7,4,7,17.9,1,0.66,1.5,0.9729166666666668
7,7,4,7,11.0,1,0.71,1.4,0.9400000000000001
9,7,4,7,-9.2,1,1.04,0.46,0.9249999999999999
10,7,4,7,12.0,4,1.48,0.48,0.9674999999999999
11,7,4,7,24.9,3,1.11,1.65,0.99375
12,7,4,7,-2.4,4,1.33,1.33,0.9804166666666667
12,7,4,7,-3.3,4,0.92,0.38,0.9633333333333334
14,7,4,7,-7.2,5,0.68,0.66,0.9758333333333332
15,7,4,7,10.2,4,0.74,0.4,0.9791666666666666
15,7,4,7,-0.8,5,0.26,1.28,0.9733333333333333
17,7,4,7,19.4,4,1.34,1.48,0.9758333333333332
18,7,4,7,35.0,3,0.37,1.47,0.9295833333333333
20,7,4,7,2.4,5,0.62,1.5,0.8941666666666667
21,7,4,7,-2.2,2,0.7,0.55,0.8608333333333333
23,7,4,7,-2.9,1,0.36,1.31,0.8529166666666667
0,8,5,7,-4.2,3,1.2,1.98,0.8483333333333333
0,8,5,7,-6.9,4,1.5,0.65,0.8283333333333333
2,8,5,7,7.2,2,0.29,0.71,0.8133333333333334
3,8,5,7,10.4,3,1.22,1.65,0.8345833333333333
4,8,5,7,28.2,5,0.93,0.51,0.8045833333333334
4,8,5,7,2.3,1,0.83,0.72,0.8179166666666666
5,8,5,7,24.4,1,0.91,0.27,0.8258333333333333
5,8,5,7,23.0,4,1.73,0.35,0.8866666666666667
7,8,5,7,-7.6,1,0.72,0.66,0.9020833333333332
8,8,5,7,17.9,2,1.74,0.71,0.9470833333333334
8,8,5,7,-6.5,3,0.27,1.04,0.92875
8,8,5,7,20.1,4,1.82,1.48,0.96125
8,8,5,7,2.0,2,0.95,1.11,0.9391666666666666
10,8,5,7,18.6,4,1.92,1.33,0.9729166666666668
11,8,5,7,16.4,1,1.04,0.92,0.9608333333333334
11,8,5,7,13.1,5,1.34,0.68,0.9783333333333334
12,8,5,7,5.2,4,1.26,0.74,1.0025000000000002
15,8,5,7,10.9,4,1.59,0.26,1.0379166666666666
18,8,5,7,15.2,4,1.17,1.34,1.0758333333333334
18,8,5,7,-7.8,3,1.24,0.37,1.0716666666666665
18,8,5,7,23.5,1,0.56,0.62,1.0795833333333333
19,8,5,7,-9.5,5,1.61,0.7,1.1208333333333333
21,8,5,7,27.6,4,1.01,0.36,1.13375
21,8,5,7,-7.3,2,0.62,1.2,1.1445833333333333
21,8,5,7,21.4,4,1.03,1.5,1.1375
22,8,5,7,34.3,2,0.75,0.29,1.10625
23,8,5,7,39.2,1,0.3,1.22,1.1066666666666667
0,9,6,7,-9.5,4,1.2,0.93,1.1058333333333332
0,9,6,7,19.2,3,0.3,0.83,1.0795833333333333
0,9,6,7,4.2,1,0.55,0.91,1.0679166666666668
2,9,6,7,5.4,5,1.01,1.73,1.0720833333333333
2,9,6,7,-7.9,5,1.8,0.72,1.075
2,9,6,7,21.8,4,1.77,1.74,1.1187500000000001
3,9,6,7,32.4,3,0.76,0.27,1.0779166666666666
3,9,6,7,39.7,2,0.36,1.82,1.0816666666666668
5,9,6,7,0.1,1,1.18,0.95,1.055
6,9,6,7,2.0,5,0.25,1.92,1.0258333333333334
7,9,6,7,38.7,4,1.86,1.04,1.0233333333333332
9,9,6,7,9.9,2,0.89,1.34,1.0170833333333333
9,9,6,7,-3.6,2,1.46,1.26,1.0220833333333335
10,9,6,7,4.5,5,1.63,1.59,1.0375
10,9,6,7,21.8,3,1.75,1.17,1.0441666666666667
11,9,6,7,-0.1,5,1.94,1.24,1.07625
12,9,6,7,-6.5,2,1.85,0.56,1.1016666666666666
17,9,6,7,35.2,5,0.48,1.61,1.0983333333333334
17,9,6,7,3.7,2,1.27,1.01,1.0841666666666667
17,9,6,7,-7.7,3,0.37,0.62,1.0574999999999999
18,9,6,7,2.6,2,1.95,1.03,1.1129166666666668
23,9,6,7,36.0,5,1.02,0.75,1.1125
23,9,6,7,32.9,1,1.65,0.3,1.1500000000000001
1,10,0,7,19.1,3,1.14,1.2,1.1849999999999998
2,10,0,7,13.5,5,0.22,0.3,1.1441666666666668
3,10,0,7,20.0,5,1.84,0.55,1.2083333333333333
3,10,0,7,-2.5,3,1.79,1.01,1.26
4,10,0,7,16.6,2,0.92,1.8,1.2562499999999999
4,10,0,7,19.6,3,1.09,1.77,1.2266666666666666
5,10,0,7,-1.1,5,1.93,0.76,1.2333333333333334
9,10,0,7,-0.2,5,0.89,0.36,1.2387499999999998
11,10,0,7,30.2,2,0.26,1.18,1.2345833333333334
11,10,0,7,-5.8,3,0.57,0.25,1.2091666666666667
11,10,0,7,16.7,2,1.01,1.86,1.2408333333333332
12,10,0,7,13.8,1,1.85,0.89,1.2404166666666667
13,10,0,7,-5.5,1,1.43,1.46,1.2629166666666667
13,10,0,7,33.1,2,1.81,1.63,1.2774999999999999
14,10,0,7,-2.4,5,0.52,1.75,1.23125
14,10,0,7,24.0,5,0.77,1.94,1.1904166666666667
15,10,0,7,16.2,1,1.03,1.85,1.1525
17,10,0,7,0.8,5,0.26,0.48,1.08625
19,10,0,7,26.3,4,1.82,1.27,1.1420833333333333
22,10,0,7,-3.2,2,1.25,0.37,1.14125
0,11,1,7,40.0,1,0.7,1.95,1.155
1,11,1,7,21.5,1,1.43,1.02,1.1333333333333333
2,11,1,7,17.3,4,0.29,1.65,1.1029166666666665
2,11,1,7,-9.6,5,1.39,1.14,1.0920833333333333
2,11,1,7,29.4,3,1.77,0.22,1.1183333333333334
4,11,1,7,-5.5,4,0.34,1.84,1.1233333333333333
5,11,1,7,37.6,5,0.81,1.79,1.0804166666666666
6,11,1,7,33.8,2,0.38,0.92,1.0216666666666667
7,11,1,7,29.9,3,0.61,1.09,1.00875
9,11,1,7,29.5,2,1.59,1.93,1.0295833333333333
9,11,1,7,-1.6,5,0.64,0.89,0.9758333333333332
9,11,1,7,10.1,2,1.07,0.26,0.9833333333333334
10,11,1,7,5.6,5,0.24,0.57,0.9825
11,11,1,7,9.8,4,0.5,1.01,0.9795833333333334
11,11,1,7,2.5,5,1.5,1.85,1.0000000000000002
13,11,1,7,3.0,5,1.88,1.43,1.00125
15,11,1,7,1.8,1,1.92,1.81,1.0216666666666667
16,11,1,7,36.9,5,0.21,0.52,0.9550000000000001
16,11,1,7,12.2,2,1.81,0.77,1.0087499999999998
17,11,1,7,-4.7,5,0.58,1.03,1.0008333333333332
19,11,1,7,22.7,2,1.53,0.26,1.0216666666666667
19,11,1,7,20.1,4,1.3,1.82,1.065
21,11,1,7,3.6,1,0.21,1.25,0.9979166666666667
21,11,1,7,35.1,2,0.48,0.7,0.9658333333333333
23,11,1,7,23.8,2,0.85,1.43,0.9720833333333334
0,12,2,7,37.3,4,1.9,0.29,0.9916666666666667
0,12,2,7,29.2,3,0.98,1.39,1.0204166666666667
1,12,2,7,39.0,3,0.57,1.77,0.9862500000000001
2,12,2,7,25.9,1,1.93,0.34,0.9929166666666668
3,12,2,7,8.4,5,1.95,0.81,1.06
3,12,2,7,35.3,4,1.63,0.38,1.0941666666666665
4,12,2,7,2.9,3,0.92,0.61,1.1166666666666667
5,12,2,7,14.3,3,1.33,1.59,1.1466666666666667
5,12,2,7,26.6,5,1.67,0.64,1.1500000000000001
6,12,2,7,-9.2,2,1.09,1.07,1.16875
6,12,2,7,13.6,2,1.92,0.24,1.2041666666666666
8,12,2,7,37.2,4,1.4,0.5,1.2525
9,12,2,7,22.9,1,1.11,1.5,1.2779166666666666
11,12,2,7,9.1,5,1.82,1.88,1.29125
11,12,2,7,31.7,4,1.91,1.92,1.2925
12,12,2,7,16.0,4,1.82,0.21,1.2883333333333333
12,12,2,7,-4.7,1,1.51,1.81,1.3425
12,12,2,7,31.4,3,1.31,0.58,1.3216666666666668
13,12,2,7,7.7,2,1.03,1.53,1.3404166666666668
14,12,2,7,24.2,3,0.9,1.3,1.3141666666666667
15,12,2,7,-7.4,4,0.5,0.21,1.2808333333333335
15,12,2,7,31.0,4,0.46,0.48,1.29125
16,12,2,7,-3.5,2,0.76,0.85,1.3029166666666667
16,12,2,7,12.9,5,1.57,1.9,1.3329166666666665
16,12,2,7,-1.6,2,0.87,0.98,1.29
16,12,2,7,22.2,5,0.68,0.57,1.2775
17,12,2,7,-6.4,4,1.46,1.93,1.3145833333333334
20,12,2,7,26.6,1,0.89,1.95,1.27125
20,12,2,7,12.3,3,1.2,1.63,1.24
20,12,2,7,37.3,4,1.13,0.92,1.2191666666666667
23,12,2,7,30.5,3,1.7,1.33,1.2516666666666667
23,12,2,7,31.9,1,1.07,1.67,1.2408333333333335
0,13,3,7,32.6,3,1.72,1.09,1.2429166666666667
0,13,3,7,34.4,5,1.42,1.92,1.2566666666666666
1,13,3,7,3.3,1,0.74,1.4,1.2075
2,13,3,7,39.0,5,0.91,1.11,1.1870833333333333
2,13,3,7,33.3,4,1.08,1.82,1.1858333333333333
2,13,3,7,32.4,3,0.48,1.91,1.1300000000000001
3,13,3,7,9.9,3,0.21,1.82,1.0591666666666668
3,13,3,7,27.3,5,2.0,1.51,1.0666666666666667
4,13,3,7,21.2,1,1.08,1.31,1.04875
5,13,3,7,9.2,4,1.03,1.03,1.0370833333333334
7,13,3,7,13.0,4,1.8,0.9,1.0691666666666668
8,13,3,7,1.2,4,0.43,0.5,1.0495833333333333
9,13,3,7,16.6,1,0.44,0.46,1.0470833333333334
10,13,3,7,25.4,5,1.59,0.76,1.0941666666666665
11,13,3,7,0.7,1,1.27,1.57,1.1154166666666667
13,13,3,7,29.0,2,1.58,0.87,1.1158333333333335
16,13,3,7,7.3,2,0.33,0.68,1.0933333333333333
17,13,3,7,-0.4,2,0.5,1.46,1.0858333333333332
19,13,3,7,33.7,3,0.64,0.89,1.0516666666666665
19,13,3,7,14.2,4,1.26,1.2,1.0670833333333334
20,13,3,7,0.1,3,1.6,1.13,1.08375
22,13,3,7,-0.8,2,1.02,1.7,1.0791666666666666
22,13,3,7,22.8,3,1.23,1.07,1.0595833333333333
22,13,3,7,36.0,1,0.81,1.72,1.04875
23,13,3,7,-8.5,4,0.56,1.42,1.0004166666666667
0,14,4,7,2.8,5,1.18,0.74,0.9904166666666666
0,14,4,7,-3.1,3,0.44,0.91,0.9779166666666668
1,14,4,7,8.1,2,1.19,1.08,0.9895833333333334
1,14,4,7,21.7,3,1.58,0.48,1.0104166666666667
1,14,4,7,12.3,5,0.22,0.21,0.9995833333333333
2,14,4,7,3.5,4,1.08,2.0,1.0358333333333334
4,14,4,7,17.0,4,1.77,1.08,1.0262499999999999
4,14,4,7,38.5,4,1.49,1.03,1.0433333333333332
5,14,4,7,12.0,5,1.32,1.8,1.0554166666666667
6,14,4,7,34.3,5,1.43,0.43,1.04
6,14,4,7,15.9,4,0.26,0.44,1.0329166666666667
7,14,4,7,10.9,5,0.54,1.59,1.0370833333333334
8,14,4,7,13.4,4,1.12,1.27,1.0175
9,14,4,7,-9.4,5,1.39,1.58,1.0225000000000002
10,14,4,7,-8.5,2,0.95,0.33,0.99625
10,14,4,7,11.5,4,1.02,0.5,1.0250000000000001
11,14,4,7,11.4,3,1.21,0.64,1.0545833333333334
13,14,4,7,-7.1,1,1.86,1.26,1.1054166666666667
14,14,4,7,6.0,3,0.54,1.6,1.0754166666666667
15,14,4,7,15.8,3,0.92,1.02,1.0470833333333334
16,14,4,7,19.2,2,0.73,1.23,1.035
17,14,4,7,21.9,3,0.38,0.81,0.9995833333333334
18,14,4,7,24.0,2,0.9,0.56,1.0033333333333332
18,14,4,7,23.7,2,1.82,1.18,1.0558333333333334
20,14,4,7,2.7,1,0.26,0.44,1.0175
2,15,5,7,28.5,4,0.61,1.19,1.0245833333333334
2,15,5,7,26.7,4,1.67,1.58,1.0445833333333334
3,15,5,7,30.3,2,1.07,0.22,1.0233333333333332
3,15,5,7,-1.9,4,0.47,1.08,1.0337500000000002
4,15,5,7,16.8,2,1.52,1.77,1.0520833333333333
4,15,5,7,31.3,3,1.49,1.49,1.0404166666666665
5,15,5,7,1.6,5,1.85,1.32,1.0554166666666667
6,15,5,7,9.0,5,1.62,1.43,1.0679166666666668
7,15,5,7,14.3,3,1.24,0.26,1.06
7,15,5,7,-4.8,4,1.24,0.54,1.1008333333333333
7,15,5,7,39.3,3,1.03,1.12,1.12125
8,15,5,7,2.8,3,1.12,1.39,1.12125
9,15,5,7,27.5,2,1.51,0.95,1.12625
10,15,5,7,14.0,2,1.45,1.02,1.1470833333333335
11,15,5,7,39.7,1,0.87,1.21,1.1408333333333334
13,15,5,7,16.0,3,1.41,1.86,1.1491666666666667
13,15,5,7,39.7,5,1.54,0.54,1.1358333333333335
13,15,5,7,5.4,5,1.49,0.92,1.1754166666666668
14,15,5,7,7.5,2,1.42,0.73,1.19625
14,15,5,7,16.6,2,0.81,0.38,1.1995833333333332
17,15,5,7,-8.8,2,1.7,0.9,1.2545833333333334
18,15,5,7,7.0,2,0.54,1.82,1.2395833333333333
0,16,6,7,33.7,5,1.28,0.26,1.2170833333333333
1,16,6,7,-6.3,2,0.89,0.61,1.2433333333333334
1,16,6,7,0.9,2,0.28,1.67,1.2295833333333335
2,16,6,7,25.2,5,1.9,1.07,1.2391666666666667
3,16,6,7,1.9,2,0.4,0.47,1.21125
5,16,6,7,20.7,4,1.52,1.52,1.255
5,16,6,7,5.4,2,1.77,1.49,1.2654166666666666
6,16,6,7,39.4,3,1.1,1.85,1.2491666666666668
7,16,6,7,30.0,3,0.51,1.62,1.1933333333333334
8,16,6,7,-6.3,3,1.26,1.24,1.1783333333333332
8,16,6,7,15.8,5,0.36,1.24,1.1416666666666668
9,16,6,7,8.4,3,0.59,1.03,1.1145833333333333
10,16,6,7,-4.5,5,0.45,1.12,1.0904166666666668
10,16,6,7,9.8,5,1.41,1.51,1.1025
10,16,6,7,-3.6,3,0.46,1.45,1.0587499999999999
10,16,6,7,14.4,2,0.99,0.87,1.0395833333333333
11,16,6,7,12.8,1,0.26,1.41,1.0141666666666667
12,16,6,7,13.7,2,0.22,1.54,0.9645833333333335
13,16,6,7,14.7,2,1.18,1.49,0.9495833333333333
13,16,6,7,28.6,3,0.93,1.42,0.92625
13,16,6,7,5.5,5,0.6,0.81,0.8920833333333332
14,16,6,7,39.3,1,0.99,1.7,0.8995833333333333
14,16,6,7,-1.9,4,0.96,0.54,0.86875
14,16,6,7,-1.4,1,1.35,1.28,0.9025
14,16,6,7,21.7,1,1.66,0.89,0.9183333333333333
16,16,6,7,27.9,5,0.34,0.28,0.8954166666666666
18,16,6,7,2.9,3,1.27,1.9,0.9366666666666665
18,16,6,7,8.0,1,0.23,0.4,0.8670833333333333
19,16,6,7,38.0,3,0.59,1.52,0.875
19,16,6,7,-3.8,2,0.28,1.77,0.8233333333333333
20,16,6,7,-3.9,2,0.92,1.1,0.7879166666666667
21,16,6,7,14.2,4,1.52,0.51,0.8054166666666668
22,16,6,7,26.9,3,0.86,1.26,0.82
0,17,0,7,30.6,5,0.26,0.36,0.7783333333333333
1,17,0,7,24.9,5,0.39,0.59,0.7795833333333332
2,17,0,7,33.0,2,1.22,0.45,0.8058333333333333
2,17,0,7,5.9,2,1.71,1.41,0.8583333333333333
4,17,0,7,5.0,4,1.64,0.46,0.8679166666666666
4,17,0,7,9.8,1,0.65,0.99,0.8758333333333335
5,17,0,7,12.8,2,0.25,0.26,0.8450000000000001
7,17,0,7,22.9,3,1.53,0.22,0.8979166666666667
8,17,0,7,13.8,5,1.61,1.18,0.9558333333333332
9,17,0,7,0.8,1,1.16,0.93,0.955
9,17,0,7,27.3,5,1.01,0.6,0.9583333333333334
10,17,0,7,21.2,4,1.71,0.99,1.0045833333333334
10,17,0,7,37.7,4,1.72,0.96,1.035
14,17,0,7,-3.3,4,1.04,1.35,1.0383333333333333
15,17,0,7,-6.0,5,1.59,1.66,1.0483333333333333
15,17,0,7,2.9,2,0.34,0.34,0.9933333333333333
16,17,0,7,-3.3,4,0.3,1.27,0.9916666666666667
16,17,0,7,12.8,1,1.76,0.23,1.0120833333333334
18,17,0,7,24.8,3,1.06,0.59,1.0466666666666666
20,17,0,7,8.8,4,0.46,0.28,1.04125
21,17,0,7,14.0,5,1.94,0.92,1.1104166666666666
22,17,0,7,20.3,4,1.91,1.52,1.1516666666666666
23,17,0,7,5.1,2,1.25,0.86,1.1404166666666666
23,17,0,7,21.3,3,1.03,0.26,1.1475
23,17,0,7,34.1,2,1.37,0.39,1.19375
0,18,1,7,5.8,3,1.58,1.22,1.2433333333333334
0,18,1,7,7.9,2,2.0,1.71,1.2758333333333332
2,18,1,7,-6.3,1,0.8,1.64,1.2379166666666668
3,18,1,7,8.2,4,1.89,0.65,1.2483333333333333
3,18,1,7,21.3,4,1.44,0.25,1.28125
3,18,1,7,32.8,1,1.84,1.53,1.3475
4,18,1,7,18.6,5,1.99,1.61,1.366666666666667
6,18,1,7,-8.0,5,1.78,1.16,1.37375
6,18,1,7,27.7,2,1.68,1.01,1.3954166666666667
7,18,1,7,13.9,3,1.25,1.71,1.4054166666666668
8,18,1,7,1.4,4,0.51,1.72,1.3554166666666667
8,18,1,7,11.7,4,0.98,1.04,1.3245833333333332
10,18,1,7,38.1,3,0.31,1.59,1.2941666666666667
11,18,1,7,-8.3,1,1.83,0.34,1.3041666666666667
11,18,1,7,18.6,2,0.59,0.3,1.3145833333333334
11,18,1,7,6.2,5,0.2,1.76,1.3104166666666666
12,18,1,7,3.5,4,1.43,1.06,1.2966666666666666
12,18,1,7,17.6,1,0.64,0.46,1.2791666666666666
12,18,1,7,29.6,5,1.42,1.94,1.3191666666666666
14,18,1,7,8.9,3,0.47,1.91,1.2579166666666666
14,18,1,7,34.1,3,0.76,1.25,1.2100000000000002
16,18,1,7,-8.2,2,1.24,1.03,1.2095833333333335
16,18,1,7,-7.0,2,0.5,1.37,1.1875
16,18,1,7,7.5,4,1.74,1.58,1.2029166666666666
17,18,1,7,-0.7,4,1.5,2.0,1.1995833333333334
17,18,1,7,-1.5,5,1.55,0.8,1.1808333333333334
18,18,1,7,-0.1,5,0.87,1.89,1.18375
19,18,1,7,38.1,5,0.91,1.44,1.1429166666666666
19,18,1,7,-8.4,4,1.43,1.84,1.1424999999999998
20,18,1,7,15.9,5,0.54,1.99,1.0883333333333332
20,18,1,7,5.1,1,0.5,1.78,1.0262499999999999
20,18,1,7,19.5,1,1.0,1.68,0.9937499999999999
20,18,1,7,34.2,1,1.36,1.25,0.9804166666666667
20,18,1,7,33.4,2,0.42,0.51,0.9458333333333333
20,18,1,7,32.4,5,1.48,0.98,0.9862500000000001
21,18,1,7,34.0,5,0.33,0.31,0.9591666666666666
21,18,1,7,36.0,4,1.61,1.83,1.0133333333333334
21,18,1,7,35.4,3,1.58,0.59,1.0029166666666667
22,18,1,7,8.9,4,1.86,0.2,1.0558333333333334
0,19,2,7,10.6,5,0.58,1.43,1.0716666666666668
1,19,2,7,-0.2,1,1.83,0.64,1.0883333333333332
4,19,2,7,26.8,1,1.12,1.42,1.1083333333333334
5,19,2,7,24.5,4,1.54,0.47,1.1133333333333333
6,19,2,7,-2.3,4,0.67,0.76,1.1216666666666668
6,19,2,7,30.7,1,0.51,1.24,1.1112499999999998
6,19,2,7,31.0,3,1.56,0.5,1.1245833333333335
7,19,2,7,31.9,4,0.75,1.74,1.135
8,19,2,7,-1.6,4,1.27,1.5,1.1154166666666667
8,19,2,7,-2.5,5,0.74,1.55,1.08375
9,19,2,7,9.0,4,0.34,0.87,1.0333333333333334
9,19,2,7,6.9,4,0.6,0.91,1.0220833333333335
9,19,2,7,5.2,4,0.37,1.43,0.9995833333333334
9,19,2,7,9.6,4,1.39,0.54,0.9979166666666668
9,19,2,7,34.9,1,1.7,0.5,1.0462500000000001
11,19,2,7,0.1,1,0.76,1.0,1.0570833333333334
11,19,2,7,0.0,5,1.27,1.36,1.0683333333333334
14,19,2,7,18.6,3,0.7,0.42,1.0408333333333333
15,19,2,7,-9.1,5,1.68,1.48,1.0933333333333335
16,19,2,7,33.2,3,0.22,0.33,1.0408333333333333
16,19,2,7,-9.7,2,1.37,1.61,1.0841666666666667
17,19,2,7,10.4,1,1.61,1.58,1.0841666666666667
17,19,2,7,23.8,1,0.79,1.86,1.05125
19,19,2,7,9.2,4,1.39,0.58,1.0316666666666667
19,19,2,7,3.4,2,0.77,1.83,1.0395833333333333
20,19,2,7,2.7,1,0.94,1.12,1.0025000000000002
21,19,2,7,15.9,3,1.83,1.54,1.0320833333333332
22,19,2,7,26.2,4,0.88,0.67,1.0045833333333334
23,19,2,7,20.1,2,1.79,0.51,1.05125
0,20,3,7,10.7,2,1.81,1.56,1.1054166666666667
1,20,3,7,-5.3,1,0.53,0.75,1.0625
3,20,3,7,6.6,1,1.82,1.27,1.1070833333333334
4,20,3,7,10.1,5,1.22,0.74,1.105
4,20,3,7,1.0,3,0.91,0.34,1.1120833333333333
4,20,3,7,35.9,2,1.8,0.6,1.1729166666666668
6,20,3,7,17.9,5,0.88,0.37,1.1845833333333333
7,20,3,7,33.3,4,1.96,1.39,1.2508333333333332
7,20,3,7,2.4,4,0.98,1.7,1.23375
9,20,3,7,15.4,5,0.97,0.76,1.2033333333333334
9,20,3,7,-5.0,3,1.47,1.27,1.2329166666666669
10,20,3,7,-5.1,5,1.72,0.7,1.2516666666666667
11,20,3,7,-8.5,1,0.22,1.68,1.2316666666666667
12,20,3,7,-8.1,5,0.51,0.22,1.1829166666666666
13,20,3,7,6.2,3,1.54,1.37,1.2379166666666668
13,20,3,7,0.2,4,1.34,1.61,1.2366666666666666
15,20,3,7,2.6,5,1.79,0.79,1.2441666666666666
15,20,3,7,10.6,5,0.25,1.39,1.2216666666666667
16,20,3,7,34.8,5,1.33,0.77,1.2191666666666667
17,20,3,7,-6.0,3,1.64,0.94,1.2554166666666668
17,20,3,7,26.5,4,1.57,1.83,1.2816666666666665
17,20,3,7,-3.5,3,0.84,0.88,1.2404166666666667
18,20,3,7,35.9,1,0.55,1.79,1.2266666666666666
18,20,3,7,10.3,2,1.78,1.81,1.22625
18,20,3,7,25.9,2,0.92,0.53,1.1891666666666667
22,20,3,7,-7.3,1,0.98,1.82,1.2079166666666665
22,20,3,7,4.3,1,0.74,1.22,1.1629166666666666
23,20,3,7,29.6,1,1.2,0.91,1.1620833333333334
0,21,4,7,14.2,2,1.95,1.8,1.2054166666666666
0,21,4,7,2.7,5,0.39,0.88,1.1466666666666667
0,21,4,7,0.8,2,1.3,1.96,1.1641666666666668
1,21,4,7,0.9,5,1.52,0.98,1.1458333333333333
1,21,4,7,-4.6,5,1.99,0.97,1.1879166666666665
1,21,4,7,5.4,5,0.8,1.47,1.1808333333333334
1,21,4,7,23.1,3,1.45,1.72,1.18
1,21,4,7,4.2,3,1.42,0.22,1.1675
2,21,4,7,32.3,1,0.49,0.51,1.17875
2,21,4,7,19.1,2,1.66,1.54,1.2266666666666666
2,21,4,7,6.5,2,0.24,1.34,1.1725
2,21,4,7,9.5,3,0.34,1.79,1.1308333333333334
4,21,4,7,31.9,3,1.3,0.25,1.1104166666666668
4,21,4,7,24.9,3,0.37,1.33,1.1154166666666667
4,21,4,7,12.1,2,1.83,1.64,1.13625
5,21,4,7,26.5,5,1.95,1.57,1.1491666666666667
6,21,4,7,-7.3,4,0.85,0.84,1.1191666666666666
7,21,4,7,0.1,5,0.24,0.55,1.0941666666666665
8,21,4,7,2.0,5,1.84,1.78,1.1479166666666667
10,21,4,7,39.9,5,0.28,0.92,1.0854166666666667
10,21,4,7,-7.7,5,0.77,0.98,1.0791666666666666
12,21,4,7,-2.7,2,1.57,0.74,1.10375
13,21,4,7,10.3,1,0.75,1.2,1.1041666666666667
14,21,4,7,-4.3,2,1.2,1.95,1.1041666666666667
14,21,4,7,31.8,2,1.53,0.39,1.0866666666666667
14,21,4,7,32.1,5,0.5,1.3,1.09125
17,21,4,7,9.3,4,1.78,1.52,1.1112499999999998
18,21,4,7,-9.3,1,1.04,1.99,1.09125
18,21,4,7,6.1,1,1.82,0.8,1.0841666666666667
19,21,4,7,23.9,4,0.63,1.45,1.0770833333333334
20,21,4,7,31.1,2,0.38,1.42,1.0325
20,21,4,7,-2.2,5,1.19,0.49,1.0229166666666667
21,21,4,7,-2.8,2,1.07,1.66,1.0470833333333334
21,21,4,7,6.7,5,1.87,0.24,1.0558333333333334
23,21,4,7,35.4,1,0.39,0.34,1.0620833333333333
2,22,5,7,12.2,4,1.4,1.3,1.10625
2,22,5,7,3.7,4,0.96,0.37,1.0920833333333333
3,22,5,7,6.4,2,0.85,1.83,1.1120833333333333
3,22,5,7,0.3,4,1.62,1.95,1.1033333333333333
4,22,5,7,-0.7,4,0.72,0.85,1.0520833333333333
7,22,5,7,-2.2,1,1.43,0.24,1.07625
7,22,5,7,-4.4,2,1.24,1.84,1.1179166666666667
10,22,5,7,6.4,5,1.79,0.28,1.1158333333333335
10,22,5,7,9.0,1,0.3,0.77,1.1166666666666667
10,22,5,7,2.2,5,1.14,1.57,1.1320833333333333
11,22,5,7,22.6,3,0.84,0.75,1.1016666666666668
11,22,5,7,17.7,2,1.64,1.2,1.13875
12,22,5,7,-1.8,4,0.73,1.53,1.1191666666666666
12,22,5,7,33.9,3,1.87,0.5,1.1333333333333333
14,22,5,7,38.6,5,0.99,1.78,1.1537499999999998
15,22,5,7,31.2,2,0.26,1.04,1.0904166666666668
16,22,5,7,-8.7,1,0.58,1.82,1.0712499999999998
16,22,5,7,35.5,1,0.4,0.63,1.0120833333333332
17,22,5,7,23.8,5,1.22,0.38,1.0366666666666666
17,22,5,7,28.9,1,0.88,1.19,1.0574999999999999
17,22,5,7,21.8,3,0.68,1.07,1.0362500000000001
18,22,5,7,28.6,4,0.21,1.87,1.0004166666666665
20,22,5,7,10.0,5,1.06,0.39,0.9666666666666668
21,22,5,7,16.4,4,0.27,1.4,0.9616666666666668
23,22,5,7,7.5,2,1.25,0.96,0.9554166666666667
23,22,5,7,35.9,5,1.59,0.85,0.9816666666666666
23,22,5,7,10.4,2,1.11,1.62,0.9925
0,23,6,7,17.5,5,1.9,0.72,1.0041666666666667
0,23,6,7,32.4,5,0.85,1.43,1.0095833333333333
0,23,6,7,5.5,4,1.55,1.24,1.0145833333333334
1,23,6,7,16.9,2,0.91,1.79,1.0008333333333332
1,23,6,7,17.3,2,0.79,0.3,0.9591666666666666
1,23,6,7,25.0,4,1.42,1.14,1.0058333333333334
2,23,6,7,6.2,2,0.67,0.84,0.98625
2,23,6,7,37.2,1,1.95,1.64,1.0325
2,23,6,7,5.2,2,1.21,0.73,1.0145833333333334
2,23,6,7,30.0,5,1.3,1.87,1.0383333333333333
3,23,6,7,12.8,5,1.43,0.99,1.02
5,23,6,7,32.4,4,0.41,0.26,0.9958333333333335
8,23,6,7,-5.7,1,1.34,0.58,1.0408333333333333
9,23,6,7,7.6,4,0.78,0.4,1.0491666666666668
9,23,6,7,35.4,1,0.39,1.22,1.04875
9,23,6,7,5.0,5,1.3,0.88,1.0520833333333333
9,23,6,7,-0.3,1,1.96,0.68,1.0970833333333334
10,23,6,7,38.8,1,1.19,0.21,1.1183333333333334
12,23,6,7,33.8,5,1.6,1.06,1.17625
13,23,6,7,35.7,5,0.81,0.27,1.1658333333333333
13,23,6,7,11.1,4,0.35,1.25,1.1691666666666667
14,23,6,7,25.4,5,1.76,1.59,1.1904166666666667
16,23,6,7,34.3,5,0.7,1.11,1.1533333333333333
16,23,6,7,-6.2,4,1.22,1.9,1.1579166666666667
17,23,6,7,28.6,5,0.52,0.85,1.1004166666666668
19,23,6,7,10.1,5,1.79,1.55,1.1395833333333334
20,23,6,7,37.2,3,0.35,0.91,1.0895833333333333
21,23,6,7,7.2,4,1.71,0.79,1.1229166666666666
21,23,6,7,11.2,5,0.54,1.42,1.1125
0,24,0,7,12.4,1,0.85,0.67,1.0887499999999999
3,24,0,7,36.5,2,0.45,1.95,1.0795833333333333
3,24,0,7,12.2,4,0.3,1.21,1.0108333333333335
4,24,0,7,22.5,3,1.43,1.3,1.02
5,24,0,7,34.6,5,1.2,1.43,1.0158333333333334
5,24,0,7,-0.4,2,1.75,0.41,1.0291666666666666
10,24,0,7,21.7,3,0.28,1.34,1.02375
11,24,0,7,24.5,3,1.82,0.78,1.04375
11,24,0,7,7.1,1,0.41,0.39,1.0283333333333333
11,24,0,7,21.4,1,1.94,1.3,1.0929166666666665
12,24,0,7,35.6,3,1.0,1.96,1.0804166666666666
13,24,0,7,-0.6,2,0.44,1.19,1.0170833333333333
14,24,0,7,11.3,2,1.98,1.6,1.05
16,24,0,7,15.8,4,1.16,0.81,1.0316666666666667
16,24,0,7,30.5,4,1.59,0.35,1.0641666666666667
17,24,0,7,37.6,3,0.38,1.76,1.0654166666666667
18,24,0,7,37.0,4,1.71,0.7,1.0633333333333332
18,24,0,7,15.1,4,0.68,1.22,1.0625
19,24,0,7,7.8,1,1.34,0.52,1.0675000000000001
19,24,0,7,-8.3,1,1.41,1.79,1.1045833333333335
20,24,0,7,17.3,2,0.95,0.35,1.0695833333333333
20,24,0,7,27.2,3,0.75,1.71,1.08625
20,24,0,7,33.1,4,1.04,0.54,1.0583333333333333
22,24,0,7,26.8,1,0.38,0.85,1.0516666666666667
22,24,0,7,0.1,3,1.07,0.45,1.0608333333333333
23,24,0,7,3.7,1,1.04,0.3,1.0854166666666667
23,24,0,7,13.7,2,0.65,1.43,1.0999999999999999
0,25,1,7,30.0,3,1.86,1.2,1.1179166666666667
0,25,1,7,0.4,5,0.93,1.75,1.1066666666666667
1,25,1,7,36.3,1,1.69,0.28,1.1041666666666667
3,25,1,7,-9.8,1,1.33,1.82,1.1479166666666667
3,25,1,7,12.7,1,1.21,0.41,1.1224999999999998
4,25,1,7,37.4,1,1.01,1.94,1.1475
4,25,1,7,15.4,2,0.32,1.0,1.08
5,25,1,7,0.4,2,1.3,0.44,1.0925
5,25,1,7,25.8,4,1.91,1.98,1.15375
5,25,1,7,0.9,3,1.6,1.16,1.1379166666666667
5,25,1,7,29.4,3,1.06,1.59,1.13375
6,25,1,7,5.8,4,1.09,0.38,1.1129166666666668
7,25,1,7,4.6,4,1.48,1.71,1.1587500000000002
9,25,1,7,-2.6,1,1.98,0.68,1.1700000000000002
10,25,1,7,-4.2,1,1.92,1.34,1.2216666666666667
11,25,1,7,30.7,2,1.99,1.41,1.24875
12,25,1,7,4.8,4,1.77,0.95,1.2637500000000002
13,25,1,7,31.2,1,0.79,0.75,1.2570833333333333
17,25,1,7,33.8,2,1.25,1.04,1.2779166666666668
17,25,1,7,9.7,4,1.96,0.38,1.3162500000000001
19,25,1,7,-7.9,2,1.72,1.07,1.3720833333333333
20,25,1,7,14.9,3,0.77,1.04,1.3595833333333334
20,25,1,7,10.4,3,1.24,0.65,1.3679166666666667
20,25,1,7,38.5,3,0.26,1.86,1.3516666666666668
20,25,1,7,24.9,3,0.52,0.93,1.2958333333333334
21,25,1,7,32.0,2,1.49,1.69,1.3191666666666666
21,25,1,7,-0.3,4,1.76,1.33,1.3220833333333333
0,26,2,7,28.4,3,1.18,1.21,1.3158333333333332
0,26,2,7,14.8,2,1.29,1.01,1.3191666666666666
4,26,2,7,0.1,1,0.41,0.32,1.2941666666666667
5,26,2,7,36.0,4,0.4,1.3,1.2975
5,26,2,7,-6.1,2,1.75,1.91,1.31625
8,26,2,7,-0.1,3,1.0,1.6,1.2783333333333333
9,26,2,7,33.0,4,0.41,1.06,1.22875
9,26,2,7,7.7,3,1.13,1.09,1.2316666666666667
9,26,2,7,17.0,2,1.27,1.48,1.2391666666666665
9,26,2,7,38.9,1,1.35,1.98,1.23375
10,26,2,7,7.4,5,1.2,1.92,1.20125
10,26,2,7,18.5,2,0.38,1.99,1.1370833333333332
12,26,2,7,-3.9,3,1.49,1.77,1.11625
14,26,2,7,25.3,1,1.94,0.79,1.1233333333333333
14,26,2,7,14.2,4,0.52,1.25,1.1120833333333333
14,26,2,7,37.8,3,0.81,1.96,1.09375
14,26,2,7,22.5,4,1.09,1.72,1.0574999999999999
14,26,2,7,13.0,2,0.58,0.77,1.01
15,26,2,7,17.0,1,0.48,1.24,0.9979166666666667
15,26,2,7,24.2,2,0.35,0.26,0.9608333333333334
18,26,2,7,15.7,3,1.36,0.52,1.0066666666666666
18,26,2,7,-2.8,5,0.58,1.49,1.0091666666666668
20,26,2,7,29.6,1,1.69,1.76,1.0174999999999998
20,26,2,7,15.8,4,0.92,1.18,0.9825
21,26,2,7,25.1,5,1.76,1.29,1.0066666666666666
0,27,3,7,6.9,1,1.28,0.41,1.0062499999999999
4,27,3,7,26.5,4,0.83,0.4,1.02375
4,27,3,7,13.0,4,1.26,1.75,1.0595833333333333
5,27,3,7,26.2,4,1.8,1.0,1.0616666666666668
7,27,3,7,-5.9,4,1.41,0.41,1.07875
7,27,3,7,13.8,2,0.9,1.13,1.0991666666666666
8,27,3,7,8.7,4,1.13,1.27,1.0991666666666666
8,27,3,7,12.5,2,0.55,1.35,1.0691666666666666
9,27,3,7,28.7,3,1.92,1.2,1.0929166666666668
9,27,3,7,38.3,2,1.23,0.38,1.0941666666666667
10,27,3,7,15.4,2,1.78,1.49,1.1525
10,27,3,7,-1.4,2,0.23,1.94,1.0999999999999999
11,27,3,7,30.7,2,1.96,0.52,1.1008333333333333
12,27,3,7,2.2,5,1.02,0.81,1.1216666666666666
13,27,3,7,-8.4,5,1.75,1.09,1.1608333333333334
14,27,3,7,33.2,5,1.08,0.58,1.1604166666666667
14,27,3,7,-5.6,5,0.94,0.48,1.1754166666666668
14,27,3,7,3.8,4,1.34,0.35,1.21125
14,27,3,7,38.0,3,0.59,1.36,1.22125
14,27,3,7,-0.1,3,1.83,0.58,1.2408333333333335
15,27,3,7,14.0,3,0.48,1.69,1.2366666666666666
16,27,3,7,1.0,1,0.82,0.92,1.2004166666666667
18,27,3,7,23.1,2,1.58,1.76,1.2279166666666665
18,27,3,7,28.1,2,1.2,1.28,1.2045833333333333
18,27,3,7,5.5,3,0.62,0.83,1.1770833333333333
18,27,3,7,3.8,2,1.9,1.26,1.2216666666666667
20,27,3,7,25.4,4,1.15,1.8,1.2170833333333333
20,27,3,7,-7.1,4,1.61,1.41,1.2091666666666667
21,27,3,7,-8.6,5,1.51,0.9,1.2133333333333332
22,27,3,7,4.7,2,0.75,1.13,1.2070833333333333
0,28,4,7,-3.2,2,0.5,0.55,1.1808333333333334
0,28,4,7,5.4,4,0.9,1.92,1.1954166666666668
0,28,4,7,12.6,4,1.16,1.23,1.16375
0,28,4,7,17.6,1,1.26,1.78,1.1649999999999998
1,28,4,7,13.0,1,0.46,0.23,1.11
1,28,4,7,14.1,4,0.36,1.96,1.1154166666666667
2,28,4,7,8.8,4,0.63,1.02,1.0599999999999998
4,28,4,7,22.4,2,0.29,1.75,1.0295833333333333
5,28,4,7,30.8,5,0.82,1.08,0.9908333333333333
5,28,4,7,12.3,3,1.52,0.94,1.0091666666666668
5,28,4,7,12.7,1,0.51,1.34,0.99125
6,28,4,7,-8.2,2,0.51,0.59,0.9566666666666667
7,28,4,7,-3.0,2,1.15,1.83,0.98
7,28,4,7,31.9,1,0.75,0.48,0.9349999999999999
7,28,4,7,19.6,1,1.79,0.82,0.9895833333333334
7,28,4,7,4.3,1,0.88,1.58,0.9920833333333333
8,28,4,7,-2.8,1,0.29,1.2,0.9383333333333334
9,28,4,7,23.3,4,0.63,0.62,0.9145833333333333
10,28,4,7,33.3,1,0.62,1.9,0.9145833333333333
11,28,4,7,-1.7,3,1.6,1.15,0.9020833333333335
11,28,4,7,36.8,3,1.66,1.61,0.9233333333333333
13,28,4,7,-1.3,5,0.95,1.51,0.8958333333333334
14,28,4,7,7.1,3,1.2,0.75,0.8829166666666667
15,28,4,7,21.7,2,0.88,0.5,0.8883333333333333
16,28,4,7,19.3,1,0.69,0.9,0.8962500000000001
16,28,4,7,32.4,2,0.61,1.16,0.8841666666666667
16,28,4,7,6.4,5,1.61,1.26,0.9029166666666666
16,28,4,7,33.0,3,1.4,0.46,0.9087500000000001
17,28,4,7,-7.6,1,0.43,0.36,0.9075000000000001
17,28,4,7,19.8,1,1.03,0.63,0.9354166666666667
17,28,4,7,29.2,1,1.56,0.29,0.9741666666666667
17,28,4,7,9.6,3,1.03,0.82,1.005
18,28,4,7,25.4,1,0.6,1.52,0.9958333333333332
18,28,4,7,1.3,4,0.69,0.51,0.96125
18,28,4,7,8.3,4,0.42,0.51,0.9575
20,28,4,7,16.6,4,1.0,1.15,0.9779166666666667
20,28,4,7,11.1,4,1.81,0.75,1.0054166666666668
20,28,4,7,10.7,5,0.26,1.79,0.985
20,28,4,7,2.8,1,1.54,0.88,0.9745833333333334
21,28,4,7,21.6,3,1.28,0.29,0.99125
21,28,4,7,9.3,3,1.64,0.63,1.0475
21,28,4,7,31.6,2,1.28,0.62,1.0745833333333332
22,28,4,7,-3.3,1,0.95,1.6,1.0883333333333334
22,28,4,7,17.1,2,1.73,1.66,1.09375
23,28,4,7,9.7,3,0.69,0.95,1.0533333333333332
0,29,5,7,-1.0,2,0.52,1.2,1.0354166666666667
1,29,5,7,25.7,3,0.35,0.88,1.0
1,29,5,7,12.2,5,0.85,0.69,0.9987499999999999
1,29,5,7,24.2,2,0.53,0.61,0.9920833333333333
1,29,5,7,37.3,3,1.58,1.61,1.0325
1,29,5,7,26.9,1,0.57,1.4,0.9891666666666667
1,29,5,7,38.1,1,0.36,0.43,0.9458333333333333
2,29,5,7,7.8,4,0.94,1.03,0.9670833333333332
2,29,5,7,-5.7,5,1.85,1.56,1.00125
3,29,5,7,-5.3,5,1.34,1.03,0.9920833333333333
4,29,5,7,39.7,1,0.21,0.6,0.9579166666666667
4,29,5,7,14.2,2,1.31,0.69,0.9874999999999999
4,29,5,7,38.9,1,1.12,0.42,1.0054166666666666
5,29,5,7,17.6,4,1.54,1.0,1.0520833333333333
5,29,5,7,19.2,1,1.5,1.81,1.0729166666666667
7,29,5,7,9.6,3,0.32,0.26,1.0108333333333333
8,29,5,7,1.6,3,0.45,1.54,1.01875
8,29,5,7,34.6,4,1.38,1.28,1.0120833333333334
8,29,5,7,-4.7,3,0.78,1.64,0.99125
8,29,5,7,32.1,5,1.08,1.28,0.9679166666666666
9,29,5,7,-0.4,2,1.69,0.95,0.985
10,29,5,7,27.3,3,1.12,1.73,0.9920833333333333
12,29,5,7,2.4,5,1.0,0.69,0.9616666666666666
13,29,5,7,23.9,5,1.46,0.52,0.99375
13,29,5,7,14.6,2,0.48,0.35,0.9920833333333334
15,29,5,7,-7.7,4,1.9,0.85,1.0566666666666666
16,29,5,7,39.9,2,1.14,0.53,1.0687499999999999
18,29,5,7,3.8,1,0.95,1.58,1.08625
18,29,5,7,19.0,3,0.48,0.57,1.0404166666666665
18,29,5,7,16.9,1,1.9,0.36,1.0958333333333332
18,29,5,7,18.8,2,0.82,0.94,1.115
18,29,5,7,26.3,2,0.65,1.85,1.1029166666666668
19,29,5,7,26.4,2,0.92,1.34,1.0641666666666667
19,29,5,7,18.7,3,1.15,0.21,1.0562500000000001
20,29,5,7,28.0,2,1.9,1.31,1.1266666666666667
20,29,5,7,31.8,1,1.15,1.12,1.1199999999999999
21,29,5,7,8.4,1,1.63,1.54,1.14125
22,29,5,7,35.4,3,0.32,1.5,1.0904166666666668
0,30,6,7,18.8,4,0.96,0.32,1.0679166666666666
1,30,6,7,10.6,1,1.36,0.45,1.11125
2,30,6,7,-8.6,5,1.79,1.38,1.1670833333333335
3,30,6,7,-3.2,4,0.65,0.78,1.1366666666666665
3,30,6,7,8.5,4,0.47,1.08,1.12375
4,30,6,7,30.1,2,1.21,1.69,1.1291666666666667
6,30,6,7,32.3,4,0.32,1.12,1.0720833333333333
6,30,6,7,-3.6,1,0.27,1.0,1.0366666666666666
6,30,6,7,24.7,2,1.61,1.46,1.0620833333333335
6,30,6,7,-2.8,2,1.93,0.48,1.0816666666666668
9,30,6,7,38.4,2,0.89,1.9,1.09875
9,30,6,7,31.9,1,1.66,1.14,1.0887499999999999
10,30,6,7,22.4,4,0.93,0.95,1.0799999999999998
11,30,6,7,29.3,4,0.85,0.48,1.0758333333333334
12,30,6,7,23.0,2,0.61,1.9,1.08125
13,30,6,7,16.7,1,1.04,0.82,1.0454166666666669
14,30,6,7,16.7,4,0.21,0.65,1.02
14,30,6,7,-8.5,2,1.45,0.92,1.0533333333333332
15,30,6,7,34.0,5,0.27,1.15,1.02625
15,30,6,7,15.4,1,1.75,1.9,1.05125
15,30,6,7,-9.4,4,0.25,1.15,0.9825
15,30,6,7,23.8,4,1.13,1.63,0.9816666666666668
18,30,6,7,29.9,2,0.51,0.32,0.9349999999999999
19,30,6,7,-3.1,2,0.63,0.96,0.9479166666666666
20,30,6,7,2.8,1,0.72,1.36,0.9379166666666667
21,30,6,7,37.1,5,0.99,1.79,0.9224999999999999
21,30,6,7,29.5,1,0.97,0.65,0.8883333333333333
21,30,6,7,-8.8,5,0.67,0.47,0.8891666666666667
23,30,6,7,7.5,5,0.41,1.21,0.8866666666666667
3,31,0,7,-0.9,4,1.11,0.32,0.8825
4,31,0,7,7.6,2,1.78,0.27,0.9433333333333334
4,31,0,7,13.9,5,0.78,1.61,0.9645833333333335
5,31,0,7,-8.8,3,0.96,1.93,0.9375
7,31,0,7,23.2,1,1.32,0.89,0.9120833333333332
8,31,0,7,32.8,5,1.76,1.66,0.9483333333333334
11,31,0,7,-6.7,5,1.05,0.93,0.9229166666666667
11,31,0,7,-1.2,2,0.6,0.85,0.9091666666666667
11,31,0,7,27.8,3,1.85,0.61,0.9508333333333333
12,31,0,7,25.0,2,0.93,1.04,0.9641666666666667
13,31,0,7,-4.9,4,0.95,0.21,0.9604166666666667
15,31,0,7,30.5,5,0.22,1.45,0.9608333333333334
17,31,0,7,33.8,4,0.95,0.27,0.9400000000000001
18,31,0,7,27.2,3,1.51,1.75,0.9916666666666666
19,31,0,7,35.3,1,0.34,0.25,0.9329166666666665
20,31,0,7,19.1,5,1.21,1.13,0.9729166666666665
21,31,0,7,33.3,2,0.93,0.51,0.9645833333333332
21,31,0,7,0.1,3,0.62,0.63,0.9691666666666667
22,31,0,7,3.2,3,0.84,0.72,0.9779166666666667
23,31,0,7,-3.1,4,1.2,0.99,0.9979166666666667
23,31,0,7,15.9,3,1.25,0.97,1.00875
2,1,1,8,35.4,4,1.15,0.67,1.01625
2,1,1,8,36.6,3,0.64,0.41,1.015
3,1,1,8,17.2,2,0.83,1.11,1.0325
4,1,1,8,7.6,2,1.86,1.78,1.06375
6,1,1,8,17.0,4,1.34,0.78,1.0454166666666667
6,1,1,8,22.3,1,1.33,0.96,1.0683333333333334
7,1,1,8,35.0,3,0.96,1.32,1.0683333333333331
7,1,1,8,17.5,5,1.72,1.76,1.0850000000000002
8,1,1,8,-8.3,5,1.2,1.05,1.0616666666666668
10,1,1,8,7.6,1,0.37,0.6,1.0333333333333334
13,1,1,8,37.3,1,0.31,1.85,1.02125
13,1,1,8,20.2,3,1.49,0.93,1.0062499999999999
14,1,1,8,10.4,5,1.19,0.95,1.0170833333333333
15,1,1,8,0.6,2,1.47,0.22,1.03875
17,1,1,8,27.1,5,0.6,0.95,1.0545833333333332
17,1,1,8,27.0,1,0.97,1.51,1.0554166666666667
18,1,1,8,5.4,2,0.43,0.34,1.0104166666666667
18,1,1,8,3.3,1,1.13,1.21,1.0433333333333334
18,1,1,8,18.8,3,1.69,0.93,1.0633333333333332
19,1,1,8,-6.0,3,1.95,0.62,1.1058333333333332
20,1,1,8,21.6,2,0.67,0.84,1.1079166666666667
23,1,1,8,14.8,3,0.44,1.2,1.09125
1,2,2,8,33.5,2,1.41,1.25,1.1
1,2,2,8,2.5,1,0.85,1.15,1.0833333333333333
1,2,2,8,-0.4,2,0.49,0.64,1.0558333333333334
1,2,2,8,32.5,1,1.29,0.83,1.0829166666666667
5,2,2,8,26.0,4,1.74,1.86,1.1208333333333333
6,2,2,8,-8.4,3,0.67,1.34,1.07125
6,2,2,8,-9.9,1,1.98,1.33,1.0979166666666667
7,2,2,8,-0.7,1,1.58,0.96,1.1083333333333332
8,2,2,8,1.6,2,1.65,1.72,1.1370833333333334
10,2,2,8,5.6,2,0.86,1.2,1.10125
11,2,2,8,5.7,3,0.95,0.37,1.0908333333333333
11,2,2,8,0.3,5,1.47,0.31,1.1366666666666665
13,2,2,8,12.6,2,1.06,1.49,1.1679166666666667
13,2,2,8,-7.7,1,1.64,1.19,1.1741666666666666
14,2,2,8,35.8,5,1.23,1.47,1.1758333333333333
15,2,2,8,16.8,5,1.95,0.6,1.1958333333333335
16,2,2,8,9.8,5,0.89,0.97,1.2079166666666665
20,2,2,8,2.8,4,0.46,0.43,1.1866666666666668
23,2,2,8,29.8,5,0.21,1.13,1.1775
0,3,3,8,25.9,3,1.15,1.69,1.1783333333333332
2,3,3,8,30.1,4,1.86,1.95,1.1854166666666666
3,3,3,8,30.0,2,0.37,0.67,1.1195833333333334
4,3,3,8,33.1,2,1.67,0.44,1.1612500000000001
4,3,3,8,16.9,2,1.59,1.41,1.2091666666666667
5,3,3,8,21.3,4,0.24,0.85,1.1604166666666667
6,3,3,8,-2.0,5,1.06,0.49,1.1691666666666667
7,3,3,8,28.8,3,0.82,1.29,1.1829166666666666
9,3,3,8,20.0,1,0.9,1.74,1.1666666666666667
11,3,3,8,10.1,3,1.81,0.67,1.1695833333333334
11,3,3,8,20.5,3,1.13,1.98,1.18875
13,3,3,8,34.2,1,0.33,1.58,1.1199999999999999
15,3,3,8,7.0,3,1.6,1.65,1.1208333333333333
15,3,3,8,29.7,4,1.76,0.86,1.1254166666666665
16,3,3,8,14.9,2,0.74,0.95,1.1204166666666666
16,3,3,8,35.5,2,1.61,1.47,1.1479166666666667
17,3,3,8,4.1,4,1.5,1.06,1.1491666666666667
18,3,3,8,33.6,1,0.68,1.64,1.1333333333333333
18,3,3,8,30.1,1,0.69,1.23,1.09375
18,3,3,8,20.8,5,0.33,1.95,1.0562500000000001
18,3,3,8,27.6,5,1.6,0.89,1.0416666666666667
19,3,3,8,23.9,3,0.34,0.46,1.01875
20,3,3,8,-2.7,5,1.88,0.21,1.0779166666666666
20,3,3,8,23.7,5,1.17,1.15,1.1179166666666667
20,3,3,8,16.4,5,0.21,1.86,1.07875
21,3,3,8,27.3,5,1.73,0.37,1.0733333333333335
23,3,3,8,-6.2,4,0.76,1.67,1.0895833333333333
23,3,3,8,17.1,5,1.34,1.59,1.0758333333333334
23,3,3,8,30.6,2,0.35,0.24,1.0241666666666667
23,3,3,8,1.1,3,1.07,1.06,1.05875
0,4,4,8,25.6,3,0.99,0.82,1.0558333333333334
1,4,4,8,24.2,5,0.99,0.9,1.0629166666666667
2,4,4,8,19.8,3,1.62,1.81,1.0929166666666668
5,4,4,8,40.0,5,0.58,1.13,1.0416666666666667
5,4,4,8,32.1,2,1.66,0.33,1.06375
7,4,4,8,21.9,3,1.69,1.6,1.1204166666666666
7,4,4,8,0.5,5,1.91,1.76,1.1333333333333333
8,4,4,8,6.1,1,0.58,0.74,1.0841666666666667
9,4,4,8,26.2,1,1.53,1.61,1.1170833333333332
9,4,4,8,3.8,3,1.1,1.5,1.0958333333333332
10,4,4,8,28.4,4,1.44,0.68,1.0933333333333333
11,4,4,8,36.5,2,1.27,0.69,1.1179166666666667
12,4,4,8,19.6,4,1.91,0.33,1.16875
12,4,4,8,34.3,1,1.12,1.6,1.2016666666666667
13,4,4,8,29.0,4,1.09,0.34,1.1804166666666667
14,4,4,8,20.9,2,1.17,1.88,1.2149999999999999
16,4,4,8,37.1,1,0.61,1.17,1.1620833333333334
17,4,4,8,5.6,4,1.37,0.21,1.1704166666666667
20,4,4,8,0.6,4,0.95,1.73,1.2012500000000002
21,4,4,8,-0.1,1,1.59,0.76,1.1954166666666668
21,4,4,8,14.4,5,1.71,1.34,1.2349999999999999
22,4,4,8,-9.9,2,1.0,0.35,1.2208333333333332
23,4,4,8,3.3,3,1.09,1.07,1.2516666666666667
0,5,5,8,32.6,4,0.98,0.99,1.2479166666666666
1,5,5,8,-9.9,5,1.08,0.99,1.2516666666666667
3,5,5,8,11.4,4,0.79,1.62,1.2433333333333334
3,5,5,8,-8.4,4,0.61,0.58,1.20125
4,5,5,8,15.3,3,1.06,1.66,1.2212500000000002
5,5,5,8,26.9,2,0.23,1.69,1.1616666666666668
5,5,5,8,-0.5,5,1.03,1.91,1.1341666666666665
5,5,5,8,15.6,1,1.78,0.58,1.12875
5,5,5,8,10.5,5,1.57,1.53,1.1700000000000002
5,5,5,8,10.5,5,1.77,1.1,1.18
6,5,5,8,24.8,5,1.16,1.44,1.1824999999999999
6,5,5,8,28.8,1,1.88,1.27,1.2008333333333334
6,5,5,8,30.8,1,0.47,1.91,1.1675
8,5,5,8,24.3,4,1.28,1.12,1.14125
8,5,5,8,25.9,4,1.59,1.09,1.1608333333333334
9,5,5,8,11.0,1,0.8,1.17,1.14875
10,5,5,8,11.0,4,1.55,0.61,1.1645833333333333
10,5,5,8,20.0,4,1.56,1.37,1.2041666666666666
11,5,5,8,22.0,1,0.23,0.95,1.1566666666666667
11,5,5,8,15.4,2,0.37,1.59,1.1325
11,5,5,8,11.2,5,1.79,1.71,1.1408333333333334
12,5,5,8,-5.1,3,0.39,1.0,1.0858333333333334
16,5,5,8,1.8,1,1.64,1.09,1.1125
18,5,5,8,14.0,5,0.58,0.98,1.09125
18,5,5,8,-6.9,5,0.87,1.08,1.0866666666666667
20,5,5,8,26.4,3,1.99,0.79,1.1245833333333333
21,5,5,8,23.4,2,1.96,0.61,1.1733333333333333
22,5,5,8,4.2,3,0.27,1.06,1.1591666666666667
23,5,5,8,26.0,3,1.09,0.23,1.1604166666666667
0,6,6,8,19.6,1,1.79,1.03,1.2254166666666666
1,6,6,8,33.5,3,1.62,1.78,1.25
2,6,6,8,-4.5,4,0.25,1.57,1.18625
3,6,6,8,34.7,2,0.72,1.77,1.1508333333333332
3,6,6,8,-5.1,5,0.42,1.16,1.0945833333333332
5,6,6,8,23.2,3,1.56,1.88,1.1112499999999998
6,6,6,8,39.4,5,0.2,0.47,1.04125
7,6,6,8,12.6,2,1.09,1.28,1.0670833333333334
7,6,6,8,35.5,1,1.2,1.59,1.06375
8,6,6,8,-7.1,1,0.67,0.8,1.0254166666666666
8,6,6,8,-6.6,2,0.8,1.55,1.0254166666666666
10,6,6,8,-7.5,5,0.4,1.56,0.9775
12,6,6,8,28.8,3,1.59,0.23,0.9787500000000001
12,6,6,8,29.8,1,0.22,0.37,0.9783333333333334
12,6,6,8,3.1,5,1.12,1.79,1.0095833333333333
13,6,6,8,-1.6,3,0.86,0.39,0.9708333333333333
13,6,6,8,28.7,4,0.64,1.64,0.9812500000000001
13,6,6,8,28.7,1,1.26,0.58,0.9654166666666666
15,6,6,8,19.2,1,0.96,0.87,0.9812500000000001
15,6,6,8,2.8,5,1.19,1.99,0.9945833333333334
15,6,6,8,35.4,4,0.44,1.96,0.93
16,6,6,8,30.9,2,1.86,0.27,0.9258333333333333
16,6,6,8,28.1,3,0.51,1.09,0.9358333333333334
18,6,6,8,-1.1,2,1.32,1.79,0.9454166666666667
19,6,6,8,39.5,1,0.63,1.62,0.8970833333333333
19,6,6,8,39.2,5,0.5,0.25,0.8504166666666667
19,6,6,8,-6.6,4,1.4,0.72,0.8983333333333334
20,6,6,8,28.3,1,1.8,0.42,0.9433333333333334
22,6,6,8,32.6,4,1.97,1.56,1.0079166666666668
22,6,6,8,24.7,1,0.79,0.2,0.9758333333333334
23,6,6,8,18.8,4,1.5,1.09,1.03
23,6,6,8,-9.9,3,0.68,1.2,1.0129166666666667
0,7,0,8,-1.7,2,1.43,0.67,1.0225
1,7,0,8,29.0,2,0.86,0.8,1.0304166666666668
2,7,0,8,0.3,4,1.99,0.4,1.08
3,7,0,8,3.9,2,0.3,1.59,1.0758333333333334
3,7,0,8,6.9,1,1.92,0.22,1.0895833333333333
4,7,0,8,36.3,1,0.59,1.12,1.105
6,7,0,8,35.6,4,0.76,0.86,1.09
7,7,0,8,-6.1,4,1.58,0.64,1.1199999999999999
7,7,0,8,6.9,4,0.84,1.26,1.1283333333333332
8,7,0,8,35.1,3,1.09,0.96,1.12125
10,7,0,8,11.2,3,1.37,1.19,1.1383333333333334
10,7,0,8,8.0,4,1.56,0.44,1.1537499999999998
12,7,0,8,-1.4,5,1.03,1.86,1.1783333333333335
13,7,0,8,13.3,2,0.23,0.51,1.1104166666666668
13,7,0,8,17.1,4,1.05,1.32,1.1329166666666668
14,7,0,8,38.4,1,0.73,0.63,1.1083333333333334
16,7,0,8,38.7,2,1.97,0.5,1.1641666666666668
16,7,0,8,11.7,3,0.79,1.4,1.17625
16,7,0,8,-3.0,3,0.5,1.8,1.13875
17,7,0,8,12.7,2,0.64,1.97,1.0904166666666668
18,7,0,8,32.6,3,0.91,0.79,1.04625
18,7,0,8,7.6,1,0.68,1.5,1.0416666666666667
19,7,0,8,29.6,4,0.35,0.68,0.99375
20,7,0,8,31.2,1,0.99,1.43,1.0066666666666666
20,7,0,8,10.2,5,1.4,0.86,1.0054166666666668
21,7,0,8,27.3,2,1.36,1.99,1.02625
22,7,0,8,33.5,5,1.5,0.3,1.0058333333333334
22,7,0,8,3.1,1,0.81,1.92,1.0270833333333333
23,7,0,8,33.8,4,1.63,0.59,1.015
0,8,1,8,37.7,3,1.46,0.76,1.05125
3,8,1,8,5.4,4,1.09,1.58,1.065
3,8,1,8,17.1,1,1.48,0.84,1.0608333333333333
3,8,1,8,17.8,1,0.83,1.09,1.0604166666666666
4,8,1,8,12.7,3,1.57,1.37,1.0804166666666666
6,8,1,8,3.7,5,1.9,1.56,1.1025
7,8,1,8,11.6,1,1.55,1.03,1.1020833333333335
7,8,1,8,-9.0,2,1.92,0.23,1.1391666666666667
7,8,1,8,-9.6,1,0.91,1.05,1.1675
9,8,1,8,36.8,1,1.43,0.73,1.1833333333333333
9,8,1,8,32.8,3,1.13,1.97,1.2
10,8,1,8,1.2,4,1.87,0.79,1.1958333333333333
10,8,1,8,39.1,4,1.17,0.5,1.2116666666666667
11,8,1,8,25.4,3,1.69,0.64,1.26125
12,8,1,8,-1.6,4,0.49,0.91,1.2550000000000001
13,8,1,8,9.5,2,0.84,0.68,1.2520833333333334
14,8,1,8,13.7,4,1.23,0.35,1.2750000000000001
15,8,1,8,-0.9,4,0.97,0.99,1.3008333333333333
16,8,1,8,-3.2,4,1.72,1.4,1.33125
17,8,1,8,17.7,5,0.83,1.36,1.3074999999999999
17,8,1,8,16.0,4,0.77,1.5,1.2829166666666667
17,8,1,8,12.6,2,1.46,0.81,1.28125
18,8,1,8,34.8,3,0.82,1.63,1.2816666666666667
18,8,1,8,-6.7,3,0.6,1.46,1.23875
19,8,1,8,-7.3,5,1.28,1.09,1.23125
21,8,1,8,29.5,1,0.39,1.48,1.2020833333333334
3,9,2,8,18.0,4,1.56,0.83,1.2054166666666666
3,9,2,8,-6.2,1,1.79,1.57,1.2454166666666666
3,9,2,8,8.1,1,0.48,1.9,1.2
4,9,2,8,22.1,5,1.8,1.55,1.1958333333333333
4,9,2,8,31.8,3,1.83,1.92,1.2074999999999998
5,9,2,8,-6.0,2,1.41,0.91,1.18625
5,9,2,8,26.3,4,1.79,1.43,1.2229166666666667
6,9,2,8,32.6,4,0.74,1.13,1.1941666666666666
6,9,2,8,-4.3,5,0.79,1.87,1.18
7,9,2,8,11.6,5,0.41,1.17,1.1191666666666666
8,9,2,8,-1.4,2,1.78,1.69,1.1445833333333333
8,9,2,8,-1.2,2,1.18,0.49,1.1233333333333333
8,9,2,8,16.2,4,1.33,0.84,1.1583333333333332
10,9,2,8,14.3,3,1.4,1.23,1.1816666666666666
10,9,2,8,38.7,1,1.11,0.97,1.1766666666666665
10,9,2,8,-8.7,3,1.98,1.72,1.21875
10,9,2,8,-8.0,2,1.4,0.83,1.2054166666666666
11,9,2,8,24.8,2,1.19,0.77,1.2204166666666667
11,9,2,8,1.0,2,0.82,1.46,1.2225
12,9,2,8,4.8,3,1.07,0.82,1.20625
12,9,2,8,-2.6,4,1.69,0.6,1.2425
16,9,2,8,22.3,3,0.71,1.28,1.2470833333333333
17,9,2,8,39.7,3,0.4,0.39,1.2104166666666667
18,9,2,8,14.4,5,1.74,1.56,1.2666666666666666
18,9,2,8,-9.5,5,1.59,1.79,1.2679166666666666
18,9,2,8,2.7,2,0.29,0.48,1.2054166666666666
18,9,2,8,5.9,3,0.65,1.8,1.2125000000000001
20,9,2,8,-7.5,3,1.45,1.83,1.1979166666666667
20,9,2,8,-0.5,3,1.64,1.41,1.1900000000000002
20,9,2,8,9.9,1,1.84,1.79,1.2079166666666667
21,9,2,8,19.2,5,0.22,0.74,1.1424999999999998
23,9,2,8,-7.0,4,1.29,0.79,1.1654166666666665
0,10,3,8,6.2,1,1.27,0.41,1.1854166666666666
0,10,3,8,-7.1,5,1.61,1.78,1.2354166666666668
0,10,3,8,12.8,2,1.66,1.18,1.2304166666666667
1,10,3,8,-4.4,4,1.46,1.33,1.2420833333333332
3,10,3,8,-8.2,1,0.87,1.4,1.2229166666666667
3,10,3,8,38.4,5,0.99,1.11,1.2058333333333333
4,10,3,8,14.9,1,1.56,1.98,1.2245833333333334
4,10,3,8,12.9,1,1.97,1.4,1.2241666666666666
5,10,3,8,27.6,2,1.13,1.19,1.2129166666666666
6,10,3,8,2.6,2,0.46,0.82,1.1824999999999999
6,10,3,8,38.8,2,1.94,1.07,1.2291666666666667
6,10,3,8,-0.7,2,0.29,1.69,1.1966666666666665
6,10,3,8,1.5,2,1.68,0.71,1.19625
7,10,3,8,38.4,3,1.17,0.4,1.2154166666666668
8,10,3,8,-7.1,2,1.68,1.74,1.26875
8,10,3,8,5.6,1,0.99,1.59,1.2375
9,10,3,8,38.7,3,1.39,0.29,1.2291666666666667
10,10,3,8,-4.7,5,1.7,0.65,1.2879166666666666
10,10,3,8,-0.6,4,1.95,1.45,1.3420833333333333
11,10,3,8,11.7,5,1.7,1.64,1.3525
11,10,3,8,39.7,1,0.89,1.84,1.3212499999999998
11,10,3,8,3.6,3,0.67,0.22,1.2725
11,10,3,8,-5.3,3,1.08,1.29,1.3083333333333333
11,10,3,8,-4.6,2,0.31,1.27,1.2675
12,10,3,8,-1.2,1,0.78,1.61,1.2470833333333333
13,10,3,8,12.6,5,1.56,1.66,1.2449999999999999
14,10,3,8,10.1,5,0.54,1.46,1.1983333333333333
15,10,3,8,-1.1,2,1.85,0.87,1.2145833333333333
15,10,3,8,2.2,1,1.56,0.99,1.2433333333333334
15,10,3,8,-3.4,2,1.61,1.56,1.2691666666666668
16,10,3,8,35.0,1,1.59,1.97,1.2704166666666665
17,10,3,8,15.9,3,0.86,1.13,1.2241666666666666
17,10,3,8,31.3,1,1.99,0.46,1.26
18,10,3,8,19.0,4,1.44,1.94,1.3008333333333333
18,10,3,8,31.4,2,0.4,0.29,1.2366666666666666
18,10,3,8,39.5,4,1.6,1.68,1.29125
18,10,3,8,0.5,5,1.02,1.17,1.2637500000000002
20,10,3,8,21.2,2,0.64,1.68,1.2416666666666665
21,10,3,8,-4.2,5,0.54,0.99,1.1941666666666666
21,10,3,8,-4.8,4,0.8,1.39,1.18625
22,10,3,8,-8.5,5,1.66,1.7,1.1975
22,10,3,8,8.5,4,1.5,1.95,1.1891666666666667
23,10,3,8,-8.3,3,1.57,1.7,1.1733333333333333
0,11,4,8,39.2,4,0.39,0.89,1.1187500000000001
0,11,4,8,23.4,3,1.88,0.67,1.1600000000000001
1,11,4,8,32.3,5,0.99,1.08,1.1733333333333333
2,11,4,8,26.5,4,0.5,0.31,1.1491666666666667
2,11,4,8,9.2,3,1.48,0.78,1.1979166666666667
2,11,4,8,28.2,2,1.97,1.56,1.2475
4,11,4,8,21.2,5,1.97,0.54,1.2645833333333332
4,11,4,8,8.8,1,0.78,1.85,1.2745833333333334
4,11,4,8,16.1,2,1.99,1.56,1.2804166666666668
6,11,4,8,39.6,5,0.52,1.61,1.2370833333333333
9,11,4,8,0.3,3,1.42,1.59,1.2291666666666667
9,11,4,8,25.3,3,1.4,0.86,1.2212500000000002
10,11,4,8,23.3,4,1.34,1.99,1.2412500000000002
11,11,4,8,-8.4,1,1.13,1.44,1.2054166666666666
11,11,4,8,29.6,5,1.38,0.4,1.2029166666666666
12,11,4,8,-7.9,1,1.74,1.6,1.25875
14,11,4,8,8.7,1,1.71,1.02,1.2633333333333332
14,11,4,8,23.0,2,1.1,0.64,1.2666666666666666
16,11,4,8,16.3,5,1.88,0.54,1.3183333333333334
16,11,4,8,15.3,4,0.26,0.8,1.3066666666666666
16,11,4,8,33.5,3,1.55,1.66,1.3379166666666666
18,11,4,8,11.9,2,0.28,1.5,1.2804166666666668
18,11,4,8,33.6,2,1.99,1.57,1.3008333333333333
20,11,4,8,25.8,3,1.09,0.39,1.2808333333333335
20,11,4,8,11.4,3,0.91,1.88,1.3025
20,11,4,8,6.7,2,1.49,0.99,1.2862500000000001
21,11,4,8,27.4,1,1.23,0.5,1.29625
21,11,4,8,14.2,2,1.58,1.48,1.3412499999999998
22,11,4,8,11.5,5,1.75,1.97,1.3525
22,11,4,8,16.2,1,1.51,1.97,1.3333333333333333
0,12,5,8,-8.7,5,1.43,0.78,1.3108333333333333
0,12,5,8,22.2,3,0.76,1.99,1.31
0,12,5,8,28.6,4,1.57,0.52,1.2925
3,12,5,8,19.2,2,0.95,1.42,1.3104166666666666
3,12,5,8,27.1,1,1.53,1.4,1.3150000000000002
3,12,5,8,20.4,1,0.25,1.34,1.2670833333333331
3,12,5,8,29.1,3,1.68,1.13,1.28125
4,12,5,8,13.1,4,0.95,1.38,1.27375
6,12,5,8,-2.4,1,1.11,1.74,1.2625
6,12,5,8,-3.1,2,0.35,1.71,1.2045833333333333
7,12,5,8,-8.2,5,0.23,1.1,1.1429166666666666
7,12,5,8,9.8,1,1.34,1.88,1.1529166666666668
7,12,5,8,29.6,1,1.75,0.26,1.1475
8,12,5,8,-0.6,4,1.15,1.55,1.1845833333333333
8,12,5,8,13.6,4,0.84,0.28,1.155
10,12,5,8,34.1,2,0.41,1.99,1.1604166666666667
10,12,5,8,2.3,3,0.5,1.09,1.0983333333333334
11,12,5,8,25.3,1,1.58,0.91,1.11875
12,12,5,8,-9.7,5,0.49,1.49,1.10125
13,12,5,8,24.3,2,0.36,1.23,1.0541666666666667
14,12,5,8,-0.2,4,1.21,1.58,1.0533333333333335
15,12,5,8,10.3,2,1.01,1.75,1.0295833333333333
15,12,5,8,15.6,3,1.92,1.51,1.0366666666666668
17,12,5,8,19.1,3,0.64,1.43,1.0004166666666667
19,12,5,8,-2.2,5,0.37,0.76,0.9562499999999999
20,12,5,8,19.7,3,0.31,1.57,0.9375
20,12,5,8,23.4,1,1.3,0.95,0.92625
21,12,5,8,15.6,2,1.04,1.53,0.93
21,12,5,8,33.1,4,1.08,0.25,0.9112499999999999
22,12,5,8,20.1,3,1.57,1.68,0.9662499999999999
23,12,5,8,35.4,3,1.72,0.95,0.9679166666666666
23,12,5,8,-5.9,5,1.88,1.11,1.0066666666666666
1,13,6,8,20.5,1,1.44,0.35,1.0204166666666665
2,13,6,8,9.2,5,1.04,0.23,1.0491666666666666
3,13,6,8,19.8,2,0.46,1.34,1.05875
3,13,6,8,-2.9,4,1.81,1.75,1.0783333333333334
3,13,6,8,28.3,4,1.36,1.15,1.0620833333333335
4,13,6,8,34.4,4,1.0,0.84,1.0558333333333334
6,13,6,8,-8.3,2,1.88,0.41,1.0991666666666666
7,13,6,8,4.4,3,0.27,0.5,1.0933333333333333
8,13,6,8,30.7,1,1.09,1.58,1.1179166666666667
8,13,6,8,-3.6,2,1.13,0.49,1.0991666666666668
10,13,6,8,28.3,3,1.19,0.36,1.1283333333333332
10,13,6,8,11.9,1,1.42,1.21,1.1725
11,13,6,8,22.4,5,0.89,1.01,1.1591666666666667
12,13,6,8,32.8,5,1.22,1.92,1.1679166666666667
12,13,6,8,1.6,3,0.58,0.64,1.1120833333333333
12,13,6,8,29.1,3,0.96,0.37,1.1254166666666665
12,13,6,8,15.3,2,1.65,0.31,1.1787500000000002
12,13,6,8,36.2,2,1.33,1.3,1.22125
13,13,6,8,10.4,3,0.22,1.04,1.1762499999999998
14,13,6,8,13.5,4,0.42,1.08,1.1504166666666666
14,13,6,8,28.1,2,1.74,1.57,1.1779166666666667
17,13,6,8,27.7,2,1.85,1.72,1.1895833333333334
18,13,6,8,15.1,3,0.35,1.88,1.1325
18,13,6,8,15.0,2,0.5,1.44,1.075
19,13,6,8,35.6,1,1.6,1.04,1.0816666666666668
20,13,6,8,20.7,1,1.46,0.46,1.0991666666666666
21,13,6,8,35.9,5,1.74,1.81,1.1525
23,13,6,8,36.7,3,1.87,1.36,1.155
0,14,0,8,38.0,1,1.05,1.0,1.1420833333333333
1,14,0,8,16.2,3,1.71,1.88,1.1716666666666666
1,14,0,8,11.4,5,0.44,0.27,1.1116666666666666
3,14,0,8,1.5,1,0.42,1.09,1.1179166666666667
3,14,0,8,23.1,3,0.35,1.13,1.0870833333333334
4,14,0,8,30.3,4,0.88,1.19,1.0766666666666667
5,14,0,8,4.6,3,1.6,1.42,1.09375
5,14,0,8,29.4,1,1.27,0.89,1.0875000000000001
5,14,0,8,-2.4,3,0.62,1.22,1.07625
5,14,0,8,14.3,3,0.88,0.58,1.0620833333333335
6,14,0,8,24.2,2,0.9,0.96,1.0754166666666667
7,14,0,8,-2.6,1,1.45,1.65,1.0958333333333334
7,14,0,8,27.9,2,1.35,1.33,1.0833333333333333
8,14,0,8,-9.2,1,1.93,0.22,1.1083333333333334
9,14,0,8,25.8,1,1.85,0.42,1.17625
12,14,0,8,-8.8,4,1.18,1.74,1.2079166666666667
13,14,0,8,4.5,2,0.31,1.85,1.1483333333333334
13,14,0,8,28.8,2,1.22,0.35,1.1220833333333333
15,14,0,8,32.0,5,1.94,0.5,1.1883333333333332
15,14,0,8,17.5,2,0.41,1.6,1.1845833333333333
15,14,0,8,30.3,1,1.23,1.46,1.1691666666666667
17,14,0,8,-8.2,1,1.54,1.74,1.1725
17,14,0,8,23.1,2,1.37,1.87,1.1570833333333335
17,14,0,8,8.4,1,1.27,1.05,1.1320833333333333
18,14,0,8,2.9,4,1.92,1.71,1.1683333333333332
18,14,0,8,16.4,2,0.74,0.44,1.1279166666666667
19,14,0,8,6.2,2,1.93,0.42,1.1900000000000002
19,14,0,8,-9.8,2,1.11,0.35,1.21875
22,14,0,8,31.5,4,1.02,0.88,1.2466666666666666
22,14,0,8,16.4,3,1.63,1.6,1.2779166666666666
22,14,0,8,-9.9,1,1.97,1.27,1.2933333333333334
23,14,0,8,29.0,5,0.53,0.62,1.2625
0,15,1,8,2.6,5,1.86,0.88,1.3141666666666667
1,15,1,8,2.6,3,1.26,0.9,1.3299999999999998
2,15,1,8,29.2,4,1.47,1.45,1.35375
3,15,1,8,8.1,4,0.29,1.35,1.3054166666666667
4,15,1,8,28.3,2,0.41,1.93,1.26625
5,15,1,8,-5.1,3,1.08,1.85,1.2308333333333332
5,15,1,8,19.0,5,0.86,1.18,1.1895833333333334
5,15,1,8,21.0,4,0.92,0.31,1.17875
6,15,1,8,-1.5,5,0.44,1.22,1.1841666666666666
9,15,1,8,37.8,3,0.79,1.94,1.16625
10,15,1,8,5.7,1,0.75,0.41,1.1166666666666667
11,15,1,8,36.1,4,1.27,1.23,1.1525
11,15,1,8,-2.2,4,0.71,1.54,1.1308333333333334
11,15,1,8,33.9,5,1.21,1.37,1.1170833333333332
12,15,1,8,33.0,2,1.43,1.27,1.1195833333333332
14,15,1,8,23.7,2,1.49,1.92,1.12875
16,15,1,8,23.4,1,0.7,0.74,1.0779166666666666
17,15,1,8,-2.4,4,1.42,1.93,1.10625
17,15,1,8,-4.3,4,1.74,1.11,1.0983333333333334
17,15,1,8,3.0,3,1.28,1.02,1.1054166666666667
18,15,1,8,11.3,3,1.2,1.63,1.1129166666666668
18,15,1,8,13.4,3,1.87,1.97,1.1229166666666668
18,15,1,8,31.9,3,0.65,0.53,1.0679166666666666
19,15,1,8,13.0,4,0.36,1.86,1.0608333333333333
20,15,1,8,9.4,4,0.47,1.26,1.0029166666666667
20,15,1,8,2.5,3,0.32,1.47,0.96375
22,15,1,8,4.6,4,1.75,0.29,0.9754166666666667
23,15,1,8,31.0,2,0.29,0.41,0.9754166666666667
23,15,1,8,37.8,4,1.02,1.08,1.0008333333333332
1,16,2,8,8.1,3,0.69,0.86,0.9845833333333333
1,16,2,8,14.2,1,1.86,0.92,1.02625
2,16,2,8,7.8,4,1.49,0.44,1.05
2,16,2,8,-7.2,2,1.86,0.79,1.1091666666666666
3,16,2,8,22.0,4,0.23,0.75,1.0858333333333332
3,16,2,8,0.7,4,0.43,1.27,1.0725
3,16,2,8,-8.7,3,1.9,0.71,1.09875
4,16,2,8,19.8,3,0.97,1.21,1.1095833333333334
5,16,2,8,24.2,1,1.71,1.43,1.1304166666666668
8,16,2,8,0.5,4,1.08,1.49,1.1158333333333335
9,16,2,8,-9.5,3,0.2,0.7,1.0620833333333333
10,16,2,8,-9.4,4,1.39,1.42,1.0908333333333333
10,16,2,8,3.1,4,1.7,1.74,1.1025
11,16,2,8,-3.6,1,1.36,1.28,1.0866666666666667
17,16,2,8,6.1,3,0.8,1.2,1.0666666666666667
17,16,2,8,7.2,5,0.67,1.87,1.0445833333333334
20,16,2,8,30.5,2,0.59,0.65,0.9912500000000001
20,16,2,8,27.0,4,1.98,0.36,1.0466666666666666
21,16,2,8,35.0,1,0.32,0.47,1.0450000000000002
21,16,2,8,23.5,2,0.65,0.32,1.0525
22,16,2,8,-7.6,3,1.85,1.75,1.1162500000000002
23,16,2,8,31.5,4,1.95,0.29,1.1245833333333335
23,16,2,8,39.9,4,1.9,1.02,1.1916666666666667
1,17,3,8,25.0,2,0.72,0.69,1.1791666666666665
2,17,3,8,6.7,2,1.69,1.86,1.2208333333333334
4,17,3,8,18.9,3,1.32,1.49,1.1983333333333333
4,17,3,8,29.4,4,1.88,1.86,1.2145833333333333
7,17,3,8,30.6,4,0.31,0.23,1.1500000000000001
7,17,3,8,22.7,1,0.47,0.43,1.16
9,17,3,8,34.3,1,0.29,1.9,1.1541666666666666
11,17,3,8,20.7,4,1.67,0.97,1.1445833333333333
12,17,3,8,16.8,2,0.85,1.71,1.1395833333333332
13,17,3,8,27.0,2,1.0,1.08,1.1099999999999999
14,17,3,8,16.5,1,1.33,0.2,1.1204166666666666
15,17,3,8,-4.5,1,0.59,1.39,1.1366666666666667
15,17,3,8,-6.4,3,1.71,1.7,1.1500000000000001
15,17,3,8,32.0,4,1.05,1.36,1.1229166666666666
18,17,3,8,27.3,4,0.81,0.8,1.1
19,17,3,8,21.3,5,1.69,0.67,1.1370833333333332
21,17,3,8,31.5,3,1.64,0.59,1.1775
23,17,3,8,-6.7,2,1.28,1.98,1.20625
23,17,3,8,37.6,3,0.47,0.32,1.1433333333333333
0,18,4,8,-7.3,3,1.42,0.65,1.1891666666666667
0,18,4,8,35.1,2,1.67,1.85,1.2316666666666667
1,18,4,8,38.6,3,1.0,1.95,1.1962499999999998
2,18,4,8,-0.3,2,0.61,1.9,1.1404166666666666
2,18,4,8,37.0,5,1.4,0.72,1.1195833333333334
2,18,4,8,14.2,4,0.9,1.69,1.1270833333333332
6,18,4,8,3.8,4,0.78,1.32,1.0891666666666666
7,18,4,8,0.3,3,1.31,1.88,1.0887499999999999
10,18,4,8,18.5,3,0.43,0.31,1.0283333333333333
10,18,4,8,3.1,1,0.96,0.47,1.0554166666666667
10,18,4,8,0.1,5,1.81,0.29,1.1112499999999998
10,18,4,8,19.9,2,1.42,1.67,1.1583333333333334
11,18,4,8,26.1,4,0.88,0.85,1.1254166666666665
14,18,4,8,31.5,2,0.99,1.0,1.13125
14,18,4,8,5.1,1,1.17,1.33,1.1383333333333334
15,18,4,8,17.9,5,0.41,0.59,1.0999999999999999
16,18,4,8,2.1,3,0.33,1.71,1.0891666666666666
17,18,4,8,33.9,4,1.71,1.05,1.0891666666666666
20,18,4,8,12.0,3,1.41,0.81,1.1041666666666667
20,18,4,8,26.4,4,1.58,1.69,1.13625
21,18,4,8,28.4,5,1.35,1.64,1.1220833333333333
0,19,5,8,10.0,5,1.04,1.28,1.0970833333333334
2,19,5,8,25.1,1,1.38,0.47,1.10125
2,19,5,8,0.8,4,1.13,1.42,1.12875
3,19,5,8,-4.4,1,0.98,1.67,1.1104166666666666
3,19,5,8,38.2,4,0.9,1.0,1.0783333333333334
4,19,5,8,11.3,3,1.22,0.61,1.0875000000000001
4,19,5,8,25.7,3,1.0,1.4,1.10375
7,19,5,8,-9.7,5,1.81,0.9,1.1208333333333333
7,19,5,8,18.2,3,0.72,0.78,1.1133333333333333
7,19,5,8,7.4,1,1.09,1.31,1.12625
8,19,5,8,33.0,3,0.4,0.43,1.0883333333333334
9,19,5,8,3.7,5,0.26,0.96,1.08125
10,19,5,8,33.3,2,0.64,1.81,1.0679166666666666
10,19,5,8,38.5,5,1.86,1.42,1.07
11,19,5,8,11.7,2,1.29,0.88,1.0645833333333334
14,19,5,8,11.3,3,1.15,0.99,1.0758333333333334
14,19,5,8,18.5,4,1.01,1.17,1.0766666666666667
15,19,5,8,36.5,4,1.21,0.41,1.0783333333333334
17,19,5,8,35.4,2,0.41,0.33,1.0783333333333334
17,19,5,8,1.7,4,0.88,1.71,1.10125
18,19,5,8,4.0,1,1.86,1.41,1.1075000000000002
18,19,5,8,29.6,4,1.01,1.58,1.0908333333333333
20,19,5,8,38.2,3,0.38,1.35,1.0408333333333333
20,19,5,8,29.7,1,0.63,1.04,1.0108333333333335
21,19,5,8,-3.2,2,1.84,1.38,1.0441666666666667
21,19,5,8,26.0,2,1.2,1.13,1.0366666666666666
22,19,5,8,-8.3,2,1.99,0.98,1.0725
22,19,5,8,9.6,1,0.4,0.9,1.0483333333333333
23,19,5,8,38.3,1,0.85,1.22,1.0462500000000001
2,20,6,8,-4.3,5,0.4,1.0,1.0120833333333332
2,20,6,8,-4.4,3,1.83,1.81,1.0466666666666666
3,20,6,8,-7.9,1,1.99,0.72,1.0541666666666667
3,20,6,8,21.9,5,1.02,1.09,1.0666666666666667
4,20,6,8,3.9,3,0.22,0.4,1.0304166666666668
5,20,6,8,31.2,4,1.25,0.26,1.0658333333333332
5,20,6,8,38.9,3,1.29,0.64,1.1087500000000001
6,20,6,8,6.3,4,0.7,1.86,1.11125
6,20,6,8,-5.5,3,1.5,1.29,1.0962500000000002
8,20,6,8,-0.8,2,0.88,1.15,1.0791666666666666
8,20,6,8,13.6,2,1.9,1.01,1.1104166666666668
8,20,6,8,25.6,4,1.99,1.21,1.1512499999999999
9,20,6,8,10.4,3,1.99,0.41,1.18375
10,20,6,8,39.2,5,1.61,0.88,1.2337500000000001
10,20,6,8,-3.4,5,0.7,1.86,1.22625
12,20,6,8,-2.0,1,0.56,1.01,1.1720833333333334
13,20,6,8,19.9,4,1.01,0.38,1.1720833333333334
13,20,6,8,32.9,5,0.37,0.63,1.1716666666666666
13,20,6,8,9.8,4,1.98,1.84,1.2279166666666665
14,20,6,8,-1.6,2,0.47,1.2,1.1708333333333334
14,20,6,8,-5.1,1,1.53,1.99,1.1845833333333333
15,20,6,8,-6.1,2,0.68,0.4,1.13
15,20,6,8,35.4,1,0.63,0.85,1.1395833333333334
15,20,6,8,-3.8,4,1.61,0.4,1.17125
15,20,6,8,2.4,5,0.56,1.83,1.1779166666666667
15,20,6,8,7.2,4,1.8,1.99,1.1766666666666665
16,20,6,8,12.8,2,0.94,1.02,1.1329166666666668
18,20,6,8,30.9,1,0.93,0.22,1.1291666666666667
21,20,6,8,29.7,4,1.96,1.25,1.2016666666666667
22,20,6,8,22.2,5,0.91,1.29,1.1875000000000002
22,20,6,8,1.0,3,0.36,0.7,1.14875
23,20,6,8,-4.0,5,0.22,1.5,1.12875
0,21,0,8,-9.2,4,0.33,0.88,1.08
1,21,0,8,-7.4,1,1.55,1.9,1.1079166666666667
3,21,0,8,12.2,5,0.98,1.99,1.0695833333333333
4,21,0,8,6.5,2,1.24,1.99,1.0383333333333333
6,21,0,8,-7.2,2,0.51,1.61,0.9766666666666666
6,21,0,8,37.1,3,1.69,0.7,0.98
8,21,0,8,35.9,5,0.24,0.56,0.9608333333333333
8,21,0,8,11.0,4,1.0,1.01,0.9791666666666666
8,21,0,8,26.2,1,0.99,0.37,0.9783333333333334
10,21,0,8,19.6,5,1.54,1.98,1.0270833333333333
10,21,0,8,4.7,1,0.71,0.47,0.9741666666666667
11,21,0,8,5.9,5,0.51,1.53,0.9758333333333332
11,21,0,8,17.5,2,1.32,0.68,0.9670833333333334
13,21,0,8,-4.8,4,1.38,0.63,0.9962500000000002
13,21,0,8,29.1,5,1.77,1.61,1.04375
14,21,0,8,3.6,2,1.02,0.56,1.0191666666666668
14,21,0,8,6.0,3,1.4,1.8,1.0541666666666667
14,21,0,8,5.1,5,1.57,0.94,1.0445833333333334
15,21,0,8,10.8,3,0.32,0.93,1.01875
16,21,0,8,10.2,3,0.82,1.96,1.0141666666666667
16,21,0,8,-7.2,5,1.61,0.91,0.9995833333333333
17,21,0,8,1.5,2,1.3,0.36,1.0158333333333334
18,21,0,8,28.9,4,1.51,0.22,1.06375
18,21,0,8,-3.9,2,1.81,0.33,1.1300000000000001
19,21,0,8,30.0,5,1.45,1.55,1.1766666666666665
19,21,0,8,9.4,1,1.86,0.98,1.1895833333333334
20,21,0,8,25.4,2,0.64,1.24,1.1754166666666668
22,21,0,8,0.5,4,0.21,0.51,1.1325
0,22,1,8,20.9,3,1.02,1.69,1.15375
1,22,1,8,7.5,4,1.38,0.24,1.1408333333333334
1,22,1,8,-7.5,4,0.99,1.0,1.1720833333333334
3,22,1,8,37.8,1,1.16,0.99,1.1787500000000002
3,22,1,8,4.2,2,1.41,1.54,1.19625
4,22,1,8,17.5,5,2.0,0.71,1.2154166666666668
4,22,1,8,22.9,4,1.64,0.51,1.2541666666666667
5,22,1,8,-5.4,2,1.44,1.32,1.2929166666666667
5,22,1,8,7.5,3,0.63,1.38,1.2641666666666667
5,22,1,8,20.0,1,0.21,1.77,1.2154166666666668
5,22,1,8,8.7,4,1.09,1.02,1.1870833333333333
6,22,1,8,-1.1,3,0.98,1.4,1.1854166666666666
7,22,1,8,19.6,3,1.07,1.57,1.1716666666666666
9,22,1,8,-4.0,5,1.52,0.32,1.1695833333333334
10,22,1,8,32.0,1,1.84,0.82,1.2329166666666667
10,22,1,8,-2.8,2,1.6,1.61,1.2654166666666666
11,22,1,8,37.5,2,1.31,1.3,1.2529166666666667
11,22,1,8,29.9,5,0.92,1.51,1.2370833333333333
12,22,1,8,24.1,3,0.44,1.81,1.1925000000000001
13,22,1,8,23.4,2,0.41,1.45,1.1341666666666665
14,22,1,8,25.1,5,0.51,1.86,1.095
16,22,1,8,-4.0,2,1.81,0.64,1.0929166666666668
16,22,1,8,35.9,2,0.38,0.21,1.0820833333333333
18,22,1,8,1.0,4,1.03,1.02,1.11625
19,22,1,8,31.7,5,1.27,1.38,1.1266666666666667
19,22,1,8,11.8,5,1.36,0.99,1.1258333333333332
19,22,1,8,10.3,4,1.15,1.16,1.1325
21,22,1,8,0.2,2,1.34,1.41,1.14
21,22,1,8,1.4,1,0.58,2.0,1.1054166666666667
22,22,1,8,37.2,1,1.48,1.64,1.08375
0,23,2,8,20.9,1,1.61,1.44,1.0825
1,23,2,8,16.1,4,1.82,0.63,1.0983333333333334
1,23,2,8,-5.3,5,0.34,0.21,1.08625
3,23,2,8,17.0,4,1.78,1.09,1.1516666666666666
4,23,2,8,3.9,3,1.09,0.98,1.1516666666666666
5,23,2,8,2.0,2,0.82,1.07,1.145
6,23,2,8,22.1,3,0.97,1.52,1.1408333333333334
7,23,2,8,26.4,1,1.2,1.84,1.1275000000000002
7,23,2,8,-6.0,3,1.49,1.6,1.1129166666666668
7,23,2,8,-8.4,1,1.93,1.31,1.1266666666666667
8,23,2,8,16.9,1,0.81,0.92,1.1058333333333332
9,23,2,8,14.8,4,1.33,0.44,1.1229166666666666
9,23,2,8,14.0,5,1.96,0.41,1.18625
10,23,2,8,-8.0,3,0.54,0.51,1.1916666666666667
11,23,2,8,25.2,5,0.4,1.81,1.1870833333333333
11,23,2,8,18.8,2,1.02,0.38,1.1541666666666668
12,23,2,8,12.2,2,0.97,1.03,1.1787500000000002
12,23,2,8,12.3,5,0.39,1.27,1.1520833333333333
12,23,2,8,13.0,3,1.14,1.36,1.1466666666666667
12,23,2,8,-8.4,1,1.66,1.15,1.1591666666666667
15,23,2,8,34.1,3,1.45,1.34,1.1716666666666666
15,23,2,8,26.5,1,0.79,0.58,1.14875
15,23,2,8,7.1,4,0.81,1.48,1.1583333333333334
16,23,2,8,29.8,5,1.74,1.61,1.1691666666666667
20,23,2,8,10.3,4,1.58,1.82,1.1679166666666667
20,23,2,8,22.8,2,1.65,0.34,1.1608333333333334
20,23,2,8,-8.3,2,0.32,1.78,1.16
22,23,2,8,11.4,3,0.28,1.09,1.0975
22,23,2,8,22.0,2,1.76,0.82,1.1254166666666667
22,23,2,8,32.1,2,1.2,0.97,1.14125
0,24,3,8,32.6,1,1.79,1.2,1.1754166666666668
2,24,3,8,31.6,3,0.67,1.49,1.1533333333333333
3,24,3,8,-6.5,1,1.02,1.93,1.13375
3,24,3,8,8.0,3,1.81,0.81,1.12875
3,24,3,8,25.8,2,0.38,1.33,1.1108333333333336
6,24,3,8,-1.8,5,0.48,1.96,1.0754166666666667
6,24,3,8,26.7,1,1.74,0.54,1.06625
7,24,3,8,9.5,3,0.87,0.4,1.08
7,24,3,8,3.5,2,0.21,1.02,1.0720833333333333
7,24,3,8,-1.7,2,0.29,0.97,1.0416666666666667
7,24,3,8,2.8,5,0.46,0.39,1.0204166666666665
9,24,3,8,26.0,2,0.39,1.14,1.0204166666666665
9,24,3,8,-7.3,1,0.96,1.66,1.0129166666666667
10,24,3,8,6.6,3,1.19,1.45,0.9933333333333335
11,24,3,8,-9.4,2,1.69,0.79,1.0033333333333332
11,24,3,8,1.0,2,1.61,0.81,1.0374999999999999
12,24,3,8,12.6,5,1.57,1.74,1.0691666666666666
12,24,3,8,35.8,5,0.44,1.58,1.015
12,24,3,8,39.8,4,1.01,1.65,0.99125
13,24,3,8,1.4,5,0.46,0.32,0.9416666666666665
13,24,3,8,8.3,3,1.75,0.28,1.00125
13,24,3,8,7.7,2,0.85,1.76,1.0250000000000001
14,24,3,8,-10.0,4,0.88,1.2,0.9883333333333333
15,24,3,8,18.6,4,1.17,1.79,0.9870833333333334
15,24,3,8,17.0,5,0.32,0.67,0.9258333333333334
18,24,3,8,2.6,3,0.94,1.02,0.9370833333333333
19,24,3,8,-9.2,2,0.87,1.81,0.9308333333333333
20,24,3,8,-6.9,2,1.96,0.38,0.9370833333333334
20,24,3,8,38.8,1,0.55,0.48,0.9441666666666665
21,24,3,8,8.6,5,1.11,1.74,0.9704166666666668
22,24,3,8,8.7,5,0.52,0.87,0.9195833333333333
23,24,3,8,-5.0,2,1.37,0.21,0.9404166666666667
23,24,3,8,19.6,3,0.7,0.29,0.9608333333333334
23,24,3,8,27.8,5,1.77,0.46,1.0225
23,24,3,8,20.2,3,0.63,0.39,1.0295833333333333
0,25,4,8,23.6,3,1.89,0.96,1.0920833333333333
0,25,4,8,10.4,4,0.35,1.19,1.0666666666666667
0,25,4,8,-8.0,3,0.29,1.69,1.0291666666666666
3,25,4,8,-4.7,5,0.91,1.61,0.9966666666666667
4,25,4,8,29.0,3,1.99,1.57,1.0125
4,25,4,8,18.0,5,0.44,0.44,0.9654166666666667
5,25,4,8,7.8,4,0.62,1.01,0.9729166666666668
5,25,4,8,11.2,1,1.04,0.46,0.9741666666666667
6,25,4,8,35.8,4,0.98,1.75,0.9958333333333335
7,25,4,8,-5.9,1,1.2,0.85,0.9729166666666668
9,25,4,8,39.8,5,1.28,0.88,0.9908333333333333
9,25,4,8,-8.1,3,1.94,1.17,1.035
9,25,4,8,17.6,5,1.41,0.32,1.045
10,25,4,8,13.6,2,0.96,0.94,1.0716666666666665
11,25,4,8,20.1,1,1.85,0.87,1.1095833333333334
12,25,4,8,22.2,2,1.34,1.96,1.1291666666666667
14,25,4,8,28.7,5,1.58,0.55,1.1133333333333333
16,25,4,8,8.0,5,1.5,1.11,1.1529166666666668
17,25,4,8,29.2,3,1.87,0.52,1.1845833333333333
17,25,4,8,36.5,1,0.89,1.37,1.2
17,25,4,8,-2.5,4,1.92,0.7,1.2229166666666667
18,25,4,8,-1.3,1,0.2,1.77,1.2020833333333332
19,25,4,8,5.3,4,0.88,0.63,1.165
21,25,4,8,-4.9,1,1.61,1.89,1.2058333333333333
22,25,4,8,35.3,2,0.25,0.35,1.1375
23,25,4,8,-5.3,3,1.61,0.29,1.1900000000000002
0,26,5,8,13.9,4,1.34,0.91,1.23375
1,26,5,8,-4.5,2,0.56,1.99,1.2191666666666665
1,26,5,8,-6.8,4,0.91,0.44,1.1741666666666666
2,26,5,8,33.7,5,1.68,0.62,1.2258333333333333
2,26,5,8,4.5,1,0.37,1.04,1.2154166666666668
3,26,5,8,9.6,4,0.79,0.98,1.2049999999999998
3,26,5,8,3.7,4,1.54,1.2,1.2283333333333333
4,26,5,8,-9.4,4,1.79,1.28,1.2529166666666667
5,26,5,8,-0.5,1,0.92,1.94,1.2379166666666668
5,26,5,8,33.8,3,0.58,1.41,1.1812500000000001
5,26,5,8,30.8,4,0.97,0.96,1.1629166666666666
6,26,5,8,38.3,4,1.85,1.85,1.2
7,26,5,8,24.4,5,1.81,1.34,1.1983333333333335
7,26,5,8,2.4,5,0.68,1.58,1.1708333333333334
8,26,5,8,2.2,5,0.57,1.5,1.12875
11,26,5,8,39.2,4,1.16,1.87,1.1145833333333333
12,26,5,8,26.0,3,0.5,0.89,1.0574999999999999
13,26,5,8,22.7,1,1.06,1.92,1.0645833333333334
14,26,5,8,36.8,1,0.52,0.2,1.00625
15,26,5,8,37.3,5,1.82,0.88,1.0737500000000002
15,26,5,8,31.8,3,0.7,1.61,1.06625
16,26,5,8,35.4,5,1.36,0.25,1.0558333333333334
18,26,5,8,-9.3,4,1.21,1.61,1.0958333333333334
19,26,5,8,-9.6,3,0.61,1.34,1.0541666666666667
19,26,5,8,36.6,2,1.92,0.56,1.0783333333333334
19,26,5,8,-5.4,5,1.87,0.91,1.1329166666666668
20,26,5,8,18.1,1,0.39,1.68,1.11125
20,26,5,8,32.6,1,0.54,0.37,1.06375
20,26,5,8,19.6,5,1.09,0.79,1.09375
21,26,5,8,26.3,5,1.93,1.54,1.14125
22,26,5,8,36.9,4,1.1,1.79,1.1229166666666666
0,27,6,8,10.1,1,1.5,0.92,1.1108333333333333
1,27,6,8,12.1,5,1.8,0.58,1.1475
1,27,6,8,0.5,5,1.45,0.97,1.18375
2,27,6,8,34.3,4,1.2,1.85,1.1933333333333334
2,27,6,8,20.4,5,0.35,1.81,1.1308333333333334
3,27,6,8,38.6,1,0.95,0.68,1.095
3,27,6,8,13.0,4,0.22,0.57,1.0758333333333334
8,27,6,8,3.7,4,0.64,1.16,1.07875
8,27,6,8,0.8,5,0.97,0.5,1.0708333333333335
8,27,6,8,11.6,4,1.59,1.06,1.1162500000000002
9,27,6,8,13.3,3,0.88,0.52,1.10875
9,27,6,8,-3.5,2,1.35,1.82,1.1433333333333333
9,27,6,8,39.6,3,0.47,0.7,1.0870833333333334
9,27,6,8,16.9,5,1.55,1.36,1.1225
10,27,6,8,0.7,1,0.81,1.21,1.0995833333333334
12,27,6,8,15.3,5,0.24,0.61,1.0591666666666666
13,27,6,8,37.9,5,1.31,1.92,1.0883333333333334
14,27,6,8,25.9,2,0.77,1.87,1.0404166666666668
14,27,6,8,6.3,3,1.31,0.39,1.0170833333333333
16,27,6,8,-6.8,4,1.03,0.54,1.04375
16,27,6,8,25.0,2,1.93,1.09,1.1016666666666668
16,27,6,8,-0.6,1,1.11,1.93,1.1025
18,27,6,8,-2.4,1,1.52,1.1,1.0854166666666667
19,27,6,8,19.3,4,1.25,1.5,1.0916666666666666
19,27,6,8,34.1,2,0.32,1.8,1.0425
20,27,6,8,-7.2,3,1.58,1.45,1.0333333333333334
22,27,6,8,30.9,1,1.99,1.2,1.0558333333333334
22,27,6,8,30.5,5,0.67,0.35,1.0337500000000002
23,27,6,8,-5.6,2,1.12,0.95,1.0658333333333332
1,28,0,8,15.6,4,1.31,0.22,1.0808333333333333
3,28,0,8,-7.5,4,0.71,0.64,1.10125
3,28,0,8,14.5,2,1.41,0.97,1.1333333333333335
4,28,0,8,28.7,4,1.43,1.59,1.1525
4,28,0,8,2.3,4,0.61,0.88,1.1116666666666666
5,28,0,8,37.3,5,0.3,1.35,1.0875000000000001
6,28,0,8,6.5,1,1.01,0.47,1.0733333333333333
6,28,0,8,20.9,3,1.05,1.55,1.0975
7,28,0,8,14.3,5,1.25,0.81,1.085
7,28,0,8,1.0,1,0.43,0.24,1.0691666666666666
8,28,0,8,4.8,3,1.38,1.31,1.1166666666666667
8,28,0,8,-3.4,3,0.72,0.77,1.0920833333333333
11,28,0,8,17.4,4,0.41,1.31,1.0770833333333334
11,28,0,8,28.3,4,0.88,1.03,1.0591666666666668
11,28,0,8,-6.1,1,0.4,1.93,1.0329166666666667
14,28,0,8,39.6,5,1.6,1.11,1.0191666666666668
15,28,0,8,-3.0,2,1.37,1.52,1.03
15,28,0,8,38.9,4,1.26,1.25,1.0191666666666668
20,28,0,8,1.9,2,1.27,0.32,1.02
21,28,0,8,-7.2,3,0.52,1.58,1.0283333333333333
22,28,0,8,33.5,5,1.18,1.99,1.0116666666666667
22,28,0,8,39.9,2,0.82,0.67,0.9629166666666666
23,28,0,8,-7.0,5,1.08,1.12,0.98
23,28,0,8,19.5,2,0.23,1.31,0.9429166666666666
1,29,1,8,-1.0,1,1.46,0.71,0.9491666666666667
1,29,1,8,1.1,2,0.6,1.41,0.9445833333333332
1,29,1,8,-9.0,3,1.52,1.43,0.9491666666666666
1,29,1,8,-9.9,1,0.54,0.61,0.9120833333333334
2,29,1,8,6.0,1,1.81,0.3,0.9620833333333333
3,29,1,8,10.7,3,1.72,1.01,1.02125
4,29,1,8,11.9,3,1.66,1.05,1.0483333333333333
4,29,1,8,23.9,4,0.37,1.25,1.02
4,29,1,8,-2.2,5,0.83,0.43,1.0025
7,29,1,8,26.5,5,0.86,1.38,1.0204166666666665
8,29,1,8,17.8,2,1.66,0.72,1.0320833333333332
11,29,1,8,-3.0,5,1.8,0.41,1.0770833333333332
11,29,1,8,6.4,4,0.44,0.88,1.0783333333333334
11,29,1,8,2.0,4,1.7,0.4,1.1125
12,29,1,8,38.0,5,1.3,1.6,1.1500000000000001
13,29,1,8,5.4,1,1.37,1.37,1.1404166666666666
14,29,1,8,-8.6,3,1.53,1.26,1.1470833333333332
14,29,1,8,16.0,5,1.25,1.27,1.1466666666666667
15,29,1,8,28.6,1,0.31,0.52,1.1066666666666667
15,29,1,8,35.0,5,1.08,1.18,1.1300000000000001
15,29,1,8,11.8,4,1.42,0.82,1.14
18,29,1,8,6.3,2,0.48,1.08,1.1258333333333335
19,29,1,8,13.3,1,1.47,0.23,1.1420833333333333
19,29,1,8,36.5,3,1.3,1.46,1.1866666666666668
20,29,1,8,11.5,3,1.49,0.6,1.1879166666666667
20,29,1,8,38.9,4,0.97,1.52,1.2033333333333334
23,29,1,8,31.8,5,1.07,0.54,1.1845833333333333
1,30,2,8,37.1,5,1.67,1.81,1.2316666666666667
1,30,2,8,-6.0,1,1.8,1.72,1.23125
2,30,2,8,9.2,4,0.83,1.66,1.1941666666666666
2,30,2,8,16.4,4,1.33,0.37,1.1804166666666667
4,30,2,8,2.3,5,1.45,0.83,1.2254166666666666
5,30,2,8,18.9,5,1.34,0.86,1.2466666666666668
6,30,2,8,28.1,3,0.76,1.66,1.2425
7,30,2,8,17.8,3,0.61,1.8,1.1987500000000002
8,30,2,8,17.0,3,1.56,0.44,1.18875
9,30,2,8,20.6,1,0.6,1.7,1.1954166666666668
10,30,2,8,-5.5,3,1.41,1.3,1.1833333333333333
14,30,2,8,23.9,4,1.55,1.37,1.1937499999999999
15,30,2,8,31.4,4,1.23,1.53,1.1879166666666665
16,30,2,8,-9.6,1,1.9,1.25,1.2033333333333334
18,30,2,8,29.0,4,0.42,0.31,1.16875
18,30,2,8,19.2,3,0.78,1.08,1.1883333333333332
18,30,2,8,12.6,1,0.81,1.42,1.1770833333333333
19,30,2,8,-5.6,3,1.35,0.48,1.1741666666666666
19,30,2,8,25.6,2,1.02,1.47,1.1966666666666668
22,30,2,8,20.3,1,1.99,1.3,1.2183333333333333
22,30,2,8,12.4,3,1.05,1.49,1.2079166666666665
22,30,2,8,6.8,1,0.76,0.97,1.1775
22,30,2,8,10.2,1,0.88,1.07,1.17375
0,31,3,8,25.1,3,1.38,1.67,1.1866666666666668
1,31,3,8,35.2,2,0.74,1.8,1.1479166666666667
1,31,3,8,2.6,4,0.31,0.83,1.0858333333333332
1,31,3,8,4.8,1,0.3,1.33,1.06375
3,31,3,8,24.7,1,0.64,1.45,1.035
3,31,3,8,23.3,1,1.11,1.34,1.0208333333333333
3,31,3,8,20.8,4,1.97,0.76,1.0470833333333334
3,31,3,8,32.8,2,1.68,0.61,1.0854166666666667
4,31,3,8,0.5,4,1.19,1.56,1.1095833333333334
5,31,3,8,16.5,1,1.97,0.6,1.1266666666666667
5,31,3,8,0.6,4,0.2,1.41,1.1099999999999999
8,31,3,8,-2.5,1,0.96,1.55,1.0912499999999998
8,31,3,8,30.1,3,0.3,1.23,1.0391666666666668
8,31,3,8,-3.0,5,0.96,1.9,1.0279166666666668
9,31,3,8,6.0,3,0.44,0.42,0.9670833333333332
12,31,3,8,28.6,2,1.89,0.78,1.0283333333333333
13,31,3,8,-7.7,2,1.73,0.81,1.0679166666666666
14,31,3,8,1.4,4,0.82,1.35,1.0683333333333334
16,31,3,8,32.9,4,1.33,1.02,1.0675
17,31,3,8,20.7,2,0.83,1.99,1.0595833333333333
19,31,3,8,36.5,3,0.7,1.05,1.0058333333333334
19,31,3,8,9.7,1,0.27,0.76,0.9733333333333333
21,31,3,8,17.4,1,0.88,0.88,0.9783333333333332
22,31,3,8,-9.1,1,1.37,1.38,0.9987499999999999
23,31,3,8,29.5,2,1.45,0.74,1.0016666666666667
0,1,4,9,2.2,5,1.26,0.31,1.0233333333333332
1,1,4,9,36.3,1,1.67,0.3,1.0799999999999998
1,1,4,9,21.7,5,1.31,0.64,1.1220833333333333
2,1,4,9,38.5,3,0.28,1.11,1.1070833333333334
4,1,4,9,28.2,2,1.46,1.97,1.1216666666666666
5,1,4,9,8.2,1,1.49,1.68,1.1016666666666668
5,1,4,9,27.3,1,0.71,1.19,1.06125
7,1,4,9,-1.7,3,0.21,1.97,1.0204166666666665
8,1,4,9,21.7,5,0.4,0.2,0.9550000000000001
9,1,4,9,22.1,2,1.31,0.96,1.00125
9,1,4,9,-2.3,4,0.92,0.3,0.9995833333333334
9,1,4,9,4.4,3,0.27,0.96,0.9983333333333334
10,1,4,9,23.9,3,0.49,0.44,0.9787499999999999
10,1,4,9,8.7,2,1.8,1.89,1.0354166666666667
10,1,4,9,35.6,4,0.22,1.73,0.9658333333333333
10,1,4,9,0.1,5,1.45,0.82,0.9541666666666666
11,1,4,9,35.2,5,0.67,1.33,0.9479166666666666
12,1,4,9,-1.1,4,0.28,0.83,0.9041666666666668
12,1,4,9,-9.1,2,0.51,0.7,0.8908333333333333
13,1,4,9,14.9,4,1.81,0.27,0.9370833333333334
13,1,4,9,27.8,5,0.77,0.88,0.9579166666666667
14,1,4,9,24.8,2,1.61,1.37,0.9883333333333334
16,1,4,9,27.9,5,1.94,1.45,1.0120833333333332
17,1,4,9,31.2,5,1.92,1.26,1.0316666666666667
17,1,4,9,31.4,4,0.36,1.67,0.9941666666666666
18,1,4,9,10.2,3,0.38,1.31,0.9404166666666667
18,1,4,9,20.0,2,0.26,0.28,0.8966666666666666
18,1,4,9,-1.3,2,0.64,1.46,0.9116666666666667
20,1,4,9,17.5,1,1.89,1.49,0.9295833333333334
21,1,4,9,36.1,3,1.52,0.71,0.9308333333333333
21,1,4,9,14.0,4,0.5,0.21,0.9220833333333335
22,1,4,9,22.3,2,1.21,0.4,0.9637500000000001
23,1,4,9,23.4,1,0.49,1.31,0.9674999999999999
23,1,4,9,21.9,1,0.28,0.92,0.9245833333333334
23,1,4,9,1.8,2,1.18,0.27,0.9354166666666667
0,2,5,9,26.4,2,1.89,0.49,1.0029166666666667
0,2,5,9,17.0,5,1.7,1.8,1.0533333333333335
0,2,5,9,-3.7,1,0.7,0.22,1.0075
1,2,5,9,24.2,5,0.36,1.45,1.0133333333333334
1,2,5,9,31.0,5,1.12,0.67,0.9995833333333334
1,2,5,9,-6.9,2,0.48,0.28,0.9916666666666667
2,2,5,9,13.6,2,1.22,0.51,1.0308333333333333
4,2,5,9,20.9,4,1.91,1.81,1.0891666666666666
6,2,5,9,1.1,5,1.62,0.77,1.08125
7,2,5,9,14.9,1,0.75,1.61,1.0804166666666666
8,2,5,9,6.6,3,0.71,1.94,1.0429166666666665
8,2,5,9,0.0,1,0.62,1.92,0.9879166666666667
9,2,5,9,-8.8,3,1.06,0.36,0.9520833333333334
10,2,5,9,23.7,4,1.05,0.38,0.9808333333333333
12,2,5,9,-8.8,3,1.66,0.26,1.0341666666666667
13,2,5,9,-6.7,1,0.84,0.64,1.0583333333333333
13,2,5,9,11.3,2,1.39,1.89,1.0895833333333333
14,2,5,9,23.7,3,1.86,1.52,1.0883333333333332
16,2,5,9,29.8,4,0.54,0.5,1.0475
17,2,5,9,29.4,1,1.43,1.21,1.08625
18,2,5,9,0.0,5,1.82,0.49,1.1116666666666666
18,2,5,9,2.6,5,1.38,0.28,1.14875
18,2,5,9,4.5,5,0.7,1.18,1.16625
19,2,5,9,26.2,1,0.57,1.89,1.1408333333333334
19,2,5,9,8.2,5,0.84,1.7,1.0970833333333334
20,2,5,9,7.9,1,0.98,0.7,1.0670833333333334
21,2,5,9,8.5,1,1.02,0.36,1.0804166666666666
21,2,5,9,23.8,2,0.88,1.12,1.1020833333333333
22,2,5,9,16.7,4,0.28,0.48,1.0670833333333334
22,2,5,9,18.2,1,0.67,1.22,1.075
23,2,5,9,27.2,4,1.69,1.91,1.0945833333333332
23,2,5,9,37.8,4,1.65,1.62,1.08375
0,3,6,9,34.9,2,0.71,0.75,1.0458333333333332
0,3,6,9,34.2,2,1.78,0.71,1.0887499999999999
1,3,6,9,-8.7,1,0.7,0.62,1.0883333333333334
1,3,6,9,15.7,3,1.07,1.06,1.1070833333333334
3,3,6,9,30.0,1,1.72,1.05,1.1345833333333333
3,3,6,9,3.2,1,1.11,1.66,1.1370833333333332
4,3,6,9,17.9,3,1.71,0.84,1.1391666666666667
5,3,6,9,0.5,5,1.3,1.39,1.1583333333333334
6,3,6,9,40.0,5,0.71,1.86,1.1300000000000001
6,3,6,9,39.3,5,0.23,0.54,1.0620833333333335
6,3,6,9,31.3,3,0.44,1.43,1.0579166666666666
6,3,6,9,20.7,5,0.79,1.82,1.03125
8,3,6,9,39.1,3,1.94,1.38,1.03625
10,3,6,9,22.1,4,0.98,0.7,1.0195833333333333
10,3,6,9,12.2,2,1.3,0.57,1.0445833333333334
11,3,6,9,34.1,3,0.61,0.84,1.04625
12,3,6,9,7.1,5,1.6,0.98,1.0779166666666666
12,3,6,9,-7.0,2,1.13,1.02,1.0841666666666667
13,3,6,9,13.9,4,1.87,0.88,1.1195833333333334
13,3,6,9,-9.5,3,0.42,0.28,1.1004166666666666
14,3,6,9,9.9,4,1.15,0.67,1.1366666666666667
14,3,6,9,31.7,2,0.34,1.69,1.1229166666666668
16,3,6,9,23.3,3,1.87,1.65,1.1304166666666666
17,3,6,9,21.5,5,1.91,0.71,1.14125
18,3,6,9,-7.4,2,0.84,1.78,1.1466666666666667
19,3,6,9,34.2,1,1.38,0.7,1.1300000000000001
20,3,6,9,26.7,5,0.53,1.07,1.1229166666666666
22,3,6,9,33.6,1,1.75,1.72,1.1512499999999999
22,3,6,9,1.8,2,1.05,1.11,1.1233333333333333
2,4,0,9,20.4,1,0.4,1.71,1.0937500000000002
2,4,0,9,8.1,3,0.2,1.3,1.0308333333333335
3,4,0,9,25.9,1,0.66,0.71,1.0041666666666667
3,4,0,9,6.2,2,0.96,0.23,1.0145833333333332
4,4,0,9,32.7,1,1.59,0.44,1.07125
8,4,0,9,30.5,3,1.78,0.79,1.1270833333333334
8,4,0,9,32.0,2,1.42,1.94,1.1533333333333333
9,4,0,9,18.1,5,0.94,0.98,1.1116666666666666
12,4,0,9,5.7,1,0.71,1.3,1.1004166666666666
12,4,0,9,10.7,3,0.51,0.61,1.0675000000000001
12,4,0,9,9.3,5,1.73,1.6,1.1141666666666667
14,4,0,9,2.8,2,0.76,1.13,1.0791666666666666
14,4,0,9,32.9,5,1.5,1.87,1.0945833333333332
15,4,0,9,22.2,3,1.27,0.42,1.0695833333333333
18,4,0,9,33.2,5,1.88,1.15,1.1304166666666666
19,4,0,9,3.3,1,1.3,0.34,1.1366666666666665
19,4,0,9,31.1,5,0.73,1.87,1.1529166666666666
20,4,0,9,33.7,5,1.01,1.91,1.1170833333333334
20,4,0,9,26.5,3,1.11,0.84,1.08375
20,4,0,9,27.0,1,1.8,1.38,1.12375
20,4,0,9,25.1,3,1.7,0.53,1.1370833333333332
22,4,0,9,13.6,2,1.59,1.75,1.1812500000000001
23,4,0,9,-2.1,1,0.9,1.05,1.1458333333333333
23,4,0,9,37.4,3,0.91,0.4,1.14
0,5,1,9,23.0,4,0.94,0.2,1.1624999999999999
0,5,1,9,11.5,1,1.8,0.66,1.2291666666666667
1,5,1,9,25.8,4,1.74,0.96,1.2741666666666667
1,5,1,9,-7.0,4,0.75,1.59,1.2654166666666666
2,5,1,9,-1.2,5,0.97,1.78,1.2395833333333333
2,5,1,9,30.2,1,0.3,1.42,1.1779166666666667
3,5,1,9,2.6,4,1.27,0.94,1.1716666666666666
4,5,1,9,22.3,4,2.0,0.71,1.2158333333333333
5,5,1,9,-5.8,2,0.95,0.51,1.2258333333333333
5,5,1,9,-6.5,2,0.24,1.73,1.2145833333333333
7,5,1,9,11.3,4,1.59,0.76,1.20875
7,5,1,9,21.5,3,1.5,1.5,1.2395833333333333
7,5,1,9,28.2,2,0.64,1.27,1.20375
8,5,1,9,38.5,5,0.6,1.88,1.1758333333333335
8,5,1,9,-9.7,1,1.84,1.3,1.1741666666666668
9,5,1,9,6.0,1,0.59,0.73,1.1445833333333335
9,5,1,9,7.5,4,1.59,1.01,1.1804166666666667
10,5,1,9,-6.4,4,1.47,1.11,1.1995833333333332
12,5,1,9,10.4,4,1.06,1.8,1.1975
15,5,1,9,-9.5,5,0.22,1.7,1.1316666666666666
16,5,1,9,-0.1,4,1.54,1.59,1.125
17,5,1,9,25.6,3,1.35,0.9,1.115
17,5,1,9,10.8,2,1.61,0.91,1.1445833333333335
18,5,1,9,16.5,4,1.79,0.94,1.1812500000000001
19,5,1,9,11.2,1,0.27,1.8,1.1533333333333333
19,5,1,9,30.3,1,0.54,1.74,1.1008333333333333
20,5,1,9,30.3,2,1.49,0.75,1.0904166666666668
20,5,1,9,12.0,5,0.56,0.97,1.0825
21,5,1,9,4.0,1,0.42,0.3,1.0595833333333333
22,5,1,9,18.8,5,1.72,1.27,1.1187500000000001
23,5,1,9,17.6,1,0.99,2.0,1.1070833333333334
23,5,1,9,15.8,2,0.71,0.95,1.0533333333333335
0,6,2,9,33.6,5,1.05,0.24,1.0574999999999999
0,6,2,9,35.6,1,1.5,1.59,1.11
0,6,2,9,18.0,5,1.62,1.5,1.11125
1,6,2,9,14.9,2,1.73,0.64,1.1208333333333333
1,6,2,9,3.9,4,1.37,0.6,1.1512499999999999
1,6,2,9,10.0,3,0.6,1.84,1.1512499999999999
1,6,2,9,38.7,2,0.32,0.59,1.0879166666666666
3,6,2,9,9.2,5,1.13,1.59,1.1104166666666666
5,6,2,9,30.7,4,1.38,1.47,1.1016666666666666
5,6,2,9,2.7,4,1.65,1.06,1.1091666666666666
5,6,2,9,-8.3,3,0.95,0.22,1.1045833333333335
6,6,2,9,25.8,2,1.35,1.54,1.1516666666666666
6,6,2,9,21.9,1,1.29,1.35,1.14125
7,6,2,9,7.6,1,1.21,1.61,1.1354166666666667
7,6,2,9,1.7,2,0.22,1.79,1.0775
8,6,2,9,25.3,4,0.47,0.27,1.0225
8,6,2,9,-1.5,3,0.47,0.54,1.0308333333333335
9,6,2,9,4.6,2,0.8,1.49,1.0416666666666667
10,6,2,9,0.2,3,1.26,0.56,1.0320833333333332
10,6,2,9,-8.0,4,1.96,0.42,1.0904166666666668
12,6,2,9,16.8,1,1.13,1.72,1.1199999999999999
12,6,2,9,15.2,1,1.34,0.99,1.1041666666666667
12,6,2,9,18.2,5,1.23,0.71,1.1141666666666665
13,6,2,9,36.4,4,0.6,1.05,1.1095833333333334
15,6,2,9,20.9,4,1.84,1.5,1.1425
15,6,2,9,10.9,4,0.22,1.62,1.0891666666666666
16,6,2,9,3.1,1,0.28,1.73,1.0333333333333332
18,6,2,9,14.7,4,0.44,1.37,0.9795833333333333
20,6,2,9,-4.6,4,0.85,0.6,0.9579166666666667
20,6,2,9,20.3,3,1.31,0.32,0.9874999999999999
20,6,2,9,37.2,4,0.7,1.13,1.0033333333333332
20,6,2,9,17.6,2,1.77,1.38,1.03
21,6,2,9,18.7,3,1.15,1.65,1.0204166666666667
1,7,3,9,21.8,5,1.25,0.95,1.00375
1,7,3,9,8.2,5,0.45,1.35,0.9829166666666667
2,7,3,9,13.3,5,0.91,1.29,0.9645833333333332
4,7,3,9,36.9,2,1.55,1.21,0.9754166666666667
4,7,3,9,6.5,4,1.43,0.22,0.9845833333333333
5,7,3,9,34.8,4,1.29,0.47,1.0291666666666666
6,7,3,9,34.5,1,0.88,0.47,1.04625
7,7,3,9,29.3,3,1.2,0.8,1.0766666666666667
7,7,3,9,23.4,5,1.05,1.26,1.0870833333333334
8,7,3,9,22.9,3,1.63,1.96,1.1025
9,7,3,9,15.7,3,1.76,1.13,1.0941666666666665
10,7,3,9,20.9,5,1.96,1.34,1.12875
12,7,3,9,24.4,2,1.08,1.23,1.1179166666666667
12,7,3,9,-8.7,5,0.65,0.6,1.09375
14,7,3,9,16.5,4,1.98,1.84,1.15125
15,7,3,9,37.6,1,0.43,0.22,1.0925
16,7,3,9,-6.7,4,2.0,0.28,1.1666666666666667
17,7,3,9,-6.4,4,1.28,0.44,1.2083333333333333
18,7,3,9,33.0,5,1.18,0.85,1.2391666666666667
18,7,3,9,17.3,2,0.5,1.31,1.2245833333333334
20,7,3,9,-5.8,3,1.8,0.7,1.2449999999999999
21,7,3,9,12.7,1,1.35,1.77,1.2720833333333335
22,7,3,9,26.6,1,1.94,1.15,1.2791666666666668
22,7,3,9,-8.0,2,1.02,1.25,1.27375
23,7,3,9,28.8,2,1.45,0.45,1.2820833333333332
1,8,4,9,-1.0,3,1.34,0.91,1.3191666666666666
2,8,4,9,5.3,3,0.38,1.55,1.2970833333333334
2,8,4,9,0.8,5,1.81,1.43,1.3079166666666666
4,8,4,9,0.6,2,1.98,1.29,1.3308333333333333
4,8,4,9,5.6,1,0.45,0.88,1.2958333333333334
8,8,4,9,32.3,1,0.41,1.2,1.27625
8,8,4,9,20.3,2,1.3,1.05,1.2804166666666665
10,8,4,9,-0.8,5,1.21,1.63,1.2870833333333334
12,8,4,9,34.7,3,1.77,1.76,1.2929166666666665
12,8,4,9,-1.5,2,0.75,1.96,1.2508333333333332
12,8,4,9,-4.0,4,1.23,1.08,1.2204166666666667
12,8,4,9,11.9,1,1.72,0.65,1.2470833333333335
13,8,4,9,36.7,5,0.28,1.98,1.2316666666666667
15,8,4,9,-9.2,3,1.58,0.43,1.215
15,8,4,9,17.0,5,0.83,2.0,1.2316666666666667
16,8,4,9,28.0,3,0.63,1.28,1.1745833333333333
18,8,4,9,19.6,5,1.88,1.18,1.1995833333333332
20,8,4,9,31.8,5,1.58,0.5,1.2162499999999998
20,8,4,9,37.1,3,0.91,1.8,1.2333333333333332
22,8,4,9,2.4,2,0.94,1.35,1.1975
0,9,5,9,0.5,4,1.52,1.94,1.2045833333333333
0,9,5,9,28.5,2,0.83,1.02,1.1583333333333332
3,9,5,9,6.0,5,0.65,1.45,1.1429166666666666
4,9,5,9,30.1,2,0.84,1.34,1.1175
6,9,5,9,-8.3,4,0.44,0.38,1.08
6,9,5,9,1.8,2,0.3,1.81,1.0766666666666667
8,9,5,9,-5.2,1,0.73,1.98,1.0316666666666665
8,9,5,9,27.7,5,1.41,0.45,1.0079166666666668
9,9,5,9,36.9,2,1.1,0.41,1.035
10,9,5,9,-8.0,1,1.39,1.3,1.0758333333333334
11,9,5,9,10.5,4,0.92,1.21,1.06
11,9,5,9,28.0,3,1.58,1.77,1.0754166666666667
12,9,5,9,26.2,2,1.12,0.75,1.0483333333333333
14,9,5,9,36.1,2,1.2,1.23,1.0670833333333334
15,9,5,9,15.7,4,1.48,1.72,1.0775
15,9,5,9,36.4,1,1.56,0.28,1.0708333333333333
15,9,5,9,-5.5,2,1.89,1.58,1.1379166666666667
15,9,5,9,26.3,2,0.77,0.83,1.1041666666666667
16,9,5,9,6.8,4,0.73,0.63,1.1
16,9,5,9,15.4,3,0.84,1.88,1.1087500000000001
16,9,5,9,33.1,2,1.6,1.58,1.0970833333333332
17,9,5,9,-7.0,3,1.13,0.91,1.0783333333333334
17,9,5,9,38.9,4,1.76,0.94,1.11375
17,9,5,9,24.5,1,1.7,1.52,1.1454166666666665
17,9,5,9,-5.4,1,1.05,0.83,1.1258333333333332
17,9,5,9,29.8,3,0.34,0.65,1.1054166666666667
18,9,5,9,33.9,1,1.92,0.84,1.1583333333333334
18,9,5,9,21.8,4,0.99,0.44,1.1645833333333333
19,9,5,9,15.2,3,1.11,0.3,1.1925
20,9,5,9,24.4,5,1.47,0.73,1.2412500000000002
20,9,5,9,19.9,1,0.33,1.41,1.2245833333333334
21,9,5,9,9.0,1,1.05,1.1,1.2095833333333335
22,9,5,9,14.8,3,2.0,1.39,1.2470833333333333
23,9,5,9,6.1,4,1.32,0.92,1.2441666666666666
1,10,6,9,28.8,4,1.08,1.58,1.2508333333333332
2,10,6,9,-4.0,1,1.67,1.12,1.2545833333333334
4,10,6,9,-1.7,4,1.45,1.2,1.2683333333333333
4,10,6,9,20.6,5,1.0,1.48,1.26
5,10,6,9,34.4,3,1.01,1.56,1.2404166666666667
6,10,6,9,-0.9,2,0.63,1.89,1.2016666666666667
9,10,6,9,10.2,2,0.72,0.77,1.1529166666666666
11,10,6,9,21.3,4,1.85,0.73,1.1979166666666667
12,10,6,9,12.0,5,1.07,0.84,1.2120833333333334
12,10,6,9,24.2,1,0.61,1.6,1.2025
15,10,6,9,17.7,3,0.54,1.13,1.1583333333333334
17,10,6,9,30.7,5,0.28,1.76,1.1229166666666668
18,10,6,9,14.0,2,0.23,1.7,1.0591666666666668
18,10,6,9,-0.2,3,0.35,1.05,1.0029166666666667
20,10,6,9,9.4,5,0.5,0.34,0.98
21,10,6,9,25.6,3,0.47,1.92,0.9854166666666667
22,10,6,9,18.7,1,0.69,0.99,0.9341666666666666
22,10,6,9,0.4,5,1.18,1.11,0.9420833333333333
0,11,0,9,36.5,5,0.58,1.47,0.92
0,11,0,9,-3.9,3,0.56,0.33,0.8820833333333332
1,11,0,9,23.4,5,0.37,1.05,0.88375
1,11,0,9,3.5,5,1.76,2.0,0.9133333333333332
3,11,0,9,-6.9,3,0.21,1.32,0.83875
3,11,0,9,14.5,1,1.8,1.08,0.85875
3,11,0,9,-7.1,2,1.49,1.67,0.8758333333333334
4,11,0,9,-6.1,3,1.17,1.45,0.855
4,11,0,9,1.1,3,1.47,1.0,0.8558333333333333
5,11,0,9,11.2,2,0.86,1.01,0.85
9,11,0,9,20.0,2,0.34,0.63,0.8220833333333332
10,11,0,9,27.7,3,1.89,0.72,0.8745833333333333
10,11,0,9,28.0,2,0.99,1.85,0.8858333333333334
10,11,0,9,32.8,5,1.44,1.07,0.8687499999999999
13,11,0,9,-7.8,1,0.79,0.61,0.8570833333333333
14,11,0,9,2.7,4,1.08,0.54,0.8766666666666666
14,11,0,9,21.4,2,1.49,0.28,0.9162499999999999
14,11,0,9,0.1,1,1.79,0.23,0.9791666666666666
17,11,0,9,34.5,4,1.17,0.35,1.0183333333333333
19,11,0,9,35.4,4,1.09,0.5,1.0491666666666666
22,11,0,9,-0.9,3,0.92,0.47,1.0666666666666667
22,11,0,9,1.8,2,0.21,0.69,1.0558333333333334
22,11,0,9,24.7,2,1.98,1.18,1.1095833333333334
22,11,0,9,-0.2,5,1.48,0.58,1.1220833333333333
1,12,1,9,-3.2,2,1.68,0.56,1.1679166666666665
2,12,1,9,31.0,3,0.73,0.37,1.175
2,12,1,9,21.9,4,1.63,1.76,1.2275
3,12,1,9,20.7,3,1.79,0.21,1.22875
4,12,1,9,0.2,2,1.06,1.8,1.2641666666666667
8,12,1,9,32.9,4,1.01,1.49,1.23125
9,12,1,9,14.8,2,1.55,1.17,1.23375
11,12,1,9,13.8,4,0.97,1.47,1.2254166666666666
11,12,1,9,5.5,1,0.83,0.86,1.19875
11,12,1,9,-0.7,1,1.31,0.34,1.2175
12,12,1,9,1.9,4,1.2,1.89,1.2533333333333334
12,12,1,9,22.7,4,0.93,0.99,1.2133333333333334
12,12,1,9,25.6,4,1.25,1.44,1.2241666666666666
12,12,1,9,39.8,1,1.91,0.79,1.2437500000000001
13,12,1,9,10.6,2,1.8,1.08,1.2858333333333334
14,12,1,9,4.4,4,1.62,1.49,1.3083333333333333
17,12,1,9,-8.1,3,0.23,1.79,1.2558333333333334
17,12,1,9,26.8,1,1.56,1.17,1.24625
18,12,1,9,1.4,2,1.49,1.09,1.2595833333333333
19,12,1,9,10.1,2,1.96,0.92,1.2958333333333334
20,12,1,9,-5.6,2,0.44,0.21,1.2758333333333332
21,12,1,9,-10.0,1,1.68,1.98,1.3370833333333332
21,12,1,9,8.8,4,0.25,1.48,1.265
22,12,1,9,-6.6,5,0.46,1.68,1.2225
23,12,1,9,18.1,3,0.57,0.73,1.17625
23,12,1,9,-5.5,2,0.86,1.63,1.1816666666666666
23,12,1,9,9.0,1,1.46,1.79,1.1745833333333333
0,13,2,9,34.1,2,1.77,1.06,1.1737499999999998
0,13,2,9,-9.5,3,1.91,1.01,1.2091666666666667
1,13,2,9,-1.4,5,1.18,1.55,1.2162499999999998
3,13,2,9,-8.2,4,1.17,0.97,1.2004166666666667
3,13,2,9,21.8,1,1.29,0.83,1.2137499999999999
3,13,2,9,-6.4,1,0.33,1.31,1.1929166666666666
4,13,2,9,-6.8,3,1.92,1.2,1.2183333333333333
4,13,2,9,21.5,5,1.44,0.93,1.2283333333333333
5,13,2,9,5.5,4,0.85,1.25,1.2249999999999999
5,13,2,9,22.3,4,1.47,1.91,1.2341666666666666
5,13,2,9,0.2,2,0.29,1.8,1.1666666666666667
5,13,2,9,10.9,1,0.25,1.62,1.1020833333333333
6,13,2,9,34.4,2,1.08,0.23,1.0795833333333333
7,13,2,9,16.7,3,0.91,1.56,1.1079166666666667
8,13,2,9,-8.2,1,0.31,1.49,1.0558333333333334
9,13,2,9,34.7,1,0.47,1.96,1.0133333333333334
9,13,2,9,37.2,3,1.06,0.44,0.9758333333333332
10,13,2,9,34.8,3,1.85,1.68,1.0345833333333334
12,13,2,9,34.4,1,0.57,0.25,0.9883333333333333
14,13,2,9,-6.9,4,1.91,0.46,1.0574999999999999
14,13,2,9,-4.8,5,1.37,0.57,1.0954166666666667
15,13,2,9,33.6,1,0.24,0.86,1.0816666666666668
20,13,2,9,24.4,4,1.84,1.46,1.1225
20,13,2,9,37.2,3,1.45,1.77,1.1220833333333333
22,13,2,9,17.5,3,1.82,1.91,1.1241666666666668
1,14,3,9,7.3,2,1.52,1.18,1.1079166666666667
3,14,3,9,-8.9,5,0.5,1.17,1.0795833333333333
3,14,3,9,-7.1,1,1.92,1.29,1.1108333333333333
3,14,3,9,38.9,5,1.36,0.33,1.11375
3,14,3,9,11.9,4,0.67,1.92,1.1279166666666667
6,14,3,9,36.5,3,0.9,1.44,1.0854166666666667
7,14,3,9,-1.2,5,0.65,0.85,1.0525
8,14,3,9,13.2,2,0.53,1.47,1.0391666666666668
10,14,3,9,-3.3,4,1.26,0.29,1.0304166666666665
11,14,3,9,-4.7,4,1.63,0.25,1.08625
12,14,3,9,-1.2,4,0.74,1.08,1.1066666666666667
13,14,3,9,25.9,2,1.3,0.91,1.1158333333333335
14,14,3,9,-9.2,4,1.28,0.31,1.13125
15,14,3,9,3.0,1,0.55,0.47,1.14125
15,14,3,9,-4.8,2,1.57,1.06,1.1870833333333333
15,14,3,9,-0.8,4,0.98,1.85,1.18375
15,14,3,9,-9.5,4,1.36,0.57,1.1633333333333333
16,14,3,9,-3.0,4,1.28,1.91,1.1929166666666666
18,14,3,9,6.8,2,0.67,1.37,1.14125
18,14,3,9,-1.8,4,1.88,0.24,1.1625
18,14,3,9,9.8,2,1.58,1.84,1.2183333333333335
20,14,3,9,18.9,3,1.93,1.45,1.2220833333333334
20,14,3,9,19.7,4,0.93,1.82,1.2004166666666667
21,14,3,9,-0.6,1,0.96,1.52,1.1645833333333333
22,14,3,9,19.3,2,1.82,0.5,1.1770833333333333
23,14,3,9,20.6,2,0.28,1.92,1.1679166666666667
23,14,3,9,36.3,1,0.52,1.36,1.1095833333333334
0,15,4,9,-4.8,1,1.11,0.67,1.0991666666666666
0,15,4,9,27.0,4,0.62,0.9,1.0970833333333334
0,15,4,9,18.9,5,1.55,0.65,1.1241666666666668
1,15,4,9,-1.7,1,1.47,0.53,1.1583333333333334
1,15,4,9,3.9,3,0.29,1.26,1.1483333333333332
1,15,4,9,14.0,2,0.94,1.63,1.135
4,15,4,9,32.7,5,1.08,0.74,1.1120833333333333
5,15,4,9,-6.5,4,0.92,1.3,1.1195833333333334
9,15,4,9,36.6,5,0.29,1.28,1.0775
9,15,4,9,38.0,1,0.76,0.55,1.0558333333333334
9,15,4,9,13.4,5,1.12,1.57,1.0795833333333333
9,15,4,9,-8.1,5,1.63,0.98,1.0820833333333335
10,15,4,9,19.6,4,1.3,1.36,1.0954166666666667
10,15,4,9,9.0,1,1.22,1.28,1.0895833333333333
11,15,4,9,15.2,5,1.7,0.67,1.1070833333333334
12,15,4,9,3.9,2,0.79,1.88,1.1120833333333333
12,15,4,9,6.6,4,0.82,1.58,1.0679166666666666
13,15,4,9,8.5,3,1.03,1.93,1.045
15,15,4,9,20.1,3,1.38,0.93,1.0220833333333332
16,15,4,9,35.9,1,0.9,0.96,1.0208333333333333
16,15,4,9,22.9,1,0.99,1.82,1.0220833333333335
17,15,4,9,37.5,4,0.34,0.28,0.9604166666666667
18,15,4,9,23.0,5,0.49,0.52,0.9691666666666667
19,15,4,9,12.3,3,0.49,1.11,0.9679166666666666
19,15,4,9,-2.6,3,0.24,0.62,0.9316666666666666
21,15,4,9,22.1,5,1.02,1.55,0.9483333333333334
22,15,4,9,12.8,4,1.65,1.47,0.9525
23,15,4,9,38.0,3,0.21,0.29,0.9
1,16,5,9,33.8,5,0.33,0.94,0.9016666666666667
1,16,5,9,38.9,4,1.98,1.08,0.945
2,16,5,9,7.5,2,1.77,0.92,0.9737499999999999
5,16,5,9,-3.1,5,1.06,0.29,0.9795833333333334
5,16,5,9,-9.9,1,0.98,0.76,1.0083333333333333
6,16,5,9,-8.7,2,1.98,1.12,1.0591666666666666
6,16,5,9,15.8,3,1.14,1.63,1.0599999999999998
7,16,5,9,12.5,2,1.13,1.3,1.0391666666666666
7,16,5,9,39.8,1,0.48,1.22,1.005
8,16,5,9,23.4,2,0.26,1.7,0.965
8,16,5,9,31.5,2,0.89,0.79,0.93125
9,16,5,9,-7.0,3,0.27,0.82,0.9095833333333334
10,16,5,9,8.2,4,1.28,1.03,0.92875
11,16,5,9,20.2,2,0.36,1.38,0.9008333333333334
11,16,5,9,-3.5,4,1.44,0.9,0.9033333333333333
11,16,5,9,28.8,2,0.36,0.99,0.8808333333333332
12,16,5,9,4.6,1,0.76,0.34,0.87125
12,16,5,9,32.7,1,1.16,0.49,0.9054166666666666
12,16,5,9,12.8,5,1.89,0.49,0.96375
13,16,5,9,-5.6,5,1.07,0.24,0.9879166666666667
13,16,5,9,-3.9,3,0.7,1.02,1.0070833333333333
14,16,5,9,-9.2,1,1.85,1.65,1.0416666666666665
14,16,5,9,20.3,2,1.66,0.21,1.0420833333333333
15,16,5,9,9.2,3,1.56,0.33,1.0983333333333334
15,16,5,9,34.1,3,0.74,1.98,1.1154166666666667
17,16,5,9,23.7,4,1.67,1.77,1.1025
18,16,5,9,22.9,4,0.65,1.06,1.0558333333333334
18,16,5,9,28.2,4,1.07,0.98,1.05625
20,16,5,9,12.4,3,1.81,1.98,1.0908333333333333
22,16,5,9,35.6,2,1.84,1.14,1.085
22,16,5,9,4.5,3,1.89,1.13,1.11625
22,16,5,9,-3.5,1,1.25,0.48,1.12125
0,17,6,9,30.4,3,0.72,0.26,1.13125
0,17,6,9,2.3,5,1.48,0.89,1.1820833333333332
1,17,6,9,20.9,2,1.16,0.27,1.1933333333333331
2,17,6,9,-6.6,5,0.34,1.28,1.1962499999999998
2,17,6,9,25.2,5,1.44,0.36,1.2029166666666666
4,17,6,9,14.2,3,0.26,1.44,1.19875
4,17,6,9,17.1,4,0.4,0.36,1.1554166666666668
4,17,6,9,22.8,4,2.0,0.76,1.2237500000000001
5,17,6,9,19.5,5,1.02,1.16,1.2345833333333334
7,17,6,9,1.6,5,0.29,1.89,1.1983333333333333
7,17,6,9,34.6,1,1.82,1.07,1.1954166666666666
8,17,6,9,0.0,2,0.53,0.7,1.1729166666666666
8,17,6,9,9.9,4,1.17,1.85,1.1925
9,17,6,9,6.0,1,0.63,1.66,1.1416666666666668
11,17,6,9,38.4,4,0.47,1.56,1.0920833333333333
11,17,6,9,37.9,4,1.82,0.74,1.1029166666666665
11,17,6,9,25.0,4,0.99,1.67,1.1133333333333333
11,17,6,9,28.4,5,0.35,0.65,1.0583333333333333
11,17,6,9,21.7,2,0.72,1.07,1.06125
12,17,6,9,-9.1,5,1.01,1.81,1.05875
12,17,6,9,6.0,1,0.5,1.84,1.0041666666666667
13,17,6,9,25.5,4,1.5,1.89,0.9900000000000001
13,17,6,9,-7.9,3,1.68,1.25,0.9812500000000001
13,17,6,9,24.2,3,1.65,0.72,0.9979166666666667
13,17,6,9,7.5,1,1.32,1.48,1.0229166666666665
14,17,6,9,8.9,4,1.48,1.16,1.0229166666666667
16,17,6,9,-2.8,1,1.55,0.34,1.0391666666666668
17,17,6,9,38.1,4,0.51,1.44,1.04625
18,17,6,9,35.1,3,0.2,0.26,0.9945833333333334
19,17,6,9,11.1,2,0.48,0.4,1.00375
19,17,6,9,22.7,1,0.65,2.0,1.0141666666666667
21,17,6,9,34.2,1,1.62,1.02,0.9983333333333334
23,17,6,9,19.1,3,1.57,0.29,1.02125
2,18,0,9,7.6,3,1.99,1.82,1.0920833333333333
5,18,0,9,18.4,1,1.38,0.53,1.07375
6,18,0,9,17.6,1,0.2,1.17,1.06
6,18,0,9,16.4,2,0.49,0.63,1.0316666666666667
7,18,0,9,1.8,4,1.86,0.47,1.0829166666666665
7,18,0,9,-2.0,1,1.09,1.82,1.10875
7,18,0,9,16.6,1,0.56,0.99,1.0562500000000001
10,18,0,9,15.1,1,1.59,0.35,1.08125
11,18,0,9,24.1,2,1.21,0.72,1.1170833333333332
11,18,0,9,19.0,1,1.95,1.01,1.1683333333333334
11,18,0,9,29.1,1,1.75,0.5,1.1991666666666667
12,18,0,9,35.8,1,1.78,1.5,1.2525
12,18,0,9,27.6,4,1.21,1.68,1.2404166666666667
13,18,0,9,15.3,1,0.33,1.65,1.1841666666666668
15,18,0,9,15.6,3,0.25,1.32,1.1258333333333335
16,18,0,9,7.1,2,1.41,1.48,1.1295833333333334
17,18,0,9,26.6,1,0.51,1.55,1.0891666666666666
17,18,0,9,13.1,3,0.54,0.51,1.0470833333333334
19,18,0,9,23.8,3,1.16,0.2,1.0741666666666665
19,18,0,9,28.4,3,0.7,0.48,1.095
19,18,0,9,22.1,2,0.66,0.65,1.1024999999999998
20,18,0,9,7.2,2,0.37,1.62,1.0908333333333333
20,18,0,9,23.0,5,0.46,1.57,1.0425
20,18,0,9,4.0,5,1.0,1.99,1.01875
21,18,0,9,28.2,1,1.16,1.38,0.9841666666666667
0,19,1,9,-3.7,1,0.29,0.2,0.9387500000000001
1,19,1,9,30.2,5,1.69,0.49,1.0008333333333332
1,19,1,9,39.9,4,0.31,1.86,0.9933333333333333
1,19,1,9,-1.9,3,1.93,1.09,0.99625
2,19,1,9,14.3,2,0.24,0.56,0.9608333333333334
2,19,1,9,-1.4,3,1.68,1.59,1.0075
3,19,1,9,37.3,1,1.75,1.21,1.0141666666666667
3,19,1,9,27.6,2,1.62,1.95,1.03125
5,19,1,9,2.0,5,0.2,1.75,0.9583333333333334
8,19,1,9,36.7,5,0.58,1.78,0.9095833333333333
8,19,1,9,-4.7,1,1.4,1.21,0.8937499999999999
9,19,1,9,-7.0,5,1.33,0.33,0.89875
9,19,1,9,18.9,1,1.71,0.25,0.9562499999999999
10,19,1,9,9.7,4,0.69,1.41,0.9745833333333332
10,19,1,9,7.7,1,1.48,0.51,0.9774999999999999
10,19,1,9,3.5,3,1.28,0.54,1.0095833333333333
12,19,1,9,11.8,4,0.98,1.16,1.0279166666666668
13,19,1,9,-3.4,2,0.62,0.7,1.0054166666666666
15,19,1,9,-8.6,1,1.27,0.66,1.0291666666666668
15,19,1,9,-3.6,2,0.44,0.37,1.02
16,19,1,9,-8.8,2,1.56,0.46,1.0695833333333333
19,19,1,9,37.6,4,1.67,1.0,1.1199999999999999
21,19,1,9,3.8,4,0.78,1.16,1.1108333333333333
0,20,2,9,-6.9,2,0.81,0.29,1.09625
1,20,2,9,36.9,2,1.57,1.69,1.1495833333333334
2,20,2,9,29.2,5,0.6,0.31,1.1041666666666667
3,20,2,9,18.6,3,0.29,1.93,1.1033333333333333
5,20,2,9,5.7,1,1.21,0.24,1.0733333333333335
6,20,2,9,2.8,4,0.5,1.68,1.0841666666666667
7,20,2,9,31.2,1,0.7,1.75,1.0433333333333332
7,20,2,9,31.8,4,1.55,1.62,1.035
12,20,2,9,8.5,5,1.47,0.2,1.02875
12,20,2,9,-4.7,2,0.9,0.58,1.0579166666666666
13,20,2,9,6.3,1,1.23,1.4,1.085
14,20,2,9,39.6,2,0.67,1.33,1.0545833333333334
15,20,2,9,29.6,2,0.63,1.71,1.0254166666666666
16,20,2,9,35.3,4,1.06,0.69,0.9983333333333332
17,20,2,9,9.6,4,0.72,1.48,0.9995833333333334
18,20,2,9,27.9,5,0.41,1.28,0.9550000000000001
18,20,2,9,33.9,1,1.06,0.98,0.9458333333333333
18,20,2,9,33.3,1,1.38,0.62,0.9624999999999999
20,20,2,9,-9.5,5,1.9,1.27,1.0158333333333334
20,20,2,9,36.0,5,0.95,0.44,1.0025
20,20,2,9,-7.5,4,1.44,1.56,1.0441666666666667
21,20,2,9,30.7,3,1.21,1.67,1.0295833333333333
1,21,3,9,25.7,5,0.21,0.78,0.96875
1,21,3,9,4.6,3,1.48,0.81,0.9979166666666667
1,21,3,9,37.7,5,1.74,1.57,1.0366666666666666
2,21,3,9,21.8,2,1.6,0.6,1.0379166666666666
2,21,3,9,7.4,4,0.68,0.29,1.04125
4,21,3,9,34.1,1,0.27,1.21,1.0404166666666665
4,21,3,9,37.5,5,0.51,0.5,1.01125
4,21,3,9,19.8,5,1.84,0.7,1.0670833333333334
4,21,3,9,38.5,3,1.24,1.55,1.0895833333333333
5,21,3,9,14.6,5,0.5,1.47,1.0458333333333332
6,21,3,9,10.3,2,0.6,0.9,1.0095833333333333
6,21,3,9,5.0,2,0.98,1.23,1.0129166666666667
6,21,3,9,15.1,2,0.37,0.67,0.9770833333333333
7,21,3,9,39.5,3,1.59,0.63,1.0154166666666666
7,21,3,9,8.0,3,0.6,1.06,1.0141666666666667
8,21,3,9,-8.2,4,0.56,0.72,0.9933333333333333
8,21,3,9,-5.8,3,1.51,0.41,1.0262499999999999
8,21,3,9,34.9,1,1.62,1.06,1.0766666666666667
8,21,3,9,31.4,4,1.73,1.38,1.1045833333333335
10,21,3,9,9.8,4,1.57,1.9,1.1125
10,21,3,9,9.5,3,0.36,0.95,1.0483333333333333
11,21,3,9,16.4,1,1.21,1.44,1.0591666666666668
11,21,3,9,15.5,3,1.05,1.21,1.0429166666666667
11,21,3,9,-9.0,1,0.97,0.21,1.0329166666666667
11,21,3,9,19.2,3,1.18,1.48,1.0733333333333335
14,21,3,9,3.4,3,0.21,1.74,1.0204166666666665
14,21,3,9,11.2,5,1.06,1.6,0.9920833333333334
15,21,3,9,17.5,4,0.92,0.68,0.96375
16,21,3,9,35.4,1,0.69,0.27,0.9641666666666667
16,21,3,9,1.0,1,0.3,0.51,0.9654166666666667
17,21,3,9,6.5,4,0.31,1.84,0.9570833333333333
17,21,3,9,-3.3,5,1.52,1.24,0.94375
17,21,3,9,-9.1,4,1.36,0.5,0.94875
18,21,3,9,36.5,1,0.64,0.6,0.9545833333333333
20,21,3,9,14.2,1,1.0,0.98,0.97125
20,21,3,9,35.6,4,1.68,0.37,1.0004166666666665
20,21,3,9,29.1,3,1.09,1.59,1.0304166666666668
21,21,3,9,-1.1,4,1.26,0.6,1.0166666666666668
21,21,3,9,-3.7,2,1.99,0.56,1.0745833333333332
21,21,3,9,10.1,3,1.21,1.51,1.1016666666666668
23,21,3,9,18.7,4,1.7,1.62,1.1095833333333334
23,21,3,9,25.1,2,1.01,1.73,1.0841666666666667
23,21,3,9,11.4,4,0.75,1.57,1.0433333333333332
23,21,3,9,-3.7,3,0.42,0.36,0.9954166666666665
0,22,4,9,11.8,3,0.49,1.21,1.0008333333333332
1,22,4,9,5.6,1,0.26,1.05,0.96125
2,22,4,9,-9.4,5,1.09,0.97,0.9629166666666666
3,22,4,9,1.7,4,1.33,1.18,0.9779166666666667
3,22,4,9,9.1,5,0.55,0.21,0.9516666666666667
3,22,4,9,7.6,1,1.24,1.06,0.9945833333333334
4,22,4,9,23.3,3,0.35,0.92,0.965
5,22,4,9,6.2,4,1.95,0.69,1.0079166666666668
5,22,4,9,-8.4,2,1.31,0.3,1.03375
5,22,4,9,7.7,4,1.35,0.31,1.0775
6,22,4,9,5.1,4,0.34,1.52,1.07875
6,22,4,9,17.9,5,1.81,1.36,1.0908333333333333
10,22,4,9,17.4,2,1.32,0.64,1.0891666666666666
11,22,4,9,9.1,2,1.87,1.0,1.1404166666666666
11,22,4,9,30.2,4,0.92,1.68,1.1370833333333334
12,22,4,9,-8.8,5,0.5,1.09,1.0879166666666669
15,22,4,9,29.8,5,1.47,1.26,1.10375
15,22,4,9,35.3,4,1.27,1.99,1.1041666666666667
15,22,4,9,9.8,1,0.51,1.21,1.0425000000000002
16,22,4,9,13.0,4,1.6,1.7,1.05875
16,22,4,9,30.4,1,0.72,1.01,1.0179166666666668
19,22,4,9,0.2,4,1.07,0.75,1.0204166666666667
20,22,4,9,39.5,3,1.42,0.42,1.0483333333333333
21,22,4,9,19.8,3,0.58,0.49,1.0550000000000002
22,22,4,9,12.9,1,1.03,0.26,1.0775
23,22,4,9,18.5,2,0.31,1.09,1.0795833333333336
0,23,5,9,12.9,5,1.44,1.33,1.0941666666666667
2,23,5,9,9.7,1,1.11,0.55,1.085
2,23,5,9,27.6,1,0.97,1.24,1.1025
2,23,5,9,12.7,3,0.39,0.35,1.0670833333333334
3,23,5,9,3.6,1,1.61,1.95,1.1195833333333334
3,23,5,9,23.9,2,1.19,1.31,1.0879166666666666
6,23,5,9,37.8,3,1.57,1.35,1.0987500000000001
8,23,5,9,32.6,3,1.39,0.34,1.1004166666666666
8,23,5,9,2.0,1,0.77,1.81,1.1183333333333334
10,23,5,9,35.4,2,0.5,1.32,1.06375
10,23,5,9,10.6,5,1.93,1.87,1.0891666666666666
11,23,5,9,19.3,1,0.69,0.92,1.04
11,23,5,9,2.3,1,0.69,0.5,1.0304166666666668
11,23,5,9,18.3,5,0.68,1.47,1.0379166666666666
12,23,5,9,-8.7,2,0.41,1.27,0.99375
13,23,5,9,20.6,2,0.64,0.51,0.9674999999999999
13,23,5,9,15.5,4,0.94,1.6,0.9854166666666666
13,23,5,9,16.2,2,0.78,0.72,0.95125
16,23,5,9,8.5,2,0.51,1.07,0.9424999999999999
19,23,5,9,22.1,1,0.4,1.42,0.9145833333333333
19,23,5,9,29.8,5,0.42,0.58,0.8729166666666667
20,23,5,9,-3.1,4,0.9,1.03,0.88625
20,23,5,9,3.5,3,0.82,0.31,0.8775000000000001
21,23,5,9,34.6,3,1.66,1.44,0.9337499999999999
23,23,5,9,38.5,4,0.69,1.11,0.9025
1,24,6,9,20.7,5,0.26,0.97,0.8670833333333334
2,24,6,9,16.5,4,1.43,0.39,0.88625
3,24,6,9,26.0,3,1.89,1.61,0.94875
3,24,6,9,15.6,5,1.09,1.19,0.9270833333333334
4,24,6,9,-0.7,4,0.95,1.57,0.9170833333333334
5,24,6,9,20.8,1,0.31,1.39,0.8645833333333334
5,24,6,9,15.0,1,1.71,0.77,0.8779166666666667
7,24,6,9,19.8,2,1.21,0.5,0.8962500000000001
9,24,6,9,-5.4,1,0.32,1.93,0.88875
9,24,6,9,8.8,1,0.8,0.69,0.8416666666666667
11,24,6,9,31.4,5,1.38,0.69,0.8704166666666667
11,24,6,9,15.5,4,1.2,0.68,0.8916666666666666
14,24,6,9,15.1,2,0.34,0.41,0.8775
14,24,6,9,22.4,5,1.51,0.64,0.9233333333333332
15,24,6,9,32.4,2,1.61,0.94,0.9637500000000001
15,24,6,9,-0.1,4,0.46,0.78,0.94375
15,24,6,9,-9.1,2,1.19,0.51,0.9608333333333333
16,24,6,9,-7.7,5,1.68,0.4,1.0095833333333333
16,24,6,9,6.6,1,0.5,0.42,1.01375
17,24,6,9,10.8,3,0.66,0.9,1.02375
19,24,6,9,17.4,2,1.42,0.82,1.0454166666666667
21,24,6,9,9.4,4,0.61,1.66,1.0366666666666666
21,24,6,9,29.8,2,0.21,0.69,0.97625
22,24,6,9,21.8,2,1.55,0.26,1.0120833333333332
22,24,6,9,-3.2,5,0.26,1.43,1.0120833333333332
23,24,6,9,-5.5,4,1.91,1.89,1.0320833333333332
0,25,0,9,10.0,2,1.92,1.09,1.0333333333333332
2,25,0,9,39.4,4,0.34,0.95,1.0020833333333332
3,25,0,9,18.5,1,1.62,0.31,1.03
4,25,0,9,25.5,2,1.76,1.71,1.0904166666666668
4,25,0,9,6.3,1,0.54,1.21,1.0416666666666667
7,25,0,9,9.5,3,0.66,0.32,1.01875
8,25,0,9,-0.2,1,1.27,0.8,1.0583333333333333
8,25,0,9,-9.3,1,1.79,1.38,1.0995833333333334
8,25,0,9,22.8,2,0.89,1.2,1.0791666666666666
9,25,0,9,28.0,5,0.32,0.34,1.0425
9,25,0,9,-1.6,2,1.97,1.51,1.1104166666666666
9,25,0,9,24.8,2,1.5,1.61,1.11
10,25,0,9,-6.5,4,0.4,0.46,1.0595833333333333
10,25,0,9,7.4,5,0.51,1.19,1.0616666666666668
12,25,0,9,10.0,1,1.51,1.68,1.075
13,25,0,9,25.5,3,1.71,0.5,1.0762500000000002
13,25,0,9,35.3,5,0.27,0.66,1.0666666666666667
16,25,0,9,25.4,5,1.83,1.42,1.1154166666666667
18,25,0,9,15.0,4,0.67,0.61,1.0841666666666667
18,25,0,9,16.5,1,1.76,0.21,1.1320833333333333
19,25,0,9,12.1,2,1.13,1.55,1.1704166666666667
20,25,0,9,14.6,4,0.65,0.26,1.1329166666666668
22,25,0,9,-5.1,3,0.78,1.91,1.1545833333333333
22,25,0,9,18.7,4,0.37,1.92,1.0904166666666668
22,25,0,9,22.4,3,0.95,0.34,1.05
22,25,0,9,10.1,5,0.7,1.62,1.0650000000000002
22,25,0,9,1.7,4,0.66,1.76,1.0250000000000001
0,26,1,9,30.6,5,0.86,0.54,0.9874999999999999
1,26,1,9,-9.4,4,0.61,0.66,0.9904166666666666
2,26,1,9,4.2,2,0.65,1.27,0.9900000000000001
4,26,1,9,20.1,2,0.98,1.79,0.9779166666666667
5,26,1,9,17.2,5,1.87,0.89,0.9812500000000001
5,26,1,9,16.0,2,0.35,0.32,0.9587500000000001
5,26,1,9,6.3,5,0.7,1.97,0.9745833333333334
7,26,1,9,37.3,5,0.8,1.5,0.9258333333333334
7,26,1,9,33.4,2,0.79,0.4,0.8962500000000001
7,26,1,9,-6.0,4,1.93,0.51,0.96
7,26,1,9,6.6,1,0.61,1.51,0.9641666666666667
8,26,1,9,19.3,1,0.21,1.71,0.91
9,26,1,9,0.3,5,1.54,0.27,0.9029166666666666
11,26,1,9,-9.2,5,1.0,1.83,0.9333333333333332
11,26,1,9,32.9,2,1.04,0.67,0.9004166666666668
11,26,1,9,-8.3,1,1.2,1.76,0.9225
14,26,1,9,-7.2,4,0.35,1.13,0.86375
16,26,1,9,27.9,3,1.29,0.65,0.8704166666666667
17,26,1,9,39.4,5,0.56,0.78,0.8666666666666667
17,26,1,9,26.1,5,0.93,0.37,0.8729166666666667
18,26,1,9,-0.9,2,0.29,0.95,0.8695833333333333
18,26,1,9,35.0,2,0.89,0.7,0.8670833333333333
18,26,1,9,2.4,4,0.88,0.66,0.8745833333333333
20,26,1,9,4.3,5,1.19,0.86,0.8966666666666666
20,26,1,9,-5.0,5,1.05,0.61,0.9045833333333334
21,26,1,9,27.0,5,1.41,0.65,0.9379166666666667
22,26,1,9,24.3,2,1.48,0.98,0.9725
22,26,1,9,12.4,3,0.98,1.87,0.9725
22,26,1,9,25.4,3,1.02,0.35,0.9370833333333334
23,26,1,9,-3.0,5,1.31,0.7,0.9770833333333333
0,27,2,9,28.7,4,0.78,0.8,0.9804166666666667
1,27,2,9,33.9,2,1.07,0.79,0.9916666666666667
2,27,2,9,10.9,1,1.9,1.93,1.0379166666666666
5,27,2,9,-8.2,3,0.44,0.61,0.9758333333333334
6,27,2,9,28.5,3,1.61,0.21,1.0175
6,27,2,9,-1.1,1,0.36,1.54,1.02375
7,27,2,9,0.0,4,0.85,1.0,0.9950000000000001
8,27,2,9,10.4,1,1.33,1.04,1.00875
8,27,2,9,30.1,1,0.51,1.2,0.9866666666666667
9,27,2,9,36.4,4,0.8,0.35,0.9700000000000001
10,27,2,9,27.9,1,0.85,1.29,0.9908333333333333
11,27,2,9,-9.2,3,1.17,0.56,0.9858333333333333
12,27,2,9,27.1,1,0.76,0.93,0.9941666666666666
13,27,2,9,29.4,2,1.49,0.29,1.0175
13,27,2,9,27.6,1,1.82,0.89,1.08125
13,27,2,9,33.1,2,0.47,0.88,1.06375
14,27,2,9,13.8,5,0.84,1.19,1.0620833333333335
15,27,2,9,7.9,4,0.67,1.05,1.0404166666666665
15,27,2,9,37.4,5,0.41,1.41,1.01375
17,27,2,9,18.0,5,0.29,1.48,0.9670833333333334
18,27,2,9,12.8,2,0.24,0.98,0.9154166666666667
18,27,2,9,12.2,3,0.35,1.02,0.8891666666666667
20,27,2,9,-7.0,1,0.52,1.31,0.8683333333333333
20,27,2,9,36.0,1,1.64,0.78,0.8820833333333334
22,27,2,9,-0.6,2,1.04,1.07,0.8929166666666667
22,27,2,9,-4.0,3,1.26,1.9,0.9008333333333333
23,27,2,9,-5.9,3,0.97,0.44,0.8620833333333334
0,28,3,9,33.0,5,1.55,1.61,0.9083333333333333
1,28,3,9,36.0,1,0.35,0.36,0.8558333333333333
1,28,3,9,5.2,4,0.53,0.85,0.8629166666666667
1,28,3,9,18.7,4,0.55,1.33,0.8504166666666667
2,28,3,9,31.4,1,0.99,0.51,0.83625
4,28,3,9,3.9,2,1.47,0.8,0.8762499999999999
6,28,3,9,15.8,5,1.43,0.85,0.9024999999999999
8,28,3,9,9.4,3,1.25,1.17,0.9191666666666666
9,28,3,9,-4.0,1,0.61,0.76,0.8958333333333334
10,28,3,9,26.7,5,0.37,1.49,0.8795833333333333
10,28,3,9,12.8,1,1.97,1.82,0.8995833333333333
10,28,3,9,9.4,1,0.35,0.47,0.8383333333333333
13,28,3,9,-5.5,5,0.39,0.84,0.835
13,28,3,9,-6.8,5,0.62,0.67,0.8258333333333333
14,28,3,9,15.8,5,0.62,0.41,0.8237500000000001
16,28,3,9,13.5,3,1.96,0.29,0.8883333333333333
16,28,3,9,24.9,1,0.87,0.24,0.9125
16,28,3,9,21.9,5,1.29,0.35,0.9562499999999999
16,28,3,9,-7.5,1,0.33,0.52,0.9554166666666667
17,28,3,9,17.6,2,0.89,1.64,0.9708333333333333
17,28,3,9,33.3,3,0.24,1.04,0.9125
18,28,3,9,-0.2,3,1.21,1.26,0.9195833333333333
20,28,3,9,-5.6,3,0.88,0.97,0.90375
21,28,3,9,13.8,5,0.92,1.55,0.9016666666666667
21,28,3,9,17.9,1,1.16,0.35,0.8854166666666666
21,28,3,9,8.5,2,0.48,0.53,0.8908333333333333
22,28,3,9,32.6,2,0.83,0.55,0.9033333333333333
22,28,3,9,17.9,1,1.76,0.99,0.9537499999999999
0,29,4,9,8.6,1,1.72,1.47,0.9841666666666667
1,29,4,9,5.0,2,0.37,1.43,0.9383333333333334
2,29,4,9,-3.7,4,0.23,1.25,0.8883333333333333
2,29,4,9,24.1,4,1.73,0.61,0.9083333333333333
2,29,4,9,-2.0,1,1.67,0.37,0.9525
2,29,4,9,4.8,2,0.39,1.97,0.9533333333333335
2,29,4,9,-8.4,4,0.79,0.35,0.9041666666666667
3,29,4,9,2.5,1,0.3,0.39,0.9020833333333335
4,29,4,9,-3.1,4,0.6,0.62,0.9108333333333333
6,29,4,9,-5.5,3,0.41,0.62,0.9020833333333332
8,29,4,9,18.3,3,0.51,1.96,0.8975000000000001
11,29,4,9,7.7,1,0.48,0.87,0.8358333333333334
15,29,4,9,30.2,4,1.02,1.29,0.8420833333333334
15,29,4,9,32.7,2,1.25,0.33,0.8404166666666667
16,29,4,9,31.1,1,0.59,0.89,0.85125
18,29,4,9,12.7,5,0.52,0.24,0.8358333333333333
19,29,4,9,0.0,2,1.72,1.21,0.8975
19,29,4,9,1.9,4,0.2,0.88,0.8554166666666666
20,29,4,9,15.8,2,0.45,0.92,0.8375
20,29,4,9,12.1,4,1.0,1.16,0.8408333333333333
20,29,4,9,-9.2,5,1.0,0.48,0.8341666666666668
21,29,4,9,2.1,1,0.72,0.83,0.8441666666666667
21,29,4,9,-3.7,1,0.69,1.76,0.8383333333333333
21,29,4,9,1.7,1,1.23,1.72,0.81625
22,29,4,9,21.0,5,1.16,0.37,0.7929166666666666
22,29,4,9,-1.0,4,1.7,0.23,0.8483333333333333
23,29,4,9,-8.5,3,1.88,1.73,0.9170833333333334
23,29,4,9,31.7,2,1.96,1.67,0.9266666666666667
23,29,4,9,26.2,5,0.66,0.39,0.8845833333333332
1,30,5,9,13.0,4,1.07,0.79,0.9129166666666665
1,30,5,9,18.1,1,1.07,0.3,0.9245833333333332
2,30,5,9,9.7,4,1.4,0.6,0.9704166666666666
2,30,5,9,23.5,3,0.86,0.41,0.9812500000000001
4,30,5,9,8.4,5,1.95,0.51,1.0454166666666667
4,30,5,9,36.1,1,1.32,0.48,1.0791666666666666
5,30,5,9,-5.4,4,1.28,1.02,1.1125
5,30,5,9,18.7,4,1.7,1.25,1.1408333333333334
5,30,5,9,31.0,2,1.75,0.59,1.1616666666666666
7,30,5,9,10.3,3,1.71,0.52,1.2083333333333333
7,30,5,9,11.5,3,1.3,1.72,1.2408333333333332
7,30,5,9,5.7,3,1.24,0.2,1.2208333333333334
8,30,5,9,26.2,4,1.08,0.45,1.2575
8,30,5,9,23.4,5,1.13,1.0,1.2858333333333334
8,30,5,9,33.1,5,0.41,1.0,1.26125
10,30,5,9,0.7,1,2.0,0.72,1.3029166666666665
11,30,5,9,19.7,5,1.98,0.69,1.3554166666666667
12,30,5,9,7.5,3,1.44,1.23,1.3866666666666667
13,30,5,9,32.4,5,0.5,1.16,1.35625
13,30,5,9,16.0,1,0.31,1.7,1.3208333333333333
16,30,5,9,33.0,3,1.18,1.88,1.2991666666666666
16,30,5,9,10.9,4,1.03,1.96,1.26375
17,30,5,9,0.2,1,1.07,0.66,1.2266666666666666
17,30,5,9,5.2,1,1.61,1.07,1.26625
17,30,5,9,37.2,3,0.28,1.07,1.2333333333333334
20,30,5,9,26.1,5,1.86,1.4,1.26625
22,30,5,9,15.0,1,0.33,0.86,1.2216666666666667
23,30,5,9,37.0,5,0.34,1.95,1.2
1,1,6,10,23.6,3,1.11,1.32,1.165
2,1,6,10,32.7,1,1.99,1.28,1.1929166666666666
2,1,6,10,-1.7,5,0.24,1.7,1.1495833333333334
2,1,6,10,1.8,5,1.0,1.75,1.1204166666666666
2,1,6,10,5.4,1,1.33,1.71,1.1029166666666665
3,1,6,10,17.4,5,0.27,1.3,1.0429166666666665
3,1,6,10,35.1,4,1.37,1.24,1.0458333333333334
6,1,6,10,34.9,5,0.53,1.08,1.01625
6,1,6,10,24.0,3,1.63,1.13,1.0391666666666668
6,1,6,10,20.9,2,0.64,0.41,1.01875
7,1,6,10,-9.5,3,0.4,2.0,1.0183333333333333
8,1,6,10,36.0,4,1.47,1.98,0.99625
8,1,6,10,-7.3,5,0.53,1.44,0.9358333333333334
8,1,6,10,-1.7,1,0.46,0.5,0.895
9,1,6,10,0.2,2,1.17,0.31,0.9229166666666667
10,1,6,10,30.0,3,0.36,1.18,0.9250000000000002
11,1,6,10,13.9,2,0.89,1.03,0.9129166666666668
11,1,6,10,22.2,4,1.34,1.07,0.9258333333333334
11,1,6,10,-5.1,4,0.68,1.61,0.9095833333333334
12,1,6,10,-2.4,2,1.87,0.28,0.9204166666666668
14,1,6,10,12.3,5,1.86,1.86,0.9862500000000001
16,1,6,10,37.1,2,0.5,0.33,0.9295833333333334
17,1,6,10,7.6,4,1.89,0.34,0.9945833333333333
17,1,6,10,-9.0,3,1.93,1.11,1.0608333333333333
17,1,6,10,13.6,4,1.75,1.99,1.0875000000000001
22,1,6,10,32.9,5,0.37,0.24,1.02
23,1,6,10,33.6,5,1.66,1.0,1.0791666666666666
0,2,0,10,12.4,4,0.57,1.33,1.06125
1,2,0,10,25.3,1,0.83,0.27,1.0404166666666668
1,2,0,10,2.1,2,1.31,1.37,1.08375
2,2,0,10,13.9,3,1.1,0.53,1.0725
3,2,0,10,-7.1,3,0.28,1.63,1.0620833333333333
3,2,0,10,-1.6,4,1.25,0.64,1.04625
3,2,0,10,6.5,3,0.57,0.4,1.0433333333333332
3,2,0,10,34.3,1,1.46,1.47,1.0875000000000001
5,2,0,10,34.2,4,0.53,0.53,1.0483333333333333
5,2,0,10,-9.5,1,0.26,0.46,1.0370833333333334
6,2,0,10,14.0,3,1.95,1.17,1.0991666666666666
6,2,0,10,19.7,2,1.12,0.36,1.0970833333333332
6,2,0,10,27.0,5,0.29,0.89,1.0941666666666665
11,2,0,10,31.9,4,0.36,1.34,1.0720833333333333
11,2,0,10,15.2,4,0.55,0.68,1.0391666666666666
11,2,0,10,29.8,1,0.68,1.87,1.0391666666666666
12,2,0,10,-2.1,4,1.37,1.86,1.0183333333333333
12,2,0,10,-2.8,2,1.49,0.5,1.0029166666666667
13,2,0,10,7.1,2,0.2,1.89,0.9904166666666666
13,2,0,10,16.0,2,0.95,1.93,0.95125
14,2,0,10,20.7,2,1.33,1.75,0.92625
14,2,0,10,28.1,5,1.67,0.37,0.9229166666666666
15,2,0,10,39.8,1,1.97,1.66,0.9895833333333334
15,2,0,10,21.5,3,1.06,0.57,0.9645833333333335
15,2,0,10,10.2,2,1.48,0.83,1.0025000000000002
17,2,0,10,-6.4,4,1.22,1.31,1.01875
17,2,0,10,24.7,4,0.69,1.1,0.9929166666666668
18,2,0,10,17.8,1,0.68,0.28,0.9754166666666667
18,2,0,10,28.9,5,1.41,1.25,1.0225000000000002
19,2,0,10,-7.9,3,0.63,0.57,0.9966666666666667
20,2,0,10,27.0,3,1.48,1.46,1.0345833333333334
21,2,0,10,37.9,1,0.64,0.53,1.0004166666666667
21,2,0,10,37.8,3,1.41,0.26,1.0370833333333334
21,2,0,10,23.6,4,0.36,1.95,1.04125
22,2,0,10,32.4,1,1.84,1.12,1.0366666666666668
22,2,0,10,-4.8,3,1.27,0.29,1.0429166666666667
0,3,1,10,12.0,1,0.22,0.36,1.04
1,3,1,10,3.6,1,1.63,0.55,1.0929166666666665
2,3,1,10,32.5,1,0.46,0.68,1.0891666666666666
2,3,1,10,37.4,1,1.42,1.37,1.12
2,3,1,10,2.1,4,1.08,1.49,1.1079166666666667
4,3,1,10,-1.9,5,1.96,0.2,1.1275
4,3,1,10,33.0,1,0.4,0.95,1.1358333333333333
4,3,1,10,26.0,2,1.59,1.33,1.1624999999999999
5,3,1,10,22.8,1,1.78,1.67,1.18125
7,3,1,10,33.7,5,1.13,1.97,1.15875
8,3,1,10,0.3,2,1.63,1.06,1.1445833333333335
9,3,1,10,-6.6,2,1.53,1.48,1.1641666666666666
9,3,1,10,-1.2,5,1.66,1.22,1.1716666666666666
11,3,1,10,21.9,3,0.86,0.69,1.1566666666666665
12,3,1,10,-1.9,4,0.83,0.68,1.1624999999999999
13,3,1,10,21.0,5,0.28,1.41,1.1458333333333333
21,3,1,10,-5.0,5,1.81,0.63,1.1624999999999999
22,3,1,10,-5.2,1,0.57,1.48,1.16
22,3,1,10,39.8,3,1.67,0.64,1.1679166666666665
23,3,1,10,7.2,3,1.65,1.41,1.21
0,4,2,10,5.8,2,0.74,0.36,1.1820833333333334
3,4,2,10,37.6,3,1.12,1.84,1.2137499999999999
3,4,2,10,19.2,2,1.27,1.27,1.19
5,4,2,10,-4.8,1,0.56,0.22,1.1604166666666667
5,4,2,10,37.1,4,0.27,1.63,1.1624999999999999
6,4,2,10,11.6,3,1.83,0.46,1.1708333333333334
7,4,2,10,31.9,2,0.78,1.42,1.1841666666666668
8,4,2,10,-7.2,2,1.99,1.08,1.2079166666666665
8,4,2,10,33.3,4,1.21,1.96,1.2133333333333334
10,4,2,10,20.7,4,0.44,0.4,1.15
12,4,2,10,37.3,3,1.81,1.59,1.20875
17,4,2,10,17.0,1,0.69,1.78,1.17125
18,4,2,10,30.6,4,1.85,1.13,1.1741666666666666
19,4,2,10,13.3,5,0.37,1.63,1.1425
21,4,2,10,4.7,2,1.29,1.53,1.1283333333333332
22,4,2,10,-9.2,1,0.61,1.66,1.09
22,4,2,10,21.9,2,1.89,0.86,1.0995833333333334
22,4,2,10,20.0,2,1.01,0.83,1.1058333333333334
23,4,2,10,-4.5,4,1.52,0.28,1.1345833333333333
23,4,2,10,-7.2,3,1.32,1.81,1.1779166666666667
23,4,2,10,15.4,5,0.64,0.57,1.1291666666666667
0,5,3,10,23.9,5,0.56,1.67,1.12875
0,5,3,10,15.8,4,0.64,1.65,1.0858333333333334
3,5,3,10,-1.8,5,1.66,0.74,1.08625
5,5,3,10,1.2,5,0.26,1.12,1.06625
5,5,3,10,-8.1,4,1.96,1.27,1.10125
6,5,3,10,-1.1,1,1.22,0.56,1.0991666666666666
7,5,3,10,-5.1,3,0.45,0.27,1.0945833333333332
8,5,3,10,12.1,1,0.5,1.83,1.1041666666666667
9,5,3,10,4.2,1,1.61,0.78,1.095
10,5,3,10,25.1,1,0.49,1.99,1.0829166666666665
10,5,3,10,13.0,2,1.09,1.21,1.0454166666666667
11,5,3,10,15.8,5,1.01,0.44,1.0370833333333334
15,5,3,10,28.4,2,1.61,1.81,1.0858333333333334
15,5,3,10,4.3,2,1.18,0.69,1.0595833333333333
16,5,3,10,12.9,2,0.96,1.85,1.0708333333333335
19,5,3,10,-0.8,3,1.8,0.37,1.0687499999999999
20,5,3,10,31.4,3,1.92,1.29,1.1333333333333333
20,5,3,10,28.9,1,0.73,0.61,1.11
20,5,3,10,-4.3,1,0.92,1.89,1.1229166666666666
21,5,3,10,-9.0,1,1.27,1.01,1.0970833333333332
22,5,3,10,33.5,2,0.95,1.52,1.0945833333333332
0,6,4,10,30.0,3,0.49,1.32,1.0516666666666665
0,6,4,10,21.4,2,0.22,0.64,1.0058333333333331
0,6,4,10,33.1,1,1.36,0.56,1.0358333333333334
2,6,4,10,39.0,2,1.86,0.64,1.09
2,6,4,10,-2.5,1,1.87,1.66,1.14125
3,6,4,10,-2.0,1,1.74,0.26,1.1445833333333333
3,6,4,10,6.6,1,0.74,1.96,1.1645833333333333
4,6,4,10,-4.5,1,1.75,1.22,1.1558333333333333
4,6,4,10,-3.3,1,1.88,0.45,1.1833333333333333
5,6,4,10,9.0,3,0.67,0.5,1.1925000000000001
5,6,4,10,36.7,3,0.98,1.61,1.2125000000000001
5,6,4,10,36.4,5,0.93,0.49,1.1841666666666666
6,6,4,10,3.0,5,1.38,1.09,1.22125
6,6,4,10,36.5,5,0.8,1.01,1.2091666666666667
6,6,4,10,-5.1,4,0.33,1.61,1.1808333333333334
8,6,4,10,22.8,3,1.38,1.18,1.17125
9,6,4,10,-9.4,5,1.58,0.96,1.1879166666666665
9,6,4,10,6.7,2,0.99,1.8,1.1891666666666667
10,6,4,10,19.5,2,0.98,1.92,1.155
11,6,4,10,2.4,2,1.83,0.73,1.1512499999999999
12,6,4,10,-6.8,4,1.21,0.92,1.17125
12,6,4,10,6.4,5,1.58,1.27,1.1987500000000002
12,6,4,10,12.1,5,0.48,0.95,1.1658333333333333
13,6,4,10,38.7,3,0.45,0.49,1.145
17,6,4,10,16.7,3,0.75,0.22,1.1558333333333335
18,6,4,10,9.0,1,1.78,1.36,1.2208333333333334
19,6,4,10,35.8,2,1.68,1.86,1.2341666666666666
19,6,4,10,3.2,2,1.53,1.87,1.2204166666666667
20,6,4,10,25.2,4,0.53,1.74,1.1645833333333333
20,6,4,10,-8.6,2,0.39,0.74,1.1083333333333334
22,6,4,10,5.4,1,0.66,1.75,1.1050000000000002
23,6,4,10,17.5,3,1.25,1.88,1.0841666666666667
1,7,5,10,30.7,3,1.89,0.67,1.0845833333333332
2,7,5,10,5.7,3,1.43,0.98,1.11625
4,7,5,10,18.2,1,0.55,0.93,1.0983333333333334
4,7,5,10,21.4,3,1.48,1.38,1.12125
7,7,5,10,-4.0,2,0.95,0.8,1.1033333333333333
8,7,5,10,-5.8,1,1.06,0.33,1.1141666666666667
9,7,5,10,27.8,2,1.85,1.38,1.1775
11,7,5,10,13.6,2,0.49,1.58,1.1404166666666666
11,7,5,10,27.1,3,1.48,0.99,1.13625
11,7,5,10,23.4,2,1.97,0.98,1.1770833333333333
12,7,5,10,39.2,1,1.87,1.83,1.2141666666666666
13,7,5,10,-7.1,5,0.78,1.21,1.1704166666666667
14,7,5,10,0.4,3,0.24,1.58,1.1300000000000001
14,7,5,10,8.9,5,1.73,0.48,1.13625
15,7,5,10,0.4,3,0.84,0.45,1.15125
16,7,5,10,12.2,4,1.92,0.75,1.2125
16,7,5,10,-6.6,3,0.24,1.78,1.19125
16,7,5,10,-10.0,1,1.06,1.68,1.1612500000000001
17,7,5,10,18.1,2,1.41,1.53,1.1500000000000001
18,7,5,10,-8.1,5,1.53,0.53,1.1500000000000001
18,7,5,10,11.8,4,1.3,0.39,1.1820833333333332
19,7,5,10,-2.8,3,1.29,0.66,1.2195833333333332
21,7,5,10,-8.9,1,1.37,1.25,1.2491666666666665
23,7,5,10,35.3,4,0.62,1.89,1.2229166666666667
23,7,5,10,29.1,4,0.29,1.43,1.15625
0,8,6,10,14.5,2,1.23,0.55,1.1479166666666667
1,8,6,10,20.8,2,0.79,1.48,1.1579166666666667
3,8,6,10,-5.9,2,0.83,0.95,1.1308333333333334
3,8,6,10,21.0,1,0.62,1.06,1.1170833333333334
4,8,6,10,33.8,1,0.34,1.85,1.0870833333333334
4,8,6,10,7.3,2,0.78,0.49,1.0425000000000002
4,8,6,10,-2.7,5,0.62,1.48,1.0479166666666666
6,8,6,10,12.3,2,1.47,1.97,1.0475
7,8,6,10,5.9,1,0.31,1.87,0.9783333333333334
7,8,6,10,2.7,5,1.49,0.78,0.9624999999999999
8,8,6,10,37.7,5,0.26,0.24,0.9408333333333334
8,8,6,10,16.7,1,0.52,1.73,0.9525
9,8,6,10,9.3,3,1.25,0.84,0.9325
9,8,6,10,-8.4,3,1.08,1.92,0.9424999999999999
9,8,6,10,24.9,4,0.76,0.24,0.8941666666666667
11,8,6,10,39.9,1,0.81,1.06,0.9179166666666666
11,8,6,10,-3.4,1,1.21,1.41,0.9241666666666667
13,8,6,10,38.1,4,1.2,1.53,0.9154166666666667
13,8,6,10,1.8,3,1.54,1.3,0.9158333333333334
14,8,6,10,27.6,2,0.29,1.29,0.8737499999999999
15,8,6,10,39.1,1,1.24,1.37,0.8716666666666666
16,8,6,10,-4.6,5,1.95,0.62,0.8958333333333334
18,8,6,10,34.6,5,1.72,0.29,0.9416666666666668
21,8,6,10,-0.9,2,1.32,1.23,0.9845833333333335
21,8,6,10,19.1,2,1.02,0.79,0.9758333333333334
21,8,6,10,36.3,5,0.43,0.83,0.9608333333333333
21,8,6,10,1.9,1,1.87,0.62,1.0041666666666667
23,8,6,10,1.2,5,0.29,0.34,0.9904166666666666
23,8,6,10,8.2,3,1.27,0.78,1.0291666666666666
0,9,0,10,17.6,4,0.41,0.62,1.0137500000000002
0,9,0,10,13.2,1,0.27,1.47,0.9991666666666666
2,9,0,10,36.3,3,0.5,0.31,0.9587499999999999
2,9,0,10,-9.5,2,0.34,1.49,0.96
3,9,0,10,36.0,2,0.23,0.26,0.9075000000000001
3,9,0,10,4.8,1,1.12,0.52,0.9433333333333334
3,9,0,10,4.1,2,1.15,1.25,0.9695833333333334
4,9,0,10,17.4,2,1.08,1.08,0.9625
5,9,0,10,28.9,4,1.8,0.76,0.9925
5,9,0,10,5.4,4,0.48,0.81,0.9808333333333333
6,9,0,10,13.6,5,1.2,1.21,0.9970833333333334
7,9,0,10,18.5,4,1.91,1.2,1.02625
8,9,0,10,25.0,1,0.4,1.54,0.9929166666666668
9,9,0,10,9.2,3,1.82,0.29,1.0045833333333334
10,9,0,10,32.5,5,1.31,1.24,1.0470833333333334
11,9,0,10,22.9,1,0.92,1.95,1.0337500000000002
11,9,0,10,27.1,5,1.03,1.72,0.9954166666666667
11,9,0,10,25.1,5,0.4,1.32,0.9404166666666667
12,9,0,10,22.1,1,1.64,1.02,0.95375
15,9,0,10,39.2,2,0.98,0.43,0.9520833333333334
18,9,0,10,5.8,1,0.24,1.87,0.9441666666666667
18,9,0,10,12.6,4,1.7,0.29,0.9370833333333333
19,9,0,10,35.2,1,1.98,1.27,1.0075
19,9,0,10,22.3,1,1.72,0.41,1.0262499999999999
19,9,0,10,7.0,4,1.87,0.27,1.0870833333333334
20,9,0,10,33.1,4,1.52,0.5,1.1391666666666667
21,9,0,10,-0.1,1,1.64,0.34,1.1866666666666668
22,9,0,10,11.3,3,0.71,0.23,1.2020833333333334
23,9,0,10,-3.2,4,1.4,1.12,1.2508333333333332
0,10,1,10,4.2,3,0.34,1.15,1.2183333333333333
0,10,1,10,14.5,2,1.5,1.08,1.2329166666666667
1,10,1,10,12.0,1,1.57,1.8,1.2533333333333332
4,10,1,10,30.4,4,0.28,0.48,1.1900000000000002
4,10,1,10,6.4,5,1.07,1.2,1.2145833333333333
5,10,1,10,38.5,1,0.42,1.91,1.1820833333333332
5,10,1,10,-5.7,5,0.52,0.4,1.1241666666666668
6,10,1,10,31.4,1,1.35,1.82,1.16375
6,10,1,10,31.5,2,0.44,1.31,1.10625
6,10,1,10,9.8,5,0.92,0.92,1.09
8,10,1,10,8.0,3,2.0,1.03,1.135
9,10,1,10,28.2,1,0.48,0.4,1.1120833333333333
11,10,1,10,10.5,2,1.57,1.64,1.1608333333333334
12,10,1,10,27.8,2,0.86,0.98,1.1283333333333332
12,10,1,10,-5.4,1,0.83,0.24,1.1220833333333333
13,10,1,10,18.8,5,0.35,1.7,1.1266666666666667
13,10,1,10,12.2,2,1.1,1.98,1.1016666666666668
13,10,1,10,21.7,5,0.54,1.72,1.0416666666666667
14,10,1,10,-5.1,3,1.4,1.87,1.0283333333333333
14,10,1,10,26.5,5,0.68,1.52,0.9787500000000001
15,10,1,10,13.5,1,1.74,1.64,0.9879166666666667
15,10,1,10,36.2,1,0.24,0.71,0.9295833333333333
16,10,1,10,1.8,4,0.83,1.4,0.9345833333333333
16,10,1,10,-5.6,4,1.79,0.34,0.9508333333333333
17,10,1,10,0.2,3,1.83,1.5,1.0129166666666667
18,10,1,10,14.9,3,1.32,1.57,1.0054166666666668
18,10,1,10,13.9,5,0.71,0.28,0.9695833333333334
18,10,1,10,26.7,2,0.66,1.07,0.9854166666666666
19,10,1,10,30.4,1,1.3,0.42,0.995
19,10,1,10,10.0,3,1.13,0.52,1.0245833333333334
20,10,1,10,27.4,1,1.03,1.35,1.0458333333333334
21,10,1,10,-2.6,5,0.28,0.44,1.00125
22,10,1,10,29.9,1,1.23,0.92,1.0341666666666667
0,11,2,10,14.1,1,0.56,2.0,1.0191666666666668
2,11,2,10,32.0,1,1.6,0.48,1.0025000000000002
3,11,2,10,17.2,1,0.78,1.57,1.015
5,11,2,10,17.4,2,0.25,0.86,0.96
9,11,2,10,27.2,3,0.98,0.83,0.965
9,11,2,10,25.4,2,0.28,0.35,0.9420833333333333
10,11,2,10,18.3,2,1.19,1.1,0.9770833333333334
10,11,2,10,5.6,5,1.45,0.54,0.9916666666666667
10,11,2,10,-9.4,3,0.44,1.4,0.9874999999999999
10,11,2,10,37.2,3,1.2,0.68,0.9791666666666666
10,11,2,10,31.0,1,1.43,1.74,1.0104166666666667
11,11,2,10,38.4,5,1.74,0.24,1.0104166666666667
11,11,2,10,16.4,1,1.75,0.83,1.0733333333333335
11,11,2,10,-8.6,1,1.99,1.79,1.1216666666666666
11,11,2,10,39.0,4,1.28,1.83,1.1004166666666666
12,11,2,10,28.2,5,0.76,1.32,1.0558333333333334
12,11,2,10,-9.5,3,1.79,0.71,1.0754166666666667
13,11,2,10,18.2,1,1.11,0.66,1.0920833333333333
13,11,2,10,18.0,4,1.96,1.3,1.14625
14,11,2,10,-4.7,2,1.97,1.13,1.1741666666666666
16,11,2,10,38.1,5,1.68,1.03,1.1970833333333333
16,11,2,10,19.0,5,1.55,0.28,1.21875
16,11,2,10,-2.7,2,1.72,1.23,1.2787499999999998
17,11,2,10,28.3,4,1.57,0.56,1.2929166666666665
18,11,2,10,23.9,3,1.35,1.6,1.3258333333333334
18,11,2,10,34.2,1,1.3,0.78,1.3133333333333332
19,11,2,10,29.4,2,1.57,0.25,1.3462500000000002
19,11,2,10,-5.5,1,1.54,0.98,1.4000000000000001
20,11,2,10,-0.3,1,0.63,0.28,1.3854166666666667
20,11,2,10,25.9,3,1.89,1.19,1.4525
22,11,2,10,2.1,5,0.77,1.45,1.4349999999999998
23,11,2,10,11.0,4,0.22,0.44,1.38375
23,11,2,10,33.1,1,0.77,1.2,1.3975
0,12,3,10,-10.0,3,1.82,1.43,1.4233333333333336
2,12,3,10,37.5,1,1.91,1.74,1.4433333333333334
2,12,3,10,16.2,4,1.26,1.75,1.4233333333333331
3,12,3,10,-4.0,5,1.62,1.99,1.4179166666666667
3,12,3,10,10.5,3,1.48,1.28,1.3966666666666665
4,12,3,10,36.2,3,1.68,0.76,1.413333333333333
4,12,3,10,34.1,2,1.7,1.79,1.4525
4,12,3,10,15.6,3,0.43,1.11,1.3958333333333333
4,12,3,10,7.3,5,1.26,1.96,1.4020833333333333
8,12,3,10,25.2,5,1.18,1.97,1.3695833333333332
10,12,3,10,37.7,1,1.25,1.68,1.3395833333333333
10,12,3,10,31.0,4,1.16,1.55,1.3179166666666668
10,12,3,10,-1.5,4,0.51,1.72,1.2745833333333334
10,12,3,10,33.9,1,0.77,1.57,1.235
11,12,3,10,20.4,1,1.82,1.35,1.2454166666666666
14,12,3,10,5.1,5,0.88,1.3,1.2258333333333333
19,12,3,10,38.8,3,0.89,1.57,1.20875
19,12,3,10,28.4,2,1.42,1.54,1.2025
21,12,3,10,27.3,3,0.37,0.63,1.1537499999999998
21,12,3,10,14.6,5,0.68,1.89,1.1558333333333335
22,12,3,10,11.1,1,0.84,0.77,1.1120833333333333
22,12,3,10,13.7,2,0.66,0.22,1.1075000000000002
23,12,3,10,16.8,4,0.3,0.77,1.1108333333333333
0,13,4,10,34.3,1,0.35,1.82,1.0933333333333333
0,13,4,10,8.8,2,0.76,1.91,1.0491666666666666
0,13,4,10,18.7,4,1.66,1.26,1.03875
1,13,4,10,-0.3,3,1.75,1.62,1.0591666666666666
1,13,4,10,1.4,1,1.8,1.48,1.0666666666666667
2,13,4,10,12.0,5,1.53,1.68,1.0687499999999999
2,13,4,10,34.3,2,0.6,1.7,1.02375
3,13,4,10,-8.2,3,0.75,0.43,0.9841666666666667
3,13,4,10,21.6,4,1.65,1.26,1.035
4,13,4,10,38.1,3,1.75,1.18,1.0554166666666667
4,13,4,10,8.6,2,0.42,1.25,1.02375
4,13,4,10,7.6,3,0.38,1.16,0.9874999999999999
5,13,4,10,21.7,3,1.94,0.51,1.0199999999999998
6,13,4,10,29.1,4,0.99,0.77,1.04
7,13,4,10,33.5,4,0.71,1.82,1.0374999999999999
9,13,4,10,1.1,3,0.48,0.88,0.9816666666666666
11,13,4,10,29.7,3,1.46,0.89,1.0058333333333334
11,13,4,10,28.8,5,0.62,1.42,0.9945833333333334
14,13,4,10,-2.9,1,0.68,0.37,0.96375
14,13,4,10,5.6,4,1.05,0.68,0.9920833333333334
15,13,4,10,5.5,4,0.72,0.84,0.9937499999999999
15,13,4,10,7.9,2,1.9,0.66,1.0379166666666666
17,13,4,10,36.3,1,0.28,0.3,1.0220833333333332
17,13,4,10,35.4,5,0.91,0.35,1.0475
17,13,4,10,30.9,2,0.87,0.76,1.0691666666666666
18,13,4,10,30.8,2,1.36,1.66,1.0941666666666665
18,13,4,10,37.8,5,0.35,1.75,1.0395833333333335
19,13,4,10,21.9,3,1.15,1.8,1.0145833333333334
19,13,4,10,26.4,5,0.91,1.53,0.9775
20,13,4,10,31.1,1,0.53,0.6,0.9358333333333334
20,13,4,10,18.6,5,0.79,0.75,0.94375
20,13,4,10,22.4,3,1.75,1.65,0.9854166666666666
21,13,4,10,30.6,1,0.89,1.75,0.95375
22,13,4,10,0.5,5,0.29,0.42,0.8929166666666667
23,13,4,10,-2.1,1,0.67,0.38,0.9033333333333333
23,13,4,10,39.8,3,1.0,1.94,0.9291666666666666
0,14,5,10,20.4,1,1.81,0.99,0.9237500000000001
2,14,5,10,-1.5,4,0.45,0.71,0.90125
3,14,5,10,-9.6,5,0.75,0.48,0.9029166666666667
5,14,5,10,25.8,1,1.45,1.46,0.9433333333333334
5,14,5,10,14.6,5,0.58,0.62,0.9066666666666667
6,14,5,10,-1.1,1,0.35,0.68,0.8954166666666666
6,14,5,10,14.2,2,1.2,1.05,0.9170833333333333
6,14,5,10,34.9,1,0.47,0.72,0.8929166666666667
7,14,5,10,-2.8,3,1.96,1.9,0.9445833333333334
7,14,5,10,7.2,5,1.17,0.28,0.9141666666666667
9,14,5,10,26.1,5,1.31,0.91,0.9570833333333333
10,14,5,10,17.8,3,0.74,0.87,0.9500000000000001
10,14,5,10,7.5,1,0.39,1.36,0.93
11,14,5,10,27.8,4,1.26,0.35,0.9258333333333333
11,14,5,10,8.9,2,0.92,1.15,0.9495833333333333
15,14,5,10,14.2,3,0.69,0.91,0.9304166666666666
15,14,5,10,2.0,2,0.88,0.53,0.9291666666666667
16,14,5,10,15.0,1,0.26,0.79,0.9179166666666666
18,14,5,10,18.6,1,1.31,1.75,0.9395833333333333
18,14,5,10,3.1,4,0.85,0.89,0.9020833333333332
19,14,5,10,16.4,3,0.83,0.29,0.8995833333333333
19,14,5,10,39.0,1,0.58,0.67,0.9116666666666666
20,14,5,10,22.8,1,1.55,1.0,0.9483333333333334
23,14,5,10,26.7,5,1.57,1.81,0.9720833333333333
23,14,5,10,19.5,3,1.53,0.45,0.9604166666666667
23,14,5,10,38.8,4,1.23,0.75,0.9929166666666666
0,15,6,10,18.6,2,0.79,1.45,0.9945833333333334
0,15,6,10,-4.0,5,1.17,0.58,0.9829166666666667
0,15,6,10,14.4,4,1.78,0.35,1.0329166666666667
1,15,6,10,18.2,5,0.43,1.2,1.0362500000000001
3,15,6,10,29.0,3,0.39,0.47,1.0025000000000002
3,15,6,10,29.3,5,1.4,1.96,1.04125
3,15,6,10,-1.1,4,0.67,1.17,0.9874999999999999
4,15,6,10,-3.6,2,1.13,1.31,0.9858333333333333
4,15,6,10,32.1,3,1.89,0.74,1.01
5,15,6,10,22.1,5,1.99,0.39,1.0620833333333333
5,15,6,10,22.2,3,1.29,1.26,1.0995833333333334
6,15,6,10,5.7,3,1.89,0.92,1.1258333333333332
7,15,6,10,15.8,4,0.29,0.69,1.0995833333333334
8,15,6,10,-8.1,2,1.59,0.88,1.1370833333333334
10,15,6,10,17.3,2,0.34,0.26,1.1145833333333333
11,15,6,10,4.5,2,1.84,1.31,1.1804166666666667
12,15,6,10,22.0,5,1.87,0.85,1.20375
13,15,6,10,30.6,5,1.82,0.83,1.2441666666666666
13,15,6,10,11.0,4,0.94,0.58,1.24875
14,15,6,10,4.5,4,0.68,1.55,1.2529166666666667
14,15,6,10,10.4,5,1.73,1.57,1.2604166666666667
15,15,6,10,10.7,3,0.7,1.53,1.2241666666666666
16,15,6,10,-1.5,4,0.52,1.23,1.1820833333333332
17,15,6,10,-7.4,1,1.72,0.79,1.2025000000000001
17,15,6,10,36.2,5,1.08,1.17,1.2145833333333333
20,15,6,10,38.1,1,0.72,1.78,1.1958333333333333
21,15,6,10,31.7,5,1.14,0.43,1.1691666666666667
23,15,6,10,4.8,1,1.71,0.39,1.2225
0,16,0,10,20.1,3,1.34,1.4,1.2620833333333332
2,16,0,10,23.6,2,0.91,0.67,1.2416666666666667
2,16,0,10,-5.5,3,1.42,1.13,1.2729166666666665
5,16,0,10,1.3,5,0.57,1.89,1.2495833333333333
6,16,0,10,32.9,2,1.22,1.99,1.2216666666666667
9,16,0,10,27.4,4,0.5,1.29,1.1595833333333334
9,16,0,10,6.9,2,1.9,1.89,1.1849999999999998
9,16,0,10,31.9,3,0.94,0.29,1.1454166666666667
10,16,0,10,-7.2,4,0.88,1.59,1.17
11,16,0,10,-4.3,1,0.49,0.34,1.1241666666666665
12,16,0,10,35.9,3,0.47,1.84,1.1295833333333334
14,16,0,10,30.9,5,0.58,1.87,1.0770833333333332
16,16,0,10,11.5,1,0.78,1.82,1.0316666666666665
17,16,0,10,3.0,5,0.82,0.94,0.9900000000000001
18,16,0,10,29.0,5,0.7,0.68,0.98
18,16,0,10,-0.4,4,1.76,1.73,1.0250000000000001
21,16,0,10,-8.3,1,1.59,0.7,1.0191666666666668
21,16,0,10,25.8,1,1.47,0.52,1.05125
22,16,0,10,36.5,2,1.73,1.72,1.1016666666666668
23,16,0,10,6.6,4,0.95,1.08,1.0695833333333333
23,16,0,10,-5.0,5,0.42,0.72,1.0420833333333335
23,16,0,10,34.9,4,0.24,1.14,1.0220833333333335
23,16,0,10,39.1,4,0.97,1.71,1.015
23,16,0,10,32.4,2,1.62,1.34,1.01125
0,17,1,10,29.8,5,1.22,0.91,1.0062499999999999
2,17,1,10,5.4,3,0.49,1.42,0.98875
2,17,1,10,24.0,5,1.64,0.57,0.9979166666666668
2,17,1,10,5.1,1,1.39,1.22,1.0320833333333332
4,17,1,10,-1.9,3,0.97,0.5,1.0216666666666667
4,17,1,10,-8.2,2,0.38,1.9,1.0166666666666666
6,17,1,10,37.8,4,0.49,0.94,0.9579166666666666
7,17,1,10,30.9,4,1.62,0.88,0.98625
7,17,1,10,-8.1,3,0.54,0.49,0.9720833333333333
8,17,1,10,-9.2,5,0.37,0.47,0.9670833333333334
8,17,1,10,-3.5,2,0.58,0.58,0.9716666666666667
9,17,1,10,0.9,3,0.75,0.78,0.9787500000000001
10,17,1,10,-1.4,2,0.49,0.82,0.9666666666666667
10,17,1,10,13.7,5,0.65,0.7,0.9595833333333333
10,17,1,10,18.0,5,1.63,1.76,0.9983333333333334
10,17,1,10,30.1,2,1.55,1.59,0.9895833333333334
12,17,1,10,23.2,1,1.24,1.47,0.975
