hour,day,weekday,lag_1,lag_24,rolling_mean_24
0,1,6,1.13,0.0,1.9625000000000001
1,1,6,3.31,0.0,2.1191666666666666
2,1,6,3.76,4.79,1.9804166666666667
3,1,6,1.46,1.22,1.961666666666667
4,1,6,0.77,1.17,1.9129166666666668
5,1,6,0.0,0.87,1.9024999999999999
6,1,6,0.62,3.12,1.7725
7,1,6,0.0,3.63,1.7233333333333334
8,1,6,2.45,2.73,1.6508333333333332
9,1,6,0.99,1.17,1.7191666666666665
10,1,6,2.81,1.21,1.66875
11,1,6,0.0,2.5,1.5645833333333332
12,1,6,0.0,0.72,1.5875000000000001
13,1,6,1.27,4.300000000000001,1.4979166666666668
14,1,6,2.15,0.0,1.5325
15,1,6,0.8300000000000001,3.96,1.3675
16,1,6,0.0,0.44,1.4070833333333335
17,1,6,1.39,0.98,1.36625
18,1,6,0.0,4.26,1.2041666666666668
19,1,6,0.37,2.09,1.1575
20,1,6,0.97,1.25,1.2816666666666667
21,1,6,4.23,1.44,1.2216666666666667
22,1,6,0.0,0.81,1.1879166666666667
23,1,6,0.0,1.13,1.1408333333333334
0,2,0,0.0,3.31,1.0266666666666666
1,2,0,0.57,3.76,0.8700000000000001
2,2,0,0.0,1.46,0.8091666666666667
3,2,0,0.0,0.77,0.7770833333333335
4,2,0,0.0,0.0,0.8354166666666667
5,2,0,1.4,0.62,0.88
6,2,0,1.69,0.0,0.88
7,2,0,0.0,2.45,0.8775000000000001
8,2,0,2.39,0.99,0.83625
9,2,0,0.0,2.81,0.7954166666666667
10,2,0,1.83,0.0,0.8404166666666667
11,2,0,1.08,0.0,0.9066666666666667
12,2,0,1.59,1.27,1.0729166666666667
13,2,0,5.26,2.15,0.9833333333333334
14,2,0,0.0,0.8300000000000001,0.94875
15,2,0,0.0,0.0,1.13
16,2,0,4.35,1.39,1.12125
17,2,0,1.18,0.0,1.12125
18,2,0,0.0,0.37,1.1775
19,2,0,1.72,0.97,1.29125
20,2,0,3.7,4.23,1.28375
21,2,0,4.050000000000001,0.0,1.3516666666666666
22,2,0,1.63,0.0,1.3516666666666666
23,2,0,0.0,0.0,1.3516666666666666
0,3,1,0.0,0.57,1.3549999999999998
1,3,1,0.65,0.0,1.4158333333333333
2,3,1,1.46,0.0,1.49
3,3,1,1.78,0.0,1.49
4,3,1,0.0,1.4,1.4316666666666666
5,3,1,0.0,1.69,1.36125
6,3,1,0.0,0.0,1.4312500000000001
7,3,1,1.68,2.39,1.4120833333333334
8,3,1,1.93,0.0,1.5129166666666667
9,3,1,2.42,1.83,1.4800000000000002
10,3,1,1.04,1.08,1.58375
11,3,1,3.5700000000000003,1.59,1.625
12,3,1,2.58,5.26,1.535
13,3,1,3.1,0.0,1.6175000000000004
14,3,1,1.98,0.0,1.65125
15,3,1,0.81,4.35,1.47
16,3,1,0.0,1.18,1.4208333333333334
17,3,1,0.0,0.0,1.4979166666666668
18,3,1,1.85,1.72,1.6237500000000002
19,3,1,4.74,3.7,1.4695833333333335
20,3,1,0.0,4.050000000000001,1.3295833333333333
21,3,1,0.69,1.63,1.27875
22,3,1,0.41,0.0,1.27875
23,3,1,0.0,0.0,1.495
0,4,2,5.19,0.65,1.5475
1,4,2,1.91,1.46,1.5662500000000001
2,4,2,1.91,1.78,1.5695833333333333
3,4,2,1.86,0.0,1.5695833333333333
4,4,2,0.0,0.0,1.57875
5,4,2,0.22,0.0,1.6525
6,4,2,1.77,1.68,1.5825000000000002
7,4,2,0.0,1.93,1.5675000000000001
8,4,2,1.57,2.42,1.5241666666666667
9,4,2,1.38,1.04,1.6558333333333335
10,4,2,4.2,3.5700000000000003,1.58125
11,4,2,1.78,2.58,1.6104166666666668
12,4,2,3.28,3.1,1.5733333333333333
13,4,2,2.21,1.98,1.5583333333333336
14,4,2,1.62,0.81,1.5891666666666666
15,4,2,1.55,0.0,1.6520833333333333
16,4,2,1.51,0.0,1.6808333333333334
17,4,2,0.69,1.85,1.6833333333333333
18,4,2,1.91,4.74,1.4858333333333331
19,4,2,0.0,0.0,1.5675
20,4,2,1.96,0.69,1.6762500000000002
21,4,2,3.3,0.41,1.6591666666666665
22,4,2,0.0,0.0,1.7999999999999998
23,4,2,3.38,5.19,1.6425
0,5,3,1.41,1.91,1.6670833333333335
1,5,3,2.5,1.91,1.5875000000000001
2,5,3,0.0,1.86,1.6170833333333334
3,5,3,2.57,0.0,1.6170833333333334
4,5,3,0.0,0.22,1.6449999999999998
5,5,3,0.89,1.77,1.5712499999999998
6,5,3,0.0,0.0,1.5712499999999998
7,5,3,0.0,1.57,1.5324999999999998
8,5,3,0.64,1.38,1.4941666666666666
9,5,3,0.46,4.2,1.3191666666666666
10,5,3,0.0,1.78,1.2691666666666668
11,5,3,0.58,3.28,1.1970833333333333
12,5,3,1.55,2.21,1.105
13,5,3,0.0,1.62,1.0374999999999999
14,5,3,0.0,1.55,1.1016666666666668
15,5,3,3.09,1.51,1.03875
16,5,3,0.0,0.69,1.1375
17,5,3,3.06,1.91,1.0579166666666666
18,5,3,0.0,0.0,1.13125
19,5,3,1.76,1.96,1.1591666666666667
20,5,3,2.63,3.3,1.1491666666666667
21,5,3,3.06,0.0,1.195
22,5,3,1.1,3.38,1.1245833333333335
23,5,3,1.69,1.41,1.1479166666666667
0,6,4,1.97,2.5,1.04375
1,6,4,0.0,0.0,1.13875
2,6,4,2.28,2.57,1.2575
3,6,4,5.42,0.0,1.2575
4,6,4,0.0,0.89,1.2891666666666666
5,6,4,1.65,0.0,1.4012499999999999
6,6,4,2.69,0.0,1.4012499999999999
7,6,4,0.0,0.64,1.374583333333333
8,6,4,0.0,0.46,1.413333333333333
9,6,4,1.39,0.0,1.5066666666666666
10,6,4,2.24,0.58,1.4825
11,6,4,0.0,1.55,1.461666666666667
12,6,4,1.05,0.0,1.5775
13,6,4,2.78,0.0,1.5775
14,6,4,0.0,3.09,1.4487499999999998
15,6,4,0.0,0.0,1.4487499999999998
16,6,4,0.0,3.06,1.3770833333333332
17,6,4,1.34,0.0,1.3983333333333334
18,6,4,0.51,1.76,1.3366666666666667
19,6,4,0.28,2.63,1.2270833333333333
20,6,4,0.0,3.06,1.115
21,6,4,0.37,1.1,1.0691666666666666
22,6,4,0.0,1.69,1.0116666666666665
23,6,4,0.31,1.97,0.9295833333333333
0,7,5,0.0,0.0,1.0441666666666667
1,7,5,2.75,2.28,0.9491666666666667
2,7,5,0.0,5.42,0.7883333333333334
3,7,5,1.56,0.0,0.8337500000000001
4,7,5,1.09,1.65,0.8841666666666668
5,7,5,2.8600000000000003,2.69,0.7720833333333333
6,7,5,0.0,0.0,0.785
7,7,5,0.31,0.0,0.8058333333333333
8,7,5,0.5,1.39,0.7479166666666667
9,7,5,0.0,2.24,0.6545833333333334
10,7,5,0.0,0.0,0.6720833333333335
11,7,5,0.42,1.05,0.6283333333333333
12,7,5,0.0,2.78,0.5125000000000001
13,7,5,0.0,0.0,0.5125000000000001
14,7,5,0.0,0.0,0.5125000000000001
15,7,5,0.0,0.0,0.6141666666666667
16,7,5,2.44,1.34,0.6366666666666666
17,7,5,1.88,0.51,0.6154166666666666
18,7,5,0.0,0.28,0.69125
19,7,5,2.1,0.0,0.69125
20,7,5,0.0,0.37,0.6758333333333333
21,7,5,0.0,0.0,0.7141666666666667
22,7,5,0.92,0.31,0.7591666666666667
23,7,5,1.39,0.0,0.7591666666666667
0,8,6,0.0,2.75,0.6445833333333334
1,8,6,0.0,0.0,0.6445833333333334
2,8,6,0.0,1.56,0.5795833333333333
3,8,6,0.0,1.09,0.5941666666666666
4,8,6,1.44,2.8600000000000003,0.6666666666666666
5,8,6,4.6,0.0,0.78375
6,8,6,2.81,0.31,0.7791666666666667
7,8,6,0.2,0.5,0.7583333333333333
8,8,6,0.0,0.0,0.7583333333333333
9,8,6,0.0,0.0,0.7741666666666666
10,8,6,0.38,0.42,0.7566666666666667
11,8,6,0.0,0.0,0.7566666666666667
12,8,6,0.0,0.0,1.0875
13,8,6,7.939999999999999,0.0,1.2037499999999999
14,8,6,2.79,0.0,1.2929166666666665
15,8,6,2.14,2.44,1.247083333333333
16,8,6,1.34,1.88,1.325
17,8,6,3.75,0.0,1.4483333333333333
18,8,6,2.96,2.1,1.4275
19,8,6,1.6,0.0,1.4275
20,8,6,0.0,0.0,1.4275
21,8,6,0.0,0.92,1.3891666666666664
22,8,6,0.0,1.39,1.46875
23,8,6,3.3,0.0,1.46875
0,9,0,0.0,0.0,1.5404166666666665
1,9,0,1.72,0.0,1.5958333333333332
2,9,0,1.33,0.0,1.6475
3,9,0,1.24,1.44,1.6587500000000002
4,9,0,1.71,4.6,1.4670833333333333
5,9,0,0.0,2.81,1.4224999999999997
6,9,0,1.74,0.2,1.4141666666666666
7,9,0,0.0,0.0,1.4670833333333333
8,9,0,1.27,0.0,1.4670833333333333
9,9,0,0.0,0.38,1.5241666666666667
10,9,0,1.75,0.0,1.57
11,9,0,1.1,0.0,1.6075
12,9,0,0.9,7.939999999999999,1.29625
13,9,0,0.47,2.79,1.2862500000000001
14,9,0,2.55,2.14,1.1970833333333333
15,9,0,0.0,1.34,1.23125
16,9,0,2.16,3.75,1.075
17,9,0,0.0,2.96,0.9816666666666666
18,9,0,0.72,1.6,0.9887499999999999
19,9,0,1.77,0.0,0.9887499999999999
20,9,0,0.0,0.0,1.0266666666666666
21,9,0,0.91,0.0,1.0775
22,9,0,1.22,3.3,1.0525
23,9,0,2.7,0.0,1.1270833333333334
0,10,1,1.79,1.72,1.16375
1,10,1,2.6,1.33,1.1570833333333332
2,10,1,1.17,1.24,1.1054166666666665
3,10,1,0.0,1.71,1.0916666666666668
4,10,1,1.38,0.0,1.1612500000000001
5,10,1,1.67,1.74,1.2762499999999999
6,10,1,4.5,0.0,1.3441666666666665
7,10,1,1.63,1.27,1.40625
8,10,1,2.76,0.0,1.40625
9,10,1,0.0,1.75,1.4370833333333335
10,10,1,2.49,1.1,1.4312499999999997
11,10,1,0.96,0.9,1.5320833333333332
12,10,1,3.32,0.47,1.6295833333333334
13,10,1,2.81,2.55,1.6850000000000003
14,10,1,3.88,0.0,1.7604166666666663
15,10,1,1.81,2.16,1.7108333333333334
16,10,1,0.97,0.0,1.7108333333333334
17,10,1,0.0,0.72,1.7504166666666665
18,10,1,1.67,1.77,1.72375
19,10,1,1.13,0.0,1.7529166666666667
20,10,1,0.7,0.91,1.715
21,10,1,0.0,1.22,1.8325000000000002
22,10,1,4.04,2.7,1.7791666666666668
23,10,1,1.42,1.79,1.8550000000000002
0,11,2,3.61,2.6,1.87875
1,11,2,3.17,1.17,1.982083333333333
2,11,2,3.65,0.0,2.0554166666666664
3,11,2,1.76,1.38,2.066666666666667
4,11,2,1.65,1.67,2.1079166666666667
5,11,2,2.66,4.5,2.0695833333333336
6,11,2,3.58,1.63,2.0016666666666665
7,11,2,0.0,2.76,1.9470833333333333
8,11,2,1.45,0.0,2.013333333333333
9,11,2,1.59,2.49,1.9095833333333332
10,11,2,0.0,0.96,1.9325
11,11,2,1.51,3.32,1.8687500000000001
12,11,2,1.79,2.81,1.7516666666666667
13,11,2,0.0,3.88,1.7225
14,11,2,3.18,1.81,1.6616666666666668
15,11,2,0.35,0.97,1.6212499999999999
16,11,2,0.0,0.0,1.7966666666666666
17,11,2,4.21,1.67,1.7875000000000003
18,11,2,1.45,1.13,1.8408333333333333
19,11,2,2.41,0.7,1.85125
20,11,2,0.95,0.0,1.9204166666666664
21,11,2,1.66,4.04,1.9333333333333333
22,11,2,4.35,1.42,1.9033333333333335
23,11,2,0.7,3.61,1.7991666666666666
0,12,3,1.11,3.17,1.7008333333333334
1,12,3,0.81,3.65,1.54875
2,12,3,0.0,1.76,1.60125
3,12,3,3.02,1.65,1.6104166666666666
4,12,3,1.87,2.66,1.5691666666666666
5,12,3,1.67,3.58,1.4974999999999998
6,12,3,1.86,0.0,1.6108333333333331
7,12,3,2.72,1.45,1.7083333333333333
8,12,3,3.79,1.59,1.7212500000000002
9,12,3,1.9,0.0,1.78
10,12,3,1.41,1.51,1.8541666666666667
11,12,3,3.29,1.79,1.7795833333333333
12,12,3,0.0,0.0,1.7795833333333333
13,12,3,0.0,3.18,1.6691666666666667
14,12,3,0.53,0.35,1.7283333333333335
15,12,3,1.77,0.0,1.7441666666666666
16,12,3,0.38,4.21,1.5687499999999999
17,12,3,0.0,1.45,1.5225
18,12,3,0.34,2.41,1.4220833333333334
19,12,3,0.0,0.95,1.4266666666666665
20,12,3,1.06,1.66,1.3766666666666667
21,12,3,0.46,4.35,1.1954166666666668
22,12,3,0.0,0.7,1.24
23,12,3,1.77,1.11,1.2516666666666667
0,13,4,1.39,0.81,1.3004166666666668
1,13,4,1.98,0.0,1.3770833333333332
2,13,4,1.84,3.02,1.3620833333333333
3,13,4,2.66,1.87,1.2841666666666667
4,13,4,0.0,1.67,1.2145833333333333
5,13,4,0.0,1.86,1.1933333333333334
6,13,4,1.35,2.72,1.2008333333333334
7,13,4,2.9000000000000004,3.79,1.0429166666666667
8,13,4,0.0,1.9,0.9841666666666667
9,13,4,0.49,1.41,0.9429166666666667
10,13,4,0.42,3.29,0.9195833333333335
11,13,4,2.73,0.0,1.0062499999999999
12,13,4,2.08,0.0,1.0062499999999999
13,13,4,0.0,0.53,0.9841666666666667
14,13,4,0.0,1.77,0.9833333333333334
15,13,4,1.75,0.38,0.9674999999999999
16,13,4,0.0,0.0,1.0183333333333333
17,13,4,1.22,0.34,1.0966666666666667
18,13,4,2.22,0.0,1.0966666666666667
19,13,4,0.0,1.06,1.0525
20,13,4,0.0,0.46,1.0995833333333334
21,13,4,1.59,0.0,1.135
22,13,4,0.85,1.77,1.06125
23,13,4,0.0,1.39,1.0170833333333333
0,14,5,0.33,1.98,0.9479166666666666
1,14,5,0.32,1.84,0.87125
2,14,5,0.0,2.66,0.7795833333333334
3,14,5,0.46,0.0,0.9887499999999999
4,14,5,5.02,0.0,1.0191666666666666
5,14,5,0.73,1.35,1.0475
6,14,5,2.03,2.9000000000000004,0.9266666666666666
7,14,5,0.0,0.0,0.9558333333333332
8,14,5,0.7,0.49,1.0595833333333333
9,14,5,2.98,0.42,1.1866666666666665
10,14,5,3.47,2.73,1.1204166666666666
11,14,5,1.14,2.08,1.0541666666666667
12,14,5,0.49,0.0,1.1570833333333332
13,14,5,2.47,0.0,1.2329166666666667
14,14,5,1.82,1.75,1.2641666666666667
15,14,5,2.5,0.0,1.2641666666666667
16,14,5,0.0,1.22,1.2133333333333334
17,14,5,0.0,2.22,1.1208333333333333
18,14,5,0.0,0.0,1.1208333333333333
19,14,5,0.0,0.0,1.1845833333333333
20,14,5,1.53,1.59,1.1183333333333334
21,14,5,0.0,0.85,1.1033333333333333
22,14,5,0.49,0.0,1.2195833333333332
23,14,5,2.79,0.33,1.2366666666666666
0,15,6,0.74,0.32,1.2233333333333334
1,15,6,0.0,0.0,1.2841666666666667
2,15,6,1.46,0.46,1.5649999999999997
3,15,6,7.2,5.02,1.4633333333333336
4,15,6,2.58,0.73,1.4329166666666666
5,15,6,0.0,2.03,1.3599999999999997
6,15,6,0.28,0.0,1.36
7,15,6,0.0,0.7,1.3654166666666667
8,15,6,0.83,2.98,1.24125
9,15,6,0.0,3.47,1.3275000000000001
10,15,6,5.54,1.14,1.28
11,15,6,0.0,0.49,1.32375
12,15,6,1.54,2.47,1.2208333333333334
13,15,6,0.0,1.82,1.2679166666666666
14,15,6,2.95,2.5,1.3166666666666667
15,15,6,3.67,0.0,1.3166666666666667
16,15,6,0.0,0.0,1.46875
17,15,6,3.65,0.0,1.46875
18,15,6,0.0,0.0,1.5591666666666668
19,15,6,2.1700000000000004,1.53,1.5120833333333332
20,15,6,0.4,0.0,1.5120833333333332
21,15,6,0.0,0.49,1.63875
22,15,6,3.53,2.79,1.5491666666666666
23,15,6,0.64,0.74,1.635
0,16,0,2.8,0.0,1.7108333333333334
1,16,0,1.82,1.46,1.6920833333333334
2,16,0,1.01,7.2,1.3920833333333331
3,16,0,0.0,2.58,1.2933333333333334
4,16,0,0.21,0.0,1.3966666666666667
5,16,0,2.48,0.28,1.4995833333333335
6,16,0,2.75,0.0,1.4995833333333335
7,16,0,0.0,0.83,1.5583333333333336
8,16,0,2.24,0.0,1.5979166666666667
9,16,0,0.95,5.54,1.4104166666666667
10,16,0,1.04,0.0,1.4887500000000002
11,16,0,1.88,1.54,1.5075
12,16,0,1.99,0.0,1.5833333333333337
13,16,0,1.82,2.95,1.5875000000000001
14,16,0,3.05,3.67,1.5404166666666665
15,16,0,2.54,0.0,1.6224999999999998
16,16,0,1.97,3.65,1.50875
17,16,0,0.92,0.0,1.50875
18,16,0,0.0,2.1700000000000004,1.4183333333333332
19,16,0,0.0,0.4,1.4016666666666666
20,16,0,0.0,0.0,1.46875
21,16,0,1.61,3.53,1.3216666666666665
22,16,0,0.0,0.64,1.295
23,16,0,0.0,2.8,1.1783333333333335
0,17,1,0.0,1.82,1.1025
1,17,1,0.0,1.01,1.1433333333333333
2,17,1,1.99,0.0,1.1645833333333333
3,17,1,0.51,0.21,1.1558333333333333
4,17,1,0.0,2.48,1.0525
5,17,1,0.0,2.75,0.9379166666666666
6,17,1,0.0,0.0,0.9379166666666666
7,17,1,0.0,2.24,0.8445833333333334
8,17,1,0.0,0.95,0.9975
9,17,1,4.62,1.04,1.0120833333333334
10,17,1,1.39,1.88,0.93375
11,17,1,0.0,1.99,0.9033333333333333
12,17,1,1.26,1.82,0.9070833333333334
13,17,1,1.91,3.05,0.8941666666666667
14,17,1,2.74,2.54,0.8566666666666666
15,17,1,1.64,1.97,0.8250000000000001
16,17,1,1.21,0.92,0.8316666666666667
17,17,1,1.08,0.0,0.8316666666666667
18,17,1,0.0,0.0,0.9229166666666666
19,17,1,2.19,0.0,1.0225
20,17,1,2.39,1.61,0.9554166666666667
21,17,1,0.0,0.0,1.0225
22,17,1,1.61,0.0,1.24125
23,17,1,5.25,0.0,1.3479166666666667
0,18,2,2.56,0.0,1.40625
1,18,2,1.4,1.99,1.3233333333333335
2,18,2,0.0,0.51,1.4749999999999999
3,18,2,4.15,0.0,1.4966666666666668
4,18,2,0.52,0.0,1.5358333333333334
5,18,2,0.94,0.0,1.5675
6,18,2,0.76,0.0,1.5675
7,18,2,0.0,0.0,1.68
8,18,2,2.7,4.62,1.5233333333333334
9,18,2,0.86,1.39,1.5683333333333334
10,18,2,2.47,0.0,1.6175
11,18,2,1.18,1.26,1.5649999999999997
12,18,2,0.0,1.91,1.6304166666666668
13,18,2,3.48,2.74,1.51625
14,18,2,0.0,1.64,1.4745833333333334
15,18,2,0.64,1.21,1.4241666666666666
16,18,2,0.0,1.08,1.3895833333333334
17,18,2,0.25,0.0,1.5629166666666665
18,18,2,4.16,2.19,1.4887500000000002
19,18,2,0.41,2.39,1.3891666666666669
20,18,2,0.0,0.0,1.5858333333333334
21,18,2,4.72,1.61,1.5516666666666667
22,18,2,0.79,5.25,1.3675
23,18,2,0.83,2.56,1.3608333333333331
0,19,3,2.4,1.4,1.3829166666666666
1,19,3,1.93,0.0,1.42875
2,19,3,1.1,4.15,1.3804166666666668
3,19,3,2.99,0.52,1.42125
4,19,3,1.5,0.94,1.4533333333333334
5,19,3,1.71,0.76,1.5333333333333334
6,19,3,2.68,0.0,1.625416666666667
7,19,3,2.21,2.7,1.5129166666666667
8,19,3,0.0,0.86,1.54625
9,19,3,1.66,2.47,1.4825
10,19,3,0.94,1.18,1.5966666666666667
11,19,3,3.92,0.0,1.6245833333333335
12,19,3,0.67,3.48,1.5204166666666665
13,19,3,0.98,0.0,1.5204166666666665
14,19,3,0.0,0.64,1.5075
15,19,3,0.33,0.0,1.5833333333333333
16,19,3,1.82,0.25,1.5866666666666667
17,19,3,0.33,4.16,1.4245833333333333
18,19,3,0.27,0.41,1.42
19,19,3,0.3,0.0,1.4549999999999998
20,19,3,0.84,4.72,1.2583333333333333
21,19,3,0.0,0.79,1.3862499999999998
22,19,3,3.86,0.83,1.4045833333333333
23,19,3,1.27,2.4,1.3241666666666665
0,20,4,0.47,1.93,1.2925
1,20,4,1.17,1.1,1.31375
2,20,4,1.61,2.99,1.2316666666666667
3,20,4,1.02,1.5,1.2904166666666665
4,20,4,2.91,1.71,1.29125
5,20,4,1.73,2.68,1.25
6,20,4,1.69,2.21,1.1987500000000002
7,20,4,0.98,0.0,1.3629166666666668
8,20,4,3.94,1.66,1.29375
9,20,4,0.0,0.94,1.2545833333333334
10,20,4,0.0,3.92,1.2779166666666666
11,20,4,4.48,0.67,1.25
12,20,4,0.0,0.98,1.24625
13,20,4,0.89,0.0,1.24625
14,20,4,0.0,0.33,1.3729166666666668
15,20,4,3.37,1.82,1.2970833333333334
16,20,4,0.0,0.33,1.3045833333333332
17,20,4,0.51,0.27,1.3462500000000002
18,20,4,1.27,0.3,1.415416666666667
19,20,4,1.96,0.84,1.3804166666666668
20,20,4,0.0,0.0,1.4437499999999999
21,20,4,1.52,3.86,1.2829166666666667
22,20,4,0.0,1.27,1.3566666666666667
23,20,4,3.04,0.47,1.3575
0,21,5,0.49,1.17,1.30875
1,21,5,0.0,1.61,1.2416666666666667
2,21,5,0.0,1.02,1.3554166666666667
3,21,5,3.75,2.91,1.2341666666666666
4,21,5,0.0,1.73,1.2541666666666667
5,21,5,2.21,1.69,1.2179166666666668
6,21,5,0.8200000000000001,0.98,1.2970833333333334
7,21,5,2.88,3.94,1.1329166666666668
8,21,5,0.0,0.0,1.1329166666666668
9,21,5,0.0,0.0,1.2116666666666667
10,21,5,1.89,4.48,1.10625
11,21,5,1.95,0.0,1.2408333333333335
12,21,5,3.23,0.89,1.29
13,21,5,2.07,0.0,1.3295833333333333
14,21,5,0.95,3.37,1.1891666666666667
15,21,5,0.0,0.0,1.25125
16,21,5,1.49,0.51,1.2883333333333333
17,21,5,1.4,1.27,1.3383333333333336
18,21,5,2.47,1.96,1.2783333333333333
19,21,5,0.52,0.0,1.2783333333333333
20,21,5,0.0,1.52,1.3462500000000002
21,21,5,3.1500000000000004,0.0,1.3462500000000002
22,21,5,0.0,3.04,1.2195833333333335
23,21,5,0.0,0.49,1.3091666666666668
0,22,6,2.64,0.0,1.3091666666666668
1,22,6,0.0,0.0,1.3091666666666668
2,22,6,0.0,3.75,1.1529166666666668
3,22,6,0.0,0.0,1.2033333333333334
4,22,6,1.21,2.21,1.2583333333333333
5,22,6,3.53,0.8200000000000001,1.2633333333333334
6,22,6,0.94,2.88,1.19
7,22,6,1.12,0.0,1.22
8,22,6,0.72,0.0,1.25875
9,22,6,0.93,1.89,1.2195833333333332
10,22,6,0.95,1.95,1.1383333333333334
11,22,6,0.0,3.23,1.08125
12,22,6,1.86,2.07,1.0466666666666666
13,22,6,1.24,0.95,1.0304166666666668
14,22,6,0.56,0.0,1.0304166666666668
15,22,6,0.0,1.49,1.0620833333333335
16,22,6,2.25,1.4,1.1170833333333332
17,22,6,2.72,2.47,1.0925
18,22,6,1.88,0.52,1.0708333333333335
19,22,6,0.0,0.0,1.1304166666666668
20,22,6,1.43,3.1500000000000004,1.0616666666666668
21,22,6,1.5,0.0,1.0616666666666668
22,22,6,0.0,0.0,1.0616666666666668
23,22,6,0.0,2.64,0.9516666666666667
0,23,0,0.0,0.0,0.97125
1,23,0,0.47,0.0,1.0408333333333333
2,23,0,1.67,0.0,1.0708333333333333
3,23,0,0.72,1.21,1.1883333333333335
4,23,0,4.03,3.53,1.2245833333333334
5,23,0,4.4,0.94,1.2275
6,23,0,1.01,1.12,1.2495833333333335
7,23,0,1.65,0.72,1.24375
8,23,0,0.58,0.93,1.2049999999999998
9,23,0,0.0,0.95,1.1654166666666665
10,23,0,0.0,0.0,1.1766666666666667
11,23,0,0.27,1.86,1.0991666666666668
12,23,0,0.0,1.24,1.1833333333333333
13,23,0,3.26,0.56,1.2483333333333333
14,23,0,2.12,0.0,1.3508333333333333
15,23,0,2.46,2.25,1.27
16,23,0,0.31,2.72,1.1966666666666668
17,23,0,0.96,1.88,1.1595833333333332
18,23,0,0.99,0.0,1.28
19,23,0,2.89,1.43,1.2204166666666667
20,23,0,0.0,1.5,1.19625
21,23,0,0.92,0.0,1.19625
22,23,0,0.0,0.0,1.2254166666666666
23,23,0,0.7,0.0,1.2970833333333334
0,24,1,1.72,0.47,1.3074999999999999
1,24,1,0.72,1.67,1.3591666666666669
2,24,1,2.91,0.72,1.3291666666666666
3,24,1,0.0,4.03,1.2120833333333334
4,24,1,1.22,4.4,1.18375
5,24,1,3.72,1.01,1.2070833333333333
6,24,1,1.57,1.65,1.2516666666666667
7,24,1,2.72,0.58,1.2429166666666667
8,24,1,0.37,0.0,1.2429166666666667
9,24,1,0.0,0.0,1.3412500000000003
10,24,1,2.36,0.27,1.3299999999999998
11,24,1,0.0,0.0,1.3812499999999999
12,24,1,1.23,3.26,1.2454166666666666
13,24,1,0.0,2.12,1.1570833333333332
14,24,1,0.0,2.46,1.1245833333333335
15,24,1,1.68,0.31,1.1329166666666668
16,24,1,0.51,0.96,1.2229166666666667
17,24,1,3.12,0.99,1.2079166666666667
18,24,1,0.63,2.89,1.2779166666666668
19,24,1,4.57,0.0,1.2779166666666668
20,24,1,0.0,0.92,1.3233333333333333
21,24,1,2.01,0.0,1.3233333333333333
22,24,1,0.0,0.7,1.4925
23,24,1,4.76,1.72,1.4208333333333334
0,25,2,0.0,0.72,1.4416666666666667
1,25,2,1.22,2.91,1.3204166666666668
2,25,2,0.0,0.0,1.3966666666666667
3,25,2,1.83,1.22,1.3458333333333334
4,25,2,0.0,3.72,1.2195833333333332
5,25,2,0.69,1.57,1.20125
6,25,2,1.13,2.72,1.0970833333333334
7,25,2,0.22,0.37,1.1845833333333333
8,25,2,2.47,0.0,1.3045833333333332
9,25,2,2.88,2.36,1.20625
10,25,2,0.0,0.0,1.2808333333333335
11,25,2,1.79,1.23,1.33375
12,25,2,2.5,0.0,1.4370833333333335
13,25,2,2.4800000000000004,0.0,1.4370833333333335
14,25,2,0.0,1.68,1.3670833333333334
15,25,2,0.0,0.51,1.3458333333333334
16,25,2,0.0,3.12,1.2158333333333335
17,25,2,0.0,0.63,1.3187499999999999
18,25,2,3.1,4.57,1.2008333333333334
19,25,2,1.74,0.0,1.2216666666666667
20,25,2,0.5,2.01,1.2345833333333334
21,25,2,2.3200000000000003,0.0,1.2345833333333334
22,25,2,0.0,4.76,1.05875
23,25,2,0.54,0.0,1.1820833333333334
0,26,3,2.96,1.22,1.1791666666666667
1,26,3,1.15,0.0,1.2904166666666668
2,26,3,2.67,1.83,1.24125
3,26,3,0.65,0.0,1.2941666666666667
4,26,3,1.27,0.69,1.2654166666666666
5,26,3,0.0,1.13,1.2904166666666668
6,26,3,1.73,0.22,1.3629166666666668
7,26,3,1.96,2.47,1.3483333333333334
8,26,3,2.12,2.88,1.2283333333333335
9,26,3,0.0,0.0,1.2516666666666667
10,26,3,0.56,1.79,1.1770833333333333
11,26,3,0.0,2.5,1.0895833333333333
12,26,3,0.4,2.4800000000000004,1.2225
13,26,3,5.67,0.0,1.2504166666666665
14,26,3,0.67,0.0,1.2504166666666665
15,26,3,0.0,0.0,1.3099999999999998
16,26,3,1.43,0.0,1.3099999999999998
17,26,3,0.0,3.1,1.1808333333333334
18,26,3,0.0,1.74,1.1083333333333332
19,26,3,0.0,0.5,1.0875
20,26,3,0.0,2.3200000000000003,1.04125
21,26,3,1.21,0.0,1.04125
22,26,3,0.0,0.54,1.0625
23,26,3,1.05,2.96,1.04375
0,27,4,2.51,1.15,1.0304166666666668
1,27,4,0.83,2.67,1.0854166666666665
2,27,4,3.99,0.65,1.1158333333333335
3,27,4,1.38,1.27,1.2245833333333334
4,27,4,3.88,0.0,1.2245833333333334
5,27,4,0.0,1.73,1.1525
6,27,4,0.0,1.96,1.17125
7,27,4,2.41,2.12,1.0829166666666667
8,27,4,0.0,0.0,1.0829166666666667
9,27,4,0.0,0.56,1.1304166666666666
10,27,4,1.7,0.0,1.1304166666666666
11,27,4,0.0,0.4,1.16
12,27,4,1.11,5.67,0.92375
13,27,4,0.0,0.67,1.1316666666666668
14,27,4,5.66,0.0,1.1316666666666668
15,27,4,0.0,1.43,1.0720833333333335
16,27,4,0.0,0.0,1.0720833333333335
17,27,4,0.0,0.0,1.0720833333333335
18,27,4,0.0,0.0,1.0720833333333335
19,27,4,0.0,0.0,1.0720833333333335
20,27,4,0.0,1.21,1.1691666666666667
21,27,4,3.54,0.0,1.2291666666666667
22,27,4,1.44,1.05,1.2425
23,27,4,1.37,2.51,1.2412500000000002
0,28,5,2.48,0.83,1.2666666666666668
1,28,5,1.44,3.99,1.1395833333333334
2,28,5,0.94,1.38,1.2
3,28,5,2.83,3.88,1.0383333333333333
4,28,5,0.0,0.0,1.11625
5,28,5,1.87,0.0,1.11625
6,28,5,0.0,2.41,1.0158333333333334
7,28,5,0.0,0.0,1.0158333333333334
8,28,5,0.0,0.0,1.1604166666666667
9,28,5,3.47,1.7,1.0895833333333333
10,28,5,0.0,0.0,1.0895833333333333
11,28,5,0.0,1.11,1.2404166666666667
12,28,5,4.73,0.0,1.2404166666666667
13,28,5,0.0,5.66,1.0045833333333334
14,28,5,0.0,0.0,1.0725
15,28,5,1.63,0.0,1.0725
16,28,5,0.0,0.0,1.0725
17,28,5,0.0,0.0,1.0725
18,28,5,0.0,0.0,1.096666666666667
19,28,5,0.58,0.0,1.0966666666666667
20,28,5,0.0,3.54,0.9491666666666667
21,28,5,0.0,1.44,0.9579166666666667
22,28,5,1.65,1.37,0.9204166666666667
23,28,5,0.47,2.48,0.9812500000000001
0,29,6,3.94,1.44,1.0216666666666667
1,29,6,2.41,0.94,0.9825
2,29,6,0.0,2.83,0.8645833333333334
3,29,6,0.0,0.0,0.9595833333333333
4,29,6,2.28,1.87,0.8816666666666668
5,29,6,0.0,0.0,0.9629166666666668
6,29,6,1.95,0.0,0.9883333333333333
7,29,6,0.61,0.0,0.9987499999999999
8,29,6,0.25,3.47,0.8541666666666666
9,29,6,0.0,0.0,0.8541666666666666
10,29,6,0.0,0.0,0.9979166666666667
11,29,6,3.45,4.73,0.995
12,29,6,4.66,0.0,1.1983333333333335
13,29,6,4.880000000000001,0.0,1.27625
14,29,6,1.87,1.63,1.3545833333333335
15,29,6,3.51,0.0,1.4854166666666666
16,29,6,3.14,0.0,1.4854166666666666
17,29,6,0.0,0.0,1.5841666666666667
18,29,6,2.37,0.58,1.64875
19,29,6,2.13,0.0,1.7216666666666667
20,29,6,1.75,0.0,1.7616666666666667
21,29,6,0.96,1.65,1.7333333333333332
22,29,6,0.97,0.47,1.7954166666666664
23,29,6,1.96,3.94,1.6854166666666668
0,30,0,1.3,2.41,1.70625
1,30,0,2.91,0.0,1.9008333333333336
2,30,0,4.67,0.0,1.9662500000000003
3,30,0,1.57,2.28,1.897916666666667
4,30,0,0.64,0.0,1.897916666666667
5,30,0,0.0,1.95,1.8416666666666668
6,30,0,0.6000000000000001,0.61,1.8504166666666668
7,30,0,0.82,0.25,1.8495833333333334
8,30,0,0.23,0.0,2.0425
9,30,0,4.63,0.0,2.0729166666666665
10,30,0,0.73,3.45,1.9291666666666665
11,30,0,0.0,4.66,1.7929166666666667
12,30,0,1.39,4.880000000000001,1.6312499999999999
13,30,0,1.0,1.87,1.5533333333333335
14,30,0,0.0,3.51,1.4608333333333332
15,30,0,1.29,3.14,1.3975
16,30,0,1.62,0.0,1.53125
17,30,0,3.21,2.37,1.4325
18,30,0,0.0,2.13,1.3687500000000001
19,30,0,0.6,1.75,1.3283333333333334
20,30,0,0.78,0.96,1.3233333333333333
21,30,0,0.8400000000000001,0.97,1.2829166666666667
22,30,0,0.0,1.96,1.2208333333333334
23,30,0,0.47,1.3,1.1666666666666667
0,31,1,0.0,2.91,1.1308333333333334
1,31,1,2.05,4.67,0.97125
2,31,1,0.84,1.57,0.94375
3,31,1,0.91,0.64,0.9358333333333334
4,31,1,0.45,0.0,0.9575
5,31,1,0.52,0.6000000000000001,1.0245833333333334
6,31,1,2.21,0.82,0.9904166666666668
7,31,1,0.0,0.23,0.9808333333333333
8,31,1,0.0,4.63,0.81875
9,31,1,0.74,0.73,0.8662500000000001
10,31,1,1.87,0.0,0.9125000000000001
11,31,1,1.11,1.39,0.8966666666666666
12,31,1,1.01,1.0,0.8754166666666667
13,31,1,0.49,0.0,0.94125
14,31,1,1.58,1.29,0.8875000000000001
15,31,1,0.0,1.62,0.8337500000000001
16,31,1,0.33,3.21,0.7791666666666667
17,31,1,1.9,0.0,0.7791666666666667
18,31,1,0.0,0.6,0.8529166666666667
19,31,1,2.37,0.78,0.8204166666666667
20,31,1,0.0,0.8400000000000001,0.81625
21,31,1,0.74,0.0,0.9525
22,31,1,3.27,0.47,0.9329166666666667
23,31,1,0.0,0.0,0.955
0,1,2,0.53,2.05,0.9562500000000002
1,1,2,2.08,0.84,0.9212500000000001
2,1,2,0.0,0.91,1.0254166666666669
3,1,2,3.41,0.45,1.0604166666666666
4,1,2,1.29,0.52,1.1066666666666667
5,1,2,1.63,2.21,1.0145833333333334
6,1,2,0.0,0.0,1.0470833333333334
7,1,2,0.78,0.0,1.1816666666666669
8,1,2,3.23,0.74,1.1508333333333334
9,1,2,0.0,1.87,1.0729166666666667
10,1,2,0.0,1.11,1.0804166666666666
11,1,2,1.29,1.01,1.1216666666666668
12,1,2,2.0,0.49,1.2420833333333332
13,1,2,3.38,1.58,1.17625
14,1,2,0.0,0.0,1.2958333333333334
15,1,2,2.87,0.33,1.2979166666666666
16,1,2,0.38,1.9,1.2633333333333334
17,1,2,1.0699999999999998,0.0,1.31125
18,1,2,1.15,2.37,1.2125000000000001
19,1,2,0.0,0.0,1.2320833333333334
20,1,2,0.47,0.74,1.2012500000000002
21,1,2,0.0,3.27,1.1270833333333334
22,1,2,1.49,0.0,1.2120833333333332
23,1,2,2.04,0.53,1.2620833333333332
0,2,3,1.73,2.08,1.3045833333333332
1,2,3,3.1,0.0,1.3687500000000001
2,2,3,1.54,3.41,1.28875
3,2,3,1.49,1.29,1.3129166666666665
4,2,3,1.87,1.63,1.2841666666666667
5,2,3,0.94,0.0,1.2841666666666667
6,2,3,0.0,0.78,1.3520833333333335
7,2,3,2.41,3.23,1.2175
8,2,3,0.0,0.0,1.2175
9,2,3,0.0,0.0,1.36125
10,2,3,3.45,1.29,1.37375
11,2,3,1.59,2.0,1.4929166666666667
12,2,3,4.86,3.38,1.41
13,2,3,1.39,0.0,1.41
14,2,3,0.0,2.87,1.4158333333333333
15,2,3,3.01,0.38,1.4941666666666666
16,2,3,2.26,1.0699999999999998,1.4495833333333332
17,2,3,0.0,1.15,1.4016666666666666
18,2,3,0.0,0.0,1.4016666666666666
19,2,3,0.0,0.47,1.3820833333333333
20,2,3,0.0,0.0,1.3820833333333333
21,2,3,0.0,1.49,1.35125
22,2,3,0.75,2.04,1.26625
23,2,3,0.0,1.73,1.3420833333333333
0,3,4,3.55,3.1,1.2449999999999999
1,3,4,0.77,1.54,1.2425
2,3,4,1.48,1.49,1.2054166666666666
3,3,4,0.6,1.87,1.19625
4,3,4,1.65,0.94,1.1870833333333333
5,3,4,0.72,0.0,1.1870833333333333
6,3,4,0.0,2.41,1.11625
7,3,4,0.71,0.0,1.1466666666666667
8,3,4,0.73,0.0,1.15625
9,3,4,0.23,3.45,1.1824999999999999
10,3,4,4.08,1.59,1.1908333333333332
11,3,4,1.79,4.86,1.07
12,3,4,1.96,1.39,1.1104166666666666
13,3,4,2.3600000000000003,0.0,1.1104166666666666
14,3,4,0.0,3.01,1.1045833333333333
15,3,4,2.87,2.26,1.1391666666666667
16,3,4,3.09,0.0,1.2045833333333333
17,3,4,1.57,0.0,1.2595833333333333
18,3,4,1.32,0.0,1.2595833333333333
19,3,4,0.0,0.0,1.29
20,3,4,0.73,0.0,1.29
21,3,4,0.0,0.75,1.2954166666666667
22,3,4,0.8799999999999999,0.0,1.2954166666666667
23,3,4,0.0,3.55,1.28
0,4,5,3.18,0.77,1.3579166666666669
1,4,5,2.64,1.48,1.34875
2,4,5,1.26,0.6,1.3675
3,4,5,1.05,1.65,1.3095833333333333
4,4,5,0.26,0.72,1.2795833333333333
5,4,5,0.0,0.0,1.3383333333333336
6,4,5,1.41,0.71,1.36
7,4,5,1.23,0.73,1.3550000000000002
8,4,5,0.61,0.23,1.4966666666666668
9,4,5,3.63,4.08,1.3266666666666667
10,4,5,0.0,1.79,1.3212499999999998
11,4,5,1.66,1.96,1.2729166666666667
12,4,5,0.8,2.3600000000000003,1.2695833333333333
13,4,5,2.28,0.0,1.3324999999999998
14,4,5,1.51,2.87,1.29875
15,4,5,2.06,3.09,1.18875
16,4,5,0.45,1.57,1.25125
17,4,5,3.07,1.32,1.215
18,4,5,0.45,0.0,1.27
19,4,5,1.32,0.73,1.25875
20,4,5,0.46,0.0,1.25875
21,4,5,0.0,0.8799999999999999,1.5229166666666665
22,4,5,7.22,0.0,1.5599999999999998
23,4,5,0.89,3.18,1.4400000000000002
0,5,6,0.3,2.64,1.33
1,5,6,0.0,1.26,1.2775
2,5,6,0.0,1.05,1.3345833333333335
3,5,6,2.42,0.26,1.3670833333333334
4,5,6,1.04,0.0,1.3670833333333334
5,5,6,0.0,1.41,1.3083333333333333
6,5,6,0.0,1.23,1.4375
7,5,6,4.33,0.61,1.4120833333333334
8,5,6,0.0,3.63,1.4662499999999998
9,5,6,4.93,0.0,1.4662499999999998
10,5,6,0.0,1.66,1.3970833333333335
11,5,6,0.0,0.8,1.3637500000000002
12,5,6,0.0,2.28,1.26875
13,5,6,0.0,1.51,1.2325000000000002
14,5,6,0.64,2.06,1.2191666666666665
15,5,6,1.74,0.45,1.23875
16,5,6,0.92,3.07,1.1345833333333333
17,5,6,0.57,0.45,1.1512499999999999
18,5,6,0.85,1.32,1.1300000000000001
19,5,6,0.8099999999999999,0.46,1.2391666666666665
20,5,6,3.08,0.0,1.2391666666666665
21,5,6,0.0,7.22,0.9383333333333334
22,5,6,0.0,0.89,0.9349999999999999
23,5,6,0.81,0.3,1.00125
0,6,0,1.89,0.0,1.00125
1,6,0,0.0,0.0,1.0279166666666666
2,6,0,0.64,2.42,0.9270833333333334
3,6,0,0.0,1.04,0.96625
4,6,0,1.98,0.0,1.1166666666666667
5,6,0,3.61,0.0,1.1329166666666668
6,6,0,0.39,4.33,0.9525
7,6,0,0.0,0.0,0.9525
8,6,0,0.0,4.93,0.8145833333333333
9,6,0,1.62,0.0,0.8145833333333333
10,6,0,0.0,0.0,0.8725
11,6,0,1.39,0.0,0.9870833333333332
12,6,0,2.75,0.0,0.9870833333333332
13,6,0,0.0,0.64,1.03
14,6,0,1.67,1.74,1.2425
15,6,0,6.84,0.92,1.2241666666666666
16,6,0,0.48,0.57,1.2004166666666667
17,6,0,0.0,0.85,1.24625
18,6,0,1.95,0.8099999999999999,1.3645833333333333
19,6,0,3.65,3.08,1.38
20,6,0,3.45,0.0,1.38
21,6,0,0.0,0.0,1.3925
22,6,0,0.3,0.81,1.4170833333333333
23,6,0,1.4,1.89,1.3383333333333332
0,7,1,0.0,0.0,1.4008333333333332
1,7,1,1.5,0.64,1.3908333333333331
2,7,1,0.4,0.0,1.4308333333333332
3,7,1,0.96,1.98,1.3483333333333334
4,7,1,0.0,3.61,1.1979166666666667
5,7,1,0.0,0.39,1.26125
6,7,1,1.91,0.0,1.3320833333333333
7,7,1,1.7,0.0,1.41375
8,7,1,1.96,1.62,1.3870833333333332
9,7,1,0.98,0.0,1.461666666666667
10,7,1,1.79,1.39,1.4770833333333335
11,7,1,1.76,2.75,1.5075
12,7,1,3.48,0.0,1.5875000000000001
13,7,1,1.92,1.67,1.5179166666666666
14,7,1,0.0,6.84,1.3575
15,7,1,2.99,0.48,1.3616666666666666
16,7,1,0.58,0.0,1.385
17,7,1,0.56,1.95,1.445
18,7,1,3.39,3.65,1.39375
19,7,1,2.42,3.45,1.3054166666666667
20,7,1,1.33,0.0,1.3054166666666667
21,7,1,0.0,0.3,1.3354166666666665
22,7,1,1.02,1.4,1.2770833333333333
23,7,1,0.0,0.0,1.2770833333333333
0,8,2,0.0,1.5,1.2645833333333334
1,8,2,1.2,0.4,1.3483333333333334
2,8,2,2.41,0.96,1.3083333333333333
3,8,2,0.0,0.0,1.3083333333333333
4,8,2,0.0,0.0,1.3766666666666667
5,8,2,1.64,1.91,1.3608333333333331
6,8,2,1.53,1.7,1.29
7,8,2,0.0,1.96,1.2083333333333333
8,8,2,0.0,0.98,1.1675
9,8,2,0.0,1.79,1.12375
10,8,2,0.74,1.76,1.1929166666666666
11,8,2,3.42,3.48,1.105
12,8,2,1.37,1.92,1.08625
13,8,2,1.47,0.0,1.12875
14,8,2,1.02,2.99,1.1891666666666667
15,8,2,4.44,0.58,1.165
16,8,2,0.0,0.56,1.24625
17,8,2,2.51,3.39,1.1954166666666668
18,8,2,2.17,2.42,1.1225
19,8,2,0.67,1.33,1.0670833333333334
20,8,2,0.0,0.0,1.1391666666666667
21,8,2,1.73,1.02,1.3066666666666666
22,8,2,5.04,0.0,1.32875
23,8,2,0.53,0.0,1.4891666666666667
0,9,3,3.85,1.2,1.52125
1,9,3,1.97,2.41,1.4775
2,9,3,1.36,0.0,1.6033333333333335
3,9,3,3.02,0.0,1.74875
4,9,3,3.49,1.64,1.7825
5,9,3,2.45,1.53,1.7816666666666665
6,9,3,1.51,0.0,2.09625
7,9,3,7.55,0.0,2.09625
8,9,3,0.0,0.0,2.09625
9,9,3,0.0,0.74,2.112083333333333
10,9,3,1.12,3.42,2.014583333333333
11,9,3,1.08,1.37,1.9574999999999998
12,9,3,0.0,1.47,1.9770833333333335
13,9,3,1.94,1.02,2.05625
14,9,3,2.92,4.44,2.004583333333333
15,9,3,3.2,0.0,2.004583333333333
16,9,3,0.0,2.51,2.0116666666666667
17,9,3,2.68,2.17,2.0383333333333336
18,9,3,2.81,0.67,2.0974999999999997
19,9,3,2.09,0.0,2.0974999999999997
20,9,3,0.0,1.73,2.0254166666666666
21,9,3,0.0,5.04,1.8154166666666667
22,9,3,0.0,0.53,1.805
23,9,3,0.28,3.85,1.7008333333333334
0,10,4,1.35,1.97,1.6733333333333336
1,10,4,1.31,1.36,1.67
2,10,4,1.28,3.02,1.5954166666666667
3,10,4,1.23,3.49,1.4500000000000002
4,10,4,0.0,2.45,1.57875
5,10,4,5.54,1.51,1.5791666666666668
6,10,4,1.52,7.55,1.2645833333333332
7,10,4,0.0,0.0,1.2883333333333333
8,10,4,0.57,0.0,1.3358333333333334
9,10,4,1.14,1.12,1.4095833333333332
10,10,4,2.89,1.08,1.3825
11,10,4,0.43,0.0,1.3825
12,10,4,0.0,1.94,1.3545833333333333
13,10,4,1.27,2.92,1.2541666666666667
14,10,4,0.51,3.2,1.19125
15,10,4,1.69,0.0,1.19125
16,10,4,0.0,2.68,1.1570833333333332
17,10,4,1.86,2.81,1.09375
18,10,4,1.29,2.09,1.0691666666666666
19,10,4,1.5,0.0,1.1916666666666667
20,10,4,2.94,0.0,1.27375
21,10,4,1.97,0.0,1.4033333333333333
22,10,4,3.1100000000000003,0.28,1.44125
23,10,4,1.19,1.35,1.3995833333333334
0,11,5,0.35,1.31,1.345
1,11,5,0.0,1.28,1.3225
2,11,5,0.74,1.23,1.27125
3,11,5,0.0,0.0,1.3216666666666665
4,11,5,1.21,5.54,1.1470833333333335
5,11,5,1.35,1.52,1.08375
6,11,5,0.0,0.0,1.2916666666666667
7,11,5,4.99,0.57,1.2679166666666666
8,11,5,0.0,1.14,1.3025
9,11,5,1.97,2.89,1.2354166666666666
10,11,5,1.28,0.43,1.2175
11,11,5,0.0,0.0,1.4262499999999998
12,11,5,5.01,1.27,1.4541666666666668
13,11,5,1.94,0.51,1.4329166666666666
14,11,5,0.0,1.69,1.4025
15,11,5,0.96,0.0,1.4025
16,11,5,0.0,1.86,1.4804166666666667
17,11,5,3.73,1.29,1.5437500000000002
18,11,5,2.81,1.5,1.4812500000000002
19,11,5,0.0,2.94,1.35875
20,11,5,0.0,1.97,1.3445833333333332
21,11,5,1.63,3.1100000000000003,1.25125
22,11,5,0.87,1.19,1.25
23,11,5,1.16,0.35,1.2354166666666666
0,12,6,0.0,0.0,1.2733333333333332
1,12,6,0.91,0.74,1.3545833333333333
2,12,6,2.69,0.0,1.3545833333333333
3,12,6,0.0,1.21,1.4020833333333333
4,12,6,2.35,1.35,1.4141666666666666
5,12,6,1.64,0.0,1.4249999999999998
6,12,6,0.26,4.99,1.2420833333333332
7,12,6,0.6,0.0,1.2420833333333332
8,12,6,0.0,1.97,1.22625
9,12,6,1.59,1.28,1.24875
10,12,6,1.82,0.0,1.4066666666666665
11,12,6,3.79,5.01,1.1979166666666667
12,12,6,0.0,1.94,1.16625
13,12,6,1.18,0.0,1.16625
14,12,6,0.0,0.96,1.12625
15,12,6,0.0,0.0,1.1358333333333335
16,12,6,0.23,3.73,0.9895833333333334
17,12,6,0.22,2.81,0.8725
18,12,6,0.0,0.0,0.8725
19,12,6,0.0,0.0,0.9045833333333334
20,12,6,0.77,1.63,0.9283333333333332
21,12,6,2.2,0.87,0.9066666666666667
22,12,6,0.35,1.16,0.9800000000000001
23,12,6,2.92,0.0,0.9800000000000001
0,13,0,0.0,0.91,0.9420833333333333
1,13,0,0.0,2.69,0.8920833333333333
2,13,0,1.49,0.0,0.90125
3,13,0,0.22,2.35,0.8445833333333335
4,13,0,0.99,1.64,0.7762500000000001
5,13,0,0.0,0.26,0.9233333333333333
6,13,0,3.79,0.6,0.9529166666666667
7,13,0,1.31,0.0,1.0645833333333334
8,13,0,2.68,1.59,1.0966666666666667
9,13,0,2.36,1.82,1.04875
10,13,0,0.67,3.79,0.9945833333333334
11,13,0,2.49,0.0,0.9945833333333334
12,13,0,0.0,1.18,0.9454166666666667
13,13,0,0.0,0.0,0.9920833333333333
14,13,0,1.12,0.0,1.01125
15,13,0,0.46,0.23,1.0345833333333332
16,13,0,0.79,0.22,1.0254166666666666
17,13,0,0.0,0.0,1.085
18,13,0,1.43,0.0,1.1029166666666668
19,13,0,0.43,0.77,1.0708333333333335
20,13,0,0.0,2.2,0.9791666666666669
21,13,0,0.0,0.35,0.9645833333333335
22,13,0,0.0,2.92,0.9179166666666667
23,13,0,1.8,0.0,0.9179166666666667
0,14,1,0.0,0.0,1.0295833333333333
1,14,1,2.68,1.49,1.0929166666666668
2,14,1,3.01,0.22,1.1620833333333334
3,14,1,1.88,0.99,1.2125000000000001
4,14,1,2.2,0.0,1.2125000000000001
5,14,1,0.0,3.79,1.0545833333333334
6,14,1,0.0,1.31,1.1116666666666668
7,14,1,2.68,2.68,1.0958333333333332
8,14,1,2.3,2.36,0.9974999999999999
9,14,1,0.0,0.67,1.0054166666666668
10,14,1,0.86,2.49,0.96375
11,14,1,1.4900000000000002,0.0,0.9829166666666667
12,14,1,0.46,0.0,1.01625
13,14,1,0.8,1.12,1.0029166666666667
14,14,1,0.8,0.46,1.05375
15,14,1,1.68,0.79,1.0583333333333333
16,14,1,0.9,0.0,1.075
17,14,1,0.4,1.43,1.2195833333333335
18,14,1,4.9,0.43,1.2016666666666667
19,14,1,0.0,0.0,1.2220833333333332
20,14,1,0.49,0.0,1.2220833333333332
21,14,1,0.0,0.0,1.2220833333333332
22,14,1,0.0,1.8,1.1470833333333335
23,14,1,0.0,0.0,1.2220833333333334
0,15,2,1.8,2.68,1.1545833333333333
1,15,2,1.06,3.01,1.0574999999999999
2,15,2,0.68,1.88,1.0566666666666669
3,15,2,1.86,2.2,1.1095833333333334
4,15,2,3.47,0.0,1.1095833333333334
5,15,2,0.0,0.0,1.1900000000000002
6,15,2,1.93,2.68,1.0783333333333334
7,15,2,0.0,2.3,1.0470833333333334
8,15,2,1.55,0.0,1.14875
9,15,2,2.44,0.86,1.15625
10,15,2,1.04,1.4900000000000002,1.0941666666666667
11,15,2,0.0,0.46,1.1270833333333334
12,15,2,1.25,0.8,1.09375
13,15,2,0.0,0.8,1.075
14,15,2,0.35,1.68,1.0050000000000001
15,15,2,0.0,0.9,0.9674999999999999
16,15,2,0.0,0.4,0.985
17,15,2,0.8200000000000001,4.9,0.8816666666666667
18,15,2,2.42,0.0,0.8816666666666667
19,15,2,0.0,0.49,1.0483333333333333
20,15,2,4.49,0.0,1.0633333333333332
21,15,2,0.36,0.0,1.1029166666666668
22,15,2,0.95,0.0,1.1029166666666668
23,15,2,0.0,1.8,1.0708333333333333
0,16,3,1.03,1.06,1.0391666666666668
1,16,3,0.3,0.68,1.1208333333333333
2,16,3,2.64,1.86,1.1112499999999998
3,16,3,1.63,3.47,0.9666666666666667
4,16,3,0.0,0.0,0.9666666666666667
5,16,3,0.0,1.93,1.0058333333333334
6,16,3,2.87,0.0,1.0058333333333334
7,16,3,0.0,1.55,1.0016666666666667
8,16,3,1.45,2.44,1.0929166666666668
9,16,3,4.63,1.04,1.0495833333333333
10,16,3,0.0,0.0,1.0495833333333333
11,16,3,0.0,1.25,0.9974999999999999
12,16,3,0.0,0.0,1.0754166666666667
13,16,3,1.87,0.35,1.0608333333333333
14,16,3,0.0,0.0,1.15125
15,16,3,2.17,0.0,1.1595833333333334
16,16,3,0.2,0.8200000000000001,1.1545833333333333
17,16,3,0.7,2.42,1.05375
18,16,3,0.0,0.0,1.17875
19,16,3,3.0,4.49,0.9916666666666667
20,16,3,0.0,0.36,1.0108333333333335
21,16,3,0.82,0.95,0.9987499999999999
22,16,3,0.66,0.0,1.0120833333333332
23,16,3,0.32,1.03,1.0362500000000001
0,17,4,1.61,0.3,1.02375
1,17,4,0.0,2.64,0.9270833333333334
2,17,4,0.32,1.63,0.8591666666666667
3,17,4,0.0,0.0,0.9187500000000001
4,17,4,1.43,0.0,0.9187500000000001
5,17,4,0.0,2.87,0.7991666666666667
6,17,4,0.0,0.0,0.7991666666666667
7,17,4,0.0,1.45,0.7799999999999999
8,17,4,0.99,4.63,0.5870833333333334
9,17,4,0.0,0.0,0.6916666666666665
10,17,4,2.51,0.0,0.6916666666666665
11,17,4,0.0,0.0,0.7141666666666667
12,17,4,0.54,1.87,0.7191666666666666
13,17,4,1.99,0.0,0.7279166666666667
14,17,4,0.21,2.17,0.6375
15,17,4,0.0,0.2,0.6587500000000001
16,17,4,0.71,0.7,0.6295833333333333
17,17,4,0.0,0.0,0.6858333333333334
18,17,4,1.35,3.0,0.5608333333333333
19,17,4,0.0,0.0,0.6466666666666666
20,17,4,2.06,0.82,0.8016666666666666
21,17,4,4.54,0.66,0.9120833333333334
22,17,4,3.31,0.32,0.9816666666666666
23,17,4,1.99,1.61,0.9145833333333333
0,18,5,0.0,0.0,0.9591666666666666
1,18,5,1.07,0.32,1.0770833333333334
2,18,5,3.1500000000000004,0.0,1.0770833333333334
3,18,5,0.0,1.43,1.0875000000000001
4,18,5,1.6800000000000002,0.0,1.1670833333333335
5,18,5,1.91,0.0,1.2008333333333334
6,18,5,0.81,0.0,1.3375000000000001
7,18,5,3.28,0.99,1.29625
8,18,5,0.0,0.0,1.4116666666666668
9,18,5,2.77,2.51,1.325
10,18,5,0.43,0.0,1.4037499999999998
11,18,5,1.89,0.54,1.3812499999999999
12,18,5,0.0,1.99,1.3508333333333333
13,18,5,1.26,0.21,1.3420833333333333
14,18,5,0.0,0.0,1.4112500000000001
15,18,5,1.66,0.71,1.4645833333333333
16,18,5,1.99,0.0,1.5350000000000001
17,18,5,1.69,1.35,1.5383333333333333
18,18,5,1.43,0.0,1.5383333333333333
19,18,5,0.0,2.06,1.4754166666666666
20,18,5,0.55,4.54,1.3204166666666668
21,18,5,0.82,3.31,1.1824999999999999
22,18,5,0.0,1.99,1.1366666666666667
23,18,5,0.89,0.0,1.2008333333333334
0,19,6,1.54,1.07,1.2437500000000001
1,19,6,2.1,3.1500000000000004,1.1125
2,19,6,0.0,0.0,1.2570833333333333
3,19,6,3.47,1.6800000000000002,1.2979166666666666
4,19,6,2.66,1.91,1.265
5,19,6,1.12,0.81,1.23125
6,19,6,0.0,3.28,1.1900000000000002
7,19,6,2.29,0.0,1.1900000000000002
8,19,6,0.0,2.77,1.0745833333333332
9,19,6,0.0,0.43,1.0566666666666666
10,19,6,0.0,1.89,1.1858333333333333
11,19,6,4.99,0.0,1.1858333333333333
12,19,6,0.0,1.26,1.3275
13,19,6,4.66,0.0,1.3275
14,19,6,0.0,1.66,1.3266666666666667
15,19,6,1.64,1.99,1.3670833333333334
16,19,6,2.96,1.69,1.5829166666666667
17,19,6,6.87,1.43,1.5516666666666667
18,19,6,0.68,0.0,1.5516666666666667
19,19,6,0.0,0.55,1.5991666666666668
20,19,6,1.69,0.82,1.781666666666667
21,19,6,5.2,0.0,1.8245833333333337
22,19,6,1.03,0.89,1.8145833333333334
23,19,6,0.65,1.54,1.750416666666667
0,20,0,0.0,2.1,1.6875
1,20,0,0.59,0.0,1.8350000000000002
2,20,0,3.54,3.47,1.690416666666667
3,20,0,0.0,2.66,1.5925
4,20,0,0.31,1.12,1.5662500000000001
5,20,0,0.49,0.0,1.6304166666666668
6,20,0,1.54,2.29,1.7220833333333336
7,20,0,4.49,0.0,1.7220833333333336
8,20,0,0.0,0.0,1.7995833333333335
9,20,0,1.86,0.0,1.814166666666667
10,20,0,0.35,4.99,1.6345833333333335
11,20,0,0.68,0.0,1.7916666666666667
12,20,0,3.77,4.66,1.5975
13,20,0,0.0,0.0,1.7729166666666665
14,20,0,4.21,1.64,1.7733333333333332
15,20,0,1.65,2.96,1.7058333333333333
16,20,0,1.34,6.87,1.4195833333333334
17,20,0,0.0,0.68,1.4470833333333335
18,20,0,1.34,0.0,1.5250000000000001
19,20,0,1.87,1.69,1.6004166666666668
20,20,0,3.5,5.2,1.38375
21,20,0,0.0,1.03,1.3958333333333333
22,20,0,1.32,0.65,1.39875
23,20,0,0.72,0.0,1.39875
0,21,1,0.0,0.59,1.4450000000000003
1,21,1,1.7,3.54,1.4583333333333333
2,21,1,3.86,0.0,1.6170833333333334
3,21,1,3.81,0.31,1.6041666666666667
4,21,1,0.0,0.49,1.7295833333333335
5,21,1,3.5,1.54,1.6654166666666665
6,21,1,0.0,4.49,1.54125
7,21,1,1.51,0.0,1.6500000000000001
8,21,1,2.61,1.86,1.6316666666666668
9,21,1,1.42,0.35,1.715
10,21,1,2.35,0.68,1.7179166666666668
11,21,1,0.75,3.77,1.6979166666666667
12,21,1,3.29,0.0,1.6979166666666667
13,21,1,0.0,4.21,1.602083333333333
14,21,1,1.91,1.65,1.6504166666666666
15,21,1,2.81,1.34,1.6741666666666666
16,21,1,1.91,0.0,1.7862500000000001
17,21,1,2.69,1.34,1.7558333333333334
18,21,1,0.61,1.87,1.8187499999999999
19,21,1,3.38,3.5,1.84375
20,21,1,4.1,0.0,1.95125
21,21,1,2.58,1.32,1.9575000000000002
22,21,1,1.4700000000000002,0.72,1.9275000000000002
23,21,1,0.0,0.0,1.9275000000000002
0,22,2,0.0,1.7,1.9133333333333333
1,22,2,1.36,3.86,1.7525000000000002
2,22,2,0.0,3.81,1.59375
3,22,2,0.0,0.0,1.6420833333333331
4,22,2,1.16,3.5,1.4962499999999999
5,22,2,0.0,0.0,1.4962499999999999
6,22,2,0.0,1.51,1.4533333333333334
7,22,2,0.48,2.61,1.4100000000000001
8,22,2,1.57,1.42,1.3508333333333333
9,22,2,0.0,2.35,1.3333333333333333
10,22,2,1.93,0.75,1.3441666666666665
11,22,2,1.01,3.29,1.2070833333333333
12,22,2,0.0,0.0,1.2995833333333333
13,22,2,2.22,1.91,1.2829166666666667
14,22,2,1.51,2.81,1.2241666666666666
15,22,2,1.4,1.91,1.1945833333333333
16,22,2,1.2,2.69,1.1824999999999999
17,22,2,2.4,0.61,1.2170833333333333
18,22,2,1.44,3.38,1.1808333333333334
19,22,2,2.51,4.1,1.0829166666666667
20,22,2,1.75,2.58,1.0658333333333332
21,22,2,2.17,1.4700000000000002,1.0045833333333334
22,22,2,0.0,0.0,1.0045833333333334
23,22,2,0.0,0.0,1.0204166666666667
0,23,3,0.38,1.36,1.0283333333333333
1,23,3,1.55,0.0,1.1379166666666667
2,23,3,2.63,0.0,1.1670833333333333
3,23,3,0.7,1.16,1.1187500000000001
4,23,3,0.0,0.0,1.1633333333333333
5,23,3,1.07,0.0,1.1633333333333333
6,23,3,0.0,0.48,1.22625
7,23,3,1.99,1.57,1.1608333333333334
8,23,3,0.0,0.0,1.2375
9,23,3,1.84,1.93,1.1745833333333333
10,23,3,0.42,1.01,1.22
11,23,3,2.1,0.0,1.2991666666666666
12,23,3,1.9,2.22,1.29375
13,23,3,2.09,1.51,1.2308333333333332
14,23,3,0.0,1.4,1.1725
15,23,3,0.0,1.2,1.1225
16,23,3,0.0,2.4,1.0225
17,23,3,0.0,1.44,0.9625
18,23,3,0.0,2.51,0.8579166666666667
19,23,3,0.0,1.75,0.85875
20,23,3,1.77,2.17,0.7683333333333334
21,23,3,0.0,0.0,0.8879166666666668
22,23,3,2.87,0.0,0.8879166666666668
23,23,3,0.0,0.38,0.8720833333333333
0,24,4,0.0,1.55,0.8933333333333334
1,24,4,2.06,2.63,0.78375
2,24,4,0.0,0.7,0.7545833333333333
3,24,4,0.0,0.0,0.9183333333333333
4,24,4,3.93,1.07,0.9654166666666667
5,24,4,2.2,0.0,0.9745833333333334
6,24,4,0.22,1.99,0.9487500000000001
7,24,4,1.37,0.0,0.9487500000000001
8,24,4,0.0,1.84,0.8720833333333334
9,24,4,0.0,0.42,0.9325
10,24,4,1.87,2.1,0.8450000000000001
11,24,4,0.0,1.9,0.8304166666666667
12,24,4,1.55,2.09,0.7995833333333334
13,24,4,1.35,0.0,0.7995833333333334
14,24,4,0.0,0.0,0.7995833333333334
15,24,4,0.0,0.0,0.85
16,24,4,1.21,0.0,1.0816666666666668
17,24,4,5.5600000000000005,0.0,1.0816666666666668
18,24,4,0.0,0.0,1.2229166666666667
19,24,4,3.39,1.77,1.16625
20,24,4,0.41,0.0,1.16625
21,24,4,0.0,2.87,1.0466666666666666
22,24,4,0.0,0.0,1.0854166666666667
23,24,4,0.93,0.0,1.1591666666666667
0,25,5,1.77,2.06,1.1266666666666667
1,25,5,1.28,0.0,1.1266666666666667
2,25,5,0.0,0.0,1.1266666666666667
3,25,5,0.0,3.93,1.0154166666666666
4,25,5,1.26,2.2,0.9237500000000001
5,25,5,0.0,0.22,0.9695833333333334
6,25,5,1.32,1.37,0.9125
7,25,5,0.0,0.0,0.9125
8,25,5,0.0,0.0,1.0341666666666667
9,25,5,2.92,1.87,1.0104166666666667
10,25,5,1.3,0.0,1.0708333333333335
11,25,5,1.45,1.55,1.00625
12,25,5,0.0,1.35,1.01125
13,25,5,1.47,0.0,1.1483333333333332
14,25,5,3.29,0.0,1.1483333333333332
15,25,5,0.0,1.21,1.1491666666666667
16,25,5,1.23,5.5600000000000005,0.9925
17,25,5,1.8,0.0,1.0250000000000001
18,25,5,0.78,3.39,0.88375
19,25,5,0.0,0.41,0.9308333333333333
20,25,5,1.54,0.0,1.11
21,25,5,4.3,0.0,1.1470833333333332
22,25,5,0.89,0.93,1.1375
23,25,5,0.7,1.77,1.06375
0,26,6,0.0,1.28,1.0104166666666667
1,26,6,0.0,0.0,1.0541666666666665
2,26,6,1.05,0.0,1.0541666666666665
3,26,6,0.0,1.26,1.1225
4,26,6,2.9000000000000004,0.0,1.1225
5,26,6,0.0,1.32,1.1387500000000002
6,26,6,1.71,0.0,1.1387500000000002
7,26,6,0.0,0.0,1.1387500000000002
8,26,6,0.0,2.92,1.0170833333333333
9,26,6,0.0,1.3,0.9629166666666666
10,26,6,0.0,1.45,0.9516666666666667
11,26,6,1.18,0.0,0.9516666666666667
12,26,6,0.0,1.47,0.96875
13,26,6,1.88,3.29,0.8970833333333333
14,26,6,1.5699999999999998,0.0,0.8970833333333333
15,26,6,0.0,1.23,1.0229166666666667
16,26,6,4.25,1.8,1.1541666666666666
17,26,6,4.95,0.78,1.2020833333333332
18,26,6,1.93,0.0,1.2020833333333332
19,26,6,0.0,1.54,1.2258333333333333
20,26,6,2.1100000000000003,4.3,1.1479166666666665
21,26,6,2.43,0.89,1.3204166666666668
22,26,6,5.03,0.7,1.4329166666666666
23,26,6,3.4,0.0,1.5304166666666665
0,27,0,2.34,0.0,1.5491666666666666
1,27,0,0.45,1.05,1.5054166666666668
2,27,0,0.0,0.0,1.5054166666666668
3,27,0,0.0,2.9000000000000004,1.4458333333333335
4,27,0,1.47,0.0,1.4458333333333335
5,27,0,0.0,1.71,1.3745833333333335
6,27,0,0.0,0.0,1.3866666666666667
7,27,0,0.29,0.0,1.4116666666666668
8,27,0,0.6,0.0,1.4116666666666668
9,27,0,0.0,0.0,1.5745833333333332
10,27,0,3.91,1.18,1.5820833333333333
11,27,0,1.36,0.0,1.6579166666666667
12,27,0,1.82,1.88,1.5795833333333331
13,27,0,0.0,1.5699999999999998,1.5454166666666664
14,27,0,0.75,0.0,1.6870833333333335
15,27,0,3.4,4.25,1.51
16,27,0,0.0,4.95,1.3183333333333334
17,27,0,0.35,1.93,1.3008333333333333
18,27,0,1.51,0.0,1.3379166666666666
19,27,0,0.89,2.1100000000000003,1.25
20,27,0,0.0,2.43,1.2970833333333334
21,27,0,3.56,5.03,1.1475
22,27,0,1.44,3.4,1.0158333333333334
23,27,0,0.24,2.34,0.9912500000000001
0,28,1,1.75,0.45,0.9958333333333332
1,28,1,0.56,0.0,0.9958333333333332
2,28,1,0.0,0.0,0.9958333333333332
3,28,1,0.0,1.47,1.085
4,28,1,3.61,0.0,1.19
5,28,1,2.52,0.0,1.2379166666666668
6,28,1,1.15,0.29,1.2591666666666668
7,28,1,0.8,0.6,1.27375
8,28,1,0.95,0.0,1.27375
9,28,1,0.0,3.91,1.1108333333333333
10,28,1,0.0,1.36,1.0541666666666667
11,28,1,0.0,1.82,1.0108333333333333
12,28,1,0.78,0.0,1.1270833333333334
13,28,1,2.79,0.75,1.0958333333333334
14,28,1,0.0,3.4,1.1275000000000002
15,28,1,4.16,0.0,1.1275000000000002
16,28,1,0.0,0.35,1.1129166666666668
17,28,1,0.0,1.51,1.05
18,28,1,0.0,0.89,1.0129166666666667
19,28,1,0.0,0.0,1.2358333333333333
20,28,1,5.35,3.56,1.1416666666666666
21,28,1,1.3,1.44,1.2841666666666667
22,28,1,4.859999999999999,0.24,1.3541666666666667
23,28,1,1.92,1.75,1.3283333333333334
0,1,2,1.13,0.56,1.4033333333333333
1,1,2,2.36,0.0,1.5295833333333333
2,1,2,3.03,0.0,1.5695833333333333
3,1,2,0.96,3.61,1.4191666666666667
4,1,2,0.0,2.52,1.3675
5,1,2,1.28,1.15,1.3279166666666666
6,1,2,0.2,0.8,1.2945833333333332
7,1,2,0.0,0.95,1.3304166666666666
8,1,2,1.81,0.0,1.4012499999999999
9,1,2,1.7,0.0,1.47375
10,1,2,1.74,0.0,1.6458333333333333
11,1,2,4.13,0.78,1.74875
12,1,2,3.25,2.79,1.6325
13,1,2,0.0,0.0,1.6325
14,1,2,0.0,4.16,1.5395833333333335
15,1,2,1.93,0.0,1.62125
16,1,2,1.96,0.0,1.6854166666666668
17,1,2,1.54,0.0,1.76875
18,1,2,2.0,0.0,1.8420833333333333
19,1,2,1.76,5.35,1.6191666666666666
20,1,2,0.0,1.3,1.6799999999999997
21,1,2,2.76,4.859999999999999,1.5108333333333333
22,1,2,0.8,1.92,1.4308333333333334
23,1,2,0.0,1.13,1.4937500000000001
0,2,3,2.64,2.36,1.3954166666666667
1,2,3,0.0,3.03,1.2691666666666666
2,2,3,0.0,0.96,1.2291666666666667
3,2,3,0.0,0.0,1.2291666666666667
4,2,3,0.0,1.28,1.1758333333333333
5,2,3,0.0,0.2,1.2425
6,2,3,1.8,0.0,1.4024999999999999
7,2,3,3.84,1.81,1.3270833333333332
8,2,3,0.0,1.7,1.2562499999999999
9,2,3,0.0,1.74,1.26
10,2,3,1.83,4.13,1.0879166666666666
11,2,3,0.0,3.25,1.0204166666666665
12,2,3,1.63,0.0,1.0754166666666667
13,2,3,1.32,0.0,1.0754166666666667
14,2,3,0.0,1.93,1.0570833333333332
15,2,3,1.49,1.96,0.9754166666666667
16,2,3,0.0,1.54,1.0266666666666666
17,2,3,2.77,2.0,0.9433333333333332
18,2,3,0.0,1.76,0.9283333333333333
19,2,3,1.4,0.0,0.9916666666666667
20,2,3,1.52,2.76,0.9845833333333333
21,2,3,2.59,0.8,1.0266666666666666
22,2,3,1.81,0.0,1.0583333333333333
23,2,3,0.76,2.64,0.9483333333333334
0,3,4,0.0,0.0,0.9483333333333334
1,3,4,0.0,0.0,1.03125
2,3,4,1.99,0.0,1.03125
3,3,4,0.0,0.0,1.03125
4,3,4,0.0,0.0,1.05125
5,3,4,0.48,1.8,1.0316666666666665
6,3,4,1.33,3.84,0.9483333333333334
7,3,4,1.84,0.0,0.9483333333333334
8,3,4,0.0,0.0,0.9570833333333333
9,3,4,0.21,1.83,0.9400000000000001
10,3,4,1.42,0.0,1.0354166666666667
11,3,4,2.29,1.63,0.9879166666666666
12,3,4,0.49,1.32,1.0058333333333331
13,3,4,1.75,0.0,1.0058333333333331
14,3,4,0.0,1.49,1.0429166666666667
15,3,4,2.38,0.0,1.0429166666666667
16,3,4,0.0,2.77,1.0029166666666667
17,3,4,1.81,0.0,1.0620833333333335
18,3,4,1.42,1.4,1.00375
19,3,4,0.0,1.52,1.1512499999999999
20,3,4,5.0600000000000005,2.59,1.0570833333333332
21,3,4,0.33,1.81,0.9816666666666666
22,3,4,0.0,0.76,1.0508333333333333
23,3,4,2.42,0.0,1.0508333333333333
0,4,5,0.0,0.0,1.1054166666666665
1,4,5,1.31,1.99,1.1416666666666666
2,4,5,2.86,0.0,1.1416666666666666
3,4,5,0.0,0.0,1.1500000000000001
4,4,5,0.2,0.48,1.1300000000000001
5,4,5,0.0,1.33,1.0745833333333332
6,4,5,0.0,1.84,1.1470833333333332
7,4,5,3.58,0.0,1.37625
8,4,5,5.5,0.21,1.4395833333333332
9,4,5,1.73,1.42,1.3804166666666668
10,4,5,0.0,2.29,1.285
11,4,5,0.0,0.49,1.2645833333333334
12,4,5,0.0,1.75,1.2620833333333334
13,4,5,1.69,0.0,1.2620833333333334
14,4,5,0.0,2.38,1.1995833333333332
15,4,5,0.88,0.0,1.21125
16,4,5,0.28,1.81,1.2754166666666666
17,4,5,3.35,1.42,1.2529166666666667
18,4,5,0.88,0.0,1.2529166666666667
19,4,5,0.0,5.0600000000000005,1.15875
20,4,5,2.8,0.33,1.1958333333333335
21,4,5,1.22,0.0,1.3162500000000001
22,4,5,2.89,2.42,1.3275
23,4,5,2.69,0.0,1.36125
0,5,6,0.81,1.31,1.3258333333333334
1,5,6,0.46,2.86,1.2066666666666668
2,5,6,0.0,0.0,1.2066666666666668
3,5,6,0.0,0.2,1.2445833333333332
4,5,6,1.11,0.0,1.2820833333333332
5,5,6,0.9,0.0,1.3458333333333332
6,5,6,1.53,3.58,1.33125
7,5,6,3.23,5.5,1.1470833333333335
8,5,6,1.08,1.73,1.0995833333333334
9,5,6,0.59,0.0,1.1170833333333332
10,5,6,0.42,0.0,1.2604166666666667
11,5,6,3.44,0.0,1.2604166666666667
12,5,6,0.0,1.69,1.19
13,5,6,0.0,0.0,1.3483333333333334
14,5,6,3.8,0.88,1.3383333333333332
15,5,6,0.64,0.28,1.4991666666666665
16,5,6,4.140000000000001,3.35,1.4087499999999997
17,5,6,1.1800000000000002,0.88,1.3995833333333334
18,5,6,0.66,0.0,1.3995833333333334
19,5,6,0.0,2.8,1.3041666666666667
20,5,6,0.51,1.22,1.2533333333333332
21,5,6,0.0,2.89,1.1970833333333333
22,5,6,1.54,2.69,1.2520833333333334
23,5,6,4.01,0.81,1.2475
0,6,0,0.7,0.46,1.2283333333333333
1,6,0,0.0,0.0,1.2558333333333334
2,6,0,0.66,0.0,1.2558333333333334
3,6,0,0.0,1.11,1.2491666666666668
4,6,0,0.95,0.9,1.2116666666666667
5,6,0,0.0,1.53,1.1908333333333332
6,6,0,1.03,3.23,1.0562500000000001
7,6,0,0.0,1.08,1.1491666666666667
8,6,0,3.31,0.59,1.2333333333333334
9,6,0,2.6100000000000003,0.42,1.2158333333333335
10,6,0,0.0,3.44,1.0725
11,6,0,0.0,0.0,1.2529166666666667
12,6,0,4.33,0.0,1.4708333333333332
13,6,0,5.23,3.8,1.3125
14,6,0,0.0,0.64,1.4816666666666667
15,6,0,4.7,4.140000000000001,1.5629166666666665
16,6,0,6.09,1.1800000000000002,1.59875
17,6,0,2.04,0.66,1.6004166666666668
18,6,0,0.7,0.0,1.6004166666666668
19,6,0,0.0,0.51,1.6483333333333332
20,6,0,1.66,0.0,1.6483333333333332
21,6,0,0.0,1.54,1.6070833333333334
22,6,0,0.55,4.01,1.5916666666666668
23,6,0,3.64,0.7,1.6049999999999998
0,7,1,1.02,0.0,1.6049999999999998
1,7,1,0.0,0.66,1.6870833333333335
2,7,1,2.63,0.0,1.6870833333333335
3,7,1,0.0,0.95,1.6475
4,7,1,0.0,0.0,1.6475
5,7,1,0.0,1.03,1.7095833333333335
6,7,1,2.52,0.0,1.7095833333333335
7,7,1,0.0,3.31,1.5929166666666668
8,7,1,0.51,2.6100000000000003,1.56375
9,7,1,1.91,0.0,1.56375
10,7,1,0.0,0.0,1.6054166666666667
11,7,1,1.0,4.33,1.4520833333333334
12,7,1,0.65,5.23,1.2966666666666666
13,7,1,1.5,0.0,1.2966666666666666
14,7,1,0.0,4.7,1.1108333333333333
15,7,1,0.24,6.09,1.0016666666666667
16,7,1,3.47,2.04,0.9166666666666666
17,7,1,0.0,0.7,0.8999999999999999
18,7,1,0.3,0.0,0.9654166666666666
19,7,1,1.57,1.66,0.8962499999999999
20,7,1,0.0,0.0,0.9520833333333333
21,7,1,1.34,0.55,1.0075
22,7,1,1.88,3.64,0.8991666666666668
23,7,1,1.04,1.02,0.9804166666666667
0,8,2,2.97,0.0,1.0633333333333335
1,8,2,1.99,2.63,0.9775
2,8,2,0.57,0.0,1.1166666666666667
3,8,2,3.34,0.0,1.1166666666666667
4,8,2,0.0,0.0,1.1795833333333332
5,8,2,1.51,2.52,1.1008333333333333
6,8,2,0.63,0.0,1.2825
7,8,2,4.359999999999999,0.51,1.3958333333333333
8,8,2,3.2299999999999995,1.91,1.3383333333333332
9,8,2,0.53,0.0,1.3554166666666667
10,8,2,0.41,1.0,1.4262500000000002
11,8,2,2.7,0.65,1.5083333333333335
12,8,2,2.62,1.5,1.5137500000000002
13,8,2,1.63,0.0,1.6070833333333334
14,8,2,2.24,0.24,1.66875
15,8,2,1.72,3.47,1.6783333333333335
16,8,2,3.7,0.0,1.74625
17,8,2,1.63,0.3,1.8025
18,8,2,1.65,1.57,1.8741666666666665
19,8,2,3.29,0.0,1.9883333333333333
20,8,2,2.74,1.34,2.1041666666666665
21,8,2,4.12,1.88,2.089583333333333
22,8,2,1.53,1.04,2.15625
23,8,2,2.64,2.97,2.0829166666666667
0,9,3,1.21,1.99,2.064583333333333
1,9,3,1.55,0.57,2.0929166666666665
2,9,3,1.25,3.34,2.0145833333333334
3,9,3,1.46,0.0,2.037916666666667
4,9,3,0.56,1.51,1.9749999999999999
5,9,3,0.0,0.63,2.029166666666667
6,9,3,1.93,4.359999999999999,1.9020833333333336
7,9,3,1.31,3.2299999999999995,1.7675
8,9,3,0.0,0.53,1.7995833333333335
9,9,3,1.3,0.41,1.8291666666666666
10,9,3,1.12,2.7,1.75375
11,9,3,0.89,2.62,1.6658333333333335
12,9,3,0.51,1.63,1.6420833333333331
13,9,3,1.06,2.24,1.54875
14,9,3,0.0,1.72,1.4770833333333335
15,9,3,0.0,3.7,1.3229166666666667
16,9,3,0.0,1.63,1.2995833333333333
17,9,3,1.0699999999999998,1.65,1.2308333333333332
18,9,3,0.0,3.29,1.41625
19,9,3,7.74,2.74,1.3166666666666667
20,9,3,0.35,4.12,1.2375
21,9,3,2.22,1.53,1.17375
22,9,3,0.0,2.64,1.1095833333333334
23,9,3,1.1,1.21,1.0866666666666667
0,10,4,0.66,1.55,1.0779166666666666
1,10,4,1.34,1.25,1.0258333333333334
2,10,4,0.0,1.46,1.0166666666666668
3,10,4,1.24,0.56,1.0625
4,10,4,1.66,0.0,1.1729166666666666
5,10,4,2.6500000000000004,1.93,1.1129166666666668
6,10,4,0.49,1.31,1.0708333333333335
7,10,4,0.3,0.0,1.1116666666666668
8,10,4,0.98,1.3,1.0991666666666668
9,10,4,1.0,1.12,1.1070833333333334
10,10,4,1.31,0.89,1.0941666666666665
11,10,4,0.58,0.51,1.1295833333333334
12,10,4,1.36,1.06,1.135
13,10,4,1.19,0.0,1.1725
14,10,4,0.9,0.0,1.1725
15,10,4,0.0,0.0,1.31125
16,10,4,3.33,1.0699999999999998,1.3233333333333335
17,10,4,1.36,0.0,1.3683333333333334
18,10,4,1.08,7.74,1.0616666666666668
19,10,4,0.38,0.35,1.1670833333333333
20,10,4,2.88,2.22,1.0745833333333332
21,10,4,0.0,0.0,1.0745833333333332
22,10,4,0.0,1.1,1.0287499999999998
23,10,4,0.0,0.66,1.0495833333333333
0,11,5,1.16,1.34,1.0779166666666666
1,11,5,2.02,0.0,1.1112499999999998
2,11,5,0.8,1.24,1.10625
3,11,5,1.12,1.66,1.0825
4,11,5,1.09,2.6500000000000004,1.035
5,11,5,1.51,0.49,1.0354166666666667
6,11,5,0.5,0.3,1.1020833333333333
7,11,5,1.9,0.98,1.07375
8,11,5,0.3,1.0,1.0670833333333334
9,11,5,0.84,1.31,1.1220833333333333
10,11,5,2.63,0.58,1.0979166666666667
11,11,5,0.0,1.36,1.04125
12,11,5,0.0,1.19,1.0204166666666667
13,11,5,0.69,0.9,1.0245833333333334
14,11,5,1.0,0.0,1.0245833333333334
15,11,5,0.0,3.33,1.0054166666666668
16,11,5,2.87,1.36,1.1691666666666667
17,11,5,5.29,1.08,1.16625
18,11,5,1.01,0.38,1.3183333333333334
19,11,5,4.03,2.88,1.2337500000000001
20,11,5,0.85,0.0,1.2337500000000001
21,11,5,0.0,0.0,1.2337500000000001
22,11,5,0.0,0.0,1.3379166666666666
23,11,5,2.5,1.16,1.2895833333333335
0,12,6,0.0,2.02,1.2054166666666666
1,12,6,0.0,0.8,1.3141666666666667
2,12,6,3.41,1.12,1.2675
3,12,6,0.0,1.09,1.2220833333333334
4,12,6,0.0,1.51,1.21125
5,12,6,1.25,0.5,1.28125
6,12,6,2.18,1.9,1.3379166666666666
7,12,6,3.26,0.3,1.4858333333333331
8,12,6,3.85,0.84,1.5758333333333334
9,12,6,3.0,2.63,1.4662499999999998
10,12,6,0.0,0.0,1.6229166666666668
11,12,6,3.76,0.0,1.6229166666666668
12,12,6,0.0,0.69,1.741666666666667
13,12,6,3.54,1.0,1.7000000000000002
14,12,6,0.0,0.0,1.7641666666666669
15,12,6,1.54,2.87,1.7941666666666665
16,12,6,3.59,5.29,1.6504166666666666
17,12,6,1.84,1.01,1.7320833333333334
18,12,6,2.97,4.03,1.5641666666666667
19,12,6,0.0,0.85,1.62875
20,12,6,2.4,0.0,1.6766666666666665
21,12,6,1.15,0.0,1.68875
22,12,6,0.29,2.5,1.5845833333333335
23,12,6,0.0,0.0,1.7016666666666664
0,13,0,2.81,0.0,1.8812499999999999
1,13,0,4.3100000000000005,3.41,1.7391666666666667
2,13,0,0.0,0.0,1.9033333333333333
3,13,0,3.94,0.0,2.004583333333333
4,13,0,2.43,1.25,1.9745833333333334
5,13,0,0.53,2.18,2.0008333333333335
6,13,0,2.81,3.26,1.9399999999999997
7,13,0,1.8,3.85,1.852916666666667
8,13,0,1.76,3.0,1.727916666666667
9,13,0,0.0,0.0,1.9350000000000003
10,13,0,4.97,3.76,1.865
11,13,0,2.08,0.0,1.865
12,13,0,0.0,3.54,1.7175
13,13,0,0.0,0.0,1.7333333333333334
14,13,0,0.38,1.54,1.6691666666666667
15,13,0,0.0,3.59,1.5195833333333335
16,13,0,0.0,1.84,1.45375
17,13,0,0.26,2.97,1.33
18,13,0,0.0,0.0,1.4087500000000002
19,13,0,1.89,2.4,1.30875
20,13,0,0.0,1.15,1.2608333333333335
21,13,0,0.0,0.29,1.4900000000000002
22,13,0,5.79,0.0,1.5741666666666667
23,13,0,2.02,2.81,1.5112499999999998
0,14,1,1.3,4.3100000000000005,1.3983333333333334
1,14,1,1.6,0.0,1.4945833333333336
2,14,1,2.31,3.94,1.3304166666666666
3,14,1,0.0,2.43,1.2291666666666667
4,14,1,0.0,0.53,1.2070833333333335
5,14,1,0.0,2.81,1.155
6,14,1,1.56,1.8,1.3133333333333332
7,14,1,5.6,1.76,1.24
8,14,1,0.0,0.0,1.36625
9,14,1,3.03,4.97,1.159166666666667
10,14,1,0.0,2.08,1.085
11,14,1,0.3,0.0,1.1754166666666668
12,14,1,2.17,0.0,1.24
13,14,1,1.55,0.38,1.2241666666666668
14,14,1,0.0,0.0,1.2241666666666668
15,14,1,0.0,0.0,1.2691666666666668
16,14,1,1.08,0.26,1.2583333333333333
17,14,1,0.0,0.0,1.2583333333333333
18,14,1,0.0,1.89,1.20125
19,14,1,0.52,0.0,1.2316666666666667
20,14,1,0.73,0.0,1.2316666666666667
21,14,1,0.0,5.79,1.0416666666666667
22,14,1,1.23,2.02,1.0808333333333333
23,14,1,2.96,1.3,1.1533333333333333
0,15,2,3.04,1.6,1.0866666666666667
1,15,2,0.0,2.31,0.9904166666666666
2,15,2,0.0,0.0,1.0841666666666667
3,15,2,2.25,0.0,1.1495833333333334
4,15,2,1.5699999999999998,0.0,1.1683333333333332
5,15,2,0.45,1.56,1.1033333333333333
6,15,2,0.0,5.6,0.9591666666666666
7,15,2,2.14,0.0,1.0204166666666665
8,15,2,1.47,3.03,0.9474999999999999
9,15,2,1.28,0.0,1.1537499999999998
10,15,2,4.95,0.3,1.2133333333333334
11,15,2,1.73,2.17,1.29
12,15,2,4.01,1.55,1.352083333333333
13,15,2,3.04,0.0,1.5408333333333333
14,15,2,4.53,0.0,1.70875
15,15,2,4.03,1.08,1.7675
16,15,2,2.49,0.0,1.7675
17,15,2,0.0,0.0,1.7675
18,15,2,0.0,0.52,1.8025
19,15,2,1.36,0.73,1.7720833333333335
20,15,2,0.0,0.0,1.82625
21,15,2,1.3,1.23,1.7749999999999997
22,15,2,0.0,2.96,1.6516666666666666
23,15,2,0.0,3.04,1.6079166666666664
0,16,3,1.99,0.0,1.6545833333333333
1,16,3,1.12,0.0,1.8154166666666665
2,16,3,3.86,2.25,1.732083333333333
3,16,3,0.25,1.5699999999999998,1.6666666666666667
4,16,3,0.0,0.45,1.7275
5,16,3,1.91,0.0,1.7275
6,16,3,0.0,2.14,1.6383333333333334
7,16,3,0.0,1.47,1.7212500000000002
8,16,3,3.46,1.28,1.7729166666666665
9,16,3,2.52,4.95,1.6416666666666666
10,16,3,1.8,1.73,1.5695833333333333
11,16,3,0.0,4.01,1.5420833333333335
12,16,3,3.3500000000000005,3.04,1.4733333333333336
13,16,3,1.39,4.53,1.315416666666667
14,16,3,0.74,4.03,1.1770833333333333
15,16,3,0.71,2.49,1.1420833333333333
16,16,3,1.65,0.0,1.1420833333333333
17,16,3,0.0,0.0,1.1420833333333333
18,16,3,0.0,1.36,1.0854166666666667
19,16,3,0.0,0.0,1.1108333333333333
20,16,3,0.61,1.3,1.0566666666666666
21,16,3,0.0,0.0,1.11625
22,16,3,1.43,0.0,1.1704166666666667
23,16,3,1.3,1.99,1.0875000000000001
0,17,4,0.0,1.12,1.1120833333333333
1,17,4,1.71,3.86,1.0908333333333333
2,17,4,3.35,0.25,1.1166666666666667
3,17,4,0.87,0.0,1.1666666666666667
4,17,4,1.2,1.91,1.11625
5,17,4,0.7,0.0,1.1991666666666667
6,17,4,1.99,0.0,1.375
7,17,4,4.22,3.46,1.2429166666666667
8,17,4,0.29,2.52,1.1958333333333333
9,17,4,1.39,1.8,1.1541666666666666
10,17,4,0.8,0.0,1.1541666666666666
11,17,4,0.0,3.3500000000000005,1.0866666666666667
12,17,4,1.73,1.39,1.02875
13,17,4,0.0,0.74,0.9979166666666667
14,17,4,0.0,0.71,1.1454166666666667
15,17,4,4.25,1.65,1.0766666666666667
16,17,4,0.0,0.0,1.14375
17,17,4,1.61,0.0,1.1791666666666667
18,17,4,0.85,0.0,1.3041666666666665
19,17,4,3.0,0.61,1.3404166666666668
20,17,4,1.48,0.0,1.3891666666666664
21,17,4,1.17,1.43,1.4516666666666669
22,17,4,2.93,1.3,1.46875
23,17,4,1.71,0.0,1.46875
0,18,5,0.0,1.71,1.4124999999999999
1,18,5,0.36,3.35,1.3575
2,18,5,2.03,0.87,1.32125
3,18,5,0.0,1.2,1.3216666666666665
4,18,5,1.21,0.7,1.4366666666666668
5,18,5,3.46,1.99,1.3537499999999998
6,18,5,0.0,4.22,1.2666666666666666
7,18,5,2.13,0.29,1.2545833333333334
8,18,5,0.0,1.39,1.1966666666666665
9,18,5,0.0,0.8,1.1633333333333333
10,18,5,0.0,0.0,1.2325
11,18,5,1.66,1.73,1.2191666666666665
12,18,5,1.41,0.0,1.2191666666666665
13,18,5,0.0,0.0,1.2420833333333332
14,18,5,0.55,4.25,1.065
15,18,5,0.0,0.0,1.1279166666666667
16,18,5,1.51,1.61,1.115
17,18,5,1.3,0.85,1.1845833333333333
18,18,5,2.52,3.0,1.1329166666666666
19,18,5,1.76,1.48,1.1433333333333333
20,18,5,1.73,1.17,1.16625
21,18,5,1.72,2.93,1.0441666666666667
22,18,5,0.0,1.71,0.9729166666666665
23,18,5,0.0,0.0,1.0483333333333333
0,19,6,1.81,0.36,1.0333333333333334
1,19,6,0.0,2.03,0.9758333333333334
2,19,6,0.65,0.0,1.0241666666666667
3,19,6,1.16,1.21,1.0154166666666666
4,19,6,1.0,3.46,0.9333333333333332
5,19,6,1.49,0.0,1.0229166666666667
6,19,6,2.15,2.13,0.9341666666666667
7,19,6,0.0,0.0,0.98
8,19,6,1.1,0.0,1.0591666666666668
9,19,6,1.9,0.0,1.0591666666666668
10,19,6,0.0,1.66,1.0329166666666667
11,19,6,1.03,1.41,0.9741666666666666
12,19,6,0.0,0.0,1.09375
13,19,6,2.87,0.55,1.13875
14,19,6,1.63,0.0,1.2345833333333334
15,19,6,2.3,1.51,1.3266666666666667
16,19,6,3.72,1.3,1.2958333333333334
17,19,6,0.56,2.52,1.2583333333333333
18,19,6,1.62,1.76,1.2620833333333332
19,19,6,1.85,1.73,1.2029166666666666
20,19,6,0.31,1.72,1.1979166666666667
21,19,6,1.6,0.0,1.3154166666666667
22,19,6,2.8200000000000003,0.0,1.3962500000000002
23,19,6,1.94,1.81,1.3654166666666665
0,20,0,1.07,0.0,1.3654166666666665
1,20,0,0.0,0.65,1.3383333333333332
2,20,0,0.0,1.16,1.29
3,20,0,0.0,1.0,1.2483333333333333
4,20,0,0.0,1.49,1.2541666666666667
5,20,0,1.63,2.15,1.1645833333333333
6,20,0,0.0,0.0,1.36125
7,20,0,4.72,1.1,1.39375
8,20,0,1.88,1.9,1.4491666666666667
9,20,0,3.23,0.0,1.47625
10,20,0,0.65,1.03,1.4704166666666667
11,20,0,0.89,0.0,1.5783333333333331
12,20,0,2.59,2.87,1.5066666666666668
13,20,0,1.15,1.63,1.43875
14,20,0,0.0,2.3,1.3683333333333334
15,20,0,0.61,3.72,1.2133333333333332
16,20,0,0.0,0.56,1.2175
17,20,0,0.66,1.62,1.2883333333333333
18,20,0,3.3200000000000003,1.85,1.2395833333333333
19,20,0,0.68,0.31,1.3637499999999998
20,20,0,3.29,1.6,1.3791666666666667
21,20,0,1.97,2.8200000000000003,1.2616666666666667
22,20,0,0.0,1.94,1.2095833333333335
23,20,0,0.69,1.07,1.165
0,21,1,0.0,0.0,1.25375
1,21,1,2.13,0.0,1.25375
2,21,1,0.0,0.0,1.36625
3,21,1,2.7,0.0,1.4679166666666665
4,21,1,2.44,1.63,1.3999999999999997
5,21,1,0.0,0.0,1.4991666666666665
6,21,1,2.38,4.72,1.35625
7,21,1,1.29,1.88,1.2779166666666666
8,21,1,0.0,3.23,1.1433333333333333
9,21,1,0.0,0.65,1.1341666666666665
10,21,1,0.43,0.89,1.1075
11,21,1,0.25,2.59,1.0170833333333333
12,21,1,0.42,1.15,0.9691666666666667
13,21,1,0.0,0.0,1.01625
14,21,1,1.13,0.61,1.11125
15,21,1,2.89,0.0,1.1916666666666667
16,21,1,1.93,0.66,1.1641666666666668
17,21,1,0.0,3.3200000000000003,1.2579166666666668
18,21,1,5.57,0.68,1.2975
19,21,1,1.63,3.29,1.1604166666666667
20,21,1,0.0,1.97,1.0783333333333334
21,21,1,0.0,0.0,1.1341666666666668
22,21,1,1.34,0.69,1.1420833333333333
23,21,1,0.88,0.0,1.2008333333333334
0,22,2,1.41,2.13,1.2545833333333334
1,22,2,3.42,0.0,1.3229166666666667
2,22,2,1.64,2.7,1.3616666666666666
3,22,2,3.63,2.44,1.2920833333333333
4,22,2,0.77,0.0,1.2920833333333333
5,22,2,0.0,2.38,1.1929166666666666
6,22,2,0.0,1.29,1.2175
7,22,2,1.88,0.0,1.2545833333333334
8,22,2,0.89,0.0,1.2545833333333334
9,22,2,0.0,0.43,1.3541666666666667
10,22,2,2.82,0.25,1.36625
11,22,2,0.54,0.42,1.4054166666666665
12,22,2,1.36,0.0,1.4054166666666665
13,22,2,0.0,1.13,1.3583333333333332
14,22,2,0.0,2.89,1.2704166666666667
15,22,2,0.78,1.93,1.2833333333333334
16,22,2,2.24,0.0,1.3262500000000002
17,22,2,1.03,5.57,1.0941666666666667
18,22,2,0.0,1.63,1.02625
19,22,2,0.0,0.0,1.0433333333333334
20,22,2,0.41,0.0,1.0433333333333332
21,22,2,0.0,1.34,0.9874999999999999
22,22,2,0.0,0.88,0.9883333333333333
23,22,2,0.9,1.41,0.9808333333333333
0,23,3,1.23,3.42,0.8383333333333334
1,23,3,0.0,1.64,0.9954166666666667
2,23,3,5.41,3.63,0.8441666666666667
3,23,3,0.0,0.77,0.8120833333333334
4,23,3,0.0,0.0,0.8762500000000001
5,23,3,1.54,0.0,0.9904166666666668
6,23,3,2.74,1.88,1.0145833333333334
7,23,3,2.46,0.89,1.00875
8,23,3,0.75,0.0,1.07125
9,23,3,1.5,2.82,1.0233333333333334
10,23,3,1.67,0.54,1.1295833333333334
11,23,3,3.09,1.36,1.1133333333333333
12,23,3,0.97,0.0,1.1820833333333334
13,23,3,1.65,0.0,1.2604166666666667
14,23,3,1.88,0.78,1.2279166666666665
15,23,3,0.0,2.24,1.2116666666666667
16,23,3,1.85,1.03,1.3416666666666668
17,23,3,4.15,0.0,1.3416666666666668
18,23,3,0.0,0.0,1.3416666666666668
19,23,3,0.0,0.41,1.39875
20,23,3,1.78,0.0,1.5079166666666666
21,23,3,2.62,0.0,1.57125
22,23,3,1.52,0.9,1.5337500000000002
23,23,3,0.0,1.23,1.4954166666666666
0,24,4,0.31,0.0,1.4954166666666666
1,24,4,0.0,5.41,1.385
2,24,4,2.76,0.0,1.4804166666666667
3,24,4,2.29,0.0,1.4804166666666667
4,24,4,0.0,1.54,1.47625
5,24,4,1.44,2.74,1.4066666666666665
6,24,4,1.07,2.46,1.4216666666666666
7,24,4,2.82,0.75,1.5370833333333334
8,24,4,3.52,1.5,1.4745833333333334
9,24,4,0.0,1.67,1.4208333333333332
10,24,4,0.38,3.09,1.3145833333333334
11,24,4,0.54,0.97,1.3275000000000001
12,24,4,1.28,1.65,1.25875
13,24,4,0.0,1.88,1.2566666666666666
14,24,4,1.83,0.0,1.2566666666666666
15,24,4,0.0,1.85,1.1795833333333332
16,24,4,0.0,4.15,1.0591666666666668
17,24,4,1.26,0.0,1.0695833333333333
18,24,4,0.25,0.0,1.1416666666666668
19,24,4,1.73,1.78,1.19875
20,24,4,3.1500000000000004,2.62,1.3470833333333332
21,24,4,6.18,1.52,1.4108333333333334
22,24,4,3.05,0.0,1.52125
23,24,4,2.65,0.31,1.5850000000000002
0,25,5,1.84,0.0,1.6641666666666668
1,25,5,1.9,2.76,1.5491666666666666
2,25,5,0.0,2.29,1.4645833333333333
3,25,5,0.26,0.0,1.4645833333333333
4,25,5,0.0,1.44,1.4508333333333334
5,25,5,1.11,1.07,1.40625
6,25,5,0.0,2.82,1.28875
7,25,5,0.0,3.52,1.2175
8,25,5,1.81,0.0,1.28125
9,25,5,1.53,0.38,1.3004166666666666
10,25,5,0.84,0.54,1.3554166666666667
11,25,5,1.86,1.28,1.3020833333333333
12,25,5,0.0,0.0,1.3020833333333333
13,25,5,0.0,1.83,1.2258333333333333
14,25,5,0.0,0.0,1.2258333333333333
15,25,5,0.0,0.0,1.2258333333333333
16,25,5,0.0,1.26,1.23875
17,25,5,1.57,0.25,1.2283333333333333
18,25,5,0.0,1.73,1.1824999999999999
19,25,5,0.63,3.1500000000000004,1.05125
20,25,5,0.0,6.18,0.8316666666666667
21,25,5,0.91,3.05,0.7045833333333333
22,25,5,0.0,2.65,0.6395833333333334
23,25,5,1.09,1.84,0.5737500000000001
0,26,6,0.26,1.9,0.5266666666666667
1,26,6,0.77,0.0,0.5266666666666667
2,26,6,0.0,0.26,0.5158333333333334
3,26,6,0.0,0.0,0.5245833333333334
4,26,6,0.21,1.11,0.5883333333333334
5,26,6,2.64,0.0,0.6283333333333333
6,26,6,0.96,0.0,0.6570833333333334
7,26,6,0.69,1.81,0.6291666666666668
8,26,6,1.14,1.53,0.5654166666666667
9,26,6,0.0,0.84,0.6429166666666667
10,26,6,2.7,1.86,0.5654166666666667
11,26,6,0.0,0.0,0.6195833333333334
12,26,6,1.3,0.0,0.6441666666666667
13,26,6,0.59,0.0,0.6441666666666667
14,26,6,0.0,0.0,0.6441666666666667
15,26,6,0.0,0.0,0.7779166666666667
16,26,6,3.21,1.57,0.8558333333333333
17,26,6,3.44,0.0,0.9220833333333335
18,26,6,1.59,0.63,1.0783333333333334
19,26,6,4.38,0.0,1.0783333333333334
20,26,6,0.0,0.91,1.1791666666666667
21,26,6,3.33,0.0,1.1791666666666667
22,26,6,0.0,1.09,1.2679166666666668
23,26,6,3.22,0.26,1.3325
0,27,0,1.81,0.77,1.3004166666666668
1,27,0,0.0,0.0,1.4491666666666667
2,27,0,3.5700000000000003,0.0,1.4491666666666667
3,27,0,0.0,0.21,1.5075
4,27,0,1.61,2.64,1.3975
5,27,0,0.0,0.96,1.3575
6,27,0,0.0,0.69,1.3820833333333333
7,27,0,1.28,1.14,1.4070833333333335
8,27,0,1.74,0.0,1.4070833333333335
9,27,0,0.0,2.7,1.2945833333333334
10,27,0,0.0,0.0,1.4516666666666669
11,27,0,3.77,1.3,1.4608333333333332
12,27,0,1.52,0.59,1.43625
13,27,0,0.0,0.0,1.5116666666666667
14,27,0,1.81,0.0,1.5808333333333333
15,27,0,1.66,3.21,1.4470833333333333
16,27,0,0.0,3.44,1.3858333333333335
17,27,0,1.97,1.59,1.4220833333333331
18,27,0,2.46,4.38,1.2395833333333333
19,27,0,0.0,0.0,1.2970833333333334
20,27,0,1.38,3.33,1.2279166666666668
21,27,0,1.67,0.0,1.3775000000000002
22,27,0,3.59,3.22,1.2433333333333334
23,27,0,0.0,1.81,1.2170833333333333
0,28,1,1.18,0.0,1.2170833333333333
1,28,1,0.0,3.5700000000000003,1.11
2,28,1,1.0,0.0,1.11
3,28,1,0.0,1.61,1.1016666666666668
4,28,1,1.41,0.0,1.1016666666666668
5,28,1,0.0,0.0,1.2179166666666668
6,28,1,2.79,1.28,1.2154166666666666
7,28,1,1.22,1.74,1.2125000000000001
8,28,1,1.67,0.0,1.2308333333333332
9,28,1,0.44,0.0,1.33625
10,28,1,2.53,3.77,1.1925
11,28,1,0.32,1.52,1.1291666666666667
12,28,1,0.0,0.0,1.1291666666666667
13,28,1,0.0,1.81,1.05375
14,28,1,0.0,1.66,0.9845833333333333
15,28,1,0.0,0.0,0.9845833333333333
16,28,1,0.0,1.97,0.9025
17,28,1,0.0,2.46,0.8108333333333334
18,28,1,0.26,0.0,0.8108333333333334
19,28,1,0.0,1.38,0.8841666666666667
20,28,1,3.14,1.67,0.8337499999999999
21,28,1,0.46,3.59,0.6841666666666666
22,28,1,0.0,0.0,0.8075
23,28,1,2.96,1.18,0.9541666666666666
0,29,2,4.7,0.0,0.9541666666666666
1,29,2,0.0,1.0,0.9266666666666666
2,29,2,0.34,0.0,0.9266666666666666
3,29,2,0.0,1.41,0.88125
4,29,2,0.32,0.0,0.9633333333333333
5,29,2,1.97,2.79,0.8979166666666667
6,29,2,1.22,1.22,0.9045833333333334
7,29,2,1.38,1.67,0.87125
8,29,2,0.87,0.44,0.8529166666666668
9,29,2,0.0,2.53,0.7958333333333334
10,29,2,1.16,0.32,0.7825000000000001
11,29,2,0.0,0.0,0.8566666666666666
12,29,2,1.78,0.0,0.8925000000000001
13,29,2,0.86,0.0,1.0175
14,29,2,3.0,0.0,1.1133333333333333
15,29,2,2.3000000000000003,0.0,1.1133333333333333
16,29,2,0.0,0.0,1.18625
17,29,2,1.75,0.26,1.325
18,29,2,3.59,0.0,1.325
19,29,2,0.0,3.14,1.1941666666666666
20,29,2,0.0,0.46,1.1875
21,29,2,0.3,0.0,1.2995833333333333
22,29,2,2.69,2.96,1.2191666666666667
23,29,2,1.03,4.7,1.1408333333333334
0,30,3,2.82,0.0,1.2108333333333334
1,30,3,1.68,0.34,1.3
2,30,3,2.48,0.0,1.4820833333333334
3,30,3,4.37,0.32,1.46875
4,30,3,0.0,1.97,1.3866666666666667
5,30,3,0.0,1.22,1.3358333333333334
6,30,3,0.0,1.38,1.2783333333333333
7,30,3,0.0,0.87,1.2420833333333332
8,30,3,0.0,0.0,1.28375
9,30,3,1.0,1.16,1.2741666666666667
10,30,3,0.93,0.0,1.2741666666666667
11,30,3,0.0,1.78,1.2225000000000001
12,30,3,0.54,0.86,1.24125
13,30,3,1.31,3.0,1.1729166666666666
14,30,3,1.36,2.3000000000000003,1.1070833333333334
15,30,3,0.72,0.0,1.1275000000000002
16,30,3,0.49,1.75,1.1125
17,30,3,1.39,3.59,0.9629166666666666
18,30,3,0.0,0.0,0.9629166666666666
19,30,3,0.0,0.0,1.1212499999999999
20,30,3,3.8,0.3,1.1233333333333333
21,30,3,0.35,2.69,1.01125
22,30,3,0.0,1.03,0.9683333333333333
23,30,3,0.0,2.82,0.8508333333333334
0,31,4,0.0,1.68,0.8358333333333333
1,31,4,1.32,2.48,0.7324999999999999
2,31,4,0.0,4.37,0.5716666666666667
3,31,4,0.51,0.0,0.5716666666666667
4,31,4,0.0,0.0,0.6325
5,31,4,1.46,0.0,0.6325
6,31,4,0.0,0.0,0.6541666666666667
7,31,4,0.52,0.0,0.6541666666666667
8,31,4,0.0,1.0,0.6124999999999999
9,31,4,0.0,0.93,0.57375
10,31,4,0.0,0.0,0.57375
11,31,4,0.0,0.54,0.55125
12,31,4,0.0,1.31,0.6329166666666667
13,31,4,3.27,1.36,0.69625
14,31,4,2.88,0.72,0.74625
15,31,4,1.92,0.49,0.7258333333333334
16,31,4,0.0,1.39,0.7925
17,31,4,2.99,0.0,0.7925
18,31,4,0.0,0.0,0.9379166666666667
19,31,4,3.49,3.8,0.8458333333333333
20,31,4,1.59,0.35,0.8737499999999999
21,31,4,1.02,0.0,0.9554166666666667
22,31,4,1.96,0.0,0.9554166666666667
23,31,4,0.0,0.0,0.9554166666666667
0,1,5,0.0,1.32,0.9520833333333333
1,1,5,1.24,0.0,0.9520833333333334
2,1,5,0.0,0.51,0.98375
3,1,5,1.27,0.0,1.0875000000000001
4,1,5,2.49,1.46,1.0266666666666666
5,1,5,0.0,0.0,1.0633333333333332
6,1,5,0.88,0.52,1.1199999999999999
7,1,5,1.88,0.0,1.1991666666666667
8,1,5,1.9,0.0,1.1991666666666667
9,1,5,0.0,0.0,1.2795833333333333
10,1,5,1.93,0.0,1.5062499999999999
11,1,5,5.44,0.0,1.5062499999999999
12,1,5,0.0,3.27,1.4249999999999998
13,1,5,1.32,2.88,1.3275000000000001
14,1,5,0.54,1.92,1.3279166666666666
15,1,5,1.93,0.0,1.3954166666666667
16,1,5,1.62,2.99,1.3454166666666667
17,1,5,1.79,0.0,1.53875
18,1,5,4.64,3.49,1.4395833333333332
19,1,5,1.11,1.59,1.3733333333333333
20,1,5,0.0,1.02,1.4504166666666667
21,1,5,2.87,1.96,1.3687500000000001
22,1,5,0.0,0.0,1.3687500000000001
23,1,5,0.0,0.0,1.3687500000000001
0,2,6,0.0,1.24,1.3170833333333334
1,2,6,0.0,0.0,1.3170833333333334
2,2,6,0.0,1.27,1.3304166666666668
3,2,6,1.59,2.49,1.3045833333333332
4,2,6,1.87,0.0,1.3045833333333332
5,2,6,0.0,0.88,1.3508333333333333
6,2,6,1.99,1.88,1.2725000000000002
7,2,6,0.0,1.9,1.2229166666666667
8,2,6,0.71,0.0,1.3295833333333333
9,2,6,2.56,1.93,1.3283333333333334
10,2,6,1.9,5.44,1.2416666666666665
11,2,6,3.3600000000000003,0.0,1.3366666666666667
12,2,6,2.28,1.32,1.3529166666666665
13,2,6,1.71,0.54,1.3641666666666667
14,2,6,0.81,1.93,1.3549999999999998
15,2,6,1.71,1.62,1.335416666666667
16,2,6,1.15,1.79,1.3583333333333334
17,2,6,2.34,4.64,1.19
18,2,6,0.6,1.11,1.2474999999999998
19,2,6,2.49,0.0,1.2474999999999998
20,2,6,0.0,2.87,1.1279166666666667
21,2,6,0.0,0.0,1.1279166666666667
22,2,6,0.0,0.0,1.1279166666666667
23,2,6,0.0,0.0,1.18375
0,3,0,1.34,0.0,1.26
1,3,0,1.83,0.0,1.26
2,3,0,0.0,1.59,1.2325
3,3,0,0.93,1.87,1.3208333333333335
4,3,0,3.99,0.0,1.5508333333333333
5,3,0,5.52,1.99,1.5704166666666666
6,3,0,2.46,0.0,1.5908333333333333
7,3,0,0.49,0.71,1.56125
8,3,0,0.0,2.56,1.4633333333333336
9,3,0,0.21,1.9,1.5204166666666665
10,3,0,3.27,3.3600000000000003,1.43
11,3,0,1.19,2.28,1.3891666666666664
12,3,0,1.3,1.71,1.3179166666666666
13,3,0,0.0,0.81,1.3220833333333333
14,3,0,0.91,1.71,1.3404166666666668
15,3,0,2.15,1.15,1.30875
16,3,0,0.39,2.34,1.2420833333333334
17,3,0,0.74,0.6,1.4554166666666666
18,3,0,5.72,2.49,1.4304166666666667
19,3,0,1.89,0.0,1.4304166666666667
20,3,0,0.0,0.0,1.5233333333333332
21,3,0,2.23,0.0,1.5233333333333332
22,3,0,0.0,0.0,1.5233333333333332
23,3,0,0.0,1.34,1.4675
0,4,1,0.0,1.83,1.4441666666666666
1,4,1,1.27,0.0,1.4441666666666666
2,4,1,0.0,0.93,1.5154166666666666
3,4,1,2.64,3.99,1.460416666666667
4,4,1,2.67,5.52,1.2983333333333331
5,4,1,1.63,2.46,1.1958333333333335
6,4,1,0.0,0.49,1.2433333333333334
7,4,1,1.63,0.0,1.3375000000000001
8,4,1,2.26,0.21,1.37375
9,4,1,1.08,3.27,1.31625
10,4,1,1.89,1.19,1.2975
11,4,1,0.74,1.3,1.3229166666666667
12,4,1,1.91,0.0,1.3229166666666667
13,4,1,0.0,0.91,1.3366666666666667
14,4,1,1.24,2.15,1.2745833333333334
15,4,1,0.66,0.39,1.2583333333333333
16,4,1,0.0,0.74,1.2704166666666665
17,4,1,1.03,5.72,1.105
18,4,1,1.75,1.89,1.0262499999999999
19,4,1,0.0,0.0,1.0508333333333333
20,4,1,0.5900000000000001,2.23,0.9579166666666666
21,4,1,0.0,0.0,0.9579166666666666
22,4,1,0.0,0.0,1.0295833333333333
23,4,1,1.7199999999999998,0.0,1.0295833333333333
0,5,2,0.0,1.27,1.0420833333333333
1,5,2,1.5699999999999998,0.0,1.1295833333333334
2,5,2,2.1,2.64,1.1191666666666666
3,5,2,2.39,2.67,1.16
4,5,2,3.65,1.63,1.0920833333333333
5,5,2,0.0,0.0,1.0920833333333333
6,5,2,0.0,1.63,1.0945833333333332
7,5,2,1.69,2.26,1.2291666666666667
8,5,2,5.49,1.08,1.1841666666666666
9,5,2,0.0,1.89,1.1054166666666665
10,5,2,0.0,0.74,1.0745833333333332
11,5,2,0.0,1.91,0.995
12,5,2,0.0,0.0,0.995
13,5,2,0.0,1.24,0.9433333333333334
14,5,2,0.0,0.66,0.9525
15,5,2,0.88,0.0,0.9900000000000001
16,5,2,0.9,1.03,1.0174999999999998
17,5,2,1.69,1.75,1.0279166666666666
18,5,2,2.0,0.0,1.0279166666666666
19,5,2,0.0,0.5900000000000001,1.1512499999999999
20,5,2,3.55,0.0,1.2591666666666665
21,5,2,2.59,0.0,1.2591666666666665
22,5,2,0.0,1.7199999999999998,1.1875
23,5,2,0.0,0.0,1.1875
0,6,3,0.0,1.5699999999999998,1.1829166666666666
1,6,3,1.46,2.1,1.1354166666666667
2,6,3,0.96,2.39,1.0787499999999999
3,6,3,1.03,3.65,1.01875
4,6,3,2.21,0.0,1.01875
5,6,3,0.0,0.0,1.1566666666666665
6,6,3,3.31,1.69,1.08625
7,6,3,0.0,5.49,0.8574999999999999
8,6,3,0.0,0.0,0.9391666666666666
9,6,3,1.96,0.0,1.0620833333333333
10,6,3,2.95,0.0,1.0620833333333333
11,6,3,0.0,0.0,1.13875
12,6,3,1.84,0.0,1.2245833333333334
13,6,3,2.06,0.0,1.2491666666666668
14,6,3,0.59,0.88,1.3525
15,6,3,3.3600000000000003,0.9,1.315
16,6,3,0.0,1.69,1.2445833333333334
17,6,3,0.0,2.0,1.185
18,6,3,0.57,0.0,1.2679166666666666
19,6,3,1.99,3.55,1.1533333333333333
20,6,3,0.8,2.59,1.0454166666666667
21,6,3,0.0,0.0,1.1045833333333335
22,6,3,1.42,0.0,1.1620833333333334
23,6,3,1.38,0.0,1.1620833333333334
0,7,4,0.0,1.46,1.1791666666666667
1,7,4,1.87,0.96,1.26
2,7,4,2.9,1.03,1.2258333333333333
3,7,4,0.21,2.21,1.2004166666666667
4,7,4,1.6,0.0,1.2004166666666667
5,7,4,0.0,3.31,1.0625
6,7,4,0.0,0.0,1.1141666666666667
7,7,4,1.24,0.0,1.14625
8,7,4,0.77,1.96,1.0645833333333334
9,7,4,0.0,2.95,0.9675000000000001
10,7,4,0.62,0.0,1.0375
11,7,4,1.68,1.84,1.0695833333333333
12,7,4,2.6100000000000003,2.06,1.1108333333333333
13,7,4,3.05,0.59,1.2429166666666667
14,7,4,3.76,3.3600000000000003,1.1204166666666666
15,7,4,0.42,0.0,1.1204166666666666
16,7,4,0.0,0.0,1.1904166666666667
17,7,4,1.68,0.57,1.24875
18,7,4,1.97,1.99,1.1658333333333333
19,7,4,0.0,0.8,1.2449999999999999
20,7,4,2.7,0.0,1.2449999999999999
21,7,4,0.0,1.42,1.2608333333333333
22,7,4,1.8,1.38,1.2033333333333334
23,7,4,0.0,0.0,1.2033333333333334
0,8,5,0.0,1.87,1.1741666666666666
1,8,5,1.17,2.9,1.0616666666666668
2,8,5,0.2,0.21,1.0729166666666667
3,8,5,0.48,1.6,1.0858333333333334
4,8,5,1.91,0.0,1.1375
5,8,5,1.24,0.0,1.1375
6,8,5,0.0,1.24,1.0858333333333332
7,8,5,0.0,0.77,1.1145833333333333
8,8,5,1.46,0.0,1.1145833333333333
9,8,5,0.0,0.62,1.16
10,8,5,1.71,1.68,1.09
11,8,5,0.0,2.6100000000000003,1.0991666666666666
12,8,5,2.83,3.05,0.9720833333333333
13,8,5,0.0,3.76,0.8691666666666666
14,8,5,1.29,0.42,0.9704166666666666
15,8,5,2.85,0.0,1.0370833333333334
16,8,5,1.6,1.68,1.07125
17,8,5,2.5,1.97,1.1058333333333332
18,8,5,2.8,0.0,1.1658333333333333
19,8,5,1.44,2.7,1.1708333333333334
20,8,5,2.8200000000000003,0.0,1.1708333333333334
21,8,5,0.0,1.8,1.1166666666666667
22,8,5,0.5,0.0,1.1166666666666667
23,8,5,0.0,0.0,1.1166666666666667
0,9,6,0.0,1.17,1.0679166666666666
1,9,6,0.0,0.2,1.0595833333333333
2,9,6,0.0,0.48,1.0395833333333333
3,9,6,0.0,1.91,0.96
4,9,6,0.0,1.24,0.9495833333333333
5,9,6,0.99,0.0,1.0133333333333334
6,9,6,1.53,0.0,1.0133333333333334
7,9,6,0.0,1.46,0.9525
8,9,6,0.0,0.0,0.9700000000000001
9,9,6,0.42,1.71,0.9766666666666666
10,9,6,1.87,0.0,1.0504166666666668
11,9,6,1.77,2.83,0.9833333333333334
12,9,6,1.22,0.0,1.0337500000000002
13,9,6,1.21,1.29,1.0220833333333335
14,9,6,1.01,2.85,1.0645833333333334
15,9,6,3.87,1.6,1.0125
16,9,6,0.35,2.5,0.9083333333333332
17,9,6,0.0,2.8,0.7916666666666666
18,9,6,0.0,1.44,0.8429166666666666
19,9,6,2.67,2.8200000000000003,0.7254166666666667
20,9,6,0.0,0.0,0.7254166666666667
21,9,6,0.0,0.5,0.7045833333333333
22,9,6,0.0,0.0,0.8170833333333333
23,9,6,2.7,0.0,0.8170833333333333
0,10,0,0.0,0.0,0.8170833333333333
1,10,0,0.0,0.0,0.9333333333333332
2,10,0,2.79,0.0,0.9333333333333332
3,10,0,0.0,0.0,0.9333333333333332
4,10,0,0.0,0.99,0.8920833333333335
5,10,0,0.0,1.53,0.8720833333333333
6,10,0,1.05,0.0,0.9550000000000001
7,10,0,1.99,0.0,0.9550000000000001
8,10,0,0.0,0.42,0.9845833333333333
9,10,0,1.13,1.87,0.9066666666666667
10,10,0,0.0,1.77,0.8329166666666667
11,10,0,0.0,1.22,0.7949999999999999
12,10,0,0.31,1.21,0.7791666666666667
13,10,0,0.83,1.01,0.7370833333333334
14,10,0,0.0,3.87,0.6895833333333333
15,10,0,2.73,0.35,0.7508333333333335
16,10,0,1.82,0.0,0.8233333333333334
17,10,0,1.74,0.0,0.9495833333333334
18,10,0,3.03,2.67,0.9545833333333333
19,10,0,2.79,0.0,0.9670833333333334
20,10,0,0.3,0.0,1.1333333333333333
21,10,0,3.99,0.0,1.1333333333333333
22,10,0,0.0,2.7,1.0208333333333333
23,10,0,0.0,0.0,1.20875
0,11,1,4.51,0.0,1.20875
1,11,1,0.0,2.79,1.2466666666666666
2,11,1,3.7,0.0,1.2466666666666668
3,11,1,0.0,0.0,1.3337500000000002
4,11,1,2.09,0.0,1.3337500000000002
5,11,1,0.0,1.05,1.3033333333333335
6,11,1,0.32,1.99,1.2579166666666666
7,11,1,0.9,0.0,1.2787499999999998
8,11,1,0.5,1.13,1.2845833333333332
9,11,1,1.27,0.0,1.3070833333333334
10,11,1,0.54,0.0,1.35375
11,11,1,1.12,0.31,1.3408333333333333
12,11,1,0.0,0.83,1.3633333333333333
13,11,1,1.37,0.0,1.5141666666666669
14,11,1,3.62,2.73,1.5083333333333335
15,11,1,2.59,1.82,1.4820833333333334
16,11,1,1.19,1.74,1.5133333333333334
17,11,1,2.49,3.03,1.4641666666666666
18,11,1,1.85,2.79,1.3479166666666667
19,11,1,0.0,0.3,1.4708333333333334
20,11,1,3.25,3.99,1.3575
21,11,1,1.27,0.0,1.3575
22,11,1,0.0,0.0,1.3670833333333334
23,11,1,0.23,4.51,1.2270833333333333
0,12,2,1.15,0.0,1.2445833333333334
1,12,2,0.42,3.7,1.0904166666666668
2,12,2,0.0,0.0,1.1629166666666666
3,12,2,1.74,2.09,1.1516666666666666
4,12,2,1.82,0.0,1.2125000000000001
5,12,2,1.46,0.32,1.3791666666666667
6,12,2,4.32,0.9,1.5104166666666667
7,12,2,4.05,0.5,1.4895833333333333
8,12,2,0.0,1.27,1.4366666666666665
9,12,2,0.0,0.54,1.6129166666666668
10,12,2,4.77,1.12,1.6841666666666668
11,12,2,2.83,0.0,1.7625000000000002
12,12,2,1.88,1.37,1.7854166666666664
13,12,2,1.92,3.62,1.7108333333333334
14,12,2,1.83,2.59,1.6812499999999997
15,12,2,1.88,1.19,1.6316666666666666
16,12,2,0.0,2.49,1.5562499999999997
17,12,2,0.68,1.85,1.5341666666666667
18,12,2,1.32,0.0,1.5845833333333335
19,12,2,1.21,3.25,1.4491666666666667
20,12,2,0.0,1.27,1.39625
21,12,2,0.0,0.0,1.5983333333333334
22,12,2,4.85,0.23,1.6291666666666667
23,12,2,0.97,1.15,1.5812499999999998
0,13,3,0.0,0.42,1.5750000000000002
1,13,3,0.27,0.0,1.6187500000000001
2,13,3,1.05,1.74,1.6008333333333333
3,13,3,1.31,1.82,1.5250000000000001
4,13,3,0.0,1.46,1.5120833333333332
5,13,3,1.15,4.32,1.3320833333333333
6,13,3,0.0,4.05,1.21625
7,13,3,1.27,0.0,1.2283333333333333
8,13,3,0.29,0.0,1.2920833333333333
9,13,3,1.53,4.77,1.0933333333333335
10,13,3,0.0,2.83,1.02125
11,13,3,1.1,1.88,0.9429166666666666
12,13,3,0.0,1.92,0.9383333333333334
13,13,3,1.81,1.83,0.93
14,13,3,1.63,1.88,0.8516666666666666
15,13,3,0.0,0.0,0.9799999999999999
16,13,3,3.08,0.68,0.9516666666666665
17,13,3,0.0,1.32,1.0583333333333333
18,13,3,3.88,1.21,1.0762500000000002
19,13,3,1.64,0.0,1.1104166666666666
20,13,3,0.82,0.0,1.1441666666666668
21,13,3,0.81,4.85,0.9504166666666666
22,13,3,0.2,0.97,1.0333333333333334
23,13,3,2.96,0.0,1.0333333333333334
0,14,4,0.0,0.27,1.2229166666666667
1,14,4,4.82,1.05,1.2070833333333333
2,14,4,0.67,1.31,1.1920833333333334
3,14,4,0.95,0.0,1.26125
4,14,4,1.66,1.15,1.36125
5,14,4,3.55,0.0,1.36125
6,14,4,0.0,1.27,1.3395833333333333
7,14,4,0.75,0.29,1.3670833333333334
8,14,4,0.95,1.53,1.3354166666666665
9,14,4,0.77,0.0,1.3354166666666665
10,14,4,0.0,1.1,1.2895833333333333
11,14,4,0.0,0.0,1.3495833333333334
12,14,4,1.44,1.81,1.3779166666666667
13,14,4,2.49,1.63,1.3637499999999998
14,14,4,1.29,0.0,1.3637499999999998
15,14,4,0.0,3.08,1.2354166666666668
16,14,4,0.0,0.0,1.2758333333333332
17,14,4,0.97,3.88,1.1141666666666665
18,14,4,0.0,1.64,1.1029166666666665
19,14,4,1.37,0.82,1.1670833333333335
20,14,4,2.3600000000000003,0.81,1.1733333333333333
21,14,4,0.96,0.2,1.23375
22,14,4,1.65,2.96,1.1104166666666666
23,14,4,0.0,0.0,1.1104166666666666
0,15,5,0.0,4.82,0.9095833333333333
1,15,5,0.0,0.67,0.94125
2,15,5,1.43,0.95,1.0054166666666668
3,15,5,2.49,1.66,1.1741666666666666
4,15,5,5.71,3.55,1.0962500000000002
5,15,5,1.68,0.0,1.11375
6,15,5,0.42,0.75,1.1254166666666667
7,15,5,1.03,0.95,1.1366666666666667
8,15,5,1.22,0.77,1.1045833333333335
9,15,5,0.0,0.0,1.2858333333333334
10,15,5,4.35,0.0,1.2858333333333334
11,15,5,0.0,1.44,1.2258333333333333
12,15,5,0.0,2.49,1.2595833333333333
13,15,5,3.3,1.29,1.2058333333333333
14,15,5,0.0,0.0,1.2058333333333333
15,15,5,0.0,0.0,1.2058333333333333
16,15,5,0.0,0.97,1.26625
17,15,5,2.42,0.0,1.2891666666666668
18,15,5,0.55,1.37,1.2904166666666665
19,15,5,1.4,2.3600000000000003,1.2270833333333333
20,15,5,0.84,0.96,1.1870833333333333
21,15,5,0.0,1.65,1.2533333333333332
22,15,5,3.24,0.0,1.2783333333333333
23,15,5,0.6,0.0,1.4024999999999999
0,16,6,2.98,0.0,1.4024999999999999
1,16,6,0.0,1.43,1.3429166666666668
2,16,6,0.0,2.49,1.2391666666666665
3,16,6,0.0,5.71,1.00125
4,16,6,0.0,1.68,0.9891666666666666
5,16,6,1.39,0.42,0.9716666666666667
6,16,6,0.0,1.03,0.9958333333333332
7,16,6,1.61,1.22,0.945
8,16,6,0.0,0.0,1.0325
9,16,6,2.1,4.35,0.85125
10,16,6,0.0,0.0,0.9049999999999999
11,16,6,1.29,0.0,1.025
12,16,6,2.88,3.3,0.8875000000000001
13,16,6,0.0,0.0,0.9341666666666667
14,16,6,1.12,0.0,1.0066666666666666
15,16,6,1.74,0.0,1.12
16,16,6,2.72,2.42,1.0191666666666668
17,16,6,0.0,0.55,1.0050000000000001
18,16,6,0.21,1.4,1.0275
19,16,6,1.94,0.84,0.9925
20,16,6,0.0,0.0,0.9925
21,16,6,0.0,3.24,0.94
22,16,6,1.98,0.6,0.915
23,16,6,0.0,2.98,0.8154166666666667
0,17,0,0.59,0.0,0.8975
1,17,0,1.97,0.0,1.0958333333333334
2,17,0,4.76,0.0,1.2254166666666666
3,17,0,3.11,0.0,1.2833333333333334
4,17,0,1.39,1.39,1.2254166666666666
5,17,0,0.0,0.0,1.29625
6,17,0,1.7000000000000002,1.61,1.2558333333333334
7,17,0,0.64,0.0,1.3804166666666668
8,17,0,2.99,2.1,1.2929166666666667
9,17,0,0.0,0.0,1.3216666666666665
10,17,0,0.69,1.29,1.285
11,17,0,0.41,2.88,1.31875
12,17,0,3.69,0.0,1.31875
13,17,0,0.0,1.12,1.2720833333333335
14,17,0,0.0,1.74,1.2429166666666667
15,17,0,1.04,2.72,1.2075
16,17,0,1.87,0.0,1.2433333333333334
17,17,0,0.8600000000000001,0.21,1.3566666666666667
18,17,0,2.93,1.94,1.2758333333333334
19,17,0,0.0,0.0,1.30125
20,17,0,0.61,0.0,1.3800000000000001
21,17,0,1.89,1.98,1.2975
22,17,0,0.0,0.0,1.2975
23,17,0,0.0,0.59,1.3495833333333334
0,18,1,1.84,1.97,1.3954166666666667
1,18,1,3.0700000000000003,4.76,1.2562499999999999
2,18,1,1.42,3.11,1.2625
3,18,1,3.26,1.39,1.265
4,18,1,1.45,0.0,1.3225
5,18,1,1.38,1.7000000000000002,1.3150000000000002
6,18,1,1.52,0.64,1.2883333333333333
7,18,1,0.0,2.99,1.16375
8,18,1,0.0,0.0,1.3441666666666665
9,18,1,4.33,0.69,1.3666666666666665
10,18,1,1.23,0.41,1.4991666666666665
11,18,1,3.59,3.69,1.3454166666666667
12,18,1,0.0,0.0,1.3454166666666667
13,18,1,0.0,0.0,1.3454166666666667
14,18,1,0.0,1.04,1.3654166666666665
15,18,1,1.52,1.87,1.2874999999999999
16,18,1,0.0,0.8600000000000001,1.3666666666666665
17,18,1,2.76,2.93,1.2445833333333332
18,18,1,0.0,0.0,1.3504166666666666
19,18,1,2.54,0.61,1.3495833333333334
20,18,1,0.59,1.89,1.2708333333333333
21,18,1,0.0,0.0,1.2708333333333333
22,18,1,0.0,0.0,1.3225
23,18,1,1.24,1.84,1.2829166666666667
0,19,2,0.89,3.0700000000000003,1.2787499999999998
1,19,2,2.97,1.42,1.275
2,19,2,1.33,3.26,1.155
3,19,2,0.38,1.45,1.1641666666666668
4,19,2,1.67,1.38,1.17375
5,19,2,1.61,1.52,1.1199999999999999
6,19,2,0.23,0.0,1.2562499999999999
7,19,2,3.27,0.0,1.3158333333333332
8,19,2,1.43,4.33,1.1354166666666667
9,19,2,0.0,1.23,1.15625
10,19,2,1.73,3.59,1.0066666666666666
11,19,2,0.0,0.0,1.0233333333333332
12,19,2,0.4,0.0,1.0233333333333332
13,19,2,0.0,0.0,1.1529166666666668
14,19,2,3.1100000000000003,1.52,1.2075
15,19,2,2.83,0.0,1.2075
16,19,2,0.0,2.76,1.20625
17,19,2,2.73,0.0,1.2295833333333335
18,19,2,0.56,2.54,1.21875
19,19,2,2.28,0.59,1.2229166666666667
20,19,2,0.69,0.0,1.3020833333333333
21,19,2,1.9,0.0,1.39
22,19,2,2.11,1.24,1.3383333333333332
23,19,2,0.0,0.89,1.3225
0,20,3,0.51,2.97,1.2616666666666667
1,20,3,1.51,1.33,1.3758333333333335
2,20,3,4.07,0.38,1.4583333333333333
3,20,3,2.36,1.67,1.4416666666666667
4,20,3,1.27,1.61,1.4612500000000004
5,20,3,2.08,0.23,1.5316666666666665
6,20,3,1.92,3.27,1.4537499999999997
7,20,3,1.4,1.43,1.3941666666666663
8,20,3,0.0,0.0,1.3941666666666663
9,20,3,0.0,1.73,1.445
10,20,3,2.95,0.0,1.5020833333333332
11,20,3,1.37,0.4,1.5908333333333333
12,20,3,2.53,0.0,1.7208333333333334
13,20,3,3.12,3.1100000000000003,1.6150000000000002
14,20,3,0.57,2.83,1.4970833333333333
15,20,3,0.0,0.0,1.5666666666666664
16,20,3,1.67,2.73,1.53125
17,20,3,1.88,0.56,1.5854166666666665
18,20,3,1.86,2.28,1.5654166666666665
19,20,3,1.8,0.69,1.7041666666666666
20,20,3,4.02,1.9,1.6995833333333332
21,20,3,1.79,2.11,1.6116666666666666
22,20,3,0.0,0.0,1.7020833333333334
23,20,3,2.17,0.51,1.7670833333333336
0,21,4,2.07,1.51,1.7041666666666666
1,21,4,0.0,4.07,1.5562499999999997
2,21,4,0.52,2.36,1.4908333333333335
3,21,4,0.79,1.27,1.555
4,21,4,2.81,2.08,1.5525
5,21,4,2.02,1.92,1.5654166666666667
6,21,4,2.23,1.4,1.5070833333333333
7,21,4,0.0,0.0,1.5070833333333333
8,21,4,0.0,0.0,1.60125
9,21,4,2.26,2.95,1.52375
10,21,4,1.09,1.37,1.5016666666666667
11,21,4,0.84,2.53,1.4575000000000002
12,21,4,1.47,3.12,1.3275
13,21,4,0.0,0.57,1.5016666666666667
14,21,4,4.75,0.0,1.5016666666666667
15,21,4,0.0,1.67,1.5391666666666666
16,21,4,2.5700000000000003,1.88,1.4608333333333334
17,21,4,0.0,1.86,1.5041666666666664
18,21,4,2.9000000000000004,1.8,1.4291666666666665
19,21,4,0.0,4.02,1.2874999999999999
20,21,4,0.62,1.79,1.2129166666666666
21,21,4,0.0,0.0,1.2129166666666666
22,21,4,0.0,2.17,1.2787499999999998
23,21,4,3.75,2.07,1.2754166666666666
0,22,5,1.99,0.0,1.3045833333333332
1,22,5,0.7,0.52,1.2829166666666667
2,22,5,0.0,0.79,1.2779166666666668
3,22,5,0.67,2.81,1.2029166666666666
4,22,5,1.01,2.02,1.1362500000000002
5,22,5,0.42,2.23,1.0729166666666667
6,22,5,0.71,0.0,1.0729166666666667
7,22,5,0.0,0.0,1.0991666666666668
8,22,5,0.63,2.26,1.0395833333333333
9,22,5,0.83,1.09,0.9941666666666666
10,22,5,0.0,0.84,1.0245833333333334
11,22,5,1.57,1.47,0.9633333333333334
12,22,5,0.0,0.0,0.9633333333333334
13,22,5,0.0,4.75,0.8220833333333334
14,22,5,1.36,0.0,0.875
15,22,5,1.27,2.5700000000000003,0.88375
16,22,5,2.78,0.0,0.9166666666666666
17,22,5,0.79,2.9000000000000004,0.7958333333333333
18,22,5,0.0,0.0,0.8075
19,22,5,0.28,0.62,0.8429166666666666
20,22,5,1.47,0.0,0.8429166666666666
21,22,5,0.0,0.0,0.8941666666666667
22,22,5,1.23,3.75,0.7962500000000001
23,22,5,1.4,1.99,0.765
0,23,6,1.24,0.7,0.8883333333333333
1,23,6,3.66,0.0,0.9366666666666666
2,23,6,1.16,0.67,1.0541666666666665
3,23,6,3.49,1.01,1.0841666666666667
4,23,6,1.73,0.42,1.0920833333333333
5,23,6,0.61,0.71,1.1283333333333332
6,23,6,1.58,0.0,1.1283333333333332
7,23,6,0.0,0.63,1.1508333333333332
8,23,6,1.17,0.83,1.2241666666666668
9,23,6,2.59,0.0,1.37375
10,23,6,3.59,1.57,1.3083333333333333
11,23,6,0.0,0.0,1.3083333333333333
12,23,6,0.0,0.0,1.4258333333333333
13,23,6,2.8200000000000003,1.36,1.4662499999999998
14,23,6,2.33,1.27,1.4133333333333333
15,23,6,0.0,2.78,1.3579166666666669
16,23,6,1.45,0.79,1.325
17,23,6,0.0,0.0,1.325
18,23,6,0.0,0.28,1.5070833333333333
19,23,6,4.65,1.47,1.49625
20,23,6,1.21,0.0,1.625416666666667
21,23,6,3.1,1.23,1.5983333333333334
22,23,6,0.58,1.4,1.6433333333333333
23,23,6,2.48,1.24,1.7387499999999998
0,24,0,3.53,3.66,1.58625
1,24,0,0.0,1.16,1.675
2,24,0,3.29,3.49,1.5437500000000002
3,24,0,0.34,1.73,1.4716666666666667
4,24,0,0.0,0.61,1.4579166666666667
5,24,0,0.28,1.58,1.3920833333333336
6,24,0,0.0,0.0,1.4133333333333333
7,24,0,0.51,1.17,1.4091666666666667
8,24,0,1.07,2.59,1.3408333333333333
9,24,0,0.95,3.59,1.3241666666666667
10,24,0,3.19,0.0,1.5112499999999998
11,24,0,4.49,0.0,1.6587500000000002
12,24,0,3.54,2.8200000000000003,1.54125
13,24,0,0.0,2.33,1.4441666666666668
14,24,0,0.0,0.0,1.4791666666666667
15,24,0,0.84,1.45,1.5458333333333332
16,24,0,3.05,0.0,1.5570833333333332
17,24,0,0.27,0.0,1.6058333333333332
18,24,0,1.17,4.65,1.49125
19,24,0,1.9,1.21,1.6449999999999998
20,24,0,4.9,3.1,1.5345833333333332
21,24,0,0.45,0.58,1.58625
22,24,0,1.82,2.48,1.58125
23,24,0,2.3600000000000003,3.53,1.4495833333333332
0,25,1,0.37,0.0,1.4495833333333332
1,25,1,0.0,3.29,1.3516666666666668
2,25,1,0.94,0.34,1.3854166666666667
3,25,1,1.15,0.0,1.4245833333333333
4,25,1,0.94,0.28,1.4487499999999998
5,25,1,0.86,0.0,1.4487499999999998
6,25,1,0.0,0.51,1.5254166666666666
7,25,1,2.35,1.07,1.5058333333333334
8,25,1,0.6,0.95,1.580416666666667
9,25,1,2.74,3.19,1.4475
10,25,1,0.0,4.49,1.3408333333333333
11,25,1,1.93,3.54,1.2245833333333334
12,25,1,0.75,0.0,1.2245833333333334
13,25,1,0.0,0.0,1.2695833333333335
14,25,1,1.08,0.84,1.3037500000000002
15,25,1,1.66,3.05,1.2533333333333334
16,25,1,1.84,0.27,1.3383333333333336
17,25,1,2.31,1.17,1.385
18,25,1,2.29,1.9,1.3058333333333334
19,25,1,0.0,4.9,1.2708333333333333
20,25,1,4.0600000000000005,0.45,1.2670833333333333
21,25,1,0.36,1.82,1.335
22,25,1,3.45,2.3600000000000003,1.25125
23,25,1,0.35,0.37,1.2570833333333333
0,26,2,0.51,0.0,1.2704166666666665
1,26,2,0.32,0.94,1.2616666666666667
2,26,2,0.73,1.15,1.2362499999999998
3,26,2,0.54,0.94,1.1970833333333333
4,26,2,0.0,0.86,1.2187500000000002
5,26,2,1.38,0.0,1.2187500000000002
6,26,2,0.0,2.35,1.1575
7,26,2,0.88,0.6,1.3029166666666667
8,26,2,4.09,2.74,1.2804166666666668
9,26,2,2.2,0.0,1.2804166666666668
10,26,2,0.0,1.93,1.2
11,26,2,0.0,0.75,1.2483333333333333
12,26,2,1.91,0.0,1.2483333333333333
13,26,2,0.0,1.08,1.3812499999999999
14,26,2,4.27,1.66,1.3641666666666665
15,26,2,1.25,1.84,1.3399999999999999
16,26,2,1.26,2.31,1.3033333333333335
17,26,2,1.43,2.29,1.3058333333333334
18,26,2,2.35,0.0,1.3595833333333334
19,26,2,1.29,4.0600000000000005,1.3783333333333332
20,26,2,4.51,0.36,1.3870833333333332
21,26,2,0.57,3.45,1.2433333333333334
22,26,2,0.0,0.35,1.2816666666666665
23,26,2,1.27,0.51,1.2604166666666667
0,27,3,0.0,0.32,1.2470833333333333
1,27,3,0.0,0.73,1.3679166666666667
2,27,3,3.63,0.54,1.4749999999999999
3,27,3,3.11,0.0,1.5008333333333335
4,27,3,0.62,1.38,1.5216666666666665
5,27,3,1.88,0.0,1.5675
6,27,3,1.1,0.88,1.6154166666666667
7,27,3,2.03,4.09,1.5558333333333332
8,27,3,2.66,2.2,1.4641666666666666
9,27,3,0.0,0.0,1.4641666666666666
10,27,3,0.0,0.0,1.4937500000000001
11,27,3,0.71,1.91,1.4333333333333333
12,27,3,0.46,0.0,1.5770833333333334
13,27,3,3.45,4.27,1.4616666666666667
14,27,3,1.5,1.25,1.5358333333333334
15,27,3,3.03,1.26,1.4833333333333332
16,27,3,0.0,1.43,1.4937500000000001
17,27,3,1.68,2.35,1.3958333333333333
18,27,3,0.0,1.29,1.477083333333333
19,27,3,3.24,4.51,1.2891666666666666
20,27,3,0.0,0.57,1.2654166666666666
21,27,3,0.0,0.0,1.28
22,27,3,0.35,1.27,1.4204166666666669
23,27,3,4.640000000000001,0.0,1.4204166666666669
0,28,4,0.0,0.0,1.485
1,28,4,1.55,3.63,1.41
2,28,4,1.83,3.11,1.3
3,28,4,0.47,0.62,1.2741666666666667
4,28,4,0.0,1.88,1.1958333333333335
5,28,4,0.0,1.1,1.1766666666666665
6,28,4,0.64,2.03,1.12625
7,28,4,0.82,2.66,1.2225
8,28,4,4.97,0.0,1.23125
9,28,4,0.21,0.0,1.23125
10,28,4,0.0,0.71,1.2733333333333334
11,28,4,1.72,0.46,1.3933333333333333
12,28,4,3.34,3.45,1.2870833333333334
13,28,4,0.9,1.5,1.2683333333333333
14,28,4,1.05,3.03,1.24625
15,28,4,2.5,0.0,1.3383333333333332
16,28,4,2.21,1.68,1.39875
17,28,4,3.13,0.0,1.5783333333333334
18,28,4,4.3100000000000005,3.24,1.4433333333333334
19,28,4,0.0,0.0,1.5325
20,28,4,2.14,0.0,1.5604166666666666
21,28,4,0.67,0.35,1.6112499999999998
22,28,4,1.57,4.640000000000001,1.4179166666666667
23,28,4,0.0,0.0,1.5112500000000002
0,29,5,2.24,1.55,1.5304166666666665
1,29,5,2.01,1.83,1.4541666666666666
2,29,5,0.0,0.47,1.5933333333333335
3,29,5,3.81,0.0,1.5933333333333335
4,29,5,0.0,0.0,1.5933333333333335
5,29,5,0.0,0.64,1.6066666666666667
6,29,5,0.96,0.82,1.5725
7,29,5,0.0,4.97,1.3883333333333334
8,29,5,0.55,0.21,1.43875
9,29,5,1.42,0.0,1.43875
10,29,5,0.0,1.72,1.42125
11,29,5,1.3,3.34,1.33375
12,29,5,1.24,0.9,1.3316666666666668
13,29,5,0.85,1.05,1.3525
14,29,5,1.55,2.5,1.3983333333333334
15,29,5,3.6,2.21,1.3820833333333333
16,29,5,1.82,3.13,1.2516666666666667
17,29,5,0.0,4.3100000000000005,1.0720833333333333
18,29,5,0.0,0.0,1.1633333333333333
19,29,5,2.19,2.14,1.1495833333333334
20,29,5,1.81,0.67,1.1216666666666666
21,29,5,0.0,1.57,1.0991666666666666
22,29,5,1.03,0.0,1.0991666666666666
23,29,5,0.0,2.24,1.07125
0,30,6,1.57,2.01,1.0516666666666665
1,30,6,1.54,0.0,1.1004166666666666
2,30,6,1.17,3.81,0.9545833333333333
3,30,6,0.31,0.0,0.9545833333333333
4,30,6,0.0,0.0,1.0262499999999999
5,30,6,1.72,0.96,1.1224999999999998
6,30,6,3.27,0.0,1.1224999999999998
7,30,6,0.0,0.55,1.3637499999999998
8,30,6,6.34,1.42,1.3775000000000002
9,30,6,1.75,0.0,1.46
10,30,6,1.98,1.3,1.4925
11,30,6,2.08,1.24,1.64375
12,30,6,4.87,0.85,1.6083333333333334
13,30,6,0.0,1.55,1.5437500000000002
14,30,6,0.0,3.6,1.4720833333333332
15,30,6,1.88,1.82,1.39625
16,30,6,0.0,0.0,1.43875
17,30,6,1.02,0.0,1.43875
18,30,6,0.0,2.19,1.4354166666666668
19,30,6,2.11,1.81,1.3816666666666668
20,30,6,0.52,0.0,1.5516666666666667
21,30,6,4.08,1.03,1.50875
22,30,6,0.0,0.0,1.50875
23,30,6,0.0,1.57,1.5570833333333332
0,1,0,2.73,1.54,1.4929166666666667
1,1,0,0.0,1.17,1.5191666666666668
2,1,0,1.8,0.31,1.5204166666666665
3,1,0,0.34,0.0,1.5204166666666665
4,1,0,0.0,1.72,1.4487499999999998
5,1,0,0.0,3.27,1.3125
6,1,0,0.0,0.0,1.385
7,1,0,1.74,6.34,1.2062499999999998
8,1,0,2.05,1.75,1.164583333333333
9,1,0,0.75,1.98,1.0820833333333333
10,1,0,0.0,2.08,0.9954166666666667
11,1,0,0.0,4.87,0.7925000000000001
12,1,0,0.0,0.0,0.935
13,1,0,3.42,0.0,0.9679166666666665
14,1,0,0.79,1.88,0.9074999999999999
15,1,0,0.43,0.0,0.9216666666666665
16,1,0,0.34,1.02,0.9175
17,1,0,0.92,0.0,1.025
18,1,0,2.58,2.11,0.9370833333333333
19,1,0,0.0,0.52,0.9783333333333334
20,1,0,1.51,4.08,0.8287499999999999
21,1,0,0.49,0.0,0.9391666666666668
22,1,0,2.6500000000000004,0.0,0.9391666666666666
23,1,0,0.0,2.73,0.8704166666666667
0,2,1,1.08,0.0,0.8908333333333335
1,2,1,0.49,1.8,0.8666666666666667
2,2,1,1.22,0.34,0.9033333333333333
3,2,1,1.22,0.0,0.9641666666666667
4,2,1,1.46,0.0,1.0275
5,2,1,1.52,0.0,1.0854166666666667
6,2,1,1.39,1.74,1.0279166666666666
7,2,1,0.36,2.05,1.0225
8,2,1,1.92,0.75,0.99125
9,2,1,0.0,0.0,1.0679166666666666
10,2,1,1.84,0.0,1.0854166666666667
11,2,1,0.42,0.0,1.14
12,2,1,1.31,3.42,1.02375
13,2,1,0.63,0.79,1.0345833333333334
14,2,1,1.05,0.43,1.04875
15,2,1,0.77,0.34,1.1404166666666666
16,2,1,2.54,0.92,1.1758333333333333
17,2,1,1.77,2.58,1.1379166666666667
18,2,1,1.67,0.0,1.1995833333333334
19,2,1,1.48,1.51,1.1366666666666667
20,2,1,0.0,0.49,1.1162500000000002
21,2,1,0.0,2.6500000000000004,1.0666666666666667
22,2,1,1.46,0.0,1.1770833333333333
23,2,1,2.65,1.08,1.1320833333333333
0,3,2,0.0,0.49,1.3025
1,3,2,4.58,1.22,1.2516666666666667
2,3,2,0.0,1.22,1.2008333333333334
3,3,2,0.0,1.46,1.14
4,3,2,0.0,1.52,1.1187500000000001
5,3,2,1.01,1.39,1.1816666666666666
6,3,2,2.9,0.36,1.1666666666666667
7,3,2,0.0,1.92,1.24125
8,3,2,3.71,0.0,1.2745833333333334
9,3,2,0.8,1.84,1.2654166666666666
10,3,2,1.62,0.42,1.3375000000000001
11,3,2,2.15,1.31,1.36
12,3,2,1.85,0.63,1.3337500000000002
13,3,2,0.0,1.05,1.29
14,3,2,0.0,0.77,1.2916666666666667
15,3,2,0.81,2.54,1.2429166666666667
16,3,2,1.37,1.77,1.1991666666666667
17,3,2,0.72,1.67,1.21
18,3,2,1.93,1.48,1.1483333333333332
19,3,2,0.0,0.0,1.1995833333333332
20,3,2,1.23,0.0,1.2454166666666666
21,3,2,1.1,1.46,1.1845833333333335
22,3,2,0.0,2.65,1.0741666666666667
23,3,2,0.0,0.0,1.1341666666666665
0,4,3,1.44,4.58,0.9795833333333334
1,4,3,0.87,0.0,0.9958333333333335
2,4,3,0.39,0.0,1.0858333333333334
3,4,3,2.16,0.0,1.2116666666666667
4,4,3,3.02,1.01,1.2091666666666667
5,4,3,0.95,2.9,1.1425
6,4,3,1.3,0.0,1.1916666666666667
7,4,3,1.1800000000000002,3.71,1.1033333333333333
8,4,3,1.59,0.8,1.1154166666666667
9,4,3,1.09,1.62,1.0479166666666666
10,4,3,0.0,2.15,1.0241666666666667
11,4,3,1.58,1.85,1.0220833333333332
12,4,3,1.7999999999999998,0.0,1.0220833333333332
13,4,3,0.0,0.0,1.0887499999999999
14,4,3,1.6,0.81,1.055
15,4,3,0.0,1.37,1.0408333333333333
16,4,3,1.03,0.72,1.0416666666666667
17,4,3,0.74,1.93,0.96125
18,4,3,0.0,0.0,1.0804166666666666
19,4,3,2.86,1.23,1.0291666666666666
20,4,3,0.0,1.1,1.2
21,4,3,5.2,0.0,1.3
22,4,3,2.4,0.0,1.4191666666666667
23,4,3,2.86,1.44,1.3591666666666669
0,5,4,0.0,0.87,1.3229166666666667
1,5,4,0.0,0.39,1.3345833333333335
2,5,4,0.67,2.16,1.27125
3,5,4,0.64,3.02,1.1454166666666665
4,5,4,0.0,0.95,1.2341666666666666
5,5,4,3.08,1.3,1.18
6,5,4,0.0,1.1800000000000002,1.2266666666666668
7,5,4,2.3,1.59,1.1604166666666667
8,5,4,0.0,1.09,1.115
9,5,4,0.0,0.0,1.115
10,5,4,0.0,1.58,1.0491666666666666
11,5,4,0.0,1.7999999999999998,1.1229166666666668
12,5,4,3.5700000000000003,0.0,1.1595833333333334
13,5,4,0.88,1.6,1.16
14,5,4,1.61,0.0,1.1875
15,5,4,0.66,1.03,1.2266666666666666
16,5,4,1.97,0.74,1.1958333333333333
17,5,4,0.0,0.0,1.1958333333333333
18,5,4,0.0,2.86,1.1104166666666668
19,5,4,0.81,0.0,1.245
20,5,4,3.23,5.2,1.0283333333333333
21,5,4,0.0,2.4,0.9558333333333334
22,5,4,0.66,2.86,0.9125
23,5,4,1.82,0.0,0.9333333333333332
0,6,5,0.5,0.0,0.9333333333333332
1,6,5,0.0,0.67,0.9158333333333332
2,6,5,0.25,0.64,0.9491666666666667
3,6,5,1.44,0.0,1.01875
4,6,5,1.67,3.08,0.8904166666666667
5,6,5,0.0,0.0,0.8904166666666667
6,6,5,0.0,2.3,1.1112499999999998
7,6,5,7.6,0.0,1.1404166666666666
8,6,5,0.7,0.0,1.1404166666666666
9,6,5,0.0,0.0,1.1404166666666666
10,6,5,0.0,0.0,1.1404166666666666
11,6,5,0.0,3.5700000000000003,1.0041666666666667
12,6,5,0.3,0.88,1.1170833333333332
13,6,5,3.59,1.61,1.0733333333333333
14,6,5,0.56,0.66,1.1258333333333332
15,6,5,1.92,1.97,1.075
16,6,5,0.75,0.0,1.075
17,6,5,0.0,0.0,1.1570833333333332
18,6,5,1.97,0.81,1.2270833333333333
19,6,5,2.49,3.23,1.1837499999999999
20,6,5,2.19,0.0,1.1837499999999999
21,6,5,0.0,0.66,1.2879166666666666
22,6,5,3.16,1.82,1.2958333333333332
23,6,5,2.01,0.5,1.4458333333333335
0,7,6,4.1,0.0,1.4929166666666667
1,7,6,1.13,0.25,1.5583333333333333
2,7,6,1.82,1.44,1.498333333333333
3,7,6,0.0,1.67,1.42875
4,7,6,0.0,0.0,1.59
5,7,6,3.87,0.0,1.6129166666666668
6,7,6,0.55,7.6,1.3375000000000001
7,7,6,0.99,0.7,1.3966666666666667
8,7,6,2.12,0.0,1.5845833333333335
9,7,6,4.51,0.0,1.5999999999999999
10,7,6,0.37,0.0,1.7179166666666668
11,7,6,2.83,0.3,1.73625
12,7,6,0.74,3.59,1.5866666666666667
13,7,6,0.0,0.56,1.6199999999999999
14,7,6,1.36,1.92,1.6675000000000002
15,7,6,3.06,0.75,1.6362500000000002
16,7,6,0.0,0.0,1.6362500000000002
17,7,6,0.0,1.97,1.5541666666666665
18,7,6,0.0,2.49,1.4820833333333334
19,7,6,0.76,2.19,1.3908333333333331
20,7,6,0.0,0.0,1.4391666666666667
21,7,6,1.16,3.16,1.3345833333333335
22,7,6,0.65,2.01,1.2766666666666666
23,7,6,0.62,4.1,1.1633333333333333
0,8,0,1.38,1.13,1.2933333333333332
1,8,0,4.25,1.82,1.2175
2,8,0,0.0,0.0,1.2295833333333333
3,8,0,0.29,0.0,1.2420833333333332
4,8,0,0.3,3.87,1.0808333333333333
5,8,0,0.0,0.55,1.1333333333333333
6,8,0,1.81,0.99,1.13625
7,8,0,1.06,2.12,1.1904166666666665
8,8,0,3.42,4.51,1.0025
9,8,0,0.0,0.37,0.9870833333333332
10,8,0,0.0,2.83,0.9433333333333334
11,8,0,1.78,0.74,0.9691666666666666
12,8,0,1.36,0.0,1.0370833333333331
13,8,0,1.63,1.36,1.0183333333333333
14,8,0,0.91,3.06,0.8908333333333333
15,8,0,0.0,0.0,1.02
16,8,0,3.1,0.0,1.08125
17,8,0,1.47,0.0,1.1308333333333334
18,8,0,1.19,0.76,1.15875
19,8,0,1.43,0.0,1.3133333333333332
20,8,0,3.71,1.16,1.3012499999999998
21,8,0,0.87,0.65,1.3637499999999998
22,8,0,2.15,0.62,1.36625
23,8,0,0.68,1.38,1.385
0,9,1,1.83,4.25,1.2079166666666667
1,9,1,0.0,0.0,1.2458333333333333
2,9,1,0.91,0.29,1.2862500000000001
3,9,1,1.26,0.3,1.3791666666666667
4,9,1,2.53,0.0,1.4270833333333333
5,9,1,1.15,1.81,1.3516666666666666
6,9,1,0.0,1.06,1.3074999999999999
7,9,1,0.0,3.42,1.165
8,9,1,0.0,0.0,1.165
9,9,1,0.0,0.0,1.1983333333333335
10,9,1,0.7999999999999999,1.78,1.2645833333333334
11,9,1,3.37,1.36,1.23125
12,9,1,0.56,1.63,1.2383333333333335
13,9,1,1.8,0.91,1.2891666666666668
14,9,1,2.13,0.0,1.3579166666666669
15,9,1,1.65,3.1,1.3620833333333333
16,9,1,3.2,1.47,1.3183333333333334
17,9,1,0.42,1.19,1.26875
18,9,1,0.0,1.43,1.2091666666666667
19,9,1,0.0,3.71,1.0545833333333332
20,9,1,0.0,0.87,1.0883333333333334
21,9,1,1.6800000000000002,2.15,1.0895833333333333
22,9,1,2.18,0.68,1.0804166666666666
23,9,1,0.46,1.83,1.0833333333333333
0,10,2,1.9,0.0,1.0833333333333333
1,10,2,0.0,0.91,1.0454166666666669
2,10,2,0.0,1.26,1.1770833333333333
3,10,2,4.42,2.53,1.1841666666666666
4,10,2,2.7,1.15,1.175
5,10,2,0.93,0.0,1.205
6,10,2,0.72,0.0,1.4429166666666668
7,10,2,5.71,0.0,1.5250000000000001
8,10,2,1.97,0.0,1.6795833333333334
9,10,2,3.71,0.7999999999999999,1.736666666666667
10,10,2,2.17,3.37,1.5962500000000002
11,10,2,0.0,0.56,1.5729166666666667
12,10,2,0.0,1.8,1.4979166666666668
13,10,2,0.0,2.13,1.409166666666667
14,10,2,0.0,1.65,1.3708333333333333
15,10,2,0.73,3.2,1.3375000000000001
16,10,2,2.4000000000000004,0.42,1.3541666666666667
17,10,2,0.82,0.0,1.4304166666666667
18,10,2,1.83,0.0,1.4304166666666667
19,10,2,0.0,0.0,1.5216666666666667
20,10,2,2.19,1.6800000000000002,1.6954166666666666
21,10,2,5.85,2.18,1.6045833333333335
22,10,2,0.0,0.46,1.5854166666666665
23,10,2,0.0,1.9,1.5362500000000001
0,11,3,0.72,0.0,1.57
1,11,3,0.81,0.0,1.57
2,11,3,0.0,4.42,1.445
3,11,3,1.42,2.7,1.3833333333333335
4,11,3,1.22,0.93,1.42125
5,11,3,1.84,0.72,1.4225
6,11,3,0.75,5.71,1.1845833333333335
7,11,3,0.0,1.97,1.1645833333333333
8,11,3,1.4899999999999998,3.71,1.01
9,11,3,0.0,2.17,0.9195833333333333
10,11,3,0.0,0.0,1.04
11,11,3,2.89,0.0,1.19625
12,11,3,3.75,0.0,1.3495833333333334
13,11,3,3.68,0.0,1.3679166666666667
14,11,3,0.44,0.73,1.4491666666666667
15,11,3,2.68,2.4000000000000004,1.4012499999999999
16,11,3,1.25,0.82,1.4279166666666665
17,11,3,1.46,1.83,1.3820833333333333
18,11,3,0.73,0.0,1.4229166666666666
19,11,3,0.98,2.19,1.3316666666666668
20,11,3,0.0,5.85,1.1270833333333334
21,11,3,0.94,0.0,1.1270833333333334
22,11,3,0.0,0.0,1.22
23,11,3,2.23,0.72,1.2475
0,12,4,1.38,0.81,1.2654166666666666
1,12,4,1.24,0.0,1.36125
2,12,4,2.3,1.42,1.3020833333333333
3,12,4,0.0,1.22,1.29875
4,12,4,1.14,1.84,1.2508333333333332
5,12,4,0.6900000000000001,0.75,1.2195833333333332
6,12,4,0.0,0.0,1.2979166666666666
7,12,4,1.88,1.4899999999999998,1.3175
8,12,4,1.96,0.0,1.425
9,12,4,2.58,0.0,1.425
10,12,4,0.0,2.89,1.3045833333333332
11,12,4,0.0,3.75,1.2641666666666667
12,12,4,2.78,3.68,1.1108333333333333
13,12,4,0.0,0.44,1.1933333333333331
14,12,4,2.42,2.68,1.1345833333333333
15,12,4,1.27,1.25,1.1575
16,12,4,1.8,1.46,1.0966666666666667
17,12,4,0.0,0.73,1.06625
18,12,4,0.0,0.98,1.0354166666666667
19,12,4,0.24,0.0,1.0354166666666667
20,12,4,0.0,0.94,1.0487499999999998
21,12,4,1.26,0.0,1.1424999999999998
22,12,4,2.25,2.23,1.1354166666666665
23,12,4,2.06,1.38,1.1308333333333334
0,13,5,1.27,1.24,1.1158333333333335
1,13,5,0.88,2.3,1.02
2,13,5,0.0,0.0,1.02
3,13,5,0.0,1.14,1.0341666666666667
4,13,5,1.48,0.6900000000000001,1.0054166666666668
5,13,5,0.0,0.0,1.0054166666666668
6,13,5,0.0,1.88,0.9270833333333334
7,13,5,0.0,1.96,0.9854166666666666
8,13,5,3.36,2.58,0.91
9,13,5,0.77,0.0,1.0483333333333333
10,13,5,3.3200000000000003,0.0,1.1816666666666666
11,13,5,3.2,2.78,1.12625
12,13,5,1.45,0.0,1.1925
13,13,5,1.59,2.42,1.1170833333333334
14,13,5,0.61,1.27,1.1091666666666666
15,13,5,1.08,1.8,1.1708333333333334
16,13,5,3.28,0.0,1.1708333333333334
17,13,5,0.0,0.0,1.3175000000000001
18,13,5,3.52,0.24,1.3075
19,13,5,0.0,0.0,1.3408333333333333
20,13,5,0.7999999999999999,1.26,1.3454166666666667
21,13,5,1.37,2.25,1.2516666666666667
22,13,5,0.0,2.06,1.2325000000000002
23,13,5,1.6,1.27,1.1795833333333334
0,14,6,0.0,0.88,1.1541666666666666
1,14,6,0.27,0.0,1.2245833333333334
2,14,6,1.69,0.0,1.3508333333333333
3,14,6,3.03,1.48,1.3945833333333333
4,14,6,2.53,0.0,1.4562499999999998
5,14,6,1.48,0.0,1.57
6,14,6,2.73,0.0,1.7654166666666666
7,14,6,4.69,3.36,1.6254166666666665
8,14,6,0.0,0.77,1.6133333333333335
9,14,6,0.48,3.3200000000000003,1.4750000000000003
10,14,6,0.0,3.2,1.4204166666666669
11,14,6,1.89,1.45,1.4012499999999999
12,14,6,0.99,1.59,1.3929166666666666
13,14,6,1.39,0.61,1.4479166666666667
14,14,6,1.93,1.08,1.4029166666666668
15,14,6,0.0,3.28,1.28875
16,14,6,0.54,0.0,1.28875
17,14,6,0.0,3.52,1.1420833333333333
18,14,6,0.0,0.0,1.1554166666666668
19,14,6,0.32,0.7999999999999999,1.1849999999999998
20,14,6,1.51,1.37,1.1279166666666667
21,14,6,0.0,0.0,1.2020833333333334
22,14,6,1.78,1.6,1.1354166666666667
23,14,6,0.0,0.0,1.1354166666666667
0,15,0,0.0,0.27,1.145
1,15,0,0.5,1.69,1.1104166666666666
2,15,0,0.86,3.03,0.9841666666666667
3,15,0,0.0,2.53,0.9654166666666667
4,15,0,2.08,1.48,0.9945833333333334
5,15,0,2.18,2.73,0.9929166666666666
6,15,0,2.69,4.69,0.8908333333333335
7,15,0,2.24,0.0,0.9908333333333333
8,15,0,2.4,0.48,1.0633333333333335
9,15,0,2.22,0.0,1.1125
10,15,0,1.18,1.89,1.0808333333333333
11,15,0,1.13,0.99,1.055
12,15,0,0.37,1.39,1.1358333333333335
13,15,0,3.33,1.93,1.0554166666666667
14,15,0,0.0,0.0,1.1345833333333333
15,15,0,1.9,0.54,1.2054166666666666
16,15,0,2.24,0.0,1.2054166666666666
17,15,0,0.0,0.0,1.2054166666666666
18,15,0,0.0,0.32,1.24125
19,15,0,1.18,1.51,1.1783333333333335
20,15,0,0.0,0.0,1.1783333333333335
21,15,0,0.0,1.78,1.1041666666666667
22,15,0,0.0,0.0,1.1854166666666666
23,15,0,1.95,0.0,1.1854166666666666
0,16,1,0.0,0.5,1.1775
1,16,1,0.31,0.86,1.18625
2,16,1,1.07,0.0,1.2345833333333334
3,16,1,1.16,2.08,1.28125
4,16,1,3.2,2.18,1.24125
5,16,1,1.22,2.69,1.1291666666666667
6,16,1,0.0,2.24,1.115
7,16,1,1.9,2.4,1.1404166666666666
8,16,1,3.01,2.22,1.1875
9,16,1,3.35,1.18,1.1779166666666667
10,16,1,0.95,1.13,1.2229166666666667
11,16,1,2.21,0.37,1.2595833333333333
12,16,1,1.25,3.33,1.2104166666666667
13,16,1,2.15,0.0,1.2283333333333333
14,16,1,0.43,1.9,1.2933333333333332
15,16,1,3.46,2.24,1.26375
16,16,1,1.53,0.0,1.4495833333333332
17,16,1,4.46,0.0,1.5175
18,16,1,1.63,1.18,1.5283333333333333
19,16,1,1.44,0.0,1.6920833333333334
20,16,1,3.93,0.0,1.6920833333333334
21,16,1,0.0,0.0,1.7004166666666667
22,16,1,0.2,1.95,1.6608333333333334
23,16,1,1.0,0.0,1.6608333333333334
0,17,2,0.0,0.31,1.7212500000000002
1,17,2,1.76,1.07,1.6966666666666665
2,17,2,0.48,1.16,1.6483333333333332
3,17,2,0.0,3.2,1.515
4,17,2,0.0,1.22,1.4833333333333332
5,17,2,0.46,0.0,1.5454166666666664
6,17,2,1.49,1.9,1.68875
7,17,2,5.34,3.01,1.6312499999999999
8,17,2,1.63,3.35,1.7233333333333334
9,17,2,5.5600000000000005,0.95,1.7070833333333335
10,17,2,0.56,2.21,1.6150000000000002
11,17,2,0.0,1.25,1.6383333333333334
12,17,2,1.81,2.15,1.54875
13,17,2,0.0,0.43,1.5308333333333335
14,17,2,0.0,3.46,1.4945833333333336
15,17,2,2.59,1.53,1.5625
16,17,2,3.16,4.46,1.5391666666666666
17,17,2,3.9,1.63,1.5266666666666666
18,17,2,1.33,1.44,1.4666666666666668
19,17,2,0.0,3.93,1.3029166666666667
20,17,2,0.0,0.0,1.405
21,17,2,2.45,0.2,1.3966666666666665
22,17,2,0.0,1.0,1.5166666666666666
23,17,2,3.88,0.0,1.5979166666666667
0,18,3,1.95,1.76,1.5337500000000002
1,18,3,0.22,0.48,1.5291666666666668
2,18,3,0.37,0.0,1.6541666666666668
3,18,3,3.0,0.0,1.9120833333333334
4,18,3,6.19,0.46,2.0275000000000003
5,18,3,3.23,1.49,2.097916666666667
6,18,3,3.18,5.34,1.875416666666667
7,18,3,0.0,1.63,1.8454166666666667
8,18,3,0.91,5.5600000000000005,1.6137499999999998
9,18,3,0.0,0.56,1.5904166666666664
10,18,3,0.0,0.0,1.5904166666666664
11,18,3,0.0,1.81,1.515
12,18,3,0.0,0.0,1.5837500000000002
13,18,3,1.65,0.0,1.5837500000000002
14,18,3,0.0,2.59,1.5433333333333332
15,18,3,1.62,3.16,1.4116666666666668
16,18,3,0.0,3.9,1.3129166666666667
17,18,3,1.53,1.33,1.3675
18,18,3,2.64,0.0,1.4195833333333334
19,18,3,1.25,0.0,1.4195833333333334
20,18,3,0.0,2.45,1.3791666666666667
21,18,3,1.48,0.0,1.455
22,18,3,1.82,3.88,1.2933333333333334
23,18,3,0.0,1.95,1.3062500000000001
0,19,4,2.26,0.22,1.2970833333333334
1,19,4,0.0,0.37,1.2816666666666667
2,19,4,0.0,3.0,1.1566666666666667
3,19,4,0.0,6.19,1.0954166666666667
4,19,4,4.720000000000001,3.23,0.9870833333333334
5,19,4,0.63,3.18,0.8666666666666667
6,19,4,0.29,0.0,0.9854166666666667
7,19,4,2.85,0.91,1.0295833333333333
8,19,4,1.97,0.0,1.1033333333333333
9,19,4,1.77,0.0,1.1033333333333333
10,19,4,0.0,0.0,1.1929166666666668
11,19,4,2.15,0.0,1.3108333333333333
12,19,4,2.83,1.65,1.2904166666666668
13,19,4,1.16,0.0,1.32
14,19,4,0.71,1.62,1.28875
15,19,4,0.87,0.0,1.3020833333333333
16,19,4,0.32,1.53,1.3033333333333335
17,19,4,1.56,2.64,1.1933333333333334
18,19,4,0.0,1.25,1.18
19,19,4,0.93,0.0,1.2479166666666666
20,19,4,1.63,1.48,1.18625
21,19,4,0.0,1.82,1.1779166666666667
22,19,4,1.62,0.0,1.1779166666666667
23,19,4,0.0,2.26,1.1091666666666666
0,20,5,0.61,0.0,1.1983333333333335
1,20,5,2.14,0.0,1.3058333333333334
2,20,5,2.58,0.0,1.3058333333333334
3,20,5,0.0,4.720000000000001,1.155
4,20,5,1.1,0.63,1.12875
5,20,5,0.0,0.29,1.16375
6,20,5,1.13,2.85,1.2216666666666667
7,20,5,4.24,1.97,1.1395833333333334
8,20,5,0.0,1.77,1.2733333333333334
9,20,5,4.98,0.0,1.2733333333333334
10,20,5,0.0,2.15,1.18375
11,20,5,0.0,2.83,1.1395833333333334
12,20,5,1.77,1.16,1.09125
13,20,5,0.0,0.71,1.1358333333333333
14,20,5,1.78,0.87,1.1829166666666666
15,20,5,2.0,0.32,1.1695833333333334
16,20,5,0.0,1.56,1.2683333333333333
17,20,5,3.93,0.0,1.3208333333333333
18,20,5,1.26,0.93,1.3787500000000001
19,20,5,2.3200000000000003,1.63,1.4454166666666666
20,20,5,3.23,0.0,1.4454166666666666
21,20,5,0.0,1.62,1.4366666666666668
22,20,5,1.41,0.0,1.4366666666666668
23,20,5,0.0,0.61,1.4112500000000001
0,21,6,0.0,2.14,1.4375
1,21,6,2.77,2.58,1.4083333333333334
2,21,6,1.88,0.0,1.4375
3,21,6,0.7,1.1,1.45625
4,21,6,1.55,0.0,1.5016666666666667
5,21,6,1.09,1.13,1.4545833333333331
6,21,6,0.0,4.24,1.3091666666666668
7,21,6,0.75,0.0,1.4112500000000001
8,21,6,2.45,4.98,1.2691666666666666
9,21,6,1.57,0.0,1.3229166666666667
10,21,6,1.29,0.0,1.3229166666666667
11,21,6,0.0,1.77,1.4095833333333332
12,21,6,3.85,0.0,1.5520833333333333
13,21,6,3.42,1.78,1.5491666666666666
14,21,6,1.71,2.0,1.56625
15,21,6,2.41,0.0,1.56625
16,21,6,0.0,3.93,1.4466666666666665
17,21,6,1.06,1.26,1.4995833333333335
18,21,6,2.53,2.3200000000000003,1.4029166666666668
19,21,6,0.0,3.23,1.3254166666666667
20,21,6,1.37,0.0,1.3254166666666667
21,21,6,0.0,1.41,1.3204166666666666
22,21,6,1.29,0.0,1.4733333333333334
23,21,6,3.67,0.0,1.4733333333333334
0,22,0,0.0,2.77,1.6325000000000003
1,22,0,6.59,1.88,1.5541666666666665
2,22,0,0.0,0.7,1.59875
3,22,0,1.77,1.55,1.5341666666666667
4,22,0,0.0,1.09,1.4887499999999998
5,22,0,0.0,0.0,1.4887499999999998
6,22,0,0.0,0.75,1.4804166666666665
7,22,0,0.55,2.45,1.4108333333333334
8,22,0,0.78,1.57,1.4591666666666667
9,22,0,2.73,1.29,1.4054166666666668
10,22,0,0.0,0.0,1.4175000000000002
11,22,0,0.29,3.85,1.3179166666666668
12,22,0,1.46,3.42,1.2204166666666667
13,22,0,1.08,1.71,1.365
14,22,0,5.18,2.41,1.2645833333333334
15,22,0,0.0,0.0,1.2954166666666667
16,22,0,0.74,1.06,1.3066666666666666
17,22,0,1.33,2.53,1.20125
18,22,0,0.0,0.0,1.20125
19,22,0,0.0,1.37,1.19375
20,22,0,1.19,0.0,1.19375
21,22,0,0.0,1.29,1.14
22,22,0,0.0,3.67,1.03875
23,22,0,1.24,0.0,1.0470833333333334
0,23,1,0.2,6.59,0.8345833333333333
1,23,1,1.49,0.0,0.9783333333333334
2,23,1,3.45,1.77,0.9045833333333334
3,23,1,0.0,0.0,1.0104166666666667
4,23,1,2.54,0.0,1.1225
5,23,1,2.6900000000000004,0.0,1.1866666666666668
6,23,1,1.54,0.55,1.1791666666666667
7,23,1,0.37,0.78,1.3058333333333334
8,23,1,3.82,2.73,1.2449999999999999
9,23,1,1.27,0.0,1.245
10,23,1,0.0,0.29,1.2329166666666667
11,23,1,0.0,1.46,1.2366666666666668
12,23,1,1.5499999999999998,1.08,1.2695833333333333
13,23,1,1.87,5.18,1.155
14,23,1,2.43,0.0,1.2125000000000001
15,23,1,1.38,0.74,1.1816666666666669
16,23,1,0.0,1.33,1.2191666666666667
17,23,1,2.23,0.0,1.3795833333333334
18,23,1,3.85,0.0,1.43
19,23,1,1.21,1.19,1.43
20,23,1,1.19,0.0,1.5170833333333336
21,23,1,2.09,0.0,1.7358333333333336
22,23,1,5.25,1.24,1.8870833333333332
23,23,1,4.87,0.2,1.8908333333333331
0,24,2,0.29,1.49,1.8675
1,24,2,0.93,3.45,1.7595833333333333
2,24,2,0.86,0.0,1.8620833333333333
3,24,2,2.46,2.54,1.7562499999999999
4,24,2,0.0,2.6900000000000004,1.6441666666666668
5,24,2,0.0,1.54,1.6762499999999998
6,24,2,2.31,0.37,1.6608333333333334
7,24,2,0.0,3.82,1.5016666666666667
8,24,2,0.0,1.27,1.5020833333333334
9,24,2,1.28,0.0,1.5912500000000003
10,24,2,2.14,0.0,1.5912500000000003
11,24,2,0.0,1.5499999999999998,1.5266666666666666
12,24,2,0.0,1.87,1.5029166666666667
13,24,2,1.3,2.43,1.4666666666666668
14,24,2,1.56,1.38,1.4091666666666667
15,24,2,0.0,0.0,1.5337500000000002
16,24,2,2.99,2.23,1.4408333333333336
17,24,2,0.0,3.85,1.2804166666666668
18,24,2,0.0,1.21,1.2495833333333335
19,24,2,0.47,1.19,1.2
20,24,2,0.0,2.09,1.1129166666666668
21,24,2,0.0,5.25,0.9270833333333334
22,24,2,0.79,4.87,0.7650000000000001
23,24,2,0.98,0.29,0.7837500000000001
0,25,3,0.74,0.93,0.8525
1,25,3,2.58,0.86,0.8866666666666667
2,25,3,1.68,2.46,0.8404166666666666
3,25,3,1.35,0.0,0.9045833333333335
4,25,3,1.54,0.0,0.9870833333333332
5,25,3,1.98,2.31,0.8908333333333333
6,25,3,0.0,0.0,0.9020833333333335
7,25,3,0.27,0.0,0.9020833333333335
8,25,3,0.0,1.28,0.8945833333333333
9,25,3,1.1,2.14,0.83875
10,25,3,0.8,0.0,0.8579166666666668
11,25,3,0.46,0.0,0.9958333333333335
12,25,3,3.31,1.3,0.9416666666666668
13,25,3,0.0,1.56,0.9558333333333332
14,25,3,1.9,0.0,0.9891666666666666
15,25,3,0.8,2.99,0.9429166666666667
16,25,3,1.88,0.0,1.0029166666666667
17,25,3,1.44,0.0,1.0425
18,25,3,0.95,0.47,1.0229166666666665
19,25,3,0.0,0.0,1.07375
20,25,3,1.22,0.0,1.1995833333333332
21,25,3,3.02,0.79,1.2370833333333333
22,25,3,1.69,0.98,1.3158333333333332
23,25,3,2.87,0.74,1.315
0,26,4,0.72,2.58,1.2074999999999998
1,26,4,0.0,1.68,1.1375
2,26,4,0.0,1.35,1.08125
3,26,4,0.0,1.54,1.1224999999999998
4,26,4,2.53,1.98,1.09
5,26,4,1.2,0.0,1.09
6,26,4,0.0,0.27,1.14875
7,26,4,1.68,0.0,1.1604166666666667
8,26,4,0.28,1.1,1.1670833333333333
9,26,4,1.26,0.8,1.13375
10,26,4,0.0,0.46,1.2175
11,26,4,2.47,3.31,1.1591666666666667
12,26,4,1.91,0.0,1.2554166666666666
13,26,4,2.31,1.9,1.1762499999999998
14,26,4,0.0,0.8,1.1779166666666667
15,26,4,0.84,1.88,1.2091666666666665
16,26,4,2.63,1.44,1.2183333333333333
17,26,4,1.66,0.95,1.2941666666666667
18,26,4,2.77,0.0,1.3154166666666667
19,26,4,0.51,1.22,1.4437499999999999
20,26,4,4.3,3.02,1.3629166666666668
21,26,4,1.08,1.69,1.4016666666666666
22,26,4,2.62,2.87,1.3270833333333334
23,26,4,1.08,0.72,1.2970833333333334
0,27,5,0.0,0.0,1.4620833333333334
1,27,5,3.96,0.0,1.4620833333333334
2,27,5,0.0,0.0,1.4620833333333334
3,27,5,0.0,2.53,1.4691666666666665
4,27,5,2.7,1.2,1.4191666666666665
5,27,5,0.0,0.0,1.4191666666666665
6,27,5,0.0,1.68,1.5229166666666665
7,27,5,4.17,0.28,1.5870833333333334
8,27,5,1.82,1.26,1.75
9,27,5,5.17,0.0,1.8058333333333332
10,27,5,1.34,2.47,1.79875
11,27,5,2.3,1.91,1.719166666666667
12,27,5,0.0,2.31,1.6958333333333335
13,27,5,1.75,0.0,1.7291666666666667
14,27,5,0.8,0.84,1.6941666666666666
15,27,5,0.0,2.63,1.5845833333333335
16,27,5,0.0,1.66,1.5154166666666666
17,27,5,0.0,2.77,1.5733333333333335
18,27,5,4.16,0.51,1.5520833333333333
19,27,5,0.0,4.3,1.5775
20,27,5,4.91,1.08,1.6095833333333334
21,27,5,1.85,2.62,1.500416666666667
22,27,5,0.0,1.08,1.4554166666666666
23,27,5,0.0,0.0,1.4554166666666666
0,28,6,0.0,3.96,1.2904166666666668
1,28,6,0.0,0.0,1.2904166666666668
2,28,6,0.0,0.0,1.2904166666666668
3,28,6,0.0,2.7,1.2541666666666667
4,28,6,1.83,0.0,1.3904166666666669
5,28,6,3.27,0.0,1.4141666666666668
6,28,6,0.57,4.17,1.3670833333333334
7,28,6,3.04,1.82,1.29125
8,28,6,0.0,5.17,1.1879166666666667
9,28,6,2.69,1.34,1.1716666666666666
10,28,6,0.95,2.3,1.0758333333333334
11,28,6,0.0,0.0,1.1579166666666667
12,28,6,1.97,1.75,1.14625
13,28,6,1.47,0.8,1.1808333333333334
14,28,6,1.63,0.0,1.2054166666666666
15,28,6,0.59,0.0,1.2470833333333333
16,28,6,1.0,0.0,1.2470833333333333
17,28,6,0.0,4.16,1.1166666666666667
18,28,6,1.03,0.0,1.21125
19,28,6,2.27,4.91,1.0066666666666666
20,28,6,0.0,1.85,0.9295833333333333
21,28,6,0.0,0.0,1.0108333333333333
22,28,6,1.95,0.0,1.0108333333333333
23,28,6,0.0,0.0,1.0108333333333333
0,29,0,0.0,0.0,1.0108333333333333
1,29,0,0.0,0.0,1.0641666666666667
2,29,0,1.28,0.0,1.0929166666666665
3,29,0,0.69,1.83,1.0166666666666666
4,29,0,0.0,3.27,0.9516666666666667
5,29,0,1.71,0.57,0.9279166666666666
6,29,0,0.0,3.04,0.80125
7,29,0,0.0,0.0,0.9395833333333333
8,29,0,3.32,2.69,0.8275
9,29,0,0.0,0.95,0.84375
10,29,0,1.34,0.0,1.0025000000000002
11,29,0,3.81,1.97,0.9533333333333335
12,29,0,0.79,1.47,0.9654166666666666
13,29,0,1.76,1.63,0.9658333333333333
14,29,0,1.64,0.59,0.94125
15,29,0,0.0,1.0,1.00125
16,29,0,2.44,0.0,1.1004166666666666
17,29,0,2.38,1.03,1.1479166666666665
18,29,0,2.17,2.27,1.0533333333333335
19,29,0,0.0,0.0,1.1841666666666666
20,29,0,3.14,0.0,1.1841666666666666
21,29,0,0.0,1.95,1.2045833333333333
22,29,0,2.44,0.0,1.25875
23,29,0,1.3,0.0,1.3895833333333334
0,30,1,3.14,0.0,1.45125
1,30,1,1.48,1.28,1.4129166666666666
2,30,1,0.36,0.69,1.4045833333333333
3,30,1,0.49,0.0,1.4566666666666668
4,30,1,1.25,1.71,1.3854166666666667
5,30,1,0.0,0.0,1.46875
6,30,1,2.0,0.0,1.46875
7,30,1,0.0,3.32,1.42375
8,30,1,2.24,0.0,1.42375
9,30,1,0.0,1.34,1.3679166666666667
10,30,1,0.0,3.81,1.2975
11,30,1,2.12,0.79,1.2645833333333334
12,30,1,0.0,1.76,1.2691666666666668
13,30,1,1.87,1.64,1.2008333333333334
14,30,1,0.0,0.0,1.2766666666666666
15,30,1,1.82,2.44,1.29875
16,30,1,2.97,2.38,1.2570833333333333
17,30,1,1.38,2.17,1.22
18,30,1,1.28,0.0,1.22
19,30,1,0.0,3.14,1.0891666666666666
20,30,1,0.0,0.0,1.1904166666666667
21,30,1,2.43,2.44,1.08875
22,30,1,0.0,1.3,1.0495833333333333
23,30,1,0.36,3.14,1.0487499999999998
0,31,2,3.12,1.48,1.0666666666666667
1,31,2,1.91,0.36,1.1541666666666666
2,31,2,2.46,0.49,1.13375
3,31,2,0.0,1.25,1.10625
4,31,2,0.59,0.0,1.1175
5,31,2,0.27,2.0,1.0341666666666667
6,31,2,0.0,0.0,1.0341666666666667
7,31,2,0.0,2.24,0.9891666666666666
8,31,2,1.16,0.0,0.9891666666666666
9,31,2,0.0,0.0,1.0895833333333333
10,31,2,2.41,2.12,1.0716666666666668
11,31,2,1.69,0.0,1.1966666666666665
12,31,2,3.0,1.87,1.1966666666666665
13,31,2,1.87,0.0,1.2079166666666667
14,31,2,0.27,1.82,1.1420833333333333
15,31,2,0.24,2.97,1.23125
16,31,2,5.109999999999999,1.38,1.2741666666666667
17,31,2,2.41,1.28,1.2208333333333334
18,31,2,0.0,0.0,1.2208333333333334
19,31,2,0.0,0.0,1.2208333333333334
20,31,2,0.0,2.43,1.285
21,31,2,3.97,0.0,1.3454166666666667
22,31,2,1.45,0.36,1.3908333333333331
23,31,2,1.45,3.12,1.3008333333333333
0,1,3,0.96,1.91,1.23
1,1,3,0.21,2.46,1.1275
2,1,3,0.0,0.0,1.2266666666666666
3,1,3,2.38,0.59,1.2020833333333334
4,1,3,0.0,0.27,1.1908333333333332
5,1,3,0.0,0.0,1.24
6,1,3,1.1800000000000002,0.0,1.2504166666666667
7,1,3,0.25,1.16,1.2020833333333334
8,1,3,0.0,0.0,1.2020833333333334
9,1,3,0.0,2.41,1.1529166666666668
10,1,3,1.23,1.69,1.1358333333333333
11,1,3,1.28,3.0,1.1325
12,1,3,2.92,1.87,1.2479166666666668
13,1,3,4.640000000000001,0.27,1.5104166666666667
14,1,3,6.57,0.24,1.569583333333333
15,1,3,1.66,5.109999999999999,1.3566666666666667
16,1,3,0.0,2.41,1.25625
17,1,3,0.0,0.0,1.25625
18,1,3,0.0,0.0,1.3079166666666666
19,1,3,1.24,0.0,1.3079166666666666
20,1,3,0.0,3.97,1.1425
21,1,3,0.0,1.45,1.155
22,1,3,1.75,1.45,1.0945833333333332
23,1,3,0.0,0.96,1.2033333333333334
0,2,4,3.5700000000000003,0.21,1.1945833333333333
1,2,4,0.0,0.0,1.1945833333333333
2,2,4,0.0,2.38,1.1675
3,2,4,1.73,0.0,1.2654166666666669
4,2,4,2.35,0.0,1.3191666666666668
5,2,4,1.29,1.1800000000000002,1.27
6,2,4,0.0,0.25,1.2975
7,2,4,0.91,0.0,1.3266666666666667
8,2,4,0.7,0.0,1.3266666666666667
9,2,4,0.0,1.23,1.2874999999999999
10,2,4,0.29,1.28,1.2791666666666668
11,2,4,1.08,2.92,1.2270833333333333
12,2,4,1.67,4.640000000000001,1.03375
13,2,4,0.0,6.57,0.7599999999999999
14,2,4,0.0,1.66,0.77375
15,2,4,1.99,0.0,0.77375
16,2,4,0.0,0.0,0.9058333333333333
17,2,4,3.17,0.0,0.9058333333333333
18,2,4,0.0,1.24,0.8725
19,2,4,0.44,0.0,0.8725
20,2,4,0.0,0.0,0.9283333333333333
21,2,4,1.34,1.75,0.8554166666666667
22,2,4,0.0,0.0,0.8554166666666667
23,2,4,0.0,3.5700000000000003,0.7066666666666667
0,3,5,0.0,0.0,0.7679166666666667
1,3,5,1.47,0.0,0.9408333333333334
2,3,5,4.15,1.73,0.9495833333333333
3,3,5,1.94,2.35,0.96875
4,3,5,2.81,1.29,0.915
5,3,5,0.0,0.0,0.915
6,3,5,0.0,0.91,1.0254166666666666
7,3,5,3.56,0.7,1.0604166666666666
8,3,5,1.54,0.0,1.0604166666666666
9,3,5,0.0,0.29,1.1416666666666668
10,3,5,2.24,1.08,1.1741666666666666
11,3,5,1.86,1.67,1.1879166666666667
12,3,5,2.0,0.0,1.3825
13,3,5,4.67,0.0,1.4283333333333335
14,3,5,1.1,1.99,1.3454166666666667
15,3,5,0.0,0.0,1.4045833333333333
16,3,5,1.42,3.17,1.2845833333333334
17,3,5,0.29,0.0,1.3820833333333333
18,3,5,2.34,0.44,1.4233333333333336
19,3,5,1.43,0.0,1.4425000000000001
20,3,5,0.46,1.34,1.455
21,3,5,1.64,0.0,1.5545833333333334
22,3,5,2.39,0.0,1.64625
23,3,5,2.2,0.0,1.7170833333333333
0,4,6,1.7,1.47,1.6558333333333335
1,4,6,0.0,4.15,1.5308333333333335
2,4,6,1.15,1.94,1.5795833333333331
3,4,6,3.1100000000000003,2.81,1.522916666666667
4,4,6,1.45,0.0,1.7229166666666667
5,4,6,4.8,0.0,1.83875
6,4,6,2.78,3.56,1.7241666666666668
7,4,6,0.81,1.54,1.6916666666666667
8,4,6,0.76,0.0,1.8920833333333336
9,4,6,4.8100000000000005,2.24,1.8433333333333335
10,4,6,1.07,1.86,1.8404166666666668
11,4,6,1.79,2.0,1.7570833333333333
12,4,6,0.0,4.67,1.6720833333333331
13,4,6,2.63,1.1,1.62625
14,4,6,0.0,0.0,1.62625
15,4,6,0.0,1.42,1.6754166666666668
16,4,6,2.6,0.29,1.6633333333333333
17,4,6,0.0,2.34,1.5745833333333332
18,4,6,0.21,1.43,1.5758333333333334
19,4,6,1.46,0.46,1.5566666666666666
20,4,6,0.0,1.64,1.5208333333333333
21,4,6,0.78,2.39,1.42125
22,4,6,0.0,2.2,1.3991666666666667
23,4,6,1.67,1.7,1.39375
0,5,0,1.57,0.0,1.5266666666666666
1,5,0,3.19,1.15,1.6920833333333334
2,5,0,5.12,3.1100000000000003,1.5625
3,5,0,0.0,1.45,1.5020833333333332
4,5,0,0.0,4.8,1.3812499999999999
5,5,0,1.9,2.78,1.3074999999999999
6,5,0,1.01,0.81,1.27375
7,5,0,0.0,0.76,1.3220833333333333
8,5,0,1.92,4.8100000000000005,1.1566666666666667
9,5,0,0.84,1.07,1.2100000000000002
10,5,0,2.35,1.79,1.2225
11,5,0,2.09,0.0,1.2841666666666667
12,5,0,1.48,2.63,1.1933333333333334
13,5,0,0.45,0.0,1.3083333333333333
14,5,0,2.76,0.0,1.3995833333333332
15,5,0,2.19,2.6,1.29125
16,5,0,0.0,0.0,1.29125
17,5,0,0.0,0.21,1.3283333333333334
18,5,0,1.1,1.46,1.3116666666666668
19,5,0,1.06,0.0,1.4404166666666667
20,5,0,3.09,0.78,1.4079166666666667
21,5,0,0.0,0.0,1.47
22,5,0,1.49,1.67,1.5549999999999997
23,5,0,3.71,1.57,1.6220833333333333
0,6,1,3.18,3.19,1.4891666666666667
1,6,1,0.0,5.12,1.3491666666666668
2,6,1,1.76,0.0,1.39875
3,6,1,1.19,0.0,1.39875
4,6,1,0.0,1.9,1.3483333333333334
5,6,1,0.69,1.01,1.4087500000000002
6,6,1,2.46,0.0,1.4087500000000002
7,6,1,0.0,1.92,1.32875
8,6,1,0.0,0.84,1.3483333333333334
9,6,1,1.31,2.35,1.2504166666666665
10,6,1,0.0,2.09,1.2083333333333333
11,6,1,1.08,1.48,1.1712500000000001
12,6,1,0.59,0.45,1.1525
13,6,1,0.0,2.76,1.0604166666666666
14,6,1,0.55,2.19,1.0954166666666667
15,6,1,3.03,0.0,1.16875
16,6,1,1.76,0.0,1.3016666666666665
17,6,1,3.19,1.1,1.3545833333333335
18,6,1,2.37,1.06,1.3645833333333333
19,6,1,1.3,3.09,1.2358333333333333
20,6,1,0.0,0.0,1.2358333333333333
21,6,1,0.0,1.49,1.2525000000000002
22,6,1,1.89,3.71,1.1620833333333334
23,6,1,1.54,3.18,1.0295833333333333
0,7,2,0.0,0.0,1.0866666666666667
1,7,2,1.37,1.76,1.0666666666666667
2,7,2,1.28,1.19,1.0541666666666667
3,7,2,0.89,0.0,1.1391666666666667
4,7,2,2.04,0.69,1.125
5,7,2,0.35,2.46,1.0225
6,7,2,0.0,0.0,1.0225
7,7,2,0.0,0.0,1.17
8,7,2,3.54,1.31,1.1812500000000001
9,7,2,1.58,0.0,1.1812500000000001
10,7,2,0.0,1.08,1.13625
11,7,2,0.0,0.59,1.2116666666666667
12,7,2,2.4,0.0,1.2370833333333333
13,7,2,0.61,0.55,1.2141666666666666
14,7,2,0.0,3.03,1.0879166666666666
15,7,2,0.0,1.76,1.0145833333333332
16,7,2,0.0,3.19,0.8816666666666667
17,7,2,0.0,2.37,0.80625
18,7,2,0.56,1.3,0.8095833333333333
19,7,2,1.38,0.0,0.8095833333333333
20,7,2,0.0,0.0,0.94125
21,7,2,3.16,1.89,0.8624999999999999
22,7,2,0.0,1.54,0.85875
23,7,2,1.4500000000000002,0.0,0.9791666666666666
0,8,3,2.89,1.37,0.9954166666666667
1,8,3,1.76,1.28,0.9866666666666667
2,8,3,1.07,0.89,1.0495833333333333
3,8,3,2.4,2.04,1.08125
4,8,3,2.8,0.35,1.1408333333333334
5,8,3,1.78,0.0,1.1641666666666668
6,8,3,0.56,0.0,1.1891666666666667
7,8,3,0.6,3.54,1.0416666666666667
8,8,3,0.0,1.58,1.0933333333333333
9,8,3,2.82,0.0,1.0933333333333333
10,8,3,0.0,0.0,1.0933333333333333
11,8,3,0.0,2.4,1.0137500000000002
12,8,3,0.49,0.61,0.9883333333333334
13,8,3,0.0,0.0,0.9883333333333334
14,8,3,0.0,0.0,1.0762500000000002
15,8,3,2.11,0.0,1.18
16,8,3,2.49,0.0,1.2950000000000002
17,8,3,2.76,0.56,1.4233333333333331
18,8,3,3.64,1.38,1.4483333333333335
19,8,3,1.98,0.0,1.5125000000000002
20,8,3,1.54,3.16,1.3808333333333334
21,8,3,0.0,0.0,1.3808333333333334
22,8,3,0.0,1.4500000000000002,1.3204166666666668
23,8,3,0.0,2.89,1.2
0,9,4,0.0,1.76,1.1654166666666665
1,9,4,0.93,1.07,1.1208333333333333
2,9,4,0.0,2.4,1.0208333333333333
3,9,4,0.0,2.8,0.92625
4,9,4,0.53,1.78,0.8520833333333334
5,9,4,0.0,0.56,0.8845833333333334
6,9,4,1.34,0.6,0.8979166666666667
7,9,4,0.92,0.0,0.8979166666666667
8,9,4,0.0,2.82,0.8941666666666667
9,9,4,2.73,0.0,0.9829166666666667
10,9,4,2.13,0.0,0.9829166666666667
11,9,4,0.0,0.49,0.9624999999999999
12,9,4,0.0,0.0,1.0241666666666667
13,9,4,1.48,0.0,1.0241666666666667
14,9,4,0.0,2.11,0.9525
15,9,4,0.39,2.49,0.9175
16,9,4,1.65,2.76,0.8691666666666666
17,9,4,1.6,3.64,0.81625
18,9,4,2.37,1.98,0.7791666666666667
19,9,4,1.09,1.54,0.7295833333333333
20,9,4,0.35,0.0,0.7495833333333333
21,9,4,0.48,0.0,0.7833333333333333
22,9,4,0.81,0.0,0.8624999999999999
23,9,4,1.9,0.0,0.90625
0,10,5,1.05,0.93,0.8779166666666667
1,10,5,0.25,0.0,0.8779166666666667
2,10,5,0.0,0.0,0.9295833333333333
3,10,5,1.24,0.53,1.1491666666666667
4,10,5,5.8,0.0,1.1866666666666665
5,10,5,0.9,1.34,1.2175
6,10,5,2.08,0.92,1.4004166666666666
7,10,5,5.31,0.0,1.4458333333333335
8,10,5,1.09,2.73,1.5170833333333331
9,10,5,4.44,2.13,1.4641666666666664
10,10,5,0.86,0.0,1.4641666666666664
11,10,5,0.0,0.0,1.4641666666666664
12,10,5,0.0,1.48,1.4024999999999999
13,10,5,0.0,0.0,1.4154166666666665
14,10,5,0.31,0.39,1.3991666666666667
15,10,5,0.0,1.65,1.3304166666666666
16,10,5,0.0,1.6,1.3158333333333332
17,10,5,1.25,2.37,1.2341666666666666
18,10,5,0.41,1.09,1.18875
19,10,5,0.0,0.35,1.1741666666666666
20,10,5,0.0,0.48,1.1824999999999999
21,10,5,0.6799999999999999,0.81,1.14875
22,10,5,0.0,1.9,1.0695833333333333
23,10,5,0.0,1.05,1.0775
0,11,6,1.24,0.25,1.1416666666666666
1,11,6,1.79,0.0,1.22875
2,11,6,2.09,1.24,1.1908333333333332
3,11,6,0.33,5.8,0.9824999999999999
4,11,6,0.8,0.9,0.98
5,11,6,0.84,2.08,0.99625
6,11,6,2.47,5.31,0.8175
7,11,6,1.02,1.09,0.8116666666666666
8,11,6,0.95,4.44,0.7949999999999999
9,11,6,4.04,0.86,0.9220833333333333
10,11,6,3.91,0.0,0.9220833333333333
11,11,6,0.0,0.0,0.9220833333333333
12,11,6,0.0,0.0,0.9220833333333333
13,11,6,0.0,0.31,0.9091666666666667
14,11,6,0.0,0.0,0.9091666666666667
15,11,6,0.0,0.0,0.9091666666666667
16,11,6,0.0,1.25,0.9712500000000001
17,11,6,2.74,0.41,0.9708333333333333
18,11,6,0.4,0.0,1.0154166666666666
19,11,6,1.07,0.0,1.1370833333333334
20,11,6,2.92,0.6799999999999999,1.1516666666666666
21,11,6,1.03,0.0,1.1516666666666666
22,11,6,0.0,0.0,1.1516666666666666
23,11,6,0.0,1.24,1.1475
0,12,0,1.14,1.79,1.1354166666666667
1,12,0,1.5,2.09,1.0654166666666667
2,12,0,0.41,0.33,1.0516666666666667
3,12,0,0.0,0.8,1.0183333333333333
4,12,0,0.0,0.84,1.0091666666666668
5,12,0,0.62,2.47,0.9170833333333333
6,12,0,0.26,1.02,0.9420833333333333
7,12,0,1.62,0.95,0.9183333333333333
8,12,0,0.38,4.04,0.7958333333333334
9,12,0,1.1,3.91,0.6945833333333334
10,12,0,1.48,0.0,0.8429166666666666
11,12,0,3.56,0.0,0.8429166666666666
12,12,0,0.0,0.0,0.8429166666666666
13,12,0,0.0,0.0,0.9125000000000001
14,12,0,1.67,0.0,1.0445833333333334
15,12,0,3.17,0.0,1.1825
16,12,0,3.31,2.74,1.0683333333333334
17,12,0,0.0,0.4,1.08625
18,12,0,0.83,1.07,1.1104166666666666
19,12,0,1.65,2.92,0.9887499999999999
20,12,0,0.0,1.03,1.0725
21,12,0,3.04,0.0,1.1145833333333333
22,12,0,1.01,0.0,1.1145833333333333
23,12,0,0.0,1.14,1.0670833333333334
0,13,1,0.0,1.5,1.0045833333333334
1,13,1,0.0,0.41,1.0541666666666667
2,13,1,1.6,0.0,1.08
3,13,1,0.62,0.0,1.1095833333333334
4,13,1,0.71,0.62,1.1849999999999998
5,13,1,2.43,0.26,1.1741666666666666
6,13,1,0.0,1.62,1.1845833333333333
7,13,1,1.87,0.38,1.2454166666666666
8,13,1,1.84,1.1,1.2829166666666667
9,13,1,2.0,1.48,1.2966666666666666
10,13,1,1.81,3.56,1.2904166666666668
11,13,1,3.41,0.0,1.3758333333333335
12,13,1,2.05,0.0,1.3758333333333335
13,13,1,0.0,1.67,1.30625
14,13,1,0.0,3.17,1.1741666666666666
15,13,1,0.0,3.31,1.0995833333333334
16,13,1,1.52,0.0,1.0995833333333334
17,13,1,0.0,0.83,1.1516666666666666
18,13,1,2.08,1.65,1.1933333333333334
19,13,1,2.65,0.0,1.2195833333333335
20,13,1,0.63,3.04,1.1591666666666667
21,13,1,1.59,1.01,1.1170833333333334
22,13,1,0.0,0.0,1.18375
23,13,1,1.6,0.0,1.2541666666666667
0,14,2,1.69,0.0,1.2808333333333335
1,14,2,0.64,1.6,1.2758333333333334
2,14,2,1.48,0.62,1.3283333333333334
3,14,2,1.88,0.71,1.4308333333333334
4,14,2,3.17,2.43,1.4058333333333335
5,14,2,1.83,0.0,1.4775
6,14,2,1.72,1.87,1.46875
7,14,2,1.66,1.84,1.50125
8,14,2,2.62,2.0,1.4179166666666667
9,14,2,0.0,1.81,1.3425
10,14,2,0.0,3.41,1.3154166666666667
11,14,2,2.76,2.05,1.3475000000000001
12,14,2,2.8200000000000003,0.0,1.4245833333333335
13,14,2,1.85,0.0,1.4579166666666667
14,14,2,0.8,0.0,1.5129166666666667
15,14,2,1.32,1.52,1.4604166666666665
16,14,2,0.26,0.0,1.4604166666666665
17,14,2,0.0,2.08,1.4008333333333332
18,14,2,0.65,2.65,1.2904166666666668
19,14,2,0.0,0.63,1.3283333333333334
20,14,2,1.54,1.59,1.2729166666666667
21,14,2,0.26,0.0,1.2729166666666667
22,14,2,0.0,1.6,1.20625
23,14,2,0.0,1.69,1.1358333333333335
0,15,3,0.0,0.64,1.1091666666666666
1,15,3,0.0,1.48,1.1279166666666667
2,15,3,1.93,1.88,1.0995833333333334
3,15,3,1.2,3.17,1.1941666666666666
4,15,3,5.44,1.83,1.1725
5,15,3,1.31,1.72,1.1120833333333333
6,15,3,0.27,1.66,1.1125
7,15,3,1.67,2.62,1.1270833333333334
8,15,3,2.97,0.0,1.2683333333333333
9,15,3,3.39,0.0,1.4541666666666666
10,15,3,4.46,2.76,1.3650000000000002
11,15,3,0.62,2.8200000000000003,1.2475
12,15,3,0.0,1.85,1.1704166666666667
13,15,3,0.0,0.8,1.28
14,15,3,3.43,1.32,1.2791666666666666
15,15,3,1.3,0.26,1.3029166666666667
16,15,3,0.83,0.0,1.4345833333333333
17,15,3,3.16,0.65,1.4679166666666668
18,15,3,1.45,0.0,1.572916666666667
19,15,3,2.52,1.54,1.5170833333333331
20,15,3,0.2,0.26,1.6191666666666666
21,15,3,2.71,0.0,1.6316666666666668
22,15,3,0.3,0.0,1.78125
23,15,3,3.59,0.0,1.78125
0,16,4,0.0,0.0,1.8433333333333335
1,16,4,1.49,1.93,1.7629166666666667
2,16,4,0.0,1.2,1.7129166666666669
3,16,4,0.0,5.44,1.5995833333333334
4,16,4,2.72,1.31,1.56625
5,16,4,0.51,0.27,1.6341666666666665
6,16,4,1.9,1.67,1.6366666666666667
7,16,4,1.73,2.97,1.6145833333333333
8,16,4,2.44,3.39,1.4733333333333334
9,16,4,0.0,4.46,1.3033333333333335
10,16,4,0.38,0.62,1.2995833333333333
11,16,4,0.53,0.0,1.4075
12,16,4,2.59,0.0,1.62625
13,16,4,5.25,3.43,1.5662500000000001
14,16,4,1.99,1.3,1.5120833333333332
15,16,4,0.0,0.83,1.4933333333333332
16,16,4,0.38,3.16,1.4583333333333333
17,16,4,2.3200000000000003,1.45,1.4145833333333335
18,16,4,0.4,2.52,1.3095833333333333
19,16,4,0.0,0.2,1.3583333333333334
20,16,4,1.37,2.71,1.3529166666666665
21,16,4,2.58,0.3,1.4399999999999997
22,16,4,2.39,3.59,1.3291666666666668
23,16,4,0.93,0.0,1.4120833333333334
0,17,5,1.99,1.49,1.3499999999999999
1,17,5,0.0,0.0,1.3712499999999999
2,17,5,0.51,0.0,1.3712499999999999
3,17,5,0.0,2.72,1.2925
4,17,5,0.83,0.51,1.3254166666666667
5,17,5,1.3,1.9,1.4100000000000001
6,17,5,3.93,1.73,1.4204166666666669
7,17,5,1.98,2.44,1.31875
8,17,5,0.0,0.0,1.31875
9,17,5,0.0,0.38,1.3029166666666667
10,17,5,0.0,0.53,1.2808333333333335
11,17,5,0.0,2.59,1.2216666666666667
12,17,5,1.17,5.25,1.1287500000000001
13,17,5,3.02,1.99,1.1120833333333333
14,17,5,1.59,0.0,1.1120833333333333
15,17,5,0.0,0.38,1.2579166666666668
16,17,5,3.88,2.3200000000000003,1.2066666666666668
17,17,5,1.09,0.4,1.1900000000000002
18,17,5,0.0,0.0,1.27
19,17,5,1.92,1.37,1.2820833333333332
20,17,5,1.66,2.58,1.1745833333333333
21,17,5,0.0,2.39,1.075
22,17,5,0.0,0.93,1.1533333333333333
23,17,5,2.81,1.99,1.1433333333333333
0,18,6,1.75,0.0,1.1433333333333333
1,18,6,0.0,0.51,1.1220833333333333
2,18,6,0.0,0.0,1.1908333333333332
3,18,6,1.65,0.83,1.15625
4,18,6,0.0,1.3,1.1020833333333333
5,18,6,0.0,3.93,1.1508333333333332
6,18,6,5.1,1.98,1.1254166666666665
7,18,6,1.37,0.0,1.1254166666666665
8,18,6,0.0,0.0,1.1254166666666665
9,18,6,0.0,0.0,1.17125
10,18,6,1.1,0.0,1.3254166666666667
11,18,6,3.7,1.17,1.345
12,18,6,1.64,3.02,1.2191666666666665
13,18,6,0.0,1.59,1.1529166666666666
14,18,6,0.0,0.0,1.1529166666666666
15,18,6,0.0,3.88,1.0570833333333332
16,18,6,1.58,1.09,1.075
17,18,6,1.52,0.0,1.075
18,18,6,0.0,1.92,1.0975
19,18,6,2.46,1.66,1.1025
20,18,6,1.78,0.0,1.1404166666666666
21,18,6,0.91,0.0,1.26875
22,18,6,3.08,2.81,1.1516666666666666
23,18,6,0.0,1.75,1.2108333333333332
0,19,0,3.17,0.0,1.3549999999999998
1,19,0,3.46,0.0,1.38875
2,19,0,0.81,1.65,1.505
3,19,0,4.44,0.0,1.5391666666666666
4,19,0,0.82,0.0,1.6420833333333331
5,19,0,2.47,5.1,1.4295833333333334
6,19,0,0.0,1.37,1.3724999999999998
7,19,0,0.0,0.0,1.4500000000000002
8,19,0,1.86,0.0,1.4500000000000002
9,19,0,0.0,1.1,1.4475
10,19,0,1.04,3.7,1.3745833333333335
11,19,0,1.95,1.64,1.5175
12,19,0,5.07,0.0,1.5287499999999998
13,19,0,0.27,0.0,1.5404166666666665
14,19,0,0.28,0.0,1.5404166666666665
15,19,0,0.0,1.58,1.5279166666666668
16,19,0,1.28,1.52,1.4645833333333333
17,19,0,0.0,0.0,1.5925
18,19,0,3.07,2.46,1.6066666666666665
19,19,0,2.8,1.78,1.6083333333333334
20,19,0,1.82,0.91,1.5704166666666666
21,19,0,0.0,3.08,1.5241666666666667
22,19,0,1.97,0.0,1.6287500000000001
23,19,0,2.51,3.17,1.4966666666666668
0,20,1,0.0,3.46,1.5274999999999999
1,20,1,4.2,0.81,1.4937499999999997
2,20,1,0.0,4.44,1.3508333333333333
3,20,1,1.01,0.82,1.3991666666666667
4,20,1,1.98,2.47,1.3366666666666667
5,20,1,0.97,0.0,1.3891666666666664
6,20,1,1.26,0.0,1.41125
7,20,1,0.53,1.86,1.42375
8,20,1,2.16,0.0,1.42375
9,20,1,0.0,1.04,1.4608333333333334
10,20,1,1.93,1.95,1.4454166666666666
11,20,1,1.58,5.07,1.2341666666666666
12,20,1,0.0,0.27,1.3533333333333333
13,20,1,3.13,0.28,1.3779166666666665
14,20,1,0.87,0.0,1.5045833333333334
15,20,1,3.04,1.28,1.45125
16,20,1,0.0,0.0,1.45125
17,20,1,0.0,3.07,1.4279166666666665
18,20,1,2.51,2.8,1.3804166666666664
19,20,1,1.66,1.82,1.3779166666666667
20,20,1,1.76,0.0,1.4141666666666666
21,20,1,0.87,1.97,1.4979166666666666
22,20,1,3.98,2.51,1.54625
23,20,1,3.67,0.0,1.54625
0,21,2,0.0,4.2,1.5145833333333334
1,21,2,3.4400000000000004,0.0,1.5962499999999997
2,21,2,1.96,1.01,1.5541666666666665
3,21,2,0.0,1.98,1.5470833333333334
4,21,2,1.81,0.97,1.539583333333333
5,21,2,0.79,1.26,1.5058333333333334
6,21,2,0.45,0.53,1.5329166666666667
7,21,2,1.18,2.16,1.4429166666666668
8,21,2,0.0,0.0,1.4429166666666668
9,21,2,0.0,1.93,1.3741666666666668
10,21,2,0.28,1.58,1.3083333333333333
11,21,2,0.0,0.0,1.3975
12,21,2,2.14,3.13,1.2670833333333333
13,21,2,0.0,0.87,1.2308333333333332
14,21,2,0.0,3.04,1.1041666666666667
15,21,2,0.0,0.0,1.1041666666666667
16,21,2,0.0,0.0,1.1216666666666668
17,21,2,0.42,2.51,1.1429166666666666
18,21,2,3.02,1.66,1.1266666666666667
19,21,2,1.27,1.76,1.1233333333333333
20,21,2,1.68,0.87,1.1154166666666667
21,21,2,0.68,3.98,0.9495833333333333
22,21,2,0.0,3.67,0.7966666666666667
23,21,2,0.0,0.0,0.7966666666666667
0,22,3,0.0,3.4400000000000004,0.69375
1,22,3,0.97,1.96,0.7483333333333334
2,22,3,3.27,0.0,0.8554166666666667
3,22,3,2.5700000000000003,1.81,0.7800000000000001
4,22,3,0.0,0.79,0.8683333333333333
5,22,3,2.91,0.45,0.9025
6,22,3,1.27,1.18,0.915
7,22,3,1.48,0.0,0.9695833333333334
8,22,3,1.31,0.0,1.0208333333333333
9,22,3,1.23,0.28,1.0091666666666668
10,22,3,0.0,0.0,1.1079166666666669
11,22,3,2.37,2.14,1.1733333333333333
12,22,3,3.71,0.0,1.1733333333333333
13,22,3,0.0,0.0,1.1900000000000002
14,22,3,0.4,0.0,1.2841666666666667
15,22,3,2.26,0.0,1.3041666666666667
16,22,3,0.48,0.42,1.3325
17,22,3,1.1,3.02,1.3066666666666666
18,22,3,2.4000000000000004,1.27,1.25375
19,22,3,0.0,1.68,1.28125
20,22,3,2.34,0.68,1.2529166666666667
21,22,3,0.0,0.0,1.3879166666666667
22,22,3,3.24,0.0,1.5591666666666668
23,22,3,4.11,0.0,1.5591666666666668
0,23,4,0.0,0.97,1.57875
1,23,4,1.44,3.27,1.4425
2,23,4,0.0,2.5700000000000003,1.3354166666666665
3,23,4,0.0,0.0,1.4054166666666665
4,23,4,1.68,2.91,1.45125
5,23,4,4.01,1.27,1.4425000000000001
6,23,4,1.06,1.48,1.3808333333333334
7,23,4,0.0,1.31,1.3262500000000002
8,23,4,0.0,1.23,1.2750000000000001
9,23,4,0.0,0.0,1.3445833333333335
10,23,4,1.67,2.37,1.3004166666666668
11,23,4,1.31,3.71,1.1958333333333335
12,23,4,1.2,0.0,1.1958333333333335
13,23,4,0.0,0.4,1.1879166666666665
14,23,4,0.21,2.26,1.1895833333333334
15,23,4,2.3,0.48,1.2479166666666668
16,23,4,1.88,1.1,1.2020833333333334
17,23,4,0.0,2.4000000000000004,1.1633333333333333
18,23,4,1.47,0.0,1.1633333333333333
19,23,4,0.0,2.34,1.2241666666666668
20,23,4,3.8,0.0,1.2241666666666668
21,23,4,0.0,3.24,1.1304166666666666
22,23,4,0.99,4.11,1.0029166666666667
23,23,4,1.05,0.0,1.1199999999999999
0,24,5,2.81,1.44,1.16375
1,24,5,2.49,0.0,1.16375
2,24,5,0.0,0.0,1.2154166666666666
3,24,5,1.24,1.68,1.2208333333333332
4,24,5,1.81,4.01,1.05375
5,24,5,0.0,1.06,1.04125
6,24,5,0.76,0.0,1.2116666666666667
7,24,5,4.09,0.0,1.2383333333333333
8,24,5,0.64,0.0,1.2383333333333333
9,24,5,0.0,1.67,1.2420833333333332
10,24,5,1.7599999999999998,1.31,1.2470833333333333
11,24,5,1.43,1.2,1.22625
12,24,5,0.7,0.0,1.22625
13,24,5,0.0,0.21,1.3345833333333335
14,24,5,2.8100000000000005,2.3,1.23875
15,24,5,0.0,1.88,1.1979166666666667
16,24,5,0.9,0.0,1.37875
17,24,5,4.34,1.47,1.3687500000000001
18,24,5,1.23,0.0,1.4383333333333332
19,24,5,1.67,3.8,1.28
20,24,5,0.0,0.0,1.28
21,24,5,0.0,0.99,1.2608333333333335
22,24,5,0.53,1.05,1.3070833333333332
23,24,5,2.16,2.81,1.1900000000000002
0,25,6,0.0,2.49,1.1649999999999998
1,25,6,1.89,0.0,1.2220833333333332
2,25,6,1.37,1.24,1.20625
3,25,6,0.86,1.81,1.2125000000000001
4,25,6,1.96,0.0,1.2125000000000001
5,25,6,0.0,0.76,1.2708333333333333
6,25,6,2.16,4.09,1.2766666666666666
7,25,6,4.23,0.64,1.35875
8,25,6,2.61,0.0,1.4124999999999999
9,25,6,1.29,1.7599999999999998,1.36
10,25,6,0.5,1.43,1.3004166666666668
11,25,6,0.0,0.7,1.47375
12,25,6,4.86,0.0,1.5079166666666666
13,25,6,0.82,2.8100000000000005,1.4549999999999998
14,25,6,1.54,0.0,1.5125
15,25,6,1.38,0.9,1.5329166666666667
16,25,6,1.39,4.34,1.3520833333333335
17,25,6,0.0,1.23,1.3645833333333333
18,25,6,1.53,1.67,1.3208333333333333
19,25,6,0.62,0.0,1.4495833333333332
20,25,6,3.09,0.0,1.4808333333333332
21,25,6,0.75,0.53,1.53125
22,25,6,1.74,2.16,1.4729166666666667
23,25,6,0.76,0.0,1.50875
0,26,0,0.86,1.89,1.4391666666666667
1,26,0,0.22,1.37,1.4954166666666666
2,26,0,2.72,0.86,1.4595833333333335
3,26,0,0.0,1.96,1.406666666666667
4,26,0,0.69,0.0,1.486666666666667
5,26,0,1.92,2.16,1.4925
6,26,0,2.3,4.23,1.4154166666666665
7,26,0,2.38,2.61,1.38375
8,26,0,1.85,1.29,1.3925
9,26,0,1.5,0.5,1.3716666666666668
10,26,0,0.0,0.0,1.4004166666666666
11,26,0,0.69,4.86,1.1979166666666667
12,26,0,0.0,0.82,1.2129166666666666
13,26,0,1.18,1.54,1.2141666666666666
14,26,0,1.57,1.38,1.2145833333333333
15,26,0,1.39,1.39,1.2129166666666666
16,26,0,1.35,0.0,1.2375
17,26,0,0.59,1.53,1.17375
18,26,0,0.0,0.62,1.18375
19,26,0,0.86,3.09,1.0783333333333334
20,26,0,0.56,0.75,1.0470833333333334
21,26,0,0.0,1.74,1.0125
22,26,0,0.91,0.76,1.0295833333333333
23,26,0,1.17,0.86,0.99375
0,27,1,0.0,0.22,1.0220833333333332
1,27,1,0.9,2.72,0.9208333333333334
2,27,1,0.29,0.0,0.9208333333333334
3,27,1,0.0,0.69,0.8920833333333333
4,27,1,0.0,1.92,0.8120833333333334
5,27,1,0.0,2.3,0.7595833333333334
6,27,1,1.04,2.38,0.6604166666666668
7,27,1,0.0,1.85,0.61625
8,27,1,0.7899999999999999,1.5,0.55375
9,27,1,0.0,0.0,0.6133333333333333
10,27,1,1.43,0.69,0.5845833333333333
11,27,1,0.0,0.0,0.5845833333333333
12,27,1,0.0,1.18,0.6220833333333333
13,27,1,2.08,1.57,0.5841666666666666
14,27,1,0.66,1.39,0.5808333333333334
15,27,1,1.31,1.35,0.5245833333333333
16,27,1,0.0,0.59,0.5729166666666666
17,27,1,1.75,0.0,0.6533333333333333
18,27,1,1.93,0.86,0.6175
19,27,1,0.0,0.56,0.6733333333333333
20,27,1,1.9,0.0,0.8208333333333333
21,27,1,3.54,0.91,0.8079166666666667
22,27,1,0.6,1.17,0.89125
23,27,1,3.17,0.0,0.9633333333333334
0,28,2,1.73,0.9,1.03375
1,28,2,2.59,0.29,1.125
2,28,2,2.48,0.0,1.22625
3,28,2,2.43,0.0,1.22625
4,28,2,0.0,0.0,1.2854166666666667
5,28,2,1.42,1.04,1.2420833333333334
6,28,2,0.0,0.0,1.2741666666666667
7,28,2,0.77,0.7899999999999999,1.3570833333333334
8,28,2,2.78,0.0,1.3570833333333334
9,28,2,0.0,1.43,1.2975
10,28,2,0.0,0.0,1.2975
11,28,2,0.0,0.0,1.3729166666666668
12,28,2,1.81,2.08,1.3629166666666668
13,28,2,1.84,0.66,1.335416666666667
14,28,2,0.0,1.31,1.3345833333333335
15,28,2,1.29,0.0,1.3687500000000001
16,28,2,0.82,1.75,1.4845833333333334
17,28,2,4.53,1.93,1.4858333333333336
18,28,2,1.96,0.0,1.4858333333333336
19,28,2,0.0,1.9,1.4333333333333336
20,28,2,0.64,3.54,1.3533333333333333
21,28,2,1.62,0.6,1.3387499999999999
22,28,2,0.25,3.17,1.2579166666666668
23,28,2,1.23,1.73,1.1858333333333333
0,29,3,0.0,2.59,1.0779166666666666
1,29,3,0.0,2.48,0.9745833333333334
2,29,3,0.0,2.43,0.8733333333333334
3,29,3,0.0,0.0,0.99125
4,29,3,2.83,1.42,1.0725
5,29,3,3.37,0.0,1.1445833333333335
6,29,3,1.73,0.77,1.2091666666666667
7,29,3,2.32,2.78,1.14
8,29,3,1.12,0.0,1.14
9,29,3,0.0,0.0,1.2116666666666667
10,29,3,1.72,0.0,1.2295833333333335
11,29,3,0.43,1.81,1.3033333333333332
12,29,3,3.58,1.84,1.2695833333333333
13,29,3,1.03,0.0,1.2858333333333334
14,29,3,0.39,1.29,1.2320833333333334
15,29,3,0.0,0.82,1.3299999999999998
16,29,3,3.17,4.53,1.2208333333333334
17,29,3,1.91,1.96,1.1879166666666667
18,29,3,1.17,0.0,1.2533333333333334
19,29,3,1.57,0.64,1.2266666666666668
20,29,3,0.0,1.62,1.1591666666666667
21,29,3,0.0,0.25,1.1995833333333332
22,29,3,1.22,1.23,1.23125
23,29,3,1.99,0.0,1.30375
0,30,4,1.74,0.0,1.30375
1,30,4,0.0,0.0,1.30375
2,30,4,0.0,0.0,1.3645833333333333
3,30,4,1.46,2.83,1.3383333333333336
4,30,4,2.2,3.37,1.3154166666666667
5,30,4,2.8200000000000003,1.73,1.2895833333333333
6,30,4,1.11,2.32,1.2983333333333333
7,30,4,2.53,1.12,1.3012499999999998
8,30,4,1.19,0.0,1.3670833333333332
9,30,4,1.58,1.72,1.3683333333333332
10,30,4,1.75,0.43,1.5112499999999998
11,30,4,3.86,3.58,1.4570833333333333
12,30,4,2.28,1.03,1.5295833333333333
13,30,4,2.77,0.39,1.5220833333333335
14,30,4,0.21,0.0,1.5220833333333335
15,30,4,0.0,3.17,1.4041666666666666
16,30,4,0.34,1.91,1.4445833333333333
17,30,4,2.88,1.17,1.5508333333333333
18,30,4,3.72,1.57,1.5495833333333333
19,30,4,1.54,0.0,1.64
20,30,4,2.17,0.0,1.7195833333333332
21,30,4,1.91,1.22,1.7895833333333335
22,30,4,2.9,1.99,1.7249999999999999
23,30,4,0.44,1.74,1.72875
0,1,5,1.83,0.0,1.7391666666666667
1,1,5,0.25,0.0,1.7604166666666667
2,1,5,0.51,1.46,1.7120833333333334
3,1,5,0.3,2.2,1.6920833333333334
4,1,5,1.7200000000000002,2.8200000000000003,1.6441666666666668
5,1,5,1.67,1.11,1.6633333333333333
6,1,5,1.57,2.53,1.6608333333333334
7,1,5,2.47,1.19,1.6850000000000003
8,1,5,1.77,1.58,1.7637500000000002
9,1,5,3.47,1.75,1.7041666666666668
10,1,5,0.32,3.86,1.5433333333333337
11,1,5,0.0,2.28,1.54625
12,1,5,2.35,2.77,1.49
13,1,5,1.42,0.21,1.58375
14,1,5,2.46,0.0,1.58375
15,1,5,0.0,0.34,1.5695833333333333
16,1,5,0.0,2.88,1.5541666666666665
17,1,5,2.51,3.72,1.4408333333333332
18,1,5,1.0,1.54,1.3766666666666667
19,1,5,0.0,2.17,1.3191666666666666
20,1,5,0.79,1.91,1.3541666666666667
21,1,5,2.75,2.9,1.2333333333333334
22,1,5,0.0,0.44,1.215
23,1,5,0.0,1.83,1.1495833333333334
0,2,6,0.26,0.25,1.2233333333333334
1,2,6,2.02,0.51,1.2141666666666666
2,2,6,0.29,0.3,1.3
3,2,6,2.36,1.7200000000000002,1.2554166666666668
4,2,6,0.65,1.67,1.1858333333333333
5,2,6,0.0,1.57,1.1829166666666666
6,2,6,1.5,2.47,1.08
7,2,6,0.0,1.77,1.1783333333333335
8,2,6,4.13,3.47,1.10625
9,2,6,1.74,0.32,1.1120833333333333
10,2,6,0.46,0.0,1.1120833333333333
11,2,6,0.0,2.35,1.0141666666666667
12,2,6,0.0,1.42,0.9550000000000001
13,2,6,0.0,2.46,0.8716666666666667
14,2,6,0.46,0.0,0.8841666666666668
15,2,6,0.3,0.0,1.0016666666666667
16,2,6,2.82,2.51,0.8970833333333332
17,2,6,0.0,1.0,0.8683333333333333
18,2,6,0.31,0.0,0.9249999999999999
19,2,6,1.36,0.79,0.8920833333333333
20,2,6,0.0,2.75,0.8408333333333333
21,2,6,1.52,0.0,0.8408333333333333
22,2,6,0.0,0.0,0.97375
23,2,6,3.19,0.26,0.9629166666666666
0,3,0,0.0,2.02,0.87875
1,3,0,0.0,0.29,0.8666666666666667
2,3,0,0.0,2.36,0.96875
3,3,0,4.8100000000000005,0.65,0.9416666666666665
4,3,0,0.0,0.0,1.005
5,3,0,1.52,1.5,0.9424999999999999
6,3,0,0.0,0.0,1.0883333333333332
7,3,0,3.5,4.13,0.9679166666666666
8,3,0,1.24,1.74,0.9370833333333334
9,3,0,1.0,0.46,0.9704166666666666
10,3,0,1.26,0.0,1.0591666666666668
11,3,0,2.13,0.0,1.0908333333333333
12,3,0,0.76,0.0,1.2120833333333334
13,3,0,2.91,0.46,1.1929166666666666
14,3,0,0.0,0.3,1.1804166666666667
15,3,0,0.0,2.82,1.1137500000000002
16,3,0,1.22,0.0,1.1137500000000002
17,3,0,0.0,0.31,1.1920833333333334
18,3,0,2.19,1.36,1.1354166666666667
19,3,0,0.0,0.0,1.1516666666666666
20,3,0,0.39,1.52,1.1458333333333333
21,3,0,1.38,0.0,1.1458333333333333
22,3,0,0.0,3.19,1.0262499999999999
23,3,0,0.32,0.0,1.0645833333333334
0,4,1,0.92,0.0,1.1329166666666668
1,4,1,1.64,0.0,1.2479166666666666
2,4,1,2.76,4.8100000000000005,1.08375
3,4,1,0.87,0.0,1.14875
4,4,1,1.56,1.52,1.1433333333333333
5,4,1,1.39,0.0,1.1433333333333333
6,4,1,0.0,3.5,1.075
7,4,1,1.86,1.24,1.0770833333333334
8,4,1,1.29,1.0,1.0354166666666667
9,4,1,0.0,1.26,1.0691666666666668
10,4,1,2.0700000000000003,2.13,0.9920833333333333
11,4,1,0.28,0.76,0.9604166666666667
12,4,1,0.0,2.91,1.0254166666666666
13,4,1,4.47,0.0,1.0254166666666666
14,4,1,0.0,0.0,1.0254166666666666
15,4,1,0.0,1.22,1.04625
16,4,1,1.72,0.0,1.04625
17,4,1,0.0,2.19,1.0866666666666667
18,4,1,3.16,0.0,1.14875
19,4,1,1.49,0.39,1.2708333333333333
20,4,1,3.3200000000000003,1.38,1.2241666666666668
21,4,1,0.26,0.0,1.2345833333333334
22,4,1,0.25,0.32,1.33125
23,4,1,2.64,0.92,1.32125
0,5,2,0.68,1.64,1.28125
1,5,2,0.68,2.76,1.16625
2,5,2,0.0,0.87,1.1300000000000001
3,5,2,0.0,1.56,1.10375
4,5,2,0.93,1.39,1.1104166666666668
5,5,2,1.55,0.0,1.1900000000000002
6,5,2,1.91,1.86,1.1125
7,5,2,0.0,1.29,1.05875
8,5,2,0.0,0.0,1.05875
9,5,2,0.0,2.0700000000000003,1.1758333333333335
10,5,2,4.88,0.28,1.1641666666666668
11,5,2,0.0,0.0,1.2383333333333335
12,5,2,1.78,4.47,1.11
13,5,2,1.39,0.0,1.1395833333333332
14,5,2,0.71,0.0,1.1712500000000001
15,5,2,0.76,1.72,1.2525
16,5,2,3.67,0.0,1.2525
17,5,2,0.0,3.16,1.1958333333333333
18,5,2,1.8,1.49,1.1783333333333335
19,5,2,1.07,3.3200000000000003,1.04
20,5,2,0.0,0.26,1.1416666666666666
21,5,2,2.7,0.25,1.1991666666666667
22,5,2,1.63,2.64,1.1575
23,5,2,1.64,0.68,1.1291666666666667
0,6,3,0.0,0.68,1.1354166666666667
1,6,3,0.83,0.0,1.1354166666666667
2,6,3,0.0,0.0,1.1354166666666667
3,6,3,0.0,0.93,1.0966666666666667
4,6,3,0.0,1.55,1.1241666666666665
5,6,3,2.21,1.91,1.0445833333333334
6,6,3,0.0,0.0,1.1408333333333334
7,6,3,2.31,0.0,1.2125
8,6,3,1.72,0.0,1.3575
9,6,3,3.48,4.88,1.21125
10,6,3,1.37,0.0,1.2279166666666665
11,6,3,0.4,1.78,1.2566666666666666
12,6,3,2.47,1.39,1.35125
13,6,3,3.66,0.71,1.3216666666666665
14,6,3,0.0,0.76,1.3720833333333333
15,6,3,1.97,3.67,1.2191666666666667
16,6,3,0.0,0.0,1.2441666666666666
17,6,3,0.6,1.8,1.2625
18,6,3,2.24,1.07,1.3025
19,6,3,2.03,0.0,1.3454166666666667
20,6,3,1.03,2.7,1.2575
21,6,3,0.59,1.63,1.2483333333333333
22,6,3,1.41,1.64,1.3245833333333332
23,6,3,3.47,0.0,1.3245833333333332
0,7,4,0.0,0.83,1.29
1,7,4,0.0,0.0,1.4466666666666665
2,7,4,3.76,0.0,1.4791666666666667
3,7,4,0.78,0.0,1.5045833333333334
4,7,4,0.61,2.21,1.4124999999999999
5,7,4,0.0,0.0,1.4124999999999999
6,7,4,0.0,2.31,1.3925
7,7,4,1.83,1.72,1.4025
8,7,4,1.96,3.48,1.3033333333333335
9,7,4,1.1,1.37,1.32125
10,7,4,1.8,0.4,1.3241666666666667
11,7,4,0.47,2.47,1.2212500000000002
12,7,4,0.0,3.66,1.085
13,7,4,0.39,0.0,1.1191666666666666
14,7,4,0.82,1.97,1.0370833333333334
15,7,4,0.0,0.0,1.0570833333333332
16,7,4,0.48,0.6,1.0962500000000002
17,7,4,1.54,2.24,1.0395833333333333
18,7,4,0.88,2.03,0.9550000000000001
19,7,4,0.0,1.03,0.99375
20,7,4,1.96,0.59,1.0308333333333335
21,7,4,1.48,1.41,1.0783333333333334
22,7,4,2.5500000000000003,3.47,1.0662500000000001
23,7,4,3.18,0.0,1.1
0,8,5,0.81,0.0,1.0999999999999999
1,8,5,0.0,3.76,0.9670833333333334
2,8,5,0.57,0.78,1.015
3,8,5,1.93,0.61,1.0329166666666667
4,8,5,1.04,0.0,1.0329166666666667
5,8,5,0.0,0.0,1.0329166666666667
6,8,5,0.0,1.83,0.9566666666666667
7,8,5,0.0,1.96,0.9283333333333333
8,8,5,1.28,1.1,0.8825
9,8,5,0.0,1.8,0.8779166666666667
10,8,5,1.69,0.47,0.9249999999999999
11,8,5,1.6,0.0,0.9249999999999999
12,8,5,0.0,0.39,0.90875
13,8,5,0.0,0.82,0.9349999999999999
14,8,5,1.45,0.0,1.0254166666666666
15,8,5,2.17,0.48,1.0295833333333333
16,8,5,0.58,1.54,1.1525
17,8,5,4.49,0.88,1.19
18,8,5,1.78,0.0,1.19
19,8,5,0.0,1.96,1.2645833333333334
20,8,5,3.75,1.48,1.3291666666666666
21,8,5,3.03,2.5500000000000003,1.3095833333333335
22,8,5,2.08,3.18,1.30375
23,8,5,3.04,0.81,1.27
0,9,6,0.0,0.0,1.3399999999999999
1,9,6,1.68,0.57,1.31625
2,9,6,0.0,1.93,1.3004166666666668
3,9,6,1.55,1.04,1.5416666666666667
4,9,6,6.83,0.0,1.5829166666666667
5,9,6,0.99,0.0,1.6083333333333334
6,9,6,0.61,0.0,1.6370833333333332
7,9,6,0.69,1.28,1.6587500000000002
8,9,6,1.8,0.0,1.72875
9,9,6,1.68,1.69,1.7220833333333332
10,9,6,1.53,1.6,1.7283333333333335
11,9,6,1.75,0.0,1.8045833333333334
12,9,6,1.83,0.0,1.8241666666666667
13,9,6,0.47,1.45,1.8462499999999997
14,9,6,1.98,2.17,1.8512500000000003
15,9,6,2.29,0.58,1.8958333333333333
16,9,6,1.65,4.49,1.8058333333333334
17,9,6,2.33,1.78,1.835416666666667
18,9,6,2.49,0.0,1.835416666666667
19,9,6,0.0,3.75,1.7058333333333335
20,9,6,0.64,3.03,1.5795833333333336
21,9,6,0.0,2.08,1.492916666666667
22,9,6,0.0,3.04,1.4279166666666667
23,9,6,1.48,0.0,1.5350000000000001
0,10,0,2.5700000000000003,1.68,1.5312500000000002
1,10,0,1.59,0.0,1.6587500000000002
2,10,0,3.06,1.55,1.66625
3,10,0,1.73,6.83,1.4633333333333336
4,10,0,1.96,0.99,1.4879166666666668
5,10,0,1.58,0.61,1.5145833333333334
6,10,0,1.25,0.69,1.5120833333333332
7,10,0,0.63,1.8,1.4649999999999999
8,10,0,0.67,1.68,1.3949999999999998
9,10,0,0.0,1.53,1.33125
10,10,0,0.0,1.75,1.3829166666666666
11,10,0,2.99,1.83,1.3708333333333336
12,10,0,1.54,0.47,1.4416666666666667
13,10,0,2.17,1.98,1.4366666666666665
14,10,0,1.86,2.29,1.5037500000000001
15,10,0,3.9,1.65,1.6000000000000003
16,10,0,3.96,2.33,1.5183333333333335
17,10,0,0.37,2.49,1.5691666666666668
18,10,0,3.71,0.0,1.6125
19,10,0,1.04,0.64,1.6404166666666669
20,10,0,1.31,0.0,1.7283333333333335
21,10,0,2.1100000000000003,0.0,1.8204166666666668
22,10,0,2.21,1.48,1.8608333333333331
23,10,0,2.45,2.5700000000000003,1.8183333333333334
0,11,1,1.55,1.59,1.8166666666666667
1,11,1,1.55,3.06,1.8179166666666664
2,11,1,3.09,1.73,1.8691666666666666
3,11,1,2.96,1.96,1.7874999999999999
4,11,1,0.0,1.58,1.75
5,11,1,0.68,1.25,1.7545833333333334
6,11,1,1.36,0.63,1.7879166666666668
7,11,1,1.43,0.67,1.825
8,11,1,1.56,0.0,1.825
9,11,1,0.0,0.0,1.86125
10,11,1,0.87,2.99,1.7983333333333336
11,11,1,1.48,1.54,1.7445833333333332
12,11,1,0.25,2.17,1.741666666666667
13,11,1,2.1,1.86,1.7075000000000002
14,11,1,1.04,3.9,1.6274999999999997
15,11,1,1.98,3.96,1.5970833333333332
16,11,1,3.23,0.37,1.6537499999999998
17,11,1,1.73,3.71,1.5754166666666667
18,11,1,1.83,1.04,1.5916666666666668
19,11,1,1.43,1.31,1.5370833333333334
20,11,1,0.0,2.1100000000000003,1.4491666666666667
21,11,1,0.0,2.21,1.3570833333333334
22,11,1,0.0,2.45,1.2816666666666667
23,11,1,0.64,1.55,1.2170833333333333
0,12,2,0.0,1.55,1.2079166666666665
1,12,2,1.33,3.09,1.1395833333333334
2,12,2,1.45,2.96,1.01625
3,12,2,0.0,0.0,1.085
4,12,2,1.65,0.68,1.0995833333333334
5,12,2,1.03,1.36,1.0687499999999999
6,12,2,0.62,1.43,1.0395833333333333
7,12,2,0.73,1.56,1.0762500000000002
8,12,2,2.44,0.0,1.1625
9,12,2,2.07,0.87,1.1941666666666666
10,12,2,1.63,1.48,1.1325
11,12,2,0.0,0.25,1.2229166666666667
12,12,2,2.42,2.1,1.1354166666666667
13,12,2,0.0,1.04,1.1266666666666667
14,12,2,0.83,1.98,1.0691666666666666
15,12,2,0.6,3.23,0.9345833333333333
16,12,2,0.0,1.73,1.03875
17,12,2,4.23,1.83,1.0254166666666666
18,12,2,1.51,1.43,0.9804166666666667
19,12,2,0.35,0.0,1.0058333333333334
20,12,2,0.61,0.0,1.09625
21,12,2,2.17,0.0,1.1083333333333332
22,12,2,0.29,0.64,1.1570833333333332
23,12,2,1.81,0.0,1.1795833333333332
0,13,3,0.54,1.33,1.1241666666666668
1,13,3,0.0,1.45,1.0808333333333333
2,13,3,0.41,0.0,1.1291666666666667
3,13,3,1.16,1.65,1.1224999999999998
4,13,3,1.49,1.03,1.0795833333333331
5,13,3,0.0,0.62,1.1079166666666667
6,13,3,1.3,0.73,1.1066666666666667
7,13,3,0.7,2.44,1.0620833333333333
8,13,3,1.37,2.07,1.0079166666666666
9,13,3,0.77,1.63,1.0125
10,13,3,1.74,0.0,1.0125
11,13,3,0.0,2.42,0.9591666666666668
12,13,3,1.14,0.0,1.0737500000000002
13,13,3,2.75,0.83,1.0391666666666666
14,13,3,0.0,0.6,1.0141666666666664
15,13,3,0.0,0.0,1.0141666666666664
16,13,3,0.0,4.23,0.8720833333333333
17,13,3,0.82,1.51,0.8816666666666667
18,13,3,1.74,0.35,0.8670833333333333
19,13,3,0.0,0.61,0.8416666666666667
20,13,3,0.0,2.17,0.7979166666666667
21,13,3,1.12,0.29,0.8454166666666668
22,13,3,1.43,1.81,0.8479166666666665
23,13,3,1.87,0.54,0.8254166666666666
0,14,4,0.0,0.0,0.8254166666666666
1,14,4,0.0,0.41,0.8083333333333332
2,14,4,0.0,1.16,0.7599999999999999
3,14,4,0.0,1.49,0.7329166666666667
4,14,4,0.84,0.0,0.7541666666666668
5,14,4,0.51,1.3,0.7504166666666667
6,14,4,1.21,0.7,0.7487500000000001
7,14,4,0.66,1.37,0.7679166666666667
8,14,4,1.83,0.77,0.7483333333333334
9,14,4,0.3,1.74,0.7275
10,14,4,1.24,0.0,0.7904166666666667
11,14,4,1.51,1.14,0.8170833333333333
12,14,4,1.78,2.75,0.7025
13,14,4,0.0,0.0,0.8116666666666665
14,14,4,2.62,0.0,0.8545833333333333
15,14,4,1.03,0.0,0.9083333333333332
16,14,4,1.29,0.82,0.9508333333333333
17,14,4,1.84,1.74,0.9629166666666666
18,14,4,2.03,0.0,0.9629166666666666
19,14,4,0.0,0.0,1.03375
20,14,4,1.7,1.12,1.0579166666666666
21,14,4,1.7,1.43,1.07125
22,14,4,1.75,1.87,0.9933333333333335
23,14,4,0.0,0.0,0.9933333333333335
0,15,5,0.0,0.0,1.0620833333333335
1,15,5,1.65,0.0,1.1900000000000002
2,15,5,3.07,0.0,1.1900000000000002
3,15,5,0.0,0.84,1.155
4,15,5,0.0,0.51,1.1829166666666666
5,15,5,1.18,1.21,1.1325
6,15,5,0.0,0.66,1.1191666666666666
7,15,5,0.34,1.83,1.0429166666666667
8,15,5,0.0,0.3,1.0816666666666668
9,15,5,1.23,1.24,1.0541666666666665
10,15,5,0.58,1.51,1.0354166666666667
11,15,5,1.06,1.78,1.0941666666666665
12,15,5,3.1900000000000004,0.0,1.0941666666666665
13,15,5,0.0,2.62,0.985
14,15,5,0.0,1.03,0.9691666666666667
15,15,5,0.65,1.29,1.1095833333333334
16,15,5,4.66,1.84,1.0887499999999999
17,15,5,1.34,2.03,1.06125
18,15,5,1.37,0.0,1.1758333333333333
19,15,5,2.75,1.7,1.1050000000000002
20,15,5,0.0,1.7,1.2504166666666665
21,15,5,5.19,1.75,1.2283333333333333
22,15,5,1.22,0.0,1.30875
23,15,5,1.93,0.0,1.30875
0,16,6,0.0,1.65,1.3445833333333335
1,16,6,2.51,3.07,1.27125
2,16,6,1.31,0.0,1.27125
3,16,6,0.0,0.0,1.3479166666666667
4,16,6,1.84,1.18,1.4170833333333333
5,16,6,2.84,0.0,1.4270833333333333
6,16,6,0.24,0.34,1.5054166666666668
7,16,6,2.22,0.0,1.5479166666666668
8,16,6,1.02,1.23,1.4966666666666668
9,16,6,0.0,0.58,1.4725000000000001
10,16,6,0.0,1.06,1.445
11,16,6,0.4,3.1900000000000004,1.3883333333333334
12,16,6,1.83,0.0,1.3883333333333334
13,16,6,0.0,0.0,1.425
14,16,6,0.88,0.65,1.42875
15,16,6,0.74,4.66,1.2345833333333334
16,16,6,0.0,1.34,1.17875
17,16,6,0.0,1.37,1.1966666666666665
18,16,6,1.8,2.75,1.0820833333333333
19,16,6,0.0,0.0,1.0820833333333333
20,16,6,0.0,5.19,0.8658333333333333
21,16,6,0.0,1.22,0.815
22,16,6,0.0,1.93,0.7345833333333333
23,16,6,0.0,0.0,0.7345833333333333
0,17,0,0.0,2.51,0.7050000000000001
1,17,0,1.8,1.31,0.6504166666666666
2,17,0,0.0,0.0,0.6504166666666666
3,17,0,0.0,1.84,0.6108333333333333
4,17,0,0.89,2.84,0.4925
5,17,0,0.0,0.24,0.5254166666666666
6,17,0,1.03,2.22,0.48916666666666675
7,17,0,1.35,1.02,0.4466666666666666
8,17,0,0.0,0.0,0.47083333333333327
9,17,0,0.58,0.0,0.5454166666666667
10,17,0,1.79,0.4,0.6341666666666667
11,17,0,2.53,1.83,0.6350000000000001
12,17,0,1.85,0.0,0.6575000000000001
13,17,0,0.54,0.88,0.6629166666666667
14,17,0,1.01,0.74,0.7324999999999999
15,17,0,2.41,0.0,0.7654166666666667
16,17,0,0.79,0.0,0.8158333333333333
17,17,0,1.21,1.8,0.7654166666666667
18,17,0,0.59,0.0,0.8475
19,17,0,1.97,0.0,0.90875
20,17,0,1.47,0.0,1.0216666666666667
21,17,0,2.71,0.0,1.1383333333333334
22,17,0,2.8,0.0,1.1383333333333334
23,17,0,0.0,0.0,1.1383333333333334
0,18,1,0.0,1.8,1.0633333333333332
1,18,1,0.0,0.0,1.0633333333333332
2,18,1,0.0,0.0,1.0633333333333332
3,18,1,0.0,0.89,1.02625
4,18,1,0.0,0.0,1.02625
5,18,1,0.0,1.03,0.9833333333333334
6,18,1,0.0,1.35,1.0495833333333333
7,18,1,2.94,0.0,1.1504166666666666
8,18,1,2.42,0.58,1.12625
9,18,1,0.0,1.79,1.0516666666666667
10,18,1,0.0,2.53,1.0054166666666666
11,18,1,1.42,1.85,0.9283333333333332
12,18,1,0.0,0.54,0.9966666666666667
13,18,1,2.18,1.01,1.0495833333333333
14,18,1,2.28,2.41,1.0775000000000001
15,18,1,3.08,0.79,1.1175
16,18,1,1.75,1.21,1.1691666666666667
17,18,1,2.45,0.59,1.1691666666666667
18,18,1,0.59,1.97,1.2433333333333334
19,18,1,3.75,1.47,1.3516666666666666
20,18,1,4.07,2.71,1.23875
21,18,1,0.0,2.8,1.2891666666666666
22,18,1,4.01,0.0,1.3604166666666666
23,18,1,1.71,0.0,1.4583333333333333
0,19,2,2.35,0.0,1.4583333333333333
1,19,2,0.0,0.0,1.5629166666666665
2,19,2,2.51,0.0,1.5629166666666665
3,19,2,0.0,0.0,1.5991666666666668
4,19,2,0.87,0.0,1.82875
5,19,2,5.51,0.0,1.82875
6,19,2,0.0,2.94,1.7537500000000001
7,19,2,1.14,2.42,1.7691666666666668
8,19,2,2.79,0.0,1.8499999999999999
9,19,2,1.94,0.0,1.8499999999999999
10,19,2,0.0,1.42,1.8458333333333332
11,19,2,1.32,0.0,1.8720833333333333
12,19,2,0.63,2.18,1.8924999999999998
13,19,2,2.67,2.28,1.8062499999999997
14,19,2,0.21,3.08,1.7845833333333332
15,19,2,2.56,1.75,1.7116666666666667
16,19,2,0.0,2.45,1.7095833333333335
17,19,2,2.4,0.59,1.7675
18,19,2,1.98,3.75,1.61125
19,19,2,0.0,4.07,1.5408333333333333
20,19,2,2.38,0.0,1.6379166666666667
21,19,2,2.33,4.01,1.4708333333333332
22,19,2,0.0,1.71,1.5091666666666665
23,19,2,2.63,2.35,1.48625
0,20,3,1.8,0.0,1.55375
1,20,3,1.62,2.51,1.5233333333333334
2,20,3,1.78,0.0,1.5233333333333334
3,20,3,0.0,0.87,1.5366666666666664
4,20,3,1.19,5.51,1.3070833333333332
5,20,3,0.0,0.0,1.3612499999999998
6,20,3,1.3,1.14,1.31375
7,20,3,0.0,2.79,1.1975
8,20,3,0.0,1.94,1.1166666666666667
9,20,3,0.0,0.0,1.1166666666666667
10,20,3,0.0,1.32,1.0616666666666668
11,20,3,0.0,0.63,1.0354166666666667
12,20,3,0.0,2.67,0.9325
13,20,3,0.2,0.21,0.965
14,20,3,0.99,2.56,0.8583333333333334
15,20,3,0.0,0.0,0.8583333333333334
16,20,3,0.0,2.4,0.84
17,20,3,1.96,1.98,0.7841666666666667
18,20,3,0.64,0.0,0.7841666666666667
19,20,3,0.0,2.38,0.7399999999999999
20,20,3,1.32,2.33,0.6429166666666667
21,20,3,0.0,0.0,0.7708333333333334
22,20,3,3.07,2.63,0.7025
23,20,3,0.99,1.8,0.6558333333333334
0,21,4,0.68,1.62,0.6525
1,21,4,1.54,1.78,0.745
2,21,4,4.0,0.0,0.8095833333333333
3,21,4,1.55,1.19,0.8920833333333332
4,21,4,3.17,0.0,0.9516666666666667
5,21,4,1.43,1.3,0.9758333333333334
6,21,4,1.88,0.0,1.0883333333333334
7,21,4,2.7,0.0,1.0883333333333334
8,21,4,0.0,0.0,1.1608333333333334
9,21,4,1.74,0.0,1.3483333333333334
10,21,4,4.5,0.0,1.4745833333333334
11,21,4,3.03,0.0,1.5512500000000002
12,21,4,1.84,0.2,1.5429166666666667
13,21,4,0.0,0.99,1.5016666666666667
14,21,4,0.0,0.0,1.5812499999999998
15,21,4,1.91,0.0,1.6574999999999998
16,21,4,1.83,1.96,1.62
17,21,4,1.06,0.64,1.7470833333333333
18,21,4,3.69,0.0,1.7470833333333333
19,21,4,0.0,1.32,1.6920833333333334
20,21,4,0.0,0.0,1.6920833333333334
21,21,4,0.0,3.07,1.5641666666666667
22,21,4,0.0,0.99,1.5229166666666665
23,21,4,0.0,0.68,1.5999999999999999
0,22,5,2.53,1.54,1.6754166666666668
1,22,5,3.35,4.0,1.50875
2,22,5,0.0,1.55,1.4795833333333333
3,22,5,0.85,3.17,1.4283333333333335
4,22,5,1.94,1.43,1.3925
5,22,5,0.57,1.88,1.3141666666666667
6,22,5,0.0,2.7,1.3408333333333333
7,22,5,3.34,0.0,1.4879166666666668
8,22,5,3.53,1.74,1.5199999999999998
9,22,5,2.51,4.5,1.3675
10,22,5,0.84,3.03,1.3016666666666665
11,22,5,1.45,1.84,1.2249999999999999
12,22,5,0.0,0.0,1.3529166666666665
13,22,5,3.07,0.0,1.4829166666666669
14,22,5,3.12,1.91,1.403333333333333
15,22,5,0.0,1.83,1.3729166666666666
16,22,5,1.1,1.06,1.32875
17,22,5,0.0,3.69,1.2562499999999999
18,22,5,1.95,0.0,1.2562499999999999
19,22,5,0.0,0.0,1.2679166666666666
20,22,5,0.28,0.0,1.35125
21,22,5,2.0,0.0,1.4520833333333332
22,22,5,2.42,0.0,1.5208333333333333
23,22,5,1.65,2.53,1.4470833333333333
0,23,6,0.76,3.35,1.3399999999999999
1,23,6,0.78,0.0,1.3399999999999999
2,23,6,0.0,0.85,1.3670833333333334
3,23,6,1.5,1.94,1.3425
4,23,6,1.35,0.57,1.43875
5,23,6,2.88,0.0,1.4804166666666667
6,23,6,1.0,3.34,1.3412499999999998
7,23,6,0.0,3.53,1.2070833333333333
8,23,6,0.31,2.51,1.1583333333333334
9,23,6,1.34,0.84,1.1233333333333333
10,23,6,0.0,1.45,1.1525
11,23,6,2.15,0.0,1.1883333333333332
12,23,6,0.86,3.07,1.1870833333333335
13,23,6,3.04,3.12,1.1254166666666665
14,23,6,1.64,0.0,1.1608333333333334
15,23,6,0.85,1.1,1.3170833333333334
16,23,6,4.85,0.0,1.3170833333333334
17,23,6,0.0,1.95,1.24875
18,23,6,0.31,0.0,1.325
19,23,6,1.83,0.28,1.3133333333333332
20,23,6,0.0,2.0,1.2429166666666667
21,23,6,0.31,2.42,1.2
22,23,6,1.39,1.65,1.2862500000000001
23,23,6,3.72,0.76,1.3025
0,24,0,1.15,0.78,1.2699999999999998
1,24,0,0.0,0.0,1.2699999999999998
2,24,0,0.0,1.5,1.2074999999999998
3,24,0,0.0,1.35,1.1866666666666668
4,24,0,0.85,2.88,1.1058333333333334
5,24,0,0.94,1.0,1.0641666666666667
6,24,0,0.0,0.0,1.0995833333333331
7,24,0,0.85,0.31,1.1216666666666666
8,24,0,0.84,1.34,1.1391666666666667
9,24,0,1.76,0.0,1.2045833333333333
10,24,0,1.57,2.15,1.2129166666666666
11,24,0,2.35,0.86,1.2241666666666668
12,24,0,1.13,3.04,1.0975
13,24,0,0.0,1.64,1.08875
14,24,0,1.43,0.85,1.0533333333333335
15,24,0,0.0,4.85,0.8599999999999999
16,24,0,0.21,0.0,0.9541666666666667
17,24,0,2.26,0.31,0.96875
18,24,0,0.66,1.83,0.9320833333333334
19,24,0,0.95,0.0,0.9320833333333334
20,24,0,0.0,0.31,0.9295833333333333
21,24,0,0.25,1.39,0.9175
22,24,0,1.1,3.72,0.8170833333333333
23,24,0,1.31,1.15,0.7691666666666667
0,25,1,0.0,0.0,0.7691666666666667
1,25,1,0.0,0.0,0.7691666666666667
2,25,1,0.0,0.0,0.9904166666666668
3,25,1,5.3100000000000005,0.85,1.0341666666666667
4,25,1,1.9,0.94,1.0166666666666666
5,25,1,0.52,0.0,1.14375
6,25,1,3.05,0.85,1.1083333333333334
7,25,1,0.0,0.84,1.0733333333333335
8,25,1,0.0,1.76,1.0725
9,25,1,1.74,1.57,1.0691666666666666
10,25,1,1.49,2.35,1.02875
11,25,1,1.38,1.13,1.0150000000000001
12,25,1,0.8,0.0,1.015
13,25,1,0.0,1.43,0.9820833333333333
14,25,1,0.64,0.0,0.9820833333333333
15,25,1,0.0,0.21,0.9733333333333335
16,25,1,0.0,2.26,0.9375
17,25,1,1.4,0.66,0.9241666666666667
18,25,1,0.34,0.95,1.0316666666666665
19,25,1,3.53,0.0,1.0316666666666665
20,25,1,0.0,0.25,1.0991666666666666
21,25,1,1.87,1.1,1.1070833333333334
22,25,1,1.29,1.31,1.1175
23,25,1,1.56,0.0,1.2704166666666665
0,26,2,3.67,0.0,1.3758333333333332
1,26,2,2.53,0.0,1.3758333333333332
2,26,2,0.0,5.3100000000000005,1.1545833333333333
3,26,2,0.0,1.9,1.0754166666666667
4,26,2,0.0,0.52,1.0966666666666667
5,26,2,1.03,3.05,0.9929166666666666
6,26,2,0.56,0.0,1.0354166666666667
7,26,2,1.02,0.0,1.06125
8,26,2,0.62,1.74,1.1812500000000001
9,26,2,4.62,1.49,1.1454166666666665
10,26,2,0.63,1.38,1.1754166666666668
11,26,2,2.1,0.8,1.1420833333333333
12,26,2,0.0,0.0,1.1420833333333333
13,26,2,0.0,0.64,1.1724999999999999
14,26,2,1.37,0.0,1.32
15,26,2,3.54,0.0,1.3879166666666665
16,26,2,1.63,1.4,1.3916666666666666
17,26,2,1.49,0.34,1.4200000000000002
18,26,2,1.02,3.53,1.2729166666666667
19,26,2,0.0,0.0,1.2729166666666665
20,26,2,0.0,1.87,1.2333333333333334
21,26,2,0.92,1.29,1.2225000000000001
22,26,2,1.03,1.56,1.1770833333333333
23,26,2,0.47,3.67,1.10125
0,27,3,1.85,2.53,1.0595833333333333
1,27,3,1.53,0.0,1.14625
2,27,3,2.08,0.0,1.2204166666666667
3,27,3,1.78,0.0,1.3404166666666668
4,27,3,2.88,1.03,1.2975
5,27,3,0.0,0.56,1.2983333333333333
6,27,3,0.58,1.02,1.3258333333333334
7,27,3,1.68,0.62,1.4466666666666665
8,27,3,3.52,4.62,1.2825
9,27,3,0.68,0.63,1.3270833333333334
10,27,3,1.7,2.1,1.2995833333333333
11,27,3,1.4400000000000002,0.0,1.2995833333333333
12,27,3,0.0,0.0,1.2995833333333333
13,27,3,0.0,1.37,1.2425
14,27,3,0.0,3.54,1.16375
15,27,3,1.65,1.63,1.0958333333333334
16,27,3,0.0,1.49,1.1029166666666668
17,27,3,1.66,1.02,1.1095833333333334
18,27,3,1.18,0.0,1.1095833333333334
19,27,3,0.0,0.0,1.1754166666666668
20,27,3,1.58,0.92,1.1475
21,27,3,0.25,1.03,1.2433333333333334
22,27,3,3.33,0.47,1.2237500000000001
23,27,3,0.0,1.85,1.1466666666666667
0,28,4,0.0,1.53,1.0829166666666667
1,28,4,0.0,2.08,0.99625
2,28,4,0.0,1.78,0.9220833333333335
3,28,4,0.0,2.88,0.8020833333333334
4,28,4,0.0,0.0,0.95375
5,28,4,3.64,0.58,0.9295833333333334
6,28,4,0.0,1.68,0.8808333333333334
7,28,4,0.51,3.52,0.7341666666666667
8,28,4,0.0,0.68,0.7058333333333334
9,28,4,0.0,1.7,0.7108333333333334
10,28,4,1.82,1.4400000000000002,0.7625000000000001
11,28,4,2.68,0.0,0.7716666666666666
12,28,4,0.22,0.0,0.8183333333333334
13,28,4,1.12,0.0,0.8183333333333334
14,28,4,0.0,1.65,0.8579166666666668
15,28,4,2.6,0.0,0.8791666666666668
16,28,4,0.51,1.66,0.81
17,28,4,0.0,1.18,0.9645833333333335
18,28,4,4.89,0.0,1.0420833333333335
19,28,4,1.86,1.58,1.0633333333333332
20,28,4,2.09,0.25,1.0529166666666667
21,28,4,0.0,3.33,0.9329166666666667
22,28,4,0.45,0.0,0.99375
23,28,4,1.46,0.0,1.115
0,29,5,2.91,0.0,1.1466666666666667
1,29,5,0.76,0.0,1.1829166666666666
2,29,5,0.87,0.0,1.2670833333333333
3,29,5,2.02,0.0,1.2670833333333333
4,29,5,0.0,3.64,1.1154166666666667
5,29,5,0.0,0.0,1.1970833333333333
6,29,5,1.96,0.51,1.1758333333333333
7,29,5,0.0,0.0,1.343333333333333
8,29,5,4.02,0.0,1.343333333333333
9,29,5,0.0,1.82,1.2674999999999998
10,29,5,0.0,2.68,1.1558333333333333
11,29,5,0.0,0.22,1.2416666666666667
12,29,5,2.28,1.12,1.195
13,29,5,0.0,0.0,1.2191666666666665
14,29,5,0.58,2.6,1.1108333333333331
15,29,5,0.0,0.51,1.0895833333333333
16,29,5,0.0,0.0,1.17875
17,29,5,2.14,4.89,1.04375
18,29,5,1.65,1.86,0.9662499999999999
19,29,5,0.0,2.09,0.9254166666666667
20,29,5,1.11,0.0,1.0504166666666668
21,29,5,3.0,0.45,1.0316666666666665
22,29,5,0.0,1.46,0.9708333333333332
23,29,5,0.0,2.91,0.9662499999999999
0,30,6,2.8,0.76,1.0608333333333333
1,30,6,3.03,0.87,1.0670833333333334
2,30,6,1.02,2.02,1.1170833333333332
3,30,6,3.22,0.0,1.1170833333333332
4,30,6,0.0,0.0,1.1170833333333332
5,30,6,0.0,1.96,1.0354166666666667
6,30,6,0.0,0.0,1.2041666666666666
7,30,6,4.05,4.02,1.0366666666666666
8,30,6,0.0,0.0,1.1079166666666667
9,30,6,1.71,0.0,1.2295833333333333
10,30,6,2.92,0.0,1.2695833333333333
11,30,6,0.96,2.28,1.2670833333333331
12,30,6,2.22,0.0,1.34875
13,30,6,1.96,0.58,1.3245833333333332
14,30,6,0.0,0.0,1.3245833333333332
15,30,6,0.0,0.0,1.3416666666666668
16,30,6,0.41,2.14,1.2525
17,30,6,0.0,1.65,1.18375
18,30,6,0.0,0.0,1.2379166666666668
19,30,6,1.3,1.11,1.2254166666666666
20,30,6,0.81,3.0,1.24375
21,30,6,3.4400000000000004,0.0,1.2437500000000001
22,30,6,0.0,0.0,1.2437500000000001
23,30,6,0.0,2.8,1.2041666666666668
0,31,0,1.85,3.03,1.0779166666666666
1,31,0,0.0,1.02,1.0920833333333333
2,31,0,1.36,3.22,0.9925
3,31,0,0.83,0.0,1.1341666666666668
4,31,0,3.4,0.0,1.2541666666666667
5,31,0,2.88,0.0,1.3683333333333334
6,31,0,2.74,4.05,1.25125
7,31,0,1.24,0.0,1.30875
8,31,0,1.38,1.71,1.2620833333333332
9,31,0,0.59,2.92,1.1645833333333335
10,31,0,0.58,0.96,1.2283333333333333
11,31,0,2.49,2.22,1.1733333333333333
12,31,0,0.9,1.96,1.0916666666666666
13,31,0,0.0,0.0,1.2116666666666667
14,31,0,2.88,0.0,1.4741666666666668
15,31,0,6.3,0.41,1.5479166666666666
16,31,0,2.18,0.0,1.5979166666666664
17,31,0,1.2,0.0,1.5979166666666664
18,31,0,0.0,1.3,1.54375
19,31,0,0.0,0.81,1.6416666666666666
20,31,0,3.16,3.4400000000000004,1.4983333333333333
21,31,0,0.0,0.0,1.6970833333333335
22,31,0,4.7700000000000005,0.0,1.9108333333333334
23,31,0,5.13,1.85,1.8766666666666667
0,1,1,1.03,0.0,1.8929166666666666
1,1,1,0.39,1.36,1.83625
2,1,1,0.0,0.83,1.82
3,1,1,0.44,3.4,1.7779166666666668
4,1,1,2.39,2.88,1.7804166666666665
5,1,1,2.94,2.74,1.7954166666666664
6,1,1,3.1,1.24,1.80875
7,1,1,1.56,1.38,1.7891666666666666
8,1,1,0.91,0.59,1.9658333333333333
9,1,1,4.83,0.58,1.9545833333333331
10,1,1,0.31,2.49,1.9312500000000001
11,1,1,1.93,0.9,1.9208333333333334
12,1,1,0.65,0.0,1.9208333333333334
13,1,1,0.0,2.88,1.9295833333333334
14,1,1,3.09,6.3,1.6670833333333333
15,1,1,0.0,2.18,1.6695833333333334
16,1,1,2.24,1.2,1.6695833333333334
17,1,1,1.2,0.0,1.6695833333333334
18,1,1,0.0,0.0,1.7358333333333336
19,1,1,1.59,3.16,1.6979166666666667
20,1,1,2.25,0.0,1.6979166666666667
21,1,1,0.0,4.7700000000000005,1.5604166666666668
22,1,1,1.47,5.13,1.3825
23,1,1,0.86,1.03,1.36625
0,2,2,0.64,0.39,1.4270833333333333
1,2,2,1.85,0.0,1.4270833333333333
2,2,2,0.0,0.44,1.4087500000000002
3,2,2,0.0,2.39,1.3091666666666668
4,2,2,0.0,2.94,1.1866666666666668
5,2,2,0.0,3.1,1.1341666666666668
6,2,2,1.84,1.56,1.0691666666666666
7,2,2,0.0,0.91,1.19625
8,2,2,3.96,4.83,1.0566666666666666
9,2,2,1.48,0.31,1.11375
10,2,2,1.68,1.93,1.0333333333333334
11,2,2,0.0,0.65,1.00625
12,2,2,0.0,0.0,1.0708333333333333
13,2,2,1.55,3.09,1.0179166666666666
14,2,2,1.82,0.0,1.1108333333333333
15,2,2,2.2300000000000004,2.24,1.04375
16,2,2,0.63,1.2,0.99375
17,2,2,0.0,0.0,1.04875
18,2,2,1.32,1.59,0.9824999999999999
19,2,2,0.0,2.25,0.9058333333333333
20,2,2,0.41,0.0,0.9058333333333333
21,2,2,0.0,1.47,0.9066666666666667
22,2,2,1.49,0.86,0.8708333333333335
23,2,2,0.0,0.64,0.9104166666666668
0,3,3,1.59,1.85,0.8454166666666666
1,3,3,0.29,0.0,0.9249999999999999
2,3,3,1.91,0.0,0.9633333333333334
3,3,3,0.92,0.0,0.9812500000000001
4,3,3,0.43,0.0,1.0570833333333334
5,3,3,1.82,1.84,1.0579166666666666
6,3,3,1.86,0.0,1.105
7,3,3,1.13,3.96,0.9654166666666666
8,3,3,0.61,1.48,1.0541666666666665
9,3,3,3.61,1.68,0.9841666666666665
10,3,3,0.0,0.0,1.0445833333333334
11,3,3,1.45,0.0,1.12375
12,3,3,1.9,1.55,1.0591666666666668
13,3,3,0.0,1.82,1.0129166666666667
14,3,3,0.71,2.2300000000000004,1.0016666666666667
15,3,3,1.96,0.63,1.12875
16,3,3,3.68,0.0,1.3358333333333332
17,3,3,4.97,1.32,1.2808333333333333
18,3,3,0.0,0.0,1.3625
19,3,3,1.96,0.41,1.3454166666666667
20,3,3,0.0,0.0,1.4179166666666665
21,3,3,1.74,1.49,1.4662500000000003
22,3,3,2.65,0.0,1.6270833333333334
23,3,3,3.86,1.59,1.5925
0,4,4,0.76,0.29,1.6170833333333334
1,4,4,0.88,1.91,1.5374999999999999
2,4,4,0.0,0.92,1.4991666666666668
3,4,4,0.0,0.43,1.5516666666666667
4,4,4,1.69,1.82,1.4758333333333333
5,4,4,0.0,1.86,1.4354166666666668
6,4,4,0.89,1.13,1.4883333333333333
7,4,4,2.4,0.61,1.4629166666666666
8,4,4,0.0,3.61,1.3916666666666666
9,4,4,1.9,0.0,1.4358333333333333
10,4,4,1.06,1.45,1.4675
11,4,4,2.21,1.9,1.4554166666666666
12,4,4,1.61,0.0,1.4554166666666666
13,4,4,0.0,0.71,1.4937500000000001
14,4,4,1.63,1.96,1.4658333333333333
15,4,4,1.29,3.68,1.3945833333333333
16,4,4,1.97,4.97,1.1875
17,4,4,0.0,0.0,1.1875
18,4,4,0.0,1.96,1.2179166666666665
19,4,4,2.69,0.0,1.31375
20,4,4,2.3,1.74,1.31125
21,4,4,1.68,2.65,1.2795833333333333
22,4,4,1.89,3.86,1.1187500000000001
23,4,4,0.0,0.76,1.0870833333333334
0,5,5,0.0,0.88,1.0504166666666668
1,5,5,0.0,0.0,1.1129166666666668
2,5,5,1.5,0.0,1.1129166666666668
3,5,5,0.0,1.69,1.1112499999999998
4,5,5,1.65,0.0,1.1608333333333334
5,5,5,1.19,0.89,1.12375
6,5,5,0.0,2.4,1.02375
7,5,5,0.0,0.0,1.155
8,5,5,3.1500000000000004,1.9,1.0758333333333334
9,5,5,0.0,1.06,1.1079166666666667
10,5,5,1.83,2.21,1.0291666666666666
11,5,5,0.32,1.61,1.02375
12,5,5,1.48,0.0,1.2095833333333335
13,5,5,4.46,1.63,1.2025
14,5,5,1.46,1.29,1.1729166666666668
15,5,5,0.58,1.97,1.1245833333333333
16,5,5,0.81,0.0,1.2308333333333332
17,5,5,2.55,0.0,1.3133333333333332
18,5,5,1.98,2.69,1.2012500000000002
19,5,5,0.0,2.3,1.1445833333333333
20,5,5,0.94,1.68,1.1791666666666667
21,5,5,2.51,1.89,1.15625
22,5,5,1.34,0.0,1.1708333333333334
23,5,5,0.35,0.0,1.1708333333333334
0,6,6,0.0,0.0,1.3258333333333334
1,6,6,3.72,1.5,1.3433333333333335
2,6,6,1.92,0.0,1.4045833333333333
3,6,6,1.47,1.65,1.3595833333333334
4,6,6,0.57,1.19,1.31
5,6,6,0.0,0.0,1.31
6,6,6,0.0,0.0,1.4116666666666668
7,6,6,2.44,3.1500000000000004,1.2804166666666668
8,6,6,0.0,0.0,1.3816666666666668
9,6,6,2.43,1.83,1.3741666666666665
10,6,6,1.65,0.32,1.43
11,6,6,1.66,1.48,1.4341666666666668
12,6,6,1.58,4.46,1.3945833333333333
13,6,6,3.51,1.46,1.33375
14,6,6,0.0,0.58,1.3687500000000001
15,6,6,1.42,0.81,1.335
16,6,6,0.0,2.55,1.2595833333333333
17,6,6,0.74,1.98,1.2520833333333332
18,6,6,1.8,0.0,1.2520833333333332
19,6,6,0.0,0.94,1.2129166666666666
20,6,6,0.0,2.51,1.1083333333333334
21,6,6,0.0,1.34,1.1204166666666666
22,6,6,1.63,0.35,1.1795833333333332
23,6,6,1.77,0.0,1.1991666666666665
0,7,0,0.47,3.72,1.0979166666666667
1,7,0,1.29,1.92,1.0920833333333333
2,7,0,1.78,1.47,1.175
3,7,0,3.46,0.57,1.1512499999999999
4,7,0,0.0,0.0,1.2208333333333332
5,7,0,1.67,0.0,1.275
6,7,0,1.3,2.44,1.1733333333333333
7,7,0,0.0,0.0,1.2475
8,7,0,1.78,2.43,1.14625
9,7,0,0.0,1.65,1.0775
10,7,0,0.0,1.66,1.0841666666666667
11,7,0,1.82,1.58,1.1175
12,7,0,2.38,3.51,1.0529166666666667
13,7,0,1.96,0.0,1.1537499999999998
14,7,0,2.42,1.42,1.2358333333333333
15,7,0,3.39,0.0,1.2358333333333333
16,7,0,0.0,0.74,1.2695833333333333
17,7,0,1.55,1.8,1.2454166666666666
18,7,0,1.22,0.0,1.2454166666666666
19,7,0,0.0,0.0,1.2958333333333334
20,7,0,1.21,0.0,1.2958333333333334
21,7,0,0.0,1.63,1.3395833333333333
22,7,0,2.68,1.77,1.3333333333333333
23,7,0,1.62,0.47,1.31375
0,8,1,0.0,1.29,1.2991666666666666
1,8,1,0.94,1.78,1.2249999999999999
2,8,1,0.0,3.46,1.1824999999999999
3,8,1,2.4400000000000004,0.0,1.1824999999999999
4,8,1,0.0,1.67,1.1358333333333335
5,8,1,0.55,1.3,1.18875
6,8,1,2.5700000000000003,0.0,1.18875
7,8,1,0.0,1.78,1.2070833333333333
8,8,1,2.22,0.0,1.31
9,8,1,2.47,0.0,1.31
10,8,1,0.0,1.82,1.3316666666666668
11,8,1,2.34,2.38,1.2941666666666667
12,8,1,1.48,1.96,1.2125000000000001
13,8,1,0.0,2.42,1.2058333333333333
14,8,1,2.26,3.39,1.07875
15,8,1,0.34,0.0,1.14
16,8,1,1.47,1.55,1.0983333333333334
17,8,1,0.55,1.22,1.1254166666666667
18,8,1,1.87,0.0,1.1254166666666667
19,8,1,0.0,1.21,1.2616666666666667
20,8,1,4.48,0.0,1.3391666666666666
21,8,1,1.86,2.68,1.2275
22,8,1,0.0,1.62,1.2075
23,8,1,1.14,0.0,1.2520833333333334
0,9,2,1.07,0.94,1.23375
1,9,2,0.5,0.0,1.3154166666666667
2,9,2,1.96,2.4400000000000004,1.21375
3,9,2,0.0,0.0,1.21375
4,9,2,0.0,0.55,1.3075
5,9,2,2.8,2.5700000000000003,1.2758333333333334
6,9,2,1.81,0.0,1.4558333333333333
7,9,2,4.32,2.22,1.5633333333333335
8,9,2,4.8,2.47,1.460416666666667
9,9,2,0.0,0.0,1.4825000000000002
10,9,2,0.53,2.34,1.385
11,9,2,0.0,1.48,1.4054166666666665
12,9,2,1.97,0.0,1.4216666666666666
13,9,2,0.39,2.26,1.3608333333333336
14,9,2,0.8,0.34,1.3741666666666665
15,9,2,0.66,1.47,1.3687500000000001
16,9,2,1.34,0.55,1.4158333333333335
17,9,2,1.68,1.87,1.3858333333333333
18,9,2,1.15,0.0,1.3858333333333333
19,9,2,0.0,4.48,1.3345833333333335
20,9,2,3.25,1.86,1.2570833333333333
21,9,2,0.0,0.0,1.2570833333333333
22,9,2,0.0,1.14,1.2095833333333335
23,9,2,0.0,1.07,1.23875
0,10,3,1.77,0.5,1.2179166666666668
1,10,3,0.0,1.96,1.2129166666666666
2,10,3,1.84,0.0,1.2129166666666666
3,10,3,0.0,0.0,1.2129166666666666
4,10,3,0.0,2.8,1.1558333333333335
5,10,3,1.43,1.81,1.0804166666666666
6,10,3,0.0,4.32,0.9004166666666666
7,10,3,0.0,4.8,0.75625
8,10,3,1.34,0.0,0.8762500000000001
9,10,3,2.88,0.53,0.9104166666666668
10,10,3,1.35,0.0,0.9104166666666668
11,10,3,0.0,1.97,0.8975
12,10,3,1.66,0.39,0.88125
13,10,3,0.0,0.8,0.8608333333333333
14,10,3,0.31,0.66,0.8333333333333334
15,10,3,0.0,1.34,0.9466666666666668
16,10,3,4.0600000000000005,1.68,0.8766666666666666
17,10,3,0.0,1.15,0.8695833333333334
18,10,3,0.98,0.0,0.8695833333333334
19,10,3,0.0,3.25,0.7841666666666667
20,10,3,1.2,0.0,0.9179166666666667
21,10,3,3.21,0.0,0.9179166666666667
22,10,3,0.0,0.0,0.9179166666666667
23,10,3,0.0,1.77,0.9975
0,11,4,3.68,0.0,1.1179166666666667
1,11,4,2.89,1.84,1.04125
2,11,4,0.0,0.0,1.1220833333333333
3,11,4,1.94,0.0,1.1387500000000002
4,11,4,0.4,1.43,1.0791666666666668
5,11,4,0.0,0.0,1.1904166666666667
6,11,4,2.67,0.0,1.1904166666666667
7,11,4,0.0,1.34,1.1345833333333333
8,11,4,0.0,2.88,1.0145833333333334
9,11,4,0.0,1.35,1.06375
10,11,4,2.53,0.0,1.1429166666666666
11,11,4,1.9,1.66,1.11125
12,11,4,0.9,0.0,1.1937499999999999
13,11,4,1.98,0.31,1.1808333333333334
14,11,4,0.0,0.0,1.1808333333333334
15,11,4,0.0,4.0600000000000005,1.0116666666666667
16,11,4,0.0,0.0,1.0495833333333333
17,11,4,0.91,0.98,1.1429166666666666
18,11,4,3.22,0.0,1.2362499999999998
19,11,4,2.24,1.2,1.1970833333333333
20,11,4,0.26,3.21,1.1541666666666666
21,11,4,2.18,0.0,1.2329166666666667
22,11,4,1.89,0.0,1.2945833333333334
23,11,4,1.48,3.68,1.18
0,12,5,0.93,2.89,1.1370833333333332
1,12,5,1.86,0.0,1.16375
2,12,5,0.64,1.94,1.0829166666666667
3,12,5,0.0,0.4,1.2333333333333332
4,12,5,4.01,0.0,1.2479166666666666
5,12,5,0.35,2.67,1.1366666666666667
6,12,5,0.0,0.0,1.1366666666666667
7,12,5,0.0,0.0,1.2104166666666667
8,12,5,1.77,0.0,1.3454166666666667
9,12,5,3.24,2.53,1.2833333333333334
10,12,5,1.04,1.9,1.3991666666666667
11,12,5,4.68,0.9,1.3616666666666666
12,12,5,0.0,1.98,1.3225
13,12,5,1.04,0.0,1.3812499999999999
14,12,5,1.41,0.0,1.4933333333333334
15,12,5,2.69,0.0,1.6216666666666668
16,12,5,3.08,0.91,1.6770833333333333
17,12,5,2.24,3.22,1.6441666666666668
18,12,5,2.43,2.24,1.5508333333333333
19,12,5,0.0,0.26,1.54
20,12,5,0.0,2.18,1.4491666666666667
21,12,5,0.0,1.89,1.5216666666666665
22,12,5,3.63,1.48,1.4725000000000001
23,12,5,0.3,0.93,1.43375
0,13,6,0.0,1.86,1.3975
1,13,6,0.99,0.64,1.3708333333333336
2,13,6,0.0,0.0,1.3820833333333333
3,13,6,0.27,4.01,1.29375
4,13,6,1.89,0.35,1.2791666666666666
5,13,6,0.0,0.0,1.4291666666666665
6,13,6,3.6,0.0,1.6283333333333332
7,13,6,4.78,1.77,1.5850000000000002
8,13,6,0.73,3.24,1.4500000000000002
9,13,6,0.0,1.04,1.4675000000000002
10,13,6,1.46,4.68,1.3375000000000001
11,13,6,1.56,0.0,1.5670833333333334
12,13,6,5.51,1.04,1.5445833333333334
13,13,6,0.5,1.41,1.5266666666666666
14,13,6,0.98,2.69,1.414583333333333
15,13,6,0.0,3.08,1.3179166666666666
16,13,6,0.76,2.24,1.2245833333333334
17,13,6,0.0,2.43,1.1233333333333333
18,13,6,0.0,0.0,1.1233333333333333
19,13,6,0.0,0.0,1.2283333333333333
20,13,6,2.52,0.0,1.4270833333333333
21,13,6,4.77,3.63,1.3
22,13,6,0.58,0.3,1.3341666666666665
23,13,6,1.12,0.0,1.3341666666666665
0,14,0,0.0,0.99,1.3483333333333334
1,14,0,1.33,0.0,1.3975
2,14,0,1.18,0.27,1.4962499999999999
3,14,0,2.64,1.89,1.4979166666666666
4,14,0,1.93,0.0,1.5166666666666666
5,14,0,0.45,3.6,1.4191666666666667
6,14,0,1.26,4.78,1.25125
7,14,0,0.75,0.73,1.2208333333333334
8,14,0,0.0,0.0,1.2970833333333334
9,14,0,1.83,1.46,1.2854166666666667
10,14,0,1.18,1.56,1.2204166666666667
11,14,0,0.0,5.51,1.0383333333333333
12,14,0,1.14,0.5,1.0695833333333333
13,14,0,1.25,0.98,1.0487499999999998
14,14,0,0.48,0.0,1.0579166666666666
15,14,0,0.22,0.76,1.0866666666666667
16,14,0,1.45,0.0,1.0866666666666667
17,14,0,0.0,0.0,1.2379166666666668
18,14,0,3.63,0.0,1.2879166666666666
19,14,0,1.2000000000000002,2.52,1.1829166666666666
20,14,0,0.0,4.77,1.08125
21,14,0,2.33,0.58,1.2495833333333335
22,14,0,4.62,1.12,1.3258333333333334
23,14,0,2.95,0.0,1.44125
0,15,1,2.77,1.33,1.4154166666666665
1,15,1,0.71,1.18,1.4433333333333334
2,15,1,1.85,2.64,1.3708333333333333
3,15,1,0.9,1.93,1.325
4,15,1,0.83,0.45,1.5112499999999998
5,15,1,4.92,1.26,1.45875
6,15,1,0.0,0.75,1.4487500000000002
7,15,1,0.51,0.0,1.4487500000000002
8,15,1,0.0,1.83,1.3725000000000003
9,15,1,0.0,1.18,1.3233333333333333
10,15,1,0.0,0.0,1.3233333333333333
11,15,1,0.0,1.14,1.3820833333333333
12,15,1,2.55,1.25,1.33
13,15,1,0.0,0.48,1.3925
14,15,1,1.98,0.22,1.4520833333333334
15,15,1,1.65,1.45,1.4495833333333332
16,15,1,1.39,0.0,1.52375
17,15,1,1.78,3.63,1.450833333333333
18,15,1,1.88,1.2000000000000002,1.45625
19,15,1,1.33,0.0,1.4670833333333333
20,15,1,0.26,2.33,1.3920833333333336
21,15,1,0.53,4.62,1.1995833333333332
22,15,1,0.0,2.95,1.0766666666666664
23,15,1,0.0,2.77,1.0654166666666667
0,16,2,2.5,0.71,1.0358333333333334
1,16,2,0.0,1.85,1.11375
2,16,2,3.72,0.9,1.0954166666666667
3,16,2,0.46,0.83,1.0608333333333333
4,16,2,0.0,4.92,0.9362499999999999
5,16,2,1.93,0.0,0.9362499999999999
6,16,2,0.0,0.51,0.915
7,16,2,0.0,0.0,0.915
8,16,2,0.0,0.0,1.0508333333333333
9,16,2,3.26,0.0,1.0508333333333333
10,16,2,0.0,0.0,1.07875
11,16,2,0.67,2.55,0.9725
12,16,2,0.0,0.0,1.0420833333333333
13,16,2,1.67,1.98,0.9595833333333332
14,16,2,0.0,1.65,1.0104166666666667
15,16,2,2.87,1.39,0.9895833333333334
16,16,2,0.89,1.78,1.0479166666666666
17,16,2,3.18,1.88,0.9695833333333334
18,16,2,0.0,1.33,1.07125
19,16,2,3.77,0.26,1.11375
20,16,2,1.28,0.53,1.1554166666666668
21,16,2,1.53,0.0,1.2133333333333334
22,16,2,1.39,0.0,1.3329166666666665
23,16,2,2.87,2.5,1.3608333333333336
0,17,3,3.17,0.0,1.3608333333333336
1,17,3,0.0,3.72,1.2254166666666666
2,17,3,0.47,0.46,1.3125
3,17,3,2.55,0.0,1.38875
4,17,3,1.83,1.93,1.4091666666666667
5,17,3,2.42,0.0,1.5154166666666666
6,17,3,2.55,0.0,1.5829166666666665
7,17,3,1.62,0.0,1.5829166666666665
8,17,3,0.0,3.26,1.4470833333333335
9,17,3,0.0,0.0,1.4979166666666668
10,17,3,1.22,0.67,1.5166666666666666
11,17,3,1.12,0.0,1.5816666666666668
12,17,3,1.56,1.67,1.5120833333333332
13,17,3,0.0,0.0,1.5120833333333332
14,17,3,0.0,2.87,1.4570833333333333
15,17,3,1.55,0.89,1.4400000000000002
16,17,3,0.48,3.18,1.3320833333333333
17,17,3,0.59,0.0,1.4616666666666667
18,17,3,3.1100000000000003,3.77,1.3724999999999998
19,17,3,1.63,1.28,1.3545833333333333
20,17,3,0.85,1.53,1.3479166666666664
21,17,3,1.37,1.39,1.29
22,17,3,0.0,2.87,1.1704166666666667
23,17,3,0.0,3.17,1.1025
0,18,4,1.54,0.0,1.1654166666666668
1,18,4,1.51,0.47,1.1458333333333333
2,18,4,0.0,2.55,1.0395833333333335
3,18,4,0.0,1.83,1.0408333333333333
4,18,4,1.86,2.42,1.0708333333333335
5,18,4,3.14,2.55,1.1395833333333334
6,18,4,4.2,1.62,1.155
7,18,4,1.99,0.0,1.2645833333333334
8,18,4,2.63,0.0,1.3408333333333333
9,18,4,1.83,1.22,1.35875
10,18,4,1.65,1.12,1.3325
11,18,4,0.49,1.56,1.2675
12,18,4,0.0,0.0,1.2675
13,18,4,0.0,0.0,1.3529166666666665
14,18,4,2.05,1.55,1.37
15,18,4,1.96,0.48,1.3912499999999997
16,18,4,0.99,0.59,1.3666666666666665
17,18,4,0.0,3.1100000000000003,1.3279166666666666
18,18,4,2.18,1.63,1.26
19,18,4,0.0,0.85,1.2920833333333335
20,18,4,1.62,1.37,1.2995833333333333
21,18,4,1.5499999999999998,0.0,1.3258333333333334
22,18,4,0.63,0.0,1.3258333333333334
23,18,4,0.0,1.54,1.3145833333333334
0,19,5,1.27,1.51,1.2516666666666667
1,19,5,0.0,0.0,1.2516666666666667
2,19,5,0.0,0.0,1.2854166666666667
3,19,5,0.81,1.86,1.29
4,19,5,1.97,3.14,1.26875
5,19,5,2.63,4.2,1.1479166666666667
6,19,5,1.3,1.99,1.0650000000000002
7,19,5,0.0,2.63,0.9554166666666667
8,19,5,0.0,1.83,0.8791666666666668
9,19,5,0.0,1.65,0.8104166666666667
10,19,5,0.0,0.49,0.8649999999999999
11,19,5,1.8,0.0,0.8891666666666667
12,19,5,0.58,0.0,0.9183333333333333
13,19,5,0.7,2.05,0.8329166666666666
14,19,5,0.0,1.96,0.8283333333333335
15,19,5,1.85,0.99,0.7870833333333334
16,19,5,0.0,0.0,0.8545833333333333
17,19,5,1.62,2.18,0.8450000000000001
18,19,5,1.95,0.0,0.8720833333333333
19,19,5,0.65,1.62,0.8245833333333333
20,19,5,0.48,1.5499999999999998,0.7600000000000001
21,19,5,0.0,0.63,0.73375
22,19,5,0.0,0.0,0.745
23,19,5,0.27,1.27,0.8341666666666666
0,20,6,3.41,0.0,0.9812500000000001
1,20,6,3.53,0.0,1.0783333333333334
2,20,6,2.33,0.81,1.0841666666666667
3,20,6,0.95,1.97,1.1116666666666666
4,20,6,2.63,2.63,1.0420833333333333
5,20,6,0.96,1.3,0.9879166666666666
6,20,6,0.0,0.0,1.085
7,20,6,2.33,0.0,1.1212499999999999
8,20,6,0.87,0.0,1.1212499999999999
9,20,6,0.0,0.0,1.1733333333333331
10,20,6,1.25,1.8,1.1916666666666667
11,20,6,2.24,0.58,1.2379166666666668
12,20,6,1.69,0.7,1.20875
13,20,6,0.0,0.0,1.2545833333333334
14,20,6,1.1,1.85,1.1775
15,20,6,0.0,0.0,1.2379166666666666
16,20,6,1.45,1.62,1.2125000000000001
17,20,6,1.01,1.95,1.1312499999999999
18,20,6,0.0,0.65,1.1204166666666666
19,20,6,0.39,0.48,1.1608333333333334
20,20,6,1.45,0.0,1.1608333333333334
21,20,6,0.0,0.0,1.21125
22,20,6,1.21,0.27,1.2
23,20,6,0.0,3.41,1.1404166666666666
0,21,0,1.98,3.53,0.9933333333333333
1,21,0,0.0,2.33,0.8962500000000001
2,21,0,0.0,0.95,0.8908333333333335
3,21,0,0.82,2.63,0.78125
4,21,0,0.0,0.96,0.7412500000000001
5,21,0,0.0,0.0,0.8608333333333333
6,21,0,2.87,2.33,0.8754166666666666
7,21,0,2.68,0.87,0.8516666666666667
8,21,0,0.3,0.0,0.8775000000000001
9,21,0,0.62,1.25,0.8254166666666668
10,21,0,0.0,2.24,0.7975
11,21,0,1.57,1.69,0.7899999999999999
12,21,0,1.51,0.0,0.7899999999999999
13,21,0,0.0,1.1,0.7725
14,21,0,0.68,0.0,0.8108333333333334
15,21,0,0.92,1.45,0.8408333333333333
16,21,0,2.17,1.01,0.7987500000000001
17,21,0,0.0,0.0,0.7987500000000001
18,21,0,0.0,0.39,0.8954166666666666
19,21,0,2.71,1.45,0.835
20,21,0,0.0,0.0,0.8879166666666666
21,21,0,1.27,1.21,0.9204166666666667
22,21,0,1.99,0.0,0.9916666666666667
23,21,0,1.71,1.98,0.9091666666666667
0,22,1,0.0,0.0,0.9525
1,22,1,1.04,0.0,0.9525
2,22,1,0.0,0.82,0.9554166666666667
3,22,1,0.8899999999999999,0.0,1.0095833333333333
4,22,1,1.3,0.0,1.0095833333333333
5,22,1,0.0,2.87,0.9500000000000001
6,22,1,1.44,2.68,0.8383333333333334
7,22,1,0.0,0.3,0.8441666666666667
8,22,1,0.44,0.62,0.8541666666666666
9,22,1,0.86,0.0,0.8975
10,22,1,1.04,1.57,0.8491666666666666
11,22,1,0.41,1.51,0.78625
12,22,1,0.0,0.0,0.8329166666666667
13,22,1,1.12,0.68,0.9679166666666666
14,22,1,3.92,0.92,0.9295833333333333
15,22,1,0.0,2.17,0.8391666666666667
16,22,1,0.0,0.0,0.9250000000000002
17,22,1,2.06,0.0,0.9520833333333334
18,22,1,0.65,2.71,0.9158333333333334
19,22,1,1.84,0.0,1.09125
20,22,1,4.21,1.27,1.0795833333333333
21,22,1,0.99,1.99,1.0558333333333334
22,22,1,1.42,1.71,1.0254166666666666
23,22,1,0.98,0.0,1.1358333333333333
0,23,2,2.65,1.04,1.1199999999999999
1,23,2,0.66,0.0,1.1199999999999999
2,23,2,0.0,0.8899999999999999,1.2520833333333334
3,23,2,4.0600000000000005,1.3,1.2691666666666668
4,23,2,1.71,0.0,1.2879166666666668
5,23,2,0.45,1.44,1.2795833333333333
6,23,2,1.24,0.0,1.4354166666666668
7,23,2,3.74,0.44,1.4170833333333335
8,23,2,0.0,0.86,1.554166666666667
9,23,2,4.15,1.04,1.575
10,23,2,1.54,0.41,1.5825000000000002
11,23,2,0.59,0.0,1.5825000000000002
12,23,2,0.0,1.12,1.6670833333333335
13,23,2,3.15,3.92,1.5037500000000001
14,23,2,0.0,0.0,1.5420833333333335
15,23,2,0.92,0.0,1.5675000000000001
16,23,2,0.61,2.06,1.4816666666666667
17,23,2,0.0,0.65,1.4545833333333336
18,23,2,0.0,1.84,1.5141666666666664
19,23,2,3.27,4.21,1.5145833333333332
20,23,2,4.22,0.99,1.4733333333333334
21,23,2,0.0,1.42,1.42875
22,23,2,0.35,0.98,1.5154166666666669
23,23,2,3.06,2.65,1.6058333333333332
0,24,3,4.82,0.66,1.6304166666666668
1,24,3,1.25,0.0,1.68625
2,24,3,1.34,4.0600000000000005,1.5170833333333331
3,24,3,0.0,1.71,1.6516666666666666
4,24,3,4.94,0.45,1.65625
5,24,3,0.56,1.24,1.67125
6,24,3,1.6,3.74,1.6604166666666667
7,24,3,3.48,0.0,1.6604166666666667
8,24,3,0.0,4.15,1.7270833333333335
9,24,3,5.75,1.54,1.6629166666666668
10,24,3,0.0,0.59,1.6383333333333334
11,24,3,0.0,0.0,1.6966666666666665
12,24,3,1.4,3.15,1.72
13,24,3,3.71,0.0,1.72
14,24,3,0.0,0.92,1.74
15,24,3,1.4,0.61,1.8408333333333333
16,24,3,3.03,0.0,1.8408333333333333
17,24,3,0.0,0.0,1.8408333333333333
18,24,3,0.0,3.27,1.8100000000000003
19,24,3,2.53,4.22,1.7129166666666669
20,24,3,1.89,0.0,1.7129166666666669
21,24,3,0.0,0.35,1.7633333333333334
22,24,3,1.56,3.06,1.6358333333333333
23,24,3,0.0,4.82,1.5287499999999998
0,25,4,2.25,1.25,1.6158333333333335
1,25,4,3.34,1.34,1.6358333333333335
2,25,4,1.82,0.0,1.741666666666667
3,25,4,2.54,4.94,1.545
4,25,4,0.22,0.56,1.5216666666666667
5,25,4,0.0,1.6,1.465
6,25,4,0.24,3.48,1.3429166666666668
7,25,4,0.55,0.0,1.3429166666666668
8,25,4,0.0,5.75,1.1033333333333333
9,25,4,0.0,0.0,1.2229166666666667
10,25,4,2.87,0.0,1.2229166666666667
11,25,4,0.0,1.4,1.23875
12,25,4,1.78,3.71,1.1120833333333333
13,25,4,0.67,0.0,1.1120833333333333
14,25,4,0.0,1.4,1.11
15,25,4,1.35,3.03,1.03625
16,25,4,1.26,0.0,1.1291666666666667
17,25,4,2.23,0.0,1.1958333333333333
18,25,4,1.6,2.53,1.1220833333333333
19,25,4,0.76,1.89,1.0433333333333332
20,25,4,0.0,0.0,1.13625
21,25,4,2.23,1.56,1.1387500000000002
22,25,4,1.62,0.0,1.1387500000000002
23,25,4,0.0,2.25,1.2
0,26,5,3.72,3.34,1.1754166666666668
1,26,5,2.75,1.82,1.2429166666666667
2,26,5,3.44,2.54,1.2483333333333333
3,26,5,2.67,0.22,1.3383333333333332
4,26,5,2.38,0.0,1.4170833333333333
5,26,5,1.89,0.24,1.4070833333333332
6,26,5,0.0,0.55,1.3841666666666665
7,26,5,0.0,0.0,1.4545833333333336
8,26,5,1.69,0.0,1.5337500000000002
9,26,5,1.9,2.87,1.4570833333333333
10,26,5,1.03,0.0,1.6641666666666666
11,26,5,4.970000000000001,1.78,1.7383333333333335
12,26,5,3.56,0.67,1.710416666666667
13,26,5,0.0,0.0,1.772916666666667
14,26,5,1.5,1.35,1.8079166666666666
15,26,5,2.19,1.26,1.7745833333333334
16,26,5,0.46,2.23,1.695
17,26,5,0.32,1.6,1.6970833333333335
18,26,5,1.65,0.76,1.87375
19,26,5,5.0,0.0,1.905
20,26,5,0.75,2.23,1.86625
21,26,5,1.3,1.62,1.79875
22,26,5,0.0,0.0,1.8475000000000001
23,26,5,1.17,3.72,1.7416666666666665
0,27,6,1.18,2.75,1.6270833333333332
1,27,6,0.0,3.44,1.58125
2,27,6,2.34,2.67,1.6058333333333332
3,27,6,3.26,2.38,1.5966666666666667
4,27,6,2.16,1.89,1.5504166666666668
5,27,6,0.78,0.0,1.5766666666666669
6,27,6,0.63,0.0,1.6050000000000002
7,27,6,0.68,1.69,1.6104166666666666
8,27,6,1.82,1.9,1.6716666666666666
9,27,6,3.37,1.03,1.62875
10,27,6,0.0,4.970000000000001,1.4216666666666666
11,27,6,0.0,3.56,1.4795833333333333
12,27,6,4.95,0.0,1.4795833333333333
13,27,6,0.0,1.5,1.4370833333333335
14,27,6,0.48,2.19,1.3458333333333334
15,27,6,0.0,0.46,1.405833333333333
16,27,6,1.9,0.32,1.4225
17,27,6,0.72,1.65,1.35375
18,27,6,0.0,5.0,1.18875
19,27,6,1.04,0.75,1.1875
20,27,6,0.72,1.3,1.1333333333333333
21,27,6,0.0,0.0,1.1333333333333333
22,27,6,0.0,1.17,1.1470833333333335
23,27,6,1.5,1.18,1.2308333333333332
0,28,0,3.19,0.0,1.3729166666666668
1,28,0,3.41,2.34,1.35625
2,28,0,1.94,3.26,1.3366666666666667
3,28,0,2.79,2.16,1.3420833333333333
4,28,0,2.29,0.78,1.3095833333333333
5,28,0,0.0,0.63,1.3883333333333334
6,28,0,2.52,0.68,1.5125
7,28,0,3.66,1.82,1.4866666666666666
8,28,0,1.2,3.37,1.3808333333333334
9,28,0,0.83,0.0,1.3920833333333336
10,28,0,0.27,0.0,1.42
11,28,0,0.67,4.95,1.4295833333333332
12,28,0,5.18,0.0,1.4949999999999999
13,28,0,1.57,0.48,1.495
14,28,0,0.48,0.0,1.495
15,28,0,0.0,1.9,1.4570833333333333
16,28,0,0.99,0.72,1.5208333333333333
17,28,0,2.25,0.0,1.5208333333333333
18,28,0,0.0,1.04,1.4895833333333333
19,28,0,0.29,0.72,1.5270833333333333
20,28,0,1.62,0.0,1.5270833333333333
21,28,0,0.0,0.0,1.6054166666666667
22,28,0,1.88,1.5,1.5429166666666667
23,28,0,0.0,3.19,1.4100000000000001
0,29,1,0.0,3.41,1.3708333333333333
1,29,1,2.47,1.94,1.30125
2,29,1,0.27,2.79,1.2783333333333333
3,29,1,2.24,2.29,1.2179166666666668
4,29,1,0.8400000000000001,0.0,1.3141666666666667
5,29,1,2.31,2.52,1.2091666666666667
6,29,1,0.0,3.66,1.1308333333333331
7,29,1,1.78,1.2,1.0808333333333333
8,29,1,0.0,0.83,1.0875000000000001
9,29,1,0.99,0.27,1.2537500000000001
10,29,1,4.26,0.67,1.2258333333333333
11,29,1,0.0,5.18,1.01
12,29,1,0.0,1.57,1.0454166666666667
13,29,1,2.42,0.48,1.1358333333333333
14,29,1,2.65,0.0,1.1595833333333332
15,29,1,0.57,0.99,1.1954166666666668
16,29,1,1.85,2.25,1.1408333333333334
17,29,1,0.94,0.0,1.1408333333333334
18,29,1,0.0,0.29,1.1712500000000001
19,29,1,1.02,1.62,1.1275000000000002
20,29,1,0.57,0.0,1.1275000000000002
21,29,1,0.0,1.88,1.1283333333333334
22,29,1,1.9,0.0,1.2183333333333335
23,29,1,2.16,0.0,1.4041666666666668
0,30,2,4.46,2.47,1.3654166666666665
1,30,2,1.54,0.27,1.4045833333333333
2,30,2,1.21,2.24,1.31125
3,30,2,0.0,0.8400000000000001,1.27625
4,30,2,0.0,2.31,1.2058333333333333
5,30,2,0.62,0.0,1.2591666666666665
6,30,2,1.28,1.78,1.3408333333333333
7,30,2,3.74,0.0,1.4558333333333333
8,30,2,2.76,0.99,1.4937500000000001
9,30,2,1.9,4.26,1.4191666666666667
10,30,2,2.47,0.0,1.5374999999999999
11,30,2,2.84,0.0,1.5833333333333333
12,30,2,1.1,2.42,1.615
13,30,2,3.18,2.65,1.5804166666666666
14,30,2,1.82,0.57,1.585
15,30,2,0.68,1.85,1.6575
16,30,2,3.59,0.94,1.6183333333333334
17,30,2,0.0,0.0,1.6183333333333334
18,30,2,0.0,1.02,1.6308333333333334
19,30,2,1.32,0.57,1.6512499999999999
20,30,2,1.06,0.0,1.7695833333333333
21,30,2,2.84,1.9,1.6904166666666667
22,30,2,0.0,2.16,1.7925000000000002
23,30,2,4.609999999999999,4.46,1.67375
0,31,3,1.61,1.54,1.6095833333333334
1,31,3,0.0,1.21,1.5704166666666668
2,31,3,0.27,0.0,1.5954166666666667
3,31,3,0.6,0.0,1.6270833333333334
4,31,3,0.76,0.62,1.6708333333333332
5,31,3,1.67,1.28,1.6175
6,31,3,0.0,3.74,1.52625
7,31,3,1.55,2.76,1.4266666666666667
8,31,3,0.37,1.9,1.5041666666666664
9,31,3,3.76,2.47,1.4012499999999999
10,31,3,0.0,2.84,1.2829166666666667
11,31,3,0.0,1.1,1.2616666666666667
12,31,3,0.59,3.18,1.1766666666666667
13,31,3,1.14,1.82,1.16375
14,31,3,1.51,0.68,1.1354166666666667
15,31,3,0.0,3.59,1.06375
16,31,3,1.87,0.0,1.1004166666666666
17,31,3,0.88,0.0,1.3720833333333333
18,31,3,6.52,1.32,1.38875
19,31,3,1.7200000000000002,1.06,1.3445833333333332
20,31,3,0.0,2.84,1.2383333333333333
21,31,3,0.29,0.0,1.3129166666666665
22,31,3,1.79,4.609999999999999,1.2291666666666667
23,31,3,2.6,1.61,1.4558333333333333
0,1,4,7.05,0.0,1.6379166666666667
1,1,4,4.37,0.27,1.7070833333333333
2,1,4,1.93,0.6,1.7804166666666668
3,1,4,2.36,0.76,1.7966666666666666
4,1,4,1.15,1.67,1.8162500000000001
5,1,4,2.14,0.0,1.875
6,1,4,1.41,1.55,1.86
7,1,4,1.19,0.37,1.8445833333333335
8,1,4,0.0,3.76,1.73375
9,1,4,1.1,0.0,1.73375
10,1,4,0.0,0.0,1.73375
11,1,4,0.0,0.59,1.7091666666666665
12,1,4,0.0,1.14,1.6741666666666666
13,1,4,0.3,1.51,1.8
14,1,4,4.529999999999999,0.0,1.9645833333333333
15,1,4,3.95,1.87,1.9520833333333334
16,1,4,1.57,0.88,2.06375
17,1,4,3.56,6.52,1.8012499999999998
18,1,4,0.22,1.7200000000000002,1.8054166666666667
19,1,4,1.82,0.0,1.8729166666666666
20,1,4,1.62,0.29,1.875
21,1,4,0.34,1.79,1.8004166666666668
22,1,4,0.0,2.6,1.6920833333333334
23,1,4,0.0,7.05,1.5962500000000002
0,2,5,4.75,4.37,1.4141666666666666
1,2,5,0.0,1.93,1.33375
2,2,5,0.0,2.36,1.2899999999999998
3,2,5,1.31,1.15,1.295
4,2,5,1.27,2.14,1.2870833333333331
5,2,5,1.95,1.41,1.2891666666666666
6,2,5,1.46,1.19,1.3054166666666667
7,2,5,1.58,0.0,1.3054166666666667
8,2,5,0.0,1.1,1.2595833333333333
9,2,5,0.0,0.0,1.2975
10,2,5,0.91,0.0,1.3687500000000001
11,2,5,1.71,0.0,1.3687500000000001
12,2,5,0.0,0.3,1.3779166666666667
13,2,5,0.52,4.529999999999999,1.1891666666666667
14,2,5,0.0,3.95,1.1183333333333332
15,2,5,2.25,1.57,1.0529166666666667
16,2,5,0.0,3.56,0.9045833333333334
17,2,5,0.0,0.22,0.8954166666666667
18,2,5,0.0,1.82,0.9416666666666668
19,2,5,2.93,1.62,0.9562499999999999
20,2,5,1.97,0.34,1.0570833333333332
21,2,5,2.76,0.0,1.1279166666666667
22,2,5,1.7000000000000002,0.0,1.1279166666666667
23,2,5,0.0,4.75,0.93
0,3,6,0.0,0.0,0.9945833333333334
1,3,6,1.55,0.0,1.01375
2,3,6,0.46,1.31,1.0670833333333334
3,3,6,2.59,1.27,1.0141666666666667
4,3,6,0.0,1.95,0.94625
5,3,6,0.32,1.46,0.8854166666666666
6,3,6,0.0,1.58,0.9279166666666666
7,3,6,2.6,0.0,1.0333333333333332
8,3,6,2.53,0.0,1.0333333333333332
9,3,6,0.0,0.91,0.9954166666666667
10,3,6,0.0,1.71,0.9241666666666667
11,3,6,0.0,0.0,0.9533333333333335
12,3,6,0.7,0.52,0.9716666666666666
13,3,6,0.96,0.0,0.9916666666666667
14,3,6,0.48,2.25,0.9629166666666666
15,3,6,1.56,0.0,1.1520833333333333
16,3,6,4.54,0.0,1.1929166666666666
17,3,6,0.98,0.0,1.2195833333333335
18,3,6,0.64,2.93,1.1737499999999998
19,3,6,1.83,1.97,1.1629166666666666
20,3,6,1.71,2.76,1.0679166666666666
21,3,6,0.48,1.7000000000000002,1.0262499999999999
22,3,6,0.7,0.0,1.0441666666666667
23,3,6,0.43,0.0,1.0441666666666667
0,4,0,0.0,1.55,0.9795833333333333
1,4,0,0.0,0.46,0.98375
2,4,0,0.56,2.59,1.1050000000000002
3,4,0,5.5,0.0,1.2237500000000001
4,4,0,2.85,0.32,1.2104166666666667
5,4,0,0.0,0.0,1.2104166666666667
6,4,0,0.0,2.6,1.1245833333333333
7,4,0,0.54,2.53,1.0979166666666667
8,4,0,1.89,0.0,1.1666666666666667
9,4,0,1.65,0.0,1.2145833333333333
10,4,0,1.15,0.0,1.2366666666666666
11,4,0,0.53,0.7,1.2983333333333333
12,4,0,2.18,0.96,1.3729166666666668
13,4,0,2.75,0.48,1.4733333333333334
14,4,0,2.89,1.56,1.4083333333333334
15,4,0,0.0,4.54,1.2591666666666665
16,4,0,0.96,0.98,1.2183333333333333
17,4,0,0.0,0.64,1.2341666666666666
18,4,0,1.02,1.83,1.2404166666666667
19,4,0,1.98,1.71,1.2179166666666668
20,4,0,1.17,0.48,1.1979166666666667
21,4,0,0.0,0.7,1.1937499999999999
22,4,0,0.6,0.43,1.43375
23,4,0,6.19,0.0,1.43375
0,5,1,0.0,0.0,1.4425000000000001
1,5,1,0.21,0.56,1.4883333333333333
2,5,1,1.66,5.5,1.2591666666666665
3,5,1,0.0,2.85,1.1404166666666666
4,5,1,0.0,0.0,1.1670833333333335
5,5,1,0.64,0.0,1.2620833333333332
6,5,1,2.28,0.54,1.2754166666666669
7,5,1,0.86,1.89,1.2741666666666667
8,5,1,1.86,1.65,1.2366666666666666
9,5,1,0.75,1.15,1.2175
10,5,1,0.69,0.53,1.1954166666666666
11,5,1,0.0,2.18,1.1045833333333333
12,5,1,0.0,2.75,0.9899999999999999
13,5,1,0.0,2.89,1.035
14,5,1,3.97,0.0,1.0745833333333332
15,5,1,0.95,0.96,1.1079166666666669
16,5,1,1.76,0.0,1.1958333333333335
17,5,1,2.1100000000000003,1.02,1.1533333333333333
18,5,1,0.0,1.98,1.0895833333333333
19,5,1,0.45,1.17,1.0408333333333333
20,5,1,0.0,0.0,1.0408333333333333
21,5,1,0.0,0.6,1.09125
22,5,1,1.81,6.19,0.92625
23,5,1,2.23,0.0,0.9416666666666668
0,6,2,0.37,0.21,1.1108333333333333
1,6,2,4.27,1.66,1.1845833333333333
2,6,2,3.43,0.0,1.1845833333333333
3,6,2,0.0,0.0,1.2341666666666666
4,6,2,1.19,0.64,1.2395833333333333
5,6,2,0.77,2.28,1.2720833333333335
6,6,2,3.06,0.86,1.3216666666666665
7,6,2,2.0500000000000003,1.86,1.3195833333333333
8,6,2,1.81,0.75,1.3825
9,6,2,2.26,0.69,1.3958333333333333
10,6,2,1.01,0.0,1.3958333333333333
11,6,2,0.0,0.0,1.5216666666666667
12,6,2,3.02,0.0,1.5216666666666667
13,6,2,0.0,3.97,1.4316666666666669
14,6,2,1.81,0.95,1.4429166666666668
15,6,2,1.22,1.76,1.460416666666667
16,6,2,2.18,2.1100000000000003,1.3725000000000003
17,6,2,0.0,0.0,1.38375
18,6,2,0.27,0.45,1.4204166666666669
19,6,2,1.33,0.0,1.45375
20,6,2,0.8,0.0,1.4854166666666666
21,6,2,0.76,1.81,1.4883333333333333
22,6,2,1.88,2.23,1.3954166666666667
23,6,2,0.0,0.37,1.3800000000000001
0,7,3,0.0,4.27,1.2020833333333334
1,7,3,0.0,3.43,1.0591666666666668
2,7,3,0.0,0.0,1.0591666666666668
3,7,3,0.0,1.19,1.0816666666666668
4,7,3,1.73,0.77,1.1429166666666666
5,7,3,2.24,3.06,1.0154166666666666
6,7,3,0.0,2.0500000000000003,0.93
7,7,3,0.0,1.81,1.00125
8,7,3,3.52,2.26,0.9070833333333334
9,7,3,0.0,1.01,0.9370833333333333
10,7,3,1.73,0.0,1.0116666666666665
11,7,3,1.79,3.02,0.8858333333333333
12,7,3,0.0,0.0,1.0625
13,7,3,4.24,1.81,0.9870833333333334
14,7,3,0.0,1.22,0.9808333333333334
15,7,3,1.07,2.18,0.9274999999999999
16,7,3,0.9,0.0,1.05375
17,7,3,3.03,0.27,1.2329166666666667
18,7,3,4.57,1.33,1.2708333333333333
19,7,3,2.24,0.8,1.2375
20,7,3,0.0,0.76,1.2058333333333335
21,7,3,0.0,1.88,1.1275000000000002
22,7,3,0.0,0.0,1.1483333333333334
23,7,3,0.5,0.0,1.1483333333333334
0,8,4,0.0,0.0,1.1483333333333334
1,8,4,0.0,0.0,1.1483333333333334
2,8,4,0.0,0.0,1.1483333333333334
3,8,4,0.0,1.73,1.1483333333333332
4,8,4,1.73,2.24,1.1229166666666668
5,8,4,1.63,0.0,1.20625
6,8,4,2.0,0.0,1.2845833333333334
7,8,4,1.88,3.52,1.2079166666666667
8,8,4,1.68,0.0,1.2329166666666669
9,8,4,0.6,1.73,1.1991666666666667
10,8,4,0.92,1.79,1.175
11,8,4,1.21,0.0,1.3029166666666667
12,8,4,3.07,4.24,1.12625
13,8,4,0.0,0.0,1.2429166666666667
14,8,4,2.8,1.07,1.1983333333333333
15,8,4,0.0,0.9,1.1608333333333334
16,8,4,0.0,3.03,1.0641666666666667
17,8,4,0.71,4.57,0.8737499999999999
18,8,4,0.0,2.24,0.8341666666666665
19,8,4,1.29,0.0,0.9066666666666666
20,8,4,1.74,0.0,0.92375
21,8,4,0.41,0.0,1.0520833333333333
22,8,4,3.08,0.5,1.1479166666666667
23,8,4,2.8,0.0,1.2966666666666666
0,9,5,3.5700000000000003,0.0,1.2966666666666666
1,9,5,0.0,0.0,1.2966666666666666
2,9,5,0.0,0.0,1.3491666666666664
3,9,5,1.26,1.73,1.2770833333333333
4,9,5,0.0,1.63,1.2091666666666667
5,9,5,0.0,2.0,1.1879166666666665
6,9,5,1.49,1.88,1.1775
7,9,5,1.63,1.68,1.1075
8,9,5,0.0,0.6,1.0824999999999998
9,9,5,0.0,0.92,1.0795833333333333
10,9,5,0.85,1.21,1.0291666666666666
11,9,5,0.0,3.07,0.9266666666666666
12,9,5,0.61,0.0,1.0283333333333333
13,9,5,2.44,2.8,0.9116666666666667
14,9,5,0.0,0.0,1.06125
15,9,5,3.59,0.0,1.06125
16,9,5,0.0,0.71,1.0316666666666667
17,9,5,0.0,0.0,1.0316666666666667
18,9,5,0.0,1.29,0.9779166666666667
19,9,5,0.0,1.74,0.93375
20,9,5,0.68,0.41,0.9904166666666666
21,9,5,1.77,3.08,0.9187500000000001
22,9,5,1.36,2.8,0.8279166666666667
23,9,5,0.62,3.5700000000000003,0.7333333333333334
0,10,6,1.3,0.0,0.7625000000000001
1,10,6,0.7,0.0,0.8795833333333333
2,10,6,2.81,1.26,0.9787499999999999
3,10,6,3.64,0.0,0.9787499999999999
4,10,6,0.0,0.0,1.1008333333333333
5,10,6,2.93,1.49,1.1079166666666667
6,10,6,1.66,1.63,1.1720833333333334
7,10,6,3.17,0.0,1.1720833333333334
8,10,6,0.0,0.0,1.2916666666666667
9,10,6,2.87,0.85,1.2562499999999999
10,10,6,0.0,0.0,1.2562499999999999
11,10,6,0.0,0.61,1.3504166666666668
12,10,6,2.87,2.44,1.2833333333333334
13,10,6,0.83,0.0,1.3458333333333332
14,10,6,1.5,3.59,1.19625
15,10,6,0.0,0.0,1.32875
16,10,6,3.18,0.0,1.3866666666666667
17,10,6,1.39,0.0,1.3866666666666667
18,10,6,0.0,0.0,1.4929166666666667
19,10,6,2.55,0.68,1.64375
20,10,6,4.3,1.77,1.5700000000000003
21,10,6,0.0,1.36,1.5912499999999998
22,10,6,1.87,0.62,1.5654166666666667
23,10,6,0.0,1.3,1.5112500000000002
0,11,0,0.0,0.7,1.4820833333333334
1,11,0,0.0,2.81,1.365
2,11,0,0.0,3.64,1.2133333333333334
3,11,0,0.0,0.0,1.3862500000000002
4,11,0,4.15,2.93,1.4100000000000001
5,11,0,3.5,1.66,1.3408333333333333
6,11,0,0.0,3.17,1.3479166666666667
7,11,0,3.34,0.0,1.3925
8,11,0,1.07,2.87,1.3004166666666668
9,11,0,0.66,0.0,1.3766666666666667
10,11,0,1.83,0.0,1.3908333333333334
11,11,0,0.34,2.87,1.385
12,11,0,2.73,0.83,1.42375
13,11,0,1.76,1.5,1.5170833333333336
14,11,0,3.74,0.0,1.55
15,11,0,0.79,3.18,1.4175000000000002
16,11,0,0.0,1.39,1.3779166666666667
17,11,0,0.44,0.0,1.4383333333333335
18,11,0,1.45,2.55,1.3320833333333333
19,11,0,0.0,4.3,1.1529166666666668
20,11,0,0.0,0.0,1.2125000000000001
21,11,0,1.43,1.87,1.20125
22,11,0,1.6,0.0,1.20125
23,11,0,0.0,0.0,1.2104166666666667
0,12,1,0.22,0.0,1.3770833333333332
1,12,1,4.0,0.0,1.46375
2,12,1,2.08,0.0,1.5220833333333335
3,12,1,1.4,4.15,1.3491666666666668
4,12,1,0.0,3.5,1.2816666666666667
5,12,1,1.88,0.0,1.3604166666666666
6,12,1,1.89,3.34,1.35875
7,12,1,3.3,1.07,1.3545833333333333
8,12,1,0.97,0.66,1.4445833333333333
9,12,1,2.82,1.83,1.3683333333333334
10,12,1,0.0,0.34,1.3966666666666665
11,12,1,1.02,2.73,1.3991666666666667
12,12,1,2.79,1.76,1.3258333333333334
13,12,1,0.0,3.74,1.235
14,12,1,1.56,0.79,1.2920833333333333
15,12,1,2.16,0.0,1.4420833333333334
16,12,1,3.6,0.44,1.5345833333333336
17,12,1,2.66,1.45,1.5079166666666666
18,12,1,0.81,0.0,1.5629166666666665
19,12,1,1.32,0.0,1.6175
20,12,1,1.31,1.43,1.5579166666666666
21,12,1,0.0,1.6,1.5841666666666665
22,12,1,2.23,0.0,1.71125
23,12,1,3.05,0.22,1.7625
0,13,2,1.45,4.0,1.6370833333333332
1,13,2,0.99,2.08,1.5750000000000002
2,13,2,0.59,1.4,1.585416666666667
3,13,2,1.65,0.0,1.6908333333333336
4,13,2,2.53,1.88,1.6870833333333335
5,13,2,1.79,1.89,1.7033333333333331
6,13,2,2.28,3.3,1.6420833333333336
7,13,2,1.83,0.97,1.6016666666666668
8,13,2,0.0,2.82,1.4841666666666669
9,13,2,0.0,0.0,1.540416666666667
10,13,2,1.35,1.02,1.5633333333333335
11,13,2,1.57,2.79,1.4470833333333335
12,13,2,0.0,0.0,1.4570833333333333
13,13,2,0.24,1.56,1.4579166666666665
14,13,2,1.58,2.16,1.46875
15,13,2,2.42,3.6,1.4870833333333333
16,13,2,4.04,2.66,1.3762499999999998
17,13,2,0.0,0.81,1.3425
18,13,2,0.0,1.32,1.405
19,13,2,2.8200000000000003,1.31,1.3504166666666666
20,13,2,0.0,0.0,1.4437499999999999
21,13,2,2.24,2.23,1.3941666666666668
22,13,2,1.04,3.05,1.3166666666666667
23,13,2,1.19,1.45,1.2562499999999999
0,14,3,0.0,0.99,1.215
1,14,3,0.0,0.59,1.335
2,14,3,3.47,1.65,1.344166666666667
3,14,3,1.87,2.53,1.23875
