hour,day,weekday,lag_1,lag_24,rolling_mean_24
2,1,6,1.14,0.16,0.6808333333333335
3,1,6,6.12,0.52,1.2108333333333334
4,1,6,13.24,1.06,1.425
5,1,6,6.2,0.0,1.6066666666666667
6,1,6,4.36,0.47,1.751666666666667
7,1,6,3.95,1.12,2.2116666666666664
8,1,6,12.16,0.2,2.3245833333333334
9,1,6,2.91,0.66,2.7570833333333336
10,1,6,11.04,0.0,2.7570833333333336
11,1,6,0.0,0.46,2.91
12,1,6,4.13,0.0,2.91
13,1,6,0.0,0.28,3.2433333333333336
14,1,6,8.28,0.0,3.5908333333333338
15,1,6,8.34,1.05,3.5470833333333336
16,1,6,0.0,0.51,3.7100000000000004
17,1,6,4.42,0.44,4.18875
18,1,6,11.93,0.23,4.26375
19,1,6,2.03,0.83,4.333333333333333
20,1,6,2.5,0.19,4.848333333333334
21,1,6,12.55,0.4,5.09125
22,1,6,6.23,0.32,5.214583333333334
23,1,6,3.28,0.34,5.747083333333333
0,2,0,13.12,0.0,5.907916666666666
1,2,0,3.86,1.14,6.114999999999999
2,2,0,6.109999999999999,6.12,5.86
3,2,0,0.0,13.24,5.308333333333334
4,2,0,0.0,6.2,5.05
5,2,0,0.0,4.36,4.868333333333333
6,2,0,0.0,3.95,4.869583333333333
7,2,0,3.98,12.16,4.362916666666666
8,2,0,0.0,2.91,4.510416666666667
9,2,0,6.45,11.04,4.050416666666666
10,2,0,0.0,0.0,4.187916666666666
11,2,0,3.3,4.13,4.015833333333333
12,2,0,0.0,0.0,4.015833333333333
13,2,0,0.0,8.28,3.670833333333333
14,2,0,0.0,8.34,3.323333333333333
15,2,0,0.0,0.0,3.6437500000000003
16,2,0,7.69,4.42,3.6266666666666665
17,2,0,4.01,11.93,3.4295833333333334
18,2,0,7.2,2.03,3.345
19,2,0,0.0,2.5,3.45875
20,2,0,5.23,12.55,3.1270833333333337
21,2,0,4.59,6.23,3.3525000000000005
22,2,0,11.64,3.28,3.3379166666666666
23,2,0,2.93,13.12,2.8833333333333333
0,3,1,2.21,3.86,3.385
1,3,1,15.9,6.109999999999999,3.265
2,3,1,3.23,0.0,3.441666666666667
3,3,1,4.24,0.0,3.637083333333333
4,3,1,4.69,0.0,3.777083333333333
5,3,1,3.36,0.0,3.7770833333333336
6,3,1,0.0,3.98,3.61125
7,3,1,0.0,0.0,3.810416666666667
8,3,1,4.78,6.45,3.5416666666666665
9,3,1,0.0,0.0,3.5416666666666665
10,3,1,0.0,3.3,3.724166666666667
11,3,1,7.68,0.0,3.724166666666667
12,3,1,0.0,0.0,3.87625
13,3,1,3.65,0.0,4.32
14,3,1,10.65,0.0,4.32
15,3,1,0.0,7.69,3.9995833333333337
16,3,1,0.0,4.01,3.8325
17,3,1,0.0,7.2,4.09
18,3,1,13.38,0.0,4.3429166666666665
19,3,1,6.07,5.23,4.47375
20,3,1,8.370000000000001,4.59,4.434583333333333
21,3,1,3.65,11.64,3.9495833333333334
22,3,1,0.0,2.93,3.8275
23,3,1,0.0,2.21,3.735416666666667
0,4,2,0.0,15.9,3.267083333333334
1,4,2,4.66,3.23,3.279166666666667
2,4,2,3.52,4.24,3.1025000000000005
3,4,2,0.0,4.69,3.19125
4,4,2,6.82,3.36,3.2512500000000006
5,4,2,4.8,0.0,3.504583333333334
6,4,2,6.08,0.0,4.095833333333334
7,4,2,14.19,4.78,4.070833333333334
8,4,2,4.18,0.0,4.070833333333334
9,4,2,0.0,0.0,4.263750000000001
10,4,2,4.63,7.68,4.074583333333334
11,4,2,3.14,0.0,4.220416666666667
12,4,2,3.5,3.65,4.415
13,4,2,8.32,10.65,4.151666666666666
14,4,2,4.33,0.0,4.151666666666666
15,4,2,0.0,0.0,4.151666666666666
16,4,2,0.0,0.0,4.260416666666667
17,4,2,2.61,13.38,4.0600000000000005
18,4,2,8.57,6.07,3.8070833333333334
19,4,2,0.0,8.370000000000001,3.995833333333333
20,4,2,12.9,3.65,3.970416666666667
21,4,2,3.04,0.0,4.291250000000001
22,4,2,7.699999999999999,0.0,4.63875
23,4,2,8.34,0.0,4.767916666666667
0,5,3,3.1,4.66,4.746666666666667
1,5,3,4.15,3.52,4.6
2,5,3,0.0,0.0,4.6
3,5,3,0.0,6.82,4.315833333333333
4,5,3,0.0,4.8,4.115833333333334
5,5,3,0.0,6.08,4.125
6,5,3,6.300000000000001,14.19,3.7320833333333336
7,5,3,4.76,4.18,3.734583333333333
8,5,3,4.24,0.0,3.734583333333333
9,5,3,0.0,4.63,3.7320833333333336
10,5,3,4.57,3.14,3.722916666666667
11,5,3,2.92,3.5,3.7300000000000004
12,5,3,3.67,8.32,3.5725
13,5,3,4.54,4.33,3.3920833333333333
14,5,3,0.0,0.0,3.6750000000000003
15,5,3,6.79,0.0,4.1466666666666665
16,5,3,11.32,2.61,4.305416666666667
17,5,3,6.42,8.57,4.110416666666667
18,5,3,3.89,0.0,4.4275
19,5,3,7.61,12.9,4.206666666666667
20,5,3,7.6,3.04,4.35375
21,5,3,6.57,7.699999999999999,4.32875
22,5,3,7.1000000000000005,8.34,4.1000000000000005
23,5,3,2.85,3.1,3.9708333333333337
0,6,4,0.0,4.15,4.187083333333334
1,6,4,9.34,0.0,4.365
2,6,4,4.27,0.0,4.552916666666667
3,6,4,4.51,0.0,4.820833333333334
4,6,4,6.43,0.0,5.005833333333333
5,6,4,4.44,6.300000000000001,4.743333333333333
6,6,4,0.0,4.76,4.7387500000000005
7,6,4,4.65,4.24,4.868333333333333
8,6,4,7.35,0.0,4.868333333333333
9,6,4,0.0,4.57,4.6779166666666665
10,6,4,0.0,2.92,5.21625
11,6,4,15.84,3.67,5.404583333333334
12,6,4,8.190000000000001,4.54,5.215416666666667
13,6,4,0.0,0.0,5.30375
14,6,4,2.12,6.79,5.020833333333333
15,6,4,0.0,11.32,4.687916666666667
16,6,4,3.33,6.42,4.770416666666667
17,6,4,8.4,3.89,4.7925
18,6,4,4.42,7.61,4.6329166666666675
19,6,4,3.78,7.6,4.5183333333333335
20,6,4,4.85,6.57,4.544583333333334
21,6,4,7.2,7.1000000000000005,4.24875
22,6,4,0.0,2.85,4.449166666666667
23,6,4,7.66,0.0,4.582916666666667
0,7,5,3.21,9.34,4.391666666666667
1,7,5,4.75,4.27,4.29875
2,7,5,2.04,4.51,4.110833333333334
3,7,5,0.0,6.43,3.842916666666667
4,7,5,0.0,4.44,4.12625
5,7,5,11.24,0.0,4.2175
6,7,5,2.19,4.65,4.690833333333333
7,7,5,16.01,7.35,4.505
8,7,5,2.89,0.0,4.81375
9,7,5,7.41,0.0,5.34
10,7,5,12.63,15.84,4.8375
11,7,5,3.78,8.190000000000001,4.496250000000001
12,7,5,0.0,0.0,4.642916666666667
13,7,5,3.52,2.12,4.821666666666666
14,7,5,6.41,0.0,5.077083333333333
15,7,5,6.13,3.33,5.275416666666667
16,7,5,8.09,8.4,5.065
17,7,5,3.35,4.42,5.080000000000001
18,7,5,4.779999999999999,3.78,5.066666666666667
19,7,5,3.46,4.85,4.864583333333333
20,7,5,0.0,7.2,5.0062500000000005
21,7,5,10.6,0.0,5.447083333333334
22,7,5,10.58,7.66,5.312083333333334
23,7,5,4.42,3.21,5.355833333333334
0,8,6,4.26,4.75,5.430833333333333
1,8,6,6.55,2.04,5.345833333333334
2,8,6,0.0,0.0,5.345833333333334
3,8,6,0.0,0.0,5.345833333333334
4,8,6,0.0,11.24,5.159166666666667
5,8,6,6.76,2.19,5.067916666666667
6,8,6,0.0,16.01,4.787916666666667
7,8,6,9.29,2.89,4.7820833333333335
8,8,6,2.75,7.41,4.62625
9,8,6,3.67,12.63,4.2725
10,8,6,4.14,3.78,4.114999999999999
11,8,6,0.0,0.0,4.114999999999999
12,8,6,0.0,3.52,4.1120833333333335
13,8,6,3.45,6.41,4.02625
14,8,6,4.35,6.13,3.7708333333333335
15,8,6,0.0,8.09,3.43375
16,8,6,0.0,3.35,3.294166666666667
17,8,6,0.0,4.779999999999999,3.285
18,8,6,4.56,3.46,3.140833333333333
19,8,6,0.0,0.0,3.3383333333333334
20,8,6,4.74,10.6,3.0095833333333335
21,8,6,2.71,10.58,2.56875
22,8,6,0.0,4.42,2.3845833333333335
23,8,6,0.0,4.26,2.2070833333333333
0,9,0,0.0,6.55,2.0383333333333336
1,9,0,2.5,0.0,2.0383333333333336
2,9,0,0.0,0.0,2.18
3,9,0,3.4,0.0,2.4225
4,9,0,5.82,6.76,2.1408333333333336
5,9,0,0.0,0.0,2.275416666666667
6,9,0,3.23,9.29,1.8883333333333336
7,9,0,0.0,2.75,1.9495833333333337
8,9,0,4.22,3.67,1.7966666666666669
9,9,0,0.0,4.14,1.6241666666666668
10,9,0,0.0,0.0,1.6241666666666668
11,9,0,0.0,0.0,1.7720833333333335
12,9,0,3.55,3.45,1.7633333333333334
13,9,0,3.24,4.35,1.5820833333333333
14,9,0,0.0,0.0,1.90625
15,9,0,7.779999999999999,0.0,1.90625
16,9,0,0.0,0.0,2.23375
17,9,0,7.86,4.56,2.2191666666666667
18,9,0,4.21,0.0,2.5300000000000002
19,9,0,7.46,4.74,2.3325
20,9,0,0.0,2.71,2.5991666666666666
21,9,0,9.11,0.0,2.9483333333333337
22,9,0,8.379999999999999,0.0,3.370416666666667
23,9,0,10.13,0.0,3.49375
0,10,1,2.96,2.5,3.5483333333333333
1,10,1,3.81,0.0,3.65875
2,10,1,2.65,3.4,3.517083333333334
3,10,1,0.0,5.82,3.4583333333333335
4,10,1,4.41,0.0,3.754583333333333
5,10,1,7.109999999999999,3.23,3.9129166666666664
6,10,1,7.03,0.0,4.058333333333333
7,10,1,3.49,4.22,4.185
8,10,1,7.26,0.0,4.355416666666667
9,10,1,4.09,0.0,4.671666666666667
10,10,1,7.59,0.0,4.671666666666667
11,10,1,0.0,3.55,4.523750000000001
12,10,1,0.0,3.24,4.746666666666667
13,10,1,8.59,0.0,4.746666666666667
14,10,1,0.0,7.779999999999999,4.572500000000001
15,10,1,3.6,0.0,4.695416666666667
16,10,1,2.95,7.86,4.664166666666667
17,10,1,7.11,4.21,4.676666666666667
18,10,1,4.51,7.46,4.541250000000001
19,10,1,4.21,0.0,4.90125
20,10,1,8.64,9.11,4.521666666666667
21,10,1,0.0,8.379999999999999,4.47375
22,10,1,7.23,10.13,4.387083333333333
23,10,1,8.05,2.96,4.4366666666666665
0,11,2,4.15,3.81,4.78
1,11,2,12.05,2.65,4.669583333333333
2,11,2,0.0,0.0,5.00375
3,11,2,8.02,4.41,5.015833333333333
4,11,2,4.7,7.109999999999999,5.177083333333333
5,11,2,10.98,7.03,5.015833333333333
6,11,2,3.16,3.49,4.870416666666667
7,11,2,0.0,7.26,4.905833333333334
8,11,2,8.11,4.09,4.8775
9,11,2,3.41,7.59,4.56125
10,11,2,0.0,0.0,4.89375
11,11,2,7.979999999999999,0.0,5.395833333333333
12,11,2,12.05,8.59,5.165416666666666
13,11,2,3.06,0.0,5.309166666666667
14,11,2,3.45,3.6,5.545000000000001
15,11,2,9.26,2.95,5.576249999999999
16,11,2,3.7,7.11,5.589583333333334
17,11,2,7.43,4.51,5.524583333333335
18,11,2,2.95,4.21,5.791666666666667
19,11,2,10.62,8.64,5.5375000000000005
20,11,2,2.54,0.0,5.832916666666666
21,11,2,7.09,7.23,5.72
22,11,2,4.52,8.05,5.46875
23,11,2,2.02,4.15,5.766666666666667
0,12,3,11.3,12.05,5.510416666666667
1,12,3,5.9,0.0,6.0249999999999995
2,12,3,12.35,8.02,5.690833333333333
3,12,3,0.0,4.7,5.903333333333333
4,12,3,9.8,10.98,5.787916666666667
5,12,3,8.21,3.16,5.800416666666666
6,12,3,3.46,0.0,6.310833333333332
7,12,3,12.25,8.11,6.1225
8,12,3,3.59,3.41,6.132083333333334
9,12,3,3.64,0.0,6.132083333333334
10,12,3,0.0,7.979999999999999,5.888333333333333
11,12,3,2.13,12.05,5.38625
12,12,3,0.0,3.06,5.6191666666666675
13,12,3,8.649999999999999,3.45,5.699583333333333
14,12,3,5.38,9.26,5.442083333333333
15,12,3,3.08,3.7,5.287916666666667
16,12,3,0.0,7.43,5.087916666666667
17,12,3,2.63,2.95,5.092083333333333
18,12,3,3.05,10.62,4.649583333333333
19,12,3,0.0,2.54,4.54375
20,12,3,0.0,7.09,4.409166666666667
21,12,3,3.86,4.52,4.220833333333333
22,12,3,0.0,2.02,4.136666666666667
23,12,3,0.0,11.3,3.8624999999999994
0,13,4,4.72,5.9,3.9270833333333335
1,13,4,7.449999999999999,12.35,3.5783333333333336
2,13,4,3.98,0.0,3.578333333333333
3,13,4,0.0,9.8,3.385833333333333
4,13,4,5.18,8.21,3.0437500000000006
5,13,4,0.0,3.46,3.698333333333333
6,13,4,19.17,12.25,3.37375
7,13,4,4.46,3.59,3.3249999999999997
8,13,4,2.42,3.64,3.3225000000000002
9,13,4,3.58,0.0,4.111666666666667
10,13,4,18.94,2.13,4.022916666666666
11,13,4,0.0,0.0,4.52125
12,13,4,11.96,8.649999999999999,4.346666666666667
13,13,4,4.46,5.38,4.295416666666667
14,13,4,4.15,3.08,4.26625
15,13,4,2.38,0.0,4.58
16,13,4,7.53,2.63,4.568333333333333
17,13,4,2.35,3.05,4.44125
18,13,4,0.0,0.0,4.44125
19,13,4,0.0,0.0,4.44125
20,13,4,0.0,3.86,4.2804166666666665
21,13,4,0.0,0.0,4.2804166666666665
22,13,4,0.0,0.0,4.395833333333334
23,13,4,2.77,4.72,4.296666666666667
0,14,5,2.34,7.449999999999999,4.160416666666667
1,14,5,4.18,3.98,4.193333333333333
2,14,5,4.77,0.0,4.332083333333333
3,14,5,3.33,5.18,4.41125
4,14,5,7.08,0.0,4.41125
5,14,5,0.0,19.17,3.6125000000000007
6,14,5,0.0,4.46,3.426666666666667
7,14,5,0.0,2.42,3.5104166666666665
8,14,5,4.43,3.58,3.36125
9,14,5,0.0,18.94,2.5720833333333335
10,14,5,0.0,0.0,2.5720833333333335
11,14,5,0.0,11.96,2.07375
12,14,5,0.0,4.46,2.265416666666667
13,14,5,9.06,4.15,2.21375
14,14,5,2.91,2.38,2.2583333333333333
15,14,5,3.45,7.53,1.9445833333333333
16,14,5,0.0,2.35,2.0395833333333333
17,14,5,4.63,0.0,2.2183333333333337
18,14,5,4.29,0.0,2.4425000000000003
19,14,5,5.38,0.0,2.529166666666667
20,14,5,2.08,0.0,2.722916666666667
21,14,5,4.65,0.0,2.722916666666667
22,14,5,0.0,2.77,2.848333333333333
23,14,5,5.78,2.34,2.8941666666666666
0,15,6,3.44,4.18,3.0
1,15,6,6.72,4.77,3.202083333333333
2,15,6,9.62,3.33,3.2595833333333335
3,15,6,4.71,7.08,2.9645833333333336
4,15,6,0.0,0.0,3.13125
5,15,6,4.0,0.0,3.30125
6,15,6,4.08,0.0,3.30125
7,15,6,0.0,4.43,3.235416666666667
8,15,6,2.85,0.0,3.235416666666667
9,15,6,0.0,0.0,3.235416666666667
10,15,6,0.0,0.0,3.235416666666667
11,15,6,0.0,0.0,3.423333333333334
12,15,6,4.51,9.06,3.2191666666666667
13,15,6,4.16,2.91,3.097916666666667
14,15,6,0.0,3.45,3.0866666666666673
15,15,6,3.18,0.0,3.4820833333333336
16,15,6,9.49,4.63,3.2891666666666666
17,15,6,0.0,4.29,3.660416666666667
18,15,6,13.2,5.38,3.7062500000000003
19,15,6,6.48,2.08,3.722916666666667
20,15,6,2.48,4.65,4.192916666666667
21,15,6,15.93,0.0,4.461666666666667
22,15,6,6.449999999999999,5.78,4.501666666666667
23,15,6,6.74,3.44,4.4775
0,16,0,2.86,6.72,4.443333333333333
1,16,0,5.9,9.62,4.50375
2,16,0,11.07,4.71,4.3075
3,16,0,0.0,0.0,4.396666666666667
4,16,0,2.14,4.0,4.772916666666667
5,16,0,13.03,4.08,4.602916666666667
6,16,0,0.0,0.0,4.82
7,16,0,5.21,2.85,5.28375
8,16,0,13.98,0.0,5.28375
9,16,0,0.0,0.0,5.28375
10,16,0,0.0,0.0,5.28375
11,16,0,0.0,4.51,5.095833333333334
12,16,0,0.0,4.16,5.075833333333334
13,16,0,3.68,0.0,5.160833333333334
14,16,0,2.04,3.18,5.20625
15,16,0,4.27,9.49,4.810833333333333
16,16,0,0.0,0.0,5.1120833333333335
17,16,0,7.23,13.2,4.562083333333334
18,16,0,0.0,6.48,4.292083333333333
19,16,0,0.0,2.48,4.18875
20,16,0,0.0,15.93,3.5250000000000004
21,16,0,0.0,6.449999999999999,3.5225000000000004
22,16,0,6.390000000000001,6.74,3.3387500000000006
23,16,0,2.33,2.86,3.219583333333333
0,17,1,0.0,5.9,3.346666666666667
1,17,1,8.95,11.07,3.0075000000000003
2,17,1,2.93,0.0,3.0933333333333333
3,17,1,2.06,2.14,3.4612499999999997
4,17,1,10.97,13.03,2.918333333333333
5,17,1,0.0,0.0,3.0383333333333336
6,17,1,2.88,5.21,3.070416666666667
7,17,1,5.98,13.98,2.4879166666666666
8,17,1,0.0,0.0,2.7108333333333334
9,17,1,5.35,0.0,2.9495833333333334
10,17,1,5.73,0.0,2.9495833333333334
11,17,1,0.0,0.0,2.9495833333333334
12,17,1,0.0,3.68,2.986666666666667
13,17,1,4.57,2.04,3.0558333333333336
14,17,1,3.7,4.27,3.0004166666666667
15,17,1,2.94,0.0,3.0004166666666667
16,17,1,0.0,7.23,2.699166666666667
17,17,1,0.0,0.0,2.782916666666667
18,17,1,2.01,0.0,3.212916666666667
19,17,1,10.32,0.0,3.4950000000000006
20,17,1,6.77,0.0,3.4950000000000006
21,17,1,0.0,6.390000000000001,3.7466666666666675
22,17,1,12.43,2.33,3.9774999999999996
23,17,1,7.869999999999999,0.0,4.146666666666667
0,18,2,4.06,8.95,3.9662500000000005
1,18,2,4.62,2.93,4.04625
2,18,2,4.85,2.06,4.109166666666666
3,18,2,3.57,10.97,3.891666666666667
4,18,2,5.75,0.0,4.16875
5,18,2,6.65,2.88,4.04875
6,18,2,0.0,5.98,4.0200000000000005
7,18,2,5.29,0.0,4.0200000000000005
8,18,2,0.0,5.35,3.9508333333333336
9,18,2,3.69,5.73,3.8258333333333336
10,18,2,2.73,0.0,3.8258333333333336
11,18,2,0.0,0.0,3.9820833333333336
12,18,2,3.75,4.57,3.7916666666666674
13,18,2,0.0,3.7,3.9308333333333336
14,18,2,7.039999999999999,2.94,3.9433333333333334
15,18,2,3.24,0.0,3.9433333333333334
16,18,2,0.0,0.0,4.39375
17,18,2,10.81,2.01,4.31
18,18,2,0.0,10.32,3.9791666666666674
19,18,2,2.38,6.77,4.068333333333333
20,18,2,8.91,0.0,4.068333333333333
21,18,2,0.0,12.43,3.550416666666667
22,18,2,0.0,7.869999999999999,3.2225
23,18,2,0.0,4.06,3.0533333333333332
0,19,3,0.0,4.62,2.860833333333334
1,19,3,0.0,4.85,2.827916666666667
2,19,3,4.06,3.57,2.679166666666667
3,19,3,0.0,5.75,2.4395833333333337
4,19,3,0.0,6.65,2.1625
5,19,3,0.0,0.0,2.3020833333333335
6,19,3,3.35,5.29,2.4562500000000003
7,19,3,8.99,0.0,2.4562500000000003
8,19,3,0.0,3.69,2.3025
9,19,3,0.0,2.73,2.6945833333333336
10,19,3,12.14,0.0,3.1670833333333337
11,19,3,11.34,3.75,3.0108333333333337
12,19,3,0.0,0.0,3.279166666666667
13,19,3,6.44,7.039999999999999,3.1650000000000005
14,19,3,4.3,3.24,3.3941666666666666
15,19,3,8.74,0.0,3.6824999999999997
16,19,3,6.92,10.81,3.4725
17,19,3,5.77,0.0,3.4725
18,19,3,0.0,2.38,3.486666666666667
19,19,3,2.72,8.91,3.250833333333334
20,19,3,3.25,0.0,3.250833333333334
21,19,3,0.0,0.0,3.3670833333333334
22,19,3,2.79,0.0,3.860416666666667
23,19,3,11.84,0.0,4.005416666666667
0,20,4,3.48,0.0,4.14625
1,20,4,3.38,4.06,4.135416666666667
2,20,4,3.8,0.0,4.135416666666667
3,20,4,0.0,0.0,4.4695833333333335
4,20,4,8.02,0.0,4.59125
5,20,4,2.92,3.35,4.569583333333333
6,20,4,2.83,8.99,4.287916666666667
7,20,4,2.23,0.0,4.287916666666667
8,20,4,0.0,0.0,4.454583333333333
9,20,4,4.0,12.14,3.94875
10,20,4,0.0,11.34,3.660416666666667
11,20,4,4.42,0.0,3.753333333333334
12,20,4,2.23,6.44,3.485
13,20,4,0.0,4.3,3.514583333333333
14,20,4,5.01,8.74,3.1504166666666666
15,20,4,0.0,6.92,2.952916666666667
16,20,4,2.18,5.77,2.9045833333333335
17,20,4,4.61,0.0,3.0270833333333336
18,20,4,2.94,2.72,3.032916666666667
19,20,4,2.86,3.25,3.2295833333333337
20,20,4,7.97,0.0,3.3245833333333334
21,20,4,2.28,2.79,3.39875
22,20,4,4.57,11.84,2.905416666666667
23,20,4,0.0,3.48,2.9012500000000006
0,21,5,3.38,3.38,2.9104166666666664
1,21,5,3.6,3.8,2.752083333333333
2,21,5,0.0,0.0,2.8945833333333333
3,21,5,3.42,8.02,2.560416666666667
4,21,5,0.0,2.92,2.43875
5,21,5,0.0,2.83,2.4737500000000003
6,21,5,3.67,2.23,2.5966666666666667
7,21,5,5.18,0.0,2.5966666666666667
8,21,5,0.0,4.0,2.7383333333333333
9,21,5,7.4,0.0,3.02
10,21,5,6.76,4.42,2.9379166666666667
11,21,5,2.45,2.23,2.8450000000000006
12,21,5,0.0,0.0,3.020833333333334
13,21,5,4.22,5.01,3.0825
14,21,5,6.49,0.0,3.3108333333333335
15,21,5,5.48,2.18,3.6345833333333335
16,21,5,9.95,4.61,3.4425000000000003
17,21,5,0.0,2.94,3.6079166666666667
18,21,5,6.91,2.86,3.640416666666667
19,21,5,3.64,7.97,3.501666666666667
20,21,5,4.64,2.28,3.4066666666666667
21,21,5,0.0,4.57,3.379583333333334
22,21,5,3.92,0.0,3.379583333333334
23,21,5,0.0,3.38,3.4279166666666665
0,22,6,4.54,3.6,3.3875000000000006
1,22,6,2.63,0.0,3.3875000000000006
2,22,6,0.0,3.42,3.38125
3,22,6,3.27,0.0,3.38125
4,22,6,0.0,0.0,3.4691666666666667
5,22,6,2.11,3.67,3.44125
6,22,6,3.0,5.18,3.329166666666667
7,22,6,2.49,0.0,3.424166666666667
8,22,6,2.28,7.4,3.270416666666667
9,22,6,3.71,6.76,3.1391666666666667
10,22,6,3.61,2.45,3.155416666666667
11,22,6,2.84,0.0,3.155416666666667
12,22,6,0.0,4.22,3.1633333333333336
13,22,6,4.41,6.49,2.892916666666667
14,22,6,0.0,5.48,2.891666666666667
15,22,6,5.449999999999999,9.95,2.6058333333333334
16,22,6,3.09,0.0,2.7383333333333333
17,22,6,3.18,6.91,2.6954166666666666
18,22,6,5.88,3.64,2.6962500000000005
19,22,6,3.66,4.64,2.7945833333333336
20,22,6,7.0,0.0,2.901666666666667
21,22,6,2.57,3.92,2.891666666666667
22,22,6,3.68,0.0,3.175416666666667
23,22,6,6.8100000000000005,4.54,3.1841666666666675
0,23,0,4.75,2.63,3.074583333333333
1,23,0,0.0,0.0,3.4179166666666667
2,23,0,8.24,3.27,3.432916666666667
3,23,0,3.63,0.0,3.5225000000000004
4,23,0,2.15,2.11,3.518333333333333
5,23,0,2.01,3.0,3.5112500000000004
6,23,0,2.83,2.49,3.9470833333333335
7,23,0,12.95,2.28,4.1745833333333335
8,23,0,7.74,3.71,4.285
9,23,0,6.359999999999999,3.61,4.1345833333333335
10,23,0,0.0,2.84,4.147083333333334
11,23,0,3.14,0.0,4.238333333333333
12,23,0,2.19,4.41,4.569999999999999
13,23,0,12.37,0.0,4.569999999999999
14,23,0,0.0,5.449999999999999,4.82875
15,23,0,11.66,3.09,4.7
16,23,0,0.0,3.18,5.203333333333333
17,23,0,15.26,5.88,5.111666666666667
18,23,0,3.68,3.66,5.08375
19,23,0,2.99,7.0,4.915
20,23,0,2.95,2.57,5.069166666666667
21,23,0,6.27,3.68,5.248333333333334
22,23,0,7.98,6.8100000000000005,5.454166666666667
23,23,0,11.75,4.75,5.353750000000001
0,24,1,2.34,0.0,5.9225
1,24,1,13.65,8.24,5.579166666666667
2,24,1,0.0,3.63,5.557083333333334
3,24,1,3.1,2.15,5.578749999999999
4,24,1,2.67,2.01,5.495
5,24,1,0.0,2.83,5.565833333333333
6,24,1,4.53,12.95,5.405416666666667
7,24,1,9.1,7.74,5.082916666666667
8,24,1,0.0,6.359999999999999,4.817916666666667
9,24,1,0.0,0.0,4.9470833333333335
10,24,1,3.1,3.14,5.006666666666667
11,24,1,4.57,2.19,5.045833333333333
12,24,1,3.13,12.37,4.5304166666666665
13,24,1,0.0,0.0,4.6475
14,24,1,2.81,11.66,4.406250000000001
15,24,1,5.869999999999999,0.0,4.532916666666667
16,24,1,3.04,15.26,4.065833333333333
17,24,1,4.05,3.68,3.9124999999999996
18,24,1,0.0,2.99,3.9745833333333334
19,24,1,4.48,2.95,3.8516666666666666
20,24,1,0.0,6.27,3.692916666666667
21,24,1,2.46,7.98,3.56125
22,24,1,4.82,11.75,3.1775
23,24,1,2.54,2.34,3.4979166666666672
0,25,2,10.03,13.65,3.0887500000000006
1,25,2,3.83,0.0,3.0887500000000006
2,25,2,0.0,3.1,3.0658333333333334
3,25,2,2.55,2.67,3.125833333333334
4,25,2,4.11,0.0,3.280416666666667
5,25,2,3.71,4.53,3.091666666666667
6,25,2,0.0,9.1,2.8037499999999995
7,25,2,2.19,0.0,3.2095833333333332
8,25,2,9.739999999999998,0.0,3.3954166666666663
9,25,2,4.46,3.1,3.4804166666666667
10,25,2,5.140000000000001,4.57,3.2899999999999996
11,25,2,0.0,3.13,3.1595833333333334
12,25,2,0.0,0.0,3.1595833333333334
13,25,2,0.0,2.81,3.2595833333333335
14,25,2,5.21,5.869999999999999,3.1437500000000003
15,25,2,3.09,3.04,3.202916666666667
16,25,2,4.46,4.05,3.347916666666667
17,25,2,7.53,0.0,3.722916666666667
18,25,2,9.0,4.48,3.6679166666666667
19,25,2,3.16,0.0,3.9141666666666666
20,25,2,5.91,2.46,4.123333333333334
21,25,2,7.48,4.82,4.0129166666666665
22,25,2,2.17,2.54,4.37625
23,25,2,11.26,10.03,4.635000000000001
0,26,3,16.24,3.83,4.475416666666667
1,26,3,0.0,0.0,4.760833333333333
2,26,3,6.85,2.55,4.803333333333334
3,26,3,3.57,4.11,4.632083333333333
4,26,3,0.0,3.71,4.4775
5,26,3,0.0,0.0,4.648333333333333
6,26,3,4.1,2.19,4.6625000000000005
7,26,3,2.53,9.739999999999998,4.256666666666667
8,26,3,0.0,4.46,4.338333333333334
9,26,3,6.42,5.140000000000001,4.759166666666666
10,26,3,15.24,0.0,4.759166666666666
11,26,3,0.0,0.0,4.759166666666666
12,26,3,0.0,0.0,4.913333333333333
13,26,3,3.7,5.21,4.69625
14,26,3,0.0,3.09,4.990416666666667
15,26,3,10.15,4.46,5.09375
16,26,3,6.94,7.53,4.78
17,26,3,0.0,9.0,4.757083333333333
18,26,3,8.45,3.16,4.75375
19,26,3,3.08,5.91,4.822916666666667
20,26,3,7.57,7.48,4.5112499999999995
21,26,3,0.0,2.17,4.792916666666667
22,26,3,8.93,11.26,4.472083333333333
23,26,3,3.56,16.24,3.7954166666666667
0,27,4,0.0,0.0,3.7954166666666667
1,27,4,0.0,6.85,3.88125
2,27,4,8.91,3.57,4.1762500000000005
3,27,4,10.65,0.0,4.2925
4,27,4,2.79,0.0,4.525
5,27,4,5.58,4.1,4.354166666666667
6,27,4,0.0,2.53,4.42125
7,27,4,4.14,0.0,4.42125
8,27,4,0.0,6.42,4.285833333333334
9,27,4,3.17,15.24,3.81875
10,27,4,4.03,0.0,3.81875
11,27,4,0.0,0.0,3.9025
12,27,4,2.01,3.7,3.85375
13,27,4,2.53,0.0,4.185833333333334
14,27,4,7.970000000000001,10.15,4.024583333333333
15,27,4,6.28,6.94,3.9112500000000003
16,27,4,4.22,0.0,4.060416666666668
17,27,4,3.58,8.45,4.046250000000001
18,27,4,8.11,3.08,4.461666666666667
19,27,4,13.05,7.57,4.14625
20,27,4,0.0,0.0,4.14625
21,27,4,0.0,8.93,3.7741666666666673
22,27,4,0.0,3.56,3.625833333333334
23,27,4,0.0,0.0,3.8358333333333334
0,28,5,5.04,0.0,3.8358333333333334
1,28,5,0.0,8.91,3.4645833333333336
2,28,5,0.0,10.65,3.110416666666667
3,28,5,2.15,2.79,3.3341666666666665
4,28,5,8.16,5.58,3.1016666666666666
5,28,5,0.0,0.0,3.6870833333333337
6,28,5,14.05,4.14,3.514583333333333
7,28,5,0.0,0.0,3.65
8,28,5,3.25,3.17,3.60375
9,28,5,2.06,4.03,3.435833333333333
10,28,5,0.0,0.0,3.435833333333333
11,28,5,0.0,2.01,3.7325000000000004
12,28,5,9.13,2.53,3.6270833333333337
13,28,5,0.0,7.970000000000001,3.2950000000000004
14,28,5,0.0,6.28,3.0333333333333337
15,28,5,0.0,4.22,3.296666666666667
16,28,5,10.54,3.58,3.1475000000000004
17,28,5,0.0,8.11,2.8095833333333338
18,28,5,0.0,13.05,2.35875
19,28,5,2.23,0.0,2.5525
20,28,5,4.65,0.0,2.689166666666667
21,28,5,3.28,0.0,2.689166666666667
22,28,5,0.0,0.0,2.85
23,28,5,3.86,5.04,2.64
0,29,6,0.0,0.0,2.64
1,29,6,0.0,0.0,3.1245833333333337
2,29,6,11.63,2.15,3.1370833333333334
3,29,6,2.45,8.16,2.7970833333333336
4,29,6,0.0,0.0,3.08375
5,29,6,6.88,14.05,2.7300000000000004
6,29,6,5.56,0.0,2.9158333333333335
7,29,6,4.46,3.25,2.780416666666667
8,29,6,0.0,2.06,2.8658333333333332
9,29,6,4.11,0.0,2.9920833333333334
10,29,6,3.03,0.0,2.9920833333333334
11,29,6,0.0,9.13,2.6979166666666665
12,29,6,2.07,0.0,2.785
13,29,6,2.09,0.0,3.0608333333333335
14,29,6,6.62,0.0,3.0608333333333335
15,29,6,0.0,10.54,2.831666666666667
16,29,6,5.04,0.0,3.1383333333333336
17,29,6,7.36,0.0,3.348333333333333
18,29,6,5.04,2.23,3.4929166666666664
19,29,6,5.699999999999999,4.65,3.299166666666667
20,29,6,0.0,3.28,3.3054166666666673
21,29,6,3.43,0.0,3.6725000000000008
22,29,6,8.81,3.86,3.511666666666667
23,29,6,0.0,0.0,3.704583333333334
0,30,0,4.63,0.0,3.704583333333334
1,30,0,0.0,11.63,3.22
2,30,0,0.0,2.45,3.237083333333333
3,30,0,2.86,0.0,3.419166666666667
4,30,0,4.37,6.88,3.1325000000000003
5,30,0,0.0,5.56,3.1008333333333336
6,30,0,4.8,4.46,3.504583333333334
7,30,0,14.15,0.0,3.592916666666667
8,30,0,2.12,4.11,3.421666666666667
9,30,0,0.0,3.03,3.2954166666666667
10,30,0,0.0,0.0,3.39875
11,30,0,2.48,2.07,3.7420833333333334
12,30,0,10.31,2.09,3.7550000000000003
13,30,0,2.4,6.62,3.6050000000000004
14,30,0,3.02,0.0,3.6991666666666667
15,30,0,2.26,5.04,3.4891666666666663
16,30,0,0.0,7.36,3.1824999999999997
17,30,0,0.0,5.04,3.12875
18,30,0,3.75,5.699999999999999,2.89125
19,30,0,0.0,0.0,3.3258333333333336
20,30,0,10.43,3.43,3.1829166666666673
21,30,0,0.0,8.81,3.2641666666666667
22,30,0,10.76,0.0,3.4029166666666675
23,30,0,3.33,4.63,3.2099999999999995
0,31,1,0.0,0.0,3.348333333333333
1,31,1,3.32,0.0,3.43625
2,31,1,2.11,2.86,3.563333333333333
3,31,1,5.91,4.37,3.38125
4,31,1,0.0,0.0,3.4912500000000004
5,31,1,2.64,4.8,3.401666666666667
6,31,1,2.65,14.15,2.8120833333333337
7,31,1,0.0,2.12,2.8841666666666668
8,31,1,3.85,0.0,2.99625
9,31,1,2.69,0.0,3.221666666666667
10,31,1,5.41,2.48,3.1183333333333336
11,31,1,0.0,10.31,2.8441666666666663
12,31,1,3.73,2.4,2.8325
13,31,1,2.12,3.02,3.065833333333334
14,31,1,8.62,2.26,3.10875
15,31,1,3.29,0.0,3.1999999999999997
16,31,1,2.19,0.0,3.1999999999999997
17,31,1,0.0,3.75,3.561666666666667
18,31,1,12.43,0.0,3.561666666666667
19,31,1,0.0,10.43,3.1270833333333337
20,31,1,0.0,0.0,3.314166666666667
21,31,1,4.49,10.76,2.8658333333333332
22,31,1,0.0,3.33,2.8833333333333333
23,31,1,3.75,0.0,3.0745833333333334
0,1,2,4.59,3.32,3.2075
1,1,2,6.51,2.11,3.5116666666666667
2,1,2,9.41,5.91,3.438333333333334
3,1,2,4.15,0.0,3.7816666666666667
4,1,2,8.24,2.64,4.01625
5,1,2,8.27,2.65,4.032916666666666
6,1,2,3.05,0.0,4.170833333333333
7,1,2,3.31,3.85,4.199166666666667
8,1,2,4.529999999999999,2.69,4.087083333333333
9,1,2,0.0,5.41,3.861666666666667
10,1,2,0.0,0.0,4.050416666666667
11,1,2,4.53,3.73,4.049166666666667
12,1,2,3.7,2.12,3.9608333333333334
13,1,2,0.0,8.62,4.004583333333334
14,1,2,9.67,3.29,4.17125
15,1,2,7.29,2.19,4.2491666666666665
16,1,2,4.06,0.0,4.404583333333334
17,1,2,3.73,12.43,3.8866666666666667
18,1,2,0.0,0.0,4.207916666666667
19,1,2,7.71,0.0,4.332083333333333
20,1,2,2.98,4.49,4.298333333333333
21,1,2,3.68,0.0,4.298333333333333
22,1,2,0.0,3.75,4.252916666666667
23,1,2,2.66,4.59,4.0616666666666665
0,2,3,0.0,6.51,3.92375
1,2,3,3.2,9.41,3.635
2,2,3,2.48,4.15,3.4620833333333336
3,2,3,0.0,8.24,3.3187499999999996
4,2,3,4.8,8.27,3.143333333333333
5,2,3,4.06,3.05,3.01625
6,2,3,0.0,3.31,3.025
7,2,3,3.52,4.529999999999999,2.8362499999999997
8,2,3,0.0,0.0,2.922083333333333
9,2,3,2.06,0.0,2.922083333333333
10,2,3,0.0,4.53,2.8608333333333333
11,2,3,3.06,3.7,2.706666666666667
12,2,3,0.0,0.0,2.706666666666667
13,2,3,0.0,9.67,2.5775
14,2,3,6.57,7.29,2.27375
15,2,3,0.0,4.06,2.1045833333333337
16,2,3,0.0,3.73,2.1808333333333336
17,2,3,5.5600000000000005,0.0,2.1808333333333336
18,2,3,0.0,7.71,2.1483333333333334
19,2,3,6.93,2.98,2.1595833333333334
20,2,3,3.25,3.68,2.00625
21,2,3,0.0,0.0,2.00625
22,2,3,0.0,2.66,2.0870833333333336
23,2,3,4.6,0.0,2.0870833333333336
0,3,4,0.0,3.2,1.9537500000000003
1,3,4,0.0,2.48,2.223333333333333
2,3,4,8.95,0.0,2.6408333333333336
3,3,4,10.02,4.8,2.737083333333333
4,3,4,7.11,4.06,2.8554166666666667
5,3,4,6.9,0.0,3.0283333333333338
6,3,4,4.15,3.52,2.8816666666666673
7,3,4,0.0,0.0,3.1383333333333336
8,3,4,6.16,2.06,3.237916666666667
9,3,4,4.45,0.0,3.7625000000000006
10,3,4,12.59,3.06,3.6350000000000002
11,3,4,0.0,0.0,3.8158333333333334
12,3,4,4.34,0.0,4.05375
13,3,4,5.71,6.57,3.94125
14,3,4,3.87,0.0,4.199583333333334
15,3,4,6.199999999999999,0.0,4.400833333333334
16,3,4,4.83,5.5600000000000005,4.1691666666666665
17,3,4,0.0,0.0,4.1691666666666665
18,3,4,0.0,6.93,3.8804166666666666
19,3,4,0.0,3.25,3.7449999999999997
20,3,4,0.0,0.0,4.033333333333333
21,3,4,6.92,0.0,4.033333333333333
22,3,4,0.0,4.6,3.841666666666667
23,3,4,0.0,0.0,3.841666666666667
0,4,5,0.0,0.0,3.9620833333333336
1,4,5,2.89,8.95,3.589166666666667
2,4,5,0.0,10.02,3.171666666666667
3,4,5,0.0,7.11,2.8754166666666667
4,4,5,0.0,6.9,2.8554166666666667
5,4,5,6.42,4.15,2.7795833333333335
6,4,5,2.33,0.0,2.7795833333333335
7,4,5,0.0,6.16,2.5229166666666667
8,4,5,0.0,4.45,2.645
9,4,5,7.38,12.59,2.120416666666667
10,4,5,0.0,0.0,2.26625
11,4,5,3.5,4.34,2.3470833333333334
12,4,5,6.28,5.71,2.109166666666667
13,4,5,0.0,3.87,2.1333333333333333
14,4,5,4.45,6.199999999999999,2.015416666666667
15,4,5,3.37,4.83,1.92375
16,4,5,2.63,0.0,1.92375
17,4,5,0.0,0.0,2.2441666666666666
18,4,5,7.689999999999999,0.0,2.49375
19,4,5,5.99,0.0,2.9949999999999997
20,4,5,12.03,6.92,2.90625
21,4,5,4.79,0.0,3.0216666666666665
22,4,5,2.77,0.0,3.2883333333333336
23,4,5,6.4,0.0,3.545
0,5,6,6.16,2.89,3.424583333333333
1,5,6,0.0,0.0,3.424583333333333
2,5,6,0.0,0.0,3.518333333333333
3,5,6,2.25,0.0,3.6291666666666664
4,5,6,2.66,6.42,3.48
5,5,6,2.84,2.33,3.6725
6,5,6,6.95,0.0,3.8345833333333332
7,5,6,3.89,0.0,3.8345833333333332
8,5,6,0.0,7.38,3.7083333333333335
9,5,6,4.35,0.0,3.8891666666666667
10,5,6,4.34,3.5,3.8691666666666666
11,5,6,3.02,6.28,3.7275000000000005
12,5,6,2.88,0.0,4.022083333333334
13,5,6,7.07,4.45,4.016666666666667
14,5,6,4.32,3.37,3.9783333333333335
15,5,6,2.45,2.63,4.13875
16,5,6,6.48,0.0,4.13875
17,5,6,0.0,7.689999999999999,3.995416666666667
18,5,6,4.25,5.99,3.7458333333333336
19,5,6,0.0,12.03,3.4037500000000005
20,5,6,3.82,4.79,3.204166666666667
21,5,6,0.0,2.77,3.254583333333334
22,5,6,3.98,6.4,3.1254166666666667
23,5,6,3.3,6.16,3.3699999999999997
0,6,0,12.03,0.0,3.49
1,6,0,2.88,0.0,3.49
2,6,0,0.0,2.25,3.39625
3,6,0,0.0,2.66,3.376666666666667
4,6,0,2.19,2.84,3.2583333333333333
5,6,0,0.0,6.95,3.432916666666667
6,6,0,11.14,3.89,3.467083333333333
7,6,0,4.71,0.0,3.5987500000000003
8,6,0,3.16,4.35,3.6941666666666673
9,6,0,6.640000000000001,4.34,3.5133333333333336
10,6,0,0.0,3.02,3.485416666666667
11,6,0,2.35,2.88,3.5129166666666674
12,6,0,3.54,7.07,3.2183333333333337
13,6,0,0.0,4.32,3.1554166666666674
14,6,0,2.81,2.45,3.446666666666667
15,6,0,9.44,6.48,3.4475000000000002
16,6,0,6.5,0.0,3.4475000000000002
17,6,0,0.0,4.25,3.5075000000000003
18,6,0,5.69,0.0,3.6020833333333333
19,6,0,2.27,3.82,3.75375
20,6,0,7.459999999999999,0.0,4.016666666666667
21,6,0,6.3100000000000005,3.98,3.8508333333333336
22,6,0,0.0,3.3,3.8687500000000004
23,6,0,3.73,12.03,3.3675
0,7,1,0.0,2.88,3.391666666666667
1,7,1,3.46,0.0,3.5399999999999996
2,7,1,3.56,0.0,3.641666666666667
3,7,1,2.44,2.19,3.8175000000000003
4,7,1,6.41,0.0,4.097083333333333
5,7,1,6.71,11.14,3.6329166666666666
6,7,1,0.0,4.71,3.436666666666667
7,7,1,0.0,3.16,3.305
8,7,1,0.0,6.640000000000001,3.0283333333333338
9,7,1,0.0,0.0,3.0283333333333338
10,7,1,0.0,2.35,3.0483333333333333
11,7,1,2.83,3.54,2.9008333333333334
12,7,1,0.0,0.0,3.2137500000000006
13,7,1,7.51,2.81,3.192083333333334
14,7,1,2.29,9.44,2.7987500000000005
15,7,1,0.0,6.5,2.5279166666666666
16,7,1,0.0,0.0,2.801666666666667
17,7,1,6.57,5.69,2.7208333333333337
18,7,1,3.75,2.27,2.7275000000000005
19,7,1,2.43,7.459999999999999,2.7100000000000004
20,7,1,7.040000000000001,6.3100000000000005,2.4470833333333335
21,7,1,0.0,0.0,2.4470833333333335
22,7,1,0.0,3.73,2.5812500000000003
23,7,1,6.949999999999999,0.0,2.9291666666666667
0,8,2,8.35,3.46,2.8833333333333333
1,8,2,2.36,3.56,3.03
2,8,2,7.08,2.44,3.0583333333333336
3,8,2,3.12,6.41,2.7912500000000002
4,8,2,0.0,6.71,2.6833333333333336
5,8,2,4.12,0.0,2.9783333333333335
6,8,2,7.08,0.0,3.772916666666667
7,8,2,19.07,0.0,3.96625
8,8,2,4.64,0.0,4.41
9,8,2,10.65,0.0,4.41
10,8,2,0.0,2.83,4.637083333333334
11,8,2,8.28,0.0,4.850416666666667
12,8,2,5.119999999999999,7.51,4.5375000000000005
13,8,2,0.0,2.29,4.735833333333334
14,8,2,7.05,0.0,5.052916666666667
15,8,2,7.609999999999999,0.0,5.324166666666667
16,8,2,6.51,6.57,5.050416666666666
17,8,2,0.0,3.75,4.894166666666666
18,8,2,0.0,2.43,5.090833333333333
19,8,2,7.15,7.040000000000001,4.954583333333333
20,8,2,3.77,0.0,5.055416666666667
21,8,2,2.42,0.0,5.3999999999999995
22,8,2,8.27,6.949999999999999,5.300416666666666
23,8,2,4.56,8.35,5.12625
0,9,3,4.17,2.36,5.155
1,9,3,3.05,7.08,4.86
2,9,3,0.0,3.12,4.895416666666667
3,9,3,3.97,0.0,5.1812499999999995
4,9,3,6.859999999999999,4.12,5.359166666666667
5,9,3,8.39,7.08,5.221666666666667
6,9,3,3.78,19.07,4.754583333333334
7,9,3,7.859999999999999,4.64,4.74875
8,9,3,4.5,10.65,4.6379166666666665
9,9,3,7.99,0.0,4.6379166666666665
10,9,3,0.0,8.28,4.6954166666666675
11,9,3,9.66,5.119999999999999,4.651666666666666
12,9,3,4.07,0.0,4.905
13,9,3,6.08,7.05,4.611250000000001
14,9,3,0.0,7.609999999999999,4.2941666666666665
15,9,3,0.0,6.51,4.305416666666667
16,9,3,6.78,0.0,4.445833333333334
17,9,3,3.37,0.0,4.445833333333334
18,9,3,0.0,7.15,4.3187500000000005
19,9,3,4.1,3.77,4.292916666666667
20,9,3,3.15,2.42,4.192083333333334
21,9,3,0.0,8.27,4.1570833333333335
22,9,3,7.43,4.56,3.9670833333333335
23,9,3,0.0,4.17,3.9375
0,10,4,3.46,3.05,3.810416666666667
1,10,4,0.0,0.0,3.908333333333333
2,10,4,2.35,3.97,4.024166666666667
3,10,4,6.75,6.859999999999999,3.9183333333333334
4,10,4,4.32,8.39,3.56875
5,10,4,0.0,3.78,3.4112500000000003
6,10,4,0.0,7.859999999999999,3.08375
7,10,4,0.0,4.5,3.0820833333333333
8,10,4,4.46,7.99,2.749166666666667
9,10,4,0.0,0.0,2.749166666666667
10,10,4,0.0,9.66,2.4604166666666667
11,10,4,2.73,4.07,2.2908333333333335
12,10,4,0.0,6.08,2.3216666666666668
13,10,4,6.82,0.0,2.4095833333333334
14,10,4,2.11,0.0,2.6925000000000003
15,10,4,6.790000000000001,6.78,2.724166666666667
16,10,4,7.54,3.37,2.817083333333334
17,10,4,5.6,0.0,2.9954166666666673
18,10,4,4.28,4.1,3.1825000000000006
19,10,4,8.59,3.15,3.3212500000000005
20,10,4,6.48,0.0,3.3212500000000005
21,10,4,0.0,7.43,3.155416666666667
22,10,4,3.45,0.0,3.155416666666667
23,10,4,0.0,3.46,3.194583333333334
0,11,5,4.4,0.0,3.194583333333334
1,11,5,0.0,2.35,3.0966666666666676
2,11,5,0.0,6.75,2.8154166666666676
3,11,5,0.0,4.32,2.635416666666667
4,11,5,0.0,0.0,2.766666666666667
5,11,5,3.15,0.0,3.0787500000000008
6,11,5,7.49,0.0,3.0787500000000008
7,11,5,0.0,4.46,3.277083333333334
8,11,5,9.22,0.0,3.5125000000000006
9,11,5,5.65,0.0,3.925416666666667
10,11,5,9.91,2.73,3.8116666666666674
11,11,5,0.0,0.0,4.196666666666667
12,11,5,9.24,6.82,4.086250000000001
13,11,5,4.17,2.11,4.32625
14,11,5,7.87,6.790000000000001,4.395416666666667
15,11,5,8.45,7.54,4.08125
16,11,5,0.0,5.6,4.020833333333334
17,11,5,4.15,4.28,3.954583333333334
18,11,5,2.69,8.59,3.8991666666666673
19,11,5,7.26,6.48,3.7612500000000004
20,11,5,3.17,0.0,3.7612500000000004
21,11,5,0.0,3.45,3.9304166666666673
22,11,5,7.51,0.0,3.9304166666666673
23,11,5,0.0,4.4,4.0975
0,12,6,8.41,0.0,4.2725
1,12,6,4.2,0.0,4.405
2,12,6,3.18,0.0,4.405
3,12,6,0.0,0.0,4.848333333333334
4,12,6,10.64,3.15,4.922083333333334
5,12,6,4.92,7.49,4.9870833333333335
6,12,6,9.05,0.0,4.9870833333333335
7,12,6,0.0,9.22,4.88375
8,12,6,6.74,5.65,4.849583333333333
9,12,6,4.83,9.91,4.5391666666666675
10,12,6,2.46,0.0,4.919583333333334
11,12,6,9.13,9.24,4.534583333333334
12,12,6,0.0,4.17,4.360833333333334
13,12,6,0.0,7.87,4.3116666666666665
14,12,6,6.69,8.45,3.9595833333333332
15,12,6,0.0,0.0,3.9595833333333332
16,12,6,0.0,4.15,4.155
17,12,6,8.84,2.69,4.209166666666667
18,12,6,3.99,7.26,4.247083333333333
19,12,6,8.17,3.17,4.260416666666667
20,12,6,3.49,0.0,4.260416666666667
21,12,6,0.0,7.51,4.127916666666667
22,12,6,4.33,0.0,4.217083333333334
23,12,6,2.14,8.41,4.028333333333333
0,13,0,3.88,4.2,3.8533333333333335
1,13,0,0.0,3.18,3.7208333333333337
2,13,0,0.0,0.0,3.7208333333333337
3,13,0,0.0,10.64,3.450833333333334
4,13,0,4.16,4.92,3.2458333333333336
5,13,0,0.0,9.05,3.125833333333334
6,13,0,6.17,0.0,3.125833333333334
7,13,0,0.0,6.74,3.005416666666667
8,13,0,3.85,4.83,2.941666666666667
9,13,0,3.3,2.46,3.007916666666667
10,13,0,4.05,9.13,2.6275
11,13,0,0.0,0.0,2.6275
12,13,0,0.0,0.0,2.98875
13,13,0,8.67,6.69,2.7100000000000004
14,13,0,0.0,0.0,2.7100000000000004
15,13,0,0.0,0.0,2.7100000000000004
16,13,0,0.0,8.84,2.4445833333333336
17,13,0,2.47,3.99,2.5025000000000004
18,13,0,5.38,8.17,2.162083333333334
19,13,0,0.0,3.49,2.2587500000000005
20,13,0,5.8100000000000005,0.0,2.2587500000000005
21,13,0,0.0,4.33,2.1995833333333334
22,13,0,2.91,2.14,2.2575000000000003
23,13,0,3.53,3.88,2.0958333333333337
0,14,1,0.0,0.0,2.0958333333333337
1,14,1,0.0,0.0,2.2208333333333337
2,14,1,3.0,0.0,2.2208333333333337
3,14,1,0.0,4.16,2.4420833333333336
4,14,1,9.47,0.0,2.4420833333333336
5,14,1,0.0,6.17,2.185
6,14,1,0.0,0.0,2.2858333333333336
7,14,1,2.42,3.85,2.279166666666667
8,14,1,3.69,3.3,2.2308333333333334
9,14,1,2.14,4.05,2.1612500000000003
10,14,1,2.38,0.0,2.415833333333334
11,14,1,6.11,0.0,2.415833333333334
12,14,1,0.0,8.67,2.054583333333334
13,14,1,0.0,0.0,2.3333333333333335
14,14,1,6.69,0.0,2.3333333333333335
15,14,1,0.0,0.0,2.3333333333333335
16,14,1,0.0,2.47,2.417916666666667
17,14,1,4.5,5.38,2.37625
18,14,1,4.38,0.0,2.37625
19,14,1,0.0,5.8100000000000005,2.237916666666667
20,14,1,2.49,0.0,2.237916666666667
21,14,1,0.0,2.91,2.246666666666667
22,14,1,3.12,3.53,2.211666666666667
23,14,1,2.69,0.0,2.400416666666667
0,15,2,4.53,0.0,2.56375
1,15,2,3.92,3.0,2.7420833333333334
2,15,2,7.28,0.0,2.7420833333333334
3,15,2,0.0,9.47,2.4925
4,15,2,3.48,0.0,2.845416666666667
5,15,2,8.469999999999999,0.0,3.251666666666667
6,15,2,9.75,2.42,3.241666666666667
7,15,2,2.18,3.69,3.3387500000000006
8,15,2,6.02,2.14,3.40875
9,15,2,3.82,2.38,3.709583333333334
10,15,2,9.6,6.11,3.939166666666667
11,15,2,11.62,0.0,4.263333333333334
12,15,2,7.779999999999999,0.0,4.44625
13,15,2,4.39,6.69,4.28125
14,15,2,2.73,0.0,4.433333333333333
15,15,2,3.65,0.0,4.691666666666666
16,15,2,6.2,4.5,4.786666666666666
17,15,2,6.779999999999999,4.38,4.960833333333333
18,15,2,8.56,0.0,5.05
19,15,2,2.14,2.49,5.2225
20,15,2,6.63,0.0,5.412083333333334
21,15,2,4.55,3.12,5.2820833333333335
22,15,2,0.0,2.69,5.17
23,15,2,0.0,4.53,5.150416666666667
0,16,3,4.06,3.92,5.44125
1,16,3,10.9,7.28,5.792083333333333
2,16,3,15.7,0.0,6.327083333333333
3,16,3,12.84,3.48,6.536666666666666
4,16,3,8.51,8.469999999999999,6.5633333333333335
5,16,3,9.11,9.75,6.1570833333333335
6,16,3,0.0,2.18,6.06625
7,16,3,0.0,6.02,5.944166666666667
8,16,3,3.09,3.82,6.271666666666667
9,16,3,11.68,9.6,6.169583333333333
10,16,3,7.15,11.62,5.685416666666666
11,16,3,0.0,7.779999999999999,5.511666666666667
12,16,3,3.61,4.39,5.32875
13,16,3,0.0,2.73,5.624166666666667
14,16,3,9.82,3.65,6.156666666666666
15,16,3,16.43,6.2,5.898333333333333
16,16,3,0.0,6.779999999999999,5.615833333333335
17,16,3,0.0,8.56,5.259166666666667
18,16,3,0.0,2.14,5.170000000000001
19,16,3,0.0,6.63,5.066666666666667
20,16,3,4.15,4.55,5.103750000000001
21,16,3,5.44,0.0,5.22625
22,16,3,2.94,0.0,5.7425
23,16,3,12.39,4.06,6.285833333333334
0,17,4,17.1,10.9,6.135000000000001
1,17,4,7.28,15.7,5.480833333333334
2,17,4,0.0,12.84,5.1625000000000005
3,17,4,5.2,8.51,4.9125000000000005
4,17,4,2.51,9.11,4.532916666666668
5,17,4,0.0,0.0,4.532916666666668
6,17,4,0.0,0.0,4.532916666666668
7,17,4,0.0,3.09,4.552083333333334
8,17,4,3.55,11.68,4.065416666666667
9,17,4,0.0,7.15,3.8937500000000007
10,17,4,3.03,0.0,3.8937500000000007
11,17,4,0.0,3.61,3.743333333333334
12,17,4,0.0,0.0,3.743333333333334
13,17,4,0.0,9.82,3.9162500000000002
14,17,4,13.97,16.43,3.5537500000000004
15,17,4,7.73,0.0,3.553750000000001
16,17,4,0.0,0.0,3.553750000000001
17,17,4,0.0,0.0,3.9245833333333344
18,17,4,8.9,0.0,4.1520833333333345
19,17,4,5.46,4.15,3.9791666666666674
20,17,4,0.0,5.44,4.055833333333334
21,17,4,7.279999999999999,2.94,3.933333333333334
22,17,4,0.0,12.39,3.603750000000001
23,17,4,4.48,17.1,3.0895833333333336
0,18,5,4.76,7.28,2.954583333333334
1,18,5,4.04,0.0,3.101666666666667
2,18,5,3.53,5.2,3.2733333333333334
3,18,5,9.32,2.51,3.1687500000000006
4,18,5,0.0,0.0,3.1687500000000006
5,18,5,0.0,0.0,3.3579166666666675
6,18,5,4.54,0.0,3.579166666666667
7,18,5,5.31,3.55,3.43125
8,18,5,0.0,0.0,3.909166666666667
9,18,5,11.47,3.03,3.7829166666666674
10,18,5,0.0,0.0,3.9212500000000006
11,18,5,3.32,0.0,4.164583333333334
12,18,5,5.84,0.0,4.164583333333334
13,18,5,0.0,13.97,3.7445833333333334
14,18,5,3.89,7.73,3.924583333333334
15,18,5,12.05,0.0,4.032500000000001
16,18,5,2.59,0.0,4.032500000000001
17,18,5,0.0,8.9,4.18625
18,18,5,12.59,5.46,4.210833333333334
19,18,5,6.050000000000001,0.0,4.210833333333334
20,18,5,0.0,7.279999999999999,4.0479166666666675
21,18,5,3.37,0.0,4.286666666666667
22,18,5,5.73,4.48,4.232083333333334
23,18,5,3.17,4.76,4.228750000000001
0,19,6,4.68,4.04,4.191250000000001
1,19,6,3.14,3.53,4.044166666666667
2,19,6,0.0,9.32,3.9283333333333332
3,19,6,6.54,0.0,4.095833333333334
4,19,6,4.02,0.0,4.286666666666667
5,19,6,4.58,4.54,4.388750000000001
6,19,6,6.99,5.31,4.367500000000001
7,19,6,4.8,0.0,4.367500000000001
8,19,6,0.0,11.47,3.889583333333334
9,19,6,0.0,0.0,3.889583333333334
10,19,6,0.0,3.32,3.75125
11,19,6,0.0,5.84,3.507916666666667
12,19,6,0.0,0.0,3.507916666666667
13,19,6,0.0,3.89,3.4387500000000006
14,19,6,2.23,12.05,3.120416666666667
15,19,6,4.41,2.59,3.0125000000000006
16,19,6,0.0,0.0,3.1687500000000006
17,19,6,3.75,12.59,2.814166666666667
18,19,6,4.08,6.050000000000001,2.5620833333333337
19,19,6,0.0,0.0,2.6662500000000002
20,19,6,2.5,3.37,2.5258333333333334
21,19,6,0.0,5.73,2.73625
22,19,6,10.78,3.17,2.604166666666667
23,19,6,0.0,4.68,2.409166666666667
0,20,0,0.0,3.14,2.2783333333333338
1,20,0,0.0,0.0,2.2783333333333338
2,20,0,0.0,6.54,2.0058333333333334
3,20,0,0.0,4.02,1.8383333333333336
4,20,0,0.0,4.58,1.6475000000000002
5,20,0,0.0,6.99,1.6825000000000003
6,20,0,7.83,4.8,1.5725000000000005
7,20,0,2.16,0.0,1.6650000000000003
8,20,0,2.22,0.0,1.7895833333333337
9,20,0,2.99,0.0,2.0750000000000006
10,20,0,6.85,0.0,2.0750000000000006
11,20,0,0.0,0.0,2.375416666666667
12,20,0,7.210000000000001,0.0,2.644166666666667
13,20,0,6.45,2.23,2.7337500000000006
14,20,0,4.38,4.41,2.5500000000000003
15,20,0,0.0,0.0,2.7470833333333338
16,20,0,4.73,3.75,2.702916666666667
17,20,0,2.69,4.08,2.8108333333333335
18,20,0,6.67,0.0,2.9366666666666674
19,20,0,3.02,2.5,2.832500000000001
20,20,0,0.0,0.0,3.1245833333333337
21,20,0,7.01,10.78,2.675416666666667
22,20,0,0.0,0.0,2.675416666666667
23,20,0,0.0,0.0,2.97125
0,21,1,7.1,0.0,3.109166666666667
1,21,1,3.31,0.0,3.195416666666667
2,21,1,2.07,0.0,3.310416666666667
3,21,1,2.76,0.0,3.9150000000000005
4,21,1,14.51,0.0,3.9150000000000005
5,21,1,0.0,7.83,4.0566666666666675
6,21,1,11.23,2.16,3.9666666666666672
7,21,1,0.0,2.22,3.97125
8,21,1,2.33,2.99,3.9941666666666666
9,21,1,3.54,6.85,3.9533333333333336
10,21,1,5.87,0.0,3.9533333333333336
11,21,1,0.0,7.210000000000001,3.6529166666666666
12,21,1,0.0,6.45,3.3841666666666668
13,21,1,0.0,4.38,3.2925000000000004
14,21,1,2.18,0.0,3.4462500000000005
15,21,1,3.69,4.73,3.249166666666667
16,21,1,0.0,2.69,3.3725
17,21,1,5.65,6.67,3.3866666666666667
18,21,1,7.01,3.02,3.2608333333333337
19,21,1,0.0,0.0,3.8670833333333334
20,21,1,14.55,7.01,3.5749999999999997
21,21,1,0.0,0.0,3.6879166666666667
22,21,1,2.71,0.0,4.100833333333333
23,21,1,9.91,7.1,3.9708333333333337
0,22,2,3.98,3.31,3.9175000000000004
1,22,2,2.03,2.07,4.319166666666667
2,22,2,11.71,2.76,4.3691666666666675
3,22,2,3.96,14.51,4.078333333333334
4,22,2,7.529999999999999,0.0,4.229166666666667
5,22,2,3.62,11.23,4.162083333333334
6,22,2,9.62,0.0,4.437083333333334
7,22,2,6.6,2.33,4.340000000000001
8,22,2,0.0,3.54,4.34875
9,22,2,3.75,5.87,4.2175
10,22,2,2.72,0.0,4.346666666666667
11,22,2,3.1,0.0,4.530833333333334
12,22,2,4.42,0.0,4.712916666666667
13,22,2,4.37,2.18,4.76125
14,22,2,3.34,3.69,4.607500000000001
15,22,2,0.0,0.0,4.878750000000001
16,22,2,6.51,5.65,4.834166666666667
17,22,2,4.58,7.01,4.642083333333333
18,22,2,2.4,0.0,4.8
19,22,2,3.79,14.55,4.50875
20,22,2,7.56,0.0,4.50875
21,22,2,0.0,2.71,4.745
22,22,2,8.379999999999999,9.91,4.478333333333333
23,22,2,3.51,3.98,4.3125
0,23,3,0.0,2.03,4.340833333333333
1,23,3,2.71,11.71,3.8529166666666668
2,23,3,0.0,3.96,3.77125
3,23,3,2.0,7.529999999999999,3.4575
4,23,3,0.0,3.62,3.9262499999999996
5,23,3,14.87,9.62,3.525416666666667
6,23,3,0.0,6.6,3.5191666666666666
7,23,3,6.45,0.0,3.6925000000000003
8,23,3,4.16,3.75,3.89125
9,23,3,8.52,2.72,3.7779166666666666
10,23,3,0.0,3.1,3.8216666666666668
11,23,3,4.15,4.42,3.6374999999999997
12,23,3,0.0,4.37,3.848333333333333
13,23,3,9.43,3.34,3.946666666666667
14,23,3,5.699999999999999,0.0,4.207916666666667
15,23,3,6.27,6.51,3.936666666666667
16,23,3,0.0,4.58,3.9312500000000004
17,23,3,4.45,2.4,3.8312500000000003
18,23,3,0.0,3.79,3.831666666666667
19,23,3,3.8,7.56,3.6991666666666667
20,23,3,4.38,0.0,3.8241666666666667
21,23,3,3.0,8.379999999999999,3.6391666666666667
22,23,3,3.94,3.51,3.4929166666666664
23,23,3,0.0,0.0,3.624166666666667
0,24,4,3.15,2.71,3.5112500000000004
1,24,4,0.0,0.0,3.83375
2,24,4,7.74,2.0,3.8404166666666675
3,24,4,2.16,0.0,4.187083333333334
4,24,4,8.32,14.87,3.5675000000000003
5,24,4,0.0,0.0,3.6979166666666665
6,24,4,3.13,6.45,3.5820833333333333
7,24,4,3.67,4.16,3.40875
8,24,4,0.0,8.52,3.1566666666666667
9,24,4,2.47,0.0,3.1566666666666667
10,24,4,0.0,4.15,2.98375
11,24,4,0.0,0.0,2.98375
12,24,4,0.0,9.43,2.771666666666667
13,24,4,4.34,5.699999999999999,2.6195833333333334
14,24,4,2.05,6.27,2.3583333333333334
15,24,4,0.0,0.0,2.3583333333333334
16,24,4,0.0,4.45,2.305416666666667
17,24,4,3.18,0.0,2.9125
18,24,4,14.57,3.8,2.754166666666667
19,24,4,0.0,4.38,2.896666666666667
20,24,4,7.8,3.0,2.771666666666667
21,24,4,0.0,3.94,2.7779166666666666
22,24,4,4.09,0.0,2.7779166666666666
23,24,4,0.0,3.15,2.7429166666666673
0,25,5,2.31,0.0,2.845
1,25,5,2.45,7.74,2.6254166666666667
2,25,5,2.47,2.16,2.702916666666667
3,25,5,4.02,8.32,2.64
4,25,5,6.8100000000000005,0.0,3.2145833333333336
5,25,5,13.79,3.13,3.084166666666667
6,25,5,0.0,3.67,3.0600000000000005
7,25,5,3.09,0.0,3.0600000000000005
8,25,5,0.0,2.47,2.9570833333333337
9,25,5,0.0,0.0,3.1337500000000005
10,25,5,4.24,0.0,3.1337500000000005
11,25,5,0.0,0.0,3.1337500000000005
12,25,5,0.0,4.34,3.1325000000000003
13,25,5,4.31,2.05,3.0470833333333336
14,25,5,0.0,0.0,3.3816666666666673
15,25,5,8.03,0.0,3.5883333333333334
16,25,5,4.96,3.18,3.55625
17,25,5,2.41,14.57,3.2525
18,25,5,7.279999999999999,0.0,3.2525
19,25,5,0.0,7.8,3.162083333333334
20,25,5,5.63,0.0,3.162083333333334
21,25,5,0.0,4.09,3.3366666666666673
22,25,5,8.28,0.0,3.483333333333334
23,25,5,3.52,2.31,3.9487500000000004
0,26,6,13.48,2.45,4.192083333333334
1,26,6,8.290000000000001,2.47,4.089166666666666
2,26,6,0.0,4.02,4.096666666666667
3,26,6,4.2,6.8100000000000005,3.964166666666667
4,26,6,3.63,13.79,3.389583333333333
5,26,6,0.0,0.0,3.389583333333333
6,26,6,0.0,3.09,3.34625
7,26,6,2.05,0.0,3.34625
8,26,6,0.0,0.0,3.4820833333333336
9,26,6,3.26,4.24,3.4379166666666667
10,26,6,3.18,0.0,3.611666666666667
11,26,6,4.17,0.0,3.611666666666667
12,26,6,0.0,4.31,3.4320833333333334
13,26,6,0.0,0.0,3.7175000000000007
14,26,6,6.85,8.03,3.507916666666667
15,26,6,3.0,4.96,3.4595833333333332
16,26,6,3.8,2.41,3.515
17,26,6,3.74,7.279999999999999,3.2116666666666664
18,26,6,0.0,0.0,3.2116666666666664
19,26,6,0.0,5.63,2.9770833333333333
20,26,6,0.0,0.0,3.356666666666667
21,26,6,9.11,8.28,3.27375
22,26,6,6.29,3.52,3.5087500000000005
23,26,6,9.16,13.48,3.044166666666667
0,27,0,2.33,8.290000000000001,2.69875
1,27,0,0.0,0.0,2.80125
2,27,0,2.46,4.2,2.9783333333333335
3,27,0,8.45,3.63,3.025416666666667
4,27,0,4.76,0.0,3.115
5,27,0,2.15,0.0,3.115
6,27,0,0.0,2.05,3.0295833333333335
7,27,0,0.0,0.0,3.5554166666666673
8,27,0,12.62,3.26,3.6179166666666673
9,27,0,4.76,3.18,3.6575
10,27,0,4.13,4.17,3.570833333333334
11,27,0,2.09,0.0,3.570833333333334
12,27,0,0.0,0.0,3.570833333333334
13,27,0,0.0,6.85,3.370416666666667
14,27,0,2.04,3.0,3.3800000000000003
15,27,0,3.23,3.8,3.5270833333333336
16,27,0,7.33,3.74,3.670833333333334
17,27,0,7.19,0.0,3.8079166666666673
18,27,0,3.29,0.0,3.9670833333333335
19,27,0,3.82,0.0,3.9670833333333335
20,27,0,0.0,9.11,3.5875
21,27,0,0.0,6.29,3.5091666666666668
22,27,0,4.41,9.16,3.1275
23,27,0,0.0,2.33,3.2975000000000008
0,28,1,6.41,0.0,3.564166666666667
1,28,1,6.4,2.46,3.6687500000000006
2,28,1,4.970000000000001,8.45,3.506250000000001
3,28,1,4.55,4.76,3.5891666666666673
4,28,1,6.75,2.15,3.6216666666666666
5,28,1,2.93,0.0,3.990416666666667
6,28,1,8.85,0.0,4.410833333333334
7,28,1,10.09,12.62,3.8850000000000002
8,28,1,0.0,4.76,3.686666666666667
9,28,1,0.0,4.13,3.8541666666666674
10,28,1,8.15,2.09,3.767083333333334
11,28,1,0.0,0.0,4.045833333333333
12,28,1,6.69,0.0,4.045833333333333
13,28,1,0.0,2.04,4.149583333333333
14,28,1,4.53,3.23,4.405416666666667
15,28,1,9.37,7.33,4.1000000000000005
16,28,1,0.0,7.19,3.999166666666667
17,28,1,4.77,3.29,3.9495833333333334
18,28,1,2.1,3.82,3.7904166666666668
19,28,1,0.0,0.0,3.9308333333333336
20,28,1,3.37,0.0,4.062916666666667
21,28,1,3.17,4.41,4.03
22,28,1,3.62,0.0,4.03
23,28,1,0.0,6.41,3.7629166666666674
0,1,2,0.0,6.4,3.632916666666667
1,1,2,3.28,4.970000000000001,3.5675000000000003
2,1,2,3.4,4.55,3.377916666666667
3,1,2,0.0,6.75,3.584583333333334
4,1,2,11.71,2.93,3.657916666666667
5,1,2,4.69,8.85,3.4450000000000003
6,1,2,3.74,10.09,3.1529166666666666
7,1,2,3.08,0.0,3.2450000000000006
8,1,2,2.21,0.0,3.2450000000000006
9,1,2,0.0,8.15,3.054166666666667
10,1,2,3.57,0.0,3.054166666666667
11,1,2,0.0,6.69,2.7754166666666666
12,1,2,0.0,0.0,2.9475000000000002
13,1,2,4.13,4.53,3.1824999999999997
14,1,2,10.17,9.37,2.7920833333333337
15,1,2,0.0,0.0,2.8870833333333334
16,1,2,2.28,4.77,2.8162500000000006
17,1,2,3.07,2.1,2.7287500000000002
18,1,2,0.0,0.0,2.9137500000000003
19,1,2,4.44,3.37,2.7733333333333334
20,1,2,0.0,3.17,2.7337500000000006
21,1,2,2.22,3.62,2.7287500000000002
22,1,2,3.5,0.0,2.897083333333334
23,1,2,4.04,0.0,2.897083333333334
0,2,3,0.0,3.28,2.7604166666666674
1,2,3,0.0,3.4,2.7987500000000005
2,2,3,4.32,0.0,3.0820833333333337
3,2,3,6.799999999999999,11.71,2.7425
4,2,3,3.56,4.69,2.5470833333333336
5,2,3,0.0,3.74,2.6679166666666667
6,2,3,6.64,3.08,2.717916666666667
7,2,3,4.28,2.21,2.625833333333334
8,2,3,0.0,0.0,2.7125000000000004
9,2,3,2.08,3.57,2.911666666666667
10,2,3,8.35,0.0,3.071666666666667
11,2,3,3.84,0.0,3.257083333333334
12,2,3,4.45,4.13,3.2341666666666673
13,2,3,3.58,10.17,2.983333333333334
14,2,3,4.15,0.0,3.073333333333334
15,2,3,2.16,2.28,2.978333333333334
16,2,3,0.0,3.07,2.94125
17,2,3,2.18,0.0,2.94125
18,2,3,0.0,4.44,2.75625
19,2,3,0.0,0.0,2.9662500000000005
20,2,3,5.04,2.22,2.8737500000000007
21,2,3,0.0,3.5,2.727916666666667
22,2,3,0.0,4.04,2.5595833333333338
23,2,3,0.0,0.0,2.667916666666667
0,3,4,2.6,0.0,2.9595833333333332
1,3,4,7.0,4.32,2.7795833333333335
2,3,4,0.0,6.799999999999999,2.4962500000000003
3,3,4,0.0,3.56,2.347916666666667
4,3,4,0.0,0.0,2.4862500000000005
5,3,4,3.32,6.64,2.3708333333333336
6,3,4,3.87,4.28,2.361666666666667
7,3,4,4.06,0.0,2.361666666666667
8,3,4,0.0,2.08,2.2750000000000004
9,3,4,0.0,8.35,1.9270833333333337
10,3,4,0.0,3.84,1.9850000000000005
11,3,4,5.23,4.45,1.910416666666667
12,3,4,2.66,3.58,1.895416666666667
13,3,4,3.22,4.15,2.1133333333333337
14,3,4,9.38,2.16,2.182083333333334
15,3,4,3.81,0.0,2.182083333333334
16,3,4,0.0,2.18,2.2287500000000002
17,3,4,3.3,0.0,2.2287500000000002
18,3,4,0.0,0.0,2.339166666666667
19,3,4,2.65,5.04,2.129166666666667
20,3,4,0.0,0.0,2.244166666666667
21,3,4,2.76,0.0,2.371666666666667
22,3,4,3.06,0.0,2.5450000000000004
23,3,4,4.16,2.6,2.436666666666667
0,4,5,0.0,7.0,2.4825000000000004
1,4,5,8.1,0.0,2.5820833333333337
2,4,5,2.39,0.0,2.847083333333334
3,4,5,6.359999999999999,0.0,2.9508333333333336
4,4,5,2.49,3.32,2.9204166666666675
5,4,5,2.59,3.87,3.0487500000000005
6,4,5,6.949999999999999,4.06,3.144166666666667
7,4,5,6.35,0.0,3.144166666666667
8,4,5,0.0,0.0,3.144166666666667
9,4,5,0.0,0.0,3.3437500000000004
10,4,5,4.79,5.23,3.125833333333334
11,4,5,0.0,2.66,3.37875
12,4,5,8.73,3.22,3.397916666666667
13,4,5,3.68,9.38,3.135833333333334
14,4,5,3.09,3.81,3.3137500000000006
15,4,5,8.08,0.0,3.3137500000000006
16,4,5,0.0,3.3,3.17625
17,4,5,0.0,0.0,3.17625
18,4,5,0.0,2.65,3.4708333333333337
19,4,5,9.72,0.0,3.6350000000000002
20,4,5,3.94,2.76,3.6341666666666668
21,4,5,2.74,3.06,3.6166666666666667
22,4,5,2.64,4.16,3.4433333333333334
23,4,5,0.0,0.0,3.5995833333333334
0,5,6,3.75,8.1,3.364583333333334
1,5,6,2.46,2.39,3.409166666666667
2,5,6,3.46,6.359999999999999,3.144166666666667
3,5,6,0.0,2.49,3.219583333333333
4,5,6,4.3,2.59,3.111666666666667
5,5,6,0.0,6.949999999999999,3.091666666666667
6,5,6,6.47,6.35,3.0829166666666663
7,5,6,6.140000000000001,0.0,3.2575000000000007
8,5,6,4.19,0.0,3.6079166666666667
9,5,6,8.41,4.79,3.529166666666667
10,5,6,2.9,0.0,3.6366666666666667
11,5,6,2.58,8.73,3.411666666666667
12,5,6,3.33,3.68,3.3600000000000008
13,5,6,2.44,3.09,3.4312500000000004
14,5,6,4.8,8.08,3.094583333333334
15,5,6,0.0,0.0,3.094583333333334
16,5,6,0.0,0.0,3.222916666666667
17,5,6,3.08,0.0,3.518333333333334
18,5,6,7.09,9.72,3.346250000000001
19,5,6,5.59,3.94,3.1820833333333343
20,5,6,0.0,2.74,3.1525
21,5,6,2.03,2.64,3.0425
22,5,6,0.0,0.0,3.339166666666667
23,5,6,7.12,3.75,3.358333333333334
0,6,0,4.21,2.46,3.6354166666666665
1,6,0,9.11,3.46,3.4912499999999995
2,6,0,0.0,0.0,3.4912499999999995
3,6,0,0.0,4.3,3.3120833333333337
4,6,0,0.0,0.0,3.485416666666667
5,6,0,4.16,6.47,3.32875
6,6,0,2.71,6.140000000000001,3.24625
7,6,0,4.16,4.19,3.43375
8,6,0,8.69,8.41,3.1879166666666667
9,6,0,2.51,2.9,3.067083333333333
10,6,0,0.0,2.58,3.1162500000000004
11,6,0,3.76,3.33,2.9775000000000005
12,6,0,0.0,2.44,3.0112500000000004
13,6,0,3.25,4.8,2.8112500000000007
14,6,0,0.0,0.0,2.99
15,6,0,4.29,0.0,3.2070833333333337
16,6,0,5.21,3.08,3.2475
17,6,0,4.05,7.09,2.952083333333334
18,6,0,0.0,5.59,2.7191666666666667
19,6,0,0.0,0.0,2.7191666666666667
20,6,0,0.0,2.03,2.7566666666666664
21,6,0,2.93,0.0,2.7566666666666664
22,6,0,0.0,7.12,2.4600000000000004
23,6,0,0.0,4.21,2.381666666666667
0,7,1,2.33,9.11,2.0020833333333337
1,7,1,0.0,0.0,2.149166666666667
2,7,1,3.53,0.0,2.3825000000000003
3,7,1,5.6,0.0,2.3825000000000003
4,7,1,0.0,4.16,2.625833333333334
5,7,1,10.0,2.71,2.6158333333333337
6,7,1,2.47,4.16,2.4425000000000003
7,7,1,0.0,8.69,2.267916666666667
8,7,1,4.5,2.51,2.349166666666667
9,7,1,4.46,0.0,2.349166666666667
10,7,1,0.0,3.76,2.1925000000000003
11,7,1,0.0,0.0,2.3716666666666666
12,7,1,4.3,3.25,2.525416666666667
13,7,1,6.94,0.0,2.705833333333334
14,7,1,4.33,4.29,2.64875
15,7,1,2.92,5.21,2.6758333333333337
16,7,1,5.86,4.05,2.5070833333333336
17,7,1,0.0,0.0,2.6550000000000002
18,7,1,3.55,0.0,2.932916666666667
19,7,1,6.67,0.0,2.932916666666667
20,7,1,0.0,2.93,2.8108333333333335
21,7,1,0.0,0.0,3.128333333333334
22,7,1,7.619999999999999,0.0,3.5241666666666673
23,7,1,9.5,2.33,3.8074999999999997
0,8,2,9.13,0.0,4.002916666666667
1,8,2,4.69,3.53,4.347083333333334
2,8,2,11.79,5.6,4.470416666666667
3,8,2,8.559999999999999,0.0,4.470416666666667
4,8,2,0.0,10.0,4.3375
5,8,2,6.8100000000000005,2.47,4.385416666666667
6,8,2,3.62,0.0,4.7387500000000005
7,8,2,8.48,4.5,4.662083333333333
8,8,2,2.66,4.46,4.47625
9,8,2,0.0,0.0,4.599583333333334
10,8,2,2.96,0.0,4.845416666666667
11,8,2,5.9,4.3,4.812916666666667
12,8,2,3.52,6.94,4.845416666666667
13,8,2,7.720000000000001,4.33,4.985416666666667
14,8,2,7.689999999999999,2.92,4.8637500000000005
15,8,2,0.0,5.86,4.732083333333334
16,8,2,2.7,0.0,4.970833333333333
17,8,2,5.73,3.55,5.2575
18,8,2,10.43,6.67,4.979583333333333
19,8,2,0.0,0.0,5.159583333333333
20,8,2,4.32,0.0,5.333333333333333
21,8,2,4.17,7.619999999999999,5.015833333333333
22,8,2,0.0,9.5,4.62
23,8,2,0.0,9.13,4.34
0,9,3,2.41,4.69,4.319166666666667
1,9,3,4.19,11.79,4.136666666666667
2,9,3,7.41,8.559999999999999,3.7800000000000007
3,9,3,0.0,0.0,3.915833333333334
4,9,3,3.26,6.8100000000000005,3.632083333333334
5,9,3,0.0,3.62,3.6383333333333336
6,9,3,3.77,8.48,3.6325000000000003
7,9,3,8.34,2.66,3.805
8,9,3,6.8,0.0,3.890416666666667
9,9,3,2.05,2.96,3.9504166666666674
10,9,3,4.4,5.9,3.8350000000000004
11,9,3,3.13,3.52,3.688333333333334
12,9,3,0.0,7.720000000000001,3.490833333333334
13,9,3,2.98,7.689999999999999,3.1704166666666675
14,9,3,0.0,0.0,3.1704166666666675
15,9,3,0.0,2.7,3.3258333333333336
16,9,3,6.43,5.73,3.265
17,9,3,4.27,10.43,3.165833333333334
18,9,3,8.05,0.0,3.165833333333334
19,9,3,0.0,4.32,2.985833333333334
20,9,3,0.0,4.17,3.097916666666667
21,9,3,6.859999999999999,0.0,3.097916666666667
22,9,3,0.0,0.0,3.2929166666666667
23,9,3,4.68,2.41,3.3733333333333335
0,10,4,4.34,4.19,3.4762500000000003
1,10,4,6.66,7.41,3.4150000000000005
2,10,4,5.94,0.0,3.602083333333334
3,10,4,4.49,3.26,3.4662500000000005
4,10,4,0.0,0.0,3.6275
5,10,4,3.87,3.77,3.470416666666667
6,10,4,0.0,8.34,3.122916666666667
7,10,4,0.0,6.8,2.8395833333333336
8,10,4,0.0,2.05,2.7541666666666664
9,10,4,0.0,4.4,2.85
10,10,4,6.7,3.13,3.225
11,10,4,12.13,0.0,3.414583333333334
12,10,4,4.55,2.98,3.450416666666667
13,10,4,3.84,0.0,3.450416666666667
14,10,4,0.0,0.0,3.9033333333333338
15,10,4,10.87,6.43,3.9462499999999996
16,10,4,7.46,4.27,3.9162500000000002
17,10,4,3.55,8.05,3.719583333333334
18,10,4,3.33,0.0,3.9433333333333334
19,10,4,5.369999999999999,0.0,3.9433333333333334
20,10,4,0.0,6.859999999999999,3.9495833333333334
21,10,4,7.01,0.0,4.085
22,10,4,3.25,4.68,4.05375
23,10,4,3.93,4.34,4.023333333333334
0,11,5,3.61,6.66,3.7458333333333336
1,11,5,0.0,5.94,3.6041666666666665
2,11,5,2.54,4.49,3.4170833333333337
3,11,5,0.0,0.0,3.9325000000000006
4,11,5,12.37,3.87,4.050833333333333
5,11,5,6.71,0.0,4.3225
6,11,5,6.52,0.0,4.4158333333333335
7,11,5,2.24,0.0,4.997083333333333
8,11,5,13.95,0.0,5.08625
9,11,5,2.14,6.7,5.175833333333333
10,11,5,8.85,12.13,4.9245833333333335
11,11,5,6.1,4.55,4.83875
12,11,5,2.49,3.84,4.877916666666667
13,11,5,4.78,0.0,4.877916666666667
14,11,5,0.0,10.87,4.7995833333333335
15,11,5,8.99,7.46,4.78125
16,11,5,7.02,3.55,4.633333333333334
17,11,5,0.0,3.33,4.494583333333334
18,11,5,0.0,5.369999999999999,4.538333333333333
19,11,5,6.42,0.0,4.6762500000000005
20,11,5,3.31,7.01,4.5025
21,11,5,2.84,3.25,4.578333333333333
22,11,5,5.07,3.93,4.6375
23,11,5,5.35,3.61,4.7754166666666675
0,12,6,6.92,0.0,4.7754166666666675
1,12,6,0.0,2.54,4.8029166666666665
2,12,6,3.2,0.0,4.8029166666666665
3,12,6,0.0,12.37,4.2875000000000005
4,12,6,0.0,6.71,4.201666666666667
5,12,6,4.65,6.52,4.024166666666667
6,12,6,2.26,2.24,4.232083333333334
7,12,6,7.23,13.95,3.835416666666667
8,12,6,4.43,2.14,3.7462500000000003
9,12,6,0.0,8.85,3.659166666666667
10,12,6,6.76,6.1,3.405
11,12,6,0.0,2.49,3.30125
12,12,6,0.0,4.78,3.299583333333334
13,12,6,4.74,0.0,3.6170833333333334
14,12,6,7.62,8.99,3.2424999999999997
15,12,6,0.0,7.02,3.14125
16,12,6,4.59,0.0,3.42
17,12,6,6.69,0.0,3.5262500000000006
18,12,6,2.55,6.42,3.2587500000000005
19,12,6,0.0,3.31,3.434583333333334
20,12,6,7.53,2.84,3.449166666666667
21,12,6,3.19,5.07,3.567916666666667
22,12,6,7.92,5.35,3.705833333333334
23,12,6,8.66,6.92,3.4175000000000004
0,13,0,0.0,0.0,4.029583333333334
1,13,0,14.69,3.2,3.89625
2,13,0,0.0,0.0,4.090000000000001
3,13,0,4.65,0.0,4.175
4,13,0,2.04,4.65,4.221666666666667
5,13,0,5.77,2.26,4.1275
6,13,0,0.0,7.23,3.82625
7,13,0,0.0,4.43,3.641666666666667
8,13,0,0.0,0.0,3.7291666666666674
9,13,0,2.1,6.76,3.6162500000000004
10,13,0,4.05,0.0,3.7445833333333334
11,13,0,3.08,0.0,4.074583333333334
12,13,0,7.92,4.74,4.106666666666667
13,13,0,5.51,7.62,3.9283333333333332
14,13,0,3.34,0.0,4.121666666666667
15,13,0,4.64,4.59,4.027916666666667
16,13,0,2.34,6.69,3.749166666666667
17,13,0,0.0,2.55,3.7275000000000005
18,13,0,2.03,0.0,3.7275000000000005
19,13,0,0.0,7.53,3.608333333333334
20,13,0,4.67,3.19,3.645
21,13,0,4.07,7.92,3.315
22,13,0,0.0,8.66,3.414166666666667
23,13,0,11.04,0.0,3.5637500000000006
0,14,1,3.59,14.69,3.1162499999999995
1,14,1,3.95,0.0,3.485416666666667
2,14,1,8.86,4.65,3.4175000000000004
3,14,1,3.02,2.04,3.3325
4,14,1,0.0,5.77,3.0920833333333335
5,14,1,0.0,0.0,3.0920833333333335
6,14,1,0.0,0.0,3.0920833333333335
7,14,1,0.0,0.0,3.4737500000000003
8,14,1,9.16,2.1,3.3862500000000004
9,14,1,0.0,4.05,3.2175
10,14,1,0.0,3.08,3.089166666666667
11,14,1,0.0,7.92,2.9570833333333333
12,14,1,4.75,5.51,2.7275000000000005
13,14,1,0.0,3.34,2.5883333333333334
14,14,1,0.0,4.64,2.707916666666667
15,14,1,7.51,2.34,2.610416666666667
16,14,1,0.0,0.0,2.810416666666667
17,14,1,4.8,2.03,2.7258333333333336
18,14,1,0.0,0.0,3.18625
19,14,1,11.05,4.67,2.991666666666667
20,14,1,0.0,4.07,2.822083333333334
21,14,1,0.0,0.0,3.009166666666667
22,14,1,4.49,11.04,2.549166666666667
23,14,1,0.0,3.59,2.5600000000000005
0,15,2,3.85,3.95,2.860833333333334
1,15,2,11.17,8.86,2.5758333333333336
2,15,2,2.02,3.02,2.7245833333333334
3,15,2,6.59,0.0,2.7245833333333334
4,15,2,0.0,0.0,2.87125
5,15,2,3.52,0.0,2.986666666666667
6,15,2,2.77,0.0,3.182916666666667
7,15,2,4.71,9.16,3.0883333333333334
8,15,2,6.89,0.0,3.2633333333333336
9,15,2,4.2,0.0,3.349166666666667
10,15,2,2.06,0.0,3.349166666666667
11,15,2,0.0,4.75,3.235
12,15,2,2.01,0.0,3.235
13,15,2,0.0,0.0,3.364166666666667
14,15,2,3.1,7.51,3.05125
15,15,2,0.0,0.0,3.05125
16,15,2,0.0,4.8,3.2095833333333332
17,15,2,8.6,0.0,3.3829166666666666
18,15,2,4.16,11.05,3.077916666666667
19,15,2,3.73,0.0,3.077916666666667
20,15,2,0.0,0.0,3.171666666666667
21,15,2,2.25,4.49,3.3283333333333336
22,15,2,8.25,0.0,3.3283333333333336
23,15,2,0.0,3.85,3.3520833333333333
0,16,3,4.42,11.17,3.0691666666666664
1,16,3,4.38,2.02,3.16
2,16,3,4.2,6.59,2.9766666666666666
3,16,3,2.19,0.0,3.112083333333333
4,16,3,3.25,3.52,3.067916666666667
5,16,3,2.46,2.77,2.9525000000000006
6,16,3,0.0,4.71,2.75625
7,16,3,0.0,6.89,2.4691666666666667
8,16,3,0.0,4.2,2.294166666666667
9,16,3,0.0,2.06,2.2083333333333335
10,16,3,0.0,0.0,2.2083333333333335
11,16,3,0.0,2.01,2.1245833333333333
12,16,3,0.0,0.0,2.1245833333333333
13,16,3,0.0,3.1,1.9954166666666666
14,16,3,0.0,0.0,1.9954166666666666
15,16,3,0.0,0.0,1.9954166666666666
16,16,3,0.0,8.6,1.792916666666667
17,16,3,3.74,4.16,1.6195833333333336
18,16,3,0.0,3.73,1.656666666666667
19,16,3,4.62,0.0,1.920416666666667
20,16,3,6.33,2.25,1.826666666666667
21,16,3,0.0,8.25,2.0087500000000005
22,16,3,12.62,0.0,2.0087500000000005
23,16,3,0.0,4.42,1.9433333333333336
0,17,4,2.85,4.38,1.8933333333333335
1,17,4,3.18,4.2,1.7183333333333337
2,17,4,0.0,2.19,1.9658333333333335
3,17,4,8.129999999999999,3.25,1.830416666666667
4,17,4,0.0,2.46,1.8183333333333336
5,17,4,2.17,0.0,2.003333333333334
6,17,4,4.44,0.0,2.129166666666667
7,17,4,3.02,0.0,2.129166666666667
8,17,4,0.0,0.0,2.58625
9,17,4,10.97,0.0,2.8229166666666674
10,17,4,5.68,0.0,3.0012500000000006
11,17,4,4.28,0.0,3.2183333333333337
12,17,4,5.210000000000001,0.0,3.440000000000001
13,17,4,5.32,0.0,3.440000000000001
14,17,4,0.0,0.0,3.440000000000001
15,17,4,0.0,0.0,3.9333333333333336
16,17,4,11.84,3.74,3.8675
17,17,4,2.16,0.0,3.8675
18,17,4,0.0,4.62,4.249166666666667
19,17,4,13.78,6.33,4.152916666666667
20,17,4,4.02,0.0,4.298333333333334
21,17,4,3.49,12.62,3.7725000000000004
22,17,4,0.0,0.0,3.879583333333334
23,17,4,2.57,2.85,3.9029166666666675
0,18,5,3.41,3.18,3.914166666666667
1,18,5,3.45,0.0,4.1970833333333335
2,18,5,6.79,8.129999999999999,4.230833333333334
3,18,5,8.940000000000001,0.0,4.5025
4,18,5,6.52,2.17,5.005833333333334
5,18,5,14.25,4.44,4.939583333333334
6,18,5,2.85,3.02,5.006666666666667
7,18,5,4.63,0.0,5.472083333333334
8,18,5,11.17,10.97,5.14625
9,18,5,3.15,5.68,4.909583333333334
10,18,5,0.0,4.28,4.73125
11,18,5,0.0,5.210000000000001,4.83375
12,18,5,7.67,5.32,4.764583333333333
13,18,5,3.66,0.0,4.764583333333333
14,18,5,0.0,0.0,5.044583333333334
15,18,5,6.72,11.84,5.074166666666667
16,18,5,12.55,2.16,5.097500000000001
17,18,5,2.72,0.0,5.097500000000001
18,18,5,0.0,13.78,4.523333333333334
19,18,5,0.0,4.02,4.624166666666667
20,18,5,6.44,3.49,4.92125
21,18,5,10.62,0.0,5.110416666666667
22,18,5,4.54,2.57,5.142916666666667
23,18,5,3.35,3.41,5.140833333333334
0,19,6,3.36,3.45,5.197083333333334
1,19,6,4.8,6.79,4.9141666666666675
2,19,6,0.0,8.940000000000001,4.695833333333334
3,19,6,3.7,6.52,4.592916666666667
4,19,6,4.05,14.25,4.093333333333334
5,19,6,2.26,2.85,4.28
6,19,6,7.33,4.63,4.209583333333334
7,19,6,2.94,11.17,3.909583333333334
8,19,6,3.97,3.15,4.314583333333333
9,19,6,12.87,0.0,4.314583333333333
10,19,6,0.0,0.0,4.470416666666667
11,19,6,3.74,7.67,4.367083333333333
12,19,6,5.19,3.66,4.392916666666667
13,19,6,4.28,0.0,4.565
14,19,6,4.13,6.72,4.477916666666666
15,19,6,4.63,12.55,4.117500000000001
16,19,6,3.9,2.72,4.004166666666667
17,19,6,0.0,0.0,4.004166666666667
18,19,6,0.0,0.0,4.115416666666667
19,19,6,2.67,6.44,4.28375
20,19,6,10.48,10.62,3.99
21,19,6,3.57,4.54,3.952083333333334
22,19,6,3.63,3.35,4.34625
23,19,6,12.81,3.36,4.20625
0,20,0,0.0,4.8,4.0062500000000005
1,20,0,0.0,0.0,4.0062500000000005
2,20,0,0.0,3.7,3.8520833333333333
3,20,0,0.0,4.05,4.005833333333334
4,20,0,7.74,2.26,4.058333333333334
5,20,0,3.52,7.33,3.9975000000000005
6,20,0,5.87,2.94,3.8750000000000004
7,20,0,0.0,3.97,3.8008333333333337
8,20,0,2.19,12.87,3.6470833333333332
9,20,0,9.18,0.0,4.140416666666667
10,20,0,11.84,3.74,4.3845833333333335
11,20,0,9.6,5.19,4.168333333333334
12,20,0,0.0,4.28,4.631666666666667
13,20,0,15.4,4.13,4.665416666666666
14,20,0,4.94,4.63,4.5912500000000005
15,20,0,2.85,3.9,4.428750000000001
16,20,0,0.0,0.0,4.515000000000001
17,20,0,2.07,0.0,4.611250000000001
18,20,0,2.31,2.67,4.500000000000001
19,20,0,0.0,10.48,4.385416666666667
20,20,0,7.73,3.57,4.236666666666667
21,20,0,0.0,3.63,4.367916666666667
22,20,0,6.78,12.81,3.93875
23,20,0,2.51,0.0,3.93875
0,21,1,0.0,0.0,4.215416666666667
1,21,1,6.640000000000001,0.0,4.215416666666667
2,21,1,0.0,0.0,4.215416666666667
3,21,1,0.0,7.74,4.031666666666667
4,21,1,3.33,3.52,3.8850000000000002
5,21,1,0.0,5.87,3.7312500000000006
6,21,1,2.18,0.0,3.986666666666667
7,21,1,6.13,2.19,3.895416666666667
8,21,1,0.0,9.18,3.512916666666667
9,21,1,0.0,11.84,3.0195833333333333
10,21,1,0.0,9.6,2.6195833333333334
11,21,1,0.0,0.0,2.6195833333333334
12,21,1,0.0,15.4,1.977916666666667
13,21,1,0.0,4.94,1.7720833333333337
14,21,1,0.0,2.85,1.8333333333333337
15,21,1,4.32,0.0,1.9191666666666671
16,21,1,2.06,2.07,1.9545833333333338
17,21,1,2.92,2.31,1.8583333333333336
18,21,1,0.0,0.0,2.3695833333333334
19,21,1,12.27,7.73,2.1629166666666673
20,21,1,2.77,0.0,2.282083333333334
21,21,1,2.86,6.78,2.1075000000000004
22,21,1,2.59,2.51,2.002916666666667
23,21,1,0.0,0.0,2.0920833333333335
0,22,2,2.14,6.640000000000001,1.815416666666667
1,22,2,0.0,0.0,2.27125
2,22,2,10.94,0.0,2.27125
3,22,2,0.0,3.33,2.2800000000000002
4,22,2,3.54,0.0,2.2800000000000002
5,22,2,0.0,2.18,2.3725
6,22,2,4.4,6.13,2.3841666666666668
7,22,2,6.41,0.0,2.3841666666666668
8,22,2,0.0,0.0,2.520416666666667
9,22,2,3.27,0.0,2.6175
10,22,2,2.33,0.0,2.761666666666667
11,22,2,3.46,0.0,2.9633333333333334
12,22,2,4.84,0.0,2.9633333333333334
13,22,2,0.0,0.0,3.0908333333333338
14,22,2,3.06,4.32,3.1637500000000003
15,22,2,6.07,2.06,3.2204166666666674
16,22,2,3.42,2.92,3.2162500000000005
17,22,2,2.82,0.0,3.3262500000000004
18,22,2,2.64,12.27,2.9033333333333338
19,22,2,2.12,2.77,2.7879166666666673
20,22,2,0.0,2.86,2.6687500000000006
21,22,2,0.0,2.59,2.6875000000000004
22,22,2,3.04,0.0,3.0645833333333337
23,22,2,9.05,2.14,3.099583333333334
0,23,3,2.98,0.0,3.2283333333333335
1,23,3,3.09,10.94,3.112083333333334
2,23,3,8.15,0.0,3.112083333333334
3,23,3,0.0,3.54,3.6145833333333335
4,23,3,15.6,0.0,3.6145833333333335
5,23,3,0.0,4.4,3.540833333333334
6,23,3,2.63,6.41,3.4083333333333337
7,23,3,3.23,0.0,3.4083333333333337
8,23,3,0.0,3.27,3.3737500000000007
9,23,3,2.44,2.33,3.360833333333334
10,23,3,2.02,3.46,3.216666666666667
11,23,3,0.0,4.84,3.0150000000000006
12,23,3,0.0,0.0,3.0150000000000006
13,23,3,0.0,3.06,3.065000000000001
14,23,3,4.26,6.07,2.89875
15,23,3,2.08,3.42,2.9495833333333334
16,23,3,4.64,2.82,2.8320833333333337
17,23,3,0.0,2.64,2.722083333333334
18,23,3,0.0,2.12,2.8562500000000006
19,23,3,5.34,0.0,2.8562500000000006
20,23,3,0.0,0.0,3.0920833333333335
21,23,3,5.66,3.04,3.224166666666667
22,23,3,6.21,9.05,2.847083333333334
23,23,3,0.0,2.98,3.0545833333333334
0,24,4,7.960000000000001,3.09,3.1025000000000005
1,24,4,4.24,8.15,3.0975
2,24,4,8.030000000000001,0.0,3.383333333333334
3,24,4,6.859999999999999,15.6,2.7333333333333343
4,24,4,0.0,0.0,3.018333333333334
5,24,4,6.84,2.63,2.90875
6,24,4,0.0,3.23,2.8816666666666664
7,24,4,2.58,0.0,3.1500000000000004
8,24,4,6.44,2.44,3.1625
9,24,4,2.74,2.02,3.2016666666666667
10,24,4,2.96,0.0,3.2016666666666667
11,24,4,0.0,0.0,3.3062500000000004
12,24,4,2.51,0.0,3.3062500000000004
13,24,4,0.0,4.26,3.4275
14,24,4,7.17,2.08,3.3408333333333338
15,24,4,0.0,4.64,3.43375
16,24,4,6.869999999999999,0.0,3.552916666666667
17,24,4,2.86,0.0,3.6679166666666667
18,24,4,2.76,5.34,3.616250000000001
19,24,4,4.1,0.0,4.123333333333334
20,24,4,12.17,5.66,3.8874999999999997
21,24,4,0.0,6.21,4.138333333333334
22,24,4,12.23,0.0,4.138333333333334
23,24,4,0.0,7.960000000000001,3.8066666666666666
0,25,5,0.0,4.24,3.924166666666667
1,25,5,7.0600000000000005,8.030000000000001,4.0566666666666675
2,25,5,11.21,6.859999999999999,3.7708333333333335
3,25,5,0.0,0.0,3.9491666666666667
4,25,5,4.279999999999999,6.84,3.7891666666666666
5,25,5,3.0,0.0,3.936666666666667
6,25,5,3.54,2.58,4.011666666666667
7,25,5,4.38,6.44,3.7433333333333336
8,25,5,0.0,2.74,3.629166666666667
9,25,5,0.0,2.96,3.5058333333333334
10,25,5,0.0,0.0,3.6575
11,25,5,3.64,2.51,3.837916666666667
12,25,5,6.84,0.0,3.837916666666667
13,25,5,0.0,7.17,3.6241666666666674
14,25,5,2.04,0.0,3.909583333333334
15,25,5,6.85,6.869999999999999,3.6233333333333335
16,25,5,0.0,2.86,3.6795833333333334
17,25,5,4.21,2.76,3.7120833333333336
18,25,5,3.54,4.1,3.6841666666666666
19,25,5,3.43,12.17,3.1770833333333335
20,25,5,0.0,0.0,3.1770833333333335
21,25,5,0.0,12.23,2.9895833333333335
22,25,5,7.729999999999999,0.0,2.9895833333333335
23,25,5,0.0,0.0,3.235416666666667
0,26,6,5.9,7.0600000000000005,3.157916666666667
1,26,6,5.2,11.21,2.925416666666667
2,26,6,5.63,0.0,3.0879166666666666
3,26,6,3.9,4.279999999999999,2.9095833333333334
4,26,6,0.0,3.0,3.520416666666667
5,26,6,17.66,3.54,3.3729166666666672
6,26,6,0.0,4.38,3.190416666666667
7,26,6,0.0,0.0,3.4395833333333337
8,26,6,5.98,0.0,3.7754166666666666
9,26,6,8.06,0.0,4.022916666666667
10,26,6,5.94,3.64,4.073333333333333
11,26,6,4.85,6.84,3.9329166666666673
12,26,6,3.47,0.0,3.9329166666666673
13,26,6,0.0,2.04,4.088333333333334
14,26,6,5.77,6.85,4.043333333333334
15,26,6,5.77,0.0,4.043333333333334
16,26,6,0.0,4.21,3.9770833333333333
17,26,6,2.62,3.54,4.122916666666668
18,26,6,7.04,3.43,4.117083333333333
19,26,6,3.29,0.0,4.117083333333333
20,26,6,0.0,0.0,4.29
21,26,6,4.15,7.729999999999999,4.068333333333333
22,26,6,2.41,0.0,4.15375
23,26,6,2.05,5.9,4.1937500000000005
0,27,0,6.859999999999999,5.2,3.9770833333333333
1,27,0,0.0,5.63,3.7425
2,27,0,0.0,3.9,3.58
3,27,0,0.0,0.0,3.58
4,27,0,0.0,17.66,3.0604166666666672
5,27,0,5.19,0.0,3.1525000000000003
6,27,0,2.21,0.0,3.429166666666667
7,27,0,6.640000000000001,5.98,3.2750000000000004
8,27,0,2.28,8.06,3.032916666666667
9,27,0,2.25,5.94,2.785416666666667
10,27,0,0.0,4.85,2.7429166666666673
11,27,0,3.83,3.47,3.091666666666667
12,27,0,11.84,0.0,3.223333333333334
13,27,0,3.16,5.77,3.1075000000000004
14,27,0,2.99,5.77,3.111666666666667
15,27,0,5.87,0.0,3.111666666666667
16,27,0,0.0,2.62,3.002500000000001
17,27,0,0.0,7.04,3.057916666666667
18,27,0,8.370000000000001,3.29,2.920833333333334
19,27,0,0.0,0.0,3.167916666666667
20,27,0,5.93,4.15,3.191666666666667
21,27,0,4.72,2.41,3.0912500000000005
22,27,0,0.0,2.05,3.5762500000000004
23,27,0,13.69,6.859999999999999,3.397083333333334
0,28,1,2.56,0.0,3.534583333333334
1,28,1,3.3,0.0,3.724166666666667
2,28,1,4.55,0.0,3.724166666666667
3,28,1,0.0,0.0,3.724166666666667
4,28,1,0.0,5.19,3.6508333333333334
5,28,1,3.43,2.21,3.5587500000000003
6,28,1,0.0,6.640000000000001,3.6445833333333333
7,28,1,8.7,2.28,3.549583333333333
8,28,1,0.0,2.25,3.5879166666666666
9,28,1,3.17,0.0,3.7833333333333337
10,28,1,4.69,3.83,3.879166666666667
11,28,1,6.13,11.84,3.68
12,28,1,7.0600000000000005,3.16,3.548333333333334
13,28,1,0.0,2.99,3.4237500000000005
14,28,1,0.0,5.87,3.4345833333333338
15,28,1,6.130000000000001,0.0,3.5937500000000004
16,28,1,3.82,0.0,3.8083333333333336
17,28,1,5.15,8.370000000000001,3.545
18,28,1,2.05,0.0,3.8383333333333334
19,28,1,7.039999999999999,5.93,3.5912500000000005
20,28,1,0.0,4.72,3.3945833333333337
21,28,1,0.0,0.0,3.3945833333333337
22,28,1,0.0,13.69,2.8241666666666667
23,28,1,0.0,2.56,2.7175000000000007
0,29,2,0.0,3.3,2.690416666666667
1,29,2,2.65,4.55,2.500833333333334
2,29,2,0.0,0.0,2.6575
3,29,2,3.76,0.0,2.8920833333333333
4,29,2,5.63,3.43,2.983333333333334
5,29,2,5.62,0.0,2.983333333333334
6,29,2,0.0,8.7,2.719583333333334
7,29,2,2.37,0.0,2.719583333333334
8,29,2,0.0,3.17,2.702083333333334
9,29,2,2.75,4.69,2.5066666666666673
10,29,2,0.0,6.13,2.25125
11,29,2,0.0,7.0600000000000005,1.957083333333334
12,29,2,0.0,0.0,2.157083333333334
13,29,2,4.8,0.0,2.290416666666667
14,29,2,3.2,6.130000000000001,2.0350000000000006
15,29,2,0.0,3.82,1.9904166666666672
16,29,2,2.75,5.15,2.0629166666666667
17,29,2,6.89,2.05,2.389583333333334
18,29,2,9.89,7.039999999999999,2.2033333333333336
19,29,2,2.57,0.0,2.315416666666667
20,29,2,2.69,0.0,2.315416666666667
21,29,2,0.0,0.0,2.315416666666667
22,29,2,0.0,0.0,2.765
23,29,2,10.79,0.0,2.86125
0,30,3,2.31,2.65,2.750833333333333
1,30,3,0.0,0.0,3.1125000000000003
2,30,3,8.68,3.76,3.2720833333333332
3,30,3,7.59,5.63,3.0375
4,30,3,0.0,5.62,3.1204166666666673
5,30,3,7.61,0.0,3.1204166666666673
6,30,3,0.0,2.37,3.021666666666667
7,30,3,0.0,0.0,3.1833333333333336
8,30,3,3.88,2.75,3.06875
9,30,3,0.0,0.0,3.06875
10,30,3,0.0,0.0,3.2291666666666665
11,30,3,3.85,0.0,3.2291666666666665
12,30,3,0.0,4.8,3.4075
13,30,3,9.08,3.2,3.4595833333333332
14,30,3,4.45,0.0,3.5879166666666666
15,30,3,3.08,2.75,3.473333333333333
16,30,3,0.0,6.89,3.18625
17,30,3,0.0,9.89,2.7741666666666664
18,30,3,0.0,2.57,3.1087500000000006
19,30,3,10.6,2.69,3.239583333333334
20,30,3,5.83,0.0,3.438333333333334
21,30,3,4.77,0.0,3.674166666666667
22,30,3,5.66,10.79,3.6216666666666666
23,30,3,9.53,2.31,3.5254166666666666
0,31,4,0.0,0.0,3.660416666666667
1,31,4,3.24,8.68,3.4220833333333336
2,31,4,2.96,7.59,3.2158333333333338
3,31,4,2.64,0.0,3.577083333333334
4,31,4,8.67,7.61,3.4375
5,31,4,4.26,0.0,3.8025
6,31,4,8.76,0.0,3.8025
7,31,4,0.0,3.88,3.7600000000000002
8,31,4,2.86,0.0,3.7600000000000002
9,31,4,0.0,0.0,4.094166666666667
10,31,4,8.02,3.85,4.23625
11,31,4,7.26,0.0,4.5075
12,31,4,6.51,9.08,4.475416666666667
13,31,4,8.31,4.45,4.29
14,31,4,0.0,3.08,4.461250000000001
15,31,4,7.19,0.0,4.461250000000001
16,31,4,0.0,0.0,4.607083333333334
17,31,4,3.5,0.0,4.607083333333334
18,31,4,0.0,10.6,4.459583333333334
19,31,4,7.0600000000000005,5.83,4.6275
20,31,4,9.86,4.77,4.51875
21,31,4,2.16,5.66,4.52875
22,31,4,5.9,9.53,4.631666666666667
23,31,4,12.0,0.0,4.631666666666667
0,1,5,0.0,3.24,4.692083333333334
1,1,5,4.69,2.96,4.759166666666666
2,1,5,4.57,2.64,4.649166666666667
3,1,5,0.0,8.67,4.615
4,1,5,7.85,4.26,4.640416666666667
5,1,5,4.869999999999999,8.76,4.589583333333334
6,1,5,7.54,0.0,4.589583333333334
7,1,5,0.0,2.86,4.800416666666667
8,1,5,7.92,0.0,5.09625
9,1,5,7.1000000000000005,8.02,5.10625
10,1,5,8.26,7.26,5.084166666666667
11,1,5,6.73,6.51,4.812916666666667
12,1,5,0.0,8.31,4.6554166666666665
13,1,5,4.53,0.0,4.8429166666666665
14,1,5,4.5,7.19,4.7129166666666675
15,1,5,4.07,0.0,4.868333333333333
16,1,5,3.73,3.5,4.7225
17,1,5,0.0,0.0,4.7225
18,1,5,0.0,7.0600000000000005,4.54875
19,1,5,2.89,9.86,4.38625
20,1,5,5.96,2.16,4.706666666666667
21,1,5,9.85,5.9,4.460833333333333
22,1,5,0.0,12.0,3.9608333333333334
23,1,5,0.0,0.0,3.9608333333333334
0,2,6,0.0,4.69,3.8991666666666673
1,2,6,3.21,4.57,3.800416666666667
2,2,6,2.2,0.0,3.9150000000000005
3,2,6,2.75,7.85,3.7558333333333334
4,2,6,4.03,4.869999999999999,3.8312500000000003
5,2,6,6.680000000000001,7.54,3.8054166666666673
6,2,6,6.92,0.0,3.8054166666666673
7,2,6,0.0,7.92,3.6362500000000004
8,2,6,3.86,7.1000000000000005,3.6375000000000006
9,2,6,7.13,8.26,3.2933333333333334
10,2,6,0.0,6.73,3.012916666666667
11,2,6,0.0,0.0,3.012916666666667
12,2,6,0.0,4.53,2.9875000000000003
13,2,6,3.92,4.5,2.8837500000000005
14,2,6,2.01,4.07,3.0725000000000002
15,2,6,8.6,3.73,2.9170833333333337
16,2,6,0.0,0.0,2.9170833333333337
17,2,6,0.0,0.0,2.9170833333333337
18,2,6,0.0,2.89,3.16
19,2,6,8.719999999999999,5.96,3.065416666666667
20,2,6,3.69,9.85,2.6550000000000002
21,2,6,0.0,0.0,2.7687500000000007
22,2,6,2.73,0.0,2.9500000000000006
23,2,6,4.35,0.0,3.1354166666666674
0,3,0,4.45,3.21,3.25625
1,3,0,6.109999999999999,2.2,3.164583333333334
2,3,0,0.0,2.75,3.0500000000000007
3,3,0,0.0,4.03,3.0800000000000005
4,3,0,4.75,6.680000000000001,2.955416666666667
5,3,0,3.69,6.92,2.78
6,3,0,2.71,0.0,2.78
7,3,0,0.0,3.86,2.8520833333333333
8,3,0,5.59,7.13,2.751666666666667
9,3,0,4.72,0.0,2.751666666666667
10,3,0,0.0,0.0,2.9762500000000003
11,3,0,5.390000000000001,0.0,3.1125000000000003
12,3,0,3.27,3.92,3.1175
13,3,0,4.04,2.01,3.03375
14,3,0,0.0,8.6,2.789166666666667
15,3,0,2.73,0.0,2.789166666666667
16,3,0,0.0,0.0,3.154166666666667
17,3,0,8.760000000000002,0.0,3.3475
18,3,0,4.64,8.719999999999999,2.984166666666667
19,3,0,0.0,3.69,3.002916666666667
20,3,0,4.14,0.0,3.502916666666667
21,3,0,12.0,2.73,3.7658333333333336
22,3,0,9.04,4.35,3.7437500000000004
23,3,0,3.82,4.45,3.643333333333334
0,4,1,2.04,6.109999999999999,3.5562500000000004
1,4,1,4.02,0.0,3.8745833333333337
2,4,1,7.64,0.0,4.049166666666667
3,4,1,4.19,4.75,3.8512500000000003
4,4,1,0.0,3.69,3.8825000000000003
5,4,1,4.44,2.71,3.7695833333333333
6,4,1,0.0,0.0,3.950416666666667
7,4,1,4.34,5.59,3.88125
8,4,1,3.93,4.72,3.6845833333333338
9,4,1,0.0,0.0,3.6845833333333338
10,4,1,0.0,5.390000000000001,3.5437499999999997
11,4,1,2.01,3.27,3.5258333333333334
12,4,1,2.84,4.04,3.4487500000000004
13,4,1,2.19,0.0,3.6862500000000007
14,4,1,5.699999999999999,2.73,3.815833333333334
15,4,1,5.84,0.0,4.100416666666667
16,4,1,6.83,8.760000000000002,3.9320833333333334
17,4,1,4.72,4.64,3.73875
18,4,1,0.0,0.0,4.016666666666667
19,4,1,6.67,4.14,3.9820833333333336
20,4,1,3.31,12.0,3.4820833333333336
21,4,1,0.0,9.04,3.2975000000000008
22,4,1,4.61,3.82,3.2420833333333334
23,4,1,2.49,2.04,3.2908333333333335
0,5,2,3.21,4.02,3.317916666666667
1,5,2,4.67,7.64,3.346250000000001
2,5,2,8.32,4.19,3.171666666666667
3,5,2,0.0,0.0,3.171666666666667
4,5,2,0.0,4.44,3.095
5,5,2,2.6,0.0,3.095
6,5,2,0.0,4.34,2.9141666666666666
7,5,2,0.0,3.93,2.8937500000000003
8,5,2,3.44,0.0,2.8937500000000003
9,5,2,0.0,0.0,2.9820833333333336
10,5,2,2.12,2.01,3.2220833333333334
11,5,2,7.77,2.84,3.456666666666667
12,5,2,8.469999999999999,2.19,3.3654166666666665
13,5,2,0.0,5.699999999999999,3.127916666666667
14,5,2,0.0,5.84,3.443333333333334
15,5,2,13.41,6.83,3.3695833333333334
16,5,2,5.0600000000000005,4.72,3.172916666666667
17,5,2,0.0,0.0,3.4395833333333337
18,5,2,6.4,6.67,3.6220833333333338
19,5,2,11.05,3.31,3.484166666666667
20,5,2,0.0,0.0,3.860833333333334
21,5,2,9.04,4.61,3.6687500000000006
22,5,2,0.0,2.49,3.6787499999999995
23,5,2,2.73,3.21,3.545
0,6,3,0.0,4.67,3.8404166666666666
1,6,3,11.76,8.32,3.4937500000000004
2,6,3,0.0,0.0,3.6187500000000004
3,6,3,3.0,0.0,3.7470833333333338
4,6,3,3.08,2.6,3.63875
5,6,3,0.0,0.0,3.9270833333333335
6,6,3,6.92,0.0,3.9270833333333335
7,6,3,0.0,3.44,4.172083333333334
8,6,3,9.32,0.0,4.366666666666667
9,6,3,4.67,2.12,4.429583333333333
10,6,3,3.63,7.77,4.314166666666667
11,6,3,5.0,8.469999999999999,4.244583333333334
12,6,3,6.8,0.0,4.9437500000000005
13,6,3,16.78,0.0,4.9437500000000005
14,6,3,0.0,13.41,4.53375
15,6,3,3.57,5.0600000000000005,4.322916666666667
16,6,3,0.0,0.0,4.569166666666667
17,6,3,5.91,6.4,4.4975000000000005
18,6,3,4.68,11.05,4.1312500000000005
19,6,3,2.26,0.0,4.4245833333333335
20,6,3,7.04,9.04,4.359583333333334
21,6,3,7.48,0.0,4.585
22,6,3,5.41,2.73,4.47125
23,6,3,0.0,0.0,4.47125
0,7,4,0.0,11.76,4.819166666666667
1,7,4,20.11,0.0,5.1258333333333335
2,7,4,7.359999999999999,3.0,5.0008333333333335
3,7,4,0.0,3.08,4.8725
4,7,4,0.0,0.0,4.96875
5,7,4,2.31,6.92,4.680416666666667
6,7,4,0.0,0.0,4.9375
7,7,4,6.17,9.32,4.642083333333334
8,7,4,2.23,4.67,4.6537500000000005
9,7,4,4.949999999999999,3.63,4.843333333333334
10,7,4,8.18,5.0,4.635000000000001
11,7,4,0.0,6.8,4.549166666666667
12,7,4,4.74,16.78,4.001666666666667
13,7,4,3.64,0.0,4.278333333333334
14,7,4,6.640000000000001,3.57,4.396666666666667
15,7,4,6.41,0.0,4.396666666666667
16,7,4,0.0,5.91,4.1504166666666675
17,7,4,0.0,4.68,4.2250000000000005
18,7,4,6.470000000000001,2.26,4.130833333333334
19,7,4,0.0,7.04,3.8375000000000004
20,7,4,0.0,7.48,3.5258333333333334
21,7,4,0.0,5.41,3.300416666666667
22,7,4,0.0,0.0,3.300416666666667
23,7,4,0.0,0.0,3.4754166666666673
0,8,5,4.2,20.11,2.6375000000000006
1,8,5,0.0,7.359999999999999,2.452083333333334
2,8,5,2.91,0.0,2.63125
3,8,5,4.3,0.0,2.7437500000000004
4,8,5,2.7,2.31,2.6475000000000004
5,8,5,0.0,0.0,2.8404166666666666
6,8,5,4.63,6.17,2.7741666666666673
7,8,5,4.58,2.23,2.8429166666666674
8,8,5,3.88,4.949999999999999,2.830833333333334
9,8,5,4.66,8.18,2.49
10,8,5,0.0,0.0,2.764583333333334
11,8,5,6.59,4.74,2.752500000000001
12,8,5,4.45,3.64,2.7783333333333338
13,8,5,4.26,6.640000000000001,2.764583333333334
14,8,5,6.3100000000000005,6.41,2.4975
15,8,5,0.0,0.0,2.4975
16,8,5,0.0,0.0,3.03125
17,8,5,12.81,6.470000000000001,2.7616666666666667
18,8,5,0.0,0.0,2.9654166666666675
19,8,5,4.890000000000001,0.0,3.101666666666667
20,8,5,3.27,0.0,3.5691666666666673
21,8,5,11.22,0.0,3.6845833333333338
22,8,5,2.77,0.0,3.909583333333334
23,8,5,5.4,4.2,3.987916666666667
0,9,6,6.08,0.0,3.987916666666667
1,9,6,0.0,2.91,4.0912500000000005
2,9,6,5.390000000000001,4.3,4.038333333333334
3,9,6,3.03,2.7,3.9258333333333337
4,9,6,0.0,0.0,3.9258333333333337
5,9,6,0.0,4.63,3.7329166666666675
6,9,6,0.0,4.58,3.6629166666666673
7,9,6,2.9,3.88,3.50125
8,9,6,0.0,4.66,3.5137500000000004
9,9,6,4.96,0.0,3.67625
10,9,6,3.9,6.59,3.58375
11,9,6,4.37,4.45,3.8204166666666666
12,9,6,10.13,4.26,3.8120833333333337
13,9,6,4.06,6.3100000000000005,3.694583333333334
14,9,6,3.49,0.0,3.831666666666667
15,9,6,3.29,0.0,3.975833333333334
16,9,6,3.46,12.81,3.442083333333334
17,9,6,0.0,0.0,3.5333333333333337
18,9,6,2.19,4.890000000000001,3.702916666666667
19,9,6,8.96,3.27,3.566666666666667
20,9,6,0.0,11.22,3.2795833333333335
21,9,6,4.33,2.77,3.2929166666666667
22,9,6,3.09,5.4,3.239583333333334
23,9,6,4.12,6.08,3.115416666666667
0,10,0,3.1,0.0,3.237916666666667
1,10,0,2.94,5.390000000000001,3.2054166666666677
2,10,0,4.61,3.03,3.1637500000000003
3,10,0,2.03,0.0,3.1637500000000003
4,10,0,0.0,0.0,3.569583333333334
5,10,0,9.74,0.0,3.757916666666667
6,10,0,4.52,2.9,3.6370833333333334
7,10,0,0.0,0.0,3.6370833333333334
8,10,0,0.0,4.96,3.537500000000001
9,10,0,2.57,3.9,3.706666666666667
10,10,0,7.96,4.37,3.64125
11,10,0,2.8,10.13,3.548333333333334
12,10,0,7.899999999999999,4.06,3.379166666666667
13,10,0,0.0,3.49,3.5558333333333336
14,10,0,7.73,3.29,3.4187499999999997
15,10,0,0.0,3.46,3.2745833333333336
16,10,0,0.0,0.0,3.2745833333333336
17,10,0,0.0,2.19,3.1833333333333336
18,10,0,0.0,8.96,2.8958333333333335
19,10,0,2.06,0.0,2.8958333333333335
20,10,0,0.0,4.33,2.7154166666666666
21,10,0,0.0,3.09,2.586666666666667
22,10,0,0.0,4.12,2.7145833333333336
23,10,0,7.19,3.1,2.5854166666666667
0,11,1,0.0,2.94,2.705
1,11,1,5.81,4.61,2.6770833333333335
2,11,1,3.94,2.03,3.0545833333333334
3,11,1,11.09,0.0,3.5208333333333335
4,11,1,11.19,9.74,3.4379166666666667
5,11,1,7.75,4.52,3.362083333333333
6,11,1,2.7,0.0,3.6612500000000003
7,11,1,7.18,0.0,3.9091666666666662
8,11,1,5.95,2.57,3.8020833333333335
9,11,1,0.0,7.96,3.4704166666666665
10,11,1,0.0,2.8,3.6725
11,11,1,7.65,7.899999999999999,3.3433333333333337
12,11,1,0.0,0.0,3.4479166666666674
13,11,1,2.51,7.73,3.125833333333334
14,11,1,0.0,0.0,3.125833333333334
15,11,1,0.0,0.0,3.3925
16,11,1,6.4,0.0,3.3925
17,11,1,0.0,0.0,3.54875
18,11,1,3.75,2.06,3.925416666666667
19,11,1,11.1,0.0,4.294583333333334
20,11,1,8.86,0.0,4.5575
21,11,1,6.3100000000000005,0.0,4.5575
22,11,1,0.0,7.19,4.2579166666666675
23,11,1,0.0,0.0,4.986666666666667
0,12,2,17.49,5.81,4.744583333333334
1,12,2,0.0,3.94,4.580416666666667
2,12,2,0.0,11.09,4.2075000000000005
3,12,2,2.14,11.19,4.29
4,12,2,13.17,7.75,3.9670833333333335
5,12,2,0.0,2.7,4.245833333333334
6,12,2,9.39,7.18,4.058333333333334
7,12,2,2.68,5.95,3.9829166666666667
8,12,2,4.14,0.0,4.109583333333334
9,12,2,3.04,0.0,4.392916666666667
10,12,2,6.800000000000001,7.65,4.687083333333334
11,12,2,14.71,0.0,4.8475
12,12,2,3.85,2.51,4.742916666666667
13,12,2,0.0,0.0,4.742916666666667
14,12,2,0.0,0.0,5.1745833333333335
15,12,2,10.36,6.4,5.1433333333333335
16,12,2,5.65,0.0,5.1433333333333335
17,12,2,0.0,3.75,5.149166666666667
18,12,2,3.89,11.1,4.8775
19,12,2,4.58,8.86,4.854166666666667
20,12,2,8.3,6.3100000000000005,4.5912500000000005
21,12,2,0.0,0.0,4.865833333333334
22,12,2,6.59,0.0,4.865833333333334
23,12,2,0.0,17.49,4.455000000000001
0,13,3,7.63,0.0,4.637083333333334
1,13,3,4.37,0.0,4.637083333333334
2,13,3,0.0,2.14,4.725416666666668
3,13,3,4.26,13.17,4.431250000000001
4,13,3,6.109999999999999,0.0,4.431250000000001
5,13,3,0.0,9.39,4.139583333333333
6,13,3,2.39,2.68,4.027916666666667
7,13,3,0.0,4.14,3.8554166666666667
8,13,3,0.0,3.04,4.385000000000001
9,13,3,15.75,6.800000000000001,4.596666666666667
10,13,3,11.88,14.71,4.130416666666667
11,13,3,3.52,3.85,4.31
12,13,3,8.16,0.0,4.31
13,13,3,0.0,0.0,4.31
14,13,3,0.0,10.36,4.0129166666666665
15,13,3,3.23,5.65,3.7775000000000003
16,13,3,0.0,0.0,3.7775000000000003
17,13,3,0.0,3.89,4.125416666666667
18,13,3,12.24,4.58,3.9345833333333338
19,13,3,0.0,8.3,3.7900000000000005
20,13,3,4.83,0.0,3.7900000000000005
21,13,3,0.0,6.59,3.5154166666666673
22,13,3,0.0,0.0,3.5154166666666673
23,13,3,0.0,7.63,3.1975000000000002
0,14,4,0.0,4.37,3.0154166666666673
1,14,4,0.0,0.0,3.167916666666667
2,14,4,3.66,4.26,3.1237500000000007
3,14,4,3.2,6.109999999999999,3.13125
4,14,4,6.29,0.0,3.13125
5,14,4,0.0,2.39,3.270833333333334
6,14,4,5.74,0.0,3.270833333333334
7,14,4,0.0,0.0,3.270833333333334
8,14,4,0.0,15.75,2.796666666666667
9,14,4,4.37,11.88,2.4658333333333338
10,14,4,3.94,3.52,2.3191666666666673
11,14,4,0.0,8.16,2.0941666666666667
12,14,4,2.76,0.0,2.355416666666667
13,14,4,6.27,0.0,2.651666666666667
14,14,4,7.109999999999999,3.23,2.6820833333333334
15,14,4,3.96,0.0,2.7812500000000004
16,14,4,2.38,0.0,3.034583333333334
17,14,4,6.08,12.24,2.710416666666667
18,14,4,4.46,0.0,3.0020833333333337
19,14,4,7.0,4.83,3.12625
20,14,4,7.81,0.0,3.295833333333334
21,14,4,4.07,0.0,3.4933333333333336
22,14,4,4.74,0.0,3.6400000000000006
23,14,4,3.52,0.0,4.336666666666667
0,15,5,16.72,0.0,4.336666666666667
1,15,5,0.0,3.66,4.184166666666667
2,15,5,0.0,3.2,4.247916666666668
3,15,5,4.73,6.29,3.9858333333333333
4,15,5,0.0,0.0,3.9858333333333333
5,15,5,0.0,5.74,3.851666666666667
6,15,5,2.52,0.0,3.9379166666666667
7,15,5,2.07,0.0,3.9379166666666667
8,15,5,0.0,4.37,3.7558333333333334
9,15,5,0.0,3.94,3.735833333333334
10,15,5,3.46,0.0,3.932916666666667
11,15,5,4.73,2.76,4.3675
12,15,5,13.19,6.27,4.10625
13,15,5,0.0,7.109999999999999,3.81
14,15,5,0.0,3.96,3.645000000000001
15,15,5,0.0,2.38,4.060416666666667
16,15,5,12.35,6.08,4.06375
17,15,5,6.16,4.46,4.027500000000001
18,15,5,3.59,7.0,3.735833333333334
19,15,5,0.0,7.81,3.410416666666667
20,15,5,0.0,4.07,3.564583333333333
21,15,5,7.77,4.74,3.4925
22,15,5,3.01,3.52,3.3458333333333337
23,15,5,0.0,16.72,2.7612500000000004
0,16,6,2.69,0.0,2.7612500000000004
1,16,6,0.0,0.0,2.7612500000000004
2,16,6,0.0,4.73,2.564166666666667
3,16,6,0.0,0.0,2.564166666666667
4,16,6,0.0,0.0,2.8325
5,16,6,6.44,2.52,2.8716666666666675
6,16,6,3.46,2.07,3.0083333333333333
7,16,6,5.35,0.0,3.0083333333333333
8,16,6,0.0,0.0,3.0083333333333333
9,16,6,0.0,3.46,2.864166666666667
10,16,6,0.0,4.73,2.6670833333333337
11,16,6,0.0,13.19,2.1175
12,16,6,0.0,0.0,2.2416666666666667
13,16,6,2.98,0.0,2.42125
14,16,6,4.31,0.0,2.5883333333333334
15,16,6,4.01,12.35,2.195416666666667
16,16,6,2.92,6.16,2.06375
17,16,6,3.0,3.59,2.0283333333333338
18,16,6,2.74,0.0,2.162083333333334
19,16,6,3.21,0.0,2.2908333333333335
20,16,6,3.09,7.77,2.517083333333334
21,16,6,13.2,3.01,2.4779166666666668
22,16,6,2.07,0.0,2.4779166666666668
23,16,6,0.0,2.69,2.6608333333333336
0,17,0,7.08,0.0,2.6608333333333336
1,17,0,0.0,0.0,2.7775000000000003
2,17,0,2.8,0.0,2.865
3,17,0,2.1,0.0,2.964166666666667
4,17,0,2.38,6.44,2.6958333333333333
5,17,0,0.0,3.46,2.551666666666667
6,17,0,0.0,5.35,2.4337500000000003
7,17,0,2.52,0.0,2.5170833333333333
8,17,0,2.0,0.0,2.65375
9,17,0,3.28,0.0,2.7625000000000006
10,17,0,2.61,0.0,2.7625000000000006
11,17,0,0.0,0.0,3.1108333333333333
12,17,0,8.36,2.98,3.1425
13,17,0,3.74,4.31,3.208333333333334
14,17,0,5.89,4.01,3.0412500000000002
15,17,0,0.0,2.92,3.2295833333333337
16,17,0,7.439999999999999,3.0,3.2183333333333337
17,17,0,2.73,2.74,3.5600000000000005
18,17,0,10.94,3.21,3.42625
19,17,0,0.0,3.09,3.53
20,17,0,5.58,13.2,3.0908333333333338
21,17,0,2.66,2.07,3.2775
22,17,0,6.55,0.0,3.4654166666666666
23,17,0,4.51,7.08,3.27125
0,18,1,2.42,0.0,3.6658333333333335
1,18,1,9.47,2.8,3.6558333333333337
2,18,1,2.56,2.1,4.193333333333334
3,18,1,15.0,2.38,4.29
4,18,1,4.7,0.0,4.383333333333334
5,18,1,2.24,0.0,4.53875
6,18,1,3.73,2.52,4.5575
7,18,1,2.97,2.0,4.474166666666667
8,18,1,0.0,3.28,4.525833333333334
9,18,1,4.52,2.61,4.790416666666666
10,18,1,8.959999999999999,0.0,4.790416666666666
11,18,1,0.0,8.36,4.559583333333333
12,18,1,2.82,3.74,4.729166666666667
13,18,1,7.81,5.89,4.769166666666667
14,18,1,6.8500000000000005,0.0,4.9004166666666675
15,18,1,3.15,7.439999999999999,4.765416666666668
16,18,1,4.2,2.73,4.843750000000001
17,18,1,4.61,10.94,4.64625
18,18,1,6.199999999999999,0.0,4.7875000000000005
19,18,1,3.39,5.58,4.872083333333333
20,18,1,7.61,2.66,5.021666666666667
21,18,1,6.25,6.55,4.866666666666667
22,18,1,2.83,4.51,4.825416666666667
23,18,1,3.52,2.42,4.724583333333334
0,19,2,0.0,9.47,4.330000000000001
1,19,2,0.0,2.56,4.5200000000000005
2,19,2,7.119999999999999,15.0,4.140833333333334
3,19,2,5.9,4.7,3.9450000000000003
4,19,2,0.0,2.24,3.8516666666666666
5,19,2,0.0,3.73,4.145833333333334
6,19,2,10.79,2.97,4.218750000000001
7,19,2,4.720000000000001,0.0,4.5575
8,19,2,8.129999999999999,4.52,4.664166666666667
9,19,2,7.08,8.959999999999999,4.2908333333333335
10,19,2,0.0,0.0,4.65625
11,19,2,8.77,2.82,4.53875
12,19,2,0.0,7.81,4.213333333333334
13,19,2,0.0,6.8500000000000005,3.9279166666666665
14,19,2,0.0,3.15,3.9795833333333337
15,19,2,4.39,4.2,3.9029166666666666
16,19,2,2.36,4.61,3.7108333333333334
17,19,2,0.0,6.199999999999999,3.62125
18,19,2,4.05,3.39,3.4800000000000004
19,19,2,0.0,7.61,3.3545833333333337
20,19,2,4.6,6.25,3.0941666666666667
21,19,2,0.0,2.83,3.5975
22,19,2,14.91,3.52,3.5420833333333337
23,19,2,2.19,0.0,3.5420833333333337
0,20,3,0.0,0.0,3.5420833333333337
1,20,3,0.0,7.119999999999999,3.455416666666667
2,20,3,5.04,5.9,3.4604166666666667
3,20,3,6.02,0.0,3.6954166666666666
4,20,3,5.640000000000001,0.0,4.031666666666667
5,20,3,8.07,10.79,3.8325
6,20,3,6.01,4.720000000000001,4.187916666666667
7,20,3,13.25,8.129999999999999,4.227916666666666
8,20,3,9.09,7.08,4.2475
9,20,3,7.550000000000001,0.0,4.4675
10,20,3,5.279999999999999,8.77,4.218333333333334
11,20,3,2.79,0.0,4.5008333333333335
12,20,3,6.78,0.0,4.63
13,20,3,3.1,0.0,4.63
14,20,3,0.0,4.39,4.4470833333333335
15,20,3,0.0,2.36,4.440833333333333
16,20,3,2.21,0.0,4.560833333333334
17,20,3,2.88,4.05,4.7075000000000005
18,20,3,7.57,0.0,4.881666666666667
19,20,3,4.18,4.6,4.920000000000001
20,20,3,5.52,0.0,5.116666666666667
21,20,3,4.72,14.91,4.72
22,20,3,5.390000000000001,2.19,4.62875
23,20,3,0.0,0.0,4.62875
0,21,4,0.0,0.0,4.62875
1,21,4,0.0,5.04,4.776666666666667
2,21,4,8.59,6.02,4.525833333333334
3,21,4,0.0,5.640000000000001,4.534166666666667
4,21,4,5.84,8.07,4.488333333333334
5,21,4,6.97,6.01,4.237916666666667
6,21,4,0.0,13.25,3.894166666666667
7,21,4,5.0,9.09,3.9233333333333333
8,21,4,9.79,7.550000000000001,3.60875
9,21,4,0.0,5.279999999999999,3.51125
10,21,4,2.94,2.79,3.395
11,21,4,0.0,6.78,3.4600000000000004
12,21,4,8.34,3.1,3.4675
13,21,4,3.28,0.0,4.078333333333333
14,21,4,14.66,0.0,4.078333333333333
15,21,4,0.0,2.21,4.07625
16,21,4,2.16,2.88,4.122916666666667
17,21,4,4.0,7.57,3.8991666666666664
18,21,4,2.2,4.18,3.725
19,21,4,0.0,5.52,3.4949999999999997
20,21,4,0.0,4.72,3.2983333333333333
21,21,4,0.0,5.390000000000001,3.165833333333333
22,21,4,2.21,0.0,3.165833333333333
23,21,4,0.0,0.0,3.34
0,22,5,4.18,0.0,3.34
1,22,5,0.0,8.59,3.345416666666667
2,22,5,8.719999999999999,0.0,3.345416666666667
3,22,5,0.0,5.84,3.2604166666666665
4,22,5,3.8,6.97,2.97
5,22,5,0.0,0.0,3.2558333333333334
6,22,5,6.86,5.0,3.0475
7,22,5,0.0,9.79,2.639583333333334
8,22,5,0.0,0.0,3.0158333333333336
9,22,5,9.03,2.94,3.0895833333333336
10,22,5,4.71,0.0,3.0895833333333336
11,22,5,0.0,8.34,2.905416666666667
12,22,5,3.92,3.28,2.7687500000000003
13,22,5,0.0,14.66,2.320416666666667
14,22,5,3.9,0.0,2.6645833333333333
15,22,5,8.26,2.16,2.874166666666667
16,22,5,7.19,4.0,2.9975000000000005
17,22,5,6.96,2.2,3.021666666666667
18,22,5,2.78,0.0,3.159583333333334
19,22,5,3.31,0.0,3.339166666666667
20,22,5,4.31,0.0,3.339166666666667
21,22,5,0.0,2.21,3.2470833333333338
22,22,5,0.0,0.0,3.438333333333334
23,22,5,4.59,4.18,3.5175
0,23,6,6.08,0.0,3.5175
1,23,6,0.0,8.719999999999999,3.154166666666667
2,23,6,0.0,0.0,3.299583333333334
3,23,6,3.49,3.8,3.1412500000000008
4,23,6,0.0,0.0,3.1412500000000008
5,23,6,0.0,6.86,2.855416666666667
6,23,6,0.0,0.0,3.021666666666667
7,23,6,3.99,0.0,3.1070833333333336
8,23,6,2.05,9.03,2.7308333333333334
9,23,6,0.0,4.71,2.892083333333334
10,23,6,8.58,0.0,2.892083333333334
11,23,6,0.0,3.92,2.926666666666667
12,23,6,4.75,0.0,2.926666666666667
13,23,6,0.0,3.9,2.7641666666666667
14,23,6,0.0,8.26,2.596666666666667
15,23,6,4.24,7.19,2.2970833333333336
16,23,6,0.0,6.96,2.3475
17,23,6,8.17,2.78,2.3912500000000003
18,23,6,3.83,3.31,2.66
19,23,6,9.76,4.31,2.4804166666666667
20,23,6,0.0,0.0,2.674166666666667
21,23,6,4.65,0.0,2.96875
22,23,6,7.07,4.59,2.7775
23,23,6,0.0,6.08,2.8091666666666675
0,24,0,6.84,0.0,3.209166666666667
1,24,0,9.6,0.0,3.349166666666667
2,24,0,3.36,3.49,3.20375
3,24,0,0.0,0.0,3.3208333333333333
4,24,0,2.81,0.0,3.6495833333333336
5,24,0,7.89,0.0,3.9779166666666668
6,24,0,7.88,3.99,3.9345833333333338
7,24,0,2.95,2.05,3.999166666666667
8,24,0,3.6,0.0,4.26125
9,24,0,6.29,8.58,3.9037500000000005
10,24,0,0.0,0.0,3.9037500000000005
11,24,0,0.0,4.75,4.14125
12,24,0,10.45,0.0,4.446666666666667
13,24,0,7.33,0.0,4.5425
14,24,0,2.3,4.24,4.365833333333334
15,24,0,0.0,0.0,4.53125
16,24,0,3.97,8.17,4.190833333333334
17,24,0,0.0,3.83,4.03125
18,24,0,0.0,9.76,3.8175000000000003
19,24,0,4.63,0.0,3.9129166666666673
20,24,0,2.29,4.65,4.027916666666667
21,24,0,7.41,7.07,4.205416666666667
22,24,0,11.33,0.0,4.384166666666667
23,24,0,4.29,6.84,4.256666666666667
0,25,1,3.78,9.6,3.856666666666667
1,25,1,0.0,3.36,3.716666666666667
2,25,1,0.0,0.0,3.90375
3,25,1,4.49,2.81,4.1120833333333335
4,25,1,7.81,7.89,3.9191666666666674
5,25,1,3.26,7.88,3.7624999999999997
6,25,1,4.12,2.95,3.8679166666666673
7,25,1,5.48,3.6,3.717916666666667
8,25,1,0.0,6.29,3.5620833333333337
9,25,1,2.55,0.0,3.5620833333333337
10,25,1,0.0,0.0,3.704166666666667
11,25,1,3.41,10.45,3.358333333333334
12,25,1,2.15,7.33,3.442916666666667
13,25,1,9.36,2.3,3.4900000000000007
14,25,1,3.43,0.0,3.581666666666667
15,25,1,2.2,3.97,3.7925
16,25,1,9.03,0.0,4.086666666666667
17,25,1,7.0600000000000005,0.0,4.465
18,25,1,9.08,4.63,4.471666666666667
19,25,1,4.79,2.29,4.376250000000001
20,25,1,0.0,7.41,4.0675
21,25,1,0.0,11.33,4.085416666666667
22,25,1,11.76,4.29,4.0025
23,25,1,2.3,3.78,4.044583333333334
0,26,2,4.79,0.0,4.72625
1,26,2,16.36,0.0,5.187916666666667
2,26,2,11.08,4.49,5.0008333333333335
3,26,2,0.0,7.81,4.675416666666667
4,26,2,0.0,3.26,4.698333333333333
5,26,2,3.81,4.12,4.761666666666667
6,26,2,5.640000000000001,5.48,4.812500000000001
7,26,2,6.699999999999999,0.0,5.064583333333333
8,26,2,6.050000000000001,2.55,4.958333333333333
9,26,2,0.0,0.0,5.1345833333333335
10,26,2,4.23,3.41,5.254583333333334
11,26,2,6.29,2.15,5.385833333333333
12,26,2,5.3,9.36,4.9958333333333345
13,26,2,0.0,3.43,4.852916666666667
14,26,2,0.0,2.2,4.76125
15,26,2,0.0,9.03,4.385000000000001
16,26,2,0.0,7.0600000000000005,4.090833333333333
17,26,2,0.0,9.08,4.23
18,26,2,12.42,4.79,4.030416666666667
19,26,2,0.0,0.0,4.030416666666667
20,26,2,0.0,0.0,4.32375
21,26,2,7.04,11.76,3.83375
22,26,2,0.0,2.3,3.737916666666667
23,26,2,0.0,4.79,3.6545833333333335
0,27,3,2.79,16.36,3.1245833333333337
1,27,3,3.64,11.08,2.8891666666666667
2,27,3,5.43,0.0,2.9829166666666667
3,27,3,2.25,0.0,3.2900000000000005
4,27,3,7.37,3.81,3.2900000000000005
5,27,3,3.81,5.640000000000001,3.055
6,27,3,0.0,6.699999999999999,2.9475000000000002
7,27,3,4.12,6.050000000000001,2.9933333333333336
8,27,3,7.15,0.0,3.080416666666667
9,27,3,2.09,4.23,2.9962500000000003
10,27,3,2.21,6.29,2.860833333333334
11,27,3,3.04,5.3,2.770000000000001
12,27,3,3.12,0.0,3.113750000000001
13,27,3,8.25,0.0,3.297916666666667
14,27,3,4.42,0.0,3.486666666666667
15,27,3,4.53,0.0,3.704583333333334
16,27,3,5.23,0.0,4.004166666666667
17,27,3,7.19,12.42,3.9441666666666673
18,27,3,10.98,0.0,3.9441666666666673
19,27,3,0.0,0.0,4.516666666666667
20,27,3,13.74,7.04,4.223333333333334
21,27,3,0.0,0.0,4.626666666666667
22,27,3,9.68,0.0,4.626666666666667
23,27,3,0.0,2.79,4.510416666666667
0,28,4,0.0,3.64,4.358750000000001
1,28,4,0.0,5.43,4.3187500000000005
2,28,4,4.47,2.25,4.2250000000000005
3,28,4,0.0,7.37,4.11875
4,28,4,4.82,3.81,4.441250000000001
5,28,4,11.55,0.0,4.603750000000001
6,28,4,3.9,4.12,4.902916666666667
7,28,4,11.3,7.15,4.749583333333334
8,28,4,3.47,2.09,4.963750000000001
9,28,4,7.23,2.21,4.871666666666667
10,28,4,0.0,3.04,4.745000000000001
11,28,4,0.0,3.12,4.615000000000001
12,28,4,0.0,8.25,4.6016666666666675
13,28,4,7.93,4.42,4.664583333333334
14,28,4,5.93,4.53,4.475833333333334
15,28,4,0.0,5.23,4.824166666666667
16,28,4,13.59,7.19,4.524583333333333
17,28,4,0.0,10.98,4.067083333333334
18,28,4,0.0,0.0,4.335833333333334
19,28,4,6.45,13.74,4.037916666666667
20,28,4,6.59,0.0,4.133333333333334
21,28,4,2.29,9.68,3.7300000000000004
22,28,4,0.0,0.0,3.8420833333333344
23,28,4,2.69,0.0,4.330416666666667
0,29,5,11.72,0.0,4.6120833333333335
1,29,5,6.76,4.47,4.530833333333335
2,29,5,2.52,0.0,4.530833333333335
3,29,5,0.0,4.82,4.502083333333334
4,29,5,4.13,11.55,4.377916666666667
5,29,5,8.57,3.9,4.423333333333334
6,29,5,4.99,11.3,4.350833333333334
7,29,5,9.56,3.47,4.206250000000001
8,29,5,0.0,7.23,3.9050000000000007
9,29,5,0.0,0.0,3.9050000000000007
10,29,5,0.0,0.0,3.9050000000000007
11,29,5,0.0,0.0,4.199166666666667
12,29,5,7.0600000000000005,7.93,4.064583333333333
13,29,5,4.7,5.93,4.257083333333334
14,29,5,10.55,0.0,4.385416666666667
15,29,5,3.08,13.59,3.9137500000000003
16,29,5,2.27,0.0,3.9137500000000003
17,29,5,0.0,0.0,3.9137500000000003
18,29,5,0.0,6.45,3.9470833333333335
19,29,5,7.25,6.59,3.862916666666667
20,29,5,4.57,2.29,4.127916666666667
21,29,5,8.649999999999999,0.0,4.445833333333334
22,29,5,7.630000000000001,2.69,4.497916666666667
23,29,5,3.94,11.72,4.374583333333334
0,30,6,8.760000000000002,6.76,4.264583333333333
1,30,6,4.12,2.52,4.787916666666667
2,30,6,15.08,0.0,5.112916666666667
3,30,6,7.8,4.13,5.035833333333334
4,30,6,2.28,8.57,5.145833333333334
5,30,6,11.21,4.99,5.086666666666667
6,30,6,3.57,9.56,5.179583333333334
7,30,6,11.79,0.0,5.828333333333334
8,30,6,15.57,0.0,5.828333333333334
9,30,6,0.0,0.0,6.161666666666668
10,30,6,8.0,0.0,6.617083333333333
11,30,6,10.93,7.0600000000000005,6.322916666666667
12,30,6,0.0,4.7,6.213750000000001
13,30,6,2.08,10.55,5.943333333333334
14,30,6,4.06,3.08,5.815
15,30,6,0.0,2.27,5.720416666666668
16,30,6,0.0,0.0,5.970416666666668
17,30,6,6.0,0.0,5.970416666666668
18,30,6,0.0,7.25,5.967500000000001
19,30,6,7.18,4.57,5.977083333333334
20,30,6,4.8,8.649999999999999,5.897916666666667
21,30,6,6.75,7.630000000000001,5.580000000000001
22,30,6,0.0,3.94,5.802083333333335
23,30,6,9.27,8.760000000000002,5.573333333333333
0,1,0,3.27,4.12,5.401666666666666
1,1,0,0.0,15.08,4.773333333333334
2,1,0,0.0,7.8,4.632083333333333
3,1,0,4.41,2.28,4.794583333333333
4,1,0,6.18,11.21,4.4158333333333335
5,1,0,2.12,3.57,4.416666666666667
6,1,0,3.59,11.79,3.925416666666667
7,1,0,0.0,15.57,3.5541666666666667
8,1,0,6.66,0.0,3.7133333333333334
9,1,0,3.82,8.0,3.5666666666666664
10,1,0,4.48,10.93,3.4645833333333336
11,1,0,8.48,0.0,3.4645833333333336
12,1,0,0.0,2.08,3.472083333333334
13,1,0,2.26,4.06,3.302916666666667
14,1,0,0.0,0.0,3.302916666666667
15,1,0,0.0,0.0,3.302916666666667
16,1,0,0.0,6.0,3.23625
17,1,0,4.4,0.0,3.349166666666667
18,1,0,2.71,7.18,3.16625
19,1,0,2.79,4.8,3.080833333333333
20,1,0,2.75,6.75,2.799583333333333
21,1,0,0.0,0.0,2.932916666666667
22,1,0,3.2,9.27,2.81875
23,1,0,6.53,3.27,3.081666666666667
0,2,1,9.58,0.0,3.2800000000000007
1,2,1,4.76,0.0,3.2800000000000007
2,2,1,0.0,4.41,3.09625
3,2,1,0.0,6.18,2.8387500000000006
4,2,1,0.0,2.12,2.7504166666666667
5,2,1,0.0,3.59,2.6008333333333336
6,2,1,0.0,0.0,2.9987500000000007
7,2,1,9.55,6.66,2.721250000000001
8,2,1,0.0,3.82,2.8112500000000007
9,2,1,5.98,4.48,2.6245833333333337
10,2,1,0.0,8.48,2.2712500000000007
11,2,1,0.0,0.0,2.4675000000000007
12,2,1,4.71,2.26,2.5620833333333337
13,2,1,4.53,0.0,2.73875
14,2,1,4.24,0.0,3.067083333333333
15,2,1,7.88,0.0,3.067083333333333
16,2,1,0.0,4.4,2.8837500000000005
17,2,1,0.0,2.71,3.035416666666667
18,2,1,6.35,2.79,3.4362500000000007
19,2,1,12.41,2.75,3.5712500000000005
20,2,1,5.99,0.0,3.8266666666666675
21,2,1,6.13,3.2,3.984166666666667
22,2,1,6.98,6.53,3.7120833333333336
23,2,1,0.0,9.58,3.4183333333333334
0,3,2,2.53,4.76,3.22
1,3,2,0.0,0.0,3.504166666666667
2,3,2,6.82,0.0,3.504166666666667
3,3,2,0.0,0.0,3.625833333333334
4,3,2,2.92,0.0,3.625833333333334
5,3,2,0.0,0.0,4.013333333333334
6,3,2,9.3,9.55,3.784166666666667
7,3,2,4.05,0.0,4.0425
8,3,2,6.2,5.98,4.071666666666666
9,3,2,6.68,0.0,4.20375
10,3,2,3.17,0.0,4.3637500000000005
11,3,2,3.84,4.71,4.34875
12,3,2,4.35,4.53,4.423750000000001
13,3,2,6.33,4.24,4.3429166666666665
14,3,2,2.3,7.88,4.014583333333333
15,3,2,0.0,0.0,4.194166666666667
16,3,2,4.31,0.0,4.470833333333334
17,3,2,6.640000000000001,6.35,4.206250000000001
18,3,2,0.0,12.41,3.8025000000000007
19,3,2,2.72,5.99,3.552916666666667
20,3,2,0.0,6.13,3.7587500000000005
21,3,2,11.07,6.98,3.5845833333333332
22,3,2,2.8,0.0,3.75125
23,3,2,4.0,2.53,3.734166666666667
0,4,3,2.12,0.0,3.9358333333333335
1,4,3,4.84,6.82,3.770000000000001
2,4,3,2.84,0.0,3.878333333333334
3,4,3,2.6,2.92,3.7566666666666673
4,4,3,0.0,0.0,3.7566666666666673
5,4,3,0.0,9.3,3.6841666666666675
6,4,3,7.56,4.05,3.6420833333333333
7,4,3,3.04,6.2,3.533750000000001
8,4,3,3.6,6.68,3.3404166666666666
9,4,3,2.04,3.17,3.2083333333333335
10,4,3,0.0,3.84,3.0483333333333333
11,4,3,0.0,4.35,2.8670833333333334
12,4,3,0.0,6.33,2.695416666666667
13,4,3,2.21,2.3,2.782916666666667
14,4,3,4.4,0.0,3.1375000000000006
15,4,3,8.510000000000002,4.31,2.957916666666667
16,4,3,0.0,6.640000000000001,3.0387500000000003
17,4,3,8.58,0.0,3.3975000000000004
18,4,3,8.61,2.72,3.37875
19,4,3,2.27,0.0,3.6162500000000004
20,4,3,5.699999999999999,11.07,3.4375000000000004
21,4,3,6.779999999999999,2.8,3.6529166666666675
22,4,3,7.970000000000001,4.0,3.6337500000000005
23,4,3,3.54,2.12,3.940416666666667
0,5,4,9.48,4.84,3.8262500000000004
1,5,4,2.1,2.84,4.128333333333333
2,5,4,10.09,2.6,4.0200000000000005
3,5,4,0.0,0.0,4.362916666666667
4,5,4,8.23,0.0,4.640000000000001
5,5,4,6.65,7.56,4.620833333333334
6,5,4,7.1,3.04,4.4941666666666675
7,5,4,0.0,3.6,4.344166666666667
8,5,4,0.0,2.04,4.51625
9,5,4,6.17,0.0,4.51625
10,5,4,0.0,0.0,4.805000000000001
11,5,4,6.93,0.0,5.220000000000001
12,5,4,9.96,2.21,5.32375
13,5,4,4.7,4.4,5.315416666666667
14,5,4,4.2,8.510000000000002,5.376666666666668
15,5,4,9.98,0.0,5.464583333333334
16,5,4,2.11,8.58,5.222500000000001
17,5,4,2.77,8.61,5.050416666666667
18,5,4,4.48,2.27,5.194166666666667
19,5,4,5.72,5.699999999999999,4.956666666666667
20,5,4,0.0,6.779999999999999,4.674166666666667
21,5,4,0.0,7.970000000000001,4.538333333333334
22,5,4,4.71,3.54,4.573333333333333
23,5,4,4.38,9.48,4.425
0,6,5,5.92,2.1,4.621250000000001
1,6,5,6.8100000000000005,10.09,4.345833333333334
2,6,5,3.48,0.0,4.500000000000001
3,6,5,3.7,8.23,4.347916666666667
4,6,5,4.58,6.65,4.189166666666667
5,6,5,2.84,7.1,4.07
6,6,5,4.24,0.0,4.07
7,6,5,0.0,0.0,4.399166666666667
8,6,5,7.9,6.17,4.142083333333333
9,6,5,0.0,0.0,4.142083333333333
10,6,5,0.0,6.93,3.945416666666667
11,6,5,2.21,9.96,3.678333333333334
12,6,5,3.55,4.7,3.7320833333333336
13,6,5,5.99,4.2,3.7808333333333337
14,6,5,5.37,9.98,3.497916666666667
15,6,5,3.19,2.11,3.5095833333333335
16,6,5,2.39,2.77,3.6820833333333334
17,6,5,6.91,4.48,3.64625
18,6,5,3.62,5.72,3.407916666666667
19,6,5,0.0,0.0,3.407916666666667
20,6,5,0.0,0.0,3.407916666666667
21,6,5,0.0,4.71,3.522500000000001
22,6,5,7.46,4.38,3.46875
23,6,5,3.09,5.92,3.313333333333333
0,7,6,2.19,6.8100000000000005,3.335416666666667
1,7,6,7.34,3.48,3.3237500000000004
2,7,6,3.2,3.7,3.1695833333333336
3,7,6,0.0,4.58,3.1425000000000005
4,7,6,3.93,2.84,3.0241666666666673
5,7,6,0.0,4.24,3.020416666666667
6,7,6,4.15,0.0,3.1695833333333336
7,7,6,3.58,7.9,2.8404166666666666
8,7,6,0.0,0.0,2.8404166666666666
9,7,6,0.0,0.0,3.0275000000000003
10,7,6,4.49,2.21,2.9354166666666672
11,7,6,0.0,3.55,3.11125
12,7,6,7.77,5.99,2.861666666666667
13,7,6,0.0,5.37,2.9483333333333337
14,7,6,7.45,3.19,3.1012500000000003
15,7,6,6.859999999999999,2.39,3.001666666666667
16,7,6,0.0,6.91,2.7137500000000006
17,7,6,0.0,3.62,2.6541666666666672
18,7,6,2.19,0.0,2.919166666666667
19,7,6,6.36,0.0,3.1062500000000006
20,7,6,4.49,0.0,3.1062500000000006
21,7,6,0.0,7.46,2.9295833333333334
22,7,6,3.22,3.09,3.0241666666666673
23,7,6,5.36,2.19,3.1112500000000005
0,8,0,4.28,7.34,2.8054166666666673
1,8,0,0.0,3.2,2.6720833333333336
2,8,0,0.0,0.0,2.9387500000000006
3,8,0,6.4,3.93,3.1062499999999997
4,8,0,7.95,0.0,3.2262500000000003
5,8,0,2.88,4.15,3.053333333333334
6,8,0,0.0,3.58,3.0900000000000003
7,8,0,4.46,0.0,3.0900000000000003
8,8,0,0.0,0.0,3.5154166666666673
9,8,0,10.21,4.49,3.3283333333333336
10,8,0,0.0,0.0,3.3283333333333336
11,8,0,0.0,7.77,3.004583333333334
12,8,0,0.0,0.0,3.4250000000000003
13,8,0,10.09,7.45,3.235
14,8,0,2.89,6.859999999999999,3.235833333333334
15,8,0,6.88,0.0,3.3991666666666673
16,8,0,3.92,0.0,3.643333333333333
17,8,0,5.859999999999999,2.19,3.6804166666666673
18,8,0,3.08,6.36,3.6020833333333333
19,8,0,4.48,4.49,3.5958333333333337
20,8,0,4.34,0.0,3.775416666666667
21,8,0,4.31,3.22,3.792083333333334
22,8,0,3.62,5.36,3.7416666666666667
23,8,0,4.15,4.28,3.563333333333334
0,9,1,0.0,0.0,3.6870833333333337
1,9,1,2.97,0.0,3.6870833333333337
2,9,1,0.0,6.4,3.4204166666666667
3,9,1,0.0,7.95,3.2433333333333336
4,9,1,3.7,2.88,3.1233333333333335
5,9,1,0.0,0.0,3.224583333333334
6,9,1,2.43,4.46,3.3825000000000003
7,9,1,8.25,0.0,3.47
8,9,1,2.1,10.21,3.3562500000000006
9,9,1,7.48,0.0,3.6408333333333336
10,9,1,6.83,0.0,3.8625000000000007
11,9,1,5.32,0.0,3.9670833333333335
12,9,1,2.51,10.09,3.7287500000000002
13,9,1,4.37,2.89,3.705
14,9,1,2.32,6.88,3.602083333333334
15,9,1,4.41,3.92,3.43875
16,9,1,0.0,5.859999999999999,3.3366666666666673
17,9,1,3.41,3.08,3.397083333333334
18,9,1,4.53,4.48,3.4066666666666667
19,9,1,4.71,4.34,3.2258333333333336
20,9,1,0.0,4.31,3.165833333333334
21,9,1,2.87,3.62,3.4966666666666675
22,9,1,11.56,4.15,3.525416666666667
23,9,1,4.84,0.0,3.525416666666667
0,10,2,0.0,2.97,3.5537500000000004
1,10,2,3.65,0.0,3.8054166666666673
2,10,2,6.04,0.0,4.105416666666667
3,10,2,7.199999999999999,3.7,4.0825000000000005
4,10,2,3.15,0.0,4.176666666666667
5,10,2,2.26,2.43,4.235416666666667
6,10,2,3.84,8.25,4.227916666666667
7,10,2,8.07,2.1,4.451666666666667
8,10,2,7.470000000000001,7.48,4.140000000000001
9,10,2,0.0,6.83,3.8554166666666667
10,10,2,0.0,5.32,3.789166666666667
11,10,2,3.73,2.51,3.8295833333333333
12,10,2,3.48,4.37,3.8212500000000005
13,10,2,4.17,2.32,3.9154166666666668
14,10,2,4.58,4.41,3.847916666666667
15,10,2,2.79,0.0,3.847916666666667
16,10,2,0.0,3.41,4.015000000000001
17,10,2,7.42,4.53,3.8262500000000004
18,10,2,0.0,4.71,3.7862500000000003
19,10,2,3.75,0.0,3.877916666666667
20,10,2,2.2,2.87,3.9175000000000004
21,10,2,3.82,11.56,3.6650000000000005
22,10,2,5.5,4.84,3.661666666666667
23,10,2,4.76,0.0,3.661666666666667
0,11,3,0.0,3.65,3.700416666666667
1,11,3,4.58,6.04,3.766666666666667
2,11,3,7.63,7.199999999999999,3.6179166666666673
3,11,3,3.63,3.15,3.486666666666667
4,11,3,0.0,2.26,3.702916666666667
5,11,3,7.449999999999999,3.84,3.5429166666666667
6,11,3,0.0,8.07,3.206666666666667
7,11,3,0.0,7.470000000000001,3.036666666666667
8,11,3,3.39,0.0,3.0366666666666666
9,11,3,0.0,0.0,3.124166666666667
10,11,3,2.1,3.73,3.087916666666667
11,11,3,2.86,3.48,3.0970833333333334
12,11,3,3.7,4.17,3.075416666666667
13,11,3,3.65,4.58,2.8845833333333335
14,11,3,0.0,2.79,2.9499999999999997
15,11,3,4.36,0.0,3.068750000000001
16,11,3,2.85,7.42,2.8633333333333337
17,11,3,2.49,0.0,2.8633333333333337
18,11,3,0.0,3.75,2.9679166666666674
19,11,3,6.26,2.2,3.0562500000000004
20,11,3,4.32,3.82,2.8970833333333332
21,11,3,0.0,5.5,2.6679166666666667
22,11,3,0.0,4.76,2.599583333333334
23,11,3,3.12,0.0,2.7891666666666666
0,12,4,4.55,4.58,2.5983333333333336
1,12,4,0.0,7.63,2.5175000000000005
2,12,4,5.69,3.63,2.4637500000000006
3,12,4,2.34,0.0,2.580416666666667
4,12,4,2.8,7.449999999999999,2.3983333333333334
5,12,4,3.08,0.0,2.4858333333333333
6,12,4,2.1,0.0,2.599583333333334
7,12,4,2.73,3.39,2.6183333333333336
8,12,4,3.84,0.0,2.9387500000000006
9,12,4,7.689999999999999,2.1,2.8512500000000003
10,12,4,0.0,2.86,3.0025
11,12,4,6.49,3.7,2.848333333333334
12,12,4,0.0,3.65,3.2591666666666668
13,12,4,13.51,0.0,3.438333333333334
14,12,4,4.3,4.36,3.624166666666667
15,12,4,8.82,2.85,3.783333333333333
16,12,4,6.67,2.49,3.6795833333333334
17,12,4,0.0,0.0,3.6795833333333334
18,12,4,0.0,6.26,3.705416666666667
19,12,4,6.880000000000001,4.32,3.8983333333333334
20,12,4,8.95,0.0,3.8983333333333334
21,12,4,0.0,0.0,3.8983333333333334
22,12,4,0.0,3.12,3.768333333333333
23,12,4,0.0,4.55,3.57875
0,13,5,0.0,0.0,3.9820833333333336
1,13,5,9.68,5.69,3.9008333333333334
2,13,5,3.74,2.34,4.430416666666667
3,13,5,15.05,2.8,4.846666666666667
4,13,5,12.79,3.08,4.8116666666666665
5,13,5,2.24,2.1,4.724166666666666
6,13,5,0.0,2.73,4.610416666666667
7,13,5,0.0,3.84,4.4504166666666665
8,13,5,0.0,7.689999999999999,4.485416666666667
9,13,5,8.53,0.0,4.88375
10,13,5,9.56,6.49,4.613333333333334
11,13,5,0.0,0.0,4.613333333333334
12,13,5,0.0,13.51,4.050416666666667
13,13,5,0.0,4.3,4.194583333333334
14,13,5,7.76,8.82,3.827083333333334
15,13,5,0.0,6.67,3.549166666666667
16,13,5,0.0,0.0,3.75
17,13,5,4.82,0.0,3.92125
18,13,5,4.109999999999999,6.880000000000001,3.939166666666667
19,13,5,7.31,8.95,3.56625
20,13,5,0.0,0.0,3.56625
21,13,5,0.0,0.0,3.56625
22,13,5,0.0,0.0,3.56625
23,13,5,0.0,0.0,3.74875
0,14,6,4.38,9.68,3.7762500000000006
1,14,6,10.34,3.74,3.620416666666667
2,14,6,0.0,15.05,3.6391666666666667
3,14,6,15.5,12.79,3.2641666666666675
4,14,6,3.79,2.24,3.3383333333333334
5,14,6,4.02,0.0,3.48625
6,14,6,3.55,0.0,3.6508333333333334
7,14,6,3.95,0.0,3.6508333333333334
8,14,6,0.0,8.53,3.4258333333333333
9,14,6,3.13,9.56,3.0275
10,14,6,0.0,0.0,3.0275
11,14,6,0.0,0.0,3.1374999999999997
12,14,6,2.64,0.0,3.255833333333334
13,14,6,2.84,7.76,3.231666666666667
14,14,6,7.180000000000001,0.0,3.231666666666667
15,14,6,0.0,0.0,3.231666666666667
16,14,6,0.0,4.82,3.0308333333333333
17,14,6,0.0,4.109999999999999,2.9975
18,14,6,3.31,7.31,2.83625
19,14,6,3.44,0.0,2.9829166666666675
20,14,6,3.52,0.0,3.2491666666666674
21,14,6,6.39,0.0,3.354583333333334
22,14,6,2.53,0.0,3.446666666666667
23,14,6,2.21,4.38,3.4175000000000004
0,15,0,3.68,10.34,3.2641666666666667
1,15,0,6.66,0.0,3.5895833333333336
2,15,0,7.81,15.5,3.564583333333333
3,15,0,14.9,3.79,3.4066666666666667
4,15,0,0.0,4.02,3.7487500000000007
5,15,0,12.23,3.55,3.600833333333334
6,15,0,0.0,3.95,3.63125
7,15,0,4.68,0.0,3.7329166666666675
8,15,0,2.44,3.13,3.9141666666666666
9,15,0,7.48,0.0,3.9141666666666666
10,15,0,0.0,0.0,3.9141666666666666
11,15,0,0.0,2.64,3.9479166666666665
12,15,0,3.45,2.84,3.829583333333334
13,15,0,0.0,7.180000000000001,3.7116666666666673
14,15,0,4.35,0.0,3.7116666666666673
15,15,0,0.0,0.0,3.891666666666667
16,15,0,4.32,0.0,4.082916666666667
17,15,0,4.59,3.31,4.531666666666667
18,15,0,14.08,3.44,4.565833333333334
19,15,0,4.26,3.52,4.766666666666667
20,15,0,8.34,6.39,4.620833333333334
21,15,0,2.89,2.53,4.515416666666667
22,15,0,0.0,2.21,4.507083333333334
23,15,0,2.01,3.68,4.49375
0,16,1,3.36,6.66,4.403333333333333
1,16,1,4.49,7.81,4.267083333333334
2,16,1,4.54,14.9,3.776666666666667
3,16,1,3.13,0.0,3.9725
4,16,1,4.7,12.23,3.462916666666667
5,16,1,0.0,0.0,3.740416666666667
6,16,1,6.66,4.68,3.7429166666666673
7,16,1,4.74,2.44,4.149583333333333
8,16,1,12.2,7.48,3.9333333333333336
9,16,1,2.29,0.0,4.26125
10,16,1,7.870000000000001,0.0,4.4454166666666675
11,16,1,4.42,3.45,4.457916666666667
12,16,1,3.75,0.0,4.619166666666667
13,16,1,3.87,4.35,4.772083333333334
14,16,1,8.02,0.0,4.969166666666667
15,16,1,4.73,4.32,4.789166666666667
16,16,1,0.0,4.59,4.597916666666667
17,16,1,0.0,14.08,4.324166666666668
18,16,1,7.51,4.26,4.146666666666667
19,16,1,0.0,8.34,4.065
20,16,1,6.38,2.89,4.183333333333334
21,16,1,5.73,0.0,4.183333333333334
22,16,1,0.0,2.01,4.661666666666668
23,16,1,13.49,3.36,4.521666666666667
0,17,2,0.0,4.49,4.434583333333333
1,17,2,2.4,4.54,4.529166666666668
2,17,2,6.8100000000000005,3.13,4.398750000000001
3,17,2,0.0,4.7,4.379166666666667
4,17,2,4.23,0.0,4.546666666666667
5,17,2,4.02,6.66,4.530833333333334
6,17,2,6.28,4.74,4.496666666666667
7,17,2,3.92,12.2,3.9883333333333337
8,17,2,0.0,2.29,4.0925
9,17,2,4.79,7.870000000000001,3.945416666666667
10,17,2,4.34,4.42,3.9150000000000005
11,17,2,3.69,3.75,4.277916666666667
12,17,2,12.46,3.87,4.3445833333333335
13,17,2,5.470000000000001,8.02,4.258333333333334
14,17,2,5.949999999999999,4.73,4.620416666666667
15,17,2,13.42,0.0,4.760000000000001
16,17,2,3.35,0.0,4.855833333333334
17,17,2,2.3,7.51,4.910416666666667
18,17,2,8.82,0.0,5.050833333333334
19,17,2,3.37,6.38,5.184583333333333
20,17,2,9.59,5.73,4.945833333333334
21,17,2,0.0,0.0,4.945833333333334
22,17,2,0.0,13.49,4.5575
23,17,2,4.17,0.0,4.5575
0,18,3,0.0,2.4,4.4575000000000005
1,18,3,0.0,6.8100000000000005,4.295416666666667
2,18,3,2.92,0.0,4.295416666666667
3,18,3,0.0,4.23,4.1191666666666675
4,18,3,0.0,4.02,4.1225
5,18,3,4.1,6.28,3.986666666666667
6,18,3,3.02,3.92,4.173750000000001
7,18,3,8.41,0.0,4.173750000000001
8,18,3,0.0,4.79,4.1241666666666665
9,18,3,3.6,4.34,4.115
10,18,3,4.12,3.69,4.30875
11,18,3,8.34,12.46,3.907083333333334
12,18,3,2.82,5.470000000000001,3.77125
13,18,3,2.21,5.949999999999999,3.6545833333333335
14,18,3,3.15,13.42,3.276666666666667
15,18,3,4.35,3.35,3.2466666666666675
16,18,3,2.63,2.3,3.3029166666666665
17,18,3,3.65,8.82,2.935416666666667
18,18,3,0.0,3.37,3.1325000000000003
19,18,3,8.1,9.59,2.86125
20,18,3,3.08,0.0,3.0312500000000004
21,18,3,4.08,0.0,3.03125
22,18,3,0.0,4.17,2.987916666666667
23,18,3,3.13,0.0,3.474166666666667
0,19,4,11.67,0.0,3.7950000000000004
1,19,4,7.7,2.92,3.997916666666667
2,19,4,7.79,0.0,4.175416666666667
3,19,4,4.26,0.0,4.175416666666667
4,19,4,0.0,4.1,4.359583333333333
5,19,4,8.52,3.02,4.23375
6,19,4,0.0,8.41,4.0254166666666675
7,19,4,3.41,0.0,4.420416666666667
8,19,4,9.48,3.6,4.902916666666667
9,19,4,15.18,4.12,4.73125
10,19,4,0.0,8.34,4.38375
11,19,4,0.0,2.82,4.26625
12,19,4,0.0,2.21,4.454583333333333
13,19,4,6.73,3.15,4.5200000000000005
14,19,4,4.72,4.35,4.448333333333333
15,19,4,2.63,2.63,4.727083333333334
16,19,4,9.32,3.65,4.666666666666667
17,19,4,2.2,0.0,4.809583333333333
18,19,4,3.43,8.1,4.7283333333333335
19,19,4,6.15,3.08,4.6000000000000005
20,19,4,0.0,4.08,4.54
21,19,4,2.64,0.0,4.687500000000001
22,19,4,3.54,3.13,4.557083333333334
23,19,4,0.0,11.67,4.5445833333333345
0,20,5,11.37,7.7,4.575416666666667
1,20,5,8.44,7.79,4.2508333333333335
2,20,5,0.0,4.26,4.340416666666667
3,20,5,6.41,0.0,4.626250000000001
4,20,5,6.86,8.52,4.27125
5,20,5,0.0,0.0,4.359583333333334
6,20,5,2.12,3.41,4.2175
7,20,5,0.0,9.48,4.045
8,20,5,5.34,15.18,3.4125
9,20,5,0.0,0.0,3.4125
10,20,5,0.0,0.0,3.8229166666666674
11,20,5,9.85,0.0,4.047083333333334
12,20,5,5.38,6.73,3.9495833333333334
13,20,5,4.39,4.72,4.046666666666667
14,20,5,7.05,2.63,4.020833333333334
15,20,5,2.01,9.32,3.8841666666666668
16,20,5,6.04,2.2,3.935
17,20,5,3.42,3.43,3.7920833333333337
18,20,5,0.0,6.15,3.6958333333333333
19,20,5,3.84,0.0,3.848333333333333
20,20,5,3.66,2.64,3.7383333333333333
21,20,5,0.0,3.54,3.940416666666667
22,20,5,8.39,0.0,4.150833333333334
23,20,5,5.05,11.37,3.6770833333333335
0,21,6,0.0,8.44,3.6583333333333337
1,21,6,7.99,0.0,3.815416666666667
2,21,6,3.77,6.41,3.548333333333334
3,21,6,0.0,6.86,3.5466666666666673
4,21,6,6.82,0.0,3.7016666666666675
5,21,6,3.72,2.12,4.08375
6,21,6,11.29,0.0,4.1691666666666665
7,21,6,2.05,5.34,4.056666666666667
8,21,6,2.64,0.0,4.056666666666667
9,21,6,0.0,0.0,4.056666666666667
10,21,6,0.0,9.85,3.7800000000000007
11,21,6,3.21,5.38,3.9445833333333336
12,21,6,9.33,4.39,4.806666666666667
13,21,6,25.08,7.05,4.640833333333333
14,21,6,3.07,2.01,4.557083333333334
15,21,6,0.0,6.04,4.423333333333334
16,21,6,2.83,3.42,4.280833333333334
17,21,6,0.0,0.0,4.610833333333333
18,21,6,7.92,3.84,4.7995833333333335
19,21,6,8.370000000000001,3.66,4.965833333333333
20,21,6,7.65,0.0,5.309166666666667
21,21,6,8.24,8.39,5.0512500000000005
22,21,6,2.2,5.05,4.840833333333333
23,21,6,0.0,0.0,4.840833333333333
0,22,0,0.0,7.99,4.6433333333333335
1,22,0,3.25,3.77,4.48625
2,22,0,0.0,0.0,4.721666666666667
3,22,0,5.65,6.82,4.437500000000001
4,22,0,0.0,3.72,4.522916666666667
5,22,0,5.77,11.29,4.0525
6,22,0,0.0,2.05,4.2941666666666665
7,22,0,7.85,2.64,4.5095833333333335
8,22,0,7.81,0.0,4.5095833333333335
9,22,0,0.0,0.0,4.648750000000001
10,22,0,3.34,3.21,4.662083333333334
11,22,0,3.53,9.33,4.273333333333333
12,22,0,0.0,25.08,3.6425000000000005
13,22,0,9.94,3.07,3.9045833333333335
14,22,0,9.36,0.0,4.0600000000000005
15,22,0,3.73,2.83,4.202500000000001
16,22,0,6.25,0.0,4.202500000000001
17,22,0,0.0,7.92,3.8725000000000005
18,22,0,0.0,8.370000000000001,3.52375
19,22,0,0.0,7.65,3.2050000000000005
20,22,0,0.0,8.24,2.861666666666667
21,22,0,0.0,2.2,2.77
22,22,0,0.0,0.0,2.9004166666666666
23,22,0,3.13,0.0,3.04875
0,23,1,3.56,3.25,3.184583333333333
1,23,1,6.51,0.0,3.296666666666667
2,23,1,2.69,5.65,3.3320833333333333
3,23,1,6.5,0.0,3.4479166666666665
4,23,1,2.78,5.77,3.4975000000000005
5,23,1,6.96,0.0,3.7433333333333336
6,23,1,5.9,7.85,3.689166666666667
7,23,1,6.55,7.81,3.605
8,23,1,5.79,0.0,3.605
9,23,1,0.0,3.34,3.4658333333333338
10,23,1,0.0,3.53,3.799583333333334
11,23,1,11.54,0.0,4.084166666666667
12,23,1,6.83,9.94,3.6700000000000004
13,23,1,0.0,9.36,3.5100000000000002
14,23,1,5.52,3.73,3.727916666666667
15,23,1,8.96,6.25,3.6354166666666674
16,23,1,4.03,0.0,3.6354166666666674
17,23,1,0.0,0.0,3.6354166666666674
18,23,1,0.0,0.0,3.6354166666666674
19,23,1,0.0,0.0,3.6354166666666674
20,23,1,0.0,0.0,3.9820833333333336
21,23,1,8.32,0.0,4.25125
22,23,1,6.459999999999999,3.13,4.248333333333334
23,23,1,3.06,3.56,4.2058333333333335
0,24,2,2.54,6.51,4.229166666666667
1,24,2,7.07,2.69,4.117083333333333
2,24,2,0.0,6.5,3.84625
3,24,2,0.0,2.78,4.204583333333334
4,24,2,11.38,6.96,4.207916666666667
5,24,2,7.039999999999999,5.9,4.055833333333333
6,24,2,2.25,6.55,3.8716666666666666
7,24,2,2.13,5.79,3.8166666666666664
8,24,2,4.47,0.0,3.904166666666667
9,24,2,2.1,0.0,3.904166666666667
10,24,2,0.0,11.54,3.612083333333334
11,24,2,4.53,6.83,3.3275000000000006
12,24,2,0.0,0.0,3.609166666666667
13,24,2,6.76,5.52,3.6975
14,24,2,7.64,8.96,4.183333333333334
15,24,2,20.62,4.03,4.1954166666666675
16,24,2,4.32,0.0,4.5183333333333335
17,24,2,7.75,0.0,4.8516666666666675
18,24,2,8.0,0.0,4.8516666666666675
19,24,2,0.0,0.0,4.95875
20,24,2,2.57,8.32,4.6120833333333335
21,24,2,0.0,6.459999999999999,4.3429166666666665
22,24,2,0.0,3.06,4.315
23,24,2,2.39,2.54,4.510416666666667
0,25,3,7.23,7.07,4.215833333333333
1,25,3,0.0,0.0,4.215833333333333
2,25,3,0.0,0.0,4.404583333333334
3,25,3,4.53,11.38,4.215000000000001
4,25,3,6.83,7.039999999999999,3.921666666666667
5,25,3,0.0,2.25,4.195833333333334
6,25,3,8.83,2.13,4.107083333333334
7,25,3,0.0,4.47,3.920833333333334
8,25,3,0.0,2.1,3.9754166666666673
9,25,3,3.41,0.0,4.192916666666667
10,25,3,5.22,4.53,4.108333333333333
11,25,3,2.5,0.0,4.276666666666667
12,25,3,4.04,6.76,3.9950000000000006
13,25,3,0.0,7.64,3.676666666666667
14,25,3,0.0,20.62,3.1816666666666666
15,25,3,8.74,4.32,3.001666666666667
16,25,3,0.0,7.75,2.8200000000000003
17,25,3,3.39,8.0,2.4866666666666672
18,25,3,0.0,0.0,2.640416666666667
19,25,3,3.69,2.57,2.5333333333333337
20,25,3,0.0,0.0,2.5333333333333337
21,25,3,0.0,0.0,2.5333333333333337
22,25,3,0.0,2.39,2.4337500000000003
23,25,3,0.0,7.23,2.265
0,26,4,3.18,0.0,2.265
1,26,4,0.0,0.0,2.265
2,26,4,0.0,4.53,2.0762500000000004
3,26,4,0.0,6.83,1.791666666666667
4,26,4,0.0,0.0,2.2858333333333336
5,26,4,11.86,8.83,2.3945833333333337
6,26,4,11.44,0.0,2.620416666666667
7,26,4,5.42,0.0,2.620416666666667
8,26,4,0.0,3.41,2.56875
9,26,4,2.17,5.22,2.3512500000000003
10,26,4,0.0,2.5,2.4045833333333335
11,26,4,3.78,4.04,2.5383333333333336
12,26,4,7.25,0.0,2.5383333333333336
13,26,4,0.0,0.0,2.690833333333334
14,26,4,3.66,8.74,2.6875
15,26,4,8.66,0.0,3.0525
16,26,4,8.76,3.39,3.1320833333333336
17,26,4,5.3,0.0,3.1320833333333336
18,26,4,0.0,3.69,3.139583333333334
19,26,4,3.87,0.0,3.37875
20,26,4,5.74,0.0,3.37875
21,26,4,0.0,0.0,3.6666666666666665
22,26,4,6.91,0.0,4.0945833333333335
23,26,4,10.27,3.18,4.154166666666667
0,27,5,4.61,0.0,4.29625
1,27,5,3.41,0.0,4.29625
2,27,5,0.0,0.0,4.395833333333333
3,27,5,2.39,0.0,4.51875
4,27,5,2.95,11.86,4.024583333333333
5,27,5,0.0,11.44,3.547916666666667
6,27,5,0.0,5.42,3.4975000000000005
7,27,5,4.21,0.0,3.58375
8,27,5,2.07,2.17,3.493333333333334
9,27,5,0.0,0.0,3.493333333333334
10,27,5,0.0,3.78,3.335833333333334
11,27,5,0.0,7.25,3.033750000000001
12,27,5,0.0,0.0,3.207500000000001
13,27,5,4.17,3.66,3.4100000000000006
14,27,5,8.52,8.66,3.049166666666667
15,27,5,0.0,8.76,3.052916666666667
16,27,5,8.85,5.3,3.0254166666666666
17,27,5,4.64,0.0,3.248333333333333
18,27,5,5.35,3.87,3.0870833333333336
19,27,5,0.0,5.74,2.94875
20,27,5,2.42,0.0,2.94875
21,27,5,0.0,6.91,2.6608333333333336
22,27,5,0.0,10.27,2.5175000000000005
23,27,5,6.83,4.61,2.325416666666667
0,28,6,0.0,3.41,2.341666666666667
1,28,6,3.8,0.0,2.341666666666667
2,28,6,0.0,2.39,2.3529166666666668
3,28,6,2.66,2.95,2.398333333333334
4,28,6,4.04,0.0,2.5533333333333337
5,28,6,3.72,0.0,3.035416666666667
6,28,6,11.57,4.21,2.86
7,28,6,0.0,2.07,2.77375
8,28,6,0.0,0.0,2.9950000000000006
9,28,6,5.3100000000000005,0.0,2.9950000000000006
10,28,6,0.0,0.0,2.9950000000000006
11,28,6,0.0,0.0,2.9950000000000006
12,28,6,0.0,4.17,3.3645833333333335
13,28,6,13.04,8.52,3.5262500000000006
14,28,6,12.4,0.0,4.013333333333334
15,28,6,11.69,8.85,3.7825
16,28,6,3.31,4.64,3.688333333333333
17,28,6,2.38,5.35,3.4654166666666666
18,28,6,0.0,0.0,3.9500000000000006
19,28,6,11.63,2.42,4.2375
20,28,6,9.32,0.0,4.2375
21,28,6,0.0,0.0,4.2375
22,28,6,0.0,6.83,4.037916666666667
23,28,6,2.04,0.0,4.404583333333334
0,29,0,8.8,3.8,4.435416666666668
1,29,0,4.54,0.0,4.435416666666668
2,29,0,0.0,2.66,4.545833333333333
3,29,0,5.3100000000000005,4.04,4.675416666666667
4,29,0,7.15,3.72,4.7475000000000005
5,29,0,5.449999999999999,11.57,4.408333333333333
6,29,0,3.43,0.0,4.408333333333334
7,29,0,0.0,0.0,4.507083333333334
8,29,0,2.37,5.3100000000000005,4.38375
9,29,0,2.35,0.0,4.65875
10,29,0,6.6,0.0,4.808750000000001
11,29,0,3.6,0.0,5.18125
12,29,0,8.94,13.04,4.816666666666667
13,29,0,4.29,12.4,4.947500000000001
14,29,0,15.54,11.69,4.5495833333333335
15,29,0,2.14,3.31,4.411666666666667
16,29,0,0.0,2.38,4.3125
17,29,0,0.0,0.0,4.3125
18,29,0,0.0,11.63,3.827916666666667
19,29,0,0.0,9.32,3.75625
20,29,0,7.6,0.0,4.086250000000001
21,29,0,7.92,0.0,4.417916666666667
22,29,0,7.960000000000001,2.04,4.486666666666667
23,29,0,3.69,8.8,4.431666666666667
0,30,1,7.48,4.54,4.5079166666666675
1,30,1,6.37,0.0,4.5079166666666675
2,30,1,0.0,5.3100000000000005,4.286666666666667
3,30,1,0.0,7.15,4.154583333333334
4,30,1,3.98,5.449999999999999,4.330416666666667
5,30,1,9.67,3.43,4.32875
6,30,1,3.39,0.0,4.442916666666667
7,30,1,2.74,2.37,4.344166666666667
8,30,1,0.0,2.35,4.40625
9,30,1,3.84,6.6,4.382083333333334
10,30,1,6.02,3.6,4.650833333333334
11,30,1,10.05,8.94,4.4625
12,30,1,4.42,4.29,4.4325
13,30,1,3.57,15.54,4.15
14,30,1,8.76,2.14,4.385833333333333
15,30,1,7.8,0.0,4.385833333333333
16,30,1,0.0,0.0,4.670416666666667
17,30,1,6.83,0.0,4.670416666666667
18,30,1,0.0,0.0,4.852916666666667
19,30,1,4.38,7.6,4.736666666666667
20,30,1,4.8100000000000005,7.92,4.593333333333334
21,30,1,4.48,7.960000000000001,4.261666666666667
22,30,1,0.0,3.69,4.264166666666667
23,30,1,3.75,7.48,4.4225
0,31,2,11.28,6.37,4.1570833333333335
1,31,2,0.0,0.0,4.277083333333334
2,31,2,2.88,0.0,4.277083333333334
3,31,2,0.0,3.98,4.281250000000001
4,31,2,4.08,9.67,3.878333333333334
5,31,2,0.0,3.39,4.055000000000001
6,31,2,7.630000000000001,2.74,3.940833333333334
7,31,2,0.0,0.0,4.090416666666667
8,31,2,3.59,3.84,3.9304166666666673
9,31,2,0.0,6.02,3.9825000000000004
10,31,2,7.27,10.05,3.8674999999999997
11,31,2,7.29,4.42,3.820416666666667
12,31,2,3.29,3.57,3.671666666666667
13,31,2,0.0,8.76,3.4320833333333343
14,31,2,3.01,7.8,3.370416666666667
15,31,2,6.32,0.0,3.370416666666667
16,31,2,0.0,6.83,3.0858333333333334
17,31,2,0.0,0.0,3.237916666666667
18,31,2,3.65,4.38,3.176666666666667
19,31,2,2.91,4.8100000000000005,3.106666666666667
20,31,2,3.13,4.48,3.1808333333333336
21,31,2,6.26,0.0,3.365416666666667
22,31,2,4.43,3.75,3.209166666666667
23,31,2,0.0,11.28,2.739166666666667
0,1,3,0.0,0.0,2.969583333333333
1,1,3,5.53,2.88,3.0150000000000006
2,1,3,3.97,0.0,3.1704166666666667
3,1,3,3.73,4.08,3.0004166666666667
4,1,3,0.0,0.0,3.0004166666666667
5,1,3,0.0,7.630000000000001,2.802083333333334
6,1,3,2.87,0.0,2.9054166666666674
7,1,3,2.48,3.59,2.755833333333334
8,1,3,0.0,0.0,3.27375
9,1,3,12.43,7.27,3.0691666666666673
10,1,3,2.36,7.29,2.9220833333333336
11,1,3,3.76,3.29,3.1029166666666668
12,1,3,7.63,0.0,3.19875
13,1,3,2.3,3.01,3.0733333333333337
14,1,3,0.0,6.32,2.81
15,1,3,0.0,0.0,2.81
16,1,3,0.0,0.0,3.127083333333333
17,1,3,7.609999999999999,3.65,3.1058333333333334
18,1,3,3.14,2.91,3.1704166666666667
19,1,3,4.46,3.13,3.0400000000000005
20,1,3,0.0,6.26,2.7791666666666672
21,1,3,0.0,4.43,2.7458333333333336
22,1,3,3.63,0.0,3.0470833333333336
23,1,3,7.23,0.0,3.442916666666667
0,2,4,9.5,5.53,3.3212500000000005
1,2,4,2.61,3.97,3.4333333333333336
2,2,4,6.66,3.73,3.2779166666666666
3,2,4,0.0,0.0,3.611666666666667
4,2,4,8.01,0.0,3.7025
5,2,4,2.18,2.87,4.232916666666667
6,2,4,15.6,2.48,4.295833333333333
7,2,4,3.99,0.0,4.857083333333334
8,2,4,13.47,12.43,4.55
9,2,4,5.0600000000000005,2.36,4.622083333333333
10,2,4,4.09,3.76,4.465416666666667
11,2,4,0.0,7.63,4.238333333333333
12,2,4,2.18,2.3,4.1425
13,2,4,0.0,0.0,4.50875
14,2,4,8.79,0.0,4.8116666666666665
15,2,4,7.27,0.0,4.8116666666666665
16,2,4,0.0,7.609999999999999,4.6937500000000005
17,2,4,4.78,3.14,4.6570833333333335
18,2,4,2.26,4.46,4.47125
19,2,4,0.0,0.0,4.725833333333333
20,2,4,6.109999999999999,0.0,4.8425
21,2,4,2.8,3.63,4.69125
22,2,4,0.0,7.23,4.390000000000001
23,2,4,0.0,9.5,3.994166666666667
0,3,5,0.0,2.61,4.064583333333334
1,3,5,4.3,6.66,3.9341666666666675
2,3,5,3.53,0.0,4.285416666666667
3,3,5,8.43,8.01,4.132083333333333
4,3,5,4.33,2.18,4.04125
5,3,5,0.0,15.6,3.5820833333333333
6,3,5,4.58,3.99,3.5887500000000006
7,3,5,4.15,13.47,3.1529166666666666
8,3,5,3.01,5.0600000000000005,3.234166666666667
9,3,5,7.01,4.09,3.204583333333334
10,3,5,3.38,0.0,3.204583333333334
11,3,5,0.0,2.18,3.4008333333333334
12,3,5,6.890000000000001,0.0,3.70125
13,3,5,7.21,8.79,3.3350000000000004
14,3,5,0.0,7.27,3.190416666666667
15,3,5,3.8,0.0,3.2941666666666674
16,3,5,2.49,4.78,3.392916666666667
17,3,5,7.15,2.26,3.7587500000000005
18,3,5,11.04,0.0,4.0125
19,3,5,6.09,6.109999999999999,4.020833333333333
20,3,5,6.3100000000000005,2.8,4.209583333333334
21,3,5,7.33,0.0,4.392083333333334
22,3,5,4.38,0.0,4.54375
23,3,5,3.64,0.0,4.892083333333334
0,4,6,8.36,4.3,4.963333333333334
1,4,6,6.01,3.53,5.318333333333334
2,4,6,12.05,8.43,5.090416666666667
3,4,6,2.96,4.33,5.077083333333333
4,4,6,4.01,0.0,5.454166666666667
5,4,6,9.05,4.58,5.263333333333334
6,4,6,0.0,4.15,5.090416666666667
7,4,6,0.0,3.01,5.287916666666667
8,4,6,7.75,7.01,4.995833333333334
9,4,6,0.0,3.38,4.993333333333333
10,4,6,3.32,0.0,4.993333333333333
11,4,6,0.0,6.890000000000001,4.70625
12,4,6,0.0,7.21,4.528333333333333
13,4,6,2.94,0.0,4.528333333333333
14,4,6,0.0,3.8,4.37
15,4,6,0.0,2.49,4.383333333333334
16,4,6,2.81,7.15,4.085416666666666
17,4,6,0.0,11.04,3.8883333333333336
18,4,6,6.3100000000000005,6.09,3.7920833333333337
19,4,6,3.78,6.3100000000000005,3.767916666666667
20,4,6,5.73,7.33,3.801666666666667
21,4,6,8.14,4.38,3.619166666666667
22,4,6,0.0,3.64,3.572083333333334
23,4,6,2.51,8.36,3.519166666666667
0,5,0,7.09,6.01,3.2687500000000003
1,5,0,0.0,12.05,2.8754166666666667
2,5,0,2.61,2.96,2.752083333333333
3,5,0,0.0,4.01,2.5850000000000004
4,5,0,0.0,9.05,2.3312500000000003
5,5,0,2.96,0.0,2.669166666666667
6,5,0,8.11,0.0,2.8545833333333337
7,5,0,4.45,7.75,2.5316666666666667
8,5,0,0.0,0.0,2.8537500000000002
9,5,0,7.73,3.32,3.1270833333333337
10,5,0,9.88,0.0,3.4162500000000002
11,5,0,6.94,0.0,3.7462500000000003
12,5,0,7.92,2.94,4.495833333333334
13,5,0,20.93,0.0,4.495833333333334
14,5,0,0.0,0.0,4.867916666666667
15,5,0,8.93,2.81,4.90125
16,5,0,3.61,0.0,4.985833333333334
17,5,0,2.03,6.3100000000000005,4.817916666666667
18,5,0,2.28,3.78,4.826666666666667
19,5,0,3.99,5.73,4.763750000000001
20,5,0,4.22,8.14,4.4245833333333335
21,5,0,0.0,0.0,4.715833333333333
22,5,0,6.99,2.51,4.61125
23,5,0,0.0,7.09,4.482500000000001
0,6,1,4.0,0.0,4.608750000000001
1,6,1,3.03,2.61,4.500000000000001
2,6,1,0.0,0.0,4.665
3,6,1,3.96,0.0,4.810833333333334
4,6,1,3.5,2.96,4.822500000000001
5,6,1,3.24,8.11,4.660833333333334
6,6,1,4.23,4.45,4.475416666666667
7,6,1,0.0,0.0,4.475416666666667
8,6,1,0.0,7.73,4.153333333333333
9,6,1,0.0,9.88,3.8845833333333335
10,6,1,3.43,6.94,3.762916666666667
11,6,1,4.02,7.92,3.594583333333333
12,6,1,3.88,20.93,2.8083333333333336
13,6,1,2.06,0.0,3.125833333333334
14,6,1,7.62,8.93,3.1875
15,6,1,10.41,3.61,3.0370833333333334
16,6,1,0.0,2.03,3.2158333333333338
17,6,1,6.32,2.28,3.525
18,6,1,9.7,3.99,3.3587500000000006
19,6,1,0.0,4.22,3.2800000000000007
20,6,1,2.33,0.0,3.400416666666667
21,6,1,2.89,6.99,3.2100000000000004
22,6,1,2.42,0.0,3.6666666666666674
23,6,1,10.96,4.0,3.599583333333334
0,7,2,2.39,3.03,3.725
1,7,2,6.04,0.0,3.879166666666667
2,7,2,3.7,3.96,3.714166666666667
3,7,2,0.0,3.5,3.7520833333333337
4,7,2,4.41,3.24,3.617083333333334
5,7,2,0.0,4.23,3.6308333333333334
6,7,2,4.56,0.0,3.9737500000000003
7,7,2,8.23,0.0,4.4383333333333335
8,7,2,11.15,0.0,4.4383333333333335
9,7,2,0.0,3.43,4.295416666666667
10,7,2,0.0,4.02,4.442916666666667
11,7,2,7.56,3.88,4.426666666666667
12,7,2,3.49,2.06,4.340833333333333
13,7,2,0.0,7.62,4.205416666666667
14,7,2,4.37,10.41,4.25875
15,7,2,11.69,0.0,4.517083333333334
16,7,2,6.2,6.32,4.514583333333333
17,7,2,6.26,9.7,4.554583333333333
18,7,2,10.66,0.0,4.554583333333333
19,7,2,0.0,2.33,4.822500000000001
20,7,2,8.76,2.89,4.845000000000001
21,7,2,3.43,2.42,4.955000000000001
22,7,2,5.0600000000000005,10.96,4.754166666666666
23,7,2,6.140000000000001,2.39,4.754166666666667
0,8,3,2.39,6.04,4.5025
1,8,3,0.0,3.7,4.497916666666667
2,8,3,3.59,0.0,4.645833333333333
3,8,3,3.55,4.41,4.462083333333333
4,8,3,0.0,0.0,4.654166666666668
5,8,3,4.61,4.56,4.464166666666667
6,8,3,0.0,8.23,4.12125
7,8,3,0.0,11.15,3.7445833333333343
8,8,3,2.11,0.0,3.7445833333333343
9,8,3,0.0,0.0,3.8745833333333337
10,8,3,3.12,7.56,3.7312500000000006
11,8,3,4.12,3.49,3.7325000000000004
12,8,3,3.52,0.0,3.7325000000000004
13,8,3,0.0,4.37,3.550416666666667
14,8,3,0.0,11.69,3.504166666666667
15,8,3,10.58,6.2,3.2458333333333336
16,8,3,0.0,6.26,3.1808333333333336
17,8,3,4.7,10.66,2.736666666666667
18,8,3,0.0,0.0,2.973333333333334
19,8,3,5.68,8.76,2.608333333333334
20,8,3,0.0,3.43,2.6287500000000006
21,8,3,3.92,5.0600000000000005,2.5291666666666672
22,8,3,2.67,6.140000000000001,2.273333333333334
23,8,3,0.0,2.39,2.1737500000000005
0,9,4,0.0,0.0,2.1737500000000005
1,9,4,0.0,3.59,2.0241666666666673
2,9,4,0.0,3.55,2.1616666666666666
3,9,4,6.85,0.0,2.2883333333333336
4,9,4,3.04,4.61,2.2145833333333336
5,9,4,2.84,0.0,2.38625
6,9,4,4.12,0.0,2.570416666666667
7,9,4,4.42,2.11,2.637916666666667
8,9,4,3.73,0.0,2.9975
9,9,4,8.629999999999999,3.12,3.015833333333333
10,9,4,3.56,4.12,3.1379166666666674
11,9,4,7.050000000000001,3.52,2.9912500000000004
12,9,4,0.0,0.0,3.140416666666667
13,9,4,3.58,0.0,3.2883333333333336
14,9,4,3.55,10.58,2.8475
15,9,4,0.0,0.0,2.8475
16,9,4,0.0,4.7,2.651666666666667
17,9,4,0.0,0.0,2.8054166666666673
18,9,4,3.69,5.68,2.56875
19,9,4,0.0,0.0,2.7725000000000004
20,9,4,4.890000000000001,3.92,2.8687500000000004
21,9,4,6.23,2.67,3.332916666666667
22,9,4,13.81,0.0,3.4595833333333332
23,9,4,3.04,0.0,3.660416666666667
0,10,5,4.82,0.0,3.7733333333333334
1,10,5,2.71,0.0,3.7733333333333334
2,10,5,0.0,6.85,3.487916666666667
3,10,5,0.0,3.04,3.36125
4,10,5,0.0,2.84,3.5920833333333335
5,10,5,8.379999999999999,4.12,3.597083333333334
6,10,5,4.24,4.42,3.6725000000000008
7,10,5,6.23,3.73,3.955416666666667
8,10,5,10.52,8.629999999999999,3.865
9,10,5,6.460000000000001,3.56,3.8816666666666673
10,10,5,3.96,7.050000000000001,3.6862500000000007
11,10,5,2.36,0.0,3.77125
12,10,5,2.04,3.58,3.7712500000000007
13,10,5,3.58,3.55,3.7291666666666674
14,10,5,2.54,0.0,3.7291666666666674
15,10,5,0.0,0.0,3.7291666666666674
16,10,5,0.0,0.0,3.8754166666666676
17,10,5,3.51,3.69,3.96875
18,10,5,5.93,0.0,3.96875
19,10,5,0.0,4.890000000000001,4.1554166666666665
20,10,5,9.37,6.23,3.9966666666666675
21,10,5,2.42,13.81,3.5629166666666667
22,10,5,3.4,3.04,3.63125
23,10,5,4.68,4.82,3.6558333333333337
0,11,6,5.41,2.71,3.657083333333334
1,11,6,2.74,0.0,3.771666666666667
2,11,6,2.75,0.0,3.9187499999999997
3,11,6,3.53,0.0,3.9187499999999997
4,11,6,0.0,8.379999999999999,3.5695833333333336
5,11,6,0.0,4.24,3.4991666666666674
6,11,6,2.55,6.23,3.422916666666667
7,11,6,4.4,10.52,3.3395833333333336
8,11,6,8.52,6.460000000000001,3.2566666666666673
9,11,6,4.47,3.96,3.612916666666667
10,11,6,12.51,2.36,3.514583333333334
11,11,6,0.0,2.04,3.6200000000000006
12,11,6,4.57,3.58,3.7875
13,11,6,7.6,2.54,3.9170833333333337
14,11,6,5.65,0.0,3.9170833333333337
15,11,6,0.0,0.0,4.260416666666667
16,11,6,8.24,3.51,4.114166666666667
17,11,6,0.0,5.93,3.8670833333333334
18,11,6,0.0,0.0,4.015833333333334
19,11,6,3.57,9.37,3.9670833333333335
20,11,6,8.2,2.42,4.034166666666667
21,11,6,4.03,3.4,3.8925
22,11,6,0.0,4.68,3.8558333333333343
23,11,6,3.8,5.41,3.6304166666666666
0,12,0,0.0,2.74,3.7012500000000004
1,12,0,4.44,2.75,3.7587500000000005
2,12,0,4.13,3.53,3.895
3,12,0,6.800000000000001,0.0,4.028333333333333
4,12,0,3.2,0.0,4.028333333333333
5,12,0,0.0,2.55,4.115
6,12,0,4.63,4.4,4.090833333333333
7,12,0,3.82,8.52,3.735833333333334
8,12,0,0.0,4.47,3.549583333333334
9,12,0,0.0,12.51,3.3712500000000003
10,12,0,8.23,0.0,3.3712500000000003
11,12,0,0.0,4.57,3.180833333333334
12,12,0,0.0,7.6,3.3550000000000004
13,12,0,11.78,5.65,3.782083333333334
14,12,0,15.9,0.0,3.94375
15,12,0,3.88,8.24,3.785833333333333
16,12,0,4.45,0.0,3.967916666666667
17,12,0,4.37,0.0,3.967916666666667
18,12,0,0.0,3.57,3.954583333333334
19,12,0,3.25,8.2,3.813333333333334
20,12,0,4.81,4.03,3.7291666666666665
21,12,0,2.01,0.0,3.8387500000000006
22,12,0,2.63,3.8,3.9600000000000004
23,12,0,6.71,0.0,3.9600000000000004
0,13,1,0.0,4.44,3.7750000000000004
1,13,1,0.0,4.13,3.6029166666666668
2,13,1,0.0,6.800000000000001,3.7345833333333336
3,13,1,9.96,3.2,3.6012500000000003
4,13,1,0.0,0.0,3.765833333333333
5,13,1,3.95,4.63,3.762916666666667
6,13,1,4.56,3.82,3.6037500000000002
7,13,1,0.0,0.0,4.117916666666667
8,13,1,12.34,0.0,4.27625
9,13,1,3.8,8.23,3.9333333333333336
10,13,1,0.0,0.0,4.081666666666667
11,13,1,3.56,0.0,4.1762500000000005
12,13,1,2.27,11.78,3.685416666666667
13,13,1,0.0,15.9,3.1158333333333332
14,13,1,2.23,3.88,3.0833333333333335
15,13,1,3.1,4.45,3.2504166666666667
16,13,1,8.46,4.37,3.2487500000000007
17,13,1,4.33,0.0,3.2487500000000007
18,13,1,0.0,3.25,3.1133333333333337
19,13,1,0.0,4.81,3.1262500000000006
20,13,1,5.12,2.01,3.0425000000000004
21,13,1,0.0,2.63,3.2600000000000002
22,13,1,7.85,6.71,3.12375
23,13,1,3.44,0.0,3.3208333333333333
0,14,2,4.73,0.0,3.6183333333333336
1,14,2,7.140000000000001,0.0,3.6183333333333336
2,14,2,0.0,9.96,3.2033333333333336
3,14,2,0.0,0.0,3.4516666666666675
4,14,2,5.96,3.95,3.41
5,14,2,2.95,4.56,3.567083333333334
6,14,2,8.33,0.0,3.7908333333333335
7,14,2,5.37,12.34,3.2766666666666673
8,14,2,0.0,3.8,3.1183333333333336
9,14,2,0.0,0.0,3.3037500000000004
10,14,2,4.45,3.56,3.155416666666667
11,14,2,0.0,2.27,3.1750000000000003
12,14,2,2.74,0.0,3.4966666666666666
13,14,2,7.72,2.23,3.8533333333333335
14,14,2,10.79,3.1,4.1970833333333335
15,14,2,11.35,8.46,4.022083333333334
16,14,2,4.26,4.33,3.841666666666667
17,14,2,0.0,0.0,4.100833333333333
18,14,2,6.22,0.0,4.100833333333333
19,14,2,0.0,5.12,3.8875000000000006
20,14,2,0.0,0.0,3.9850000000000008
21,14,2,2.34,7.85,3.657916666666667
22,14,2,0.0,3.44,3.9308333333333336
23,14,2,9.99,4.73,3.9045833333333335
0,15,3,4.1,7.140000000000001,3.6070833333333336
1,15,3,0.0,0.0,3.83375
2,15,3,5.44,0.0,4.094166666666667
3,15,3,6.25,5.96,3.8458333333333337
4,15,3,0.0,2.95,3.722916666666667
5,15,3,0.0,8.33,3.535
6,15,3,3.82,5.37,3.6420833333333333
7,15,3,7.939999999999999,0.0,3.6420833333333333
8,15,3,0.0,0.0,3.6420833333333333
9,15,3,0.0,4.45,3.652083333333334
10,15,3,4.69,0.0,3.6520833333333336
11,15,3,0.0,2.74,3.5379166666666673
12,15,3,0.0,7.72,3.3512500000000003
13,15,3,3.24,10.79,2.9016666666666673
14,15,3,0.0,11.35,2.5375
15,15,3,2.61,4.26,2.3600000000000003
16,15,3,0.0,0.0,2.3600000000000003
17,15,3,0.0,6.22,2.257916666666667
18,15,3,3.77,0.0,2.420416666666667
19,15,3,3.9,0.0,2.5925000000000002
20,15,3,4.13,2.34,2.495
21,15,3,0.0,0.0,2.495
22,15,3,0.0,9.99,2.07875
23,15,3,0.0,4.1,2.1020833333333337
0,16,4,4.66,0.0,2.364166666666667
1,16,4,6.29,5.44,2.2779166666666666
2,16,4,3.37,6.25,2.525
3,16,4,12.18,0.0,2.6233333333333335
4,16,4,2.36,0.0,3.0083333333333333
5,16,4,9.24,3.82,3.2787500000000005
6,16,4,10.31,7.939999999999999,3.0895833333333336
7,16,4,3.4,0.0,3.4337500000000003
8,16,4,8.26,0.0,3.6354166666666674
9,16,4,4.84,4.69,3.44
10,16,4,0.0,0.0,3.82625
11,16,4,9.27,0.0,3.9483333333333337
12,16,4,2.93,3.24,3.813333333333334
13,16,4,0.0,0.0,4.076666666666667
14,16,4,6.32,2.61,4.146666666666667
15,16,4,4.29,0.0,4.310416666666667
16,16,4,3.93,0.0,4.433750000000001
17,16,4,2.96,3.77,4.572916666666667
18,16,4,7.109999999999999,3.9,4.574583333333334
19,16,4,3.94,4.13,4.6875
20,16,4,6.84,0.0,5.010833333333333
21,16,4,7.76,0.0,5.321666666666667
22,16,4,7.460000000000001,0.0,5.409166666666668
23,16,4,2.1,4.66,5.407916666666668
0,17,5,4.63,6.29,5.456666666666667
1,17,5,7.46,3.37,5.457083333333333
2,17,5,3.38,12.18,4.949583333333334
3,17,5,0.0,2.36,4.85125
4,17,5,0.0,9.24,4.46625
5,17,5,0.0,10.31,4.036666666666667
6,17,5,0.0,3.4,3.895
7,17,5,0.0,8.26,3.8554166666666667
8,17,5,7.31,4.84,3.975
9,17,5,7.709999999999999,0.0,3.975
10,17,5,0.0,9.27,3.5887499999999997
11,17,5,0.0,2.93,3.5975
12,17,5,3.14,0.0,3.5975
13,17,5,0.0,6.32,3.5195833333333333
14,17,5,4.45,4.29,3.625833333333334
15,17,5,6.84,3.93,3.782083333333333
16,17,5,7.68,2.96,3.65875
17,17,5,0.0,7.109999999999999,3.6666666666666674
18,17,5,7.300000000000001,3.94,3.671666666666667
19,17,5,4.06,6.84,3.3866666666666667
20,17,5,0.0,7.76,3.1770833333333335
21,17,5,2.73,7.460000000000001,2.9820833333333336
22,17,5,2.78,2.1,3.1458333333333335
23,17,5,6.03,4.63,3.067083333333333
0,18,6,2.74,7.46,2.9029166666666675
1,18,6,3.52,3.38,3.0233333333333334
2,18,6,6.27,0.0,3.0233333333333334
3,18,6,0.0,0.0,3.0233333333333334
4,18,6,0.0,0.0,3.1841666666666666
5,18,6,3.86,0.0,3.1841666666666666
6,18,6,0.0,0.0,3.589166666666667
7,18,6,9.72,7.31,3.570416666666667
8,18,6,6.86,7.709999999999999,3.530416666666667
9,18,6,6.75,0.0,4.144583333333333
10,18,6,14.739999999999998,0.0,4.144583333333333
11,18,6,0.0,3.14,4.320833333333334
12,18,6,7.369999999999999,0.0,4.48375
13,18,6,3.91,4.45,4.437916666666667
14,18,6,3.35,6.84,4.152916666666667
15,18,6,0.0,7.68,3.9275
16,18,6,2.27,0.0,3.9275
17,18,6,0.0,7.300000000000001,3.9958333333333336
18,18,6,8.94,4.06,3.9341666666666666
19,18,6,2.58,0.0,4.117500000000001
20,18,6,4.4,2.73,4.275833333333334
21,18,6,6.53,2.78,4.345
22,18,6,4.44,6.03,4.2941666666666665
23,18,6,4.81,2.74,4.467083333333334
0,19,0,6.890000000000001,3.52,4.5
1,19,0,4.31,6.27,4.3775
2,19,0,3.33,0.0,4.475416666666667
3,19,0,2.35,0.0,4.475416666666667
4,19,0,0.0,3.86,4.66
5,19,0,8.29,0.0,4.874583333333334
6,19,0,5.15,9.72,4.605833333333334
7,19,0,3.27,6.86,4.69375
8,19,0,8.969999999999999,6.75,4.749583333333333
9,19,0,8.09,14.739999999999998,4.29375
10,19,0,3.8,0.0,4.477083333333334
11,19,0,4.4,7.369999999999999,4.271666666666667
12,19,0,2.44,3.91,4.22625
13,19,0,2.82,3.35,4.189583333333334
14,19,0,2.47,0.0,4.652916666666667
15,19,0,11.12,2.27,4.742916666666667
16,19,0,4.43,0.0,4.742916666666667
17,19,0,0.0,8.94,4.370416666666667
18,19,0,0.0,2.58,4.455
19,19,0,4.61,4.4,4.638333333333334
20,19,0,8.8,6.53,4.5625
21,19,0,4.71,4.44,4.531666666666667
22,19,0,3.7,4.81,4.33125
23,19,0,0.0,6.890000000000001,4.491666666666667
0,20,1,10.74,4.31,4.4575000000000005
1,20,1,3.49,3.33,4.799166666666667
2,20,1,11.53,2.35,4.70125
3,20,1,0.0,0.0,4.70125
4,20,1,0.0,8.29,4.677083333333333
5,20,1,7.71,5.15,4.97375
6,20,1,12.27,3.27,4.8374999999999995
7,20,1,0.0,8.969999999999999,4.58875
8,20,1,3.0,8.09,4.370833333333334
9,20,1,2.86,3.8,4.2125
10,20,1,0.0,4.4,4.029166666666668
11,20,1,0.0,2.44,4.011666666666667
12,20,1,2.02,2.82,4.090833333333333
13,20,1,4.72,2.47,4.1825
14,20,1,4.67,11.12,3.8920833333333333
15,20,1,4.15,4.43,3.7075
16,20,1,0.0,0.0,3.880833333333334
17,20,1,4.16,0.0,4.2525
18,20,1,8.92,4.61,4.060416666666668
19,20,1,0.0,8.8,3.69375
20,20,1,0.0,4.71,3.629166666666667
21,20,1,3.16,3.7,4.184583333333333
22,20,1,17.03,0.0,4.184583333333333
23,20,1,0.0,10.74,3.9829166666666667
0,21,2,5.9,3.49,3.8375
1,21,2,0.0,11.53,3.5270833333333336
2,21,2,4.08,0.0,3.712916666666667
3,21,2,4.46,0.0,3.822083333333334
4,21,2,2.62,7.71,3.6225
5,21,2,2.92,12.27,3.20875
6,21,2,2.34,0.0,3.20875
7,21,2,0.0,3.0,3.442083333333334
8,21,2,8.600000000000001,2.86,3.4362500000000007
9,21,2,2.72,0.0,3.8750000000000004
10,21,2,10.53,0.0,4.27625
11,21,2,9.63,2.02,4.498333333333334
12,21,2,7.35,4.72,4.442083333333334
13,21,2,3.37,4.67,4.537916666666667
14,21,2,6.970000000000001,4.15,4.51125
15,21,2,3.51,0.0,4.636666666666668
16,21,2,3.01,4.16,4.630833333333334
17,21,2,4.02,8.92,4.5925
18,21,2,8.0,0.0,4.709166666666667
19,21,2,2.8,0.0,4.709166666666667
20,21,2,0.0,3.16,4.577500000000001
21,21,2,0.0,17.03,3.8679166666666673
22,21,2,0.0,0.0,3.8679166666666673
23,21,2,0.0,5.9,4.105833333333334
0,22,3,11.61,0.0,4.440833333333334
1,22,3,8.04,4.08,4.414583333333334
2,22,3,3.45,4.46,4.520833333333334
3,22,3,7.01,2.62,4.411666666666667
4,22,3,0.0,2.92,4.29
5,22,3,0.0,2.34,4.1925
6,22,3,0.0,0.0,4.377916666666667
7,22,3,4.45,8.600000000000001,4.019583333333334
8,22,3,0.0,2.72,3.9062500000000004
9,22,3,0.0,10.53,3.5850000000000004
10,22,3,2.82,9.63,3.18375
11,22,3,0.0,7.35,3.0700000000000003
12,22,3,4.62,3.37,3.02
13,22,3,2.17,6.970000000000001,2.7295833333333337
14,22,3,0.0,3.51,2.5833333333333335
15,22,3,0.0,3.01,2.457916666666667
16,22,3,0.0,4.02,2.2904166666666668
17,22,3,0.0,8.0,1.9570833333333333
18,22,3,0.0,2.8,1.8404166666666668
19,22,3,0.0,0.0,1.8404166666666668
20,22,3,0.0,0.0,1.8404166666666668
21,22,3,0.0,0.0,1.9587500000000002
22,22,3,2.84,0.0,2.3216666666666668
23,22,3,8.71,11.61,1.8379166666666669
0,23,4,0.0,8.04,1.7341666666666669
1,23,4,5.550000000000001,3.45,1.7316666666666667
2,23,4,3.39,7.01,1.4395833333333334
3,23,4,0.0,0.0,1.5583333333333336
4,23,4,2.85,0.0,1.5583333333333336
5,23,4,0.0,0.0,1.8487500000000001
6,23,4,6.97,4.45,1.7554166666666668
7,23,4,2.21,0.0,2.315416666666667
8,23,4,13.44,0.0,2.315416666666667
9,23,4,0.0,2.82,2.4758333333333336
10,23,4,6.67,0.0,2.928333333333334
11,23,4,10.86,4.62,2.735833333333334
12,23,4,0.0,2.17,2.8633333333333333
13,23,4,5.23,0.0,2.8633333333333333
14,23,4,0.0,0.0,2.8633333333333333
15,23,4,0.0,0.0,3.0241666666666664
16,23,4,3.86,0.0,3.160833333333333
17,23,4,3.28,0.0,3.620416666666667
18,23,4,11.03,0.0,3.620416666666667
19,23,4,0.0,0.0,3.8129166666666667
20,23,4,4.62,0.0,4.120416666666666
21,23,4,7.38,2.84,4.002083333333334
22,23,4,0.0,8.71,3.749166666666667
23,23,4,2.64,0.0,4.22625
0,24,5,11.45,5.550000000000001,3.9950000000000006
1,24,5,0.0,3.39,4.1433333333333335
2,24,5,6.949999999999999,0.0,4.2525
3,24,5,2.62,2.85,4.13375
4,24,5,0.0,0.0,4.4174999999999995
5,24,5,6.8100000000000005,6.97,4.375
6,24,5,5.95,2.21,4.460416666666667
7,24,5,4.26,13.44,4.241666666666667
8,24,5,8.19,0.0,4.712083333333333
9,24,5,11.29,6.67,4.434166666666667
10,24,5,0.0,10.86,4.069583333333333
11,24,5,2.11,0.0,4.069583333333333
12,24,5,0.0,5.23,3.8516666666666666
13,24,5,0.0,0.0,3.950416666666667
14,24,5,2.37,0.0,4.12
15,24,5,4.07,3.86,4.169583333333334
16,24,5,5.05,3.28,4.1554166666666665
17,24,5,2.94,11.03,3.8512500000000003
18,24,5,3.73,0.0,3.8512500000000003
19,24,5,0.0,4.62,4.1883333333333335
20,24,5,12.71,7.38,4.025
21,24,5,3.46,0.0,4.154166666666667
22,24,5,3.1,2.64,4.1475
23,24,5,2.48,11.45,3.7741666666666664
0,25,6,2.49,0.0,3.910416666666667
1,25,6,3.27,6.949999999999999,3.849583333333334
2,25,6,5.49,2.62,3.740416666666667
3,25,6,0.0,0.0,3.740416666666667
4,25,6,0.0,6.8100000000000005,3.892916666666667
5,25,6,10.47,5.95,3.8062500000000004
6,25,6,3.87,4.26,3.6287500000000006
7,25,6,0.0,8.19,3.402083333333334
8,25,6,2.75,11.29,3.0625000000000004
9,25,6,3.14,0.0,3.483333333333334
10,25,6,10.1,2.11,3.5362500000000003
11,25,6,3.38,0.0,3.8358333333333334
12,25,6,7.19,0.0,3.9462500000000005
13,25,6,2.65,2.37,4.04
14,25,6,4.62,4.07,4.443333333333334
15,25,6,13.75,5.05,4.232916666666667
16,25,6,0.0,2.94,4.3083333333333345
17,25,6,4.75,3.73,4.32
18,25,6,4.01,0.0,4.32
19,25,6,0.0,12.71,4.514583333333333
20,25,6,17.38,3.46,4.370416666666667
21,25,6,0.0,3.1,4.5687500000000005
22,25,6,7.86,2.48,4.465416666666667
23,25,6,0.0,2.49,4.487916666666666
0,26,0,3.03,3.27,4.522916666666667
1,26,0,4.11,5.49,4.2941666666666665
2,26,0,0.0,0.0,4.2941666666666665
3,26,0,0.0,0.0,4.617916666666667
4,26,0,7.77,10.47,4.348333333333334
5,26,0,4.0,3.87,4.389166666666667
6,26,0,4.85,0.0,4.389166666666667
7,26,0,0.0,2.75,4.274583333333333
8,26,0,0.0,3.14,4.14375
9,26,0,0.0,10.1,4.349166666666666
10,26,0,15.03,3.38,4.208333333333333
11,26,0,0.0,7.19,4.101666666666667
12,26,0,4.63,2.65,3.9912499999999995
13,26,0,0.0,4.62,3.9500000000000006
14,26,0,3.63,13.75,3.520416666666667
15,26,0,3.44,0.0,3.520416666666667
16,26,0,0.0,4.75,3.817083333333333
17,26,0,11.87,4.01,4.1000000000000005
18,26,0,10.8,0.0,4.1000000000000005
19,26,0,0.0,17.38,3.7483333333333335
20,26,0,8.940000000000001,0.0,3.7483333333333335
21,26,0,0.0,7.86,3.420833333333334
22,26,0,0.0,0.0,3.6212500000000003
23,26,0,4.81,3.03,4.019583333333333
0,27,1,12.59,4.11,3.848333333333334
1,27,1,0.0,0.0,4.1275
2,27,1,6.7,0.0,4.1275
3,27,1,0.0,7.77,4.013750000000001
4,27,1,5.04,4.0,3.847083333333334
5,27,1,0.0,4.85,3.645
6,27,1,0.0,0.0,4.037083333333333
7,27,1,9.41,0.0,4.037083333333333
8,27,1,0.0,0.0,4.037083333333333
9,27,1,0.0,15.03,3.410833333333334
10,27,1,0.0,0.0,4.036250000000001
11,27,1,15.01,4.63,4.0025
12,27,1,3.82,0.0,4.2820833333333335
13,27,1,6.71,3.63,4.37
14,27,1,5.74,3.44,4.3691666666666675
15,27,1,3.42,0.0,4.564583333333334
16,27,1,4.69,11.87,4.07
17,27,1,0.0,10.8,3.8679166666666673
18,27,1,5.95,0.0,3.8679166666666673
19,27,1,0.0,8.940000000000001,3.4954166666666673
20,27,1,0.0,0.0,3.4954166666666673
21,27,1,0.0,0.0,3.6862500000000007
22,27,1,4.58,4.81,3.647916666666667
23,27,1,3.89,12.59,3.1233333333333335
0,28,2,0.0,0.0,3.375833333333334
1,28,2,6.0600000000000005,6.7,3.096666666666667
2,28,2,0.0,0.0,3.276666666666667
3,28,2,4.32,5.04,3.1629166666666673
4,28,2,2.31,0.0,3.321666666666667
5,28,2,3.81,0.0,3.448333333333334
6,28,2,3.04,9.41,3.144166666666667
7,28,2,2.11,0.0,3.144166666666667
8,28,2,0.0,0.0,3.3420833333333335
9,28,2,4.75,0.0,3.4516666666666667
10,28,2,2.63,15.01,3.2300000000000004
11,28,2,9.69,3.82,3.0708333333333333
12,28,2,0.0,6.71,2.927083333333334
13,28,2,3.26,5.74,3.004583333333334
14,28,2,7.6,3.42,3.008333333333334
15,28,2,3.51,4.69,2.9654166666666666
16,28,2,3.66,0.0,2.9654166666666666
17,28,2,0.0,5.95,2.908750000000001
18,28,2,4.59,0.0,2.908750000000001
19,28,2,0.0,0.0,2.908750000000001
20,28,2,0.0,0.0,2.908750000000001
21,28,2,0.0,4.58,2.9929166666666673
22,28,2,6.6,3.89,2.830833333333334
23,28,2,0.0,0.0,3.444583333333334
0,29,3,14.73,6.0600000000000005,3.3570833333333336
1,29,3,3.96,0.0,3.5095833333333335
2,29,3,3.66,4.32,3.6320833333333336
3,29,3,7.26,2.31,3.674166666666667
4,29,3,3.32,3.81,3.515416666666667
5,29,3,0.0,3.04,3.661666666666667
6,29,3,6.550000000000001,2.11,3.7083333333333335
7,29,3,3.23,0.0,3.815416666666667
8,29,3,2.57,4.75,3.6175
9,29,3,0.0,2.63,3.7937500000000006
10,29,3,6.859999999999999,9.69,3.5112500000000004
11,29,3,2.91,0.0,3.661666666666667
12,29,3,3.61,3.26,3.7100000000000004
13,29,3,4.42,7.6,3.5229166666666667
14,29,3,3.11,3.51,3.7962500000000006
15,29,3,10.07,3.66,3.803333333333334
16,29,3,3.83,0.0,3.803333333333334
17,29,3,0.0,4.59,4.048750000000001
18,29,3,10.48,0.0,4.048750000000001
19,29,3,0.0,0.0,4.2941666666666665
20,29,3,5.890000000000001,0.0,4.2941666666666665
21,29,3,0.0,6.6,4.019166666666667
22,29,3,0.0,0.0,4.285416666666667
23,29,3,6.39,14.73,3.8433333333333337
0,30,4,4.12,3.96,3.862083333333333
1,30,4,4.41,3.66,3.8245833333333334
2,30,4,2.76,7.26,3.9299999999999997
3,30,4,9.79,3.32,4.080416666666667
4,30,4,6.93,0.0,4.699166666666667
5,30,4,14.85,6.550000000000001,4.538333333333334
6,30,4,2.69,3.23,4.562916666666667
7,30,4,3.82,2.57,4.604166666666667
8,30,4,3.56,0.0,4.719166666666667
9,30,4,2.76,6.859999999999999,4.564166666666667
10,30,4,3.14,2.91,4.595416666666667
11,30,4,3.66,3.61,4.445
12,30,4,0.0,4.42,4.40125
13,30,4,3.37,3.11,4.425833333333333
14,30,4,3.7,10.07,4.145833333333334
15,30,4,3.35,3.83,4.3187500000000005
16,30,4,7.98,0.0,4.414583333333334
17,30,4,2.3,10.48,4.142916666666667
18,30,4,3.96,0.0,4.142916666666667
19,30,4,0.0,5.890000000000001,4.01125
20,30,4,2.73,0.0,4.01125
21,30,4,0.0,0.0,4.35625
22,30,4,8.28,6.39,4.4875
23,30,4,9.54,4.12,4.551666666666667
0,1,5,5.66,4.41,4.367916666666667
1,1,5,0.0,2.76,4.380416666666666
2,1,5,3.06,9.79,3.9725
3,1,5,0.0,6.93,4.110416666666667
4,1,5,10.24,14.85,3.8658333333333332
5,1,5,8.98,2.69,3.9616666666666673
6,1,5,4.99,3.82,3.897916666666667
7,1,5,2.29,3.56,4.07875
8,1,5,7.9,2.76,4.199166666666668
9,1,5,5.65,3.14,4.255833333333334
10,1,5,4.5,3.66,4.343750000000001
11,1,5,5.77,0.0,4.627083333333334
12,1,5,6.8,3.37,4.673333333333334
13,1,5,4.48,3.7,4.678333333333334
14,1,5,3.82,3.35,4.678333333333334
15,1,5,3.35,7.98,4.345833333333334
16,1,5,0.0,2.3,4.365
17,1,5,2.76,3.96,4.543333333333334
18,1,5,8.24,0.0,4.543333333333334
19,1,5,0.0,2.73,4.429583333333334
20,1,5,0.0,0.0,4.54375
21,1,5,2.74,8.28,4.298333333333334
22,1,5,2.39,9.54,3.9008333333333334
23,1,5,0.0,5.66,3.6650000000000005
0,2,6,0.0,0.0,3.6650000000000005
1,2,6,0.0,3.06,3.737083333333333
2,2,6,4.79,0.0,3.737083333333333
3,2,6,0.0,10.24,3.3104166666666672
4,2,6,0.0,8.98,2.93625
5,2,6,0.0,4.99,2.728333333333334
6,2,6,0.0,2.29,3.0279166666666666
7,2,6,9.48,7.9,2.9670833333333335
8,2,6,6.44,5.65,3.2408333333333332
9,2,6,12.22,4.5,3.724166666666667
10,2,6,16.1,5.77,3.6704166666666675
11,2,6,4.48,6.8,3.582916666666667
12,2,6,4.699999999999999,4.48,3.5450000000000004
13,2,6,3.57,3.82,3.532916666666667
14,2,6,3.53,3.35,3.5950000000000006
15,2,6,4.84,0.0,4.258333333333334
16,2,6,15.92,2.76,4.276666666666666
17,2,6,3.2,8.24,3.9333333333333336
18,2,6,0.0,0.0,3.9333333333333336
19,2,6,0.0,0.0,3.9333333333333336
20,2,6,0.0,2.74,4.2225
21,2,6,9.68,2.39,4.122916666666668
22,2,6,0.0,0.0,4.292916666666668
23,2,6,4.08,0.0,4.585000000000001
0,3,0,7.01,0.0,4.585000000000001
1,3,0,0.0,4.79,4.385416666666667
2,3,0,0.0,0.0,4.97125
3,3,0,14.06,0.0,4.97125
4,3,0,0.0,0.0,4.97125
5,3,0,0.0,0.0,5.520833333333333
6,3,0,13.19,9.48,5.357916666666667
7,3,0,5.57,6.44,5.428750000000001
8,3,0,8.14,12.22,5.045000000000001
9,3,0,3.01,16.1,4.544166666666667
10,3,0,4.08,4.48,4.548750000000001
11,3,0,4.59,4.699999999999999,4.78125
12,3,0,10.28,3.57,5.0375000000000005
13,3,0,9.72,3.53,5.019583333333334
14,3,0,3.1,4.84,4.9816666666666665
15,3,0,3.93,15.92,4.318333333333333
16,3,0,0.0,3.2,4.29875
17,3,0,2.73,0.0,4.29875
18,3,0,0.0,0.0,4.5825000000000005
19,3,0,6.8100000000000005,0.0,4.784583333333333
20,3,0,4.85,9.68,4.3812500000000005
21,3,0,0.0,0.0,4.3812500000000005
22,3,0,0.0,4.08,4.211250000000001
23,3,0,0.0,7.01,3.919166666666667
0,4,1,0.0,0.0,3.919166666666667
1,4,1,0.0,0.0,4.058333333333334
2,4,1,3.34,14.06,3.4725
3,4,1,0.0,0.0,3.4725
4,4,1,0.0,0.0,3.6629166666666673
5,4,1,4.57,13.19,3.25375
6,4,1,3.37,5.57,3.021666666666667
7,4,1,0.0,8.14,2.7825
8,4,1,2.4,3.01,3.012916666666667
9,4,1,8.54,4.08,2.986666666666667
10,4,1,3.45,4.59,3.03375
11,4,1,5.72,10.28,2.7375000000000003
12,4,1,3.17,9.72,2.3325
13,4,1,0.0,3.1,2.2995833333333335
14,4,1,2.31,3.93,2.260416666666667
15,4,1,2.99,0.0,2.3954166666666667
16,4,1,3.24,2.73,2.2816666666666667
17,4,1,0.0,0.0,2.2816666666666667
18,4,1,0.0,6.8100000000000005,2.2258333333333336
19,4,1,5.470000000000001,4.85,2.02375
20,4,1,0.0,0.0,2.2075
21,4,1,4.41,0.0,2.4537500000000003
22,4,1,5.91,0.0,2.6950000000000003
23,4,1,5.79,0.0,2.8325
0,5,2,3.3,0.0,2.8325
1,5,2,0.0,3.34,2.6933333333333334
2,5,2,0.0,0.0,2.6933333333333334
3,5,2,0.0,0.0,3.120416666666667
4,5,2,10.25,4.57,3.292916666666667
5,5,2,8.71,3.37,3.1525000000000003
6,5,2,0.0,0.0,3.1525000000000003
7,5,2,0.0,2.4,3.4012500000000006
8,5,2,8.37,8.54,3.2933333333333334
9,5,2,5.95,3.45,3.392083333333334
10,5,2,5.82,5.72,3.370416666666667
11,5,2,5.199999999999999,3.17,3.2383333333333333
12,5,2,0.0,0.0,3.565
13,5,2,7.84,2.31,3.6012500000000007
14,5,2,3.18,2.99,3.672916666666667
15,5,2,4.71,3.24,3.6325000000000003
16,5,2,2.27,0.0,4.09875
17,5,2,11.19,0.0,4.627083333333334
18,5,2,12.68,5.470000000000001,4.595416666666667
19,5,2,4.71,0.0,4.595416666666667
20,5,2,0.0,4.41,4.6362499999999995
21,5,2,5.390000000000001,5.91,4.39
22,5,2,0.0,5.79,4.148750000000001
23,5,2,0.0,3.3,4.0112499999999995
0,6,3,0.0,0.0,4.0945833333333335
1,6,3,2.0,0.0,4.255833333333333
2,6,3,3.87,0.0,4.590416666666667
3,6,3,8.030000000000001,10.25,4.163333333333333
4,6,3,0.0,8.71,3.9812500000000006
5,6,3,4.34,0.0,4.329583333333334
6,6,3,8.36,0.0,4.495416666666666
7,6,3,3.98,8.37,4.1466666666666665
8,6,3,0.0,5.95,4.067083333333334
9,6,3,4.04,5.82,3.907916666666667
10,6,3,2.0,5.199999999999999,3.84375
11,6,3,3.66,0.0,4.024166666666667
12,6,3,4.33,7.84,3.6975
13,6,3,0.0,3.18,3.8675
14,6,3,7.26,4.71,3.866666666666667
15,6,3,4.69,2.27,3.7720833333333332
16,6,3,0.0,11.19,3.457916666666667
17,6,3,3.65,12.68,2.929583333333334
18,6,3,0.0,4.71,3.0075000000000003
19,6,3,6.58,0.0,3.114166666666667
20,6,3,2.56,5.390000000000001,2.889583333333334
21,6,3,0.0,0.0,2.889583333333334
22,6,3,0.0,0.0,3.0
23,6,3,2.65,0.0,3.3200000000000003
0,7,4,7.68,2.0,3.5250000000000004
1,7,4,6.92,3.87,3.4762500000000003
2,7,4,2.7,8.030000000000001,3.2695833333333337
3,7,4,3.07,0.0,3.55625
4,7,4,6.88,4.34,3.3754166666666667
5,7,4,0.0,8.36,3.0270833333333336
6,7,4,0.0,3.98,2.9941666666666666
7,7,4,3.19,0.0,3.1362500000000004
8,7,4,3.41,4.04,2.9679166666666674
9,7,4,0.0,2.0,3.330833333333334
10,7,4,10.71,3.66,3.1783333333333332
11,7,4,0.0,4.33,2.997916666666667
12,7,4,0.0,0.0,3.2425
13,7,4,5.87,7.26,3.24625
14,7,4,7.35,4.69,3.24375
15,7,4,4.63,0.0,3.595416666666667
16,7,4,8.44,3.65,3.615833333333334
17,7,4,4.14,0.0,3.615833333333334
18,7,4,0.0,6.58,3.3416666666666672
19,7,4,0.0,2.56,3.2350000000000008
20,7,4,0.0,0.0,3.2350000000000008
21,7,4,0.0,0.0,3.2350000000000008
22,7,4,0.0,2.65,3.1245833333333337
23,7,4,0.0,7.68,3.067916666666667
0,8,5,6.32,6.92,2.8850000000000002
1,8,5,2.53,2.7,2.9475000000000002
2,8,5,4.2,3.07,2.819583333333334
3,8,5,0.0,6.88,2.532916666666667
4,8,5,0.0,0.0,2.642916666666667
5,8,5,2.64,0.0,2.7429166666666673
6,8,5,2.4,3.19,2.9937500000000004
7,8,5,9.21,3.41,2.851666666666667
8,8,5,0.0,0.0,2.9358333333333335
9,8,5,2.02,10.71,2.919166666666667
10,8,5,10.31,0.0,2.919166666666667
11,8,5,0.0,0.0,3.2150000000000003
12,8,5,7.1,5.87,3.14625
13,8,5,4.22,7.35,2.8400000000000003
14,8,5,0.0,4.63,2.735833333333334
15,8,5,2.13,8.44,2.6162500000000004
16,8,5,5.57,4.14,2.5433333333333334
17,8,5,2.39,0.0,2.6633333333333336
18,8,5,2.88,0.0,2.858333333333334
19,8,5,4.68,0.0,3.050416666666667
20,8,5,4.61,0.0,3.050416666666667
21,8,5,0.0,0.0,3.050416666666667
22,8,5,0.0,0.0,3.1925000000000003
23,8,5,3.41,6.32,3.2795833333333335
0,9,6,8.41,2.53,3.174166666666667
1,9,6,0.0,4.2,2.9991666666666674
2,9,6,0.0,0.0,2.9991666666666674
3,9,6,0.0,0.0,3.0958333333333337
4,9,6,2.32,2.64,3.1045833333333337
5,9,6,2.85,2.4,3.1200000000000006
6,9,6,2.77,9.21,3.0437500000000006
7,9,6,7.38,0.0,3.539166666666667
8,9,6,11.89,2.02,3.7816666666666667
9,9,6,7.84,10.31,3.4650000000000003
10,9,6,2.71,0.0,3.4650000000000003
11,9,6,0.0,7.1,3.7012500000000004
12,9,6,12.77,4.22,3.7012500000000004
13,9,6,4.22,0.0,3.995416666666667
14,9,6,7.0600000000000005,2.13,4.02625
15,9,6,2.87,5.57,3.794166666666667
16,9,6,0.0,2.39,3.8387500000000006
17,9,6,3.46,2.88,3.9133333333333336
18,9,6,4.67,4.68,3.9487500000000004
19,9,6,5.529999999999999,4.61,4.0287500000000005
20,9,6,6.53,0.0,4.3204166666666675
21,9,6,7.0,0.0,4.3204166666666675
22,9,6,0.0,3.41,4.33125
23,9,6,3.67,8.41,4.152500000000001
0,10,0,4.12,0.0,4.2995833333333335
1,10,0,3.53,0.0,4.4054166666666665
2,10,0,2.54,0.0,4.545000000000001
3,10,0,3.35,2.32,4.537083333333334
4,10,0,2.13,2.85,4.7075000000000005
5,10,0,6.94,2.77,4.592083333333334
6,10,0,0.0,7.38,4.390833333333334
7,10,0,2.55,11.89,3.895416666666667
8,10,0,0.0,7.84,3.56875
9,10,0,0.0,2.71,3.455833333333333
10,10,0,0.0,0.0,3.455833333333333
11,10,0,0.0,12.77,2.92375
12,10,0,0.0,4.22,2.747916666666667
13,10,0,0.0,7.0600000000000005,2.565
14,10,0,2.67,2.87,2.445416666666667
15,10,0,0.0,0.0,2.445416666666667
16,10,0,0.0,3.46,2.472916666666667
17,10,0,4.12,4.67,2.2783333333333338
18,10,0,0.0,5.529999999999999,2.222916666666667
19,10,0,4.2,6.53,2.251666666666667
20,10,0,7.22,7.0,2.06
21,10,0,2.4,0.0,2.3025000000000007
22,10,0,5.82,3.67,2.1495833333333336
23,10,0,0.0,4.12,2.1483333333333334
0,11,1,4.09,3.53,2.2862500000000003
1,11,1,6.84,2.54,2.2816666666666667
2,11,1,2.43,3.35,2.4362500000000007
3,11,1,7.0600000000000005,2.13,2.4533333333333336
4,11,1,2.54,6.94,2.164166666666667
5,11,1,0.0,0.0,2.164166666666667
6,11,1,0.0,2.55,2.057916666666667
7,11,1,0.0,0.0,2.1645833333333333
8,11,1,2.56,0.0,2.322916666666667
9,11,1,3.8,0.0,2.5020833333333337
10,11,1,4.3,0.0,2.5020833333333337
11,11,1,0.0,0.0,2.5020833333333337
12,11,1,0.0,0.0,2.6479166666666667
13,11,1,3.5,2.67,2.536666666666667
14,11,1,0.0,0.0,2.8212500000000005
15,11,1,6.83,0.0,2.9708333333333337
16,11,1,3.59,4.12,3.1633333333333336
17,11,1,8.739999999999998,0.0,3.2475
18,11,1,2.02,4.2,3.2391666666666663
19,11,1,4.0,7.22,3.09
20,11,1,3.64,2.4,2.99
21,11,1,0.0,5.82,2.7475
22,11,1,0.0,0.0,2.895
23,11,1,3.54,4.09,2.92375
0,12,2,4.78,6.84,2.6387500000000004
1,12,2,0.0,2.43,2.5375
2,12,2,0.0,7.0600000000000005,2.2433333333333336
3,12,2,0.0,2.54,2.1375
4,12,2,0.0,0.0,2.2825
5,12,2,3.48,0.0,2.4658333333333338
6,12,2,4.4,0.0,2.7145833333333336
7,12,2,5.970000000000001,2.56,3.3875000000000006
8,12,2,18.71,3.8,3.382083333333334
9,12,2,3.67,4.3,3.5220833333333332
10,12,2,7.66,0.0,3.7470833333333338
11,12,2,5.4,0.0,3.7470833333333338
12,12,2,0.0,3.5,3.8675
13,12,2,6.390000000000001,0.0,4.201250000000001
14,12,2,8.01,6.83,3.9166666666666665
15,12,2,0.0,3.59,3.864166666666667
16,12,2,2.33,8.739999999999998,3.5
17,12,2,0.0,2.02,3.663333333333334
18,12,2,5.94,4.0,3.4966666666666675
19,12,2,0.0,3.64,3.5270833333333336
20,12,2,4.37,0.0,3.869166666666667
21,12,2,8.21,0.0,3.869166666666667
22,12,2,0.0,3.54,4.197083333333334
23,12,2,11.41,4.78,3.9979166666666672
0,13,3,0.0,0.0,4.088750000000001
1,13,3,2.18,0.0,4.597916666666667
2,13,3,12.22,0.0,4.778333333333334
3,13,3,4.33,0.0,4.778333333333334
4,13,3,0.0,3.48,4.633333333333334
5,13,3,0.0,4.4,4.535
6,13,3,2.04,5.970000000000001,4.54
7,13,3,6.09,18.71,3.848333333333333
8,13,3,2.11,3.67,3.8391666666666673
9,13,3,3.45,7.66,3.52
10,13,3,0.0,5.4,3.2950000000000004
11,13,3,0.0,0.0,3.384166666666667
12,13,3,2.14,6.390000000000001,3.3120833333333337
13,13,3,4.66,8.01,2.9783333333333335
14,13,3,0.0,0.0,2.9783333333333335
15,13,3,0.0,2.33,3.192916666666667
16,13,3,7.48,0.0,3.192916666666667
17,13,3,0.0,5.94,2.945416666666667
18,13,3,0.0,0.0,2.945416666666667
19,13,3,0.0,4.37,3.052916666666667
20,13,3,6.95,8.21,3.005000000000001
21,13,3,7.0600000000000005,0.0,3.5283333333333338
22,13,3,12.56,11.41,3.052916666666667
23,13,3,0.0,0.0,3.3833333333333333
0,14,4,7.93,2.18,3.4662500000000005
1,14,4,4.17,12.22,3.0904166666666675
2,14,4,3.2,4.33,3.3441666666666676
3,14,4,10.42,0.0,3.483333333333334
4,14,4,3.34,0.0,3.6391666666666675
5,14,4,3.74,2.04,3.554166666666667
6,14,4,0.0,6.09,3.300416666666667
7,14,4,0.0,2.11,3.4066666666666667
8,14,4,4.66,3.45,3.5620833333333333
9,14,4,7.18,0.0,3.6512499999999997
10,14,4,2.14,0.0,3.6512499999999997
11,14,4,0.0,2.14,3.742500000000001
12,14,4,4.33,4.66,3.5483333333333333
13,14,4,0.0,0.0,3.651666666666667
14,14,4,2.48,0.0,3.895
15,14,4,5.84,7.48,3.705
16,14,4,2.92,0.0,3.8687500000000004
17,14,4,3.93,0.0,4.3429166666666665
18,14,4,11.38,0.0,4.6729166666666675
19,14,4,7.92,6.95,4.383333333333334
20,14,4,0.0,7.0600000000000005,4.089166666666667
21,14,4,0.0,12.56,3.565833333333334
22,14,4,0.0,0.0,3.6862500000000007
23,14,4,2.89,7.93,3.3558333333333343
0,15,5,0.0,4.17,3.1820833333333343
1,15,5,0.0,3.2,3.3400000000000003
2,15,5,6.99,10.42,3.0470833333333336
3,15,5,3.39,3.34,3.27
4,15,5,8.690000000000001,3.74,3.238750000000001
5,15,5,2.99,0.0,3.460000000000001
6,15,5,5.3100000000000005,0.0,3.460000000000001
7,15,5,0.0,4.66,3.455833333333334
8,15,5,4.56,7.18,3.1566666666666667
9,15,5,0.0,2.14,3.3200000000000003
10,15,5,6.0600000000000005,0.0,3.3200000000000003
11,15,5,0.0,4.33,3.139583333333334
12,15,5,0.0,0.0,3.4441666666666673
13,15,5,7.31,2.48,3.6125000000000003
14,15,5,6.52,5.84,3.5150000000000006
15,15,5,3.5,2.92,3.5275000000000003
16,15,5,3.22,3.93,3.36375
17,15,5,0.0,11.38,3.0875000000000004
18,15,5,4.75,7.92,3.236666666666667
19,15,5,11.5,0.0,3.383333333333334
20,15,5,3.52,0.0,3.383333333333334
21,15,5,0.0,0.0,3.4825000000000004
22,15,5,2.38,2.89,3.362083333333334
23,15,5,0.0,0.0,3.8816666666666673
0,16,6,12.47,0.0,4.079166666666667
1,16,6,4.74,6.99,3.7879166666666664
2,16,6,0.0,3.39,3.646666666666667
3,16,6,0.0,8.690000000000001,3.485833333333334
4,16,6,4.83,2.99,3.632083333333334
5,16,6,6.5,5.3100000000000005,3.9033333333333338
6,16,6,11.82,0.0,3.9033333333333338
7,16,6,0.0,4.56,3.8958333333333335
8,16,6,4.380000000000001,0.0,4.1641666666666675
9,16,6,6.44,6.0600000000000005,3.911666666666667
10,16,6,0.0,0.0,4.355
11,16,6,10.64,0.0,4.505416666666667
12,16,6,3.61,7.31,4.6833333333333345
13,16,6,11.58,6.52,4.70625
14,16,6,7.07,3.5,4.560416666666667
15,16,6,0.0,3.22,4.780833333333334
16,16,6,8.51,0.0,4.886666666666668
17,16,6,2.54,4.75,4.688750000000001
18,16,6,0.0,11.5,4.382083333333334
19,16,6,4.14,3.52,4.345416666666667
20,16,6,2.64,0.0,4.5287500000000005
21,16,6,4.4,2.38,4.559583333333334
22,16,6,3.12,0.0,4.559583333333334
23,16,6,0.0,12.47,4.04
0,17,0,0.0,4.74,4.190416666666667
1,17,0,8.35,0.0,4.746250000000001
2,17,0,13.34,0.0,5.190833333333334
3,17,0,10.67,4.83,4.989583333333334
4,17,0,0.0,6.5,4.718750000000001
5,17,0,0.0,11.82,4.22625
6,17,0,0.0,0.0,4.22625
7,17,0,0.0,4.380000000000001,4.342083333333334
8,17,0,7.16,6.44,4.729583333333333
9,17,0,15.739999999999998,0.0,4.815833333333334
10,17,0,2.07,10.64,4.872083333333333
11,17,0,11.99,3.61,4.880833333333334
12,17,0,3.82,11.58,4.674166666666667
13,17,0,6.62,7.07,4.484166666666667
14,17,0,2.51,0.0,5.055833333333333
15,17,0,13.72,8.51,5.023333333333334
16,17,0,7.73,2.54,5.102916666666667
17,17,0,4.45,0.0,5.389583333333334
18,17,0,6.88,4.14,5.319583333333333
19,17,0,2.46,2.64,5.47125
20,17,0,6.28,4.4,5.425833333333333
21,17,0,3.31,3.12,5.589583333333334
22,17,0,7.050000000000001,0.0,5.85125
23,17,0,6.28,0.0,5.963750000000001
0,18,1,2.7,8.35,5.9387500000000015
1,18,1,7.75,13.34,5.583333333333335
2,18,1,4.81,10.67,5.322083333333334
3,18,1,4.4,0.0,5.507083333333334
4,18,1,4.44,0.0,5.507083333333334
5,18,1,0.0,0.0,5.680000000000001
6,18,1,4.15,0.0,5.680000000000001
7,18,1,0.0,7.16,5.537083333333334
8,18,1,3.73,15.739999999999998,5.020416666666667
9,18,1,3.34,2.07,5.067083333333334
10,18,1,3.19,11.99,4.5675
11,18,1,0.0,3.82,4.590833333333333
12,18,1,4.38,6.62,4.403333333333333
13,18,1,2.12,2.51,4.298750000000001
14,18,1,0.0,13.72,3.7270833333333333
15,18,1,0.0,7.73,3.523750000000001
16,18,1,2.85,4.45,3.4816666666666674
17,18,1,3.44,6.88,3.8791666666666664
18,18,1,16.419999999999998,2.46,4.07375
19,18,1,7.13,6.28,4.098333333333334
20,18,1,6.869999999999999,3.31,4.07625
21,18,1,2.78,7.050000000000001,3.99
22,18,1,4.98,6.28,3.7283333333333335
23,18,1,0.0,2.7,3.7291666666666665
0,19,2,2.72,7.75,3.6220833333333338
1,19,2,5.18,4.81,3.421666666666667
2,19,2,0.0,4.4,3.2383333333333337
3,19,2,0.0,4.44,3.053333333333334
4,19,2,0.0,0.0,3.5075000000000003
5,19,2,10.9,4.15,3.3345833333333332
6,19,2,0.0,0.0,3.3345833333333332
7,19,2,0.0,3.73,3.3487500000000003
8,19,2,4.07,3.34,3.209583333333334
9,19,2,0.0,3.19,3.359583333333333
10,19,2,6.79,0.0,3.359583333333333
11,19,2,0.0,4.38,3.4829166666666667
12,19,2,7.34,2.12,3.3945833333333333
13,19,2,0.0,0.0,3.5529166666666665
14,19,2,3.8,0.0,3.817083333333333
15,19,2,6.34,2.85,3.859166666666667
16,19,2,3.86,3.44,3.8541666666666674
17,19,2,3.32,16.419999999999998,3.472083333333334
18,19,2,7.25,7.13,3.1750000000000007
19,19,2,0.0,6.869999999999999,2.973333333333334
20,19,2,2.03,2.78,2.9670833333333335
21,19,2,2.63,4.98,3.07375
22,19,2,7.54,0.0,3.344583333333333
23,19,2,6.5,2.72,3.2312499999999997
0,20,3,0.0,5.18,3.1850000000000005
1,20,3,4.07,0.0,3.1850000000000005
2,20,3,0.0,0.0,3.346250000000001
3,20,3,3.87,0.0,3.6358333333333337
4,20,3,6.949999999999999,10.9,3.1816666666666666
5,20,3,0.0,0.0,3.1816666666666666
6,20,3,0.0,0.0,3.2904166666666668
7,20,3,2.61,4.07,3.1208333333333336
8,20,3,0.0,0.0,3.2975000000000008
9,20,3,4.24,6.79,3.1925000000000003
10,20,3,4.27,0.0,3.315
11,20,3,2.94,7.34,3.200833333333333
12,20,3,4.6,0.0,3.200833333333333
13,20,3,0.0,3.8,3.392916666666667
14,20,3,8.41,6.34,3.12875
15,20,3,0.0,3.86,3.1075
16,20,3,3.35,3.32,2.9691666666666667
17,20,3,0.0,7.25,2.8095833333333338
18,20,3,3.42,0.0,2.8095833333333338
19,20,3,0.0,2.03,3.0595833333333338
20,20,3,8.030000000000001,2.63,3.24
21,20,3,6.96,7.54,3.0362500000000003
22,20,3,2.65,6.5,2.8633333333333333
23,20,3,2.35,0.0,2.8633333333333333
0,21,4,0.0,4.07,2.805
1,21,4,2.67,0.0,2.805
2,21,4,0.0,3.87,2.8191666666666673
3,21,4,4.21,6.949999999999999,2.6395833333333334
4,21,4,2.64,0.0,2.6395833333333334
5,21,4,0.0,0.0,2.7970833333333336
6,21,4,3.78,2.61,3.28
7,21,4,14.2,0.0,3.28
8,21,4,0.0,4.24,3.2466666666666675
9,21,4,3.44,4.27,3.1675
10,21,4,2.37,2.94,3.234583333333333
11,21,4,4.55,4.6,3.1783333333333332
12,21,4,3.25,0.0,3.1783333333333332
13,21,4,0.0,8.41,3.102083333333334
14,21,4,6.58,0.0,3.2937500000000006
15,21,4,4.6,3.35,3.265416666666667
16,21,4,2.67,0.0,3.56
17,21,4,7.07,3.42,3.5425
18,21,4,3.0,0.0,3.5425
19,21,4,0.0,8.030000000000001,3.315833333333334
20,21,4,2.59,6.96,3.0258333333333334
21,21,4,0.0,2.65,3.0033333333333334
22,21,4,2.11,2.35,2.905416666666667
23,21,4,0.0,0.0,2.905416666666667
0,22,5,0.0,2.67,2.9675
1,22,5,4.16,0.0,2.9675
2,22,5,0.0,4.21,2.9595833333333332
3,22,5,4.02,2.64,2.849583333333334
4,22,5,0.0,0.0,2.849583333333334
5,22,5,0.0,3.78,2.7920833333333337
6,22,5,2.4,14.2,2.6608333333333336
7,22,5,11.05,0.0,2.6608333333333336
8,22,5,0.0,3.44,2.6612500000000003
9,22,5,3.45,2.37,2.5625000000000004
10,22,5,0.0,4.55,2.372916666666667
11,22,5,0.0,3.25,2.2375000000000003
12,22,5,0.0,0.0,2.612916666666667
13,22,5,9.01,6.58,2.5100000000000002
14,22,5,4.11,4.6,2.5608333333333335
15,22,5,5.82,2.67,2.4495833333333334
16,22,5,0.0,7.07,2.4712500000000004
17,22,5,7.59,3.0,2.4658333333333338
18,22,5,2.87,0.0,2.6658333333333335
19,22,5,4.8,2.59,2.6437500000000003
20,22,5,2.06,0.0,2.9770833333333333
21,22,5,8.0,2.11,2.8891666666666667
22,22,5,0.0,0.0,3.0075000000000003
23,22,5,2.84,0.0,3.0075000000000003
0,23,6,0.0,4.16,2.834166666666667
1,23,6,0.0,0.0,2.9737500000000003
2,23,6,3.35,4.02,3.2375000000000003
3,23,6,10.35,0.0,3.4129166666666673
4,23,6,4.21,0.0,3.4129166666666664
5,23,6,0.0,2.4,3.6520833333333336
6,23,6,8.14,11.05,3.191666666666667
7,23,6,0.0,0.0,3.302083333333334
8,23,6,2.65,3.45,3.3533333333333335
9,23,6,4.68,0.0,3.6095833333333336
10,23,6,6.15,0.0,3.6095833333333336
11,23,6,0.0,0.0,3.6095833333333336
12,23,6,0.0,9.01,3.234166666666667
13,23,6,0.0,4.11,3.170833333333334
14,23,6,2.59,5.82,3.1975000000000002
15,23,6,6.46,0.0,3.1975000000000002
16,23,6,0.0,7.59,3.0554166666666673
17,23,6,4.18,2.87,3.1770833333333335
18,23,6,5.79,4.8,2.9770833333333333
19,23,6,0.0,2.06,3.0908333333333338
20,23,6,4.79,8.0,2.86125
21,23,6,2.49,0.0,2.86125
22,23,6,0.0,2.84,2.9370833333333337
23,23,6,4.66,0.0,3.067500000000001
0,24,0,3.13,0.0,3.0675000000000003
1,24,0,0.0,3.35,2.927916666666667
2,24,0,0.0,10.35,2.6979166666666674
3,24,0,4.83,4.21,2.7183333333333337
4,24,0,4.7,0.0,2.7183333333333337
5,24,0,0.0,8.14,2.893333333333334
6,24,0,12.34,0.0,3.1575000000000006
7,24,0,6.34,2.65,3.298333333333334
8,24,0,6.03,4.68,3.5895833333333336
9,24,0,11.67,6.15,3.6412500000000008
10,24,0,7.390000000000001,0.0,4.2595833333333335
11,24,0,14.84,0.0,4.2595833333333335
12,24,0,0.0,0.0,4.455
13,24,0,4.69,2.59,4.44625
14,24,0,2.38,6.46,4.177083333333334
15,24,0,0.0,0.0,4.177083333333334
16,24,0,0.0,4.18,4.427916666666667
17,24,0,10.2,5.79,4.464166666666667
18,24,0,6.66,0.0,4.464166666666667
19,24,0,0.0,4.79,4.576666666666667
20,24,0,7.49,2.49,4.715833333333333
21,24,0,5.83,0.0,4.872916666666668
22,24,0,3.77,4.66,4.85625
23,24,0,4.26,3.13,4.895416666666667
0,25,1,4.07,0.0,5.220833333333333
1,25,1,7.81,0.0,5.505
2,25,1,6.82,4.83,5.4750000000000005
3,25,1,4.11,4.7,5.607916666666667
4,25,1,7.89,0.0,5.607916666666667
5,25,1,0.0,12.34,5.411666666666666
6,25,1,7.630000000000001,6.34,5.430833333333333
7,25,1,6.800000000000001,6.03,5.179583333333334
8,25,1,0.0,11.67,4.795000000000001
9,25,1,2.44,7.390000000000001,4.4870833333333335
10,25,1,0.0,14.84,4.055833333333333
11,25,1,4.49,0.0,4.055833333333333
12,25,1,0.0,4.69,4.166250000000001
13,25,1,7.34,2.38,4.206666666666667
14,25,1,3.35,0.0,4.206666666666667
15,25,1,0.0,0.0,4.307083333333334
16,25,1,2.41,10.2,4.4750000000000005
17,25,1,14.23,6.66,4.197500000000001
18,25,1,0.0,0.0,4.3975
19,25,1,4.8,7.49,4.085416666666666
20,25,1,0.0,5.83,4.043333333333334
21,25,1,4.82,3.77,4.1762500000000005
22,25,1,6.96,4.26,3.99875
23,25,1,0.0,4.07,3.829166666666667
0,26,2,0.0,7.81,3.655416666666667
1,26,2,3.64,6.82,3.3712500000000003
2,26,2,0.0,4.11,3.2970833333333336
3,26,2,2.33,7.89,3.052916666666667
4,26,2,2.03,0.0,3.052916666666667
5,26,2,0.0,7.630000000000001,2.735
6,26,2,0.0,6.800000000000001,2.93875
7,26,2,11.69,0.0,3.436666666666667
8,26,2,11.95,2.44,3.424166666666667
9,26,2,2.14,0.0,3.7420833333333334
10,26,2,7.63,4.49,3.8312500000000003
11,26,2,6.630000000000001,0.0,4.160416666666666
12,26,2,7.9,7.34,4.002916666666667
13,26,2,3.56,3.35,3.8633333333333333
14,26,2,0.0,0.0,3.8633333333333333
15,26,2,0.0,2.41,4.0225
16,26,2,6.23,14.23,3.754583333333333
17,26,2,7.8,0.0,3.9195833333333336
18,26,2,3.96,4.8,3.719583333333334
19,26,2,0.0,0.0,4.017083333333334
20,26,2,7.140000000000001,4.82,3.8162500000000006
21,26,2,0.0,6.96,3.685416666666667
22,26,2,3.82,0.0,3.685416666666667
23,26,2,0.0,0.0,3.8070833333333334
0,27,3,2.92,3.64,3.789166666666667
1,27,3,3.21,0.0,3.789166666666667
2,27,3,0.0,2.33,3.8175000000000003
3,27,3,3.01,2.03,3.861666666666667
4,27,3,3.09,0.0,3.861666666666667
5,27,3,0.0,0.0,4.292916666666667
6,27,3,10.35,11.69,4.190416666666667
7,27,3,9.23,11.95,3.6925000000000003
8,27,3,0.0,2.14,3.7762500000000006
9,27,3,4.15,7.63,3.626666666666667
10,27,3,4.04,6.630000000000001,3.695833333333334
11,27,3,8.290000000000001,7.9,3.9495833333333334
12,27,3,13.989999999999998,3.56,4.0929166666666665
13,27,3,7.0,0.0,4.0929166666666665
14,27,3,0.0,0.0,4.0929166666666665
15,27,3,0.0,6.23,3.9308333333333336
16,27,3,2.34,7.8,4.28875
17,27,3,16.39,3.96,4.12375
18,27,3,0.0,0.0,4.216666666666667
19,27,3,2.23,7.140000000000001,4.545000000000001
20,27,3,15.02,0.0,4.830416666666667
21,27,3,6.85,3.82,4.67125
22,27,3,0.0,0.0,4.67125
23,27,3,0.0,2.92,4.5495833333333335
0,28,4,0.0,3.21,4.88375
1,28,4,11.23,0.0,5.07375
2,28,4,4.56,3.01,5.037916666666667
3,28,4,2.15,3.09,4.909166666666667
4,28,4,0.0,0.0,4.909166666666667
5,28,4,0.0,10.35,4.477916666666666
6,28,4,0.0,9.23,4.093333333333334
7,28,4,0.0,0.0,4.60625
8,28,4,12.31,4.15,4.5754166666666665
9,28,4,3.41,4.04,4.4070833333333335
10,28,4,0.0,8.290000000000001,4.17875
11,28,4,2.81,13.989999999999998,3.5958333333333337
12,28,4,0.0,7.0,3.304166666666667
13,28,4,0.0,0.0,3.8929166666666677
14,28,4,14.13,0.0,3.892916666666667
15,28,4,0.0,2.34,3.9058333333333337
16,28,4,2.65,16.39,3.222916666666667
17,28,4,0.0,0.0,3.222916666666667
18,28,4,0.0,2.23,3.290416666666667
19,28,4,3.85,15.02,3.0112500000000004
20,28,4,8.32,6.85,2.8183333333333334
21,28,4,2.22,0.0,2.8183333333333334
22,28,4,0.0,0.0,3.0533333333333332
23,28,4,5.640000000000001,0.0,3.2154166666666666
0,29,5,3.89,11.23,3.048333333333334
1,29,5,7.22,4.56,3.034166666666667
2,29,5,4.22,2.15,3.235416666666667
3,29,5,6.98,0.0,3.235416666666667
4,29,5,0.0,0.0,3.3275000000000006
5,29,5,2.21,0.0,3.6208333333333336
6,29,5,7.04,0.0,3.7412500000000004
7,29,5,2.89,12.31,3.4883333333333333
8,29,5,6.24,3.41,3.4783333333333335
9,29,5,3.17,0.0,3.4783333333333335
10,29,5,0.0,2.81,3.36125
11,29,5,0.0,0.0,3.8275
12,29,5,11.19,0.0,3.9650000000000003
13,29,5,3.3,14.13,3.4654166666666675
14,29,5,2.14,0.0,3.7945833333333336
15,29,5,7.9,2.65,3.8083333333333336
16,29,5,2.98,0.0,4.0925
17,29,5,6.82,0.0,4.0925
18,29,5,0.0,3.85,4.125416666666667
19,29,5,4.64,8.32,3.9570833333333333
20,29,5,4.28,2.22,4.064166666666667
21,29,5,4.79,0.0,4.30375
22,29,5,5.75,5.640000000000001,4.0687500000000005
23,29,5,0.0,3.89,4.120833333333334
0,30,6,5.140000000000001,7.22,3.9358333333333335
1,30,6,2.78,4.22,3.9512500000000004
2,30,6,4.59,6.98,3.8379166666666666
3,30,6,4.26,0.0,4.778333333333333
4,30,6,22.57,2.21,4.885000000000001
5,30,6,4.77,7.04,4.679583333333333
6,30,6,2.11,2.89,4.699166666666667
7,30,6,3.36,6.24,4.5575
8,30,6,2.84,3.17,4.640416666666667
9,30,6,5.16,0.0,4.90625
10,30,6,6.380000000000001,0.0,5.214166666666666
11,30,6,7.39,11.19,4.747916666666667
12,30,6,0.0,3.3,4.735
13,30,6,2.99,2.14,4.645833333333333
14,30,6,0.0,7.9,4.618333333333333
15,30,6,7.24,2.98,4.691666666666667
16,30,6,4.74,6.82,4.4075
17,30,6,0.0,0.0,4.4075
18,30,6,0.0,4.64,4.214166666666666
19,30,6,0.0,4.28,4.035833333333334
20,30,6,0.0,4.79,3.952083333333334
21,30,6,2.78,5.75,3.8008333333333337
22,30,6,2.12,0.0,3.9537500000000008
23,30,6,3.67,5.140000000000001,4.11625
0,31,0,9.04,2.78,4.28
1,31,0,6.71,4.59,4.21875
2,31,0,3.12,4.26,4.1975
3,31,0,3.75,22.57,3.2570833333333336
4,31,0,0.0,4.77,3.0583333333333336
5,31,0,0.0,2.11,3.3025000000000007
6,31,0,7.970000000000001,3.36,3.2479166666666672
7,31,0,2.05,2.84,3.608333333333334
8,31,0,11.489999999999998,5.16,3.8283333333333336
9,31,0,10.44,6.380000000000001,3.6695833333333336
10,31,0,2.57,7.39,3.361666666666667
11,31,0,0.0,0.0,3.52125
12,31,0,3.83,2.99,3.396666666666667
13,31,0,0.0,0.0,3.4925
14,31,0,2.3,7.24,3.470416666666667
15,31,0,6.71,4.74,3.533333333333333
16,31,0,6.25,0.0,3.533333333333333
17,31,0,0.0,0.0,3.795833333333334
18,31,0,6.300000000000001,0.0,4.251666666666667
19,31,0,10.94,0.0,4.584583333333334
20,31,0,7.99,2.78,4.71375
21,31,0,5.880000000000001,2.12,4.9070833333333335
22,31,0,6.76,3.67,4.754166666666667
23,31,0,0.0,9.04,4.3775
0,1,1,0.0,6.71,4.097916666666667
1,1,1,0.0,3.12,4.1554166666666665
2,1,1,4.5,3.75,3.999166666666667
3,1,1,0.0,0.0,3.999166666666667
4,1,1,0.0,0.0,4.239583333333333
5,1,1,5.77,7.970000000000001,4.037083333333333
6,1,1,3.11,2.05,4.2058333333333335
7,1,1,6.1,11.489999999999998,3.727083333333334
8,1,1,0.0,10.44,3.2920833333333337
9,1,1,0.0,2.57,3.1850000000000005
10,1,1,0.0,0.0,3.3208333333333333
11,1,1,3.26,3.83,3.645
12,1,1,11.61,0.0,3.842916666666667
13,1,1,4.75,2.3,3.7470833333333338
14,1,1,0.0,6.71,3.755416666666667
15,1,1,6.91,6.25,3.6770833333333335
16,1,1,4.37,0.0,3.6770833333333335
17,1,1,0.0,6.300000000000001,3.753333333333334
18,1,1,8.13,10.94,3.2975000000000008
19,1,1,0.0,7.99,3.25
20,1,1,6.85,5.880000000000001,3.14125
21,1,1,3.27,6.76,3.105
22,1,1,5.890000000000001,0.0,3.205416666666667
23,1,1,2.41,0.0,3.3983333333333334
0,2,2,4.63,0.0,3.4912500000000004
1,2,2,2.23,4.5,3.5270833333333336
2,2,2,5.36,0.0,3.89875
3,2,2,8.92,0.0,3.89875
4,2,2,0.0,5.77,3.9966666666666666
5,2,2,8.12,3.11,3.8670833333333334
6,2,2,0.0,6.1,3.612916666666667
7,2,2,0.0,0.0,4.108750000000001
8,2,2,11.9,0.0,4.240416666666667
9,2,2,3.16,0.0,4.240416666666667
10,2,2,0.0,3.26,4.104583333333333
11,2,2,0.0,11.61,3.8633333333333337
12,2,2,5.82,4.75,3.84625
13,2,2,4.34,0.0,3.84625
14,2,2,0.0,6.91,3.882916666666667
15,2,2,7.79,4.37,3.9637500000000006
16,2,2,6.31,0.0,3.9637500000000006
17,2,2,0.0,8.13,3.7412500000000004
18,2,2,2.79,0.0,3.7412500000000004
19,2,2,0.0,6.85,3.455833333333333
20,2,2,0.0,3.27,3.4083333333333337
21,2,2,2.13,5.890000000000001,3.450416666666667
22,2,2,6.9,2.41,3.6629166666666673
23,2,2,7.51,4.63,3.8687500000000004
0,3,3,9.57,2.23,3.7758333333333334
1,3,3,0.0,5.36,3.5525
2,3,3,0.0,8.92,3.332916666666667
3,3,3,3.65,0.0,3.332916666666667
4,3,3,0.0,8.12,3.1020833333333333
5,3,3,2.58,0.0,3.4608333333333334
6,3,3,8.61,0.0,3.5895833333333336
7,3,3,3.09,11.9,3.268333333333334
8,3,3,4.19,3.16,3.3379166666666666
9,3,3,4.83,0.0,3.640416666666667
10,3,3,7.26,0.0,3.8325
11,3,3,4.61,5.82,3.856666666666667
12,3,3,6.4,4.34,3.6758333333333333
13,3,3,0.0,0.0,3.6758333333333333
14,3,3,0.0,7.79,3.7466666666666675
15,3,3,9.49,6.31,3.4837500000000006
16,3,3,0.0,0.0,3.4837500000000006
17,3,3,0.0,2.79,3.3675
18,3,3,0.0,0.0,3.3675
19,3,3,0.0,0.0,3.3675
20,3,3,0.0,2.13,3.2787500000000005
21,3,3,0.0,6.9,2.9912500000000004
22,3,3,0.0,7.51,2.8741666666666674
23,3,3,4.7,9.57,2.475416666666667
0,4,4,0.0,0.0,2.5775
1,4,4,2.45,0.0,2.775416666666667
2,4,4,4.75,3.65,2.80125
3,4,4,4.27,0.0,3.097916666666667
4,4,4,7.12,2.58,2.990416666666667
5,4,4,0.0,8.61,2.6316666666666673
6,4,4,0.0,3.09,2.62875
7,4,4,3.02,4.19,2.565833333333334
8,4,4,2.68,4.83,2.611666666666667
9,4,4,5.93,7.26,2.3091666666666666
10,4,4,0.0,4.61,2.1170833333333334
11,4,4,0.0,6.4,1.850416666666667
12,4,4,0.0,0.0,2.104166666666667
13,4,4,6.09,0.0,2.215416666666667
14,4,4,2.67,9.49,2.1237500000000002
15,4,4,7.29,0.0,2.1237500000000002
16,4,4,0.0,0.0,2.252916666666667
17,4,4,3.1,0.0,2.252916666666667
18,4,4,0.0,0.0,2.416666666666667
19,4,4,3.93,0.0,2.416666666666667
20,4,4,0.0,0.0,2.6445833333333337
21,4,4,5.470000000000001,0.0,2.6445833333333337
22,4,4,0.0,4.7,2.802083333333334
23,4,4,8.48,0.0,2.924583333333334
0,5,5,2.94,2.45,2.8225000000000002
1,5,5,0.0,4.75,2.6245833333333337
2,5,5,0.0,4.27,2.8754166666666667
3,5,5,10.29,7.12,2.6820833333333334
4,5,5,2.48,0.0,2.7929166666666667
5,5,5,2.66,0.0,2.7929166666666667
6,5,5,0.0,3.02,3.1133333333333337
7,5,5,10.71,2.68,3.001666666666667
8,5,5,0.0,5.93,2.754583333333334
9,5,5,0.0,0.0,3.049583333333334
10,5,5,7.08,0.0,3.379166666666667
11,5,5,7.91,0.0,3.511666666666667
12,5,5,3.18,6.09,3.410416666666667
13,5,5,3.66,2.67,3.4654166666666666
14,5,5,3.99,7.29,3.443750000000001
15,5,5,6.77,0.0,3.628333333333334
16,5,5,4.43,3.1,3.499166666666667
17,5,5,0.0,0.0,3.657083333333334
18,5,5,3.79,3.93,3.612916666666667
19,5,5,2.87,0.0,3.7425
20,5,5,3.11,5.470000000000001,3.514583333333333
21,5,5,0.0,0.0,3.7716666666666665
22,5,5,6.17,8.48,3.7745833333333336
23,5,5,8.55,2.94,3.8400000000000003
0,6,6,4.51,0.0,4.145833333333334
1,6,6,7.34,0.0,4.145833333333334
2,6,6,0.0,10.29,4.027083333333334
3,6,6,7.44,2.48,4.353750000000001
4,6,6,10.32,2.66,4.38625
5,6,6,3.44,0.0,4.587083333333333
6,6,6,4.82,10.71,4.140833333333334
7,6,6,0.0,0.0,4.314166666666667
8,6,6,4.16,0.0,4.314166666666667
9,6,6,0.0,7.08,4.327500000000001
10,6,6,7.4,7.91,4.382916666666667
11,6,6,9.24,3.18,4.425000000000001
12,6,6,4.19,3.66,4.68625
13,6,6,9.93,3.99,4.5200000000000005
14,6,6,0.0,6.77,4.237916666666667
15,6,6,0.0,4.43,4.37375
16,6,6,7.689999999999999,0.0,4.505833333333333
17,6,6,3.17,3.79,4.546250000000001
18,6,6,4.76,2.87,4.5675
19,6,6,3.38,3.11,4.5441666666666665
20,6,6,2.55,0.0,4.71875
21,6,6,4.19,6.17,4.654166666666667
22,6,6,4.62,8.55,4.426666666666667
23,6,6,3.09,4.51,4.2387500000000005
0,7,0,0.0,7.34,4.042083333333333
1,7,0,2.62,0.0,4.345000000000001
2,7,0,7.27,7.44,4.1825
3,7,0,3.54,10.32,3.8433333333333337
4,7,0,2.18,3.44,3.9812500000000006
5,7,0,6.75,4.82,3.780416666666667
6,7,0,0.0,0.0,4.46
7,7,0,16.310000000000002,4.16,4.286666666666667
8,7,0,0.0,0.0,4.286666666666667
9,7,0,0.0,7.4,4.0895833333333345
10,7,0,2.67,9.24,3.704583333333334
11,7,0,0.0,4.19,3.675416666666667
12,7,0,3.49,9.93,3.2616666666666667
13,7,0,0.0,0.0,3.2616666666666667
14,7,0,0.0,0.0,3.2616666666666667
15,7,0,0.0,7.689999999999999,3.2358333333333333
16,7,0,7.07,3.17,3.1037500000000002
17,7,0,0.0,4.76,3.051250000000001
18,7,0,3.5,3.38,3.1700000000000004
19,7,0,6.23,2.55,3.3595833333333336
20,7,0,7.1,4.19,3.7633333333333336
21,7,0,13.88,4.62,3.772500000000001
22,7,0,4.84,3.09,3.9237500000000005
23,7,0,6.720000000000001,0.0,3.9237500000000005
0,8,1,0.0,2.62,3.907083333333334
1,8,1,2.22,7.27,3.9337500000000003
2,8,1,7.91,3.54,4.257083333333334
3,8,1,11.3,2.18,4.367500000000001
4,8,1,4.83,6.75,4.242083333333334
5,8,1,3.74,0.0,4.242083333333334
6,8,1,0.0,16.310000000000002,3.829583333333334
7,8,1,6.41,0.0,3.9329166666666673
8,8,1,2.48,0.0,4.639583333333334
9,8,1,16.96,2.67,4.728333333333334
10,8,1,4.8,0.0,4.909583333333334
11,8,1,4.35,3.49,5.2595833333333335
12,8,1,11.89,0.0,5.259583333333334
13,8,1,0.0,0.0,5.259583333333334
14,8,1,0.0,0.0,5.259583333333334
15,8,1,0.0,7.07,4.965000000000001
16,8,1,0.0,0.0,5.349166666666668
17,8,1,9.22,3.5,5.384166666666666
18,8,1,4.34,6.23,5.245
19,8,1,2.89,7.1,5.105833333333334
20,8,1,3.76,13.88,4.5275
21,8,1,0.0,4.84,4.4325
22,8,1,2.56,6.720000000000001,4.152500000000001
23,8,1,0.0,0.0,4.152500000000001
0,9,2,0.0,2.22,4.0600000000000005
1,9,2,0.0,7.91,3.864166666666667
2,9,2,3.21,11.3,3.6658333333333335
3,9,2,6.54,4.83,3.4645833333333336
4,9,2,0.0,3.74,3.30875
5,9,2,0.0,0.0,3.30875
6,9,2,0.0,6.41,3.0416666666666665
7,9,2,0.0,2.48,2.938333333333334
8,9,2,0.0,16.96,2.4325000000000006
9,9,2,4.82,4.8,2.54625
10,9,2,7.529999999999999,4.35,2.464166666666667
11,9,2,2.38,11.89,1.9687500000000002
12,9,2,0.0,0.0,2.106666666666667
13,9,2,3.31,0.0,2.106666666666667
14,9,2,0.0,0.0,2.106666666666667
15,9,2,0.0,0.0,2.361666666666667
16,9,2,6.12,9.22,2.146666666666667
17,9,2,4.06,4.34,2.0820833333333337
18,9,2,2.79,2.89,1.961666666666667
19,9,2,0.0,3.76,1.9287500000000002
20,9,2,2.97,0.0,2.1520833333333336
21,9,2,5.359999999999999,2.56,2.5658333333333334
22,9,2,12.489999999999998,0.0,2.717916666666667
23,9,2,3.65,0.0,2.8975000000000004
0,10,3,4.31,0.0,3.2320833333333336
1,10,3,8.030000000000001,3.21,3.266666666666667
2,10,3,4.04,6.54,3.185416666666667
3,10,3,4.59,0.0,3.185416666666667
4,10,3,0.0,0.0,3.185416666666667
5,10,3,0.0,0.0,3.185416666666667
6,10,3,0.0,0.0,3.185416666666667
7,10,3,0.0,0.0,3.3516666666666666
8,10,3,3.99,4.82,3.1508333333333334
9,10,3,0.0,7.529999999999999,2.8370833333333336
10,10,3,0.0,2.38,2.9304166666666673
11,10,3,4.62,0.0,3.0212500000000007
12,10,3,2.18,3.31,2.883333333333334
13,10,3,0.0,0.0,3.25375
14,10,3,8.89,0.0,3.41
15,10,3,3.75,6.12,3.155
16,10,3,0.0,4.06,3.1687499999999997
17,10,3,4.39,2.79,3.1629166666666673
18,10,3,2.65,0.0,3.2941666666666674
19,10,3,3.15,2.97,3.1704166666666675
20,10,3,0.0,5.359999999999999,2.947083333333334
21,10,3,0.0,12.489999999999998,2.5545833333333334
22,10,3,3.07,3.65,2.4025000000000003
23,10,3,0.0,4.31,2.441666666666667
0,11,4,5.25,8.030000000000001,2.1070833333333336
1,11,4,0.0,4.04,2.3033333333333337
2,11,4,8.75,4.59,2.2150000000000003
3,11,4,2.47,0.0,2.320416666666667
4,11,4,2.53,0.0,2.320416666666667
5,11,4,0.0,0.0,2.320416666666667
6,11,4,0.0,0.0,2.60625
7,11,4,6.859999999999999,3.99,2.9995833333333337
8,11,4,13.43,0.0,3.2625000000000006
9,11,4,6.3100000000000005,0.0,3.2625000000000006
10,11,4,0.0,4.62,3.18125
11,11,4,2.67,2.18,3.0904166666666666
12,11,4,0.0,0.0,3.175416666666667
13,11,4,2.04,8.89,2.9787500000000002
14,11,4,4.17,3.75,2.924583333333334
15,11,4,2.45,0.0,3.0383333333333336
16,11,4,2.73,4.39,2.8554166666666667
17,11,4,0.0,2.65,3.017916666666667
18,11,4,6.55,3.15,3.00125
19,11,4,2.75,0.0,3.247916666666667
20,11,4,5.92,0.0,3.677916666666667
21,11,4,10.32,3.07,3.829166666666667
22,11,4,6.7,0.0,3.9158333333333335
23,11,4,2.08,5.25,3.6970833333333335
0,12,5,0.0,0.0,3.6970833333333335
1,12,5,0.0,8.75,3.3325
2,12,5,0.0,2.47,3.2295833333333337
3,12,5,0.0,2.53,3.4445833333333336
4,12,5,7.689999999999999,0.0,3.6558333333333333
5,12,5,5.07,0.0,3.9866666666666664
6,12,5,7.939999999999999,6.859999999999999,3.813333333333333
7,12,5,2.7,13.43,3.6662500000000002
8,12,5,9.9,6.3100000000000005,3.8420833333333335
9,12,5,10.53,0.0,3.8420833333333335
10,12,5,0.0,2.67,3.7308333333333334
11,12,5,0.0,0.0,3.7308333333333334
12,12,5,0.0,2.04,3.7633333333333336
13,12,5,2.82,4.17,3.5895833333333336
14,12,5,0.0,2.45,3.8862500000000004
15,12,5,9.57,2.73,3.7725000000000004
16,12,5,0.0,0.0,3.9600000000000004
17,12,5,4.5,6.55,3.882916666666667
18,12,5,4.7,2.75,3.86375
19,12,5,2.29,5.92,3.8858333333333337
20,12,5,6.45,10.32,3.455833333333334
21,12,5,0.0,6.7,3.3708333333333336
22,12,5,4.66,2.08,3.4550000000000005
23,12,5,4.1,0.0,3.632083333333334
0,13,6,4.25,0.0,3.942916666666667
1,13,6,7.46,0.0,4.0475
2,13,6,2.51,0.0,4.19625
3,13,6,3.57,7.689999999999999,4.0079166666666675
4,13,6,3.17,5.07,3.90625
5,13,6,2.63,7.939999999999999,3.575416666666667
6,13,6,0.0,2.7,3.564166666666667
7,13,6,2.43,9.9,3.889583333333334
8,13,6,17.71,10.53,3.4508333333333336
9,13,6,0.0,0.0,3.4508333333333336
10,13,6,0.0,0.0,3.4508333333333336
11,13,6,0.0,0.0,3.5775000000000006
12,13,6,3.04,2.82,3.64
13,13,6,4.32,0.0,3.64
14,13,6,0.0,9.57,3.447083333333334
15,13,6,4.94,0.0,3.447083333333334
16,13,6,0.0,4.5,3.380833333333334
17,13,6,2.91,4.7,3.1850000000000005
18,13,6,0.0,2.29,3.0895833333333336
19,13,6,0.0,6.45,2.9800000000000004
20,13,6,3.82,0.0,3.3054166666666673
21,13,6,7.81,4.66,3.11125
22,13,6,0.0,4.1,2.940416666666667
23,13,6,0.0,4.25,2.7633333333333336
0,14,0,0.0,7.46,2.6079166666666667
1,14,0,3.73,2.51,2.8633333333333337
2,14,0,8.64,3.57,2.8120833333333337
3,14,0,2.34,3.17,2.680000000000001
4,14,0,0.0,2.63,2.768333333333333
5,14,0,4.75,0.0,3.081666666666667
6,14,0,7.52,2.43,3.08625
7,14,0,2.54,17.71,2.7075
8,14,0,8.620000000000001,0.0,2.7075
9,14,0,0.0,0.0,2.896666666666667
10,14,0,4.54,0.0,2.896666666666667
11,14,0,0.0,3.04,2.770000000000001
12,14,0,0.0,4.32,2.8258333333333336
13,14,0,5.66,0.0,2.966666666666667
14,14,0,3.38,4.94,2.8825000000000003
15,14,0,2.92,0.0,2.8825000000000003
16,14,0,0.0,2.91,2.865416666666667
17,14,0,2.5,0.0,2.865416666666667
18,14,0,0.0,0.0,3.1545833333333335
19,14,0,6.94,3.82,3.1337500000000005
20,14,0,3.32,7.81,3.15375
21,14,0,8.29,0.0,3.5058333333333334
22,14,0,8.45,0.0,3.989583333333334
23,14,0,11.61,0.0,4.255833333333333
0,15,1,6.390000000000001,3.73,4.29375
1,15,1,4.64,8.64,3.9337500000000003
2,15,1,0.0,2.34,4.095
3,15,1,6.21,0.0,4.095
4,15,1,0.0,4.75,4.395833333333333
5,15,1,11.97,7.52,4.0825000000000005
6,15,1,0.0,2.54,4.109583333333334
7,15,1,3.19,8.620000000000001,3.9441666666666673
8,15,1,4.65,0.0,3.9441666666666664
9,15,1,0.0,4.54,3.852916666666667
10,15,1,2.35,0.0,4.232083333333334
11,15,1,9.1,0.0,4.615416666666667
12,15,1,9.2,5.66,4.66
13,15,1,6.73,3.38,4.519166666666666
14,15,1,0.0,2.92,4.538749999999999
15,15,1,3.39,0.0,4.860416666666667
16,15,1,7.720000000000001,2.5,4.7562500000000005
17,15,1,0.0,0.0,4.9070833333333335
18,15,1,3.62,6.94,4.944166666666667
19,15,1,7.83,3.32,5.219166666666667
20,15,1,9.92,8.29,4.974583333333333
21,15,1,2.42,8.45,5.024166666666667
22,15,1,9.64,11.61,4.627083333333334
23,15,1,2.08,6.390000000000001,4.483750000000001
0,16,2,2.95,4.64,4.696666666666667
1,16,2,9.75,0.0,4.832083333333334
2,16,2,3.25,6.21,4.75
3,16,2,4.24,0.0,5.105416666666667
4,16,2,8.53,11.97,4.7508333333333335
5,16,2,3.46,0.0,5.038333333333333
6,16,2,6.9,3.19,5.46125
7,16,2,13.34,4.65,5.607083333333333
8,16,2,8.15,0.0,5.607083333333333
9,16,2,0.0,2.35,5.7058333333333335
10,16,2,4.72,9.1,5.326666666666667
11,16,2,0.0,9.2,4.943333333333334
12,16,2,0.0,6.73,4.7579166666666675
13,16,2,2.28,0.0,5.098333333333334
14,16,2,8.17,3.39,5.0575
15,16,2,2.41,7.720000000000001,4.735833333333334
16,16,2,0.0,0.0,4.905
17,16,2,4.06,3.62,4.754166666666667
18,16,2,0.0,7.83,4.684583333333333
19,16,2,6.16,9.92,4.27125
20,16,2,0.0,2.42,4.792916666666667
21,16,2,14.94,9.64,4.592083333333334
22,16,2,4.82,2.08,4.690833333333333
23,16,2,4.449999999999999,2.95,4.567916666666666
0,17,3,0.0,9.75,4.161666666666666
1,17,3,0.0,3.25,4.15875
2,17,3,3.18,4.24,4.095833333333334
3,17,3,2.73,8.53,3.9783333333333335
4,17,3,5.71,3.46,3.9350000000000005
5,17,3,2.42,6.9,3.9120833333333334
6,17,3,6.35,13.34,3.3562500000000006
7,17,3,0.0,8.15,3.2062500000000003
8,17,3,4.55,0.0,3.405416666666667
9,17,3,4.78,4.72,3.20875
10,17,3,0.0,0.0,3.20875
11,17,3,0.0,0.0,3.20875
12,17,3,0.0,2.28,3.11375
13,17,3,0.0,8.17,3.1720833333333336
14,17,3,9.57,2.41,3.6162500000000004
15,17,3,13.07,0.0,3.7512500000000006
16,17,3,3.24,4.06,3.8554166666666667
17,17,3,6.5600000000000005,0.0,3.8554166666666667
18,17,3,0.0,6.16,3.5987500000000003
19,17,3,0.0,0.0,3.9395833333333337
20,17,3,8.18,14.94,3.317083333333334
21,17,3,0.0,4.82,3.2600000000000002
22,17,3,3.45,4.449999999999999,3.0745833333333334
23,17,3,0.0,0.0,3.0745833333333334
0,18,4,0.0,0.0,3.0745833333333334
1,18,4,0.0,3.18,3.4762500000000003
2,18,4,12.82,2.73,3.660833333333334
3,18,4,7.16,5.71,3.9670833333333335
4,18,4,13.06,2.42,3.9504166666666674
5,18,4,2.02,6.35,3.6858333333333335
6,18,4,0.0,0.0,3.6858333333333335
7,18,4,0.0,4.55,3.6408333333333336
8,18,4,3.47,4.78,3.441666666666667
9,18,4,0.0,0.0,3.7933333333333334
10,18,4,8.440000000000001,0.0,3.878333333333334
11,18,4,2.04,0.0,3.878333333333334
12,18,4,0.0,0.0,4.12875
13,18,4,6.01,9.57,3.845416666666667
14,18,4,2.77,13.07,3.3008333333333333
15,18,4,0.0,3.24,3.440000000000001
16,18,4,6.58,6.5600000000000005,3.3200000000000003
17,18,4,3.68,0.0,3.3200000000000003
18,18,4,0.0,0.0,3.3200000000000003
19,18,4,0.0,8.18,3.1283333333333334
20,18,4,3.58,0.0,3.128333333333334
21,18,4,0.0,3.45,3.423333333333334
22,18,4,10.53,0.0,3.727083333333334
23,18,4,7.29,0.0,4.290833333333334
0,19,5,13.53,0.0,4.478750000000001
1,19,5,4.51,12.82,4.129583333333334
2,19,5,4.44,7.16,3.8312500000000003
3,19,5,0.0,13.06,3.629166666666667
4,19,5,8.21,2.02,3.817083333333334
5,19,5,6.529999999999999,0.0,3.817083333333334
6,19,5,0.0,0.0,4.352916666666667
7,19,5,12.86,3.47,4.459166666666667
8,19,5,6.02,0.0,4.75125
9,19,5,7.01,8.440000000000001,4.489583333333334
10,19,5,2.16,2.04,4.404583333333334
11,19,5,0.0,0.0,4.404583333333334
12,19,5,0.0,6.01,4.269583333333333
13,19,5,2.77,2.77,4.45375
14,19,5,7.19,0.0,4.45375
15,19,5,0.0,6.58,4.29
16,19,5,2.65,3.68,4.245833333333334
17,19,5,2.62,0.0,4.845
18,19,5,14.38,0.0,5.133333333333334
19,19,5,6.92,3.58,5.148750000000001
20,19,5,3.95,0.0,5.377083333333334
21,19,5,5.48,10.53,4.9383333333333335
22,19,5,0.0,7.29,5.027500000000001
23,19,5,9.43,13.53,4.46375
0,20,6,0.0,4.51,4.382916666666667
1,20,6,2.57,4.44,4.525416666666667
2,20,6,7.859999999999999,0.0,4.525416666666667
3,20,6,0.0,8.21,4.609583333333334
4,20,6,10.23,6.529999999999999,4.457916666666667
5,20,6,2.89,0.0,4.7283333333333335
6,20,6,6.49,12.86,4.1925
7,20,6,0.0,6.02,3.941666666666667
8,20,6,0.0,7.01,4.18125
9,20,6,12.76,2.16,4.477916666666667
10,20,6,9.28,0.0,4.477916666666667
11,20,6,0.0,0.0,4.7820833333333335
12,20,6,7.3,2.77,4.666666666666667
13,20,6,0.0,7.19,4.72
14,20,6,8.469999999999999,0.0,4.918333333333334
15,20,6,4.76,2.65,4.807916666666667
16,20,6,0.0,2.62,4.69875
17,20,6,0.0,14.38,4.329166666666667
18,20,6,5.51,6.92,4.0408333333333335
19,20,6,0.0,3.95,4.222083333333334
20,20,6,8.3,5.48,3.99375
21,20,6,0.0,0.0,3.99375
22,20,6,0.0,9.43,3.7808333333333337
23,20,6,4.32,0.0,3.9029166666666675
0,21,0,2.93,2.57,3.795833333333334
1,21,0,0.0,7.859999999999999,3.5845833333333332
2,21,0,2.79,0.0,4.065
3,21,0,11.53,10.23,3.6387500000000004
4,21,0,0.0,2.89,3.518333333333334
5,21,0,0.0,6.49,3.3395833333333336
6,21,0,2.2,0.0,3.7441666666666666
7,21,0,9.71,0.0,4.021666666666667
8,21,0,6.66,12.76,3.4900000000000007
9,21,0,0.0,9.28,3.2783333333333338
10,21,0,4.2,0.0,3.2783333333333338
11,21,0,0.0,7.3,2.9741666666666666
12,21,0,0.0,0.0,2.9741666666666666
13,21,0,0.0,8.469999999999999,2.7154166666666666
14,21,0,2.26,4.76,2.517083333333334
15,21,0,0.0,0.0,2.96125
16,21,0,10.66,0.0,2.96125
17,21,0,0.0,5.51,2.731666666666667
18,21,0,0.0,0.0,2.8708333333333336
19,21,0,3.34,8.3,2.8241666666666667
20,21,0,7.18,0.0,2.950416666666667
21,21,0,3.03,0.0,2.950416666666667
22,21,0,0.0,4.32,3.336250000000001
23,21,0,13.58,2.93,3.6666666666666665
0,22,1,10.86,0.0,4.002916666666667
1,22,1,8.07,2.79,3.8866666666666667
2,22,1,0.0,11.53,3.747916666666667
3,22,1,8.2,0.0,4.250416666666667
4,22,1,12.06,0.0,4.250416666666667
5,22,1,0.0,2.2,4.735
6,22,1,13.83,9.71,4.330416666666667
7,22,1,0.0,6.66,4.199583333333334
8,22,1,3.52,0.0,4.199583333333334
9,22,1,0.0,4.2,4.024583333333333
10,22,1,0.0,0.0,4.164166666666667
11,22,1,3.35,0.0,4.32375
12,22,1,3.83,0.0,4.32375
13,22,1,0.0,2.26,4.389583333333333
14,22,1,3.84,0.0,4.389583333333333
15,22,1,0.0,10.66,3.9454166666666666
16,22,1,0.0,0.0,4.385000000000001
17,22,1,10.55,0.0,4.57
18,22,1,4.44,3.34,4.6225
19,22,1,4.6,7.18,4.323333333333333
20,22,1,0.0,3.03,4.1970833333333335
21,22,1,0.0,0.0,4.339166666666666
22,22,1,3.41,13.58,3.9270833333333335
23,22,1,3.69,10.86,3.8508333333333336
0,23,2,9.03,8.07,3.8354166666666667
1,23,2,7.699999999999999,0.0,4.5183333333333335
2,23,2,16.39,8.2,4.31125
3,23,2,3.23,12.06,3.9779166666666668
4,23,2,4.06,0.0,4.114583333333333
5,23,2,3.28,13.83,3.6445833333333337
6,23,2,2.55,0.0,3.6445833333333337
7,23,2,0.0,3.52,3.8195833333333336
8,23,2,7.720000000000001,0.0,4.1066666666666665
9,23,2,6.890000000000001,0.0,4.290416666666666
10,23,2,4.41,3.35,4.150833333333334
11,23,2,0.0,3.83,4.131666666666667
12,23,2,3.37,0.0,4.259166666666667
13,23,2,3.06,3.84,4.379166666666667
14,23,2,6.720000000000001,0.0,4.63375
15,23,2,6.109999999999999,0.0,4.787083333333333
16,23,2,3.68,10.55,4.657916666666667
17,23,2,7.45,4.44,4.656666666666667
18,23,2,4.41,4.6,4.597083333333333
19,23,2,3.17,0.0,4.7491666666666665
20,23,2,3.65,0.0,5.0424999999999995
21,23,2,7.04,3.41,4.900416666666667
22,23,2,0.0,3.69,4.746666666666667
23,23,2,0.0,9.03,4.370416666666666
0,24,3,0.0,7.699999999999999,4.439583333333333
1,24,3,9.36,16.39,3.85375
2,24,3,2.33,3.23,3.7191666666666667
3,24,3,0.0,4.06,3.7154166666666666
4,24,3,3.97,3.28,3.57875
5,24,3,0.0,2.55,3.6675000000000004
6,24,3,4.68,0.0,3.6675000000000004
7,24,3,0.0,7.720000000000001,3.5270833333333336
8,24,3,4.35,6.890000000000001,3.358333333333334
9,24,3,2.84,4.41,3.5354166666666664
10,24,3,8.66,0.0,3.5354166666666664
11,24,3,0.0,3.37,3.395
12,24,3,0.0,3.06,3.5533333333333332
13,24,3,6.859999999999999,6.720000000000001,3.7662500000000008
14,24,3,11.83,6.109999999999999,3.6991666666666667
15,24,3,4.5,3.68,3.672083333333333
16,24,3,3.03,7.45,3.361666666666667
17,24,3,0.0,4.41,3.1779166666666665
18,24,3,0.0,3.17,3.2391666666666663
19,24,3,4.64,3.65,3.0870833333333336
20,24,3,0.0,7.04,2.939166666666667
21,24,3,3.49,0.0,3.207916666666667
22,24,3,6.45,0.0,3.7670833333333333
23,24,3,13.42,0.0,3.890416666666667
0,25,4,2.96,9.36,3.5004166666666667
1,25,4,0.0,2.33,3.5470833333333336
2,25,4,3.45,0.0,3.5470833333333336
3,25,4,0.0,3.97,3.6995833333333334
4,25,4,7.630000000000001,0.0,3.943333333333334
5,25,4,5.85,4.68,3.7483333333333335
6,25,4,0.0,0.0,3.7483333333333335
7,25,4,0.0,4.35,3.567083333333334
8,25,4,0.0,2.84,3.5850000000000004
9,25,4,3.27,8.66,3.6700000000000004
10,25,4,10.7,0.0,3.7550000000000003
11,25,4,2.04,0.0,4.065
12,25,4,7.44,6.859999999999999,3.779166666666667
13,25,4,0.0,11.83,3.409583333333334
14,25,4,2.96,4.5,3.3912500000000008
15,25,4,4.06,3.03,3.2650000000000006
16,25,4,0.0,0.0,3.392083333333334
17,25,4,3.05,0.0,3.392083333333334
18,25,4,0.0,4.64,3.5375
19,25,4,8.13,0.0,3.6445833333333333
20,25,4,2.57,3.49,3.767083333333334
21,25,4,6.43,6.45,3.4983333333333335
22,25,4,0.0,13.42,3.200416666666667
23,25,4,6.27,2.96,3.2383333333333337
0,26,5,3.87,0.0,3.4216666666666673
1,26,5,4.4,3.45,3.405416666666667
2,26,5,3.06,0.0,3.405416666666667
3,26,5,0.0,7.630000000000001,3.2720833333333332
4,26,5,4.43,5.85,3.0283333333333338
5,26,5,0.0,0.0,3.0283333333333338
6,26,5,0.0,0.0,3.2170833333333335
7,26,5,4.53,0.0,3.2170833333333335
8,26,5,0.0,3.27,3.190833333333334
9,26,5,2.64,10.7,2.8658333333333332
10,26,5,2.9,2.04,2.93125
11,26,5,3.61,7.44,2.8037500000000004
12,26,5,4.38,0.0,2.990416666666667
13,26,5,4.48,2.96,3.050416666666667
14,26,5,4.4,4.06,2.9675000000000007
15,26,5,2.07,0.0,2.9675000000000007
16,26,5,0.0,3.05,2.969583333333334
17,26,5,3.1,0.0,2.969583333333334
18,26,5,0.0,8.13,2.630833333333334
19,26,5,0.0,2.57,2.7150000000000003
20,26,5,4.59,6.43,2.4470833333333335
21,26,5,0.0,0.0,2.4470833333333335
22,26,5,0.0,6.27,2.2837500000000004
23,26,5,2.35,3.87,2.1225
0,27,6,0.0,4.4,1.939166666666667
1,27,6,0.0,3.06,1.9812500000000002
2,27,6,4.07,0.0,2.2816666666666667
3,27,6,7.21,4.43,2.354166666666667
4,27,6,6.17,0.0,2.354166666666667
5,27,6,0.0,0.0,2.6695833333333336
6,27,6,7.57,4.53,2.7945833333333336
7,27,6,7.529999999999999,0.0,2.7945833333333336
8,27,6,0.0,2.64,3.0825
9,27,6,9.55,2.9,3.3391666666666673
10,27,6,9.06,3.61,3.1887500000000006
11,27,6,0.0,4.38,3.33
12,27,6,7.77,4.48,3.5733333333333337
13,27,6,10.32,4.4,3.782083333333334
14,27,6,9.41,2.07,3.84375
15,27,6,3.55,0.0,3.84375
16,27,6,0.0,3.1,3.7145833333333336
17,27,6,0.0,0.0,3.7145833333333336
18,27,6,0.0,0.0,3.7145833333333336
19,27,6,0.0,4.59,3.61
20,27,6,2.08,0.0,3.61
21,27,6,0.0,0.0,3.61
22,27,6,0.0,2.35,3.6925000000000003
23,27,6,4.33,0.0,3.780416666666667
0,28,0,2.11,0.0,3.886666666666667
1,28,0,2.55,4.07,3.810416666666667
2,28,0,2.24,7.21,3.8537500000000002
3,28,0,8.25,6.17,3.596666666666667
4,28,0,0.0,0.0,3.7708333333333335
5,28,0,4.18,7.57,3.5554166666666673
6,28,0,2.4,7.529999999999999,3.3566666666666674
7,28,0,2.76,0.0,3.3566666666666674
8,28,0,0.0,9.55,3.101666666666667
9,28,0,3.43,9.06,2.724166666666667
10,28,0,0.0,0.0,2.724166666666667
11,28,0,0.0,7.77,2.6566666666666667
12,28,0,6.15,10.32,2.226666666666667
13,28,0,0.0,9.41,1.8345833333333335
14,28,0,0.0,3.55,1.8495833333333336
15,28,0,3.91,0.0,1.8495833333333336
16,28,0,0.0,0.0,2.0833333333333335
17,28,0,5.609999999999999,0.0,2.2770833333333336
18,28,0,4.65,0.0,2.390416666666667
19,28,0,2.72,2.08,2.4000000000000004
20,28,0,2.31,0.0,2.4000000000000004
21,28,0,0.0,0.0,2.4000000000000004
22,28,0,0.0,4.33,2.2195833333333335
23,28,0,0.0,2.11,2.412083333333334
0,29,1,6.73,2.55,2.474166666666667
1,29,1,4.04,2.24,2.487916666666667
2,29,1,2.57,8.25,2.2320833333333336
3,29,1,2.11,0.0,2.2320833333333336
4,29,1,0.0,4.18,2.141666666666667
5,29,1,2.01,2.4,2.041666666666667
6,29,1,0.0,2.76,1.926666666666667
7,29,1,0.0,0.0,2.1995833333333334
8,29,1,6.55,3.43,2.2862500000000003
9,29,1,5.51,0.0,2.739166666666667
10,29,1,10.87,0.0,2.739166666666667
11,29,1,0.0,6.15,2.67375
12,29,1,4.58,0.0,2.67375
13,29,1,0.0,0.0,2.9275
14,29,1,6.09,3.91,2.9570833333333337
15,29,1,4.62,0.0,3.08625
16,29,1,3.1,5.609999999999999,2.970416666666667
17,29,1,2.83,4.65,2.910416666666667
18,29,1,3.21,2.72,3.221666666666667
19,29,1,10.19,2.31,3.23375
20,29,1,2.6,0.0,3.45875
21,29,1,5.4,0.0,3.45875
22,29,1,0.0,0.0,3.6766666666666663
23,29,1,5.23,6.73,3.8091666666666675
0,30,2,9.91,4.04,3.6408333333333336
1,30,2,0.0,2.57,3.533750000000001
2,30,2,0.0,2.11,3.445833333333334
3,30,2,0.0,0.0,3.630416666666667
4,30,2,4.43,2.01,3.884166666666667
5,30,2,8.100000000000001,0.0,3.884166666666667
6,30,2,0.0,0.0,4.00125
7,30,2,2.81,6.55,3.7283333333333335
8,30,2,0.0,5.51,3.8120833333333337
9,30,2,7.52,10.87,3.6791666666666667
10,30,2,7.68,0.0,3.974583333333334
11,30,2,7.09,4.58,3.9012499999999997
12,30,2,2.82,0.0,4.5475
13,30,2,15.51,6.09,4.410000000000001
14,30,2,2.79,4.62,4.2175
15,30,2,0.0,3.1,4.088333333333334
16,30,2,0.0,2.83,4.266666666666667
17,30,2,7.109999999999999,3.21,4.2787500000000005
18,30,2,3.5,10.19,3.8541666666666674
19,30,2,0.0,2.6,4.14125
20,30,2,9.49,5.4,4.000416666666667
21,30,2,2.02,0.0,4.273333333333333
22,30,2,6.55,5.23,4.055416666666667
23,30,2,0.0,9.91,3.7816666666666667
0,31,3,3.34,0.0,3.7816666666666667
1,31,3,0.0,0.0,3.9225000000000008
2,31,3,3.38,0.0,3.9225000000000008
3,31,3,0.0,4.43,3.8575
4,31,3,2.87,8.100000000000001,3.7462500000000003
5,31,3,5.43,0.0,3.7462500000000003
6,31,3,0.0,2.81,4.265
7,31,3,15.26,0.0,4.772083333333334
8,31,3,12.17,7.52,4.45875
9,31,3,0.0,7.68,4.13875
10,31,3,0.0,7.09,4.142083333333334
11,31,3,7.17,2.82,4.024583333333333
12,31,3,0.0,15.51,3.48
13,31,3,2.44,2.79,3.5295833333333335
14,31,3,3.98,0.0,3.674166666666667
15,31,3,3.47,0.0,3.674166666666667
16,31,3,0.0,7.109999999999999,3.377916666666667
17,31,3,0.0,3.5,3.380416666666667
18,31,3,3.56,0.0,3.4737500000000003
19,31,3,2.24,9.49,3.078333333333333
20,31,3,0.0,2.02,3.3095833333333338
21,31,3,7.57,6.55,3.036666666666667
22,31,3,0.0,0.0,3.036666666666667
23,31,3,0.0,3.34,2.8975000000000004
0,1,4,0.0,0.0,2.8975000000000004
1,1,4,0.0,3.38,2.7566666666666673
2,1,4,0.0,0.0,3.0766666666666667
3,1,4,7.68,2.87,3.254583333333333
4,1,4,7.140000000000001,5.43,3.0283333333333338
5,1,4,0.0,0.0,3.1629166666666673
6,1,4,3.23,15.26,2.5270833333333336
7,1,4,0.0,12.17,2.195416666666667
8,1,4,4.21,0.0,2.9354166666666672
9,1,4,17.759999999999998,0.0,3.4062500000000004
10,1,4,11.3,7.17,3.44125
11,1,4,8.01,0.0,3.7287500000000002
12,1,4,6.9,2.44,3.922916666666667
13,1,4,7.1000000000000005,3.98,3.877916666666667
14,1,4,2.9,3.47,3.733333333333334
15,1,4,0.0,0.0,3.733333333333334
16,1,4,0.0,0.0,3.8833333333333333
17,1,4,3.6,3.56,4.0320833333333335
18,1,4,7.129999999999999,2.24,4.062500000000001
19,1,4,2.97,0.0,4.404583333333334
20,1,4,8.21,7.57,4.399166666666667
21,1,4,7.44,0.0,4.399166666666667
22,1,4,0.0,0.0,4.399166666666667
23,1,4,0.0,0.0,4.399166666666667
0,2,5,0.0,0.0,4.692083333333334
1,2,5,7.029999999999999,0.0,4.97625
2,2,5,6.82,7.68,4.803333333333334
3,2,5,3.53,7.140000000000001,4.707916666666667
4,2,5,4.85,0.0,4.707916666666667
5,2,5,0.0,3.23,4.751666666666667
6,2,5,4.28,0.0,4.751666666666667
7,2,5,0.0,4.21,4.576250000000001
8,2,5,0.0,17.759999999999998,3.9329166666666673
9,2,5,2.32,11.3,3.721250000000001
10,2,5,6.220000000000001,8.01,3.3875000000000006
11,2,5,0.0,6.9,3.1
12,2,5,0.0,7.1000000000000005,2.804166666666667
13,2,5,0.0,2.9,3.06625
14,2,5,9.19,0.0,3.7191666666666667
15,2,5,15.67,0.0,4.104166666666667
16,2,5,9.24,3.6,4.380416666666667
17,2,5,10.23,7.129999999999999,4.083333333333334
18,2,5,0.0,2.97,4.300416666666667
19,2,5,8.18,8.21,4.254583333333334
20,2,5,7.109999999999999,7.44,4.034166666666667
21,2,5,2.15,0.0,4.5125
22,2,5,11.48,0.0,4.824583333333334
23,2,5,7.49,0.0,5.179583333333333
0,3,6,8.52,7.029999999999999,5.1775
1,3,6,6.98,6.82,4.8933333333333335
2,3,6,0.0,3.53,4.928333333333334
3,3,6,4.37,4.85,4.89125
4,3,6,3.96,0.0,4.89125
5,3,6,0.0,4.28,4.712916666666667
6,3,6,0.0,0.0,5.027916666666667
7,3,6,7.56,0.0,5.027916666666667
8,3,6,0.0,2.32,4.93125
9,3,6,0.0,6.220000000000001,4.672083333333334
10,3,6,0.0,0.0,5.127916666666667
11,3,6,10.94,0.0,5.127916666666667
12,3,6,0.0,0.0,5.2787500000000005
13,3,6,3.62,9.19,5.093333333333334
14,3,6,4.74,15.67,4.440416666666667
15,3,6,0.0,9.24,4.257083333333334
16,3,6,4.84,10.23,4.086666666666667
17,3,6,6.14,0.0,4.322916666666667
18,3,6,5.67,8.18,4.234583333333333
19,3,6,6.0600000000000005,7.109999999999999,4.2283333333333335
20,3,6,6.96,2.15,4.227083333333334
21,3,6,2.12,11.48,4.007083333333333
22,3,6,6.199999999999999,7.49,3.9912500000000004
23,3,6,7.109999999999999,8.52,3.63625
0,4,0,0.0,6.98,3.3454166666666665
1,4,0,0.0,0.0,3.3454166666666665
2,4,0,0.0,4.37,3.1633333333333336
3,4,0,0.0,3.96,3.325833333333333
4,4,0,7.859999999999999,0.0,3.8195833333333336
5,4,0,11.85,0.0,3.9654166666666666
6,4,0,3.5,7.56,3.9362500000000007
7,4,0,6.86,0.0,4.392916666666667
8,4,0,10.96,0.0,4.6475
9,4,0,6.11,0.0,4.885000000000001
10,4,0,5.699999999999999,10.94,4.669166666666667
11,4,0,5.76,0.0,4.962083333333333
12,4,0,7.03,3.62,4.930416666666667
13,4,0,2.86,4.74,4.87125
14,4,0,3.32,0.0,5.0529166666666665
15,4,0,4.36,4.84,5.052916666666667
16,4,0,4.84,6.14,4.797083333333334
17,4,0,0.0,5.67,5.085416666666667
18,4,0,12.59,6.0600000000000005,4.832916666666667
19,4,0,0.0,6.96,4.542916666666668
20,4,0,0.0,2.12,4.8829166666666675
21,4,0,10.28,6.199999999999999,5.097083333333333
22,4,0,11.34,7.109999999999999,5.145416666666667
23,4,0,8.27,0.0,5.2475
0,5,1,2.45,0.0,5.41
1,5,1,3.9,0.0,5.545416666666667
2,5,1,3.25,0.0,5.659166666666667
3,5,1,2.73,7.859999999999999,5.331666666666667
4,5,1,0.0,11.85,5.1762500000000005
5,5,1,8.120000000000001,3.5,5.339583333333334
6,5,1,7.42,6.86,5.05375
7,5,1,0.0,10.96,5.1241666666666665
8,5,1,12.65,6.11,5.206666666666667
9,5,1,8.09,5.699999999999999,5.142916666666667
10,5,1,4.17,5.76,5.0525
11,5,1,3.59,7.03,5.026666666666667
12,5,1,6.41,2.86,5.065
13,5,1,3.78,3.32,5.085416666666666
14,5,1,3.81,4.36,5.339166666666667
15,5,1,10.45,4.84,5.5325
16,5,1,9.48,0.0,5.699166666666667
17,5,1,4.0,12.59,5.312500000000001
18,5,1,3.31,0.0,5.435
19,5,1,2.94,0.0,5.733333333333334
20,5,1,7.16,10.28,5.305000000000001
21,5,1,0.0,11.34,4.8325000000000005
22,5,1,0.0,8.27,4.674166666666667
23,5,1,4.47,2.45,4.6825
0,6,2,2.65,3.9,4.680833333333333
1,6,2,3.86,3.25,4.681666666666667
2,6,2,3.27,2.73,4.567916666666667
3,6,2,0.0,0.0,4.567916666666667
4,6,2,0.0,8.120000000000001,4.322500000000001
5,6,2,2.23,7.42,4.013333333333334
6,6,2,0.0,0.0,4.2175
7,6,2,4.9,12.65,3.85125
8,6,2,3.86,8.09,3.8400000000000003
9,6,2,7.82,4.17,3.6662500000000002
10,6,2,0.0,3.59,3.6875
11,6,2,4.1,6.41,3.4204166666666667
12,6,2,0.0,3.78,3.755416666666667
13,6,2,11.82,3.81,3.89625
14,6,2,7.19,10.45,3.9725
15,6,2,12.28,9.48,3.741666666666667
16,6,2,3.94,4.0,3.923333333333334
17,6,2,8.36,3.31,4.2
18,6,2,9.95,2.94,4.2725
19,6,2,4.68,7.16,3.9741666666666666
20,6,2,0.0,0.0,4.2675
21,6,2,7.04,0.0,4.60125
22,6,2,8.01,4.47,4.531666666666667
23,6,2,2.8,2.65,4.421250000000001
0,7,3,0.0,3.86,4.260416666666667
1,7,3,0.0,3.27,4.1241666666666665
2,7,3,0.0,0.0,4.232916666666667
3,7,3,2.61,0.0,4.819166666666667
4,7,3,14.07,2.23,4.855416666666668
5,7,3,3.1,0.0,4.855416666666668
6,7,3,0.0,4.9,4.747083333333333
7,7,3,2.3,3.86,4.586250000000001
8,7,3,0.0,7.82,4.260416666666667
9,7,3,0.0,0.0,4.5375000000000005
10,7,3,6.65,4.1,4.496250000000001
11,7,3,3.11,0.0,4.6000000000000005
12,7,3,2.49,11.82,4.2995833333333335
13,7,3,4.61,7.19,4.326666666666667
14,7,3,7.84,12.28,3.815
15,7,3,0.0,3.94,3.7775
16,7,3,3.04,8.36,3.5691666666666664
17,7,3,3.36,9.95,3.330833333333334
18,7,3,4.23,4.68,3.407083333333334
19,7,3,6.51,0.0,3.8325
20,7,3,10.21,7.04,3.539166666666667
21,7,3,0.0,8.01,3.3008333333333337
22,7,3,2.29,2.8,3.2979166666666675
23,7,3,2.73,0.0,3.4041666666666672
0,8,4,2.55,0.0,3.4041666666666672
1,8,4,0.0,0.0,3.4041666666666672
2,8,4,0.0,2.61,3.2954166666666675
3,8,4,0.0,14.07,2.709166666666667
4,8,4,0.0,3.1,2.9354166666666672
5,8,4,8.53,0.0,3.035416666666667
6,8,4,2.4,2.3,2.9395833333333337
7,8,4,0.0,0.0,3.260833333333334
8,8,4,7.710000000000001,0.0,3.3991666666666673
9,8,4,3.32,6.65,3.2987500000000005
10,8,4,4.24,3.11,3.5100000000000002
11,8,4,8.18,2.49,3.4062500000000004
12,8,4,0.0,4.61,3.4104166666666678
13,8,4,4.71,7.84,3.228333333333334
14,8,4,3.47,0.0,3.3770833333333337
15,8,4,3.57,3.04,3.3808333333333334
16,8,4,3.13,3.36,3.2408333333333332
17,8,4,0.0,4.23,3.064583333333333
18,8,4,0.0,6.51,2.7933333333333334
19,8,4,0.0,10.21,2.8816666666666664
20,8,4,12.33,0.0,2.9691666666666667
21,8,4,2.1,2.29,3.2320833333333336
22,8,4,8.6,2.73,3.2762500000000006
23,8,4,3.79,2.55,3.3558333333333334
0,9,5,4.46,0.0,3.3558333333333334
1,9,5,0.0,0.0,3.3558333333333334
2,9,5,0.0,0.0,3.4487500000000004
3,9,5,2.23,0.0,3.4487500000000004
4,9,5,0.0,8.53,3.380416666666667
5,9,5,6.89,2.4,3.6879166666666667
6,9,5,9.78,0.0,3.6879166666666667
7,9,5,0.0,7.710000000000001,3.6370833333333334
8,9,5,6.49,3.32,3.609166666666667
9,9,5,2.65,4.24,3.69
10,9,5,6.18,8.18,3.3491666666666666
11,9,5,0.0,0.0,3.54125
12,9,5,4.61,4.71,3.7304166666666667
13,9,5,9.25,3.47,3.86375
14,9,5,6.67,3.57,4.114999999999999
15,9,5,9.6,3.13,4.315
16,9,5,7.93,0.0,4.4225
17,9,5,2.58,0.0,4.4225
18,9,5,0.0,0.0,4.607083333333334
19,9,5,4.43,12.33,4.20625
20,9,5,2.71,2.1,4.11875
21,9,5,0.0,8.6,3.9012499999999997
22,9,5,3.38,3.79,3.7433333333333336
23,9,5,0.0,4.46,3.5574999999999997
0,10,6,0.0,0.0,3.5574999999999997
1,10,6,0.0,0.0,3.5574999999999997
2,10,6,0.0,2.23,3.5783333333333336
3,10,6,2.73,0.0,3.5783333333333336
4,10,6,0.0,6.89,3.2912500000000002
5,10,6,0.0,9.78,3.1629166666666673
6,10,6,6.7,0.0,3.365
7,10,6,4.85,6.49,3.265
8,10,6,4.09,2.65,3.1545833333333335
9,10,6,0.0,6.18,3.0904166666666666
10,10,6,4.64,0.0,3.3937500000000003
11,10,6,7.279999999999999,4.61,3.3783333333333334
12,10,6,4.24,9.25,2.9929166666666664
13,10,6,0.0,6.67,2.715
14,10,6,0.0,9.6,2.5137500000000004
15,10,6,4.77,7.93,2.3070833333333334
16,10,6,2.97,2.58,2.1995833333333334
17,10,6,0.0,0.0,2.340416666666667
18,10,6,3.38,4.43,2.1558333333333337
19,10,6,0.0,2.71,2.3425000000000002
20,10,6,7.19,0.0,2.568333333333334
21,10,6,5.42,3.38,2.80875
22,10,6,9.15,0.0,2.9637500000000006
23,10,6,3.72,0.0,2.9637500000000006
0,11,0,0.0,0.0,3.126666666666667
1,11,0,3.91,0.0,3.2137500000000006
2,11,0,2.09,2.73,3.3275
3,11,0,5.46,0.0,3.74375
4,11,0,9.99,0.0,3.9916666666666667
5,11,0,5.95,6.7,3.7125000000000004
6,11,0,0.0,4.85,3.9275
7,11,0,10.01,4.09,4.206666666666667
8,11,0,10.79,0.0,4.206666666666667
9,11,0,0.0,4.64,4.013333333333334
10,11,0,0.0,7.279999999999999,4.03375
11,11,0,7.77,4.24,4.37375
12,11,0,12.4,0.0,4.470416666666667
13,11,0,2.32,0.0,5.01375
14,11,0,13.04,4.77,5.087916666666667
15,11,0,6.55,2.97,5.241666666666667
16,11,0,6.66,0.0,5.327083333333333
17,11,0,2.05,3.38,5.3075
18,11,0,2.91,0.0,5.502083333333334
19,11,0,4.67,7.19,5.615000000000001
20,11,0,9.9,5.42,5.509166666666666
21,11,0,2.88,9.15,5.127916666666667
22,11,0,0.0,3.72,5.0625
23,11,0,2.15,0.0,5.445
0,12,1,9.18,3.91,5.56625
1,12,1,6.82,2.09,5.479166666666667
2,12,1,0.0,5.46,5.62375
3,12,1,8.93,9.99,5.57
4,12,1,8.7,5.95,5.468333333333334
5,12,1,3.51,0.0,5.6312500000000005
6,12,1,3.91,10.01,5.403333333333333
7,12,1,4.54,10.79,4.95375
8,12,1,0.0,0.0,4.95375
9,12,1,0.0,0.0,5.0616666666666665
10,12,1,2.59,7.77,5.0183333333333335
11,12,1,6.73,12.4,4.501666666666667
12,12,1,0.0,2.32,4.405
13,12,1,0.0,13.04,4.020833333333333
14,12,1,3.82,6.55,3.9670833333333335
15,12,1,5.26,6.66,3.9895833333333335
16,12,1,7.199999999999999,2.05,3.904166666666667
17,12,1,0.0,2.91,4.0562499999999995
18,12,1,6.5600000000000005,4.67,3.861666666666667
19,12,1,0.0,9.9,3.6225
20,12,1,4.16,2.88,3.6558333333333337
21,12,1,3.68,0.0,3.795833333333334
22,12,1,3.36,2.15,3.7062500000000003
23,12,1,0.0,9.18,3.6100000000000008
0,13,2,6.87,6.82,3.3258333333333336
1,13,2,0.0,0.0,3.76625
2,13,2,10.57,8.93,3.5820833333333337
3,13,2,4.51,8.7,3.670833333333334
4,13,2,10.83,3.51,3.6858333333333335
5,13,2,3.87,3.91,3.689166666666667
6,13,2,3.99,4.54,3.6391666666666667
7,13,2,3.34,0.0,3.9433333333333334
8,13,2,7.300000000000001,0.0,4.315416666666667
9,13,2,8.93,2.59,4.324166666666668
10,13,2,2.8,6.73,4.04375
11,13,2,0.0,0.0,4.192916666666667
12,13,2,3.58,0.0,4.3187500000000005
13,13,2,3.02,3.82,4.159583333333333
14,13,2,0.0,5.26,4.040416666666667
15,13,2,2.4,7.199999999999999,3.740416666666667
16,13,2,0.0,0.0,4.244583333333334
17,13,2,12.1,6.5600000000000005,4.1033333333333335
18,13,2,3.17,0.0,4.269166666666667
19,13,2,3.98,4.16,4.095833333333334
20,13,2,0.0,3.68,3.9425000000000003
21,13,2,0.0,3.36,3.8025
22,13,2,0.0,0.0,3.99875
23,13,2,4.71,6.87,4.065416666666667
0,14,3,8.47,0.0,4.065416666666667
1,14,3,0.0,10.57,3.9320833333333334
2,14,3,7.37,4.51,3.8733333333333335
3,14,3,3.1,10.83,3.422083333333333
